banda_nm;grupo;representante;banda_representante_nm;r_abs_com_representante;r_abs_min_grupo;r_abs_medio_grupo;q_condicao
400;0;False;404;0.9972780942843047;0.9948416583565911;0.9985179148863172;6.328882578377402e-11
401;0;False;404;0.9988124777122697;0.9948416583565911;0.9985179148863172;6.328882578377402e-11
402;0;False;404;0.9995330253444856;0.9948416583565911;0.9985179148863172;6.328882578377402e-11
403;0;False;404;0.9998785518901063;0.9948416583565911;0.9985179148863172;6.328882578377402e-11
404;0;True;404;0.9999999999999993;0.9948416583565911;0.9985179148863172;6.328882578377402e-11
405;0;False;404;0.9999111159986931;0.9948416583565911;0.9985179148863172;6.328882578377402e-11
406;0;False;404;0.999678896535819;0.9948416583565911;0.9985179148863172;6.328882578377402e-11
407;0;False;404;0.9992639710702593;0.9948416583565911;0.9985179148863172;6.328882578377402e-11
408;0;False;404;0.9988172822528805;0.9948416583565911;0.9985179148863172;6.328882578377402e-11
409;0;False;404;0.9983541779217477;0.9948416583565911;0.9985179148863172;6.328882578377402e-11
410;1;False;414;0.9984789625181769;0.9964531813532576;0.9987010746511722;6.328882578377402e-11
411;1;False;414;0.9988765382537519;0.9964531813532576;0.9987010746511722;6.328882578377402e-11
412;1;False;414;0.9992948002058474;0.9964531813532576;0.9987010746511722;6.328882578377402e-11
413;1;False;414;0.9997633763748988;0.9964531813532576;0.9987010746511722;6.328882578377402e-11
414;1;True;414;0.9999999999999996;0.9964531813532576;0.9987010746511722;6.328882578377402e-11
415;1;False;414;0.999819963186541;0.9964531813532576;0.9987010746511722;6.328882578377402e-11
416;1;False;414;0.9995247508578766;0.9964531813532576;0.9987010746511722;6.328882578377402e-11
417;1;False;414;0.9992387472320505;0.9964531813532576;0.9987010746511722;6.328882578377402e-11
418;1;False;414;0.9989443356601544;0.9964531813532576;0.9987010746511722;6.328882578377402e-11
419;1;False;414;0.9986461872233384;0.9964531813532576;0.9987010746511722;6.328882578377402e-11
420;2;False;425;0.9991782900960267;0.9981642651081448;0.9993945270469536;6.328882578377402e-11
421;2;False;425;0.9994058384777507;0.9981642651081448;0.9993945270469536;6.328882578377402e-11
422;2;False;425;0.9995641213989966;0.9981642651081448;0.9993945270469536;6.328882578377402e-11
423;2;False;425;0.9997470943206062;0.9981642651081448;0.9993945270469536;6.328882578377402e-11
424;2;False;425;0.9999056441607748;0.9981642651081448;0.9993945270469536;6.328882578377402e-11
425;2;True;425;1.0;0.9981642651081448;0.9993945270469536;6.328882578377402e-11
426;2;False;425;0.999908713728388;0.9981642651081448;0.9993945270469536;6.328882578377402e-11
427;2;False;425;0.9997316130230808;0.9981642651081448;0.9993945270469536;6.328882578377402e-11
428;2;False;425;0.9995844072371327;0.9981642651081448;0.9993945270469536;6.328882578377402e-11
429;2;False;425;0.9994055715588279;0.9981642651081448;0.9993945270469536;6.328882578377402e-11
430;3;False;435;0.9993443136660347;0.9985678465194836;0.999565346260276;6.328882578377402e-11
431;3;False;435;0.9995491739393175;0.9985678465194836;0.999565346260276;6.328882578377402e-11
432;3;False;435;0.999711994482252;0.9985678465194836;0.999565346260276;6.328882578377402e-11
433;3;False;435;0.9998381136732954;0.9985678465194836;0.999565346260276;6.328882578377402e-11
434;3;False;435;0.9999403436207444;0.9985678465194836;0.999565346260276;6.328882578377402e-11
435;3;True;435;0.9999999999999998;0.9985678465194836;0.999565346260276;6.328882578377402e-11
436;3;False;435;0.9999403436207444;0.9985678465194836;0.999565346260276;6.328882578377402e-11
437;3;False;435;0.9998567979978947;0.9985678465194836;0.999565346260276;6.328882578377402e-11
438;3;False;435;0.9997278761581609;0.9985678465194836;0.999565346260276;6.328882578377402e-11
439;3;False;435;0.9995969524265063;0.9985678465194836;0.999565346260276;6.328882578377402e-11
440;4;False;444;0.9994744366409215;0.9982947884614151;0.9995317085444662;6.328882578377402e-11
441;4;False;444;0.9996397929136226;0.9982947884614151;0.9995317085444662;6.328882578377402e-11
442;4;False;444;0.9998261023217674;0.9982947884614151;0.9995317085444662;6.328882578377402e-11
443;4;False;444;0.9999476838911229;0.9982947884614151;0.9995317085444662;6.328882578377402e-11
444;4;True;444;0.9999999999999998;0.9982947884614151;0.9995317085444662;6.328882578377402e-11
445;4;False;444;0.9999434131883571;0.9982947884614151;0.9995317085444662;6.328882578377402e-11
446;4;False;444;0.9998494577275159;0.9982947884614151;0.9995317085444662;6.328882578377402e-11
447;4;False;444;0.999762175239747;0.9982947884614151;0.9995317085444662;6.328882578377402e-11
448;4;False;444;0.9996045596158074;0.9982947884614151;0.9995317085444662;6.328882578377402e-11
449;4;False;444;0.9994026354506766;0.9982947884614151;0.9995317085444662;6.328882578377402e-11
450;5;False;454;0.9995426344257081;0.9986784844130023;0.9996450541821688;6.328882578377402e-11
451;5;False;454;0.9997157313471716;0.9986784844130023;0.9996450541821688;6.328882578377402e-11
452;5;False;454;0.9998662736196552;0.9986784844130023;0.9996450541821688;6.328882578377402e-11
453;5;False;454;0.999961029837265;0.9986784844130023;0.9996450541821688;6.328882578377402e-11
454;5;True;454;0.9999999999999999;0.9986784844130023;0.9996450541821688;6.328882578377402e-11
455;5;False;454;0.9999677028103359;0.9986784844130023;0.9996450541821688;6.328882578377402e-11
456;5;False;454;0.9999063114580822;0.9986784844130023;0.9996450541821688;6.328882578377402e-11
457;5;False;454;0.9998115552404729;0.9986784844130023;0.9996450541821688;6.328882578377402e-11
458;5;False;454;0.9997098591308693;0.9986784844130023;0.9996450541821688;6.328882578377402e-11
459;5;False;454;0.9995961516697383;0.9986784844130023;0.9996450541821688;6.328882578377402e-11
460;6;False;465;0.9996507365894596;0.9991106261490861;0.9997616621622614;6.328882578377402e-11
461;6;False;465;0.9997828614562669;0.9991106261490861;0.9997616621622614;6.328882578377402e-11
462;6;False;465;0.9998644051871953;0.9991106261490861;0.9997616621622614;6.328882578377402e-11
463;6;False;465;0.999926330377295;0.9991106261490861;0.9997616621622614;6.328882578377402e-11
464;6;False;465;0.9999674358914128;0.9991106261490861;0.9997616621622614;6.328882578377402e-11
465;6;True;465;1.0;0.9991106261490861;0.9997616621622614;6.328882578377402e-11
466;6;False;465;0.9999603625399576;0.9991106261490861;0.9997616621622614;6.328882578377402e-11
467;6;False;465;0.9999060445391587;0.9991106261490861;0.9997616621622614;6.328882578377402e-11
468;6;False;465;0.9998411832409078;0.9991106261490861;0.9997616621622614;6.328882578377402e-11
469;6;False;465;0.9997581714559036;0.9991106261490861;0.9997616621622614;6.328882578377402e-11
470;7;False;474;0.9997855306454952;0.9992717117190221;0.9998069049196834;6.328882578377402e-11
471;7;False;474;0.9998781515117217;0.9992717117190221;0.9998069049196834;6.328882578377402e-11
472;7;False;474;0.9999348717828263;0.9992717117190221;0.9998069049196834;6.328882578377402e-11
473;7;False;474;0.9999770449726356;0.9992717117190221;0.9998069049196834;6.328882578377402e-11
474;7;True;474;1.0;0.9992717117190221;0.9998069049196834;6.328882578377402e-11
475;7;False;474;0.9999765111347896;0.9992717117190221;0.9998069049196834;6.328882578377402e-11
476;7;False;474;0.9999444808640483;0.9992717117190221;0.9998069049196834;6.328882578377402e-11
477;7;False;474;0.9998901628632502;0.9992717117190221;0.9998069049196834;6.328882578377402e-11
478;7;False;474;0.9998214312406181;0.9992717117190221;0.9998069049196834;6.328882578377402e-11
479;7;False;474;0.9997434909151479;0.9992717117190221;0.9998069049196834;6.402156011865929e-11
480;8;False;482;0.9999490184857369;0.999158271176813;0.9997612736469405;6.496461214530716e-11
481;8;False;482;0.9999795807024028;0.999158271176813;0.9997612736469405;6.496461214530716e-11
482;8;True;482;1.0;0.999158271176813;0.9997612736469405;6.496461214530716e-11
483;8;False;482;0.9999761107564058;0.999158271176813;0.9997612736469405;6.796316277972011e-11
484;8;False;482;0.9999355390801339;0.999158271176813;0.9997612736469405;7.184201608176076e-11
485;8;False;482;0.9998629371331205;0.999158271176813;0.9997612736469405;7.620898814523923e-11
486;8;False;482;0.9997608406451325;0.999158271176813;0.9997612736469405;7.620898814523923e-11
487;8;False;482;0.9996582103192988;0.999158271176813;0.9997612736469405;7.620898814523923e-11
488;8;False;482;0.9995212809118805;0.999158271176813;0.9997612736469405;7.620898814523923e-11
489;8;False;482;0.9993860864774602;0.999158271176813;0.9997612736469405;7.620898814523923e-11
490;9;True;490;0.9999999999999998;0.9984844343560957;0.9996219805241716;8.184712331529104e-11
491;9;False;490;0.9999658343778757;0.9984844343560957;0.9996219805241716;8.792465728991556e-11
492;9;False;490;0.9999089806473095;0.9984844343560957;0.9996219805241716;8.792465728991556e-11
493;9;False;490;0.9998245008082305;0.9984844343560957;0.9996219805241716;8.792465728991556e-11
494;9;False;490;0.9997214701040124;0.9984844343560957;0.9996219805241716;9.303497142937107e-11
495;9;False;490;0.9995857418317469;0.9984844343560957;0.9996219805241716;1.1287625537139937e-10
496;9;False;490;0.9993944944235296;0.9984844343560957;0.9996219805241716;1.1287625537139937e-10
497;9;False;490;0.9991481282577451;0.9984844343560957;0.9996219805241716;1.5647002668879876e-10
498;9;False;490;0.9988768051726752;0.9984844343560957;0.9996219805241716;1.6933653006813772e-10
499;9;False;490;0.9984844343560957;0.9984844343560957;0.9996219805241716;2.0055239344814647e-10
500;10;True;500;1.0;0.9903994601831702;0.9976006806313904;2.553619504446834e-10
501;10;False;500;0.9999120502149234;0.9903994601831702;0.9976006806313904;2.7773988552964144e-10
502;10;False;500;0.9996930432387309;0.9903994601831702;0.9976006806313904;3.29001195240659e-10
503;10;False;500;0.9992590330701867;0.9903994601831702;0.9976006806313904;5.362994545841738e-10
504;10;False;500;0.9986662061425521;0.9903994601831702;0.9976006806313904;6.812240545855587e-10
505;10;False;500;0.9978129998056829;0.9903994601831702;0.9976006806313904;6.337798356955377e-10
506;10;False;500;0.9966858011945154;0.9903994601831702;0.9976006806313904;8.745615183831701e-10
507;10;False;500;0.9950112853320582;0.9903994601831702;0.9976006806313904;9.475699513142999e-10
508;10;False;500;0.993038354113861;0.9903994601831702;0.9976006806313904;1.115602413248453e-09
509;10;False;500;0.9903994601831702;0.9903994601831702;0.9976006806313904;1.4258287515609341e-09
510;11;True;510;0.9999999999999998;0.9643986209900772;0.9912078241410015;1.6760914329460252e-09
511;11;False;510;0.9995940163183556;0.9643986209900772;0.9912078241410015;3.762467974890079e-09
512;11;False;510;0.9986483225747211;0.9643986209900772;0.9912078241410015;4.07193816636911e-09
513;11;False;510;0.9967042186001913;0.9643986209900772;0.9912078241410015;1.1137369172312454e-08
514;11;False;510;0.9940525125612043;0.9643986209900772;0.9912078241410015;2.2093950702670035e-08
515;11;False;510;0.9905305173742861;0.9643986209900772;0.9912078241410015;2.376046221068656e-08
516;11;False;510;0.985799646385811;0.9643986209900772;0.9912078241410015;2.2093950702670035e-08
517;11;False;510;0.9794265567245415;0.9643986209900772;0.9912078241410015;2.5549403349031376e-08
518;11;False;510;0.9719780507231365;0.9643986209900772;0.9912078241410015;3.1196724401796255e-08
519;11;False;510;0.9643986209900772;0.9643986209900772;0.9912078241410015;6.63875810381384e-08
520;12;True;520;0.9999999999999997;0.962617070639559;0.9912879116809178;8.218145279715259e-08
521;12;False;520;0.9987847181442945;0.962617070639559;0.9912879116809178;1.800824802814131e-07
522;12;False;520;0.9962010764306319;0.962617070639559;0.9912879116809178;4.049881537250934e-07
523;12;False;520;0.993013931032421;0.962617070639559;0.9912879116809178;7.915388804365523e-07
524;12;False;520;0.9892810698964568;0.962617070639559;0.9912879116809178;1.3369332260632525e-06
525;12;False;520;0.9848471462096442;0.962617070639559;0.9912879116809178;1.62888290543476e-06
526;12;False;520;0.9796112646191495;0.962617070639559;0.9912879116809178;1.7355634880298171e-06
527;12;False;520;0.9746118731942935;0.962617070639559;0.9912879116809178;2.383334318262168e-06
528;12;False;520;0.9687519351621905;0.962617070639559;0.9912879116809178;4.406372867010968e-06
529;12;False;520;0.962617070639559;0.962617070639559;0.9912879116809178;6.241698277343003e-06
530;13;True;530;1.0;0.9925091873493243;0.9981589534215799;9.270000799960424e-06
531;13;False;530;0.9997194682120913;0.9925091873493243;0.9981589534215799;1.563089567965061e-05
532;13;False;530;0.9991621415011946;0.9925091873493243;0.9981589534215799;2.1021286358404092e-05
533;13;False;530;0.9983788679221105;0.9925091873493243;0.9981589534215799;4.225295246466006e-05
534;13;False;530;0.9975183213148637;0.9925091873493243;0.9981589534215799;7.447752397634228e-05
535;13;False;530;0.9965256498408095;0.9925091873493243;0.9981589534215799;0.0001360417447993
536;13;False;530;0.9955399182587485;0.9925091873493243;0.9981589534215799;0.0002180334310307
537;13;False;530;0.9944674380267643;0.9925091873493243;0.9981589534215799;0.0003316897240852
538;13;False;530;0.993523212337206;0.9925091873493243;0.9981589534215799;0.0004985311962021
539;13;False;530;0.9925091873493243;0.9925091873493243;0.9981589534215799;0.0004931605713091
540;14;False;549;0.9977967177513892;0.9977967177513892;0.9994548447919847;0.0003262263841058
541;14;False;549;0.9983460368946013;0.9977967177513892;0.9994548447919847;0.00019382216008
542;14;False;549;0.9987704379819224;0.9977967177513892;0.9994548447919847;0.0001304228703005
543;14;False;549;0.9991100923112406;0.9977967177513892;0.9994548447919847;8.910569363223191e-05
544;14;False;549;0.9993780789097748;0.9977967177513892;0.9994548447919847;7.120687748852018e-05
545;14;False;549;0.999598954318428;0.9977967177513892;0.9994548447919847;4.425573139440929e-05
546;14;False;549;0.9997524326990632;0.9977967177513892;0.9994548447919847;2.875288267267214e-05
547;14;False;549;0.9998784184306448;0.9977967177513892;0.9994548447919847;2.1817595716597885e-05
548;14;False;549;0.9999579602696521;0.9977967177513892;0.9994548447919847;1.70592679645671e-05
549;14;True;549;0.9999999999999998;0.9977967177513892;0.9994548447919847;1.376826120503598e-05
550;15;False;555;0.999716932482325;0.9987425449544851;0.9996537853967117;9.45284162771918e-06
551;15;False;555;0.9997919366996438;0.9987425449544851;0.9996537853967117;9.45284162771918e-06
552;15;False;555;0.9998693431872683;0.9987425449544851;0.9996537853967117;9.45284162771918e-06
553;15;False;555;0.999927398052987;0.9987425449544851;0.9996537853967117;9.45284162771918e-06
554;15;False;555;0.9999685035671044;0.9987425449544851;0.9996537853967117;9.45284162771918e-06
555;15;True;555;1.0;0.9987425449544851;0.9996537853967117;9.45284162771918e-06
556;15;False;555;0.9999591614048053;0.9987425449544851;0.9996537853967117;9.45284162771918e-06
557;15;False;555;0.9998652059439643;0.9987425449544851;0.9996537853967117;9.45284162771918e-06
558;15;False;555;0.9996808984277408;0.9987425449544851;0.9996537853967117;1.1539990005395146e-05
559;15;False;555;0.9993799473422349;0.9987425449544851;0.9996537853967117;1.4601089394436469e-05
560;16;True;560;0.9999999999999994;0.9871898935954404;0.9966897693891683;1.994993729894382e-05
561;16;False;560;0.9998449201058277;0.9871898935954404;0.9966897693891683;2.875288267267214e-05
562;16;False;560;0.9994337315051878;0.9871898935954404;0.9966897693891683;6.091243831879968e-05
563;16;False;560;0.9986269690608937;0.9871898935954404;0.9966897693891683;0.0001165020281575
564;16;False;560;0.9974254335297139;0.9871898935954404;0.9966897693891683;0.0002297862048221
565;16;False;560;0.9959887424275098;0.9871898935954404;0.9966897693891683;0.0003603392882322
566;16;False;560;0.9942843316456931;0.9871898935954404;0.9966897693891683;0.000562202408658
567;16;False;560;0.9923214098871038;0.9871898935954404;0.9966897693891683;0.0005940178058327
568;16;False;560;0.9899175380679763;0.9871898935954404;0.9966897693891683;0.0006393441655131
569;16;False;560;0.9871898935954404;0.9871898935954404;0.9966897693891683;0.0003487920217553
570;17;False;579;0.9878011379287519;0.9878011379287519;0.9968618579502572;0.0002424288767984
571;17;False;579;0.9904009282372466;0.9878011379287519;0.9968618579502572;0.0001595726467144
572;17;False;579;0.9925102550250162;0.9878011379287519;0.9968618579502572;0.0001289007896924
573;17;False;579;0.9945719367850581;0.9878011379287519;0.9968618579502572;7.868944560474998e-05
574;17;False;579;0.9963494833517332;0.9878011379287519;0.9968618579502572;5.9519815284314456e-05
575;17;False;579;0.9977617513724975;0.9878011379287519;0.9968618579502572;4.0015549332235627e-05
576;17;False;579;0.9988092746851962;0.9878011379287519;0.9968618579502572;2.5138588431437503e-05
577;17;False;579;0.9994971247493631;0.9878011379287519;0.9968618579502572;2.1021286358404092e-05
578;17;False;579;0.9998613356195825;0.9878011379287519;0.9968618579502572;1.563089567965061e-05
579;17;True;579;0.9999999999999998;0.9878011379287519;0.9968618579502572;1.0343657042911488e-05
580;18;False;585;0.9984678853828792;0.9963727052980202;0.9990766088152523;9.270000799960424e-06
581;18;False;585;0.9989942494987264;0.9963727052980202;0.9990766088152523;9.776665925022412e-06
582;18;False;585;0.9994187840455087;0.9963727052980202;0.9990766088152523;8.259997788668341e-06
583;18;False;585;0.9997200020499376;0.9963727052980202;0.9990766088152523;8.259997788668341e-06
584;18;False;585;0.99990898064731;0.9963727052980202;0.9990766088152523;8.259997788668341e-06
585;18;True;585;0.9999999999999994;0.9963727052980202;0.9990766088152523;7.845361927107181e-06
586;18;False;585;0.999924195025912;0.9963727052980202;0.9990766088152523;9.776665925022412e-06
587;18;False;585;0.9997896678887992;0.9963727052980202;0.9990766088152523;9.776665925022412e-06
588;18;False;585;0.9995781346424459;0.9963727052980202;0.9990766088152523;9.776665925022412e-06
589;18;False;585;0.9993424452335751;0.9963727052980202;0.9990766088152523;9.776665925022412e-06
590;19;False;598;0.9989428676060789;0.9986951668456803;0.9996640083914564;9.776665925022412e-06
591;19;False;598;0.9991892337718631;0.9986951668456803;0.9996640083914564;8.788929370138659e-06
592;19;False;598;0.9993748758827006;0.9986951668456803;0.9996640083914564;8.259997788668341e-06
593;19;False;598;0.9995609183719223;0.9986951668456803;0.9996640083914564;7.390767263505668e-06
594;19;False;598;0.9997153309687875;0.9986951668456803;0.9996640083914564;7.390767263505668e-06
595;19;False;598;0.9998346437272985;0.9986951668456803;0.9996640083914564;7.390767263505668e-06
596;19;False;598;0.9999116498365389;0.9986951668456803;0.9996640083914564;6.614726738806288e-06
597;19;False;598;0.999966368215722;0.9986951668456803;0.9996640083914564;6.241698277343003e-06
598;19;True;598;1.0;0.9986951668456803;0.9996640083914564;5.90126814686006e-06
599;19;False;598;0.9999659678373374;0.9986951668456803;0.9996640083914564;5.90126814686006e-06
600;20;False;609;0.9970666944974131;0.9970666944974131;0.9992498688538357;5.90126814686006e-06
601;20;False;609;0.9975216578013997;0.9970666944974131;0.9992498688538357;5.90126814686006e-06
602;20;False;609;0.9979624744024753;0.9970666944974131;0.9992498688538357;5.265981353740279e-06
603;20;False;609;0.9984334528418326;0.9970666944974131;0.9992498688538357;4.406372867010968e-06
604;20;False;609;0.9988914857134314;0.9970666944974131;0.9992498688538357;3.4676208157370418e-06
605;20;False;609;0.9992095196099995;0.9970666944974131;0.9992498688538357;2.7023385970556523e-06
606;20;False;609;0.9995040646413571;0.9970666944974131;0.9992498688538357;2.1006713279938385e-06
607;20;False;609;0.9997544345909835;0.9970666944974131;0.9992498688538357;1.62888290543476e-06
608;20;False;609;0.999915653620381;0.9970666944974131;0.9992498688538357;1.1759476683163509e-06
609;20;True;609;0.9999999999999996;0.9970666944974131;0.9992498688538357;9.635588437901346e-07
610;21;False;619;0.9968572966024427;0.9968572966024427;0.9991954470512339;6.487860085812918e-07
611;21;False;619;0.9975786449914263;0.9968572966024427;0.9991954470512339;5.677775648221031e-07
612;21;False;619;0.9982217861360181;0.9968572966024427;0.9991954470512339;5.305841442486243e-07
613;21;False;619;0.998709046629668;0.9968572966024427;0.9991954470512339;4.619646786211081e-07
614;21;False;619;0.999108357338242;0.9968572966024427;0.9991954470512339;3.778335896285431e-07
615;21;False;619;0.999423988964504;0.9968572966024427;0.9991954470512339;3.778335896285431e-07
616;21;False;619;0.999684234914276;0.9968572966024427;0.9991954470512339;3.527385853804629e-07
617;21;False;619;0.9998649390250409;0.9968572966024427;0.9991954470512339;3.3009722520864297e-07
618;21;False;619;0.999949685783044;0.9968572966024427;0.9991954470512339;3.3009722520864297e-07
619;21;True;619;0.9999999999999998;0.9968572966024427;0.9991954470512339;2.874747738036917e-07
620;22;False;621;0.9999655674589532;0.9995162094523461;0.9998736316846284;2.693664972468001e-07
621;22;True;621;0.9999999999999999;0.9995162094523461;0.9998736316846284;2.534730069371564e-07
622;22;False;621;0.999967836269797;0.9995162094523461;0.9998736316846284;2.693664972468001e-07
623;22;False;621;0.999925396161065;0.9995162094523461;0.9998736316846284;2.693664972468001e-07
624;22;False;621;0.9998890951875583;0.9995162094523461;0.9998736316846284;2.693664972468001e-07
625;22;False;621;0.9998442528085203;0.9995162094523461;0.9998736316846284;2.693664972468001e-07
626;22;False;621;0.9997923370780273;0.9995162094523461;0.9998736316846284;2.693664972468001e-07
627;22;False;621;0.9997522992396011;0.9995162094523461;0.9998736316846284;2.693664972468001e-07
628;22;False;621;0.9997018515631835;0.9995162094523461;0.9998736316846284;2.693664972468001e-07
629;22;False;621;0.9996572761030684;0.9995162094523461;0.9998736316846284;2.693664972468001e-07
630;23;False;639;0.9985089908969971;0.9985089908969971;0.9995923525237359;2.693664972468001e-07
631;23;False;639;0.9985994764118409;0.9985089908969971;0.9995923525237359;2.874747738036917e-07
632;23;False;639;0.998730533602957;0.9985089908969971;0.9995923525237359;2.874747738036917e-07
633;23;False;639;0.9988862807944361;0.9985089908969971;0.9995923525237359;2.874747738036917e-07
634;23;False;639;0.9990812650675733;0.9985089908969971;0.9995923525237359;2.874747738036917e-07
635;23;False;639;0.9992965351788461;0.9985089908969971;0.9995923525237359;2.874747738036917e-07
636;23;False;639;0.999535427614791;0.9985089908969971;0.9995923525237359;2.693664972468001e-07
637;23;False;639;0.9997645775100517;0.9985089908969971;0.9995923525237359;2.534730069371564e-07
638;23;False;639;0.999920591620454;0.9985089908969971;0.9995923525237359;2.534730069371564e-07
639;23;True;639;0.9999999999999994;0.9985089908969971;0.9995923525237359;2.216474038445883e-07
640;24;False;649;0.9960810963748141;0.9960810963748141;0.9989677948677065;2.216474038445883e-07
641;24;False;649;0.996850757088833;0.9960810963748141;0.9989677948677065;2.216474038445883e-07
642;24;False;649;0.997550485045067;0.9960810963748141;0.9989677948677065;1.6768387714314921e-07
643;24;False;649;0.9982785064071216;0.9960810963748141;0.9989677948677065;1.57104366345196e-07
644;24;False;649;0.9988418387937825;0.9960810963748141;0.9989677948677065;1.51478921438668e-07
645;24;False;649;0.9992542285295756;0.9960810963748141;0.9989677948677065;1.1779798551688225e-07
646;24;False;649;0.9995982870211206;0.9960810963748141;0.9989677948677065;6.63875810381384e-08
647;24;False;649;0.9998167601594677;0.9960810963748141;0.9989677948677065;4.682281023235541e-08
648;24;False;649;0.9999566256750377;0.9960810963748141;0.9989677948677065;3.1196724401796255e-08
649;24;True;649;0.9999999999999996;0.9960810963748141;0.9989677948677065;2.7432176423301787e-08
650;25;False;659;0.9983108035967861;0.9983108035967861;0.9995761564766514;2.376046221068656e-08
651;25;False;659;0.9986647380884766;0.9983108035967861;0.9995761564766514;1.7624983086912564e-08
652;25;False;659;0.9989181776057163;0.9983108035967861;0.9995761564766514;1.4020496323278777e-08
653;25;False;659;0.999180158528487;0.9983108035967861;0.9995761564766514;1.2027568024317128e-08
654;25;False;659;0.9993908910180713;0.9983108035967861;0.9995761564766514;1.0296493305366898e-08
655;25;False;659;0.9995758658316023;0.9983108035967861;0.9995761564766514;8.783184890936022e-09
656;25;False;659;0.999742556698918;0.9983108035967861;0.9995761564766514;8.104108351370774e-09
657;25;False;659;0.999879352646875;0.9983108035967861;0.9995761564766514;7.509122355181168e-09
658;25;False;659;0.9999615636751107;0.9983108035967861;0.9995761564766514;6.396803036324531e-09
659;25;True;659;0.9999999999999998;0.9983108035967861;0.9995761564766514;5.915630487979928e-09
660;26;False;669;0.9985651773302557;0.9985651773302557;0.9996315540162044;4.660237021286677e-09
661;26;False;669;0.9988622580913806;0.9985651773302557;0.9996315540162044;4.660237021286677e-09
662;26;False;669;0.9991090246355487;0.9985651773302557;0.9996315540162044;4.660237021286677e-09
663;26;False;669;0.9993265635576666;0.9985651773302557;0.9996315540162044;4.660237021286677e-09
664;26;False;669;0.9994815099923766;0.9985651773302557;0.9996315540162044;4.660237021286677e-09
665;26;False;669;0.9996580768598379;0.9985651773302557;0.9996315540162044;4.660237021286677e-09
666;26;False;669;0.999786064483341;0.9985651773302557;0.9996315540162044;4.07193816636911e-09
667;26;False;669;0.9998857587010228;0.9985651773302557;0.9996315540162044;3.4814036410437118e-09
668;26;False;669;0.9999596952426506;0.9985651773302557;0.9996315540162044;3.2158452418666167e-09
669;26;True;669;1.0;0.9985651773302557;0.9996315540162044;2.9700860135754674e-09
670;27;False;679;0.9979489949968718;0.9979489949968718;0.9994873614483184;2.528288356998061e-09
671;27;False;679;0.998268363488054;0.9979489949968718;0.9994873614483184;2.33026314412916e-09
672;27;False;679;0.9986140234931359;0.9979489949968718;0.9994873614483184;1.5435244592996674e-09
673;27;False;679;0.9989008278757313;0.9979489949968718;0.9994873614483184;1.3126344004942154e-09
674;27;False;679;0.9991802919879481;0.9979489949968718;0.9994873614483184;9.475699513142999e-10
675;27;False;679;0.9994335980457267;0.9979489949968718;0.9994873614483184;6.812240545855587e-10
676;27;False;679;0.9996738250762855;0.9979489949968718;0.9994873614483184;4.53526352089479e-10
677;27;False;679;0.999821164321695;0.9979489949968718;0.9994873614483184;3.570279832807469e-10
678;27;False;679;0.9999408774585903;0.9979489949968718;0.9994873614483184;2.7773988552964144e-10
679;27;True;679;0.9999999999999998;0.9979489949968718;0.9994873614483184;2.356237978131445e-10
680;28;False;685;0.9987859192794469;0.9924243071318603;0.9981995992419979;1.5647002668879876e-10
681;28;False;685;0.9991375849602933;0.9924243071318603;0.9981995992419979;1.3279036157836955e-10
682;28;False;685;0.9994517485324798;0.9924243071318603;0.9981995992419979;1.1287625537139937e-10
683;28;False;685;0.9997077237794865;0.9924243071318603;0.9981995992419979;9.731540392186194e-11
684;28;False;685;0.9999057776202366;0.9924243071318603;0.9981995992419979;9.303497142937107e-11
685;28;True;685;0.9999999999999998;0.9924243071318603;0.9981995992419979;8.792465728991556e-11
686;28;False;685;0.999843585511214;0.9924243071318603;0.9981995992419979;8.792465728991556e-11
687;28;False;685;0.9993976974506037;0.9924243071318603;0.9981995992419979;8.792465728991556e-11
688;28;False;685;0.998415836192925;0.9924243071318603;0.9981995992419979;1.1287625537139937e-10
689;28;False;685;0.9962950318914727;0.9924243071318603;0.9981995992419979;1.4401143460317466e-10
690;29;False;691;0.9985566359247243;0.8014207293506184;0.9473866101723869;1.3279036157836955e-10
691;29;True;691;0.9999999999999997;0.8014207293506184;0.9473866101723869;1.3279036157836955e-10
692;29;False;691;0.9985774556007059;0.8014207293506184;0.9473866101723869;1.4401143460317466e-10
693;29;False;691;0.9931070857364936;0.8014207293506184;0.9473866101723869;1.6933653006813772e-10
694;29;False;691;0.9807981196095723;0.8014207293506184;0.9473866101723869;4.21036443166399e-10
695;29;False;691;0.9585153275522251;0.8014207293506184;0.9473866101723869;4.660237021286677e-09
696;29;False;691;0.9227512614588292;0.8014207293506184;0.9473866101723869;1.1779798551688225e-07
697;29;False;691;0.8745084688035845;0.8014207293506184;0.9473866101723869;2.1006713279938385e-06
698;29;False;691;0.8263693741498632;0.8014207293506184;0.9473866101723869;2.829206116818081e-05
699;30;False;707;0.8235309583243471;0.8027641322892888;0.9513786510653149;3.156839766253881e-05
700;30;False;707;0.8759175337972741;0.8027641322892888;0.9513786510653149;1.922659938859182e-06
701;30;False;707;0.9208562705661029;0.8027641322892888;0.9513786510653149;1.1646853083119933e-07
702;30;False;707;0.9510402631179975;0.8027641322892888;0.9513786510653149;6.346850978863368e-08
703;30;False;707;0.9705852677837401;0.8027641322892888;0.9513786510653149;5.567318870072833e-08
704;30;False;707;0.9845572722594365;0.8027641322892888;0.9513786510653149;1.1864365432081132e-08
705;30;False;707;0.9942788598077759;0.8027641322892888;0.9513786510653149;3.432465595169863e-09
706;30;False;707;0.9985773221412446;0.8027641322892888;0.9513786510653149;1.1168558607491954e-09
707;30;True;707;1.0;0.8027641322892888;0.9513786510653149;6.066978398619239e-10
708;30;False;707;0.9988920195512774;0.8027641322892888;0.9513786510653149;6.066978398619239e-10
709;31;False;713;0.9943818905119932;0.9872582248396883;0.9966075998816538;6.066978398619239e-10
710;31;False;713;0.997101260497921;0.9872582248396883;0.9966075998816538;6.066978398619239e-10
711;31;False;713;0.9986772832778499;0.9872582248396883;0.9966075998816538;6.066978398619239e-10
712;31;False;713;0.9996767611844368;0.9872582248396883;0.9966075998816538;6.066978398619239e-10
713;31;True;713;0.9999999999999998;0.9872582248396883;0.9966075998816538;6.066978398619239e-10
714;31;False;713;0.9997701828074316;0.9872582248396883;0.9966075998816538;6.066978398619239e-10
715;31;False;713;0.9992681083135632;0.9872582248396883;0.9966075998816538;6.066978398619239e-10
716;31;False;713;0.9986906292239914;0.9872582248396883;0.9966075998816538;6.066978398619239e-10
717;31;False;713;0.9979999765111343;0.9872582248396883;0.9966075998816538;6.066978398619239e-10
718;31;False;713;0.9968454187103759;0.9872582248396883;0.9966075998816538;6.066978398619239e-10
719;32;False;724;0.9869284465105157;0.9487447603815444;0.987656912737442;6.066978398619239e-10
720;32;False;724;0.9907273700798839;0.9487447603815444;0.987656912737442;6.066978398619239e-10
721;32;False;724;0.994008070560551;0.9487447603815444;0.987656912737442;6.066978398619239e-10
722;32;False;724;0.9970713655785626;0.9487447603815444;0.987656912737442;6.066978398619239e-10
723;32;False;724;0.9991371845819086;0.9487447603815444;0.987656912737442;6.066978398619239e-10
724;32;True;724;0.9999999999999999;0.9487447603815444;0.987656912737442;6.066978398619239e-10
725;32;False;724;0.9991142295545443;0.9487447603815444;0.987656912737442;6.066978398619239e-10
726;32;False;724;0.9967397188169294;0.9487447603815444;0.987656912737442;6.066978398619239e-10
727;32;False;724;0.992292983021821;0.9487447603815444;0.987656912737442;6.066978398619239e-10
728;32;False;724;0.9854402400562028;0.9487447603815444;0.987656912737442;8.59531791460987e-10
729;33;False;738;0.8750403047573496;0.8750403047573496;0.9679027859929491;2.530371577875315e-09
730;33;False;738;0.8962666317180825;0.8750403047573496;0.9679027859929491;5.423515656231723e-09
731;33;False;738;0.916400059149233;0.8750403047573496;0.9679027859929491;1.0635417399676673e-08
732;33;False;738;0.9360023179239257;0.8750403047573496;0.9679027859929491;1.5777350735352042e-08
733;33;False;738;0.9565407948204913;0.8750403047573496;0.9679027859929491;8.680036349548402e-08
734;33;False;738;0.9727679972752914;0.8750403047573496;0.9679027859929491;2.0722352824519318e-07
735;33;False;738;0.9853691061632652;0.8750403047573496;0.9679027859929491;1.5155524091486163e-08
736;33;False;738;0.9939297298566969;0.8750403047573496;0.9679027859929491;2.9700860135754674e-09
737;33;False;738;0.9985338143568215;0.8750403047573496;0.9679027859929491;6.812240545855587e-10
738;33;True;738;0.9999999999999993;0.8750403047573496;0.9679027859929491;2.1658046116727527e-10
739;34;False;743;0.9855017648679175;0.949466509148913;0.9880592248010149;9.731540392186194e-11
740;34;False;743;0.992236129291255;0.949466509148913;0.9880592248010149;6.402156011865929e-11
741;34;False;743;0.9967511963306117;0.949466509148913;0.9880592248010149;6.328882578377402e-11
742;34;False;743;0.999086736905491;0.949466509148913;0.9880592248010149;6.328882578377402e-11
743;34;True;743;0.9999999999999996;0.949466509148913;0.9880592248010149;6.328882578377402e-11
744;34;False;743;0.9992217978804503;0.949466509148913;0.9880592248010149;6.328882578377402e-11
745;34;False;743;0.9973975405022772;0.949466509148913;0.9880592248010149;6.328882578377402e-11
746;34;False;743;0.9947806673827213;0.949466509148913;0.9880592248010149;6.328882578377402e-11
747;34;False;743;0.9911799311135638;0.949466509148913;0.9880592248010149;6.328882578377402e-11
748;34;False;743;0.987461483599434;0.949466509148913;0.9880592248010149;6.328882578377402e-11
749;35;False;753;0.9957876190191479;0.9869058918615354;0.9968554103753874;6.328882578377402e-11
750;35;False;753;0.9977249165611448;0.9869058918615354;0.9968554103753874;6.328882578377402e-11
751;35;False;753;0.9990483005806018;0.9869058918615354;0.9968554103753874;6.328882578377402e-11
752;35;False;753;0.9997508311855259;0.9869058918615354;0.9968554103753874;6.328882578377402e-11
753;35;True;753;0.9999999999999998;0.9869058918615354;0.9968554103753874;6.328882578377402e-11
754;35;False;753;0.9997831283751899;0.9869058918615354;0.9968554103753874;6.328882578377402e-11
755;35;False;753;0.9993197571251333;0.9869058918615354;0.9968554103753874;6.328882578377402e-11
756;35;False;753;0.9986606008451719;0.9869058918615354;0.9968554103753874;6.328882578377402e-11
757;35;False;753;0.9978972127258399;0.9869058918615354;0.9968554103753874;6.328882578377402e-11
758;35;False;753;0.9971017943357667;0.9869058918615354;0.9968554103753874;6.328882578377402e-11
759;36;False;763;0.9989839731201968;0.996479606326619;0.9991237585600897;6.328882578377402e-11
760;36;False;763;0.9993843515044614;0.996479606326619;0.9991237585600897;6.328882578377402e-11
761;36;False;763;0.9997277426986996;0.996479606326619;0.9991237585600897;6.328882578377402e-11
762;36;False;763;0.9999144524852286;0.996479606326619;0.9991237585600897;6.328882578377402e-11
763;36;True;763;0.9999999999999999;0.996479606326619;0.9991237585600897;6.328882578377402e-11
764;36;False;763;0.9999208585393766;0.996479606326619;0.9991237585600897;6.328882578377402e-11
765;36;False;763;0.9997691151317405;0.996479606326619;0.9991237585600897;6.328882578377402e-11
766;36;False;763;0.9995699936152994;0.996479606326619;0.9991237585600897;6.328882578377402e-11
767;36;False;763;0.9993624641527892;0.996479606326619;0.9991237585600897;6.328882578377402e-11
768;36;False;763;0.9990253455532376;0.996479606326619;0.9991237585600897;6.328882578377402e-11
769;37;False;773;0.9994127783697444;0.9981537218106922;0.9995362372688569;6.328882578377402e-11
770;37;False;773;0.9996615468058346;0.9981537218106922;0.9995362372688569;6.328882578377402e-11
771;37;False;773;0.9998311737813017;0.9981537218106922;0.9995362372688569;6.328882578377402e-11
772;37;False;773;0.9999495523235825;0.9981537218106922;0.9995362372688569;6.328882578377402e-11
773;37;True;773;0.9999999999999996;0.9981537218106922;0.9995362372688569;6.328882578377402e-11
774;37;False;773;0.9999579602696516;0.9981537218106922;0.9995362372688569;6.328882578377402e-11
775;37;False;773;0.9998836233496398;0.9981537218106922;0.9995362372688569;6.328882578377402e-11
776;37;False;773;0.9997959404834855;0.9981537218106922;0.9995362372688569;6.328882578377402e-11
777;37;False;773;0.9996646163734468;0.9981537218106922;0.9995362372688569;6.328882578377402e-11
778;37;False;773;0.9995172771280374;0.9981537218106922;0.9995362372688569;6.328882578377402e-11
779;38;False;783;0.9998271699974584;0.9993497855039531;0.9998203813595211;6.328882578377402e-11
780;38;False;783;0.9999001723228562;0.9993497855039531;0.9998203813595211;6.328882578377402e-11
781;38;False;783;0.9999443474045862;0.9993497855039531;0.9998203813595211;6.328882578377402e-11
782;38;False;783;0.9999782461077875;0.9993497855039531;0.9998203813595211;6.328882578377402e-11
783;38;True;783;0.9999999999999993;0.9993497855039531;0.9998203813595211;6.328882578377402e-11
784;38;False;783;0.9999721069725628;0.9993497855039531;0.9998203813595211;6.328882578377402e-11
785;38;False;783;0.9999304676205993;0.9993497855039531;0.9998203813595211;6.328882578377402e-11
786;38;False;783;0.9998797530252589;0.9993497855039531;0.9998203813595211;6.328882578377402e-11
787;38;False;783;0.9998227658352319;0.9993497855039531;0.9998203813595211;6.328882578377402e-11
788;38;False;783;0.9997693820506631;0.9993497855039531;0.9998203813595211;6.328882578377402e-11
789;39;False;794;0.9998538618897432;0.9995970858859682;0.9998797619225562;6.328882578377402e-11
790;39;False;794;0.9998916309173254;0.9995970858859682;0.9998797619225562;6.328882578377402e-11
791;39;False;794;0.9999228604312982;0.9995970858859682;0.9998797619225562;6.328882578377402e-11
792;39;False;794;0.9999591614048048;0.9995970858859682;0.9998797619225562;6.328882578377402e-11
793;39;False;794;0.9999834510267833;0.9995970858859682;0.9998797619225562;6.328882578377402e-11
794;39;True;794;0.9999999999999997;0.9995970858859682;0.9998797619225562;6.328882578377402e-11
795;39;False;794;0.9999827837294762;0.9995970858859682;0.9998797619225562;6.328882578377402e-11
796;39;False;794;0.9999507534587351;0.9995970858859682;0.9998797619225562;6.328882578377402e-11
797;39;False;794;0.9999131178906148;0.9995970858859682;0.9998797619225562;6.328882578377402e-11
798;39;False;794;0.9998722792954196;0.9995970858859682;0.9998797619225562;6.328882578377402e-11
799;40;False;801;0.9999655674589529;0.9996799642115104;0.99990581024366;6.328882578377402e-11
800;40;False;801;0.9999901239998548;0.9996799642115104;0.99990581024366;6.328882578377402e-11
801;40;True;801;1.0;0.9996799642115104;0.99990581024366;6.328882578377402e-11
802;40;False;801;0.9999834510267837;0.9996799642115104;0.99990581024366;6.402156011865929e-11
803;40;False;801;0.999964499783262;0.9996799642115104;0.99990581024366;6.402156011865929e-11
804;40;False;801;0.9999418116748199;0.9996799642115104;0.99990581024366;6.402156011865929e-11
805;40;False;801;0.9999119167554616;0.9996799642115104;0.99990581024366;6.496461214530716e-11
806;40;False;801;0.9998697435656521;0.9996799642115104;0.99990581024366;6.756686940151408e-11
807;40;False;801;0.9998100871863967;0.9996799642115104;0.99990581024366;7.184201608176076e-11
808;40;False;801;0.99977565464535;0.9996799642115104;0.99990581024366;7.184201608176076e-11
809;41;True;809;0.9999999999999994;0.9995610518313839;0.9998771401855808;7.184201608176076e-11
810;41;False;809;0.9999878551890102;0.9995610518313839;0.9998771401855808;7.620898814523923e-11
811;41;False;809;0.9999694377833341;0.9995610518313839;0.9998771401855808;7.620898814523923e-11
812;41;False;809;0.9999455485397393;0.9995610518313839;0.9998771401855808;7.620898814523923e-11
813;41;False;809;0.9999137851879211;0.9995610518313839;0.9998771401855808;8.184712331529104e-11
814;41;False;809;0.9998794861063357;0.9995610518313839;0.9998771401855808;8.184712331529104e-11
815;41;False;809;0.9998298391866869;0.9995610518313839;0.9998771401855808;8.184712331529104e-11
816;41;False;809;0.9997539007531382;0.9995610518313839;0.9998771401855808;8.184712331529104e-11
817;41;False;809;0.9996692874545969;0.9995610518313839;0.9998771401855808;9.731540392186194e-11
818;41;False;809;0.9995610518313839;0.9995610518313839;0.9998771401855808;1.0469395140055768e-10
819;42;True;819;1.0;0.9993116160979871;0.9998171990928076;1.0469395140055768e-10
820;42;False;819;0.9999717065941782;0.9993116160979871;0.9998171990928076;1.1287625537139937e-10
821;42;False;819;0.9999300672422147;0.9993116160979871;0.9998171990928076;1.4401143460317466e-10
822;42;False;819;0.999869743565652;0.9993116160979871;0.9998171990928076;1.6933653006813772e-10
823;42;False;819;0.9998064837809387;0.9993116160979871;0.9998171990928076;1.6933653006813772e-10
824;42;False;819;0.9997313461041588;0.9993116160979871;0.9998171990928076;1.8394825339836529e-10
825;42;False;819;0.9996400598325461;0.9993116160979871;0.9998171990928076;2.0055239344814647e-10
826;42;False;819;0.9995392979391724;0.9993116160979871;0.9998171990928076;2.1658046116727527e-10
827;42;False;819;0.9994319965321894;0.9993116160979871;0.9998171990928076;2.1658046116727527e-10
828;42;False;819;0.9993116160979871;0.9993116160979871;0.9998171990928076;2.1658046116727527e-10
829;43;True;829;1.0;0.9990472329049107;0.9997501342305604;2.553619504446834e-10
830;43;False;829;0.999971172756333;0.9990472329049107;0.9997501342305604;3.0258476267842004e-10
831;43;False;829;0.9999289995665237;0.9990472329049107;0.9997501342305604;3.29001195240659e-10
832;43;False;829;0.999859867565507;0.9990472329049107;0.9997501342305604;4.21036443166399e-10
833;43;False;829;0.999769648969586;0.9990472329049107;0.9997501342305604;4.927886075483965e-10
834;43;False;829;0.9996603456706817;0.9990472329049107;0.9997501342305604;5.362994545841738e-10
835;43;False;829;0.9995404990743249;0.9990472329049107;0.9997501342305604;6.337798356955377e-10
836;43;False;829;0.999386353396383;0.9990472329049107;0.9997501342305604;6.812240545855587e-10
837;43;False;829;0.9992392810698967;0.9990472329049107;0.9997501342305604;7.409196483498141e-10
838;43;False;829;0.9990472329049107;0.9990472329049107;0.9997501342305604;9.475699513142999e-10
839;44;True;839;1.0;0.9989519428494557;0.9997362900357623;1.115602413248453e-09
840;44;False;839;0.9999697047022571;0.9989519428494557;0.9997362900357623;1.5435244592996674e-09
841;44;False;839;0.999928465728678;0.9989519428494557;0.9997362900357623;1.5435244592996674e-09
842;44;False;839;0.9998563976195106;0.9989519428494557;0.9997362900357623;2.528288356998061e-09
843;44;False;839;0.9997573706991356;0.9989519428494557;0.9997362900357623;3.4814036410437118e-09
844;44;False;839;0.9996476670218469;0.9989519428494557;0.9997362900357623;4.660237021286677e-09
845;44;False;839;0.9995270196687216;0.9989519428494557;0.9997362900357623;4.660237021286677e-09
846;44;False;839;0.9993539227472579;0.9989519428494557;0.9997362900357623;5.915630487979928e-09
847;44;False;839;0.9991666791228833;0.9989519428494557;0.9997362900357623;8.104108351370774e-09
848;44;False;839;0.9989519428494557;0.9989519428494557;0.9997362900357623;1.4020496323278777e-08
849;45;False;850;0.9999809152970168;0.9992821215570126;0.9998080052187989;1.6356490705917938e-08
850;45;True;850;1.0;0.9992821215570126;0.9998080052187989;1.6356490705917938e-08
851;45;False;850;0.9999747761617914;0.9992821215570126;0.9998080052187989;1.7624983086912564e-08
852;45;False;850;0.9999328698909048;0.9992821215570126;0.9998080052187989;2.0541706999501308e-08
853;45;False;850;0.9998925651335553;0.9992821215570126;0.9998080052187989;2.2093950702670035e-08
854;45;False;850;0.9998265027001514;0.9992821215570126;0.9998080052187989;2.9292567703787937e-08
855;45;False;850;0.999728143077084;0.9992821215570126;0.9998080052187989;3.3400665058613434e-08
856;45;False;850;0.9996361895081646;0.9992821215570126;0.9998080052187989;3.852525416433943e-08
857;45;False;850;0.9995172771280381;0.9992821215570126;0.9998080052187989;4.385724911509996e-08
858;45;False;850;0.9993983647479112;0.9992821215570126;0.9998080052187989;6.1761620588063e-08
859;46;True;859;1.0;0.9992943998274637;0.9998002764330994;7.676040844537079e-08
860;46;False;859;0.9999798476213254;0.9992943998274637;0.9998002764330994;9.51563095048394e-08
861;46;False;859;0.9999415447558969;0.9992943998274637;0.9998002764330994;9.51563095048394e-08
862;46;False;859;0.9998900294037887;0.9992943998274637;0.9998002764330994;1.1779798551688225e-07
863;46;False;859;0.9998139575107783;0.9992943998274637;0.9998002764330994;1.261570649458565e-07
864;46;False;859;0.9997233385364729;0.9992943998274637;0.9998002764330994;1.261570649458565e-07
865;46;False;859;0.9996240446971748;0.9992943998274637;0.9998002764330994;1.4480414120502198e-07
866;46;False;859;0.9995182113442675;0.9992943998274637;0.9998002764330994;1.51478921438668e-07
867;46;False;859;0.9994078403696722;0.9992943998274637;0.9998002764330994;1.51478921438668e-07
868;46;False;859;0.9992943998274637;0.9992943998274637;0.9998002764330994;1.51478921438668e-07
869;47;False;873;0.9998874936740213;0.9996259131296351;0.9998892998253993;1.51478921438668e-07
870;47;False;873;0.9999284657286778;0.9996259131296351;0.9998892998253993;1.51478921438668e-07
871;47;False;873;0.9999570260534222;0.9996259131296351;0.9998892998253993;1.51478921438668e-07
872;47;False;873;0.9999831841078609;0.9996259131296351;0.9998892998253993;1.51478921438668e-07
873;47;True;873;0.9999999999999997;0.9996259131296351;0.9998892998253993;1.51478921438668e-07
874;47;False;873;0.9999829171889378;0.9996259131296351;0.9998892998253993;1.51478921438668e-07
875;47;False;873;0.9999679697292585;0.9996259131296351;0.9998892998253993;1.51478921438668e-07
876;47;False;873;0.9999379413504383;0.9996259131296351;0.9998892998253993;1.51478921438668e-07
877;47;False;873;0.999880153403643;0.9996259131296351;0.9998892998253993;1.51478921438668e-07
878;47;False;873;0.9998365121597582;0.9996259131296351;0.9998892998253993;1.51478921438668e-07
879;48;False;883;0.9999044430256214;0.9996887725359642;0.9998980191768785;1.51478921438668e-07
880;48;False;883;0.9999330033503657;0.9996887725359642;0.9998980191768785;1.51478921438668e-07
881;48;False;883;0.9999567591344987;0.9996887725359642;0.9998980191768785;1.51478921438668e-07
882;48;False;883;0.9999817160537847;0.9996887725359642;0.9998980191768785;1.51478921438668e-07
883;48;True;883;0.9999999999999996;0.9996887725359642;0.9998980191768785;1.51478921438668e-07
884;48;False;883;0.9999826502700149;0.9996887725359642;0.9998980191768785;1.51478921438668e-07
885;48;False;883;0.9999584941074975;0.9996887725359642;0.9998980191768785;1.51478921438668e-07
886;48;False;883;0.9999319356746745;0.9996887725359642;0.9998980191768785;1.51478921438668e-07
887;48;False;883;0.9998981704309351;0.9996887725359642;0.9998980191768785;1.51478921438668e-07
888;48;False;883;0.9998668074575008;0.9996887725359642;0.9998980191768785;1.51478921438668e-07
889;49;False;893;0.9999035088093919;0.9997217370229357;0.9999115964527543;1.51478921438668e-07
890;49;False;893;0.9999414112964358;0.9997217370229357;0.9999115964527543;1.51478921438668e-07
891;49;False;893;0.99996623475626;0.9997217370229357;0.9999115964527543;1.51478921438668e-07
892;49;False;893;0.9999858532970894;0.9997217370229357;0.9999115964527543;1.51478921438668e-07
893;49;True;893;1.0;0.9997217370229357;0.9999115964527543;1.51478921438668e-07
894;49;False;893;0.9999799810807868;0.9997217370229357;0.9999115964527543;1.51478921438668e-07
895;49;False;893;0.9999653005400303;0.9997217370229357;0.9999115964527543;1.51478921438668e-07
896;49;False;893;0.9999406105396672;0.9997217370229357;0.9999115964527543;1.51478921438668e-07
897;49;False;893;0.9999141855663055;0.9997217370229357;0.9999115964527543;1.51478921438668e-07
898;49;False;893;0.9998724127548806;0.9997217370229357;0.9999115964527543;1.51478921438668e-07
899;50;False;904;0.9998539953492043;0.9996791634547418;0.9998934637605956;1.51478921438668e-07
900;50;False;904;0.9998881609713284;0.9996791634547418;0.9998934637605956;1.51478921438668e-07
901;50;False;904;0.9999310014584446;0.9996791634547418;0.9998934637605956;1.51478921438668e-07
902;50;False;904;0.9999574264318065;0.9996791634547418;0.9998934637605956;1.51478921438668e-07
903;50;False;904;0.9999842517835522;0.9996791634547418;0.9998934637605956;1.51478921438668e-07
904;50;True;904;1.0;0.9996791634547418;0.9998934637605956;1.51478921438668e-07
905;50;False;904;0.9999851859997815;0.9996791634547418;0.9998934637605956;1.51478921438668e-07
906;50;False;904;0.9999563587561145;0.9996791634547418;0.9998934637605956;1.51478921438668e-07
907;50;False;904;0.9999239281069892;0.9996791634547418;0.9998934637605956;1.51478921438668e-07
908;50;False;904;0.9998960350795523;0.9996791634547418;0.9998934637605956;1.51478921438668e-07
909;51;False;913;0.9999053772418518;0.9997739196723515;0.9999172936888739;1.51478921438668e-07
910;51;False;913;0.9999419451342811;0.9997739196723515;0.9999172936888739;1.51478921438668e-07
911;51;False;913;0.9999669020535671;0.9997739196723515;0.9999172936888739;1.51478921438668e-07
912;51;False;913;0.999984518702475;0.9997739196723515;0.9999172936888739;1.51478921438668e-07
913;51;True;913;1.0;0.9997739196723515;0.9999172936888739;1.51478921438668e-07
914;51;False;913;0.9999867875133188;0.9997739196723515;0.9999172936888739;1.51478921438668e-07
915;51;False;913;0.9999604959994189;0.9997739196723515;0.9999172936888739;1.51478921438668e-07
916;51;False;913;0.9999287326476005;0.9997739196723515;0.9999172936888739;1.51478921438668e-07
917;51;False;913;0.9999043095661606;0.9997739196723515;0.9999172936888739;1.51478921438668e-07
918;51;False;913;0.9998781515117219;0.9997739196723515;0.9999172936888739;1.51478921438668e-07
919;52;False;923;0.9999167212960729;0.9997761884831957;0.9999211847736158;1.51478921438668e-07
920;52;False;923;0.9999382082693618;0.9997761884831957;0.9999211847736158;1.51478921438668e-07
921;52;False;923;0.999959828702112;0.9997761884831957;0.9999211847736158;1.51478921438668e-07
922;52;False;923;0.9999827837294764;0.9997761884831957;0.9999211847736158;1.51478921438668e-07
923;52;True;923;1.0;0.9997761884831957;0.9999211847736158;1.51478921438668e-07
924;52;False;923;0.9999838514051678;0.9997761884831957;0.9999211847736158;1.51478921438668e-07
925;52;False;923;0.9999600956210344;0.9997761884831957;0.9999211847736158;1.51478921438668e-07
926;52;False;923;0.9999446143235098;0.9997761884831957;0.9999211847736158;1.51478921438668e-07
927;52;False;923;0.9999302007016762;0.9997761884831957;0.9999211847736158;1.51478921438668e-07
928;52;False;923;0.9999068452959274;0.9997761884831957;0.9999211847736158;1.51478921438668e-07
929;53;False;933;0.9999183228096096;0.9997663124830509;0.9999218846943468;1.51478921438668e-07
930;53;False;933;0.9999446143235096;0.9997663124830509;0.9999218846943468;1.51478921438668e-07
931;53;False;933;0.999965033621107;0.9997663124830509;0.9999218846943468;1.51478921438668e-07
932;53;False;933;0.9999831841078605;0.9997663124830509;0.9999218846943468;1.51478921438668e-07
933;53;True;933;0.9999999999999997;0.9997663124830509;0.9999218846943468;1.51478921438668e-07
934;53;False;933;0.999977044972635;0.9997663124830509;0.9999218846943468;1.51478921438668e-07
935;53;False;933;0.9999614302156489;0.9997663124830509;0.9999218846943468;1.51478921438668e-07
936;53;False;933;0.999939542863976;0.9997663124830509;0.9999218846943468;1.51478921438668e-07
937;53;False;933;0.9999189901069169;0.9997663124830509;0.9999218846943468;1.51478921438668e-07
938;53;False;933;0.999882956052333;0.9997663124830509;0.9999218846943468;1.51478921438668e-07
939;54;False;944;0.9998686758899608;0.9997200020499374;0.9998979272381386;1.51478921438668e-07
940;54;False;944;0.9999072456743113;0.9997200020499374;0.9998979272381386;1.51478921438668e-07
941;54;False;944;0.9999339375665958;0.9997200020499374;0.9998979272381386;1.51478921438668e-07
942;54;False;944;0.9999574264318063;0.9997200020499374;0.9998979272381386;1.51478921438668e-07
943;54;False;944;0.9999818495132466;0.9997200020499374;0.9998979272381386;1.51478921438668e-07
944;54;True;944;1.0;0.9997200020499374;0.9998979272381386;1.51478921438668e-07
945;54;False;944;0.9999826502700153;0.9997200020499374;0.9998979272381386;1.51478921438668e-07
946;54;False;944;0.9999543568641939;0.9997200020499374;0.9998979272381386;1.51478921438668e-07
947;54;False;944;0.9999064449175435;0.9997200020499374;0.9998979272381386;1.51478921438668e-07
948;54;False;944;0.9998693431872684;0.9997200020499374;0.9998979272381386;1.51478921438668e-07
949;55;False;953;0.999859066808739;0.9996639490761401;0.99987973819643;1.51478921438668e-07
950;55;False;953;0.9998991046471652;0.9996639490761401;0.99987973819643;1.51478921438668e-07
951;55;False;953;0.9999379413504388;0.9996639490761401;0.99987973819643;1.51478921438668e-07
952;55;False;953;0.9999794472429411;0.9996639490761401;0.99987973819643;1.51478921438668e-07
953;55;True;953;1.0;0.9996639490761401;0.99987973819643;1.51478921438668e-07
954;55;False;953;0.9999723738914855;0.9996639490761401;0.99987973819643;1.51478921438668e-07
955;55;False;953;0.9999460823775856;0.9996639490761401;0.99987973819643;1.51478921438668e-07
956;55;False;953;0.9999092475662333;0.9996639490761401;0.99987973819643;1.51478921438668e-07
957;55;False;953;0.9998810876198734;0.9996639490761401;0.99987973819643;1.51478921438668e-07
958;55;False;953;0.9998561307005873;0.9996639490761401;0.99987973819643;1.57104366345196e-07
959;56;False;964;0.9998266361596129;0.9996917086441157;0.9998765944846719;1.57104366345196e-07
960;56;False;964;0.9998620029168895;0.9996917086441157;0.9998765944846719;1.57104366345196e-07
961;56;False;964;0.999905377241852;0.9996917086441157;0.9998765944846719;1.57104366345196e-07
962;56;False;964;0.9999380748099003;0.9996917086441157;0.9998765944846719;1.57104366345196e-07
963;56;False;964;0.9999691708644115;0.9996917086441157;0.9998765944846719;1.57104366345196e-07
964;56;True;964;0.9999999999999998;0.9996917086441157;0.9998765944846719;1.57104366345196e-07
965;56;False;964;0.9999771784320967;0.9996917086441157;0.9998765944846719;1.57104366345196e-07
966;56;False;964;0.9999418116748201;0.9996917086441157;0.9998765944846719;1.57104366345196e-07
967;56;False;964;0.999912450593307;0.9996917086441157;0.9998765944846719;1.57104366345196e-07
968;56;False;964;0.9998917643767868;0.9996917086441157;0.9998765944846719;1.57104366345196e-07
969;57;False;974;0.9998342433489145;0.999664215995063;0.9998438820877946;1.57104366345196e-07
970;57;False;974;0.9998676082142695;0.999664215995063;0.9998438820877946;1.57104366345196e-07
971;57;False;974;0.9998926985930168;0.999664215995063;0.9998438820877946;1.57104366345196e-07
972;57;False;974;0.9999334037287504;0.999664215995063;0.9998438820877946;1.57104366345196e-07
973;57;False;974;0.9999681031887198;0.999664215995063;0.9998438820877946;1.57104366345196e-07
974;57;True;974;0.9999999999999997;0.999664215995063;0.9998438820877946;1.57104366345196e-07
975;57;False;974;0.9999531557290406;0.999664215995063;0.9998438820877946;1.57104366345196e-07
976;57;False;974;0.999888961728097;0.999664215995063;0.9998438820877946;1.57104366345196e-07
977;57;False;974;0.9998200966460032;0.999664215995063;0.9998438820877946;1.57104366345196e-07
978;57;False;974;0.9997741865912741;0.999664215995063;0.9998438820877946;1.57104366345196e-07
979;58;False;983;0.9998111548620882;0.9995299557768725;0.9998276356226908;1.57104366345196e-07
980;58;False;983;0.9998622698358125;0.9995299557768725;0.9998276356226908;1.57104366345196e-07
981;58;False;983;0.9999045764850831;0.9995299557768725;0.9998276356226908;1.57104366345196e-07
982;58;False;983;0.9999670355130283;0.9995299557768725;0.9998276356226908;1.57104366345196e-07
983;58;True;983;0.9999999999999996;0.9995299557768725;0.9998276356226908;1.57104366345196e-07
984;58;False;983;0.9999765111347891;0.9995299557768725;0.9998276356226908;1.57104366345196e-07
985;58;False;983;0.9999316687557517;0.9995299557768725;0.9998276356226908;1.57104366345196e-07
986;58;False;983;0.9998733469711107;0.9995299557768725;0.9998276356226908;1.57104366345196e-07
987;58;False;983;0.9998303730245328;0.9995299557768725;0.9998276356226908;1.57104366345196e-07
988;58;False;983;0.9998043484295556;0.9995299557768725;0.9998276356226908;1.57104366345196e-07
989;59;False;998;0.9994761716139198;0.9994761716139198;0.999786450032896;1.57104366345196e-07
990;59;False;998;0.9995152752361164;0.9994761716139198;0.999786450032896;1.57104366345196e-07
991;59;False;998;0.9995878771831292;0.9994761716139198;0.999786450032896;1.57104366345196e-07
992;59;False;998;0.9996662178869842;0.9994761716139198;0.999786450032896;1.6768387714314921e-07
993;59;False;998;0.9997214701040124;0.9994761716139198;0.999786450032896;1.6768387714314921e-07
994;59;False;998;0.999782727996805;0.9994761716139198;0.999786450032896;1.6768387714314921e-07
995;59;False;998;0.9998587998898159;0.9994761716139198;0.999786450032896;1.57104366345196e-07
996;59;False;998;0.9999236611880665;0.9994761716139198;0.999786450032896;1.57104366345196e-07
997;59;False;998;0.9999739754050223;0.9994761716139198;0.999786450032896;1.57104366345196e-07
998;59;True;998;0.9999999999999997;0.9994761716139198;0.999786450032896;1.51478921438668e-07
999;60;False;1003;0.9995818715073661;0.9987305336029572;0.9995432928257173;1.51478921438668e-07
1000;60;False;1003;0.9996905075089633;0.9987305336029572;0.9995432928257173;1.51478921438668e-07
1001;60;False;1003;0.9998281042136885;0.9987305336029572;0.9995432928257173;1.51478921438668e-07
1002;60;False;1003;0.9999370071342087;0.9987305336029572;0.9995432928257173;1.51478921438668e-07
1003;60;True;1003;0.9999999999999996;0.9987305336029572;0.9995432928257173;1.51478921438668e-07
1004;60;False;1003;0.9999268642151407;0.9987305336029572;0.9995432928257173;1.51478921438668e-07
1005;60;False;1003;0.9998062168620154;0.9987305336029572;0.9995432928257173;1.51478921438668e-07
1006;60;False;1003;0.9996643494545245;0.9987305336029572;0.9995432928257173;1.51478921438668e-07
1007;60;False;1003;0.9995147413982705;0.9987305336029572;0.9995432928257173;1.51478921438668e-07
1008;60;False;1003;0.9993639322068637;0.9987305336029572;0.9995432928257173;1.51478921438668e-07
1009;61;False;1013;0.999438002207953;0.9989664899307501;0.9995762988334097;1.51478921438668e-07
1010;61;False;1013;0.9996168378862582;0.9989664899307501;0.9995762988334097;1.51478921438668e-07
1011;61;False;1013;0.999797408537562;0.9989664899307501;0.9995762988334097;1.51478921438668e-07
1012;61;False;1013;0.9999352721612103;0.9989664899307501;0.9995762988334097;1.51478921438668e-07
1013;61;True;1013;0.9999999999999996;0.9989664899307501;0.9995762988334097;1.51478921438668e-07
1014;61;False;1013;0.9999378078909775;0.9989664899307501;0.9995762988334097;1.51478921438668e-07
1015;61;False;1013;0.9998195628081578;0.9989664899307501;0.9995762988334097;1.51478921438668e-07
1016;61;False;1013;0.9997035865361825;0.9989664899307501;0.9995762988334097;1.51478921438668e-07
1017;61;False;1013;0.9995705274531446;0.9989664899307501;0.9995762988334097;1.51478921438668e-07
1018;61;False;1013;0.999468030586773;0.9989664899307501;0.9995762988334097;1.51478921438668e-07
1019;62;False;1024;0.9994896510195233;0.9992165929614546;0.999677283159219;1.51478921438668e-07
1020;62;False;1024;0.9996235108593292;0.9992165929614546;0.999677283159219;1.51478921438668e-07
1021;62;False;1024;0.9997906021050291;0.9992165929614546;0.999677283159219;1.51478921438668e-07
1022;62;False;1024;0.9998893621064807;0.9992165929614546;0.999677283159219;1.51478921438668e-07
1023;62;False;1024;0.9999599621615736;0.9992165929614546;0.999677283159219;1.51478921438668e-07
1024;62;True;1024;1.0;0.9992165929614546;0.999677283159219;1.51478921438668e-07
1025;62;False;1024;0.9999459489181244;0.9992165929614546;0.999677283159219;1.51478921438668e-07
1026;62;False;1024;0.9998466550788266;0.9992165929614546;0.999677283159219;1.51478921438668e-07
1027;62;False;1024;0.99971933475263;0.9992165929614546;0.999677283159219;1.51478921438668e-07
1028;62;False;1024;0.9995631871827665;0.9992165929614546;0.999677283159219;1.51478921438668e-07
1029;63;False;1034;0.9994751039382281;0.9992332753941324;0.999624806898988;1.51478921438668e-07
1030;63;False;1034;0.99958600875067;0.9992332753941324;0.999624806898988;1.51478921438668e-07
1031;63;False;1034;0.9997206693472442;0.9992332753941324;0.999624806898988;1.51478921438668e-07
1032;63;False;1034;0.999851326159976;0.9992332753941324;0.999624806898988;1.51478921438668e-07
1033;63;False;1034;0.9999562252966534;0.9992332753941324;0.999624806898988;1.51478921438668e-07
1034;63;True;1034;0.9999999999999998;0.9992332753941324;0.999624806898988;1.51478921438668e-07
1035;63;False;1034;0.9999327364314428;0.9992332753941324;0.999624806898988;1.51478921438668e-07
1036;63;False;1034;0.9997823276184206;0.9992332753941324;0.999624806898988;1.51478921438668e-07
1037;63;False;1034;0.9996084299401886;0.9992332753941324;0.999624806898988;1.51478921438668e-07
1038;63;False;1034;0.9994517485324796;0.9992332753941324;0.999624806898988;1.51478921438668e-07
1039;64;False;1043;0.9996460655083099;0.9992594334485714;0.9996633677860416;1.51478921438668e-07
1040;64;False;1043;0.9997396205907665;0.9992594334485714;0.9996633677860416;1.51478921438668e-07
1041;64;False;1043;0.9998636044304271;0.9992594334485714;0.9996633677860416;1.51478921438668e-07
1042;64;False;1043;0.9999479508100458;0.9992594334485714;0.9996633677860416;1.51478921438668e-07
1043;64;True;1043;1.0;0.9992594334485714;0.9996633677860416;1.51478921438668e-07
1044;64;False;1043;0.9999546237831165;0.9992594334485714;0.9996633677860416;1.51478921438668e-07
1045;64;False;1043;0.999842784754445;0.9992594334485714;0.9996633677860416;1.51478921438668e-07
1046;64;False;1043;0.9997037199956438;0.9992594334485714;0.9996633677860416;1.51478921438668e-07
1047;64;False;1043;0.9995778677235234;0.9992594334485714;0.9996633677860416;1.51478921438668e-07
1048;64;False;1043;0.999460289938011;0.9992594334485714;0.9996633677860416;1.51478921438668e-07
1049;65;False;1057;0.9992508920430397;0.9992384803131276;0.9996663483806797;1.51478921438668e-07
1050;65;False;1057;0.9993242947468217;0.9992384803131276;0.9996663483806797;1.51478921438668e-07
1051;65;False;1057;0.9994493462621735;0.9992384803131276;0.9996663483806797;1.51478921438668e-07
1052;65;False;1057;0.9995621195070752;0.9992384803131276;0.9996663483806797;1.51478921438668e-07
1053;65;False;1057;0.9996584772382215;0.9992384803131276;0.9996663483806797;1.51478921438668e-07
1054;65;False;1057;0.9997693820506628;0.9992384803131276;0.9996663483806797;1.51478921438668e-07
1055;65;False;1057;0.9998665405385778;0.9992384803131276;0.9996663483806797;1.51478921438668e-07
1056;65;False;1057;0.9999488850262754;0.9992384803131276;0.9996663483806797;1.51478921438668e-07
1057;65;True;1057;1.0;0.9992384803131276;0.9996663483806797;1.4480414120502198e-07
1058;65;False;1057;0.999944747782971;0.9992384803131276;0.9996663483806797;1.4480414120502198e-07
1059;66;True;1059;0.9999999999999998;0.9985757206277078;0.9995105863603716;1.4480414120502198e-07
1060;66;False;1059;0.9999562252966535;0.9985757206277078;0.9995105863603716;1.51478921438668e-07
1061;66;False;1059;0.9998558637816641;0.9985757206277078;0.9995105863603716;1.51478921438668e-07
1062;66;False;1059;0.9997269419419309;0.9985757206277078;0.9995105863603716;1.51478921438668e-07
1063;66;False;1059;0.9995318242093323;0.9985757206277078;0.9995105863603716;1.51478921438668e-07
1064;66;False;1059;0.9993286989090487;0.9985757206277078;0.9995105863603716;1.51478921438668e-07
1065;66;False;1059;0.999128109338532;0.9985757206277078;0.9995105863603716;1.51478921438668e-07
1066;66;False;1059;0.9989212471733286;0.9985757206277078;0.9995105863603716;1.51478921438668e-07
1067;66;False;1059;0.9987530882519371;0.9985757206277078;0.9995105863603716;1.51478921438668e-07
1068;66;False;1059;0.9985757206277078;0.9985757206277078;0.9995105863603716;1.51478921438668e-07
1069;67;False;1071;0.999874414646802;0.9985850627900077;0.9995465373735131;1.51478921438668e-07
1070;67;False;1071;0.9999492854046592;0.9985850627900077;0.9995465373735131;1.51478921438668e-07
1071;67;True;1071;0.9999999999999994;0.9985850627900077;0.9995465373735131;1.51478921438668e-07
1072;67;False;1071;0.9999571595128833;0.9985850627900077;0.9995465373735131;1.57104366345196e-07
1073;67;False;1071;0.9998559972411261;0.9985850627900077;0.9995465373735131;1.6768387714314921e-07
1074;67;False;1071;0.999739754050228;0.9985850627900077;0.9995465373735131;1.6768387714314921e-07
1075;67;False;1071;0.9995686590206851;0.9985850627900077;0.9995465373735131;1.6768387714314921e-07
1076;67;False;1071;0.9993282985306647;0.9985850627900077;0.9995465373735131;1.6768387714314921e-07
1077;67;False;1071;0.9991128949599299;0.9985850627900077;0.9995465373735131;1.6768387714314921e-07
1078;67;False;1071;0.9988857469565906;0.9985850627900077;0.9995465373735131;2.0722352824519318e-07
1079;68;False;1080;0.9999323360530592;0.9988191506853406;0.9996403831010185;2.216474038445883e-07
1080;68;True;1080;1.0;0.9988191506853406;0.9996403831010185;2.216474038445883e-07
1081;68;False;1080;0.9999538230263478;0.9988191506853406;0.9996403831010185;2.693664972468001e-07
1082;68;False;1080;0.9998861590794068;0.9988191506853406;0.9996403831010185;3.3009722520864297e-07
1083;68;False;1080;0.9997621752397459;0.9988191506853406;0.9996403831010185;3.527385853804629e-07
1084;68;False;1080;0.9996347214540882;0.9988191506853406;0.9996403831010185;4.049881537250934e-07
1085;68;False;1080;0.9994913859925216;0.9988191506853406;0.9996403831010185;4.343856380279531e-07
1086;68;False;1080;0.9993575261527157;0.9988191506853406;0.9996403831010185;5.677775648221031e-07
1087;68;False;1080;0.9992181944749916;0.9988191506853406;0.9996403831010185;6.487860085812918e-07
1088;68;False;1080;0.9990823327432645;0.9988191506853406;0.9996403831010185;6.487860085812918e-07
1089;69;False;1091;0.9998806872414885;0.9991265078249953;0.9996923522152963;6.487860085812918e-07
1090;69;False;1091;0.9999588944858814;0.9991265078249953;0.9996923522152963;6.487860085812918e-07
1091;69;True;1091;0.9999999999999993;0.9991265078249953;0.9996923522152963;6.487860085812918e-07
1092;69;False;1091;0.9999550241615003;0.9991265078249953;0.9996923522152963;7.408846607018708e-07
1093;69;False;1091;0.9998541288086655;0.9991265078249953;0.9996923522152963;9.008778905218892e-07
1094;69;False;1091;0.9997508311855254;0.9991265078249953;0.9996923522152963;8.421323901290764e-07
1095;69;False;1091;0.9996531388597646;0.9991265078249953;0.9996923522152963;8.421323901290764e-07
1096;69;False;1091;0.9995703939936831;0.9991265078249953;0.9996923522152963;8.421323901290764e-07
1097;69;False;1091;0.9994698990192326;0.9991265078249953;0.9996923522152963;7.408846607018708e-07
1098;69;False;1091;0.9993854191801528;0.9991265078249953;0.9996923522152963;7.408846607018708e-07
1099;70;False;1106;0.999535694533714;0.9993499189634147;0.9997692990092204;6.93928015085421e-07
1100;70;False;1106;0.9995964185886608;0.9993499189634147;0.9997692990092204;7.915388804365523e-07
1101;70;False;1106;0.9996504696705364;0.9993499189634147;0.9997692990092204;8.421323901290764e-07
1102;70;False;1106;0.9997441582124544;0.9993499189634147;0.9997692990092204;8.421323901290764e-07
1103;70;False;1106;0.9998326418353771;0.9993499189634147;0.9997692990092204;8.421323901290764e-07
1104;70;False;1106;0.9999167212960725;0.9993499189634147;0.9997692990092204;6.487860085812918e-07
1105;70;False;1106;0.99996343210757;0.9993499189634147;0.9997692990092204;5.677775648221031e-07
1106;70;True;1106;0.9999999999999997;0.9993499189634147;0.9997692990092204;4.619646786211081e-07
1107;70;False;1106;0.9999649001616457;0.9993499189634147;0.9997692990092204;4.619646786211081e-07
1108;70;False;1106;0.9999080464310806;0.9993499189634147;0.9997692990092204;4.619646786211081e-07
1109;71;False;1117;0.9986315066825819;0.9982690307853608;0.999520349661416;4.619646786211081e-07
1110;71;False;1117;0.9988178160907265;0.9982690307853608;0.999520349661416;4.619646786211081e-07
1111;71;False;1117;0.9990257459316219;0.9982690307853608;0.999520349661416;4.619646786211081e-07
1112;71;False;1117;0.9992474220970433;0.9982690307853608;0.999520349661416;4.049881537250934e-07
1113;71;False;1117;0.9994544177217086;0.9982690307853608;0.999520349661416;3.778335896285431e-07
1114;71;False;1117;0.9996551407516865;0.9982690307853608;0.999520349661416;3.527385853804629e-07
1115;71;False;1117;0.9998098202674738;0.9982690307853608;0.999520349661416;3.3009722520864297e-07
1116;71;False;1117;0.9999363398369017;0.9982690307853608;0.999520349661416;3.3009722520864297e-07
1117;71;True;1117;0.9999999999999997;0.9982690307853608;0.999520349661416;2.874747738036917e-07
1118;71;False;1117;0.9999439470262026;0.9982690307853608;0.999520349661416;2.874747738036917e-07
1119;72;False;1128;0.9966513686534686;0.9966513686534686;0.999098347878635;2.534730069371564e-07
1120;72;False;1128;0.9972534042839418;0.9966513686534686;0.999098347878635;2.368345910841933e-07
1121;72;False;1128;0.9977738961834863;0.9966513686534686;0.999098347878635;2.0722352824519318e-07
1122;72;False;1128;0.9982363332173121;0.9966513686534686;0.999098347878635;1.57104366345196e-07
1123;72;False;1128;0.9986683414939344;0.9966513686534686;0.999098347878635;1.51478921438668e-07
1124;72;False;1128;0.9990659172295092;0.9966513686534686;0.999098347878635;1.51478921438668e-07
1125;72;False;1128;0.9994761716139196;0.9966513686534686;0.999098347878635;1.51478921438668e-07
1126;72;False;1128;0.9997353498880013;0.9966513686534686;0.999098347878635;1.261570649458565e-07
1127;72;False;1128;0.9999201912420697;0.9966513686534686;0.999098347878635;1.261570649458565e-07
1128;72;True;1128;0.9999999999999998;0.9966513686534686;0.999098347878635;8.84903284765026e-08
1129;73;False;1135;0.9979146959152859;0.9957686677756257;0.9988904951476514;8.218145279715259e-08
1130;73;False;1135;0.9984174377064614;0.9957686677756257;0.9988904951476514;8.218145279715259e-08
1131;73;False;1135;0.9989167095516402;0.9957686677756257;0.9988904951476514;7.676040844537079e-08
1132;73;False;1135;0.9993600618824829;0.9957686677756257;0.9988904951476514;7.676040844537079e-08
1133;73;False;1135;0.9996794303736651;0.9957686677756257;0.9988904951476514;6.63875810381384e-08
1134;73;False;1135;0.999896568917398;0.9957686677756257;0.9988904951476514;6.1761620588063e-08
1135;73;True;1135;0.9999999999999998;0.9957686677756257;0.9988904951476514;5.793728439603302e-08
1136;73;False;1135;0.9999168547555342;0.9957686677756257;0.9988904951476514;6.1761620588063e-08
1137;73;False;1135;0.9996931766981916;0.9957686677756257;0.9988904951476514;6.1761620588063e-08
1138;73;False;1135;0.9993467159363416;0.9957686677756257;0.9988904951476514;5.793728439603302e-08
1139;74;False;1144;0.9982544837040657;0.9955646082591121;0.9988244030565893;5.793728439603302e-08
1140;74;False;1144;0.9987707049008445;0.9955646082591121;0.9988244030565893;5.029521269841497e-08
1141;74;False;1144;0.9992523600971159;0.9955646082591121;0.9988244030565893;5.029521269841497e-08
1142;74;False;1144;0.9996255127512508;0.9955646082591121;0.9988244030565893;4.682281023235541e-08
1143;74;False;1144;0.9998936328092465;0.9955646082591121;0.9988244030565893;4.682281023235541e-08
1144;74;True;1144;1.0;0.9955646082591121;0.9988244030565893;4.1235746083556834e-08
1145;74;False;1144;0.9999124505933074;0.9955646082591121;0.9988244030565893;4.1235746083556834e-08
1146;74;False;1144;0.9996947782117283;0.9955646082591121;0.9988244030565893;4.1235746083556834e-08
1147;74;False;1144;0.9993843515044614;0.9955646082591121;0.9988244030565893;4.1235746083556834e-08
1148;74;False;1144;0.9990193398774732;0.9955646082591121;0.9988244030565893;4.385724911509996e-08
1149;75;False;1156;0.9981559906215367;0.9973832603399052;0.9992660055856045;4.385724911509996e-08
1150;75;False;1156;0.9986012113848394;0.9973832603399052;0.9992660055856045;4.385724911509996e-08
1151;75;False;1156;0.9989719617686685;0.9973832603399052;0.9992660055856045;4.1235746083556834e-08
1152;75;False;1156;0.999238880691512;0.9973832603399052;0.9992660055856045;3.852525416433943e-08
1153;75;False;1156;0.9995102037765817;0.9973832603399052;0.9992660055856045;3.852525416433943e-08
1154;75;False;1156;0.9997619083208227;0.9973832603399052;0.9992660055856045;4.1235746083556834e-08
1155;75;False;1156;0.9999285991881388;0.9973832603399052;0.9992660055856045;3.852525416433943e-08
1156;75;True;1156;0.9999999999999998;0.9973832603399052;0.9992660055856045;3.5943684969183694e-08
1157;75;False;1156;0.999933937566596;0.9973832603399052;0.9992660055856045;3.5943684969183694e-08
1158;75;False;1156;0.9998158259432375;0.9973832603399052;0.9992660055856045;3.5943684969183694e-08
1159;76;False;1164;0.9991566696632761;0.9978206069949835;0.9993915523838467;3.5943684969183694e-08
1160;76;False;1164;0.9993932932883768;0.9978206069949835;0.9993915523838467;3.1196724401796255e-08
1161;76;False;1164;0.9996149694537979;0.9978206069949835;0.9993915523838467;3.3400665058613434e-08
1162;76;False;1164;0.9997915363212593;0.9978206069949835;0.9993915523838467;3.1196724401796255e-08
1163;76;False;1164;0.9999298003232916;0.9978206069949835;0.9993915523838467;3.1196724401796255e-08
1164;76;True;1164;0.9999999999999998;0.9978206069949835;0.9993915523838467;2.7432176423301787e-08
1165;76;False;1164;0.9999411443775129;0.9978206069949835;0.9993915523838467;2.7432176423301787e-08
1166;76;False;1164;0.9998128898350866;0.9978206069949835;0.9993915523838467;2.9292567703787937e-08
1167;76;False;1164;0.9996353887513962;0.9978206069949835;0.9993915523838467;2.9292567703787937e-08
1168;76;False;1164;0.9994166486941256;0.9978206069949835;0.9993915523838467;2.9292567703787937e-08
1169;77;True;1169;1.0;0.9976800741821068;0.9993738497277308;2.5549403349031376e-08
1170;77;False;1169;0.9999403436207442;0.9976800741821068;0.9993738497277308;2.9292567703787937e-08
1171;77;False;1169;0.9998083522133989;0.9976800741821068;0.9993738497277308;2.9292567703787937e-08
1172;77;False;1169;0.9996229770214835;0.9976800741821068;0.9993738497277308;2.7432176423301787e-08
1173;77;False;1169;0.9993862199369219;0.9976800741821068;0.9993738497277308;2.9292567703787937e-08
1174;77;False;1169;0.9990584434996703;0.9976800741821068;0.9993738497277308;2.9292567703787937e-08
1175;77;False;1169;0.998780313982067;0.9976800741821068;0.9993738497277308;2.9292567703787937e-08
1176;77;False;1169;0.9984540055988911;0.9976800741821068;0.9993738497277308;2.7432176423301787e-08
1177;77;False;1169;0.9981465149997755;0.9976800741821068;0.9993738497277308;3.1196724401796255e-08
1178;77;False;1169;0.9976800741821068;0.9976800741821068;0.9993738497277308;3.1196724401796255e-08
1179;78;False;1182;0.9997446920502999;0.998669409169626;0.9995905819615479;3.1196724401796255e-08
1180;78;False;1182;0.9998636044304268;0.998669409169626;0.9995905819615479;3.1196724401796255e-08
1181;78;False;1182;0.999955157620962;0.998669409169626;0.9995905819615479;3.3400665058613434e-08
1182;78;True;1182;0.9999999999999996;0.998669409169626;0.9995905819615479;2.9292567703787937e-08
1183;78;False;1182;0.9999563587561142;0.998669409169626;0.9995905819615479;3.1196724401796255e-08
1184;78;False;1182;0.999866540538578;0.998669409169626;0.9995905819615479;3.1196724401796255e-08
1185;78;False;1182;0.99972120318509;0.998669409169626;0.9995905819615479;3.3400665058613434e-08
1186;78;False;1182;0.9995523769663913;0.998669409169626;0.9995905819615479;3.3400665058613434e-08
1187;78;False;1182;0.9993866203153059;0.998669409169626;0.9995905819615479;3.852525416433943e-08
1188;78;False;1182;0.9992328750157484;0.998669409169626;0.9995905819615479;4.385724911509996e-08
1189;79;False;1190;0.9999594283237279;0.9993165540980598;0.9997635543208477;4.385724911509996e-08
1190;79;True;1190;1.0;0.9993165540980598;0.9997635543208477;4.385724911509996e-08
1191;79;False;1190;0.9999631651886477;0.9993165540980598;0.9997635543208477;4.682281023235541e-08
1192;79;False;1190;0.9998963019984751;0.9993165540980598;0.9997635543208477;4.682281023235541e-08
1193;79;False;1190;0.9998102206458581;0.9993165540980598;0.9997635543208477;6.63875810381384e-08
1194;79;False;1190;0.9997196016715526;0.9993165540980598;0.9997635543208477;7.143387421980822e-08
1195;79;False;1190;0.9996265804269417;0.9993165540980598;0.9997635543208477;8.218145279715259e-08
1196;79;False;1190;0.9995734635612958;0.9993165540980598;0.9997635543208477;8.218145279715259e-08
1197;79;False;1190;0.9995112714522736;0.9993165540980598;0.9997635543208477;9.51563095048394e-08
1198;79;False;1190;0.9994266581537324;0.9993165540980598;0.9997635543208477;1.0972474343864277e-07
1199;80;False;1200;0.9999691708644115;0.9996076291834199;0.9998529484338738;1.0972474343864277e-07
1200;80;True;1200;1.0;0.9996076291834199;0.9998529484338738;1.0972474343864277e-07
1201;80;False;1200;0.9999694377833346;0.9996076291834199;0.9998529484338738;1.3524532644204641e-07
1202;80;False;1200;0.9999330033503666;0.9996076291834199;0.9998529484338738;1.3524532644204641e-07
1203;80;False;1200;0.9998964354579365;0.9996076291834199;0.9998529484338738;1.3524532644204641e-07
1204;80;False;1200;0.9998437189706753;0.9996076291834199;0.9998529484338738;1.4480414120502198e-07
1205;80;False;1200;0.9997922036185665;0.9996076291834199;0.9998529484338738;1.51478921438668e-07
1206;80;False;1200;0.9997510981044486;0.9996076291834199;0.9998529484338738;1.51478921438668e-07
1207;80;False;1200;0.9997114606444064;0.9996076291834199;0.9998529484338738;1.51478921438668e-07
1208;80;False;1200;0.9996544734543793;0.9996076291834199;0.9998529484338738;1.57104366345196e-07
1209;81;True;1209;0.9999999999999993;0.9996811653466634;0.9998753310684371;1.6768387714314921e-07
1210;81;False;1209;0.999975843837482;0.9996811653466634;0.9998753310684371;1.800824802814131e-07
1211;81;False;1209;0.9999419451342809;0.9996811653466634;0.9998753310684371;2.368345910841933e-07
1212;81;False;1209;0.9998999054039333;0.9996811653466634;0.9998753310684371;2.368345910841933e-07
1213;81;False;1209;0.9998465216193644;0.9996811653466634;0.9998753310684371;2.368345910841933e-07
1214;81;False;1209;0.9998200966460034;0.9996811653466634;0.9998753310684371;2.368345910841933e-07
1215;81;False;1209;0.9997915363212588;0.9996811653466634;0.9998753310684371;2.368345910841933e-07
1216;81;False;1209;0.9997704497263544;0.9996811653466634;0.9998753310684371;2.368345910841933e-07
1217;81;False;1209;0.9997337483744635;0.9996811653466634;0.9998753310684371;2.874747738036917e-07
1218;81;False;1209;0.9996811653466634;0.9996811653466634;0.9998753310684371;3.527385853804629e-07
1219;82;True;1219;1.0;0.9996911748062696;0.9998845308739776;3.778335896285431e-07
1220;82;False;1219;0.9999735750266385;0.9996911748062696;0.9998845308739776;4.949238863863718e-07
1221;82;False;1219;0.9999394094045146;0.9996911748062696;0.9998845308739776;4.619646786211081e-07
1222;82;False;1219;0.9998959016200911;0.9996911748062696;0.9998845308739776;4.619646786211081e-07
1223;82;False;1219;0.9998585329708929;0.9996911748062696;0.9998845308739776;4.949238863863718e-07
1224;82;False;1219;0.9998383805922183;0.9996911748062696;0.9998845308739776;5.305841442486243e-07
1225;82;False;1219;0.9998112883215493;0.9996911748062696;0.9998845308739776;5.677775648221031e-07
1226;82;False;1219;0.9997749873480428;0.9996911748062696;0.9998845308739776;6.487860085812918e-07
1227;82;False;1219;0.9997293442122364;0.9996911748062696;0.9998845308739776;7.408846607018708e-07
1228;82;False;1219;0.9996911748062696;0.9996911748062696;0.9998845308739776;7.408846607018708e-07
1229;83;True;1229;1.0;0.9997253404283941;0.9998976247300263;9.008778905218892e-07
1230;83;False;1229;0.9999787799456339;0.9997253404283941;0.9998976247300263;1.030427192096642e-06
1231;83;False;1229;0.9999480842695068;0.9997253404283941;0.9998976247300263;1.1017501925905195e-06
1232;83;False;1229;0.9999060445391594;0.9997253404283941;0.9998976247300263;1.2549428597759237e-06
1233;83;False;1229;0.9998845575658708;0.9997253404283941;0.9998976247300263;1.3369332260632525e-06
1234;83;False;1229;0.9998609352411989;0.9997253404283941;0.9998976247300263;1.3369332260632525e-06
1235;83;False;1229;0.9998381136732959;0.9997253404283941;0.9998976247300263;1.4296465429416636e-06
1236;83;False;1229;0.9998123559972412;0.9997253404283941;0.9998976247300263;1.8503743475911853e-06
1237;83;False;1229;0.9997805926454231;0.9997253404283941;0.9998976247300263;1.7355634880298171e-06
1238;83;False;1229;0.9997253404283941;0.9997253404283941;0.9998976247300263;2.1006713279938385e-06
1239;84;True;1239;1.0;0.9996639490761403;0.9998754170756456;2.1006713279938385e-06
1240;84;False;1239;0.9999697047022571;0.9996639490761403;0.9998754170756456;2.5389864064676047e-06
1241;84;False;1239;0.9999323360530588;0.9996639490761403;0.9998754170756456;2.8757587491217977e-06
1242;84;False;1239;0.9998776176738758;0.9996639490761403;0.9998754170756456;2.8757587491217977e-06
1243;84;False;1239;0.9998253015649983;0.9996639490761403;0.9998754170756456;3.4676208157370418e-06
1244;84;False;1239;0.9997827279968055;0.9996639490761403;0.9998754170756456;3.4676208157370418e-06
1245;84;False;1239;0.9997604402667477;0.9996639490761403;0.9998754170756456;3.2624589405895127e-06
1246;84;False;1239;0.9997393536718431;0.9996639490761403;0.9998754170756456;3.4676208157370418e-06
1247;84;False;1239;0.9997097256714078;0.9996639490761403;0.9998754170756456;3.924351380893631e-06
1248;84;False;1239;0.9996639490761403;0.9996639490761403;0.9998754170756456;3.924351380893631e-06
1249;85;True;1249;1.0;0.9996807649682791;0.9998858980920161;4.406372867010968e-06
1250;85;False;1249;0.9999825168105541;0.9996807649682791;0.9998858980920161;4.670014115080013e-06
1251;85;False;1249;0.9999446143235102;0.9996807649682791;0.9998858980920161;4.670014115080013e-06
1252;85;False;1249;0.9999035088093922;0.9996807649682791;0.9998858980920161;4.9523519807001135e-06
1253;85;False;1249;0.9998566645384337;0.9996807649682791;0.9998858980920161;5.574898639230873e-06
1254;85;False;1249;0.999814758267547;0.9996807649682791;0.9998858980920161;5.90126814686006e-06
1255;85;False;1249;0.9997976754564847;0.9996807649682791;0.9998858980920161;6.241698277343003e-06
1256;85;False;1249;0.9997697824290473;0.9996807649682791;0.9998858980920161;6.614726738806288e-06
1257;85;False;1249;0.9997322803203879;0.9996807649682791;0.9998858980920161;6.241698277343003e-06
1258;85;False;1249;0.9996807649682791;0.9996807649682791;0.9998858980920161;6.241698277343003e-06
1259;86;True;1259;0.9999999999999998;0.9993290992874334;0.9998098321305371;7.004305022284973e-06
1260;86;False;1259;0.9999771784320965;0.9993290992874334;0.9998098321305371;7.390767263505668e-06
1261;86;False;1259;0.99991925702584;0.9993290992874334;0.9998098321305371;7.390767263505668e-06
1262;86;False;1259;0.9998717454575738;0.9993290992874334;0.9998098321305371;7.390767263505668e-06
1263;86;False;1259;0.9998188955108509;0.9993290992874334;0.9998098321305371;8.16004434807671e-06
1264;86;False;1259;0.9997708501047387;0.9993290992874334;0.9998098321305371;8.16004434807671e-06
1265;86;False;1259;0.9997045207524125;0.9993290992874334;0.9998098321305371;8.16004434807671e-06
1266;86;False;1259;0.9996057607509605;0.9993290992874334;0.9998098321305371;7.842763429377218e-06
1267;86;False;1259;0.9994744366409214;0.9993290992874334;0.9998098321305371;8.16004434807671e-06
1268;86;False;1259;0.9993290992874334;0.9993290992874334;0.9998098321305371;7.842763429377218e-06
1269;87;False;1270;0.9999755769185596;0.9995036642629724;0.9998397804336804;7.842763429377218e-06
1270;87;True;1270;1.0;0.9995036642629724;0.9998397804336804;7.842763429377218e-06
1271;87;False;1270;0.9999785130267109;0.9995036642629724;0.9998397804336804;8.16004434807671e-06
1272;87;False;1270;0.9999438135667416;0.9995036642629724;0.9998397804336804;9.611253287166845e-06
1273;87;False;1270;0.9998921647551707;0.9995036642629724;0.9998397804336804;9.611253287166845e-06
1274;87;False;1270;0.9998302395650714;0.9995036642629724;0.9998397804336804;9.080115028889393e-06
1275;87;False;1270;0.9997739196723516;0.9995036642629724;0.9998397804336804;9.080115028889393e-06
1276;87;False;1270;0.9996991823739555;0.9995036642629724;0.9998397804336804;8.608043495971232e-06
1277;87;False;1270;0.999631918805399;0.9995036642629724;0.9998397804336804;8.608043495971232e-06
1278;87;False;1270;0.9995735970207577;0.9995036642629724;0.9998397804336804;9.080115028889393e-06
1279;88;True;1279;0.9999999999999999;0.9988707994969106;0.999676144305148;8.608043495971232e-06
1280;88;False;1279;0.9999751765401754;0.9988707994969106;0.999676144305148;9.080115028889393e-06
1281;88;False;1279;0.9999225935123748;0.9988707994969106;0.999676144305148;9.080115028889393e-06
1282;88;False;1279;0.999846655078826;0.9988707994969106;0.999676144305148;1.0207924825261492e-05
1283;88;False;1279;0.9997525661585243;0.9988707994969106;0.999676144305148;1.142941291250932e-05
1284;88;False;1279;0.9996495354543065;0.9988707994969106;0.999676144305148;1.21124816654091e-05
1285;88;False;1279;0.999474036262537;0.9988707994969106;0.999676144305148;1.3885200296658132e-05
1286;88;False;1279;0.9992845238273182;0.9988707994969106;0.999676144305148;1.3885200296658132e-05
1287;88;False;1279;0.9990995490137875;0.9988707994969106;0.999676144305148;1.4742812847593624e-05
1288;88;False;1279;0.9988707994969106;0.9988707994969106;0.999676144305148;1.4742812847593624e-05
1289;89;False;1298;0.996608661625814;0.996608661625814;0.9991621711588525;1.563089567965061e-05
1290;89;False;1298;0.9972380564458787;0.996608661625814;0.9991621711588525;1.7584347887290667e-05
1291;89;False;1298;0.9978497011575744;0.996608661625814;0.9991621711588525;1.865788357426172e-05
1292;89;False;1298;0.9984150354361561;0.996608661625814;0.9991621711588525;1.865788357426172e-05
1293;89;False;1298;0.998817015333958;0.996608661625814;0.9991621711588525;1.7584347887290667e-05
1294;89;False;1298;0.999189767609709;0.996608661625814;0.9991621711588525;1.865788357426172e-05
1295;89;False;1298;0.9995032638845883;0.996608661625814;0.9991621711588525;1.7584347887290667e-05
1296;89;False;1298;0.9997250735094717;0.996608661625814;0.9991621711588525;1.6580255908630875e-05
1297;89;False;1298;0.9999113829176158;0.996608661625814;0.9991621711588525;1.563089567965061e-05
1298;89;True;1298;0.9999999999999999;0.996608661625814;0.9991621711588525;1.3885200296658132e-05
1299;90;False;1303;0.9987320016570325;0.9928564488679432;0.9982246392027261;1.312555086816733e-05
1300;90;False;1303;0.9992380799347432;0.9928564488679432;0.9982246392027261;1.1640704178852792e-05
1301;90;False;1303;0.9995990877778889;0.9928564488679432;0.9982246392027261;1.0956213983738951e-05
1302;90;False;1303;0.9998672078358847;0.9928564488679432;0.9982246392027261;9.776665925022412e-06
1303;90;True;1303;0.9999999999999998;0.9928564488679432;0.9982246392027261;9.776665925022412e-06
1304;90;False;1303;0.9998084856728597;0.9928564488679432;0.9982246392027261;1.0343657042911488e-05
1305;90;False;1303;0.9994226543698895;0.9928564488679432;0.9982246392027261;1.0343657042911488e-05
1306;90;False;1303;0.9989117715515674;0.9928564488679432;0.9982246392027261;9.776665925022412e-06
1307;90;False;1303;0.998123159594027;0.9928564488679432;0.9982246392027261;9.776665925022412e-06
1308;90;False;1303;0.9970847115247048;0.9928564488679432;0.9982246392027261;1.0343657042911488e-05
1309;91;False;1318;0.9892382294093397;0.9892382294093397;0.9973748494280695;1.0343657042911488e-05
1310;91;False;1318;0.9914160209008187;0.9892382294093397;0.9973748494280695;9.270000799960424e-06
1311;91;False;1318;0.9933922886055514;0.9892382294093397;0.9973748494280695;9.776665925022412e-06
1312;91;False;1318;0.9950765470086929;0.9892382294093397;0.9973748494280695;9.270000799960424e-06
1313;91;False;1318;0.9966405584370936;0.9892382294093397;0.9973748494280695;7.390767263505668e-06
1314;91;False;1318;0.99773012148014;0.9892382294093397;0.9973748494280695;7.004305022284973e-06
1315;91;False;1318;0.9986863585212271;0.9892382294093397;0.9973748494280695;5.574898639230873e-06
1316;91;False;1318;0.9993265635576661;0.9892382294093397;0.9973748494280695;5.574898639230873e-06
1317;91;False;1318;0.9998245008082303;0.9892382294093397;0.9973748494280695;5.90126814686006e-06
1318;91;True;1318;0.9999999999999993;0.9892382294093397;0.9973748494280695;4.169247690618037e-06
1319;92;False;1327;0.9956556276118019;0.9945736717580559;0.9986152809778389;4.169247690618037e-06
1320;92;False;1327;0.9966297482207184;0.9945736717580559;0.9986152809778389;3.062119278254628e-06
1321;92;False;1327;0.9974836218548937;0.9945736717580559;0.9986152809778389;2.7023385970556523e-06
1322;92;False;1327;0.9981314340806348;0.9945736717580559;0.9986152809778389;2.5389864064676047e-06
1323;92;False;1327;0.998718522251429;0.9945736717580559;0.9986152809778389;2.236867354572736e-06
1324;92;False;1327;0.9992076511775392;0.9945736717580559;0.9986152809778389;2.236867354572736e-06
1325;92;False;1327;0.9995982870211209;0.9945736717580559;0.9986152809778389;2.236867354572736e-06
1326;92;False;1327;0.9998769503765685;0.9945736717580559;0.9986152809778389;2.236867354572736e-06
1327;92;True;1327;0.9999999999999992;0.9945736717580559;0.9986152809778389;1.977021372787461e-06
1328;92;False;1327;0.9998453204842124;0.9945736717580559;0.9986152809778389;2.1006713279938385e-06
1329;93;False;1338;0.9751633276888878;0.9751633276888878;0.9939663659617396;2.383334318262168e-06
1330;93;False;1338;0.978246241247728;0.9751633276888878;0.9939663659617396;2.8757587491217977e-06
1331;93;False;1338;0.9816688091358877;0.9751633276888878;0.9939663659617396;3.4676208157370418e-06
1332;93;False;1338;0.9853409462169052;0.9751633276888878;0.9939663659617396;4.406372867010968e-06
1333;93;False;1338;0.989048850433583;0.9751633276888878;0.9939663659617396;5.574898639230873e-06
1334;93;False;1338;0.9920806490186991;0.9751633276888878;0.9939663659617396;7.390767263505668e-06
1335;93;False;1338;0.9950204940348955;0.9751633276888878;0.9939663659617396;7.845361927107181e-06
1336;93;False;1338;0.9974224974215629;0.9751633276888878;0.9939663659617396;8.259997788668341e-06
1337;93;False;1338;0.9992295385292124;0.9751633276888878;0.9939663659617396;6.981640062209333e-06
1338;93;True;1338;1.0;0.9751633276888878;0.9939663659617396;2.381117586349576e-06
1339;94;False;1348;0.9222607979381048;0.9222607979381048;0.981407225625735;5.569918049099811e-07
1340;94;False;1348;0.9356088794316555;0.9222607979381048;0.981407225625735;2.098188643520491e-07
1341;94;False;1348;0.9481736873461212;0.9222607979381048;0.981407225625735;1.3559556900098416e-07
1342;94;False;1348;0.959483442485378;0.9222607979381048;0.981407225625735;1.3559556900098416e-07
1343;94;False;1348;0.969513054470678;0.9222607979381048;0.981407225625735;1.3559556900098416e-07
1344;94;False;1348;0.9799338361374059;0.9222607979381048;0.981407225625735;1.3559556900098416e-07
1345;94;False;1348;0.9883978351807681;0.9222607979381048;0.981407225625735;1.3559556900098416e-07
1346;94;False;1348;0.9944476860264743;0.9222607979381048;0.981407225625735;6.346850978863368e-08
1347;94;False;1348;0.9983297548403078;0.9222607979381048;0.981407225625735;1.8027200760499893e-08
1348;94;True;1348;0.9999999999999998;0.9222607979381048;0.981407225625735;1.1108792052654313e-08
1349;95;False;1356;0.9505974446250003;0.9238671160157756;0.9820939427673632;7.354963948582955e-09
1350;95;False;1356;0.9646961021295859;0.9238671160157756;0.9820939427673632;5.08993740266911e-09
1351;95;False;1356;0.9760870006213875;0.9238671160157756;0.9820939427673632;2.947006003724152e-09
1352;95;False;1356;0.9854936238407714;0.9238671160157756;0.9820939427673632;2.530371577875315e-09
1353;95;False;1356;0.9918178673391597;0.9238671160157756;0.9820939427673632;1.462772165200487e-09
1354;95;False;1356;0.9962884923778632;0.9238671160157756;0.9820939427673632;1.2564717154655672e-09
1355;95;False;1356;0.9989732963632838;0.9238671160157756;0.9820939427673632;7.726510814435746e-10
1356;95;True;1356;0.9999999999999998;0.9238671160157756;0.9820939427673632;6.685270536236041e-10
1357;95;False;1356;0.9988024682526635;0.9238671160157756;0.9820939427673632;6.685270536236041e-10
1358;95;False;1356;0.9962868908643261;0.9238671160157756;0.9820939427673632;8.143542447093461e-10
1359;96;True;1359;1.0;0.9336766533491915;0.9847718068607891;9.967930541025619e-10
1360;96;False;1359;0.9990320185263084;0.9336766533491915;0.9847718068607891;1.1168558607491954e-09
1361;96;False;1359;0.9962368435662929;0.9336766533491915;0.9847718068607891;1.2564717154655672e-09
1362;96;False;1359;0.9920504871804179;0.9336766533491915;0.9847718068607891;2.530371577875315e-09
1363;96;False;1359;0.9866736723986619;0.9336766533491915;0.9847718068607891;5.08993740266911e-09
1364;96;False;1359;0.979961729164843;0.9336766533491915;0.9847718068607891;7.354963948582955e-09
1365;96;False;1359;0.9716327910964391;0.9336766533491915;0.9847718068607891;8.563397314862963e-09
1366;96;False;1359;0.9617960280328932;0.9336766533491915;0.9847718068607891;9.134595277397264e-09
1367;96;False;1359;0.9491006967651567;0.9336766533491915;0.9847718068607891;1.1108792052654313e-08
1368;96;False;1359;0.9336766533491915;0.9336766533491915;0.9847718068607891;1.381980948656757e-08
1369;97;True;1369;0.9999999999999996;0.8385576929236591;0.9607493885184055;1.5777350735352042e-08
1370;97;False;1369;0.9982806417585048;0.8385576929236591;0.9607493885184055;1.8027200760499893e-08
1371;97;False;1369;0.9938730095855928;0.8385576929236591;0.9607493885184055;2.7100097305798385e-08
1372;97;False;1369;0.9860353357946822;0.8385576929236591;0.9607493885184055;4.412348806916548e-08
1373;97;False;1369;0.9743199973521643;0.8385576929236591;0.9607493885184055;1.0913411601727076e-07
1374;97;False;1369;0.9589577456668386;0.8385576929236591;0.9607493885184055;1.665825071630241e-07
1375;97;False;1369;0.9367795858272462;0.8385576929236591;0.9607493885184055;1.6911640375102816e-07
1376;97;False;1369;0.9069086891718464;0.8385576929236591;0.9607493885184055;2.098188643520491e-07
1377;97;False;1369;0.8740220090667021;0.8385576929236591;0.9607493885184055;2.098188643520491e-07
1378;97;False;1369;0.8385576929236591;0.8385576929236591;0.9607493885184055;2.2405133106932997e-07
1379;98;False;1381;0.9891342644888931;0.8845710452758557;0.9723168924326231;2.098188643520491e-07
1380;98;False;1381;0.9969587257931234;0.8845710452758557;0.9723168924326231;1.6911640375102816e-07
1381;98;True;1381;0.9999999999999998;0.8845710452758557;0.9723168924326231;1.6911640375102816e-07
1382;98;False;1381;0.9974776161791302;0.8845710452758557;0.9723168924326231;3.198113679362236e-07
1383;98;False;1381;0.9919589339898829;0.8845710452758557;0.9723168924326231;7.215478393864852e-07
1384;98;False;1381;0.9837974875455631;0.8845710452758557;0.9723168924326231;1.0002276612406802e-06
1385;98;False;1381;0.9735690209627448;0.8845710452758557;0.9723168924326231;1.0675442437467451e-06
1386;98;False;1381;0.9627030185327146;0.8845710452758557;0.9723168924326231;1.2035467938933625e-06
1387;98;False;1381;0.9512005479311646;0.8845710452758557;0.9723168924326231;1.9123044334645296e-06
1388;98;False;1381;0.938774537856577;0.8845710452758557;0.9723168924326231;3.049846009353711e-06
1389;99;False;1398;0.9718415216941018;0.9718415216941018;0.9934059400255719;4.223955392799439e-06
1390;99;False;1398;0.9797707486755483;0.9718415216941018;0.9934059400255719;8.259997788668341e-06
1391;99;False;1398;0.9852818236754946;0.9718415216941018;0.9934059400255719;3.4676208157370418e-06
1392;99;False;1398;0.9900187003397344;0.9718415216941018;0.9934059400255719;7.915388804365523e-07
1393;99;False;1398;0.9935010580666097;0.9718415216941018;0.9934059400255719;4.1235746083556834e-08
1394;99;False;1398;0.996185995511492;0.9718415216941018;0.9934059400255719;2.2093950702670035e-08
1395;99;False;1398;0.9979312448885027;0.9718415216941018;0.9934059400255719;1.4020496323278777e-08
1396;99;False;1398;0.9990639153375885;0.9718415216941018;0.9934059400255719;1.4020496323278777e-08
1397;99;False;1398;0.9997465604827604;0.9718415216941018;0.9934059400255719;1.3024196787356549e-08
1398;99;True;1398;1.0;0.9718415216941018;0.9934059400255719;1.0296493305366898e-08
1399;100;False;1404;0.9974873587198139;0.9944781147836776;0.9986292289744404;8.104108351370774e-09
1400;100;False;1404;0.9984193061389217;0.9944781147836776;0.9986292289744404;6.396803036324531e-09
1401;100;False;1404;0.9991139626356211;0.9944781147836776;0.9986292289744404;6.936373090219244e-09
1402;100;False;1404;0.9996496689137675;0.9944781147836776;0.9986292289744404;5.0492387538018175e-09
1403;100;False;1404;0.9999037757283142;0.9944781147836776;0.9986292289744404;5.0492387538018175e-09
1404;100;True;1404;0.9999999999999996;0.9944781147836776;0.9986292289744404;4.660237021286677e-09
1405;100;False;1404;0.9999007061607017;0.9944781147836776;0.9986292289744404;4.660237021286677e-09
1406;100;False;1404;0.9997328141582329;0.9944781147836776;0.9986292289744404;4.660237021286677e-09
1407;100;False;1404;0.9995001943169758;0.9944781147836776;0.9986292289744404;4.660237021286677e-09
1408;100;False;1404;0.9991622749606562;0.9944781147836776;0.9986292289744404;4.660237021286677e-09
1409;101;False;1418;0.9968813193054982;0.9968813193054982;0.9992205848822338;4.660237021286677e-09
1410;101;False;1418;0.9975486166126063;0.9968813193054982;0.9992205848822338;4.660237021286677e-09
1411;101;False;1418;0.9980982026747413;0.9968813193054982;0.9992205848822338;4.660237021286677e-09
1412;101;False;1418;0.9985665119248697;0.9968813193054982;0.9992205848822338;4.419759928584397e-09
1413;101;False;1418;0.9989664899307507;0.9968813193054982;0.9992205848822338;3.762467974890079e-09
1414;101;False;1418;0.9993057438816844;0.9968813193054982;0.9992205848822338;3.4814036410437118e-09
1415;101;False;1418;0.9996018904265787;0.9968813193054982;0.9992205848822338;3.2158452418666167e-09
1416;101;False;1418;0.9998100871863966;0.9968813193054982;0.9992205848822338;2.9700860135754674e-09
1417;101;False;1418;0.9999324695125205;0.9968813193054982;0.9992205848822338;2.7470327677801884e-09
1418;101;True;1418;0.9999999999999997;0.9968813193054982;0.9992205848822338;2.33026314412916e-09
1419;102;False;1428;0.9960127651305661;0.9960127651305661;0.9990292129118528;1.822667838181393e-09
1420;102;False;1428;0.9967794897364338;0.9960127651305661;0.9990292129118528;1.6760914329460252e-09
1421;102;False;1428;0.9975095129904106;0.9960127651305661;0.9990292129118528;1.3126344004942154e-09
1422;102;False;1428;0.9981296991076366;0.9960127651305661;0.9990292129118528;1.2121941485334202e-09
1423;102;False;1428;0.998642984196265;0.9960127651305661;0.9990292129118528;1.2121941485334202e-09
1424;102;False;1428;0.999078462418883;0.9960127651305661;0.9990292129118528;1.115602413248453e-09
1425;102;False;1428;0.9994155810184346;0.9960127651305661;0.9990292129118528;8.745615183831701e-10
1426;102;False;1428;0.9997197351310143;0.9960127651305661;0.9990292129118528;6.812240545855587e-10
1427;102;False;1428;0.9999013734580091;0.9960127651305661;0.9990292129118528;6.812240545855587e-10
1428;102;True;1428;0.9999999999999998;0.9960127651305661;0.9990292129118528;6.337798356955377e-10
1429;103;False;1437;0.9965420653545645;0.9957339683156561;0.998927368513959;4.53526352089479e-10
1430;103;False;1437;0.997278227743766;0.9957339683156561;0.998927368513959;4.53526352089479e-10
1431;103;False;1437;0.9979093575368294;0.9957339683156561;0.998927368513959;4.21036443166399e-10
1432;103;False;1437;0.9984674850044948;0.9957339683156561;0.998927368513959;3.29001195240659e-10
1433;103;False;1437;0.9989845069580421;0.9957339683156561;0.998927368513959;2.553619504446834e-10
1434;103;False;1437;0.9993814153963099;0.9957339683156561;0.998927368513959;2.1658046116727527e-10
1435;103;False;1437;0.9996951785901127;0.9957339683156561;0.998927368513959;1.6933653006813772e-10
1436;103;False;1437;0.9999056441607748;0.9957339683156561;0.998927368513959;1.4401143460317466e-10
1437;103;True;1437;0.9999999999999997;0.9957339683156561;0.998927368513959;9.303497142937107e-11
1438;103;False;1437;0.9999127175122299;0.9957339683156561;0.998927368513959;9.303497142937107e-11
1439;104;False;1443;0.9991407879873676;0.9969078777383211;0.9992402805329742;8.184712331529104e-11
1440;104;False;1443;0.9995417002094779;0.9969078777383211;0.9992402805329742;7.620898814523923e-11
1441;104;False;1443;0.9997707166452774;0.9969078777383211;0.9992402805329742;7.184201608176076e-11
1442;104;False;1443;0.9999363398369016;0.9969078777383211;0.9992402805329742;6.796316277972011e-11
1443;104;True;1443;0.9999999999999993;0.9969078777383211;0.9992402805329742;6.796316277972011e-11
1444;104;False;1443;0.999932069134136;0.9969078777383211;0.9992402805329742;6.796316277972011e-11
1445;104;False;1443;0.9997876659968781;0.9969078777383211;0.9992402805329742;6.796316277972011e-11
1446;104;False;1443;0.9996020238860402;0.9969078777383211;0.9992402805329742;6.796316277972011e-11
1447;104;False;1443;0.9993786127476201;0.9969078777383211;0.9992402805329742;6.796316277972011e-11
1448;104;False;1443;0.9991031524192464;0.9969078777383211;0.9992402805329742;6.796316277972011e-11
1449;105;False;1453;0.9994937882628274;0.9982296602442412;0.9995398110166571;6.796316277972011e-11
1450;105;False;1453;0.9996902405900401;0.9982296602442412;0.9995398110166571;6.796316277972011e-11
1451;105;False;1453;0.9998383805922182;0.9982296602442412;0.9995398110166571;6.796316277972011e-11
1452;105;False;1453;0.9999424789721273;0.9982296602442412;0.9995398110166571;6.796316277972011e-11
1453;105;True;1453;0.9999999999999996;0.9982296602442412;0.9995398110166571;6.796316277972011e-11
1454;105;False;1453;0.9999560918371916;0.9982296602442412;0.9995398110166571;6.796316277972011e-11
1455;105;False;1453;0.9998838902685625;0.9982296602442412;0.9995398110166571;6.796316277972011e-11
1456;105;False;1453;0.9997719177804298;0.9982296602442412;0.9995398110166571;6.796316277972011e-11
1457;105;False;1453;0.9996331199405512;0.9982296602442412;0.9995398110166571;6.796316277972011e-11
1458;105;False;1453;0.999493788262827;0.9982296602442412;0.9995398110166571;6.796316277972011e-11
1459;106;False;1468;0.9986860916023037;0.9986860916023037;0.9996649692995784;6.796316277972011e-11
1460;106;False;1468;0.9988988259838095;0.9986860916023037;0.9996649692995784;6.796316277972011e-11
1461;106;False;1468;0.9991305116088376;0.9986860916023037;0.9996649692995784;6.796316277972011e-11
1462;106;False;1468;0.9993641991257871;0.9986860916023037;0.9996649692995784;6.796316277972011e-11
1463;106;False;1468;0.9995307565336415;0.9986860916023037;0.9996649692995784;6.796316277972011e-11
1464;106;False;1468;0.9996910413468083;0.9986860916023037;0.9996649692995784;6.796316277972011e-11
1465;106;False;1468;0.9997986096727144;0.9986860916023037;0.9996649692995784;6.796316277972011e-11
1466;106;False;1468;0.999915653620381;0.9986860916023037;0.9996649692995784;6.796316277972011e-11
1467;106;False;1468;0.9999669020535671;0.9986860916023037;0.9996649692995784;6.796316277972011e-11
1468;106;True;1468;0.9999999999999998;0.9986860916023037;0.9996649692995784;6.756686940151408e-11
1469;107;False;1474;0.9994565530730901;0.9983225480293907;0.9995578280439489;6.756686940151408e-11
1470;107;False;1474;0.9996112325888784;0.9983225480293907;0.9995578280439489;6.756686940151408e-11
1471;107;False;1474;0.9997536338342151;0.9983225480293907;0.9995578280439489;6.756686940151408e-11
1472;107;False;1474;0.9998641382682727;0.9983225480293907;0.9995578280439489;6.756686940151408e-11
1473;107;False;1474;0.9999507534587353;0.9983225480293907;0.9995578280439489;6.756686940151408e-11
1474;107;True;1474;0.9999999999999998;0.9983225480293907;0.9995578280439489;6.756686940151408e-11
1475;107;False;1474;0.9999522215128109;0.9983225480293907;0.9995578280439489;6.756686940151408e-11
1476;107;False;1474;0.9998519934572827;0.9983225480293907;0.9995578280439489;6.756686940151408e-11
1477;107;False;1474;0.9997266750230083;0.9983225480293907;0.9995578280439489;6.756686940151408e-11
1478;107;False;1474;0.9995639879395354;0.9983225480293907;0.9995578280439489;6.756686940151408e-11
1479;108;False;1487;0.9990890057163351;0.9988491790641603;0.9997138362228191;6.496461214530716e-11
1480;108;False;1487;0.999282121557012;0.9988491790641603;0.9997138362228191;6.496461214530716e-11
1481;108;False;1487;0.9994705663165395;0.9988491790641603;0.9997138362228191;6.496461214530716e-11
1482;108;False;1487;0.999623510859329;0.9988491790641603;0.9997138362228191;6.496461214530716e-11
1483;108;False;1487;0.9997513650233707;0.9988491790641603;0.9997138362228191;6.496461214530716e-11
1484;108;False;1487;0.9998447866463654;0.9988491790641603;0.9997138362228191;6.496461214530716e-11
1485;108;False;1487;0.9999155201609196;0.9988491790641603;0.9997138362228191;6.496461214530716e-11
1486;108;False;1487;0.9999681031887196;0.9988491790641603;0.9997138362228191;6.496461214530716e-11
1487;108;True;1487;0.9999999999999996;0.9988491790641603;0.9997138362228191;6.402156011865929e-11
1488;108;False;1487;0.999965033621107;0.9988491790641603;0.9997138362228191;6.402156011865929e-11
1489;109;False;1491;0.999912450593307;0.9989707606335159;0.9997382978592151;6.402156011865929e-11
1490;109;False;1491;0.9999687704860274;0.9989707606335159;0.9997382978592151;6.402156011865929e-11
1491;109;True;1491;0.9999999999999998;0.9989707606335159;0.9997382978592151;6.402156011865929e-11
1492;109;False;1491;0.9999759772969443;0.9989707606335159;0.9997382978592151;6.496461214530716e-11
1493;109;False;1491;0.999925396161065;0.9989707606335159;0.9997382978592151;6.496461214530716e-11
1494;109;False;1491;0.9998550630248959;0.9989707606335159;0.9997382978592151;6.496461214530716e-11
1495;109;False;1491;0.9997492296719884;0.9989707606335159;0.9997382978592151;6.496461214530716e-11
1496;109;False;1491;0.9996559415084545;0.9989707606335159;0.9997382978592151;6.496461214530716e-11
1497;109;False;1491;0.9995394313986332;0.9989707606335159;0.9997382978592151;6.496461214530716e-11
1498;109;False;1491;0.9993760770178537;0.9989707606335159;0.9997382978592151;6.496461214530716e-11
1499;110;False;1506;0.9992645049081049;0.9988250229016435;0.9997017181037223;6.496461214530716e-11
1500;110;False;1506;0.9994525492892483;0.9988250229016435;0.9997017181037223;6.496461214530716e-11
1501;110;False;1506;0.9996110991294176;0.9988250229016435;0.9997017181037223;6.402156011865929e-11
1502;110;False;1506;0.999755368807214;0.9988250229016435;0.9997017181037223;6.402156011865929e-11
1503;110;False;1506;0.9998386475111409;0.9988250229016435;0.9997017181037223;6.402156011865929e-11
1504;110;False;1506;0.9999236611880665;0.9988250229016435;0.9997017181037223;6.402156011865929e-11
1505;110;False;1506;0.9999737084860996;0.9988250229016435;0.9997017181037223;6.402156011865929e-11
1506;110;True;1506;0.9999999999999997;0.9988250229016435;0.9997017181037223;6.328882578377402e-11
1507;110;False;1506;0.999958227188575;0.9988250229016435;0.9997017181037223;6.328882578377402e-11
1508;110;False;1506;0.9999001723228562;0.9988250229016435;0.9997017181037223;6.328882578377402e-11
1509;111;False;1514;0.9995545123177745;0.9985757206277075;0.9996308274035807;6.328882578377402e-11
1510;111;False;1514;0.9996732912384394;0.9985757206277075;0.9996308274035807;6.328882578377402e-11
1511;111;False;1514;0.9997915363212587;0.9985757206277075;0.9996308274035807;6.328882578377402e-11
1512;111;False;1514;0.9998898959443265;0.9985757206277075;0.9996308274035807;6.328882578377402e-11
1513;111;False;1514;0.9999603625399571;0.9985757206277075;0.9996308274035807;6.328882578377402e-11
1514;111;True;1514;0.9999999999999998;0.9985757206277075;0.9996308274035807;6.328882578377402e-11
1515;111;False;1514;0.9999628982697246;0.9985757206277075;0.9996308274035807;6.328882578377402e-11
1516;111;False;1514;0.9998884278902505;0.9985757206277075;0.9996308274035807;6.328882578377402e-11
1517;111;False;1514;0.999775387726427;0.9985757206277075;0.9996308274035807;6.328882578377402e-11
1518;111;False;1514;0.9996077626428815;0.9985757206277075;0.9996308274035807;6.328882578377402e-11
1519;112;False;1524;0.9992407491239721;0.9977597494805759;0.999412300881449;6.328882578377402e-11
1520;112;False;1524;0.9994568199920134;0.9977597494805759;0.999412300881449;6.328882578377402e-11
1521;112;False;1524;0.9996321857243216;0.9977597494805759;0.999412300881449;6.328882578377402e-11
1522;112;False;1524;0.9997946058888716;0.9977597494805759;0.999412300881449;6.328882578377402e-11
1523;112;False;1524;0.99994181167482;0.9977597494805759;0.999412300881449;6.328882578377402e-11
1524;112;True;1524;0.9999999999999998;0.9977597494805759;0.999412300881449;6.328882578377402e-11
1525;112;False;1524;0.9999483511884293;0.9977597494805759;0.999412300881449;6.328882578377402e-11
1526;112;False;1524;0.9998370459976038;0.9977597494805759;0.999412300881449;6.328882578377402e-11
1527;112;False;1524;0.9996700882113652;0.9977597494805759;0.999412300881449;6.328882578377402e-11
1528;112;False;1524;0.9994685644246186;0.9977597494805759;0.999412300881449;6.328882578377402e-11
1529;113;False;1532;0.9996393925352383;0.9975484831531451;0.9994040649497964;6.328882578377402e-11
1530;113;False;1532;0.9998283711326116;0.9975484831531451;0.9994040649497964;6.328882578377402e-11
1531;113;False;1532;0.9999534226479636;0.9975484831531451;0.9994040649497964;6.328882578377402e-11
1532;113;True;1532;0.9999999999999998;0.9975484831531451;0.9994040649497964;6.328882578377402e-11
1533;113;False;1532;0.9999352721612105;0.9975484831531451;0.9994040649497964;6.402156011865929e-11
1534;113;False;1532;0.9998339764299912;0.9975484831531451;0.9994040649497964;6.496461214530716e-11
1535;113;False;1532;0.9996784961574353;0.9975484831531451;0.9994040649497964;6.496461214530716e-11
1536;113;False;1532;0.9994717674516929;0.9975484831531451;0.9994040649497964;6.496461214530716e-11
1537;113;False;1532;0.9992172602587615;0.9975484831531451;0.9994040649497964;6.756686940151408e-11
1538;113;False;1532;0.9988702656590651;0.9975484831531451;0.9994040649497964;6.796316277972011e-11
1539;114;False;1540;0.999921392377222;0.9961430215649132;0.9990379559894588;6.796316277972011e-11
1540;114;True;1540;0.9999999999999997;0.9961430215649132;0.9990379559894588;6.796316277972011e-11
1541;114;False;1540;0.9999212589177604;0.9961430215649132;0.9990379559894588;7.620898814523923e-11
1542;114;False;1540;0.9997478950773736;0.9961430215649132;0.9990379559894588;9.303497142937107e-11
1543;114;False;1540;0.9994880495059858;0.9961430215649132;0.9990379559894588;1.0469395140055768e-10
1544;114;False;1540;0.9991421225819808;0.9961430215649132;0.9990379559894588;1.0469395140055768e-10
1545;114;False;1540;0.9986552624667149;0.9961430215649132;0.9990379559894588;1.1287625537139937e-10
1546;114;False;1540;0.9981657331622202;0.9961430215649132;0.9990379559894588;1.8394825339836529e-10
1547;114;False;1540;0.9975611618019802;0.9961430215649132;0.9990379559894588;2.1658046116727527e-10
1548;114;False;1540;0.9968958663867928;0.9961430215649132;0.9990379559894588;2.356237978131445e-10
1549;115;True;1549;0.9999999999999997;0.9949680444665565;0.9988104698888168;2.553619504446834e-10
1550;115;False;1549;0.999902307674239;0.9949680444665565;0.9988104698888168;3.570279832807469e-10
1551;115;False;1549;0.9996851691305062;0.9949680444665565;0.9988104698888168;4.53526352089479e-10
1552;115;False;1549;0.999419050964431;0.9949680444665565;0.9988104698888168;5.835561688082984e-10
1553;115;False;1549;0.9990607123105135;0.9949680444665565;0.9988104698888168;6.812240545855587e-10
1554;115;False;1549;0.9985140623565305;0.9949680444665565;0.9988104698888168;9.475699513142999e-10
1555;115;False;1549;0.9978779945633945;0.9949680444665565;0.9988104698888168;1.4258287515609341e-09
1556;115;False;1549;0.9971164748765227;0.9949680444665565;0.9988104698888168;2.1473914858859864e-09
1557;115;False;1549;0.9962102851334695;0.9949680444665565;0.9988104698888168;3.762467974890079e-09
1558;115;False;1549;0.9949680444665565;0.9949680444665565;0.9988104698888168;5.915630487979928e-09
1559;116;True;1559;1.0;0.9949461571148838;0.9987333125255202;1.6356490705917938e-08
1560;116;False;1559;0.9998800199441815;0.9949461571148838;0.9987333125255202;2.376046221068656e-08
1561;116;False;1559;0.999569993615299;0.9949461571148838;0.9987333125255202;6.1761620588063e-08
1562;116;False;1559;0.9991463932847469;0.9949461571148838;0.9987333125255202;1.261570649458565e-07
1563;116;False;1559;0.9986016117632232;0.9949461571148838;0.9987333125255202;2.216474038445883e-07
1564;116;False;1559;0.9979760872675397;0.9949461571148838;0.9987333125255202;2.693664972468001e-07
1565;116;False;1559;0.9973837941777505;0.9949461571148838;0.9987333125255202;4.619646786211081e-07
1566;116;False;1559;0.9966656488158407;0.9949461571148838;0.9987333125255202;7.915388804365523e-07
1567;116;False;1559;0.99585261377686;0.9949461571148838;0.9987333125255202;8.421323901290764e-07
1568;116;False;1559;0.9949461571148838;0.9949461571148838;0.9987333125255202;1.030427192096642e-06
1569;117;True;1569;1.0;0.9957537203159467;0.9989299279698525;1.1759476683163509e-06
1570;117;False;1569;0.999912850971691;0.9957537203159467;0.9989299279698525;1.3369332260632525e-06
1571;117;False;1569;0.9997265415635467;0.9957537203159467;0.9989299279698525;1.7355634880298171e-06
1572;117;False;1569;0.9993979643695265;0.9957537203159467;0.9989299279698525;2.1006713279938385e-06
1573;117;False;1569;0.9990169376071678;0.9957537203159467;0.9989299279698525;3.2624589405895127e-06
1574;117;False;1569;0.998451336409663;0.9957537203159467;0.9989299279698525;4.406372867010968e-06
1575;117;False;1569;0.9979413878075711;0.9957537203159467;0.9989299279698525;5.574898639230873e-06
1576;117;False;1569;0.9973417544474034;0.9957537203159467;0.9989299279698525;7.845361927107181e-06
1577;117;False;1569;0.9965762309766888;0.9957537203159467;0.9989299279698525;1.312555086816733e-05
1578;117;False;1569;0.9957537203159467;0.9957537203159467;0.9989299279698525;1.7584347887290667e-05
1579;118;True;1579;0.9999999999999993;0.9959089336695802;0.9989668754803055;2.2321261712395125e-05
1580;118;False;1579;0.9999135182689989;0.9959089336695802;0.9989668754803055;2.6730886885562708e-05
1581;118;False;1579;0.9997013177253384;0.9959089336695802;0.9989668754803055;2.9188541305311307e-05
1582;118;False;1579;0.9994402710187973;0.9959089336695802;0.9989668754803055;3.0432003070134583e-05
1583;118;False;1579;0.9990373569047655;0.9959089336695802;0.9989668754803055;3.154438579006668e-05
1584;118;False;1579;0.9985703822492504;0.9959089336695802;0.9989668754803055;3.52649835287262e-05
1585;118;False;1579;0.9979930366191405;0.9959089336695802;0.9989668754803055;4.1749414294041886e-05
1586;118;False;1579;0.9973651098531512;0.9959089336695802;0.9989668754803055;4.625665215533857e-05
1587;118;False;1579;0.9966751244376009;0.9959089336695802;0.9989668754803055;4.855947098871235e-05
1588;118;False;1579;0.9959089336695802;0.9959089336695802;0.9989668754803055;6.56053984149559e-05
1589;119;True;1589;0.9999999999999998;0.9962209618903841;0.9990275520829996;7.655210950593868e-05
1590;119;False;1589;0.9998957681606295;0.9962209618903841;0.9990275520829996;9.944779155131516e-05
1591;119;False;1589;0.9996946447522669;0.9962209618903841;0.9990275520829996;0.0001157778402177
1592;119;False;1589;0.9994051711804431;0.9962209618903841;0.9990275520829996;0.0001425301881104
1593;119;False;1589;0.9990225429045474;0.9962209618903841;0.9990275520829996;0.0001578599837281
1594;119;False;1589;0.9985674461410998;0.9962209618903841;0.9990275520829996;0.0001846687479272
1595;119;False;1589;0.9980342755927201;0.9962209618903841;0.9990275520829996;0.0001942952176368
1596;119;False;1589;0.9974402475299324;0.9962209618903841;0.9990275520829996;0.0002243696270988
1597;119;False;1589;0.9968890599542612;0.9962209618903841;0.9990275520829996;0.000256896628417
1598;119;False;1589;0.9962209618903841;0.9962209618903841;0.9990275520829996;0.0002967433239411
1599;120;True;1599;0.9999999999999996;0.9960740230233591;0.9990032476321917;0.0003228564237898
1600;120;False;1599;0.9999221931339908;0.9960740230233591;0.9990032476321917;0.0003848499778528
1601;120;False;1599;0.9997671132398189;0.9960740230233591;0.9990032476321917;0.0004030960395058
1602;120;False;1599;0.999541833668939;0.9960740230233591;0.9990032476321917;0.0004413870700364
1603;120;False;1599;0.9991752205284136;0.9960740230233591;0.9990032476321917;0.0005959252036119
1604;120;False;1599;0.9986840897103819;0.9960740230233591;0.9990032476321917;0.00074401169602
1605;120;False;1599;0.9981179546750312;0.9960740230233591;0.9990032476321917;0.0009369336338091
1606;120;False;1599;0.997579045369811;0.9960740230233591;0.9990032476321917;0.0012929162064317
1607;120;False;1599;0.996901872062557;0.9960740230233591;0.9990032476321917;0.0015484303741918
1608;120;False;1599;0.9960740230233591;0.9960740230233591;0.9990032476321917;0.0019425741212497
1609;121;True;1609;1.0;0.9962307044310678;0.9990649207321977;0.0027639406451824
1610;121;False;1609;0.9999048434040061;0.9962307044310678;0.9990649207321977;0.0038838255071349
1611;121;False;1609;0.9997074568605635;0.9962307044310678;0.9990649207321977;0.0043910055140599
1612;121;False;1609;0.9994161148562801;0.9962307044310678;0.9990649207321977;0.0056091383316811
1613;121;False;1609;0.9990812650675733;0.9962307044310678;0.9990649207321977;0.0063178709784153
1614;121;False;1609;0.9986654053857832;0.9962307044310678;0.9990649207321977;0.0065060831753316
1615;121;False;1609;0.9981680019730648;0.9962307044310678;0.9990649207321977;0.0065060831753316
1616;121;False;1609;0.9975638309912088;0.9962307044310678;0.9990649207321977;0.0057850055991406
1617;121;False;1609;0.9969611280634285;0.9962307044310678;0.9990649207321977;0.0055815248458417
1618;121;False;1609;0.9962307044310678;0.9962307044310678;0.9990649207321977;0.0053941055580968
1619;122;False;1628;0.9971029954709195;0.9971029954709195;0.999236333098682;0.0044011603205699
1620;122;False;1628;0.9976342975868395;0.9971029954709195;0.999236333098682;0.0042134908228453
1621;122;False;1628;0.9981296991076369;0.9971029954709195;0.999236333098682;0.0040403955686193
1622;122;False;1628;0.9985248725729063;0.9971029954709195;0.999236333098682;0.0040403955686193
1623;122;False;1628;0.9989399314979279;0.9971029954709195;0.999236333098682;0.0035660979730125
1624;122;False;1628;0.9992849242057027;0.9971029954709195;0.999236333098682;0.0030005260396937
1625;122;False;1628;0.9995989543184279;0.9971029954709195;0.999236333098682;0.0028633708119812
1626;122;False;1628;0.9997884667536467;0.9971029954709195;0.999236333098682;0.0026209531857587
1627;122;False;1628;0.9999239281069894;0.9971029954709195;0.999236333098682;0.0025046370380814
1628;122;True;1628;0.9999999999999996;0.9971029954709195;0.999236333098682;0.0021754299931989
1629;123;False;1637;0.9979060210502945;0.9975065768822589;0.999345609705694;0.0020855088840638
1630;123;False;1637;0.9983915465709464;0.9975065768822589;0.999345609705694;0.0017735350746137
1631;123;False;1637;0.9987458814410208;0.9975065768822589;0.999345609705694;0.0016926178936922
1632;123;False;1637;0.9990405599318396;0.9975065768822589;0.999345609705694;0.0016926178936922
1633;123;False;1637;0.9993276312333579;0.9975065768822589;0.999345609705694;0.0014729665431844
1634;123;False;1637;0.9995818715073654;0.9975065768822589;0.999345609705694;0.0011980434810244
1635;123;False;1637;0.9997805926454226;0.9975065768822589;0.999345609705694;0.0009686882050902
1636;123;False;1637;0.9999276649719091;0.9975065768822589;0.999345609705694;0.0008350532086415
1637;123;True;1637;0.9999999999999998;0.9975065768822589;0.999345609705694;0.0006986116825777
1638;123;False;1637;0.9999379413504388;0.9975065768822589;0.999345609705694;0.0006986116825777
1639;124;False;1647;0.998783650468603;0.9985916023036169;0.9996106779906722;0.000727178391343
1640;124;False;1647;0.9990886053379511;0.9985916023036169;0.9996106779906722;0.000727178391343
1641;124;False;1647;0.9992859918813938;0.9985916023036169;0.9996106779906722;0.0006986116825777
1642;124;False;1647;0.9994554853973993;0.9985916023036169;0.9996106779906722;0.0006695880183859
1643;124;False;1647;0.9996200409133325;0.9985916023036169;0.9996106779906722;0.0006695880183859
1644;124;False;1647;0.9997587052937495;0.9985916023036169;0.9996106779906722;0.0006105878588073
1645;124;False;1647;0.9998620029168899;0.9985916023036169;0.9996106779906722;0.0006105878588073
1646;124;False;1647;0.9999526218911952;0.9985916023036169;0.9996106779906722;0.0006105878588073
1647;124;True;1647;1.0;0.9985916023036169;0.9996106779906722;0.0005998244497531
1648;124;False;1647;0.9999538230263482;0.9985916023036169;0.9996106779906722;0.0005998244497531
1649;125;False;1657;0.9992853245840865;0.9991860307447887;0.9997363167276545;0.0005977918997663
1650;125;False;1657;0.99939075755861;0.9991860307447887;0.9997363167276545;0.0005940178058327
1651;125;False;1657;0.999491652911445;0.9991860307447887;0.9997363167276545;0.0005940178058327
1652;125;False;1657;0.9995957512913537;0.9991860307447887;0.9997363167276545;0.0005940178058327
1653;125;False;1657;0.9997070564821797;0.9991860307447887;0.9997363167276545;0.0005940178058327
1654;125;False;1657;0.9998245008082306;0.9991860307447887;0.9997363167276545;0.0005940178058327
1655;125;False;1657;0.9999036422688535;0.9991860307447887;0.9997363167276545;0.0005940178058327
1656;125;False;1657;0.9999666351346442;0.9991860307447887;0.9997363167276545;0.000562202408658
1657;125;True;1657;0.9999999999999997;0.9991860307447887;0.9997363167276545;0.000524236852729
1658;125;False;1657;0.9999657009184145;0.9991860307447887;0.9997363167276545;0.000524236852729
1659;126;False;1663;0.9996950451306511;0.9990749924728856;0.9997226445472732;0.000524236852729
1660;126;False;1663;0.9998174274567747;0.9990749924728856;0.9997226445472732;0.000524236852729
1661;126;False;1663;0.9998944335660149;0.9990749924728856;0.9997226445472732;0.000524236852729
1662;126;False;1663;0.9999649001616457;0.9990749924728856;0.9997226445472732;0.000524236852729
1663;126;True;1663;0.9999999999999996;0.9990749924728856;0.9997226445472732;0.000524236852729
1664;126;False;1663;0.9999701050806409;0.9990749924728856;0.9997226445472732;0.0005447432834351
1665;126;False;1663;0.999913384809537;0.9990749924728856;0.9997226445472732;0.000562202408658
1666;126;False;1663;0.9998199631865422;0.9990749924728856;0.9997226445472732;0.0005785033719357
1667;126;False;1663;0.9997129286984818;0.9990749924728856;0.9997226445472732;0.0005447432834351
1668;126;False;1663;0.9995818715073659;0.9990749924728856;0.9997226445472732;0.000524236852729
1669;127;True;1669;0.9999999999999996;0.998135170945555;0.9994794606482024;0.0005447432834351
1670;127;False;1669;0.9999491519451981;0.998135170945555;0.9994794606482024;0.0005785033719357
1671;127;False;1669;0.99985639761951;0.998135170945555;0.9994794606482024;0.0005785033719357
1672;127;False;1669;0.9997353498880005;0.998135170945555;0.9994794606482024;0.0005785033719357
1673;127;False;1669;0.999582538804673;0.998135170945555;0.9994794606482024;0.0005940178058327
1674;127;False;1669;0.9994003666398321;0.998135170945555;0.9994794606482024;0.0005940178058327
1675;127;False;1669;0.9991842957717904;0.998135170945555;0.9994794606482024;0.0005940178058327
1676;127;False;1669;0.9988797412808268;0.998135170945555;0.9994794606482024;0.0005940178058327
1677;127;False;1669;0.9985165980862978;0.998135170945555;0.9994794606482024;0.0005940178058327
1678;127;False;1669;0.998135170945555;0.998135170945555;0.9994794606482024;0.0005940178058327
1679;128;False;1684;0.9982065717574151;0.9949727155477073;0.9986521721387417;0.0005940178058327
1680;128;False;1684;0.9987342704678763;0.9949727155477073;0.9986521721387417;0.0005940178058327
1681;128;False;1684;0.999178557014949;0.9949727155477073;0.9986521721387417;0.0005940178058327
1682;128;False;1684;0.9995675913449938;0.9949727155477073;0.9986521721387417;0.0005940178058327
1683;128;False;1684;0.9998558637816648;0.9949727155477073;0.9986521721387417;0.0005977918997663
1684;128;True;1684;0.9999999999999998;0.9949727155477073;0.9986521721387417;0.0005940178058327
1685;128;False;1684;0.9998788188090291;0.9949727155477073;0.9986521721387417;0.0005940178058327
1686;128;False;1684;0.9996077626428815;0.9949727155477073;0.9986521721387417;0.0005977918997663
1687;128;False;1684;0.9992089857721534;0.9949727155477073;0.9986521721387417;0.0005940178058327
1688;128;False;1684;0.9987528213330141;0.9949727155477073;0.9986521721387417;0.0005940178058327
1689;129;True;1689;0.9999999999999997;0.995257918416765;0.9987595536214018;0.0006105878588073
1690;129;False;1689;0.9998712116197277;0.995257918416765;0.9987595536214018;0.000727178391343
1691;129;False;1689;0.9995876102642068;0.995257918416765;0.9987595536214018;0.0009686882050902
1692;129;False;1689;0.999121703284384;0.995257918416765;0.9987595536214018;0.0010529968886975
1693;129;False;1689;0.9985693145735595;0.995257918416765;0.9987595536214018;0.0010954063222436
1694;129;False;1689;0.9979148293747476;0.995257918416765;0.9987595536214018;0.0010529968886975
1695;129;False;1689;0.997319600176807;0.995257918416765;0.9987595536214018;0.0010122317953116
1696;129;False;1689;0.9967411868710054;0.995257918416765;0.9987595536214018;0.0010954063222436
1697;129;False;1689;0.9960222407523269;0.995257918416765;0.9987595536214018;0.0010529968886975
1698;129;False;1689;0.995257918416765;0.995257918416765;0.9987595536214018;0.0012461053914082
1699;130;True;1699;0.9999999999999998;0.9972409925540298;0.9992507882412367;0.0012461053914082
1700;130;False;1699;0.9999121836743845;0.9972409925540298;0.9992507882412367;0.0013620250755895
1701;130;False;1699;0.9997672466992809;0.9972409925540298;0.9992507882412367;0.0014106423014245
1702;130;False;1699;0.999567991723378;0.9972409925540298;0.9992507882412367;0.0014106423014245
1703;130;False;1699;0.9992762493407107;0.9972409925540298;0.9992507882412367;0.0014106423014245
1704;130;False;1699;0.9989412660925421;0.9972409925540298;0.9992507882412367;0.0014106423014245
1705;130;False;1699;0.998552098303036;0.9972409925540298;0.9992507882412367;0.0014106423014245
1706;130;False;1699;0.9981104809451917;0.9972409925540298;0.9992507882412367;0.0014106423014245
1707;130;False;1699;0.9976947547228634;0.9972409925540298;0.9992507882412367;0.0014106423014245
1708;130;False;1699;0.9972409925540298;0.9972409925540298;0.9992507882412367;0.0013620250755895
1709;131;False;1717;0.9978243438599037;0.9973848618534422;0.9992523867890077;0.0013069497922765
1710;131;False;1717;0.9981730734325986;0.9973848618534422;0.9992523867890077;0.0012461053914082
1711;131;False;1717;0.998551964843575;0.9973848618534422;0.9992523867890077;0.001144412146494
1712;131;False;1717;0.998935260416778;0.9973848618534422;0.9992523867890077;0.0010122317953116
1713;131;False;1717;0.9992819880975516;0.9973848618534422;0.9992523867890077;0.0008768903505436
1714;131;False;1717;0.99958040345329;0.9973848618534422;0.9992523867890077;0.0007639228007188
1715;131;False;1717;0.9997821941589596;0.9973848618534422;0.9992523867890077;0.0006986116825777
1716;131;False;1717;0.9999332702692889;0.9973848618534422;0.9992523867890077;0.0006695880183859
1717;131;True;1717;0.9999999999999997;0.9973848618534422;0.9992523867890077;0.0005998244497531
1718;131;False;1717;0.9999304676205991;0.9973848618534422;0.9992523867890077;0.0005998244497531
1719;132;False;1728;0.9974692082330612;0.9974692082330612;0.9993122922925911;0.0005977918997663
1720;132;False;1728;0.9979347148345;0.9974692082330612;0.9993122922925911;0.0005940178058327
1721;132;False;1728;0.9984190392199987;0.9974692082330612;0.9993122922925911;0.0005940178058327
1722;132;False;1728;0.9987546897654735;0.9974692082330612;0.9993122922925911;0.0005940178058327
1723;132;False;1728;0.9990480336616784;0.9974692082330612;0.9993122922925911;0.0005940178058327
1724;132;False;1728;0.9993092138276811;0.9974692082330612;0.9993122922925911;0.0005940178058327
1725;132;False;1728;0.9995878771831297;0.9974692082330612;0.9993122922925911;0.0005940178058327
1726;132;False;1728;0.9997891340509533;0.9974692082330612;0.9993122922925911;0.0005940178058327
1727;132;False;1728;0.999925796539449;0.9974692082330612;0.9993122922925911;0.0005940178058327
1728;132;True;1728;0.9999999999999996;0.9974692082330612;0.9993122922925911;0.0005785033719357
1729;133;False;1730;0.9999287326476007;0.9970612226594944;0.9992048010765967;0.0005940178058327
1730;133;True;1730;1.0;0.9970612226594944;0.9992048010765967;0.0005940178058327
1731;133;False;1730;0.9999295334043695;0.9970612226594944;0.9992048010765967;0.0005977918997663
1732;133;False;1730;0.9997813934021913;0.9970612226594944;0.9992048010765967;0.0006695880183859
1733;133;False;1730;0.9995216812902643;0.9970612226594944;0.9992048010765967;0.0005998244497531
1734;133;False;1730;0.9992767831785558;0.9970612226594944;0.9992048010765967;0.0005998244497531
1735;133;False;1730;0.9989526101467624;0.9970612226594944;0.9992048010765967;0.0006105878588073
1736;133;False;1730;0.9985224703026009;0.9970612226594944;0.9992048010765967;0.0006105878588073
1737;133;False;1730;0.9980600332687747;0.9970612226594944;0.9992048010765967;0.0006417511984731
1738;133;False;1730;0.9975807803428096;0.9970612226594944;0.9992048010765967;0.0005998244497531
1739;134;False;1743;0.9990126669044025;0.9960193046441759;0.9989497867377121;0.0005998244497531
1740;134;False;1743;0.9994018346939078;0.9960193046441759;0.9989497867377121;0.0006105878588073
1741;134;False;1743;0.9997078572389477;0.9960193046441759;0.9989497867377121;0.0005998244497531
1742;134;False;1743;0.999906711836466;0.9960193046441759;0.9989497867377121;0.0005998244497531
1743;134;True;1743;0.9999999999999994;0.9960193046441759;0.9989497867377121;0.0005940178058327
1744;134;False;1743;0.9998838902685628;0.9960193046441759;0.9989497867377121;0.0005940178058327
1745;134;False;1743;0.9997014511847995;0.9960193046441759;0.9989497867377121;0.0005998244497531
1746;134;False;1743;0.9993501858823377;0.9960193046441759;0.9989497867377121;0.0005998244497531
1747;134;False;1743;0.9989891780391924;0.9960193046441759;0.9989497867377121;0.0005998244497531
1748;134;False;1743;0.998545558789427;0.9960193046441759;0.9989497867377121;0.0006105878588073
1749;135;False;1753;0.999215792204686;0.9967945706555741;0.9991593566470997;0.0005998244497531
1750;135;False;1753;0.9995336926417925;0.9967945706555741;0.9991593566470997;0.0006105878588073
1751;135;False;1753;0.9997541676720614;0.9967945706555741;0.9991593566470997;0.0005998244497531
1752;135;False;1753;0.9999227269718367;0.9967945706555741;0.9991593566470997;0.0005998244497531
1753;135;True;1753;0.9999999999999993;0.9967945706555741;0.9991593566470997;0.0005977918997663
1754;135;False;1753;0.9999212589177607;0.9967945706555741;0.9991593566470997;0.0005998244497531
1755;135;False;1753;0.9997157313471718;0.9967945706555741;0.9991593566470997;0.0005977918997663
1756;135;False;1753;0.9994649610191606;0.9967945706555741;0.9991593566470997;0.0005977918997663
1757;135;False;1753;0.9991764216635671;0.9967945706555741;0.9991593566470997;0.0005977918997663
1758;135;False;1753;0.9987353381435684;0.9967945706555741;0.9991593566470997;0.0005977918997663
1759;136;False;1763;0.9991487955550524;0.9970341303888266;0.9992407076032507;0.0005977918997663
1760;136;False;1763;0.999503530803511;0.9970341303888266;0.9992407076032507;0.0005940178058327
1761;136;False;1763;0.9997502973476795;0.9970341303888266;0.9992407076032507;0.0005940178058327
1762;136;False;1763;0.9999245954042966;0.9970341303888266;0.9992407076032507;0.0005940178058327
1763;136;True;1763;0.9999999999999998;0.9970341303888266;0.9992407076032507;0.0005940178058327
1764;136;False;1763;0.999929533404369;0.9970341303888266;0.9992407076032507;0.0005940178058327
1765;136;False;1763;0.9997852637265721;0.9970341303888266;0.9992407076032507;0.0005940178058327
1766;136;False;1763;0.9996175051835654;0.9970341303888266;0.9992407076032507;0.0005940178058327
1767;136;False;1763;0.9993678025312456;0.9970341303888266;0.9992407076032507;0.0005940178058327
1768;136;False;1763;0.9990361557696126;0.9970341303888266;0.9992407076032507;0.0005940178058327
1769;137;False;1772;0.9996542065354563;0.9983257510564647;0.9995394432616969;0.0005940178058327
1770;137;False;1772;0.9998104875647813;0.9983257510564647;0.9995394432616969;0.0005940178058327
1771;137;False;1772;0.9999343379449805;0.9983257510564647;0.9995394432616969;0.0005940178058327
1772;137;True;1772;1.0;0.9983257510564647;0.9995394432616969;0.0005940178058327
1773;137;False;1772;0.9999510203776583;0.9983257510564647;0.9995394432616969;0.0005977918997663
1774;137;False;1772;0.9998653394034256;0.9983257510564647;0.9995394432616969;0.0005977918997663
1775;137;False;1772;0.9997605737262091;0.9983257510564647;0.9995394432616969;0.0005977918997663
1776;137;False;1772;0.9995853414533631;0.9983257510564647;0.9995394432616969;0.0005977918997663
1777;137;False;1772;0.9994002331803709;0.9983257510564647;0.9995394432616969;0.0005977918997663
1778;137;False;1772;0.9991822938798693;0.9983257510564647;0.9995394432616969;0.0005977918997663
1779;138;False;1783;0.999615636751106;0.9988262240367962;0.9996252665926885;0.0005977918997663
1780;138;False;1783;0.9997336149150025;0.9988262240367962;0.9996252665926885;0.0005940178058327
1781;138;False;1783;0.9998574652952015;0.9988262240367962;0.9996252665926885;0.0005940178058327
1782;138;False;1783;0.9999555579993462;0.9988262240367962;0.9996252665926885;0.0005940178058327
1783;138;True;1783;0.9999999999999999;0.9988262240367962;0.9996252665926885;0.0005940178058327
1784;138;False;1783;0.9999404770802056;0.9988262240367962;0.9996252665926885;0.0005940178058327
1785;138;False;1783;0.9998558637816641;0.9988262240367962;0.9996252665926885;0.0005940178058327
1786;138;False;1783;0.9997565699423663;0.9988262240367962;0.9996252665926885;0.0005940178058327
1787;138;False;1783;0.9996460655083093;0.9988262240367962;0.9996252665926885;0.0005940178058327
1788;138;False;1783;0.9995417002094775;0.9988262240367962;0.9996252665926885;0.0005940178058327
1789;139;False;1798;0.9990361557696128;0.9990361557696128;0.9996752931303609;0.0005940178058327
1790;139;False;1798;0.9991289100953009;0.9990361557696128;0.9996752931303609;0.0005940178058327
1791;139;False;1798;0.9992566307998816;0.9990361557696128;0.9996752931303609;0.0005940178058327
1792;139;False;1798;0.9993644660447102;0.9990361557696128;0.9996752931303609;0.0005940178058327
1793;139;False;1798;0.9994815099923768;0.9990361557696128;0.9996752931303609;0.0005785033719357
1794;139;False;1798;0.9996249789134051;0.9990361557696128;0.9996752931303609;0.000562202408658
1795;139;False;1798;0.999765511726282;0.9990361557696128;0.9996752931303609;0.0005179603558745
1796;139;False;1798;0.999880420322566;0.9990361557696128;0.9996752931303609;0.0004931605713091
1797;139;False;1798;0.9999596952426506;0.9990361557696128;0.9996752931303609;0.0005179603558745
1798;139;True;1798;1.0;0.9990361557696128;0.9996752931303609;0.0004694948530662
1799;140;False;1805;0.9996424621028512;0.9993666013960925;0.9997809722634461;0.0004486533770503
1800;140;False;1805;0.9996991823739553;0.9993666013960925;0.9997809722634461;0.0004486533770503
1801;140;False;1805;0.9997628425370537;0.9993666013960925;0.9997809722634461;0.0004486533770503
1802;140;False;1805;0.9998399821057552;0.9993666013960925;0.9997809722634461;0.0004486533770503
1803;140;False;1805;0.9999077795121569;0.9993666013960925;0.9997809722634461;0.0004486533770503
1804;140;False;1805;0.9999628982697244;0.9993666013960925;0.9997809722634461;0.0004338459432218
1805;140;True;1805;1.0;0.9993666013960925;0.9997809722634461;0.0003962319131784
1806;140;False;1805;0.9999636990264933;0.9993666013960925;0.9997809722634461;0.0004146179290245
1807;140;False;1805;0.9998972362147052;0.9993666013960925;0.9997809722634461;0.0003962319131784
1808;140;False;1805;0.9998182282135437;0.9993666013960925;0.9997809722634461;0.0003962319131784
1809;141;False;1818;0.9991337146359116;0.9991337146359116;0.9997141654228241;0.000342876255182
1810;141;False;1818;0.9992562304214965;0.9991337146359116;0.9997141654228241;0.0003262263841058
1811;141;False;1818;0.9993523212337208;0.9991337146359116;0.9997141654228241;0.0002977914606313
1812;141;False;1818;0.9994530831270938;0.9991337146359116;0.9997141654228241;0.0002870448738765
1813;141;False;1818;0.9995539784799288;0.9991337146359116;0.9997141654228241;0.0002870448738765
1814;141;False;1818;0.9996704885897496;0.9991337146359116;0.9997141654228241;0.0002870448738765
1815;141;False;1818;0.9997876659968781;0.9991337146359116;0.9997141654228241;0.000266964631119
1816;141;False;1818;0.999878818809029;0.9991337146359116;0.9997141654228241;0.0002404454801518
1817;141;False;1818;0.999964900161646;0.9991337146359116;0.9997141654228241;0.0002297862048221
1818;141;True;1818;1.0;0.9991337146359116;0.9997141654228241;0.00019382216008
1819;142;False;1828;0.998500182572543;0.9976758034793412;0.9993382783326129;0.0001851661017231
1820;142;False;1828;0.9985889331143882;0.9976758034793412;0.9993382783326129;0.0001851661017231
1821;142;False;1828;0.998683555872536;0.9976758034793412;0.9993382783326129;0.0001606715831181
1822;142;False;1828;0.9988184833880336;0.9976758034793412;0.9993382783326129;0.0001606715831181
1823;142;False;1828;0.998991046471652;0.9976758034793412;0.9993382783326129;0.0001777888495392
1824;142;False;1828;0.9991634760958086;0.9976758034793412;0.9993382783326129;0.0001690196357706
1825;142;False;1828;0.9993244282062834;0.9976758034793412;0.9993382783326129;0.0001459224680699
1826;142;False;1828;0.9976758034793412;0.9976758034793412;0.9993382783326129;0.0001165020281575
1827;142;False;1828;0.9983717945706552;0.9976758034793412;0.9993382783326129;0.0001004334088319
1828;142;True;1828;1.0;0.9976758034793412;0.9993382783326129;6.416924988784921e-05
1829;143;False;1831;0.9609502954258637;0.8448500396107681;0.9594497573173154;3.4068767436635745e-05
1830;143;False;1831;0.9875658488982655;0.8448500396107681;0.9594497573173154;2.641695769569579e-05
1831;143;True;1831;0.9999999999999998;0.8448500396107681;0.9594497573173154;4.9523519807001135e-06
1832;143;False;1831;0.9899794632580763;0.8448500396107681;0.9594497573173154;2.875288267267214e-05
1833;143;False;1831;0.9716259846639064;0.8448500396107681;0.9594497573173154;2.3686880146689143e-05
1834;143;False;1831;0.9587312649608057;0.8448500396107681;0.9594497573173154;2.2929917529026e-05
1835;143;False;1831;0.955225818747104;0.8448500396107681;0.9594497573173154;2.3686880146689143e-05
1836;143;False;1831;0.9661865773947433;0.8448500396107681;0.9594497573173154;1.70592679645671e-05
1837;143;False;1831;0.9661142423666527;0.8448500396107681;0.9594497573173154;1.70592679645671e-05
1838;143;False;1831;0.9659974653379089;0.8448500396107681;0.9594497573173154;1.7738721183295593e-05
1839;144;False;1840;0.9999586275669592;0.9979485946184872;0.9994723754336836;1.7738721183295593e-05
1840;144;True;1840;0.9999999999999998;0.9979485946184872;0.9994723754336836;1.6588775927662987e-05
1841;144;False;1840;0.9999459489181242;0.9979485946184872;0.9994723754336836;1.70592679645671e-05
1842;144;False;1840;0.9998726796738036;0.9979485946184872;0.9994723754336836;1.994993729894382e-05
1843;144;False;1840;0.999745492807068;0.9979485946184872;0.9994723754336836;2.1817595716597885e-05
1844;144;False;1840;0.9995778677235231;0.9979485946184872;0.9994723754336836;2.1817595716597885e-05
1845;144;False;1840;0.9993265635576658;0.9979485946184872;0.9994723754336836;2.1817595716597885e-05
1846;144;False;1840;0.9990464321481419;0.9979485946184872;0.9994723754336836;2.3686880146689143e-05
1847;144;False;1840;0.998698636791677;0.9979485946184872;0.9994723754336836;2.115422666542004e-05
1848;144;False;1840;0.9982778391098146;0.9979485946184872;0.9994723754336836;2.3686880146689143e-05
1849;145;False;1858;0.9966137330853482;0.9966137330853482;0.999155664268667;2.2929917529026e-05
1850;145;False;1858;0.9973030512035912;0.9966137330853482;0.999155664268667;2.641695769569579e-05
1851;145;False;1858;0.9978789287796254;0.9966137330853482;0.999155664268667;2.875288267267214e-05
1852;145;False;1858;0.9983352266782257;0.9966137330853482;0.999155664268667;3.0492172133545413e-05
1853;145;False;1858;0.9987562912790116;0.9966137330853482;0.999155664268667;3.156839766253881e-05
1854;145;False;1858;0.9991586715551978;0.9966137330853482;0.999155664268667;2.6679395608676636e-05
1855;145;False;1858;0.9994630925867006;0.9966137330853482;0.999155664268667;1.6580255908630875e-05
1856;145;False;1858;0.9997635098343607;0.9966137330853482;0.999155664268667;1.0956213983738951e-05
1857;145;False;1858;0.9999311349179065;0.9966137330853482;0.999155664268667;8.259997788668341e-06
1858;145;True;1858;1.0;0.9966137330853482;0.999155664268667;6.614726738806288e-06
1859;146;False;1868;0.9958323279387236;0.9958323279387236;0.9989113415155251;4.670014115080013e-06
1860;146;False;1868;0.996455984001947;0.9958323279387236;0.9989113415155251;2.7023385970556523e-06
1861;146;False;1868;0.9970848449841665;0.9958323279387236;0.9989113415155251;2.383334318262168e-06
1862;146;False;1868;0.9976455081815987;0.9958323279387236;0.9989113415155251;1.5273335071545364e-06
1863;146;False;1868;0.9982052371628007;0.9958323279387236;0.9989113415155251;1.2549428597759237e-06
1864;146;False;1868;0.9987450806842519;0.9958323279387236;0.9989113415155251;1.1017501925905195e-06
1865;146;False;1868;0.9992611684215691;0.9958323279387236;0.9989113415155251;6.93928015085421e-07
1866;146;False;1868;0.9996472666434622;0.9958323279387236;0.9989113415155251;3.3009722520864297e-07
1867;146;False;1868;0.9998873602145596;0.9958323279387236;0.9989113415155251;2.534730069371564e-07
1868;146;True;1868;1.0;0.9958323279387236;0.9989113415155251;1.9336540010335314e-07
1869;147;False;1878;0.9935094660126793;0.9935094660126793;0.998417138164115;1.51478921438668e-07
1870;147;False;1878;0.9948407241403607;0.9935094660126793;0.998417138164115;1.0972474343864277e-07
1871;147;False;1878;0.9958622228580825;0.9935094660126793;0.998417138164115;7.676040844537079e-08
1872;147;False;1878;0.9967610723307577;0.9935094660126793;0.998417138164115;5.793728439603302e-08
1873;147;False;1878;0.9975084453147187;0.9935094660126793;0.998417138164115;3.852525416433943e-08
1874;147;False;1878;0.998233664028084;0.9935094660126793;0.998417138164115;2.5549403349031376e-08
1875;147;False;1878;0.9988902845782786;0.9935094660126793;0.998417138164115;2.5549403349031376e-08
1876;147;False;1878;0.9994777731274571;0.9935094660126793;0.998417138164115;1.904245660732646e-08
1877;147;False;1878;0.9998475892950566;0.9935094660126793;0.998417138164115;1.904245660732646e-08
1878;147;True;1878;1.0;0.9935094660126793;0.998417138164115;1.1137369172312454e-08
1879;148;False;1885;0.9919618700980339;0.9791114589361248;0.9949615672340296;5.915630487979928e-09
1880;148;False;1885;0.9939380043433046;0.9791114589361248;0.9949615672340296;4.07193816636911e-09
1881;148;False;1885;0.995781479883923;0.9791114589361248;0.9949615672340296;2.1473914858859864e-09
1882;148;False;1885;0.9974323734217083;0.9791114589361248;0.9949615672340296;1.115602413248453e-09
1883;148;False;1885;0.9987340035489539;0.9791114589361248;0.9949615672340296;8.043592991352106e-10
1884;148;False;1885;0.9996465993461549;0.9791114589361248;0.9949615672340296;4.927886075483965e-10
1885;148;True;1885;0.9999999999999996;0.9791114589361248;0.9949615672340296;4.53526352089479e-10
1886;148;False;1885;0.9995263523714145;0.9791114589361248;0.9949615672340296;4.53526352089479e-10
1887;148;False;1885;0.9982981249479512;0.9791114589361248;0.9949615672340296;4.53526352089479e-10
1888;148;False;1885;0.9963520190815002;0.9791114589361248;0.9949615672340296;4.53526352089479e-10
1889;149;False;1896;0.9591293745342266;0.9314354686135374;0.9831266936005654;3.570279832807469e-10
1890;149;False;1896;0.9673055015193026;0.9314354686135374;0.9831266936005654;2.553619504446834e-10
1891;149;False;1896;0.9755207321265751;0.9314354686135374;0.9831266936005654;1.5647002668879876e-10
1892;149;False;1896;0.9833289113765113;0.9314354686135374;0.9831266936005654;1.2267773488429814e-10
1893;149;False;1896;0.9897201515245342;0.9314354686135374;0.9831266936005654;1.1287625537139937e-10
1894;149;False;1896;0.9950712086302365;0.9314354686135374;0.9831266936005654;1.2267773488429814e-10
1895;149;False;1896;0.9986827551157683;0.9314354686135374;0.9831266936005654;1.0469395140055768e-10
1896;149;True;1896;0.9999999999999993;0.9314354686135374;0.9831266936005654;9.731540392186194e-11
1897;149;False;1896;0.9988726679293711;0.9314354686135374;0.9831266936005654;9.731540392186194e-11
1898;149;False;1896;0.9953949812836447;0.9314354686135374;0.9831266936005654;1.0469395140055768e-10
1899;150;False;1908;0.9268522037893947;0.9268522037893947;0.9824322298786432;1.1287625537139937e-10
1900;150;False;1908;0.9429071100794993;0.9268522037893947;0.9824322298786432;1.0469395140055768e-10
1901;150;False;1908;0.9583892083611816;0.9268522037893947;0.9824322298786432;9.731540392186194e-11
1902;150;False;1908;0.9722140070509304;0.9268522037893947;0.9824322298786432;9.731540392186194e-11
1903;150;False;1908;0.9814337870243239;0.9268522037893947;0.9824322298786432;9.731540392186194e-11
1904;150;False;1908;0.9877919292259135;0.9268522037893947;0.9824322298786432;9.731540392186194e-11
1905;150;False;1908;0.9932041107649467;0.9268522037893947;0.9824322298786432;9.731540392186194e-11
1906;150;False;1908;0.9969097461707814;0.9268522037893947;0.9824322298786432;9.731540392186194e-11
1907;150;False;1908;0.9992350103671306;0.9268522037893947;0.9824322298786432;9.731540392186194e-11
1908;150;True;1908;0.9999999999999998;0.9268522037893947;0.9824322298786432;9.303497142937107e-11
1909;151;False;1915;0.9911895401947866;0.9858734494679771;0.9965854752687158;9.303497142937107e-11
1910;151;False;1915;0.9944443495399387;0.9858734494679771;0.9965854752687158;9.303497142937107e-11
1911;151;False;1915;0.996776820547205;0.9858734494679771;0.9965854752687158;8.792465728991556e-11
1912;151;False;1915;0.9983194784617782;0.9858734494679771;0.9965854752687158;8.792465728991556e-11
1913;151;False;1915;0.9993224263143619;0.9858734494679771;0.9965854752687158;8.792465728991556e-11
1914;151;False;1915;0.9998172939973136;0.9858734494679771;0.9965854752687158;8.184712331529104e-11
1915;151;True;1915;1.0;0.9858734494679771;0.9965854752687158;7.620898814523923e-11
1916;151;False;1915;0.9998451870247506;0.9858734494679771;0.9965854752687158;7.620898814523923e-11
1917;151;False;1915;0.9994905852357532;0.9858734494679771;0.9965854752687158;7.620898814523923e-11
1918;151;False;1915;0.9990739247971953;0.9858734494679771;0.9965854752687158;7.620898814523923e-11
1919;152;False;1927;0.9979221696451255;0.9974163582863371;0.9993159728079606;7.184201608176076e-11
1920;152;False;1927;0.9983230818672368;0.9974163582863371;0.9993159728079606;7.184201608176076e-11
1921;152;False;1927;0.9987162534405846;0.9974163582863371;0.9993159728079606;7.184201608176076e-11
1922;152;False;1927;0.9990580431212859;0.9974163582863371;0.9993159728079606;7.184201608176076e-11
1923;152;False;1927;0.9993658006393238;0.9974163582863371;0.9993159728079606;7.184201608176076e-11
1924;152;False;1927;0.9995898790750508;0.9974163582863371;0.9993159728079606;7.184201608176076e-11
1925;152;False;1927;0.9997863314022633;0.9974163582863371;0.9993159728079606;7.184201608176076e-11
1926;152;False;1927;0.999929266485446;0.9974163582863371;0.9993159728079606;7.184201608176076e-11
1927;152;True;1927;0.9999999999999999;0.9974163582863371;0.9993159728079606;6.796316277972011e-11
1928;152;False;1927;0.9999173885933799;0.9974163582863371;0.9993159728079606;6.796316277972011e-11
1929;153;False;1933;0.9990374903642262;0.9952565838221517;0.9988387425342774;6.756686940151408e-11
1930;153;False;1933;0.9994321299916503;0.9952565838221517;0.9988387425342774;6.756686940151408e-11
1931;153;False;1933;0.9997090583741002;0.9952565838221517;0.9988387425342774;6.756686940151408e-11
1932;153;False;1933;0.9998959016200908;0.9952565838221517;0.9988387425342774;6.402156011865929e-11
1933;153;True;1933;0.9999999999999996;0.9952565838221517;0.9988387425342774;6.402156011865929e-11
1934;153;False;1933;0.9999040426472371;0.9952565838221517;0.9988387425342774;6.496461214530716e-11
1935;153;False;1933;0.9996519377246127;0.9952565838221517;0.9988387425342774;6.402156011865929e-11
1936;153;False;1933;0.999348183990417;0.9952565838221517;0.9988387425342774;6.402156011865929e-11
1937;153;False;1933;0.9988777393889052;0.9952565838221517;0.9988387425342774;6.402156011865929e-11
1938;153;False;1933;0.9982498126229165;0.9952565838221517;0.9988387425342774;6.402156011865929e-11
1939;154;False;1944;0.9979312448885025;0.9938242968821741;0.9984956390193231;6.328882578377402e-11
1940;154;False;1944;0.9986339089528875;0.9938242968821741;0.9984956390193231;6.328882578377402e-11
1941;154;False;1944;0.9992127226370733;0.9938242968821741;0.9984956390193231;6.328882578377402e-11
1942;154;False;1944;0.9996339206973199;0.9938242968821741;0.9984956390193231;6.328882578377402e-11
1943;154;False;1944;0.999889895944327;0.9938242968821741;0.9984956390193231;6.328882578377402e-11
1944;154;True;1944;0.9999999999999998;0.9938242968821741;0.9984956390193231;6.328882578377402e-11
1945;154;False;1944;0.9998914974578637;0.9938242968821741;0.9984956390193231;6.328882578377402e-11
1946;154;False;1944;0.9995804034532902;0.9938242968821741;0.9984956390193231;6.328882578377402e-11
1947;154;False;1944;0.9991466602036692;0.9938242968821741;0.9984956390193231;6.328882578377402e-11
1948;154;False;1944;0.9985494291138077;0.9938242968821741;0.9984956390193231;6.328882578377402e-11
1949;155;False;1954;0.9981056764045813;0.9938257649362487;0.99850993697629;6.328882578377402e-11
1950;155;False;1954;0.9987378738733352;0.9938257649362487;0.99850993697629;6.328882578377402e-11
1951;155;False;1954;0.9992323411779024;0.9938257649362487;0.99850993697629;6.328882578377402e-11
1952;155;False;1954;0.999632319183783;0.9938257649362487;0.99850993697629;6.328882578377402e-11
1953;155;False;1954;0.9998754823224936;0.9938257649362487;0.99850993697629;6.328882578377402e-11
1954;155;True;1954;0.9999999999999996;0.9938257649362487;0.99850993697629;6.328882578377402e-11
1955;155;False;1954;0.9998932324308625;0.9938257649362487;0.99850993697629;6.328882578377402e-11
1956;155;False;1954;0.9995998885346578;0.9938257649362487;0.99850993697629;6.328882578377402e-11
1957;155;False;1954;0.9990617799862054;0.9938257649362487;0.99850993697629;6.328882578377402e-11
1958;155;False;1954;0.9983756648950368;0.9938257649362487;0.99850993697629;6.328882578377402e-11
1959;156;False;1963;0.998247810730995;0.9928310915702732;0.9982634343852783;6.328882578377402e-11
1960;156;False;1963;0.9990144018774008;0.9928310915702732;0.9982634343852783;6.328882578377402e-11
1961;156;False;1963;0.9995515762096225;0.9928310915702732;0.9982634343852783;6.328882578377402e-11
1962;156;False;1963;0.9998688093494222;0.9928310915702732;0.9982634343852783;6.328882578377402e-11
1963;156;True;1963;0.9999999999999994;0.9928310915702732;0.9982634343852783;6.328882578377402e-11
1964;156;False;1963;0.9998581325925079;0.9928310915702732;0.9982634343852783;6.328882578377402e-11
1965;156;False;1963;0.9995242170200315;0.9928310915702732;0.9982634343852783;6.328882578377402e-11
1966;156;False;1963;0.999102885500323;0.9928310915702732;0.9982634343852783;6.328882578377402e-11
1967;156;False;1963;0.9985431565191205;0.9928310915702732;0.9982634343852783;6.328882578377402e-11
1968;156;False;1963;0.9977732288861791;0.9928310915702732;0.9982634343852783;6.328882578377402e-11
1969;157;False;1973;0.9984195730578442;0.9932263984950043;0.9983256442888958;6.328882578377402e-11
1970;157;False;1973;0.9990727236620426;0.9932263984950043;0.9983256442888958;6.328882578377402e-11
1971;157;False;1973;0.9994851133978344;0.9932263984950043;0.9983256442888958;6.328882578377402e-11
1972;157;False;1973;0.9998569314573558;0.9932263984950043;0.9983256442888958;6.328882578377402e-11
1973;157;True;1973;0.9999999999999993;0.9932263984950043;0.9983256442888958;6.328882578377402e-11
1974;157;False;1973;0.9998491908085925;0.9932263984950043;0.9983256442888958;6.328882578377402e-11
1975;157;False;1973;0.9995406325337863;0.9932263984950043;0.9983256442888958;6.328882578377402e-11
1976;157;False;1973;0.9990983478786347;0.9932263984950043;0.9983256442888958;6.328882578377402e-11
1977;157;False;1973;0.9984919080859347;0.9932263984950043;0.9983256442888958;6.328882578377402e-11
1978;157;False;1973;0.9977911124540104;0.9932263984950043;0.9983256442888958;6.328882578377402e-11
1979;158;False;1983;0.9987261294407297;0.9951909217671311;0.9988595681417907;6.328882578377402e-11
1980;158;False;1983;0.9993024073951489;0.9951909217671311;0.9988595681417907;6.328882578377402e-11
1981;158;False;1983;0.9996746258330531;0.9951909217671311;0.9988595681417907;6.328882578377402e-11
1982;158;False;1983;0.9999099148635395;0.9951909217671311;0.9988595681417907;6.328882578377402e-11
1983;158;True;1983;0.9999999999999994;0.9951909217671311;0.9988595681417907;6.328882578377402e-11
1984;158;False;1983;0.9999247288637578;0.9951909217671311;0.9988595681417907;6.328882578377402e-11
1985;158;False;1983;0.9997453593476069;0.9951909217671311;0.9988595681417907;6.328882578377402e-11
1986;158;False;1983;0.9994576207487817;0.9951909217671311;0.9988595681417907;6.328882578377402e-11
1987;158;False;1983;0.999064048797049;0.9951909217671311;0.9988595681417907;6.328882578377402e-11
1988;158;False;1983;0.9986133561958285;0.9951909217671311;0.9988595681417907;6.328882578377402e-11
1989;159;False;1993;0.9990406933913015;0.996197339565712;0.9989641321469321;6.328882578377402e-11
1990;159;False;1993;0.9993384414497328;0.996197339565712;0.9989641321469321;6.328882578377402e-11
1991;159;False;1993;0.9996336537783976;0.996197339565712;0.9989641321469321;6.328882578377402e-11
1992;159;False;1993;0.9998918978362479;0.996197339565712;0.9989641321469321;6.328882578377402e-11
1993;159;True;1993;0.9999999999999996;0.996197339565712;0.9989641321469321;6.328882578377402e-11
1994;159;False;1993;0.9999001723228567;0.996197339565712;0.9989641321469321;6.328882578377402e-11
1995;159;False;1993;0.999697180482034;0.996197339565712;0.9989641321469321;6.328882578377402e-11
1996;159;False;1993;0.9993820826936177;0.996197339565712;0.9989641321469321;6.328882578377402e-11
1997;159;False;1993;0.9990923422028706;0.996197339565712;0.9989641321469321;6.328882578377402e-11
1998;159;False;1993;0.998734670846261;0.996197339565712;0.9989641321469321;6.328882578377402e-11
1999;160;False;2003;0.9994290604240379;0.9979028180232195;0.9994857391744207;6.328882578377402e-11
2000;160;False;2003;0.9996742254546697;0.9979028180232195;0.9994857391744207;6.328882578377402e-11
2001;160;False;2003;0.9998490573491323;0.9979028180232195;0.9994857391744207;6.328882578377402e-11
2002;160;False;2003;0.999953155729041;0.9979028180232195;0.9994857391744207;6.328882578377402e-11
2003;160;True;2003;0.9999999999999999;0.9979028180232195;0.9994857391744207;6.328882578377402e-11
2004;160;False;2003;0.999957426431806;0.9979028180232195;0.9994857391744207;6.328882578377402e-11
2005;160;False;2003;0.999858933349277;0.9979028180232195;0.9994857391744207;6.328882578377402e-11
2006;160;False;2003;0.999746960861144;0.9979028180232195;0.9994857391744207;6.328882578377402e-11
2007;160;False;2003;0.9995743977775264;0.9979028180232195;0.9994857391744207;6.328882578377402e-11
2008;160;False;2003;0.999378879666543;0.9979028180232195;0.9994857391744207;6.328882578377402e-11
2009;161;False;2013;0.9996303172918614;0.9984868366264006;0.9996170365925675;6.328882578377402e-11
2010;161;False;2013;0.9997664459425117;0.9984868366264006;0.9996170365925675;6.328882578377402e-11
2011;161;False;2013;0.9998906967010953;0.9984868366264006;0.9996170365925675;6.328882578377402e-11
2012;161;False;2013;0.9999580937291139;0.9984868366264006;0.9996170365925675;6.328882578377402e-11
2013;161;True;2013;0.9999999999999999;0.9984868366264006;0.9996170365925675;6.328882578377402e-11
2014;161;False;2013;0.9999667685941058;0.9984868366264006;0.9996170365925675;6.328882578377402e-11
2015;161;False;2013;0.9998904297821725;0.9984868366264006;0.9996170365925675;6.328882578377402e-11
2016;161;False;2013;0.9998058164836312;0.9984868366264006;0.9996170365925675;6.328882578377402e-11
2017;161;False;2013;0.9996595449139134;0.9984868366264006;0.9996170365925675;6.328882578377402e-11
2018;161;False;2013;0.9994867149113721;0.9984868366264006;0.9996170365925675;6.328882578377402e-11
2019;162;False;2024;0.9994402710187973;0.9983005272182565;0.9995625614061808;6.328882578377402e-11
2020;162;False;2024;0.9996141686970296;0.9983005272182565;0.9995625614061808;6.328882578377402e-11
2021;162;False;2024;0.9997520323206781;0.9983005272182565;0.9995625614061808;6.328882578377402e-11
2022;162;False;2024;0.9998760161603386;0.9983005272182565;0.9995625614061808;6.328882578377402e-11
2023;162;False;2024;0.9999619640534946;0.9983005272182565;0.9995625614061808;6.328882578377402e-11
2024;162;True;2024;1.0;0.9983005272182565;0.9995625614061808;6.328882578377402e-11
2025;162;False;2024;0.9999563587561151;0.9983005272182565;0.9995625614061808;6.328882578377402e-11
2026;162;False;2024;0.999866407079117;0.9983005272182565;0.9995625614061808;6.328882578377402e-11
2027;162;False;2024;0.9997294776716981;0.9983005272182565;0.9995625614061808;6.328882578377402e-11
2028;162;False;2024;0.9995447697770912;0.9983005272182565;0.9995625614061808;6.402156011865929e-11
2029;163;False;2030;0.9999503530803509;0.9981776110542875;0.9995361156724587;6.402156011865929e-11
2030;163;True;2030;0.9999999999999998;0.9981776110542875;0.9995361156724587;6.402156011865929e-11
2031;163;False;2030;0.9999502196208894;0.9981776110542875;0.9995361156724587;6.756686940151408e-11
2032;163;False;2030;0.9998501250248234;0.9981776110542875;0.9995361156724587;6.756686940151408e-11
2033;163;False;2030;0.9997324137798497;0.9981776110542875;0.9995361156724587;6.796316277972011e-11
2034;163;False;2030;0.9995654559936107;0.9981776110542875;0.9995361156724587;8.184712331529104e-11
2035;163;False;2030;0.9993445805849579;0.9981776110542875;0.9995361156724587;8.184712331529104e-11
2036;163;False;2030;0.9990948779326384;0.9981776110542875;0.9995361156724587;9.303497142937107e-11
2037;163;False;2030;0.9988332973882519;0.9981776110542875;0.9995361156724587;9.303497142937107e-11
2038;163;False;2030;0.998527141383751;0.9981776110542875;0.9995361156724587;9.303497142937107e-11
2039;164;False;2042;0.9997198685904756;0.9980513584037818;0.9994800300752372;9.303497142937107e-11
2040;164;False;2042;0.9998620029168896;0.9980513584037818;0.9994800300752372;9.303497142937107e-11
2041;164;False;2042;0.9999499527019664;0.9980513584037818;0.9994800300752372;9.303497142937107e-11
2042;164;True;2042;1.0;0.9980513584037818;0.9994800300752372;9.303497142937107e-11
2043;164;False;2042;0.9999279318908321;0.9980513584037818;0.9994800300752372;9.731540392186194e-11
2044;164;False;2042;0.9998071510782454;0.9980513584037818;0.9994800300752372;9.731540392186194e-11
2045;164;False;2042;0.9996803645898945;0.9980513584037818;0.9994800300752372;9.731540392186194e-11
2046;164;False;2042;0.9994959236142096;0.9980513584037818;0.9994800300752372;9.731540392186194e-11
2047;164;False;2042;0.9992388806915113;0.9980513584037818;0.9994800300752372;9.731540392186194e-11
2048;164;False;2042;0.9989949167960326;0.9980513584037818;0.9994800300752372;9.731540392186194e-11
2049;165;False;2052;0.9996950451306511;0.9978112648326847;0.9994545541469352;9.731540392186194e-11
2050;165;False;2052;0.9998365121597581;0.9978112648326847;0.9994545541469352;9.731540392186194e-11
2051;165;False;2052;0.9999483511884297;0.9978112648326847;0.9994545541469352;9.731540392186194e-11
2052;165;True;2052;1.0;0.9978112648326847;0.9994545541469352;9.731540392186194e-11
2053;165;False;2052;0.9999531557290406;0.9978112648326847;0.9994545541469352;1.0469395140055768e-10
2054;165;False;2052;0.9998618694574286;0.9978112648326847;0.9994545541469352;1.2267773488429814e-10
2055;165;False;2052;0.99971466367148;0.9978112648326847;0.9994545541469352;1.2267773488429814e-10
2056;165;False;2052;0.9995203466956506;0.9978112648326847;0.9994545541469352;1.3279036157836955e-10
2057;165;False;2052;0.999261034962108;0.9978112648326847;0.9994545541469352;1.6933653006813772e-10
2058;165;False;2052;0.9989367284708536;0.9978112648326847;0.9994545541469352;1.8394825339836529e-10
2059;166;True;2059;1.0;0.9975359379637723;0.9993852293711413;2.356237978131445e-10
2060;166;False;2059;0.9999483511884297;0.9975359379637723;0.9993852293711413;2.7773988552964144e-10
2061;166;False;2059;0.9998405159436009;0.9975359379637723;0.9993852293711413;3.8878248431768615e-10
2062;166;False;2059;0.9996850356710445;0.9975359379637723;0.9993852293711413;4.21036443166399e-10
2063;166;False;2059;0.9994688313435416;0.9975359379637723;0.9993852293711413;4.927886075483965e-10
2064;166;False;2059;0.9991932375557063;0.9975359379637723;0.9993852293711413;6.812240545855587e-10
2065;166;False;2059;0.9988406376586303;0.9975359379637723;0.9993852293711413;8.043592991352106e-10
2066;166;False;2059;0.9984863027885553;0.9975359379637723;0.9993852293711413;1.0299423549219635e-09
2067;166;False;2059;0.9980465538631709;0.9975359379637723;0.9993852293711413;1.3126344004942154e-09
2068;166;False;2059;0.9975359379637723;0.9975359379637723;0.9993852293711413;2.1473914858859864e-09
2069;167;True;2069;0.9999999999999998;0.997792447048624;0.9994374060890256;3.2158452418666167e-09
2070;167;False;2069;0.999949151945198;0.997792447048624;0.9994374060890256;4.660237021286677e-09
2071;167;False;2069;0.9998422509165996;0.997792447048624;0.9994374060890256;6.396803036324531e-09
2072;167;False;2069;0.9996690205356744;0.997792447048624;0.9994374060890256;1.0296493305366898e-08
2073;167;False;2069;0.9994795081004559;0.997792447048624;0.9994374060890256;1.2027568024317128e-08
2074;167;False;2069;0.9992169933398392;0.997792447048624;0.9994374060890256;1.7624983086912564e-08
2075;167;False;2069;0.9989153749570262;0.997792447048624;0.9994374060890256;2.0541706999501308e-08
2076;167;False;2069;0.9985554347895722;0.997792447048624;0.9994374060890256;2.376046221068656e-08
2077;167;False;2069;0.9981912239193527;0.997792447048624;0.9994374060890256;2.7432176423301787e-08
2078;167;False;2069;0.997792447048624;0.997792447048624;0.9994374060890256;3.1196724401796255e-08
2079;168;True;2079;0.9999999999999999;0.9984198399767674;0.999604648588782;3.3400665058613434e-08
2080;168;False;2079;0.9999540899452706;0.9984198399767674;0.999604648588782;4.385724911509996e-08
2081;168;False;2079;0.99986387134935;0.9984198399767674;0.999604648588782;4.385724911509996e-08
2082;168;False;2079;0.9997390867529206;0.9984198399767674;0.999604648588782;4.385724911509996e-08
2083;168;False;2079;0.999582805723596;0.9984198399767674;0.999604648588782;6.1761620588063e-08
2084;168;False;2079;0.9994233216671973;0.9984198399767674;0.999604648588782;7.143387421980822e-08
2085;168;False;2079;0.9992254012859089;0.9984198399767674;0.999604648588782;8.84903284765026e-08
2086;168;False;2079;0.9989921141473437;0.9984198399767674;0.999604648588782;9.216278444465487e-08
2087;168;False;2079;0.9987302666840344;0.9984198399767674;0.999604648588782;9.216278444465487e-08
2088;168;False;2079;0.9984198399767674;0.9984198399767674;0.999604648588782;9.216278444465487e-08
2089;169;False;2094;0.9994955232358258;0.9985887996549268;0.9996327966720782;9.216278444465487e-08
2090;169;False;2094;0.9996524715624571;0.9985887996549268;0.9996327966720782;9.216278444465487e-08
2091;169;False;2094;0.9997923370780276;0.9985887996549268;0.9996327966720782;9.216278444465487e-08
2092;169;False;2094;0.9998906967010955;0.9985887996549268;0.9996327966720782;9.216278444465487e-08
2093;169;False;2094;0.9999586275669593;0.9985887996549268;0.9996327966720782;9.216278444465487e-08
2094;169;True;2094;0.9999999999999998;0.9985887996549268;0.9996327966720782;9.216278444465487e-08
2095;169;False;2094;0.9999560918371921;0.9985887996549268;0.9996327966720782;9.216278444465487e-08
2096;169;False;2094;0.9998846910253316;0.9985887996549268;0.9996327966720782;9.216278444465487e-08
2097;169;False;2094;0.9997847298887268;0.9985887996549268;0.9996327966720782;9.216278444465487e-08
2098;169;False;2094;0.9996530054003033;0.9985887996549268;0.9996327966720782;9.216278444465487e-08
2099;170;True;2099;0.9999999999999993;0.9987440130085605;0.9996727662978911;9.216278444465487e-08
2100;170;False;2099;0.9999669020535671;0.9987440130085605;0.9996727662978911;9.785759618791769e-08
2101;170;False;2099;0.9999129844311524;0.9987440130085605;0.9996727662978911;9.785759618791769e-08
2102;170;False;2099;0.9998154255648533;0.9987440130085605;0.9996727662978911;1.079844202748268e-07
2103;170;False;2099;0.9996938439954983;0.9987440130085605;0.9996727662978911;1.3112518344438425e-07
2104;170;False;2099;0.9995507754528539;0.9987440130085605;0.9996727662978911;1.3980156430676746e-07
2105;170;False;2099;0.9993871541531512;0.9987440130085605;0.9996727662978911;1.4929996689807537e-07
2106;170;False;2099;0.9992027131774668;0.9987440130085605;0.9996727662978911;1.9033727251668194e-07
2107;170;False;2099;0.9989839731201968;0.9987440130085605;0.9996727662978911;2.639161763908628e-07
2108;170;False;2099;0.9987440130085605;0.9987440130085605;0.9996727662978911;3.231427762564257e-07
2109;171;True;2109;0.9999999999999991;0.9993716728556266;0.9998298332551555;3.699580005086924e-07
2110;171;False;2109;0.9999714396752554;0.9993716728556266;0.9998298332551555;4.520672519011514e-07
2111;171;False;2109;0.9999265972962181;0.9993716728556266;0.9998298332551555;5.880634808458493e-07
2112;171;False;2109;0.9998733469711104;0.9993716728556266;0.9998298332551555;5.880634808458493e-07
2113;171;False;2109;0.9998068841593228;0.9993716728556266;0.9998298332551555;6.293688726115901e-07
2114;171;False;2109;0.9997325472393112;0.9993716728556266;0.9998298332551555;6.935030762617857e-07
2115;171;False;2109;0.9996523381029963;0.9993716728556266;0.9998298332551555;6.935030762617857e-07
2116;171;False;2109;0.9995525104258527;0.9993716728556266;0.9998298332551555;6.935030762617857e-07
2117;171;False;2109;0.9994654948570059;0.9993716728556266;0.9998298332551555;7.400046716127736e-07
2118;171;False;2109;0.9993716728556266;0.9993716728556266;0.9998298332551555;7.400046716127736e-07
2119;172;False;2120;0.9999871878917035;0.9996123002645698;0.999883297115401;7.400046716127736e-07
2120;172;True;2120;0.9999999999999996;0.9996123002645698;0.999883297115401;7.400046716127736e-07
2121;172;False;2120;0.9999831841078606;0.9996123002645698;0.999883297115401;7.843340433402948e-07
2122;172;False;2120;0.999953022269579;0.9996123002645698;0.999883297115401;8.378374460814878e-07
2123;172;False;2120;0.9999156536203813;0.9996123002645698;0.999883297115401;8.936966344992065e-07
2124;172;False;2120;0.9998693431872681;0.9996123002645698;0.999883297115401;8.936966344992065e-07
2125;172;False;2120;0.9998283711326119;0.9996123002645698;0.999883297115401;8.936966344992065e-07
2126;172;False;2120;0.9997872656184936;0.9996123002645698;0.999883297115401;8.936966344992065e-07
2127;172;False;2120;0.9997328141582336;0.9996123002645698;0.999883297115401;1.092112639916208e-06
2128;172;False;2120;0.9996648832923699;0.9996123002645698;0.999883297115401;1.2457170421119786e-06
2129;173;True;2129;0.9999999999999989;0.9995904129128971;0.9998788603297502;1.3259331950643414e-06
2130;173;False;2129;0.99998692097278;0.9995904129128971;0.9998788603297502;1.41469517983965e-06
2131;173;False;2129;0.9999620975129557;0.9995904129128971;0.9998788603297502;1.5072899266779508e-06
2132;173;False;2129;0.9999245954042963;0.9995904129128971;0.9998788603297502;1.5997732426123388e-06
2133;173;False;2129;0.9998841571874857;0.9995904129128971;0.9998788603297502;1.6854234416421196e-06
2134;173;False;2129;0.9998391813489865;0.9995904129128971;0.9998788603297502;1.7843911797741503e-06
2135;173;False;2129;0.9997940720510256;0.9995904129128971;0.9998788603297502;1.6854234416421196e-06
2136;173;False;2129;0.9997358837258461;0.9995904129128971;0.9998788603297502;1.900384831808648e-06
2137;173;False;2129;0.9996600787517589;0.9995904129128971;0.9998788603297502;2.026041325958088e-06
2138;173;False;2129;0.9995904129128971;0.9995904129128971;0.9998788603297502;2.026041325958088e-06
2139;174;True;2139;0.9999999999999996;0.9996656840491384;0.9998934430002349;2.1545852380653847e-06
2140;174;False;2139;0.9999803814591703;0.9996656840491384;0.9998934430002349;2.548122757425596e-06
2141;174;False;2139;0.9999534226479636;0.9996656840491384;0.9998934430002349;2.9768993467128284e-06
2142;174;False;2139;0.9999195239447622;0.9996656840491384;0.9998934430002349;2.8128704964413058e-06
2143;174;False;2139;0.999876016160339;0.9996656840491384;0.9998934430002349;2.8128704964413058e-06
2144;174;False;2139;0.9998394482679093;0.9996656840491384;0.9998934430002349;2.548122757425596e-06
2145;174;False;2139;0.9997813934021912;0.9996656840491384;0.9998934430002349;2.41329886680772e-06
2146;174;False;2139;0.9997446920503001;0.9996656840491384;0.9998934430002349;2.548122757425596e-06
2147;174;False;2139;0.9997073234011021;0.9996656840491384;0.9998934430002349;2.8128704964413058e-06
2148;174;False;2139;0.9996656840491384;0.9996656840491384;0.9998934430002349;2.8128704964413058e-06
2149;175;False;2150;0.9999814491348618;0.9996453982110027;0.9998940658110549;2.8128704964413058e-06
2150;175;True;2150;0.9999999999999998;0.9996453982110027;0.9998940658110549;2.8128704964413058e-06
2151;175;False;2150;0.9999869209727802;0.9996453982110027;0.9998940658110549;3.157082388731016e-06
2152;175;False;2150;0.9999674358914128;0.9996453982110027;0.9998940658110549;3.799270966262175e-06
2153;175;False;2150;0.9999435466478184;0.9996453982110027;0.9998940658110549;4.035728664733952e-06
2154;175;False;2150;0.9999072456743116;0.9996453982110027;0.9998940658110549;4.035728664733952e-06
2155;175;False;2150;0.9998640048088109;0.9996453982110027;0.9998940658110549;4.035728664733952e-06
2156;175;False;2150;0.9998202301054646;0.9996453982110027;0.9998940658110549;4.286327716220726e-06
2157;175;False;2150;0.9997692485912018;0.9996453982110027;0.9998940658110549;4.808434197822032e-06
2158;175;False;2150;0.9997133290768663;0.9996453982110027;0.9998940658110549;5.03327518913111e-06
2159;176;False;2160;0.9999794472429409;0.9996357891297801;0.9998908271947913;5.306439416823432e-06
2160;176;True;2160;0.9999999999999998;0.9996357891297801;0.9998908271947913;5.306439416823432e-06
2161;176;False;2160;0.9999826502700153;0.9996357891297801;0.9998908271947913;5.616390694342882e-06
2162;176;False;2160;0.9999571595128836;0.9996357891297801;0.9998908271947913;6.241698277343003e-06
2163;176;False;2160;0.9999300672422147;0.9996357891297801;0.9998908271947913;5.90126814686006e-06
2164;176;False;2160;0.9998914974578641;0.9996357891297801;0.9998908271947913;5.90126814686006e-06
2165;176;False;2160;0.9998527942140517;0.9996357891297801;0.9998908271947913;6.241698277343003e-06
2166;176;False;2160;0.9997955401051019;0.9996357891297801;0.9998908271947913;5.616390694342882e-06
2167;176;False;2160;0.9997522992396012;0.9996357891297801;0.9998908271947913;5.616390694342882e-06
2168;176;False;2160;0.9997099925903306;0.9996357891297801;0.9998908271947913;5.306439416823432e-06
2169;177;False;2174;0.9998582660519701;0.9996352552919343;0.9998856460019222;4.808434197822032e-06
2170;177;False;2174;0.9999025745931617;0.9996352552919343;0.9998856460019222;4.808434197822032e-06
2171;177;False;2174;0.9999366067558246;0.9996352552919343;0.9998856460019222;4.808434197822032e-06
2172;177;False;2174;0.9999610298372649;0.9996352552919343;0.9998856460019222;5.03327518913111e-06
2173;177;False;2174;0.9999835844862449;0.9996352552919343;0.9998856460019222;4.808434197822032e-06
2174;177;True;2174;1.0;0.9996352552919343;0.9998856460019222;4.286327716220726e-06
2175;177;False;2174;0.999984118324091;0.9996352552919343;0.9998856460019222;5.03327518913111e-06
2176;177;False;2174;0.9999543568641935;0.9996352552919343;0.9998856460019222;5.03327518913111e-06
2177;177;False;2174;0.9999041761066991;0.9996352552919343;0.9998856460019222;5.306439416823432e-06
2178;177;False;2174;0.9998497246464391;0.9996352552919343;0.9998856460019222;5.616390694342882e-06
2179;178;False;2184;0.9997916697807204;0.999440804856643;0.9998470495256788;6.259615073482248e-06
2180;178;False;2184;0.9998613356195825;0.999440804856643;0.9998470495256788;5.949678095554321e-06
2181;178;False;2184;0.999909247566233;0.999440804856643;0.9998470495256788;6.259615073482248e-06
2182;178;False;2184;0.9999531557290404;0.999440804856643;0.9998470495256788;6.259615073482248e-06
2183;178;False;2184;0.999981449134862;0.999440804856643;0.9998470495256788;6.259615073482248e-06
2184;178;True;2184;0.9999999999999996;0.999440804856643;0.9998470495256788;5.949678095554321e-06
2185;178;False;2184;0.9999819829727075;0.999440804856643;0.9998470495256788;6.981640062209333e-06
2186;178;False;2184;0.9999498192425051;0.999440804856643;0.9998470495256788;6.981640062209333e-06
2187;178;False;2184;0.999897236214705;0.999440804856643;0.9998470495256788;7.390767263505668e-06
2188;178;False;2184;0.999829438808303;0.999440804856643;0.9998470495256788;7.390767263505668e-06
2189;179;False;2197;0.9993365730172725;0.9991861642042505;0.99978029013731;7.390767263505668e-06
2190;179;False;2197;0.9994684309651573;0.9991861642042505;0.99978029013731;7.004305022284973e-06
2191;179;False;2197;0.9995726628045276;0.9991861642042505;0.99978029013731;7.390767263505668e-06
2192;179;False;2197;0.9996829003196617;0.9991861642042505;0.99978029013731;7.390767263505668e-06
2193;179;False;2197;0.9997956735645628;0.9991861642042505;0.99978029013731;7.004305022284973e-06
2194;179;False;2197;0.9998690762683451;0.9991861642042505;0.99978029013731;7.004305022284973e-06
2195;179;False;2197;0.9999307345395225;0.9991861642042505;0.99978029013731;6.614726738806288e-06
2196;179;False;2197;0.9999733081077156;0.9991861642042505;0.99978029013731;6.614726738806288e-06
2197;179;True;2197;0.9999999999999997;0.9991861642042505;0.99978029013731;6.241698277343003e-06
2198;179;False;2197;0.9999710392968715;0.9991861642042505;0.99978029013731;6.241698277343003e-06
2199;180;False;2207;0.9994525492892481;0.9993555242607941;0.9998176380261474;6.614726738806288e-06
2200;180;False;2207;0.9995450366960132;0.9993555242607941;0.9998176380261474;6.241698277343003e-06
2201;180;False;2207;0.9996642159950627;0.9993555242607941;0.9998176380261474;5.90126814686006e-06
2202;180;False;2207;0.9997752542669658;0.9993555242607941;0.9998176380261474;5.574898639230873e-06
2203;180;False;2207;0.9998466550788263;0.9993555242607941;0.9998176380261474;5.265981353740279e-06
2204;180;False;2207;0.9999017738363938;0.9993555242607941;0.9998176380261474;5.265981353740279e-06
2205;180;False;2207;0.9999511538371195;0.9993555242607941;0.9998176380261474;5.265981353740279e-06
2206;180;False;2207;0.9999758438374826;0.9993555242607941;0.9998176380261474;4.9523519807001135e-06
2207;180;True;2207;0.9999999999999998;0.9993555242607941;0.9998176380261474;4.670014115080013e-06
2208;180;False;2207;0.9999787799456337;0.9993555242607941;0.9998176380261474;4.670014115080013e-06
2209;181;False;2218;0.9993930263694539;0.9993930263694539;0.9998275555470137;4.670014115080013e-06
2210;181;False;2218;0.9994851133978347;0.9993930263694539;0.9998275555470137;4.9523519807001135e-06
2211;181;False;2218;0.9995873433452839;0.9993930263694539;0.9998275555470137;4.9523519807001135e-06
2212;181;False;2218;0.9996724904816711;0.9993930263694539;0.9998275555470137;4.9523519807001135e-06
2213;181;False;2218;0.9997536338342156;0.9993930263694539;0.9998275555470137;4.9523519807001135e-06
2214;181;False;2218;0.999827837294766;0.9993930263694539;0.9998275555470137;4.670014115080013e-06
2215;181;False;2218;0.9998797530252587;0.9993930263694539;0.9998275555470137;4.406372867010968e-06
2216;181;False;2218;0.9999328698909042;0.9993930263694539;0.9998275555470137;4.406372867010968e-06
2217;181;False;2218;0.9999723738914854;0.9993930263694539;0.9998275555470137;4.169247690618037e-06
2218;181;True;2218;0.9999999999999998;0.9993930263694539;0.9998275555470137;3.924351380893631e-06
2219;182;False;2220;0.9999785130267107;0.9997202689688597;0.9999053920706807;3.696021264343509e-06
2220;182;True;2220;0.9999999999999998;0.9997202689688597;0.9999053920706807;3.696021264343509e-06
2221;182;False;2220;0.9999802479997094;0.9997202689688597;0.9999053920706807;3.924351380893631e-06
2222;182;False;2220;0.999947817350584;0.9997202689688597;0.9999053920706807;4.169247690618037e-06
2223;182;False;2220;0.999913117890614;0.9997202689688597;0.9999053920706807;4.406372867010968e-06
2224;182;False;2220;0.9998873602145598;0.9997202689688597;0.9999053920706807;4.406372867010968e-06
2225;182;False;2220;0.9998578656735854;0.9997202689688597;0.9999053920706807;4.169247690618037e-06
2226;182;False;2220;0.9998301061056099;0.9997202689688597;0.9999053920706807;3.924351380893631e-06
2227;182;False;2220;0.9998042149700941;0.9997202689688597;0.9999053920706807;3.924351380893631e-06
2228;182;False;2220;0.9997803257264996;0.9997202689688597;0.9999053920706807;4.169247690618037e-06
2229;183;False;2231;0.9999584941074979;0.9996204412917169;0.999878006189197;4.670014115080013e-06
2230;183;False;2231;0.9999866540538577;0.9996204412917169;0.999878006189197;4.406372867010968e-06
2231;183;True;2231;1.0;0.9996204412917169;0.999878006189197;4.406372867010968e-06
2232;183;False;2231;0.9999839848646295;0.9996204412917169;0.999878006189197;4.670014115080013e-06
2233;183;False;2231;0.9999559583777309;0.9996204412917169;0.999878006189197;5.90126814686006e-06
2234;183;False;2231;0.9999099148635401;0.9996204412917169;0.999878006189197;6.614726738806288e-06
2235;183;False;2231;0.9998708112413434;0.9996204412917169;0.999878006189197;7.845361927107181e-06
2236;183;False;2231;0.9998315741596854;0.9996204412917169;0.999878006189197;8.259997788668341e-06
2237;183;False;2231;0.9997783238345783;0.9996204412917169;0.999878006189197;9.270000799960424e-06
2238;183;False;2231;0.9997089249146396;0.9996204412917169;0.999878006189197;9.270000799960424e-06
2239;184;True;2239;0.9999999999999999;0.998766033819695;0.9996676503518702;9.776665925022412e-06
2240;184;False;2239;0.9999727742698699;0.998766033819695;0.9996676503518702;1.0956213983738951e-05
2241;184;False;2239;0.9999298003232922;0.998766033819695;0.9996676503518702;1.0956213983738951e-05
2242;184;False;2239;0.9998518599978218;0.998766033819695;0.9996676503518702;1.2365862757178307e-05
2243;184;False;2239;0.9997608406451322;0.998766033819695;0.9996676503518702;1.3885200296658132e-05
2244;184;False;2239;0.9996619471842187;0.998766033819695;0.9996676503518702;1.6580255908630875e-05
2245;184;False;2239;0.9994980589655933;0.998766033819695;0.9996676503518702;1.9818521265671803e-05
2246;184;False;2239;0.9993140183682927;0.998766033819695;0.9996676503518702;3.177957717717907e-05
2247;184;False;2239;0.9990641822565114;0.998766033819695;0.9996676503518702;4.225295246466006e-05
2248;184;False;2239;0.998766033819695;0.998766033819695;0.9996676503518702;5.018729934399178e-05
2249;185;True;2249;0.9999999999999998;0.9977508076966602;0.9994127457463204;6.289005895907997e-05
2250;185;False;2249;0.9999462158370468;0.9977508076966602;0.9994127457463204;7.868944560474998e-05
2251;185;False;2249;0.9998466550788263;0.9977508076966602;0.9994127457463204;9.24553982088412e-05
2252;185;False;2249;0.9997026523199524;0.9977508076966602;0.9994127457463204;9.691183613745607e-05
2253;185;False;2249;0.9995064669116622;0.9977508076966602;0.9994127457463204;0.0001012386657706
2254;185;False;2249;0.9992723790163287;0.9977508076966602;0.9994127457463204;0.0001012386657706
2255;185;False;2249;0.9989859750121179;0.9977508076966602;0.9994127457463204;0.0001012386657706
2256;185;False;2249;0.9985863973846216;0.9977508076966602;0.9994127457463204;0.0001012386657706
2257;185;False;2249;0.9981595940269952;0.9977508076966602;0.9994127457463204;0.000105688181262
2258;185;False;2249;0.9977508076966602;0.9977508076966602;0.9994127457463204;0.000105688181262
2259;186;False;2260;0.9999285991881393;0.9981686692703717;0.9995356055607394;0.000105688181262
2260;186;True;2260;0.9999999999999998;0.9981686692703717;0.9995356055607394;0.000105688181262
2261;186;False;2260;0.9999378078909773;0.9981686692703717;0.9995356055607394;0.0001221602211729
2262;186;False;2260;0.9998258354028444;0.9981686692703717;0.9995356055607394;0.0001221602211729
2263;186;False;2260;0.9996931766981916;0.9981686692703717;0.9995356055607394;0.0001221602211729
2264;186;False;2260;0.9995135402631175;0.9981686692703717;0.9995356055607394;0.0001284715822475
2265;186;False;2260;0.9993080126925284;0.9981686692703717;0.9995356055607394;0.0001284715822475
2266;186;False;2260;0.9991126280410068;0.9981686692703717;0.9995356055607394;0.0001403511416842
2267;186;False;2260;0.9988234213881061;0.9981686692703717;0.9995356055607394;0.0001403511416842
2268;186;False;2260;0.9986058824659894;0.9981686692703717;0.9995356055607394;0.0001403511416842
2269;187;False;2278;0.998850780577698;0.998850780577698;0.9996879510188355;0.0001342413120526
2270;187;False;2278;0.9990751259323478;0.998850780577698;0.9996879510188355;0.0001342413120526
2271;187;False;2278;0.9992735801514814;0.998850780577698;0.9996879510188355;0.0001342413120526
2272;187;False;2278;0.9994441413431787;0.998850780577698;0.9996879510188355;0.0001403511416842
2273;187;False;2278;0.9996033584806548;0.998850780577698;0.9996879510188355;0.0001403511416842
2274;187;False;2278;0.9997406882664579;0.998850780577698;0.9996879510188355;0.0001342413120526
2275;187;False;2278;0.9998305064839949;0.998850780577698;0.9996879510188355;0.0001342413120526
2276;187;False;2278;0.9999088471878483;0.998850780577698;0.9996879510188355;0.0001221602211729
2277;187;False;2278;0.9999602290804955;0.998850780577698;0.9996879510188355;0.0001158046379782
2278;187;True;2278;0.9999999999999996;0.998850780577698;0.9996879510188355;0.000105688181262
2279;188;False;2287;0.999758705293749;0.9997433574556855;0.9999071982220588;0.000105688181262
2280;188;False;2287;0.9998182282135435;0.9997433574556855;0.9999071982220588;0.0001012386657706
2281;188;False;2287;0.9998545291870502;0.9997433574556855;0.9999071982220588;0.0001012386657706
2282;188;False;2287;0.9998841571874858;0.9997433574556855;0.9999071982220588;8.795706465241455e-05
2283;188;False;2287;0.9999101817824632;0.9997433574556855;0.9999071982220588;7.868944560474998e-05
2284;188;False;2287;0.9999376744315158;0.9997433574556855;0.9999071982220588;6.65212777939463e-05
2285;188;False;2287;0.9999575598912678;0.9997433574556855;0.9999071982220588;6.65212777939463e-05
2286;188;False;2287;0.9999835844862446;0.9997433574556855;0.9999071982220588;5.621716886463542e-05
2287;188;True;2287;0.9999999999999996;0.9997433574556855;0.9999071982220588;5.308866124968082e-05
2288;188;False;2287;0.9999819829727077;0.9997433574556855;0.9999071982220588;5.308866124968082e-05
2289;189;False;2297;0.9995649221557646;0.9995264858308752;0.9998365447831818;5.018729934399178e-05
2290;189;False;2297;0.9996285823188629;0.9995264858308752;0.9998365447831818;4.225295246466006e-05
2291;189;False;2297;0.9997026523199523;0.9995264858308752;0.9998365447831818;4.225295246466006e-05
2292;189;False;2297;0.9997669797803577;0.9995264858308752;0.9998365447831818;4.225295246466006e-05
2293;189;False;2297;0.9998326418353773;0.9995264858308752;0.9998365447831818;4.225295246466006e-05
2294;189;False;2297;0.9998938997281699;0.9995264858308752;0.9998365447831818;4.0015549332235627e-05
2295;189;False;2297;0.999943947026203;0.9995264858308752;0.9998365447831818;4.225295246466006e-05
2296;189;False;2297;0.9999803814591706;0.9995264858308752;0.9998365447831818;4.0015549332235627e-05
2297;189;True;2297;0.9999999999999998;0.9995264858308752;0.9998365447831818;3.779672313893305e-05
2298;189;False;2297;0.9999861202160119;0.9995264858308752;0.9998365447831818;3.779672313893305e-05
2299;190;False;2308;0.9995545123177738;0.9995545123177738;0.9998494162067946;3.569489781753031e-05
2300;190;False;2308;0.9995865425885151;0.9995545123177738;0.9998494162067946;3.3683270145660605e-05
2301;190;False;2308;0.999638725237931;0.9995545123177738;0.9998494162067946;3.3683270145660605e-05
2302;190;False;2308;0.9996835676169686;0.9995545123177738;0.9998494162067946;3.177957717717907e-05
2303;190;False;2308;0.9997386863745357;0.9995545123177738;0.9998494162067946;2.999707483312712e-05
2304;190;False;2308;0.9998018126997888;0.9995545123177738;0.9998494162067946;2.999707483312712e-05
2305;190;False;2308;0.9998562641600489;0.9995545123177738;0.9998494162067946;2.368268636459681e-05
2306;190;False;2308;0.9999119167554618;0.9995545123177738;0.9998494162067946;2.1021286358404092e-05
2307;190;False;2308;0.9999653005400299;0.9995545123177738;0.9998494162067946;1.6580255908630875e-05
2308;190;True;2308;0.9999999999999998;0.9995545123177738;0.9998494162067946;1.563089567965061e-05
2309;191;False;2318;0.99843985889598;0.99843985889598;0.9995786506856965;1.1640704178852792e-05
2310;191;False;2318;0.9986533940342548;0.99843985889598;0.9995786506856965;9.270000799960424e-06
2311;191;False;2318;0.9988498463614678;0.99843985889598;0.9995786506856965;8.259997788668341e-06
2312;191;False;2318;0.9990648495538175;0.99843985889598;0.9995786506856965;7.845361927107181e-06
2313;191;False;2318;0.9992629033945677;0.99843985889598;0.9995786506856965;6.241698277343003e-06
2314;191;False;2318;0.9994632260461616;0.99843985889598;0.9995786506856965;4.9523519807001135e-06
2315;191;False;2318;0.9996271142647879;0.99843985889598;0.9995786506856965;4.406372867010968e-06
2316;191;False;2318;0.9998123559972409;0.99843985889598;0.9995786506856965;3.4676208157370418e-06
2317;191;False;2318;0.9999384751882843;0.99843985889598;0.9995786506856965;2.7023385970556523e-06
2318;191;True;2318;0.9999999999999998;0.99843985889598;0.9995786506856965;2.5389864064676047e-06
2319;192;False;2328;0.9982853128396543;0.9982853128396543;0.999527520883143;2.1006713279938385e-06
2320;192;False;2328;0.9985938711144609;0.9982853128396543;0.999527520883143;1.8503743475911853e-06
2321;192;False;2328;0.9988558520372317;0.9982853128396543;0.999527520883143;1.8503743475911853e-06
2322;192;False;2328;0.999140787987367;0.9982853128396543;0.999527520883143;1.7355634880298171e-06
2323;192;False;2328;0.9993124168547554;0.9982853128396543;0.999527520883143;1.7355634880298171e-06
2324;192;False;2328;0.999466162154313;0.9982853128396543;0.999527520883143;1.5273335071545364e-06
2325;192;False;2328;0.9996728908600551;0.9982853128396543;0.999527520883143;1.3369332260632525e-06
2326;192;False;2328;0.9998430516733672;0.9982853128396543;0.999527520883143;1.1759476683163509e-06
2327;192;False;2328;0.9999503530803506;0.9982853128396543;0.999527520883143;1.1759476683163509e-06
2328;192;True;2328;0.9999999999999996;0.9982853128396543;0.999527520883143;9.635588437901346e-07
2329;193;False;2338;0.9989159087948718;0.9989159087948718;0.9996941405720792;8.421323901290764e-07
2330;193;False;2338;0.9991146299329285;0.9989159087948718;0.9996941405720792;8.421323901290764e-07
2331;193;False;2338;0.9992973359356148;0.9989159087948718;0.9996941405720792;7.915388804365523e-07
2332;193;False;2338;0.999457620748782;0.9989159087948718;0.9996941405720792;6.084795456613157e-07
2333;193;False;2338;0.9995877437236682;0.9989159087948718;0.9996941405720792;4.619646786211081e-07
2334;193;False;2338;0.9997185339958612;0.9989159087948718;0.9996941405720792;3.527385853804629e-07
2335;193;False;2338;0.9998279707542272;0.9989159087948718;0.9996941405720792;3.3009722520864297e-07
2336;193;False;2338;0.9999127175122298;0.9989159087948718;0.9996941405720792;2.534730069371564e-07
2337;193;False;2338;0.999970105080641;0.9989159087948718;0.9996941405720792;2.0722352824519318e-07
2338;193;True;2338;0.9999999999999998;0.9989159087948718;0.9996941405720792;1.9336540010335314e-07
2339;194;False;2348;0.9987981975498978;0.9987981975498978;0.999652329205699;1.51478921438668e-07
2340;194;False;2348;0.9989875765256553;0.9987981975498978;0.999652329205699;1.3524532644204641e-07
2341;194;False;2348;0.9991748201500299;0.9987981975498978;0.999652329205699;1.3524532644204641e-07
2342;194;False;2348;0.9993671352339378;0.9987981975498978;0.999652329205699;1.1779798551688225e-07
2343;194;False;2348;0.9995450366960132;0.9987981975498978;0.999652329205699;1.0972474343864277e-07
2344;194;False;2348;0.9997011842658765;0.9987981975498978;0.999652329205699;1.0230775896616081e-07
2345;194;False;2348;0.9998188955108505;0.9987981975498978;0.999652329205699;8.218145279715259e-08
2346;194;False;2348;0.9999077795121575;0.9987981975498978;0.999652329205699;8.218145279715259e-08
2347;194;False;2348;0.9999669020535671;0.9987981975498978;0.999652329205699;7.143387421980822e-08
2348;194;True;2348;1.0;0.9987981975498978;0.999652329205699;6.1761620588063e-08
2349;195;False;2358;0.9984976468427758;0.9984976468427758;0.9995798340262549;6.1761620588063e-08
2350;195;False;2358;0.9987744417657646;0.9984976468427758;0.9995798340262549;6.1761620588063e-08
2351;195;False;2358;0.9989883772824242;0.9984976468427758;0.9995798340262549;6.1761620588063e-08
2352;195;False;2358;0.9991912356637851;0.9984976468427758;0.9995798340262549;6.1761620588063e-08
2353;195;False;2358;0.9993827499909251;0.9984976468427758;0.9995798340262549;5.793728439603302e-08
2354;195;False;2358;0.9995860087506704;0.9984976468427758;0.9995798340262549;5.793728439603302e-08
2355;195;False;2358;0.9997580379964424;0.9984976468427758;0.9995798340262549;5.793728439603302e-08
2356;195;False;2358;0.9998809541604117;0.9984976468427758;0.9995798340262549;5.793728439603302e-08
2357;195;False;2358;0.999953556107425;0.9984976468427758;0.9995798340262549;5.793728439603302e-08
2358;195;True;2358;0.9999999999999996;0.9984976468427758;0.9995798340262549;5.4216534380167146e-08
2359;196;False;2368;0.9986484560341833;0.9986484560341833;0.9996222978611135;5.4216534380167146e-08
2360;196;False;2368;0.9988888165242034;0.9986484560341833;0.9996222978611135;5.029521269841497e-08
2361;196;False;2368;0.999135049230526;0.9986484560341833;0.9996222978611135;5.029521269841497e-08
2362;196;False;2368;0.9993621972338662;0.9986484560341833;0.9996222978611135;5.029521269841497e-08
2363;196;False;2368;0.999530489614719;0.9986484560341833;0.9996222978611135;4.682281023235541e-08
2364;196;False;2368;0.9996788965358196;0.9986484560341833;0.9996222978611135;4.682281023235541e-08
2365;196;False;2368;0.999791936699644;0.9986484560341833;0.9996222978611135;4.682281023235541e-08
2366;196;False;2368;0.9998780180522604;0.9986484560341833;0.9996222978611135;4.682281023235541e-08
2367;196;False;2368;0.9999535561074249;0.9986484560341833;0.9996222978611135;4.682281023235541e-08
2368;196;True;2368;0.9999999999999999;0.9986484560341833;0.9996222978611135;4.385724911509996e-08
2369;197;False;2378;0.9989407322546966;0.9989407322546966;0.999691504006275;4.385724911509996e-08
2370;197;False;2378;0.9991144964734673;0.9989407322546966;0.999691504006275;4.385724911509996e-08
2371;197;False;2378;0.9992956009626164;0.9989407322546966;0.999691504006275;4.1235746083556834e-08
2372;197;False;2378;0.9994462766945615;0.9989407322546966;0.999691504006275;3.852525416433943e-08
2373;197;False;2378;0.9995695932369153;0.9989407322546966;0.999691504006275;3.3400665058613434e-08
2374;197;False;2378;0.9996739585357469;0.9989407322546966;0.999691504006275;3.3400665058613434e-08
2375;197;False;2378;0.999802213078173;0.9989407322546966;0.999691504006275;2.5549403349031376e-08
2376;197;False;2378;0.9998925651335555;0.9989407322546966;0.999691504006275;2.376046221068656e-08
2377;197;False;2378;0.9999580937291135;0.9989407322546966;0.999691504006275;2.2093950702670035e-08
2378;197;True;2378;1.0;0.9989407322546966;0.999691504006275;2.0541706999501308e-08
2379;198;False;2388;0.9988410380370143;0.9988410380370143;0.9996548352778077;1.7624983086912564e-08
2380;198;False;2388;0.9990233436613163;0.9988410380370143;0.9996548352778077;1.5155524091486163e-08
2381;198;False;2388;0.9992055158261568;0.9988410380370143;0.9996548352778077;1.4020496323278777e-08
2382;198;False;2388;0.9993555242607948;0.9988410380370143;0.9996548352778077;1.2027568024317128e-08
2383;198;False;2388;0.999505666154894;0.9988410380370143;0.9996548352778077;8.104108351370774e-09
2384;198;False;2388;0.9996388586973928;0.9988410380370143;0.9996548352778077;7.509122355181168e-09
2385;198;False;2388;0.9997617748613625;0.9988410380370143;0.9996548352778077;5.477936856757072e-09
2386;198;False;2388;0.9998837568091016;0.9988410380370143;0.9996548352778077;4.660237021286677e-09
2387;198;False;2388;0.999957960269652;0.9988410380370143;0.9996548352778077;4.660237021286677e-09
2388;198;True;2388;0.9999999999999998;0.9988410380370143;0.9996548352778077;3.762467974890079e-09
2389;199;False;2398;0.9988024682526635;0.9988024682526635;0.9996413440091412;2.9700860135754674e-09
2390;199;False;2398;0.9990547066347499;0.9988024682526635;0.9996413440091412;1.98171844051521e-09
2391;199;False;2398;0.9992268693399841;0.9988024682526635;0.9996413440091412;1.5435244592996674e-09
2392;199;False;2398;0.999357793071639;0.9988024682526635;0.9996413440091412;1.3126344004942154e-09
2393;199;False;2398;0.9994792411815323;0.9988024682526635;0.9996413440091412;1.0299423549219635e-09
2394;199;False;2398;0.9996114995078018;0.9988024682526635;0.9996413440091412;8.043592991352106e-10
2395;199;False;2398;0.9997241392932411;0.9988024682526635;0.9996413440091412;7.409196483498141e-10
2396;199;False;2398;0.9998437189706751;0.9988024682526635;0.9996413440091412;6.812240545855587e-10
2397;199;False;2398;0.9999423455126661;0.9988024682526635;0.9996413440091412;5.835561688082984e-10
2398;199;True;2398;1.0;0.9988024682526635;0.9996413440091412;4.21036443166399e-10
2399;200;False;2408;0.9983019952723322;0.9983019952723322;0.9994682708138035;3.8878248431768615e-10
2400;200;False;2408;0.9985096581943038;0.9983019952723322;0.9994682708138035;3.570279832807469e-10
2401;200;False;2408;0.9987119827378192;0.9983019952723322;0.9994682708138035;3.0258476267842004e-10
2402;200;False;2408;0.9989305893356277;0.9983019952723322;0.9994682708138035;2.1658046116727527e-10
2403;200;False;2408;0.9991104926896246;0.9983019952723322;0.9994682708138035;1.8394825339836529e-10
2404;200;False;2408;0.9993190898278266;0.9983019952723322;0.9994682708138035;1.4401143460317466e-10
2405;200;False;2408;0.9995509089123158;0.9983019952723322;0.9994682708138035;1.5647002668879876e-10
2406;200;False;2408;0.9997249400500097;0.9983019952723322;0.9994682708138035;1.3279036157836955e-10
2407;200;False;2408;0.9999016403769323;0.9983019952723322;0.9994682708138035;1.3279036157836955e-10
2408;200;True;2408;0.9999999999999998;0.9983019952723322;0.9994682708138035;1.0469395140055768e-10
2409;201;False;2414;0.9989917137689592;0.9975769100184285;0.9992494299204963;9.303497142937107e-11
2410;201;False;2414;0.9992638376107983;0.9975769100184285;0.9992494299204963;7.184201608176076e-11
2411;201;False;2414;0.9995176775064226;0.9975769100184285;0.9992494299204963;7.184201608176076e-11
2412;201;False;2414;0.9997312126446964;0.9975769100184285;0.9992494299204963;6.756686940151408e-11
2413;201;False;2414;0.9999175220528411;0.9975769100184285;0.9992494299204963;6.496461214530716e-11
2414;201;True;2414;1.0;0.9975769100184285;0.9992494299204963;6.328882578377402e-11
2415;201;False;2414;0.9999019072958555;0.9975769100184285;0.9992494299204963;6.328882578377402e-11
2416;201;False;2414;0.999724406212164;0.9975769100184285;0.9992494299204963;6.328882578377402e-11
2417;201;False;2414;0.9994638933434693;0.9975769100184285;0.9992494299204963;6.328882578377402e-11
2418;201;False;2414;0.9991899010691705;0.9975769100184285;0.9992494299204963;6.328882578377402e-11
2419;202;False;2424;0.998603613655145;0.9964657265426313;0.9989151080381029;6.328882578377402e-11
2420;202;False;2424;0.9989388638222358;0.9964657265426313;0.9989151080381029;6.328882578377402e-11
2421;202;False;2424;0.9992717117190213;0.9964657265426313;0.9989151080381029;6.328882578377402e-11
2422;202;False;2424;0.9995962851291993;0.9964657265426313;0.9989151080381029;6.328882578377402e-11
2423;202;False;2424;0.9998652059439637;0.9964657265426313;0.9989151080381029;6.328882578377402e-11
2424;202;True;2424;0.9999999999999998;0.9964657265426313;0.9989151080381029;6.328882578377402e-11
2425;202;False;2424;0.9998948339443994;0.9964657265426313;0.9989151080381029;6.328882578377402e-11
2426;202;False;2424;0.999651270427305;0.9964657265426313;0.9989151080381029;6.328882578377402e-11
2427;202;False;2424;0.9992512924214241;0.9964657265426313;0.9989151080381029;6.328882578377402e-11
2428;202;False;2424;0.9987703045224601;0.9964657265426313;0.9989151080381029;6.328882578377402e-11
2429;203;False;2434;0.9978430281845028;0.9942773917537004;0.9983711183760509;6.328882578377402e-11
2430;203;False;2434;0.9984802971127917;0.9942773917537004;0.9983711183760509;6.328882578377402e-11
2431;203;False;2434;0.9989947833365721;0.9942773917537004;0.9983711183760509;6.328882578377402e-11
2432;203;False;2434;0.9994610906947794;0.9942773917537004;0.9983711183760509;6.328882578377402e-11
2433;203;False;2434;0.9998402490246778;0.9942773917537004;0.9983711183760509;6.328882578377402e-11
2434;203;True;2434;1.0;0.9942773917537004;0.9983711183760509;6.328882578377402e-11
2435;203;False;2434;0.9998313072407632;0.9942773917537004;0.9983711183760509;6.328882578377402e-11
2436;203;False;2434;0.9994505473973272;0.9942773917537004;0.9983711183760509;6.328882578377402e-11
2437;203;False;2434;0.9989233825247115;0.9942773917537004;0.9983711183760509;6.328882578377402e-11
2438;203;False;2434;0.9982498126229162;0.9942773917537004;0.9983711183760509;6.328882578377402e-11
2439;204;False;2443;0.997983961375764;0.9936557375823978;0.9982396044570003;6.328882578377402e-11
2440;204;False;2443;0.9987409434409482;0.9936557375823978;0.9982396044570003;6.328882578377402e-11
2441;204;False;2443;0.9993648664230944;0.9936557375823978;0.9982396044570003;6.328882578377402e-11
2442;204;False;2443;0.9998086191323211;0.9936557375823978;0.9982396044570003;6.328882578377402e-11
2443;204;True;2443;0.9999999999999998;0.9936557375823978;0.9982396044570003;6.328882578377402e-11
2444;204;False;2443;0.999833175673223;0.9936557375823978;0.9982396044570003;6.328882578377402e-11
2445;204;False;2443;0.9994892506411392;0.9936557375823978;0.9982396044570003;6.328882578377402e-11
2446;204;False;2443;0.999131178906145;0.9936557375823978;0.9982396044570003;6.328882578377402e-11
2447;204;False;2443;0.9984997821941588;0.9936557375823978;0.9982396044570003;6.328882578377402e-11
2448;204;False;2443;0.9977697589401824;0.9936557375823978;0.9982396044570003;6.328882578377402e-11
2449;205;False;2450;0.9997828614562668;0.9997828614562668;0.9997828614562668;6.328882578377402e-11
2450;205;True;2450;0.9999999999999997;0.9997828614562668;0.9997828614562668;6.328882578377402e-11
