banda_nm;grupo;representante;banda_representante_nm;r_abs_com_representante;r_abs_min_grupo;r_abs_medio_grupo;q_condicao
400;0;False;401;0.999596465431099;0.9950306892584586;0.9984190721039397;2.095635640258471e-48
401;0;True;401;1.0;0.9950306892584586;0.9984190721039397;2.095635640258471e-48
402;0;False;401;0.999726655264877;0.9950306892584586;0.9984190721039397;2.150818248801037e-48
403;0;False;401;0.9991144479756027;0.9950306892584586;0.9984190721039397;3.0132961982499986e-48
404;0;False;401;0.9984276481624376;0.9950306892584586;0.9984190721039397;4.8842425062179745e-48
405;0;False;401;0.9978484103913122;0.9950306892584586;0.9984190721039397;7.787305411466454e-48
406;0;False;401;0.9974717360052774;0.9950306892584586;0.9984190721039397;1.2572872588555887e-47
407;0;False;401;0.9972473956873331;0.9950306892584586;0.9984190721039397;2.7579953510325366e-47
408;0;False;401;0.9970052850552071;0.9950306892584586;0.9984190721039397;6.122811888093488e-47
409;0;False;401;0.996698143531217;0.9950306892584586;0.9984190721039397;1.2637998232872492e-46
410;1;True;410;1.0;0.9974037228951425;0.9990612608522126;2.4548502125485568e-46
411;1;False;410;0.9998856647842612;0.9974037228951425;0.9990612608522126;5.791601499767922e-46
412;1;False;410;0.9996341576372779;0.9974037228951425;0.9990612608522126;1.10543251910129e-45
413;1;False;410;0.9993078305090785;0.9974037228951425;0.9990612608522126;1.4356527943209983e-45
414;1;False;410;0.998910428863627;0.9974037228951425;0.9990612608522126;2.547964788519628e-45
415;1;False;410;0.9984905055731889;0.9974037228951425;0.9990612608522126;3.967595286179497e-45
416;1;False;410;0.9980727271210894;0.9974037228951425;0.9990612608522126;6.113007998945958e-45
417;1;False;410;0.99780353053364;0.9974037228951425;0.9990612608522126;1.0923976895184164e-44
418;1;False;410;0.9975553476333507;0.9974037228951425;0.9990612608522126;2.414658398723896e-44
419;1;False;410;0.9974037228951425;0.9974037228951425;0.9990612608522126;5.060327039340624e-44
420;2;True;420;1.0;0.9985216823906372;0.9995054216583077;1.2242843206988183e-43
421;2;False;420;0.9999165804470018;0.9985216823906372;0.9995054216583077;1.7306403583733297e-43
422;2;False;420;0.999758618916185;0.9985216823906372;0.9995054216583077;2.8276433959727155e-43
423;2;False;420;0.9996015200383376;0.9985216823906372;0.9995054216583077;4.275141093127661e-43
424;2;False;420;0.9994470377621706;0.9985216823906372;0.9995054216583077;5.392775743407533e-43
425;2;False;420;0.9992851572258749;0.9985216823906372;0.9995054216583077;8.827724676212115e-43
426;2;False;420;0.999107617516354;0.9985216823906372;0.9995054216583077;1.1303001882730017e-42
427;2;False;420;0.9989220611997522;0.9985216823906372;0.9995054216583077;1.5254722895129128e-42
428;2;False;420;0.9987324392940617;0.9985216823906372;0.9995054216583077;2.1140928636165128e-42
429;2;False;420;0.9985216823906372;0.9985216823906372;0.9995054216583077;3.0862604075461795e-42
430;3;True;430;0.9999999999999998;0.9989541916530995;0.9996773174308276;4.226288773228017e-42
431;3;False;430;0.9999586010818461;0.9989541916530995;0.9996773174308276;6.252878765481646e-42
432;3;False;430;0.9998557785765272;0.9989541916530995;0.9996773174308276;1.2898277653663235e-41
433;3;False;430;0.9997331521200477;0.9989541916530995;0.9996773174308276;2.11164991968452e-41
434;3;False;430;0.9995972354162683;0.9989541916530995;0.9996773174308276;3.4993641698745996e-41
435;3;False;430;0.999456176492058;0.9989541916530995;0.9996773174308276;6.252570210318905e-41
436;3;False;430;0.9993182615335502;0.9989541916530995;0.9996773174308276;8.346113602811645e-41
437;3;False;430;0.9992128392752418;0.9989541916530995;0.9996773174308276;1.1003214159658123e-40
438;3;False;430;0.999088283643666;0.9989541916530995;0.9996773174308276;1.487943222490441e-40
439;3;False;430;0.9989541916530995;0.9989541916530995;0.9996773174308276;2.0377567242810926e-40
440;4;True;440;1.0;0.9991495488531372;0.999755668148804;3.586404969039709e-40
441;4;False;440;0.9999757951708029;0.9991495488531372;0.999755668148804;5.848648103146176e-40
442;4;False;440;0.9999068756011033;0.9991495488531372;0.999755668148804;1.0528772243407698e-39
443;4;False;440;0.9998202413179014;0.9991495488531372;0.999755668148804;1.9889529880559028e-39
444;4;False;440;0.999737945572579;0.9991495488531372;0.999755668148804;3.6586927072781085e-39
445;4;False;440;0.9996462212998876;0.9991495488531372;0.999755668148804;7.506889957852466e-39
446;4;False;440;0.9995322955073346;0.9991495488531372;0.999755668148804;1.325918937545103e-38
447;4;False;440;0.9994261554947981;0.9991495488531372;0.999755668148804;2.310008962542724e-38
448;4;False;440;0.9992907779491242;0.9991495488531372;0.999755668148804;4.709144664524184e-38
449;4;False;440;0.9991495488531372;0.9991495488531372;0.999755668148804;7.694567026763232e-38
450;5;True;450;0.9999999999999998;0.9992901865600776;0.9998146916961269;1.0727657875977056e-37
451;5;False;450;0.9999754565121183;0.9992901865600776;0.9998146916961269;1.6874846132344418e-37
452;5;False;450;0.9999216080963353;0.9992901865600776;0.9998146916961269;3.1021360780426322e-37
453;5;False;450;0.9998525402581564;0.9992901865600776;0.9998146916961269;6.188608451087089e-37
454;5;False;450;0.9997822289865974;0.9992901865600776;0.9998146916961269;8.454549024690169e-37
455;5;False;450;0.9997097526582707;0.9992901865600776;0.9998146916961269;1.1843785459115742e-36
456;5;False;450;0.9996220804957152;0.9992901865600776;0.9998146916961269;1.6311581244794653e-36
457;5;False;450;0.9995212714089468;0.9992901865600776;0.9998146916961269;2.305009277634737e-36
458;5;False;450;0.9994084660543321;0.9992901865600776;0.9998146916961269;3.2228116032898696e-36
459;5;False;450;0.9992901865600776;0.9992901865600776;0.9998146916961269;5.016970914590577e-36
460;6;True;460;1.0;0.9994079774422989;0.9998415714983576;7.052869180715241e-36
461;6;False;460;0.9999838269417053;0.9994079774422989;0.9998415714983576;9.154174374305854e-36
462;6;False;460;0.999954803386941;0.9994079774422989;0.9998415714983576;1.1231777150810293e-35
463;6;False;460;0.9999144356086633;0.9994079774422989;0.9998415714983576;1.3363268066370368e-35
464;6;False;460;0.999862292280389;0.9994079774422989;0.9998415714983576;1.5980292770864787e-35
465;6;False;460;0.9997969092508874;0.9994079774422989;0.9998415714983576;2.2878500625724958e-35
466;6;False;460;0.9997146202450414;0.9994079774422989;0.9998415714983576;3.4852803188486714e-35
467;6;False;460;0.9996178969657906;0.9994079774422989;0.9998415714983576;4.823198524978444e-35
468;6;False;460;0.9995152277835586;0.9994079774422989;0.9998415714983576;6.054535588135231e-35
469;6;False;460;0.9994079774422989;0.9994079774422989;0.9998415714983576;9.001612865772467e-35
470;7;True;470;0.9999999999999998;0.9995371125480332;0.9998759765998456;1.4496841614324567e-34
471;7;False;470;0.9999868664455247;0.9995371125480332;0.9998759765998456;2.0427570523005404e-34
472;7;False;470;0.9999601764344355;0.9995371125480332;0.9998759765998456;2.910973708923501e-34
473;7;False;470;0.9999266997706937;0.9995371125480332;0.9998759765998456;4.553056380818568e-34
474;7;False;470;0.9998839445329307;0.9995371125480332;0.9998759765998456;5.680245925748531e-34
475;7;False;470;0.9998324380851684;0.9995371125480332;0.9998759765998456;8.561293845207537e-34
476;7;False;470;0.9997689050419161;0.9995371125480332;0.9998759765998456;1.1520094767802133e-33
477;7;False;470;0.9996975676850872;0.9995371125480332;0.9998759765998456;1.5209656170091057e-33
478;7;False;470;0.9996189281056678;0.9995371125480332;0.9998759765998456;2.2479054780052946e-33
479;7;False;470;0.9995371125480332;0.9995371125480332;0.9998759765998456;2.9868770475760758e-33
480;8;True;480;0.9999999999999999;0.9995096222241312;0.9998720167830935;4.473024697487081e-33
481;8;False;480;0.99998863218832;0.9995096222241312;0.9998720167830935;5.701521329687038e-33
482;8;False;480;0.9999659690143311;0.9995096222241312;0.9998720167830935;8.311897481406451e-33
483;8;False;480;0.9999375486426971;0.9995096222241312;0.9998720167830935;1.1449904087653575e-32
484;8;False;480;0.9998944598008562;0.9995096222241312;0.9998720167830935;1.623956056495054e-32
485;8;False;480;0.9998362307254665;0.9995096222241312;0.9998720167830935;2.2181169148212635e-32
486;8;False;480;0.9997671022320006;0.9995096222241312;0.9998720167830935;3.370878259690367e-32
487;8;False;480;0.9996920497388518;0.9995096222241312;0.9998720167830935;4.597875833976882e-32
488;8;False;480;0.9996070009174536;0.9995096222241312;0.9998720167830935;7.209151955923338e-32
489;8;False;480;0.9995096222241312;0.9995096222241312;0.9998720167830935;1.1974783336598955e-31
490;9;True;490;1.0;0.9989638779654384;0.9997440519125388;2.1282187996453845e-31
491;9;False;490;0.9999853938699494;0.9989638779654384;0.9997440519125388;3.8027973737930974e-31
492;9;False;490;0.9999534066304738;0.9989638779654384;0.9997440519125388;6.877138860925334e-31
493;9;False;490;0.9999020568755356;0.9989638779654384;0.9997440519125388;1.3138949815594073e-30
494;9;False;490;0.9998276665359348;0.9989638779654384;0.9997440519125388;2.4261764713965043e-30
495;9;False;490;0.9997267630964981;0.9989638779654384;0.9997440519125388;3.725088871286131e-30
496;9;False;490;0.9995943020592006;0.9989638779654384;0.9997440519125388;3.8322780326202626e-30
497;9;False;490;0.999429176465058;0.9989638779654384;0.9997440519125388;4.527129465232701e-30
498;9;False;490;0.9992285068728128;0.9989638779654384;0.9997440519125388;4.928952927441024e-30
499;9;False;490;0.9989638779654384;0.9989638779654384;0.9997440519125388;5.3385084043554594e-30
500;10;True;500;0.9999999999999998;0.9926911019578726;0.9982808444711722;5.9688841685624525e-30
501;10;False;500;0.9999591318156061;0.9926911019578726;0.9982808444711722;6.1194824350628096e-30
502;10;False;500;0.999834163391106;0.9926911019578726;0.9982808444711722;6.841955484076653e-30
503;10;False;500;0.999593508485864;0.9926911019578726;0.9982808444711722;8.855948847957009e-30
504;10;False;500;0.9991999264386163;0.9926911019578726;0.9982808444711722;9.883377793902805e-30
505;10;False;500;0.9986087631641457;0.9926911019578726;0.9982808444711722;9.355579428554408e-30
506;10;False;500;0.9977517966285517;0.9926911019578726;0.9982808444711722;1.1327492846222259e-29
507;10;False;500;0.9965238118124231;0.9926911019578726;0.9982808444711722;1.2369343157910019e-29
508;10;False;500;0.9948695247915215;0.9926911019578726;0.9982808444711722;1.2723553499062088e-29
509;10;False;500;0.9926911019578726;0.9926911019578726;0.9982808444711722;1.3781085668510305e-29
510;11;False;518;0.9640354383568113;0.9529666943083482;0.9888325887077838;1.3440781312513478e-29
511;11;False;518;0.9702662644940335;0.9529666943083482;0.9888325887077838;1.6790062334892364e-29
512;11;False;518;0.9765795851911299;0.9529666943083482;0.9888325887077838;1.4175602128784868e-29
513;11;False;518;0.9824635254276443;0.9529666943083482;0.9888325887077838;1.6790062334892364e-29
514;11;False;518;0.9879001076504978;0.9529666943083482;0.9888325887077838;1.4558022318990818e-29
515;11;False;518;0.9928280329528376;0.9529666943083482;0.9888325887077838;1.0423812002674537e-29
516;11;False;518;0.9966765114971047;0.9529666943083482;0.9888325887077838;7.649448657709437e-30
517;11;False;518;0.999118270943544;0.9529666943083482;0.9888325887077838;6.1194824350628096e-30
518;11;True;518;1.0;0.9529666943083482;0.9888325887077838;5.3385084043554594e-30
519;11;False;518;0.9991471630785206;0.9529666943083482;0.9888325887077838;5.6400860946096086e-30
520;12;True;520;1.0;0.9550170468735214;0.9894601352323663;4.408306258595485e-30
521;12;False;520;0.9990564396180621;0.9550170468735214;0.9894601352323663;4.7912151098469616e-30
522;12;False;520;0.9964768107045798;0.9550170468735214;0.9894601352323663;5.053056012336279e-30
523;12;False;520;0.9925037815833448;0.9550170468735214;0.9894601352323663;5.198314379463272e-30
524;12;False;520;0.9876288083464371;0.9550170468735214;0.9894601352323663;6.476155733842448e-30
525;12;False;520;0.9817496211255964;0.9550170468735214;0.9894601352323663;1.1029904017290237e-29
526;12;False;520;0.9752204366868954;0.9550170468735214;0.9894601352323663;2.100312564550241e-29
527;12;False;520;0.9685677563992698;0.9550170468735214;0.9894601352323663;5.911347697447595e-29
528;12;False;520;0.9617137342566359;0.9550170468735214;0.9894601352323663;4.800481484177793e-28
529;12;False;520;0.9550170468735214;0.9550170468735214;0.9894601352323663;1.7036688827598208e-27
530;13;True;530;1.0;0.9937654671508028;0.9985507499017641;4.6845571335735685e-27
531;13;False;530;0.9997947357697751;0.9937654671508028;0.9985507499017641;1.3660470612444812e-26
532;13;False;530;0.9992949328362745;0.9937654671508028;0.9985507499017641;6.452465345248417e-26
533;13;False;530;0.9986220702601358;0.9937654671508028;0.9985507499017641;3.0131616558619514e-25
534;13;False;530;0.9978629912483267;0.9937654671508028;0.9985507499017641;9.925691801661396e-25
535;13;False;530;0.9970299768115679;0.9937654671508028;0.9985507499017641;3.131840239357095e-24
536;13;False;530;0.9962023135190062;0.9937654671508028;0.9985507499017641;6.818094417891865e-24
537;13;False;530;0.9953551107997286;0.9937654671508028;0.9985507499017641;1.3215481780777997e-23
538;13;False;530;0.9945430258066763;0.9937654671508028;0.9985507499017641;2.974971080439742e-23
539;13;False;530;0.9937654671508028;0.9937654671508028;0.9985507499017641;6.831714592282361e-23
540;14;True;540;1.0;0.9987592927374516;0.9996982012333027;1.1878062266865333e-22
541;14;False;540;0.9999728769775571;0.9987592927374516;0.9996982012333027;2.9344846857210105e-22
542;14;False;540;0.9999052699208705;0.9987592927374516;0.9996982012333027;6.045494162598721e-22
543;14;False;540;0.9997991737149303;0.9987592927374516;0.9996982012333027;1.638424212269417e-21
544;14;False;540;0.9996627313319981;0.9987592927374516;0.9996982012333027;4.247764662676385e-21
545;14;False;540;0.9995020133553674;0.9987592927374516;0.9996982012333027;9.135751409582176e-21
546;14;False;540;0.9993247196367322;0.9987592927374516;0.9996982012333027;2.1488246379699864e-20
547;14;False;540;0.9991420983620674;0.9987592927374516;0.9996982012333027;3.237031283723515e-20
548;14;False;540;0.9989479357342074;0.9987592927374516;0.9996982012333027;4.979930559057161e-20
549;14;False;540;0.9987592927374516;0.9987592927374516;0.9996982012333027;7.290589016317241e-20
550;15;False;559;0.9986468614237727;0.9986468614237727;0.9996548677110301;1.0163417300216148e-19
551;15;False;559;0.9986906141040306;0.9986468614237727;0.9996548677110301;1.3164843792958838e-19
552;15;False;559;0.9987583795384107;0.9986468614237727;0.9996548677110301;1.4422761365703071e-19
553;15;False;559;0.998877363307941;0.9986468614237727;0.9996548677110301;1.5464084734246341e-19
554;15;False;559;0.9990419076222508;0.9986468614237727;0.9996548677110301;1.411637131031183e-19
555;15;False;559;0.9992554715175621;0.9986468614237727;0.9996548677110301;1.2566000829728998e-19
556;15;False;559;0.9994979224932425;0.9986468614237727;0.9996548677110301;8.813071029188013e-20
557;15;False;559;0.9997311555501885;0.9986468614237727;0.9996548677110301;6.47622689539555e-20
558;15;False;559;0.9999141862480397;0.9986468614237727;0.9996548677110301;3.6519610582897296e-20
559;15;True;559;1.0;0.9986468614237727;0.9996548677110301;1.9067571142874168e-20
560;16;False;569;0.9855575280224267;0.9855575280224267;0.9965913048596359;6.537827870125448e-21
561;16;False;569;0.9878867954999002;0.9855575280224267;0.9965913048596359;2.8277285569955002e-21
562;16;False;569;0.9901419219983966;0.9855575280224267;0.9965913048596359;8.159053830933968e-22
563;16;False;569;0.9922560300095403;0.9855575280224267;0.9965913048596359;3.5728281365866643e-22
564;16;False;569;0.9942803564020412;0.9855575280224267;0.9965913048596359;1.131172531711088e-22
565;16;False;569;0.9961395892129122;0.9855575280224267;0.9965913048596359;3.7289500232347576e-23
566;16;False;569;0.9977537375977314;0.9855575280224267;0.9965913048596359;7.360789820277556e-24
567;16;False;569;0.9989845125570559;0.9855575280224267;0.9965913048596359;1.5883393970101461e-24
568;16;False;569;0.999733462135958;0.9855575280224267;0.9965913048596359;3.1684414673779497e-25
569;16;True;569;0.9999999999999997;0.9855575280224267;0.9965913048596359;7.162086277342186e-26
570;17;False;579;0.9851883563584034;0.9851883563584034;0.9965590740255327;1.8578253229366463e-26
571;17;False;579;0.9886826686826687;0.9851883563584034;0.9965590740255327;1.1124273682925488e-26
572;17;False;579;0.9916614969969104;0.9851883563584034;0.9965590740255327;6.947614354799689e-27
573;17;False;579;0.994177577703319;0.9851883563584034;0.9965590740255327;3.4188840640348114e-27
574;17;False;579;0.9961509553397229;0.9851883563584034;0.9965590740255327;1.7975879371311078e-27
575;17;False;579;0.9976642777890828;0.9851883563584034;0.9965590740255327;6.846840043782321e-28
576;17;False;579;0.9987170581242345;0.9851883563584034;0.9965590740255327;4.560536688042573e-28
577;17;False;579;0.9994361770960833;0.9851883563584034;0.9965590740255327;4.191720454037901e-28
578;17;False;579;0.9998579133056511;0.9851883563584034;0.9965590740255327;3.976787001859598e-28
579;17;True;579;0.9999999999999999;0.9851883563584034;0.9965590740255327;3.77803874243022e-28
580;18;False;584;0.9985675512664594;0.9947209193387041;0.998767944015994;3.976787001859598e-28
581;18;False;584;0.9992317064391947;0.9947209193387041;0.998767944015994;4.191720454037901e-28
582;18;False;584;0.9996711320892288;0.9947209193387041;0.998767944015994;3.976787001859598e-28
583;18;False;584;0.9999185483740867;0.9947209193387041;0.998767944015994;3.594238634669505e-28
584;18;True;584;0.9999999999999999;0.9947209193387041;0.998767944015994;3.594238634669505e-28
585;18;False;584;0.999922755492178;0.9947209193387041;0.998767944015994;3.77803874243022e-28
586;18;False;584;0.9997255634697132;0.9947209193387041;0.998767944015994;4.436144528663526e-28
587;18;False;584;0.9994395855862315;0.9947209193387041;0.998767944015994;4.682100840300192e-28
588;18;False;584;0.9990919768766882;0.9947209193387041;0.998767944015994;5.066598150749085e-28
589;18;False;584;0.9987061485969442;0.9947209193387041;0.998767944015994;5.3545107269231135e-28
590;19;True;590;0.9999999999999998;0.9985618530392325;0.9996710168816253;5.6511875004631775e-28
591;19;False;590;0.999966968141695;0.9985618530392325;0.9996710168816253;5.801780818025427e-28
592;19;False;590;0.9998934387701938;0.9985618530392325;0.9996710168816253;5.9563887550532275e-28
593;19;False;590;0.9997826670525576;0.9985618530392325;0.9996710168816253;5.9563887550532275e-28
594;19;False;590;0.9996483476046657;0.9985618530392325;0.9996710168816253;6.846840043782321e-28
595;19;False;590;0.9994884821717894;0.9985618530392325;0.9996710168816253;7.2163358377345165e-28
596;19;False;590;0.9993079316012232;0.9985618530392325;0.9996710168816253;7.3988875324732895e-28
597;19;False;590;0.9990982344804498;0.9985618530392325;0.9996710168816253;7.595935186157093e-28
598;19;False;590;0.9988498274925734;0.9985618530392325;0.9996710168816253;7.595935186157093e-28
599;19;False;590;0.9985618530392325;0.9985618530392325;0.9996710168816253;8.240282575249019e-28
600;20;True;600;1.0;0.996382769736904;0.9991441614280928;8.938987010700144e-28
601;20;False;600;0.9999681037434549;0.996382769736904;0.9991441614280928;1.0811559555521295e-27
602;20;False;600;0.9998737258019632;0.996382769736904;0.9991441614280928;1.2312608438438876e-27
603;20;False;600;0.9997077173364226;0.996382769736904;0.9991441614280928;1.2023658896937299e-27
604;20;False;600;0.9994405611254288;0.996382769736904;0.9991441614280928;1.1099144307973112e-27
605;20;False;600;0.999083394153597;0.996382769736904;0.9991441614280928;1.0544805018217587e-27
606;20;False;600;0.9986184798041273;0.996382769736904;0.9991441614280928;1.138004259008475e-27
607;20;False;600;0.9980066297070975;0.996382769736904;0.9991441614280928;1.1697454860799752e-27
608;20;False;600;0.9972438136556702;0.996382769736904;0.9991441614280928;1.138004259008475e-27
609;20;False;600;0.996382769736904;0.996382769736904;0.9991441614280928;1.2312608438438876e-27
610;21;True;610;1.0;0.9959962321272775;0.9990474236964098;1.138004259008475e-27
611;21;False;610;0.9999241505637764;0.9959962321272775;0.9990474236964098;1.3338068692773948e-27
612;21;False;610;0.9997218769761672;0.9959962321272775;0.9990474236964098;1.4887764392783254e-27
613;21;False;610;0.9994023988407768;0.9959962321272775;0.9990474236964098;1.6146353865452738e-27
614;21;False;610;0.9989845395149609;0.9959962321272775;0.9990474236964098;1.7975879371311078e-27
615;21;False;610;0.9984853026974712;0.9959962321272775;0.9990474236964098;2.175307841118593e-27
616;21;False;610;0.9978932413877813;0.9959962321272775;0.9990474236964098;2.4213760696711933e-27
617;21;False;610;0.9972608224090286;0.9959962321272775;0.9990474236964098;2.773193390368322e-27
618;21;False;610;0.9966258879207399;0.9959962321272775;0.9990474236964098;3.082823293741161e-27
619;21;False;610;0.9959962321272775;0.9959962321272775;0.9990474236964098;3.160814436311631e-27
620;22;False;621;0.9999786998850961;0.9995868498832622;0.9999021643327415;3.240797327834973e-27
621;22;True;621;0.9999999999999998;0.9995868498832622;0.9999021643327415;3.240797327834973e-27
622;22;False;621;0.9999841470668304;0.9995868498832622;0.9999021643327415;3.61090830750397e-27
623;22;False;621;0.9999518599206588;0.9995868498832622;0.9999021643327415;3.88759164206899e-27
624;22;False;621;0.9999126311138791;0.9995868498832622;0.9999021643327415;4.4408471579840716e-27
625;22;False;621;0.9998750534787976;0.9995868498832622;0.9999021643327415;4.808624763711408e-27
626;22;False;621;0.9998371860462345;0.9995868498832622;0.9999021643327415;4.924815919922384e-27
627;22;False;621;0.9998015005191292;0.9995868498832622;0.9999021643327415;4.924815919922384e-27
628;22;False;621;0.9997672420761344;0.9995868498832622;0.9999021643327415;5.055256803450781e-27
629;22;False;621;0.9997287546117504;0.9995868498832622;0.9999021643327415;5.183313760504205e-27
630;23;True;630;0.9999999999999997;0.9983920805761681;0.999605829708794;5.455406008175874e-27
631;23;False;630;0.9999943472642383;0.9983920805761681;0.999605829708794;5.920125197331512e-27
632;23;False;630;0.9999790924595916;0.9983920805761681;0.999605829708794;6.4169942405091815e-27
633;23;False;630;0.999947248433988;0.9983920805761681;0.999605829708794;6.586796771752325e-27
634;23;False;630;0.9998821855296112;0.9983920805761681;0.999605829708794;7.131401641757191e-27
635;23;False;630;0.9997683608292032;0.9983920805761681;0.999605829708794;7.924965884971702e-27
636;23;False;630;0.9995809208289707;0.9983920805761681;0.999605829708794;8.579624929669124e-27
637;23;False;630;0.999303133094085;0.9983920805761681;0.999605829708794;8.579624929669124e-27
638;23;False;630;0.9989109511730417;0.9983920805761681;0.999605829708794;9.817068938952252e-27
639;23;False;630;0.9983920805761681;0.9983920805761681;0.999605829708794;1.0849521601003212e-26
640;24;False;648;0.9968792972849135;0.9963482737273689;0.9991185803229486;1.2359839834746712e-26
641;24;False;648;0.997673677673678;0.9963482737273689;0.9991185803229486;1.4361511049337598e-26
642;24;False;648;0.9983465756320672;0.9963482737273689;0.9991185803229486;1.3660470612444812e-26
643;24;False;648;0.9989146713639694;0.9963482737273689;0.9991185803229486;1.2980217558550402e-26
644;24;False;648;0.9993503161677888;0.9963482737273689;0.9991185803229486;1.2980217558550402e-26
645;24;False;648;0.9996574694858623;0.9963482737273689;0.9991185803229486;1.2067365968271608e-26
646;24;False;648;0.9998555157369513;0.9963482737273689;0.9991185803229486;9.564426316146929e-27
647;24;False;648;0.9999641291372963;0.9963482737273689;0.9991185803229486;8.815958803619529e-27
648;24;True;648;1.0;0.9963482737273689;0.9991185803229486;7.729260290422712e-27
649;24;False;648;0.9999713858684218;0.9963482737273689;0.9991185803229486;7.729260290422712e-27
650;25;False;659;0.9989599741237808;0.9989599741237808;0.9997644693432526;7.131401641757191e-27
651;25;False;659;0.9991940597244809;0.9989599741237808;0.9997644693432526;6.4169942405091815e-27
652;25;False;659;0.999369961741257;0.9989599741237808;0.9997644693432526;5.920125197331512e-27
653;25;False;659;0.9995178410155011;0.9989599741237808;0.9997644693432526;5.455406008175874e-27
654;25;False;659;0.9996509776852994;0.9989599741237808;0.9997644693432526;5.055256803450781e-27
655;25;False;659;0.9997617611970189;0.9989599741237808;0.9997644693432526;4.3311935114742836e-27
656;25;False;659;0.9998542133331523;0.9989599741237808;0.9997644693432526;3.88759164206899e-27
657;25;False;659;0.9999300779331983;0.9989599741237808;0.9997644693432526;3.787213951083531e-27
658;25;False;659;0.9999797647223547;0.9989599741237808;0.9997644693432526;3.693698115485659e-27
659;25;True;659;1.0;0.9989599741237808;0.9997644693432526;3.61090830750397e-27
660;26;False;669;0.9991773710962483;0.9991773710962483;0.9997997719932199;3.240797327834973e-27
661;26;False;669;0.9993682381201884;0.9991773710962483;0.9997997719932199;3.160814436311631e-27
662;26;False;669;0.9995194315319123;0.9991773710962483;0.9997997719932199;3.010340887208192e-27
663;26;False;669;0.999652601899092;0.9991773710962483;0.9997997719932199;2.8501056319596448e-27
664;26;False;669;0.9997584403200631;0.9991773710962483;0.9997997719932199;2.62549795940996e-27
665;26;False;669;0.9998475698943721;0.9991773710962483;0.9997997719932199;2.4213760696711933e-27
666;26;False;669;0.9999082403450581;0.9991773710962483;0.9997997719932199;1.845339146161501e-27
667;26;False;669;0.9999558210478648;0.9991773710962483;0.9997997719932199;1.5728390879614411e-27
668;26;False;669;0.999986067817581;0.9991773710962483;0.9997997719932199;1.4520236929320784e-27
669;26;True;669;0.9999999999999998;0.9991773710962483;0.9997997719932199;1.2312608438438876e-27
670;27;False;679;0.9986558805279556;0.9986558805279556;0.9996780446203224;9.445258631264315e-28
671;27;False;679;0.9988649946840275;0.9986558805279556;0.9996780446203224;7.3988875324732895e-28
672;27;False;679;0.9990674114855085;0.9986558805279556;0.9996780446203224;5.208578287330808e-28
673;27;False;679;0.9992646456297003;0.9986558805279556;0.9996780446203224;3.976787001859598e-28
674;27;False;679;0.999452491683381;0.9986558805279556;0.9996780446203224;3.1251477534911838e-28
675;27;False;679;0.9996214773125851;0.9986558805279556;0.9996780446203224;2.358370897367709e-28
676;27;False;679;0.9997722899438968;0.9986558805279556;0.9996780446203224;1.8314525098291262e-28
677;27;False;679;0.999889246815924;0.9986558805279556;0.9996780446203224;1.4216286338278554e-28
678;27;False;679;0.9999695594703395;0.9986558805279556;0.9996780446203224;1.0695858860951882e-28
679;27;True;679;1.0;0.9986558805279556;0.9996780446203224;9.032949457460374e-29
680;28;False;686;0.9986465514078618;0.993676834612872;0.9985551932759421;6.992679089590827e-29
681;28;False;686;0.9989571620772868;0.993676834612872;0.9985551932759421;5.667807662625045e-29
682;28;False;686;0.999240304326108;0.993676834612872;0.9985551932759421;4.9889936141331804e-29
683;28;False;686;0.9994903725948968;0.993676834612872;0.9985551932759421;4.105548336137377e-29
684;28;False;686;0.9997209351343517;0.993676834612872;0.9985551932759421;3.887240885373743e-29
685;28;False;686;0.9999049514806143;0.993676834612872;0.9985551932759421;3.785336216674445e-29
686;28;True;686;1.0;0.993676834612872;0.9985551932759421;3.3830723349531934e-29
687;28;False;686;0.9998470795974697;0.993676834612872;0.9985551932759421;3.4741767513961697e-29
688;28;False;686;0.9992480041778014;0.993676834612872;0.9985551932759421;3.887240885373743e-29
689;28;False;686;0.9977836743515374;0.993676834612872;0.9985551932759421;3.9979195884921286e-29
690;29;False;694;0.9642693554706034;0.8403954808947011;0.9579828878558543;3.294365539705775e-29
691;29;False;694;0.975506642027703;0.8403954808947011;0.9579828878558543;2.630798687136135e-29
692;29;False;694;0.9869484295693347;0.8403954808947011;0.9579828878558543;1.7707901912673005e-29
693;29;False;694;0.9960649309791275;0.8403954808947011;0.9579828878558543;1.0423812002674537e-29
694;29;True;694;1.0;0.8403954808947011;0.9579828878558543;3.6273508783910956e-30
695;29;False;694;0.995012998133123;0.8403954808947011;0.9579828878558543;6.650922145854642e-30
696;29;False;694;0.9790480599216951;0.8403954808947011;0.9579828878558543;2.944047029117882e-29
697;29;False;694;0.9514112703504283;0.8403954808947011;0.9579828878558543;3.77803874243022e-28
698;30;True;698;0.9999999999999998;0.8167884836839593;0.9526063345697846;2.1762494570781632e-26
699;30;False;698;0.993902377927339;0.8167884836839593;0.9526063345697846;3.5728281365866643e-22
700;30;False;698;0.9768816670532738;0.8167884836839593;0.9526063345697846;1.5226945444857432e-18
701;30;False;698;0.9509793103552853;0.8167884836839593;0.9526063345697846;1.2939905378902471e-14
702;30;False;698;0.9194766291178149;0.8167884836839593;0.9526063345697846;1.693795074898287e-12
703;30;False;698;0.8856187890197252;0.8167884836839593;0.9526063345697846;2.3936123906226554e-10
704;30;False;698;0.8511154267160509;0.8167884836839593;0.9526063345697846;3.61724403968048e-08
705;30;False;698;0.8167884836839593;0.8167884836839593;0.9526063345697846;4.345343307084408e-09
706;31;False;713;0.9732237033953102;0.967422352071338;0.9922651867862476;9.690655546452899e-10
707;31;False;713;0.9833040055192942;0.967422352071338;0.9922651867862476;5.105568848661313e-10
708;31;False;713;0.9902886606162737;0.967422352071338;0.9922651867862476;2.9412286792103857e-10
709;31;False;713;0.99481783469303;0.967422352071338;0.9922651867862476;1.9567096318369376e-10
710;31;False;713;0.9974406434312831;0.967422352071338;0.9922651867862476;1.7532734065105858e-10
711;31;False;713;0.9989800948303288;0.967422352071338;0.9922651867862476;1.3623818397586649e-10
712;31;False;713;0.9997839913596545;0.967422352071338;0.9922651867862476;1.0208228302030269e-10
713;31;True;713;0.9999999999999999;0.967422352071338;0.9922651867862476;9.110218794021668e-11
714;31;False;713;0.9998658035475508;0.967422352071338;0.9922651867862476;1.0208228302030269e-10
715;31;False;713;0.9995738831308258;0.967422352071338;0.9922651867862476;1.248038634047437e-10
716;32;True;716;0.9999999999999999;0.984201909318914;0.9961871920436666;1.4891994383284718e-10
717;32;False;716;0.9999222601406688;0.984201909318914;0.9961871920436666;1.7220386568941354e-10
718;32;False;716;0.9996924069310964;0.984201909318914;0.9961871920436666;2.106679041672733e-10
719;32;False;716;0.9992612860007557;0.984201909318914;0.9961871920436666;2.8232722531390966e-10
720;32;False;716;0.9985563839542002;0.984201909318914;0.9961871920436666;3.3521830699494364e-10
721;32;False;716;0.9974399576895678;0.984201909318914;0.9961871920436666;5.213328181638817e-10
722;32;False;716;0.9956678326101104;0.984201909318914;0.9961871920436666;8.964789609581798e-10
723;32;False;716;0.9929577308048446;0.984201909318914;0.9961871920436666;1.700891771761814e-09
724;32;False;716;0.9892252302236704;0.984201909318914;0.9961871920436666;3.710487337696817e-09
725;32;False;716;0.984201909318914;0.984201909318914;0.9961871920436666;6.43197577037363e-09
726;33;False;735;0.9077999893600519;0.9077999893600519;0.9782143422954657;1.3667418450703058e-08
727;33;False;735;0.9227416391846971;0.9077999893600519;0.9782143422954657;2.6744738148373588e-08
728;33;False;735;0.9378580200421074;0.9077999893600519;0.9782143422954657;7.863399093965841e-08
729;33;False;735;0.951842184041872;0.9077999893600519;0.9782143422954657;1.6381345997106428e-07
730;33;False;735;0.9646852957305374;0.9077999893600519;0.9782143422954657;3.352720115045914e-09
731;33;False;735;0.9764456246203516;0.9077999893600519;0.9782143422954657;5.1285795428028887e-11
732;33;False;735;0.986401106588314;0.9077999893600519;0.9782143422954657;1.820276355786263e-13
733;33;False;735;0.9937969303959941;0.9077999893600519;0.9782143422954657;1.716062202453821e-16
734;33;False;735;0.9984215523061082;0.9077999893600519;0.9782143422954657;2.900448941306983e-19
735;33;True;735;1.0;0.9077999893600519;0.9782143422954657;8.159053830933968e-22
736;34;False;742;0.950350030287628;0.903526121810053;0.9774480417850152;2.5457249846960357e-24
737;34;False;742;0.9662914022352401;0.903526121810053;0.9774480417850152;1.5098705317197122e-26
738;34;False;742;0.979177341611039;0.903526121810053;0.9774480417850152;3.594238634669505e-28
739;34;False;742;0.9885843565718759;0.903526121810053;0.9774480417850152;1.3781085668510305e-29
740;34;False;742;0.9950500298706226;0.903526121810053;0.9774480417850152;1.4305304783231251e-30
741;34;False;742;0.9987829617782815;0.903526121810053;0.9774480417850152;1.974114426235915e-31
742;34;True;742;1.0;0.903526121810053;0.9774480417850152;8.389312367478559e-32
743;34;False;742;0.9989098273653655;0.903526121810053;0.9774480417850152;8.389312367478559e-32
744;34;False;742;0.9958688206426115;0.903526121810053;0.9774480417850152;8.389312367478559e-32
745;34;False;742;0.9915674257015912;0.903526121810053;0.9774480417850152;8.389312367478559e-32
746;35;False;750;0.9917693471515625;0.9709084860410911;0.9932144350989904;8.389312367478559e-32
747;35;False;750;0.9956151888757195;0.9709084860410911;0.9932144350989904;8.389312367478559e-32
748;35;False;750;0.9981339704272622;0.9709084860410911;0.9932144350989904;8.389312367478559e-32
749;35;False;750;0.9995548643286556;0.9709084860410911;0.9932144350989904;8.389312367478559e-32
750;35;True;750;1.0;0.9709084860410911;0.9932144350989904;8.389312367478559e-32
751;35;False;750;0.9995993398177488;0.9709084860410911;0.9932144350989904;8.389312367478559e-32
752;35;False;750;0.9985522391762642;0.9709084860410911;0.9932144350989904;8.389312367478559e-32
753;35;False;750;0.9970572801150025;0.9709084860410911;0.9932144350989904;8.389312367478559e-32
754;35;False;750;0.9952336317390919;0.9709084860410911;0.9932144350989904;8.389312367478559e-32
755;35;False;750;0.9931655762545001;0.9709084860410911;0.9932144350989904;8.389312367478559e-32
756;36;False;760;0.998222016630753;0.9935583259764231;0.9985138004607583;8.389312367478559e-32
757;36;False;760;0.9990695849666209;0.9935583259764231;0.9985138004607583;8.389312367478559e-32
758;36;False;760;0.9996098769889722;0.9935583259764231;0.9985138004607583;8.389312367478559e-32
759;36;False;760;0.9999052429629657;0.9935583259764231;0.9985138004607583;8.389312367478559e-32
760;36;True;760;1.0;0.9935583259764231;0.9985138004607583;8.389312367478559e-32
761;36;False;760;0.9999106547624487;0.9935583259764231;0.9985138004607583;8.389312367478559e-32
762;36;False;760;0.9996844594036485;0.9935583259764231;0.9985138004607583;8.389312367478559e-32
763;36;False;760;0.9993401142855121;0.9935583259764231;0.9985138004607583;8.389312367478559e-32
764;36;False;760;0.9989242414203414;0.9935583259764231;0.9985138004607583;8.389312367478559e-32
765;36;False;760;0.9984412686440771;0.9935583259764231;0.9985138004607583;8.389312367478559e-32
766;37;False;770;0.9994302008654584;0.9977998844769513;0.9994699825713866;8.389312367478559e-32
767;37;False;770;0.9996810627075838;0.9977998844769513;0.9994699825713866;8.389312367478559e-32
768;37;False;770;0.9998541038166624;0.9977998844769513;0.9994699825713866;8.389312367478559e-32
769;37;False;770;0.9999590509418902;0.9977998844769513;0.9994699825713866;8.389312367478559e-32
770;37;True;770;0.9999999999999996;0.9977998844769513;0.9994699825713866;8.389312367478559e-32
771;37;False;770;0.9999623347517265;0.9977998844769513;0.9994699825713866;8.646253654820409e-32
772;37;False;770;0.9998735185630659;0.9977998844769513;0.9994699825713866;9.078013407099443e-32
773;37;False;770;0.9997400567135357;0.9977998844769513;0.9994699825713866;9.663907161818483e-32
774;37;False;770;0.9995834380233755;0.9977998844769513;0.9994699825713866;9.908344927757932e-32
775;37;False;770;0.9994181422574558;0.9977998844769513;0.9994699825713866;1.0855583790444104e-31
776;38;True;776;0.9999999999999999;0.999341698062447;0.9998424170405449;1.1741775305150868e-31
777;38;False;776;0.999981828686977;0.999341698062447;0.9998424170405449;1.2630041177689268e-31
778;38;False;776;0.9999418147312066;0.999341698062447;0.9998424170405449;1.366619438614816e-31
779;38;False;776;0.9998860725225779;0.999341698062447;0.9998424170405449;1.4378259302699715e-31
780;38;False;776;0.9998174090529783;0.999341698062447;0.9998424170405449;1.5128877728311292e-31
781;38;False;776;0.9997408839842536;0.999341698062447;0.9998424170405449;1.6006926007936666e-31
782;38;False;776;0.9996525665168409;0.999341698062447;0.9998424170405449;1.6754364310712827e-31
783;38;False;776;0.9995520657611142;0.999341698062447;0.9998424170405449;1.758717689606908e-31
784;38;False;776;0.9994466418179369;0.999341698062447;0.9998424170405449;1.758717689606908e-31
785;38;False;776;0.999341698062447;0.999341698062447;0.9998424170405449;1.7996338934268916e-31
786;39;True;786;0.9999999999999997;0.9997258600066707;0.9999330170188205;1.7996338934268916e-31
787;39;False;786;0.9999918401790476;0.9997258600066707;0.9999330170188205;1.8464122107550647e-31
788;39;False;786;0.9999764472151368;0.9997258600066707;0.9999330170188205;1.938757891035499e-31
789;39;False;786;0.9999552498772467;0.9997258600066707;0.9999330170188205;1.938757891035499e-31
790;39;False;786;0.9999313011481502;0.9997258600066707;0.9999330170188205;1.938757891035499e-31
791;39;False;786;0.999902523584271;0.9997258600066707;0.9999330170188205;1.938757891035499e-31
792;39;False;786;0.9998676771219674;0.9997258600066707;0.9999330170188205;2.073443512104518e-31
793;39;False;786;0.9998278468169265;0.9997258600066707;0.9999330170188205;2.073443512104518e-31
794;39;False;786;0.999781657815979;0.9997258600066707;0.9999330170188205;2.2518684444573032e-31
795;39;False;786;0.9997258600066707;0.9997258600066707;0.9999330170188205;2.3108928717237263e-31
796;40;False;797;0.999990638867394;0.9997395276646449;0.9999359650904114;2.3656798398428987e-31
797;40;True;797;0.9999999999999999;0.9997395276646449;0.9999359650904114;2.3656798398428987e-31
798;40;False;797;0.999990935404352;0.9997395276646449;0.9999359650904114;2.427802533970382e-31
799;40;False;797;0.999974779194748;0.9997395276646449;0.9999359650904114;2.479533597177852e-31
800;40;False;797;0.9999551622640545;0.9997395276646449;0.9999359650904114;2.479533597177852e-31
801;40;False;797;0.9999345478908662;0.9997395276646449;0.9999359650904114;2.5325875335581808e-31
802;40;False;797;0.9999099808148173;0.9997395276646449;0.9999359650904114;2.642796981821269e-31
803;40;False;797;0.9998812352634509;0.9997395276646449;0.9999359650904114;2.642796981821269e-31
804;40;False;797;0.9998465303301496;0.9997395276646449;0.9999359650904114;2.642796981821269e-31
805;40;False;797;0.9998022199582259;0.9997395276646449;0.9999359650904114;2.706329707651674e-31
806;41;True;806;0.9999999999999996;0.999761729184506;0.9999399120647171;2.7272138598719163e-31
807;41;False;806;0.9999928140333756;0.999761729184506;0.9999399120647171;2.880604609149589e-31
808;41;False;806;0.9999795204163376;0.999761729184506;0.9999399120647171;2.880604609149589e-31
809;41;False;806;0.9999630086993582;0.999761729184506;0.9999399120647171;2.9571858361852998e-31
810;41;False;806;0.9999420219701033;0.999761729184506;0.9999399120647171;3.116637539470874e-31
811;41;False;806;0.9999169915550572;0.999761729184506;0.9999399120647171;3.2703592056683442e-31
812;41;False;806;0.9998894574245589;0.999761729184506;0.9999399120647171;3.364986766624881e-31
813;41;False;806;0.9998535663434256;0.999761729184506;0.9999399120647171;3.4547531054860915e-31
814;41;False;806;0.9998141690497384;0.999761729184506;0.9999399120647171;3.4547531054860915e-31
815;41;False;806;0.999761729184506;0.999761729184506;0.9999399120647171;3.641669997825055e-31
816;42;True;816;0.9999999999999997;0.9995230994918981;0.9998791269680507;3.641669997825055e-31
817;42;False;816;0.9999905445147254;0.9995230994918981;0.9998791269680507;4.418113562778185e-31
818;42;False;816;0.9999687726364793;0.9995230994918981;0.9998791269680507;4.802731529478037e-31
819;42;False;816;0.9999359530716786;0.9995230994918981;0.9998791269680507;5.052867043796916e-31
820;42;False;816;0.9998920302196435;0.9995230994918981;0.9998791269680507;5.663759501866308e-31
821;42;False;816;0.999839255065464;0.9995230994918981;0.9998791269680507;6.182491947405591e-31
822;42;False;816;0.9997753496661453;0.9995230994918981;0.9998791269680507;7.320965625999653e-31
823;42;False;816;0.9997014934300428;0.9995230994918981;0.9998791269680507;7.958415392264551e-31
824;42;False;816;0.9996130411731036;0.9995230994918981;0.9998791269680507;8.703631929072934e-31
825;42;False;816;0.9995230994918981;0.9995230994918981;0.9998791269680507;9.975968059413945e-31
826;43;True;826;1.0;0.9993110418695442;0.9998314769984039;1.0560729352706008e-30
827;43;False;826;0.999987670128076;0.9993110418695442;0.9998314769984039;1.1114136290219214e-30
828;43;False;826;0.9999600820817671;0.9993110418695442;0.9998314769984039;1.2082028856771472e-30
829;43;False;826;0.9999168584503998;0.9993110418695442;0.9998314769984039;1.3903816743868168e-30
830;43;False;826;0.9998574364877018;0.9993110418695442;0.9998314769984039;1.693664709136656e-30
831;43;False;826;0.9997848270547178;0.9993110418695442;0.9998314769984039;1.9488523512011084e-30
832;43;False;826;0.999694912331418;0.9993110418695442;0.9998314769984039;2.5123524701875352e-30
833;43;False;826;0.9995855660130231;0.9993110418695442;0.9998314769984039;2.8852594194470052e-30
834;43;False;826;0.9994560922486039;0.9993110418695442;0.9998314769984039;3.226508911476881e-30
835;43;False;826;0.9993110418695442;0.9993110418695442;0.9998314769984039;4.285068638688724e-30
836;44;True;836;0.9999999999999999;0.999157398658179;0.9997980808714039;4.527129465232701e-30
837;44;False;836;0.9999835977995104;0.999157398658179;0.9997980808714039;5.053056012336279e-30
838;44;False;836;0.9999479948309904;0.999157398658179;0.9997980808714039;6.1194824350628096e-30
839;44;False;836;0.9998914354608582;0.999157398658179;0.9997980808714039;7.448440041326703e-30
840;44;False;836;0.9998152726389856;0.999157398658179;0.9997980808714039;9.109911508662021e-30
841;44;False;836;0.9997200623721687;0.999157398658179;0.9997980808714039;9.355579428554408e-30
842;44;False;836;0.9996092047262097;0.999157398658179;0.9997980808714039;1.1327492846222259e-29
843;44;False;836;0.9994778590722432;0.999157398658179;0.9997980808714039;1.7707901912673005e-29
844;44;False;836;0.9993278905603398;0.999157398658179;0.9997980808714039;2.100312564550241e-29
845;44;False;836;0.999157398658179;0.999157398658179;0.9997980808714039;2.222009779270464e-29
846;45;True;846;1.0;0.9993852721465828;0.9998508594327629;2.7058561669780584e-29
847;45;False;846;0.9999850046651926;0.9993852721465828;0.9998508594327629;3.1190953055723426e-29
848;45;False;846;0.9999528017624743;0.9993852721465828;0.9998508594327629;4.6001098109507965e-29
849;45;False;846;0.9999075259605681;0.9993852721465828;0.9998508594327629;4.9889936141331804e-29
850;45;False;846;0.9998477147931129;0.9993852721465828;0.9998508594327629;5.268928965953039e-29
851;45;False;846;0.9997764802132978;0.9993852721465828;0.9998508594327629;6.070323075983491e-29
852;45;False;846;0.9996908854943178;0.9993852721465828;0.9998508594327629;7.627138317341623e-29
853;45;False;846;0.9995989202853481;0.9993852721465828;0.9998508594327629;8.294497475188365e-29
854;45;False;846;0.999499583774155;0.9993852721465828;0.9998508594327629;9.822440794812131e-29
855;45;False;846;0.9993852721465828;0.9993852721465828;0.9998508594327629;1.132596544611187e-28
856;46;True;856;1.0;0.9994782701802984;0.9998695025840113;1.3825754897080235e-28
857;46;False;856;0.9999865075684108;0.9994782701802984;0.9998695025840113;1.5891142942552923e-28
858;46;False;856;0.9999594350920408;0.9994782701802984;0.9998695025840113;1.883089211649751e-28
859;46;False;856;0.9999200782352109;0.9994782701802984;0.9998695025840113;2.1668310143405576e-28
860;46;False;856;0.9998681808978221;0.9994782701802984;0.9998695025840113;2.6389091246155582e-28
861;46;False;856;0.9998054532219901;0.9994782701802984;0.9998695025840113;3.1251477534911838e-28
862;46;False;856;0.9997336474715571;0.9994782701802984;0.9998695025840113;3.77803874243022e-28
863;46;False;856;0.9996577912958572;0.9994782701802984;0.9998695025840113;4.800481484177793e-28
864;46;False;856;0.999575588218334;0.9994782701802984;0.9998695025840113;5.6511875004631775e-28
865;46;False;856;0.9994782701802984;0.9994782701802984;0.9998695025840113;7.2163358377345165e-28
866;47;True;866;1.0;0.9997135992143793;0.9999259744532755;8.240282575249019e-28
867;47;False;866;0.9999900137809654;0.9997135992143793;0.9999259744532755;8.938987010700144e-28
868;47;False;866;0.999969080967521;0.9997135992143793;0.9999259744532755;9.445258631264315e-28
869;47;False;866;0.9999391762262276;0.9997135992143793;0.9999259744532755;1.0811559555521295e-27
870;47;False;866;0.9999032851450947;0.9997135992143793;0.9999259744532755;1.2312608438438876e-27
871;47;False;866;0.9998693838943449;0.9997135992143793;0.9999259744532755;1.3338068692773948e-27
872;47;False;866;0.9998378920063785;0.9997135992143793;0.9999259744532755;1.4887764392783254e-27
873;47;False;866;0.9998087488259099;0.9997135992143793;0.9999259744532755;1.6146353865452738e-27
874;47;False;866;0.9997681552751758;0.9997135992143793;0.9999259744532755;1.7036688827598208e-27
875;47;False;866;0.9997135992143793;0.9997135992143793;0.9999259744532755;1.947033274132126e-27
876;48;True;876;1.0;0.9997847748237765;0.9999402529698942;1.947033274132126e-27
877;48;False;876;0.9999913111301568;0.9997847748237765;0.9999402529698942;1.9987436980948983e-27
878;48;False;876;0.9999728567591284;0.9997847748237765;0.9999402529698942;2.2923037570845025e-27
879;48;False;876;0.9999485188252741;0.9997847748237765;0.9999402529698942;2.2923037570845025e-27
880;48;False;876;0.9999191717756464;0.9997847748237765;0.9999402529698942;2.485616146476641e-27
881;48;False;876;0.9998947782411121;0.9997847748237765;0.9999402529698942;2.485616146476641e-27
882;48;False;876;0.9998728513549108;0.9997847748237765;0.9999402529698942;2.773193390368322e-27
883;48;False;876;0.9998475109239544;0.9997847748237765;0.9999402529698942;3.082823293741161e-27
884;48;False;876;0.9998189405989716;0.9997847748237765;0.9999402529698942;3.160814436311631e-27
885;48;False;876;0.9997847748237765;0.9997847748237765;0.9999402529698942;3.4188840640348114e-27
886;49;False;887;0.9999930920367736;0.9998033707238078;0.9999409349674562;3.693698115485659e-27
887;49;True;887;1.0;0.9998033707238078;0.9999409349674562;3.693698115485659e-27
888;49;False;887;0.9999929319742112;0.9998033707238078;0.9999409349674562;3.787213951083531e-27
889;49;False;887;0.999977230679259;0.9998033707238078;0.9999409349674562;4.101084860525596e-27
890;49;False;887;0.999957015620042;0.9998033707238078;0.9999409349674562;4.4408471579840716e-27
891;49;False;887;0.9999312506020775;0.9998033707238078;0.9999409349674562;4.5636836666404405e-27
892;49;False;887;0.9999080954463168;0.9998033707238078;0.9999409349674562;4.808624763711408e-27
893;49;False;887;0.9998865459707893;0.9998033707238078;0.9999409349674562;4.924815919922384e-27
894;49;False;887;0.9998644034213457;0.9998033707238078;0.9999409349674562;4.924815919922384e-27
895;49;False;887;0.9998404378435579;0.9998033707238078;0.9999409349674562;5.183313760504205e-27
896;50;True;896;0.9999999999999999;0.9998460332937713;0.9999493116872213;5.326569012564412e-27
897;50;False;896;0.9999936766863443;0.9998460332937713;0.9999493116872213;5.455406008175874e-27
898;50;False;896;0.9999815220408046;0.9998460332937713;0.9999493116872213;6.076841994617854e-27
899;50;False;896;0.9999689394385182;0.9998460332937713;0.9999493116872213;7.328081158445034e-27
900;50;False;896;0.9999536997976938;0.9998460332937713;0.9999493116872213;7.530143675922275e-27
901;50;False;896;0.9999350482969829;0.9998460332937713;0.9999493116872213;7.924965884971702e-27
902;50;False;896;0.9999181170476026;0.9998460332937713;0.9999493116872213;8.143381817254236e-27
903;50;False;896;0.9998991218335991;0.9998460332937713;0.9999493116872213;8.579624929669124e-27
904;50;False;896;0.999875164680157;0.9998460332937713;0.9999493116872213;9.308181967461856e-27
905;50;False;896;0.9998460332937713;0.9998460332937713;0.9999493116872213;9.817068938952252e-27
906;51;False;908;0.9999808076563149;0.9998514888998508;0.9999522234030815;1.030926761968309e-26
907;51;False;908;0.9999938687614197;0.9998514888998508;0.9999522234030815;1.030926761968309e-26
908;51;True;908;0.9999999999999998;0.9998514888998508;0.9999522234030815;1.030926761968309e-26
909;51;False;908;0.9999929521926401;0.9998514888998508;0.9999522234030815;1.0581592670827368e-26
910;51;False;908;0.9999790166404834;0.9998514888998508;0.9999522234030815;1.1430213850659099e-26
911;51;False;908;0.9999618983706348;0.9998514888998508;0.9999522234030815;1.2980217558550402e-26
912;51;False;908;0.999946566062011;0.9998514888998508;0.9999522234030815;1.400658460449754e-26
913;51;False;908;0.9999292304440511;0.9998514888998508;0.9999522234030815;1.4361511049337598e-26
914;51;False;908;0.9999121475564535;0.9998514888998508;0.9999522234030815;1.546559368625421e-26
915;51;False;908;0.9998925205165459;0.9998514888998508;0.9999522234030815;1.546559368625421e-26
916;52;False;917;0.9999934778717929;0.9998248022584999;0.9999459874030858;1.7181910247562388e-26
917;52;True;917;0.9999999999999998;0.9998248022584999;0.9999459874030858;1.7181910247562388e-26
918;52;False;917;0.9999923692279385;0.9998248022584999;0.9999459874030858;1.9049175763306224e-26
919;52;False;917;0.9999778001650077;0.9998248022584999;0.9999459874030858;1.9049175763306224e-26
920;52;False;917;0.9999594671045531;0.9998248022584999;0.9999459874030858;1.955171309572292e-26
921;52;False;917;0.9999406218438983;0.9998248022584999;0.9999459874030858;2.235849305153636e-26
922;52;False;917;0.9999221792669536;0.9998248022584999;0.9999459874030858;2.359950088928156e-26
923;52;False;917;0.9999039759414179;0.9998248022584999;0.9999459874030858;2.481007671087808e-26
924;52;False;917;0.9998807904580138;0.9998248022584999;0.9999459874030858;2.761070500457527e-26
925;52;False;917;0.9998532175755267;0.9998248022584999;0.9999459874030858;2.830976593092807e-26
926;53;False;927;0.9999937491357149;0.9998195808492222;0.9999415409587019;3.1533309727121204e-26
927;53;True;927;0.9999999999999998;0.9998195808492222;0.9999415409587019;3.1533309727121204e-26
928;53;False;927;0.99999205584229;0.9998195808492222;0.9999415409587019;3.3214141685731234e-26
929;53;False;927;0.9999742417215115;0.9998195808492222;0.9999415409587019;3.3214141685731234e-26
930;53;False;927;0.9999547747441662;0.9998195808492222;0.9999415409587019;3.688378978546754e-26
931;53;False;927;0.9999330584665999;0.9998195808492222;0.9999415409587019;4.107497706977475e-26
932;53;False;927;0.999912696823773;0.9998195808492222;0.9999415409587019;4.2153916462631796e-26
933;53;False;927;0.9998900218557003;0.9998195808492222;0.9999415409587019;4.2153916462631796e-26
934;53;False;927;0.9998638827967998;0.9998195808492222;0.9999415409587019;4.452535783580327e-26
935;53;False;927;0.999841519529507;0.9998195808492222;0.9999415409587019;4.952938864546483e-26
936;54;True;936;1.0;0.999751810360235;0.9999256854420662;5.0877415002791647e-26
937;54;False;936;0.9999906506614777;0.999751810360235;0.9999256854420662;5.221191264333622e-26
938;54;False;936;0.9999725922346829;0.999751810360235;0.9999256854420662;5.976470393526092e-26
939;54;False;936;0.9999492180459421;0.999751810360235;0.9999256854420662;6.293716466973379e-26
940;54;False;936;0.9999257832019143;0.999751810360235;0.9999256854420662;6.615227345419703e-26
941;54;False;936;0.999900430976874;0.999751810360235;0.9999256854420662;6.979363170890675e-26
942;54;False;936;0.9998723779066993;0.999751810360235;0.9999256854420662;8.888241700601933e-26
943;54;False;936;0.9998396476399599;0.999751810360235;0.9999256854420662;9.621216632137368e-26
944;54;False;936;0.9997963330256623;0.999751810360235;0.9999256854420662;1.1313704730803375e-25
945;54;False;936;0.999751810360235;0.999751810360235;0.9999256854420662;1.1933649931510576e-25
946;55;True;946;0.9999999999999997;0.9995118142388035;0.999860255985061;1.3622297655483302e-25
947;55;False;946;0.9999875033260369;0.9995118142388035;0.999860255985061;1.4380800093150652e-25
948;55;False;946;0.9999574520011337;0.9995118142388035;0.999860255985061;1.6885665122256303e-25
949;55;False;946;0.999913606653076;0.9995118142388035;0.999860255985061;1.828739141477447e-25
950;55;False;946;0.9998716719465548;0.9995118142388035;0.999860255985061;1.9822471982403853e-25
951;55;False;946;0.9998189288048884;0.9995118142388035;0.999860255985061;2.0337345703257683e-25
952;55;False;946;0.9997518204694492;0.9995118142388035;0.999860255985061;2.257407669957048e-25
953;55;False;946;0.9996705743975632;0.9995118142388035;0.999860255985061;2.715219211675612e-25
954;55;False;946;0.9995935354437694;0.9995118142388035;0.999860255985061;2.939707002709009e-25
955;55;False;946;0.9995118142388035;0.9995118142388035;0.999860255985061;3.091205861367414e-25
956;56;False;965;0.9997326028527276;0.9997326028527276;0.9999063965366618;3.1684414673779497e-25
957;56;False;965;0.9997557445295358;0.9997326028527276;0.9999063965366618;3.3346511492632395e-25
958;56;False;965;0.9997851000035088;0.9997326028527276;0.9999063965366618;3.597190537217408e-25
959;56;False;965;0.9998171310495806;0.9997326028527276;0.9999063965366618;3.6870416952350177e-25
960;56;False;965;0.9998577684069105;0.9997326028527276;0.9999063965366618;3.6870416952350177e-25
961;56;False;965;0.9998923806724122;0.9997326028527276;0.9999063965366618;3.503345813560249e-25
962;56;False;965;0.9999277073224031;0.9997326028527276;0.9999063965366618;3.4179573169597768e-25
963;56;False;965;0.9999603668246414;0.9997326028527276;0.9999063965366618;3.3346511492632395e-25
964;56;False;965;0.9999875639813237;0.9997326028527276;0.9999063965366618;3.1684414673779497e-25
965;56;True;965;0.9999999999999998;0.9997326028527276;0.9999063965366618;3.091205861367414e-25
966;57;True;966;0.9999999999999998;0.9997430170285087;0.9999042868559249;3.0131616558619514e-25
967;57;False;966;0.9999895116899798;0.9997430170285087;0.9999042868559249;3.4179573169597768e-25
968;57;False;966;0.9999686563805128;0.9997430170285087;0.9999042868559249;3.4179573169597768e-25
969;57;False;966;0.9999392217176928;0.9997430170285087;0.9999042868559249;3.6870416952350177e-25
970;57;False;966;0.9999047240232887;0.9997430170285087;0.9999042868559249;4.323891153494869e-25
971;57;False;966;0.9998704638954248;0.9997430170285087;0.9999042868559249;4.4395091915373165e-25
972;57;False;966;0.9998371371850311;0.9997430170285087;0.9999042868559249;5.2004646206247815e-25
973;57;False;966;0.9998081271092194;0.9997430170285087;0.9999042868559249;5.339300079786779e-25
974;57;False;966;0.9997794523223543;0.9997430170285087;0.9999042868559249;6.236768668832361e-25
975;57;False;966;0.9997430170285087;0.9997430170285087;0.9999042868559249;6.893084068342284e-25
976;58;False;979;0.999909320346138;0.9995857294453236;0.9998576050869344;7.064635621800089e-25
977;58;False;979;0.9999502491858188;0.9995857294453236;0.9998576050869344;6.556746916190513e-25
978;58;False;979;0.9999827300919344;0.9995857294453236;0.9998576050869344;6.725697495158074e-25
979;58;True;979;0.9999999999999999;0.9995857294453236;0.9998576050869344;6.095819619118516e-25
980;58;False;979;0.9999815574230553;0.9995857294453236;0.9998576050869344;6.236768668832361e-25
981;58;False;979;0.9999473478412638;0.9995857294453236;0.9998576050869344;6.236768668832361e-25
982;58;False;979;0.9999020265478927;0.9995857294453236;0.9998576050869344;6.397512610181926e-25
983;58;False;979;0.999842490014097;0.9995857294453236;0.9998576050869344;7.064635621800089e-25
984;58;False;979;0.9997787311983882;0.9995857294453236;0.9998576050869344;7.395579944430853e-25
985;58;False;979;0.9997272736118291;0.9995857294453236;0.9998576050869344;8.63598783842877e-25
986;59;True;986;0.9999999999999997;0.9995496530285923;0.9998412949551797;9.708529049982867e-25
987;59;False;986;0.9999825868780627;0.9995496530285923;0.9998412949551797;1.0880843896964392e-24
988;59;False;986;0.9999473276228348;0.9995496530285923;0.9998412949551797;1.2265799706050675e-24
989;59;False;986;0.9999033643339416;0.9995496530285923;0.9998412949551797;1.3619862198450972e-24
990;59;False;986;0.9998528199464237;0.9995496530285923;0.9998412949551797;1.5110021397133995e-24
991;59;False;986;0.9997940399188451;0.9995496530285923;0.9998412949551797;1.5497998699546214e-24
992;59;False;986;0.9997254286801869;0.9995496530285923;0.9998412949551797;1.630388912926922e-24
993;59;False;986;0.9996559985951561;0.9995496530285923;0.9998412949551797;1.5497998699546214e-24
994;59;False;986;0.9995995537961218;0.9995496530285923;0.9998412949551797;1.5883393970101461e-24
995;59;False;986;0.9995496530285923;0.9995496530285923;0.9998412949551797;1.4731694824849852e-24
996;60;False;1000;0.999784178380122;0.9990556005532607;0.9996882370298908;1.2265799706050675e-24
997;60;False;1000;0.9998495125484206;0.9990556005532607;0.9996882370298908;1.1151831505777824e-24
998;60;False;1000;0.9999130304278511;0.9990556005532607;0.9996882370298908;1.0383661105276427e-24
999;60;False;1000;0.9999703917956648;0.9990556005532607;0.9996882370298908;9.925691801661396e-25
1000;60;True;1000;0.9999999999999999;0.9990556005532607;0.9996882370298908;9.504146819612298e-25
1001;60;False;1000;0.9999689866148527;0.9990556005532607;0.9996882370298908;1.0147889296221376e-24
1002;60;False;1000;0.9998835233156607;0.9990556005532607;0.9996882370298908;1.0607863747550676e-24
1003;60;False;1000;0.999753909707108;0.9990556005532607;0.9996882370298908;1.0383661105276427e-24
1004;60;False;1000;0.9995877849856007;0.9990556005532607;0.9996882370298908;1.0147889296221376e-24
1005;60;False;1000;0.9993851609452232;0.9990556005532607;0.9996882370298908;1.0607863747550676e-24
1006;61;False;1015;0.9989839599199973;0.9989839599199973;0.9996187406359015;1.167682489698988e-24
1007;61;False;1015;0.9990615009647771;0.9989839599199973;0.9996187406359015;1.139301276524318e-24
1008;61;False;1015;0.9991741816390804;0.9989839599199973;0.9996187406359015;1.2265799706050675e-24
1009;61;False;1015;0.9993130401242726;0.9989839599199973;0.9996187406359015;1.139301276524318e-24
1010;61;False;1015;0.999476504437503;0.9989839599199973;0.9996187406359015;1.139301276524318e-24
1011;61;False;1015;0.9996352426929653;0.9989839599199973;0.9996187406359015;1.0607863747550676e-24
1012;61;False;1015;0.999779887018577;0.9989839599199973;0.9996187406359015;1.139301276524318e-24
1013;61;False;1015;0.9998904514973163;0.9989839599199973;0.9996187406359015;1.167682489698988e-24
1014;61;False;1015;0.9999665974704975;0.9989839599199973;0.9996187406359015;1.0147889296221376e-24
1015;61;True;1015;0.9999999999999999;0.9989839599199973;0.9996187406359015;9.925691801661396e-25
1016;62;False;1025;0.9991515858598541;0.9991515858598541;0.9996665111298497;9.304317421586434e-25
1017;62;False;1025;0.9992413169324247;0.9991515858598541;0.9996665111298497;1.0383661105276427e-24
1018;62;False;1025;0.9993431335709027;0.9991515858598541;0.9996665111298497;9.708529049982867e-25
1019;62;False;1025;0.9994519238825013;0.9991515858598541;0.9996665111298497;1.0383661105276427e-24
1020;62;False;1025;0.9995572383091884;0.9991515858598541;0.9996665111298497;1.0607863747550676e-24
1021;62;False;1025;0.9996709551779763;0.9991515858598541;0.9996665111298497;1.139301276524318e-24
1022;62;False;1025;0.9997793006841371;0.9991515858598541;0.9996665111298497;1.0880843896964392e-24
1023;62;False;1025;0.9998769405321671;0.9991515858598541;0.9996665111298497;1.0607863747550676e-24
1024;62;False;1025;0.9999638410246835;0.9991515858598541;0.9996665111298497;9.504146819612298e-25
1025;62;True;1025;1.0;0.9991515858598541;0.9996665111298497;8.42638587430454e-25
1026;63;False;1035;0.9993490609403246;0.9993490609403246;0.9997111959545658;9.504146819612298e-25
1027;63;False;1035;0.9993772268967275;0.9993490609403246;0.9997111959545658;9.708529049982867e-25
1028;63;False;1035;0.9994168920845987;0.9993490609403246;0.9997111959545658;9.078524254438242e-25
1029;63;False;1035;0.9994659285142905;0.9993490609403246;0.9997111959545658;9.504146819612298e-25
1030;63;False;1035;0.9995514238259948;0.9993490609403246;0.9997111959545658;9.304317421586434e-25
1031;63;False;1035;0.9996565394381308;0.9993490609403246;0.9997111959545658;8.63598783842877e-25
1032;63;False;1035;0.999778775004984;0.9993490609403246;0.9997111959545658;8.208038497727773e-25
1033;63;False;1035;0.9998848712109246;0.9993490609403246;0.9997111959545658;8.208038497727773e-25
1034;63;False;1035;0.9999641999017974;0.9993490609403246;0.9997111959545658;7.395579944430853e-25
1035;63;True;1035;0.9999999999999998;0.9993490609403246;0.9997111959545658;6.556746916190513e-25
1036;64;False;1039;0.9997885758884203;0.9994224909045503;0.9997353507244304;6.893084068342284e-25
1037;64;False;1039;0.9998916612333149;0.9994224909045503;0.9997353507244304;6.893084068342284e-25
1038;64;False;1039;0.9999654467049163;0.9994224909045503;0.9997353507244304;6.556746916190513e-25
1039;64;True;1039;1.0;0.9994224909045503;0.9997353507244304;6.236768668832361e-25
1040;64;False;1039;0.9999691163497717;0.9994224909045503;0.9997353507244304;6.397512610181926e-25
1041;64;False;1039;0.9998964479463699;0.9994224909045503;0.9997353507244304;7.22817315887341e-25
1042;64;False;1039;0.9997953827595013;0.9994224909045503;0.9997353507244304;7.801175471725857e-25
1043;64;False;1039;0.999681150320776;0.9994224909045503;0.9997353507244304;8.002036927067106e-25
1044;64;False;1039;0.9995871902268162;0.9994224909045503;0.9997353507244304;8.858206856348105e-25
1045;64;False;1039;0.9995187845421857;0.9994224909045503;0.9997353507244304;8.858206856348105e-25
1046;65;False;1049;0.9998334220487106;0.9995242957489449;0.9997874924801601;9.304317421586434e-25
1047;65;False;1049;0.9999160160158599;0.9995242957489449;0.9997874924801601;7.395579944430853e-25
1048;65;False;1049;0.9999759889307475;0.9995242957489449;0.9997874924801601;7.22817315887341e-25
1049;65;True;1049;1.0;0.9995242957489449;0.9997874924801601;7.22817315887341e-25
1050;65;False;1049;0.9999760596952487;0.9995242957489449;0.9997874924801601;7.395579944430853e-25
1051;65;False;1049;0.9999191195447046;0.9995242957489449;0.9997874924801601;9.078524254438242e-25
1052;65;False;1049;0.9998372399620448;0.9995242957489449;0.9997874924801601;9.504146819612298e-25
1053;65;False;1049;0.9997425722230713;0.9995242957489449;0.9997874924801601;9.708529049982867e-25
1054;65;False;1049;0.9996537105429465;0.9995242957489449;0.9997874924801601;1.0147889296221376e-24
1055;65;False;1049;0.99957940276193;0.9995242957489449;0.9997874924801601;9.708529049982867e-25
1056;66;False;1059;0.9997985907502289;0.9991386157376797;0.9997072256541837;1.0147889296221376e-24
1057;66;False;1059;0.9998962710351167;0.9991386157376797;0.9997072256541837;9.925691801661396e-25
1058;66;False;1059;0.9999707506727789;0.9991386157376797;0.9997072256541837;1.0607863747550676e-24
1059;66;True;1059;0.9999999999999999;0.9991386157376797;0.9997072256541837;9.925691801661396e-25
1060;66;False;1059;0.9999697650243674;0.9991386157376797;0.9997072256541837;1.0607863747550676e-24
1061;66;False;1059;0.9998977469804307;0.9991386157376797;0.9997072256541837;1.0147889296221376e-24
1062;66;False;1059;0.9997997465704178;0.9991386157376797;0.9997072256541837;1.1151831505777824e-24
1063;66;False;1059;0.9996926866193637;0.9991386157376797;0.9997072256541837;1.2265799706050675e-24
1064;66;False;1059;0.9995781862864548;0.9991386157376797;0.9997072256541837;1.4731694824849852e-24
1065;66;False;1059;0.9994439258089803;0.9991386157376797;0.9997072256541837;1.81132405826026e-24
1066;67;True;1066;0.9999999999999999;0.998589233846644;0.9995996845045206;2.0121346190467763e-24
1067;67;False;1066;0.9999646817743543;0.998589233846644;0.9995996845045206;2.1724214000842004e-24
1068;67;False;1066;0.9998794442476191;0.998589233846644;0.9995996845045206;2.6108057357339543e-24
1069;67;False;1066;0.9997630518067339;0.998589233846644;0.9995996845045206;2.9732692442230903e-24
1070;67;False;1066;0.9996182440488215;0.998589233846644;0.9995996845045206;3.854385884505762e-24
1071;67;False;1066;0.9994565033566594;0.998589233846644;0.9995996845045206;3.7586157524099175e-24
1072;67;False;1066;0.9992750985574701;0.998589233846644;0.9995996845045206;3.955603263156386e-24
1073;67;False;1066;0.9990750321483552;0.998589233846644;0.9995996845045206;4.272066830147711e-24
1074;67;False;1066;0.9988473692685862;0.998589233846644;0.9995996845045206;4.059453881087986e-24
1075;67;False;1066;0.998589233846644;0.998589233846644;0.9995996845045206;3.854385884505762e-24
1076;68;True;1076;1.0;0.9985904873892395;0.9996009602873879;4.384148203372522e-24
1077;68;False;1076;0.9999581781797072;0.9985904873892395;0.9996009602873879;5.1282855526157755e-24
1078;68;False;1076;0.9998572326185433;0.9985904873892395;0.9996009602873879;6.818094417891865e-24
1079;68;False;1076;0.9997120221769209;0.9985904873892395;0.9996009602873879;7.178896823984995e-24
1080;68;False;1076;0.9995535181182609;0.9985904873892395;0.9996009602873879;7.75585777732746e-24
1081;68;False;1076;0.9993737004657444;0.9985904873892395;0.9996009602873879;8.814654003945985e-24
1082;68;False;1076;0.9991952947335162;0.9985904873892395;0.9996009602873879;9.044355244473453e-24
1083;68;False;1076;0.9990079709892504;0.9985904873892395;0.9996009602873879;9.747835369723853e-24
1084;68;False;1076;0.9988082044868316;0.9985904873892395;0.9996009602873879;9.50750578901922e-24
1085;68;False;1076;0.9985904873892395;0.9985904873892395;0.9996009602873879;1.0001625932672166e-23
1086;69;True;1086;0.9999999999999998;0.9992031950846304;0.9997529809323882;1.107571688454426e-23
1087;69;False;1086;0.9999722215634852;0.9992031950846304;0.9997529809323882;1.1962222641569597e-23
1088;69;False;1086;0.999899475656106;0.9992031950846304;0.9997529809323882;1.1659176256466473e-23
1089;69;False;1086;0.9998001054475317;0.9992031950846304;0.9997529809323882;1.3215481780777997e-23
1090;69;False;1086;0.9996918913611583;0.9992031950846304;0.9997529809323882;1.4652501053857332e-23
1091;69;False;1086;0.9995853840471624;0.9992031950846304;0.9997529809323882;1.5422348759983954e-23
1092;69;False;1086;0.9994800274987486;0.9992031950846304;0.9997529809323882;1.620854868706528e-23
1093;69;False;1086;0.9993876596060685;0.9992031950846304;0.9997529809323882;1.4281978603322705e-23
1094;69;False;1086;0.9992950474073721;0.9992031950846304;0.9997529809323882;1.2254968638231775e-23
1095;69;False;1086;0.9992031950846304;0.9992031950846304;0.9997529809323882;1.2564101522165165e-23
1096;70;False;1105;0.9995675665566462;0.9995675665566462;0.9998497734784787;1.1659176256466473e-23
1097;70;False;1105;0.9996150495370466;0.9995675665566462;0.9998497734784787;1.0521197337618461e-23
1098;70;False;1105;0.9996620169475083;0.9995675665566462;0.9998497734784787;1.0521197337618461e-23
1099;70;False;1105;0.9997114341576121;0.9995675665566462;0.9998497734784787;9.747835369723853e-24
1100;70;False;1105;0.9997633112765715;0.9995675665566462;0.9998497734784787;9.266145034887096e-24
1101;70;False;1105;0.9998202025659124;0.9995675665566462;0.9998497734784787;8.378727035151438e-24
1102;70;False;1105;0.9998781233102605;0.9995675665566462;0.9998497734784787;7.360789820277556e-24
1103;70;False;1105;0.9999358890466533;0.9995675665566462;0.9998497734784787;5.992800041906534e-24
1104;70;False;1105;0.9999795440045051;0.9995675665566462;0.9998497734784787;4.162825427465494e-24
1105;70;True;1105;0.9999999999999999;0.9995675665566462;0.9998497734784787;2.820478580517879e-24
1106;71;False;1115;0.998464710227581;0.998464710227581;0.999596844039902;2.1724214000842004e-24
1107;71;False;1115;0.9987121736887731;0.998464710227581;0.999596844039902;2.063678483391341e-24
1108;71;False;1115;0.9989571940897995;0.998464710227581;0.999596844039902;1.81132405826026e-24
1109;71;False;1115;0.9991946966049932;0.998464710227581;0.999596844039902;1.3268060682529148e-24
1110;71;False;1115;0.9994130438436212;0.998464710227581;0.999596844039902;1.2265799706050675e-24
1111;71;False;1115;0.9995961402513663;0.998464710227581;0.999596844039902;9.708529049982867e-25
1112;71;False;1115;0.9997575102723308;0.998464710227581;0.999596844039902;7.22817315887341e-25
1113;71;False;1115;0.9998795166969896;0.998464710227581;0.999596844039902;6.236768668832361e-25
1114;71;False;1115;0.9999656825865875;0.998464710227581;0.999596844039902;4.680019398264166e-25
1115;71;True;1115;0.9999999999999998;0.998464710227581;0.999596844039902;3.8837114419823504e-25
1116;72;False;1125;0.9968541303954719;0.9968541303954719;0.9992243218077852;2.939707002709009e-25
1117;72;False;1125;0.9973804278952483;0.9968541303954719;0.9992243218077852;2.510000672465127e-25
1118;72;False;1125;0.9978608026033918;0.9968541303954719;0.9992243218077852;2.0337345703257683e-25
1119;72;False;1125;0.9983431401840139;0.9968541303954719;0.9992243218077852;1.7340644848326108e-25
1120;72;False;1125;0.9987773916011047;0.9968541303954719;0.9992243218077852;1.257566005387275e-25
1121;72;False;1125;0.9991623690219636;0.9968541303954719;0.9992243218077852;1.1619577402592003e-25
1122;72;False;1125;0.999487555493796;0.9968541303954719;0.9992243218077852;9.129026969004276e-26
1123;72;False;1125;0.9997595641277391;0.9968541303954719;0.9992243218077852;7.971550043566429e-26
1124;72;False;1125;0.9999319127556257;0.9968541303954719;0.9992243218077852;7.356464450021704e-26
1125;72;True;1125;0.9999999999999997;0.9968541303954719;0.9992243218077852;6.293716466973379e-26
1126;73;False;1134;0.9970799466587297;0.9963816240259298;0.9991094476211481;5.509116970774986e-26
1127;73;False;1134;0.9976969069636779;0.9963816240259298;0.9991094476211481;4.689372348199841e-26
1128;73;False;1134;0.9982509306690273;0.9963816240259298;0.9991094476211481;3.498416426132421e-26
1129;73;False;1134;0.9987480529758221;0.9963816240259298;0.9991094476211481;3.498416426132421e-26
1130;73;False;1134;0.9991637135474891;0.9963816240259298;0.9991094476211481;3.785336715460795e-26
1131;73;False;1134;0.9995056493028416;0.9963816240259298;0.9991094476211481;3.239452795766112e-26
1132;73;False;1134;0.9997748374659452;0.9963816240259298;0.9991094476211481;2.6875794983045705e-26
1133;73;False;1134;0.9999412149178141;0.9963816240259298;0.9991094476211481;2.417316377589509e-26
1134;73;True;1134;0.9999999999999998;0.9963816240259298;0.9991094476211481;2.0067454708636703e-26
1135;73;False;1134;0.9999410329519536;0.9963816240259298;0.9991094476211481;2.06173838280667e-26
1136;74;False;1144;0.9968743825218085;0.9961064798506298;0.9990316061080493;1.955171309572292e-26
1137;74;False;1144;0.9974881449452433;0.9961064798506298;0.9990316061080493;1.8578253229366463e-26
1138;74;False;1144;0.9980696117981609;0.9961064798506298;0.9990316061080493;1.7181910247562388e-26
1139;74;False;1144;0.9986065863132947;0.9961064798506298;0.9990316061080493;1.7181910247562388e-26
1140;74;False;1144;0.9990705672452944;0.9961064798506298;0.9990316061080493;1.4740671091418882e-26
1141;74;False;1144;0.9994614703507061;0.9961064798506298;0.9990316061080493;1.546559368625421e-26
1142;74;False;1144;0.9997499334160802;0.9961064798506298;0.9990316061080493;1.5098705317197122e-26
1143;74;False;1144;0.9999340188419752;0.9961064798506298;0.9990316061080493;1.3309057525643548e-26
1144;74;True;1144;0.9999999999999999;0.9961064798506298;0.9990316061080493;1.2359839834746712e-26
1145;74;False;1144;0.9999354762537292;0.9961064798506298;0.9990316061080493;1.2980217558550402e-26
1146;75;False;1155;0.9968901276233569;0.9968901276233569;0.9992275527127323;1.2980217558550402e-26
1147;75;False;1155;0.9975490816052439;0.9968901276233569;0.9992275527127323;1.5098705317197122e-26
1148;75;False;1155;0.9981206919740461;0.9968901276233569;0.9992275527127323;1.546559368625421e-26
1149;75;False;1155;0.9986063268434565;0.9968901276233569;0.9992275527127323;1.4740671091418882e-26
1150;75;False;1155;0.9990089633771378;0.9968901276233569;0.9992275527127323;1.2686166168255816e-26
1151;75;False;1155;0.9993436508257099;0.9968901276233569;0.9992275527127323;1.2359839834746712e-26
1152;75;False;1155;0.9996137403937715;0.9968901276233569;0.9992275527127323;1.1744502619033819e-26
1153;75;False;1155;0.9998192708333117;0.9968901276233569;0.9992275527127323;1.1124273682925488e-26
1154;75;False;1155;0.9999511859730273;0.9968901276233569;0.9992275527127323;1.0849521601003212e-26
1155;75;True;1155;1.0;0.9968901276233569;0.9992275527127323;1.0581592670827368e-26
1156;76;False;1158;0.9998202210994724;0.9971405800422962;0.9992597626544585;1.030926761968309e-26
1157;76;False;1158;0.9999463082770417;0.9971405800422962;0.9992597626544585;1.0849521601003212e-26
1158;76;True;1158;1.0;0.9971405800422962;0.9992597626544585;1.030926761968309e-26
1159;76;False;1158;0.999946847435147;0.9971405800422962;0.9992597626544585;1.1124273682925488e-26
1160;76;False;1158;0.9998000043553867;0.9971405800422962;0.9992597626544585;1.2359839834746712e-26
1161;76;False;1158;0.9995761021034033;0.9971405800422962;0.9992597626544585;1.400658460449754e-26
1162;76;False;1158;0.9992642227275612;0.9971405800422962;0.9992597626544585;1.400658460449754e-26
1163;76;False;1158;0.9989140547018864;0.9971405800422962;0.9992597626544585;1.5873919474400202e-26
1164;76;False;1158;0.9985384771656224;0.9971405800422962;0.9992597626544585;1.5873919474400202e-26
1165;76;False;1158;0.9981299823421509;0.9971405800422962;0.9992597626544585;1.7635334897474908e-26
1166;77;True;1166;1.0;0.9980294681074711;0.9995056801921077;1.810067863439266e-26
1167;77;False;1166;0.9999532886896383;0.9980294681074711;0.9995056801921077;1.9049175763306224e-26
1168;77;False;1166;0.999834488570838;0.9980294681074711;0.9995056801921077;2.0067454708636703e-26
1169;77;False;1166;0.9996610616267402;0.9980294681074711;0.9995056801921077;2.1762494570781632e-26
1170;77;False;1166;0.9994424903005247;0.9980294681074711;0.9995056801921077;2.417316377589509e-26
1171;77;False;1166;0.9992040526829917;0.9980294681074711;0.9995056801921077;2.417316377589509e-26
1172;77;False;1166;0.9989547442901578;0.9980294681074711;0.9995056801921077;2.417316377589509e-26
1173;77;False;1166;0.9986875678607348;0.9980294681074711;0.9995056801921077;2.5463700671487603e-26
1174;77;False;1166;0.9983766252721009;0.9980294681074711;0.9995056801921077;2.6160296425789546e-26
1175;77;False;1166;0.9980294681074711;0.9980294681074711;0.9995056801921077;2.830976593092807e-26
1176;78;True;1176;0.9999999999999997;0.9988796513601509;0.9996970790356127;2.830976593092807e-26
1177;78;False;1176;0.9999665165967822;0.9988796513601509;0.9996970790356127;3.3214141685731234e-26
1178;78;False;1176;0.9998934151820267;0.9988796513601509;0.9996970790356127;3.590408341860234e-26
1179;78;False;1176;0.9997919203535431;0.9988796513601509;0.9996970790356127;3.590408341860234e-26
1180;78;False;1176;0.9996676966411756;0.9988796513601509;0.9996970790356127;3.785336715460795e-26
1181;78;False;1176;0.9995298086405727;0.9988796513601509;0.9996970790356127;4.689372348199841e-26
1182;78;False;1176;0.9993827886495594;0.9988796513601509;0.9996970790356127;4.689372348199841e-26
1183;78;False;1176;0.9992239105499633;0.9988796513601509;0.9996970790356127;5.221191264333622e-26
1184;78;False;1176;0.9990594639580601;0.9988796513601509;0.9996970790356127;5.509116970774986e-26
1185;78;False;1176;0.9988796513601509;0.9988796513601509;0.9996970790356127;6.138881833765003e-26
1186;79;True;1186;1.0;0.9993021912522692;0.9997917084718956;6.615227345419703e-26
1187;79;False;1186;0.9999782483401831;0.9993021912522692;0.9997917084718956;7.162086277342186e-26
1188;79;False;1186;0.9999289878229036;0.9993021912522692;0.9997917084718956;7.768328615408765e-26
1189;79;False;1186;0.9998589377060518;0.9993021912522692;0.9997917084718956;9.37628062684688e-26
1190;79;False;1186;0.9997747363738004;0.9993021912522692;0.9997917084718956;9.621216632137368e-26
1191;79;False;1186;0.9996833524446631;0.9993021912522692;0.9997917084718956;1.0149165080795204e-25
1192;79;False;1186;0.9995870706011112;0.9993021912522692;0.9997917084718956;1.1313704730803375e-25
1193;79;False;1186;0.9994964987788703;0.9993021912522692;0.9997917084718956;1.3264158713080404e-25
1194;79;False;1186;0.9993999423016582;0.9993021912522692;0.9997917084718956;1.5167215669339972e-25
1195;79;False;1186;0.9993021912522692;0.9993021912522692;0.9997917084718956;1.828739141477447e-25
1196;80;True;1196;1.0;0.9995286208078723;0.9998456588409786;1.9302955841665004e-25
1197;80;False;1196;0.9999839465674101;0.9995286208078723;0.9998456588409786;2.1446195196338687e-25
1198;80;False;1196;0.999941656353513;0.9995286208078723;0.9998456588409786;2.3825342813063777e-25
1199;80;False;1196;0.9998815132668488;0.9995286208078723;0.9998456588409786;2.510000672465127e-25
1200;80;False;1196;0.9998079569374423;0.9995286208078723;0.9998456588409786;2.575091653950066e-25
1201;80;False;1196;0.9997357282848705;0.9995286208078723;0.9998456588409786;2.939707002709009e-25
1202;80;False;1196;0.9996772414245115;0.9995286208078723;0.9998456588409786;3.2504898656115403e-25
1203;80;False;1196;0.9996281645579619;0.9995286208078723;0.9998456588409786;3.503345813560249e-25
1204;80;False;1196;0.9995822872577944;0.9995286208078723;0.9998456588409786;3.8837114419823504e-25
1205;80;False;1196;0.9995286208078723;0.9995286208078723;0.9998456588409786;4.8050746497038e-25
1206;81;True;1206;1.0;0.9997035523400578;0.9998911329332546;5.2004646206247815e-25
1207;81;False;1206;0.9999858824819827;0.9997035523400578;0.9998911329332546;5.778237875929676e-25
1208;81;False;1206;0.9999567510955969;0.9997035523400578;0.9998911329332546;7.064635621800089e-25
1209;81;False;1206;0.9999152308668692;0.9997035523400578;0.9998911329332546;8.002036927067106e-25
1210;81;False;1206;0.9998745311693832;0.9997035523400578;0.9998911329332546;8.63598783842877e-25
1211;81;False;1206;0.9998317017973806;0.9997035523400578;0.9998911329332546;9.3818771171192e-25
1212;81;False;1206;0.999797293401038;0.9997035523400578;0.9998911329332546;9.69502962104936e-25
1213;81;False;1206;0.9997692773979826;0.9997035523400578;0.9998911329332546;9.847469445183176e-25
1214;81;False;1206;0.9997383819536707;0.9997035523400578;0.9998911329332546;9.751605096803003e-25
1215;81;False;1206;0.9997035523400578;0.9997035523400578;0.9998911329332546;9.847469445183176e-25
1216;82;True;1216;1.0;0.9996944894292789;0.999896096407797;1.0498162795600432e-24
1217;82;False;1216;0.9999870602054688;0.9996944894292789;0.999896096407797;1.116375285826426e-24
1218;82;False;1216;0.9999574789590391;0.9996944894292789;0.999896096407797;1.2634928650930442e-24
1219;82;False;1216;0.9999177514310124;0.9996944894292789;0.999896096407797;1.283538335324666e-24
1220;82;False;1216;0.999876797318295;0.9996944894292789;0.999896096407797;1.3292307583901841e-24
1221;82;False;1216;0.9998370023955049;0.9996944894292789;0.999896096407797;1.4032615848836812e-24
1222;82;False;1216;0.9998060142833934;0.9996944894292789;0.999896096407797;1.6166926856017451e-24
1223;82;False;1216;0.9997730296014229;0.9996944894292789;0.999896096407797;1.6395943087073328e-24
1224;82;False;1216;0.9997355041972827;0.9996944894292789;0.999896096407797;1.80966841386782e-24
1225;82;False;1216;0.9996944894292789;0.9996944894292789;0.999896096407797;1.8920859690655767e-24
1226;83;True;1226;0.9999999999999999;0.9997863030000316;0.9999256679568694;1.9905821405231702e-24
1227;83;False;1226;0.9999897054499242;0.9997863030000316;0.9999256679568694;2.0648343782576783e-24
1228;83;False;1226;0.9999670928220071;0.9997863030000316;0.9999256679568694;2.1012290012653187e-24
1229;83;False;1226;0.9999414710179142;0.9997863030000316;0.9999256679568694;2.1347060620817086e-24
1230;83;False;1226;0.9999131820660683;0.9997863030000316;0.9999256679568694;2.19321826845727e-24
1231;83;False;1226;0.9998870328979537;0.9997863030000316;0.9999256679568694;2.307424379472317e-24
1232;83;False;1226;0.9998611145569025;0.9997863030000316;0.9999256679568694;2.245874512421159e-24
1233;83;False;1226;0.9998398144419987;0.9997863030000316;0.9999256679568694;2.4549442327888504e-24
1234;83;False;1226;0.9998138489246134;0.9997863030000316;0.9999256679568694;2.687189443508522e-24
1235;83;False;1226;0.9997863030000316;0.9997863030000316;0.9999256679568694;2.9325157508380638e-24
1236;84;False;1244;0.9998232201664342;0.9997937905582213;0.9999291979073571;2.974664756687373e-24
1237;84;False;1244;0.9998514939544583;0.9997937905582213;0.9999291979073571;2.9558743776684823e-24
1238;84;False;1244;0.999873961683634;0.9997937905582213;0.9999291979073571;2.914031710663334e-24
1239;84;False;1244;0.9998930242924006;0.9997937905582213;0.9999291979073571;2.974664756687373e-24
1240;84;False;1244;0.9999162957041274;0.9997937905582213;0.9999291979073571;3.0512369147837973e-24
1241;84;False;1244;0.9999436984148375;0.9997937905582213;0.9999291979073571;2.9983771195242672e-24
1242;84;False;1244;0.9999683716376386;0.9997937905582213;0.9999291979073571;2.9325157508380638e-24
1243;84;False;1244;0.9999896734374116;0.9997937905582213;0.9999291979073571;2.836380045703382e-24
1244;84;True;1244;0.9999999999999998;0.9997937905582213;0.9999291979073571;2.582806189542222e-24
1245;84;False;1244;0.99999053609038;0.9997937905582213;0.9999291979073571;2.582806189542222e-24
1246;85;False;1255;0.9997517025286135;0.9997517025286135;0.9999197755203996;2.3480954681707664e-24
1247;85;False;1255;0.999793728218065;0.9997517025286135;0.9999197755203996;2.1178993332579102e-24
1248;85;False;1255;0.9998264871275794;0.9997517025286135;0.9999197755203996;1.903878875993448e-24
1249;85;False;1255;0.9998562166424881;0.9997517025286135;0.9999197755203996;1.7613459510494827e-24
1250;85;False;1255;0.9998894742732495;0.9997517025286135;0.9999197755203996;1.681735737812438e-24
1251;85;False;1255;0.9999168449714473;0.9997517025286135;0.9999197755203996;1.6395943087073328e-24
1252;85;False;1255;0.9999471962030466;0.9997517025286135;0.9999197755203996;1.5611498903763587e-24
1253;85;False;1255;0.9999727287090783;0.9997517025286135;0.9999197755203996;1.6039991302687248e-24
1254;85;False;1255;0.9999903389606978;0.9997517025286135;0.9999197755203996;1.478834507798351e-24
1255;85;True;1255;1.0;0.9997517025286135;0.9999197755203996;1.3292307583901841e-24
1256;86;False;1264;0.9997535811576375;0.9996893910154441;0.9999065673823867;1.241589486452074e-24
1257;86;False;1264;0.9997910189485854;0.9996893910154441;0.9999065673823867;1.1536283176076578e-24
1258;86;False;1264;0.9998280355222634;0.9996893910154441;0.9999065673823867;1.1396509068506971e-24
1259;86;False;1264;0.9998617446979386;0.9996893910154441;0.9999065673823867;1.1536283176076578e-24
1260;86;False;1264;0.9998926182389525;0.9996893910154441;0.9999065673823867;1.1466116361871254e-24
1261;86;False;1264;0.9999283239844864;0.9996893910154441;0.9999065673823867;1.1466116361871254e-24
1262;86;False;1264;0.9999638275457312;0.9996893910154441;0.9999065673823867;1.09444914822251e-24
1263;86;False;1264;0.9999884519073289;0.9996893910154441;0.9999065673823867;1.0540755426381114e-24
1264;86;True;1264;1.0;0.9996893910154441;0.9999065673823867;1.0498162795600432e-24
1265;86;False;1264;0.9999885850119862;0.9996893910154441;0.9999065673823867;1.0623113224657152e-24
1266;87;False;1275;0.9996289615010364;0.9996289615010364;0.9998925491593199;1.0789848453932382e-24
1267;87;False;1275;0.9997001152071355;0.9996289615010364;0.9998925491593199;1.1116926338254075e-24
1268;87;False;1275;0.9997615270002168;0.9996289615010364;0.9998925491593199;1.1307337469933927e-24
1269;87;False;1275;0.9998129475196558;0.9996289615010364;0.9998925491593199;1.1307337469933927e-24
1270;87;False;1275;0.9998585805138066;0.9996289615010364;0.9998925491593199;1.1258957046449792e-24
1271;87;False;1275;0.9998997199621225;0.9996289615010364;0.9998925491593199;1.116375285826426e-24
1272;87;False;1275;0.9999337475780533;0.9996289615010364;0.9998925491593199;1.0919096053152157e-24
1273;87;False;1275;0.9999657230234453;0.9996289615010364;0.9998925491593199;1.09444914822251e-24
1274;87;False;1275;0.9999894678833838;0.9996289615010364;0.9998925491593199;1.0919096053152157e-24
1275;87;True;1275;1.0;0.9996289615010364;0.9998925491593199;1.0079348662380257e-24
1276;88;False;1279;0.9999262718139474;0.9993487239665085;0.9998329508469914;9.847469445183176e-25
1277;88;False;1279;0.9999606296642181;0.9993487239665085;0.9998329508469914;9.808645937533175e-25
1278;88;False;1279;0.9999876077879196;0.9993487239665085;0.9998329508469914;1.0020334200726115e-24
1279;88;True;1279;0.9999999999999999;0.9993487239665085;0.9998329508469914;9.808645937533175e-25
1280;88;False;1279;0.9999877105649337;0.9993487239665085;0.9998329508469914;1.0079348662380257e-24
1281;88;False;1279;0.9999552919989738;0.9993487239665085;0.9998329508469914;1.0540755426381114e-24
1282;88;False;1279;0.9999066329799561;0.9993487239665085;0.9998329508469914;1.0874237019120903e-24
1283;88;False;1279;0.9998369130974437;0.9993487239665085;0.9998329508469914;1.1307337469933927e-24
1284;88;False;1279;0.9997470101682271;0.9993487239665085;0.9998329508469914;1.1258957046449792e-24
1285;88;False;1279;0.9996326210366774;0.9993487239665085;0.9998329508469914;1.09444914822251e-24
1286;89;False;1292;0.9992328504653;0.9979211209164409;0.9994903194653587;1.0498162795600432e-24
1287;89;False;1292;0.9994118863385634;0.9979211209164409;0.9994903194653587;1.1231259820401475e-24
1288;89;False;1292;0.9995725672480744;0.9979211209164409;0.9994903194653587;1.0789848453932382e-24
1289;89;False;1292;0.9997237825630962;0.9979211209164409;0.9994903194653587;1.1116926338254075e-24
1290;89;False;1292;0.9998594263180847;0.9979211209164409;0.9994903194653587;1.0919096053152157e-24
1291;89;False;1292;0.9999560872571795;0.9979211209164409;0.9994903194653587;1.0540755426381114e-24
1292;89;True;1292;0.9999999999999999;0.9979211209164409;0.9994903194653587;9.69502962104936e-25
1293;89;False;1292;0.9999554638556203;0.9979211209164409;0.9994903194653587;1.1231259820401475e-24
1294;89;False;1292;0.9998213887137446;0.9979211209164409;0.9994903194653587;1.1258957046449792e-24
1295;89;False;1292;0.9995971056813491;0.9979211209164409;0.9994903194653587;1.1258957046449792e-24
1296;90;True;1296;0.9999999999999999;0.9927462392985014;0.9982770342707941;1.1853434286678995e-24
1297;90;False;1296;0.9999323912584445;0.9927462392985014;0.9982770342707941;1.3789378133821918e-24
1298;90;False;1296;0.9997423616144367;0.9927462392985014;0.9982770342707941;1.4672284147289504e-24
1299;90;False;1296;0.9993941817342754;0.9927462392985014;0.9982770342707941;1.548896370291543e-24
1300;90;False;1296;0.9988609796410108;0.9927462392985014;0.9982770342707941;1.6395943087073328e-24
1301;90;False;1296;0.9981303715469081;0.9927462392985014;0.9982770342707941;1.9560952798304034e-24
1302;90;False;1296;0.9971798981471369;0.9927462392985014;0.9982770342707941;2.518059776812653e-24
1303;90;False;1296;0.9959215823178383;0.9927462392985014;0.9982770342707941;2.6155438620798585e-24
1304;90;False;1296;0.9944461323556488;0.9927462392985014;0.9982770342707941;3.0706857052248828e-24
1305;90;False;1296;0.9927462392985014;0.9927462392985014;0.9982770342707941;3.0706857052248828e-24
1306;91;True;1306;0.9999999999999999;0.9885775850830454;0.9972947862245835;3.7925354103462314e-24
1307;91;False;1306;0.9998475749489792;0.9885775850830454;0.9972947862245835;5.035426357539805e-24
1308;91;False;1306;0.9993998058272628;0.9885775850830454;0.9972947862245835;5.2219717866213785e-24
1309;91;False;1306;0.9986657589153689;0.9885775850830454;0.9972947862245835;6.029802145843106e-24
1310;91;False;1306;0.9976381909611239;0.9885775850830454;0.9972947862245835;7.896228452229261e-24
1311;91;False;1306;0.9963127280443974;0.9885775850830454;0.9972947862245835;1.1161415862829584e-23
1312;91;False;1306;0.994709290372317;0.9885775850830454;0.9972947862245835;1.1356184386715114e-23
1313;91;False;1306;0.992865516235251;0.9885775850830454;0.9972947862245835;1.8140477063241376e-23
1314;91;False;1306;0.9908428460690548;0.9885775850830454;0.9972947862245835;2.081348401080691e-23
1315;91;False;1306;0.9885775850830454;0.9885775850830454;0.9972947862245835;2.485707930908885e-23
1316;92;False;1317;0.9998560447858421;0.9919291232863774;0.9980758564471515;2.137381471411515e-23
1317;92;True;1317;0.9999999999999999;0.9919291232863774;0.9980758564471515;1.8455734044803132e-23
1318;92;False;1317;0.9998657058251444;0.9919291232863774;0.9980758564471515;2.1422502840590127e-23
1319;92;False;1317;0.9995067175098379;0.9919291232863774;0.9980758564471515;2.2896501952603896e-23
1320;92;False;1317;0.998946742846899;0.9919291232863774;0.9980758564471515;2.0912899946981946e-23
1321;92;False;1317;0.9982252246214804;0.9919291232863774;0.9980758564471515;2.1422502840590127e-23
1322;92;False;1317;0.9973153329783598;0.9919291232863774;0.9980758564471515;1.9398895668670482e-23
1323;92;False;1317;0.9962432878501524;0.9919291232863774;0.9980758564471515;1.9398895668670482e-23
1324;92;False;1317;0.9950099586293036;0.9919291232863774;0.9980758564471515;2.194448012941396e-23
1325;92;False;1317;0.993624703078681;0.9919291232863774;0.9980758564471515;2.194448012941396e-23
1326;93;False;1335;0.9819790632271135;0.9819790632271135;0.9957597837036215;2.3638483059213708e-23
1327;93;False;1335;0.984709218344164;0.9819790632271135;0.9957597837036215;1.628391462646163e-23
1328;93;False;1335;0.9875100655131855;0.9819790632271135;0.9957597837036215;1.0969976756710816e-23
1329;93;False;1335;0.9901490776373773;0.9819790632271135;0.9957597837036215;8.664812470435128e-24
1330;93;False;1335;0.9926427091481693;0.9819790632271135;0.9957597837036215;6.029802145843106e-24
1331;93;False;1335;0.9949671393665156;0.9819790632271135;0.9957597837036215;5.777829148342189e-24
1332;93;False;1335;0.996941246551231;0.9819790632271135;0.9957597837036215;3.570611135930352e-24
1333;93;False;1335;0.9985510749317301;0.9819790632271135;0.9957597837036215;1.8240104517801967e-24
1334;93;False;1335;0.9996038855945254;0.9819790632271135;0.9957597837036215;3.0843442376615557e-25
1335;93;True;1335;1.0;0.9819790632271135;0.9957597837036215;4.712150769898546e-26
1336;94;False;1342;0.9796561443363315;0.950433062320738;0.9884601846037104;4.1585293262079984e-27
1337;94;False;1342;0.9851755210257553;0.950433062320738;0.9884601846037104;3.077067966892388e-28
1338;94;False;1342;0.9900883701195714;0.950433062320738;0.9884601846037104;3.148797365461436e-29
1339;94;False;1342;0.9941846507837149;0.950433062320738;0.9884601846037104;3.0697178668335863e-30
1340;94;False;1342;0.9972726569294436;0.950433062320738;0.9884601846037104;2.8724926756895557e-31
1341;94;False;1342;0.9992669235726958;0.950433062320738;0.9884601846037104;5.155656839848135e-32
1342;94;True;1342;1.0;0.950433062320738;0.9884601846037104;9.02664134447761e-33
1343;94;False;1342;0.9992283400707739;0.950433062320738;0.9884601846037104;9.02664134447761e-33
1344;94;False;1342;0.9969245292802238;0.950433062320738;0.9884601846037104;9.02664134447761e-33
1345;94;False;1342;0.9930610503465418;0.950433062320738;0.9884601846037104;2.539744264841051e-32
1346;95;True;1346;0.9999999999999997;0.9315765871772111;0.9841431507078933;1.1208647787703436e-31
1347;95;False;1346;0.9990646381910033;0.9315765871772111;0.9841431507078933;2.1108083588761977e-31
1348;95;False;1346;0.9964534179822794;0.9315765871772111;0.9841431507078933;2.914316288412976e-31
1349;95;False;1346;0.9920982790873588;0.9315765871772111;0.9841431507078933;8.392052978595114e-31
1350;95;False;1346;0.9860049534308504;0.9315765871772111;0.9841431507078933;4.1525635861328e-30
1351;95;False;1346;0.9784192313989506;0.9315765871772111;0.9841431507078933;2.2042685411911586e-29
1352;95;False;1346;0.9690421026458468;0.9315765871772111;0.9841431507078933;1.9464639566542641e-28
1353;95;False;1346;0.9581929913911195;0.9315765871772111;0.9841431507078933;7.566790258445005e-28
1354;95;False;1346;0.9456515470868045;0.9315765871772111;0.9841431507078933;2.6143616794077677e-27
1355;95;False;1346;0.9315765871772111;0.9315765871772111;0.9841431507078933;7.007090245044736e-27
1356;96;True;1356;1.0;0.9377516946939723;0.9856936304736618;2.4609789597328567e-26
1357;96;False;1356;0.9990957492985577;0.9377516946939723;0.9856936304736618;1.145747479739748e-25
1358;96;False;1356;0.9965544966481005;0.9377516946939723;0.9856936304736618;4.565852192548681e-25
1359;96;False;1356;0.9924638046946941;0.9377516946939723;0.9856936304736618;2.245874512421159e-24
1360;96;False;1356;0.9870300783249302;0.9377516946939723;0.9856936304736618;2.4144995496966466e-23
1361;96;False;1356;0.9800682633131932;0.9377516946939723;0.9856936304736618;3.5502202847998507e-22
1362;96;False;1356;0.9720180616280457;0.9377516946939723;0.9856936304736618;7.632421887483451e-21
1363;96;False;1356;0.9622790381604738;0.9377516946939723;0.9856936304736618;2.0530416704555294e-19
1364;96;False;1356;0.9509392660718712;0.9377516946939723;0.9856936304736618;5.8578598201776426e-18
1365;96;False;1356;0.9377516946939723;0.9377516946939723;0.9856936304736618;2.266054015228296e-17
1366;97;True;1366;0.9999999999999998;0.8963238085858989;0.9756227814012527;8.530605119847456e-17
1367;97;False;1366;0.9989538529944149;0.8963238085858989;0.9756227814012527;3.53146326409836e-16
1368;97;False;1366;0.9956908058000103;0.8963238085858989;0.9756227814012527;1.2482586127905457e-15
1369;97;False;1366;0.989964397452697;0.8963238085858989;0.9756227814012527;1.138185001428041e-15
1370;97;False;1366;0.9814857891612964;0.8963238085858989;0.9756227814012527;1.351084072014159e-15
1371;97;False;1366;0.969950626175275;0.8963238085858989;0.9756227814012527;1.6478972716932502e-15
1372;97;False;1366;0.955779684328826;0.8963238085858989;0.9756227814012527;1.5905539614421074e-15
1373;97;False;1366;0.939089228012785;0.8963238085858989;0.9756227814012527;2.8496126667657564e-15
1374;97;False;1366;0.9193812655279116;0.8963238085858989;0.9756227814012527;7.862948314258053e-15
1375;97;False;1366;0.8963238085858989;0.8963238085858989;0.9756227814012527;3.7439012850202714e-14
1376;98;False;1385;0.8852942899744771;0.8852942899744771;0.9728416153751567;1.208388079740555e-13
1377;98;False;1385;0.9107505405165313;0.8852942899744771;0.9728416153751567;3.896560200070786e-13
1378;98;False;1385;0.9331623825851593;0.8852942899744771;0.9728416153751567;8.270690581172688e-13
1379;98;False;1385;0.9522402630046938;0.8852942899744771;0.9728416153751567;2.4403144989284896e-12
1380;98;False;1385;0.9682272915346237;0.8852942899744771;0.9728416153751567;4.120189946444132e-12
1381;98;False;1385;0.980686916911566;0.8852942899744771;0.9728416153751567;7.485565555494049e-12
1382;98;False;1385;0.9897086427507646;0.8852942899744771;0.9728416153751567;2.440156463871792e-11
1383;98;False;1385;0.9956825027651857;0.8852942899744771;0.9728416153751567;3.754891999142976e-12
1384;98;False;1385;0.9989456561063428;0.8852942899744771;0.9728416153751567;9.737507918786545e-14
1385;98;True;1385;0.9999999999999998;0.8852942899744771;0.9728416153751567;2.2006613246979703e-15
1386;99;False;1395;0.968888789668821;0.968888789668821;0.9928985022651171;7.561239020443735e-17
1387;99;False;1395;0.9778220261839609;0.968888789668821;0.9928985022651171;3.485934964255726e-18
1388;99;False;1395;0.9847158449342536;0.968888789668821;0.9928985022651171;9.464473800344092e-20
1389;99;False;1395;0.9898164507836895;0.968888789668821;0.9928985022651171;4.154203727498241e-21
1390;99;False;1395;0.9935318330950155;0.968888789668821;0.9928985022651171;2.7920161525584887e-22
1391;99;False;1395;0.9961917948813427;0.968888789668821;0.9928985022651171;4.1273259844884573e-23
1392;99;False;1395;0.9980193656324705;0.968888789668821;0.9928985022651171;6.149527410101208e-24
1393;99;False;1395;0.9991821813974697;0.968888789668821;0.9928985022651171;6.725697495158074e-25
1394;99;False;1395;0.9998058171537112;0.968888789668821;0.9928985022651171;2.257407669957048e-25
1395;99;True;1395;0.9999999999999997;0.968888789668821;0.9928985022651171;6.615227345419703e-26
1396;100;False;1405;0.9943345451613782;0.9943345451613782;0.9987002578079021;2.481007671087808e-26
1397;100;False;1405;0.9958439991513315;0.9943345451613782;0.9987002578079021;1.3309057525643548e-26
1398;100;False;1405;0.9970198793911743;0.9943345451613782;0.9987002578079021;8.579624929669124e-27
1399;100;False;1405;0.997922121728674;0.9943345451613782;0.9987002578079021;5.7674400124542076e-27
1400;100;False;1405;0.9986074894031213;0.9943345451613782;0.9987002578079021;3.693698115485659e-27
1401;100;False;1405;0.9991440612345448;0.9943345451613782;0.9987002578079021;3.010340887208192e-27
1402;100;False;1405;0.9995385884933468;0.9943345451613782;0.9987002578079021;1.7510710670014105e-27
1403;100;False;1405;0.9997950811679361;0.9943345451613782;0.9987002578079021;1.3008689588015252e-27
1404;100;False;1405;0.999946577856094;0.9943345451613782;0.9987002578079021;9.992731133101206e-28
1405;100;True;1405;0.9999999999999997;0.9943345451613782;0.9987002578079021;7.3988875324732895e-28
1406;101;False;1415;0.9965418196931459;0.9965418196931459;0.9991984646087612;6.479216995198911e-28
1407;101;False;1415;0.9972188708538163;0.9965418196931459;0.9991984646087612;5.066598150749085e-28
1408;101;False;1415;0.9978135538197938;0.9965418196931459;0.9991984646087612;3.77803874243022e-28
1409;101;False;1415;0.9983508012837186;0.9965418196931459;0.9991984646087612;2.713128745342447e-28
1410;101;False;1415;0.9988183035920944;0.9965418196931459;0.9991984646087612;1.936172668581007e-28
1411;101;False;1415;0.999212844329849;0.9965418196931459;0.9991984646087612;1.4617780869927938e-28
1412;101;False;1415;0.9995370468381393;0.9965418196931459;0.9991984646087612;9.551937523593595e-29
1413;101;False;1415;0.9997853594733471;0.9965418196931459;0.9991984646087612;6.070323075983491e-29
1414;101;False;1415;0.999939304276278;0.9965418196931459;0.9991984646087612;4.730959555370913e-29
1415;101;True;1415;1.0;0.9965418196931459;0.9991984646087612;3.4741767513961697e-29
1416;102;False;1425;0.9947292122643138;0.9947292122643138;0.9987667730694251;2.630798687136135e-29
1417;102;False;1425;0.9957326714268991;0.9947292122643138;0.9987667730694251;2.285463098345237e-29
1418;102;False;1425;0.9966410820700992;0.9947292122643138;0.9987667730694251;1.7707901912673005e-29
1419;102;False;1425;0.9974496119893934;0.9947292122643138;0.9987667730694251;1.5427835958348664e-29
1420;102;False;1425;0.9981875593732068;0.9947292122643138;0.9987667730694251;1.3781085668510305e-29
1421;102;False;1425;0.9988065516302647;0.9947292122643138;0.9987667730694251;9.607913649966236e-30
1422;102;False;1425;0.9992973135562843;0.9947292122643138;0.9987667730694251;7.649448657709437e-30
1423;102;False;1425;0.9996726130891501;0.9947292122643138;0.9987667730694251;5.9688841685624525e-30
1424;102;False;1425;0.9999134819727645;0.9947292122643138;0.9987667730694251;5.053056012336279e-30
1425;102;True;1425;1.0;0.9947292122643138;0.9987667730694251;4.0559550324879366e-30
1426;103;False;1435;0.9949597141484815;0.9949597141484815;0.9988250617891803;2.96302725544897e-30
1427;103;False;1435;0.996057426572247;0.9949597141484815;0.9988250617891803;2.6495612510052782e-30
1428;103;False;1435;0.9970137801651066;0.9949597141484815;0.9988250617891803;2.1223856693738923e-30
1429;103;False;1435;0.9978330780826882;0.9949597141484815;0.9988250617891803;1.313420936585673e-30
1430;103;False;1435;0.9985159740541958;0.9949597141484815;0.9988250617891803;1.080200390915064e-30
1431;103;False;1435;0.9990548592108656;0.9949597141484815;0.9988250617891803;9.423481056949108e-31
1432;103;False;1435;0.9994759181030634;0.9949597141484815;0.9988250617891803;7.750433077624944e-31
1433;103;False;1435;0.9997632438818087;0.9949597141484815;0.9988250617891803;6.3352551640444256e-31
1434;103;False;1435;0.9999372891728587;0.9949597141484815;0.9988250617891803;4.941716914544187e-31
1435;103;True;1435;0.9999999999999998;0.9949597141484815;0.9988250617891803;4.312224803236475e-31
1436;104;False;1445;0.9967921356376894;0.9967921356376894;0.9992507481181427;4.08186509140189e-31
1437;104;False;1445;0.9975292304777483;0.9967921356376894;0.9992507481181427;3.2703592056683442e-31
1438;104;False;1445;0.9981538990587353;0.9967921356376894;0.9992507481181427;3.0358445228906853e-31
1439;104;False;1445;0.9986841677949323;0.9967921356376894;0.9992507481181427;2.642796981821269e-31
1440;104;False;1445;0.9991144462907333;0.9967921356376894;0.9992507481181427;2.427802533970382e-31
1441;104;False;1445;0.9994529988289739;0.9967921356376894;0.9992507481181427;2.2518684444573032e-31
1442;104;False;1445;0.9996958423791497;0.9967921356376894;0.9992507481181427;1.974114426235915e-31
1443;104;False;1445;0.9998643495055354;0.9967921356376894;0.9992507481181427;1.758717689606908e-31
1444;104;False;1445;0.9999634518199261;0.9967921356376894;0.9992507481181427;1.6420277139739355e-31
1445;104;True;1445;0.9999999999999998;0.9967921356376894;0.9992507481181427;1.3978598011707534e-31
1446;105;False;1454;0.998788093889498;0.9985430431608278;0.999653355147895;1.3323988222781502e-31
1447;105;False;1454;0.9990954005306578;0.9985430431608278;0.999653355147895;1.2630041177689268e-31
1448;105;False;1454;0.9993471401895737;0.9985430431608278;0.999653355147895;1.0680900943429838e-31
1449;105;False;1454;0.9995561633627157;0.9985430431608278;0.999653355147895;9.783707172685476e-32
1450;105;False;1454;0.9997242779146057;0.9985430431608278;0.999653355147895;9.663907161818483e-32
1451;105;False;1454;0.999846607834127;0.9985430431608278;0.999653355147895;9.407927052763001e-32
1452;105;False;1454;0.9999322328807508;0.9985430431608278;0.999653355147895;9.078013407099443e-32
1453;105;False;1454;0.9999815186710663;0.9985430431608278;0.999653355147895;9.078013407099443e-32
1454;105;True;1454;0.9999999999999996;0.9985430431608278;0.999653355147895;8.646253654820409e-32
1455;105;False;1454;0.9999834225731263;0.9985430431608278;0.999653355147895;8.646253654820409e-32
1456;106;False;1465;0.9990737516478546;0.9990737516478546;0.9997829391776349;8.389312367478559e-32
1457;106;False;1465;0.9992620745194848;0.9990737516478546;0.9997829391776349;8.389312367478559e-32
1458;106;False;1465;0.9994295673546844;0.9990737516478546;0.9997829391776349;8.389312367478559e-32
1459;106;False;1465;0.9995764963627679;0.9990737516478546;0.9997829391776349;8.389312367478559e-32
1460;106;False;1465;0.9997040409520906;0.9990737516478546;0.9997829391776349;8.389312367478559e-32
1461;106;False;1465;0.9998024642642429;0.9990737516478546;0.9997829391776349;8.389312367478559e-32
1462;106;False;1465;0.9998856681539989;0.9990737516478546;0.9997829391776349;8.389312367478559e-32
1463;106;False;1465;0.9999469990733642;0.9990737516478546;0.9997829391776349;7.155517570364196e-32
1464;106;False;1465;0.9999843121840001;0.9990737516478546;0.9997829391776349;5.00533277064809e-32
1465;106;True;1465;0.9999999999999998;0.9990737516478546;0.9997829391776349;3.629709817156472e-32
1466;107;False;1475;0.9990123162666064;0.9990123162666064;0.9997676726912298;2.3363135091463903e-32
1467;107;False;1475;0.9992099969011046;0.9990123162666064;0.9997676726912298;1.4418516228243118e-32
1468;107;False;1475;0.9993925036046722;0.9990123162666064;0.9997676726912298;1.0991167692186462e-32
1469;107;False;1475;0.9995460844758819;0.9990123162666064;0.9997676726912298;7.978553980618828e-33
1470;107;False;1475;0.9996770661981272;0.9990123162666064;0.9997676726912298;5.372188882721488e-33
1471;107;False;1475;0.9997876980716296;0.9990123162666064;0.9997676726912298;3.781120370493377e-33
1472;107;False;1475;0.9998759346653264;0.9990123162666064;0.9997676726912298;2.9868770475760758e-33
1473;107;False;1475;0.9999425257459582;0.9990123162666064;0.9997676726912298;2.206879848843572e-33
1474;107;False;1475;0.999983501761973;0.9990123162666064;0.9997676726912298;1.7474551495183036e-33
1475;107;True;1475;0.9999999999999998;0.9990123162666064;0.9997676726912298;1.2649955123104857e-33
1476;108;False;1485;0.9990400610057397;0.9990400610057397;0.9997735261136198;1.0510352780962389e-33
1477;108;False;1485;0.9992454869833965;0.9990400610057397;0.9997735261136198;7.366223404083754e-34
1478;108;False;1485;0.9994193519934552;0.9990400610057397;0.9997735261136198;5.85101435376682e-34
1479;108;False;1485;0.9995647764134504;0.9990400610057397;0.9997735261136198;4.636479178344946e-34
1480;108;False;1485;0.9996949140162867;0.9990400610057397;0.9997735261136198;3.3460592022148967e-34
1481;108;False;1485;0.9998014381789735;0.9990400610057397;0.9997735261136198;2.3910756422369067e-34
1482;108;False;1485;0.9998872603552795;0.9990400610057397;0.9997735261136198;1.6393195589658842e-34
1483;108;False;1485;0.9999472012576538;0.9990400610057397;0.9997735261136198;1.283633497059035e-34
1484;108;False;1485;0.9999851849461838;0.9990400610057397;0.9997735261136198;9.883569224766444e-35
1485;108;True;1485;1.0;0.9990400610057397;0.9997735261136198;7.296890347538571e-35
1486;109;False;1495;0.9991740080975651;0.9991740080975651;0.9998042839602903;5.482551058331216e-35
1487;109;False;1495;0.9993431302011649;0.9991740080975651;0.9998042839602903;4.5774384561100225e-35
1488;109;False;1495;0.9994951980599412;0.9991740080975651;0.9998042839602903;3.7583552631306876e-35
1489;109;False;1495;0.9996214436152037;0.9991740080975651;0.9998042839602903;3.328340819487433e-35
1490;109;False;1495;0.9997316020404945;0.9991740080975651;0.9998042839602903;2.796520392381393e-35
1491;109;False;1495;0.9998258232891619;0.9991740080975651;0.9998042839602903;2.551771754407462e-35
1492;109;False;1495;0.9998975801783916;0.9991740080975651;0.9998042839602903;2.2495689489625584e-35
1493;109;False;1495;0.9999511421664304;0.9991740080975651;0.9998042839602903;1.8375857220432497e-35
1494;109;False;1495;0.9999849608585957;0.9991740080975651;0.9998042839602903;1.71589595794029e-35
1495;109;True;1495;0.9999999999999999;0.9991740080975651;0.9998042839602903;1.5646203612537672e-35
1496;110;False;1505;0.9990560773712102;0.9990560773712102;0.9997781262555054;1.5646203612537672e-35
1497;110;False;1505;0.9992483967522969;0.9990560773712102;0.9997781262555054;1.63245412179877e-35
1498;110;False;1505;0.9994185314622133;0.9990560773712102;0.9997781262555054;1.5646203612537672e-35
1499;110;False;1505;0.9995642052428326;0.9990560773712102;0.9997781262555054;1.4832773229487908e-35
1500;110;False;1505;0.9996909343555207;0.9990560773712102;0.9997781262555054;1.3968633151004475e-35
1501;110;False;1505;0.9997985856956216;0.9990560773712102;0.9997781262555054;1.3968633151004475e-35
1502;110;False;1505;0.9998823809744248;0.9990560773712102;0.9997781262555054;1.3417637899403381e-35
1503;110;False;1505;0.9999438685866143;0.9990560773712102;0.9997781262555054;1.3473002713514674e-35
1504;110;False;1505;0.9999830198894163;0.9990560773712102;0.9997781262555054;1.197735863185708e-35
1505;110;True;1505;0.9999999999999999;0.9990560773712102;0.9997781262555054;1.188823545287672e-35
1506;111;False;1510;0.999783214635009;0.998927097273431;0.9997460224979725;1.1231777150810293e-35
1507;111;False;1510;0.9998755319816166;0.998927097273431;0.9997460224979725;1.1240165039221759e-35
1508;111;False;1510;0.9999408678347836;0.998927097273431;0.9997460224979725;1.1240165039221759e-35
1509;111;False;1510;0.9999834090941734;0.998927097273431;0.9997460224979725;1.1584309723597378e-35
1510;111;True;1510;1.0;0.998927097273431;0.9997460224979725;1.1231777150810293e-35
1511;111;False;1510;0.9999810738656292;0.998927097273431;0.9997460224979725;1.1240165039221759e-35
1512;111;False;1510;0.9999336633345993;0.998927097273431;0.9997460224979725;1.1584309723597378e-35
1513;111;False;1510;0.9998606006718334;0.998927097273431;0.9997460224979725;1.2502490426701272e-35
1514;111;False;1510;0.9997653937747539;0.998927097273431;0.9997460224979725;1.3968633151004475e-35
1515;111;False;1510;0.9996398390158139;0.998927097273431;0.9997460224979725;1.4767068547832442e-35
1516;112;True;1516;0.9999999999999998;0.9984782599447184;0.9996386916574125;1.5719725212976746e-35
1517;112;False;1516;0.9999799517428223;0.9984782599447184;0.9996386916574125;1.6597362983901738e-35
1518;112;False;1516;0.9999300627693765;0.9984782599447184;0.9996386916574125;1.6875468467593534e-35
1519;112;False;1516;0.9998476389740042;0.9984782599447184;0.9996386916574125;1.8375857220432497e-35
1520;112;False;1516;0.9997284479655775;0.9984782599447184;0.9996386916574125;2.326871639797821e-35
1521;112;False;1516;0.9995721460308045;0.9984782599447184;0.9996386916574125;2.640200729731551e-35
1522;112;False;1516;0.999362806102276;0.9984782599447184;0.9996386916574125;2.685702304561162e-35
1523;112;False;1516;0.9991054440352413;0.9984782599447184;0.9996386916574125;3.3860896715131207e-35
1524;112;False;1516;0.9988156414989489;0.9984782599447184;0.9996386916574125;3.823904347786862e-35
1525;112;False;1516;0.9984782599447184;0.9984782599447184;0.9996386916574125;4.31918235256947e-35
1526;113;True;1526;0.9999999999999998;0.997906160963883;0.9995119461827731;4.824071960249691e-35
1527;113;False;1526;0.999968594040357;0.997906160963883;0.9995119461827731;5.024788257151321e-35
1528;113;False;1526;0.9998850009458433;0.997906160963883;0.9995119461827731;5.812307677409837e-35
1529;113;False;1526;0.9997506208426649;0.997906160963883;0.9995119461827731;7.086115830039615e-35
1530;113;False;1526;0.9995674081789527;0.997906160963883;0.9995119461827731;9.058334040995835e-35
1531;113;False;1526;0.9993382036439756;0.997906160963883;0.9995119461827731;1.0659918285123123e-34
1532;113;False;1526;0.999068914388727;0.997906160963883;0.9995119461827731;1.591704007268837e-34
1533;113;False;1526;0.9987420834846734;0.997906160963883;0.9995119461827731;2.3754780887330896e-34
1534;113;False;1526;0.998355409400651;0.997906160963883;0.9995119461827731;3.1750815280868734e-34
1535;113;False;1526;0.997906160963883;0.997906160963883;0.9995119461827731;4.522633262677314e-34
1536;114;True;1536;1.0;0.997325398386241;0.9993739323037295;6.45393701365806e-34
1537;114;False;1536;0.9999632681691963;0.997325398386241;0.9993739323037295;9.188007363749464e-34
1538;114;False;1536;0.9998665634235057;0.997325398386241;0.9993739323037295;1.4597443545598858e-33
1539;114;False;1536;0.9997107939073621;0.997325398386241;0.9993739323037295;2.2639889762985592e-33
1540;114;False;1536;0.9994850888454634;0.997325398386241;0.9993739323037295;3.753965334761004e-33
1541;114;False;1536;0.9991974311475095;0.997325398386241;0.9993739323037295;5.873753170579783e-33
1542;114;False;1536;0.9988304262251222;0.997325398386241;0.9993739323037295;8.562749110153025e-33
1543;114;False;1536;0.9983974788966986;0.997325398386241;0.9993739323037295;1.368743431940687e-32
1544;114;False;1536;0.997903313535139;0.997325398386241;0.9993739323037295;2.1613131646297488e-32
1545;114;False;1536;0.997325398386241;0.997325398386241;0.9993739323037295;3.321159542473384e-32
1546;115;True;1546;1.0;0.9968698670726752;0.9992669537505732;5.098942181754432e-32
1547;115;False;1546;0.9999586128759299;0.9968698670726752;0.9992669537505732;7.343838690937077e-32
1548;115;False;1546;0.9998408944430783;0.9968698670726752;0.9992669537505732;1.0148571102808843e-31
1549;115;False;1546;0.9996519397455436;0.9968698670726752;0.9992669537505732;1.465165600674697e-31
1550;115;False;1546;0.9993849200089451;0.9968698670726752;0.9992669537505732;2.410315821818424e-31
1551;115;False;1546;0.9990338421539671;0.9968698670726752;0.9992669537505732;3.8027973737930974e-31
1552;115;False;1546;0.9986085795134161;0.9968698670726752;0.9992669537505732;5.663759501866308e-31
1553;115;False;1546;0.9981174165885556;0.9968698670726752;0.9992669537505732;6.720840943239807e-31
1554;115;False;1546;0.9975333095457902;0.9968698670726752;0.9992669537505732;9.177063072345399e-31
1555;115;False;1546;0.9968698670726752;0.9968698670726752;0.9992669537505732;1.2082028856771472e-30
1556;116;True;1556;1.0;0.9964086358470136;0.9991561548129411;1.7928195134177322e-30
1557;116;False;1556;0.9999481313053856;0.9964086358470136;0.9991561548129411;2.8044608489868745e-30
1558;116;False;1556;0.999805663830625;0.9964086358470136;0.9991561548129411;4.285068638688724e-30
1559;116;False;1556;0.9995804440110212;0.9964086358470136;0.9991561548129411;7.240557042432382e-30
1560;116;False;1556;0.9992681855396363;0.9964086358470136;0.9991561548129411;1.0423812002674537e-29
1561;116;False;1556;0.9988612660687547;0.9964086358470136;0.9991561548129411;1.9852469138702003e-29
1562;116;False;1556;0.998373449293886;0.9964086358470136;0.9991561548129411;3.3830723349531934e-29
1563;116;False;1556;0.9977782136908504;0.9964086358470136;0.9991561548129411;6.611994081980884e-29
1564;116;False;1556;0.9971200819250743;0.9964086358470136;0.9991561548129411;1.3057692026264998e-28
1565;116;False;1556;0.9964086358470136;0.9964086358470136;0.9991561548129411;2.5702924189766927e-28
1566;117;True;1566;0.9999999999999999;0.9961133692802961;0.99909468374991;4.682100840300192e-28
1567;117;False;1566;0.9999477522098427;0.9961133692802961;0.99909468374991;7.2163358377345165e-28
1568;117;False;1566;0.9998025720958639;0.9961133692802961;0.99909468374991;1.025854299408378e-27
1569;117;False;1566;0.9995693322994414;0.9961133692802961;0.99909468374991;1.3338068692773948e-27
1570;117;False;1566;0.9992360567711582;0.9961133692802961;0.99909468374991;1.9987436980948983e-27
1571;117;False;1566;0.9988174914851984;0.9961133692802961;0.99909468374991;3.787213951083531e-27
1572;117;False;1566;0.9982900786020913;0.9961133692802961;0.99909468374991;6.947614354799689e-27
1573;117;False;1566;0.9976796269463974;0.9961133692802961;0.99909468374991;1.4361511049337598e-26
1574;117;False;1566;0.996953231024994;0.9961133692802961;0.99909468374991;2.9907788313612205e-26
1575;117;False;1566;0.9961133692802961;0.9961133692802961;0.99909468374991;6.293716466973379e-26
1576;118;True;1576;0.9999999999999999;0.9957739439798724;0.9990105178747927;1.3264158713080404e-25
1577;118;False;1576;0.9999363321672213;0.9957739439798724;0.9990105178747927;2.257407669957048e-25
1578;118;False;1576;0.9997560090539812;0.9957739439798724;0.9990105178747927;4.558191775085947e-25
1579;118;False;1576;0.9994763966058821;0.9957739439798724;0.9990105178747927;7.22817315887341e-25
1580;118;False;1576;0.9990884605549195;0.9957739439798724;0.9990105178747927;1.2265799706050675e-24
1581;118;False;1576;0.9986042713031793;0.9957739439798724;0.9990105178747927;1.8592192555636922e-24
1582;118;False;1576;0.9980275962179241;0.9957739439798724;0.9990105178747927;2.820478580517879e-24
1583;118;False;1576;0.9973647619825469;0.9957739439798724;0.9990105178747927;5.545976183280757e-24
1584;118;False;1576;0.996613364288871;0.9957739439798724;0.9990105178747927;9.266145034887096e-24
1585;118;False;1576;0.9957739439798724;0.9957739439798724;0.9990105178747927;1.620854868706528e-23
1586;119;True;1586;0.9999999999999998;0.9957881946025472;0.9990237596353042;2.3638483059213708e-23
1587;119;False;1586;0.9999396159770577;0.9957881946025472;0.9990237596353042;4.233334731156753e-23
1588;119;False;1586;0.9997749874192929;0.9957881946025472;0.9990237596353042;7.760814704730357e-23
1589;119;False;1586;0.9995168688460422;0.9957881946025472;0.9990237596353042;1.3114280207562362e-22
1590;119;False;1586;0.99916707991591;0.9957881946025472;0.9990237596353042;2.0632007067767645e-22
1591;119;False;1586;0.9987093094113375;0.9957881946025472;0.9990237596353042;3.0083942429664675e-22
1592;119;False;1586;0.9981507432989494;0.9957881946025472;0.9990237596353042;4.826695149842889e-22
1593;119;False;1586;0.9974810398523348;0.9957881946025472;0.9990237596353042;8.570696572603928e-22
1594;119;False;1586;0.9967139054814562;0.9957881946025472;0.9990237596353042;1.4828809822023414e-21
1595;119;False;1586;0.9957881946025472;0.9957881946025472;0.9990237596353042;2.9703842427067038e-21
1596;120;True;1596;0.9999999999999999;0.9952529218051839;0.9988935645597115;4.552817442446055e-21
1597;120;False;1596;0.9999287317228036;0.9952529218051839;0.9988935645597115;7.189397683785764e-21
1598;120;False;1596;0.9997432310068817;0.9952529218051839;0.9988935645597115;1.1875405471177063e-20
1599;120;False;1596;0.9994467479646889;0.9952529218051839;0.9988935645597115;2.047806779844771e-20
1600;120;False;1596;0.9990447803240317;0.9952529218051839;0.9988935645597115;2.8705030966204594e-20
1601;120;False;1596;0.9985536207689095;0.9952529218051839;0.9988935645597115;4.750871738599102e-20
1602;120;False;1596;0.9979073942880496;0.9952529218051839;0.9988935645597115;7.644884533480894e-20
1603;120;False;1596;0.9971294801247998;0.9952529218051839;0.9988935645597115;1.411637131031183e-19
1604;120;False;1596;0.9962340699314176;0.9952529218051839;0.9988935645597115;2.4086144889470265e-19
1605;120;False;1596;0.9952529218051839;0.9952529218051839;0.9988935645597115;4.305693842564008e-19
1606;121;True;1606;0.9999999999999998;0.9953986191739705;0.9989298481778983;7.828738427026814e-19
1607;121;False;1606;0.9999217529950761;0.9953986191739705;0.9989298481778983;1.2663476933980594e-18
1608;121;False;1606;0.999704758706319;0.9953986191739705;0.9989298481778983;2.4151282287128142e-18
1609;121;False;1606;0.9993749893905903;0.9953986191739705;0.9989298481778983;3.647319914664949e-18
1610;121;False;1606;0.9989472853747429;0.9953986191739705;0.9989298481778983;6.737849174471835e-18
1611;121;False;1606;0.9984160495236939;0.9953986191739705;0.9989298481778983;1.3275762958155577e-17
1612;121;False;1606;0.997814753446579;0.9953986191739705;0.9989298481778983;3.756343417336674e-17
1613;121;False;1606;0.9971170306271712;0.9953986191739705;0.9989298481778983;7.72511067505774e-17
1614;121;False;1606;0.9962990351133876;0.9953986191739705;0.9989298481778983;1.6800631074419882e-16
1615;121;False;1606;0.9953986191739705;0.9953986191739705;0.9989298481778983;2.1741739946915296e-16
1616;122;True;1616;0.9999999999999999;0.996421798044263;0.9991505299336813;3.418587133032122e-16
1617;122;False;1616;0.9999401163831741;0.996421798044263;0.9991505299336813;5.134958261405971e-16
1618;122;False;1616;0.9997866315495021;0.996421798044263;0.9991505299336813;6.76772735661656e-16
1619;122;False;1616;0.9995359213455938;0.996421798044263;0.9991505299336813;8.539100282067295e-16
1620;122;False;1616;0.999200054488666;0.996421798044263;0.9991505299336813;1.3036228422239093e-15
1621;122;False;1616;0.9987942588254601;0.996421798044263;0.9991505299336813;1.8627344835546484e-15
1622;122;False;1616;0.9983066711927869;0.996421798044263;0.9991505299336813;2.9471535631267057e-15
1623;122;False;1616;0.9977437564333043;0.996421798044263;0.9991505299336813;4.022225846120338e-15
1624;122;False;1616;0.9971086517732385;0.996421798044263;0.9991505299336813;5.262223159718094e-15
1625;122;False;1616;0.996421798044263;0.996421798044263;0.9991505299336813;7.012157427002449e-15
1626;123;True;1626;0.9999999999999999;0.9971414309011813;0.9993145703223707;9.341982538397551e-15
1627;123;False;1626;0.9999504058786429;0.9971414309011813;0.9993145703223707;1.4913255375737002e-14
1628;123;False;1626;0.9998156668983502;0.9971414309011813;0.9993145703223707;1.9789346818147222e-14
1629;123;False;1626;0.9996072300596484;0.9971414309011813;0.9993145703223707;2.623974727613669e-14
1630;123;False;1626;0.9993388017724993;0.9971414309011813;0.9993145703223707;4.4154929716006296e-14
1631;123;False;1626;0.9990033291749361;0.9971414309011813;0.9993145703223707;7.845115620838296e-14
1632;123;False;1626;0.9986206903523597;0.9971414309011813;0.9993145703223707;1.116996543195208e-13
1633;123;False;1626;0.9981906224651935;0.9971414309011813;0.9993145703223707;1.7860876825132134e-13
1634;123;False;1626;0.9977029741772333;0.9971414309011813;0.9993145703223707;2.481759556615784e-13
1635;123;False;1626;0.9971414309011813;0.9971414309011813;0.9993145703223707;3.3796951337160663e-13
1636;124;True;1636;1.0;0.9979901550572378;0.9995063795251002;4.771727237526596e-13
1637;124;False;1636;0.9999576710341141;0.9979901550572378;0.9995063795251002;7.121489411426727e-13
1638;124;False;1636;0.9998470829672077;0.9979901550572378;0.9995063795251002;1.2316329204613197e-12
1639;124;False;1636;0.9996891349153438;0.9979901550572378;0.9995063795251002;2.0791018535734895e-12
1640;124;False;1636;0.9994762466525338;0.9979901550572378;0.9995063795251002;3.181728194151338e-12
1641;124;False;1636;0.9992421829551318;0.9979901550572378;0.9995063795251002;5.126401491852222e-12
1642;124;False;1636;0.9989793012569924;0.9979901550572378;0.9995063795251002;8.382262109547655e-12
1643;124;False;1636;0.998678846978379;0.9979901550572378;0.9995063795251002;1.2686903489241732e-11
1644;124;False;1636;0.9983645397061933;0.9979901550572378;0.9995063795251002;1.7500913693237403e-11
1645;124;False;1636;0.9979901550572378;0.9979901550572378;0.9995063795251002;2.4960235105687365e-11
1646;125;True;1646;1.0;0.9986347859670792;0.9996508037319272;4.701766475794765e-11
1647;125;False;1646;0.9999688501404573;0.9986347859670792;0.9996508037319272;8.771927207962176e-11
1648;125;False;1646;0.9998930293470079;0.9986347859670792;0.9996508037319272;1.346374167018905e-10
1649;125;False;1646;0.9997773597149574;0.9986347859670792;0.9996508037319272;2.022370909209479e-10
1650;125;False;1646;0.9996385281876702;0.9986347859670792;0.9996508037319272;2.7839390789709296e-10
1651;125;False;1646;0.9994709241511114;0.9986347859670792;0.9996508037319272;3.634466908718976e-10
1652;125;False;1646;0.9992981880033364;0.9986347859670792;0.9996508037319272;4.741819695503792e-10
1653;125;False;1646;0.99909417057623;0.9986347859670792;0.9996508037319272;8.574452489072657e-10
1654;125;False;1646;0.9988703946894278;0.9986347859670792;0.9996508037319272;1.0763969050930048e-09
1655;125;False;1646;0.9986347859670792;0.9986347859670792;0.9996508037319272;1.4404262075764572e-09
1656;126;True;1656;1.0;0.9988740272671628;0.9996986926534509;2.1152525423149107e-09
1657;126;False;1656;0.9999746444052218;0.9988740272671628;0.9996986926534509;3.458541669754505e-09
1658;126;False;1656;0.9999087087386621;0.9988740272671628;0.9996986926534509;5.197479194049962e-09
1659;126;False;1656;0.9998129593137394;0.9988740272671628;0.9996986926534509;6.653773117219161e-09
1660;126;False;1656;0.9996849985617539;0.9988740272671628;0.9996986926534509;9.058150921771656e-09
1661;126;False;1656;0.9995442833508357;0.9988740272671628;0.9996986926534509;1.1929307020565769e-08
1662;126;False;1656;0.9993973998342176;0.9988740272671628;0.9996986926534509;1.7952822957009268e-08
1663;126;False;1656;0.9992390844808943;0.9988740272671628;0.9996986926534509;2.609841632527731e-08
1664;126;False;1656;0.9990694956685593;0.9988740272671628;0.9996986926534509;3.780417976684206e-08
1665;126;False;1656;0.9988740272671628;0.9988740272671628;0.9996986926534509;4.990551390124789e-08
1666;127;True;1666;1.0;0.9982457244235716;0.9995495251657499;7.600373605546887e-08
1667;127;False;1666;0.9999725501129558;0.9982457244235716;0.9995495251657499;1.1029153635747975e-07
1668;127;False;1666;0.9998918398294375;0.9982457244235716;0.9995495251657499;1.938043675356112e-07
1669;127;False;1666;0.9997729824250885;0.9982457244235716;0.9995495251657499;3.019910116986113e-07
1670;127;False;1666;0.9996174369965324;0.9982457244235716;0.9995495251657499;4.743173372251526e-07
1671;127;False;1666;0.9994282464173262;0.9982457244235716;0.9995495251657499;8.009960609647752e-07
1672;127;False;1666;0.999204340795605;0.9982457244235716;0.9995495251657499;1.190263524687615e-06
1673;127;False;1666;0.9989365898258258;0.9982457244235716;0.9995495251657499;1.851706417960814e-06
1674;127;False;1666;0.9986114791731018;0.9982457244235716;0.9995495251657499;2.7874062275480443e-06
1675;127;False;1666;0.9982457244235716;0.9982457244235716;0.9995495251657499;3.723569179100276e-06
1676;128;True;1676;1.0;0.9964616232946966;0.9991271431645846;5.473368475337959e-06
1677;128;False;1676;0.9999555851661933;0.9964616232946966;0.9991271431645846;7.523275704206854e-06
1678;128;False;1676;0.999836325078135;0.9964616232946966;0.9991271431645846;1.0668036014191726e-05
1679;128;False;1676;0.9996426729656063;0.9964616232946966;0.9991271431645846;1.504518528414133e-05
1680;128;False;1676;0.9993637159315785;0.9964616232946966;0.9991271431645846;1.9470450659961675e-05
1681;128;False;1676;0.998997649481269;0.9964616232946966;0.9991271431645846;2.3973042375608328e-05
1682;128;False;1676;0.9985332827142502;0.9964616232946966;0.9991271431645846;3.3790805356664814e-05
1683;128;False;1676;0.9979587929041904;0.9964616232946966;0.9991271431645846;4.732956101840213e-05
1684;128;False;1676;0.9972471648602695;0.9964616232946966;0.9991271431645846;6.377298845746204e-05
1685;128;False;1676;0.9964616232946966;0.9964616232946966;0.9991271431645846;9.027520023372324e-05
1686;129;True;1686;0.9999999999999997;0.9958261513331715;0.9989757361489032;0.0001178095664181
1687;129;False;1686;0.9999321267339989;0.9958261513331715;0.9989757361489032;0.000132169022115
1688;129;False;1686;0.999739932033224;0.9958261513331715;0.9989757361489032;0.0001750909162104
1689;129;False;1686;0.9994439915188745;0.9958261513331715;0.9989757361489032;0.0002106496550007
1690;129;False;1686;0.9990299231484878;0.9958261513331715;0.9989757361489032;0.0002504756905726
1691;129;False;1686;0.9985414779174532;0.9958261513331715;0.9989757361489032;0.0003124246260344
1692;129;False;1686;0.9979728362879688;0.9958261513331715;0.9989757361489032;0.0003660896275578
1693;129;False;1686;0.9973310309035741;0.9958261513331715;0.9989757361489032;0.0004236629406482
1694;129;False;1686;0.9966055751391165;0.9958261513331715;0.9989757361489032;0.0004037295052982
1695;129;False;1686;0.9958261513331715;0.9958261513331715;0.9989757361489032;0.000399969771633
1696;130;True;1696;1.0;0.9973137559409011;0.999334144981571;0.0004236629406482
1697;130;False;1696;0.9999384618417382;0.9973137559409011;0.999334144981571;0.0004535225805671
1698;130;False;1696;0.999778048826411;0.9973137559409011;0.999334144981571;0.0005191293648994
1699;130;False;1696;0.9995481888773624;0.9973137559409011;0.999334144981571;0.0005161910863044
1700;130;False;1696;0.9992576904901399;0.9973137559409011;0.999334144981571;0.0005077533715778
1701;130;False;1696;0.9989359175630625;0.9973137559409011;0.999334144981571;0.000538314468809
1702;130;False;1696;0.9985933263936384;0.9973137559409011;0.999334144981571;0.0005875386846318
1703;130;False;1696;0.9982008698389355;0.9973137559409011;0.999334144981571;0.0006627649111505
1704;130;False;1696;0.9977814890763407;0.9973137559409011;0.999334144981571;0.000763962396336
1705;130;False;1696;0.9973137559409011;0.9973137559409011;0.999334144981571;0.0008384220132903
1706;131;True;1706;0.9999999999999999;0.9974908508449852;0.9993676256889985;0.0009407490464112
1707;131;False;1706;0.9999607476050536;0.9974908508449852;0.9993676256889985;0.0010857196771914
1708;131;False;1706;0.9998601187992764;0.9974908508449852;0.9993676256889985;0.00126562006186
1709;131;False;1706;0.9996993300581446;0.9974908508449852;0.9993676256889985;0.0013854130727036
1710;131;False;1706;0.9994769374488561;0.9974908508449852;0.9993676256889985;0.0015977240623196
1711;131;False;1706;0.9991995743009785;0.9974908508449852;0.9993676256889985;0.0016540199697121
1712;131;False;1706;0.9988638169605408;0.9974908508449852;0.9993676256889985;0.0017427401859893
1713;131;False;1706;0.9984643968419321;0.9974908508449852;0.9993676256889985;0.0018684394583049
1714;131;False;1706;0.9979960032378131;0.9974908508449852;0.9993676256889985;0.0017573649197628
1715;131;False;1706;0.9974908508449852;0.9974908508449852;0.9993676256889985;0.0016978485789654
1716;132;False;1725;0.9975737767313432;0.9975737767313432;0.9993883340778816;0.0016112317805691
1717;132;False;1725;0.9980579407100467;0.9975737767313432;0.9993883340778816;0.001385535204454
1718;132;False;1725;0.9984725246503717;0.9975737767313432;0.9993883340778816;0.001222866591446
1719;132;False;1725;0.9988391572166926;0.9975737767313432;0.9993883340778816;0.00104912742979
1720;132;False;1725;0.9991653781981398;0.9975737767313432;0.9993883340778816;0.0009225048158275
1721;132;False;1725;0.9994435113311868;0.9975737767313432;0.9993883340778816;0.0007876296884615
1722;132;False;1725;0.9996677084352591;0.9975737767313432;0.9993883340778816;0.0006592368494202
1723;132;False;1725;0.9998411640221312;0.9975737767313432;0.9993883340778816;0.0005552933474343
1724;132;False;1725;0.9999545573960553;0.9975737767313432;0.9993883340778816;0.0004577482835856
1725;132;True;1725;0.9999999999999999;0.9975737767313432;0.9993883340778816;0.0003590746189887
1726;133;False;1735;0.9968303653171047;0.9968303653171047;0.999218522113998;0.0002855503767967
1727;133;False;1735;0.997392565692098;0.9968303653171047;0.999218522113998;0.0001961054526482
1728;133;False;1735;0.9979077329467345;0.9968303653171047;0.999218522113998;0.0001377242336953
1729;133;False;1735;0.9983920687820843;0.9968303653171047;0.999218522113998;0.0001015600003988
1730;133;False;1735;0.9988262005734705;0.9968303653171047;0.999218522113998;7.676952308439622e-05
1731;133;False;1735;0.9992097930319461;0.9968303653171047;0.999218522113998;5.057836799869699e-05
1732;133;False;1735;0.9995222334691914;0.9968303653171047;0.999218522113998;3.415945355162939e-05
1733;133;False;1735;0.9997718990542706;0.9968303653171047;0.999218522113998;2.2375979590732392e-05
1734;133;False;1735;0.9999352723845707;0.9968303653171047;0.999218522113998;1.4188266097441426e-05
1735;133;True;1735;1.0;0.9968303653171047;0.999218522113998;8.590672587935957e-06
1736;134;False;1745;0.99517870163736;0.99517870163736;0.9988444753374551;5.211770803407868e-06
1737;134;False;1745;0.996110956547774;0.99517870163736;0.9988444753374551;2.3327689308406367e-06
1738;134;False;1745;0.9969249100606357;0.99517870163736;0.9988444753374551;1.1150644958741852e-06
1739;134;False;1745;0.9976519024256937;0.99517870163736;0.9988444753374551;6.297306153365701e-07
1740;134;False;1745;0.9983107013996251;0.99517870163736;0.9988444753374551;2.858998761767269e-07
1741;134;False;1745;0.9988674023619425;0.99517870163736;0.9988444753374551;1.527344961744271e-07
1742;134;False;1745;0.9993370343448347;0.99517870163736;0.9988444753374551;8.403437553345114e-08
1743;134;False;1745;0.9996934987262602;0.99517870163736;0.9988444753374551;4.248951597897289e-08
1744;134;False;1745;0.999915257824774;0.99517870163736;0.9988444753374551;2.0241348411054817e-08
1745;134;True;1745;0.9999999999999999;0.99517870163736;0.9988444753374551;1.2481490964240306e-08
1746;135;False;1755;0.9948180537260102;0.9948180537260102;0.9987690751622109;6.653773117219161e-09
1747;135;False;1755;0.9959025938433117;0.9948180537260102;0.9987690751622109;3.5117474663438126e-09
1748;135;False;1755;0.996857471490857;0.9948180537260102;0.9987690751622109;1.832103783570185e-09
1749;135;False;1755;0.9976619189723717;0.9948180537260102;0.9987690751622109;9.927233276132086e-10
1750;135;False;1755;0.9983584387952564;0.9948180537260102;0.9987690751622109;5.686666329909122e-10
1751;135;False;1755;0.9989230687514621;0.9948180537260102;0.9987690751622109;2.8296448939779247e-10
1752;135;False;1755;0.9993781249319471;0.9948180537260102;0.9987690751622109;1.5682654152773175e-10
1753;135;False;1755;0.999707279270462;0.9948180537260102;0.9987690751622109;9.55685560687014e-11
1754;135;False;1755;0.9999170286221769;0.9948180537260102;0.9987690751622109;6.428988963513803e-11
1755;135;True;1755;0.9999999999999999;0.9948180537260102;0.9987690751622109;3.8789449230904994e-11
1756;136;False;1765;0.9953013483122687;0.9953013483122687;0.9988637958809566;2.367853152588356e-11
1757;136;False;1765;0.9962949678394295;0.9953013483122687;0.9988637958809566;1.246728611309168e-11
1758;136;False;1765;0.9971850656406039;0.9953013483122687;0.9988637958809566;5.126401491852222e-12
1759;136;False;1765;0.9979508773892547;0.9953013483122687;0.9988637958809566;2.455691246800904e-12
1760;136;False;1765;0.9985670087386158;0.9953013483122687;0.9988637958809566;1.0597332052943905e-12
1761;136;False;1765;0.9990872407097054;0.9953013483122687;0.9988637958809566;4.5074291667558635e-13
1762;136;False;1765;0.9994834241948127;0.9953013483122687;0.9988637958809566;1.8551076826246177e-13
1763;136;False;1765;0.9997668764595442;0.9953013483122687;0.9988637958809566;9.183186127968438e-14
1764;136;False;1765;0.9999349775324817;0.9953013483122687;0.9988637958809566;5.0744589881485766e-14
1765;136;True;1765;0.9999999999999998;0.9953013483122687;0.9988637958809566;2.8424754270302693e-14
1766;137;False;1775;0.9974076755980031;0.9974076755980031;0.9993647035643916;1.7533969790092012e-14
1767;137;False;1775;0.9979829000109809;0.9974076755980031;0.9993647035643916;9.928377736246722e-15
1768;137;False;1775;0.9984795758274698;0.9974076755980031;0.9993647035643916;6.87304525970248e-15
1769;137;False;1775;0.998891961013646;0.9974076755980031;0.9993647035643916;4.022225846120338e-15
1770;137;False;1775;0.9992220420301547;0.9974076755980031;0.9993647035643916;2.156204725213964e-15
1771;137;False;1775;0.9994903405823843;0.9974076755980031;0.9993647035643916;1.5101997379928233e-15
1772;137;False;1775;0.9997039988303638;0.9974076755980031;0.9993647035643916;8.188183066474239e-16
1773;137;False;1775;0.9998568787960365;0.9974076755980031;0.9993647035643916;4.922372279914033e-16
1774;137;False;1775;0.9999600702876834;0.9974076755980031;0.9993647035643916;3.005527391091818e-16
1775;137;True;1775;0.9999999999999999;0.9974076755980031;0.9993647035643916;2.128718020607577e-16
1776;138;False;1785;0.9985558346868801;0.9985558346868801;0.999625662976677;1.6800631074419882e-16
1777;138;False;1785;0.9988706945961237;0.9985558346868801;0.999625662976677;1.297011871757941e-16
1778;138;False;1785;0.9991299100191454;0.9985558346868801;0.999625662976677;1.0682831295594944e-16
1779;138;False;1785;0.9993460736674469;0.9985558346868801;0.999625662976677;8.063431930781621e-17
1780;138;False;1785;0.9995249579024932;0.9985558346868801;0.999625662976677;5.950158484093381e-17
1781;138;False;1785;0.9996689131166512;0.9985558346868801;0.999625662976677;4.473357880776276e-17
1782;138;False;1785;0.999801429754628;0.9985558346868801;0.999625662976677;3.216695715524028e-17
1783;138;False;1785;0.9999043466126151;0.9985558346868801;0.999625662976677;2.882496264183314e-17
1784;138;False;1785;0.9999732712369217;0.9985558346868801;0.999625662976677;2.6394111460008225e-17
1785;138;True;1785;0.9999999999999999;0.9985558346868801;0.999625662976677;2.4697827146533636e-17
1786;139;False;1794;0.9989114583186346;0.9986645879313587;0.9996421143379024;2.4165712856984158e-17
1787;139;False;1794;0.9991295292387339;0.9986645879313587;0.9996421143379024;2.3161257976782784e-17
1788;139;False;1794;0.9993221957028513;0.9986645879313587;0.9996421143379024;2.268740983218368e-17
1789;139;False;1794;0.9994943000247216;0.9986645879313587;0.9996421143379024;2.365821904368395e-17
1790;139;False;1794;0.999642632528748;0.9986645879313587;0.9996421143379024;2.4165712856984158e-17
1791;139;False;1794;0.9997793461756024;0.9986645879313587;0.9996421143379024;2.171915653754197e-17
1792;139;False;1794;0.9998920436985962;0.9986645879313587;0.9996421143379024;2.3161257976782784e-17
1793;139;False;1794;0.9999677987821518;0.9986645879313587;0.9996421143379024;2.3161257976782784e-17
1794;139;True;1794;1.0;0.9986645879313587;0.9996421143379024;2.079169899293849e-17
1795;139;False;1794;0.9999681003737166;0.9986645879313587;0.9996421143379024;2.1250435958371557e-17
1796;140;True;1796;0.9999999999999997;0.9991652400388751;0.9997738272184449;2.2198074922428744e-17
1797;140;False;1796;0.9999732055270276;0.9991652400388751;0.9997738272184449;2.365821904368395e-17
1798;140;False;1796;0.9999062606238895;0.9991652400388751;0.9997738272184449;2.75831344173689e-17
1799;140;False;1796;0.9998172203476415;0.9991652400388751;0.9997738272184449;3.147637648366381e-17
1800;140;False;1796;0.9997187279558575;0.9991652400388751;0.9997738272184449;3.924733126967992e-17
1801;140;False;1796;0.9996304509253029;0.9991652400388751;0.9997738272184449;4.010577089354113e-17
1802;140;False;1796;0.9995467163017867;0.9991652400388751;0.9997738272184449;4.281766332721727e-17
1803;140;False;1796;0.9994467311159979;0.9991652400388751;0.9997738272184449;4.994287124185997e-17
1804;140;False;1796;0.9993256581088097;0.9991652400388751;0.9997738272184449;5.2172779493916576e-17
1805;140;False;1796;0.9991652400388751;0.9991652400388751;0.9997738272184449;5.696295291911242e-17
1806;141;False;1807;0.9999752930798174;0.9990572550946968;0.9997166754109031;6.076168378287665e-17
1807;141;True;1807;1.0;0.9990572550946968;0.9997166754109031;6.076168378287665e-17
1808;141;False;1807;0.9999736200048214;0.9990572550946968;0.9997166754109031;6.780599012942164e-17
1809;141;False;1807;0.9999075984099384;0.9990572550946968;0.9997166754109031;7.239688273376282e-17
1810;141;False;1807;0.9998165312361882;0.9990572550946968;0.9997166754109031;7.892483741437726e-17
1811;141;False;1807;0.9997043661318235;0.9990572550946968;0.9997166754109031;9.606196109278772e-17
1812;141;False;1807;0.9995838794590747;0.9990572550946968;0.9997166754109031;1.0463013897822598e-16
1813;141;False;1807;0.9994641964688765;0.9990572550946968;0.9997166754109031;1.0463013897822598e-16
1814;141;False;1807;0.9993362643596652;0.9990572550946968;0.9997166754109031;1.0463013897822598e-16
1815;141;False;1807;0.9991999230688776;0.9990572550946968;0.9997166754109031;1.0913226964855962e-16
1816;142;False;1817;0.9999681947263849;0.9988435496703828;0.9996511848867544;1.0682831295594944e-16
1817;142;True;1817;0.9999999999999999;0.9988435496703828;0.9996511848867544;1.0031134365889517e-16
1818;142;False;1817;0.9999725096760981;0.9988435496703828;0.9996511848867544;1.190449316712099e-16
1819;142;False;1817;0.9998960199896239;0.9988435496703828;0.9996511848867544;1.270395885374378e-16
1820;142;False;1817;0.9997857469932354;0.9988435496703828;0.9996511848867544;1.3249070521454683e-16
1821;142;False;1817;0.9996468126889345;0.9988435496703828;0.9996511848867544;1.6800631074419882e-16
1822;142;False;1817;0.9994970632100119;0.9988435496703828;0.9996511848867544;1.7528215206566526e-16
1823;142;False;1817;0.9993377403049789;0.9988435496703828;0.9996511848867544;1.9109199572212207e-16
1824;142;False;1817;0.9991794215819181;0.9988435496703828;0.9996511848867544;1.6466182115644094e-16
1825;142;False;1817;0.9990116574827961;0.9988435496703828;0.9996511848867544;1.297011871757941e-16
1826;143;False;1831;0.9150743678044768;0.8106745470240013;0.9421099744857268;8.020276832901769e-16
1827;143;False;1831;0.9197359978639231;0.8106745470240013;0.9421099744857268;5.356584402065223e-16
1828;143;False;1831;0.9401828175619129;0.8106745470240013;0.9421099744857268;3.0800426192739995e-17
1829;143;False;1831;0.9673538065425742;0.8106745470240013;0.9421099744857268;5.42697320973925e-19
1830;143;False;1831;0.9910326010794029;0.8106745470240013;0.9421099744857268;4.979930559057161e-20
1831;143;True;1831;1.0;0.8106745470240013;0.9421099744857268;9.135751409582176e-21
1832;143;False;1831;0.992322417221013;0.8106745470240013;0.9421099744857268;4.640280188564787e-20
1833;143;False;1831;0.9764065760945636;0.8106745470240013;0.9421099744857268;8.009084186544496e-19
1834;144;False;1843;0.9968267917097873;0.9967727933406558;0.999091362011799;4.181781807960551e-18
1835;144;False;1843;0.9967727933406558;0.9967727933406558;0.999091362011799;4.476030025388358e-18
1836;144;False;1843;0.9984102535740602;0.9967727933406558;0.999091362011799;7.315629572877451e-19
1837;144;False;1843;0.99876511732986;0.9967727933406558;0.999091362011799;5.304195698580279e-19
1838;144;False;1843;0.9990924621189836;0.9967727933406558;0.999091362011799;4.0191686794912184e-19
1839;144;False;1843;0.9993825645619718;0.9967727933406558;0.999091362011799;2.968085850017205e-19
1840;144;False;1843;0.9996289699253819;0.9967727933406558;0.999091362011799;2.464908530254529e-19
1841;144;False;1843;0.9998255419160255;0.9967727933406558;0.999091362011799;1.8662136744170757e-19
1842;144;False;1843;0.9999522693438448;0.9967727933406558;0.999091362011799;1.4422761365703071e-19
1843;144;True;1843;0.9999999999999999;0.9967727933406558;0.999091362011799;1.090032608291793e-19
1844;145;False;1853;0.9955711042762525;0.9955711042762525;0.9989477751474631;8.210919914035821e-20
1845;145;False;1853;0.9963797858337637;0.9955711042762525;0.9989477751474631;6.326007176465963e-20
1846;145;False;1853;0.9971428782037205;0.9955711042762525;0.9989477751474631;4.018491417690545e-20
1847;145;False;1853;0.9978542518324109;0.9955711042762525;0.9989477751474631;2.6061382525223712e-20
1848;145;False;1853;0.9984812219445606;0.9955711042762525;0.9989477751474631;1.4652446951796466e-20
1849;145;False;1853;0.9989928004280576;0.9955711042762525;0.9989477751474631;1.0049113633934375e-20
1850;145;False;1853;0.9994218253812638;0.9955711042762525;0.9989477751474631;5.664933522584604e-21
1851;145;False;1853;0.9997327932429338;0.9955711042762525;0.9989477751474631;3.442459856834445e-21
1852;145;False;1853;0.9999274748104703;0.9955711042762525;0.9989477751474631;1.9982286955849757e-21
1853;145;True;1853;1.0;0.9955711042762525;0.9989477751474631;1.4479887685784049e-21
1854;146;False;1863;0.9943324710875414;0.9943324710875414;0.9986759637929686;7.57302092247023e-22
1855;146;False;1863;0.9954313814532221;0.9943324710875414;0.9986759637929686;3.846461349449547e-22
1856;146;False;1863;0.9964431958815734;0.9943324710875414;0.9986759637929686;2.0123198996022892e-22
1857;146;False;1863;0.9973327713733331;0.9943324710875414;0.9986759637929686;9.982839870639716e-23
1858;146;False;1863;0.9981175025168786;0.9943324710875414;0.9986759637929686;6.324524737438363e-23
1859;146;False;1863;0.9987717253863903;0.9943324710875414;0.9986759637929686;3.824821245211501e-23
1860;146;False;1863;0.9992886432200007;0.9943324710875414;0.9986759637929686;2.1422502840590127e-23
1861;146;False;1863;0.9996678044727966;0.9943324710875414;0.9986759637929686;1.2254968638231775e-23
1862;146;False;1863;0.9999114247476184;0.9943324710875414;0.9986759637929686;5.6911222672601064e-24
1863;146;True;1863;1.0;0.9943324710875414;0.9986759637929686;2.6108057357339543e-24
1864;147;False;1873;0.9926220593927302;0.9926220593927302;0.9982712226331573;1.5110021397133995e-24
1865;147;False;1873;0.9940312164961151;0.9926220593927302;0.9982712226331573;9.504146819612298e-25
1866;147;False;1873;0.9953224226547162;0.9926220593927302;0.9982712226331573;4.211259208712429e-25
1867;147;False;1873;0.9965154548617886;0.9926220593927302;0.9982712226331573;2.446546585755146e-25
1868;147;False;1873;0.9975551690372284;0.9926220593927302;0.9982712226331573;1.5167215669339972e-25
1869;147;False;1873;0.9983918059425078;0.9926220593927302;0.9982712226331573;6.979363170890675e-26
1870;147;False;1873;0.9990651638701564;0.9926220593927302;0.9982712226331573;3.498416426132421e-26
1871;147;False;1873;0.9995713878397187;0.9926220593927302;0.9982712226331573;1.7635334897474908e-26
1872;147;False;1873;0.9998837035966525;0.9926220593927302;0.9982712226331573;1.030926761968309e-26
1873;147;True;1873;0.9999999999999998;0.9926220593927302;0.9982712226331573;6.586796771752325e-27
1874;148;False;1883;0.9871106487643149;0.9871106487643149;0.9970397838354157;4.6845571335735685e-27
1875;148;False;1883;0.9892845696277834;0.9871106487643149;0.9970397838354157;3.9952164634426e-27
1876;148;False;1883;0.9913170406774151;0.9871106487643149;0.9970397838354157;3.082823293741161e-27
1877;148;False;1883;0.9932399851276605;0.9871106487643149;0.9970397838354157;2.5546065216774245e-27
1878;148;False;1883;0.99499444266995;0.9871106487643149;0.9970397838354157;1.6595750767993545e-27
1879;148;False;1883;0.9965969014330947;0.9871106487643149;0.9970397838354157;8.470554460064725e-28
1880;148;False;1883;0.9979389451464336;0.9871106487643149;0.9970397838354157;3.976787001859598e-28
1881;148;False;1883;0.9989952755007356;0.9871106487643149;0.9970397838354157;1.545489061834406e-28
1882;148;False;1883;0.9997128022713048;0.9871106487643149;0.9970397838354157;5.130859038789509e-29
1883;148;True;1883;1.0;0.9871106487643149;0.9970397838354157;2.4907075063813106e-29
1884;149;False;1893;0.9519754201189459;0.9519754201189459;0.9888609786020084;1.0423812002674537e-29
1885;149;False;1893;0.9595168368335292;0.9519754201189459;0.9888609786020084;6.476155733842448e-30
1886;149;False;1893;0.9670928186372805;0.9519754201189459;0.9888609786020084;4.0559550324879366e-30
1887;149;False;1893;0.974399538143688;0.9519754201189459;0.9888609786020084;1.8410900444994675e-30
1888;149;False;1893;0.9810660427821113;0.9519754201189459;0.9888609786020084;1.080200390915064e-30
1889;149;False;1893;0.9870328229766607;0.9519754201189459;0.9888609786020084;5.199135649048556e-31
1890;149;False;1893;0.9921794257519687;0.9519754201189459;0.9888609786020084;3.546958572076496e-31
1891;149;False;1893;0.9963556652480205;0.9519754201189459;0.9888609786020084;2.133060746280485e-31
1892;149;False;1893;0.9990330991267028;0.9519754201189459;0.9888609786020084;1.3978598011707534e-31
1893;149;True;1893;1.0;0.9519754201189459;0.9888609786020084;1.0855583790444104e-31
1894;150;False;1898;0.9823635284477719;0.9160681305455097;0.980144269067826;9.783707172685476e-32
1895;150;False;1898;0.9897173467844294;0.9160681305455097;0.980144269067826;9.078013407099443e-32
1896;150;False;1898;0.9953133968110566;0.9160681305455097;0.980144269067826;8.389312367478559e-32
1897;150;False;1898;0.9987569305510025;0.9160681305455097;0.980144269067826;8.389312367478559e-32
1898;150;True;1898;0.9999999999999999;0.9160681305455097;0.980144269067826;8.389312367478559e-32
1899;150;False;1898;0.9987184481412251;0.9160681305455097;0.980144269067826;8.389312367478559e-32
1900;150;False;1898;0.9952003336714721;0.9160681305455097;0.980144269067826;8.389312367478559e-32
1901;150;False;1898;0.9897458884666376;0.9160681305455097;0.980144269067826;8.389312367478559e-32
1902;150;False;1898;0.9826279450616426;0.9160681305455097;0.980144269067826;8.389312367478559e-32
1903;150;False;1898;0.9739188112979065;0.9160681305455097;0.980144269067826;8.389312367478559e-32
1904;151;False;1908;0.9906438546064132;0.968191206693547;0.9926497783720873;8.389312367478559e-32
1905;151;False;1908;0.9950807787313246;0.968191206693547;0.9926497783720873;8.389312367478559e-32
1906;151;False;1908;0.9979645922235627;0.968191206693547;0.9926497783720873;8.389312367478559e-32
1907;151;False;1908;0.9995207575238777;0.968191206693547;0.9926497783720873;8.389312367478559e-32
1908;151;True;1908;1.0;0.968191206693547;0.9926497783720873;8.389312367478559e-32
1909;151;False;1908;0.9995966507666979;0.968191206693547;0.9926497783720873;8.389312367478559e-32
1910;151;False;1908;0.9985200194248556;0.968191206693547;0.9926497783720873;8.530953279212659e-32
1911;151;False;1908;0.9969575830418262;0.968191206693547;0.9926497783720873;9.011676390380772e-32
1912;151;False;1908;0.9950276851368897;0.968191206693547;0.9926497783720873;9.579734012694103e-32
1913;151;False;1908;0.9929127616491111;0.968191206693547;0.9926497783720873;9.908344927757932e-32
1914;152;False;1923;0.9960116739523913;0.9960116739523913;0.9990355232788932;9.783707172685476e-32
1915;152;False;1923;0.997123234315122;0.9960116739523913;0.9990355232788932;9.663907161818483e-32
1916;152;False;1923;0.9979683983428134;0.9960116739523913;0.9990355232788932;9.663907161818483e-32
1917;152;False;1923;0.9986094741788968;0.9960116739523913;0.9990355232788932;9.783707172685476e-32
1918;152;False;1923;0.9990719353589868;0.9960116739523913;0.9990355232788932;9.783707172685476e-32
1919;152;False;1923;0.9994128736718441;0.9960116739523913;0.9990355232788932;9.663907161818483e-32
1920;152;False;1923;0.9996673967344795;0.9960116739523913;0.9990355232788932;9.271418505760484e-32
1921;152;False;1923;0.9998463753221944;0.9960116739523913;0.9990355232788932;9.271418505760484e-32
1922;152;False;1923;0.9999587139680745;0.9960116739523913;0.9990355232788932;9.078013407099443e-32
1923;152;True;1923;0.9999999999999998;0.9960116739523913;0.9990355232788932;9.011676390380772e-32
1924;153;False;1929;0.9989051754418371;0.9959396491689785;0.9990257716685176;9.011676390380772e-32
1925;153;False;1929;0.9992545684277356;0.9959396491689785;0.9990257716685176;8.389312367478559e-32
1926;153;False;1929;0.9995468561459206;0.9959396491689785;0.9990257716685176;8.389312367478559e-32
1927;153;False;1929;0.999780928267668;0.9959396491689785;0.9990257716685176;8.389312367478559e-32
1928;153;False;1929;0.9999368527917669;0.9959396491689785;0.9990257716685176;8.389312367478559e-32
1929;153;True;1929;0.9999999999999999;0.9959396491689785;0.9990257716685176;8.389312367478559e-32
1930;153;False;1929;0.9999244201428288;0.9959396491689785;0.9990257716685176;8.389312367478559e-32
1931;153;False;1929;0.9997234354800657;0.9959396491689785;0.9990257716685176;8.389312367478559e-32
1932;153;False;1929;0.9993875837869599;0.9959396491689785;0.9990257716685176;8.389312367478559e-32
1933;153;False;1929;0.9989021864840898;0.9959396491689785;0.9990257716685176;8.389312367478559e-32
1934;154;False;1939;0.9974612578044716;0.9920850343315243;0.9981200542698202;8.389312367478559e-32
1935;154;False;1939;0.9982881207842207;0.9920850343315243;0.9981200542698202;8.389312367478559e-32
1936;154;False;1939;0.9989976376871854;0.9920850343315243;0.9981200542698202;8.389312367478559e-32
1937;154;False;1939;0.999529721027381;0.9920850343315243;0.9981200542698202;8.389312367478559e-32
1938;154;False;1939;0.9998744570351437;0.9920850343315243;0.9981200542698202;8.389312367478559e-32
1939;154;True;1939;0.9999999999999999;0.9920850343315243;0.9981200542698202;8.389312367478559e-32
1940;154;False;1939;0.9998850396978325;0.9920850343315243;0.9981200542698202;8.389312367478559e-32
1941;154;False;1939;0.9995637082064539;0.9920850343315243;0.9981200542698202;8.389312367478559e-32
1942;154;False;1939;0.9990519679755249;0.9920850343315243;0.9981200542698202;8.389312367478559e-32
1943;154;False;1939;0.9983288895613389;0.9920850343315243;0.9981200542698202;8.389312367478559e-32
1944;155;False;1953;0.9910156361326408;0.9910156361326408;0.9978949069744703;8.389312367478559e-32
1945;155;False;1953;0.9928022662500041;0.9910156361326408;0.9978949069744703;8.389312367478559e-32
1946;155;False;1953;0.9944219089928915;0.9910156361326408;0.9978949069744703;8.389312367478559e-32
1947;155;False;1953;0.9958503376288088;0.9910156361326408;0.9978949069744703;8.389312367478559e-32
1948;155;False;1953;0.9970838589247327;0.9910156361326408;0.9978949069744703;8.389312367478559e-32
1949;155;False;1953;0.9980920744727296;0.9910156361326408;0.9978949069744703;8.389312367478559e-32
1950;155;False;1953;0.9989054012142937;0.9910156361326408;0.9978949069744703;8.389312367478559e-32
1951;155;False;1953;0.9995065288045009;0.9910156361326408;0.9978949069744703;8.389312367478559e-32
1952;155;False;1953;0.9998702903539097;0.9910156361326408;0.9978949069744703;3.345905510903519e-32
1953;155;True;1953;1.0;0.9910156361326408;0.9978949069744703;1.1927800149203428e-32
1954;156;False;1963;0.9923960190418846;0.9923960190418846;0.9982344092921316;3.851668164981767e-33
1955;156;False;1963;0.9940402457095123;0.9923960190418846;0.9982344092921316;1.1520094767802133e-33
1956;156;False;1963;0.9954628817655338;0.9923960190418846;0.9982344092921316;3.935034457603968e-34
1957;156;False;1963;0.9966591354422869;0.9923960190418846;0.9982344092921316;1.747698170800368e-34
1958;156;False;1963;0.9976887656762854;0.9923960190418846;0.9982344092921316;8.104430124241144e-35
1959;156;False;1963;0.998511173862188;0.9923960190418846;0.9982344092921316;4.5508856318604504e-35
1960;156;False;1963;0.9991558940700909;0.9923960190418846;0.9982344092921316;2.5088116768234826e-35
1961;156;False;1963;0.9996227864558599;0.9923960190418846;0.9982344092921316;1.561399714831627e-35
1962;156;False;1963;0.9998977166527871;0.9923960190418846;0.9982344092921316;1.1761486159687037e-35
1963;156;True;1963;0.9999999999999998;0.9923960190418846;0.9982344092921316;9.154174374305854e-36
1964;157;False;1973;0.994139861908973;0.994139861908973;0.9986386162361203;7.039236484230766e-36
1965;157;False;1973;0.9954105295134938;0.994139861908973;0.9986386162361203;5.4573246924405416e-36
1966;157;False;1973;0.9965051165051165;0.994139861908973;0.9986386162361203;4.3993381041940564e-36
1967;157;False;1973;0.9974586631060889;0.994139861908973;0.9986386162361203;4.0881882035073743e-36
1968;157;False;1973;0.9982305825051537;0.994139861908973;0.9986386162361203;3.068287658007461e-36
1969;157;False;1973;0.9988722227723787;0.994139861908973;0.9986386162361203;2.303976090577024e-36
1970;157;False;1973;0.9993739194987243;0.994139861908973;0.9986386162361203;1.7518883238653122e-36
1971;157;False;1973;0.9997127736285303;0.994139861908973;0.9986386162361203;1.5190037589884304e-36
1972;157;False;1973;0.999922940827777;0.994139861908973;0.9986386162361203;1.197816406857164e-36
1973;157;True;1973;1.0;0.994139861908973;0.9986386162361203;1.1843785459115742e-36
1974;158;False;1983;0.9956083533618634;0.9956083533618634;0.9989801994045365;1.1843785459115742e-36
1975;158;False;1983;0.9965606026136448;0.9956083533618634;0.9989801994045365;1.1475607499995253e-36
1976;158;False;1983;0.9973766740069389;0.9956083533618634;0.9989801994045365;1.1475607499995253e-36
1977;158;False;1983;0.9980737262484531;0.9956083533618634;0.9989801994045365;1.1475607499995253e-36
1978;158;False;1983;0.9986568206849018;0.9956083533618634;0.9989801994045365;1.1475607499995253e-36
1979;158;False;1983;0.9991316420645597;0.9956083533618634;0.9989801994045365;1.1737467629059066e-36
1980;158;False;1983;0.9995001364112129;0.9956083533618634;0.9989801994045365;1.1284092612512895e-36
1981;158;False;1983;0.999771949600343;0.9956083533618634;0.9989801994045365;1.1284092612512895e-36
1982;158;False;1983;0.9999409739815357;0.9956083533618634;0.9989801994045365;1.042757494374166e-36
1983;158;True;1983;0.9999999999999998;0.9956083533618634;0.9989801994045365;8.139491408620894e-37
1984;159;False;1989;0.9989664490756537;0.996961953592219;0.9992853803025412;8.454549024690169e-37
1985;159;False;1989;0.9993359358101951;0.996961953592219;0.9992853803025412;7.335383013723817e-37
1986;159;False;1989;0.9996217704798049;0.996961953592219;0.9992853803025412;6.720213995502502e-37
1987;159;False;1989;0.9998234038171637;0.996961953592219;0.9992853803025412;6.622630743647093e-37
1988;159;False;1989;0.999953030904669;0.996961953592219;0.9992853803025412;6.188608451087089e-37
1989;159;True;1989;0.9999999999999997;0.996961953592219;0.9992853803025412;5.623846179912004e-37
1990;159;False;1989;0.9999554200490239;0.996961953592219;0.9992853803025412;6.378978909518525e-37
1991;159;False;1989;0.999837703301042;0.996961953592219;0.9992853803025412;6.622630743647093e-37
1992;159;False;1989;0.9996501099777231;0.996961953592219;0.9992853803025412;7.190521125249584e-37
1993;159;False;1989;0.9994032918213889;0.996961953592219;0.9992853803025412;6.720213995502502e-37
1994;160;True;1994;0.9999999999999998;0.9977154236748618;0.999456199518602;8.454549024690169e-37
1995;160;False;1994;0.9999579018611781;0.9977154236748618;0.999456199518602;1.042757494374166e-36
1996;160;False;1994;0.9998484780388058;0.9977154236748618;0.999456199518602;1.3014608487151328e-36
1997;160;False;1994;0.9996766315019043;0.9977154236748618;0.999456199518602;1.690337336298617e-36
1998;160;False;1994;0.9994508691544574;0.9977154236748618;0.999456199518602;2.0696523340379428e-36
1999;160;False;1994;0.999171194366202;0.9977154236748618;0.999456199518602;2.6911680905662663e-36
2000;160;False;1994;0.998853566217061;0.9977154236748618;0.999456199518602;3.1073728835063514e-36
2001;160;False;1994;0.998502026707955;0.9977154236748618;0.999456199518602;4.092836471479362e-36
2002;160;False;1994;0.9981213692914163;0.9977154236748618;0.999456199518602;5.730107684036352e-36
2003;160;False;1994;0.9977154236748618;0.9977154236748618;0.999456199518602;5.7395789733024776e-36
2004;161;True;2004;1.0;0.9984840188272324;0.9996453842943703;7.039236484230766e-36
2005;161;False;2004;0.9999720227489338;0.9984840188272324;0.9996453842943703;7.06720161733048e-36
2006;161;False;2004;0.9999070322939279;0.9984840188272324;0.9996453842943703;7.512006171849333e-36
2007;161;False;2004;0.9998011871334803;0.9984840188272324;0.9996453842943703;8.370377740797425e-36
2008;161;False;2004;0.9996661482464916;0.9984840188272324;0.9996453842943703;8.898115101614316e-36
2009;161;False;2004;0.9994909707234197;0.9984840188272324;0.9996453842943703;9.733388672289564e-36
2010;161;False;2004;0.99929117052362;0.9984840188272324;0.9996453842943703;1.0472173678338928e-35
2011;161;False;2004;0.9990561363416279;0.9984840188272324;0.9996453842943703;1.0750230188774932e-35
2012;161;False;2004;0.998793814020023;0.9984840188272324;0.9996453842943703;1.1932336998390062e-35
2013;161;False;2004;0.9984840188272324;0.9984840188272324;0.9996453842943703;1.188823545287672e-35
2014;162;False;2015;0.9999749965428594;0.9985097164504343;0.9996472039155346;1.188823545287672e-35
2015;162;True;2015;0.9999999999999998;0.9985097164504343;0.9996472039155346;1.1240165039221759e-35
2016;162;False;2015;0.999974691581556;0.9985097164504343;0.9996472039155346;1.2165191039859282e-35
2017;162;False;2015;0.9999139806940118;0.9985097164504343;0.9996472039155346;1.2849829080590237e-35
2018;162;False;2015;0.9998151193158994;0.9985097164504343;0.9996472039155346;1.419469148801499e-35
2019;162;False;2015;0.9996817770920734;0.9985097164504343;0.9996472039155346;1.6056903307011954e-35
2020;162;False;2015;0.9995125269384243;0.9985097164504343;0.9996472039155346;1.8906453230214684e-35
2021;162;False;2015;0.9993126492346465;0.9985097164504343;0.9996472039155346;2.0865548501632488e-35
2022;162;False;2015;0.9990812324665675;0.9985097164504343;0.9996472039155346;2.565469407249414e-35
2023;162;False;2015;0.998815874010882;0.9985097164504343;0.9996472039155346;3.0508889275571407e-35
2024;163;True;2024;0.9999999999999999;0.9982538202194989;0.9995844948481456;3.9822564049378826e-35
2025;163;False;2024;0.9999764320513149;0.9982538202194989;0.9995844948481456;4.29439798705144e-35
2026;163;False;2024;0.9999112090843758;0.9982538202194989;0.9995844948481456;4.824071960249691e-35
2027;163;False;2024;0.9998072307588686;0.9982538202194989;0.9995844948481456;5.579867941008301e-35
2028;163;False;2024;0.9996607634049133;0.9982538202194989;0.9995844948481456;6.530042618446042e-35
2029;163;False;2024;0.9994718356652834;0.9982538202194989;0.9995844948481456;6.802343622665037e-35
2030;163;False;2024;0.9992330728680182;0.9982538202194989;0.9995844948481456;7.870070345193007e-35
2031;163;False;2024;0.9989504664075647;0.9982538202194989;0.9995844948481456;8.842673632214683e-35
2032;163;False;2024;0.9986137571160972;0.9982538202194989;0.9995844948481456;1.1234763620541663e-34
2033;163;False;2024;0.9982538202194989;0.9982538202194989;0.9995844948481456;1.5278017002204755e-34
2034;164;True;2034;0.9999999999999999;0.9980579727225593;0.9995408112100781;2.10390319369952e-34
2035;164;False;2034;0.9999708096431968;0.9980579727225593;0.9995408112100781;2.6383071819485303e-34
2036;164;False;2034;0.9998938633572021;0.9980579727225593;0.9995408112100781;3.486097703111903e-34
2037;164;False;2034;0.9997736024569099;0.9980579727225593;0.9995408112100781;4.3909365322048995e-34
2038;164;False;2034;0.9996088188911904;0.9980579727225593;0.9995408112100781;4.886189752504027e-34
2039;164;False;2034;0.9994016305404758;0.9980579727225593;0.9995408112100781;5.6418954141588495e-34
2040;164;False;2034;0.9991317920179075;0.9980579727225593;0.9995408112100781;7.674626327900199e-34
2041;164;False;2034;0.9988188157922947;0.9980579727225593;0.9995408112100781;9.124986768863373e-34
2042;164;False;2034;0.9984560264123448;0.9980579727225593;0.9995408112100781;9.530242467164578e-34
2043;164;False;2034;0.9980579727225593;0.9980579727225593;0.9995408112100781;9.357482945906636e-34
2044;165;True;2044;0.9999999999999998;0.9978848018785614;0.9994981182001464;1.1075812258420809e-33
2045;165;False;2044;0.9999697852427964;0.9978848018785614;0.9994981182001464;1.115322961528269e-33
2046;165;False;2044;0.9998900100616169;0.9978848018785614;0.9994981182001464;1.148946909348712e-33
2047;165;False;2044;0.9997582819423695;0.9978848018785614;0.9994981182001464;1.2419323715146565e-33
2048;165;False;2044;0.999572749213935;0.9978848018785614;0.9994981182001464;1.715557575887503e-33
2049;165;False;2044;0.9993349114097942;0.9978848018785614;0.9994981182001464;2.2802252218815957e-33
2050;165;False;2044;0.9990437559236309;0.9978848018785614;0.9994981182001464;2.944362014383581e-33
2051;165;False;2044;0.9987026053172697;0.9978848018785614;0.9994981182001464;3.644020549814664e-33
2052;165;False;2044;0.9983164417485789;0.9978848018785614;0.9994981182001464;4.4407436478403985e-33
2053;165;False;2044;0.9978848018785614;0.9978848018785614;0.9994981182001464;4.985515412119401e-33
2054;166;True;2054;0.9999999999999998;0.9979937893198425;0.9995277922641419;5.53438366355257e-33
2055;166;False;2054;0.9999672646786534;0.9979937893198425;0.9995277922641419;7.658592041746888e-33
2056;166;False;2054;0.9998859798547787;0.9979937893198425;0.9995277922641419;9.756166473530859e-33
2057;166;False;2054;0.9997585346727313;0.9979937893198425;0.9995277922641419;1.358676437774487e-32
2058;166;False;2054;0.999584039521637;0.9979937893198425;0.9995277922641419;2.1773712250890047e-32
2059;166;False;2054;0.9993501038742851;0.9979937893198425;0.9995277922641419;3.738846237290772e-32
2060;166;False;2054;0.9990747440357426;0.9979937893198425;0.9995277922641419;7.399052748040614e-32
2061;166;False;2054;0.9987580712073694;0.9979937893198425;0.9995277922641419;1.1499678537051571e-31
2062;166;False;2054;0.9983979944666375;0.9979937893198425;0.9995277922641419;1.7533735113452422e-31
2063;166;False;2054;0.9979937893198425;0.9979937893198425;0.9995277922641419;2.5932115011535953e-31
2064;167;True;2064;1.0;0.9979274880366926;0.9995105627180512;4.9221937269308315e-31
2065;167;False;2064;0.9999677010597451;0.9979274880366926;0.9995105627180512;8.304921740640745e-31
2066;167;False;2064;0.9998820541098234;0.9979274880366926;0.9995105627180512;1.5973736395676153e-30
2067;167;False;2064;0.9997441442059227;0.9979274880366926;0.9995105627180512;3.0963534896082082e-30
2068;167;False;2064;0.9995584817425693;0.9979274880366926;0.9995105627180512;5.377175859627986e-30
2069;167;False;2064;0.9993214509907178;0.9979274880366926;0.9995105627180512;8.108401291054297e-30
2070;167;False;2064;0.999044952180678;0.9979274880366926;0.9995105627180512;1.0722598001275449e-29
2071;167;False;2064;0.9987223620920971;0.9979274880366926;0.9995105627180512;1.3440781312513478e-29
2072;167;False;2064;0.9983473995330469;0.9979274880366926;0.9995105627180512;1.7270216842396592e-29
2073;167;False;2064;0.9979274880366926;0.9979274880366926;0.9995105627180512;1.8734983838823046e-29
2074;168;True;2074;1.0;0.9982791555958483;0.9995989624445165;2.4907075063813106e-29
2075;168;False;2074;0.9999688737286242;0.9982791555958483;0.9995989624445165;2.944047029117882e-29
2076;168;False;2074;0.9998922324039329;0.9982791555958483;0.9995989624445165;3.203080525510684e-29
2077;168;False;2074;0.9997789030550345;0.9982791555958483;0.9995989624445165;4.105548336137377e-29
2078;168;False;2074;0.9996209196209198;0.9982791555958483;0.9995989624445165;4.8582584700019167e-29
2079;168;False;2074;0.9994303693523664;0.9982791555958483;0.9995989624445165;5.268928965953039e-29
2080;168;False;2074;0.9991998775774127;0.9982791555958483;0.9995989624445165;6.992679089590827e-29
2081;168;False;2074;0.9989292640150674;0.9982791555958483;0.9995989624445165;8.077591168181448e-29
2082;168;False;2074;0.9986225723511216;0.9982791555958483;0.9995989624445165;8.529605028552618e-29
2083;168;False;2074;0.9982791555958483;0.9982791555958483;0.9995989624445165;1.04014679235597e-28
2084;169;True;2084;1.0;0.9986165186165187;0.9996727887648326;1.2698784836341334e-28
2085;169;False;2084;0.9999759602879731;0.9986165186165187;0.9996727887648326;1.682449897829446e-28
2086;169;False;2084;0.9999139250933325;0.9986165186165187;0.9996727887648326;1.9907431463055253e-28
2087;169;False;2084;0.9998144116708861;0.9986165186165187;0.9996727887648326;2.293797028715872e-28
2088;169;False;2084;0.9996890911087479;0.9986165186165187;0.9996727887648326;3.3077485505148594e-28
2089;169;False;2084;0.9995333468656403;0.9986165186165187;0.9996727887648326;4.088370641331489e-28
2090;169;False;2084;0.9993366973710189;0.9986165186165187;0.9996727887648326;4.935044043173708e-28
2091;169;False;2084;0.999124494849924;0.9986165186165187;0.9996727887648326;5.801780818025427e-28
2092;169;False;2084;0.9988800961655879;0.9986165186165187;0.9996727887648326;7.808305864130282e-28
2093;169;False;2084;0.9986165186165187;0.9986165186165187;0.9996727887648326;1.0811559555521295e-27
2094;170;True;2094;1.0;0.9988125800918313;0.9997182329413219;1.4887764392783254e-27
2095;170;False;2094;0.9999762938920507;0.9988125800918313;0.9997182329413219;1.947033274132126e-27
2096;170;False;2094;0.999924819456801;0.9988125800918313;0.9997182329413219;2.2923037570845025e-27
2097;170;False;2094;0.9998439962870539;0.9988125800918313;0.9997182329413219;3.4188840640348114e-27
2098;170;False;2094;0.9997328505284824;0.9988125800918313;0.9997182329413219;4.214580364221116e-27
2099;170;False;2094;0.9995957948532053;0.9988125800918313;0.9997182329413219;5.455406008175874e-27
2100;170;False;2094;0.9994290197722339;0.9988125800918313;0.9997182329413219;6.768551170161754e-27
2101;170;False;2094;0.9992482383746032;0.9988125800918313;0.9997182329413219;1.030926761968309e-26
2102;170;False;2094;0.9990391073698406;0.9988125800918313;0.9997182329413219;1.2686166168255816e-26
2103;170;False;2094;0.9988125800918313;0.9988125800918313;0.9997182329413219;1.5098705317197122e-26
2104;171;True;2104;0.9999999999999998;0.9991454023903321;0.9997946140099027;1.810067863439266e-26
2105;171;False;2104;0.9999831664730263;0.9991454023903321;0.9997946140099027;2.5463700671487603e-26
2106;171;False;2104;0.9999419242476968;0.9991454023903321;0.9997946140099027;3.1533309727121204e-26
2107;171;False;2104;0.9998798941076633;0.9991454023903321;0.9997946140099027;3.8885852207295564e-26
2108;171;False;2104;0.9997968047890045;0.9991454023903321;0.9997946140099027;5.658931323992178e-26
2109;171;False;2104;0.9996957800389938;0.9991454023903321;0.9997946140099027;6.452465345248417e-26
2110;171;False;2104;0.9995790674729835;0.9991454023903321;0.9997946140099027;7.971550043566429e-26
2111;171;False;2104;0.9994462559829175;0.9991454023903321;0.9997946140099027;1.0149165080795204e-25
2112;171;False;2104;0.9993027843261856;0.9991454023903321;0.9997946140099027;1.257566005387275e-25
2113;171;False;2104;0.9991454023903321;0.9991454023903321;0.9997946140099027;1.601092436855865e-25
2114;172;True;2114;0.9999999999999997;0.9993706390586266;0.9998472134883992;2.0884473731479664e-25
2115;172;False;2114;0.9999872219529002;0.9993706390586266;0.9998472134883992;2.257407669957048e-25
2116;172;False;2114;0.9999578749032729;0.9993706390586266;0.9998472134883992;2.6442351348131518e-25
2117;172;False;2114;0.9999144878396047;0.9993706390586266;0.9998472134883992;3.0131616558619514e-25
2118;172;False;2114;0.9998564339905993;0.9993706390586266;0.9998472134883992;3.2504898656115403e-25
2119;172;False;2114;0.9997811152881355;0.9993706390586266;0.9998472134883992;3.8837114419823504e-25
2120;172;False;2114;0.999694664655663;0.9993706390586266;0.9998472134883992;4.933442266517182e-25
2121;172;False;2114;0.9995961587849262;0.9993706390586266;0.9998472134883992;5.778237875929676e-25
2122;172;False;2114;0.9994904164014928;0.9993706390586266;0.9998472134883992;7.395579944430853e-25
2123;172;False;2114;0.9993706390586266;0.9993706390586266;0.9998472134883992;9.078524254438242e-25
2124;173;True;2124;1.0;0.9993934993622979;0.9998529356033258;1.139301276524318e-24
2125;173;False;2124;0.999988585011986;0.9993934993622979;0.9998529356033258;1.2591255198029651e-24
2126;173;False;2124;0.9999641662044159;0.9993934993622979;0.9998529356033258;1.5883393970101461e-24
2127;173;False;2124;0.9999235018891808;0.9993934993622979;0.9998529356033258;2.063678483391341e-24
2128;173;False;2124;0.9998698960945452;0.9993934993622979;0.9998529356033258;2.7502131959170543e-24
2129;173;False;2124;0.9998054886042408;0.9993934993622979;0.9998529356033258;3.665209346017549e-24
2130;173;False;2124;0.999725915607351;0.9993934993622979;0.9998529356033258;4.741778619855282e-24
2131;173;False;2124;0.9996262572861636;0.9993934993622979;0.9998529356033258;6.310315038135648e-24
2132;173;False;2124;0.9995138209178773;0.9993934993622979;0.9998529356033258;8.165785455047361e-24
2133;173;False;2124;0.9993934993622979;0.9993934993622979;0.9998529356033258;1.0521197337618461e-23
2134;174;True;2134;1.0;0.9993281382360946;0.9998366103077495;1.620854868706528e-23
2135;174;False;2134;0.9999877611110064;0.9993281382360946;0.9998366103077495;2.2479130773581402e-23
2136;174;False;2134;0.9999563905336138;0.9993281382360946;0.9998366103077495;3.127997033632616e-23
2137;174;False;2134;0.9999101594109396;0.9993281382360946;0.9998366103077495;4.342039413508317e-23
2138;174;False;2134;0.9998490963857581;0.9993281382360946;0.9998366103077495;6.017049334845455e-23
2139;174;False;2134;0.9997731677606876;0.9993281382360946;0.9998366103077495;9.734901323057894e-23
2140;174;False;2134;0.9996837955652307;0.9993281382360946;0.9998366103077495;1.1599397328627417e-22
2141;174;False;2134;0.9995815543397448;0.9993281382360946;0.9998366103077495;1.6893130720188736e-22
2142;174;False;2134;0.999461300178929;0.9993281382360946;0.9998366103077495;1.9640068917658285e-22
2143;174;False;2134;0.9993281382360946;0.9993281382360946;0.9998366103077495;2.523910153838845e-22
2144;175;True;2144;0.9999999999999999;0.9993487576638906;0.9998434924737577;3.1639006210324243e-22
2145;175;False;2144;0.9999859027004112;0.9993487576638906;0.9998434924737577;3.404231070037384e-22
2146;175;False;2144;0.9999560889420485;0.9993487576638906;0.9998434924737577;3.6577767463808855e-22
2147;175;False;2144;0.9999102638728226;0.9993487576638906;0.9998434924737577;4.149063871249146e-22
2148;175;False;2144;0.9998524812877391;0.9993487576638906;0.9998434924737577;4.590471881256805e-22
2149;175;False;2144;0.9997773057991468;0.9993487576638906;0.9998434924737577;4.947641459231171e-22
2150;175;False;2144;0.9996896690188427;0.9993487576638906;0.9998434924737577;5.071586761960758e-22
2151;175;False;2144;0.999594494134276;0.9993487576638906;0.9998434924737577;5.750300338756221e-22
2152;175;False;2144;0.9994782449072622;0.9993487576638906;0.9998434924737577;6.6859990976545295e-22
2153;175;False;2144;0.9993487576638906;0.9993487576638906;0.9998434924737577;7.388709662492249e-22
2154;176;True;2154;1.0;0.999406937878077;0.9998550720173186;8.570696572603928e-22
2155;176;False;2154;0.9999878318755075;0.999406937878077;0.9998550720173186;9.717332874402229e-22
2156;176;False;2154;0.9999586701614785;0.999406937878077;0.9998550720173186;1.100832440668084e-21
2157;176;False;2154;0.9999171583570957;0.999406937878077;0.9998550720173186;1.2166883981760901e-21
2158;176;False;2154;0.9998607775830863;0.999406937878077;0.9998550720173186;1.4479887685784049e-21
2159;176;False;2154;0.9997952344910224;0.999406937878077;0.9998550720173186;1.4828809822023414e-21
2160;176;False;2154;0.9997125074192158;0.999406937878077;0.9998550720173186;1.721581437161361e-21
2161;176;False;2154;0.9996235176890405;0.999406937878077;0.9998550720173186;2.0475432887091625e-21
2162;176;False;2154;0.9995192731542187;0.999406937878077;0.9998550720173186;2.7598594250841933e-21
2163;176;False;2154;0.999406937878077;0.999406937878077;0.9998550720173186;3.0433721050063168e-21
2164;177;True;2164;1.0;0.999600172143074;0.9998971400157051;3.442459856834445e-21
2165;177;False;2164;0.999989555496576;0.999600172143074;0.9998971400157051;4.348972210900725e-21
2166;177;False;2164;0.999966686768559;0.999600172143074;0.9998971400157051;5.1405301892509714e-21
2167;177;False;2164;0.9999340457998805;0.999600172143074;0.9998971400157051;6.390325722421524e-21
2168;177;False;2164;0.9998924615461281;0.999600172143074;0.9998971400157051;8.304598109546755e-21
2169;177;False;2164;0.9998450948216941;0.999600172143074;0.9998971400157051;9.135751409582176e-21
2170;177;False;2164;0.9997923516800273;0.999600172143074;0.9998971400157051;9.584651115092054e-21
2171;177;False;2164;0.9997332565819308;0.999600172143074;0.9998971400157051;1.0049113633934375e-20
2172;177;False;2164;0.9996669839415551;0.999600172143074;0.9998971400157051;1.0292820149790514e-20
2173;177;False;2164;0.999600172143074;0.999600172143074;0.9998971400157051;1.1052716889805371e-20
2174;178;True;2174;1.0;0.9995800800793001;0.9998906386675499;1.2155368096538172e-20
2175;178;False;2174;0.999991720553343;0.9995800800793001;0.9998906386675499;1.3051122787610055e-20
2176;178;False;2174;0.9999719941061598;0.9995800800793001;0.9998906386675499;1.3994948506043822e-20
2177;178;False;2174;0.9999426335775792;0.9995800800793001;0.9998906386675499;1.4324340169178722e-20
2178;178;False;2174;0.999906036536302;0.9995800800793001;0.9998906386675499;1.4997169765519038e-20
2179;178;False;2174;0.9998584153966372;0.9995800800793001;0.9998906386675499;1.6508386666413114e-20
2180;178;False;2174;0.9998019823916859;0.9995800800793001;0.9998906386675499;1.690656261013646e-20
2181;178;False;2174;0.9997362556488925;0.9995800800793001;0.9998906386675499;1.7314233278791923e-20
2182;178;False;2174;0.9996614626255816;0.9995800800793001;0.9998906386675499;1.6119486798704027e-20
2183;178;False;2174;0.9995800800793001;0.9995800800793001;0.9998906386675499;1.5359288610765616e-20
2184;179;False;2193;0.9994189560492215;0.9994189560492215;0.9998543115797407;1.4652446951796466e-20
2185;179;False;2193;0.9995224558719098;0.9994189560492215;0.9998543115797407;1.3673060591421102e-20
2186;179;False;2193;0.9996184613969324;0.9994189560492215;0.9998543115797407;1.3673060591421102e-20
2187;179;False;2193;0.9997094359028842;0.9994189560492215;0.9998543115797407;1.3994948506043822e-20
2188;179;False;2193;0.9997883248429273;0.9994189560492215;0.9998543115797407;1.4324340169178722e-20
2189;179;False;2193;0.9998558089041711;0.9994189560492215;0.9998543115797407;1.4652446951796466e-20
2190;179;False;2193;0.9999134769181572;0.9994189560492215;0.9998543115797407;1.24495374359243e-20
2191;179;False;2193;0.999957858054582;0.9994189560492215;0.9998543115797407;1.1594660745446834e-20
2192;179;False;2193;0.9999869793317531;0.9994189560492215;0.9998543115797407;1.1052716889805371e-20
2193;179;True;2193;1.0;0.9994189560492215;0.9998543115797407;1.0542370618247875e-20
2194;180;False;2203;0.9994351914476722;0.9994351914476722;0.9998581324883976;9.357539231456412e-21
2195;180;False;2203;0.9995403879335235;0.9994351914476722;0.9998581324883976;8.713089166115396e-21
2196;180;False;2203;0.9996357009773549;0.9994351914476722;0.9998581324883976;7.920012249491431e-21
2197;180;False;2203;0.9997249350135468;0.9994351914476722;0.9998581324883976;7.731961840982534e-21
2198;180;False;2203;0.9998034768705595;0.9994351914476722;0.9998581324883976;7.189397683785764e-21
2199;180;False;2203;0.9998659046396957;0.9994351914476722;0.9998581324883976;7.189397683785764e-21
2200;180;False;2203;0.9999194902159021;0.9994351914476722;0.9998581324883976;7.189397683785764e-21
2201;180;False;2203;0.9999602539384129;0.9994351914476722;0.9998581324883976;6.860265208292467e-21
2202;180;False;2203;0.9999874746832624;0.9994351914476722;0.9998581324883976;6.860265208292467e-21
2203;180;True;2203;0.9999999999999999;0.9994351914476722;0.9998581324883976;6.390325722421524e-21
2204;181;False;2213;0.9994672999977213;0.9994672999977213;0.999864090372671;6.242188810378421e-21
2205;181;False;2213;0.9995726531763977;0.9994672999977213;0.999864090372671;5.799512235087266e-21
2206;181;False;2213;0.9996640573239639;0.9994672999977213;0.999864090372671;5.664933522584604e-21
2207;181;False;2213;0.9997452747530752;0.9994672999977213;0.999864090372671;5.1405301892509714e-21
2208;181;False;2213;0.9998140881760232;0.9994672999977213;0.999864090372671;4.552817442446055e-21
2209;181;False;2213;0.9998759835265301;0.9994672999977213;0.999864090372671;4.4469038119115296e-21
2210;181;False;2213;0.999925262577369;0.9994672999977213;0.999864090372671;4.4469038119115296e-21
2211;181;False;2213;0.999962661616328;0.9994672999977213;0.999864090372671;4.4469038119115296e-21
2212;181;False;2213;0.9999887585535012;0.9994672999977213;0.999864090372671;4.154203727498241e-21
2213;181;True;2213;1.0;0.9994672999977213;0.999864090372671;4.06009711176364e-21
2214;182;False;2219;0.999818751893635;0.9995690778842107;0.9998830122012649;4.06009711176364e-21
2215;182;False;2219;0.9998795251213346;0.9995690778842107;0.9998830122012649;4.154203727498241e-21
2216;182;False;2219;0.9999258674453684;0.9995690778842107;0.9998830122012649;4.348972210900725e-21
2217;182;False;2219;0.9999633406185666;0.9995690778842107;0.9998830122012649;4.06009711176364e-21
2218;182;False;2219;0.9999888714397297;0.9995690778842107;0.9998830122012649;3.9757759070461335e-21
2219;182;True;2219;0.9999999999999997;0.9995690778842107;0.9998830122012649;3.70440186405839e-21
2220;182;False;2219;0.9999894476649553;0.9995690778842107;0.9998830122012649;3.880695382187093e-21
2221;182;False;2219;0.9999676134465528;0.9995690778842107;0.9998830122012649;4.06009711176364e-21
2222;182;False;2219;0.9999379749145743;0.9995690778842107;0.9998830122012649;4.247764662676385e-21
2223;182;False;2219;0.9999033626490726;0.9995690778842107;0.9998830122012649;4.247764662676385e-21
2224;183;False;2227;0.9999620786516262;0.9998200189151827;0.9999442647929391;4.06009711176364e-21
2225;183;False;2227;0.9999806661273124;0.9998200189151827;0.9999442647929391;3.880695382187093e-21
2226;183;False;2227;0.9999936851106898;0.9998200189151827;0.9999442647929391;3.792755712628455e-21
2227;183;True;2227;1.0;0.9998200189151827;0.9999442647929391;3.615747858990667e-21
2228;183;False;2227;0.9999939462653974;0.9998200189151827;0.9999442647929391;3.880695382187093e-21
2229;183;False;2227;0.9999811732729051;0.9998200189151827;0.9999442647929391;4.247764662676385e-21
2230;183;False;2227;0.9999644694808503;0.9998200189151827;0.9999442647929391;4.4469038119115296e-21
2231;183;False;2227;0.9999430649040635;0.9998200189151827;0.9999442647929391;4.664189579290583e-21
2232;183;False;2227;0.9999198760509213;0.9998200189151827;0.9999442647929391;5.1405301892509714e-21
2233;183;False;2227;0.9998928507508851;0.9998200189151827;0.9999442647929391;5.664933522584604e-21
2234;184;True;2234;0.9999999999999999;0.9995567311635954;0.9998811333101506;6.537827870125448e-21
2235;184;False;2234;0.9999929993689745;0.9995567311635954;0.9998811333101506;7.548329021273252e-21
2236;184;False;2234;0.9999747690855335;0.9995567311635954;0.9998811333101506;8.713089166115396e-21
2237;184;False;2234;0.9999477690585336;0.9995567311635954;0.9998811333101506;1.0049113633934375e-20
2238;184;False;2234;0.999910280721513;0.9995567311635954;0.9998811333101506;1.1320481834134273e-20
2239;184;False;2234;0.9998648280083541;0.9995567311635954;0.9998811333101506;1.275074564890696e-20
2240;184;False;2234;0.9998132659599119;0.9995567311635954;0.9998811333101506;1.3051122787610055e-20
2241;184;False;2234;0.999745168606323;0.9995567311635954;0.9998811333101506;1.3366722739962031e-20
2242;184;False;2234;0.9996606623127682;0.9995567311635954;0.9998811333101506;1.4997169765519038e-20
2243;184;False;2234;0.9995567311635954;0.9995567311635954;0.9998811333101506;1.9526720671783636e-20
2244;185;True;2244;0.9999999999999999;0.998573177044316;0.999653213955866;2.4853895728908252e-20
2245;185;False;2244;0.9999810839748435;0.998573177044316;0.999653213955866;3.085549191219069e-20
2246;185;False;2244;0.9999324013676588;0.998573177044316;0.999653213955866;5.3505617402818754e-20
2247;185;False;2244;0.9998514316143023;0.998573177044316;0.999653213955866;7.290589016317241e-20
2248;185;False;2244;0.9997326567685385;0.998573177044316;0.999653213955866;1.090032608291793e-19
2249;185;False;2244;0.999586664547663;0.998573177044316;0.999653213955866;1.3800066550945108e-19
2250;185;False;2244;0.9994012666087553;0.998573177044316;0.999653213955866;1.9981777654235384e-19
2251;185;False;2244;0.9991684834118533;0.998573177044316;0.999653213955866;2.7697113622103623e-19
2252;185;False;2244;0.9988941075368533;0.998573177044316;0.999653213955866;3.258365394738202e-19
2253;185;False;2244;0.998573177044316;0.998573177044316;0.999653213955866;3.836470194387807e-19
2254;186;True;2254;0.9999999999999999;0.9983086239560499;0.9995919021316837;4.305693842564008e-19
2255;186;False;2254;0.9999688703588862;0.9983086239560499;0.9995919021316837;4.949221945456303e-19
2256;186;False;2254;0.999887634396215;0.9983086239560499;0.9995919021316837;5.684295782664469e-19
2257;186;False;2254;0.999759884252864;0.9983086239560499;0.9995919021316837;6.3759992311408535e-19
2258;186;False;2254;0.9995931394995361;0.9983086239560499;0.9995919021316837;6.83183907546828e-19
2259;186;False;2254;0.9993873984513609;0.9983086239560499;0.9995919021316837;7.828738427026814e-19
2260;186;False;2254;0.9991595064293972;0.9983086239560499;0.9995919021316837;8.382175563654137e-19
2261;186;False;2254;0.9989079504212108;0.9983086239560499;0.9995919021316837;9.191113427290073e-19
2262;186;False;2254;0.9986161310966303;0.9983086239560499;0.9995919021316837;9.83953169493093e-19
2263;186;False;2254;0.9983086239560499;0.9983086239560499;0.9995919021316837;1.0279112079688163e-18
2264;187;False;2273;0.9988556133329924;0.9988556133329924;0.9997178796804381;9.83953169493093e-19
2265;187;False;2273;0.9990938386570211;0.9988556133329924;0.9997178796804381;9.83953169493093e-19
2266;187;False;2273;0.9993038222055383;0.9988556133329924;0.9997178796804381;1.005407689918096e-18
2267;187;False;2273;0.9994796096512162;0.9988556133329924;0.9997178796804381;1.0279112079688163e-18
2268;187;False;2273;0.9996236912305555;0.9988556133329924;0.9997178796804381;1.005407689918096e-18
2269;187;False;2273;0.9997527404079668;0.9988556133329924;0.9997178796804381;1.005407689918096e-18
2270;187;False;2273;0.9998558240679927;0.9988556133329924;0.9997178796804381;8.984498728352373e-19
2271;187;False;2273;0.9999330972185886;0.9988556133329924;0.9997178796804381;8.193532527353662e-19
2272;187;False;2273;0.99998043193051;0.9988556133329924;0.9997178796804381;7.656800539094563e-19
2273;187;True;2273;0.9999999999999999;0.9988556133329924;0.9997178796804381;7.48429498376052e-19
2274;188;False;2283;0.9994586330311761;0.9994586330311761;0.9998516303539705;7.154836588062816e-19
2275;188;False;2283;0.9995824894420837;0.9994586330311761;0.9998516303539705;7.315629572877451e-19
2276;188;False;2283;0.9996927203167454;0.9994586330311761;0.9998516303539705;6.83183907546828e-19
2277;188;False;2283;0.9997841783801225;0.9994586330311761;0.9998516303539705;5.950225183852361e-19
2278;188;False;2283;0.999853758418501;0.9994586330311761;0.9998516303539705;5.815759120151597e-19
2279;188;False;2283;0.9999077635271084;0.9994586330311761;0.9998516303539705;5.304195698580279e-19
2280;188;False;2283;0.9999484413212962;0.9994586330311761;0.9998516303539705;4.837128727569909e-19
2281;188;False;2283;0.9999751229080402;0.9994586330311761;0.9998516303539705;4.510442782341408e-19
2282;188;False;2283;0.9999931021459885;0.9994586330311761;0.9998516303539705;4.11251934238736e-19
2283;188;True;2283;0.9999999999999999;0.9994586330311761;0.9998516303539705;3.836470194387807e-19
2284;189;False;2292;0.9997052877552098;0.9996270997207033;0.9998925593434175;3.4138488802993103e-19
2285;189;False;2292;0.9997394366817144;0.9996270997207033;0.9998925593434175;3.0372807941551805e-19
2286;189;False;2292;0.9997810108262529;0.9996270997207033;0.9998925593434175;2.7697113622103623e-19
2287;189;False;2292;0.999827137487044;0.9996270997207033;0.9998925593434175;2.5225023156299673e-19
2288;189;False;2292;0.9998762851180951;0.9996270997207033;0.9998925593434175;2.4086144889470265e-19
2289;189;False;2292;0.9999219720280565;0.9996270997207033;0.9998925593434175;2.1932898796937913e-19
2290;189;False;2292;0.9999595951546032;0.9996270997207033;0.9998925593434175;2.0449846835851711e-19
2291;189;False;2292;0.9999870821087672;0.9996270997207033;0.9998925593434175;2.0928748079771321e-19
2292;189;True;2292;1.0;0.9996270997207033;0.9998925593434175;1.9099642703381145e-19
2293;189;False;2292;0.9999877813294352;0.9996270997207033;0.9998925593434175;1.9981777654235384e-19
2294;190;False;2303;0.999706032467343;0.999706032467343;0.999913996307132;1.9535783345185617e-19
2295;190;False;2303;0.9997630147396139;0.999706032467343;0.999913996307132;1.9535783345185617e-19
2296;190;False;2303;0.9998107538201143;0.999706032467343;0.999913996307132;1.780611744750077e-19
2297;190;False;2303;0.9998506515199186;0.999706032467343;0.999913996307132;1.7397905601120653e-19
2298;190;False;2303;0.9998841770448637;0.999706032467343;0.999913996307132;1.6998944702084885e-19
2299;190;False;2303;0.9999167640977313;0.999706032467343;0.999913996307132;1.5464084734246341e-19
2300;190;False;2303;0.9999449249995276;0.999706032467343;0.999913996307132;1.476192848555601e-19
2301;190;False;2303;0.9999713066795752;0.999706032467343;0.999913996307132;1.4422761365703071e-19
2302;190;False;2303;0.999990194061957;0.999706032467343;0.999913996307132;1.3164843792958838e-19
2303;190;True;2303;0.9999999999999998;0.999706032467343;0.999913996307132;1.1427485945534562e-19
2304;191;False;2313;0.9991890489238386;0.9991890489238386;0.9997850079722156;1.0655353993380662e-19
2305;191;False;2313;0.9992902809127461;0.9991890489238386;0.9997850079722156;8.405300740603667e-20
2306;191;False;2313;0.9994068452102775;0.9991890489238386;0.9997850079722156;6.326007176465963e-20
2307;191;False;2313;0.9995182369597346;0.9991890489238386;0.9997850079722156;3.9247693042440436e-20
2308;191;False;2313;0.999630563811531;0.9991890489238386;0.9997850079722156;2.6061382525223712e-20
2309;191;False;2313;0.9997406211446772;0.9991890489238386;0.9997850079722156;1.773162241213894e-20
2310;191;False;2313;0.9998388085751583;0.9991890489238386;0.9997850079722156;1.2155368096538172e-20
2311;191;False;2313;0.9999233148687129;0.9991890489238386;0.9997850079722156;8.107514926617812e-21
2312;191;False;2313;0.9999771447509357;0.9991890489238386;0.9997850079722156;5.799512235087266e-21
2313;191;True;2313;1.0;0.9991890489238386;0.9997850079722156;3.792755712628455e-21
2314;192;False;2323;0.9986476432030258;0.9986476432030258;0.9996553948878443;2.1512101909706795e-21
2315;192;False;2323;0.9989133369476583;0.9986476432030258;0.9996553948878443;1.3112081314411125e-21
2316;192;False;2323;0.999166193674774;0.9986476432030258;0.9996553948878443;7.028670171059373e-22
2317;192;False;2323;0.9993853715538586;0.9986476432030258;0.9996553948878443;3.241359599897889e-22
2318;192;False;2323;0.9995727525836731;0.9986476432030258;0.9996553948878443;2.0123198996022892e-22
2319;192;False;2323;0.9997259122376128;0.9986476432030258;0.9996553948878443;1.1878062266865333e-22
2320;192;False;2323;0.9998383216479942;0.9986476432030258;0.9996553948878443;8.577851876872366e-23
2321;192;False;2323;0.9999237293465063;0.9986476432030258;0.9996553948878443;5.585351228019915e-23
2322;192;False;2323;0.9999782196974086;0.9986476432030258;0.9996553948878443;3.7289500232347576e-23
2323;192;True;2323;1.0;0.9986476432030258;0.9996553948878443;2.685058626728359e-23
2324;193;False;2333;0.9989656453931025;0.9989656453931025;0.9997347853946918;1.7526721675994706e-23
2325;193;False;2333;0.9991585393145455;0.9989656453931025;0.9997347853946918;1.2890452438069045e-23
2326;193;False;2333;0.999336719274317;0.9989656453931025;0.9997347853946918;8.590733915770708e-24
2327;193;False;2333;0.9995012821221873;0.9989656453931025;0.9997347853946918;5.404498882065691e-24
2328;193;False;2333;0.999638228280974;0.9989656453931025;0.9997347853946918;3.571361547600599e-24
2329;193;False;2333;0.9997555305511625;0.9989656453931025;0.9997347853946918;2.4165976497016118e-24
2330;193;False;2333;0.9998525891193598;0.9989656453931025;0.9997347853946918;1.9083693097511176e-24
2331;193;False;2333;0.999929429258603;0.9989656453931025;0.9997347853946918;1.398090697466366e-24
2332;193;False;2333;0.9999804740522373;0.9989656453931025;0.9997347853946918;9.504146819612298e-25
2333;193;True;2333;0.9999999999999998;0.9989656453931025;0.9997347853946918;5.778237875929676e-25
2334;194;False;2343;0.9989931070742304;0.9989931070742304;0.9997408475161986;3.503345813560249e-25
2335;194;False;2343;0.9991790020495167;0.9989931070742304;0.9997408475161986;2.575091653950066e-25
2336;194;False;2343;0.9993445404365843;0.9989931070742304;0.9997408475161986;1.6885665122256303e-25
2337;194;False;2343;0.999488111500592;0.9989931070742304;0.9997408475161986;1.2256140224823582e-25
2338;194;False;2343;0.9996176492900365;0.9989931070742304;0.9997408475161986;8.417535116118466e-26
2339;194;False;2343;0.9997338985170497;0.9989931070742304;0.9997408475161986;6.452465345248417e-26
2340;194;False;2343;0.9998310008918432;0.9989931070742304;0.9997408475161986;4.689372348199841e-26
2341;194;False;2343;0.9999131230956505;0.9989931070742304;0.9997408475161986;3.41209395030867e-26
2342;194;False;2343;0.9999740041549715;0.9989931070742304;0.9997408475161986;2.2970683083141344e-26
2343;194;True;2343;0.9999999999999999;0.9989931070742304;0.9997408475161986;1.7181910247562388e-26
2344;195;False;2353;0.9984059032420969;0.9984059032420969;0.9995924230932033;1.3309057525643548e-26
2345;195;False;2353;0.9986628491464686;0.9984059032420969;0.9995924230932033;9.308181967461856e-27
2346;195;False;2353;0.9989039421176708;0.9984059032420969;0.9995924230932033;7.924965884971702e-27
2347;195;False;2353;0.9991266127303569;0.9984059032420969;0.9995924230932033;6.076841994617854e-27
2348;195;False;2353;0.9993440939462779;0.9984059032420969;0.9995924230932033;5.183313760504205e-27
2349;195;False;2353;0.9995421115545919;0.9984059032420969;0.9995924230932033;4.4408471579840716e-27
2350;195;False;2353;0.9997239274618368;0.9984059032420969;0.9995924230932033;4.101084860525596e-27
2351;195;False;2353;0.9998661742187482;0.9984059032420969;0.9995924230932033;3.693698115485659e-27
2352;195;False;2353;0.999962619494601;0.9984059032420969;0.9995924230932033;3.082823293741161e-27
2353;195;True;2353;0.9999999999999996;0.9984059032420969;0.9995924230932033;2.2923037570845025e-27
2354;196;False;2363;0.9983327209536259;0.9983327209536259;0.9995788605710603;1.845339146161501e-27
2355;196;False;2363;0.9986796085392029;0.9983327209536259;0.9995788605710603;1.5728390879614411e-27
2356;196;False;2363;0.9989706140720183;0.9983327209536259;0.9995788605710603;1.3008689588015252e-27
2357;196;False;2363;0.9992212467719487;0.9983327209536259;0.9995788605710603;1.1099144307973112e-27
2358;196;False;2363;0.9994286743740721;0.9983327209536259;0.9995788605710603;1.025854299408378e-27
2359;196;False;2363;0.9996143907532365;0.9983327209536259;0.9995788605710603;8.938987010700144e-28
2360;196;False;2363;0.9997695115947849;0.9983327209536259;0.9995788605710603;8.240282575249019e-28
2361;196;False;2363;0.9998876209172622;0.9983327209536259;0.9995788605710603;7.2163358377345165e-28
2362;196;False;2363;0.9999675342577058;0.9983327209536259;0.9995788605710603;6.123153789799617e-28
2363;196;True;2363;0.9999999999999998;0.9983327209536259;0.9995788605710603;5.504504720552211e-28
2364;197;False;2373;0.9986708152074767;0.9986708152074767;0.9996481024749356;4.800481484177793e-28
2365;197;False;2373;0.9989157783229546;0.9986708152074767;0.9996481024749356;4.191720454037901e-28
2366;197;False;2373;0.9991302907995577;0.9986708152074767;0.9996481024749356;3.77803874243022e-28
2367;197;False;2373;0.9993232386368113;0.9986708152074767;0.9996481024749356;3.1251477534911838e-28
2368;197;False;2373;0.9995049820946859;0.9986708152074767;0.9996481024749356;2.6389091246155582e-28
2369;197;False;2373;0.9996574627463863;0.9986708152074767;0.9996481024749356;2.1668310143405576e-28
2370;197;False;2373;0.9997945251611401;0.9986708152074767;0.9996481024749356;1.8314525098291262e-28
2371;197;False;2373;0.9999009010553472;0.9986708152074767;0.9996481024749356;1.545489061834406e-28
2372;197;False;2373;0.9999716335441764;0.9986708152074767;0.9996481024749356;1.2698784836341334e-28
2373;197;True;2373;0.9999999999999997;0.9986708152074767;0.9996481024749356;9.288840932075887e-29
2374;198;False;2383;0.9986653124250631;0.9986653124250631;0.9996322565058915;8.294497475188365e-29
2375;198;False;2383;0.9988955464150474;0.9986653124250631;0.9996322565058915;6.242739582576599e-29
2376;198;False;2383;0.9991035772003015;0.9986653124250631;0.9996322565058915;4.8582584700019167e-29
2377;198;False;2383;0.9992891015043903;0.9986653124250631;0.9996322565058915;4.4728592064405864e-29
2378;198;False;2383;0.9994662890762738;0.9986653124250631;0.9996322565058915;4.222414939108496e-29
2379;198;False;2383;0.9996353960160514;0.9986653124250631;0.9996322565058915;3.5731575094788924e-29
2380;198;False;2383;0.9997751171542126;0.9986653124250631;0.9996322565058915;3.203080525510684e-29
2381;198;False;2383;0.9998908895632765;0.9986653124250631;0.9996322565058915;2.8668367625157886e-29
2382;198;False;2383;0.999968553603499;0.9986653124250631;0.9996322565058915;2.5617839785838805e-29
2383;198;True;2383;0.9999999999999998;0.9986653124250631;0.9996322565058915;2.222009779270464e-29
2384;199;False;2393;0.9987118148116588;0.9987118148116588;0.9996298177515026;1.8214243120898005e-29
2385;199;False;2393;0.9989249642291764;0.9987118148116588;0.9996298177515026;1.5869232241402218e-29
2386;199;False;2393;0.9991159222360471;0.9987118148116588;0.9996298177515026;1.4558022318990818e-29
2387;199;False;2393;0.9992887561062289;0.9987118148116588;0.9996298177515026;1.308785390225705e-29
2388;199;False;2393;0.999455564884582;0.9987118148116588;0.9996298177515026;9.607913649966236e-30
2389;199;False;2393;0.9996137740911532;0.9987118148116588;0.9996298177515026;7.240557042432382e-30
2390;199;False;2393;0.999759270960519;0.9987118148116588;0.9996298177515026;5.4825118113053285e-30
2391;199;False;2393;0.9998812015660692;0.9987118148116588;0.9996298177515026;4.657309317659856e-30
2392;199;False;2393;0.9999647053625214;0.9987118148116588;0.9996298177515026;3.725088871286131e-30
2393;199;True;2393;0.9999999999999998;0.9987118148116588;0.9996298177515026;2.6495612510052782e-30
2394;200;False;2403;0.9984468893673264;0.9984468893673264;0.9995441865644673;1.9488523512011084e-30
2395;200;False;2403;0.9986810154048846;0.9984468893673264;0.9995441865644673;1.693664709136656e-30
2396;200;False;2403;0.9989135761990676;0.9984468893673264;0.9995441865644673;1.2790117233915722e-30
2397;200;False;2403;0.9991331870895055;0.9984468893673264;0.9995441865644673;1.080200390915064e-30
2398;200;False;2403;0.999337529696344;0.9984468893673264;0.9995441865644673;7.320965625999653e-31
2399;200;False;2403;0.9995383593511518;0.9984468893673264;0.9995441865644673;6.182491947405591e-31
2400;200;False;2403;0.9997112825193948;0.9984468893673264;0.9995441865644673;5.052867043796916e-31
2401;200;False;2403;0.9998550018518817;0.9984468893673264;0.9995441865644673;4.190954913540897e-31
2402;200;False;2403;0.9999559204551403;0.9984468893673264;0.9995441865644673;3.2703592056683442e-31
2403;200;True;2403;0.9999999999999999;0.9984468893673264;0.9995441865644673;2.7272138598719163e-31
2404;201;False;2413;0.9978418292926872;0.9978418292926872;0.9993731479784524;2.3656798398428987e-31
2405;201;False;2413;0.998139766376896;0.9978418292926872;0.9993731479784524;2.3108928717237263e-31
2406;201;False;2413;0.9984340135978204;0.9978418292926872;0.9993731479784524;2.020581374458056e-31
2407;201;False;2413;0.9987277991646165;0.9978418292926872;0.9993731479784524;2.020581374458056e-31
2408;201;False;2413;0.9990197886609744;0.9978418292926872;0.9993731479784524;1.718828500467757e-31
2409;201;False;2413;0.9992961055051539;0.9978418292926872;0.9993731479784524;1.5128877728311292e-31
2410;201;False;2413;0.9995532401148627;0.9978418292926872;0.9993731479784524;1.2630041177689268e-31
2411;201;False;2413;0.9997819425588538;0.9978418292926872;0.9993731479784524;1.1483018852278176e-31
2412;201;False;2413;0.9999357407781746;0.9978418292926872;0.9993731479784524;1.0855583790444104e-31
2413;201;True;2413;0.9999999999999999;0.9978418292926872;0.9993731479784524;1.0680900943429838e-31
2414;202;False;2423;0.9973241296798239;0.9973241296798239;0.9992298547680765;9.908344927757932e-32
2415;202;False;2423;0.9977356842255439;0.9973241296798239;0.9992298547680765;9.908344927757932e-32
2416;202;False;2423;0.9981286344468872;0.9973241296798239;0.9992298547680765;9.908344927757932e-32
2417;202;False;2423;0.998495571974511;0.9973241296798239;0.9992298547680765;9.579734012694103e-32
2418;202;False;2423;0.9988472766007866;0.9973241296798239;0.9992298547680765;9.579734012694103e-32
2419;202;False;2423;0.9991853405269941;0.9973241296798239;0.9992298547680765;9.407927052763001e-32
2420;202;False;2423;0.9994879480682914;0.9973241296798239;0.9992298547680765;9.407927052763001e-32
2421;202;False;2423;0.9997419926281081;0.9973241296798239;0.9992298547680765;9.407927052763001e-32
2422;202;False;2423;0.9999212407948757;0.9973241296798239;0.9992298547680765;9.078013407099443e-32
2423;202;True;2423;0.9999999999999997;0.9973241296798239;0.9992298547680765;8.826624916489856e-32
2424;203;False;2429;0.9985089869021226;0.9963789299202714;0.9989293524519733;8.530953279212659e-32
2425;203;False;2429;0.998918580260234;0.9963789299202714;0.9989293524519733;8.389312367478559e-32
2426;203;False;2429;0.9993062231439767;0.9963789299202714;0.9989293524519733;8.389312367478559e-32
2427;203;False;2429;0.9996562294222199;0.9963789299202714;0.9989293524519733;8.389312367478559e-32
2428;203;False;2429;0.9999002843932641;0.9963789299202714;0.9989293524519733;8.389312367478559e-32
2429;203;True;2429;0.9999999999999999;0.9963789299202714;0.9989293524519733;8.389312367478559e-32
2430;203;False;2429;0.999906208392948;0.9963789299202714;0.9989293524519733;8.389312367478559e-32
2431;203;False;2429;0.9996666857197278;0.9963789299202714;0.9989293524519733;8.389312367478559e-32
2432;203;False;2429;0.9993185327974721;0.9963789299202714;0.9989293524519733;8.389312367478559e-32
2433;203;False;2429;0.9988843201323703;0.9963789299202714;0.9989293524519733;8.389312367478559e-32
2434;204;False;2439;0.9978543006936146;0.9943280044996117;0.9983678851447966;8.389312367478559e-32
2435;204;False;2439;0.9984670639896851;0.9943280044996117;0.9983678851447966;8.389312367478559e-32
2436;204;False;2439;0.9990333585965413;0.9943280044996117;0.9983678851447966;8.389312367478559e-32
2437;204;False;2439;0.9995304640546447;0.9943280044996117;0.9983678851447966;8.389312367478559e-32
2438;204;False;2439;0.9998645921266829;0.9943280044996117;0.9983678851447966;8.389312367478559e-32
2439;204;True;2439;1.0;0.9943280044996117;0.9983678851447966;8.389312367478559e-32
2440;204;False;2439;0.9998582671281582;0.9943280044996117;0.9983678851447966;8.389312367478559e-32
2441;204;False;2439;0.9994763982907509;0.9943280044996117;0.9983678851447966;8.389312367478559e-32
2442;204;False;2439;0.9988766910451776;0.9943280044996117;0.9983678851447966;8.389312367478559e-32
2443;204;False;2439;0.9981325551372355;0.9943280044996117;0.9983678851447966;8.389312367478559e-32
2444;205;False;2447;0.9990923509176243;0.9956283881400887;0.9987968936397732;8.389312367478559e-32
2445;205;False;2447;0.9996057996058;0.9956283881400887;0.9987968936397732;8.389312367478559e-32
2446;205;False;2447;0.999882997636508;0.9956283881400887;0.9987968936397732;8.389312367478559e-32
2447;205;True;2447;0.9999999999999998;0.9956283881400887;0.9987968936397732;8.389312367478559e-32
2448;205;False;2447;0.9998481932959313;0.9956283881400887;0.9987968936397732;8.389312367478559e-32
2449;205;False;2447;0.9993429027438392;0.9956283881400887;0.9987968936397732;8.389312367478559e-32
2450;205;False;2447;0.9983201720487215;0.9956283881400887;0.9987968936397732;8.389312367478559e-32
