dia;comprimento_onda_nm;loading_pc1;loading_pc2;delta_r_irr_minus_nir;abs_loading_pc1;abs_loading_pc2;abs_delta_r;rank_abs_loading_pc1;rank_abs_loading_pc2;rank_abs_delta_r;distancia_nm_ao_top20_delta
D09M;350;0.01722892526325214;0.006984335797500228;0.042752563116666684;0.01722892526325214;0.006984335797500228;0.042752563116666684;1611;1529;105;1
D09M;351;0.01699628029956132;0.013890465538333676;0.043473066834166685;0.01699628029956132;0.013890465538333676;0.043473066834166685;1621;1369;6;0
D09M;352;0.020642967988631362;0.017341003711419847;0.04595465305708335;0.020642967988631362;0.017341003711419847;0.04595465305708335;1468;1312;1;0
D09M;353;0.021016274254218505;0.011568173469888348;0.04534053318916666;0.021016274254218505;0.011568173469888348;0.04534053318916666;1445;1431;2;0
D09M;354;0.019289307379581972;0.012260688756660493;0.04448365913541667;0.019289307379581972;0.012260688756660493;0.04448365913541667;1539;1413;3;0
D09M;355;0.01849804051833901;0.015610888198668791;0.043931127159166666;0.01849804051833901;0.015610888198668791;0.043931127159166666;1569;1338;4;0
D09M;356;0.019665418747651653;0.015967597342540517;0.04359603726916665;0.019665418747651653;0.015967597342540517;0.04359603726916665;1522;1331;5;0
D09M;357;0.01775800856920226;0.013127367722256787;0.042887582545833317;0.01775800856920226;0.013127367722256787;0.042887582545833317;1596;1393;89;1
D09M;358;0.016216383700391915;0.013538727375690719;0.04303456572583332;0.016216383700391915;0.013538727375690719;0.04303456572583332;1649;1379;73;1
D09M;359;0.016678071043988482;0.01444169453433229;0.043469236065;0.016678071043988482;0.01444169453433229;0.043469236065;1633;1358;7;0
D09M;360;0.019066968354183603;0.012292485875608574;0.043294449782916675;0.019066968354183603;0.012292485875608574;0.043294449782916675;1548;1412;45;1
D09M;361;0.01880920723149106;0.013556993559476012;0.043282749821249994;0.01880920723149106;0.013556993559476012;0.043282749821249994;1557;1378;47;2
D09M;362;0.018424836409609686;0.013281495583761124;0.04282419702625;0.018424836409609686;0.013281495583761124;0.04282419702625;1574;1388;97;3
D09M;363;0.01806506490198175;0.012131790390741706;0.04213026345208333;0.01806506490198175;0.012131790390741706;0.04213026345208333;1585;1417;266;4
D09M;364;0.016357000774780753;0.0140300876771171;0.041948589743333334;0.016357000774780753;0.0140300876771171;0.041948589743333334;1644;1366;361;5
D09M;365;0.016119745420569428;0.014754645314680013;0.04135347772333334;0.016119745420569428;0.014754645314680013;0.04135347772333334;1652;1353;509;6
D09M;366;0.01680770255449551;0.013774290056667202;0.04106376220541666;0.01680770255449551;0.013774290056667202;0.04106376220541666;1628;1372;619;7
D09M;367;0.01738362706793441;0.011996487935952743;0.041072307110833345;0.01738362706793441;0.011996487935952743;0.041072307110833345;1606;1422;613;8
D09M;368;0.016837940320462826;0.011243348520680362;0.040123617929999994;0.016837940320462826;0.011243348520680362;0.040123617929999994;1627;1439;843;9
D09M;369;0.016702365824761655;0.013400099374235586;0.039450497761666675;0.016702365824761655;0.013400099374235586;0.039450497761666675;1632;1384;932;10
D09M;370;0.016993836918595778;0.01475563930669107;0.03888004477833333;0.016993836918595778;0.01475563930669107;0.03888004477833333;1622;1352;980;11
D09M;371;0.017207398526445216;0.01289484861119336;0.038159826645833325;0.017207398526445216;0.01289484861119336;0.038159826645833325;1613;1397;1013;12
D09M;372;0.016451182356815464;0.012850351700125856;0.037921035892499996;0.016451182356815464;0.012850351700125856;0.037921035892499996;1640;1398;1025;13
D09M;373;0.015822295834903556;0.011897896873824735;0.03799388548874999;0.015822295834903556;0.011897896873824735;0.03799388548874999;1658;1424;1021;14
D09M;374;0.015433312708722655;0.010815724472826665;0.03774939448791667;0.015433312708722655;0.010815724472826665;0.03774939448791667;1670;1448;1033;15
D09M;375;0.014987624570387704;0.01152627308513048;0.03667839136458334;0.014987624570387704;0.01152627308513048;0.03667839136458334;1683;1432;1083;16
D09M;376;0.015032627380787875;0.01216875506966112;0.03619484015208334;0.015032627380787875;0.01216875506966112;0.03619484015208334;1681;1415;1099;17
D09M;377;0.015391107768632784;0.014155108689499499;0.035865546937500006;0.015391107768632784;0.014155108689499499;0.035865546937500006;1672;1364;1106;18
D09M;378;0.015575612330221535;0.015838719354416057;0.035437012048749994;0.015575612330221535;0.015838719354416057;0.035437012048749994;1665;1335;1158;19
D09M;379;0.01497594584448736;0.012843014866163422;0.03504282875416667;0.01497594584448736;0.012843014866163422;0.03504282875416667;1684;1400;1196;20
D09M;380;0.014920986834755342;0.011968375039060548;0.035242635150833326;0.014920986834755342;0.011968375039060548;0.035242635150833326;1687;1423;1178;21
D09M;381;0.014914988798067826;0.01202832711167282;0.0352152457275;0.014914988798067826;0.01202832711167282;0.0352152457275;1688;1419;1182;22
D09M;382;0.014508015444571885;0.011385496693906818;0.03448957687166666;0.014508015444571885;0.011385496693906818;0.03448957687166666;1700;1437;1231;23
D09M;383;0.014077365025118103;0.011059364843267767;0.03381878298333334;0.014077365025118103;0.011059364843267767;0.03381878298333334;1710;1442;1301;24
D09M;384;0.013824087532743333;0.010824709910702578;0.03328066254916667;0.013824087532743333;0.010824709910702578;0.03328066254916667;1720;1447;1350;25
D09M;385;0.013830414909568912;0.010636586340557976;0.03298700788125;0.013830414909568912;0.010636586340557976;0.03298700788125;1719;1452;1363;26
D09M;386;0.014016789293938537;0.010354245642199066;0.03288847299333332;0.014016789293938537;0.010354245642199066;0.03288847299333332;1712;1459;1369;27
D09M;387;0.013888034177808031;0.008722681157555081;0.03244653351624999;0.013888034177808031;0.008722681157555081;0.03244653351624999;1715;1487;1391;28
D09M;388;0.013299404221005843;0.008650452362305175;0.031738698384999986;0.013299404221005843;0.008650452362305175;0.031738698384999986;1734;1489;1438;29
D09M;389;0.012720664757480054;0.009633851932595364;0.031187438921666658;0.012720664757480054;0.009633851932595364;0.031187438921666658;1758;1470;1496;30
D09M;390;0.012961529071723628;0.00849825060643385;0.03131024035083334;0.012961529071723628;0.00849825060643385;0.03131024035083334;1746;1494;1480;31
D09M;391;0.013050648569293694;0.00844902190761515;0.031203715700416676;0.013050648569293694;0.00844902190761515;0.031203715700416676;1741;1495;1490;32
D09M;392;0.012826919270154395;0.008417102831997045;0.030788330983750015;0.012826919270154395;0.008417102831997045;0.030788330983750015;1751;1496;1512;33
D09M;393;0.012566921454571105;0.007874788980200663;0.030292396994999984;0.012566921454571105;0.007874788980200663;0.030292396994999984;1765;1507;1530;34
D09M;394;0.013075723136881174;0.008759839454670173;0.03024684496124999;0.013075723136881174;0.008759839454670173;0.03024684496124999;1740;1484;1533;35
D09M;395;0.013037513914748652;0.00885321488309112;0.029930154399583325;0.013037513914748652;0.00885321488309112;0.029930154399583325;1742;1482;1544;36
D09M;396;0.01274780142903745;0.008013841495894283;0.029452717484166654;0.01274780142903745;0.008013841495894283;0.029452717484166654;1755;1504;1560;37
D09M;397;0.01280171081645745;0.007072961656416146;0.02922315203999999;0.01280171081645745;0.007072961656416146;0.02922315203999999;1753;1527;1569;38
D09M;398;0.01261109634912184;0.007708147734389078;0.029237038898750012;0.01261109634912184;0.007708147734389078;0.029237038898750012;1762;1511;1568;39
D09M;399;0.012469533823020261;0.007578944890676131;0.02924283542499999;0.012469533823020261;0.007578944890676131;0.02924283542499999;1768;1515;1567;40
D09M;400;0.01236045915920059;0.006598451222976602;0.02898607880791665;0.01236045915920059;0.006598451222976602;0.02898607880791665;1770;1577;1578;41
D09M;401;0.012099098684524776;0.006249350955670931;0.028352797140833344;0.012099098684524776;0.006249350955670931;0.028352797140833344;1782;1604;1597;42
D09M;402;0.012146552745625308;0.005631347831713705;0.028218775907083327;0.012146552745625308;0.005631347831713705;0.028218775907083327;1781;1635;1602;43
D09M;403;0.012292492748819883;0.005605730359987604;0.02826069031041667;0.012292492748819883;0.005605730359987604;0.02826069031041667;1776;1637;1600;44
D09M;404;0.01231722986838427;0.006017021555645284;0.028173354290833327;0.01231722986838427;0.006017021555645284;0.028173354290833327;1773;1617;1606;45
D09M;405;0.012071519009518923;0.00482820270286945;0.027815862772916672;0.012071519009518923;0.00482820270286945;0.027815862772916672;1785;1717;1613;46
D09M;406;0.011995439968124494;0.004920566071352621;0.027424596297083326;0.011995439968124494;0.004920566071352621;0.027424596297083326;1790;1704;1622;47
D09M;407;0.01205590515506671;0.00516199215054622;0.027207623847083334;0.01205590515506671;0.00516199215054622;0.027207623847083334;1787;1662;1630;48
D09M;408;0.01206968218785535;0.00435437538675401;0.027232354763333327;0.01206968218785535;0.00435437538675401;0.027232354763333327;1786;1753;1629;49
D09M;409;0.01203517159199055;0.004802798458828445;0.027420619597916675;0.01203517159199055;0.004802798458828445;0.027420619597916675;1788;1719;1623;50
D09M;410;0.01170126221385286;0.004839909277910901;0.02712090844541666;0.01170126221385286;0.004839909277910901;0.02712090844541666;1799;1715;1633;51
D09M;411;0.011305720483950524;0.004527712508388249;0.02651935798375;0.011305720483950524;0.004527712508388249;0.02651935798375;1810;1741;1645;52
D09M;412;0.01127892680133437;0.004728017358941004;0.026241592022916656;0.01127892680133437;0.004728017358941004;0.026241592022916656;1811;1727;1655;53
D09M;413;0.011428998657376356;0.004184351785985268;0.026343673364583327;0.011428998657376356;0.004184351785985268;0.026343673364583327;1807;1765;1650;54
D09M;414;0.011427224576725148;0.004177850450623235;0.026305254400416665;0.011427224576725148;0.004177850450623235;0.026305254400416665;1808;1766;1651;55
D09M;415;0.011222516727894347;0.004851669833105933;0.02596657455916665;0.011222516727894347;0.004851669833105933;0.02596657455916665;1812;1714;1661;56
D09M;416;0.011156725947294121;0.004756286128306554;0.025759915326666667;0.011156725947294121;0.004756286128306554;0.025759915326666667;1815;1725;1665;57
D09M;417;0.011070206296198136;0.0043808346017786826;0.02565513504666666;0.011070206296198136;0.0043808346017786826;0.02565513504666666;1819;1749;1666;58
D09M;418;0.011019902244543443;0.003956081992192036;0.025489546780416664;0.011019902244543443;0.003956081992192036;0.025489546780416664;1822;1777;1672;59
D09M;419;0.011058041562217165;0.0036217139486118687;0.02522932951416667;0.011058041562217165;0.0036217139486118687;0.02522932951416667;1820;1795;1680;60
D09M;420;0.011050172266743883;0.003369345496580958;0.025202256091249993;0.011050172266743883;0.003369345496580958;0.025202256091249993;1821;1813;1681;61
D09M;421;0.011115940993414375;0.003454856189044122;0.025331661505;0.011115940993414375;0.003454856189044122;0.025331661505;1816;1807;1675;62
D09M;422;0.01109759927838294;0.0036820827875305175;0.025329386518750018;0.01109759927838294;0.0036820827875305175;0.025329386518750018;1817;1792;1676;63
D09M;423;0.010787242566625452;0.0037162524859435976;0.024967608700833338;0.010787242566625452;0.0037162524859435976;0.024967608700833338;1827;1788;1685;64
D09M;424;0.010626030401531435;0.0033587167288585467;0.024685753698750007;0.010626030401531435;0.0033587167288585467;0.024685753698750007;1834;1814;1691;65
D09M;425;0.010669716446452116;0.003191424728863735;0.024559513502500005;0.010669716446452116;0.003191424728863735;0.024559513502500005;1832;1824;1694;66
D09M;426;0.010795887104670433;0.0033548228397694935;0.024528693792083334;0.010795887104670433;0.0033548228397694935;0.024528693792083334;1826;1815;1696;67
D09M;427;0.01077390641502367;0.003499753643437318;0.02447616921124999;0.01077390641502367;0.003499753643437318;0.02447616921124999;1828;1805;1697;68
D09M;428;0.01075657368865074;0.0030854054540110595;0.024401183309166657;0.01075657368865074;0.0030854054540110595;0.024401183309166657;1829;1829;1699;69
D09M;429;0.010708349902960252;0.00262405733817895;0.02431147824583333;0.010708349902960252;0.00262405733817895;0.02431147824583333;1831;1860;1701;70
D09M;430;0.010604370453281336;0.0026437229578097953;0.024209126487083323;0.010604370453281336;0.0026437229578097953;0.024209126487083323;1836;1858;1704;71
D09M;431;0.01053953922694891;0.0028165969778406173;0.024100499043333334;0.01053953922694891;0.0028165969778406173;0.024100499043333334;1837;1847;1708;72
D09M;432;0.010499343818814738;0.002837106140397592;0.024057261049999994;0.010499343818814738;0.002837106140397592;0.024057261049999994;1840;1846;1709;73
D09M;433;0.010466727033054908;0.002625835049594412;0.023981688130000005;0.010466727033054908;0.002625835049594412;0.023981688130000005;1841;1859;1711;74
D09M;434;0.010459989964714558;0.0022445114226435662;0.02381457414291667;0.010459989964714558;0.0022445114226435662;0.02381457414291667;1842;1882;1715;75
D09M;435;0.01045123363349422;0.002124688148594769;0.02374730867666667;0.01045123363349422;0.002124688148594769;0.02374730867666667;1843;1890;1716;76
D09M;436;0.010386169815536715;0.0021578897336006074;0.02368852521666668;0.010386169815536715;0.0021578897336006074;0.02368852521666668;1846;1888;1719;77
D09M;437;0.010276571412446742;0.0021974677445140804;0.023596580639166663;0.010276571412446742;0.0021974677445140804;0.023596580639166663;1848;1883;1722;78
D09M;438;0.010201762887653815;0.0019821351114465567;0.023479573161249996;0.010201762887653815;0.0019821351114465567;0.023479573161249996;1851;1897;1723;79
D09M;439;0.010223730385165185;0.0018921874685191111;0.023421981913749994;0.010223730385165185;0.0018921874685191111;0.023421981913749994;1850;1907;1725;80
D09M;440;0.010224968729624122;0.0019401525449636674;0.023313157245833334;0.010224968729624122;0.0019401525449636674;0.023313157245833334;1849;1906;1729;81
D09M;441;0.010152261211687004;0.0020394417049773746;0.023119395564583332;0.010152261211687004;0.0020394417049773746;0.023119395564583332;1855;1896;1732;82
D09M;442;0.010148733063909902;0.0018162808395300594;0.022970335415416668;0.010148733063909902;0.0018162808395300594;0.022970335415416668;1856;1914;1735;83
D09M;443;0.010152622759612361;0.0016686131322206554;0.02295206026291667;0.010152622759612361;0.0016686131322206554;0.02295206026291667;1854;1928;1736;84
D09M;444;0.010111936459295257;0.001706579635626629;0.022944677400416676;0.010111936459295257;0.001706579635626629;0.022944677400416676;1857;1925;1737;85
D09M;445;0.010008568862019356;0.0017905781885337061;0.02275885277291667;0.010008568862019356;0.0017905781885337061;0.02275885277291667;1859;1916;1741;86
D09M;446;0.009967809040369997;0.001735872222193654;0.022608161218750006;0.009967809040369997;0.001735872222193654;0.022608161218750006;1862;1921;1745;87
D09M;447;0.009960320310184846;0.0015354460181575104;0.02252232348874999;0.009960320310184846;0.0015354460181575104;0.02252232348874999;1863;1941;1747;88
D09M;448;0.00992157845246903;0.0013148495068059348;0.02245347032041667;0.00992157845246903;0.0013148495068059348;0.02245347032041667;1864;1960;1749;89
D09M;449;0.009844876648895428;0.0015456443984186354;0.022341616223750006;0.009844876648895428;0.0015456443984186354;0.022341616223750006;1866;1938;1752;90
D09M;450;0.009729095229488501;0.0015961774555544473;0.02216337129833333;0.009729095229488501;0.0015961774555544473;0.02216337129833333;1870;1935;1754;91
D09M;451;0.00965263228388631;0.0013781739955686357;0.02200548421666667;0.00965263228388631;0.0013781739955686357;0.02200548421666667;1872;1957;1757;92
D09M;452;0.009651274750230698;0.0010521490195116202;0.02194155973124999;0.009651274750230698;0.0010521490195116202;0.02194155973124999;1873;1980;1758;93
D09M;453;0.00961356532342245;0.0009139739298372275;0.021871239074583333;0.00961356532342245;0.0009139739298372275;0.021871239074583333;1875;1994;1762;94
D09M;454;0.009605227311510658;0.0009667026859518474;0.02177103462416668;0.009605227311510658;0.0009667026859518474;0.02177103462416668;1876;1991;1764;95
D09M;455;0.00959369997199947;0.0010808319482626806;0.021655010928749996;0.00959369997199947;0.0010808319482626806;0.021655010928749996;1877;1979;1767;96
D09M;456;0.009485802904569008;0.0010176080472978;0.021500590927499987;0.009485802904569008;0.0010176080472978;0.021500590927499987;1882;1984;1771;97
D09M;457;0.009494059799642037;0.0008581027450552905;0.02144228688916667;0.009494059799642037;0.0008581027450552905;0.02144228688916667;1881;1999;1772;98
D09M;458;0.009471464340342607;0.000860931042934981;0.021391507670416664;0.009471464340342607;0.000860931042934981;0.021391507670416664;1883;1998;1775;99
D09M;459;0.009351854861832378;0.000993314263636773;0.021287468832083344;0.009351854861832378;0.000993314263636773;0.021287468832083344;1888;1986;1777;100
D09M;460;0.009344260517727531;0.0007183507096320756;0.021136312967083334;0.009344260517727531;0.0007183507096320756;0.021136312967083334;1889;2011;1782;101
D09M;461;0.009325590018997996;0.0006274346897835178;0.02107128605416666;0.009325590018997996;0.0006274346897835178;0.02107128605416666;1891;2022;1784;102
D09M;462;0.009276672111784585;0.0007021352358790822;0.021040161528749997;0.009276672111784585;0.0007021352358790822;0.021040161528749997;1893;2013;1785;103
D09M;463;0.009236366078122817;0.0006795169669273302;0.02098075974;0.009236366078122817;0.0006795169669273302;0.02098075974;1896;2015;1786;104
D09M;464;0.009214012259335639;0.000601609613237279;0.020883958013750002;0.009214012259335639;0.000601609613237279;0.020883958013750002;1897;2028;1789;105
D09M;465;0.009199555135733527;0.0004384931226414045;0.020810838627916668;0.009199555135733527;0.0004384931226414045;0.020810838627916668;1899;2070;1790;106
D09M;466;0.009172434441109534;0.0002764822740652403;0.020729237489166663;0.009172434441109534;0.0002764822740652403;0.020729237489166663;1901;2103;1792;107
D09M;467;0.009143773212501084;0.0003704693649486126;0.020639501257083324;0.009143773212501084;0.0003704693649486126;0.020639501257083324;1903;2085;1794;108
D09M;468;0.00910510809135354;0.0004130053121751182;0.020565422482500005;0.00910510809135354;0.0004130053121751182;0.020565422482500005;1906;2079;1795;109
D09M;469;0.00906819201833825;0.0003598439664353671;0.020487599810833347;0.00906819201833825;0.0003598439664353671;0.020487599810833347;1910;2089;1797;110
D09M;470;0.00903288209985655;0.00023946841345703478;0.020381740992916654;0.00903288209985655;0.00023946841345703478;0.020381740992916654;1917;2113;1801;111
D09M;471;0.009034013991377378;0.00015487285464424463;0.02032332324833333;0.009034013991377378;0.00015487285464424463;0.02032332324833333;1916;2125;1802;112
D09M;472;0.009001872410046729;0.00011868055220612299;0.020264709613749994;0.009001872410046729;0.00011868055220612299;0.020264709613749994;1918;2134;1804;113
D09M;473;0.008951468077983624;0.00011019303613268206;0.020187117879166674;0.008951468077983624;0.00011019303613268206;0.020187117879166674;1919;2137;1806;114
D09M;474;0.008941617174258506;0.00010805056728966717;0.02012155342833332;0.008941617174258506;0.00010805056728966717;0.02012155342833332;1920;2139;1808;115
D09M;475;0.008895472508456069;3.9528045693452824e-05;0.02006437178625;0.008895472508456069;3.9528045693452824e-05;0.02006437178625;1921;2145;1811;116
D09M;476;0.008859212313960306;3.199170962101514e-05;0.01998298133666667;0.008859212313960306;3.199170962101514e-05;0.01998298133666667;1922;2146;1813;117
D09M;477;0.008842203216890958;2.759933876423982e-05;0.01988995759416666;0.008842203216890958;2.759933876423982e-05;0.01988995759416666;1923;2148;1815;118
D09M;478;0.008784703650529293;-0.00014302312186389784;0.019803517445833342;0.008784703650529293;0.00014302312186389784;0.019803517445833342;1924;2128;1817;119
D09M;479;0.00871964035819136;-0.00013483416514617252;0.019695058180416662;0.00871964035819136;0.00013483416514617252;0.019695058180416662;1925;2131;1822;120
D09M;480;0.008668152712222259;-0.00011669836423351498;0.019582807734583332;0.008668152712222259;0.00011669836423351498;0.019582807734583332;1926;2135;1824;121
D09M;481;0.008655016577643556;-0.000144586764919987;0.019523226949166674;0.008655016577643556;0.000144586764919987;0.019523226949166674;1928;2127;1825;122
D09M;482;0.008667079083855746;-0.00021242919538190375;0.019449458556666667;0.008667079083855746;0.00021242919538190375;0.019449458556666667;1927;2119;1828;123
D09M;483;0.008635541771765565;-0.00025361151267502374;0.01934589546791666;0.008635541771765565;0.00025361151267502374;0.01934589546791666;1929;2110;1830;124
D09M;484;0.008554709070181885;-0.00029531929063048896;0.019227423394166672;0.008554709070181885;0.00029531929063048896;0.019227423394166672;1930;2099;1833;125
D09M;485;0.008477412346631623;-0.0003282033533086567;0.01916161476875;0.008477412346631623;0.0003282033533086567;0.01916161476875;1931;2097;1835;126
D09M;486;0.008446252979814477;-0.0003666267152902131;0.019077893265833333;0.008446252979814477;0.0003666267152902131;0.019077893265833333;1932;2086;1837;127
D09M;487;0.008434685090713849;-0.0003591638879166108;0.018963559680833332;0.008434685090713849;0.0003591638879166108;0.018963559680833332;1933;2090;1840;128
D09M;488;0.008404992708890825;-0.0003385677139557067;0.0188483791075;0.008404992708890825;0.0003385677139557067;0.0188483791075;1934;2096;1843;129
D09M;489;0.008330179120507682;-0.00047626938097436434;0.018750163437083335;0.008330179120507682;0.00047626938097436434;0.018750163437083335;1935;2064;1846;130
D09M;490;0.008256140416876398;-0.0004905091802433327;0.018629024958333337;0.008256140416876398;0.0004905091802433327;0.018629024958333337;1937;2060;1848;131
D09M;491;0.008194053270286881;-0.00041475648450068725;0.018486566450833332;0.008194053270286881;0.00041475648450068725;0.018486566450833332;1938;2078;1853;132
D09M;492;0.008145941788541448;-0.000423922855645812;0.018356293545000006;0.008145941788541448;0.000423922855645812;0.018356293545000006;1939;2074;1856;133
D09M;493;0.008101928512912722;-0.0005709074108967794;0.018247578359166655;0.008101928512912722;0.0005709074108967794;0.018247578359166655;1940;2035;1860;134
D09M;494;0.008040995157303926;-0.0006126700105663912;0.018093867088333333;0.008040995157303926;0.0006126700105663912;0.018093867088333333;1941;2025;1862;135
D09M;495;0.007960557142574246;-0.0005357918489601708;0.017908229295;0.007960557142574246;0.0005357918489601708;0.017908229295;1942;2045;1867;136
D09M;496;0.007862653869339509;-0.0005662373270689137;0.017727966949166667;0.007862653869339509;0.0005662373270689137;0.017727966949166667;1943;2036;1870;137
D09M;497;0.007797053445978745;-0.0006011840181505854;0.01759574327833334;0.007797053445978745;0.0006011840181505854;0.01759574327833334;1944;2029;1875;138
D09M;498;0.007734735401383915;-0.0005728721492168806;0.017438962442500004;0.007734735401383915;0.0005728721492168806;0.017438962442500004;1945;2034;1880;139
D09M;499;0.00763053180922746;-0.0004983821980406134;0.017201845152083332;0.00763053180922746;0.0004983821980406134;0.017201845152083332;1946;2058;1883;140
D09M;500;0.0074716089060586745;-0.0004388339143878373;0.01696313533374999;0.0074716089060586745;0.0004388339143878373;0.01696313533374999;1947;2069;1888;141
D09M;501;0.007358089615519242;-0.00042290684208890557;0.016735301688333336;0.007358089615519242;0.00042290684208890557;0.016735301688333336;1948;2075;1892;142
D09M;502;0.007263388759072232;-0.0003940089431429787;0.016498038510833334;0.007263388759072232;0.0003940089431429787;0.016498038510833334;1949;2081;1894;143
D09M;503;0.007137749487532151;-0.00028349106943378346;0.01625548656833333;0.007137749487532151;0.00028349106943378346;0.01625548656833333;1950;2102;1898;144
D09M;504;0.0069809939025681795;-0.0002554888150585261;0.015981705995833324;0.0069809939025681795;0.0002554888150585261;0.015981705995833324;1952;2109;1900;145
D09M;505;0.006811842719695505;-0.00021982121467912401;0.015674328393333332;0.006811842719695505;0.00021982121467912401;0.015674328393333332;1953;2117;1903;146
D09M;506;0.006634176405784914;-0.00011092886323539388;0.015331414398333333;0.006634176405784914;0.00011092886323539388;0.015331414398333333;1954;2136;1908;147
D09M;507;0.006465077176264021;5.879014349816331e-05;0.01498227587375;0.006465077176264021;5.879014349816331e-05;0.01498227587375;1955;2144;1911;148
D09M;508;0.006285074715102224;0.0002290923296439648;0.014626109219166662;0.006285074715102224;0.0002290923296439648;0.014626109219166662;1956;2116;1915;149
D09M;509;0.006088134055943495;0.00038367624793532234;0.014226523694166653;0.006088134055943495;0.00038367624793532234;0.014226523694166653;1957;2082;1919;150
D09M;510;0.0058791166600948965;0.0005240984653525341;0.013786655824583327;0.0058791166600948965;0.0005240984653525341;0.013786655824583327;1975;2049;1923;151
D09M;511;0.0056298625008791405;0.0007023354587365885;0.013317309995416672;0.0056298625008791405;0.0007023354587365885;0.013317309995416672;1988;2012;1946;152
D09M;512;0.0053868486961756385;0.0008908387547742126;0.012834859930416671;0.0053868486961756385;0.0008908387547742126;0.012834859930416671;1998;1996;1963;153
D09M;513;0.005135265219790875;0.001141003666079002;0.012337638359166667;0.005135265219790875;0.001141003666079002;0.012337638359166667;2005;1973;1979;154
D09M;514;0.004848748319308565;0.0014067268602623703;0.011805104651666676;0.004848748319308565;0.0014067268602623703;0.011805104651666676;2010;1951;1996;155
D09M;515;0.004573568912135098;0.0016859169241931;0.01127899705499999;0.004573568912135098;0.0016859169241931;0.01127899705499999;2017;1926;2010;156
D09M;516;0.00429329419584779;0.0019725757713249187;0.010739222907083332;0.00429329419584779;0.0019725757713249187;0.010739222907083332;2034;1900;2016;157
D09M;517;0.003977663901911086;0.0022934178181188308;0.010142233424583327;0.003977663901911086;0.0022934178181188308;0.010142233424583327;2044;1876;2036;158
D09M;518;0.003642473435473566;0.002654931275676234;0.009534511717083333;0.003642473435473566;0.002654931275676234;0.009534511717083333;2052;1856;2044;159
D09M;519;0.0033361475790885287;0.002986420198111752;0.008951898907500005;0.0033361475790885287;0.002986420198111752;0.008951898907500005;2058;1838;2051;160
D09M;520;0.0030409968674962136;0.0033467606959526846;0.008378397407916668;0.0030409968674962136;0.0033467606959526846;0.008378397407916668;2066;1816;2059;161
D09M;521;0.002717473633938559;0.0037921215196666212;0.007777300117916663;0.002717473633938559;0.0037921215196666212;0.007777300117916663;2075;1785;2067;162
D09M;522;0.002400456301330249;0.00407127155083201;0.007184796703749996;0.002400456301330249;0.00407127155083201;0.007184796703749996;2084;1771;2077;163
D09M;523;0.0021023461207738446;0.004366525497481947;0.006630214663749995;0.0021023461207738446;0.004366525497481947;0.006630214663749995;2089;1750;2083;164
D09M;524;0.0018088284575270921;0.004695260583290006;0.006103032330416661;0.0018088284575270921;0.004695260583290006;0.006103032330416661;2093;1730;2090;165
D09M;525;0.0015012918935833834;0.005009163483981865;0.005576882553750009;0.0015012918935833834;0.005009163483981865;0.005576882553750009;2098;1682;2093;166
D09M;526;0.0012296038493515076;0.005249975613027685;0.005081763465416653;0.0012296038493515076;0.005249975613027685;0.005081763465416653;2113;1656;2097;167
D09M;527;0.0009871187891812528;0.005506530537375471;0.00463246136916666;0.0009871187891812528;0.005506530537375471;0.00463246136916666;2123;1643;2100;168
D09M;528;0.0007579373682024268;0.005797752840961887;0.004228949179166663;0.0007579373682024268;0.005797752840961887;0.004228949179166663;2130;1629;2103;169
D09M;529;0.0005187876027225466;0.005958692261576951;0.0038216555283333425;0.0005187876027225466;0.005958692261576951;0.0038216555283333425;2137;1621;2106;170
D09M;530;0.0003173906919323015;0.006125119441013407;0.0034582884529166663;0.0003173906919323015;0.006125119441013407;0.0034582884529166663;2143;1611;2108;171
D09M;531;0.00013809531807105072;0.006297004552631066;0.003142206653749993;0.00013809531807105072;0.006297004552631066;0.003142206653749993;2148;1601;2111;172
D09M;532;-4.358521892298704e-05;0.006418928492020519;0.0028341889670833315;4.358521892298704e-05;0.006418928492020519;0.0028341889670833315;2151;1593;2113;173
D09M;533;-0.00018722431588300033;0.006502042692638233;0.0025871852095833286;0.00018722431588300033;0.006502042692638233;0.0025871852095833286;2147;1588;2115;174
D09M;534;-0.00030384790156946285;0.006555689106438125;0.002370330863333339;0.00030384790156946285;0.006555689106438125;0.002370330863333339;2144;1582;2117;175
D09M;535;-0.0004069418514458394;0.006598993215287477;0.002155418097916667;0.0004069418514458394;0.006598993215287477;0.002155418097916667;2140;1576;2118;176
D09M;536;-0.0004903593296319625;0.006704877910148688;0.0019560899900000067;0.0004903593296319625;0.006704877910148688;0.0019560899900000067;2138;1564;2121;177
D09M;537;-0.0006017864811948195;0.006771655577646277;0.0017685339733333472;0.0006017864811948195;0.006771655577646277;0.0017685339733333472;2134;1552;2123;178
D09M;538;-0.0007120560622356229;0.006790170724541775;0.001600856190833333;0.0007120560622356229;0.006790170724541775;0.001600856190833333;2132;1545;2125;179
D09M;539;-0.0007859574956624518;0.006817431888466603;0.0014639412570833371;0.0007859574956624518;0.006817431888466603;0.0014639412570833371;2129;1538;2127;180
D09M;540;-0.0008532964156280669;0.006806099986615115;0.0013144770674999862;0.0008532964156280669;0.006806099986615115;0.0013144770674999862;2127;1542;2129;181
D09M;541;-0.0009376899002038874;0.006818021061274582;0.001156684859999993;0.0009376899002038874;0.006818021061274582;0.001156684859999993;2125;1537;2130;182
D09M;542;-0.001025900093975555;0.006843534679137787;0.0009984986733333479;0.001025900093975555;0.006843534679137787;0.0009984986733333479;2121;1533;2132;183
D09M;543;-0.0010816901521779525;0.006845073034438257;0.0008547602866666587;0.0010816901521779525;0.006845073034438257;0.0008547602866666587;2120;1532;2133;184
D09M;544;-0.0011438036929834986;0.006810658968400535;0.0007258974179166766;0.0011438036929834986;0.006810658968400535;0.0007258974179166766;2117;1541;2135;185
D09M;545;-0.0011939829219002852;0.006778857237595394;0.0006080261387500091;0.0011939829219002852;0.006778857237595394;0.0006080261387500091;2115;1551;2137;186
D09M;546;-0.001237946981541787;0.006751964118298099;0.00047627430166664875;0.001237946981541787;0.006751964118298099;0.00047627430166664875;2112;1556;2139;187
D09M;547;-0.0013053103874747485;0.006738396318938719;0.00034819648124999325;0.0013053103874747485;0.006738396318938719;0.00034819648124999325;2109;1558;2140;188
D09M;548;-0.0013691451537057753;0.0067348846133423925;0.00024828788166665616;0.0013691451537057753;0.0067348846133423925;0.00024828788166665616;2107;1559;2142;189
D09M;549;-0.0014156995771690323;0.006714520411153218;0.00016393660208331717;0.0014156995771690323;0.006714520411153218;0.00016393660208331717;2104;1563;2144;190
D09M;550;-0.0014360051283684833;0.006675637815077934;0.00010615276833332576;0.0014360051283684833;0.006675637815077934;0.00010615276833332576;2103;1569;2146;191
D09M;551;-0.001459091812640768;0.006681617106425285;4.845514291668129e-05;0.001459091812640768;0.006681617106425285;4.845514291668129e-05;2100;1567;2149;192
D09M;552;-0.0014619782215447503;0.006684555886311143;2.7197243333346166e-05;0.0014619782215447503;0.006684555886311143;2.7197243333346166e-05;2099;1566;2151;193
D09M;553;-0.001448720572283589;0.006672140654608705;3.730140624999545e-05;0.001448720572283589;0.006672140654608705;3.730140624999545e-05;2101;1570;2150;194
D09M;554;-0.0014396962883496647;0.006636537161247237;5.355704874999978e-05;0.0014396962883496647;0.006636537161247237;5.355704874999978e-05;2102;1572;2148;195
D09M;555;-0.0014047246180508442;0.00661528270852304;0.00011666737666665705;0.0014047246180508442;0.00661528270852304;0.00011666737666665705;2106;1574;2145;196
D09M;556;-0.0013462836740484078;0.00657810460632622;0.00021304824750000007;0.0013462836740484078;0.00657810460632622;0.00021304824750000007;2108;1580;2143;197
D09M;557;-0.0012758127675618774;0.006486862927895876;0.0003288009445833462;0.0012758127675618774;0.006486862927895876;0.0003288009445833462;2110;1590;2141;198
D09M;558;-0.0012002312822022914;0.006371864420936322;0.00048197596333333925;0.0012002312822022914;0.006371864420936322;0.00048197596333333925;2114;1597;2138;199
D09M;559;-0.0011121103987224335;0.006280566418297445;0.0006476984283333431;0.0011121103987224335;0.006280566418297445;0.0006476984283333431;2119;1603;2136;200
D09M;560;-0.0010034470662226172;0.006205531352509456;0.0008344340420833318;0.0010034470662226172;0.006205531352509456;0.0008344340420833318;2122;1606;2134;201
D09M;561;-0.0008710851515284751;0.006061580009017052;0.0010684239604166618;0.0008710851515284751;0.006061580009017052;0.0010684239604166618;2126;1614;2131;202
D09M;562;-0.0007263181569886793;0.005884479576326814;0.0013182524287499997;0.0007263181569886793;0.005884479576326814;0.0013182524287499997;2131;1624;2128;203
D09M;563;-0.0005704373175507934;0.005712379033611202;0.0015777165549999972;0.0005704373175507934;0.005712379033611202;0.0015777165549999972;2135;1632;2126;204
D09M;564;-0.00040415786454450563;0.005555291605201909;0.0018529328291666675;0.00040415786454450563;0.005555291605201909;0.0018529328291666675;2141;1641;2122;205
D09M;565;-0.00023954341310458956;0.005374499445254624;0.0021536717079166517;0.00023954341310458956;0.005374499445254624;0.0021536717079166517;2146;1650;2119;206
D09M;566;-7.055845902153886e-05;0.005186282831407306;0.0024567528245833248;7.055845902153886e-05;0.005186282831407306;0.0024567528245833248;2150;1661;2116;207
D09M;567;9.387426270907258e-05;0.004974316142343445;0.002757378845416658;9.387426270907258e-05;0.004974316142343445;0.002757378845416658;2149;1691;2114;208
D09M;568;0.00025556026915126573;0.004772712024115795;0.003074004456666668;0.00025556026915126573;0.004772712024115795;0.003074004456666668;2145;1722;2112;209
D09M;569;0.00043893784343450776;0.0046079778720797045;0.0033896657770833283;0.00043893784343450776;0.0046079778720797045;0.0033896657770833283;2139;1735;2110;210
D09M;570;0.0006242876169185012;0.0044184636115742046;0.003707102852499991;0.0006242876169185012;0.0044184636115742046;0.003707102852499991;2133;1746;2107;211
D09M;571;0.0007981998168295484;0.004213290149771507;0.004011045594583332;0.0007981998168295484;0.004213290149771507;0.004011045594583332;2128;1761;2105;212
D09M;572;0.0009640727259042738;0.004033463372763151;0.004296058706666675;0.0009640727259042738;0.004033463372763151;0.004296058706666675;2124;1774;2102;213
D09M;573;0.0011147296426592343;0.0038674973891200445;0.004562203440416662;0.0011147296426592343;0.0038674973891200445;0.004562203440416662;2118;1782;2101;214
D09M;574;0.0012632103002226853;0.0036979340293023903;0.004830680215833327;0.0012632103002226853;0.0036979340293023903;0.004830680215833327;2111;1789;2099;215
D09M;575;0.0014109773967192455;0.003549675367508334;0.005102435625416679;0.0014109773967192455;0.003549675367508334;0.005102435625416679;2105;1800;2096;216
D09M;576;0.001549317269540487;0.0034532771773464416;0.005346868335000005;0.001549317269540487;0.0034532771773464416;0.005346868335000005;2096;1808;2095;217
D09M;577;0.0016688098865724396;0.0033272506229441398;0.005572103210416665;0.0016688098865724396;0.0033272506229441398;0.005572103210416665;2095;1817;2094;218
D09M;578;0.0017788523437319021;0.003166014995641423;0.005779774630416679;0.0017788523437319021;0.003166014995641423;0.005779774630416679;2094;1826;2092;219
D09M;579;0.0018850246995572235;0.0030098157818113907;0.005974993904166656;0.0018850246995572235;0.0030098157818113907;0.005974993904166656;2092;1836;2091;220
D09M;580;0.002003300150190132;0.002886594568916577;0.006166136453333332;0.002003300150190132;0.002886594568916577;0.006166136453333332;2090;1843;2089;221
D09M;581;0.002105923049331665;0.0027594799129518374;0.006325849981250006;0.002105923049331665;0.0027594799129518374;0.006325849981250006;2088;1851;2087;222
D09M;582;0.0021946945114382937;0.002652064442089287;0.006476729282916663;0.0021946945114382937;0.002652064442089287;0.006476729282916663;2087;1857;2085;223
D09M;583;0.002278580942539503;0.0025494448530132574;0.006621295721666656;0.002278580942539503;0.0025494448530132574;0.006621295721666656;2086;1867;2084;224
D09M;584;0.0023603687304541814;0.002440438053149076;0.006752392270416671;0.0023603687304541814;0.002440438053149076;0.006752392270416671;2085;1869;2082;225
D09M;585;0.002433030984265519;0.00235255868398291;0.006876404278749998;0.002433030984265519;0.00235255868398291;0.006876404278749998;2083;1874;2081;226
D09M;586;0.0024858224852155704;0.0022864936260972306;0.006978808659166669;0.0024858224852155704;0.0022864936260972306;0.006978808659166669;2082;1877;2080;227
D09M;587;0.0025460787964955963;0.002196741863728869;0.007063053879583336;0.0025460787964955963;0.002196741863728869;0.007063053879583336;2081;1884;2079;228
D09M;588;0.002608296843467203;0.002126287633495637;0.007159883265833333;0.002608296843467203;0.002126287633495637;0.007159883265833333;2078;1889;2078;229
D09M;589;0.002667028277325684;0.0020441146584857734;0.007272247392083334;0.002667028277325684;0.0020441146584857734;0.007272247392083334;2077;1895;2076;230
D09M;590;0.0027089517360504335;0.00196318292640802;0.00735767797124999;0.0027089517360504335;0.00196318292640802;0.00735767797124999;2076;1902;2075;231
D09M;591;0.0027564169795430524;0.0018379112613156935;0.007441655541666675;0.0027564169795430524;0.0018379112613156935;0.007441655541666675;2074;1911;2074;232
D09M;592;0.002797252815911444;0.0017732893078625234;0.007518233917083339;0.002797252815911444;0.0017732893078625234;0.007518233917083339;2073;1918;2073;233
D09M;593;0.002835627289991908;0.0017198449271679538;0.007585774579999996;0.002835627289991908;0.0017198449271679538;0.007585774579999996;2072;1923;2071;234
D09M;594;0.0028746615777400296;0.0017069272868197244;0.007643873988749994;0.0028746615777400296;0.0017069272868197244;0.007643873988749994;2071;1924;2070;235
D09M;595;0.0029082576791642618;0.0016738872773282671;0.007691210855416658;0.0029082576791642618;0.0016738872773282671;0.007691210855416658;2070;1927;2069;236
D09M;596;0.0029506458600971905;0.0016049313196688673;0.007747875160833334;0.0029506458600971905;0.0016049313196688673;0.007747875160833334;2069;1934;2068;237
D09M;597;0.002985540101555831;0.0015698751734010573;0.00780256410833334;0.002985540101555831;0.0015698751734010573;0.00780256410833334;2068;1937;2066;238
D09M;598;0.0030154295245317674;0.0015406004145633232;0.007861592019166669;0.0030154295245317674;0.0015406004145633232;0.007861592019166669;2067;1940;2065;239
D09M;599;0.0030501360042283483;0.0015088683017533818;0.007933445935000005;0.0030501360042283483;0.0015088683017533818;0.007933445935000005;2065;1945;2064;240
D09M;600;0.0030808399775446122;0.0014832375141509545;0.008003612714166677;0.0030808399775446122;0.0014832375141509545;0.008003612714166677;2064;1946;2063;241
D09M;601;0.0031335332475141073;0.0014459102735117587;0.00809688372749999;0.0031335332475141073;0.0014459102735117587;0.00809688372749999;2063;1948;2062;242
D09M;602;0.003185147492942421;0.0014294116831547053;0.008197345281666657;0.003185147492942421;0.0014294116831547053;0.008197345281666657;2061;1949;2061;243
D09M;603;0.0032400183496593214;0.0013996417135866703;0.008296593398749982;0.0032400183496593214;0.0013996417135866703;0.008296593398749982;2060;1952;2060;244
D09M;604;0.0032937463580367784;0.0013843233397284667;0.008405658917500003;0.0032937463580367784;0.0013843233397284667;0.008405658917500003;2059;1955;2058;245
D09M;605;0.003353315311820848;0.0013472486465494979;0.008510792328750003;0.003353315311820848;0.0013472486465494979;0.008510792328750003;2057;1958;2057;246
D09M;606;0.003413565915525932;0.0012909768991832887;0.008630169231666665;0.003413565915525932;0.0012909768991832887;0.008630169231666665;2056;1961;2054;247
D09M;607;0.0034745547926102456;0.0012350516861826778;0.008753975331249997;0.0034745547926102456;0.0012350516861826778;0.008753975331249997;2055;1966;2053;248
D09M;608;0.0035388452454276076;0.0012036980320255233;0.008876886801666678;0.0035388452454276076;0.0012036980320255233;0.008876886801666678;2054;1968;2052;249
D09M;609;0.003606177115042598;0.0011565819659053245;0.009004789939999994;0.003606177115042598;0.0011565819659053245;0.009004789939999994;2053;1971;2050;250
D09M;610;0.0036758040655073855;0.0010997628041324852;0.009143049722083331;0.0036758040655073855;0.0010997628041324852;0.009143049722083331;2049;1976;2049;251
D09M;611;0.0037342044398093917;0.0010364092317850062;0.009253412693749997;0.0037342044398093917;0.0010364092317850062;0.009253412693749997;2048;1983;2048;252
D09M;612;0.003802803522935536;0.0009817534581792733;0.009368656956250006;0.003802803522935536;0.0009817534581792733;0.009368656956250006;2047;1988;2047;253
D09M;613;0.003867924676047695;0.0009404760282152928;0.009482576524583335;0.003867924676047695;0.0009404760282152928;0.009482576524583335;2046;1992;2046;254
D09M;614;0.003932333463013937;0.0008824301771017351;0.009603285443333331;0.003932333463013937;0.0008824301771017351;0.009603285443333331;2045;1997;2043;255
D09M;615;0.003991131675222968;0.0008089862658378003;0.009705590205833337;0.003991131675222968;0.0008089862658378003;0.009705590205833337;2043;2004;2042;256
D09M;616;0.004051417878545403;0.0007739731476672969;0.009811091028750003;0.004051417878545403;0.0007739731476672969;0.009811091028750003;2042;2006;2041;257
D09M;617;0.004103515061775969;0.0007285893221185528;0.009903957857916673;0.004103515061775969;0.0007285893221185528;0.009903957857916673;2040;2009;2040;258
D09M;618;0.004147212128928787;0.0006702380149459464;0.00997862615375001;0.004147212128928787;0.0006702380149459464;0.00997862615375001;2039;2017;2039;259
D09M;619;0.00418584914224694;0.0006559349380984141;0.010056588667083338;0.00418584914224694;0.0006559349380984141;0.010056588667083338;2038;2018;2038;260
D09M;620;0.004216291183753924;0.0006086237112759547;0.010119420310416676;0.004216291183753924;0.0006086237112759547;0.010119420310416676;2037;2026;2037;261
D09M;621;0.004249810234425292;0.0005774616829148002;0.010171102672083328;0.004249810234425292;0.0005774616829148002;0.010171102672083328;2036;2033;2035;262
D09M;622;0.0042750351254067075;0.0005599364968244462;0.010209224724166667;0.0042750351254067075;0.0005599364968244462;0.010209224724166667;2035;2037;2034;263
D09M;623;0.004296441380920803;0.0005174023308054974;0.010244114902499997;0.004296441380920803;0.0005174023308054974;0.010244114902499997;2033;2051;2033;264
D09M;624;0.004307024027830157;0.0005072583862837001;0.010258478660833334;0.004307024027830157;0.0005072583862837001;0.010258478660833334;2032;2056;2032;265
D09M;625;0.004326001250053895;0.0005411815417061402;0.010282483469583333;0.004326001250053895;0.0005411815417061402;0.010282483469583333;2031;2041;2030;266
D09M;626;0.004336408727341285;0.0005326719592304462;0.010297832240416659;0.004336408727341285;0.0005326719592304462;0.010297832240416659;2028;2046;2029;267
D09M;627;0.004333325979044174;0.0005404796565296119;0.010304720388749994;0.004333325979044174;0.0005404796565296119;0.010304720388749994;2029;2042;2026;268
D09M;628;0.004332919641593451;0.0005301088571857581;0.010302478422500004;0.004332919641593451;0.0005301088571857581;0.010302478422500004;2030;2047;2027;269
D09M;629;0.004339555073765117;0.0005095344148540041;0.010297844617499996;0.004339555073765117;0.0005095344148540041;0.010297844617499996;2027;2055;2028;270
D09M;630;0.004343156145922171;0.0005103852546055673;0.010310479572083343;0.004343156145922171;0.0005103852546055673;0.010310479572083343;2026;2054;2025;271
D09M;631;0.0043455217486522354;0.0005011593324654662;0.010310613923749996;0.0043455217486522354;0.0005011593324654662;0.010310613923749996;2025;2057;2024;272
D09M;632;0.004357382274001185;0.00046602860686818413;0.010321582466666666;0.004357382274001185;0.00046602860686818413;0.010321582466666666;2024;2066;2023;273
D09M;633;0.004373684708833505;0.00045969847278362207;0.010344306854583325;0.004373684708833505;0.00045969847278362207;0.010344306854583325;2023;2067;2022;274
D09M;634;0.004396615952595518;0.0004278236448867196;0.010390448566250002;0.004396615952595518;0.0004278236448867196;0.010390448566250002;2022;2073;2021;275
D09M;635;0.004426702749347229;0.0003761442009434113;0.010431431214583335;0.004426702749347229;0.0003761442009434113;0.010431431214583335;2021;2084;2020;276
D09M;636;0.0044754450102663;0.00026670821292981614;0.010497768096249999;0.0044754450102663;0.00026670821292981614;0.010497768096249999;2019;2107;2019;277
D09M;637;0.00453147029922789;0.0002142702200306141;0.010591223803333334;0.00453147029922789;0.0002142702200306141;0.010591223803333334;2018;2118;2018;278
D09M;638;0.004595058337210515;0.00010853118270780309;0.010709926974166659;0.004595058337210515;0.00010853118270780309;0.010709926974166659;2016;2138;2017;279
D09M;639;0.00466161044304638;5.924223351065529e-06;0.01083785263333334;0.00466161044304638;5.924223351065529e-06;0.01083785263333334;2015;2150;2015;280
D09M;640;0.0047400923951289725;-6.319171296715084e-05;0.010977673832916666;0.0047400923951289725;6.319171296715084e-05;0.010977673832916666;2014;2143;2012;281
D09M;641;0.004834511855955991;-0.0001883238757893606;0.011136340032499997;0.004834511855955991;0.0001883238757893606;0.011136340032499997;2011;2122;2011;282
D09M;642;0.00492037649049294;-0.00027367309636788697;0.011297866902083328;0.00492037649049294;0.00027367309636788697;0.011297866902083328;2009;2104;2009;283
D09M;643;0.004997559499176142;-0.00035425433107009693;0.011441863694999999;0.004997559499176142;0.00035425433107009693;0.011441863694999999;2008;2092;2008;284
D09M;644;0.005082836944096885;-0.00041871830544167743;0.011596017817083339;0.005082836944096885;0.00041871830544167743;0.011596017817083339;2006;2076;2006;285
D09M;645;0.005160174979967543;-0.0004701199583415475;0.011742263662916662;0.005160174979967543;0.0004701199583415475;0.011742263662916662;2004;2065;1999;286
D09M;646;0.005231792526383853;-0.000513934279524027;0.011877494332499995;0.005231792526383853;0.000513934279524027;0.011877494332499995;2002;2052;1993;287
D09M;647;0.005299890306331257;-0.000536206691869761;0.012008770172083336;0.005299890306331257;0.000536206691869761;0.012008770172083336;2001;2044;1988;288
D09M;648;0.005356514521024345;-0.0005876815642049791;0.012125627152500006;0.005356514521024345;0.0005876815642049791;0.012125627152500006;2000;2031;1986;289
D09M;649;0.005402375199481965;-0.0005962621402535292;0.012220844324583334;0.005402375199481965;0.0005962621402535292;0.012220844324583334;1997;2030;1983;290
D09M;650;0.005452607456156526;-0.000579431569598224;0.012310061244583337;0.005452607456156526;0.000579431569598224;0.012310061244583337;1996;2032;1980;291
D09M;651;0.005499525827895717;-0.0005537872662646883;0.012399319110833334;0.005499525827895717;0.0005537872662646883;0.012399319110833334;1995;2039;1976;292
D09M;652;0.005523377725878306;-0.0005472129888075619;0.012471788752499997;0.005523377725878306;0.0005472129888075619;0.012471788752499997;1993;2040;1975;293
D09M;653;0.005555891301069195;-0.0005276353701875681;0.012541927116250004;0.005555891301069195;0.0005276353701875681;0.012541927116250004;1992;2048;1972;294
D09M;654;0.005584051856586557;-0.0004895898994228232;0.012607467010416672;0.005584051856586557;0.0004895898994228232;0.012607467010416672;1991;2061;1971;295
D09M;655;0.005604681889114676;-0.0004934636229114773;0.012666963766666664;0.005604681889114676;0.0004934636229114773;0.012666963766666664;1990;2059;1968;296
D09M;656;0.005639918062786618;-0.0004777843480040321;0.012742249295833341;0.005639918062786618;0.0004777843480040321;0.012742249295833341;1987;2063;1966;297
D09M;657;0.005672966432988992;-0.0004472912000312331;0.012804290819166668;0.005672966432988992;0.0004472912000312331;0.012804290819166668;1986;2068;1964;298
D09M;658;0.005715103345188037;-0.000396642571870466;0.01288268040708334;0.005715103345188037;0.000396642571870466;0.01288268040708334;1984;2080;1961;299
D09M;659;0.005757489023089873;-0.0003627248653376026;0.012976212380833338;0.005757489023089873;0.0003627248653376026;0.012976212380833338;1982;2087;1959;300
D09M;660;0.005783593434008374;-0.00036080531086426745;0.013053353252916663;0.005783593434008374;0.00036080531086426745;0.013053353252916663;1981;2088;1955;301
D09M;661;0.005824025212085702;-0.0003484658992547527;0.013129550908333329;0.005824025212085702;0.0003484658992547527;0.013129550908333329;1979;2093;1954;302
D09M;662;0.0058726956038364034;-0.0003070239623441203;0.013210214379583342;0.0058726956038364034;0.0003070239623441203;0.013210214379583342;1976;2098;1950;303
D09M;663;0.0059006249569364885;-0.00029263597874156156;0.01325263110541667;0.0059006249569364885;0.00029263597874156156;0.01325263110541667;1973;2100;1949;304
D09M;664;0.0059299240914142525;-0.0002673022635117505;0.013320311639166658;0.0059299240914142525;0.0002673022635117505;0.013320311639166658;1971;2106;1945;305
D09M;665;0.0059602775108677794;-0.00023005597625850888;0.013384622164999992;0.0059602775108677794;0.00023005597625850888;0.013384622164999992;1967;2115;1942;306
D09M;666;0.005980789663931292;-0.00020469558426554772;0.01343812737333333;0.005980789663931292;0.00020469558426554772;0.01343812737333333;1964;2121;1940;307
D09M;667;0.005999614541523671;-0.00017642291803456127;0.013471460698333326;0.005999614541523671;0.00017642291803456127;0.013471460698333326;1963;2123;1937;308
D09M;668;0.006010383009301613;-0.00013613494713378735;0.013498969611666668;0.006010383009301613;0.00013613494713378735;0.013498969611666668;1959;2129;1935;309
D09M;669;0.006015271091483103;-7.777297158956678e-05;0.013524039005416662;0.006015271091483103;7.777297158956678e-05;0.013524039005416662;1958;2140;1931;310
D09M;670;0.006004629431327546;1.5872922438098422e-05;0.013533999195416667;0.006004629431327546;1.5872922438098422e-05;0.013533999195416667;1962;2149;1929;311
D09M;671;0.006008639456851872;7.284499077162964e-05;0.013543993115833333;0.006008639456851872;7.284499077162964e-05;0.013543993115833333;1960;2141;1927;312
D09M;672;0.006006124977972316;0.0001290100266590246;0.013550272169583343;0.006006124977972316;0.0001290100266590246;0.013550272169583343;1961;2133;1926;313
D09M;673;0.005977816116794222;0.00021090346004258212;0.013534559810000006;0.005977816116794222;0.00021090346004258212;0.013534559810000006;1965;2120;1928;314
D09M;674;0.00597020085063413;0.00027308687068852987;0.013529905001250002;0.00597020085063413;0.00027308687068852987;0.013529905001250002;1966;2105;1930;315
D09M;675;0.005960211073013605;0.00034375443222276354;0.013520748872500002;0.005960211073013605;0.00034375443222276354;0.013520748872500002;1968;2094;1933;316
D09M;676;0.005944749729402756;0.00043147182165170094;0.013510768285833336;0.005944749729402756;0.00043147182165170094;0.013510768285833336;1969;2072;1934;317
D09M;677;0.005916779235948813;0.0005189908568356329;0.01349452256375;0.005916779235948813;0.0005189908568356329;0.01349452256375;1972;2050;1936;318
D09M;678;0.005899743197794046;0.0006223926827221328;0.01347087738666667;0.005899743197794046;0.0006223926827221328;0.01347087738666667;1974;2024;1938;319
D09M;679;0.005872301003549067;0.0007391036629952191;0.01343974966208334;0.005872301003549067;0.0007391036629952191;0.01343974966208334;1977;2008;1939;320
D09M;680;0.0058379698869829;0.0008506203330442884;0.01340557064791667;0.0058379698869829;0.0008506203330442884;0.01340557064791667;1978;2001;1941;321
D09M;681;0.00579851846493066;0.0009689600166032149;0.013355998773750002;0.00579851846493066;0.0009689600166032149;0.013355998773750002;1980;1990;1943;322
D09M;682;0.0057512754506058444;0.0010492008893500664;0.013276744387499997;0.0057512754506058444;0.0010492008893500664;0.013276744387499997;1983;1982;1947;323
D09M;683;0.005694487674598102;0.0011558339490219433;0.013184086939999992;0.005694487674598102;0.0011558339490219433;0.013184086939999992;1985;1972;1951;324
D09M;684;0.005612699442592441;0.0012884973877105267;0.013047479253333334;0.005612699442592441;0.0012884973877105267;0.013047479253333334;1989;1962;1956;325
D09M;685;0.005516462935237067;0.0014140538834488097;0.012871448234166659;0.005516462935237067;0.0014140538834488097;0.012871448234166659;1994;1950;1962;326
D09M;686;0.005386472979768969;0.001579559909686543;0.012637770092916667;0.005386472979768969;0.001579559909686543;0.012637770092916667;1999;1936;1969;327
D09M;687;0.005215163497186243;0.0017535275090726334;0.012340786544999989;0.005215163497186243;0.0017535275090726334;0.012340786544999989;2003;1920;1978;328
D09M;688;0.0050172839186240145;0.001956575303761946;0.011987139222916658;0.0050172839186240145;0.001956575303761946;0.011987139222916658;2007;1905;1990;329
D09M;689;0.00476439758165209;0.002255065906444724;0.01151350235208333;0.00476439758165209;0.002255065906444724;0.01151350235208333;2013;1881;2007;330
D09M;690;0.004457735149185452;0.002602169078541941;0.010950281165833332;0.004457735149185452;0.002602169078541941;0.010950281165833332;2020;1861;2013;331
D09M;691;0.004089101197544933;0.003036243068320376;0.010278303933750003;0.004089101197544933;0.003036243068320376;0.010278303933750003;2041;1832;2031;332
D09M;692;0.003660435737272696;0.0035804778531063532;0.00949395140833334;0.003660435737272696;0.0035804778531063532;0.00949395140833334;2050;1798;2045;333
D09M;693;0.003155884166947203;0.0042221634246041835;0.008583234210833332;0.003155884166947203;0.0042221634246041835;0.008583234210833332;2062;1758;2056;334
D09M;694;0.0025713787790801073;0.004975263164900791;0.007529087980416668;0.0025713787790801073;0.004975263164900791;0.007529087980416668;2079;1690;2072;335
D09M;695;0.0019036164180052761;0.005835490592591998;0.006312007546249998;0.0019036164180052761;0.005835490592591998;0.006312007546249998;2091;1626;2088;336
D09M;696;0.0011654787761317875;0.006771120751160285;0.004954792656666665;0.0011654787761317875;0.006771120751160285;0.004954792656666665;2116;1554;2098;337
D09M;697;0.0003492797152463745;0.007752362828077863;0.0034439601320833263;0.0003492797152463745;0.007752362828077863;0.0034439601320833263;2142;1510;2109;338
D09M;698;-0.0005520879676176028;0.008755994127707712;0.0017684514979166566;0.0005520879676176028;0.008755994127707712;0.0017684514979166566;2136;1485;2124;339
D09M;699;-0.001537663928917989;0.009707187067543964;-8.082317999999478e-05;0.001537663928917989;0.009707187067543964;8.082317999999478e-05;2097;1469;2147;340
D09M;700;-0.0025627184534882125;0.010605490403774584;-0.0020541394812500086;0.0025627184534882125;0.010605490403774584;0.0020541394812500086;2080;1454;2120;341
D09M;701;-0.0036460101490149123;0.011429129692508236;-0.004150889116249987;0.0036460101490149123;0.011429129692508236;0.004150889116249987;2051;1436;2104;342
D09M;702;-0.0047802736220823585;0.012135643267238561;-0.006349443791666673;0.0047802736220823585;0.012135643267238561;0.006349443791666673;2012;1416;2086;343
D09M;703;-0.005933619670007165;0.012715404189658342;-0.008596623877916681;0.005933619670007165;0.012715404189658342;0.008596623877916681;1970;1402;2055;344
D09M;704;-0.0070994734036950715;0.013142962970245767;-0.010870546193749997;0.0070994734036950715;0.013142962970245767;0.010870546193749997;1951;1392;2014;345
D09M;705;-0.008256908336661477;0.013421478074028466;-0.013147903491666668;0.008256908336661477;0.013421478074028466;0.013147903491666668;1936;1382;1953;346
D09M;706;-0.009391566248337233;0.013559629892576931;-0.015401724625000002;0.009391566248337233;0.013559629892576931;0.015401724625000002;1886;1377;1906;347
D09M;707;-0.010506361538858764;0.013565845743654955;-0.017592329097916665;0.010506361538858764;0.013565845743654955;0.017592329097916665;1839;1376;1876;348
D09M;708;-0.011586923158083465;0.013435911082224182;-0.01971264876333334;0.011586923158083465;0.013435911082224182;0.01971264876333334;1803;1381;1821;349
D09M;709;-0.012628635868833145;0.013170019163081088;-0.021758759862083338;0.012628635868833145;0.013170019163081088;0.021758759862083338;1760;1391;1765;350
D09M;710;-0.013628381274242221;0.012780477120876602;-0.02372132684791664;0.013628381274242221;0.012780477120876602;0.02372132684791664;1725;1401;1718;351
D09M;711;-0.014578273059079874;0.012304841948204812;-0.02555886128666665;0.014578273059079874;0.012304841948204812;0.02555886128666665;1697;1410;1669;352
D09M;712;-0.01547422212618165;0.011712779854713846;-0.027273008980833374;0.01547422212618165;0.011712779854713846;0.027273008980833374;1669;1428;1627;353
D09M;713;-0.016312973377102313;0.011008769021017765;-0.02886208356083328;0.016312973377102313;0.011008769021017765;0.02886208356083328;1645;1444;1582;354
D09M;714;-0.017093175316331064;0.01022960200277287;-0.03031905900375001;0.017093175316331064;0.01022960200277287;0.03031905900375001;1616;1460;1529;355
D09M;715;-0.017820290120470827;0.009351084923558368;-0.03165593280833334;0.017820290120470827;0.009351084923558368;0.03165593280833334;1594;1475;1453;356
D09M;716;-0.01849112470014105;0.008407971483800653;-0.032859476384583364;0.01849112470014105;0.008407971483800653;0.032859476384583364;1570;1497;1372;357
D09M;717;-0.019104843599532045;0.007426219376606715;-0.033928871645416636;0.019104843599532045;0.007426219376606715;0.033928871645416636;1546;1519;1271;358
D09M;718;-0.019666648034151808;0.006398125425753166;-0.034896611554583346;0.019666648034151808;0.006398125425753166;0.034896611554583346;1521;1594;1206;359
D09M;719;-0.020174522835468812;0.0053002994118597985;-0.03574658466208336;0.020174522835468812;0.0053002994118597985;0.03574658466208336;1498;1652;1110;360
D09M;720;-0.020629751304223128;0.004161511360381359;-0.036477685754166655;0.020629751304223128;0.004161511360381359;0.036477685754166655;1469;1767;1089;361
D09M;721;-0.021036468357094384;0.003018663253682472;-0.0370967364075;0.021036468357094384;0.003018663253682472;0.0370967364075;1444;1835;1064;362
D09M;722;-0.021399020934902948;0.0018436808339333077;-0.037619731487499974;0.021399020934902948;0.0018436808339333077;0.037619731487499974;1412;1910;1042;363
D09M;723;-0.021717064540033866;0.0006231158893650561;-0.03805869938791662;0.021717064540033866;0.0006231158893650561;0.03805869938791662;1360;2023;1018;364
D09M;724;-0.021992417339278862;-0.0006067819965503781;-0.03841711059458336;0.021992417339278862;0.0006067819965503781;0.03841711059458336;1320;2027;1002;365
D09M;725;-0.022230820386483;-0.0017849461176352869;-0.038695195209583366;0.022230820386483;0.0017849461176352869;0.038695195209583366;1297;1917;990;366
D09M;726;-0.02245140595767426;-0.0029915709550867235;-0.03893081516500002;0.02245140595767426;0.0029915709550867235;0.03893081516500002;1274;1837;975;367
D09M;727;-0.02264547104865627;-0.004199197306660977;-0.03911745342958328;0.02264547104865627;0.004199197306660977;0.03911745342958328;1203;1763;964;368
D09M;728;-0.022806132510511848;-0.005380857377261037;-0.03924990367500003;0.022806132510511848;0.005380857377261037;0.03924990367500003;1179;1649;953;369
D09M;729;-0.02293850245009298;-0.006542332756387777;-0.039338658319166664;0.02293850245009298;0.006542332756387777;0.039338658319166664;1161;1585;944;370
D09M;730;-0.023058181444389744;-0.007650128347441363;-0.03941024301875001;0.023058181444389744;0.007650128347441363;0.03941024301875001;1141;1513;936;371
D09M;731;-0.02316457890656536;-0.008726398037933238;-0.03946201099541663;0.02316457890656536;0.008726398037933238;0.03946201099541663;1120;1486;931;372
D09M;732;-0.02325649650130311;-0.009794495085730654;-0.03948657346250006;0.02325649650130311;0.009794495085730654;0.03948657346250006;1094;1466;928;373
D09M;733;-0.023355248342445237;-0.010812484340866383;-0.03949877494083337;0.023355248342445237;0.010812484340866383;0.03949877494083337;1081;1449;927;374
D09M;734;-0.02344087888912745;-0.011769841273068862;-0.03950317659916669;0.02344087888912745;0.011769841273068862;0.03950317659916669;1077;1426;924;375
D09M;735;-0.023511548810214108;-0.012699736197970676;-0.03950404322458334;0.023511548810214108;0.012699736197970676;0.03950404322458334;1074;1403;923;376
D09M;736;-0.02357830833954036;-0.013657508978116292;-0.03950463550708333;0.02357830833954036;0.013657508978116292;0.03950463550708333;1070;1374;922;377
D09M;737;-0.023636535247860246;-0.014587607900730147;-0.03950229202583333;0.023636535247860246;0.014587607900730147;0.03950229202583333;1067;1355;925;378
D09M;738;-0.023694486193653122;-0.015449347982973217;-0.03950905862666665;0.023694486193653122;0.015449347982973217;0.03950905862666665;1063;1342;921;379
D09M;739;-0.02375198109781008;-0.016246010434393172;-0.03952557285250008;0.02375198109781008;0.016246010434393172;0.03952557285250008;1060;1327;918;380
D09M;740;-0.023795809050769678;-0.017036556103318883;-0.03953472640708333;0.023795809050769678;0.017036556103318883;0.03953472640708333;1057;1317;915;381
D09M;741;-0.023839878319343037;-0.017780822606820845;-0.039558336386250004;0.023839878319343037;0.017780822606820845;0.039558336386250004;1054;1304;910;382
D09M;742;-0.023887166989666416;-0.018478671056168926;-0.03959106258708339;0.023887166989666416;0.018478671056168926;0.03959106258708339;1051;1295;900;383
D09M;743;-0.023937369844758603;-0.01914053850893336;-0.0396218552025;0.023937369844758603;0.01914053850893336;0.0396218552025;1047;1285;895;384
D09M;744;-0.02398885419364416;-0.01976845142124206;-0.03964199008000002;0.02398885419364416;0.01976845142124206;0.03964199008000002;1043;1276;893;385
D09M;745;-0.024031449863050926;-0.020407368015241838;-0.03967548168125001;0.024031449863050926;0.020407368015241838;0.03967548168125001;1039;1265;885;386
D09M;746;-0.024067820862061235;-0.02102295343681423;-0.03972408334041666;0.024067820862061235;0.02102295343681423;0.03972408334041666;1035;1251;877;387
D09M;747;-0.024107328906853333;-0.021554334523441587;-0.03977955053666665;0.024107328906853333;0.021554334523441587;0.03977955053666665;1032;1216;872;388
D09M;748;-0.024154849999233823;-0.022026260116740595;-0.03985139700416662;0.024154849999233823;0.022026260116740595;0.03985139700416662;1027;1177;867;389
D09M;749;-0.024198819301421964;-0.02248600392850998;-0.039921271211666665;0.024198819301421964;0.02248600392850998;0.039921271211666665;1022;1109;860;390
D09M;750;-0.024234669128683304;-0.022942218137712262;-0.039982097770833336;0.024234669128683304;0.022942218137712262;0.039982097770833336;1017;1070;857;391
D09M;751;-0.024266860054188783;-0.02336339241416862;-0.04004084206041664;0.024266860054188783;0.02336339241416862;0.04004084206041664;1012;1013;850;392
D09M;752;-0.024297652569030603;-0.023778671895229805;-0.04010275850166661;0.024297652569030603;0.023778671895229805;0.04010275850166661;1006;971;846;393
D09M;753;-0.02433205137608071;-0.024166942727745697;-0.040163104573333275;0.02433205137608071;0.024166942727745697;0.040163104573333275;1005;949;840;394
D09M;754;-0.024371388678959258;-0.024512599129417195;-0.04022080349666668;0.024371388678959258;0.024512599129417195;0.04022080349666668;1003;928;836;395
D09M;755;-0.024410407075639587;-0.0248297215474218;-0.040287650164583355;0.024410407075639587;0.0248297215474218;0.040287650164583355;1001;921;830;396
D09M;756;-0.024436091598913672;-0.02513655463877974;-0.04034876219958333;0.024436091598913672;0.02513655463877974;0.04034876219958333;999;913;826;397
D09M;757;-0.024457184869344614;-0.025421923125084362;-0.040404681309166635;0.024457184869344614;0.025421923125084362;0.040404681309166635;998;883;820;398
D09M;758;-0.02448447956283028;-0.02566949524977503;-0.04045723723625;0.02448447956283028;0.02566949524977503;0.04045723723625;986;864;815;399
D09M;759;-0.02450141443174411;-0.025887227867979604;-0.0404885348454167;0.02450141443174411;0.025887227867979604;0.0404885348454167;975;849;807;400
D09M;760;-0.024515609373358452;-0.026096127370936327;-0.0405232298370834;0.024515609373358452;0.026096127370936327;0.0405232298370834;972;837;804;401
D09M;761;-0.024530998647527173;-0.02630262014105017;-0.04056814279666665;0.024530998647527173;0.02630262014105017;0.04056814279666665;965;824;797;402
D09M;762;-0.024547142587009966;-0.026498470153911036;-0.040614704219166686;0.024547142587009966;0.026498470153911036;0.040614704219166686;961;812;790;403
D09M;763;-0.024552997092904857;-0.02665081959316948;-0.040648329768333324;0.024552997092904857;0.02665081959316948;0.040648329768333324;959;801;783;404
D09M;764;-0.024564636503037574;-0.026794028009947308;-0.04067256065791669;0.024564636503037574;0.026794028009947308;0.04067256065791669;953;784;779;405
D09M;765;-0.024583742536385407;-0.026938835334844476;-0.04069668766083334;0.024583742536385407;0.026938835334844476;0.04069668766083334;943;767;773;406
D09M;766;-0.024589130397741;-0.027053839227506905;-0.040733268580416704;0.024589130397741;0.027053839227506905;0.040733268580416704;941;738;764;407
D09M;767;-0.02460010433144827;-0.027177042570898882;-0.04075471433874994;0.02460010433144827;0.027177042570898882;0.04075471433874994;937;717;751;408
D09M;768;-0.02461357606726558;-0.027304239930378147;-0.0407750902054167;0.02461357606726558;0.027304239930378147;0.0407750902054167;934;693;742;409
D09M;769;-0.024622694928588106;-0.027425098545400903;-0.04080829954375004;0.024622694928588106;0.027425098545400903;0.04080829954375004;928;671;733;410
D09M;770;-0.02462448140530071;-0.02754545117678962;-0.040843578216249954;0.02462448140530071;0.02754545117678962;0.040843578216249954;927;655;714;411
D09M;771;-0.02462490284728577;-0.027618665160834582;-0.040862075428333366;0.02462490284728577;0.027618665160834582;0.040862075428333366;926;638;706;412
D09M;772;-0.024625718733129003;-0.02766648354203452;-0.040867071307916725;0.024625718733129003;0.02766648354203452;0.040867071307916725;925;624;702;413
D09M;773;-0.02462657987959883;-0.027731660655311224;-0.04087256805083328;0.02462657987959883;0.027731660655311224;0.04087256805083328;923;617;697;414
D09M;774;-0.024625896379626783;-0.027804019874752665;-0.040891016669583335;0.024625896379626783;0.027804019874752665;0.040891016669583335;924;608;685;415
D09M;775;-0.024628421107677444;-0.027874818587631734;-0.04090889906708328;0.024628421107677444;0.027874818587631734;0.04090889906708328;921;593;672;416
D09M;776;-0.024633579058448495;-0.027938932903892266;-0.04092108473750006;0.024633579058448495;0.027938932903892266;0.04092108473750006;919;577;668;417
D09M;777;-0.024635872648196652;-0.02799535581583607;-0.04092866878333329;0.024635872648196652;0.02799535581583607;0.04092866878333329;918;568;666;418
D09M;778;-0.024626913247875536;-0.02805079743319919;-0.04090763885875004;0.024626913247875536;0.02805079743319919;0.04090763885875004;922;556;675;419
D09M;779;-0.024620326970973033;-0.028095969536275276;-0.04090045394416669;0.024620326970973033;0.028095969536275276;0.04090045394416669;931;542;684;420
D09M;780;-0.0246220235329687;-0.02813127332698081;-0.04091985908291662;0.0246220235329687;0.02813127332698081;0.04091985908291662;930;538;670;421
D09M;781;-0.02462234044317303;-0.028173629757875934;-0.04092355313624996;0.02462234044317303;0.028173629757875934;0.04092355313624996;929;536;667;422
D09M;782;-0.024619243070603022;-0.02820097472062412;-0.040920083802916674;0.024619243070603022;0.02820097472062412;0.040920083802916674;932;533;669;423
D09M;783;-0.02461426608631709;-0.028220887492839047;-0.040911964925000044;0.02461426608631709;0.028220887492839047;0.040911964925000044;933;530;671;424
D09M;784;-0.02460928107407769;-0.02824183866761683;-0.040903266920416737;0.02460928107407769;0.02824183866761683;0.040903266920416737;935;527;680;425
D09M;785;-0.02460355110396994;-0.02825110952923292;-0.04090342992750001;0.02460355110396994;0.02825110952923292;0.04090342992750001;936;526;679;426
D09M;786;-0.024599080354939306;-0.028289282314415472;-0.040908523409166675;0.024599080354939306;0.028289282314415472;0.040908523409166675;938;522;673;427
D09M;787;-0.0245923998981117;-0.028326026135133894;-0.040906155851250015;0.0245923998981117;0.028326026135133894;0.040906155851250015;940;518;676;428
D09M;788;-0.02458110491432458;-0.028320589214588812;-0.04088755427541668;0.02458110491432458;0.028320589214588812;0.04088755427541668;946;519;687;429
D09M;789;-0.024578492877031073;-0.02833249193038759;-0.04087786110416669;0.024578492877031073;0.02833249193038759;0.04087786110416669;948;517;693;430
D09M;790;-0.024582157723985247;-0.028369917319008484;-0.04087182784958332;0.024582157723985247;0.028369917319008484;0.04087182784958332;945;512;699;431
D09M;791;-0.024583336486453944;-0.028406055361643517;-0.04086591335666662;0.024583336486453944;0.028406055361643517;0.04086591335666662;944;505;703;432
D09M;792;-0.024571979265657386;-0.028399568941484266;-0.04085870866791669;0.024571979265657386;0.028399568941484266;0.04085870866791669;950;507;708;433
D09M;793;-0.02456444324022969;-0.028414310494273367;-0.04084512673874996;0.02456444324022969;0.028414310494273367;0.04084512673874996;954;504;713;434
D09M;794;-0.024564408229176583;-0.028430536319487717;-0.04084160891499994;0.024564408229176583;0.028430536319487717;0.04084160891499994;955;499;715;435
D09M;795;-0.024566711247970635;-0.028426441122690715;-0.040846677288333355;0.024566711247970635;0.028426441122690715;0.040846677288333355;951;503;712;436
D09M;796;-0.02455778980757513;-0.02839393927114888;-0.040833475336250036;0.02455778980757513;0.02839393927114888;0.040833475336250036;957;510;719;437
D09M;797;-0.024549439192823923;-0.028404668415566055;-0.040827050044166646;0.024549439192823923;0.028404668415566055;0.040827050044166646;960;506;724;438
D09M;798;-0.02453595043034754;-0.02842872053762718;-0.04081591344958335;0.02453595043034754;0.02842872053762718;0.04081591344958335;963;501;728;439
D09M;799;-0.02451778858325182;-0.028433244261591804;-0.04079721899458327;0.02451778858325182;0.028433244261591804;0.04079721899458327;970;498;738;440
D09M;800;-0.02451862660780171;-0.028433378241393716;-0.04080829610166664;0.02451862660780171;0.028433378241393716;0.04080829610166664;968;497;734;441
D09M;801;-0.024517143071022665;-0.02843712557878365;-0.04079941368291673;0.024517143071022665;0.02843712557878365;0.04079941368291673;971;494;736;442
D09M;802;-0.02450785962045103;-0.028439378534946803;-0.04077195976833331;0.02450785962045103;0.028439378534946803;0.04077195976833331;974;493;747;443
D09M;803;-0.024495149133578496;-0.028435799806036954;-0.04074671904291666;0.024495149133578496;0.028435799806036954;0.04074671904291666;981;496;757;444
D09M;804;-0.024498631479558674;-0.02844380379678877;-0.04074090785833334;0.024498631479558674;0.02844380379678877;0.04074090785833334;977;492;761;445
D09M;805;-0.024500796069292348;-0.028470598084080406;-0.04075919263749994;0.024500796069292348;0.028470598084080406;0.04075919263749994;976;488;749;446
D09M;806;-0.02449633298157847;-0.028495479606968705;-0.04077483724708336;0.02449633298157847;0.028495479606968705;0.04077483724708336;979;480;743;447
D09M;807;-0.024489194656278766;-0.028490281758381614;-0.040754074445000066;0.024489194656278766;0.028490281758381614;0.040754074445000066;983;483;752;448
D09M;808;-0.024488433866926368;-0.02849049700550012;-0.04074087210624999;0.024488433866926368;0.02849049700550012;0.04074087210624999;984;482;762;449
D09M;809;-0.024484541750431073;-0.028489380649827065;-0.04073436515791673;0.024484541750431073;0.028489380649827065;0.04073436515791673;985;484;763;450
D09M;810;-0.02447565588444177;-0.028480040723562326;-0.04072942448;0.02447565588444177;0.028480040723562326;0.04072942448;990;485;766;451
D09M;811;-0.024469546506403293;-0.028461668797689636;-0.04072189149291672;0.024469546506403293;0.028461668797689636;0.04072189149291672;996;491;769;452
D09M;812;-0.024479507826488167;-0.02846727195940608;-0.040729561778750034;0.024479507826488167;0.02846727195940608;0.040729561778750034;988;490;765;453
D09M;813;-0.024484219823054165;-0.028490768527726147;-0.04074118064874993;0.024484219823054165;0.028490768527726147;0.04074118064874993;987;481;760;454
D09M;814;-0.024475694975646802;-0.028515954349067285;-0.04074749268375;0.024475694975646802;0.028515954349067285;0.04074749268375;989;477;756;455
D09M;815;-0.024475149103211115;-0.028523312363557127;-0.04075028288208332;0.024475149103211115;0.028523312363557127;0.04075028288208332;992;475;754;456
D09M;816;-0.024475390748221852;-0.028533347904919168;-0.04074807515166673;0.024475390748221852;0.028533347904919168;0.04074807515166673;991;474;755;457
D09M;817;-0.0244751125087506;-0.02854956929694121;-0.040756541435833404;0.0244751125087506;0.02854956929694121;0.040756541435833404;993;469;750;458
D09M;818;-0.024472875483850316;-0.028564208004775108;-0.04077860912291664;0.024472875483850316;0.028564208004775108;0.04077860912291664;994;466;740;459
D09M;819;-0.024461581365754114;-0.028549206434587204;-0.04077251152625;0.024461581365754114;0.028549206434587204;0.04077251152625;997;470;744;460
D09M;820;-0.024469628454306076;-0.028554044551517565;-0.04078078896541659;0.024469628454306076;0.028554044551517565;0.04078078896541659;995;468;739;461
D09M;821;-0.024496618215796982;-0.02856638461771047;-0.04081522739958332;0.024496618215796982;0.02856638461771047;0.04081522739958332;978;463;729;462
D09M;822;-0.02452493039934553;-0.028565425199800865;-0.040864266669583316;0.02452493039934553;0.028565425199800865;0.040864266669583316;966;464;705;463
D09M;823;-0.024518289969510138;-0.02859708451934838;-0.04087501955666667;0.024518289969510138;0.02859708451934838;0.04087501955666667;969;459;695;464
D09M;824;-0.024513039230374872;-0.028601124209494733;-0.040884340934999985;0.024513039230374872;0.028601124209494733;0.040884340934999985;973;457;690;465
D09M;825;-0.024520978805231464;-0.028593672691855535;-0.04090534072416668;0.024520978805231464;0.028593672691855535;0.04090534072416668;967;460;678;466
D09M;826;-0.024535856944179656;-0.02862461751398015;-0.04093319275458335;0.024535856944179656;0.02862461751398015;0.04093319275458335;964;455;663;467
D09M;827;-0.02454579349767075;-0.02865324546193546;-0.04095258581958333;0.02454579349767075;0.02865324546193546;0.04095258581958333;962;452;654;468
D09M;828;-0.0245555136098891;-0.028664302928100283;-0.040987027290416644;0.0245555136098891;0.028664302928100283;0.040987027290416644;958;449;642;469
D09M;829;-0.024566036382323617;-0.028676754330206146;-0.04103361621666668;0.024566036382323617;0.028676754330206146;0.04103361621666668;952;448;628;470
D09M;830;-0.024574176726524486;-0.02872701143283166;-0.04106407619416669;0.024574176726524486;0.02872701143283166;0.04106407619416669;949;440;617;471
D09M;831;-0.024578831348697917;-0.028728767120693426;-0.041060924425416645;0.024578831348697917;0.028728767120693426;0.041060924425416645;947;438;620;472
D09M;832;-0.024598713707341638;-0.02872045109651007;-0.04108761193166666;0.024598713707341638;0.02872045109651007;0.04108761193166666;939;442;608;473
D09M;833;-0.024629580162218945;-0.02872863731156977;-0.041150702337083345;0.024629580162218945;0.02872863731156977;0.041150702337083345;920;439;595;474
D09M;834;-0.024636611719021297;-0.0287409203855039;-0.04117288520583334;0.024636611719021297;0.0287409203855039;0.04117288520583334;917;435;585;475
D09M;835;-0.02464618158147032;-0.02876656108996792;-0.04121468132166667;0.02464618158147032;0.02876656108996792;0.04121468132166667;915;433;571;476
D09M;836;-0.024659162213135;-0.028790983148284578;-0.04125152919000008;0.024659162213135;0.028790983148284578;0.04125152919000008;914;431;556;477
D09M;837;-0.02466992181014044;-0.028806733740412663;-0.0412692294375;0.02466992181014044;0.028806733740412663;0.0412692294375;911;428;550;478
D09M;838;-0.02466974711912555;-0.02882868617648221;-0.04130469488249994;0.02466974711912555;0.02882868617648221;0.04130469488249994;913;423;535;479
D09M;839;-0.02468971011527473;-0.028853846476137222;-0.041349643579999984;0.02468971011527473;0.028853846476137222;0.041349643579999984;910;418;511;480
D09M;840;-0.024721421279111196;-0.02887893629212582;-0.041398693228750005;0.024721421279111196;0.02887893629212582;0.041398693228750005;908;414;482;481
D09M;841;-0.024747540356221728;-0.028905861682833937;-0.04144683383708342;0.024747540356221728;0.028905861682833937;0.04144683383708342;907;409;452;482
D09M;842;-0.02476157852113747;-0.028955762033522278;-0.04149199034833334;0.02476157852113747;0.028955762033522278;0.04149199034833334;905;405;447;483
D09M;843;-0.024767585524126126;-0.028979603862451284;-0.0415253388029167;0.024767585524126126;0.028979603862451284;0.0415253388029167;904;403;440;484
D09M;844;-0.024768974538934292;-0.02898621711200985;-0.04154900059999994;0.024768974538934292;0.02898621711200985;0.04154900059999994;903;402;438;485
D09M;845;-0.024771301495561854;-0.029001891358152915;-0.04157046271541659;0.024771301495561854;0.029001891358152915;0.04157046271541659;902;399;435;486
D09M;846;-0.02478897066947234;-0.029020754250563753;-0.04159596531083337;0.02478897066947234;0.029020754250563753;0.04159596531083337;900;397;431;487
D09M;847;-0.024800413590462842;-0.029050138466281746;-0.04163384983374996;0.024800413590462842;0.029050138466281746;0.04163384983374996;899;395;423;488
D09M;848;-0.024809135876669306;-0.029078943070896725;-0.04167468203666669;0.024809135876669306;0.029078943070896725;0.04167468203666669;898;389;417;489
D09M;849;-0.02482995519147518;-0.02908949335416535;-0.04170545529749997;0.02482995519147518;0.02908949335416535;0.04170545529749997;896;386;412;490
D09M;850;-0.024857151623095184;-0.029084427960357664;-0.0417529809820833;0.024857151623095184;0.029084427960357664;0.0417529809820833;892;387;403;491
D09M;851;-0.024868507648323362;-0.029093728623904507;-0.04178843825708334;0.024868507648323362;0.029093728623904507;0.04178843825708334;889;385;396;492
D09M;852;-0.024868544535699928;-0.02913118160771073;-0.041808303203333286;0.024868544535699928;0.02913118160771073;0.041808303203333286;888;379;392;493
D09M;853;-0.024879813533451513;-0.029186510147947722;-0.04183126161333334;0.024879813533451513;0.029186510147947722;0.04183126161333334;877;368;385;494
D09M;854;-0.024889678016340136;-0.02918524454630186;-0.04186640409249992;0.024889678016340136;0.02918524454630186;0.04186640409249992;875;370;378;495
D09M;855;-0.024904700644236347;-0.029190095919481587;-0.04190796457166662;0.024904700644236347;0.029190095919481587;0.04190796457166662;853;367;372;496
D09M;856;-0.02492501360725438;-0.029228789049487;-0.04194337347666666;0.02492501360725438;0.029228789049487;0.04194337347666666;823;360;364;497
D09M;857;-0.024942575204995692;-0.02927279400853808;-0.0419593409091667;0.024942575204995692;0.02927279400853808;0.0419593409091667;800;349;359;498
D09M;858;-0.02495413383288798;-0.029259687526446667;-0.04198818385124997;0.02495413383288798;0.029259687526446667;0.04198818385124997;790;352;352;499
D09M;859;-0.02496054687754748;-0.029245411784091596;-0.0420061667658333;0.02496054687754748;0.029245411784091596;0.0420061667658333;781;356;346;500
D09M;860;-0.024964499772875494;-0.029261597818491095;-0.04201477104000001;0.024964499772875494;0.029261597818491095;0.04201477104000001;779;351;344;501
D09M;861;-0.02496922353690168;-0.029280868312713128;-0.04205580542833337;0.02496922353690168;0.029280868312713128;0.04205580542833337;774;342;332;502
D09M;862;-0.024962598805487544;-0.029275251774913764;-0.04207854630916669;0.024962598805487544;0.029275251774913764;0.04207854630916669;780;346;313;503
D09M;863;-0.024959869269154288;-0.029284722886683903;-0.04208860602625003;0.024959869269154288;0.029284722886683903;0.04208860602625003;783;341;296;504
D09M;864;-0.024969039111822824;-0.02932133695574065;-0.04210053474583336;0.024969039111822824;0.02932133695574065;0.04210053474583336;775;330;289;505
D09M;865;-0.02497661879108498;-0.029327175807786196;-0.04212334263208334;0.02497661879108498;0.029327175807786196;0.04212334263208334;771;326;269;506
D09M;866;-0.02499025437750156;-0.029354179782354783;-0.04213747289541675;0.02499025437750156;0.029354179782354783;0.04213747289541675;765;318;262;507
D09M;867;-0.024997517687506594;-0.02935224973459446;-0.042145211781250025;0.024997517687506594;0.02935224973459446;0.042145211781250025;759;319;257;508
D09M;868;-0.024993307529023213;-0.029309317110208115;-0.04215423224333337;0.024993307529023213;0.029309317110208115;0.04215423224333337;763;335;249;509
D09M;869;-0.0249983874583083;-0.02934847317283542;-0.04217171041125001;0.0249983874583083;0.02934847317283542;0.04217171041125001;758;320;238;510
D09M;870;-0.025001777701188225;-0.029375787730091234;-0.04216938266583331;0.025001777701188225;0.029375787730091234;0.04216938266583331;753;308;241;511
D09M;871;-0.02499585820767117;-0.02937608413358087;-0.04216589106333335;0.02499585820767117;0.02937608413358087;0.04216589106333335;761;307;243;512
D09M;872;-0.024983885685817685;-0.029362014782664526;-0.042178445717083346;0.024983885685817685;0.029362014782664526;0.042178445717083346;768;311;225;513
D09M;873;-0.024997070828709275;-0.029355079181860047;-0.042177370555416704;0.024997070828709275;0.029355079181860047;0.042177370555416704;760;316;227;514
D09M;874;-0.025005994951195907;-0.029346906726925845;-0.04218957563041664;0.025005994951195907;0.029346906726925845;0.04218957563041664;749;321;212;515
D09M;875;-0.025007023233845696;-0.029346235955293537;-0.04221255409375002;0.025007023233845696;0.029346235955293537;0.04221255409375002;747;322;196;516
D09M;876;-0.02500772516783656;-0.029361555753256326;-0.04223053440041663;0.02500772516783656;0.029361555753256326;0.04223053440041663;746;313;185;517
D09M;877;-0.025022046179746068;-0.029383133420940573;-0.04222056313208333;0.025022046179746068;0.029383133420940573;0.04222056313208333;731;306;190;518
D09M;878;-0.025018768712270555;-0.029404601034818414;-0.0422151533604167;0.025018768712270555;0.029404601034818414;0.0422151533604167;737;299;194;519
D09M;879;-0.02500657619024846;-0.029397149880683364;-0.04221714975833335;0.02500657619024846;0.029397149880683364;0.04221714975833335;748;302;192;520
D09M;880;-0.025004743397006094;-0.029354937099951104;-0.04221729413541664;0.025004743397006094;0.029354937099951104;0.04221729413541664;751;317;191;521
D09M;881;-0.024995614094339796;-0.02939618366511268;-0.04221326208708337;0.024995614094339796;0.02939618366511268;0.04221326208708337;762;303;195;522
D09M;882;-0.025012066425191916;-0.029424269979284236;-0.042239228387916716;0.025012066425191916;0.029424269979284236;0.042239228387916716;741;295;183;523
D09M;883;-0.025033228186196486;-0.029406878322906487;-0.04226882054333331;0.025033228186196486;0.029406878322906487;0.04226882054333331;722;298;166;524
D09M;884;-0.025024545189470573;-0.029367568888485632;-0.04226017288583328;0.025024545189470573;0.029367568888485632;0.04226017288583328;727;310;171;525
D09M;885;-0.025027476009241243;-0.029401208536389657;-0.04225537916125005;0.025027476009241243;0.029401208536389657;0.04225537916125005;726;300;173;526
D09M;886;-0.025023868636189942;-0.02941515404638835;-0.04224728148208334;0.025023868636189942;0.02941515404638835;0.04224728148208334;729;296;179;527
D09M;887;-0.025010875923268346;-0.029401199220513315;-0.04224345114166672;0.025010875923268346;0.029401199220513315;0.04224345114166672;742;301;182;528
D09M;888;-0.024999093201046967;-0.029396178256458485;-0.04225477458333332;0.024999093201046967;0.029396178256458485;0.04225477458333332;757;304;175;529
D09M;889;-0.025010690809973715;-0.029355707863445428;-0.04225998080500004;0.025010690809973715;0.029355707863445428;0.04225998080500004;743;315;172;530
D09M;890;-0.0250211897807988;-0.029338496156151965;-0.04226313104541668;0.0250211897807988;0.029338496156151965;0.04226313104541668;734;323;169;531
D09M;891;-0.025017747001432573;-0.029338487746717597;-0.042262643433750025;0.025017747001432573;0.029338487746717597;0.042262643433750025;738;324;170;532
D09M;892;-0.025002742607374513;-0.029315158020940226;-0.0422549020929166;0.025002742607374513;0.029315158020940226;0.0422549020929166;752;332;174;533
D09M;893;-0.02500112774221293;-0.029326549311483634;-0.04225118279958334;0.02500112774221293;0.029326549311483634;0.04225118279958334;755;328;177;534
D09M;894;-0.025000896165964938;-0.029326807743255343;-0.042253549522916656;0.025000896165964938;0.029326807743255343;0.042253549522916656;756;327;176;535
D09M;895;-0.02499057164876548;-0.029312688518221035;-0.04225006017375005;0.02499057164876548;0.029312688518221035;0.04225006017375005;764;333;178;536
D09M;896;-0.024969283559563127;-0.02931132033272919;-0.042227358594999986;0.024969283559563127;0.02931132033272919;0.042227358594999986;773;334;187;537
D09M;897;-0.02498662468069903;-0.029287400035264522;-0.04222990182499997;0.02498662468069903;0.029287400035264522;0.04222990182499997;767;339;186;538
D09M;898;-0.02498326775072424;-0.029273158285541917;-0.04221146990375002;0.02498326775072424;0.029273158285541917;0.04221146990375002;770;348;198;539
D09M;899;-0.024957006277928708;-0.029269628668766777;-0.04217731963874993;0.024957006277928708;0.029269628668766777;0.04217731963874993;786;350;228;540
D09M;900;-0.0249534347140221;-0.029257788460802004;-0.04217355884374996;0.0249534347140221;0.029257788460802004;0.04217355884374996;791;354;235;541
D09M;901;-0.024950274524998532;-0.029305601750295732;-0.04217832192833337;0.024950274524998532;0.029305601750295732;0.04217832192833337;795;336;226;542
D09M;902;-0.02495666344576006;-0.02931812521247717;-0.04218727491125002;0.02495666344576006;0.02931812521247717;0.04218727491125002;787;331;216;543
D09M;903;-0.024965406904252856;-0.02928483610014136;-0.04219740626374996;0.024965406904252856;0.02928483610014136;0.04219740626374996;777;340;203;544
D09M;904;-0.02495834720475454;-0.029273422606220095;-0.042204964932083366;0.02495834720475454;0.029273422606220095;0.042204964932083366;785;347;199;545
D09M;905;-0.02495895856054489;-0.029248964320669955;-0.04219733355666666;0.02495895856054489;0.029248964320669955;0.04219733355666666;784;355;204;546
D09M;906;-0.024959902910915772;-0.02925885872239251;-0.042185627466249986;0.024959902910915772;0.02925885872239251;0.042185627466249986;782;353;220;547
D09M;907;-0.024954401650075318;-0.02928084946035167;-0.04217707593791664;0.024954401650075318;0.02928084946035167;0.04217707593791664;789;343;230;548
D09M;908;-0.024941604984764068;-0.029240066104610798;-0.042172664569166685;0.024941604984764068;0.029240066104610798;0.042172664569166685;804;357;236;549
D09M;909;-0.024935015047186822;-0.029198384347974414;-0.04217494134916672;0.024935015047186822;0.029198384347974414;0.04217494134916672;814;364;233;550
D09M;910;-0.024948601107053513;-0.02917756656805832;-0.04218216928333335;0.024948601107053513;0.02917756656805832;0.04218216928333335;796;373;223;551
D09M;911;-0.024966979307059028;-0.029181450448330423;-0.04219162032833329;0.024966979307059028;0.029181450448330423;0.04219162032833329;776;372;209;552
D09M;912;-0.02495607103149159;-0.029197869286839477;-0.04219886359541675;0.02495607103149159;0.029197869286839477;0.04219886359541675;788;365;202;553
D09M;913;-0.02494461450184565;-0.02920547056488261;-0.0421871509604167;0.02494461450184565;0.02920547056488261;0.0421871509604167;799;362;217;554
D09M;914;-0.02493679456661236;-0.029183615894411055;-0.04217711932458329;0.02493679456661236;0.029183615894411055;0.04217711932458329;810;371;229;555
D09M;915;-0.02493555419716958;-0.02916394712574345;-0.042175249672500026;0.02493555419716958;0.02916394712574345;0.042175249672500026;812;375;232;556
D09M;916;-0.024942024202684213;-0.029201927103503167;-0.04217193202875008;0.024942024202684213;0.029201927103503167;0.04217193202875008;801;363;237;557
D09M;917;-0.02493825740325839;-0.02917405176109326;-0.0421695192745834;0.02493825740325839;0.02917405176109326;0.0421695192745834;808;374;240;558
D09M;918;-0.024935887549335976;-0.02914419847837893;-0.04218061634083331;0.024935887549335976;0.02914419847837893;0.04218061634083331;811;376;224;559
D09M;919;-0.02494106467159695;-0.029132226480586342;-0.042194974399999974;0.02494106467159695;0.029132226480586342;0.042194974399999974;806;378;206;560
D09M;920;-0.024948434731717737;-0.029106421424617997;-0.042185764382083324;0.024948434731717737;0.029106421424617997;0.042185764382083324;797;383;218;561
D09M;921;-0.024928974548222592;-0.02909793854323665;-0.04215997412875;0.024928974548222592;0.02909793854323665;0.04215997412875;819;384;247;562
D09M;922;-0.024917159239473862;-0.029070840060979066;-0.042148393293749975;0.024917159239473862;0.029070840060979066;0.042148393293749975;835;390;253;563
D09M;923;-0.024920028177073054;-0.029055535106292756;-0.04214901291291667;0.024920028177073054;0.029055535106292756;0.04214901291291667;832;393;252;564
D09M;924;-0.024917706977114998;-0.02910981810770538;-0.042136807494166706;0.024917706977114998;0.02910981810770538;0.042136807494166706;834;382;263;565
D09M;925;-0.024916415735449948;-0.029055542856360205;-0.04214763642291669;0.024916415735449948;0.029055542856360205;0.04214763642291669;836;392;255;566
D09M;926;-0.024912095937927755;-0.02899429699687102;-0.04213893174833333;0.024912095937927755;0.02899429699687102;0.04213893174833333;839;401;260;567
D09M;927;-0.024905896022310275;-0.028952857968017845;-0.04212005664083335;0.024905896022310275;0.028952857968017845;0.04212005664083335;850;406;271;568
D09M;928;-0.02490221199843449;-0.0288892890589986;-0.042131677804999934;0.02490221199843449;0.0288892890589986;0.042131677804999934;854;412;265;569
D09M;929;-0.024894901819333383;-0.02885832701257103;-0.04210792503708327;0.024894901819333383;0.02885832701257103;0.04210792503708327;867;417;280;570
D09M;930;-0.02489188222271313;-0.028845180631604215;-0.0420839310158333;0.02489188222271313;0.028845180631604215;0.0420839310158333;872;421;307;571
D09M;931;-0.024897220031562393;-0.02884749596016381;-0.042085780394999994;0.024897220031562393;0.02884749596016381;0.042085780394999994;864;420;303;572
D09M;932;-0.02490747692823192;-0.028861231658405345;-0.04211347900875001;0.02490747692823192;0.028861231658405345;0.04211347900875001;846;416;276;573
D09M;933;-0.02490107227295815;-0.028802118419738877;-0.04210529511791666;0.02490107227295815;0.028802118419738877;0.04210529511791666;858;429;283;574
D09M;934;-0.024893008400348644;-0.02873203350848139;-0.04208827202375004;0.024893008400348644;0.02873203350848139;0.04208827202375004;871;437;297;575
D09M;935;-0.024895125395594405;-0.028696689684028418;-0.04208695551958336;0.024895125395594405;0.028696689684028418;0.04208695551958336;866;446;299;576
D09M;936;-0.024908535549290862;-0.028700654654068954;-0.04210769523541663;0.024908535549290862;0.028700654654068954;0.04210769523541663;844;445;281;577
D09M;937;-0.024905757782977187;-0.028649317522251593;-0.042103193581249976;0.024905757782977187;0.028649317522251593;0.042103193581249976;851;453;285;578
D09M;938;-0.024900263101894613;-0.028620023313521217;-0.04209793105041665;0.024900263101894613;0.028620023313521217;0.04209793105041665;861;456;290;579
D09M;939;-0.02489602696857649;-0.02860110446393709;-0.042102271246250045;0.02489602696857649;0.02860110446393709;0.042102271246250045;865;458;287;580
D09M;940;-0.02489482327249719;-0.0285465509364808;-0.04211265373041667;0.02489482327249719;0.0285465509364808;0.04211265373041667;868;471;278;581
D09M;941;-0.02492076443320862;-0.028508320589135886;-0.042114828851666675;0.02492076443320862;0.028508320589135886;0.042114828851666675;829;478;273;582
D09M;942;-0.024923864195919583;-0.02847490807228474;-0.04210445718166672;0.024923864195919583;0.02847490807228474;0.04210445718166672;824;487;284;583
D09M;943;-0.02490077685495534;-0.02843707197916783;-0.042082422009999954;0.02490077685495534;0.02843707197916783;0.042082422009999954;859;495;310;584
D09M;944;-0.024878847740896944;-0.02838439179316682;-0.04206136521958337;0.024878847740896944;0.02838439179316682;0.04206136521958337;878;511;324;585
D09M;945;-0.024900655545898726;-0.028295667012836513;-0.04208558757333336;0.024900655545898726;0.028295667012836513;0.04208558757333336;860;521;304;586
D09M;946;-0.024905056787221096;-0.02820596267405902;-0.04209219659750002;0.024905056787221096;0.02820596267405902;0.04209219659750002;852;532;294;585
D09M;947;-0.024907185073146775;-0.028129435155742923;-0.04209788436833334;0.024907185073146775;0.028129435155742923;0.04209788436833334;848;539;291;584
D09M;948;-0.02493072900038915;-0.028061229284575627;-0.04212534226166664;0.02493072900038915;0.028061229284575627;0.04212534226166664;818;555;267;583
D09M;949;-0.024926706008584775;-0.027966868926662045;-0.042113451669166635;0.024926706008584775;0.027966868926662045;0.042113451669166635;820;571;277;582
D09M;950;-0.024926011855892206;-0.027941194611851256;-0.042095824422916595;0.024926011855892206;0.027941194611851256;0.042095824422916595;821;576;292;581
D09M;951;-0.024925874513644017;-0.027891735096613784;-0.042086430156249965;0.024925874513644017;0.027891735096613784;0.042086430156249965;822;588;302;580
D09M;952;-0.02492042870870806;-0.027745041849330083;-0.04208951879500006;0.02492042870870806;0.027745041849330083;0.04208951879500006;830;614;295;579
D09M;953;-0.024922301798266374;-0.02761857367502606;-0.04210212840583333;0.024922301798266374;0.02761857367502606;0.04210212840583333;827;639;288;578
D09M;954;-0.02490733177820954;-0.027539650600902663;-0.04208226706083329;0.02490733177820954;0.027539650600902663;0.04208226706083329;847;656;311;577
D09M;955;-0.02489834345133531;-0.02746829537080695;-0.04204209932416664;0.02489834345133531;0.02746829537080695;0.04204209932416664;863;666;335;576
D09M;956;-0.0249020601219852;-0.027382258796985835;-0.04200654537999998;0.0249020601219852;0.027382258796985835;0.04200654537999998;856;678;345;575
D09M;957;-0.02487567375767826;-0.027329223270308324;-0.04199018762875001;0.02487567375767826;0.027329223270308324;0.04199018762875001;879;685;351;574
D09M;958;-0.024870397691188862;-0.0272235397892818;-0.04198618281666666;0.024870397691188862;0.0272235397892818;0.04198618281666666;886;706;353;573
D09M;959;-0.02487386792299556;-0.027133430333887973;-0.041970157993750035;0.02487386792299556;0.027133430333887973;0.041970157993750035;882;724;355;572
D09M;960;-0.024872464140063423;-0.027111594739195576;-0.041948401248750045;0.024872464140063423;0.027111594739195576;0.041948401248750045;884;728;362;571
D09M;961;-0.02487154227286143;-0.02713092082319533;-0.041968187415000024;0.02487154227286143;0.02713092082319533;0.041968187415000024;885;725;356;570
D09M;962;-0.02487541274097384;-0.027076753249677378;-0.04199020576083334;0.02487541274097384;0.027076753249677378;0.04199020576083334;880;733;350;569
D09M;963;-0.02488628468668821;-0.027018851431991314;-0.04200391734791664;0.02488628468668821;0.027018851431991314;0.04200391734791664;876;748;347;568
D09M;964;-0.024908368725255536;-0.027014959547012243;-0.04201549775583335;0.024908368725255536;0.027014959547012243;0.04201549775583335;845;750;343;567
D09M;965;-0.024941527729753894;-0.027056339131667294;-0.04203993740791673;0.024941527729753894;0.027056339131667294;0.04203993740791673;805;737;337;566
D09M;966;-0.024932100406347326;-0.027024848856156348;-0.042057875218333374;0.024932100406347326;0.027024848856156348;0.042057875218333374;817;743;330;565
D09M;967;-0.024911604651396503;-0.027015789059398082;-0.04206818346375002;0.024911604651396503;0.027015789059398082;0.04206818346375002;841;749;321;564
D09M;968;-0.024898745757000386;-0.02703778870813143;-0.042074371972916635;0.024898745757000386;0.02703778870813143;0.042074371972916635;862;740;316;563
D09M;969;-0.02489405389306824;-0.02702017216381945;-0.042079339850416675;0.02489405389306824;0.02702017216381945;0.042079339850416675;870;746;312;562
D09M;970;-0.024909901909541215;-0.02696227172190324;-0.04207009320041666;0.024909901909541215;0.02696227172190324;0.04207009320041666;843;762;319;561
D09M;971;-0.024921982856543273;-0.02697536448006386;-0.04206274815791661;0.024921982856543273;0.02697536448006386;0.04206274815791661;828;760;323;560
D09M;972;-0.02492347753543757;-0.027012178065801737;-0.04205988331791666;0.02492347753543757;0.027012178065801737;0.04205988331791666;825;751;327;559
D09M;973;-0.024920170924716177;-0.026982160941225065;-0.04205785560625008;0.024920170924716177;0.026982160941225065;0.04205785560625008;831;757;331;558
D09M;974;-0.024915804976512607;-0.027023870036776053;-0.04206633475249999;0.024915804976512607;0.027023870036776053;0.04206633475249999;837;744;322;557
D09M;975;-0.024906442595338762;-0.02703210319938556;-0.04208269449875002;0.024906442595338762;0.02703210319938556;0.04208269449875002;849;742;309;556
D09M;976;-0.024912007118491907;-0.02701994823721292;-0.04209288131208333;0.024912007118491907;0.02701994823721292;0.04209288131208333;840;747;293;555
D09M;977;-0.024935470825869815;-0.027020674574761983;-0.04208685851125005;0.024935470825869815;0.027020674574761983;0.04208685851125005;813;745;301;554
D09M;978;-0.02491121041899341;-0.02697994480315936;-0.04207617908166672;0.02491121041899341;0.02697994480315936;0.04207617908166672;842;758;314;553
D09M;979;-0.024901870903910137;-0.026952574526349145;-0.04208289378333335;0.024901870903910137;0.026952574526349145;0.04208289378333335;857;764;308;552
D09M;980;-0.024894735922788593;-0.02695315555403243;-0.04208550149458329;0.024894735922788593;0.02695315555403243;0.04208550149458329;869;763;305;551
D09M;981;-0.024890837371661458;-0.026991807743333693;-0.042086877347499996;0.024890837371661458;0.026991807743333693;0.042086877347499996;873;755;300;550
D09M;982;-0.024946224246634837;-0.0270872356135972;-0.04214803462249994;0.024946224246634837;0.0270872356135972;0.04214803462249994;798;731;254;549
D09M;983;-0.024951282528490524;-0.027170877334316727;-0.042150863277083284;0.024951282528490524;0.027170877334316727;0.042150863277083284;793;719;251;548
D09M;984;-0.024951924730012048;-0.027204955431967794;-0.042159918376249994;0.024951924730012048;0.027204955431967794;0.042159918376249994;792;709;248;547
D09M;985;-0.024964602031674773;-0.027195881047636063;-0.042189315264583305;0.024964602031674773;0.027195881047636063;0.042189315264583305;778;711;213;546
D09M;986;-0.024941758080425834;-0.027194354890110094;-0.042165013294166664;0.024941758080425834;0.027194354890110094;0.042165013294166664;803;713;244;545
D09M;987;-0.024933425049284696;-0.027255575685108658;-0.042175523723333386;0.024933425049284696;0.027255575685108658;0.042175523723333386;816;700;231;544
D09M;988;-0.02493996785407643;-0.027302248249526435;-0.04221150014583336;0.02493996785407643;0.027302248249526435;0.04221150014583336;807;694;197;543
D09M;989;-0.02494180295347233;-0.02731273100131074;-0.04223290548749997;0.02494180295347233;0.02731273100131074;0.04223290548749997;802;690;184;542
D09M;990;-0.02491924075000351;-0.027311199749183536;-0.042202131668333365;0.02491924075000351;0.027311199749183536;0.042202131668333365;833;691;201;541
D09M;991;-0.02490207969482918;-0.02722483968518912;-0.04215358044083334;0.02490207969482918;0.02722483968518912;0.04215358044083334;855;705;250;540
D09M;992;-0.024914839970245708;-0.02727113674961224;-0.042160376897916685;0.024914839970245708;0.02727113674961224;0.042160376897916685;838;697;246;539
D09M;993;-0.02492344054614589;-0.027343374315162747;-0.042189251050833265;0.02492344054614589;0.027343374315162747;0.042189251050833265;826;683;214;538
D09M;994;-0.024890509819732547;-0.027279157367426695;-0.04217490272583341;0.024890509819732547;0.027279157367426695;0.04217490272583341;874;696;234;537
D09M;995;-0.024862165581435534;-0.02731079432417725;-0.04213872602458335;0.024862165581435534;0.02731079432417725;0.04213872602458335;890;692;261;536
D09M;996;-0.024869107919504696;-0.027359541028601247;-0.04211371352833326;0.024869107919504696;0.027359541028601247;0.04211371352833326;887;681;275;535
D09M;997;-0.02487494015662358;-0.027407869092840046;-0.04210609334249993;0.02487494015662358;0.027407869092840046;0.04210609334249993;881;674;282;534
D09M;998;-0.024851481179736904;-0.027446241606251375;-0.042109512686666684;0.024851481179736904;0.027446241606251375;0.042109512686666684;894;669;279;533
D09M;999;-0.024832619320649982;-0.027455182781203884;-0.04211563046083333;0.024832619320649982;0.027455182781203884;0.04211563046083333;895;667;272;532
D09M;1000;-0.024852151437261;-0.027493405671417174;-0.04214049783125001;0.024852151437261;0.027493405671417174;0.04214049783125001;893;663;259;531
D09M;1001;-0.02563828813053785;-0.02690054406193218;-0.042390507726250026;0.02563828813053785;0.02690054406193218;0.042390507726250026;290;771;147;530
D09M;1002;-0.025632794958976354;-0.026971813919826563;-0.04238435083541664;0.025632794958976354;0.026971813919826563;0.04238435083541664;295;761;150;529
D09M;1003;-0.025626149469119848;-0.027001452795654756;-0.04236644490000002;0.025626149469119848;0.027001452795654756;0.04236644490000002;299;754;154;528
D09M;1004;-0.025617767354584015;-0.027050537572804498;-0.04237293108458334;0.025617767354584015;0.027050537572804498;0.04237293108458334;306;739;152;527
D09M;1005;-0.025617930594866396;-0.027113370917881303;-0.04239031166124996;0.025617930594866396;0.027113370917881303;0.04239031166124996;305;727;148;526
D09M;1006;-0.02562791626170304;-0.02714008421153886;-0.04241607410083337;0.02562791626170304;0.02714008421153886;0.04241607410083337;298;722;143;525
D09M;1007;-0.02563169680020607;-0.027143889395615305;-0.04244285740708331;0.02563169680020607;0.027143889395615305;0.04244285740708331;296;721;133;524
D09M;1008;-0.02563304618781682;-0.02717449011607635;-0.04245083734499999;0.02563304618781682;0.02717449011607635;0.04245083734499999;294;718;130;523
D09M;1009;-0.025642084122912308;-0.027188230350438745;-0.04245800455916665;0.025642084122912308;0.027188230350438745;0.04245800455916665;287;714;126;522
D09M;1010;-0.025638671069591938;-0.02720904410456876;-0.042454609177083324;0.025638671069591938;0.02720904410456876;0.042454609177083324;289;708;127;521
D09M;1011;-0.025640219659950583;-0.0272516521772102;-0.0424519251545834;0.025640219659950583;0.0272516521772102;0.0424519251545834;288;701;129;520
D09M;1012;-0.0256482818530931;-0.027328427562743684;-0.042452588894583365;0.0256482818530931;0.027328427562743684;0.042452588894583365;284;686;128;519
D09M;1013;-0.025650485659575607;-0.027390195239318113;-0.042449748450833324;0.025650485659575607;0.027390195239318113;0.042449748450833324;283;676;131;518
D09M;1014;-0.025653462731822216;-0.027472784706856608;-0.042436761323333294;0.025653462731822216;0.027472784706856608;0.042436761323333294;282;665;134;517
D09M;1015;-0.02564799860347391;-0.027516003957628314;-0.04243075999333329;0.02564799860347391;0.027516003957628314;0.04243075999333329;285;662;136;516
D09M;1016;-0.025634888278642038;-0.027548755109422576;-0.0424261015166667;0.025634888278642038;0.027548755109422576;0.0424261015166667;293;652;139;515
D09M;1017;-0.0256190113518377;-0.027567032965233034;-0.04242316585958328;0.0256190113518377;0.027567032965233034;0.04242316585958328;303;647;141;514
D09M;1018;-0.025610752293005547;-0.027546028168745757;-0.04243374188750004;0.025610752293005547;0.027546028168745757;0.04243374188750004;314;654;135;513
D09M;1019;-0.02560078044770899;-0.027546348003861937;-0.04243024925458333;0.02560078044770899;0.027546348003861937;0.04243024925458333;332;653;137;512
D09M;1020;-0.02560822897118571;-0.027552982886928576;-0.042426075589999945;0.02560822897118571;0.027552982886928576;0.042426075589999945;319;651;140;511
D09M;1021;-0.025614943305627948;-0.027562892225184463;-0.04241679667333331;0.025614943305627948;0.027562892225184463;0.04241679667333331;307;649;142;510
D09M;1022;-0.02561276055383755;-0.027600592356463068;-0.0423876738866667;0.02561276055383755;0.027600592356463068;0.0423876738866667;311;643;149;509
D09M;1023;-0.025614476770532413;-0.02760860466734501;-0.042368056322500014;0.025614476770532413;0.02760860466734501;0.042368056322500014;308;641;153;508
D09M;1024;-0.02561113942378772;-0.02762366737455676;-0.04235239302458338;0.02561113942378772;0.02762366737455676;0.04235239302458338;313;636;156;507
D09M;1025;-0.025606890333559697;-0.027648843893365325;-0.042344459100416676;0.025606890333559697;0.027648843893365325;0.042344459100416676;325;630;158;506
D09M;1026;-0.02559582357743581;-0.027650184668921805;-0.04232846124124995;0.02559582357743581;0.027650184668921805;0.04232846124124995;339;629;160;505
D09M;1027;-0.025577279527783343;-0.02763598285376348;-0.042311733418333275;0.025577279527783343;0.02763598285376348;0.042311733418333275;352;634;162;504
D09M;1028;-0.025560863194449716;-0.027634570556450397;-0.04229377434249998;0.025560863194449716;0.027634570556450397;0.04229377434249998;363;635;164;503
D09M;1029;-0.025532745768900855;-0.027606102161846256;-0.042267563750416626;0.025532745768900855;0.027606102161846256;0.042267563750416626;387;642;167;502
D09M;1030;-0.025519933491826293;-0.027620050065946068;-0.042247167401666674;0.025519933491826293;0.027620050065946068;0.042247167401666674;402;637;180;501
D09M;1031;-0.025509084687106595;-0.0276584643704861;-0.04222689985041672;0.025509084687106595;0.0276584643704861;0.04222689985041672;415;627;188;500
D09M;1032;-0.025514093608867205;-0.02769417396612785;-0.04221674158041672;0.025514093608867205;0.02769417396612785;0.04221674158041672;411;620;193;499
D09M;1033;-0.02552844372455604;-0.027763260941997294;-0.042202745651666596;0.02552844372455604;0.027763260941997294;0.042202745651666596;391;612;200;498
D09M;1034;-0.025533548719693495;-0.027828059479796524;-0.04219221685833335;0.025533548719693495;0.027828059479796524;0.04219221685833335;386;604;208;497
D09M;1035;-0.02553410370448667;-0.027856982279146313;-0.042190506510416725;0.02553410370448667;0.027856982279146313;0.042190506510416725;385;595;211;496
D09M;1036;-0.025530785181920392;-0.027875391298117533;-0.042185747899166626;0.025530785181920392;0.027875391298117533;0.042185747899166626;389;592;219;495
D09M;1037;-0.02552749832003129;-0.027900187919516165;-0.042184473359166696;0.02552749832003129;0.027900187919516165;0.042184473359166696;394;585;221;494
D09M;1038;-0.025516147969219388;-0.027906379857256716;-0.04219312607458331;0.025516147969219388;0.027906379857256716;0.04219312607458331;406;584;207;493
D09M;1039;-0.02551425436990248;-0.02791777084045172;-0.04218881376666672;0.02551425436990248;0.02791777084045172;0.04218881376666672;410;582;215;492
D09M;1040;-0.0255230545544399;-0.027948940064122452;-0.042184117687083356;0.0255230545544399;0.027948940064122452;0.042184117687083356;398;574;222;491
D09M;1041;-0.0255148778717926;-0.027951217388107966;-0.04217097343999998;0.0255148778717926;0.027951217388107966;0.04217097343999998;409;573;239;490
D09M;1042;-0.02549967086786824;-0.02793280158707101;-0.04214207771791667;0.02549967086786824;0.02793280158707101;0.04214207771791667;420;578;258;489
D09M;1043;-0.025489159951934858;-0.027924081890567012;-0.042123995609999965;0.025489159951934858;0.027924081890567012;0.042123995609999965;425;580;268;488
D09M;1044;-0.025461728721686304;-0.027888946775772857;-0.042102562573749946;0.025461728721686304;0.027888946775772857;0.042102562573749946;451;590;286;487
D09M;1045;-0.025456028228077625;-0.027893071196152416;-0.042087189760416754;0.025456028228077625;0.027893071196152416;0.042087189760416754;460;587;298;486
D09M;1046;-0.025471692725440382;-0.02791565625141434;-0.04207507416416667;0.025471692725440382;0.02791565625141434;0.04207507416416667;446;583;315;485
D09M;1047;-0.02547550726489573;-0.027941813463189222;-0.04207428207833336;0.02547550726489573;0.027941813463189222;0.04207428207833336;441;575;317;484
D09M;1048;-0.025474360342184463;-0.02798774277212056;-0.04207021435208336;0.025474360342184463;0.02798774277212056;0.04207021435208336;443;569;318;483
D09M;1049;-0.025474289238250056;-0.028026001248832845;-0.04206094763625007;0.025474289238250056;0.028026001248832845;0.04206094763625007;444;564;325;482
D09M;1050;-0.025465850000182526;-0.02806963444262622;-0.04205994943666663;0.025465850000182526;0.02806963444262622;0.04205994943666663;449;553;326;481
D09M;1051;-0.02546004997096957;-0.028087182028032325;-0.04205914803374994;0.02546004997096957;0.028087182028032325;0.04205914803374994;455;547;328;480
D09M;1052;-0.025462338661608297;-0.02809390270226414;-0.04205344484708329;0.025462338661608297;0.02809390270226414;0.04205344484708329;450;543;333;479
D09M;1053;-0.025481722708255657;-0.028090431322764488;-0.0420475283891667;0.025481722708255657;0.028090431322764488;0.0420475283891667;433;545;334;478
D09M;1054;-0.025479431862423456;-0.028078786867562214;-0.042040322527083285;0.025479431862423456;0.028078786867562214;0.042040322527083285;437;549;336;477
D09M;1055;-0.025474969754411863;-0.02803677227652163;-0.0420316944279166;0.025474969754411863;0.02803677227652163;0.0420316944279166;442;560;339;476
D09M;1056;-0.025461222588663963;-0.028030575551879978;-0.04201741550499999;0.025461222588663963;0.028030575551879978;0.04201741550499999;454;562;342;475
D09M;1057;-0.025423295810282475;-0.02803331765612803;-0.041998801041666645;0.025423295810282475;0.02803331765612803;0.041998801041666645;480;561;349;474
D09M;1058;-0.025409392193900312;-0.0280398847712289;-0.04198439587291669;0.025409392193900312;0.0280398847712289;0.04198439587291669;492;558;354;473
D09M;1059;-0.025402821836987298;-0.028069260289294094;-0.04196329491250006;0.025402821836987298;0.028069260289294094;0.04196329491250006;496;554;357;472
D09M;1060;-0.025395198378981614;-0.02807703430509684;-0.041947854463750045;0.025395198378981614;0.02807703430509684;0.041947854463750045;502;550;363;471
D09M;1061;-0.025400127621079162;-0.028093891988489716;-0.04193912296958335;0.025400127621079162;0.028093891988489716;0.04193912296958335;498;544;366;470
D09M;1062;-0.0253987644736887;-0.028083605749960897;-0.04192975207624994;0.0253987644736887;0.028083605749960897;0.04192975207624994;499;548;368;469
D09M;1063;-0.025396589543200117;-0.028039867919141176;-0.04193201903458332;0.025396589543200117;0.028039867919141176;0.04193201903458332;500;559;367;468
D09M;1064;-0.025386609268906322;-0.028018068002441224;-0.04191457964166667;0.025386609268906322;0.028018068002441224;0.04191457964166667;509;565;370;467
D09M;1065;-0.025378146378132155;-0.02798467706230326;-0.04189567376708336;0.025378146378132155;0.02798467706230326;0.04189567376708336;519;570;374;466
D09M;1066;-0.025372275432839066;-0.027927059470782944;-0.041871060795000026;0.025372275432839066;0.027927059470782944;0.041871060795000026;526;579;377;465
D09M;1067;-0.025360309367503154;-0.027896296487270048;-0.04185618508458333;0.025360309367503154;0.027896296487270048;0.04185618508458333;538;586;379;464
D09M;1068;-0.025337818471715227;-0.027877718441769856;-0.04183123004916667;0.025337818471715227;0.027877718441769856;0.04183123004916667;555;591;386;463
D09M;1069;-0.025331631304738072;-0.027855752397236835;-0.041826195880416694;0.025331631304738072;0.027855752397236835;0.041826195880416694;558;597;387;462
D09M;1070;-0.025331126606376906;-0.02783150847030755;-0.041843301519166654;0.025331126606376906;0.02783150847030755;0.041843301519166654;559;603;381;461
D09M;1071;-0.025327013952750447;-0.02782562806370182;-0.04184240066291667;0.025327013952750447;0.02782562806370182;0.04184240066291667;563;606;382;460
D09M;1072;-0.025331655345340525;-0.027844689953702283;-0.04184136442041669;0.025331655345340525;0.027844689953702283;0.04184136442041669;557;599;383;459
D09M;1073;-0.025328549017938577;-0.027836504666751645;-0.04183772424458332;0.025328549017938577;0.027836504666751645;0.04183772424458332;561;601;384;458
D09M;1074;-0.02531723705168406;-0.027833614974114292;-0.04182566265333337;0.02531723705168406;0.027833614974114292;0.04182566265333337;570;602;388;457
D09M;1075;-0.025311014483477196;-0.02781562792496846;-0.041817291345833285;0.025311014483477196;0.02781562792496846;0.041817291345833285;576;607;390;456
D09M;1076;-0.02531144135833417;-0.027767607217463023;-0.04181202722750005;0.02531144135833417;0.027767607217463023;0.04181202722750005;575;610;391;455
D09M;1077;-0.025304089144654842;-0.027733937458825453;-0.04180401180374993;0.025304089144654842;0.027733937458825453;0.04180401180374993;580;616;393;454
D09M;1078;-0.025290852230638518;-0.02771259699240183;-0.04178933146708336;0.025290852230638518;0.02771259699240183;0.04178933146708336;586;618;395;453
D09M;1079;-0.025279433630964375;-0.02766795592483329;-0.041783585842083304;0.025279433630964375;0.02766795592483329;0.041783585842083304;591;623;397;452
D09M;1080;-0.025270638818680642;-0.02764148059738778;-0.041777084798333364;0.025270638818680642;0.02764148059738778;0.041777084798333364;597;631;398;451
D09M;1081;-0.02525758630834857;-0.027618466665299105;-0.04177312263541666;0.02525758630834857;0.027618466665299105;0.04177312263541666;605;640;400;450
D09M;1082;-0.025250124288348236;-0.027597475480068825;-0.04176238538416671;0.025250124288348236;0.027597475480068825;0.04176238538416671;613;645;402;449
D09M;1083;-0.025252071626214716;-0.0275907521571868;-0.04175036496666662;0.025252071626214716;0.0275907521571868;0.04175036496666662;610;646;405;448
D09M;1084;-0.025243647796155167;-0.02756370389563567;-0.04174034671624999;0.025243647796155167;0.02756370389563567;0.04174034671624999;617;648;406;447
D09M;1085;-0.025230936349674753;-0.027526264047884778;-0.041723478472499964;0.025230936349674753;0.027526264047884778;0.041723478472499964;625;659;408;446
D09M;1086;-0.02521956421617439;-0.027492858855254928;-0.04171572541291674;0.02521956421617439;0.027492858855254928;0.04171572541291674;635;664;410;445
D09M;1087;-0.025202659439911578;-0.02744555252405369;-0.04172102812499995;0.025202659439911578;0.02744555252405369;0.04172102812499995;647;670;409;444
D09M;1088;-0.025191755024548963;-0.027412873191515228;-0.04171251400833331;0.025191755024548963;0.027412873191515228;0.04171251400833331;650;673;411;443
D09M;1089;-0.025181370642231426;-0.02739234377290905;-0.041699576872083366;0.025181370642231426;0.02739234377290905;0.041699576872083366;655;675;414;442
D09M;1090;-0.02517536915714315;-0.02736794025488395;-0.041686772173333275;0.02517536915714315;0.02736794025488395;0.041686772173333275;659;680;415;441
D09M;1091;-0.025178990386500014;-0.027350410326246136;-0.041662258541666664;0.025178990386500014;0.027350410326246136;0.041662258541666664;656;682;419;440
D09M;1092;-0.025174720773434616;-0.027324074555831083;-0.041648176896250055;0.025174720773434616;0.027324074555831083;0.041648176896250055;661;687;420;439
D09M;1093;-0.025168309130165715;-0.02729049883113618;-0.041641164935833364;0.025168309130165715;0.02729049883113618;0.041641164935833364;665;695;422;438
D09M;1094;-0.02516305756928987;-0.02725988920924276;-0.04163325321208339;0.02516305756928987;0.02725988920924276;0.04163325321208339;667;699;424;437
D09M;1095;-0.02515640199715929;-0.02722852333524726;-0.041627041418333344;0.02515640199715929;0.02722852333524726;0.041627041418333344;669;704;426;436
D09M;1096;-0.025143987135708236;-0.027194682093084423;-0.04162762601916664;0.025143987135708236;0.027194682093084423;0.04162762601916664;673;712;425;435
D09M;1097;-0.025137026340794403;-0.02715978807582138;-0.04161664446166663;0.025137026340794403;0.02715978807582138;0.04161664446166663;674;720;428;434
D09M;1098;-0.025135866057245205;-0.027124018387948763;-0.04160264433708333;0.025135866057245205;0.027124018387948763;0.04160264433708333;675;726;430;433
D09M;1099;-0.025127185663870177;-0.02709391451736159;-0.041585104331249956;0.025127185663870177;0.02709391451736159;0.041585104331249956;678;730;432;432
D09M;1100;-0.0251148163769472;-0.027063580052750953;-0.04155667368958332;0.0251148163769472;0.027063580052750953;0.04155667368958332;684;736;436;431
D09M;1101;-0.02510469924798246;-0.027032922326256984;-0.04153986003708332;0.02510469924798246;0.027032922326256984;0.04153986003708332;690;741;439;430
D09M;1102;-0.02509098429340152;-0.027008802623584176;-0.041522083783333386;0.02509098429340152;0.027008802623584176;0.041522083783333386;695;753;443;429
D09M;1103;-0.02508132583521192;-0.02697973141780328;-0.04151262918583337;0.02508132583521192;0.02697973141780328;0.04151262918583337;698;759;444;428
D09M;1104;-0.025075566449232388;-0.026947692248843788;-0.04152209231875004;0.025075566449232388;0.026947692248843788;0.04152209231875004;700;765;442;427
D09M;1105;-0.025067827104981597;-0.02691337292912376;-0.041511128569999944;0.025067827104981597;0.02691337292912376;0.041511128569999944;705;770;445;426
D09M;1106;-0.02506101850590068;-0.02685552142323384;-0.04149310447416665;0.02506101850590068;0.02685552142323384;0.04149310447416665;709;776;446;425
D09M;1107;-0.025052970282876435;-0.026837429641948914;-0.041476881706250024;0.025052970282876435;0.026837429641948914;0.041476881706250024;712;780;449;424
D09M;1108;-0.025041454174263934;-0.026848255317440974;-0.04144241157541667;0.025041454174263934;0.026848255317440974;0.04144241157541667;716;777;453;423
D09M;1109;-0.02503395441300764;-0.026842992095702085;-0.04142288508916658;0.02503395441300764;0.026842992095702085;0.04142288508916658;721;779;459;422
D09M;1110;-0.0250276620880627;-0.026846006430310113;-0.041413024137083365;0.0250276620880627;0.026846006430310113;0.041413024137083365;725;778;469;421
D09M;1111;-0.02502187622270656;-0.026873736777268845;-0.041408080448749995;0.02502187622270656;0.026873736777268845;0.041408080448749995;733;772;472;420
D09M;1112;-0.025019654909206154;-0.026859256513745402;-0.0413994058045834;0.025019654909206154;0.026859256513745402;0.0413994058045834;736;775;481;419
D09M;1113;-0.025020952399909025;-0.026810783592627604;-0.04139626743375002;0.025020952399909025;0.026810783592627604;0.04139626743375002;735;782;485;418
D09M;1114;-0.025022024935686164;-0.02678619040014039;-0.04138530093999998;0.025022024935686164;0.02678619040014039;0.04138530093999998;732;786;491;417
D09M;1115;-0.025023669127007007;-0.026757148862895267;-0.041364128503749986;0.025023669127007007;0.026757148862895267;0.041364128503749986;730;790;503;416
D09M;1116;-0.02502843262968299;-0.026737544246005066;-0.041359010530416684;0.02502843262968299;0.026737544246005066;0.041359010530416684;724;791;505;415
D09M;1117;-0.025040005589748542;-0.026726494387582258;-0.04136529469625;0.025040005589748542;0.026726494387582258;0.04136529469625;719;793;499;414
D09M;1118;-0.025041812000552752;-0.026713628494270985;-0.04135661092541665;0.025041812000552752;0.026713628494270985;0.04135661092541665;715;794;507;413
D09M;1119;-0.02503760634891818;-0.02670149073604455;-0.04134640830041664;0.02503760634891818;0.02670149073604455;0.04134640830041664;720;796;513;412
D09M;1120;-0.02504057109170809;-0.02669204156151679;-0.04134025372583333;0.02504057109170809;0.02669204156151679;0.04134025372583333;717;798;515;411
D09M;1121;-0.02504031042775959;-0.02669385357211437;-0.041325596856666647;0.02504031042775959;0.02669385357211437;0.041325596856666647;718;797;521;410
D09M;1122;-0.025043427731710977;-0.02667947994343385;-0.041314211940833345;0.025043427731710977;0.02667947994343385;0.041314211940833345;713;799;532;409
D09M;1123;-0.025053272223481075;-0.02667020234734745;-0.04131428155;0.025053272223481075;0.02667020234734745;0.04131428155;711;800;531;408
D09M;1124;-0.025063212870656614;-0.02664182260848004;-0.04130799438916671;0.025063212870656614;0.02664182260848004;0.04130799438916671;708;802;533;407
D09M;1125;-0.025072558629870605;-0.026593219138169623;-0.041292259379999974;0.025072558629870605;0.026593219138169623;0.041292259379999974;701;807;540;406
D09M;1126;-0.025082298831986524;-0.02654307117702116;-0.04128049077375001;0.025082298831986524;0.02654307117702116;0.04128049077375001;696;809;543;405
D09M;1127;-0.025097837245412712;-0.026483315189033463;-0.041272802979166634;0.025097837245412712;0.026483315189033463;0.041272802979166634;692;813;547;404
D09M;1128;-0.025111034501072976;-0.026422302225954382;-0.04126245868375;0.025111034501072976;0.026422302225954382;0.04126245868375;687;817;552;403
D09M;1129;-0.025116416339494175;-0.02634961803640836;-0.04125239723791663;0.025116416339494175;0.02634961803640836;0.04125239723791663;683;821;555;402
D09M;1130;-0.025113544603126006;-0.026278589334860016;-0.041241806160416616;0.025113544603126006;0.026278589334860016;0.041241806160416616;685;827;559;401
D09M;1131;-0.025119408551901215;-0.026183309767295628;-0.04123206181249994;0.025119408551901215;0.026183309767295628;0.04123206181249994;681;832;563;400
D09M;1132;-0.025121305235610993;-0.0260654312473871;-0.04122536915374997;0.025121305235610993;0.0260654312473871;0.04122536915374997;679;840;567;399
D09M;1133;-0.025131480501968288;-0.025953843089182756;-0.04121132336791661;0.025131480501968288;0.025953843089182756;0.04121132336791661;677;847;572;398
D09M;1134;-0.02515545421966249;-0.025835193203617355;-0.04119493386958334;0.02515545421966249;0.025835193203617355;0.04119493386958334;670;853;575;397
D09M;1135;-0.025165473244128076;-0.02570770672437791;-0.041176797677916654;0.025165473244128076;0.02570770672437791;0.041176797677916654;666;861;583;396
D09M;1136;-0.02517000456904087;-0.025584276944794683;-0.04115273393000002;0.02517000456904087;0.025584276944794683;0.04115273393000002;663;872;593;395
D09M;1137;-0.02517542085616722;-0.025444058783325608;-0.04113025436541673;0.02517542085616722;0.025444058783325608;0.04113025436541673;658;879;600;394
D09M;1138;-0.02517487167232178;-0.025282654212791782;-0.04110926936374998;0.02517487167232178;0.025282654212791782;0.04110926936374998;660;895;604;393
D09M;1139;-0.025177521312854577;-0.025122742370966036;-0.041085740500833356;0.025177521312854577;0.025122742370966036;0.041085740500833356;657;914;609;392
D09M;1140;-0.025182731076653954;-0.024967305070367953;-0.04105701579333332;0.025182731076653954;0.024967305070367953;0.04105701579333332;654;917;622;391
D09M;1141;-0.025189018672931596;-0.0247910373401257;-0.04103334971416667;0.025189018672931596;0.0247910373401257;0.04103334971416667;651;922;629;390
D09M;1142;-0.025200216075984456;-0.024588692597716406;-0.04101324448124999;0.025200216075984456;0.024588692597716406;0.04101324448124999;649;925;633;389
D09M;1143;-0.025200947574776752;-0.024405973781971357;-0.040987898975833326;0.025200947574776752;0.024405973781971357;0.040987898975833326;648;934;641;388
D09M;1144;-0.025206036210746074;-0.024206075153731514;-0.040968600095416696;0.025206036210746074;0.024206075153731514;0.040968600095416696;645;945;648;387
D09M;1145;-0.02521070736645927;-0.024008863100027464;-0.040957839896250015;0.02521070736645927;0.024008863100027464;0.040957839896250015;641;958;652;386
D09M;1146;-0.025216017928391475;-0.023831424523379052;-0.040934737033333335;0.025216017928391475;0.023831424523379052;0.040934737033333335;639;966;662;385
D09M;1147;-0.025219463969115254;-0.023663469202514303;-0.040902989793333344;0.025219463969115254;0.023663469202514303;0.040902989793333344;636;976;681;384
D09M;1148;-0.02522542462986286;-0.02351081759731009;-0.04088564003041667;0.02522542462986286;0.02351081759731009;0.04088564003041667;630;983;689;383
D09M;1149;-0.02523464629590982;-0.023377438083465277;-0.04086483540041669;0.02523464629590982;0.023377438083465277;0.04086483540041669;622;1012;704;382
D09M;1150;-0.025240790150159308;-0.023237313577750583;-0.04085455064499999;0.025240790150159308;0.023237313577750583;0.04085455064499999;618;1032;710;381
D09M;1151;-0.025245900412998935;-0.02310893349536941;-0.040867352022916636;0.025245900412998935;0.02310893349536941;0.040867352022916636;614;1050;701;380
D09M;1152;-0.02525096741989407;-0.02297455430297887;-0.04085939338624994;0.02525096741989407;0.02297455430297887;0.04085939338624994;611;1065;707;379
D09M;1153;-0.02525653464072391;-0.022821645393093826;-0.04083705142874999;0.02525653464072391;0.022821645393093826;0.04083705142874999;606;1081;717;378
D09M;1154;-0.025259113305553367;-0.022698882642338675;-0.040828994751666625;0.025259113305553367;0.022698882642338675;0.040828994751666625;604;1091;722;377
D09M;1155;-0.025253241433941847;-0.022579393555914068;-0.04081225638125002;0.025253241433941847;0.022579393555914068;0.04081225638125002;609;1101;732;376
D09M;1156;-0.025260256800375608;-0.022490530335466625;-0.04081249345749999;0.025260256800375608;0.022490530335466625;0.04081249345749999;600;1108;731;375
D09M;1157;-0.02527272512699188;-0.02243829764327477;-0.0408354952545833;0.02527272512699188;0.02243829764327477;0.0408354952545833;596;1114;718;374
D09M;1158;-0.0252847375990358;-0.022377397403927204;-0.04085043944791661;0.0252847375990358;0.022377397403927204;0.04085043944791661;590;1121;711;373
D09M;1159;-0.02530534480369556;-0.022327550136660632;-0.04086861754291665;0.02530534480369556;0.022327550136660632;0.04086861754291665;579;1128;700;372
D09M;1160;-0.025325736355320573;-0.022283662402558434;-0.040887297848750004;0.025325736355320573;0.022283662402558434;0.040887297848750004;565;1133;688;371
D09M;1161;-0.025338351787753004;-0.022244422104183464;-0.0409009511579167;0.025338351787753004;0.022244422104183464;0.0409009511579167;554;1137;683;370
D09M;1162;-0.025342775678268207;-0.022199672546819635;-0.04090831293833336;0.025342775678268207;0.022199672546819635;0.04090831293833336;550;1141;674;369
D09M;1163;-0.025351425358672137;-0.022184673312162687;-0.04093178940166664;0.025351425358672137;0.022184673312162687;0.04093178940166664;545;1143;665;368
D09M;1164;-0.025364258069906175;-0.022170865773034867;-0.040949522522500004;0.025364258069906175;0.022170865773034867;0.040949522522500004;533;1145;657;367
D09M;1165;-0.02537221982379509;-0.02215872917396429;-0.040964630961250026;0.02537221982379509;0.02215872917396429;0.040964630961250026;527;1147;650;366
D09M;1166;-0.02537978823691279;-0.02215418157863995;-0.040982339649583366;0.02537978823691279;0.02215418157863995;0.040982339649583366;517;1149;646;365
D09M;1167;-0.025388306342053017;-0.022152732195439354;-0.04099919262583335;0.025388306342053017;0.022152732195439354;0.04099919262583335;507;1151;639;364
D09M;1168;-0.025392930082868973;-0.022158026283863846;-0.04100744158541664;0.025392930082868973;0.022158026283863846;0.04100744158541664;504;1148;636;363
D09M;1169;-0.025401006676336255;-0.02215284511427932;-0.04102480658291674;0.025401006676336255;0.02215284511427932;0.04102480658291674;497;1150;631;362
D09M;1170;-0.02541078306993077;-0.02214097387286538;-0.04104633967999999;0.02541078306993077;0.02214097387286538;0.04104633967999999;491;1153;624;361
D09M;1171;-0.02542323021926686;-0.022137081370240765;-0.04107058045666662;0.02542323021926686;0.022137081370240765;0.04107058045666662;481;1156;614;360
D09M;1172;-0.02544012125477008;-0.022133941845863547;-0.041104421427499926;0.02544012125477008;0.022133941845863547;0.041104421427499926;471;1158;606;359
D09M;1173;-0.02545204600342284;-0.022129038199247473;-0.04112647819708337;0.02545204600342284;0.022129038199247473;0.04112647819708337;462;1161;601;358
D09M;1174;-0.025467674657341;-0.022136355313385234;-0.041153550487500024;0.025467674657341;0.022136355313385234;0.041153550487500024;448;1157;592;357
D09M;1175;-0.025476705766516186;-0.022137198763242636;-0.04116769839000006;0.025476705766516186;0.022137198763242636;0.04116769839000006;439;1155;587;356
D09M;1176;-0.02548067714681264;-0.02213783655747227;-0.04116838952083335;0.02548067714681264;0.02213783655747227;0.04116838952083335;434;1154;586;355
D09M;1177;-0.025479766235571997;-0.022110946762585338;-0.04116234696583332;0.025479766235571997;0.022110946762585338;0.04116234696583332;436;1164;590;354
D09M;1178;-0.025478964429422428;-0.022126363537294885;-0.041166970200833264;0.025478964429422428;0.022126363537294885;0.041166970200833264;438;1162;588;353
D09M;1179;-0.025483295430817603;-0.02211558286749277;-0.04118060135874996;0.025483295430817603;0.02211558286749277;0.04118060135874996;431;1163;582;352
D09M;1180;-0.025486070951042016;-0.022087778270027912;-0.04119368648958338;0.025486070951042016;0.022087778270027912;0.04119368648958338;428;1170;578;351
D09M;1181;-0.025494371020785875;-0.022094576729837827;-0.041216161989166666;0.025494371020785875;0.022094576729837827;0.041216161989166666;423;1168;570;350
D09M;1182;-0.025504393883019328;-0.022065764210728898;-0.04123015171083333;0.025504393883019328;0.022065764210728898;0.04123015171083333;418;1172;564;349
D09M;1183;-0.025509281109437003;-0.022031279968766426;-0.04122761221125004;0.025509281109437003;0.022031279968766426;0.04122761221125004;414;1176;565;348
D09M;1184;-0.025515470030293756;-0.0220126906071317;-0.04123995374916667;0.025515470030293756;0.0220126906071317;0.04123995374916667;408;1180;561;347
D09M;1185;-0.025519144230833582;-0.021990506211710826;-0.04125600885291664;0.025519144230833582;0.021990506211710826;0.04125600885291664;403;1188;554;346
D09M;1186;-0.02552763990271785;-0.021988204278835813;-0.0412728261675;0.02552763990271785;0.021988204278835813;0.0412728261675;393;1189;546;345
D09M;1187;-0.025542667462756113;-0.02202223427561637;-0.0413030643866667;0.025542667462756113;0.02202223427561637;0.0413030643866667;376;1178;536;344
D09M;1188;-0.025549453988846012;-0.02201664846761785;-0.041317018535833305;0.025549453988846012;0.02201664846761785;0.041317018535833305;373;1179;529;343
D09M;1189;-0.025553317276741302;-0.022003593231348286;-0.04132022550166664;0.025553317276741302;0.022003593231348286;0.04132022550166664;370;1182;526;342
D09M;1190;-0.025558535824026684;-0.021992467050264516;-0.04132548763333327;0.025558535824026684;0.021992467050264516;0.04132548763333327;367;1186;522;341
D09M;1191;-0.025558555204792378;-0.021942612628957397;-0.04132258844958331;0.025558555204792378;0.021942612628957397;0.04132258844958331;366;1195;524;340
D09M;1192;-0.025559219463790486;-0.021926115207555497;-0.04132483380583335;0.025559219463790486;0.021926115207555497;0.04132483380583335;365;1197;523;339
D09M;1193;-0.02556571378487358;-0.021939978309970045;-0.04133465292416677;0.02556571378487358;0.021939978309970045;0.04133465292416677;360;1196;516;338
D09M;1194;-0.025569957306943274;-0.021946447459925134;-0.04134206179875005;0.025569957306943274;0.021946447459925134;0.04134206179875005;356;1194;514;337
D09M;1195;-0.025569992354001262;-0.021955409540651952;-0.04135046352791666;0.025569992354001262;0.021955409540651952;0.04135046352791666;355;1193;510;336
D09M;1196;-0.025567254380368002;-0.021975256739113252;-0.04134671199541673;0.025567254380368002;0.021975256739113252;0.04134671199541673;357;1190;512;335
D09M;1197;-0.02557965171466377;-0.02199461779856538;-0.04136508738791661;0.02557965171466377;0.02199461779856538;0.04136508738791661;349;1185;500;334
D09M;1198;-0.025583327135099344;-0.021990945047261647;-0.04136618714875001;0.025583327135099344;0.021990945047261647;0.04136618714875001;348;1187;498;333
D09M;1199;-0.025593146554996768;-0.022009485493301124;-0.041373848348749964;0.025593146554996768;0.022009485493301124;0.041373848348749964;341;1181;494;332
D09M;1200;-0.025607347422971414;-0.02203414775911962;-0.04140315050666665;0.025607347422971414;0.02203414775911962;0.04140315050666665;321;1175;477;331
D09M;1201;-0.025607036581810846;-0.02205750982485698;-0.041407130396666714;0.025607036581810846;0.02205750982485698;0.041407130396666714;323;1173;473;330
D09M;1202;-0.025607162241099046;-0.022105258978641854;-0.04140374781541667;0.025607162241099046;0.022105258978641854;0.04140374781541667;322;1166;476;329
D09M;1203;-0.025606289774094553;-0.022129257201136614;-0.04140247456083329;0.025606289774094553;0.022129257201136614;0.04140247456083329;327;1160;478;328
D09M;1204;-0.02559836127795983;-0.022132354693505475;-0.04138657804708329;0.02559836127795983;0.022132354693505475;0.04138657804708329;336;1159;489;327
D09M;1205;-0.02559715996866705;-0.022163638733492794;-0.04138634859125001;0.02559715996866705;0.022163638733492794;0.04138634859125001;337;1146;490;326
D09M;1206;-0.0255993809010923;-0.02219766836888613;-0.04139850042624993;0.0255993809010923;0.02219766836888613;0.04139850042624993;334;1142;483;325
D09M;1207;-0.025602785780573484;-0.022229712435400315;-0.04140619176124993;0.025602785780573484;0.022229712435400315;0.04140619176124993;331;1138;474;324
D09M;1208;-0.025609330534639593;-0.022293650535495885;-0.04142187771083333;0.025609330534639593;0.022293650535495885;0.04142187771083333;317;1131;460;323
D09M;1209;-0.025613356241338828;-0.022330530617574597;-0.041427124422916684;0.025613356241338828;0.022330530617574597;0.041427124422916684;309;1126;456;322
D09M;1210;-0.025621761399004534;-0.022336871575932164;-0.041420774582499986;0.025621761399004534;0.022336871575932164;0.041420774582499986;301;1125;462;321
D09M;1211;-0.02562112925318951;-0.022364575291216916;-0.04141945855250001;0.02562112925318951;0.022364575291216916;0.04141945855250001;302;1123;463;320
D09M;1212;-0.02560984569098764;-0.022393121583716067;-0.04141777100791666;0.02560984569098764;0.022393121583716067;0.04141777100791666;315;1119;467;319
D09M;1213;-0.025607738089262515;-0.022418693916872103;-0.041416743246666665;0.025607738089262515;0.022418693916872103;0.041416743246666665;320;1117;468;318
D09M;1214;-0.025604533384770194;-0.022436689156412386;-0.04141251242083327;0.025604533384770194;0.022436689156412386;0.04141251242083327;328;1115;470;317
D09M;1215;-0.025607018810911066;-0.022493853351288968;-0.0414255724225;0.025607018810911066;0.022493853351288968;0.0414255724225;324;1107;457;316
D09M;1216;-0.02560645848773108;-0.022542246335788337;-0.04142876928791667;0.02560645848773108;0.022542246335788337;0.04142876928791667;326;1105;455;315
D09M;1217;-0.025608518756915406;-0.022582603884589957;-0.04141929371083336;0.025608518756915406;0.022582603884589957;0.04141929371083336;318;1100;464;314
D09M;1218;-0.025613000888986968;-0.022627945672791937;-0.04142400725833334;0.025613000888986968;0.022627945672791937;0.04142400725833334;310;1098;458;313
D09M;1219;-0.025604283673970628;-0.02264399651024985;-0.04141900861958325;0.025604283673970628;0.02264399651024985;0.04141900861958325;329;1097;465;312
D09M;1220;-0.02560379725734854;-0.022656666384742025;-0.04141174942249998;0.02560379725734854;0.022656666384742025;0.04141174942249998;330;1096;471;311
D09M;1221;-0.025611972297568186;-0.022700947619017756;-0.04142084112625005;0.025611972297568186;0.022700947619017756;0.04142084112625005;312;1090;461;310
D09M;1222;-0.02560944226207809;-0.022742352894592102;-0.04141779335833329;0.02560944226207809;0.022742352894592102;0.04141779335833329;316;1087;466;309
D09M;1223;-0.025598801773858995;-0.022803644171037966;-0.04140596227333332;0.025598801773858995;0.022803644171037966;0.04140596227333332;335;1083;475;308
D09M;1224;-0.025595950308902223;-0.022851847811965535;-0.04140196518625;0.025595950308902223;0.022851847811965535;0.04140196518625;338;1077;479;307
D09M;1225;-0.025592654280822337;-0.02289089052287128;-0.04139825489125004;0.025592654280822337;0.02289089052287128;0.04139825489125004;342;1074;484;306
D09M;1226;-0.025588457110485463;-0.022927917473895953;-0.04139328987208335;0.025588457110485463;0.022927917473895953;0.04139328987208335;344;1073;487;305
D09M;1227;-0.025587924349023097;-0.022972160298089715;-0.04139409057375004;0.025587924349023097;0.022972160298089715;0.04139409057375004;345;1067;486;304
D09M;1228;-0.02558633733764002;-0.023001878249318833;-0.0413904179041667;0.02558633733764002;0.023001878249318833;0.0413904179041667;346;1064;488;303
D09M;1229;-0.025583837057941417;-0.023025423385102717;-0.04138227213541662;0.025583837057941417;0.023025423385102717;0.04138227213541662;347;1061;492;302
D09M;1230;-0.02557875947403515;-0.023049817025808064;-0.04137528442374999;0.02557875947403515;0.023049817025808064;0.04137528442374999;351;1059;493;301
D09M;1231;-0.025570715035911473;-0.02305182795333962;-0.04136117225874997;0.025570715035911473;0.02305182795333962;0.04136117225874997;353;1058;504;300
D09M;1232;-0.02556601073114482;-0.023070467144605113;-0.041358439954583326;0.02556601073114482;0.023070467144605113;0.041358439954583326;359;1055;506;299
D09M;1233;-0.025559920843232435;-0.023101831611766117;-0.041364400393333334;0.025559920843232435;0.023101831611766117;0.041364400393333334;364;1051;502;298
D09M;1234;-0.025556663051589733;-0.023126218595489342;-0.04136934117499996;0.025556663051589733;0.023126218595489342;0.04136934117499996;369;1047;495;297
D09M;1235;-0.025551974287029697;-0.023147341613309044;-0.04136469382750002;0.025551974287029697;0.023147341613309044;0.04136469382750002;371;1045;501;296
D09M;1236;-0.025551529059405803;-0.02318219197268031;-0.04135358416541668;0.025551529059405803;0.02318219197268031;0.04135358416541668;372;1042;508;295
D09M;1237;-0.02554941085833354;-0.023187652920188605;-0.04133319486999998;0.02554941085833354;0.023187652920188605;0.04133319486999998;374;1039;518;294
D09M;1238;-0.025541039124046205;-0.023185527158406712;-0.04131800969958338;0.025541039124046205;0.023185527158406712;0.04131800969958338;377;1041;527;293
D09M;1239;-0.02553726486613769;-0.023210888674568237;-0.041317094626666606;0.02553726486613769;0.023210888674568237;0.041317094626666606;380;1036;528;292
D09M;1240;-0.025538597880536376;-0.023232959421166065;-0.04132786532999999;0.025538597880536376;0.023232959421166065;0.04132786532999999;378;1034;520;291
D09M;1241;-0.025537752647660904;-0.02325317120704935;-0.041334267008333314;0.025537752647660904;0.02325317120704935;0.041334267008333314;379;1030;517;290
D09M;1242;-0.025536405284576402;-0.023285595993530268;-0.041320683634583355;0.025536405284576402;0.023285595993530268;0.041320683634583355;381;1026;525;289
D09M;1243;-0.02553533398796501;-0.02331293157406681;-0.041315320951666734;0.02553533398796501;0.02331293157406681;0.041315320951666734;382;1024;530;288
D09M;1244;-0.02553440908844453;-0.023332246492750838;-0.04130710102750007;0.02553440908844453;0.023332246492750838;0.04130710102750007;384;1018;534;287
D09M;1245;-0.025532319883508275;-0.023351580746992933;-0.041300794025833365;0.025532319883508275;0.023351580746992933;0.041300794025833365;388;1016;537;286
D09M;1246;-0.025529074248740034;-0.0233804121865948;-0.04129923401124996;0.025529074248740034;0.0233804121865948;0.04129923401124996;390;1011;538;285
D09M;1247;-0.02552746412819483;-0.02339288381020916;-0.04129581341958333;0.02552746412819483;0.02339288381020916;0.04129581341958333;395;1009;539;284
D09M;1248;-0.02552791008332198;-0.023389753549505413;-0.041286771910000075;0.02552791008332198;0.023389753549505413;0.041286771910000075;392;1010;541;283
D09M;1249;-0.025525658335966914;-0.023397417966662837;-0.041279884208750006;0.025525658335966914;0.023397417966662837;0.041279884208750006;396;1006;544;282
D09M;1250;-0.02552010905238001;-0.02340309473860441;-0.04127593900250004;0.02552010905238001;0.02340309473860441;0.04127593900250004;401;1005;545;281
D09M;1251;-0.025518655347669186;-0.023406776930124596;-0.04127011410499992;0.025518655347669186;0.023406776930124596;0.04127011410499992;404;1003;548;280
D09M;1252;-0.02552064686222005;-0.02341232541623448;-0.041263622255833354;0.02552064686222005;0.02341232541623448;0.041263622255833354;400;1000;551;279
D09M;1253;-0.025515828575890492;-0.023416146990713746;-0.04125815970124996;0.025515828575890492;0.023416146990713746;0.04125815970124996;407;996;553;278
D09M;1254;-0.02550544826686735;-0.023430064138541665;-0.04124937434833337;0.02550544826686735;0.023430064138541665;0.04124937434833337;417;992;558;277
D09M;1255;-0.025507827266304753;-0.023453433151183884;-0.04124027305458333;0.025507827266304753;0.023453433151183884;0.04124027305458333;416;988;560;276
D09M;1256;-0.02550415341987185;-0.023456973256335858;-0.04123324397791667;0.02550415341987185;0.023456973256335858;0.04123324397791667;419;987;562;275
D09M;1257;-0.025493298368130187;-0.02343843210248813;-0.041226934619166655;0.025493298368130187;0.02343843210248813;0.041226934619166655;424;989;566;274
D09M;1258;-0.02549559865082588;-0.023413418957827444;-0.04121863288416666;0.02549559865082588;0.023413418957827444;0.04121863288416666;422;998;569;273
D09M;1259;-0.025488366518193934;-0.02339444749009217;-0.04120543545333333;0.025488366518193934;0.02339444749009217;0.04120543545333333;426;1007;573;272
D09M;1260;-0.025476248272356176;-0.023393150731849;-0.041194393685833386;0.025476248272356176;0.023393150731849;0.041194393685833386;440;1008;577;271
D09M;1261;-0.025482590726415347;-0.02341841222784591;-0.04119078237416668;0.025482590726415347;0.02341841222784591;0.04119078237416668;432;995;580;270
D09M;1262;-0.025487094663140857;-0.023433319174296082;-0.041192829888750004;0.025487094663140857;0.023433319174296082;0.041192829888750004;427;990;579;269
D09M;1263;-0.025486036034979967;-0.023412959115649407;-0.041198860107083346;0.025486036034979967;0.023412959115649407;0.041198860107083346;429;999;574;268
D09M;1264;-0.025485108139574438;-0.023411132472810642;-0.04119454425541663;0.025485108139574438;0.023411132472810642;0.04119454425541663;430;1001;576;267
D09M;1265;-0.025473639442957486;-0.023421655140467536;-0.04117642752749995;0.025473639442957486;0.023421655140467536;0.04117642752749995;445;994;584;266
D09M;1266;-0.025467791054163556;-0.023404189670123227;-0.04116562212666669;0.025467791054163556;0.023404189670123227;0.04116562212666669;447;1004;589;265
D09M;1267;-0.025461585446423674;-0.02336317431136227;-0.04114861125916658;0.025461585446423674;0.02336317431136227;0.04114861125916658;452;1014;596;264
D09M;1268;-0.02545953838833158;-0.023349933910023452;-0.041139905962083334;0.02545953838833158;0.023349933910023452;0.041139905962083334;457;1017;598;263
D09M;1269;-0.025461455071544858;-0.023328939888156236;-0.041144920914999994;0.025461455071544858;0.023328939888156236;0.041144920914999994;453;1021;597;262
D09M;1270;-0.025460018422793964;-0.023310262920078647;-0.041136440767916616;0.025460018422793964;0.023310262920078647;0.041136440767916616;456;1025;599;261
D09M;1271;-0.02545829138762585;-0.02332914188171444;-0.04111680660958328;0.02545829138762585;0.02332914188171444;0.04111680660958328;458;1020;602;260
D09M;1272;-0.02545419816314588;-0.023315463564734868;-0.04110586026083335;0.02545419816314588;0.023315463564734868;0.04110586026083335;461;1023;605;259
D09M;1273;-0.02544651734265462;-0.023279437536825966;-0.04109493700708322;0.02544651734265462;0.023279437536825966;0.04109493700708322;464;1027;607;258
D09M;1274;-0.02544480168670468;-0.023236100909788802;-0.041082246676250045;0.02544480168670468;0.023236100909788802;0.041082246676250045;465;1033;610;257
D09M;1275;-0.025441746499650586;-0.023216966092278486;-0.04107549964958335;0.025441746499650586;0.023216966092278486;0.04107549964958335;470;1035;612;256
D09M;1276;-0.02544179956566928;-0.02318582451464521;-0.0410771489504167;0.02544179956566928;0.02318582451464521;0.0410771489504167;469;1040;611;255
D09M;1277;-0.025444654087367798;-0.02315363519661508;-0.04106970998208331;0.025444654087367798;0.02315363519661508;0.04106970998208331;466;1044;615;254
D09M;1278;-0.0254427753335213;-0.023142769163617193;-0.04106376932541672;0.0254427753335213;0.023142769163617193;0.04106376932541672;467;1046;618;253
D09M;1279;-0.025442668013841385;-0.02311648820364622;-0.04105991805833337;0.025442668013841385;0.02311648820364622;0.04105991805833337;468;1049;621;252
D09M;1280;-0.025437467820124328;-0.02307732583532132;-0.04104420298333339;0.025437467820124328;0.02307732583532132;0.04104420298333339;472;1053;625;251
D09M;1281;-0.02542656455688875;-0.023053514463145353;-0.04103551782583337;0.02542656455688875;0.023053514463145353;0.04103551782583337;476;1057;626;250
D09M;1282;-0.025425583524346942;-0.0230160238659919;-0.04103424236625003;0.025425583524346942;0.0230160238659919;0.04103424236625003;477;1062;627;249
D09M;1283;-0.025423631768430367;-0.022967434745105226;-0.04102026711333334;0.025423631768430367;0.022967434745105226;0.04102026711333334;479;1069;632;248
D09M;1284;-0.025415155473325155;-0.02292896815116618;-0.04101035987083329;0.025415155473325155;0.02292896815116618;0.04101035987083329;485;1072;635;247
D09M;1285;-0.02541377848500858;-0.02287831725273892;-0.04100357778166669;0.02541377848500858;0.02287831725273892;0.04100357778166669;488;1076;637;246
D09M;1286;-0.025416934236233837;-0.022836031650004283;-0.040986162313333296;0.025416934236233837;0.022836031650004283;0.040986162313333296;484;1079;644;245
D09M;1287;-0.025424320506237347;-0.02281365205642152;-0.04098639851875002;0.025424320506237347;0.02281365205642152;0.04098639851875002;478;1082;643;244
D09M;1288;-0.02543120553753827;-0.022767029476937366;-0.04099962610000002;0.02543120553753827;0.022767029476937366;0.04099962610000002;474;1086;638;243
D09M;1289;-0.025428548472166173;-0.022712451357954657;-0.04099335289666667;0.025428548472166173;0.022712451357954657;0.04099335289666667;475;1089;640;242
D09M;1290;-0.025415002365625654;-0.022662884703776694;-0.04097215527333331;0.025415002365625654;0.022662884703776694;0.04097215527333331;486;1095;647;241
D09M;1291;-0.025412285182122688;-0.02259494190137178;-0.0409623659220833;0.025412285182122688;0.02259494190137178;0.0409623659220833;490;1099;651;240
D09M;1292;-0.025406734515325755;-0.022482966508850434;-0.0409431504908333;0.025406734515325755;0.022482966508850434;0.0409431504908333;494;1110;658;239
D09M;1293;-0.02540727980710437;-0.022420319719432327;-0.040936954079166754;0.02540727980710437;0.022420319719432327;0.040936954079166754;493;1116;659;238
D09M;1294;-0.025423072826923045;-0.022386906926146605;-0.040951327954166616;0.025423072826923045;0.022386906926146605;0.040951327954166616;482;1120;655;237
D09M;1295;-0.025422294544740938;-0.022328776977073393;-0.04095066855708335;0.025422294544740938;0.022328776977073393;0.04095066855708335;483;1127;656;236
D09M;1296;-0.025413725400935328;-0.022290396043716815;-0.04095376070666662;0.025413725400935328;0.022290396043716815;0.04095376070666662;489;1132;653;235
D09M;1297;-0.025404270681174998;-0.022216398262702202;-0.040934986371666704;0.025404270681174998;0.022216398262702202;0.040934986371666704;495;1139;661;234
D09M;1298;-0.025388675519177693;-0.022101826584591897;-0.040901054817500004;0.025388675519177693;0.022101826584591897;0.040901054817500004;505;1167;682;233
D09M;1299;-0.025388551587453317;-0.022000935977210295;-0.040890645534583325;0.025388551587453317;0.022000935977210295;0.040890645534583325;506;1184;686;232
D09M;1300;-0.025394680997841257;-0.021875424618890003;-0.04088250638375002;0.025394680997841257;0.021875424618890003;0.04088250638375002;503;1201;691;231
D09M;1301;-0.02538617908036294;-0.021766601788960425;-0.04087217296833329;0.02538617908036294;0.021766601788960425;0.04087217296833329;510;1205;698;230
D09M;1302;-0.025380154059808403;-0.021708213094162408;-0.04087902463041665;0.025380154059808403;0.021708213094162408;0.04087902463041665;516;1208;692;229
D09M;1303;-0.025375582190755218;-0.021612181844313145;-0.04087703104875001;0.025375582190755218;0.021612181844313145;0.04087703104875001;521;1213;694;228
D09M;1304;-0.025364835020602185;-0.021497052281129286;-0.04085812764916669;0.025364835020602185;0.021497052281129286;0.04085812764916669;531;1220;709;227
D09M;1305;-0.025355523541485347;-0.021388201840525277;-0.04084105762458334;0.025355523541485347;0.021388201840525277;0.04084105762458334;541;1224;716;226
D09M;1306;-0.025349042844869305;-0.021238428692290853;-0.040832583365000064;0.025349042844869305;0.021238428692290853;0.040832583365000064;546;1235;720;225
D09M;1307;-0.025343430207414756;-0.021097032328697276;-0.04082594942208334;0.025343430207414756;0.021097032328697276;0.04082594942208334;549;1248;725;224
D09M;1308;-0.025336500317811452;-0.020981399985435512;-0.04082210485041665;0.025336500317811452;0.020981399985435512;0.04082210485041665;556;1252;727;223
D09M;1309;-0.025329419230421507;-0.02084886623843443;-0.040827811796666724;0.025329419230421507;0.02084886623843443;0.040827811796666724;560;1256;723;222
D09M;1310;-0.02532335699146099;-0.02071070639408163;-0.04082425173666665;0.02532335699146099;0.02071070639408163;0.04082425173666665;567;1260;726;221
D09M;1311;-0.025311655252943235;-0.020568704326758853;-0.04079812634916663;0.025311655252943235;0.020568704326758853;0.04079812634916663;574;1262;737;220
D09M;1312;-0.025295388477772917;-0.02041157104427857;-0.040777126417083365;0.025295388477772917;0.02041157104427857;0.040777126417083365;584;1264;741;219
D09M;1313;-0.025285751486091693;-0.02025072990440751;-0.04077224133999996;0.025285751486091693;0.02025072990440751;0.04077224133999996;589;1268;745;218
D09M;1314;-0.025276749849029424;-0.020095073405254762;-0.04076082700625;0.025276749849029424;0.020095073405254762;0.04076082700625;593;1270;748;217
D09M;1315;-0.02526685833981935;-0.01994552480943577;-0.04075337510374999;0.02526685833981935;0.01994552480943577;0.04075337510374999;599;1272;753;216
D09M;1316;-0.025259675339130205;-0.019781138426466425;-0.04074283542625001;0.025259675339130205;0.019781138426466425;0.04074283542625001;602;1275;759;215
D09M;1317;-0.025259465585576957;-0.019622668536330722;-0.04072419563541663;0.025259465585576957;0.019622668536330722;0.04072419563541663;603;1278;768;214
D09M;1318;-0.025250258851633896;-0.01944919099434593;-0.040709610365833426;0.025250258851633896;0.01944919099434593;0.040709610365833426;612;1280;770;213
D09M;1319;-0.02523398495551825;-0.019248647258930343;-0.04069687203958339;0.02523398495551825;0.019248647258930343;0.04069687203958339;623;1284;772;212
D09M;1320;-0.02522813861304393;-0.019058814118479366;-0.04068868891833333;0.02522813861304393;0.019058814118479366;0.04068868891833333;628;1287;775;211
D09M;1321;-0.025222864098721196;-0.018867593773919396;-0.04068795571458339;0.025222864098721196;0.018867593773919396;0.04068795571458339;633;1288;776;210
D09M;1322;-0.025220126218035932;-0.01867861521328919;-0.040681909508333336;0.025220126218035932;0.01867861521328919;0.040681909508333336;634;1292;777;209
D09M;1323;-0.02522512152308082;-0.018490222006088054;-0.04066218258166665;0.02522512152308082;0.018490222006088054;0.04066218258166665;631;1294;780;208
D09M;1324;-0.025225455294395;-0.01832416561566934;-0.04065126394791668;0.025225455294395;0.01832416561566934;0.04065126394791668;629;1297;782;207
D09M;1325;-0.02521618833393147;-0.01813688785063354;-0.04064398653958334;0.02521618833393147;0.01813688785063354;0.04064398653958334;638;1299;784;206
D09M;1326;-0.0252072294062021;-0.017940314923018157;-0.040628902468750006;0.0252072294062021;0.017940314923018157;0.040628902468750006;644;1303;788;205
D09M;1327;-0.025205732620033953;-0.017773966087144554;-0.04063207165041666;0.025205732620033953;0.017773966087144554;0.04063207165041666;646;1306;787;204
D09M;1328;-0.025211337680234973;-0.017598392390151076;-0.040634751088749976;0.025211337680234973;0.017598392390151076;0.040634751088749976;640;1307;786;203
D09M;1329;-0.025217001638053852;-0.017414758271242378;-0.04061207819541662;0.025217001638053852;0.017414758271242378;0.04061207819541662;637;1309;791;202
D09M;1330;-0.025223451793491006;-0.01724288005244507;-0.04059506594416673;0.025223451793491006;0.01724288005244507;0.04059506594416673;632;1314;793;201
D09M;1331;-0.025233418899644575;-0.017048267481667642;-0.04058676998499999;0.025233418899644575;0.017048267481667642;0.04058676998499999;624;1316;794;200
D09M;1332;-0.025237285870115124;-0.016842507151612444;-0.040570449450833324;0.025237285870115124;0.016842507151612444;0.040570449450833324;621;1319;796;199
D09M;1333;-0.025239131880082293;-0.01666555038698771;-0.040561534661666676;0.025239131880082293;0.01666555038698771;0.040561534661666676;620;1322;798;198
D09M;1334;-0.025244034667929762;-0.016489976523366746;-0.04055302094291663;0.025244034667929762;0.016489976523366746;0.04055302094291663;616;1324;800;197
D09M;1335;-0.02524588516963625;-0.016303565172268254;-0.04053111788500002;0.02524588516963625;0.016303565172268254;0.04053111788500002;615;1326;802;196
D09M;1336;-0.025254248327446337;-0.01612409862174805;-0.0405100511075;0.025254248327446337;0.01612409862174805;0.0405100511075;608;1329;805;195
D09M;1337;-0.025267597377839235;-0.015941248648726994;-0.04048694222999999;0.025267597377839235;0.015941248648726994;0.04048694222999999;598;1333;808;194
D09M;1338;-0.025275695761682374;-0.015757095777687555;-0.04045817218416664;0.025275695761682374;0.015757095777687555;0.04045817218416664;595;1336;814;193
D09M;1339;-0.0252869423085939;-0.015584828370549154;-0.04043839281125;0.0252869423085939;0.015584828370549154;0.04043839281125;588;1339;816;192
D09M;1340;-0.02529664479594532;-0.015411148196823968;-0.040426141033749974;0.02529664479594532;0.015411148196823968;0.040426141033749974;583;1343;817;191
D09M;1341;-0.025303532035694798;-0.015234336205686335;-0.040402682782083366;0.025303532035694798;0.015234336205686335;0.040402682782083366;581;1345;821;190
D09M;1342;-0.02530880965768961;-0.015055000158749611;-0.04037560706583332;0.02530880965768961;0.015055000158749611;0.04037560706583332;578;1347;823;189
D09M;1343;-0.025317231513655745;-0.014883907045564729;-0.040349652759583354;0.025317231513655745;0.014883907045564729;0.040349652759583354;571;1350;825;188
D09M;1344;-0.025321847505320974;-0.014705688525322086;-0.04031450871708331;0.025321847505320974;0.014705688525322086;0.04031450871708331;568;1354;829;187
D09M;1345;-0.025328524704831223;-0.014537847342626175;-0.0402786269708334;0.025328524704831223;0.014537847342626175;0.0402786269708334;562;1357;832;186
D09M;1346;-0.025339256759420576;-0.014388044129517157;-0.040240819615000034;0.025339256759420576;0.014388044129517157;0.040240819615000034;552;1360;834;185
D09M;1347;-0.025347077010879238;-0.014219249844558447;-0.040220468395416764;0.025347077010879238;0.014219249844558447;0.040220468395416764;547;1363;837;184
D09M;1348;-0.025346847247688653;-0.014025356958570948;-0.04018093363875008;0.025346847247688653;0.014025356958570948;0.04018093363875008;548;1367;838;183
D09M;1349;-0.02535724185732853;-0.013864672045896639;-0.04014129840416669;0.02535724185732853;0.013864672045896639;0.04014129840416669;540;1370;842;182
D09M;1350;-0.02535877741093216;-0.013704098039450035;-0.04011060591375004;0.02535877741093216;0.013704098039450035;0.04011060591375004;539;1373;845;181
D09M;1351;-0.025352564725867124;-0.013524868830060042;-0.040063557337916667;0.025352564725867124;0.013524868830060042;0.040063557337916667;543;1380;849;180
D09M;1352;-0.02536273751364676;-0.01336349033644587;-0.04002496329208344;0.02536273751364676;0.01336349033644587;0.04002496329208344;536;1387;853;179
D09M;1353;-0.025368766339333132;-0.013195669242673435;-0.03999959460750002;0.025368766339333132;0.013195669242673435;0.03999959460750002;530;1389;855;178
D09M;1354;-0.02536304383874424;-0.013014821761575986;-0.03995424364;0.02536304383874424;0.013014821761575986;0.03995424364;534;1394;858;177
D09M;1355;-0.025369998812251257;-0.012844571554692263;-0.03991358086041663;0.025369998812251257;0.012844571554692263;0.03991358086041663;528;1399;862;176
D09M;1356;-0.025373093460802833;-0.01267012586178135;-0.03988423316791667;0.025373093460802833;0.01267012586178135;0.03988423316791667;524;1405;864;175
D09M;1357;-0.025362795652936896;-0.012491849292654221;-0.039836433514999936;0.025362795652936896;0.012491849292654221;0.039836433514999936;535;1406;869;174
D09M;1358;-0.025369195635148445;-0.012294006068431852;-0.03979745769750004;0.025369195635148445;0.012294006068431852;0.03979745769750004;529;1411;871;173
D09M;1359;-0.025380447296385465;-0.012081709056530252;-0.039775013787500035;0.025380447296385465;0.012081709056530252;0.039775013787500035;515;1418;874;172
D09M;1360;-0.02538140187102336;-0.011887677470134988;-0.03973433788541664;0.02538140187102336;0.011887677470134988;0.03973433788541664;514;1425;876;171
D09M;1361;-0.02538680250728924;-0.011676495032911176;-0.03968563515708334;0.02538680250728924;0.011676495032911176;0.03968563515708334;508;1429;884;170
D09M;1362;-0.025385696334874207;-0.011443742481390337;-0.039647397074583424;0.025385696334874207;0.011443742481390337;0.039647397074583424;511;1435;892;169
D09M;1363;-0.02537430170901876;-0.011212185527041823;-0.03959959671499991;0.02537430170901876;0.011212185527041823;0.03959959671499991;522;1440;899;168
D09M;1364;-0.025372733180340345;-0.01095718475593705;-0.03954653982249995;0.025372733180340345;0.01095718475593705;0.03954653982249995;525;1445;913;167
D09M;1365;-0.025379757465784848;-0.0106841612388146;-0.03950991810625004;0.025379757465784848;0.0106841612388146;0.03950991810625004;518;1451;920;166
D09M;1366;-0.02538168153045619;-0.010411269126297515;-0.03946700364958328;0.02538168153045619;0.010411269126297515;0.03946700364958328;513;1458;930;165
D09M;1367;-0.02537376606349677;-0.010106804115141163;-0.03940538354374995;0.02537376606349677;0.010106804115141163;0.03940538354374995;523;1463;939;164
D09M;1368;-0.025364687972250083;-0.009770140613622318;-0.03934685868125004;0.025364687972250083;0.009770140613622318;0.03934685868125004;532;1467;942;163
D09M;1369;-0.025353011343917188;-0.009421599749572258;-0.039283015201666716;0.025353011343917188;0.009421599749572258;0.039283015201666716;542;1474;951;162
D09M;1370;-0.025339659235208065;-0.009043683665852134;-0.03921686386916662;0.025339659235208065;0.009043683665852134;0.03921686386916662;551;1480;958;161
D09M;1371;-0.025326980571637816;-0.008639790122295108;-0.03915179867749996;0.025326980571637816;0.008639790122295108;0.03915179867749996;564;1490;961;160
D09M;1372;-0.025318573394030677;-0.008208718705241697;-0.039083068129166676;0.025318573394030677;0.008208718705241697;0.039083068129166676;569;1501;966;159
D09M;1373;-0.02530988371734913;-0.007758045328371389;-0.03900614805625008;0.02530988371734913;0.007758045328371389;0.03900614805625008;577;1508;972;158
D09M;1374;-0.025293877422785042;-0.007269702400551054;-0.0389291009683333;0.025293877422785042;0.007269702400551054;0.0389291009683333;585;1523;976;157
D09M;1375;-0.025278428337517814;-0.006750667902609633;-0.03885345373499999;0.025278428337517814;0.006750667902609633;0.03885345373499999;592;1557;983;156
D09M;1376;-0.025259761331784404;-0.006194430796317496;-0.03876547681208331;0.025259761331784404;0.006194430796317496;0.03876547681208331;601;1608;987;155
D09M;1377;-0.025229908160497815;-0.005590479165721508;-0.03866369421249999;0.025229908160497815;0.005590479165721508;0.03866369421249999;627;1639;991;154
D09M;1378;-0.025207865773680792;-0.004935724022952354;-0.03857063319624998;0.025207865773680792;0.004935724022952354;0.03857063319624998;643;1703;995;153
D09M;1379;-0.025184697855583353;-0.004253023954912018;-0.03846319597791664;0.025184697855583353;0.004253023954912018;0.03846319597791664;653;1757;1000;152
D09M;1380;-0.025152159119532592;-0.0035378728684495662;-0.0383359047104167;0.025152159119532592;0.0035378728684495662;0.0383359047104167;671;1801;1005;151
D09M;1381;-0.025121298159550404;-0.0027746986464134453;-0.03822009354291672;0.025121298159550404;0.0027746986464134453;0.03822009354291672;680;1849;1010;150
D09M;1382;-0.025081846596597596;-0.00197306532550242;-0.03809744217458333;0.025081846596597596;0.00197306532550242;0.03809744217458333;697;1899;1016;149
D09M;1383;-0.025030061980240183;-0.0011217395927874427;-0.037949149854583364;0.025030061980240183;0.0011217395927874427;0.037949149854583364;723;1975;1024;148
D09M;1384;-0.0249837709059708;-0.00023160833640926005;-0.03780483892874997;0.0249837709059708;0.00023160833640926005;0.03780483892874997;769;2114;1030;147
D09M;1385;-0.024934921059336645;0.0006768516484859183;-0.037653913734166655;0.024934921059336645;0.0006768516484859183;0.037653913734166655;815;2016;1040;146
D09M;1386;-0.02487316846874557;0.001612203176635582;-0.03747586899041666;0.02487316846874557;0.001612203176635582;0.03747586899041666;883;1933;1049;145
D09M;1387;-0.024815406508209393;0.002574627002502531;-0.03730528364208335;0.024815406508209393;0.002574627002502531;0.03730528364208335;897;1863;1057;144
D09M;1388;-0.024751563433832148;0.0035656083086222116;-0.037131661861666665;0.024751563433832148;0.0035656083086222116;0.037131661861666665;906;1799;1063;143
D09M;1389;-0.0246699190290246;0.004570510012809359;-0.03692953212166661;0.0246699190290246;0.004570510012809359;0.03692953212166661;912;1738;1071;142
D09M;1390;-0.024585219979197617;0.005556133224897171;-0.036724028737083414;0.024585219979197617;0.005556133224897171;0.036724028737083414;942;1640;1080;141
D09M;1391;-0.024495577857729656;0.006554875342032347;-0.03651090589541667;0.024495577857729656;0.006554875342032347;0.03651090589541667;980;1583;1088;140
D09M;1392;-0.02439449503811956;0.007565213912350109;-0.03627553259208338;0.02439449503811956;0.007565213912350109;0.03627553259208338;1002;1516;1095;139
D09M;1393;-0.024290808363331515;0.008548406676501632;-0.03603813457874999;0.024290808363331515;0.008548406676501632;0.03603813457874999;1008;1492;1103;138
D09M;1394;-0.02418350267365455;0.009546100931839602;-0.03579673585291665;0.02418350267365455;0.009546100931839602;0.03579673585291665;1025;1472;1109;137
D09M;1395;-0.024063962431181626;0.010554652808658159;-0.035532732744166684;0.024063962431181626;0.010554652808658159;0.035532732744166684;1036;1455;1143;136
D09M;1396;-0.023937576835659162;0.011519150016683834;-0.03526181619666663;0.023937576835659162;0.011519150016683834;0.03526181619666663;1046;1433;1175;135
D09M;1397;-0.02380576477832071;0.01245461164034719;-0.034985442960833335;0.02380576477832071;0.01245461164034719;0.034985442960833335;1056;1408;1199;134
D09M;1398;-0.023667001120314266;0.013363617596745904;-0.034697384277083354;0.023667001120314266;0.013363617596745904;0.034697384277083354;1065;1386;1220;133
D09M;1399;-0.02352623614610588;0.014223223395301068;-0.03441516582208337;0.02352623614610588;0.014223223395301068;0.03441516582208337;1073;1362;1234;132
D09M;1400;-0.023386604722303257;0.015063756870447403;-0.03413956729791667;0.023386604722303257;0.015063756870447403;0.03413956729791667;1080;1346;1253;131
D09M;1401;-0.023246946029290876;0.01587245525362975;-0.03386179182583332;0.023246946029290876;0.01587245525362975;0.03386179182583332;1099;1334;1282;130
D09M;1402;-0.023105871188319287;0.016679506172742716;-0.03357784400416669;0.023105871188319287;0.016679506172742716;0.03357784400416669;1131;1321;1330;129
D09M;1403;-0.022966573208764766;0.017403199226709912;-0.03331044351375001;0.022966573208764766;0.017403199226709912;0.03331044351375001;1155;1310;1346;128
D09M;1404;-0.022821812368355596;0.018061858909975203;-0.03303825850916664;0.022821812368355596;0.018061858909975203;0.03303825850916664;1178;1300;1361;127
D09M;1405;-0.02269188521207491;0.01869422908164109;-0.03279373190000007;0.02269188521207491;0.01869422908164109;0.03279373190000007;1195;1291;1375;126
D09M;1406;-0.022567245831372516;0.01927562457773328;-0.032565590522499965;0.022567245831372516;0.01927562457773328;0.032565590522499965;1259;1283;1385;125
D09M;1407;-0.022451765544570422;0.019823209894054762;-0.032362446079999996;0.022451765544570422;0.019823209894054762;0.032362446079999996;1273;1274;1395;124
D09M;1408;-0.02234503594683535;0.0203498247585038;-0.03216876807416669;0.02234503594683535;0.0203498247585038;0.03216876807416669;1285;1266;1403;123
D09M;1409;-0.02224428515497475;0.020835091649124723;-0.031990826391666644;0.02224428515497475;0.020835091649124723;0.031990826391666644;1296;1257;1411;122
D09M;1410;-0.02214429686890888;0.02125168122001342;-0.03182954015916667;0.02214429686890888;0.02125168122001342;0.03182954015916667;1305;1233;1427;121
D09M;1411;-0.022053803845388045;0.02162124370109362;-0.03168945598666667;0.022053803845388045;0.02162124370109362;0.03168945598666667;1315;1211;1444;120
D09M;1412;-0.021981142003190717;0.021961820472658423;-0.03158154259875001;0.021981142003190717;0.021961820472658423;0.03158154259875001;1322;1192;1461;119
D09M;1413;-0.021918417614840924;0.022279598435766997;-0.03149526973625;0.021918417614840924;0.022279598435766997;0.03149526973625;1330;1135;1465;118
D09M;1414;-0.021864651648386045;0.02257869646151844;-0.03143050812541667;0.021864651648386045;0.02257869646151844;0.03143050812541667;1336;1102;1469;117
D09M;1415;-0.021822400434431594;0.022847477734065216;-0.03138654570999999;0.021822400434431594;0.022847477734065216;0.03138654570999999;1341;1078;1473;116
D09M;1416;-0.02178717050762212;0.02307410785783637;-0.03135957626208333;0.02178717050762212;0.02307410785783637;0.03135957626208333;1345;1054;1476;115
D09M;1417;-0.021759868397505915;0.023263233773234242;-0.03135601700749996;0.021759868397505915;0.023263233773234242;0.03135601700749996;1350;1028;1477;114
D09M;1418;-0.021743825042971815;0.023433046158547178;-0.03137296065833334;0.021743825042971815;0.023433046158547178;0.03137296065833334;1354;991;1475;113
D09M;1419;-0.021735851545898174;0.023594926575931683;-0.03140065626791666;0.021735851545898174;0.023594926575931683;0.03140065626791666;1356;980;1471;112
D09M;1420;-0.021735262901064784;0.02374326582485818;-0.03144343555041665;0.021735262901064784;0.02374326582485818;0.03144343555041665;1357;974;1468;111
D09M;1421;-0.02174391229890043;0.02386455153133891;-0.03150890684791663;0.02174391229890043;0.02386455153133891;0.03150890684791663;1353;965;1463;110
D09M;1422;-0.021759892716462545;0.02395980479171398;-0.031589299995000014;0.021759892716462545;0.02395980479171398;0.031589299995000014;1349;961;1460;109
D09M;1423;-0.021782331408102932;0.024034585214762153;-0.03168320658375001;0.021782331408102932;0.024034585214762153;0.03168320658375001;1346;957;1447;108
D09M;1424;-0.021810832479990803;0.024098301623289024;-0.031792296536249987;0.021810832479990803;0.024098301623289024;0.031792296536249987;1343;953;1431;107
D09M;1425;-0.021842730753121483;0.02416182305399948;-0.03190362839541663;0.021842730753121483;0.02416182305399948;0.03190362839541663;1339;950;1414;106
D09M;1426;-0.02188104289309182;0.02421270457532597;-0.03202210733625002;0.02188104289309182;0.02421270457532597;0.03202210733625002;1334;944;1409;105
D09M;1427;-0.021928493008219006;0.024236722032119844;-0.03216383491374997;0.021928493008219006;0.024236722032119844;0.03216383491374997;1329;942;1404;104
D09M;1428;-0.02197694096632646;0.024245415159833195;-0.03231263947291663;0.02197694096632646;0.024245415159833195;0.03231263947291663;1323;939;1397;103
D09M;1429;-0.022026587461352356;0.024254066863413998;-0.0324631358883333;0.022026587461352356;0.024254066863413998;0.0324631358883333;1318;937;1390;102
D09M;1430;-0.022081600696547774;0.024256495031620057;-0.03262768021166665;0.022081600696547774;0.024256495031620057;0.03262768021166665;1311;936;1382;101
D09M;1431;-0.022138508037387924;0.0242510480652854;-0.03279171798249997;0.022138508037387924;0.0242510480652854;0.03279171798249997;1307;938;1376;100
D09M;1432;-0.022201078245298985;0.024242281176644235;-0.03295413912375003;0.022201078245298985;0.024242281176644235;0.03295413912375003;1300;940;1367;99
D09M;1433;-0.022271642302661432;0.024219737352127985;-0.03313445779333338;0.022271642302661432;0.024219737352127985;0.03313445779333338;1293;943;1357;98
D09M;1434;-0.022342353683166182;0.02419545132881732;-0.03331993724833335;0.022342353683166182;0.02419545132881732;0.03331993724833335;1286;946;1345;97
D09M;1435;-0.022407356873878008;0.024171851046399753;-0.033492291359166704;0.022407356873878008;0.024171851046399753;0.033492291359166704;1279;948;1335;96
D09M;1436;-0.022470992451698844;0.02413360093282423;-0.03366805582583332;0.022470992451698844;0.02413360093282423;0.03366805582583332;1271;951;1318;95
D09M;1437;-0.022541268953098777;0.02409396495199212;-0.033855518689583336;0.022541268953098777;0.02409396495199212;0.033855518689583336;1264;954;1284;94
D09M;1438;-0.02261181069745356;0.024049143498389887;-0.03403435414875;0.02261181069745356;0.024049143498389887;0.03403435414875;1245;956;1262;93
D09M;1439;-0.022684864828071683;0.023990038847423657;-0.03420599981999997;0.022684864828071683;0.023990038847423657;0.03420599981999997;1197;959;1248;92
D09M;1440;-0.022757605320202295;0.02393310659901837;-0.03438301243708333;0.022757605320202295;0.02393310659901837;0.03438301243708333;1186;962;1237;91
D09M;1441;-0.022832887414972216;0.023878615634980276;-0.03456137828750003;0.022832887414972216;0.023878615634980276;0.03456137828750003;1175;964;1226;90
D09M;1442;-0.022901818537945845;0.023821231149320086;-0.034730831550416674;0.022901818537945845;0.023821231149320086;0.034730831550416674;1166;967;1217;89
D09M;1443;-0.022965848494709878;0.023756943239326825;-0.034894491832499985;0.022965848494709878;0.023756943239326825;0.034894491832499985;1156;972;1207;88
D09M;1444;-0.023039036169082185;0.02369994452250016;-0.03507386701541662;0.023039036169082185;0.02369994452250016;0.03507386701541662;1144;975;1192;87
D09M;1445;-0.023105712711653317;0.023645754599398047;-0.035234437296250004;0.023105712711653317;0.023645754599398047;0.035234437296250004;1132;977;1180;86
D09M;1446;-0.023168333417451444;0.023563187699537958;-0.03538055782541666;0.023168333417451444;0.023563187699537958;0.03538055782541666;1119;981;1165;85
D09M;1447;-0.02323551530819759;0.0234767332359893;-0.035534099314583345;0.02323551530819759;0.0234767332359893;0.035534099314583345;1104;985;1142;84
D09M;1448;-0.023294957370905794;0.023407388298385623;-0.03567678233749999;0.023294957370905794;0.023407388298385623;0.03567678233749999;1084;1002;1112;83
D09M;1449;-0.02335208476163803;0.023329523928218875;-0.03581747980625;0.02335208476163803;0.023329523928218875;0.03581747980625;1082;1019;1108;82
D09M;1450;-0.02341589149459667;0.02325727762885974;-0.03597002620583331;0.02341589149459667;0.02325727762885974;0.03597002620583331;1078;1029;1104;81
D09M;1451;-0.023472732397735768;0.023199748035976814;-0.03610524908083332;0.023472732397735768;0.023199748035976814;0.03610524908083332;1076;1037;1101;80
D09M;1452;-0.02352672961319521;0.023126100103201454;-0.036226070927083326;0.02352672961319521;0.023126100103201454;0.036226070927083326;1072;1048;1097;79
D09M;1453;-0.023583888672966086;0.023041456369446843;-0.03634938326875001;0.023583888672966086;0.023041456369446843;0.03634938326875001;1069;1060;1093;78
D09M;1454;-0.023633775615581665;0.02296790818130979;-0.036465626651666666;0.023633775615581665;0.02296790818130979;0.036465626651666666;1068;1068;1090;77
D09M;1455;-0.023685905879902592;0.022890015752539565;-0.036586488847500015;0.023685905879902592;0.022890015752539565;0.036586488847500015;1064;1075;1085;76
D09M;1456;-0.023742934274943558;0.022802549571498687;-0.036715671036666675;0.023742934274943558;0.022802549571498687;0.036715671036666675;1061;1084;1081;75
D09M;1457;-0.02379487748866409;0.02273286832149719;-0.036837525282500005;0.02379487748866409;0.02273286832149719;0.036837525282500005;1058;1088;1075;74
D09M;1458;-0.023852193397345775;0.022665619626144513;-0.03696102861916664;0.023852193397345775;0.022665619626144513;0.03696102861916664;1052;1094;1070;73
D09M;1459;-0.02391106478960486;0.022576250683074166;-0.037081838607916695;0.02391106478960486;0.022576250683074166;0.037081838607916695;1049;1103;1065;72
D09M;1460;-0.02396290024839121;0.022478551265212986;-0.037195860160416705;0.02396290024839121;0.022478551265212986;0.037195860160416705;1045;1111;1061;71
D09M;1461;-0.024021741075266306;0.022366789024364286;-0.037325295498749994;0.024021741075266306;0.022366789024364286;0.037325295498749994;1041;1122;1055;70
D09M;1462;-0.024085544543052676;0.02224604975317034;-0.0374640154375;0.024085544543052676;0.02224604975317034;0.0374640154375;1033;1136;1050;69
D09M;1463;-0.024146858282016587;0.02214579325090131;-0.0375996395291667;0.024146858282016587;0.02214579325090131;0.0375996395291667;1029;1152;1044;68
D09M;1464;-0.02421462496306151;0.02204701211331284;-0.037741186051250014;0.02421462496306151;0.02204701211331284;0.037741186051250014;1020;1174;1035;67
D09M;1465;-0.024280087108810976;0.021926001020064496;-0.03787646617458332;0.024280087108810976;0.021926001020064496;0.03787646617458332;1010;1198;1027;66
D09M;1466;-0.02433917971521938;0.021799089254330887;-0.038003574795416634;0.02433917971521938;0.021799089254330887;0.038003574795416634;1004;1202;1020;65
D09M;1467;-0.024411917533734825;0.021657188268868387;-0.03815099487625004;0.024411917533734825;0.021657188268868387;0.03815099487625004;1000;1210;1014;64
D09M;1468;-0.024489568786572324;0.02149103508418946;-0.03831043405083337;0.024489568786572324;0.02149103508418946;0.03831043405083337;982;1221;1007;63
D09M;1469;-0.02456258474348679;0.02133463538633838;-0.03846675283833334;0.02456258474348679;0.02133463538633838;0.03846675283833334;956;1226;999;62
D09M;1470;-0.024642263017911552;0.02119026024977708;-0.03862627988125;0.024642263017911552;0.02119026024977708;0.03862627988125;916;1238;993;61
D09M;1471;-0.024716512825724603;0.021034297307019334;-0.03878015222666664;0.024716512825724603;0.021034297307019334;0.03878015222666664;909;1250;986;60
D09M;1472;-0.024782363440878755;0.020873319666648675;-0.038927201781249976;0.024782363440878755;0.020873319666648675;0.038927201781249976;901;1254;977;59
D09M;1473;-0.024858282174477307;0.020692359819123037;-0.039081850418333314;0.024858282174477307;0.020692359819123037;0.039081850418333314;891;1261;967;58
D09M;1474;-0.024937805632332347;0.02048386573644317;-0.039245197630416645;0.024937805632332347;0.02048386573644317;0.039245197630416645;809;1263;954;57
D09M;1475;-0.02501313672243797;0.02028137794543607;-0.03940605176749998;0.02501313672243797;0.02028137794543607;0.03940605176749998;740;1267;938;56
D09M;1476;-0.02509425497031721;0.020084146316920397;-0.039563707223749994;0.02509425497031721;0.020084146316920397;0.039563707223749994;694;1271;907;55
D09M;1477;-0.025171621194920304;0.01988900183158528;-0.039716308719166704;0.025171621194920304;0.01988900183158528;0.039716308719166704;662;1273;880;54
D09M;1478;-0.025239745063710125;0.019701850323568297;-0.03985843099166669;0.025239745063710125;0.019701850323568297;0.03985843099166669;619;1277;866;53
D09M;1479;-0.02531332930484934;0.019497930942972697;-0.04000178076416663;0.02531332930484934;0.019497930942972697;0.04000178076416663;572;1279;854;52
D09M;1480;-0.025384328698063074;0.019286209229540306;-0.04014489170208335;0.025384328698063074;0.019286209229540306;0.04014489170208335;512;1282;841;51
D09M;1481;-0.025450449269662258;0.01908011079466936;-0.04028300888583333;0.025450449269662258;0.01908011079466936;0.04028300888583333;463;1286;831;50
D09M;1482;-0.02552556386051439;0.01885732779422757;-0.04042566962500002;0.02552556386051439;0.01885732779422757;0.04042566962500002;397;1289;818;49
D09M;1483;-0.025593815339359643;0.018640077127060492;-0.04056098364750002;0.025593815339359643;0.018640077127060492;0.04056098364750002;340;1293;799;48
D09M;1484;-0.025655753308402394;0.018426239921203666;-0.04068927878999998;0.025655753308402394;0.018426239921203666;0.04068927878999998;281;1296;774;47
D09M;1485;-0.025716594112961393;0.01821037248259192;-0.040812953427083326;0.025716594112961393;0.01821037248259192;0.040812953427083326;248;1298;730;46
D09M;1486;-0.025773613866051644;0.017992726435214823;-0.04093188786291663;0.025773613866051644;0.017992726435214823;0.04093188786291663;234;1302;664;45
D09M;1487;-0.025831756667027615;0.017777810697609198;-0.041048161412083395;0.025831756667027615;0.017777810697609198;0.041048161412083395;226;1305;623;44
D09M;1488;-0.025893027707147437;0.017561709005574168;-0.04116175351375001;0.025893027707147437;0.017561709005574168;0.04116175351375001;219;1308;591;43
D09M;1489;-0.02594856869259947;0.017335674260129524;-0.04126948721166668;0.02594856869259947;0.017335674260129524;0.04126948721166668;215;1313;549;42
D09M;1490;-0.025999481690148128;0.01710826144963805;-0.041369293874583324;0.025999481690148128;0.01710826144963805;0.041369293874583324;208;1315;496;41
D09M;1491;-0.02605332429083217;0.01688522832850989;-0.04147320817958339;0.02605332429083217;0.01688522832850989;0.04147320817958339;196;1318;450;40
D09M;1492;-0.02610606441232814;0.016659239826191424;-0.04157627988041662;0.02610606441232814;0.016659239826191424;0.04157627988041662;189;1323;434;39
D09M;1493;-0.026151632500671724;0.016430692684798538;-0.04167143191666667;0.026151632500671724;0.016430692684798538;0.04167143191666667;185;1325;418;38
D09M;1494;-0.026203554676309755;0.016207663159653905;-0.04176936979375001;0.026203554676309755;0.016207663159653905;0.04176936979375001;179;1328;401;37
D09M;1495;-0.02626011445160418;0.01596262056354744;-0.04187179896375004;0.02626011445160418;0.01596262056354744;0.04187179896375004;174;1332;376;36
D09M;1496;-0.02630503673494929;0.015710207637638494;-0.041952982895000046;0.02630503673494929;0.015710207637638494;0.041952982895000046;170;1337;360;35
D09M;1497;-0.026347874985387546;0.015481824032277085;-0.042030568089166664;0.026347874985387546;0.015481824032277085;0.042030568089166664;166;1341;340;34
D09M;1498;-0.026392940918670282;0.015254978340251813;-0.04212126463374999;0.026392940918670282;0.015254978340251813;0.04212126463374999;161;1344;270;33
D09M;1499;-0.02642922450769676;0.01503174232638127;-0.04219732327041664;0.02642922450769676;0.01503174232638127;0.04219732327041664;157;1348;205;32
D09M;1500;-0.02646332052086175;0.01481445409133235;-0.04226712802083332;0.02646332052086175;0.01481445409133235;0.04226712802083332;153;1351;168;31
D09M;1501;-0.02650544197050239;0.014566767053397978;-0.04234856686374994;0.02650544197050239;0.014566767053397978;0.04234856686374994;148;1356;157;30
D09M;1502;-0.026543616967279235;0.014313054499515985;-0.042411045586666696;0.026543616967279235;0.014313054499515985;0.042411045586666696;143;1361;145;29
D09M;1503;-0.026576701369393312;0.014081686586941842;-0.04246835527833337;0.026576701369393312;0.014081686586941842;0.04246835527833337;138;1365;124;28
D09M;1504;-0.026614549315799315;0.013851252610545895;-0.04254692743999999;0.026614549315799315;0.013851252610545895;0.04254692743999999;134;1371;119;27
D09M;1505;-0.026646735340799713;0.013627785894746738;-0.042611956924166694;0.026646735340799713;0.013627785894746738;0.042611956924166694;128;1375;114;26
D09M;1506;-0.026676294066381515;0.013411618504328005;-0.0426708370370833;0.026676294066381515;0.013411618504328005;0.0426708370370833;121;1383;111;25
D09M;1507;-0.026710862903171144;0.013175046277783558;-0.042736095104583316;0.026710862903171144;0.013175046277783558;0.042736095104583316;117;1390;106;24
D09M;1508;-0.02674209571534978;0.012927603022628563;-0.04278158638458329;0.02674209571534978;0.012927603022628563;0.04278158638458329;113;1395;102;23
D09M;1509;-0.026771745934136185;0.012691314590143726;-0.04282945971125002;0.026771745934136185;0.012691314590143726;0.04282945971125002;108;1404;96;22
D09M;1510;-0.026801878967947515;0.012457926548597857;-0.04288724740000005;0.026801878967947515;0.012457926548597857;0.04288724740000005;103;1407;90;21
D09M;1511;-0.02682785533779902;0.012231190370416138;-0.04292950440708332;0.02682785533779902;0.012231190370416138;0.04292950440708332;97;1414;86;20
D09M;1512;-0.026850021971902005;0.01201070426991749;-0.042970826404999996;0.026850021971902005;0.01201070426991749;0.042970826404999996;94;1421;81;19
D09M;1513;-0.026872104103548212;0.011769024431920953;-0.04301513590291667;0.026872104103548212;0.011769024431920953;0.04301513590291667;91;1427;76;18
D09M;1514;-0.026895445306397495;0.01150726422567882;-0.043048863192916675;0.026895445306397495;0.01150726422567882;0.043048863192916675;86;1434;72;17
D09M;1515;-0.026920846465555856;0.011262894696350195;-0.043086782868750007;0.026920846465555856;0.011262894696350195;0.043086782868750007;84;1438;68;16
D09M;1516;-0.02694560028097267;0.011045688482411177;-0.04313123514833328;0.02694560028097267;0.011045688482411177;0.04313123514833328;78;1443;64;15
D09M;1517;-0.02696748820026416;0.010834027919633863;-0.04316684221791667;0.02696748820026416;0.010834027919633863;0.04316684221791667;74;1446;62;14
D09M;1518;-0.02698725039459998;0.010633117662871798;-0.04319718760125002;0.02698725039459998;0.010633117662871798;0.04319718760125002;70;1453;59;13
D09M;1519;-0.02700351077977804;0.010427897216170125;-0.04322594996500001;0.02700351077977804;0.010427897216170125;0.04322594996500001;66;1457;55;12
D09M;1520;-0.027021008318951243;0.010183060116497963;-0.04324887964124996;0.027021008318951243;0.010183060116497963;0.04324887964124996;60;1461;51;11
D09M;1521;-0.02704083044185102;0.00994454322230798;-0.043273960725416616;0.02704083044185102;0.00994454322230798;0.043273960725416616;53;1464;48;10
D09M;1522;-0.027057549867620313;0.009746157739626025;-0.04330288649041664;0.027057549867620313;0.009746157739626025;0.04330288649041664;49;1468;44;9
D09M;1523;-0.027071465144310594;0.009542088699512122;-0.043325609065833326;0.027071465144310594;0.009542088699512122;0.043325609065833326;47;1473;40;8
D09M;1524;-0.027082981295096915;0.009346593067256844;-0.0433462903866666;0.027082981295096915;0.009346593067256844;0.0433462903866666;43;1476;38;7
D09M;1525;-0.027092668398681293;0.009161232738308605;-0.043365122714583315;0.027092668398681293;0.009161232738308605;0.043365122714583315;40;1478;35;6
D09M;1526;-0.027102307448595646;0.008934525483435861;-0.04337503609750004;0.027102307448595646;0.008934525483435861;0.04337503609750004;38;1481;34;5
D09M;1527;-0.027111016284422768;0.00870997614015897;-0.04338822224041666;0.027111016284422768;0.00870997614015897;0.04338822224041666;34;1488;29;4
D09M;1528;-0.02711848835962118;0.008504967534349985;-0.04340334321833339;0.02711848835962118;0.008504967534349985;0.04340334321833339;33;1493;27;3
D09M;1529;-0.027123750123816036;0.008286929850612025;-0.04340703118791667;0.027123750123816036;0.008286929850612025;0.04340703118791667;31;1499;26;2
D09M;1530;-0.02712666471877376;0.008090572752989973;-0.04341448370541667;0.02712666471877376;0.008090572752989973;0.04341448370541667;30;1502;24;1
D09M;1531;-0.027132635239172927;0.007903855450999656;-0.04343004219749996;0.027132635239172927;0.007903855450999656;0.04343004219749996;28;1505;19;0
D09M;1532;-0.027137015649720736;0.007696854593086064;-0.043434982026666624;0.027137015649720736;0.007696854593086064;0.043434982026666624;27;1512;17;0
D09M;1533;-0.02713746304756208;0.007504002085229076;-0.043437864376666635;0.02713746304756208;0.007504002085229076;0.043437864376666635;26;1517;16;0
D09M;1534;-0.02714647231103557;0.00731807942029897;-0.043449279538749996;0.02714647231103557;0.00731807942029897;0.043449279538749996;22;1521;10;0
D09M;1535;-0.027153142734568744;0.0071193609526633206;-0.043449904218333335;0.027153142734568744;0.0071193609526633206;0.043449904218333335;19;1525;8;0
D09M;1536;-0.027150170148507593;0.006920361681175885;-0.04344387533166666;0.027150170148507593;0.006920361681175885;0.04344387533166666;20;1531;14;0
D09M;1537;-0.027155766260779708;0.006717463177427361;-0.04344814479624998;0.027155766260779708;0.006717463177427361;0.04344814479624998;18;1562;11;0
D09M;1538;-0.027161578460552893;0.006522345788369795;-0.04344986336208334;0.027161578460552893;0.006522345788369795;0.04344986336208334;15;1586;9;0
D09M;1539;-0.02716048211518147;0.00633970398096176;-0.04344578506208335;0.02716048211518147;0.00633970398096176;0.04344578506208335;16;1599;12;0
D09M;1540;-0.02716768066632983;0.0061598058152051716;-0.04344438912000004;0.02716768066632983;0.0061598058152051716;0.04344438912000004;7;1610;13;0
D09M;1541;-0.02717368811996291;0.00598220613244551;-0.04343975512583337;0.02717368811996291;0.00598220613244551;0.04343975512583337;5;1619;15;0
D09M;1542;-0.02716766178269975;0.005790328878054574;-0.043430714902500056;0.02716766178269975;0.005790328878054574;0.043430714902500056;8;1630;18;0
D09M;1543;-0.027165385905065245;0.005594186546862414;-0.043424209215416676;0.027165385905065245;0.005594186546862414;0.043424209215416676;12;1638;21;1
D09M;1544;-0.027171133049015386;0.005413631260994223;-0.04342291263083331;0.027171133049015386;0.005413631260994223;0.04342291263083331;6;1646;23;1
D09M;1545;-0.02717413284950785;0.005235067384441144;-0.04342584211666667;0.02717413284950785;0.005235067384441144;0.04342584211666667;4;1658;20;0
D09M;1546;-0.02717661892901641;0.005052158580326118;-0.043422959021666596;0.02717661892901641;0.005052158580326118;0.043422959021666596;3;1668;22;1
D09M;1547;-0.027179789910804622;0.00487265510305346;-0.04341059605083336;0.027179789910804622;0.00487265510305346;0.04341059605083336;1;1711;25;2
D09M;1548;-0.02717749310923055;0.004700631194465089;-0.04340084386708337;0.02717749310923055;0.004700631194465089;0.04340084386708337;2;1729;28;3
D09M;1549;-0.02716158599822493;0.0045311246907680704;-0.04338359682458337;0.02716158599822493;0.0045311246907680704;0.04338359682458337;14;1740;30;4
D09M;1550;-0.027159674004053763;0.004357481176971143;-0.04337702898250001;0.027159674004053763;0.004357481176971143;0.04337702898250001;17;1751;32;5
D09M;1551;-0.027167244483381748;0.004190768641339608;-0.04338335176416669;0.027167244483381748;0.004190768641339608;0.04338335176416669;9;1764;31;6
D09M;1552;-0.027165565543230224;0.004020438195062082;-0.04337580521208334;0.027165565543230224;0.004020438195062082;0.04337580521208334;11;1775;33;7
D09M;1553;-0.027165992175803042;0.003836796745952406;-0.04336355218958332;0.027165992175803042;0.003836796745952406;0.04336355218958332;10;1783;36;8
D09M;1554;-0.027162986358595095;0.0036740349489949994;-0.043352704759166694;0.027162986358595095;0.0036740349489949994;0.043352704759166694;13;1793;37;9
D09M;1555;-0.027148845466051386;0.00352722269648659;-0.04333129596416663;0.027148845466051386;0.00352722269648659;0.04333129596416663;21;1802;39;10
D09M;1556;-0.0271428179021371;0.0033693528824546405;-0.04331821941041669;0.0271428179021371;0.0033693528824546405;0.04331821941041669;24;1812;42;11
D09M;1557;-0.027145513778024467;0.0032140661663117363;-0.04331938234124999;0.027145513778024467;0.0032140661663117363;0.04331938234124999;23;1822;41;12
D09M;1558;-0.027140241910101004;0.0030578091296630337;-0.043307337105000066;0.027140241910101004;0.0030578091296630337;0.043307337105000066;25;1830;43;13
D09M;1559;-0.027131317565944044;0.00289834044448183;-0.04328515094583335;0.027131317565944044;0.00289834044448183;0.04328515094583335;29;1842;46;14
D09M;1560;-0.027123413768056118;0.0027432978674121326;-0.04327097105083333;0.027123413768056118;0.0027432978674121326;0.04327097105083333;32;1852;49;15
D09M;1561;-0.0271095090293936;0.0025918002414056355;-0.04325144102999995;0.0271095090293936;0.0025918002414056355;0.04325144102999995;35;1862;50;16
D09M;1562;-0.027103925372017945;0.0024355001283419943;-0.0432397591625;0.027103925372017945;0.0024355001283419943;0.0432397591625;37;1870;53;17
D09M;1563;-0.02710724610480855;0.002273938914274237;-0.04324315257125;0.02710724610480855;0.002273938914274237;0.04324315257125;36;1879;52;18
D09M;1564;-0.02710174059338107;0.0021230681782524858;-0.043234237292083366;0.02710174059338107;0.0021230681782524858;0.043234237292083366;39;1891;54;19
D09M;1565;-0.02709241841907912;0.001981856984424367;-0.043217585292083416;0.02709241841907912;0.001981856984424367;0.043217585292083416;41;1898;56;20
D09M;1566;-0.027086363990709975;0.0018295463574083232;-0.04320808746208332;0.027086363990709975;0.0018295463574083232;0.04320808746208332;42;1912;57;21
D09M;1567;-0.02707833696242375;0.0016640784653518903;-0.043199888923333374;0.02707833696242375;0.0016640784653518903;0.043199888923333374;44;1930;58;22
D09M;1568;-0.02707327894666883;0.001518301425179362;-0.043185290900000006;0.02707327894666883;0.001518301425179362;0.043185290900000006;46;1944;60;23
D09M;1569;-0.027076259136520314;0.0013833391054709856;-0.04317694923208337;0.027076259136520314;0.0013833391054709856;0.04317694923208337;45;1956;61;24
D09M;1570;-0.02707114193293923;0.0012441628109712386;-0.0431607816216667;0.02707114193293923;0.0012441628109712386;0.0431607816216667;48;1965;63;25
D09M;1571;-0.027055706633494082;0.0011226897561832164;-0.04312539412041666;0.027055706633494082;0.0011226897561832164;0.04312539412041666;50;1974;65;26
D09M;1572;-0.027047747805963647;0.0009860731956136785;-0.04310629759125001;0.027047747805963647;0.0009860731956136785;0.04310629759125001;51;1987;66;27
D09M;1573;-0.027043040917783694;0.0008274848228717343;-0.043096948383749945;0.027043040917783694;0.0008274848228717343;0.043096948383749945;52;2002;67;28
D09M;1574;-0.027037474067647664;0.0006870863791882633;-0.04307977428083337;0.027037474067647664;0.0006870863791882633;0.04307977428083337;54;2014;69;29
D09M;1575;-0.02703706028207153;0.0005558664035720842;-0.04306842087624996;0.02703706028207153;0.0005558664035720842;0.04306842087624996;55;2038;70;30
D09M;1576;-0.027034004318179664;0.0004183152067426906;-0.04305357163875001;0.027034004318179664;0.0004183152067426906;0.04305357163875001;56;2077;71;31
D09M;1577;-0.02702315690187401;0.00028384372586256747;-0.04302447672666665;0.02702315690187401;0.00028384372586256747;0.04302447672666665;58;2101;74;32
D09M;1578;-0.02702015311477727;0.00014519443376805678;-0.043012553732916625;0.02702015311477727;0.00014519443376805678;0.043012553732916625;61;2126;77;33
D09M;1579;-0.027026436577193114;-1.0891916705780616e-06;-0.04301691888499998;0.027026436577193114;1.0891916705780616e-06;0.04301691888499998;57;2151;75;34
D09M;1580;-0.02702311111697648;-0.00013245133163976446;-0.043002922747500005;0.02702311111697648;0.00013245133163976446;0.043002922747500005;59;2132;78;35
D09M;1581;-0.027016588520974615;-0.0002531391528839374;-0.04298518768125004;0.027016588520974615;0.0002531391528839374;0.04298518768125004;62;2111;79;36
D09M;1582;-0.027014857627140842;-0.0003828891437125921;-0.04297222169458331;0.027014857627140842;0.0003828891437125921;0.04297222169458331;63;2083;80;37
D09M;1583;-0.027009096854587064;-0.0005115131283003524;-0.04294671817500001;0.027009096854587064;0.0005115131283003524;0.04294671817500001;64;2053;82;38
D09M;1584;-0.0270034482411584;-0.0006453572928669793;-0.042935430053749946;0.0270034482411584;0.0006453572928669793;0.042935430053749946;67;2019;84;39
D09M;1585;-0.02700584406354847;-0.0007893935939745857;-0.042943274382916674;0.02700584406354847;0.0007893935939745857;0.042943274382916674;65;2005;83;40
D09M;1586;-0.02700184701864561;-0.0009212031973690182;-0.04293393586791666;0.02700184701864561;0.0009212031973690182;0.04293393586791666;68;1993;85;41
D09M;1587;-0.02698911721255088;-0.0010510484068102974;-0.04292115862291668;0.02698911721255088;0.0010510484068102974;0.04292115862291668;69;1981;87;42
D09M;1588;-0.026982243245788167;-0.0011740041513384784;-0.04290739958500006;0.026982243245788167;0.0011740041513384784;0.04290739958500006;71;1970;88;43
D09M;1589;-0.02697836974479999;-0.001275713186492853;-0.042881172380416666;0.02697836974479999;0.001275713186492853;0.042881172380416666;72;1963;91;44
D09M;1590;-0.02697184433018112;-0.001398471529491474;-0.04286832554541664;0.02697184433018112;0.001398471529491474;0.04286832554541664;73;1953;92;45
D09M;1591;-0.026964638446224525;-0.0015303718641800693;-0.04286266713416664;0.026964638446224525;0.0015303718641800693;0.04286266713416664;75;1942;93;46
D09M;1592;-0.02695761256829459;-0.0016649912753066438;-0.042847629759583394;0.02695761256829459;0.0016649912753066438;0.042847629759583394;76;1929;94;47
D09M;1593;-0.026948347125919692;-0.001825292511674517;-0.04283669491875003;0.026948347125919692;0.001825292511674517;0.04283669491875003;77;1913;95;48
D09M;1594;-0.0269416685662415;-0.001962062436724814;-0.04282360127250001;0.0269416685662415;0.001962062436724814;0.04282360127250001;79;1903;98;49
D09M;1595;-0.02694031566179102;-0.0020813527907915393;-0.04280163105791657;0.02694031566179102;0.0020813527907915393;0.04280163105791657;80;1892;99;50
D09M;1596;-0.026935625163850726;-0.0021964190321045766;-0.0427906914991667;0.026935625163850726;0.0021964190321045766;0.0427906914991667;81;1885;101;51
D09M;1597;-0.0269317055151356;-0.0022850528856643657;-0.04279237850458334;0.0269317055151356;0.0022850528856643657;0.04279237850458334;82;1878;100;52
D09M;1598;-0.026920970185457582;-0.0024133414215438535;-0.042772265605833304;0.026920970185457582;0.0024133414215438535;0.042772265605833304;83;1872;103;53
D09M;1599;-0.02690992791322952;-0.0025679539796136133;-0.042755531636250066;0.02690992791322952;0.0025679539796136133;0.042755531636250066;85;1865;104;54
D09M;1600;-0.02689412259135843;-0.0027103759765440606;-0.04273476235166668;0.02689412259135843;0.0027103759765440606;0.04273476235166668;87;1853;107;55
D09M;1601;-0.026881928402877533;-0.0028489262386655824;-0.042700379793749965;0.026881928402877533;0.0028489262386655824;0.042700379793749965;88;1845;108;56
D09M;1602;-0.026880938792079666;-0.002958092250230508;-0.04268723818000003;0.026880938792079666;0.002958092250230508;0.04268723818000003;89;1839;109;57
D09M;1603;-0.026880651157242096;-0.0030304331356844987;-0.04267946411583334;0.026880651157242096;0.0030304331356844987;0.04267946411583334;90;1834;110;58
D09M;1604;-0.026872006176032803;-0.003143603632563641;-0.04265310562416669;0.026872006176032803;0.003143603632563641;0.04265310562416669;92;1827;112;59
D09M;1605;-0.02685647486513261;-0.0032934331426791668;-0.04262728303124996;0.02685647486513261;0.0032934331426791668;0.04262728303124996;93;1820;113;60
D09M;1606;-0.02684204976510439;-0.00341409000792578;-0.04260107162416665;0.02684204976510439;0.00341409000792578;0.04260107162416665;95;1809;115;61
D09M;1607;-0.026827866993243202;-0.0035254764548289567;-0.04256708641250001;0.026827866993243202;0.0035254764548289567;0.04256708641250001;96;1803;116;62
D09M;1608;-0.026819320542768494;-0.0036250876801846147;-0.042551712914166706;0.026819320542768494;0.0036250876801846147;0.042551712914166706;99;1794;117;63
D09M;1609;-0.02682149862492476;-0.0036885158102787988;-0.042548208596250026;0.02682149862492476;0.0036885158102787988;0.042548208596250026;98;1791;118;64
D09M;1610;-0.02681555341763431;-0.0037857497791141644;-0.04252712570666661;0.02681555341763431;0.0037857497791141644;0.04252712570666661;100;1786;120;65
D09M;1611;-0.026804360522683267;-0.003919143336094435;-0.04250904935500005;0.026804360522683267;0.003919143336094435;0.04250904935500005;101;1780;121;66
D09M;1612;-0.02680244305431447;-0.004016979628307898;-0.04249611068875003;0.02680244305431447;0.004016979628307898;0.04249611068875003;102;1776;122;67
D09M;1613;-0.026796709458427288;-0.004113042110198737;-0.04247195280041671;0.026796709458427288;0.004113042110198737;0.04247195280041671;104;1770;123;68
D09M;1614;-0.02678856426468;-0.004220137957403282;-0.042458179673750096;0.02678856426468;0.004220137957403282;0.042458179673750096;105;1760;125;69
D09M;1615;-0.026786187210172212;-0.004296218367829279;-0.04244931196958335;0.026786187210172212;0.004296218367829279;0.04244931196958335;106;1755;132;70
D09M;1616;-0.026776856641257424;-0.004385993425010233;-0.042427877806666625;0.026776856641257424;0.004385993425010233;0.042427877806666625;107;1748;138;71
D09M;1617;-0.02676779195314239;-0.00449632278827617;-0.042415766162500035;0.02676779195314239;0.00449632278827617;0.042415766162500035;109;1744;144;72
D09M;1618;-0.02676542294932416;-0.0045852128343907;-0.04240215761249999;0.02676542294932416;0.0045852128343907;0.04240215761249999;110;1737;146;73
D09M;1619;-0.026762521409399824;-0.004676131953312594;-0.04238248727749999;0.026762521409399824;0.004676131953312594;0.04238248727749999;111;1732;151;74
D09M;1620;-0.026754626022771184;-0.004766835404948039;-0.0423648367058333;0.026754626022771184;0.004766835404948039;0.0423648367058333;112;1723;155;75
D09M;1621;-0.026741784635458274;-0.004861150329521953;-0.0423358624829166;0.026741784635458274;0.004861150329521953;0.0423358624829166;114;1712;159;76
D09M;1622;-0.026730125928087323;-0.004949725496827413;-0.042313778729166585;0.026730125928087323;0.004949725496827413;0.042313778729166585;115;1701;161;77
D09M;1623;-0.02671386523124654;-0.005033803068826788;-0.042306412852083364;0.02671386523124654;0.005033803068826788;0.042306412852083364;116;1669;163;78
D09M;1624;-0.026702178916927652;-0.0051163692531120564;-0.04228255911541662;0.026702178916927652;0.0051163692531120564;0.04228255911541662;118;1665;165;79
D09M;1625;-0.026696886979505285;-0.00519416304925721;-0.04224677301500007;0.026696886979505285;0.00519416304925721;0.04224677301500007;119;1660;181;80
D09M;1626;-0.02668763007112284;-0.0052642541392094585;-0.04222300907041665;0.02668763007112284;0.0052642541392094585;0.04222300907041665;120;1655;189;81
D09M;1627;-0.026673392768833844;-0.005323376144792231;-0.04219063720083338;0.026673392768833844;0.005323376144792231;0.04219063720083338;122;1651;210;82
D09M;1628;-0.026665568728740832;-0.005397586224605739;-0.04216682327749999;0.026665568728740832;0.005397586224605739;0.04216682327749999;123;1647;242;83
D09M;1629;-0.026660657960453117;-0.0054745685642498135;-0.04216070511375003;0.026660657960453117;0.0054745685642498135;0.04216070511375003;124;1645;245;84
D09M;1630;-0.02665375276755573;-0.0055525314440094484;-0.04214570369583337;0.02665375276755573;0.0055525314440094484;0.04214570369583337;126;1642;256;85
D09M;1631;-0.0266549474874875;-0.005642324343041844;-0.04213216109500001;0.0266549474874875;0.005642324343041844;0.04213216109500001;125;1634;264;86
D09M;1632;-0.026650385744193514;-0.0057228334219924445;-0.04211412919916668;0.026650385744193514;0.0057228334219924445;0.04211412919916668;127;1631;274;87
D09M;1633;-0.02663487910014812;-0.005802501144015106;-0.04208527951458324;0.02663487910014812;0.005802501144015106;0.04208527951458324;129;1627;306;88
D09M;1634;-0.026628405956621522;-0.005875280081277009;-0.04206866881374999;0.026628405956621522;0.005875280081277009;0.04206866881374999;130;1625;320;89
D09M;1635;-0.026627264628206478;-0.0059485163363440065;-0.04205879204166668;0.026627264628206478;0.0059485163363440065;0.04205879204166668;131;1622;329;90
D09M;1636;-0.02661951956668217;-0.0060115792958204545;-0.04203834212958335;0.02661951956668217;0.0060115792958204545;0.04203834212958335;132;1618;338;91
D09M;1637;-0.02661561264371507;-0.006045428046767622;-0.04202217858291668;0.02661561264371507;0.006045428046767622;0.04202217858291668;133;1615;341;92
D09M;1638;-0.026608397320151193;-0.006101530385046621;-0.04200073150916672;0.026608397320151193;0.006101530385046621;0.04200073150916672;135;1613;348;93
D09M;1639;-0.026592806908466347;-0.006170045715177425;-0.0419630333208334;0.026592806908466347;0.006170045715177425;0.0419630333208334;136;1609;358;94
D09M;1640;-0.026582512418048425;-0.006231471245690029;-0.04194108728166662;0.026582512418048425;0.006231471245690029;0.04194108728166662;137;1605;365;95
D09M;1641;-0.026572693442895246;-0.006307897289562671;-0.04192947047791662;0.026572693442895246;0.006307897289562671;0.04192947047791662;139;1600;369;96
D09M;1642;-0.026562855901486968;-0.0063783739354932025;-0.04191088076916677;0.026562855901486968;0.0063783739354932025;0.04191088076916677;140;1596;371;97
D09M;1643;-0.026555913795914377;-0.006442599651739384;-0.0418970490470833;0.026555913795914377;0.006442599651739384;0.0418970490470833;141;1591;373;98
D09M;1644;-0.026547731140890804;-0.006495769396116189;-0.04187645722291672;0.026547731140890804;0.006495769396116189;0.04187645722291672;142;1589;375;99
D09M;1645;-0.026540877280750528;-0.006543601803274809;-0.04184818399500001;0.026540877280750528;0.006543601803274809;0.04184818399500001;144;1584;380;100
D09M;1646;-0.026532602862739823;-0.006582433815905584;-0.04182437263791672;0.026532602862739823;0.006582433815905584;0.04182437263791672;145;1579;389;101
D09M;1647;-0.02652216390567791;-0.006598006193731516;-0.04179982982124997;0.02652216390567791;0.006598006193731516;0.04179982982124997;146;1578;394;102
D09M;1648;-0.02651005482118051;-0.0066330611256651744;-0.04177505195708331;0.02651005482118051;0.0066330611256651744;0.04177505195708331;147;1573;399;103
D09M;1649;-0.026495567795810464;-0.006679672895223507;-0.041751798270416696;0.026495567795810464;0.006679672895223507;0.041751798270416696;149;1568;404;104
D09M;1650;-0.026484787306235418;-0.0067182956463550225;-0.041727084703333306;0.026484787306235418;0.0067182956463550225;0.041727084703333306;150;1561;407;105
D09M;1651;-0.02647625555716185;-0.006771517340681574;-0.04170148878291663;0.02647625555716185;0.006771517340681574;0.04170148878291663;151;1553;413;106
D09M;1652;-0.026464208160430592;-0.0068001891830950095;-0.04167595837666671;0.026464208160430592;0.0068001891830950095;0.04167595837666671;152;1544;416;107
D09M;1653;-0.026449199879629407;-0.0068118734367083105;-0.04164713999749997;0.026449199879629407;0.0068118734367083105;0.04164713999749997;154;1539;421;108
D09M;1654;-0.026439342335855716;-0.0068251328649520885;-0.04162379247500003;0.026439342335855716;0.0068251328649520885;0.04162379247500003;155;1534;427;109
D09M;1655;-0.026433666728182627;-0.006822958085999521;-0.04160769223249999;0.026433666728182627;0.006822958085999521;0.04160769223249999;156;1535;429;110
D09M;1656;-0.026421262248920642;-0.006820145019601453;-0.04158160068749994;0.026421262248920642;0.006820145019601453;0.04158160068749994;158;1536;433;111
D09M;1657;-0.026408358466529395;-0.0068112444237244585;-0.041553359507500054;0.026408358466529395;0.0068112444237244585;0.041553359507500054;159;1540;437;112
D09M;1658;-0.026397345897136784;-0.006801257086770411;-0.04152513798749996;0.026397345897136784;0.006801257086770411;0.04152513798749996;160;1543;441;113
D09M;1659;-0.0263794231654903;-0.006788184886617483;-0.041489143887916635;0.0263794231654903;0.006788184886617483;0.041489143887916635;162;1546;448;114
D09M;1660;-0.026365874026050548;-0.006783339735382745;-0.04145792480041666;0.026365874026050548;0.006783339735382745;0.04145792480041666;163;1550;451;115
D09M;1661;-0.026361234970167034;-0.006787395943195883;-0.04143228902041668;0.026361234970167034;0.006787395943195883;0.04143228902041668;164;1547;454;116
D09M;1662;-0.026349901976104404;-0.0067846207924342075;-0.041400932335000085;0.026349901976104404;0.0067846207924342075;0.041400932335000085;165;1549;480;117
D09M;1663;-0.026331657024054104;-0.006787252741684076;-0.04136769958749997;0.026331657024054104;0.006787252741684076;0.04136769958749997;167;1548;497;118
D09M;1664;-0.02631847247357175;-0.0067675702059537355;-0.041330012502083346;0.02631847247357175;0.0067675702059537355;0.041330012502083346;168;1555;519;119
D09M;1665;-0.02630886087561803;-0.006732099720058154;-0.04128469011749997;0.02630886087561803;0.006732099720058154;0.04128469011749997;169;1560;542;120
D09M;1666;-0.02629767327179045;-0.006700963126755421;-0.04125079538124998;0.02629767327179045;0.006700963126755421;0.04125079538124998;171;1565;557;121
D09M;1667;-0.026287995025170447;-0.0066627504272896414;-0.04122151423499998;0.026287995025170447;0.0066627504272896414;0.04122151423499998;172;1571;568;122
D09M;1668;-0.02627358801094818;-0.0066135580499967666;-0.041184877770416684;0.02627358801094818;0.0066135580499967666;0.041184877770416684;173;1575;581;123
D09M;1669;-0.026254314849524986;-0.006556232242427523;-0.04115166969708334;0.026254314849524986;0.006556232242427523;0.04115166969708334;175;1581;594;124
D09M;1670;-0.026237615000997423;-0.006503540376325039;-0.0411146507416667;0.026237615000997423;0.006503540376325039;0.0411146507416667;176;1587;603;125
D09M;1671;-0.026220531013266248;-0.0064413967040650305;-0.04106461722374999;0.026220531013266248;0.0064413967040650305;0.04106461722374999;177;1592;616;126
D09M;1672;-0.02620601520730936;-0.0063845809670231325;-0.04103186150958327;0.02620601520730936;0.0063845809670231325;0.04103186150958327;178;1595;630;127
D09M;1673;-0.02619291968134295;-0.006346103223832254;-0.04101076146833327;0.02619291968134295;0.006346103223832254;0.04101076146833327;180;1598;634;128
D09M;1674;-0.026179757012276268;-0.0062821150926170456;-0.04098457004041667;0.026179757012276268;0.0062821150926170456;0.04098457004041667;181;1602;645;129
D09M;1675;-0.026164683695090042;-0.006196833241756076;-0.04096489492124994;0.026164683695090042;0.006196833241756076;0.04096489492124994;182;1607;649;130
D09M;1676;-0.026154484376114513;-0.00612147002853632;-0.04093694691708344;0.026154484376114513;0.00612147002853632;0.04093694691708344;183;1612;660;131
D09M;1677;-0.02615260922859438;-0.006040395586913621;-0.04090566044833338;0.02615260922859438;0.006040395586913621;0.04090566044833338;184;1616;677;132
D09M;1678;-0.026142533130557328;-0.005959977338094477;-0.040872930580833244;0.026142533130557328;0.005959977338094477;0.040872930580833244;186;1620;696;133
D09M;1679;-0.026130183957025047;-0.005888340351789425;-0.04083215737791662;0.026130183957025047;0.005888340351789425;0.04083215737791662;187;1623;721;134
D09M;1680;-0.02611783690718074;-0.005801489028236836;-0.04080195500291667;0.02611783690718074;0.005801489028236836;0.04080195500291667;188;1628;735;135
D09M;1681;-0.02609646884163981;-0.005705702329521949;-0.04077220405833332;0.02609646884163981;0.005705702329521949;0.04077220405833332;190;1633;746;136
D09M;1682;-0.02608488188222075;-0.005606087550157192;-0.0407448245425;0.02608488188222075;0.005606087550157192;0.0407448245425;191;1636;758;137
D09M;1683;-0.026082418410161127;-0.005499044530467043;-0.04072714269958333;0.026082418410161127;0.005499044530467043;0.04072714269958333;192;1644;767;138
D09M;1684;-0.02607424702462533;-0.005390489755038665;-0.04070360170291665;0.02607424702462533;0.005390489755038665;0.04070360170291665;193;1648;771;139
D09M;1685;-0.026069464201684225;-0.005279737328048037;-0.0406780643966666;0.026069464201684225;0.005279737328048037;0.0406780643966666;194;1654;778;140
D09M;1686;-0.02605796682390589;-0.005158828084935418;-0.04065784654249999;0.02605796682390589;0.005158828084935418;0.04065784654249999;195;1663;781;141
D09M;1687;-0.02603624011717135;-0.005026947596659538;-0.04063910873083332;0.02603624011717135;0.005026947596659538;0.04063910873083332;197;1672;785;142
D09M;1688;-0.02602697973259889;-0.0048998862709651245;-0.04061988452291665;0.02602697973259889;0.0048998862709651245;0.04061988452291665;198;1708;789;143
D09M;1689;-0.02602040059310402;-0.004763557687466858;-0.04060373527791661;0.02602040059310402;0.004763557687466858;0.04060373527791661;199;1724;792;144
D09M;1690;-0.026013978570927455;-0.0046406514403863714;-0.040579430268749994;0.026013978570927455;0.0046406514403863714;0.040579430268749994;201;1734;795;145
D09M;1691;-0.026015841427448193;-0.004520887432435961;-0.04054998587499997;0.026015841427448193;0.004520887432435961;0.04054998587499997;200;1742;801;146
D09M;1692;-0.026011287667482792;-0.004413170824584097;-0.040524956575833326;0.026011287667482792;0.004413170824584097;0.040524956575833326;202;1747;803;147
D09M;1693;-0.025999620978640215;-0.004314219122721797;-0.040492165324583385;0.025999620978640215;0.004314219122721797;0.040492165324583385;207;1754;806;148
D09M;1694;-0.025998735836218898;-0.004221270486237319;-0.040480376522916695;0.025998735836218898;0.004221270486237319;0.040480376522916695;209;1759;810;149
D09M;1695;-0.02600445095343132;-0.004151490981376254;-0.04048420870749997;0.02600445095343132;0.004151490981376254;0.04048420870749997;206;1768;809;150
D09M;1696;-0.02600472546785966;-0.004051338621476211;-0.04047538724208333;0.02600472546785966;0.004051338621476211;0.04047538724208333;204;1772;812;151
D09M;1697;-0.026010208215130542;-0.003944490808041535;-0.04047780648458338;0.026010208215130542;0.003944490808041535;0.04047780648458338;203;1779;811;152
D09M;1698;-0.026004566367548963;-0.003830634666489094;-0.04045821706333336;0.026004566367548963;0.003830634666489094;0.04045821706333336;205;1784;813;153
D09M;1699;-0.025989315483516302;-0.0036887862682336314;-0.04042068130958337;0.025989315483516302;0.0036887862682336314;0.04042068130958337;210;1790;819;154
D09M;1700;-0.02598029600028207;-0.003583297090866629;-0.040394438774999986;0.02598029600028207;0.003583297090866629;0.040394438774999986;211;1797;822;155
D09M;1701;-0.025969151893679304;-0.0034915021640523755;-0.04036372228624996;0.025969151893679304;0.0034915021640523755;0.04036372228624996;212;1806;824;156
D09M;1702;-0.025960971562245496;-0.0033921330119285977;-0.040337524293333316;0.025960971562245496;0.0033921330119285977;0.040337524293333316;213;1811;827;157
D09M;1703;-0.025958288299193277;-0.003305305381180617;-0.0403203336879166;0.025958288299193277;0.003305305381180617;0.0403203336879166;214;1819;828;158
D09M;1704;-0.025942571790219013;-0.003199634825415499;-0.04027604844333332;0.025942571790219013;0.003199634825415499;0.04027604844333332;216;1823;833;159
D09M;1705;-0.025927433725324796;-0.0031084193507553027;-0.04023534998875006;0.025927433725324796;0.0031084193507553027;0.04023534998875006;217;1828;835;160
D09M;1706;-0.025902825878027794;-0.0030312698015607514;-0.04017651789083326;0.025902825878027794;0.0030312698015607514;0.04017651789083326;218;1833;839;161
D09M;1707;-0.02587880647511414;-0.002945198655048861;-0.040117271236249974;0.02587880647511414;0.002945198655048861;0.040117271236249974;220;1840;844;162
D09M;1708;-0.0258710329627959;-0.002852697605796566;-0.04009494001208336;0.0258710329627959;0.002852697605796566;0.04009494001208336;221;1844;847;163
D09M;1709;-0.025861611301411135;-0.002761293238354723;-0.04006795826499998;0.025861611301411135;0.002761293238354723;0.04006795826499998;222;1850;848;164
D09M;1710;-0.025854862547604104;-0.0026581004269552724;-0.040039605025833314;0.025854862547604104;0.0026581004269552724;0.040039605025833314;223;1855;851;165
D09M;1711;-0.02585241033567155;-0.0025605861705883665;-0.040025464396666655;0.02585241033567155;0.0025605861705883665;0.040025464396666655;224;1866;852;166
D09M;1712;-0.02583895435679706;-0.002469261745629441;-0.03998438138958338;0.02583895435679706;0.002469261745629441;0.03998438138958338;225;1868;856;167
D09M;1713;-0.025823738815103612;-0.0023712828772022164;-0.039940217111249954;0.025823738815103612;0.0023712828772022164;0.039940217111249954;227;1873;859;168
D09M;1714;-0.025812114246226776;-0.0022667918062310856;-0.03991369595458333;0.025812114246226776;0.0022667918062310856;0.03991369595458333;228;1880;861;169
D09M;1715;-0.025805605519863616;-0.0021683892726546417;-0.03988793074041669;0.025805605519863616;0.0021683892726546417;0.03988793074041669;229;1887;863;170
D09M;1716;-0.025802278834974476;-0.0020717560666033666;-0.03986403035916669;0.025802278834974476;0.0020717560666033666;0.03986403035916669;230;1894;865;171
D09M;1717;-0.025796094904596223;-0.0019613182346514962;-0.03983944637624992;0.025796094904596223;0.0019613182346514962;0.03983944637624992;231;1904;868;172
D09M;1718;-0.02579000674611818;-0.0018775978583460493;-0.03980939381999998;0.02579000674611818;0.0018775978583460493;0.03980939381999998;232;1908;870;173
D09M;1719;-0.02577838746292519;-0.001792325144565357;-0.03977619348916661;0.02577838746292519;0.001792325144565357;0.03977619348916661;233;1915;873;174
D09M;1720;-0.025762431270631648;-0.0017220666073475787;-0.03974136772458331;0.025762431270631648;0.0017220666073475787;0.03974136772458331;236;1922;875;175
D09M;1721;-0.02575657688169606;-0.0016385631205162816;-0.03972116564291672;0.02575657688169606;0.0016385631205162816;0.03972116564291672;240;1932;878;176
D09M;1722;-0.025762597897560302;-0.0015414987737505117;-0.039718510522916695;0.025762597897560302;0.0015414987737505117;0.039718510522916695;235;1939;879;177
D09M;1723;-0.02576070554057331;-0.0014490048701647864;-0.03970816519083342;0.02576070554057331;0.0014490048701647864;0.03970816519083342;237;1947;881;178
D09M;1724;-0.025759700683600558;-0.0013440593635945799;-0.039706882623749995;0.025759700683600558;0.0013440593635945799;0.039706882623749995;238;1959;882;179
D09M;1725;-0.025758877109805435;-0.0012506629425853293;-0.039699431975416644;0.025758877109805435;0.0012506629425853293;0.039699431975416644;239;1964;883;180
D09M;1726;-0.02575150547321676;-0.0011745915424474602;-0.039674093087916695;0.02575150547321676;0.0011745915424474602;0.039674093087916695;241;1969;886;181
D09M;1727;-0.02574669964677431;-0.0010871673398497475;-0.03966412904333333;0.02574669964677431;0.0010871673398497475;0.03966412904333333;243;1978;888;182
D09M;1728;-0.02574950271976108;-0.0009970927976859084;-0.03966966348208334;0.02574950271976108;0.0009970927976859084;0.03966966348208334;242;1985;887;183
D09M;1729;-0.02574511571776225;-0.000909706639070576;-0.03966270795666671;0.02574511571776225;0.000909706639070576;0.03966270795666671;244;1995;889;184
D09M;1730;-0.025732830517293304;-0.0008191781118816888;-0.039658302927500055;0.025732830517293304;0.0008191781118816888;0.039658302927500055;245;2003;890;185
D09M;1731;-0.025726053758890952;-0.0007250923428942316;-0.039649839480416726;0.025726053758890952;0.0007250923428942316;0.039649839480416726;246;2010;891;186
D09M;1732;-0.025718660972974376;-0.0006317516598678667;-0.03962456521625002;0.025718660972974376;0.0006317516598678667;0.03962456521625002;247;2020;894;187
D09M;1733;-0.025712748143344163;-0.0005376568959966723;-0.03961216260375;0.025712748143344163;0.0005376568959966723;0.03961216260375;250;2043;896;188
D09M;1734;-0.025712499553997552;-0.00043489100878087617;-0.03961201613083337;0.025712499553997552;0.00043489100878087617;0.03961201613083337;254;2071;897;189
D09M;1735;-0.02570721120217724;-0.00034140715744062196;-0.03960073474874998;0.02570721120217724;0.00034140715744062196;0.03960073474874998;258;2095;898;190
D09M;1736;-0.025695377669940542;-0.00026128301615183775;-0.03958466218708334;0.025695377669940542;0.00026128301615183775;0.03958466218708334;265;2108;901;191
D09M;1737;-0.025692176469939466;-0.00016777234107949115;-0.039574707380833296;0.025692176469939466;0.00016777234107949115;0.039574707380833296;267;2124;902;192
D09M;1738;-0.02569160037578347;-7.162742198266555e-05;-0.03955885032791667;0.02569160037578347;7.162742198266555e-05;0.03955885032791667;269;2142;909;193
D09M;1739;-0.02569209657215377;2.86290622773444e-05;-0.03955279580791671;0.02569209657215377;2.86290622773444e-05;0.03955279580791671;268;2147;912;194
D09M;1740;-0.025698764684218035;0.00013582700563636056;-0.039557192033749966;0.025698764684218035;0.00013582700563636056;0.039557192033749966;263;2130;911;195
D09M;1741;-0.02570374764331752;0.0002478161118383153;-0.03956104235291669;0.02570374764331752;0.0002478161118383153;0.03956104235291669;262;2112;908;196
D09M;1742;-0.025710056889674062;0.00035916160430058075;-0.03957299000416664;0.025710056889674062;0.00035916160430058075;0.03957299000416664;256;2091;904;197
D09M;1743;-0.025711678225106643;0.00048251088994631777;-0.039572812737083296;0.025711678225106643;0.00048251088994631777;0.039572812737083296;255;2062;905;198
D09M;1744;-0.02571253525565203;0.0006304117416355326;-0.03957299251166663;0.02571253525565203;0.0006304117416355326;0.03957299251166663;253;2021;903;199
D09M;1745;-0.02571254634274874;0.0007490723005552883;-0.039564510069166614;0.02571254634274874;0.0007490723005552883;0.039564510069166614;252;2007;906;200
D09M;1746;-0.025705423057008032;0.0008510390149981103;-0.039537806238333306;0.025705423057008032;0.0008510390149981103;0.039537806238333306;261;2000;914;201
D09M;1747;-0.02570574094944014;0.0009749086239105957;-0.0395277111141667;0.02570574094944014;0.0009749086239105957;0.0395277111141667;260;1989;916;202
D09M;1748;-0.02571355041453442;0.0010871952074522023;-0.03952694440666671;0.02571355041453442;0.0010871952074522023;0.03952694440666671;249;1977;917;203
D09M;1749;-0.025712612667067595;0.0012215424919124927;-0.03951267723166668;0.025712612667067595;0.0012215424919124927;0.03951267723166668;251;1967;919;204
D09M;1750;-0.02570978887301517;0.0013969584452858323;-0.039499133741250025;0.02570978887301517;0.0013969584452858323;0.039499133741250025;257;1954;926;205
D09M;1751;-0.02570662087522376;0.0015303465021471627;-0.03948171312541665;0.02570662087522376;0.0015303465021471627;0.03948171312541665;259;1943;929;206
D09M;1752;-0.02569779376642356;0.001649953333685757;-0.03944900737625001;0.02569779376642356;0.001649953333685757;0.03944900737625001;264;1931;933;207
D09M;1753;-0.025692986327811307;0.0017670210780286358;-0.03943129361208331;0.025692986327811307;0.0017670210780286358;0.03943129361208331;266;1919;934;208
D09M;1754;-0.0256914645536487;0.0018664081484396696;-0.03942458419958328;0.0256914645536487;0.0018664081484396696;0.03942458419958328;270;1909;935;209
D09M;1755;-0.02568707599569285;0.0019721923807721566;-0.03940818361874998;0.02568707599569285;0.0019721923807721566;0.03940818361874998;271;1901;937;210
D09M;1756;-0.025679357882772372;0.002074293691339347;-0.03939130107416672;0.025679357882772372;0.002074293691339347;0.03939130107416672;273;1893;940;211
D09M;1757;-0.02567828879692909;0.0021890854889183515;-0.03937255252999999;0.02567828879692909;0.0021890854889183515;0.03937255252999999;276;1886;941;212
D09M;1758;-0.025681102463480727;0.002303877505330331;-0.03934505922749998;0.025681102463480727;0.002303877505330331;0.03934505922749998;272;1875;943;213
D09M;1759;-0.025678973125074087;0.002428225703831498;-0.03933406028874997;0.025678973125074087;0.002428225703831498;0.03933406028874997;274;1871;945;214
D09M;1760;-0.0256783634575287;0.002571363708068301;-0.039330108872499936;0.0256783634575287;0.002571363708068301;0.039330108872499936;275;1864;947;215
D09M;1761;-0.025676886157136605;0.0026929144297043765;-0.03932503060583342;0.025676886157136605;0.0026929144297043765;0.03932503060583342;277;1854;948;216
D09M;1762;-0.025672453489051447;0.002806137294537966;-0.0393333565991667;0.025672453489051447;0.002806137294537966;0.0393333565991667;278;1848;946;217
D09M;1763;-0.025665801998101985;0.0029271127022597074;-0.039316171874583306;0.025665801998101985;0.0029271127022597074;0.039316171874583306;279;1841;949;218
D09M;1764;-0.025660854644656898;0.0030467786617279285;-0.0392869270654167;0.025660854644656898;0.0030467786617279285;0.0392869270654167;280;1831;950;219
D09M;1765;-0.025645299469804237;0.0031702812697853716;-0.03925119492500001;0.025645299469804237;0.0031702812697853716;0.03925119492500001;286;1825;952;220
D09M;1766;-0.02563606720514304;0.0032719439371495097;-0.03922975567500003;0.02563606720514304;0.0032719439371495097;0.03922975567500003;291;1821;956;221
D09M;1767;-0.02563549070394991;0.003319785288864953;-0.03923333112666666;0.02563549070394991;0.003319785288864953;0.03923333112666666;292;1818;955;222
D09M;1768;-0.025629704768207882;0.0034082255429982783;-0.039221451557500064;0.025629704768207882;0.0034082255429982783;0.039221451557500064;297;1810;957;223
D09M;1769;-0.025625755650313567;0.0035137786857553366;-0.03921202338791674;0.025625755650313567;0.0035137786857553366;0.03921202338791674;300;1804;959;224
D09M;1770;-0.02561801325295646;0.0036151964467973376;-0.03919278762458328;0.02561801325295646;0.0036151964467973376;0.03919278762458328;304;1796;960;225
D09M;1771;-0.025600720520446096;0.003755693442126746;-0.03915115360708338;0.025600720520446096;0.003755693442126746;0.03915115360708338;333;1787;962;226
D09M;1772;-0.025589319094959324;0.0038686895524061367;-0.03911976019083341;0.025589319094959324;0.0038686895524061367;0.03911976019083341;343;1781;963;227
D09M;1773;-0.025578928098465483;0.003955863151902343;-0.039084706677500025;0.025578928098465483;0.003955863151902343;0.039084706677500025;350;1778;965;228
D09M;1774;-0.025570629351439066;0.004044139387939122;-0.039059766845833344;0.025570629351439066;0.004044139387939122;0.039059766845833344;354;1773;968;229
D09M;1775;-0.025566562852381503;0.004123598329496388;-0.039051143819583356;0.025566562852381503;0.004123598329496388;0.039051143819583356;358;1769;969;230
D09M;1776;-0.02556272005942821;0.004203459502115045;-0.039031547991249915;0.02556272005942821;0.004203459502115045;0.039031547991249915;362;1762;970;231
D09M;1777;-0.025564910660286936;0.004279795773963319;-0.03901480175374994;0.025564910660286936;0.004279795773963319;0.03901480175374994;361;1756;971;232
D09M;1778;-0.025557782071216843;0.004355447380011278;-0.0389909810029167;0.025557782071216843;0.004355447380011278;0.0389909810029167;368;1752;973;233
D09M;1779;-0.02554321817979902;0.004436361637181877;-0.03895234246791662;0.02554321817979902;0.004436361637181877;0.03895234246791662;375;1745;974;234
D09M;1780;-0.025534711758697145;0.004500908525066308;-0.03892308468000005;0.025534711758697145;0.004500908525066308;0.03892308468000005;383;1743;978;235
D09M;1781;-0.025521019668779957;0.004555976153051271;-0.03889592006458331;0.025521019668779957;0.004555976153051271;0.03889592006458331;399;1739;979;236
D09M;1782;-0.02551285503147932;0.004606481437650143;-0.03886993656333343;0.02551285503147932;0.004606481437650143;0.03886993656333343;412;1736;981;237
D09M;1783;-0.0255182508929937;0.004645078346716823;-0.03885366093374998;0.0255182508929937;0.004645078346716823;0.03885366093374998;405;1733;982;238
D09M;1784;-0.025509932456488412;0.004682475043511995;-0.03882357470000003;0.025509932456488412;0.004682475043511995;0.03882357470000003;413;1731;984;239
D09M;1785;-0.02549567394949669;0.004716882868748688;-0.03878913834208336;0.02549567394949669;0.004716882868748688;0.03878913834208336;421;1728;985;240
D09M;1786;-0.025480096055212457;0.004748589325335457;-0.03874944043958328;0.025480096055212457;0.004748589325335457;0.03874944043958328;435;1726;988;241
D09M;1787;-0.02545728189479163;0.00477437859793706;-0.038697152557083336;0.02545728189479163;0.00477437859793706;0.038697152557083336;459;1721;989;242
D09M;1788;-0.025437027847020434;0.004796821882534034;-0.03865194682833334;0.025437027847020434;0.004796821882534034;0.03865194682833334;473;1720;992;243
D09M;1789;-0.025414713939319676;0.004814809732290513;-0.03860278042750004;0.025414713939319676;0.004814809732290513;0.03860278042750004;487;1718;994;244
D09M;1790;-0.0253962623670426;0.004837061870658268;-0.03856221640166663;0.0253962623670426;0.004837061870658268;0.03856221640166663;501;1716;996;245
D09M;1791;-0.02537755226592266;0.004858420099805777;-0.03852920258458331;0.02537755226592266;0.004858420099805777;0.03852920258458331;520;1713;997;246
D09M;1792;-0.025361768886955745;0.004875809788212982;-0.03848957350083332;0.025361768886955745;0.004875809788212982;0.03848957350083332;537;1710;998;247
D09M;1793;-0.0253516958811469;0.00489802857642652;-0.038453941216249954;0.0253516958811469;0.00489802857642652;0.038453941216249954;544;1709;1001;248
D09M;1794;-0.025338533575414095;0.004908540739928855;-0.03841368238666665;0.025338533575414095;0.004908540739928855;0.03841368238666665;553;1706;1003;249
D09M;1795;-0.025324240928689453;0.004902067641248628;-0.03836515853666672;0.025324240928689453;0.004902067641248628;0.03836515853666672;566;1707;1004;250
D09M;1796;-0.02531284098692647;0.004915598548069213;-0.0383241241095833;0.02531284098692647;0.004915598548069213;0.0383241241095833;573;1705;1006;251
D09M;1797;-0.0253029878848823;0.004937990175409683;-0.03828646500375005;0.0253029878848823;0.004937990175409683;0.03828646500375005;582;1702;1008;252
D09M;1798;-0.025288867810840915;0.004950063032606098;-0.03824270044208333;0.025288867810840915;0.004950063032606098;0.03824270044208333;587;1699;1009;253
D09M;1799;-0.02527617044203232;0.00496657732442213;-0.038205223193333304;0.02527617044203232;0.00496657732442213;0.038205223193333304;594;1695;1011;254
D09M;1800;-0.025256054046402587;0.004966707572250801;-0.03816177098333334;0.025256054046402587;0.004966707572250801;0.03816177098333334;607;1694;1012;255
D09M;1801;-0.02523057720077673;0.0049498274956815;-0.03811605102625004;0.02523057720077673;0.0049498274956815;0.03811605102625004;626;1700;1015;256
D09M;1802;-0.025210472547556335;0.004956192363350937;-0.03807604603499998;0.025210472547556335;0.004956192363350937;0.03807604603499998;642;1698;1017;257
D09M;1803;-0.025189006434825616;0.004972034463388922;-0.03803301750249999;0.025189006434825616;0.004972034463388922;0.03803301750249999;652;1692;1019;258
D09M;1804;-0.02516897867373024;0.00499302654105001;-0.0379881140595833;0.02516897867373024;0.00499302654105001;0.0379881140595833;664;1687;1022;259
D09M;1805;-0.025159972356807003;0.005014270285133068;-0.0379522669166667;0.025159972356807003;0.005014270285133068;0.0379522669166667;668;1678;1023;260
D09M;1806;-0.025146064347717326;0.0050259636780348674;-0.03791251448749999;0.025146064347717326;0.0050259636780348674;0.03791251448749999;672;1673;1026;261
D09M;1807;-0.025133832093504446;0.005029246566124722;-0.037873231300833254;0.025133832093504446;0.005029246566124722;0.037873231300833254;676;1670;1028;262
D09M;1808;-0.02511788706035899;0.005024319329990181;-0.037828510407500016;0.02511788706035899;0.005024319329990181;0.037828510407500016;682;1674;1029;263
D09M;1809;-0.025109349751425213;0.00501524194235657;-0.03779471374125004;0.025109349751425213;0.00501524194235657;0.03779471374125004;688;1677;1031;264
D09M;1810;-0.025112063533585523;0.004984218929193714;-0.03776940868458328;0.025112063533585523;0.004984218929193714;0.03776940868458328;686;1689;1032;265
D09M;1811;-0.025106366907064546;0.00497148874297526;-0.037743462733749955;0.025106366907064546;0.00497148874297526;0.037743462733749955;689;1693;1034;266
D09M;1812;-0.02510243926994791;0.004961538569690863;-0.037730588033333345;0.02510243926994791;0.004961538569690863;0.037730588033333345;691;1697;1036;267
D09M;1813;-0.02509592052820696;0.004962497619942522;-0.037709625889583265;0.02509592052820696;0.004962497619942522;0.037709625889583265;693;1696;1037;268
D09M;1814;-0.02507696212086065;0.004991695255184358;-0.03768004656000001;0.02507696212086065;0.004991695255184358;0.03768004656000001;699;1688;1038;269
D09M;1815;-0.025069022133725936;0.005002142282229362;-0.03765483043000001;0.025069022133725936;0.005002142282229362;0.03765483043000001;704;1686;1039;270
D09M;1816;-0.025070066591801773;0.00500732973853602;-0.03762971242999996;0.025070066591801773;0.00500732973853602;0.03762971242999996;703;1685;1041;271
D09M;1817;-0.02506739568960678;0.005012209692367747;-0.03760513036166668;0.02506739568960678;0.005012209692367747;0.03760513036166668;706;1679;1043;272
D09M;1818;-0.025070258044830283;0.005007517363958013;-0.03758553236875001;0.025070258044830283;0.005007517363958013;0.03758553236875001;702;1684;1045;273
D09M;1819;-0.02506534290656681;0.005007571663354227;-0.03755753976958337;0.02506534290656681;0.005007571663354227;0.03755753976958337;707;1683;1046;274
D09M;1820;-0.025053643508241578;0.00501215504450516;-0.03752503210291663;0.025053643508241578;0.00501215504450516;0.03752503210291663;710;1680;1047;275
D09M;1821;-0.02504236969001371;0.005015372122085184;-0.03749051559416666;0.02504236969001371;0.005015372122085184;0.03749051559416666;714;1676;1048;276
D09M;1822;-0.02502412910395136;0.0050100565013131;-0.03744746443416663;0.02502412910395136;0.0050100565013131;0.03744746443416663;728;1681;1051;277
D09M;1823;-0.025015278370816664;0.005018243952871805;-0.03741138465666671;0.025015278370816664;0.005018243952871805;0.03741138465666671;739;1675;1052;278
D09M;1824;-0.025010550023649276;0.005027046982620044;-0.037374314138333364;0.025010550023649276;0.005027046982620044;0.037374314138333364;745;1671;1053;279
D09M;1825;-0.025005713251835527;0.005054665708568826;-0.03734094503749996;0.025005713251835527;0.005054665708568826;0.03734094503749996;750;1667;1054;280
D09M;1826;-0.025010579898648987;0.005104712801990837;-0.03731550982875004;0.025010579898648987;0.005104712801990837;0.03731550982875004;744;1666;1056;281
D09M;1827;-0.025001526236940432;0.005145478065556246;-0.03727691439083336;0.025001526236940432;0.005145478065556246;0.03727691439083336;754;1664;1058;282
D09M;1828;-0.024987566764717237;0.005204651432698488;-0.037241847701666664;0.024987566764717237;0.005204651432698488;0.037241847701666664;766;1659;1059;283
D09M;1829;-0.024974454879418913;0.005247950358243364;-0.03720401237291665;0.024974454879418913;0.005247950358243364;0.03720401237291665;772;1657;1060;284
D09M;1830;-0.02495116024203585;0.005287252314743507;-0.03714840840208339;0.02495116024203585;0.005287252314743507;0.03714840840208339;794;1653;1062;285
D09M;1831;-0.02429394501093684;0.006959665811498139;-0.03706212082458332;0.02429394501093684;0.006959665811498139;0.03706212082458332;1007;1530;1066;286
D09M;1832;-0.024285609000203698;0.007033739418804324;-0.03703407200208331;0.024285609000203698;0.007033739418804324;0.03703407200208331;1009;1528;1067;287
D09M;1833;-0.024268314994108274;0.007118274663321663;-0.03700082880208333;0.024268314994108274;0.007118274663321663;0.03700082880208333;1011;1526;1068;288
D09M;1834;-0.024257493073853387;0.007207966120639219;-0.03696502069249996;0.024257493073853387;0.007207966120639219;0.03696502069249996;1013;1524;1069;289
D09M;1835;-0.02425081802832119;0.007288892457154997;-0.03692576533249997;0.02425081802832119;0.007288892457154997;0.03692576533249997;1014;1522;1072;290
D09M;1836;-0.024244262734385694;0.0073824524894453595;-0.03689452903541668;0.024244262734385694;0.0073824524894453595;0.03689452903541668;1015;1520;1073;291
D09M;1837;-0.024235370872088404;0.007496827585792487;-0.0368576351445834;0.024235370872088404;0.007496827585792487;0.0368576351445834;1016;1518;1074;292
D09M;1838;-0.024231632271875525;0.0076202602810322;-0.036823515403333396;0.024231632271875525;0.0076202602810322;0.036823515403333396;1018;1514;1076;293
D09M;1839;-0.02422196051948704;0.0077534134133929195;-0.036789313326666684;0.02422196051948704;0.0077534134133929195;0.036789313326666684;1019;1509;1077;294
D09M;1840;-0.02420917264051463;0.007886987157250896;-0.03676494867791669;0.02420917264051463;0.007886987157250896;0.03676494867791669;1021;1506;1078;295
D09M;1841;-0.024196897771910555;0.008045471634216974;-0.03672619789833337;0.024196897771910555;0.008045471634216974;0.03672619789833337;1023;1503;1079;296
D09M;1842;-0.02418521801707808;0.008220838043261729;-0.03668448564374999;0.02418521801707808;0.008220838043261729;0.03668448564374999;1024;1500;1082;297
D09M;1843;-0.024168874283182658;0.00840656908852976;-0.03663606253874996;0.024168874283182658;0.00840656908852976;0.03663606253874996;1026;1498;1084;298
D09M;1844;-0.024148674618110173;0.008601322058206155;-0.03657661397416673;0.024148674618110173;0.008601322058206155;0.03657661397416673;1028;1491;1086;299
D09M;1845;-0.02413179496207119;0.008822358383862793;-0.03652126484750007;0.02413179496207119;0.008822358383862793;0.03652126484750007;1030;1483;1087;300
D09M;1846;-0.024111796148682182;0.009058968879120808;-0.03646430161958342;0.024111796148682182;0.009058968879120808;0.03646430161958342;1031;1479;1091;301
D09M;1847;-0.024083746030723375;0.00929941617100302;-0.036393253907500034;0.024083746030723375;0.00929941617100302;0.036393253907500034;1034;1477;1092;302
D09M;1848;-0.024062027396882325;0.009561078398696181;-0.03632928064500002;0.024062027396882325;0.009561078398696181;0.03632928064500002;1037;1471;1094;303
D09M;1849;-0.02404708909026004;0.009835069361620674;-0.03627331988374999;0.02404708909026004;0.009835069361620674;0.03627331988374999;1038;1465;1096;304
D09M;1850;-0.024023976703438712;0.01013943399931057;-0.036202472910833394;0.024023976703438712;0.01013943399931057;0.036202472910833394;1040;1462;1098;305
D09M;1851;-0.024000643115750016;0.010458334714390675;-0.03612934761750003;0.024000643115750016;0.010458334714390675;0.03612934761750003;1042;1456;1100;306
D09M;1852;-0.02397371239126769;0.010801941142687637;-0.03604997350125;0.02397371239126769;0.010801941142687637;0.03604997350125;1044;1450;1102;307
D09M;1853;-0.02393684922766675;0.011182882784631884;-0.03594802856291668;0.02393684922766675;0.011182882784631884;0.03594802856291668;1048;1441;1105;308
D09M;1854;-0.02389363484997407;0.011593207435234041;-0.03583618465999994;0.02389363484997407;0.011593207435234041;0.03583618465999994;1050;1430;1107;309
D09M;1855;-0.02385218022887465;0.012013074548111086;-0.03573075084749999;0.02385218022887465;0.012013074548111086;0.03573075084749999;1053;1420;1111;310
D09M;1856;-0.023806979907836222;0.01244967822762289;-0.03562109934250002;0.023806979907836222;0.01244967822762289;0.03562109934250002;1055;1409;1116;311
D09M;1857;-0.023755777469995947;0.012910747450824508;-0.03549886498249999;0.023755777469995947;0.012910747450824508;0.03549886498249999;1059;1396;1148;312
D09M;1858;-0.023706460646181062;0.013393932932956215;-0.03538162948500001;0.023706460646181062;0.013393932932956215;0.03538162948500001;1062;1385;1164;313
D09M;1859;-0.023644949210233124;0.01389285942631475;-0.035244061966666684;0.023644949210233124;0.01389285942631475;0.035244061966666684;1066;1368;1177;314
D09M;1860;-0.0235736092076509;0.014409893347540833;-0.03509102313458329;0.0235736092076509;0.014409893347540833;0.03509102313458329;1071;1359;1190;315
D09M;1861;-0.023496893381108257;0.014956881140343173;-0.03492090775833334;0.023496893381108257;0.014956881140343173;0.03492090775833334;1075;1349;1204;316
D09M;1862;-0.023415446896938377;0.015525113663661981;-0.03474831908874998;0.023415446896938377;0.015525113663661981;0.03474831908874998;1079;1340;1216;317
D09M;1863;-0.023322688642913383;0.016119843605662165;-0.03455325822833338;0.023322688642913383;0.016119843605662165;0.03455325822833338;1083;1330;1227;318
D09M;1864;-0.02322832433933728;0.01673922854643355;-0.03434801104166668;0.02322832433933728;0.01673922854643355;0.03434801104166668;1106;1320;1240;319
D09M;1865;-0.023122368699075007;0.017378242231651728;-0.03412023947583337;0.023122368699075007;0.017378242231651728;0.03412023947583337;1128;1311;1255;320
D09M;1866;-0.022999224371516278;0.018035491171817967;-0.03386554810625003;0.022999224371516278;0.018035491171817967;0.03386554810625003;1151;1301;1281;321
D09M;1867;-0.022869580310237295;0.01871251755235024;-0.03359479864249998;0.022869580310237295;0.01871251755235024;0.03359479864249998;1170;1290;1327;322
D09M;1868;-0.02271748665464117;0.019406750219822466;-0.033292316545000034;0.02271748665464117;0.019406750219822466;0.033292316545000034;1191;1281;1348;323
D09M;1869;-0.02254537956390305;0.02012212211914767;-0.03295803273833331;0.02254537956390305;0.02012212211914767;0.03295803273833331;1261;1269;1366;324
D09M;1870;-0.022360183280965732;0.02085441978436827;-0.032605806178749974;0.022360183280965732;0.02085441978436827;0.032605806178749974;1284;1255;1383;325
D09M;1871;-0.022164848222756297;0.02158999309026507;-0.03223611505208335;0.022164848222756297;0.02158999309026507;0.03223611505208335;1303;1215;1400;326
D09M;1872;-0.02194800259581695;0.02232346372208222;-0.031829998457083314;0.02194800259581695;0.02232346372208222;0.031829998457083314;1326;1129;1426;327
D09M;1873;-0.021716902114185817;0.023054905600332243;-0.03140055889333329;0.021716902114185817;0.023054905600332243;0.03140055889333329;1361;1056;1472;328
D09M;1874;-0.021466247479214946;0.023779308007329705;-0.03093667918666665;0.021466247479214946;0.023779308007329705;0.03093667918666665;1405;970;1507;329
D09M;1875;-0.02119385995679398;0.024455074785848255;-0.030441488636666653;0.02119385995679398;0.024455074785848255;0.030441488636666653;1432;931;1524;330
D09M;1876;-0.0209006334827546;0.025120580302326525;-0.02991302730083334;0.0209006334827546;0.025120580302326525;0.02991302730083334;1453;915;1548;331
D09M;1877;-0.02059343191065887;0.02572263799968761;-0.029366486958333354;0.02059343191065887;0.02572263799968761;0.029366486958333354;1474;860;1564;332
D09M;1878;-0.02026983944570613;0.026287022759909996;-0.028795218611250034;0.02026983944570613;0.026287022759909996;0.028795218611250034;1492;826;1585;333
D09M;1879;-0.01992901060818892;0.02678923233326879;-0.028204129252916654;0.01992901060818892;0.02678923233326879;0.028204129252916654;1508;785;1604;334
D09M;1880;-0.01956868257199424;0.02725026387182459;-0.02757991379791669;0.01956868257199424;0.02725026387182459;0.02757991379791669;1527;702;1619;335
D09M;1881;-0.01918515576489473;0.0276640792314052;-0.026921240657500012;0.01918515576489473;0.0276640792314052;0.026921240657500012;1543;625;1638;336
D09M;1882;-0.01878416389431259;0.028015831797891275;-0.026245203724166666;0.01878416389431259;0.028015831797891275;0.026245203724166666;1558;566;1654;337
D09M;1883;-0.018369155742810006;0.028311168610824087;-0.025547418999166654;0.018369155742810006;0.028311168610824087;0.025547418999166654;1576;520;1671;338
D09M;1884;-0.017944349389117063;0.028537306283757998;-0.02484245524833331;0.017944349389117063;0.028537306283757998;0.02484245524833331;1590;472;1687;339
D09M;1885;-0.017500952867093578;0.028708885978344343;-0.024116576123749983;0.017500952867093578;0.028708885978344343;0.024116576123749983;1603;444;1706;340
D09M;1886;-0.01705529169568383;0.028810123841340397;-0.023392980429999988;0.01705529169568383;0.028810123841340397;0.023392980429999988;1619;427;1726;341
D09M;1887;-0.016594546462451454;0.028844989828918574;-0.022649488216666652;0.016594546462451454;0.028844989828918574;0.022649488216666652;1636;422;1743;342
D09M;1888;-0.016129311121042628;0.02881081592376833;-0.02190284238666665;0.016129311121042628;0.02881081592376833;0.02190284238666665;1651;426;1760;343
D09M;1889;-0.01566035123709266;0.0287202384855478;-0.02116435708541667;0.01566035123709266;0.0287202384855478;0.02116435708541667;1663;443;1780;344
D09M;1890;-0.015192098168588028;0.02856526466467829;-0.02043028650874998;0.015192098168588028;0.02856526466467829;0.02043028650874998;1678;465;1799;345
D09M;1891;-0.01473261738119525;0.028361755311713022;-0.01971297546041667;0.01473261738119525;0.028361755311713022;0.01971297546041667;1693;514;1820;346
D09M;1892;-0.01427712920443216;0.028123912156363035;-0.019010356280416668;0.01427712920443216;0.028123912156363035;0.019010356280416668;1705;540;1839;347
D09M;1893;-0.013837111763827882;0.027851381102896536;-0.01833586807625001;0.013837111763827882;0.027851381102896536;0.01833586807625001;1718;598;1857;348
D09M;1894;-0.013401715771529793;0.0275237366493976;-0.01767362918125001;0.013401715771529793;0.0275237366493976;0.01767362918125001;1731;660;1872;349
D09M;1895;-0.01298898121018274;0.027186093165015208;-0.017050719068333345;0.01298898121018274;0.027186093165015208;0.017050719068333345;1745;715;1887;350
D09M;1896;-0.01258799530061196;0.02680746023952126;-0.016454082669583342;0.01258799530061196;0.02680746023952126;0.016454082669583342;1764;783;1896;351
D09M;1897;-0.012207455349538475;0.026424884791575343;-0.015886915518750017;0.012207455349538475;0.026424884791575343;0.015886915518750017;1779;816;1901;352
D09M;1898;-0.011852394200689958;0.026024807250299046;-0.015361441408749996;0.011852394200689958;0.026024807250299046;0.015361441408749996;1795;842;1907;353
D09M;1899;-0.01151593889093227;0.025628552894014802;-0.014868274632916664;0.01151593889093227;0.025628552894014802;0.014868274632916664;1805;868;1912;354
D09M;1900;-0.011200963966066523;0.025234195119495997;-0.014408226601250004;0.011200963966066523;0.025234195119495997;0.014408226601250004;1813;900;1917;355
D09M;1901;-0.010913588494459864;0.024847775684475538;-0.013991893710416675;0.010913588494459864;0.024847775684475538;0.013991893710416675;1824;920;1921;356
D09M;1902;-0.010647497051201483;0.024469897214707916;-0.013615780359166663;0.010647497051201483;0.024469897214707916;0.013615780359166663;1833;929;1925;357
D09M;1903;-0.010409222789707337;0.0241092650944148;-0.013276360062083326;0.010409222789707337;0.0241092650944148;0.013276360062083326;1845;952;1948;358
D09M;1904;-0.010193339462088025;0.023780416444548345;-0.012981215249166664;0.010193339462088025;0.023780416444548345;0.012981215249166664;1853;969;1958;359
D09M;1905;-0.010000129861463905;0.02346663439532869;-0.012715675874583318;0.010000129861463905;0.02346663439532869;0.012715675874583318;1861;986;1967;360
D09M;1906;-0.009824440873860021;0.023190278811323076;-0.012478870981250001;0.009824440873860021;0.023190278811323076;0.012478870981250001;1867;1038;1974;361
D09M;1907;-0.00967323911287026;0.022932952019124632;-0.012283744434999994;0.00967323911287026;0.022932952019124632;0.012283744434999994;1871;1071;1981;362
D09M;1908;-0.009545768730026112;0.022698298524468287;-0.012132003874166658;0.009545768730026112;0.022698298524468287;0.012132003874166658;1879;1092;1985;363
D09M;1909;-0.00943151767494926;0.02247573900468698;-0.012001035060833332;0.00943151767494926;0.02247573900468698;0.012001035060833332;1884;1112;1989;364
D09M;1910;-0.009336020302196905;0.02228218630224608;-0.01188914214624999;0.009336020302196905;0.02228218630224608;0.01188914214624999;1890;1134;1992;365
D09M;1911;-0.009255403634325721;0.022075049139182016;-0.011808074027083337;0.009255403634325721;0.022075049139182016;0.011808074027083337;1894;1171;1995;366
D09M;1912;-0.009188743895038657;0.021916713406585762;-0.011735368472500007;0.009188743895038657;0.021916713406585762;0.011735368472500007;1900;1199;2000;367
D09M;1913;-0.009134091646447464;0.02174969347409751;-0.01169385417166667;0.009134091646447464;0.02174969347409751;0.01169385417166667;1904;1207;2002;368
D09M;1914;-0.009095201722687298;0.02161960673567105;-0.011668979626249992;0.009095201722687298;0.02161960673567105;0.011668979626249992;1907;1212;2005;369
D09M;1915;-0.00907359834333768;0.021507732711590736;-0.01167519139916666;0.00907359834333768;0.021507732711590736;0.01167519139916666;1909;1219;2004;370
D09M;1916;-0.009050517513155693;0.02143275738623427;-0.011683741077500004;0.009050517513155693;0.02143275738623427;0.011683741077500004;1912;1223;2003;371
D09M;1917;-0.009038631567674236;0.021331389136007267;-0.011710274192916648;0.009038631567674236;0.021331389136007267;0.011710274192916648;1914;1227;2001;372
D09M;1918;-0.009034831842651258;0.02126694881555965;-0.011747433179999989;0.009034831842651258;0.02126694881555965;0.011747433179999989;1915;1231;1998;373
D09M;1919;-0.009046257325590001;0.021224974668807038;-0.011798161468750012;0.009046257325590001;0.021224974668807038;0.011798161468750012;1913;1236;1997;374
D09M;1920;-0.009062494556822906;0.021169378130366956;-0.011863221348333328;0.009062494556822906;0.021169378130366956;0.011863221348333328;1911;1242;1994;375
D09M;1921;-0.00908769513671963;0.02113502247269206;-0.01194020946874999;0.00908769513671963;0.02113502247269206;0.01194020946874999;1908;1247;1991;376
D09M;1922;-0.009115191491579008;0.021137458002447797;-0.012025532407916664;0.009115191491579008;0.021137458002447797;0.012025532407916664;1905;1245;1987;377
D09M;1923;-0.009158860663596217;0.02114119362827873;-0.01213776510749999;0.009158860663596217;0.02114119362827873;0.01213776510749999;1902;1244;1984;378
D09M;1924;-0.009199912472188617;0.021148515777377985;-0.012243946794166655;0.009199912472188617;0.021148515777377985;0.012243946794166655;1898;1243;1982;379
D09M;1925;-0.009251618169396333;0.021171048629371823;-0.012363778737499997;0.009251618169396333;0.021171048629371823;0.012363778737499997;1895;1241;1977;380
D09M;1926;-0.009307116264453465;0.021189308696813444;-0.012489315546250004;0.009307116264453465;0.021189308696813444;0.012489315546250004;1892;1239;1973;381
D09M;1927;-0.009366046535521777;0.021212950264192208;-0.012619231593333335;0.009366046535521777;0.021212950264192208;0.012619231593333335;1887;1237;1970;382
D09M;1928;-0.009428499717471355;0.021256754027668214;-0.012745514859166654;0.009428499717471355;0.021256754027668214;0.012745514859166654;1885;1232;1965;383
D09M;1929;-0.009498082153252626;0.02132333380662367;-0.012887405051249995;0.009498082153252626;0.02132333380662367;0.012887405051249995;1880;1229;1960;384
D09M;1930;-0.009567938870151222;0.02138666632444977;-0.013025465823333332;0.009567938870151222;0.02138666632444977;0.013025465823333332;1878;1225;1957;385
D09M;1931;-0.009644619642412604;0.021459602927599263;-0.013180534601666655;0.009644619642412604;0.021459602927599263;0.013180534601666655;1874;1222;1952;386
D09M;1932;-0.009730954805916616;0.021525675789759717;-0.013347564794166683;0.009730954805916616;0.021525675789759717;0.013347564794166683;1869;1218;1944;387
D09M;1933;-0.00982041778366533;0.021596204884883084;-0.013520974891249982;0.00982041778366533;0.021596204884883084;0.013520974891249982;1868;1214;1932;388
D09M;1934;-0.00990987885050044;0.02169076461557057;-0.01368951675583334;0.00990987885050044;0.02169076461557057;0.01368951675583334;1865;1209;1924;389
D09M;1935;-0.010001268956425991;0.02179370037672733;-0.013865556375000004;0.010001268956425991;0.02179370037672733;0.013865556375000004;1860;1203;1922;390
D09M;1936;-0.010096486279087316;0.02189929103301038;-0.0140463635975;0.010096486279087316;0.02189929103301038;0.0140463635975;1858;1200;1920;391
D09M;1937;-0.010199575468172713;0.022003060732615536;-0.014240509286666661;0.010199575468172713;0.022003060732615536;0.014240509286666661;1852;1183;1918;392
D09M;1938;-0.010301670034256681;0.022105316609844335;-0.014430939645416668;0.010301670034256681;0.022105316609844335;0.014430939645416668;1847;1165;1916;393
D09M;1939;-0.010410455216685297;0.02221243820357836;-0.014633004397916663;0.010410455216685297;0.02221243820357836;0.014633004397916663;1844;1140;1914;394
D09M;1940;-0.010515878236319531;0.02232281170146853;-0.014822173777500003;0.010515878236319531;0.02232281170146853;0.014822173777500003;1838;1130;1913;395
D09M;1941;-0.010624511614858756;0.022441628121695454;-0.015015988558749999;0.010624511614858756;0.022441628121695454;0.015015988558749999;1835;1113;1910;396
D09M;1942;-0.010727814348987699;0.022560569691392866;-0.015207052538749988;0.010727814348987699;0.022560569691392866;0.015207052538749988;1830;1104;1909;397
D09M;1943;-0.010838060278829822;0.02267730940665015;-0.015402981982083341;0.010838060278829822;0.02267730940665015;0.015402981982083341;1825;1093;1905;398
D09M;1944;-0.010957069375431757;0.02283550576964238;-0.015618761058749986;0.010957069375431757;0.02283550576964238;0.015618761058749986;1823;1080;1904;399
D09M;1945;-0.011071545805310024;0.0229734938660426;-0.015826436528333335;0.011071545805310024;0.0229734938660426;0.015826436528333335;1818;1066;1902;400
D09M;1946;-0.011191480807899813;0.023101225126433058;-0.016041377428333323;0.011191480807899813;0.023101225126433058;0.016041377428333323;1814;1052;1899;401
D09M;1947;-0.011314138231255131;0.023238086946746395;-0.016263604660833347;0.011314138231255131;0.023238086946746395;0.016263604660833347;1809;1031;1897;402
D09M;1948;-0.011440977798422776;0.023360073721361386;-0.016492422825000005;0.011440977798422776;0.023360073721361386;0.016492422825000005;1806;1015;1895;403
D09M;1949;-0.011567641837237169;0.023495173091936248;-0.01671315567583334;0.011567641837237169;0.023495173091936248;0.01671315567583334;1804;984;1893;404
D09M;1950;-0.011694384999342434;0.023639838444603063;-0.01693205338791666;0.011694384999342434;0.023639838444603063;0.01693205338791666;1800;978;1890;405
D09M;1951;-0.011824123042172745;0.023794476148037185;-0.01716409911083333;0.011824123042172745;0.023794476148037185;0.01716409911083333;1796;968;1885;406
D09M;1952;-0.011958423068942393;0.023928327630855447;-0.017395664152083337;0.011958423068942393;0.023928327630855447;0.017395664152083337;1793;963;1881;407
D09M;1953;-0.01209677169312949;0.024076788124477513;-0.017635776563749997;0.01209677169312949;0.024076788124477513;0.017635776563749997;1783;955;1874;408
D09M;1954;-0.012224607832724034;0.024237718138998714;-0.017865081035833327;0.012224607832724034;0.024237718138998714;0.017865081035833327;1778;941;1869;409
D09M;1955;-0.012351608594957821;0.0244099699297774;-0.018086089278749995;0.012351608594957821;0.0244099699297774;0.018086089278749995;1771;933;1863;410
D09M;1956;-0.012482329267087222;0.0245599814958542;-0.018311341381250013;0.012482329267087222;0.0245599814958542;0.018311341381250013;1767;926;1858;411
D09M;1957;-0.012611235772072758;0.024718158746179972;-0.018537936799166668;0.012611235772072758;0.024718158746179972;0.018537936799166668;1761;923;1851;412
D09M;1958;-0.012743531561999958;0.024861075313111495;-0.018770187962083337;0.012743531561999958;0.024861075313111495;0.018770187962083337;1757;919;1844;413
D09M;1959;-0.012882950430000354;0.024991314797328214;-0.01901443378416666;0.012882950430000354;0.024991314797328214;0.01901443378416666;1749;916;1838;414
D09M;1960;-0.013012230577277116;0.025140317950307522;-0.019242338243333337;0.013012230577277116;0.025140317950307522;0.019242338243333337;1744;912;1832;415
D09M;1961;-0.013147187556335533;0.025278800598807556;-0.01948236392875001;0.013147187556335533;0.025278800598807556;0.01948236392875001;1738;896;1827;416
D09M;1962;-0.013283593986134361;0.025420713362138504;-0.01971528522666667;0.013283593986134361;0.025420713362138504;0.01971528522666667;1735;885;1819;417
D09M;1963;-0.013419614799045571;0.025547330532051545;-0.019956377910416656;0.013419614799045571;0.025547330532051545;0.019956377910416656;1730;875;1814;418
D09M;1964;-0.013557279294141454;0.02570610913932071;-0.02019552869083334;0.013557279294141454;0.02570610913932071;0.02019552869083334;1727;862;1805;419
D09M;1965;-0.01369682071759803;0.025853966213736708;-0.02043043060666666;0.01369682071759803;0.025853966213736708;0.02043043060666666;1724;852;1798;420
D09M;1966;-0.013838520653119418;0.02599201708961497;-0.02067757396833335;0.013838520653119418;0.02599201708961497;0.02067757396833335;1717;844;1793;421
D09M;1967;-0.013976143428472962;0.02610733802086052;-0.020912403032500013;0.013976143428472962;0.02610733802086052;0.020912403032500013;1713;836;1788;422
D09M;1968;-0.014116947688069866;0.026223438224445877;-0.021158317701249985;0.014116947688069866;0.026223438224445877;0.021158317701249985;1708;829;1781;423
D09M;1969;-0.014258463939158925;0.026338340753700857;-0.021405743222499996;0.014258463939158925;0.026338340753700857;0.021405743222499996;1706;822;1773;424
D09M;1970;-0.014394203278254143;0.026467267704802414;-0.02164218262416666;0.014394203278254143;0.026467267704802414;0.02164218262416666;1702;814;1768;425
D09M;1971;-0.014535250354330372;0.026605133754918492;-0.02188367030749999;0.014535250354330372;0.026605133754918492;0.02188367030749999;1699;806;1761;426
D09M;1972;-0.014676482853782886;0.026728021299618827;-0.022129156449583354;0.014676482853782886;0.026728021299618827;0.022129156449583354;1694;792;1755;427
D09M;1973;-0.014817913858927053;0.026868564665265725;-0.022371831832083328;0.014817913858927053;0.026868564665265725;0.022371831832083328;1691;773;1751;428
D09M;1974;-0.014955992843981985;0.026985296255826657;-0.022611713982500004;0.014955992843981985;0.026985296255826657;0.022611713982500004;1686;756;1744;429
D09M;1975;-0.015102907559337424;0.027098676608007008;-0.022864320332083327;0.015102907559337424;0.027098676608007008;0.022864320332083327;1679;729;1739;430
D09M;1976;-0.015249151631780174;0.027217901006478102;-0.023120807485416672;0.015249151631780174;0.027217901006478102;0.023120807485416672;1676;707;1731;431
D09M;1977;-0.015390761863412945;0.027314192978724942;-0.023370342517083323;0.015390761863412945;0.027314192978724942;0.023370342517083323;1673;689;1727;432
D09M;1978;-0.015535444205644297;0.027422832600644678;-0.023617775679583328;0.015535444205644297;0.027422832600644678;0.023617775679583328;1667;672;1720;433
D09M;1979;-0.015677366646103554;0.027538647468734034;-0.023863179525;0.015677366646103554;0.027538647468734034;0.023863179525;1662;657;1713;434
D09M;1980;-0.01581399052168416;0.027640329547140702;-0.02410252269499999;0.01581399052168416;0.027640329547140702;0.02410252269499999;1659;632;1707;435
D09M;1981;-0.015956427666225056;0.027739212628190266;-0.024349216087083347;0.015956427666225056;0.027739212628190266;0.024349216087083347;1656;615;1700;436
D09M;1982;-0.01610160478391774;0.027827931046385364;-0.02459527247375;0.01610160478391774;0.027827931046385364;0.02459527247375;1653;605;1693;437
D09M;1983;-0.01624436191840023;0.027921128045219214;-0.02483992822791667;0.01624436191840023;0.027921128045219214;0.02483992822791667;1647;581;1688;438
D09M;1984;-0.01638467725643268;0.028003933810169773;-0.02508455733291666;0.01638467725643268;0.028003933810169773;0.02508455733291666;1642;567;1683;439
D09M;1985;-0.016525381428221984;0.028087919270424262;-0.025326135648333345;0.016525381428221984;0.028087919270424262;0.025326135648333345;1638;546;1677;440
D09M;1986;-0.016656834862570812;0.028177422982079283;-0.02555457687791668;0.016656834862570812;0.028177422982079283;0.02555457687791668;1634;535;1670;441
D09M;1987;-0.01678530534659145;0.028266676332067035;-0.025783580835000028;0.01678530534659145;0.028266676332067035;0.025783580835000028;1629;524;1663;442
D09M;1988;-0.016920506856742158;0.028352320997430784;-0.026019763248333327;0.016920506856742158;0.028352320997430784;0.026019763248333327;1624;515;1659;443
D09M;1989;-0.017055858607245553;0.02842976091843924;-0.02625407999666665;0.017055858607245553;0.02842976091843924;0.02625407999666665;1618;500;1653;444
D09M;1990;-0.017190352571561925;0.028501398111172336;-0.026484686649166672;0.017190352571561925;0.028501398111172336;0.026484686649166672;1614;479;1647;445
D09M;1991;-0.017324452546036942;0.02857174312763904;-0.026711829417083333;0.017324452546036942;0.02857174312763904;0.026711829417083333;1609;462;1642;446
D09M;1992;-0.017454788967448447;0.028636496966740088;-0.026935631405833355;0.017454788967448447;0.028636496966740088;0.026935631405833355;1604;454;1637;447
D09M;1993;-0.0175797926207648;0.028693306509147778;-0.027151285994166677;0.0175797926207648;0.028693306509147778;0.027151285994166677;1601;447;1632;448
D09M;1994;-0.017701248541601117;0.028752848879598777;-0.027361957662083325;0.017701248541601117;0.028752848879598777;0.027361957662083325;1598;434;1625;449
D09M;1995;-0.01782715135645059;0.028821121047615566;-0.027582355437083345;0.01782715135645059;0.028821121047615566;0.027582355437083345;1592;425;1618;450
D09M;1996;-0.01795557131695631;0.028887345182735974;-0.02780585725000001;0.01795557131695631;0.028887345182735974;0.02780585725000001;1588;413;1614;451
D09M;1997;-0.018076605413387608;0.028952536534778694;-0.02801139620750001;0.018076605413387608;0.028952536534778694;0.02801139620750001;1583;407;1609;452
D09M;1998;-0.018196981991970868;0.02901731565510544;-0.028217327151666638;0.018196981991970868;0.02901731565510544;0.028217327151666638;1581;398;1603;453
D09M;1999;-0.01831852680834387;0.029079935276833894;-0.028427972060833334;0.01831852680834387;0.029079935276833894;0.028427972060833334;1578;388;1595;454
D09M;2000;-0.01843469484660213;0.029136707610281573;-0.028629131332083335;0.01843469484660213;0.029136707610281573;0.028629131332083335;1573;377;1590;455
D09M;2001;-0.018551661521460663;0.02918552613685348;-0.028828289288750003;0.018551661521460663;0.02918552613685348;0.028828289288750003;1567;369;1584;456
D09M;2002;-0.01866901124819992;0.029233983821039162;-0.029028515786250014;0.01866901124819992;0.029233983821039162;0.029028515786250014;1563;359;1576;457
D09M;2003;-0.018780542162128443;0.02927637248896292;-0.02921965080583333;0.018780542162128443;0.02927637248896292;0.02921965080583333;1559;345;1570;458
D09M;2004;-0.018886638093025862;0.029303079626200917;-0.029397402924166677;0.018886638093025862;0.029303079626200917;0.029397402924166677;1554;337;1562;459
D09M;2005;-0.018992576968741223;0.029338392778959197;-0.02957663849375;0.018992576968741223;0.029338392778959197;0.02957663849375;1551;325;1556;460
D09M;2006;-0.01909430855199648;0.029373608263154057;-0.029753483282499993;0.01909430855199648;0.029373608263154057;0.029753483282499993;1547;309;1552;461
D09M;2007;-0.01919475744971728;0.02941315422171233;-0.029924891485416633;0.01919475744971728;0.02941315422171233;0.029924891485416633;1542;297;1545;462
D09M;2008;-0.019302141461699618;0.02945721732996986;-0.030100250408333334;0.019302141461699618;0.02945721732996986;0.030100250408333334;1537;293;1539;463
D09M;2009;-0.019406319001612785;0.02948651538088582;-0.030276611991666647;0.019406319001612785;0.02948651538088582;0.030276611991666647;1533;292;1532;464
D09M;2010;-0.019502916004788946;0.029507884792121016;-0.03043768874083333;0.019502916004788946;0.029507884792121016;0.03043768874083333;1530;288;1525;465
D09M;2011;-0.019598601246755724;0.029540019381804464;-0.030594931053750024;0.019598601246755724;0.029540019381804464;0.030594931053750024;1525;284;1519;466
D09M;2012;-0.019689082221256187;0.029572911004664578;-0.030750190170833358;0.019689082221256187;0.029572911004664578;0.030750190170833358;1520;282;1514;467
D09M;2013;-0.01977750375995613;0.02960725005709661;-0.03089667118541664;0.01977750375995613;0.02960725005709661;0.03089667118541664;1515;278;1509;468
D09M;2014;-0.019866124341819065;0.029638679192026618;-0.031043284081666678;0.019866124341819065;0.029638679192026618;0.031043284081666678;1511;275;1501;469
D09M;2015;-0.019959911442586728;0.02967247369124298;-0.031196883099166656;0.019959911442586728;0.02967247369124298;0.031196883099166656;1506;271;1493;470
D09M;2016;-0.02004430706951689;0.029702122119937956;-0.031339720142916666;0.02004430706951689;0.029702122119937956;0.031339720142916666;1503;269;1478;471
D09M;2017;-0.020125541673640147;0.029725921027731105;-0.03147786335999997;0.020125541673640147;0.029725921027731105;0.03147786335999997;1500;268;1466;472
D09M;2018;-0.020198876446620224;0.02975199969445007;-0.03160204661833335;0.020198876446620224;0.02975199969445007;0.03160204661833335;1496;266;1459;473
D09M;2019;-0.020266843117962077;0.02977831548936132;-0.031725973115416695;0.020266843117962077;0.02977831548936132;0.031725973115416695;1493;265;1439;474
D09M;2020;-0.020336404104577394;0.02980634596320098;-0.03184806615708333;0.020336404104577394;0.02980634596320098;0.03184806615708333;1489;261;1422;475
D09M;2021;-0.020405053870288768;0.029822151873109055;-0.03196408211708332;0.020405053870288768;0.029822151873109055;0.03196408211708332;1485;260;1412;476
D09M;2022;-0.020473253466486697;0.029838112349115438;-0.03208261872791665;0.020473253466486697;0.029838112349115438;0.03208261872791665;1481;259;1406;477
D09M;2023;-0.0205409998435125;0.02987287202201168;-0.032190936251249996;0.0205409998435125;0.02987287202201168;0.032190936251249996;1477;257;1401;478
D09M;2024;-0.02060486468539928;0.02990581712887989;-0.03228600336541668;0.02060486468539928;0.02990581712887989;0.03228600336541668;1472;254;1398;479
D09M;2025;-0.020665266384036887;0.029934356637562977;-0.03238076790791666;0.020665266384036887;0.029934356637562977;0.03238076790791666;1466;252;1394;480
D09M;2026;-0.02071955704997215;0.029969363136172107;-0.03246607371208332;0.02071955704997215;0.029969363136172107;0.03246607371208332;1463;250;1389;481
D09M;2027;-0.020777043854398304;0.029998395835280908;-0.032554218962083326;0.020777043854398304;0.029998395835280908;0.032554218962083326;1460;248;1386;482
D09M;2028;-0.02083465081480765;0.030017928525135386;-0.03264206412875001;0.02083465081480765;0.030017928525135386;0.03264206412875001;1457;244;1381;483
D09M;2029;-0.020887701905403122;0.030037881716205056;-0.03272710261041667;0.020887701905403122;0.030037881716205056;0.03272710261041667;1454;240;1378;484
D09M;2030;-0.020942911763567204;0.030067015794777045;-0.0328100657075;0.020942911763567204;0.030067015794777045;0.0328100657075;1449;238;1374;485
D09M;2031;-0.02099349186092019;0.030106336907238237;-0.032883944527083375;0.02099349186092019;0.030106336907238237;0.032883944527083375;1447;236;1370;486
D09M;2032;-0.021040084455839516;0.03014017957304097;-0.032958532414583325;0.021040084455839516;0.03014017957304097;0.032958532414583325;1443;233;1365;487
D09M;2033;-0.021092541388035926;0.030175512913229365;-0.03303713905625;0.021092541388035926;0.030175512913229365;0.03303713905625;1440;230;1362;488
D09M;2034;-0.021139074165276234;0.030208696541450673;-0.033105985677500005;0.021139074165276234;0.030208696541450673;0.033105985677500005;1436;228;1358;489
D09M;2035;-0.021183549309303388;0.03023861090432768;-0.03317278662208337;0.021183549309303388;0.03023861090432768;0.03317278662208337;1434;222;1355;490
D09M;2036;-0.021226003326453996;0.030268606792863546;-0.033234551112083344;0.021226003326453996;0.030268606792863546;0.033234551112083344;1430;219;1352;491
D09M;2037;-0.021262040863366298;0.030291650995491266;-0.03328632304291668;0.021262040863366298;0.030291650995491266;0.03328632304291668;1428;217;1349;492
D09M;2038;-0.0212980960833447;0.030323231761236386;-0.03333592652166667;0.0212980960833447;0.030323231761236386;0.03333592652166667;1425;214;1344;493
D09M;2039;-0.02133260600814666;0.030362364602455037;-0.03338337320291665;0.02133260600814666;0.030362364602455037;0.03338337320291665;1422;210;1341;494
D09M;2040;-0.021370881313363815;0.03039629036514978;-0.03342991177999999;0.021370881313363815;0.03039629036514978;0.03342991177999999;1416;207;1339;495
D09M;2041;-0.021398854399754943;0.030416459946049593;-0.033459548420833346;0.021398854399754943;0.030416459946049593;0.033459548420833346;1413;206;1337;496
D09M;2042;-0.021432226402011083;0.030447008911588934;-0.033496251824166656;0.021432226402011083;0.030447008911588934;0.033496251824166656;1408;204;1334;497
D09M;2043;-0.021470689473470753;0.030468777603092488;-0.03354481813083335;0.021470689473470753;0.030468777603092488;0.03354481813083335;1403;202;1332;498
D09M;2044;-0.02150332500133127;0.03048401546160206;-0.033589929800833335;0.02150332500133127;0.03048401546160206;0.033589929800833335;1401;200;1328;499
D09M;2045;-0.021536264423161783;0.030509796837259247;-0.03363863456958335;0.021536264423161783;0.030509796837259247;0.03363863456958335;1398;197;1321;500
D09M;2046;-0.021571320683439872;0.03054053073082773;-0.033690927250833336;0.021571320683439872;0.03054053073082773;0.033690927250833336;1396;196;1314;501
D09M;2047;-0.02160143969308099;0.030567813824626793;-0.03373177164541666;0.02160143969308099;0.030567813824626793;0.03373177164541666;1394;194;1310;502
D09M;2048;-0.021621518797806993;0.03059282252214904;-0.03375337923124999;0.021621518797806993;0.03059282252214904;0.03375337923124999;1392;190;1306;503
D09M;2049;-0.021650036844261533;0.030620004580423583;-0.0337913626933333;0.021650036844261533;0.030620004580423583;0.0337913626933333;1383;188;1303;504
D09M;2050;-0.0216821466109636;0.03065517107747878;-0.03383416407333334;0.0216821466109636;0.03065517107747878;0.03383416407333334;1375;184;1290;505
D09M;2051;-0.02171205622428058;0.030674088016598343;-0.03387490540875002;0.02171205622428058;0.030674088016598343;0.03387490540875002;1362;178;1279;506
D09M;2052;-0.021743155662073663;0.030686374444882644;-0.03391938487083335;0.021743155662073663;0.030686374444882644;0.03391938487083335;1355;176;1272;507
D09M;2053;-0.021776093415538305;0.030689273787277895;-0.03396888207708332;0.021776093415538305;0.030689273787277895;0.03396888207708332;1348;175;1267;508
D09M;2054;-0.021803300010222904;0.030695551155487114;-0.03401032397333334;0.021803300010222904;0.030695551155487114;0.03401032397333334;1344;173;1263;509
D09M;2055;-0.021830572570277117;0.03070963198454859;-0.034045172528333306;0.021830572570277117;0.03070963198454859;0.034045172528333306;1340;168;1260;510
D09M;2056;-0.021862047127357703;0.030734894236806493;-0.03408372936874998;0.021862047127357703;0.030734894236806493;0.03408372936874998;1337;164;1257;511
D09M;2057;-0.021896710860244556;0.030764767026171053;-0.03413384188333332;0.021896710860244556;0.030764767026171053;0.03413384188333332;1333;162;1254;512
D09M;2058;-0.021934587549248392;0.03077577859148425;-0.03418450570625001;0.021934587549248392;0.03077577859148425;0.03418450570625001;1327;159;1250;513
D09M;2059;-0.021971081114487548;0.030784206217914264;-0.03422933108208334;0.021971081114487548;0.030784206217914264;0.03422933108208334;1324;158;1247;514
D09M;2060;-0.022006565247002875;0.030793050774179154;-0.03427637667;0.022006565247002875;0.030793050774179154;0.03427637667;1319;156;1244;515
D09M;2061;-0.022040719346800925;0.030789156124591842;-0.03432571915750002;0.022040719346800925;0.030789156124591842;0.03432571915750002;1316;157;1241;516
D09M;2062;-0.022075152827021195;0.030798129616214243;-0.034369432224999996;0.022075152827021195;0.030798129616214243;0.034369432224999996;1313;155;1238;517
D09M;2063;-0.022107759018440084;0.030818795955664356;-0.03440846519333332;0.022107759018440084;0.030818795955664356;0.03440846519333332;1309;153;1236;518
D09M;2064;-0.022143342426632746;0.030832035081317162;-0.034453799012916675;0.022143342426632746;0.030832035081317162;0.034453799012916675;1306;151;1233;519
D09M;2065;-0.022180562592603696;0.030848428003513013;-0.034499031783749995;0.022180562592603696;0.030848428003513013;0.034499031783749995;1302;148;1230;520
D09M;2066;-0.022216890815319218;0.030860660638594307;-0.03454236687416665;0.022216890815319218;0.030860660638594307;0.03454236687416665;1299;146;1228;521
D09M;2067;-0.022255850065155423;0.030862973675376108;-0.0345973275275;0.022255850065155423;0.030862973675376108;0.0345973275275;1294;143;1224;522
D09M;2068;-0.022296645568229835;0.030862239965772396;-0.034653920326249976;0.022296645568229835;0.030862239965772396;0.034653920326249976;1291;144;1222;523
D09M;2069;-0.022336608173673157;0.030860695037980217;-0.03470730155333329;0.022336608173673157;0.030860695037980217;0.03470730155333329;1288;145;1219;524
D09M;2070;-0.022375440347033478;0.03086404705311233;-0.03476386239541668;0.022375440347033478;0.03086404705311233;0.03476386239541668;1282;142;1214;525
D09M;2071;-0.022411096011002163;0.030875754938108988;-0.03481163027166667;0.022411096011002163;0.030875754938108988;0.03481163027166667;1278;140;1212;526
D09M;2072;-0.022442184869499962;0.03090367857923913;-0.03484809924958332;0.022442184869499962;0.03090367857923913;0.03484809924958332;1275;134;1210;527
D09M;2073;-0.022476437637871716;0.030913309570618375;-0.0348900791275;0.022476437637871716;0.030913309570618375;0.0348900791275;1270;132;1208;528
D09M;2074;-0.022511667039415425;0.03091807802506692;-0.03493398713375001;0.022511667039415425;0.03091807802506692;0.03493398713375001;1267;131;1203;529
D09M;2075;-0.02254372042835177;0.03092882053147095;-0.03497288851708333;0.02254372042835177;0.03092882053147095;0.03497288851708333;1263;129;1200;530
D09M;2076;-0.022575899689841885;0.030936399126912737;-0.035007759367083335;0.022575899689841885;0.030936399126912737;0.035007759367083335;1258;124;1197;531
D09M;2077;-0.022606001064180533;0.030935296931905967;-0.03504930935416667;0.022606001064180533;0.030935296931905967;0.03504930935416667;1253;125;1194;532
D09M;2078;-0.02263484273049292;0.03095481823906698;-0.03508612677333334;0.02263484273049292;0.03095481823906698;0.03508612677333334;1212;122;1191;533
D09M;2079;-0.022662155309345;0.030971040354125918;-0.035114164119583346;0.022662155309345;0.030971040354125918;0.035114164119583346;1201;119;1188;534
D09M;2080;-0.022685980533454733;0.030962389219882053;-0.03514461185750001;0.022685980533454733;0.030962389219882053;0.03514461185750001;1196;121;1187;535
D09M;2081;-0.02271100757838855;0.030948428587575075;-0.03517245997416665;0.02271100757838855;0.030948428587575075;0.03517245997416665;1192;123;1185;536
D09M;2082;-0.022736601176683933;0.030930726957452793;-0.03520305124333331;0.022736601176683933;0.030930726957452793;0.03520305124333331;1189;127;1183;537
D09M;2083;-0.022759160367659206;0.030918422601085446;-0.035234941326666686;0.022759160367659206;0.030918422601085446;0.035234941326666686;1185;130;1179;538
D09M;2084;-0.022780797518854184;0.030905051065206846;-0.03525967407833336;0.022780797518854184;0.030905051065206846;0.03525967407833336;1182;133;1176;539
D09M;2085;-0.02280398478716913;0.030892533645013997;-0.03528297759041668;0.02280398478716913;0.030892533645013997;0.03528297759041668;1180;136;1173;540
D09M;2086;-0.022824134335637365;0.03088388947532673;-0.03530500615083337;0.022824134335637365;0.03088388947532673;0.03530500615083337;1176;137;1172;541
D09M;2087;-0.022838205641811403;0.030880671543251543;-0.035314608742499976;0.022838205641811403;0.030880671543251543;0.035314608742499976;1174;138;1170;542
D09M;2088;-0.022857385893055415;0.030867941889151453;-0.03533441215666666;0.022857385893055415;0.030867941889151453;0.03533441215666666;1172;141;1169;543
D09M;2089;-0.022879775300867506;0.030851006226682826;-0.03536076248916664;0.022879775300867506;0.030851006226682826;0.03536076248916664;1169;147;1167;544
D09M;2090;-0.022900078562624642;0.03084499328367302;-0.03538624674624999;0.022900078562624642;0.03084499328367302;0.03538624674624999;1167;149;1163;545
D09M;2091;-0.022916262829064993;0.030827584636761635;-0.03540431728999996;0.022916262829064993;0.030827584636761635;0.03540431728999996;1164;152;1162;546
D09M;2092;-0.022932163409892792;0.03080076613778234;-0.03542783709958333;0.022932163409892792;0.03080076613778234;0.03542783709958333;1162;154;1160;547
D09M;2093;-0.022944223978478562;0.030770002697255508;-0.03544704352500003;0.022944223978478562;0.030770002697255508;0.03544704352500003;1160;160;1157;548
D09M;2094;-0.022957991650576607;0.03074044271693972;-0.0354621732075;0.022957991650576607;0.03074044271693972;0.0354621732075;1158;163;1155;549
D09M;2095;-0.022976891498189603;0.030727974190930252;-0.03547545595541665;0.022976891498189603;0.030727974190930252;0.03547545595541665;1154;166;1154;550
D09M;2096;-0.022988718916925895;0.03071062244469765;-0.03548163664374998;0.022988718916925895;0.03071062244469765;0.03548163664374998;1152;167;1152;551
D09M;2097;-0.02300098409644102;0.03069801490336113;-0.035491924607083336;0.02300098409644102;0.03069801490336113;0.035491924607083336;1150;172;1151;552
D09M;2098;-0.02300932034412864;0.030704290751726118;-0.03549459652208331;0.02300932034412864;0.030704290751726118;0.03549459652208331;1148;170;1149;553
D09M;2099;-0.0230225897339367;0.030699665794451207;-0.03550534487750004;0.0230225897339367;0.030699665794451207;0.03550534487750004;1147;171;1147;554
D09M;2100;-0.023038779730601894;0.03068453959454479;-0.03552981166708333;0.023038779730601894;0.03068453959454479;0.03552981166708333;1145;177;1144;555
D09M;2101;-0.023052452886864704;0.030671552574108273;-0.03554175953541666;0.023052452886864704;0.030671552574108273;0.03554175953541666;1142;179;1140;556
D09M;2102;-0.023067536134497524;0.030665708716629575;-0.03554714074375001;0.023067536134497524;0.030665708716629575;0.03554714074375001;1139;182;1139;557
D09M;2103;-0.02308096522318384;0.030649178728032973;-0.03555563051583335;0.02308096522318384;0.030649178728032973;0.03555563051583335;1137;185;1138;558
D09M;2104;-0.023090692089689977;0.03062028323801618;-0.03556203529458332;0.023090692089689977;0.03062028323801618;0.03556203529458332;1135;187;1136;559
D09M;2105;-0.023102425678118214;0.030606417387507516;-0.03556177685999998;0.023102425678118214;0.030606417387507516;0.03556177685999998;1133;189;1137;560
D09M;2106;-0.023117726034007868;0.030584170386289865;-0.035576795385;0.023117726034007868;0.030584170386289865;0.035576795385;1129;192;1134;561
D09M;2107;-0.023127174075124157;0.03054272341158748;-0.03558119785249997;0.023127174075124157;0.03054272341158748;0.03558119785249997;1127;195;1131;562
D09M;2108;-0.023135288857021;0.030499662966804716;-0.035577651196249976;0.023135288857021;0.030499662966804716;0.035577651196249976;1125;198;1133;563
D09M;2109;-0.023144271787230445;0.03046030899079179;-0.03558916985333335;0.023144271787230445;0.03046030899079179;0.03558916985333335;1124;203;1129;564
D09M;2110;-0.023153583371432987;0.03042417132621809;-0.035595395247083356;0.023153583371432987;0.03042417132621809;0.035595395247083356;1123;205;1128;565
D09M;2111;-0.02316282440765617;0.03038705640853122;-0.035599294714166646;0.02316282440765617;0.03038705640853122;0.035599294714166646;1121;208;1126;566
D09M;2112;-0.023171016636682907;0.030353548123602282;-0.03560208367291667;0.023171016636682907;0.030353548123602282;0.03560208367291667;1118;212;1124;567
D09M;2113;-0.02317835747794462;0.030324417121227843;-0.03560505496416666;0.02317835747794462;0.030324417121227843;0.03560505496416666;1116;213;1122;568
D09M;2114;-0.023187034074000752;0.030296706031144545;-0.03560580451125003;0.023187034074000752;0.030296706031144545;0.03560580451125003;1114;216;1121;569
D09M;2115;-0.023193991495161874;0.030280763330221828;-0.03560093907083331;0.023193991495161874;0.030280763330221828;0.03560093907083331;1113;218;1125;570
D09M;2116;-0.023203367408143626;0.030247910153955948;-0.035603587782083335;0.023203367408143626;0.030247910153955948;0.035603587782083335;1111;220;1123;571
D09M;2117;-0.023215593674805968;0.030209489235923245;-0.035609273318333357;0.023215593674805968;0.030209489235923245;0.035609273318333357;1108;227;1120;572
D09M;2118;-0.02322991749707311;0.03016840692206605;-0.03561869986875002;0.02322991749707311;0.03016840692206605;0.03561869986875002;1105;231;1118;573
D09M;2119;-0.023238380012912032;0.03011675877485123;-0.03563284887416668;0.023238380012912032;0.03011675877485123;0.03563284887416668;1103;234;1114;574
D09M;2120;-0.02324455232004207;0.030066541987818867;-0.03563509901625003;0.02324455232004207;0.030066541987818867;0.03563509901625003;1101;239;1113;575
D09M;2121;-0.023249928148491802;0.030034837460792645;-0.035625810879166664;0.023249928148491802;0.030034837460792645;0.035625810879166664;1098;241;1115;576
D09M;2122;-0.023250812856058234;0.030011625041405577;-0.03562067976041666;0.023250812856058234;0.030011625041405577;0.03562067976041666;1097;246;1117;577
D09M;2123;-0.02325483845917337;0.029978092702078577;-0.035613268990833336;0.02325483845917337;0.029978092702078577;0.035613268990833336;1095;249;1119;578
D09M;2124;-0.0232606113665812;0.0299483371825788;-0.03559800664499996;0.0232606113665812;0.0299483371825788;0.03559800664499996;1092;251;1127;579
D09M;2125;-0.023265257568204658;0.02990467914191994;-0.035585919151250034;0.023265257568204658;0.02990467914191994;0.035585919151250034;1089;255;1130;580
D09M;2126;-0.023272112470880967;0.02984813713062781;-0.03557918747041666;0.023272112470880967;0.02984813713062781;0.03557918747041666;1086;258;1132;581
D09M;2127;-0.02327266458660273;0.029796073884223007;-0.03556370698541669;0.02327266458660273;0.029796073884223007;0.03556370698541669;1085;262;1135;582
D09M;2128;-0.023267624985307146;0.02973741456739335;-0.03553823123458333;0.023267624985307146;0.02973741456739335;0.03553823123458333;1087;267;1141;583
D09M;2129;-0.02326621019990525;0.029684862406092846;-0.035521805853333366;0.02326621019990525;0.029684862406092846;0.035521805853333366;1088;270;1145;584
D09M;2130;-0.023264499287857503;0.029634303282282573;-0.03551069373583332;0.023264499287857503;0.029634303282282573;0.03551069373583332;1090;277;1146;585
D09M;2131;-0.023261009930851145;0.02958442691191555;-0.03549253198416666;0.023261009930851145;0.02958442691191555;0.03549253198416666;1091;280;1150;586
D09M;2132;-0.02326045285021771;0.029536218620605806;-0.03547561236916669;0.02326045285021771;0.029536218620605806;0.03547561236916669;1093;285;1153;587
D09M;2133;-0.023254668792346767;0.029489172106096872;-0.035454556284999994;0.023254668792346767;0.029489172106096872;0.035454556284999994;1096;291;1156;588
D09M;2134;-0.023246612186852745;0.02943393722475196;-0.035429822576666686;0.023246612186852745;0.02943393722475196;0.035429822576666686;1100;294;1159;589
D09M;2135;-0.023239454358779433;0.029385114146075014;-0.03540480155750003;0.023239454358779433;0.029385114146075014;0.03540480155750003;1102;305;1161;590
D09M;2136;-0.023227753268090106;0.029358716102947414;-0.03537190737750001;0.023227753268090106;0.029358716102947414;0.03537190737750001;1107;314;1166;591
D09M;2137;-0.023215262642027022;0.02932457562975044;-0.035338186912499986;0.023215262642027022;0.02932457562975044;0.035338186912499986;1109;329;1168;592
D09M;2138;-0.023205623875075652;0.029278569081248474;-0.035305581442083345;0.023205623875075652;0.029278569081248474;0.035305581442083345;1110;344;1171;593
D09M;2139;-0.023195653728366707;0.029237532194376997;-0.035267358885416655;0.023195653728366707;0.029237532194376997;0.035267358885416655;1112;358;1174;594
D09M;2140;-0.023182085919800345;0.029190166527183647;-0.03522843597499997;0.023182085919800345;0.029190166527183647;0.03522843597499997;1115;366;1181;595
D09M;2141;-0.02317386275650409;0.029115322473458292;-0.035193853727083335;0.02317386275650409;0.029115322473458292;0.035193853727083335;1117;381;1184;596
D09M;2142;-0.023158828150282914;0.029060761206599322;-0.03515752882958331;0.023158828150282914;0.029060761206599322;0.03515752882958331;1122;391;1186;597
D09M;2143;-0.023129536947588684;0.02902086815157526;-0.03511075431625002;0.023129536947588684;0.02902086815157526;0.03511075431625002;1126;396;1189;598
D09M;2144;-0.02311161977757283;0.028977319753701835;-0.03507229020166666;0.02311161977757283;0.028977319753701835;0.03507229020166666;1130;404;1193;599
D09M;2145;-0.023100046681748563;0.028929721531594652;-0.03504330852541665;0.023100046681748563;0.028929721531594652;0.03504330852541665;1134;408;1195;600
D09M;2146;-0.0230819418563142;0.02889449917660394;-0.03500572589708334;0.0230819418563142;0.02889449917660394;0.03500572589708334;1136;411;1198;601
D09M;2147;-0.023069047563845913;0.028866308352712956;-0.0349664605220833;0.023069047563845913;0.028866308352712956;0.0349664605220833;1138;415;1201;602
D09M;2148;-0.023065188734635995;0.02882576755610949;-0.03494433853333331;0.023065188734635995;0.02882576755610949;0.03494433853333331;1140;424;1202;603
D09M;2149;-0.023045188669720905;0.028775676714393066;-0.03490558497499999;0.023045188669720905;0.028775676714393066;0.03490558497499999;1143;432;1205;604
D09M;2150;-0.023023147673921187;0.02872635115169156;-0.034863818595833374;0.023023147673921187;0.02872635115169156;0.034863818595833374;1146;441;1209;605
D09M;2151;-0.023007164792974485;0.02865791714641744;-0.034836205378749985;0.023007164792974485;0.02865791714641744;0.034836205378749985;1149;451;1211;606
D09M;2152;-0.022983324115723323;0.028590375413070367;-0.034794762189583356;0.022983324115723323;0.028590375413070367;0.034794762189583356;1153;461;1213;607
D09M;2153;-0.02296200627026083;0.028534377268879387;-0.03475145669333332;0.02296200627026083;0.028534377268879387;0.03475145669333332;1157;473;1215;608
D09M;2154;-0.022944825502368642;0.02847967959332611;-0.03471137530958335;0.022944825502368642;0.02847967959332611;0.03471137530958335;1159;486;1218;609
D09M;2155;-0.02292558156644581;0.02842813476288332;-0.034667643583333324;0.02292558156644581;0.02842813476288332;0.034667643583333324;1163;502;1221;610
D09M;2156;-0.022902200605771007;0.02839595968055576;-0.03461191427541668;0.022902200605771007;0.02839595968055576;0.03461191427541668;1165;509;1223;611
D09M;2157;-0.022881718875068863;0.028345888932011194;-0.03456220006375002;0.022881718875068863;0.028345888932011194;0.03456220006375002;1168;516;1225;612
D09M;2158;-0.022864118334528446;0.028278917281749905;-0.03451646498375002;0.022864118334528446;0.028278917281749905;0.03451646498375002;1171;523;1229;613
D09M;2159;-0.0228444262703178;0.02822848418157308;-0.03446841978625004;0.0228444262703178;0.02822848418157308;0.03446841978625004;1173;529;1232;614
D09M;2160;-0.02282305388696447;0.028178714464569554;-0.034414276362499996;0.02282305388696447;0.028178714464569554;0.034414276362499996;1177;534;1235;615
D09M;2161;-0.022802989168413716;0.02813403244918485;-0.03436756982708336;0.022802989168413716;0.02813403244918485;0.03436756982708336;1181;537;1239;616
D09M;2162;-0.022780785065854355;0.028105246069401294;-0.03431889715750003;0.022780785065854355;0.028105246069401294;0.03431889715750003;1183;541;1242;617
D09M;2163;-0.022763725422877464;0.028072158843254428;-0.03428531069833332;0.022763725422877464;0.028072158843254428;0.03428531069833332;1184;552;1243;618
D09M;2164;-0.02275159275549665;0.0280266499287365;-0.034262270804999995;0.02275159275549665;0.0280266499287365;0.034262270804999995;1187;563;1245;619
D09M;2165;-0.022737858856865818;0.027965421902709536;-0.03423515036250002;0.022737858856865818;0.027965421902709536;0.03423515036250002;1188;572;1246;620
D09M;2166;-0.022723813302806248;0.02789163571249835;-0.034204294589166656;0.022723813302806248;0.02789163571249835;0.034204294589166656;1190;589;1249;621
D09M;2167;-0.022710590126052567;0.0278389762912746;-0.03417154331916669;0.022710590126052567;0.0278389762912746;0.03417154331916669;1193;600;1251;622
D09M;2168;-0.022698225577982515;0.027792054868673907;-0.03414359659541666;0.022698225577982515;0.027792054868673907;0.03414359659541666;1194;609;1252;623
D09M;2169;-0.022683848207268473;0.02776328005518527;-0.03411126964875;0.022683848207268473;0.02776328005518527;0.03411126964875;1198;611;1256;624
D09M;2170;-0.022671670502574716;0.02771183218718057;-0.03408250205208335;0.022671670502574716;0.02771183218718057;0.03408250205208335;1199;619;1258;625
D09M;2171;-0.022662718341653544;0.02766021958886612;-0.03406260456333332;0.022662718341653544;0.02766021958886612;0.03406260456333332;1200;626;1259;626
D09M;2172;-0.022652837153044437;0.027599729909586326;-0.03403945524166668;0.022652837153044437;0.027599729909586326;0.03403945524166668;1202;644;1261;627
D09M;2173;-0.022640161024808078;0.02752003925286023;-0.03400642887791669;0.022640161024808078;0.02752003925286023;0.03400642887791669;1206;661;1264;628
D09M;2174;-0.022632708048770055;0.027451554121140326;-0.03398593143249998;0.022632708048770055;0.027451554121140326;0.03398593143249998;1215;668;1265;629
D09M;2175;-0.022629338265094168;0.02738247882997536;-0.033977461519166696;0.022629338265094168;0.02738247882997536;0.033977461519166696;1220;677;1266;630
D09M;2176;-0.02262471459396268;0.027320408361094478;-0.03396250654166663;0.02262471459396268;0.027320408361094478;0.03396250654166663;1234;688;1268;631
D09M;2177;-0.02262318700792455;0.027268366484639876;-0.033950882498333335;0.02262318700792455;0.027268366484639876;0.033950882498333335;1237;698;1269;632
D09M;2178;-0.022620319299192785;0.027204954139469637;-0.033937315942083324;0.022620319299192785;0.027204954139469637;0.033937315942083324;1242;710;1270;633
D09M;2179;-0.022610585153727204;0.027137589552191352;-0.03391206039916664;0.022610585153727204;0.027137589552191352;0.03391206039916664;1246;723;1273;634
D09M;2180;-0.02260733215954054;0.027074222632345043;-0.03389935619458331;0.02260733215954054;0.027074222632345043;0.03389935619458331;1252;735;1274;635
D09M;2181;-0.022608876790837038;0.027009553863378596;-0.03389148796541669;0.022608876790837038;0.027009553863378596;0.03389148796541669;1250;752;1275;636
D09M;2182;-0.022610057272947865;0.026940072621372733;-0.033887233922916676;0.022610057272947865;0.026940072621372733;0.033887233922916676;1248;766;1277;637
D09M;2183;-0.022617584724500945;0.026860490218512827;-0.03388942439124998;0.022617584724500945;0.026860490218512827;0.03388942439124998;1243;774;1276;638
D09M;2184;-0.022623540743923833;0.026782103463285984;-0.03388139531333334;0.022623540743923833;0.026782103463285984;0.03388139531333334;1236;787;1278;639
D09M;2185;-0.022622197727592747;0.02670689535854927;-0.03387248236541665;0.022622197727592747;0.02670689535854927;0.03387248236541665;1240;795;1280;640
D09M;2186;-0.02261048107284855;0.026612647168497754;-0.03385581063750001;0.02261048107284855;0.026612647168497754;0.03385581063750001;1247;804;1283;641
D09M;2187;-0.02260892763350127;0.026544764954208256;-0.03384460649750001;0.02260892763350127;0.026544764954208256;0.03384460649750001;1249;808;1285;642
D09M;2188;-0.022605743478650922;0.026511658544472537;-0.033829369109166646;0.022605743478650922;0.026511658544472537;0.033829369109166646;1254;811;1297;643
D09M;2189;-0.02260762017522525;0.026447276588760695;-0.03382535722625002;0.02260762017522525;0.026447276588760695;0.03382535722625002;1251;815;1299;644
D09M;2190;-0.022621582485148835;0.02637508533944626;-0.033832419194166685;0.022621582485148835;0.02637508533944626;0.033832419194166685;1241;819;1291;645
D09M;2191;-0.022626977907332462;0.02630581165689254;-0.033832082135;0.022626977907332462;0.02630581165689254;0.033832082135;1226;823;1294;646
D09M;2192;-0.02262657231144596;0.026219451305251478;-0.03383435277124999;0.02262657231144596;0.026219451305251478;0.03383435277124999;1228;830;1288;647
D09M;2193;-0.02262908546419113;0.02613844503941339;-0.03383623811708336;0.02262908546419113;0.02613844503941339;0.03383623811708336;1222;834;1286;648
D09M;2194;-0.022630177823945764;0.026061158469691505;-0.03383481529833335;0.022630177823945764;0.026061158469691505;0.03383481529833335;1218;841;1287;649
D09M;2195;-0.02263430960746269;0.025987215390989766;-0.03383211073041664;0.02263430960746269;0.025987215390989766;0.03383211073041664;1213;845;1293;650
D09M;2196;-0.02263535056569347;0.025911437252590375;-0.03382990913;0.02263535056569347;0.025911437252590375;0.03382990913;1211;848;1295;651
D09M;2197;-0.022638827293180595;0.02586673142161737;-0.033829730982083306;0.022638827293180595;0.02586673142161737;0.033829730982083306;1207;851;1296;652
D09M;2198;-0.02264233520163783;0.025830021737822586;-0.03383423883916664;0.02264233520163783;0.025830021737822586;0.03383423883916664;1204;854;1289;653
D09M;2199;-0.022636588290079952;0.025787647256498434;-0.033832367559583326;0.022636588290079952;0.025787647256498434;0.033832367559583326;1209;857;1292;654
D09M;2200;-0.02263587371930221;0.02575517016107934;-0.03382726049291668;0.02263587371930221;0.02575517016107934;0.03382726049291668;1210;858;1298;655
D09M;2201;-0.022640186571044506;0.025705103992193005;-0.03382266690374999;0.022640186571044506;0.025705103992193005;0.03382266690374999;1205;863;1300;656
D09M;2202;-0.02263850457795956;0.025667321704904846;-0.03380957684416672;0.02263850457795956;0.025667321704904846;0.03380957684416672;1208;865;1302;657
D09M;2203;-0.022633271833981665;0.025638385554824245;-0.03377800366291667;0.022633271833981665;0.025638385554824245;0.03377800366291667;1214;867;1304;658
D09M;2204;-0.022630519210460977;0.02561057218943235;-0.033761829187500036;0.022630519210460977;0.02561057218943235;0.033761829187500036;1217;869;1305;659
D09M;2205;-0.022624826073905344;0.025592080407958417;-0.03375115140958329;0.022624826073905344;0.025592080407958417;0.03375115140958329;1232;871;1307;660
D09M;2206;-0.022623136091209667;0.025559403331838714;-0.033740031729166675;0.022623136091209667;0.025559403331838714;0.033740031729166675;1238;874;1308;661
D09M;2207;-0.022624805386756618;0.025515426602252773;-0.03373429433041669;0.022624805386756618;0.025515426602252773;0.03373429433041669;1233;876;1309;662
D09M;2208;-0.022625276032950312;0.02547859728403438;-0.03372413799499996;0.022625276032950312;0.02547859728403438;0.03372413799499996;1231;878;1311;663
D09M;2209;-0.022628499225574757;0.025434510860553726;-0.03371054065958337;0.022628499225574757;0.025434510860553726;0.03371054065958337;1224;882;1312;664
D09M;2210;-0.022629216209868158;0.025399996652479936;-0.033699871241249985;0.022629216209868158;0.025399996652479936;0.033699871241249985;1221;887;1313;665
D09M;2211;-0.022626719789918506;0.025376017879493357;-0.033686061354166685;0.022626719789918506;0.025376017879493357;0.033686061354166685;1227;888;1315;666
D09M;2212;-0.022628511539558152;0.025351749856824746;-0.03368355702041664;0.022628511539558152;0.025351749856824746;0.03368355702041664;1223;890;1316;667
D09M;2213;-0.02263062295447145;0.025328314298261958;-0.03367838215375002;0.02263062295447145;0.025328314298261958;0.03367838215375002;1216;892;1317;668
D09M;2214;-0.022622771540286118;0.025306372196783205;-0.033659003991666714;0.022622771540286118;0.025306372196783205;0.033659003991666714;1239;894;1319;669
D09M;2215;-0.02262398645643031;0.025273360990318388;-0.03364526669625001;0.02262398645643031;0.025273360990318388;0.03364526669625001;1235;897;1320;670
D09M;2216;-0.022628177513314446;0.02525163114062282;-0.03363344233708332;0.022628177513314446;0.02525163114062282;0.03363344233708332;1225;898;1322;671
D09M;2217;-0.02262624025720533;0.025243981389006572;-0.03362158953041666;0.02262624025720533;0.025243981389006572;0.03362158953041666;1229;899;1324;672
D09M;2218;-0.022629922427979298;0.025222891693506208;-0.03362240288916668;0.022629922427979298;0.025222891693506208;0.03362240288916668;1219;902;1323;673
D09M;2219;-0.02262559463066292;0.025212324297204467;-0.03361355581250003;0.02262559463066292;0.025212324297204467;0.03361355581250003;1230;906;1325;674
D09M;2220;-0.022612832758922754;0.025217527333621925;-0.03360418479041666;0.022612832758922754;0.025217527333621925;0.03360418479041666;1244;903;1326;675
D09M;2221;-0.022602248355798334;0.025216304986457817;-0.033584920709583355;0.022602248355798334;0.025216304986457817;0.033584920709583355;1255;904;1329;676
D09M;2222;-0.02259091517004183;0.02521410950270171;-0.03356083331791665;0.02259091517004183;0.02521410950270171;0.03356083331791665;1256;905;1331;677
D09M;2223;-0.022576574707711034;0.025211340798110438;-0.033528002787499955;0.022576574707711034;0.025211340798110438;0.033528002787499955;1257;907;1333;678
D09M;2224;-0.02255761674502392;0.0251973676391329;-0.033479779528333364;0.02255761674502392;0.0251973676391329;0.033479779528333364;1260;910;1336;679
D09M;2225;-0.02254534169821058;0.025201155293161318;-0.0334458408558333;0.02254534169821058;0.025201155293161318;0.0334458408558333;1262;908;1338;680
D09M;2226;-0.022537477987395797;0.025199433064659865;-0.033416808114166696;0.022537477987395797;0.025199433064659865;0.033416808114166696;1265;909;1340;681
D09M;2227;-0.022522309517622234;0.02523178167516109;-0.03337893838416667;0.022522309517622234;0.02523178167516109;0.03337893838416667;1266;901;1342;682
D09M;2228;-0.022507518452780116;0.02532238858978962;-0.033339399292500016;0.022507518452780116;0.02532238858978962;0.033339399292500016;1268;893;1343;683
D09M;2229;-0.022488326679504754;0.02536457606122001;-0.0332991260845833;0.022488326679504754;0.02536457606122001;0.0332991260845833;1269;889;1347;684
D09M;2230;-0.022456366507669002;0.02540023025097837;-0.03324427863374996;0.022456366507669002;0.02540023025097837;0.03324427863374996;1272;886;1351;685
D09M;2231;-0.02243712091330621;0.02542125412748578;-0.03321098394666669;0.02243712091330621;0.02542125412748578;0.03321098394666669;1276;884;1353;686
D09M;2232;-0.022422901926136905;0.025443105866525057;-0.033176168053749955;0.022422901926136905;0.025443105866525057;0.033176168053749955;1277;880;1354;687
D09M;2233;-0.022405935210538328;0.025489574772088786;-0.03313868902875003;0.022405935210538328;0.025489574772088786;0.03313868902875003;1280;877;1356;688
D09M;2234;-0.022391331011865523;0.02557418121307665;-0.03310057440041672;0.022391331011865523;0.02557418121307665;0.03310057440041672;1281;873;1359;689
D09M;2235;-0.022370322473572544;0.025667277134101555;-0.033042395427916676;0.022370322473572544;0.025667277134101555;0.033042395427916676;1283;866;1360;690
D09M;2236;-0.02234195480921798;0.025735062248847477;-0.03297977154000001;0.02234195480921798;0.025735062248847477;0.03297977154000001;1287;859;1364;691
D09M;2237;-0.022317122909710756;0.025798179445520205;-0.032925907172083324;0.022317122909710756;0.025798179445520205;0.032925907172083324;1289;856;1368;692
D09M;2238;-0.022297226070814895;0.02588036337356676;-0.03287365071874995;0.022297226070814895;0.02588036337356676;0.03287365071874995;1290;850;1371;693
D09M;2239;-0.02227685262820419;0.02597010061819893;-0.03282953913833336;0.02227685262820419;0.02597010061819893;0.03282953913833336;1292;846;1373;694
D09M;2240;-0.022252026443456894;0.02606721622070644;-0.03277631819249999;0.022252026443456894;0.02606721622070644;0.03277631819249999;1295;839;1377;695
D09M;2241;-0.02222688518125044;0.02618285730774609;-0.032725221408750005;0.02222688518125044;0.02618285730774609;0.032725221408750005;1298;833;1379;696
D09M;2242;-0.022199208436740447;0.0262924679795158;-0.03266622514083328;0.022199208436740447;0.0262924679795158;0.03266622514083328;1301;825;1380;697
D09M;2243;-0.022163724858143177;0.026398461127032664;-0.03259166528958332;0.022163724858143177;0.026398461127032664;0.03259166528958332;1304;818;1384;698
D09M;2244;-0.02213425008925088;0.026516473145165694;-0.032530967971666686;0.02213425008925088;0.026516473145165694;0.032530967971666686;1308;810;1387;699
D09M;2245;-0.022106235098403162;0.026633517978638447;-0.03247441432833331;0.022106235098403162;0.026633517978638447;0.03247441432833331;1310;803;1388;700
D09M;2246;-0.022079183686759086;0.02676840653944005;-0.03241941162416667;0.022079183686759086;0.02676840653944005;0.03241941162416667;1312;788;1392;701
D09M;2247;-0.022059665139000664;0.026930245936006115;-0.03238098533166667;0.022059665139000664;0.026930245936006115;0.03238098533166667;1314;769;1393;702
D09M;2248;-0.02203024891659002;0.027078092797607055;-0.032320757034166675;0.02203024891659002;0.027078092797607055;0.032320757034166675;1317;732;1396;703
D09M;2249;-0.02199196349934725;0.027233139158190214;-0.0322386258491667;0.02199196349934725;0.027233139158190214;0.0322386258491667;1321;703;1399;704
D09M;2250;-0.021961670161365167;0.027375786171657698;-0.03217887445041667;0.021961670161365167;0.027375786171657698;0.03217887445041667;1325;679;1402;705
D09M;2251;-0.021932693347107252;0.02752675419290767;-0.03212419969291666;0.021932693347107252;0.02752675419290767;0.03212419969291666;1328;658;1405;706
D09M;2252;-0.021906635434399104;0.02769332126815961;-0.03206652360541665;0.021906635434399104;0.02769332126815961;0.03206652360541665;1331;621;1407;707
D09M;2253;-0.021896732604917885;0.02786224873120377;-0.032030134815;0.021896732604917885;0.02786224873120377;0.032030134815;1332;594;1408;708
D09M;2254;-0.021879638069180855;0.02804534315410993;-0.03199302427708334;0.021879638069180855;0.02804534315410993;0.03199302427708334;1335;557;1410;709
D09M;2255;-0.02184831335995957;0.028235475861658338;-0.03193898174291668;0.02184831335995957;0.028235475861658338;0.03193898174291668;1338;528;1413;710
D09M;2256;-0.021813001793076502;0.028398645261912485;-0.031878991816666674;0.021813001793076502;0.028398645261912485;0.031878991816666674;1342;508;1416;711
D09M;2257;-0.021780112182882057;0.02855434468131822;-0.03183605183624999;0.021780112182882057;0.02855434468131822;0.03183605183624999;1347;467;1424;712
D09M;2258;-0.021759127437221585;0.028733123142108234;-0.03180734086583337;0.021759127437221585;0.028733123142108234;0.03180734086583337;1351;436;1428;713
D09M;2259;-0.02174546626643506;0.02889758518429361;-0.03177484891583332;0.02174546626643506;0.02889758518429361;0.03177484891583332;1352;410;1432;714
D09M;2260;-0.02173238263998039;0.029055148877547017;-0.03174808555874997;0.02173238263998039;0.029055148877547017;0.03174808555874997;1358;394;1436;715
D09M;2261;-0.021720601597537248;0.0292089369379636;-0.03172583018833333;0.021720601597537248;0.0292089369379636;0.03172583018833333;1359;361;1440;716
D09M;2262;-0.021709273423709968;0.02936163820355356;-0.03170194884833333;0.021709273423709968;0.02936163820355356;0.03170194884833333;1363;312;1443;717
D09M;2263;-0.021696288377450263;0.02951073251071902;-0.03168481039625004;0.021696288377450263;0.02951073251071902;0.03168481039625004;1366;287;1446;718
D09M;2264;-0.021687785356143525;0.029661501222647862;-0.03168137963083331;0.021687785356143525;0.029661501222647862;0.03168137963083331;1371;273;1448;719
D09M;2265;-0.021676099805925168;0.029788675407903933;-0.03167106488833332;0.021676099805925168;0.029788675407903933;0.03167106488833332;1377;263;1451;720
D09M;2266;-0.02165313835821414;0.02990006556732548;-0.03165098670750005;0.02165313835821414;0.02990006556732548;0.03165098670750005;1381;256;1454;721
D09M;2267;-0.02164342770734695;0.0300188309402507;-0.03164447005958332;0.02164342770734695;0.0300188309402507;0.03164447005958332;1385;243;1457;722
D09M;2268;-0.02164258668386566;0.030116052023120926;-0.031646957370416645;0.02164258668386566;0.030116052023120926;0.031646957370416645;1386;235;1456;723
D09M;2269;-0.02163755652034217;0.0302281773208256;-0.0316504812225;0.02163755652034217;0.0302281773208256;0.0316504812225;1388;225;1455;724
D09M;2270;-0.021634289399922506;0.030358167724430448;-0.03166113874291668;0.021634289399922506;0.030358167724430448;0.03166113874291668;1390;211;1452;725
D09M;2271;-0.021637539035810765;0.03048293521799764;-0.03167545089541665;0.021637539035810765;0.03048293521799764;0.03167545089541665;1389;201;1450;726
D09M;2272;-0.021641309968761874;0.030580020060055085;-0.03168814080916668;0.021641309968761874;0.030580020060055085;0.03168814080916668;1387;193;1445;727
D09M;2273;-0.021650087633806277;0.030667011131374808;-0.03170983923583337;0.021650087633806277;0.030667011131374808;0.03170983923583337;1382;181;1442;728
D09M;2274;-0.021662630161293155;0.030766649506157644;-0.03174016223208337;0.021662630161293155;0.030766649506157644;0.03174016223208337;1379;161;1437;729
D09M;2275;-0.021676229676899292;0.030879349309420146;-0.03177457652374999;0.021676229676899292;0.030879349309420146;0.03177457652374999;1376;139;1433;730
D09M;2276;-0.02168280593680399;0.031010381541351818;-0.03180609924083333;0.02168280593680399;0.031010381541351818;0.03180609924083333;1373;116;1429;731
D09M;2277;-0.021684107343627725;0.031135840008466514;-0.031830951819166675;0.021684107343627725;0.031135840008466514;0.031830951819166675;1372;110;1425;732
D09M;2278;-0.0216893498010564;0.03121236163046055;-0.031852171136249996;0.0216893498010564;0.03121236163046055;0.031852171136249996;1370;108;1421;733
D09M;2279;-0.02169468848692411;0.031264056111402906;-0.03186127927666668;0.02169468848692411;0.031264056111402906;0.03186127927666668;1367;105;1419;734
D09M;2280;-0.02170133405155744;0.03133161146435043;-0.03187810038708336;0.02170133405155744;0.03133161146435043;0.03187810038708336;1365;101;1417;735
D09M;2281;-0.021701856046953783;0.03140008312104685;-0.031884876004166646;0.021701856046953783;0.03140008312104685;0.031884876004166646;1364;99;1415;736
D09M;2282;-0.021694536242449134;0.03147415494645622;-0.03186853265333334;0.021694536242449134;0.03147415494645622;0.03186853265333334;1368;97;1418;737
D09M;2283;-0.02169033706608722;0.03156202644181426;-0.03185689963708335;0.02169033706608722;0.03156202644181426;0.03185689963708335;1369;90;1420;738
D09M;2284;-0.02168230062371139;0.031624011684527546;-0.031837934590416644;0.02168230062371139;0.031624011684527546;0.031837934590416644;1374;88;1423;739
D09M;2285;-0.02166829285666604;0.03164287787515179;-0.03180061471999998;0.02166829285666604;0.03164287787515179;0.03180061471999998;1378;87;1430;740
D09M;2286;-0.021656610562849624;0.03169868362820633;-0.031773423427916614;0.021656610562849624;0.03169868362820633;0.031773423427916614;1380;83;1434;741
D09M;2287;-0.021646872534784013;0.03176252907490053;-0.03175864033958334;0.021646872534784013;0.03176252907490053;0.03175864033958334;1384;81;1435;742
D09M;2288;-0.021630693842293384;0.03183471616209052;-0.03172345532041665;0.021630693842293384;0.03183471616209052;0.03172345532041665;1391;79;1441;743
D09M;2289;-0.021612744990455308;0.0319419830659142;-0.031679269548333305;0.021612744990455308;0.0319419830659142;0.031679269548333305;1393;72;1449;744
D09M;2290;-0.021590347397001365;0.032022804737470226;-0.03162870571791668;0.021590347397001365;0.032022804737470226;0.03162870571791668;1395;70;1458;745
D09M;2291;-0.021557821431796253;0.03209243335327394;-0.031551744038749996;0.021557821431796253;0.03209243335327394;0.031551744038749996;1397;65;1462;746
D09M;2292;-0.021532569506259598;0.03214725042701134;-0.03149660621041667;0.021532569506259598;0.03214725042701134;0.03149660621041667;1399;63;1464;747
D09M;2293;-0.02150643576270695;0.032167515823109324;-0.03145007324083335;0.02150643576270695;0.032167515823109324;0.03145007324083335;1400;62;1467;748
D09M;2294;-0.021485030984496317;0.03222270748533745;-0.031406693748333325;0.021485030984496317;0.03222270748533745;0.031406693748333325;1402;60;1470;749
D09M;2295;-0.02146836153450537;0.03227395487189473;-0.03137305374249999;0.02146836153450537;0.03227395487189473;0.03137305374249999;1404;58;1474;750
D09M;2296;-0.021453371234909993;0.03237112777023388;-0.031338961140833316;0.021453371234909993;0.03237112777023388;0.031338961140833316;1406;56;1479;751
D09M;2297;-0.0214406069848587;0.032475778788635216;-0.031308074850000006;0.0214406069848587;0.032475778788635216;0.031308074850000006;1407;48;1481;752
D09M;2298;-0.021427192204828343;0.03253711527059746;-0.031279438622916655;0.021427192204828343;0.03253711527059746;0.031279438622916655;1409;31;1482;753
D09M;2299;-0.02141257430948015;0.03261504595215861;-0.031252177740416665;0.02141257430948015;0.03261504595215861;0.031252177740416665;1410;22;1483;754
D09M;2300;-0.021403366192625995;0.03267084759282298;-0.03123280512916668;0.021403366192625995;0.03267084759282298;0.03123280512916668;1411;20;1484;755
D09M;2301;-0.021397558590775793;0.032706797100649596;-0.031227183694999966;0.021397558590775793;0.032706797100649596;0.031227183694999966;1414;18;1485;756
D09M;2302;-0.02138295186241761;0.03279040717081169;-0.03120976895166669;0.02138295186241761;0.03279040717081169;0.03120976895166669;1415;15;1489;757
D09M;2303;-0.021369274678989858;0.03282940726270156;-0.031191005107500003;0.021369274678989858;0.03282940726270156;0.031191005107500003;1417;13;1494;758
D09M;2304;-0.021365831386207575;0.03285023379043288;-0.031202897455416656;0.021365831386207575;0.03285023379043288;0.031202897455416656;1418;12;1491;759
D09M;2305;-0.021358151508257327;0.03291418966896027;-0.031213887317499994;0.021358151508257327;0.03291418966896027;0.031213887317499994;1419;9;1488;760
D09M;2306;-0.02135106756981934;0.032958677806460446;-0.031214036782499982;0.02135106756981934;0.032958677806460446;0.031214036782499982;1420;7;1487;761
D09M;2307;-0.02134738487473694;0.032992083386902314;-0.031215068389583295;0.02134738487473694;0.032992083386902314;0.031215068389583295;1421;5;1486;762
D09M;2308;-0.021330461333028794;0.03301503102695966;-0.03120207937958333;0.021330461333028794;0.03301503102695966;0.03120207937958333;1423;2;1492;763
D09M;2309;-0.021313247089179914;0.033025423358386666;-0.031189038016249976;0.021313247089179914;0.033025423358386666;0.031189038016249976;1424;1;1495;764
D09M;2310;-0.021292802464238227;0.033007937385431826;-0.03116372154291666;0.021292802464238227;0.033007937385431826;0.03116372154291666;1426;3;1497;765
D09M;2311;-0.021268990062121337;0.032992319850406016;-0.03113857729708336;0.021268990062121337;0.032992319850406016;0.03113857729708336;1427;4;1498;766
D09M;2312;-0.021239670378963606;0.032982040997795566;-0.031119812960833326;0.021239670378963606;0.032982040997795566;0.031119812960833326;1429;6;1499;767
D09M;2313;-0.021214686016870724;0.032956609480297674;-0.031092458230416647;0.021214686016870724;0.032956609480297674;0.031092458230416647;1431;8;1500;768
D09M;2314;-0.021183979637603777;0.032900356521949746;-0.03104276929291669;0.021183979637603777;0.032900356521949746;0.03104276929291669;1433;10;1502;769
D09M;2315;-0.02115736110592716;0.032861333849171705;-0.03101149423791666;0.02115736110592716;0.032861333849171705;0.03101149423791666;1435;11;1503;770
D09M;2316;-0.02113737974493805;0.032828636741441534;-0.030988132157083348;0.02113737974493805;0.032828636741441534;0.030988132157083348;1437;14;1504;771
D09M;2317;-0.021115715571175402;0.03277869190167127;-0.03096402704499998;0.021115715571175402;0.03277869190167127;0.03096402704499998;1438;16;1505;772
D09M;2318;-0.021100156215865435;0.032724879497941804;-0.030963408148333288;0.021100156215865435;0.032724879497941804;0.030963408148333288;1439;17;1506;773
D09M;2319;-0.021075013437718868;0.03268559273896897;-0.030933987614583325;0.021075013437718868;0.03268559273896897;0.030933987614583325;1441;19;1508;774
D09M;2320;-0.021049803633223195;0.03264133668915827;-0.030895550369999997;0.021049803633223195;0.03264133668915827;0.030895550369999997;1442;21;1510;775
D09M;2321;-0.02100613319196433;0.032590975046814845;-0.03083659441500003;0.02100613319196433;0.032590975046814845;0.03083659441500003;1446;23;1511;776
D09M;2322;-0.020962715023778625;0.032569915447070615;-0.030764975364583336;0.020962715023778625;0.032569915447070615;0.030764975364583336;1448;25;1513;777
D09M;2323;-0.020936455848331;0.03253174587828212;-0.030707623602083317;0.020936455848331;0.03253174587828212;0.030707623602083317;1450;32;1515;778
D09M;2324;-0.020923235815617745;0.03249377722561882;-0.03068148247666666;0.020923235815617745;0.03249377722561882;0.03068148247666666;1451;38;1516;779
D09M;2325;-0.020905016854123836;0.032488787718875076;-0.030648375502916658;0.020905016854123836;0.032488787718875076;0.030648375502916658;1452;42;1517;780
D09M;2326;-0.02088700366562256;0.0324835870281411;-0.030615167247083297;0.02088700366562256;0.0324835870281411;0.030615167247083297;1455;43;1518;781
D09M;2327;-0.02086140250787034;0.03247900707202791;-0.030585681844583296;0.02086140250787034;0.03247900707202791;0.030585681844583296;1456;46;1520;782
D09M;2328;-0.020825681092644183;0.03249405411150492;-0.03054323298666664;0.020825681092644183;0.03249405411150492;0.03054323298666664;1458;37;1521;783
D09M;2329;-0.020797445912272127;0.03249220487769968;-0.030498688754583336;0.020797445912272127;0.03249220487769968;0.030498688754583336;1459;40;1522;784
D09M;2330;-0.02076542794841339;0.03247212401813394;-0.03044914060833337;0.02076542794841339;0.03247212401813394;0.03044914060833337;1461;49;1523;785
D09M;2331;-0.020730479140120474;0.03249362649998185;-0.030394577863333327;0.020730479140120474;0.03249362649998185;0.030394577863333327;1462;39;1526;786
D09M;2332;-0.02070263380260898;0.032503532127635355;-0.030353960613750036;0.02070263380260898;0.032503532127635355;0.030353960613750036;1464;35;1527;787
D09M;2333;-0.020677034529330448;0.03245633597383167;-0.030326241111249985;0.020677034529330448;0.03245633597383167;0.030326241111249985;1465;52;1528;788
D09M;2334;-0.02064860674460587;0.03245308417885749;-0.030285671515833334;0.02064860674460587;0.03245308417885749;0.030285671515833334;1467;53;1531;789
D09M;2335;-0.02062717146401147;0.03247732159109131;-0.03023883609541672;0.02062717146401147;0.03247732159109131;0.03023883609541672;1470;47;1534;790
D09M;2336;-0.02061631074291448;0.032496989053724695;-0.030207754054166674;0.02061631074291448;0.032496989053724695;0.030207754054166674;1471;36;1535;791
D09M;2337;-0.02059801174877147;0.03254326875602126;-0.030169736209583325;0.02059801174877147;0.03254326875602126;0.030169736209583325;1473;29;1536;792
D09M;2338;-0.020579253311321224;0.03257320081835451;-0.030131365923750014;0.020579253311321224;0.03257320081835451;0.030131365923750014;1475;24;1537;793
D09M;2339;-0.020562261710067285;0.03256095205497569;-0.030106398836249992;0.020562261710067285;0.03256095205497569;0.030106398836249992;1476;26;1538;794
D09M;2340;-0.020540480496907855;0.032559668799487476;-0.030069715337083303;0.020540480496907855;0.032559668799487476;0.030069715337083303;1478;27;1540;795
D09M;2341;-0.02050256082597217;0.03255135665582853;-0.03000251197208334;0.02050256082597217;0.03255135665582853;0.03000251197208334;1479;28;1541;796
D09M;2342;-0.020477963484418084;0.032538144056334;-0.029963349940000022;0.020477963484418084;0.032538144056334;0.029963349940000022;1480;30;1542;797
D09M;2343;-0.02046381508155546;0.032517866869158404;-0.029938149948749992;0.02046381508155546;0.032517866869158404;0.029938149948749992;1482;33;1543;798
D09M;2344;-0.02044362515793615;0.03250701862008267;-0.029914073058333324;0.02044362515793615;0.03250701862008267;0.029914073058333324;1483;34;1547;799
D09M;2345;-0.020424522483808057;0.032483025834986565;-0.029918303134166657;0.020424522483808057;0.032483025834986565;0.029918303134166657;1484;44;1546;800
D09M;2346;-0.02039937802465301;0.032472108007417795;-0.0298818025075;0.02039937802465301;0.032472108007417795;0.0298818025075;1486;50;1549;801
D09M;2347;-0.0203704010662993;0.03249089326507738;-0.02982238456875;0.0203704010662993;0.03249089326507738;0.02982238456875;1487;41;1550;802
D09M;2348;-0.020342447483962398;0.03248163214050117;-0.02977527492416665;0.020342447483962398;0.03248163214050117;0.02977527492416665;1488;45;1551;803
D09M;2349;-0.02031335890083545;0.03246068460647181;-0.029718415146666677;0.02031335890083545;0.03246068460647181;0.029718415146666677;1490;51;1553;804
D09M;2350;-0.02027522994004082;0.03244121646796102;-0.02963702921583336;0.02027522994004082;0.03244121646796102;0.02963702921583336;1491;54;1554;805
D09M;2351;-0.020238771043453913;0.03240113878377093;-0.029589225343333303;0.020238771043453913;0.03240113878377093;0.029589225343333303;1494;55;1555;806
D09M;2352;-0.02020839240113281;0.032326683310508836;-0.029568267481249993;0.02020839240113281;0.032326683310508836;0.029568267481249993;1495;57;1557;807
D09M;2353;-0.020178027809107456;0.032254200912855246;-0.029535872530416674;0.020178027809107456;0.032254200912855246;0.029535872530416674;1497;59;1558;808
D09M;2354;-0.02014757110530225;0.03216791395168257;-0.02950146984874999;0.02014757110530225;0.03216791395168257;0.02950146984874999;1499;61;1559;809
D09M;2355;-0.020116718592013326;0.032096550884686645;-0.029448524184583352;0.020116718592013326;0.032096550884686645;0.029448524184583352;1501;64;1561;810
D09M;2356;-0.020068375595555972;0.032080465342601595;-0.02936909976958335;0.020068375595555972;0.032080465342601595;0.02936909976958335;1502;67;1563;811
D09M;2357;-0.020011249057147625;0.03208232539023143;-0.02929912048708333;0.020011249057147625;0.03208232539023143;0.02929912048708333;1504;66;1565;812
D09M;2358;-0.019975159529261727;0.032073467481003023;-0.029249310636250025;0.019975159529261727;0.032073467481003023;0.029249310636250025;1505;68;1566;813
D09M;2359;-0.019943445556700252;0.03202398707493326;-0.029216635498750032;0.019943445556700252;0.03202398707493326;0.029216635498750032;1507;69;1571;814
D09M;2360;-0.019917327852636304;0.03195143137956651;-0.029207286106666702;0.019917327852636304;0.03195143137956651;0.029207286106666702;1509;71;1572;815
D09M;2361;-0.019892656075886275;0.03189901798980406;-0.0291672244425;0.019892656075886275;0.03189901798980406;0.0291672244425;1510;75;1573;816
D09M;2362;-0.01984920120503246;0.03186463306223652;-0.029093803454166678;0.01984920120503246;0.03186463306223652;0.029093803454166678;1512;77;1574;817
D09M;2363;-0.019815907052883372;0.03187314948319097;-0.02905422846708333;0.019815907052883372;0.03187314948319097;0.02905422846708333;1513;76;1575;818
D09M;2364;-0.01979276359444276;0.031930874468911186;-0.02901945921583332;0.01979276359444276;0.031930874468911186;0.02901945921583332;1514;73;1577;819
D09M;2365;-0.019769873312651363;0.03192757852772594;-0.028984222692916672;0.019769873312651363;0.03192757852772594;0.028984222692916672;1516;74;1579;820
D09M;2366;-0.019755145502043204;0.03183778558671845;-0.028975967652916684;0.019755145502043204;0.03183778558671845;0.028975967652916684;1517;78;1580;821
D09M;2367;-0.019730727918224604;0.03177561159112374;-0.028931586065416626;0.019730727918224604;0.03177561159112374;0.028931586065416626;1518;80;1581;822
D09M;2368;-0.019691343214952098;0.03172235734120119;-0.028850712071666673;0.019691343214952098;0.03172235734120119;0.028850712071666673;1519;82;1583;823
D09M;2369;-0.019654815209283985;0.03167137870308091;-0.028789749459999986;0.019654815209283985;0.03167137870308091;0.028789749459999986;1523;86;1586;824
D09M;2370;-0.019619165796552367;0.03168880574077179;-0.028738194366666664;0.019619165796552367;0.03168880574077179;0.028738194366666664;1524;84;1587;825
D09M;2371;-0.019580853880728076;0.03167990126496048;-0.028690880878333325;0.019580853880728076;0.03167990126496048;0.028690880878333325;1526;85;1588;826
D09M;2372;-0.019549672157591614;0.03161943204729384;-0.028654801502083327;0.019549672157591614;0.03161943204729384;0.028654801502083327;1528;89;1589;827
D09M;2373;-0.019514424123031966;0.03155617050110765;-0.02861220395333333;0.019514424123031966;0.03155617050110765;0.02861220395333333;1529;91;1591;828
D09M;2374;-0.0194737379111381;0.03151367211618395;-0.02855226029166663;0.0194737379111381;0.03151367211618395;0.02855226029166663;1531;94;1592;829
D09M;2375;-0.019431267311365227;0.03153423607683613;-0.02848467048291667;0.019431267311365227;0.03153423607683613;0.02848467048291667;1532;93;1593;830
D09M;2376;-0.019401193683943142;0.0315378247090026;-0.028441497127916715;0.019401193683943142;0.0315378247090026;0.028441497127916715;1534;92;1594;831
D09M;2377;-0.019370007902475186;0.031510684589102285;-0.028392785528749992;0.019370007902475186;0.031510684589102285;0.028392785528749992;1535;95;1596;832
D09M;2378;-0.019338756108984684;0.03148906757891872;-0.02834058403416667;0.019338756108984684;0.03148906757891872;0.02834058403416667;1536;96;1598;833
D09M;2379;-0.01930001107300819;0.031446737163974996;-0.028290179607916688;0.01930001107300819;0.031446737163974996;0.028290179607916688;1538;98;1599;834
D09M;2380;-0.019267665464048365;0.03134011597205831;-0.028246589712916687;0.019267665464048365;0.03134011597205831;0.028246589712916687;1540;100;1601;835
D09M;2381;-0.019223162437753794;0.03129500284728294;-0.028188379652083373;0.019223162437753794;0.03129500284728294;0.028188379652083373;1541;102;1605;836
D09M;2382;-0.019163957683826414;0.03128199068233366;-0.02812389630249998;0.019163957683826414;0.03128199068233366;0.02812389630249998;1544;103;1607;837
D09M;2383;-0.0191156636087133;0.031261142296854505;-0.028056772430416682;0.0191156636087133;0.031261142296854505;0.028056772430416682;1545;106;1608;838
D09M;2384;-0.01906358263980397;0.03127659024869048;-0.027984836219583337;0.01906358263980397;0.03127659024869048;0.027984836219583337;1549;104;1610;839
D09M;2385;-0.019015602082491572;0.031239173524808636;-0.027919700698749966;0.019015602082491572;0.031239173524808636;0.027919700698749966;1550;107;1611;840
D09M;2386;-0.018971551995068614;0.031165146552436466;-0.027852576820833336;0.018971551995068614;0.031165146552436466;0.027852576820833336;1552;109;1612;841
D09M;2387;-0.01893207610920405;0.031115838307798533;-0.027787162500416684;0.01893207610920405;0.031115838307798533;0.027787162500416684;1553;111;1615;842
D09M;2388;-0.018877719191986192;0.03111075723760076;-0.027718884197499988;0.018877719191986192;0.03111075723760076;0.027718884197499988;1555;112;1616;843
D09M;2389;-0.0188282953822354;0.031061575264152347;-0.02763502314625002;0.0188282953822354;0.031061575264152347;0.02763502314625002;1556;113;1617;844
D09M;2390;-0.018773896987563325;0.031022076058849903;-0.02754494306666666;0.018773896987563325;0.031022076058849903;0.02754494306666666;1560;114;1620;845
D09M;2391;-0.018722399926057103;0.03102006677075539;-0.027479496565833345;0.018722399926057103;0.03102006677075539;0.027479496565833345;1561;115;1621;846
D09M;2392;-0.018686741922876428;0.030975720255306937;-0.027412637116666666;0.018686741922876428;0.030975720255306937;0.027412637116666666;1562;118;1624;847
D09M;2393;-0.01862734317089517;0.03093189398683018;-0.02730152053291665;0.01862734317089517;0.03093189398683018;0.02730152053291665;1564;126;1626;848
D09M;2394;-0.018581803667944905;0.03096805057500323;-0.027235752309166666;0.018581803667944905;0.03096805057500323;0.027235752309166666;1565;120;1628;849
D09M;2395;-0.01856102620848765;0.030992004382518125;-0.027183803472916657;0.01856102620848765;0.030992004382518125;0.027183803472916657;1566;117;1631;850
D09M;2396;-0.018520435772650497;0.030930052152489586;-0.027112019827499972;0.018520435772650497;0.030930052152489586;0.027112019827499972;1568;128;1634;851
D09M;2397;-0.01848547641792199;0.030894271846748065;-0.02707362154750001;0.01848547641792199;0.030894271846748065;0.02707362154750001;1571;135;1635;852
D09M;2398;-0.018440174752209108;0.03084030671376442;-0.026983872246250012;0.018440174752209108;0.03084030671376442;0.026983872246250012;1572;150;1636;853
D09M;2399;-0.01837143476156639;0.0307338165654928;-0.026878458574166653;0.01837143476156639;0.0307338165654928;0.026878458574166653;1575;165;1639;854
D09M;2400;-0.018320117407659868;0.030707533072597618;-0.02681232653333332;0.018320117407659868;0.030707533072597618;0.02681232653333332;1577;169;1640;855
D09M;2401;-0.018273586992306638;0.030691372069565223;-0.026736263230416696;0.018273586992306638;0.030691372069565223;0.026736263230416696;1579;174;1641;856
D09M;2402;-0.01821480265233994;0.0306600033786329;-0.026667624205000018;0.01821480265233994;0.0306600033786329;0.026667624205000018;1580;183;1643;857
D09M;2403;-0.018144865926429228;0.03066948640588855;-0.026586879600833335;0.018144865926429228;0.03066948640588855;0.026586879600833335;1582;180;1644;858
D09M;2404;-0.01807374831319391;0.030641237813780826;-0.026496185098333347;0.01807374831319391;0.030641237813780826;0.026496185098333347;1584;186;1646;859
D09M;2405;-0.018039794951959696;0.030585244362348118;-0.02644410965875002;0.018039794951959696;0.030585244362348118;0.02644410965875002;1586;191;1648;860
D09M;2406;-0.018007201160635065;0.030489023133789015;-0.026379007688333317;0.018007201160635065;0.030489023133789015;0.026379007688333317;1587;199;1649;861
D09M;2407;-0.017946349669067347;0.030362535792882756;-0.02628351978708332;0.017946349669067347;0.030362535792882756;0.02628351978708332;1589;209;1652;862
D09M;2408;-0.017892415220781784;0.030297682464333873;-0.02620621451750002;0.017892415220781784;0.030297682464333873;0.02620621451750002;1591;215;1656;863
D09M;2409;-0.017826996850927965;0.030236013069014498;-0.026124920846666677;0.017826996850927965;0.030236013069014498;0.026124920846666677;1593;223;1657;864
D09M;2410;-0.01776702556250258;0.030203124822352143;-0.02606395924999999;0.01776702556250258;0.030203124822352143;0.02606395924999999;1595;229;1658;865
D09M;2411;-0.017730425994710603;0.03023588106640419;-0.02600686632624999;0.017730425994710603;0.03023588106640419;0.02600686632624999;1597;224;1660;866
D09M;2412;-0.017669028272852494;0.030243645571993553;-0.025898634669583337;0.017669028272852494;0.030243645571993553;0.025898634669583337;1599;221;1662;867
D09M;2413;-0.017587487747944906;0.030217759961853444;-0.025772039792500007;0.017587487747944906;0.030217759961853444;0.025772039792500007;1600;226;1664;868
D09M;2414;-0.01751768708473635;0.030158588885996488;-0.025655005512499995;0.01751768708473635;0.030158588885996488;0.025655005512499995;1602;232;1667;869
D09M;2415;-0.017449574514505874;0.030078680024843624;-0.02556694534333334;0.017449574514505874;0.030078680024843624;0.02556694534333334;1605;237;1668;870
D09M;2416;-0.01737960956781658;0.030022104287544007;-0.02547175588166667;0.01737960956781658;0.030022104287544007;0.02547175588166667;1607;242;1673;871
D09M;2417;-0.017326491483544877;0.030007799433858163;-0.025385030353333338;0.017326491483544877;0.030007799433858163;0.025385030353333338;1608;247;1674;872
D09M;2418;-0.017272857527057404;0.030012428723528696;-0.02532146471791666;0.017272857527057404;0.030012428723528696;0.02532146471791666;1610;245;1678;873
D09M;2419;-0.017211986052452694;0.029932549330894336;-0.025233779769583325;0.017211986052452694;0.029932549330894336;0.025233779769583325;1612;253;1679;874
D09M;2420;-0.017158229011778364;0.029783915921288644;-0.025153119128749984;0.017158229011778364;0.029783915921288644;0.025153119128749984;1615;264;1682;875
D09M;2421;-0.01708899998322835;0.029666529797263662;-0.02504793007166667;0.01708899998322835;0.029666529797263662;0.02504793007166667;1617;272;1684;876
D09M;2422;-0.017017091608723;0.02953585820853629;-0.024924326045833334;0.017017091608723;0.02953585820853629;0.024924326045833334;1620;286;1686;877
D09M;2423;-0.016955772352181007;0.029492150905293626;-0.024837957428333335;0.016955772352181007;0.029492150905293626;0.024837957428333335;1623;290;1689;878
D09M;2424;-0.01689610844552852;0.029567114511659297;-0.024735623508750026;0.01689610844552852;0.029567114511659297;0.024735623508750026;1625;283;1690;879
D09M;2425;-0.016843660827311514;0.029590029036819822;-0.02463641057124999;0.016843660827311514;0.029590029036819822;0.02463641057124999;1626;279;1692;880
D09M;2426;-0.016777241884198345;0.02963449383717424;-0.02454602545375001;0.016777241884198345;0.02963449383717424;0.02454602545375001;1630;276;1695;881
D09M;2427;-0.016704207215644307;0.029653033773215768;-0.024408784646250015;0.016704207215644307;0.029653033773215768;0.024408784646250015;1631;274;1698;882
D09M;2428;-0.016640802559535144;0.029581829935293038;-0.024310306252499997;0.016640802559535144;0.029581829935293038;0.024310306252499997;1635;281;1702;883
D09M;2429;-0.016572784285245286;0.029492642788313015;-0.02425064034124999;0.016572784285245286;0.029492642788313015;0.02425064034124999;1637;289;1703;884
D09M;2430;-0.016505347923573492;0.029299239757421287;-0.024151330807916677;0.016505347923573492;0.029299239757421287;0.024151330807916677;1639;338;1705;885
D09M;2431;-0.016437973001880678;0.029125748270959907;-0.024051434396666682;0.016437973001880678;0.029125748270959907;0.024051434396666682;1641;380;1710;886
D09M;2432;-0.016359690240111142;0.02899707673357658;-0.02395299375958332;0.016359690240111142;0.02899707673357658;0.02395299375958332;1643;400;1712;887
D09M;2433;-0.016295485391745374;0.028852603547656234;-0.023844540886666654;0.016295485391745374;0.028852603547656234;0.023844540886666654;1646;419;1714;888
D09M;2434;-0.016241254707771505;0.028791857769199198;-0.023734292461666667;0.016241254707771505;0.028791857769199198;0.023734292461666667;1648;430;1717;889
D09M;2435;-0.016152708785292628;0.02866007257222546;-0.02360995067999999;0.016152708785292628;0.02866007257222546;0.02360995067999999;1650;450;1721;890
D09M;2436;-0.016062330701221737;0.02852198130243501;-0.023474589084166664;0.016062330701221737;0.02852198130243501;0.023474589084166664;1654;476;1724;891
D09M;2437;-0.015989640968029573;0.02846883280348019;-0.02334927912541665;0.015989640968029573;0.02846883280348019;0.02334927912541665;1655;489;1728;892
D09M;2438;-0.015885899717565932;0.02836334849723956;-0.023220756604583337;0.015885899717565932;0.02836334849723956;0.023220756604583337;1657;513;1730;893
D09M;2439;-0.01579397716245548;0.02825921383703756;-0.023100968087083326;0.01579397716245548;0.02825921383703756;0.023100968087083326;1660;525;1733;894
D09M;2440;-0.01571790284015072;0.02820719575363173;-0.023002835500416666;0.01571790284015072;0.02820719575363173;0.023002835500416666;1661;531;1734;895
D09M;2441;-0.015655117160997326;0.028074081719562282;-0.022907282408750007;0.015655117160997326;0.028074081719562282;0.022907282408750007;1664;551;1738;896
D09M;2442;-0.015551653332851583;0.0278564342044593;-0.022763166017500017;0.015551653332851583;0.0278564342044593;0.022763166017500017;1666;596;1740;897
D09M;2443;-0.015478573942518593;0.027759255182965528;-0.022669432609999998;0.015478573942518593;0.027759255182965528;0.022669432609999998;1668;613;1742;898
D09M;2444;-0.015430463286614255;0.02767673151554612;-0.022608057505000015;0.015430463286614255;0.02767673151554612;0.022608057505000015;1671;622;1746;899
D09M;2445;-0.01535000303220618;0.02763710353673002;-0.022485210585833346;0.01535000303220618;0.02763710353673002;0.022485210585833346;1674;633;1748;900
D09M;2446;-0.015278925395743942;0.02765754988108606;-0.02238102428291666;0.015278925395743942;0.02765754988108606;0.02238102428291666;1675;628;1750;901
D09M;2447;-0.015204188949448659;0.027554517560842665;-0.022252622097500008;0.015204188949448659;0.027554517560842665;0.022252622097500008;1677;650;1753;902
D09M;2448;-0.015101214393765373;0.02733631980237425;-0.022040102395833316;0.015101214393765373;0.02733631980237425;0.022040102395833316;1680;684;1756;903
D09M;2449;-0.015030306551711347;0.027177184441772553;-0.021903633908749984;0.015030306551711347;0.027177184441772553;0.021903633908749984;1682;716;1759;904
D09M;2450;-0.01496475771328677;0.027074906931731344;-0.021808442152083357;0.01496475771328677;0.027074906931731344;0.021808442152083357;1685;734;1763;905
D09M;2451;-0.014885668444775981;0.026935660517378186;-0.02168100880833332;0.014885668444775981;0.026935660517378186;0.02168100880833332;1689;768;1766;906
D09M;2452;-0.014836574197253791;0.026824030259806387;-0.021633705340000017;0.014836574197253791;0.026824030259806387;0.021633705340000017;1690;781;1769;907
D09M;2453;-0.01476200786896396;0.026767338332086974;-0.021540121787500005;0.01476200786896396;0.026767338332086974;0.021540121787500005;1692;789;1770;908
D09M;2454;-0.014661895057265997;0.026609705063260488;-0.02139368601083333;0.014661895057265997;0.026609705063260488;0.02139368601083333;1695;805;1774;909
D09M;2455;-0.014611594919826325;0.02636575936154795;-0.02134458565416668;0.014611594919826325;0.02636575936154795;0.02134458565416668;1696;820;1776;910
D09M;2456;-0.014549962425554383;0.026264466284786223;-0.02126079892249999;0.014549962425554383;0.026264466284786223;0.02126079892249999;1698;828;1778;911
D09M;2457;-0.014461134191913373;0.026205291967589434;-0.021176209988333333;0.014461134191913373;0.026205291967589434;0.021176209988333333;1701;831;1779;912
D09M;2458;-0.014390069082949803;0.02610787246591966;-0.02108170507166668;0.014390069082949803;0.02610787246591966;0.02108170507166668;1703;835;1783;913
D09M;2459;-0.01432187882731662;0.026095540796268843;-0.020926915836666657;0.01432187882731662;0.026095540796268843;0.020926915836666657;1704;838;1787;914
D09M;2460;-0.0142201440476591;0.025996765233271223;-0.020765661544999994;0.0142201440476591;0.025996765233271223;0.020765661544999994;1707;843;1791;915
D09M;2461;-0.014109818283132071;0.025807182066383272;-0.02055431598708335;0.014109818283132071;0.025807182066383272;0.02055431598708335;1709;855;1796;916
D09M;2462;-0.014028793484976652;0.02559713533539741;-0.020397126927500023;0.014028793484976652;0.02559713533539741;0.020397126927500023;1711;870;1800;917
D09M;2463;-0.013939338536571944;0.025439896251463458;-0.020283792969166672;0.013939338536571944;0.025439896251463458;0.020283792969166672;1714;881;1803;918
D09M;2464;-0.01386315160522929;0.025340813638570957;-0.020179162009583335;0.01386315160522929;0.025340813638570957;0.020179162009583335;1716;891;1807;919
D09M;2465;-0.013817791436292736;0.02515176148050752;-0.020106451892500016;0.013817791436292736;0.02515176148050752;0.020106451892500016;1721;911;1809;920
D09M;2466;-0.013772103256182942;0.024901675470180306;-0.020065762367083337;0.013772103256182942;0.024901675470180306;0.020065762367083337;1722;918;1810;921
D09M;2467;-0.013712699782892891;0.024684363359664882;-0.020030715078333344;0.013712699782892891;0.024684363359664882;0.020030715078333344;1723;924;1812;922
D09M;2468;-0.013596215162188261;0.024532227106754383;-0.01984484131958332;0.013596215162188261;0.024532227106754383;0.01984484131958332;1726;927;1816;923
D09M;2469;-0.013516068425158475;0.024452043264733082;-0.019735736409583343;0.013516068425158475;0.024452043264733082;0.019735736409583343;1728;932;1818;924
D09M;2470;-0.013449701874604232;0.024455510779361707;-0.01966346271083333;0.013449701874604232;0.024455510779361707;0.01966346271083333;1729;930;1823;925
D09M;2471;-0.013355981167589681;0.02438379186762109;-0.019495846280416687;0.013355981167589681;0.02438379186762109;0.019495846280416687;1732;935;1826;926
D09M;2472;-0.013318536181477193;0.024172148156242676;-0.019406224265000008;0.013318536181477193;0.024172148156242676;0.019406224265000008;1733;947;1829;927
D09M;2473;-0.013265720613228855;0.023974142041389375;-0.019308122597083338;0.013265720613228855;0.023974142041389375;0.019308122597083338;1736;960;1831;928
D09M;2474;-0.013208133724726484;0.02375513336817995;-0.01920008607083333;0.013208133724726484;0.02375513336817995;0.01920008607083333;1737;973;1834;929
D09M;2475;-0.013145945345724637;0.02362250005181437;-0.019088975850416676;0.013145945345724637;0.02362250005181437;0.019088975850416676;1739;979;1836;930
D09M;2476;-0.013025918640491773;0.02351323209349117;-0.0189316031025;0.013025918640491773;0.02351323209349117;0.0189316031025;1743;982;1841;931
D09M;2477;-0.012954413393141783;0.023413514994278534;-0.01885103478666668;0.012954413393141783;0.023413514994278534;0.01885103478666668;1747;997;1842;932
D09M;2478;-0.012895725964251986;0.023423164203028864;-0.01876005187708335;0.012895725964251986;0.023423164203028864;0.01876005187708335;1748;993;1845;933
D09M;2479;-0.012836096619139663;0.02332108915364629;-0.018659430314583336;0.012836096619139663;0.02332108915364629;0.018659430314583336;1750;1022;1847;934
D09M;2480;-0.012819778743505074;0.023163127360871418;-0.018615893452083324;0.012819778743505074;0.023163127360871418;0.018615893452083324;1752;1043;1849;935
D09M;2481;-0.012784992936630286;0.023009777684458714;-0.018574136876250008;0.012784992936630286;0.023009777684458714;0.018574136876250008;1754;1063;1850;936
D09M;2482;-0.012744140451077584;0.02278144332462825;-0.018527904996666664;0.012744140451077584;0.02278144332462825;0.018527904996666664;1756;1085;1852;937
D09M;2483;-0.012687763962166483;0.022535419533732757;-0.01847177906791668;0.012687763962166483;0.022535419533732757;0.01847177906791668;1759;1106;1854;938
D09M;2484;-0.012601642163161382;0.022402874072238763;-0.018394595560833324;0.012601642163161382;0.022402874072238763;0.018394595560833324;1763;1118;1855;939
D09M;2485;-0.012512078743042403;0.022356956845454683;-0.018284199917083327;0.012512078743042403;0.022356956845454683;0.018284199917083327;1766;1124;1859;940
D09M;2486;-0.012398301507800837;0.02218123045814263;-0.01812478788958334;0.012398301507800837;0.02218123045814263;0.01812478788958334;1769;1144;1861;941
D09M;2487;-0.012297112959159202;0.022090803169617514;-0.01799212876166667;0.012297112959159202;0.022090803169617514;0.01799212876166667;1775;1169;1866;942
D09M;2488;-0.01231542679299346;0.02196893449687639;-0.01801269896874999;0.01231542679299346;0.02196893449687639;0.01801269896874999;1774;1191;1865;943
D09M;2489;-0.012323614110989643;0.021779027259990782;-0.018019727495833332;0.012323614110989643;0.021779027259990782;0.018019727495833332;1772;1204;1864;944
D09M;2490;-0.012234743757847506;0.021759763116590596;-0.01786587926833333;0.012234743757847506;0.021759763116590596;0.01786587926833333;1777;1206;1868;945
D09M;2491;-0.01216051976401782;0.0215476031470052;-0.017717659989166662;0.01216051976401782;0.0215476031470052;0.017717659989166662;1780;1217;1871;946
D09M;2492;-0.012088562450081292;0.021329262227046075;-0.017654137005416667;0.012088562450081292;0.021329262227046075;0.017654137005416667;1784;1228;1873;947
D09M;2493;-0.012013160463292488;0.02128719320837541;-0.017540783244583344;0.012013160463292488;0.02128719320837541;0.017540783244583344;1789;1230;1877;948
D09M;2494;-0.01199337943513455;0.021135922217281694;-0.01749797103791667;0.01199337943513455;0.021135922217281694;0.01749797103791667;1791;1246;1879;949
D09M;2495;-0.011977406044877669;0.02117606548008341;-0.017523035547083343;0.011977406044877669;0.02117606548008341;0.017523035547083343;1792;1240;1878;950
D09M;2496;-0.011905618792466786;0.021247171763444924;-0.017318653647500015;0.011905618792466786;0.021247171763444924;0.017318653647500015;1794;1234;1882;951
D09M;2497;-0.01182276093181881;0.021093487676340898;-0.017171438099166658;0.01182276093181881;0.021093487676340898;0.017171438099166658;1797;1249;1884;952
D09M;2498;-0.01176148843727527;0.020946250092545738;-0.01713224875416665;0.01176148843727527;0.020946250092545738;0.01713224875416665;1798;1253;1886;953
D09M;2499;-0.011688616321182467;0.02076922368242384;-0.016930238043333323;0.011688616321182467;0.02076922368242384;0.016930238043333323;1801;1259;1891;954
D09M;2500;-0.011650771285353585;0.02081558582311452;-0.01695305203375;0.011650771285353585;0.02081558582311452;0.01695305203375;1802;1258;1889;955
