seed;fold;banda_nm;vip
42;1;405;1.4089875756695016
42;1;415;1.3534163434084263
42;1;425;1.3031602281757382
42;1;435;1.2483382273473682
42;1;445;1.19779066085494
42;1;455;1.1454533183418945
42;1;465;1.0990772457416986
42;1;475;1.0557467658219215
42;1;485;1.010205166432279
42;1;495;0.9663886797412204
42;1;505;0.9095637565410443
42;1;515;0.8370489434934573
42;1;525;0.8044362202273413
42;1;535;0.8118385342857974
42;1;545;0.8517507596286106
42;1;555;0.8973967142217906
42;1;565;0.8980325104939776
42;1;575;0.8720364237986022
42;1;585;0.8608660902568428
42;1;595;0.8542059337180319
42;1;605;0.8429098792821469
42;1;615;0.8295233606801261
42;1;625;0.8248367345675915
42;1;635;0.824093551499639
42;1;645;0.8143524168067765
42;1;655;0.8145767047841391
42;1;665;0.8213572541139048
42;1;675;0.8349296620877636
42;1;685;0.8500830067027427
42;1;695;0.8285089253444425
42;1;703;1.224746478415871
42;1;712;1.476855455148029
42;1;722;1.2768370819514088
42;1;731;0.7690598146258874
42;1;741;0.8098989437590043
42;1;751;0.9532528514852815
42;1;761;0.954079470347613
42;1;771;0.9251267791764889
42;1;781;0.9009137552961862
42;1;791;0.8894256380037464
42;1;801;0.8815904718567138
42;1;811;0.872838999342143
42;1;821;0.8602736573768432
42;1;831;0.8447810208303272
42;1;841;0.8285820845754119
42;1;851;0.8208948569724202
42;1;861;0.8211620158668689
42;1;871;0.8256063522786105
42;1;881;0.8315625607434642
42;1;891;0.8360424791006932
42;1;901;0.8410807287337974
42;1;911;0.8448607090568858
42;1;921;0.8498271348778645
42;1;931;0.8502563150811522
42;1;941;0.8544264581882238
42;1;951;0.8527774187249747
42;1;961;0.8516892403922979
42;1;971;0.8549875831302967
42;1;981;0.8569552154699019
42;1;991;0.8685190467656131
42;1;1001;0.8776280980469671
42;1;1011;0.8807337055041524
42;1;1021;0.8731150485005517
42;1;1031;0.8625183636261498
42;1;1041;0.8568761935306038
42;1;1051;0.8547802309217342
42;1;1061;0.843859461806382
42;1;1071;0.8386224033617474
42;1;1081;0.8326226874626144
42;1;1091;0.8238358469804622
42;1;1101;0.8183394136800974
42;1;1111;0.814793305248883
42;1;1121;0.815739788762452
42;1;1131;0.8149719847073008
42;1;1141;0.8142441974998516
42;1;1151;0.8261578939411177
42;1;1161;0.8328112516542786
42;1;1171;0.8254523963586022
42;1;1181;0.8222196105645524
42;1;1191;0.8205858301383459
42;1;1201;0.8205385054039781
42;1;1211;0.8189173662139294
42;1;1221;0.8169620168220116
42;1;1231;0.8158735784552643
42;1;1241;0.8155279611899426
42;1;1251;0.8159680416157737
42;1;1261;0.8157063749034593
42;1;1271;0.8166797093995241
42;1;1281;0.8177852916395137
42;1;1291;0.8221635829429388
42;1;1301;0.831256538024666
42;1;1311;0.8495504508218231
42;1;1321;0.8882463479127358
42;1;1331;1.0013969281498716
42;1;1341;1.2950357046014713
42;1;1350;1.7715384714102445
42;1;1360;2.0108788762570917
42;1;1370;1.8368891554825266
42;1;1380;1.3959443618316671
42;1;1390;1.072412179371554
42;1;1400;0.9428481120433018
42;1;1410;0.8847547859028382
42;1;1420;0.8304285910421316
42;1;1430;0.808856276209094
42;1;1440;0.8358037160016862
42;1;1450;0.8780579261284689
42;1;1460;0.9117222653401214
42;1;1470;0.9388369262321996
42;1;1480;0.9600431611876826
42;1;1490;0.9736532561974643
42;1;1500;0.9817751470524164
42;1;1510;0.9829248592946077
42;1;1520;0.9780699665667861
42;1;1530;0.961788268440107
42;1;1540;0.9423077225093044
42;1;1550;0.921892711724875
42;1;1560;0.8949110853038537
42;1;1570;0.8566775088780111
42;1;1580;0.8190968476163539
42;1;1590;0.7811234850616927
42;1;1600;0.7395973115382349
42;1;1610;0.6990414606581312
42;1;1620;0.6634884712646113
42;1;1630;0.6268193899735838
42;1;1640;0.5968391790385909
42;1;1650;0.5832365679981971
42;1;1660;0.5911041319308238
42;1;1670;0.6327894015016399
42;1;1680;0.7107357111004173
42;1;1690;0.8350193029331885
42;1;1700;0.983720758666008
42;1;1710;1.1101470677253256
42;1;1720;1.1958276433572494
42;1;1730;1.1647606017970775
42;1;1740;1.0892211095793576
42;1;1750;1.0616963136344684
42;1;1760;1.0358721323956472
42;1;1770;1.003888970883035
42;1;1780;1.0050484644487305
42;1;1790;1.0277854806247273
42;1;1800;1.0695798807467654
42;1;1810;1.0867034434933365
42;1;1820;1.1058375923891308
42;1;1830;1.1018341684015278
42;1;1840;1.0732528311837983
42;1;1850;1.0371422383691968
42;1;1860;0.9679574650119164
42;1;1870;0.8761199666447234
42;1;1880;0.8088529877053723
42;1;1890;0.8774385179211502
42;1;1900;1.3334254735902424
42;1;1910;1.8312758559601605
42;1;1920;2.0375919728375216
42;1;1930;2.06559005690303
42;1;1940;1.9832455402002704
42;1;1950;1.8417502527711085
42;1;1960;1.6900161746501874
42;1;1970;1.5518246112992895
42;1;1980;1.4374599075898207
42;1;1990;1.3424899498357736
42;1;2000;1.2646187733128247
42;1;2010;1.2012057176839885
42;1;2020;1.1469085205188527
42;1;2030;1.099308949938666
42;1;2040;1.0558771459302478
42;1;2050;1.0184013467708606
42;1;2060;0.9723507416866055
42;1;2070;0.9232461042164073
42;1;2080;0.8791252766685206
42;1;2090;0.8421590114313613
42;1;2100;0.8182822213407186
42;1;2110;0.8052545782505327
42;1;2120;0.8031157072428782
42;1;2130;0.8103749393947519
42;1;2140;0.8229374156805482
42;1;2150;0.8346601882457226
42;1;2160;0.8486903277968532
42;1;2170;0.8608710868691293
42;1;2180;0.8780556860809354
42;1;2190;0.9024862613732484
42;1;2200;0.9222811453324491
42;1;2210;0.9352840894890201
42;1;2220;0.9510964882349799
42;1;2230;0.9676352422625624
42;1;2240;0.9858742914882366
42;1;2250;1.0017279242229158
42;1;2260;1.0073669068918913
42;1;2270;0.9949691990792504
42;1;2280;0.9561981659643837
42;1;2290;0.9347941166156088
42;1;2300;0.932075976939138
42;1;2310;0.9075603807925753
42;1;2320;0.8631946194772242
42;1;2330;0.8409679001226845
42;1;2340;0.8264218527191256
42;1;2350;0.8168778602493105
42;1;2360;0.8107981026272156
42;1;2370;0.8141424060414103
42;1;2380;0.8245530720823777
42;1;2390;0.8409031918496949
42;1;2400;0.8689470799089292
42;1;2410;0.9051070642087528
42;1;2420;0.953933045916139
42;1;2430;1.0190861733979397
42;1;2440;1.0867232431655354
42;1;2448;1.1694591305827724
42;2;405;1.43618736017583
42;2;415;1.3942008031035853
42;2;425;1.33949862372517
42;2;435;1.2874399676216468
42;2;445;1.238385280902396
42;2;455;1.185114444091988
42;2;465;1.1374221038454315
42;2;475;1.0935035791495011
42;2;485;1.0491159062086584
42;2;495;0.999646959363927
42;2;505;0.9326896765246131
42;2;515;0.8433995809611728
42;2;525;0.8049871655180116
42;2;535;0.8089530529989161
42;2;545;0.8364862411889056
42;2;555;0.8669199473085476
42;2;565;0.8699690483781514
42;2;575;0.8550023167106352
42;2;585;0.849284007106536
42;2;595;0.8448681361663197
42;2;605;0.8376073694295262
42;2;615;0.8279289277688857
42;2;625;0.8245374709764195
42;2;635;0.8239308596636779
42;2;645;0.8177244766901229
42;2;655;0.8211226585627716
42;2;665;0.8311855137820072
42;2;675;0.8491511238090189
42;2;685;0.8679857300660234
42;2;695;0.8263919704059812
42;2;703;1.1087084026966347
42;2;712;1.3379385084065047
42;2;722;1.1760601619018385
42;2;731;0.7866420131875337
42;2;741;0.7982284444333343
42;2;751;0.9533963086535783
42;2;761;0.970775570226413
42;2;771;0.944040943409212
42;2;781;0.917286976983254
42;2;791;0.904352659538738
42;2;801;0.8953152180060955
42;2;811;0.8849587974981091
42;2;821;0.8711556662785662
42;2;831;0.853456401524728
42;2;841;0.8361058860234736
42;2;851;0.8259449672054403
42;2;861;0.8236072915544552
42;2;871;0.8252437991076733
42;2;881;0.8287939991547723
42;2;891;0.8320601022474617
42;2;901;0.8354637337825914
42;2;911;0.83846654229379
42;2;921;0.8423372626469109
42;2;931;0.8425105987405037
42;2;941;0.8474499108122484
42;2;951;0.8453889613964104
42;2;961;0.8467142825640568
42;2;971;0.8509624853832358
42;2;981;0.8535560815126922
42;2;991;0.8639193100673932
42;2;1001;0.8740367594001887
42;2;1011;0.8757124794707105
42;2;1021;0.869891549796781
42;2;1031;0.8593888080719503
42;2;1041;0.8575455946552317
42;2;1051;0.8543160110596025
42;2;1061;0.8491712288471922
42;2;1071;0.8445939751698174
42;2;1081;0.8444589319901346
42;2;1091;0.8380068004130768
42;2;1101;0.8325389301471965
42;2;1111;0.826257410308557
42;2;1121;0.8235769753958465
42;2;1131;0.8193983040312706
42;2;1141;0.8149189923645259
42;2;1151;0.8255326607837974
42;2;1161;0.834079698507636
42;2;1171;0.8295683488252759
42;2;1181;0.8268246678456882
42;2;1191;0.8275407549097383
42;2;1201;0.8279110054335638
42;2;1211;0.8251430780403941
42;2;1221;0.8212003799903427
42;2;1231;0.8166764552554105
42;2;1241;0.8161265222134196
42;2;1251;0.8149771237875101
42;2;1261;0.8136728887560977
42;2;1271;0.8132347186852332
42;2;1281;0.8127900982666951
42;2;1291;0.8134257076077813
42;2;1301;0.8177776139910347
42;2;1311;0.8274587314017049
42;2;1321;0.8497168225781621
42;2;1331;0.942008734192043
42;2;1341;1.2383533230718644
42;2;1350;1.747329294069422
42;2;1360;1.9558362186380602
42;2;1370;1.738434148649262
42;2;1380;1.3205423464468216
42;2;1390;1.019236694322141
42;2;1400;0.9059199327262851
42;2;1410;0.8604901591885803
42;2;1420;0.8223835273188387
42;2;1430;0.8147118891764983
42;2;1440;0.8478215445351902
42;2;1450;0.8916218363440668
42;2;1460;0.9250294662615289
42;2;1470;0.9500837617637582
42;2;1480;0.9683501121375957
42;2;1490;0.9793857964827142
42;2;1500;0.982965467459189
42;2;1510;0.9796050922115347
42;2;1520;0.9705372644223849
42;2;1530;0.9495685919477971
42;2;1540;0.9233008082679259
42;2;1550;0.8965544721306139
42;2;1560;0.8665910652414818
42;2;1570;0.8329023944153237
42;2;1580;0.8027838998201834
42;2;1590;0.7744063795051848
42;2;1600;0.7447713590633396
42;2;1610;0.7146405529139601
42;2;1620;0.6890048335568101
42;2;1630;0.6643188961434682
42;2;1640;0.643347359812368
42;2;1650;0.6311161770453797
42;2;1660;0.6353246287686879
42;2;1670;0.6649636833065761
42;2;1680;0.7295698538446389
42;2;1690;0.8463530607715166
42;2;1700;0.9943992745360302
42;2;1710;1.1100075697872647
42;2;1720;1.169679731230068
42;2;1730;1.135423615362994
42;2;1740;1.066863250875745
42;2;1750;1.0408156230691092
42;2;1760;1.0125536572366565
42;2;1770;0.9816782912567626
42;2;1780;0.9845133963395248
42;2;1790;0.9999449464543801
42;2;1800;1.0296927527873427
42;2;1810;1.0520951229962097
42;2;1820;1.0740712991820915
42;2;1830;1.0811362410565288
42;2;1840;1.0555503829448303
42;2;1850;1.0089203219388796
42;2;1860;0.9354638129948584
42;2;1870;0.8518007248792518
42;2;1880;0.8107298447441734
42;2;1890;0.9353371061057049
42;2;1900;1.3952734083262546
42;2;1910;1.844580817270476
42;2;1920;2.033104295662732
42;2;1930;2.0599368561766203
42;2;1940;1.9847130468926715
42;2;1950;1.8591936057274054
42;2;1960;1.7197451463740006
42;2;1970;1.5902574090087678
42;2;1980;1.4831604827261073
42;2;1990;1.391815959956559
42;2;2000;1.3144112493322746
42;2;2010;1.248866457089717
42;2;2020;1.1897588788610471
42;2;2030;1.1355944777463514
42;2;2040;1.085023521184817
42;2;2050;1.0378997480379444
42;2;2060;0.9831451185439465
42;2;2070;0.9257025473874226
42;2;2080;0.8773822386960097
42;2;2090;0.8399029671343204
42;2;2100;0.8184671838063251
42;2;2110;0.8101200971244477
42;2;2120;0.8130135373840046
42;2;2130;0.8240040792823963
42;2;2140;0.8390453670674275
42;2;2150;0.8511335374754931
42;2;2160;0.8641047531030045
42;2;2170;0.8722706799916969
42;2;2180;0.8870762110493312
42;2;2190;0.907790316447175
42;2;2200;0.926617642316243
42;2;2210;0.934826106987459
42;2;2220;0.9476804686995115
42;2;2230;0.9626498879218653
42;2;2240;0.9843098410450606
42;2;2250;1.007542648317793
42;2;2260;1.0220906880793599
42;2;2270;1.0176669672252583
42;2;2280;0.9866648818102807
42;2;2290;0.9663954731239522
42;2;2300;0.9554235346085153
42;2;2310;0.9325602279870342
42;2;2320;0.881995747879833
42;2;2330;0.8529263762304986
42;2;2340;0.833068244660819
42;2;2350;0.8217331764171052
42;2;2360;0.8155187730447012
42;2;2370;0.8206685587548992
42;2;2380;0.8344449965889719
42;2;2390;0.8547517558286643
42;2;2400;0.8839961211780172
42;2;2410;0.916402628111657
42;2;2420;0.9552929688122201
42;2;2430;1.0138257258668988
42;2;2440;1.0837799712378586
42;2;2448;1.13714416132661
42;3;405;1.4168738883504937
42;3;415;1.3684856537641505
42;3;425;1.319985371161854
42;3;435;1.2715729950057368
42;3;445;1.227658595668193
42;3;455;1.1785920556492198
42;3;465;1.139689515191147
42;3;475;1.0994545243132499
42;3;485;1.055903501229671
42;3;495;1.0108121965950647
42;3;505;0.9440707221131143
42;3;515;0.8493468082115228
42;3;525;0.8252463461633514
42;3;535;0.8615633688952096
42;3;545;0.910304659719951
42;3;555;0.9512384946357343
42;3;565;0.9343577043126606
42;3;575;0.8893003397518426
42;3;585;0.8687051875974843
42;3;595;0.8590998525915334
42;3;605;0.8478687536827401
42;3;615;0.8355822508160428
42;3;625;0.8318440298330192
42;3;635;0.8310299401991061
42;3;645;0.829236520641453
42;3;655;0.8376543426320157
42;3;665;0.8527064320058011
42;3;675;0.8735315388749325
42;3;685;0.8913579522158618
42;3;695;0.8373355728434457
42;3;703;1.2314255674748396
42;3;712;1.532258528427375
42;3;722;1.3622204026393765
42;3;731;0.8936926847716992
42;3;741;0.7979132404456645
42;3;751;0.9436073353637868
42;3;761;0.963942653965783
42;3;771;0.9415427260690142
42;3;781;0.9174329817584035
42;3;791;0.9068914781868584
42;3;801;0.8991999860511369
42;3;811;0.8903745136595678
42;3;821;0.8777489476605265
42;3;831;0.8612822640861112
42;3;841;0.8442769853645139
42;3;851;0.834125569355117
42;3;861;0.8310831741342761
42;3;871;0.8319520663697121
42;3;881;0.8344537189119975
42;3;891;0.8365501466894479
42;3;901;0.8389783566148981
42;3;911;0.840672444471218
42;3;921;0.8427589524743413
42;3;931;0.8424314739457527
42;3;941;0.8447014311455464
42;3;951;0.8435667285333436
42;3;961;0.8437242560213145
42;3;971;0.8453274500294442
42;3;981;0.844505636310711
42;3;991;0.8502585852516181
42;3;1001;0.8583161090026727
42;3;1011;0.8578674834733934
42;3;1021;0.853735570941925
42;3;1031;0.8476785544956387
42;3;1041;0.844644886566329
42;3;1051;0.842701938694121
42;3;1061;0.8362787916689834
42;3;1071;0.8330138077103852
42;3;1081;0.8316431438437246
42;3;1091;0.8253991333577521
42;3;1101;0.8229889411569344
42;3;1111;0.8212749047393404
42;3;1121;0.8224990202310871
42;3;1131;0.8229628589710007
42;3;1141;0.8270743552536073
42;3;1151;0.8421367647461184
42;3;1161;0.8489927066699581
42;3;1171;0.8429614094714615
42;3;1181;0.8389026478406381
42;3;1191;0.8371436229604121
42;3;1201;0.8393753540958424
42;3;1211;0.8386897634316317
42;3;1221;0.8380769922656595
42;3;1231;0.836494491474829
42;3;1241;0.8367166039382491
42;3;1251;0.8397056964212846
42;3;1261;0.8406964050353932
42;3;1271;0.8427540049751929
42;3;1281;0.8443516376523982
42;3;1291;0.8485481414902979
42;3;1301;0.8571170142136744
42;3;1311;0.8700338084719951
42;3;1321;0.9017637883603756
42;3;1331;1.0170484877812656
42;3;1341;1.331587823016843
42;3;1350;1.852307284957566
42;3;1360;1.9950078642476172
42;3;1370;1.6906783312758915
42;3;1380;1.2472902677309319
42;3;1390;0.9777401460849724
42;3;1400;0.8846669810173268
42;3;1410;0.8492592187994588
42;3;1420;0.8233962854431648
42;3;1430;0.8264431381303433
42;3;1440;0.8634064864796291
42;3;1450;0.9064925160525267
42;3;1460;0.9394941557299923
42;3;1470;0.9654385506236727
42;3;1480;0.9842341690429861
42;3;1490;0.9955320427188267
42;3;1500;1.0003862784375914
42;3;1510;0.9957100292173228
42;3;1520;0.9850938099551771
42;3;1530;0.9624501437616545
42;3;1540;0.9354946549814719
42;3;1550;0.9061465170458202
42;3;1560;0.8744034750499513
42;3;1570;0.8370265102873945
42;3;1580;0.8044608578501595
42;3;1590;0.7770445173197038
42;3;1600;0.7526730328788063
42;3;1610;0.7324933620679027
42;3;1620;0.7176979880039437
42;3;1630;0.7120993001956318
42;3;1640;0.7140706841343758
42;3;1650;0.7326345717195425
42;3;1660;0.765330534069933
42;3;1670;0.8121101805051056
42;3;1680;0.8929030967758056
42;3;1690;1.0031261846269444
42;3;1700;1.1169688332931764
42;3;1710;1.1988219234114401
42;3;1720;1.236417008925592
42;3;1730;1.1896523124045797
42;3;1740;1.1050212250431881
42;3;1750;1.0592241265390534
42;3;1760;1.0179977504274205
42;3;1770;0.9806023544238217
42;3;1780;0.9749536786164148
42;3;1790;0.9892970123497112
42;3;1800;1.0190033549427466
42;3;1810;1.0335173310718937
42;3;1820;1.0439007358007935
42;3;1830;1.049062312913916
42;3;1840;1.028117078143819
42;3;1850;0.9894746624223758
42;3;1860;0.927099746854433
42;3;1870;0.8552086533343537
42;3;1880;0.8193545735612907
42;3;1890;0.8965141933844633
42;3;1900;1.257293269419661
42;3;1910;1.692865355886449
42;3;1920;1.9076230403156686
42;3;1930;1.9527600039147537
42;3;1940;1.8848838027498396
42;3;1950;1.7623561446426503
42;3;1960;1.6319041067000193
42;3;1970;1.5154935411619368
42;3;1980;1.4208612864212695
42;3;1990;1.3420358672073716
42;3;2000;1.2774364987834723
42;3;2010;1.2220614361494213
42;3;2020;1.1734865683028062
42;3;2030;1.1311059975171758
42;3;2040;1.091134445881674
42;3;2050;1.054762077220217
42;3;2060;1.009586438380468
42;3;2070;0.9581950563968571
42;3;2080;0.9110795379763552
42;3;2090;0.8713998914026033
42;3;2100;0.8430149779824216
42;3;2110;0.8249802713060362
42;3;2120;0.8164194339873218
42;3;2130;0.816137525655635
42;3;2140;0.821232265848417
42;3;2150;0.8278596966225239
42;3;2160;0.8366073134970065
42;3;2170;0.8454861820833367
42;3;2180;0.8583588622268922
42;3;2190;0.8773012021706339
42;3;2200;0.8934778699558835
42;3;2210;0.9055939748646901
42;3;2220;0.9190622966718118
42;3;2230;0.9314081399800472
42;3;2240;0.9453194621876674
42;3;2250;0.9601492287701285
42;3;2260;0.9654114397561864
42;3;2270;0.95693747355534
42;3;2280;0.9293775987295281
42;3;2290;0.9153803418695641
42;3;2300;0.9087293881283909
42;3;2310;0.8909825468082553
42;3;2320;0.8606088845922938
42;3;2330;0.8439959362337431
42;3;2340;0.8332602691334169
42;3;2350;0.8277842700052624
42;3;2360;0.8243378249416835
42;3;2370;0.8267253971066645
42;3;2380;0.8332361566948316
42;3;2390;0.8432384995790455
42;3;2400;0.8607150537166403
42;3;2410;0.880067128442515
42;3;2420;0.9049040155205959
42;3;2430;0.941160300079853
42;3;2440;0.9941575212286818
42;3;2448;1.032625697952688
42;4;405;1.4234076069637598
42;4;415;1.3829215895910099
42;4;425;1.3382878667282991
42;4;435;1.283113952236553
42;4;445;1.240128767795295
42;4;455;1.190413379029119
42;4;465;1.1483719062951525
42;4;475;1.1059813521725546
42;4;485;1.0617371068462977
42;4;495;1.0146242842130873
42;4;505;0.945076620793178
42;4;515;0.8453499483556242
42;4;525;0.8118998344404735
42;4;535;0.8364159313675286
42;4;545;0.8799462579386966
42;4;555;0.9179833558467553
42;4;565;0.9061479506351595
42;4;575;0.870190436750949
42;4;585;0.8550482928112696
42;4;595;0.8472478615553374
42;4;605;0.8376430202460032
42;4;615;0.8270046741658615
42;4;625;0.8236390454742241
42;4;635;0.8230113557724176
42;4;645;0.8194461363142158
42;4;655;0.8255858583628088
42;4;665;0.837833320433129
42;4;675;0.8571319915187006
42;4;685;0.8765100607702285
42;4;695;0.8317914286307881
42;4;703;1.2367851369408256
42;4;712;1.4908208328768895
42;4;722;1.319958463050929
42;4;731;0.8479142385389269
42;4;741;0.7896193191076399
42;4;751;0.9633959335258172
42;4;761;0.9828051687793586
42;4;771;0.9535601306054223
42;4;781;0.924238024659406
42;4;791;0.911416985652108
42;4;801;0.9015747201570286
42;4;811;0.8907765880924
42;4;821;0.8766326844335564
42;4;831;0.8572529688268681
42;4;841;0.8383754603691914
42;4;851;0.8266954565735494
42;4;861;0.8230948372914008
42;4;871;0.8238607759137466
42;4;881;0.8263576534786592
42;4;891;0.829072846825336
42;4;901;0.8319653257503873
42;4;911;0.8343036580638908
42;4;921;0.836956982499355
42;4;931;0.8373203582666956
42;4;941;0.8411934148335336
42;4;951;0.8401709399224392
42;4;961;0.8412587833211796
42;4;971;0.8437433924050437
42;4;981;0.8447935007074051
42;4;991;0.8524754235637163
42;4;1001;0.8607523354170885
42;4;1011;0.8637775306385587
42;4;1021;0.857761390124698
42;4;1031;0.8512214728332923
42;4;1041;0.8445851393351312
42;4;1051;0.84286797373303
42;4;1061;0.8374556168956544
42;4;1071;0.8344475778040057
42;4;1081;0.8337006236529525
42;4;1091;0.8283198913022354
42;4;1101;0.8236162869711225
42;4;1111;0.8194075742836967
42;4;1121;0.81868177053712
42;4;1131;0.8166011066845925
42;4;1141;0.8159434216668832
42;4;1151;0.8271732190593644
42;4;1161;0.8362397901978957
42;4;1171;0.8324353104178251
42;4;1181;0.8306847787763152
42;4;1191;0.8308922580499117
42;4;1201;0.8319162012732433
42;4;1211;0.831096782386228
42;4;1221;0.826693209790637
42;4;1231;0.8231487003476201
42;4;1241;0.8217453846953214
42;4;1251;0.8225754774866323
42;4;1261;0.8203262838396668
42;4;1271;0.8199764418854963
42;4;1281;0.819809731795799
42;4;1291;0.8223375599112953
42;4;1301;0.8240288471072188
42;4;1311;0.8311802819964635
42;4;1321;0.8485517403978887
42;4;1331;0.9276922695650706
42;4;1341;1.1753503690609646
42;4;1350;1.604678735390809
42;4;1360;1.8133811952164227
42;4;1370;1.6411378224841686
42;4;1380;1.2100283294345249
42;4;1390;0.9279478130781116
42;4;1400;0.8440216336332084
42;4;1410;0.8198237443262819
42;4;1420;0.8075365979102201
42;4;1430;0.8254571522752564
42;4;1440;0.8744882711366505
42;4;1450;0.9257761453509995
42;4;1460;0.9629586142003633
42;4;1470;0.9891534195804221
42;4;1480;1.0069858332234243
42;4;1490;1.017949957482948
42;4;1500;1.0206138590331282
42;4;1510;1.013529235755536
42;4;1520;0.9996563525002468
42;4;1530;0.9728614649430359
42;4;1540;0.9381224460813146
42;4;1550;0.9019518188452506
42;4;1560;0.8626495192617469
42;4;1570;0.8199156033563647
42;4;1580;0.7822155763041709
42;4;1590;0.7521468889468438
42;4;1600;0.7213953517085463
42;4;1610;0.6916163588136267
42;4;1620;0.6651223622742509
42;4;1630;0.6429504091812702
42;4;1640;0.6276279729438097
42;4;1650;0.6270747360844277
42;4;1660;0.6499902961152811
42;4;1670;0.6999429113945045
42;4;1680;0.7957971145117121
42;4;1690;0.9553564906959542
42;4;1700;1.1250043813346768
42;4;1710;1.2456597570406147
42;4;1720;1.29285939104035
42;4;1730;1.2418743196735889
42;4;1740;1.1463236303861322
42;4;1750;1.098448610781107
42;4;1760;1.0474148593074941
42;4;1770;0.995717029004039
42;4;1780;0.9928578487254155
42;4;1790;1.0025669598844469
42;4;1800;1.0243828351949038
42;4;1810;1.041831761917153
42;4;1820;1.0596984551534516
42;4;1830;1.0866691725748385
42;4;1840;1.0764738477633042
42;4;1850;1.009708362768391
42;4;1860;0.9212488779185526
42;4;1870;0.8333947140576163
42;4;1880;0.8129300621522828
42;4;1890;0.9577666678894152
42;4;1900;1.3743803565531536
42;4;1910;1.7681805185855268
42;4;1920;1.9358945228194462
42;4;1930;1.9627075416715658
42;4;1940;1.903340253303373
42;4;1950;1.7958646562737446
42;4;1960;1.6771973493698278
42;4;1970;1.5666033410183362
42;4;1980;1.4734583451809988
42;4;1990;1.3942942531742555
42;4;2000;1.3258110604643671
42;4;2010;1.2648021294492047
42;4;2020;1.2088914085722369
42;4;2030;1.1542975309006547
42;4;2040;1.100732618239078
42;4;2050;1.0496441677806472
42;4;2060;0.9897995218304525
42;4;2070;0.9271284945066581
42;4;2080;0.8741267300816754
42;4;2090;0.8356634339268644
42;4;2100;0.8152919103619979
42;4;2110;0.8106809520728008
42;4;2120;0.8173584656621105
42;4;2130;0.8320878226928836
42;4;2140;0.8488804523015144
42;4;2150;0.8606496882726196
42;4;2160;0.8727484116212458
42;4;2170;0.8798668653234873
42;4;2180;0.8938584612272732
42;4;2190;0.9130253361852512
42;4;2200;0.9295268235013483
42;4;2210;0.9377354474736593
42;4;2220;0.9472910460884996
42;4;2230;0.960109652257056
42;4;2240;0.9797576137977757
42;4;2250;1.0045656008632624
42;4;2260;1.0280728173333118
42;4;2270;1.0348485765198991
42;4;2280;1.009417347710152
42;4;2290;0.9860823342347063
42;4;2300;0.9692936683969713
42;4;2310;0.9462970409200346
42;4;2320;0.8921817257941652
42;4;2330;0.8600247265230507
42;4;2340;0.8367910362610042
42;4;2350;0.822375987672251
42;4;2360;0.8151434221043385
42;4;2370;0.818867812288652
42;4;2380;0.8300162502037379
42;4;2390;0.8489937684680176
42;4;2400;0.875877746248291
42;4;2410;0.9019147838299694
42;4;2420;0.9306244089215506
42;4;2430;0.9786677089025436
42;4;2440;1.034003816881411
42;4;2448;1.0895049144984126
43;1;405;1.4747353049200902
43;1;415;1.4146913941536168
43;1;425;1.3571819390550102
43;1;435;1.2939899377125166
43;1;445;1.2386299364628401
43;1;455;1.1788852689993323
43;1;465;1.1273229461120513
43;1;475;1.0774049369637029
43;1;485;1.0263365364839803
43;1;495;0.9741243468092438
43;1;505;0.9033664283119857
43;1;515;0.8121581918686028
43;1;525;0.7876322146052362
43;1;535;0.8110496690855502
43;1;545;0.8545719202590439
43;1;555;0.896271759158725
43;1;565;0.8902139562914693
43;1;575;0.8569781781724339
43;1;585;0.8418641623216576
43;1;595;0.8338043986232357
43;1;605;0.821867218763744
43;1;615;0.8074661709377026
43;1;625;0.8021115546941106
43;1;635;0.8013722501666942
43;1;645;0.7902772105870628
43;1;655;0.7903503989945764
43;1;665;0.797649711314565
43;1;675;0.8134749574394987
43;1;685;0.8324031422214482
43;1;695;0.8110864329515826
43;1;703;1.2090438205564262
43;1;712;1.4869643448800596
43;1;722;1.2959026363612096
43;1;731;0.8060207410649821
43;1;741;0.7758825787294031
43;1;751;0.947435056431322
43;1;761;0.962514933486583
43;1;771;0.9300632276958486
43;1;781;0.8985099681704407
43;1;791;0.8838853393139293
43;1;801;0.8733542535922942
43;1;811;0.8614720705948706
43;1;821;0.8457071927265207
43;1;831;0.8256036086901833
43;1;841;0.8064398128875238
43;1;851;0.796499930219956
43;1;861;0.7956576081851707
43;1;871;0.7993822664956582
43;1;881;0.8046168747683984
43;1;891;0.8095422995311748
43;1;901;0.8147539464696101
43;1;911;0.8187512429167106
43;1;921;0.8235690981081076
43;1;931;0.8241710090256932
43;1;941;0.8307040587491095
43;1;951;0.8294173528690885
43;1;961;0.8318674098188978
43;1;971;0.8366337472914206
43;1;981;0.8400274870751254
43;1;991;0.8532910691398143
43;1;1001;0.8657048548303039
43;1;1011;0.8687874623757961
43;1;1021;0.8612354296530325
43;1;1031;0.8506499550636784
43;1;1041;0.8437413595652814
43;1;1051;0.8422886893964852
43;1;1061;0.8325333978315246
43;1;1071;0.8279437688498896
43;1;1081;0.8272009125620745
43;1;1091;0.8203157911869805
43;1;1101;0.8140317120139559
43;1;1111;0.8060025084306127
43;1;1121;0.8018825082981348
43;1;1131;0.7963685884515133
43;1;1141;0.7865300849491991
43;1;1151;0.7879588229854239
43;1;1161;0.7911483485715767
43;1;1171;0.7872012731173996
43;1;1181;0.7857078020761691
43;1;1191;0.7851787147267606
43;1;1201;0.7855436657803384
43;1;1211;0.78436723257264
43;1;1221;0.7824149320335939
43;1;1231;0.7803679524526924
43;1;1241;0.7801365799078654
43;1;1251;0.7808467865409865
43;1;1261;0.7800855797434386
43;1;1271;0.7801868446378958
43;1;1281;0.7799117683343487
43;1;1291;0.7809691681520593
43;1;1301;0.7839714024584907
43;1;1311;0.7900903807102913
43;1;1321;0.8059679977026641
43;1;1331;0.8880957218338215
43;1;1341;1.162951823712359
43;1;1350;1.712193770980787
43;1;1360;1.9904493371121348
43;1;1370;1.741625601731822
43;1;1380;1.2888916016365266
43;1;1390;0.9860550297646405
43;1;1400;0.8762313493048745
43;1;1410;0.8326909958651219
43;1;1420;0.7939129200290737
43;1;1430;0.7858724093377057
43;1;1440;0.8224458677228239
43;1;1450;0.8711923163288934
43;1;1460;0.9099098643295832
43;1;1470;0.9393606422989838
43;1;1480;0.9622300333553169
43;1;1490;0.9773646642993075
43;1;1500;0.9851235132020064
43;1;1510;0.9823453126845676
43;1;1520;0.9734201143692444
43;1;1530;0.9499832218696297
43;1;1540;0.9208821795300846
43;1;1550;0.8904838547175291
43;1;1560;0.8557056696960254
43;1;1570;0.8149272243816804
43;1;1580;0.7805210816493188
43;1;1590;0.7507321997565699
43;1;1600;0.7221220807738314
43;1;1610;0.6947820030564265
43;1;1620;0.6711691322499219
43;1;1630;0.6512642737175092
43;1;1640;0.6382852488692795
43;1;1650;0.6368690733966242
43;1;1660;0.6593291999679883
43;1;1670;0.7035886827131952
43;1;1680;0.7885458442158433
43;1;1690;0.9262273531208001
43;1;1700;1.0789781016390152
43;1;1710;1.1899531260137306
43;1;1720;1.2446101085450731
43;1;1730;1.1953528186466993
43;1;1740;1.1081194805919214
43;1;1750;1.0695546935418245
43;1;1760;1.0254029022891116
43;1;1770;0.9811594334816967
43;1;1780;0.9830186151283468
43;1;1790;0.9982009948785653
43;1;1800;1.0287675108230545
43;1;1810;1.0470797667998049
43;1;1820;1.06446388460786
43;1;1830;1.1066998627219755
43;1;1840;1.1230027392768618
43;1;1850;1.0608315187600834
43;1;1860;0.9659757983029368
43;1;1870;0.8518363070937433
43;1;1880;0.7836875231072271
43;1;1890;0.8970879987573498
43;1;1900;1.409199709790614
43;1;1910;1.9310303586619089
43;1;1920;2.1472044968692017
43;1;1930;2.173440363981816
43;1;1940;2.0830580390683866
43;1;1950;1.9340928268286275
43;1;1960;1.7713978586011936
43;1;1970;1.624821013822224
43;1;1980;1.5028901998630224
43;1;1990;1.4013909752304512
43;1;2000;1.3168624168139567
43;1;2010;1.2448137827750945
43;1;2020;1.1811863010832693
43;1;2030;1.1235193200853517
43;1;2040;1.0685018680160288
43;1;2050;1.018206515984924
43;1;2060;0.957800501931499
43;1;2070;0.8950410606053134
43;1;2080;0.8432937464427234
43;1;2090;0.8052937773081934
43;1;2100;0.7866764984531572
43;1;2110;0.783438214834692
43;1;2120;0.7922157456793163
43;1;2130;0.8100041012237498
43;1;2140;0.8301518696962076
43;1;2150;0.8445454882356881
43;1;2160;0.8609321106801233
43;1;2170;0.8718126107601755
43;1;2180;0.8897863416241413
43;1;2190;0.9134484964114343
43;1;2200;0.9326120439612897
43;1;2210;0.9442037612170213
43;1;2220;0.9577247496220482
43;1;2230;0.973896543547483
43;1;2240;0.992882192197947
43;1;2250;1.0172099067666436
43;1;2260;1.0340796090175128
43;1;2270;1.0313145105796973
43;1;2280;1.000117433485539
43;1;2290;0.9756667431658049
43;1;2300;0.960920016444618
43;1;2310;0.9330013878422657
43;1;2320;0.876745552539561
43;1;2330;0.840549921647544
43;1;2340;0.816452336939149
43;1;2350;0.8013819953603717
43;1;2360;0.7895015613013613
43;1;2370;0.7894084949366796
43;1;2380;0.7983281530954461
43;1;2390;0.8144215968870993
43;1;2400;0.8409579406979145
43;1;2410;0.8720597726645756
43;1;2420;0.9140790432331911
43;1;2430;0.9747456521225649
43;1;2440;1.050381403737891
43;1;2448;1.1161660317430477
43;2;405;1.4007301997303443
43;2;415;1.359360192660216
43;2;425;1.3187371694016508
43;2;435;1.2666372325555266
43;2;445;1.2251787871701476
43;2;455;1.179534896856117
43;2;465;1.140875797771928
43;2;475;1.1023346208419231
43;2;485;1.0627986065187889
43;2;495;1.0211086028409955
43;2;505;0.9624166171583808
43;2;515;0.8734415132290315
43;2;525;0.8255306483191951
43;2;535;0.8345508932449053
43;2;545;0.8708102536151954
43;2;555;0.9066807975593097
43;2;565;0.9005609634155614
43;2;575;0.8735232419079796
43;2;585;0.863626714518634
43;2;595;0.8583177089284754
43;2;605;0.8522019354274938
43;2;615;0.845975202275607
43;2;625;0.8443811269891851
43;2;635;0.8437814375864644
43;2;645;0.8447386055307576
43;2;655;0.8526411734450321
43;2;665;0.8651375536501669
43;2;675;0.8830234617905929
43;2;685;0.9000967846969703
43;2;695;0.844515738454024
43;2;703;1.206749108839393
43;2;712;1.4401465073944797
43;2;722;1.2701420282344922
43;2;731;0.81160247543821
43;2;741;0.8073388695266307
43;2;751;0.9798271550960516
43;2;761;0.9985733572058246
43;2;771;0.9731947736192369
43;2;781;0.9476065285266468
43;2;791;0.9356005404766491
43;2;801;0.9262241263343168
43;2;811;0.915648876960094
43;2;821;0.9021772056543007
43;2;831;0.883546064463368
43;2;841;0.8646337596273703
43;2;851;0.8519764859955887
43;2;861;0.846837240860399
43;2;871;0.8461998267619233
43;2;881;0.8475418359517387
43;2;891;0.8493880841629001
43;2;901;0.8516167421481631
43;2;911;0.8536130943079139
43;2;921;0.8559670579669554
43;2;931;0.8562843403091744
43;2;941;0.8600884051358574
43;2;951;0.8592944291460014
43;2;961;0.860423616220204
43;2;971;0.8627599479891511
43;2;981;0.8641211611932675
43;2;991;0.8708974528049982
43;2;1001;0.8770227577816222
43;2;1011;0.8800212883290588
43;2;1021;0.8715642476707761
43;2;1031;0.8674406444018579
43;2;1041;0.8622585035603205
43;2;1051;0.8596299323505783
43;2;1061;0.8565228866500811
43;2;1071;0.8527913747625757
43;2;1081;0.8534267322227314
43;2;1091;0.847675614380233
43;2;1101;0.8442383678735701
43;2;1111;0.8404842625430299
43;2;1121;0.840376137091706
43;2;1131;0.8392023219966044
43;2;1141;0.8409471474293293
43;2;1151;0.8545139198314268
43;2;1161;0.8641814295071462
43;2;1171;0.8611844686399929
43;2;1181;0.8590020835536439
43;2;1191;0.8596923037908404
43;2;1201;0.8615807733158423
43;2;1211;0.8606950901053804
43;2;1221;0.8566505755127769
43;2;1231;0.8527654554667895
43;2;1241;0.8516790041846758
43;2;1251;0.8520374321261082
43;2;1261;0.8506646045078345
43;2;1271;0.8498431792992354
43;2;1281;0.8498339881064679
43;2;1291;0.8516194725218624
43;2;1301;0.8519395568043332
43;2;1311;0.8551451733142981
43;2;1321;0.867137574530739
43;2;1331;0.9310356950088616
43;2;1341;1.1456734117278864
43;2;1350;1.5190182050848948
43;2;1360;1.7327653048816456
43;2;1370;1.625468394785195
43;2;1380;1.215839556054954
43;2;1390;0.9368611570037669
43;2;1400;0.8577603528329864
43;2;1410;0.837134934773997
43;2;1420;0.8290975266727284
43;2;1430;0.8476446685386005
43;2;1440;0.8918572424018113
43;2;1450;0.9374137500814638
43;2;1460;0.9701433241631134
43;2;1470;0.9935049374557086
43;2;1480;1.0091956124797283
43;2;1490;1.0188641058057606
43;2;1500;1.0210743224473553
43;2;1510;1.0149285586042764
43;2;1520;1.0028495414105905
43;2;1530;0.977588141929306
43;2;1540;0.9452734387783921
43;2;1550;0.9118479032265953
43;2;1560;0.874607131471295
43;2;1570;0.8322199699013693
43;2;1580;0.7933720614790399
43;2;1590;0.7601034493249299
43;2;1600;0.7269176791095823
43;2;1610;0.6945390859299606
43;2;1620;0.6641657398725689
43;2;1630;0.6411037948066766
43;2;1640;0.6273480306726291
43;2;1650;0.6281481574485321
43;2;1660;0.6555824156871105
43;2;1670;0.710876049266855
43;2;1680;0.8053763458275023
43;2;1690;0.9560442868286587
43;2;1700;1.1149364500795098
43;2;1710;1.2286312047100505
43;2;1720;1.2772824894093748
43;2;1730;1.2262825283582242
43;2;1740;1.1397676832313506
43;2;1750;1.0955149444011854
43;2;1760;1.0508100637989164
43;2;1770;1.003352273197003
43;2;1780;0.9960515877480106
43;2;1790;1.0075269213531097
43;2;1800;1.0251331697613681
43;2;1810;1.0441456933895952
43;2;1820;1.0582371460951105
43;2;1830;1.0745968289874128
43;2;1840;1.0447578756239506
43;2;1850;0.9879871368290628
43;2;1860;0.9113456190319457
43;2;1870;0.8433229862107117
43;2;1880;0.8367278746914641
43;2;1890;0.9760170031368863
43;2;1900;1.3648139066937972
43;2;1910;1.734997334534223
43;2;1920;1.8883682159963762
43;2;1930;1.9094538408026247
43;2;1940;1.8491558342077759
43;2;1950;1.7418959931202245
43;2;1960;1.6268933607069793
43;2;1970;1.5222114915112235
43;2;1980;1.434626553070229
43;2;1990;1.3602264302545433
43;2;2000;1.2984957296439568
43;2;2010;1.2434837068392002
43;2;2020;1.1934562016463688
43;2;2030;1.1454886264988218
43;2;2040;1.099727104148157
43;2;2050;1.055287452920248
43;2;2060;1.0037105895450071
43;2;2070;0.9491117317296228
43;2;2080;0.9016596994949315
43;2;2090;0.8648877282177322
43;2;2100;0.842224547452555
43;2;2110;0.8324351599614254
43;2;2120;0.8326421532937346
43;2;2130;0.8397842858591125
43;2;2140;0.8504494488324519
43;2;2150;0.8581397953606499
43;2;2160;0.8658771405255195
43;2;2170;0.8717471977528988
43;2;2180;0.8825098087921824
43;2;2190;0.896493173629839
43;2;2200;0.9102240029148474
43;2;2210;0.9161392539105615
43;2;2220;0.923940180581343
43;2;2230;0.9340731815254595
43;2;2240;0.9487609236419194
43;2;2250;0.9663917895320535
43;2;2260;0.9803676776385511
43;2;2270;0.9815485336411427
43;2;2280;0.9608115378790987
43;2;2290;0.9409127395730551
43;2;2300;0.929298300445482
43;2;2310;0.9100697455073513
43;2;2320;0.8743142229759673
43;2;2330;0.8549422950132287
43;2;2340;0.8420419982894786
43;2;2350;0.8364754774778421
43;2;2360;0.8384048624616997
43;2;2370;0.8478029828729151
43;2;2380;0.8634166865271532
43;2;2390;0.884388695722692
43;2;2400;0.9140557015952474
43;2;2410;0.9404742869814289
43;2;2420;0.9683295159420711
43;2;2430;1.0162602139095802
43;2;2440;1.0682541261207295
43;2;2448;1.1235155125922076
43;3;405;1.3888201706413943
43;3;415;1.3527340523598255
43;3;425;1.3101876967881545
43;3;435;1.264189146052795
43;3;445;1.223724712113315
43;3;455;1.1768183972050221
43;3;465;1.1369011897935877
43;3;475;1.0974442201834618
43;3;485;1.0541214045763854
43;3;495;1.0084160169706624
43;3;505;0.9391308082167735
43;3;515;0.8429533850923436
43;3;525;0.8231138883739411
43;3;535;0.8610016872671924
43;3;545;0.9139298260142933
43;3;555;0.9567404754460044
43;3;565;0.9363185794978239
43;3;575;0.8888699084016681
43;3;585;0.8690520788021704
43;3;595;0.8593135554288095
43;3;605;0.84661139448554
43;3;615;0.8330318707291792
43;3;625;0.8291362537912732
43;3;635;0.8285529090591572
43;3;645;0.8235164217379732
43;3;655;0.8296164680375643
43;3;665;0.8423307369722723
43;3;675;0.8609721158968985
43;3;685;0.8777989045990868
43;3;695;0.8429377624642763
43;3;703;1.3199272751814837
43;3;712;1.6275429896719131
43;3;722;1.4500136282045322
43;3;731;0.9272395538268555
43;3;741;0.8023202203062855
43;3;751;0.9418014728763139
43;3;761;0.9550704805607125
43;3;771;0.9302329137106728
43;3;781;0.9058852093171752
43;3;791;0.8957814694001733
43;3;801;0.8885883176530346
43;3;811;0.8810558521136793
43;3;821;0.8692576064682976
43;3;831;0.8539979158483759
43;3;841;0.8383532814840078
43;3;851;0.8293869932375999
43;3;861;0.8272461572663561
43;3;871;0.8286228738092603
43;3;881;0.831731647614639
43;3;891;0.8341353021209512
43;3;901;0.8366554795948442
43;3;911;0.8383106380694986
43;3;921;0.8405628064738623
43;3;931;0.8403789703021364
43;3;941;0.8423571667660102
43;3;951;0.8404876204371363
43;3;961;0.8394431570223005
43;3;971;0.8404913151900301
43;3;981;0.8398219682679781
43;3;991;0.845301373236463
43;3;1001;0.8527878609954731
43;3;1011;0.8523424303246567
43;3;1021;0.8490482534044935
43;3;1031;0.8428620367829616
43;3;1041;0.8399630430757601
43;3;1051;0.8373128115105319
43;3;1061;0.8311523035145871
43;3;1071;0.8277967184120227
43;3;1081;0.8246703167071224
43;3;1091;0.819141030553972
43;3;1101;0.8166815934674199
43;3;1111;0.8169409080050917
43;3;1121;0.8192340386512006
43;3;1131;0.8208782568490866
43;3;1141;0.8277163228296783
43;3;1151;0.8461961747641402
43;3;1161;0.855819438808782
43;3;1171;0.8485442919021959
43;3;1181;0.8447048015901837
43;3;1191;0.8430588131469368
43;3;1201;0.8433985721653413
43;3;1211;0.8420773215120294
43;3;1221;0.8383954575087218
43;3;1231;0.8355480700137533
43;3;1241;0.834736156015619
43;3;1251;0.8356984129994807
43;3;1261;0.8349865664413323
43;3;1271;0.8363888059044616
43;3;1281;0.8373386568769943
43;3;1291;0.84153258762772
43;3;1301;0.8536701089859489
43;3;1311;0.8767784765806292
43;3;1321;0.9197044412023294
43;3;1331;1.0407908475270984
43;3;1341;1.3343141005111858
43;3;1350;1.8017257117560894
43;3;1360;1.9237686937432357
43;3;1370;1.642484059261008
43;3;1380;1.224128995191106
43;3;1390;0.9670406665624673
43;3;1400;0.877381430171515
43;3;1410;0.8433891285998386
43;3;1420;0.8184938750962193
43;3;1430;0.8268779603445808
43;3;1440;0.8719352542571046
43;3;1450;0.9212275418033548
43;3;1460;0.9565768744655655
43;3;1470;0.9831032626906409
43;3;1480;1.0016708551214317
43;3;1490;1.0119980237775137
43;3;1500;1.0154015334404396
43;3;1510;1.0108143930249593
43;3;1520;1.0001691686685976
43;3;1530;0.9792154478604334
43;3;1540;0.9535586140419438
43;3;1550;0.9250247256858415
43;3;1560;0.8932844088629803
43;3;1570;0.8565799727164164
43;3;1580;0.8225052222854571
43;3;1590;0.7927694831985608
43;3;1600;0.7597989262606828
43;3;1610;0.7277522872059686
43;3;1620;0.7009436863438371
43;3;1630;0.6758679629377307
43;3;1640;0.6551935349250999
43;3;1650;0.6453921813935621
43;3;1660;0.6507133849074251
43;3;1670;0.6843794902657127
43;3;1680;0.7589119238144663
43;3;1690;0.8870974741530281
43;3;1700;1.0402957099604677
43;3;1710;1.1521795514423117
43;3;1720;1.2107763376595226
43;3;1730;1.1684516493738073
43;3;1740;1.085622964099673
43;3;1750;1.0485441153229011
43;3;1760;1.0099818873591975
43;3;1770;0.9756811680172806
43;3;1780;0.9788549777345742
43;3;1790;0.9902247783341417
43;3;1800;1.0210455714889375
43;3;1810;1.0317201163009797
43;3;1820;1.048993074851167
43;3;1830;1.049685193844497
43;3;1840;1.0324345873909058
43;3;1850;0.9921906674438723
43;3;1860;0.9263655549826706
43;3;1870;0.8505556642430184
43;3;1880;0.8144185309653965
43;3;1890;0.9041977044676759
43;3;1900;1.2754322168672536
43;3;1910;1.6876602028058116
43;3;1920;1.8816470437959145
43;3;1930;1.9232535476287922
43;3;1940;1.8647056368656512
43;3;1950;1.7559765536560152
43;3;1960;1.6375594212175897
43;3;1970;1.5262965182943162
43;3;1980;1.434783028958819
43;3;1990;1.3565466048168142
43;3;2000;1.2889196198029984
43;3;2010;1.232507586621377
43;3;2020;1.180978698459012
43;3;2030;1.1327972770472567
43;3;2040;1.0856999038735258
43;3;2050;1.0434544484395498
43;3;2060;0.9928924251749506
43;3;2070;0.9375456697028696
43;3;2080;0.8892207686184223
43;3;2090;0.8493623235921874
43;3;2100;0.8249576290373839
43;3;2110;0.8129819047189749
43;3;2120;0.8127559855644384
43;3;2130;0.8223992524116254
43;3;2140;0.8357853586367647
43;3;2150;0.8482189023692364
43;3;2160;0.8619286687567412
43;3;2170;0.8722717013848206
43;3;2180;0.8874944517711189
43;3;2190;0.9123546503353833
43;3;2200;0.9308106592343248
43;3;2210;0.941774878896272
43;3;2220;0.9573267779578407
43;3;2230;0.9723863347842073
43;3;2240;0.9947949295547129
43;3;2250;1.019631298233746
43;3;2260;1.0374287203628345
43;3;2270;1.0365697300791508
43;3;2280;1.0005115419993256
43;3;2290;0.9796845368660545
43;3;2300;0.9731568843384221
43;3;2310;0.9499531821249261
43;3;2320;0.8972261424086638
43;3;2330;0.8678706450499905
43;3;2340;0.8448566598012124
43;3;2350;0.8310173367856745
43;3;2360;0.8199409886240303
43;3;2370;0.8192048159979253
43;3;2380;0.8256727398518017
43;3;2390;0.8373089281947574
43;3;2400;0.8574104033994311
43;3;2410;0.882119539661734
43;3;2420;0.912114531451368
43;3;2430;0.9559681352664376
43;3;2440;1.0098904970271865
43;3;2448;1.0617109992747593
43;4;405;1.4187101778357123
43;4;415;1.3688782358505944
43;4;425;1.310927293976189
43;4;435;1.2632315907861587
43;4;445;1.2138934213264228
43;4;455;1.1616126031737122
43;4;465;1.116417894112001
43;4;475;1.0741453485593886
43;4;485;1.0295309073017378
43;4;495;0.9826653498233279
43;4;505;0.9191225209939407
43;4;515;0.8372029044335758
43;4;525;0.8067370191319122
43;4;535;0.8178013799646903
43;4;545;0.8495031278232755
43;4;555;0.8837652008677498
43;4;565;0.8850035054393426
43;4;575;0.8655134848050642
43;4;585;0.8562394926078105
43;4;595;0.8504638121794323
43;4;605;0.8413094974319224
43;4;615;0.8290827395971334
43;4;625;0.824453283571039
43;4;635;0.823405156613673
43;4;645;0.8163647597943232
43;4;655;0.8199949829564315
43;4;665;0.8313855277642102
43;4;675;0.8504548870484623
43;4;685;0.8685139001509412
43;4;695;0.8234488597284969
43;4;703;1.1003137654946256
43;4;712;1.3436353951352427
43;4;722;1.1866848148324576
43;4;731;0.8048115504028317
43;4;741;0.7995227622097807
43;4;751;0.93530577124813
43;4;761;0.9478035743745709
43;4;771;0.9233155136754684
43;4;781;0.9004452578434878
43;4;791;0.8894160829442672
43;4;801;0.8822266755575152
43;4;811;0.8734897294976685
43;4;821;0.8612577069878808
43;4;831;0.8461562009513104
43;4;841;0.8305398522639267
43;4;851;0.8226075959384846
43;4;861;0.8221288569385251
43;4;871;0.8253301317483183
43;4;881;0.8300756885108048
43;4;891;0.8332941573400414
43;4;901;0.8369584782961965
43;4;911;0.8399397681956479
43;4;921;0.8437984148307209
43;4;931;0.8434720954314603
43;4;941;0.8462520248574967
43;4;951;0.8444971100748675
43;4;961;0.8438383224430114
43;4;971;0.8474637094580623
43;4;981;0.8478558263944115
43;4;991;0.8574709838308728
43;4;1001;0.8675305204462523
43;4;1011;0.8692427201422728
43;4;1021;0.8658439888847701
43;4;1031;0.8530035865556509
43;4;1041;0.8505918388571906
43;4;1051;0.8495727315938824
43;4;1061;0.8401368269286942
43;4;1071;0.8364634581164266
43;4;1081;0.8329030235500959
43;4;1091;0.8245126575015645
43;4;1101;0.8193134744364974
43;4;1111;0.8153660933174207
43;4;1121;0.8154388948533019
43;4;1131;0.8136357354628964
43;4;1141;0.8152474218194748
43;4;1151;0.833260443447126
43;4;1161;0.8430466331415782
43;4;1171;0.8352081634890248
43;4;1181;0.830507723423209
43;4;1191;0.8287431292870553
43;4;1201;0.8290846896468622
43;4;1211;0.8264206430513784
43;4;1221;0.825068062245622
43;4;1231;0.8232958213518085
43;4;1241;0.823153192822948
43;4;1251;0.8232590781016719
43;4;1261;0.822967117126525
43;4;1271;0.8245753152839952
43;4;1281;0.8261735015743278
43;4;1291;0.8312906436431428
43;4;1301;0.840580961221568
43;4;1311;0.8596191740196886
43;4;1321;0.9040739888290241
43;4;1331;1.0472374289663762
43;4;1341;1.4386959221613673
43;4;1350;2.0171724632074635
43;4;1360;2.179426609494108
43;4;1370;1.8994152041789967
43;4;1380;1.4378760952328904
43;4;1390;1.104002075952104
43;4;1400;0.9654454196110847
43;4;1410;0.9005918033245188
43;4;1420;0.8406758393241927
43;4;1430;0.8114210560594189
43;4;1440;0.8303561294515017
43;4;1450;0.866849931436429
43;4;1460;0.8973919542625809
43;4;1470;0.9227033570553811
43;4;1480;0.9422783372827628
43;4;1490;0.9544858458025989
43;4;1500;0.9605584691863116
43;4;1510;0.9600349137110709
43;4;1520;0.9531711744730574
43;4;1530;0.935668403913515
43;4;1540;0.9143809120924006
43;4;1550;0.8923253156523742
43;4;1560;0.8662799429497724
43;4;1570;0.8332933770049809
43;4;1580;0.8016310361825557
43;4;1590;0.7709625706429841
43;4;1600;0.7399127624638503
43;4;1610;0.7116536738386263
43;4;1620;0.6893273569220979
43;4;1630;0.6716790112369169
43;4;1640;0.6615987979908504
43;4;1650;0.6681586346148547
43;4;1660;0.68891488843394
43;4;1670;0.7295215478701527
43;4;1680;0.7973675453945821
43;4;1690;0.8937746544248717
43;4;1700;1.0090425667157805
43;4;1710;1.1129687054807187
43;4;1720;1.1749968110671227
43;4;1730;1.1488040812060327
43;4;1740;1.0781972849761463
43;4;1750;1.0482466972111744
43;4;1760;1.0261965756115043
43;4;1770;0.9993994553142853
43;4;1780;0.99686227349498
43;4;1790;1.0207438504098352
43;4;1800;1.0643073982068512
43;4;1810;1.0880017885207047
43;4;1820;1.1081146628267442
43;4;1830;1.0859633523385885
43;4;1840;1.0355978576415261
43;4;1850;1.0054981633148294
43;4;1860;0.9486753908092912
43;4;1870;0.870880021400948
43;4;1880;0.8126759789426649
43;4;1890;0.8742293566663616
43;4;1900;1.2861516897569163
43;4;1910;1.7625622135686214
43;4;1920;1.983010239605551
43;4;1930;2.0242957297176964
43;4;1940;1.9493835482237887
43;4;1950;1.8177885502933586
43;4;1960;1.673912445038021
43;4;1970;1.5422119224479087
43;4;1980;1.434830552906963
43;4;1990;1.3449288677241715
43;4;2000;1.2708334806142667
43;4;2010;1.209284802421947
43;4;2020;1.1570476469166604
43;4;2030;1.1129124944269313
43;4;2040;1.0739324733981015
43;4;2050;1.039481128424578
43;4;2060;0.9966223466586875
43;4;2070;0.948933850302503
43;4;2080;0.9038433020560075
43;4;2090;0.8660775653795951
43;4;2100;0.8377550814909345
43;4;2110;0.8183477941772761
43;4;2120;0.8080339192734658
43;4;2130;0.8058521065186216
43;4;2140;0.8103834344348756
43;4;2150;0.8176679505125292
43;4;2160;0.8278513685786345
43;4;2170;0.8376858558240037
43;4;2180;0.8528306410343118
43;4;2190;0.8743056346224398
43;4;2200;0.8943829208995898
43;4;2210;0.9085020900625703
43;4;2220;0.9241941772156442
43;4;2230;0.9398129274840998
43;4;2240;0.9569635419110492
43;4;2250;0.969282448018856
43;4;2260;0.9697536135867568
43;4;2270;0.9537244464477813
43;4;2280;0.9186862155680122
43;4;2290;0.905430327535216
43;4;2300;0.9022919973116459
43;4;2310;0.8845399013030907
43;4;2320;0.8505974618937229
43;4;2330;0.834666190040242
43;4;2340;0.8257309719519395
43;4;2350;0.8197959600575684
43;4;2360;0.8157691740947369
43;4;2370;0.8191343663033026
43;4;2380;0.8272430663863898
43;4;2390;0.8408875858783209
43;4;2400;0.8633108612246073
43;4;2410;0.8912601306673635
43;4;2420;0.9281696341372753
43;4;2430;0.9794319902102648
43;4;2440;1.0422239643837932
43;4;2448;1.0936130961170956
44;1;405;1.378127641956316
44;1;415;1.3376855503910257
44;1;425;1.2906954832362816
44;1;435;1.2438742222492272
44;1;445;1.200767391571211
44;1;455;1.1514047788433162
44;1;465;1.1099087991439842
44;1;475;1.0698640522801768
44;1;485;1.0262133237265159
44;1;495;0.9811858245539038
44;1;505;0.918276431101405
44;1;515;0.8369555678545472
44;1;525;0.8174662767021765
44;1;535;0.8413948379110514
44;1;545;0.8885649311468254
44;1;555;0.9316628792204077
44;1;565;0.921552836475246
44;1;575;0.8844109066311054
44;1;585;0.8688929176546534
44;1;595;0.8593243343357306
44;1;605;0.8458535376983184
44;1;615;0.8305580067990084
44;1;625;0.8258335407361046
44;1;635;0.8250067592846709
44;1;645;0.8174015357957188
44;1;655;0.8217685394459414
44;1;665;0.8339641860505055
44;1;675;0.8531093269378441
44;1;685;0.8719627138758546
44;1;695;0.8320855282374778
44;1;703;1.2308720485568032
44;1;712;1.487557899500331
44;1;722;1.3123882495223014
44;1;731;0.8429628918677918
44;1;741;0.7845860541382391
44;1;751;0.9308733473983888
44;1;761;0.94025884114356
44;1;771;0.9150082713697744
44;1;781;0.8921489476374069
44;1;791;0.8825231769440215
44;1;801;0.8768437054054692
44;1;811;0.8697148454820622
44;1;821;0.8586942457033115
44;1;831;0.844630606358485
44;1;841;0.830435584414317
44;1;851;0.8239475248912415
44;1;861;0.8245622824482808
44;1;871;0.8287091967505579
44;1;881;0.8344036474661637
44;1;891;0.8380617871613891
44;1;901;0.8422653505342664
44;1;911;0.8447644099018464
44;1;921;0.8486392899627565
44;1;931;0.8480898124272691
44;1;941;0.8505595820793975
44;1;951;0.8484974150476107
44;1;961;0.8471290865426135
44;1;971;0.8490245949587586
44;1;981;0.8476754684154428
44;1;991;0.8552840565559144
44;1;1001;0.86364898333433
44;1;1011;0.8631026144527475
44;1;1021;0.8553132844021604
44;1;1031;0.84880194729443
44;1;1041;0.843839032685925
44;1;1051;0.8400901943778556
44;1;1061;0.8307725804014625
44;1;1071;0.8268097017780227
44;1;1081;0.822278440115345
44;1;1091;0.8163033329118108
44;1;1101;0.8138146548310579
44;1;1111;0.8139483186197974
44;1;1121;0.8159206748810063
44;1;1131;0.8172969701943695
44;1;1141;0.8244957687033856
44;1;1151;0.8449170283938006
44;1;1161;0.8527984626513329
44;1;1171;0.8445987189280628
44;1;1181;0.8390381225002659
44;1;1191;0.8364850123821794
44;1;1201;0.8369039026677806
44;1;1211;0.8346792313514673
44;1;1221;0.831188392663456
44;1;1231;0.8295677898970673
44;1;1241;0.8284357065022698
44;1;1251;0.8293414682185544
44;1;1261;0.8295367669914026
44;1;1271;0.8326184122188804
44;1;1281;0.833951507467334
44;1;1291;0.8405285337496876
44;1;1301;0.8558279681810721
44;1;1311;0.885062719595846
44;1;1321;0.9365796562450003
44;1;1331;1.0647984261188561
44;1;1341;1.375263644580263
44;1;1350;1.853479011500517
44;1;1360;2.013300364657864
44;1;1370;1.754939288420766
44;1;1380;1.3181475579636217
44;1;1390;1.0240203246944792
44;1;1400;0.91094886168039
44;1;1410;0.8631430275010107
44;1;1420;0.820486979606655
44;1;1430;0.8143837709150256
44;1;1440;0.8559566435115321
44;1;1450;0.9080421800166094
44;1;1460;0.9461647277415363
44;1;1470;0.976733333869978
44;1;1480;0.9989156927514768
44;1;1490;1.011931625194944
44;1;1500;1.0177595537389643
44;1;1510;1.015708129487285
44;1;1520;1.0067046847431602
44;1;1530;0.986864399787464
44;1;1540;0.9625483017788106
44;1;1550;0.934961738699887
44;1;1560;0.9045189929329763
44;1;1570;0.8653410279957445
44;1;1580;0.8272188165372216
44;1;1590;0.7931688481557927
44;1;1600;0.7569055912222618
44;1;1610;0.7250316756379036
44;1;1620;0.6976877286897148
44;1;1630;0.6723007237874253
44;1;1640;0.6517566035049874
44;1;1650;0.6446230830333998
44;1;1660;0.6545243777018278
44;1;1670;0.6915301326430582
44;1;1680;0.7742994669637888
44;1;1690;0.8972500273745443
44;1;1700;1.0401443212368389
44;1;1710;1.1618265655543203
44;1;1720;1.2374151148623027
44;1;1730;1.2017574808518126
44;1;1740;1.1196932685614966
44;1;1750;1.0774986780860198
44;1;1760;1.0463806231928636
44;1;1770;1.010703579888267
44;1;1780;1.0123015287214197
44;1;1790;1.0334534822686523
44;1;1800;1.0729002500888536
44;1;1810;1.089030057698269
44;1;1820;1.1036757665687915
44;1;1830;1.0709329606313172
44;1;1840;1.0149159934513112
44;1;1850;0.9852047732896119
44;1;1860;0.9284147313688644
44;1;1870;0.8536040598208152
44;1;1880;0.8075396329473579
44;1;1890;0.8764101508407692
44;1;1900;1.2561144612478168
44;1;1910;1.6892203356574038
44;1;1920;1.8920602261671127
44;1;1930;1.9361170437063484
44;1;1940;1.8805608115273105
44;1;1950;1.769101136392988
44;1;1960;1.6444739592771596
44;1;1970;1.5304952076441085
44;1;1980;1.434767536403902
44;1;1990;1.3527540189406158
44;1;2000;1.2854960162058229
44;1;2010;1.227771738198027
44;1;2020;1.176462766138613
44;1;2030;1.1295972897184186
44;1;2040;1.0849153863001129
44;1;2050;1.0451838759639094
44;1;2060;0.9960439372582002
44;1;2070;0.9434797852671274
44;1;2080;0.8950026365504404
44;1;2090;0.8546775782898441
44;1;2100;0.8275286444579342
44;1;2110;0.8114183879623106
44;1;2120;0.806693978128154
44;1;2130;0.8122236517368632
44;1;2140;0.8241850179886303
44;1;2150;0.8365158809508532
44;1;2160;0.8527414842684554
44;1;2170;0.8654670016127358
44;1;2180;0.8817183221198351
44;1;2190;0.9068795443149311
44;1;2200;0.9261908186518768
44;1;2210;0.9376811195259275
44;1;2220;0.9551035143491142
44;1;2230;0.9708373217382168
44;1;2240;0.9936354981828452
44;1;2250;1.0155705795209564
44;1;2260;1.0286395266907022
44;1;2270;1.02158060008752
44;1;2280;0.9809026576836173
44;1;2290;0.9619683791117851
44;1;2300;0.9597766121708375
44;1;2310;0.9353532273674678
44;1;2320;0.8866593996343175
44;1;2330;0.8585710188947694
44;1;2340;0.8407605486272536
44;1;2350;0.8272865127707987
44;1;2360;0.8164726125206762
44;1;2370;0.8149652017156274
44;1;2380;0.8203764547496603
44;1;2390;0.8308931120818536
44;1;2400;0.8518262535759307
44;1;2410;0.8758319916673709
44;1;2420;0.9058026721810748
44;1;2430;0.9503275268605909
44;1;2440;1.0034942491190706
44;1;2448;1.0561798741930704
44;2;405;1.3856332486094958
44;2;415;1.343125822435143
44;2;425;1.299348631699747
44;2;435;1.2545068296301012
44;2;445;1.2138140058454927
44;2;455;1.1711109795499706
44;2;465;1.1351181174053144
44;2;475;1.0989993835905048
44;2;485;1.0607662716662885
44;2;495;1.0198694205781553
44;2;505;0.9585361302354468
44;2;515;0.8650566948445921
44;2;525;0.8317788996022394
44;2;535;0.8598015631874499
44;2;545;0.9036149795059798
44;2;555;0.9397710821849107
44;2;565;0.919816578449949
44;2;575;0.8789310520959568
44;2;585;0.8639025593108395
44;2;595;0.8573285518927023
44;2;605;0.8502186081911112
44;2;615;0.8444192329502994
44;2;625;0.8436004355182579
44;2;635;0.8433199421977017
44;2;645;0.8470908014970179
44;2;655;0.8577797058523615
44;2;665;0.8725507984711482
44;2;675;0.8917355184283609
44;2;685;0.9079027836769906
44;2;695;0.8464661261170321
44;2;703;1.283901718987284
44;2;712;1.581993162864542
44;2;722;1.437267568715676
44;2;731;0.9611515932365254
44;2;741;0.7919045749850425
44;2;751;0.9416527776153014
44;2;761;0.9655459203212093
44;2;771;0.9454850537634844
44;2;781;0.9238800309079749
44;2;791;0.9142315151202198
44;2;801;0.9069093184681316
44;2;811;0.8987728854366519
44;2;821;0.8871723279581971
44;2;831;0.8721046687108792
44;2;841;0.8567836149300236
44;2;851;0.847544307157522
44;2;861;0.844590219976779
44;2;871;0.8450790592889303
44;2;881;0.8470865682343981
44;2;891;0.8489395636219578
44;2;901;0.8508356604298556
44;2;911;0.8523148319705375
44;2;921;0.8541907188761608
44;2;931;0.8540121456297418
44;2;941;0.8565018603877919
44;2;951;0.8554312291467829
44;2;961;0.8554977777014587
44;2;971;0.8567847178404369
44;2;981;0.8559822643128253
44;2;991;0.8605991235531748
44;2;1001;0.8668629134899397
44;2;1011;0.8677506238819861
44;2;1021;0.8626371116172085
44;2;1031;0.8571326695714703
44;2;1041;0.8535431932145449
44;2;1051;0.8513315024325734
44;2;1061;0.8465508671972914
44;2;1071;0.8434951578469618
44;2;1081;0.8417258760702022
44;2;1091;0.8366451540301539
44;2;1101;0.8338881405741708
44;2;1111;0.8333124202060368
44;2;1121;0.8353986658742253
44;2;1131;0.8368808043072115
44;2;1141;0.8429285493401742
44;2;1151;0.8585336236578837
44;2;1161;0.8671521037676111
44;2;1171;0.8628496785210532
44;2;1181;0.8610878761234216
44;2;1191;0.8615437198661628
44;2;1201;0.864148483651625
44;2;1211;0.8650573942026504
44;2;1221;0.8642372891563429
44;2;1231;0.8623316720837897
44;2;1241;0.864353466440833
44;2;1251;0.8679309951695865
44;2;1261;0.8681365109483831
44;2;1271;0.8703964317286075
44;2;1281;0.8734284478004968
44;2;1291;0.8796020165265723
44;2;1301;0.8862449845822885
44;2;1311;0.8993159761710458
44;2;1321;0.9288280100068946
44;2;1331;1.0348969191700021
44;2;1341;1.3139069086615662
44;2;1350;1.7247894514355178
44;2;1360;1.8556448416078792
44;2;1370;1.64843248005764
44;2;1380;1.2239146289257352
44;2;1390;0.9616220423762565
44;2;1400;0.8817522513922558
44;2;1410;0.8548703601409127
44;2;1420;0.8353578134562676
44;2;1430;0.8423208805832758
44;2;1440;0.879619655181832
44;2;1450;0.9215443261218309
44;2;1460;0.9530835134236307
44;2;1470;0.9770516074697818
44;2;1480;0.9951862672656997
44;2;1490;1.006550453205622
44;2;1500;1.0112654704154505
44;2;1510;1.007363581533697
44;2;1520;0.9976713738704909
44;2;1530;0.9756407670611051
44;2;1540;0.9479151116753145
44;2;1550;0.9187096970833588
44;2;1560;0.8863112541131868
44;2;1570;0.8493569116732282
44;2;1580;0.814332817830661
44;2;1590;0.7824926719731271
44;2;1600;0.7513956991246001
44;2;1610;0.7221182846616765
44;2;1620;0.6977912445424457
44;2;1630;0.6809238026686143
44;2;1640;0.6723068245081699
44;2;1650;0.6786931167944991
44;2;1660;0.7054382876461941
44;2;1670;0.7579815633718854
44;2;1680;0.8431849459089653
44;2;1690;0.9717757550038759
44;2;1700;1.112985286314821
44;2;1710;1.2054755604376404
44;2;1720;1.2451507782594515
44;2;1730;1.192083175831991
44;2;1740;1.0971926132849679
44;2;1750;1.0516374234939372
44;2;1760;1.0106826164793425
44;2;1770;0.9728852023902027
44;2;1780;0.9695838482038451
44;2;1790;0.9806993540425404
44;2;1800;1.0035999152683441
44;2;1810;1.0165873096722544
44;2;1820;1.0329271492786616
44;2;1830;1.0436489291395374
44;2;1840;1.0256400175876417
44;2;1850;0.9827260354061381
44;2;1860;0.9175629838629704
44;2;1870;0.8539471807244965
44;2;1880;0.8312853193340062
44;2;1890;0.9191117882826446
44;2;1900;1.2647223165114512
44;2;1910;1.6656257359887519
44;2;1920;1.8598341672164656
44;2;1930;1.897906965854885
44;2;1940;1.8335268426392368
44;2;1950;1.721632123571929
44;2;1960;1.6014048036364315
44;2;1970;1.4918724139491848
44;2;1980;1.4054953415625615
44;2;1990;1.3332410410672977
44;2;2000;1.2722200879672372
44;2;2010;1.2200089761329227
44;2;2020;1.1740794235151815
44;2;2030;1.131819385909965
44;2;2040;1.0913981158345
44;2;2050;1.0538462369219501
44;2;2060;1.009038106168162
44;2;2070;0.9591266927832883
44;2;2080;0.9146719359822495
44;2;2090;0.876534911948424
44;2;2100;0.8505745169391797
44;2;2110;0.8351699188961733
44;2;2120;0.8284108791340543
44;2;2130;0.8290871024873834
44;2;2140;0.8339814505196507
44;2;2150;0.8393556695343286
44;2;2160;0.8453145641498641
44;2;2170;0.8510811415769608
44;2;2180;0.8615346961698727
44;2;2190;0.8778532776133912
44;2;2200;0.8937420134413945
44;2;2210;0.9050517935825714
44;2;2220;0.9165517246581373
44;2;2230;0.927259082696948
44;2;2240;0.9417671994815296
44;2;2250;0.9545132891346345
44;2;2260;0.9617727959240328
44;2;2270;0.955955792543249
44;2;2280;0.9313875577637409
44;2;2290;0.9162050960288609
44;2;2300;0.9109550482613887
44;2;2310;0.8966376250023077
44;2;2320;0.8669761981051859
44;2;2330;0.8519938998709425
44;2;2340;0.8415323018326892
44;2;2350;0.8367147988724261
44;2;2360;0.8355127446023379
44;2;2370;0.8400779789007768
44;2;2380;0.8491946325122134
44;2;2390;0.8616899732752372
44;2;2400;0.8814713058386254
44;2;2410;0.9026817007520795
44;2;2420;0.9256647370582562
44;2;2430;0.966322265926658
44;2;2440;1.0126659751280749
44;2;2448;1.0538412723461699
44;3;405;1.46130928472949
44;3;415;1.409403623244744
44;3;425;1.3540476219901056
44;3;435;1.2896915815407468
44;3;445;1.2362708902063526
44;3;455;1.1799873289114409
44;3;465;1.1295995787728323
44;3;475;1.081839576392523
44;3;485;1.0335650264793987
44;3;495;0.9853019005383187
44;3;505;0.9206525431353693
44;3;515;0.8351876810378354
44;3;525;0.7946788744522042
44;3;535;0.8009937725280976
44;3;545;0.8331393964057336
44;3;555;0.8701257779705038
44;3;565;0.8752523450673856
44;3;575;0.8571032074365317
44;3;585;0.8477071585257484
44;3;595;0.8425559023276568
44;3;605;0.8342512882182228
44;3;615;0.8225242494176663
44;3;625;0.8175937550723391
44;3;635;0.8167639096188415
44;3;645;0.8067982498666919
44;3;655;0.8066703907498489
44;3;665;0.8130897305669155
44;3;675;0.8277309711480758
44;3;685;0.845106747665748
44;3;695;0.8187629543867717
44;3;703;1.1091700126440058
44;3;712;1.337203511144938
44;3;722;1.1444521908477046
44;3;731;0.7299451406904173
44;3;741;0.8166662850615188
44;3;751;0.9762367935387444
44;3;761;0.9869398287682178
44;3;771;0.9546807507785762
44;3;781;0.9240783130480901
44;3;791;0.9089167902472607
44;3;801;0.8970529861953548
44;3;811;0.8845753833059636
44;3;821;0.8689930544523925
44;3;831;0.8488205768670622
44;3;841;0.8285445720802007
44;3;851;0.8163192194997416
44;3;861;0.8129067630080127
44;3;871;0.8141374405491677
44;3;881;0.8173499893651835
44;3;891;0.8206251070385538
44;3;901;0.8244567159276139
44;3;911;0.8279208259172357
44;3;921;0.831918710809095
44;3;931;0.8328701147220828
44;3;941;0.8380917904455601
44;3;951;0.8364565762383067
44;3;961;0.8382109411762163
44;3;971;0.8428559199316668
44;3;981;0.8472148551172787
44;3;991;0.8594172243601875
44;3;1001;0.8709874829605426
44;3;1011;0.8816840604188122
44;3;1021;0.8724728070754633
44;3;1031;0.8620778579175807
44;3;1041;0.8584266596826989
44;3;1051;0.8585372063502745
44;3;1061;0.8531357808468032
44;3;1071;0.8485535712815494
44;3;1081;0.8514186522617958
44;3;1091;0.8437603484933633
44;3;1101;0.8372166972323775
44;3;1111;0.82721683314839
44;3;1121;0.8217882496251574
44;3;1131;0.8146010385428556
44;3;1141;0.8037997472175078
44;3;1151;0.8061948193331718
44;3;1161;0.8117769825861686
44;3;1171;0.8074720524482858
44;3;1181;0.8056857021243057
44;3;1191;0.805435188065168
44;3;1201;0.8055296260557415
44;3;1211;0.8040251183211878
44;3;1221;0.8009985773734669
44;3;1231;0.7982119363390535
44;3;1241;0.7971181475764324
44;3;1251;0.796392734373869
44;3;1261;0.7951595975950917
44;3;1271;0.7940975983856969
44;3;1281;0.7932411571903097
44;3;1291;0.7927467071104609
44;3;1301;0.7939429511291158
44;3;1311;0.7975052063648566
44;3;1321;0.8081866364236803
44;3;1331;0.8750972620857694
44;3;1341;1.131650188508893
44;3;1350;1.6729235965721196
44;3;1360;2.0216242657585526
44;3;1370;1.8080425584984514
44;3;1380;1.342873931013286
44;3;1390;1.0168981236511887
44;3;1400;0.8958544794889046
44;3;1410;0.8476437416693198
44;3;1420;0.8102638285052298
44;3;1430;0.8026918887952788
44;3;1440;0.8339304283073349
44;3;1450;0.8759449849625288
44;3;1460;0.9093849785999927
44;3;1470;0.9339723556749046
44;3;1480;0.952077912752888
44;3;1490;0.9646363294581992
44;3;1500;0.9701920397984405
44;3;1510;0.9680171648854085
44;3;1520;0.9603867724074825
44;3;1530;0.9395821265074166
44;3;1540;0.9142090244534232
44;3;1550;0.8889412577290673
44;3;1560;0.8589191250505338
44;3;1570;0.8232761391926767
44;3;1580;0.7925335326814911
44;3;1590;0.7652876211700643
44;3;1600;0.7361219262197497
44;3;1610;0.705338992105474
44;3;1620;0.677654714519449
44;3;1630;0.6504636450309977
44;3;1640;0.6293449932464906
44;3;1650;0.617727569092694
44;3;1660;0.627874439043709
44;3;1670;0.6632124197073347
44;3;1680;0.7286785173457435
44;3;1690;0.8525922552212832
44;3;1700;1.0013644889195843
44;3;1710;1.1148209347524045
44;3;1720;1.1712190142333982
44;3;1730;1.1306570780765337
44;3;1740;1.0632777488002099
44;3;1750;1.0446583193531886
44;3;1760;1.0111002209165585
44;3;1770;0.9734021713125831
44;3;1780;0.9754645911513147
44;3;1790;0.9905214042991984
44;3;1800;1.0210695110409824
44;3;1810;1.046695598572408
44;3;1820;1.0696197773404532
44;3;1830;1.1150819007942967
44;3;1840;1.1395488279198531
44;3;1850;1.0775021203623523
44;3;1860;0.9808475859645199
44;3;1870;0.8676438893921058
44;3;1880;0.8007892284651593
44;3;1890;0.9313566268806104
44;3;1900;1.4466590604069072
44;3;1910;1.9376457474024795
44;3;1920;2.1299644010593894
44;3;1930;2.1465663397500068
44;3;1940;2.056336470376578
44;3;1950;1.9081058340920745
44;3;1960;1.751558761147679
44;3;1970;1.6082877005829626
44;3;1980;1.4882113118056406
44;3;1990;1.3878648231116317
44;3;2000;1.3031259382230502
44;3;2010;1.232256338904265
44;3;2020;1.1698246029176957
44;3;2030;1.1133711433820885
44;3;2040;1.0615205534968706
44;3;2050;1.0133744680824006
44;3;2060;0.9583934244868896
44;3;2070;0.9008545033417673
44;3;2080;0.8537732117111907
44;3;2090;0.8203893651936519
44;3;2100;0.8037510942020297
44;3;2110;0.8011030725818331
44;3;2120;0.8086494307636342
44;3;2130;0.8235482182212516
44;3;2140;0.8406604815396385
44;3;2150;0.8514510073672454
44;3;2160;0.8633607307301066
44;3;2170;0.8705641095198988
44;3;2180;0.8864482646157297
44;3;2190;0.905992070503026
44;3;2200;0.9228320356190698
44;3;2210;0.93166467094319
44;3;2220;0.9421970127870574
44;3;2230;0.9571184490127063
44;3;2240;0.9738625265745882
44;3;2250;0.994169385838097
44;3;2260;1.0054682486171063
44;3;2270;1.0009081844694558
44;3;2280;0.9718701382088422
44;3;2290;0.9505253306525009
44;3;2300;0.9349100565424715
44;3;2310;0.9109546723754588
44;3;2320;0.863682636327137
44;3;2330;0.8370053973189102
44;3;2340;0.8194297949335283
44;3;2350;0.8092728348593702
44;3;2360;0.8059922687195611
44;3;2370;0.8134488563356723
44;3;2380;0.8287765826302739
44;3;2390;0.8523194357070425
44;3;2400;0.8854344409967952
44;3;2410;0.9210597550897249
44;3;2420;0.9707552094328079
44;3;2430;1.0364147496732958
44;3;2440;1.1143443635872787
44;3;2448;1.1892903978077471
44;4;405;1.4604597317416181
44;4;415;1.40903425179161
44;4;425;1.3578185164251313
44;4;435;1.304916136550085
44;4;445;1.2562156747142257
44;4;455;1.2004509331101392
44;4;465;1.1536653506247796
44;4;475;1.1075720225147674
44;4;485;1.059815543625121
44;4;495;1.0081046938904692
44;4;505;0.9359416406384352
44;4;515;0.838152912756562
44;4;525;0.8028468941612776
44;4;535;0.8178298817780764
44;4;545;0.8534601269471015
44;4;555;0.8891597058739813
44;4;565;0.8869620936253768
44;4;575;0.8623045628959329
44;4;585;0.8515433221078507
44;4;595;0.8451936636227505
44;4;605;0.8356161660467448
44;4;615;0.8236879451467266
44;4;625;0.8194846342507134
44;4;635;0.818732294266749
44;4;645;0.8117266944973419
44;4;655;0.8152825252593039
44;4;665;0.8259179762604633
44;4;675;0.844336853230261
44;4;685;0.8631551612599765
44;4;695;0.8253269882000029
44;4;703;1.1662546068236057
44;4;712;1.4221427540585136
44;4;722;1.243888466596039
44;4;731;0.8089182388580886
44;4;741;0.8068809490522814
44;4;751;0.9635665915395367
44;4;761;0.9799202773270548
44;4;771;0.9512623056624203
44;4;781;0.9222375860843299
44;4;791;0.9088381046711344
44;4;801;0.8991190347606445
44;4;811;0.8878665746198517
44;4;821;0.8726803824827748
44;4;831;0.852622417751228
44;4;841;0.8324961956580408
44;4;851;0.8202099445711107
44;4;861;0.8167197288155253
44;4;871;0.8180205952728106
44;4;881;0.8212717400950356
44;4;891;0.8245607679524715
44;4;901;0.8280721664918511
44;4;911;0.8310607018423125
44;4;921;0.8344278850604918
44;4;931;0.8345837695903229
44;4;941;0.8391443283795333
44;4;951;0.8379933892848199
44;4;961;0.838928789781264
44;4;971;0.8425692862038587
44;4;981;0.8451112192763334
44;4;991;0.8556891285027756
44;4;1001;0.8655406111158691
44;4;1011;0.8628338060418774
44;4;1021;0.8620558443720358
44;4;1031;0.8514250130609093
44;4;1041;0.8471033881916288
44;4;1051;0.8455092315372091
44;4;1061;0.8390607149922822
44;4;1071;0.8356763018559558
44;4;1081;0.8338234879126755
44;4;1091;0.8266041888246018
44;4;1101;0.8225068994994463
44;4;1111;0.8165191470237814
44;4;1121;0.8151542878762219
44;4;1131;0.8120987252883655
44;4;1141;0.8089059147778621
44;4;1151;0.8190819817468799
44;4;1161;0.8273506206981854
44;4;1171;0.8221181442779099
44;4;1181;0.8189457066060694
44;4;1191;0.8181627722658762
44;4;1201;0.8184326305002857
44;4;1211;0.815691575824993
44;4;1221;0.8128460991863679
44;4;1231;0.8096003386573082
44;4;1241;0.8083873066083231
44;4;1251;0.808105986773163
44;4;1261;0.806664416667801
44;4;1271;0.8067039078030631
44;4;1281;0.8061460985315354
44;4;1291;0.8078102453664419
44;4;1301;0.8119123827548305
44;4;1311;0.8197520491954098
44;4;1321;0.8383318573101805
44;4;1331;0.928281596154607
44;4;1341;1.22243120257683
44;4;1350;1.7312747651402545
44;4;1360;1.9155420915782484
44;4;1370;1.7009672317092661
44;4;1380;1.282768621635522
44;4;1390;0.9871494346468305
44;4;1400;0.8793274418061183
44;4;1410;0.838781658901623
44;4;1420;0.8092819742381949
44;4;1430;0.8109509429291708
44;4;1440;0.8504606444789755
44;4;1450;0.8971500535370687
44;4;1460;0.9324755765975882
44;4;1470;0.9587560244517863
44;4;1480;0.9773252854670368
44;4;1490;0.9876786970609714
44;4;1500;0.9910755910086386
44;4;1510;0.9852194298265148
44;4;1520;0.9730009891410814
44;4;1530;0.9489146063317992
44;4;1540;0.91849696034066
44;4;1550;0.8865844480853965
44;4;1560;0.8504899644356069
44;4;1570;0.8096696076878978
44;4;1580;0.7740054599512945
44;4;1590;0.7432316736637099
44;4;1600;0.71353281346235
44;4;1610;0.68561567321801
44;4;1620;0.662302444426252
44;4;1630;0.6456234468237378
44;4;1640;0.6365464715320067
44;4;1650;0.6427170484651066
44;4;1660;0.6660849906655069
44;4;1670;0.709496959273563
44;4;1680;0.7922308447395444
44;4;1690;0.9221870104362545
44;4;1700;1.0656641265866313
44;4;1710;1.1785709353962452
44;4;1720;1.2330210068514857
44;4;1730;1.1967070734570666
44;4;1740;1.1181520090060846
44;4;1750;1.0784910130761582
44;4;1760;1.0394423217591116
44;4;1770;1.0003763549621396
44;4;1780;0.996045723157547
44;4;1790;1.0112579346272268
44;4;1800;1.041367486867749
44;4;1810;1.0581845551590439
44;4;1820;1.0733640991349436
44;4;1830;1.0879418257878157
44;4;1840;1.0605474401610209
44;4;1850;1.0062935498487626
44;4;1860;0.9299399479819924
44;4;1870;0.8426246366702049
44;4;1880;0.80606914430291
44;4;1890;0.931583502248904
44;4;1900;1.3715023392228878
44;4;1910;1.8119019094547064
44;4;1920;1.9994271246417932
44;4;1930;2.030217260461753
44;4;1940;1.9598277197108271
44;4;1950;1.8396525173515568
44;4;1960;1.7059489813061806
44;4;1970;1.5824966912271645
44;4;1980;1.478935377972831
44;4;1990;1.391592096996448
44;4;2000;1.3182978383483988
44;4;2010;1.2550517636177252
44;4;2020;1.1979697222819568
44;4;2030;1.1461900807468228
44;4;2040;1.0969272718012493
44;4;2050;1.051320913080218
44;4;2060;0.9951714444295033
44;4;2070;0.9352152964448095
44;4;2080;0.8823451841108056
44;4;2090;0.8406426135877271
44;4;2100;0.8146558287672542
44;4;2110;0.8027610629052332
44;4;2120;0.8031557017258818
44;4;2130;0.8137373085222196
44;4;2140;0.8291850485746294
44;4;2150;0.8432691323235506
44;4;2160;0.8584050019191549
44;4;2170;0.8706137184196285
44;4;2180;0.8877612699900573
44;4;2190;0.9098487090520221
44;4;2200;0.9286737130978789
44;4;2210;0.9383102105326605
44;4;2220;0.9506108302839194
44;4;2230;0.9660064701528719
44;4;2240;0.9850540438878149
44;4;2250;1.009224212928096
44;4;2260;1.0265959100647641
44;4;2270;1.0252935737099895
44;4;2280;0.9956650916121307
44;4;2290;0.9727123933798618
44;4;2300;0.9593963546696067
44;4;2310;0.9331084691263993
44;4;2320;0.8798664023558148
44;4;2330;0.8497234974481256
44;4;2340;0.8288165079833364
44;4;2350;0.8172811902229662
44;4;2360;0.8102165871716028
44;4;2370;0.8138551961770235
44;4;2380;0.825340089494556
44;4;2390;0.8435540711642288
44;4;2400;0.8705996705843354
44;4;2410;0.9022635328253434
44;4;2420;0.9384546486840253
44;4;2430;0.9924361956660865
44;4;2440;1.0597394050126703
44;4;2448;1.1148860725193948
45;1;405;1.439301409324359
45;1;415;1.3958959967504734
45;1;425;1.341791038142268
45;1;435;1.288697713258383
45;1;445;1.2409863821173563
45;1;455;1.1870350973179717
45;1;465;1.1425250723731304
45;1;475;1.0976758397220259
45;1;485;1.0489125764364104
45;1;495;0.9971454689982788
45;1;505;0.9196043458096863
45;1;515;0.8128685492202398
45;1;525;0.8117559918518963
45;1;535;0.8733252476345553
45;1;545;0.9411161054257201
45;1;555;0.9903887468956787
45;1;565;0.9588630597823221
45;1;575;0.8908464519725091
45;1;585;0.8600743846906873
45;1;595;0.8451112788934863
45;1;605;0.8278755859440928
45;1;615;0.809535404053597
45;1;625;0.8037601777268533
45;1;635;0.802923520692445
45;1;645;0.7964464996369792
45;1;655;0.8031587781435994
45;1;665;0.817233837108627
45;1;675;0.8378283392793746
45;1;685;0.8555597055729361
45;1;695;0.8257804630215239
45;1;703;1.3909475034276186
45;1;712;1.7164125166199793
45;1;722;1.5455702842405499
45;1;731;0.9871229822671488
45;1;741;0.7640496429785343
45;1;751;0.9202929434807915
45;1;761;0.9408966544111741
45;1;771;0.9140521692629859
45;1;781;0.8868535544553261
45;1;791;0.8752367544485806
45;1;801;0.866679801924313
45;1;811;0.857076428456474
45;1;821;0.8436605416905825
45;1;831;0.8264013473199402
45;1;841;0.8096706957169686
45;1;851;0.8011868062141086
45;1;861;0.8006300476227304
45;1;871;0.8041319289825858
45;1;881;0.8088416439178623
45;1;891;0.812739305669276
45;1;901;0.8165371528858566
45;1;911;0.8194904620622293
45;1;921;0.8229097956015211
45;1;931;0.8229083849963756
45;1;941;0.8268382467769488
45;1;951;0.8251456354923564
45;1;961;0.8257106311716603
45;1;971;0.8274392958313286
45;1;981;0.8268100181116802
45;1;991;0.8346578591457271
45;1;1001;0.8444437696064044
45;1;1011;0.8458628874281474
45;1;1021;0.8388862040736446
45;1;1031;0.8307481814271469
45;1;1041;0.8266520809994008
45;1;1051;0.8219969437840158
45;1;1061;0.8143005118316341
45;1;1071;0.8093620279445383
45;1;1081;0.8066926488907864
45;1;1091;0.8002876731055111
45;1;1101;0.7965948076007751
45;1;1111;0.7933609387408483
45;1;1121;0.7936222127656591
45;1;1131;0.7925241806131587
45;1;1141;0.7937171040155022
45;1;1151;0.806958473104675
45;1;1161;0.8155990057066654
45;1;1171;0.8101506929123079
45;1;1181;0.8072983817600895
45;1;1191;0.806673452406885
45;1;1201;0.8096447576997392
45;1;1211;0.8097718582201864
45;1;1221;0.8073606097091016
45;1;1231;0.805029820041071
45;1;1241;0.8052231915414352
45;1;1251;0.8082595728018225
45;1;1261;0.8076940202500185
45;1;1271;0.8091283679180401
45;1;1281;0.811043896189161
45;1;1291;0.8159091521108726
45;1;1301;0.8224783501147256
45;1;1311;0.8330733810357345
45;1;1321;0.8612590301918472
45;1;1331;0.9642871836384496
45;1;1341;1.2713266664352898
45;1;1350;1.8177551645234444
45;1;1360;1.9715518527093014
45;1;1370;1.6511675417523666
45;1;1380;1.2064773915748814
45;1;1390;0.9363376773679132
45;1;1400;0.8469807211129438
45;1;1410;0.8154720911320469
45;1;1420;0.7907799863588388
45;1;1430;0.7978597305346686
45;1;1440;0.8452412522872864
45;1;1450;0.8989463370115444
45;1;1460;0.9390641608314062
45;1;1470;0.9690460092060164
45;1;1480;0.9900476267244361
45;1;1490;1.003319767839782
45;1;1500;1.0084098207499606
45;1;1510;1.0028496121846069
45;1;1520;0.9899003757794512
45;1;1530;0.9629954101231718
45;1;1540;0.9285263223874504
45;1;1550;0.8925324928806212
45;1;1560;0.8540911488300004
45;1;1570;0.8108228277461242
45;1;1580;0.7732761324396124
45;1;1590;0.7439603552861922
45;1;1600;0.7188498757819045
45;1;1610;0.6989413278734398
45;1;1620;0.6817491102265276
45;1;1630;0.6719245092656999
45;1;1640;0.6688303470540468
45;1;1650;0.6801957181284718
45;1;1660;0.712536954423183
45;1;1670;0.7609707578056086
45;1;1680;0.8464155743441454
45;1;1690;0.9891044041538657
45;1;1700;1.1404923370729372
45;1;1710;1.246481711088283
45;1;1720;1.2915743395857682
45;1;1730;1.2366430066124297
45;1;1740;1.1420967969027118
45;1;1750;1.088888065191881
45;1;1760;1.0408700495556553
45;1;1770;0.9947665717748971
45;1;1780;0.9904274601614926
45;1;1790;1.0002884155598655
45;1;1800;1.027725257506916
45;1;1810;1.0424877969722972
45;1;1820;1.0536420790081586
45;1;1830;1.068900148393434
45;1;1840;1.059313935930575
45;1;1850;1.003663128168141
45;1;1860;0.9210972853312316
45;1;1870;0.829467219997833
45;1;1880;0.7872400613811742
45;1;1890;0.8885627080005291
45;1;1900;1.3006776282455277
45;1;1910;1.7439216495834484
45;1;1920;1.9467434494135587
45;1;1930;1.9886781490887233
45;1;1940;1.928107111021707
45;1;1950;1.810606045095035
45;1;1960;1.6804482494332378
45;1;1970;1.5601591247079942
45;1;1980;1.460156417040171
45;1;1990;1.3754959181776412
45;1;2000;1.3035753825236407
45;1;2010;1.241997267904832
45;1;2020;1.1856462588012553
45;1;2030;1.1326616446823936
45;1;2040;1.0818256780805136
45;1;2050;1.0327455662730596
45;1;2060;0.9744567579162687
45;1;2070;0.9107373679068108
45;1;2080;0.8557433837378587
45;1;2090;0.8148169310762254
45;1;2100;0.7928670705517358
45;1;2110;0.7872951100218745
45;1;2120;0.7946063047516226
45;1;2130;0.8109344802796309
45;1;2140;0.8292371231827421
45;1;2150;0.8431264407394236
45;1;2160;0.8568642525020727
45;1;2170;0.8670056424113162
45;1;2180;0.8825028441025655
45;1;2190;0.9060222336616853
45;1;2200;0.9217619598117948
45;1;2210;0.9334971128394962
45;1;2220;0.9450342821763195
45;1;2230;0.961000331499976
45;1;2240;0.9839665281239728
45;1;2250;1.0135981133299756
45;1;2260;1.0379113501237491
45;1;2270;1.0465658597851455
45;1;2280;1.0172232275649669
45;1;2290;0.9931349566878898
45;1;2300;0.9767040022067299
45;1;2310;0.9503216718252347
45;1;2320;0.8929473593398404
45;1;2330;0.8543926663371504
45;1;2340;0.8259978829017168
45;1;2350;0.8079716088712201
45;1;2360;0.7941607810849154
45;1;2370;0.7925732132021981
45;1;2380;0.7989799580768359
45;1;2390;0.8128733204348341
45;1;2400;0.8351697804494633
45;1;2410;0.8585412912780974
45;1;2420;0.889303389195966
45;1;2430;0.936496158549801
45;1;2440;0.9949133353333733
45;1;2448;1.052768380019307
45;2;405;1.3764832084717291
45;2;415;1.3445197540224123
45;2;425;1.30822837938363
45;2;435;1.2645536080392363
45;2;445;1.2309244210970864
45;2;455;1.1914651749471505
45;2;465;1.1575995277777649
45;2;475;1.1230048977581433
45;2;485;1.0877812159435867
45;2;495;1.0478138879863104
45;2;505;0.9855274962166
45;2;515;0.8895222984331123
45;2;525;0.8525520440625557
45;2;535;0.8799357605788224
45;2;545;0.9231024055696572
45;2;555;0.9604426658949199
45;2;565;0.9417386752217246
45;2;575;0.9004553566817197
45;2;585;0.884565220162877
45;2;595;0.8779006659367308
45;2;605;0.8708620858972566
45;2;615;0.8657208828424845
45;2;625;0.8654763250282107
45;2;635;0.8654043235298886
45;2;645;0.8711992390544226
45;2;655;0.8836087016180372
45;2;665;0.899905523515908
45;2;675;0.920084798112726
45;2;685;0.9370935470896766
45;2;695;0.8638534699437601
45;2;703;1.260009053985122
45;2;712;1.5079543079762836
45;2;722;1.3516008908247095
45;2;731;0.9029315705862833
45;2;741;0.8046103747471584
45;2;751;0.9708387596746002
45;2;761;0.9995464381175754
45;2;771;0.9801877631171688
45;2;781;0.9565202332963095
45;2;791;0.9462552174827379
45;2;801;0.9385789240471756
45;2;811;0.9294926730401247
45;2;821;0.9175802048876968
45;2;831;0.9009402591872095
45;2;841;0.884419882608088
45;2;851;0.8730635334589825
45;2;861;0.8679824248370744
45;2;871;0.8666656121055135
45;2;881;0.8669636884593183
45;2;891;0.8677416433579557
45;2;901;0.86874000041502
45;2;911;0.8694433544364883
45;2;921;0.8704733365669499
45;2;931;0.8702464538922366
45;2;941;0.8716388934039908
45;2;951;0.8708683467286209
45;2;961;0.8705509996479589
45;2;971;0.8710106185024626
45;2;981;0.8703969933742706
45;2;991;0.8737517199563555
45;2;1001;0.8780353787320998
45;2;1011;0.8754455132791
45;2;1021;0.8737062074222173
45;2;1031;0.868894835744762
45;2;1041;0.8663076322672371
45;2;1051;0.8648710571868785
45;2;1061;0.8627597096369805
45;2;1071;0.860780280802731
45;2;1081;0.8595735177950962
45;2;1091;0.8562502570509688
45;2;1101;0.8547842902949194
45;2;1111;0.8548970881701073
45;2;1121;0.8575696899198201
45;2;1131;0.8598856152410124
45;2;1141;0.8675626236993009
45;2;1151;0.8841578593941929
45;2;1161;0.8934199887154295
45;2;1171;0.8897397426185377
45;2;1181;0.8874032827586003
45;2;1191;0.8884236734371114
45;2;1201;0.8905365233948216
45;2;1211;0.88913434217149
45;2;1221;0.8855706490903896
45;2;1231;0.8816375288334255
45;2;1241;0.8808858424249639
45;2;1251;0.8835879353006681
45;2;1261;0.8832542373719791
45;2;1271;0.882639452040153
45;2;1281;0.8827467215584414
45;2;1291;0.8864562159192566
45;2;1301;0.8912093311394043
45;2;1311;0.8993047857792912
45;2;1321;0.9192885152734623
45;2;1331;0.9997359730892005
45;2;1341;1.2159319469930514
45;2;1350;1.5311681909031227
45;2;1360;1.637914798683442
45;2;1370;1.48471948172699
45;2;1380;1.1240466177669524
45;2;1390;0.9129111947586016
45;2;1400;0.8623347773626899
45;2;1410;0.8509405162762357
45;2;1420;0.8482045211466347
45;2;1430;0.8684356855083917
45;2;1440;0.911878755355489
45;2;1450;0.9552515900705338
45;2;1460;0.9864440833577984
45;2;1470;1.009428684167434
45;2;1480;1.0260722945233565
45;2;1490;1.0353851469479864
45;2;1500;1.0386023098501327
45;2;1510;1.0324267953921398
45;2;1520;1.0195079917561962
45;2;1530;0.9950093928576628
45;2;1540;0.9647968364829923
45;2;1550;0.9322385641823835
45;2;1560;0.896362640640144
45;2;1570;0.8573347652217366
45;2;1580;0.8234849468803747
45;2;1590;0.7939995118103034
45;2;1600;0.7648148422455985
45;2;1610;0.7340127944138592
45;2;1620;0.7068806197610679
45;2;1630;0.685021650318588
45;2;1640;0.6667392908055078
45;2;1650;0.6634438325970935
45;2;1660;0.6729570382670564
45;2;1670;0.7100508066697571
45;2;1680;0.7818533216243093
45;2;1690;0.9051591377619485
45;2;1700;1.034163899999697
45;2;1710;1.122737833774407
45;2;1720;1.156582720436586
45;2;1730;1.1148425899557681
45;2;1740;1.0435831951975538
45;2;1750;1.0123770848871758
45;2;1760;0.9749711732773592
45;2;1770;0.9409104991670936
45;2;1780;0.9398260726200843
45;2;1790;0.944776682570477
45;2;1800;0.9619354120943676
45;2;1810;0.9711981283340165
45;2;1820;0.9785157927438656
45;2;1830;0.9969632261110465
45;2;1840;0.9912959973787514
45;2;1850;0.952410351612888
45;2;1860;0.8999644774526733
45;2;1870;0.8560769458579792
45;2;1880;0.8595854026901579
45;2;1890;0.9766946715116334
45;2;1900;1.3120827008215388
45;2;1910;1.6575838757019499
45;2;1920;1.8139209048937843
45;2;1930;1.8471358003567795
45;2;1940;1.7937941431674245
45;2;1950;1.6988943521380897
45;2;1960;1.5958888027770908
45;2;1970;1.5013335338585336
45;2;1980;1.423119123815919
45;2;1990;1.356829561894326
45;2;2000;1.3011658846021326
45;2;2010;1.2522009783708787
45;2;2020;1.2064244134041526
45;2;2030;1.1621990435994052
45;2;2040;1.1186425661402828
45;2;2050;1.077708709853118
45;2;2060;1.0273269322389131
45;2;2070;0.9738393419958435
45;2;2080;0.9265250573143076
45;2;2090;0.8889086071906225
45;2;2100;0.8652589391931047
45;2;2110;0.8530276749539819
45;2;2120;0.8502611010469525
45;2;2130;0.8540437746073094
45;2;2140;0.860655317037473
45;2;2150;0.8654396400139479
45;2;2160;0.8706620073330092
45;2;2170;0.8746223844183135
45;2;2180;0.8829697364430695
45;2;2190;0.8960296304893101
45;2;2200;0.9081934461999386
45;2;2210;0.9135235305106818
45;2;2220;0.922437144237553
45;2;2230;0.9317873356240176
45;2;2240;0.9443296538970999
45;2;2250;0.9607402130249435
45;2;2260;0.9744130504416627
45;2;2270;0.9752365286657636
45;2;2280;0.9585981557900763
45;2;2290;0.943884475069328
45;2;2300;0.9335269464787918
45;2;2310;0.9202816197594959
45;2;2320;0.8900898040133872
45;2;2330;0.8722591364716308
45;2;2340;0.8605968294588217
45;2;2350;0.8562506369191524
45;2;2360;0.8561794608486615
45;2;2370;0.8622893946410138
45;2;2380;0.8726558376912279
45;2;2390;0.8856183513469429
45;2;2400;0.9033641345593856
45;2;2410;0.920060274181527
45;2;2420;0.9383683952499112
45;2;2430;0.9716846465115502
45;2;2440;1.0100306534949586
45;2;2448;1.039350295420902
45;3;405;1.4148572418811147
45;3;415;1.3557532074771972
45;3;425;1.3021557752187334
45;3;435;1.2493239014188402
45;3;445;1.1971358075673733
45;3;455;1.1439337884823784
45;3;465;1.0973922445203521
45;3;475;1.0552324489306661
45;3;485;1.0115546200675787
45;3;495;0.96898907789921
45;3;505;0.9171563192106257
45;3;515;0.8518511164665019
45;3;525;0.805979177779995
45;3;535;0.7874708884087817
45;3;545;0.7978927016608329
45;3;555;0.8211309053722393
45;3;565;0.8388573762883069
45;3;575;0.843951339646883
45;3;585;0.8464448273743198
45;3;595;0.8455590231481596
45;3;605;0.8413782398881312
45;3;615;0.8337388356189882
45;3;625;0.8303990942171328
45;3;635;0.8294935713731169
45;3;645;0.8216519720957945
45;3;655;0.8216881182256301
45;3;665;0.8280421593259026
45;3;675;0.8422100810603999
45;3;685;0.8590603012338419
45;3;695;0.8245510119465341
45;3;703;0.9638305746767556
45;3;712;1.1354293466013674
45;3;722;0.9661424587707209
45;3;731;0.6859639676009222
45;3;741;0.8427566661427548
45;3;751;0.9702809933910188
45;3;761;0.971391845189759
45;3;771;0.9436457550496713
45;3;781;0.9201619137791872
45;3;791;0.9075786574513061
45;3;801;0.8988503054093704
45;3;811;0.889377614057692
45;3;821;0.8759169003881275
45;3;831;0.8593902450247366
45;3;841;0.8413561864492599
45;3;851;0.831209557236954
45;3;861;0.8288695631911944
45;3;871;0.8309018283079214
45;3;881;0.8349975878485707
45;3;891;0.8384036776662452
45;3;901;0.8424268989848751
45;3;911;0.8458113114541297
45;3;921;0.8501578536426215
45;3;931;0.850665676745491
45;3;941;0.8545250080719964
45;3;951;0.8526305696744393
45;3;961;0.8526069924147903
45;3;971;0.857824392413976
45;3;981;0.8616812276101942
45;3;991;0.8741877986431462
45;3;1001;0.8842627507742309
45;3;1011;0.8905522477517696
45;3;1021;0.8804250863739006
45;3;1031;0.8741691076838466
45;3;1041;0.8711571157805801
45;3;1051;0.8715605355775449
45;3;1061;0.8642983615371871
45;3;1071;0.8602259037446798
45;3;1081;0.8584078844038416
45;3;1091;0.8473992661135659
45;3;1101;0.8400335218089166
45;3;1111;0.8330086108058244
45;3;1121;0.8315616179272336
45;3;1131;0.8271171200725521
45;3;1141;0.8210572376475306
45;3;1151;0.8305346381591409
45;3;1161;0.8376394213133471
45;3;1171;0.8310976682633333
45;3;1181;0.8278717011847004
45;3;1191;0.8262769246462461
45;3;1201;0.8250166674818448
45;3;1211;0.8224308156218157
45;3;1221;0.8201762862290392
45;3;1231;0.8180848583582934
45;3;1241;0.817105628275232
45;3;1251;0.8156368980304625
45;3;1261;0.8144543592941766
45;3;1271;0.8147410444356363
45;3;1281;0.8144923142808203
45;3;1291;0.815023435397951
45;3;1301;0.8201031006754428
45;3;1311;0.8330585879396692
45;3;1321;0.8631594369795874
45;3;1331;0.9785828158935375
45;3;1341;1.3169114490082672
45;3;1350;1.8631539062183364
45;3;1360;2.116091777424747
45;3;1370;1.9413995574879401
45;3;1380;1.5049316315180732
45;3;1390;1.1529025515861904
45;3;1400;0.9940388778280197
45;3;1410;0.9179763697698939
45;3;1420;0.8528485268723921
45;3;1430;0.8208605558030878
45;3;1440;0.834063413149035
45;3;1450;0.8641896502671772
45;3;1460;0.8897983124487276
45;3;1470;0.9103692258190629
45;3;1480;0.9259213135164688
45;3;1490;0.9352176616677216
45;3;1500;0.9387301320400713
45;3;1510;0.9377872416096801
45;3;1520;0.9328053058902983
45;3;1530;0.9182571454041685
45;3;1540;0.9017992199593994
45;3;1550;0.8850708113482
45;3;1560;0.86234590987677
45;3;1570;0.8331845311607777
45;3;1580;0.8044805294614379
45;3;1590;0.7738922105358775
45;3;1600;0.7380223310264834
45;3;1610;0.7024923876517597
45;3;1620;0.672319709147494
45;3;1630;0.6447246194183718
45;3;1640;0.6249823942606187
45;3;1650;0.6183965831303498
45;3;1660;0.6320377844182667
45;3;1670;0.673862344187199
45;3;1680;0.7465118357607661
45;3;1690;0.8470361304064309
45;3;1700;0.9709129646770936
45;3;1710;1.0820889905266244
45;3;1720;1.162830453845379
45;3;1730;1.146080664433477
45;3;1740;1.0782962175318267
45;3;1750;1.0581406107387092
45;3;1760;1.0388223534676744
45;3;1770;1.0130913324360011
45;3;1780;1.015808656201031
45;3;1790;1.0424473286446967
45;3;1800;1.0873931844296707
45;3;1810;1.1109468432120608
45;3;1820;1.1355237652854946
45;3;1830;1.1108258744110027
45;3;1840;1.0418903823532748
45;3;1850;1.012628573814422
45;3;1860;0.9569533843629947
45;3;1870;0.876093050952716
45;3;1880;0.817010720288855
45;3;1890;0.9053022055723763
45;3;1900;1.3738151312388136
45;3;1910;1.870949274947995
45;3;1920;2.078353776419776
45;3;1930;2.10065679942447
45;3;1940;2.0076938390781565
45;3;1950;1.859515174957962
45;3;1960;1.7019790244968114
45;3;1970;1.5586755983372034
45;3;1980;1.4422037664177831
45;3;1990;1.3454896190580679
45;3;2000;1.2646866648352064
45;3;2010;1.1991667095459726
45;3;2020;1.145181195994198
45;3;2030;1.1000328081081001
45;3;2040;1.0603897567074796
45;3;2050;1.027844764460736
45;3;2060;0.9880565225506348
45;3;2070;0.9448534265450753
45;3;2080;0.9062693928510733
45;3;2090;0.8710974052080347
45;3;2100;0.8447264261806982
45;3;2110;0.8257541127755061
45;3;2120;0.8148365889356904
45;3;2130;0.8120253656133499
45;3;2140;0.8159779807299603
45;3;2150;0.8235267289821545
45;3;2160;0.8338766829455417
45;3;2170;0.8440949349847144
45;3;2180;0.8605965331373225
45;3;2190;0.881688856107469
45;3;2200;0.9018766915213049
45;3;2210;0.9147163433814657
45;3;2220;0.9284828702511263
45;3;2230;0.9430431923564946
45;3;2240;0.9562787890403086
45;3;2250;0.9636979908810307
45;3;2260;0.9588912375204113
45;3;2270;0.9375931026112303
45;3;2280;0.9012276323836551
45;3;2290;0.8864471669715526
45;3;2300;0.8868286147689735
45;3;2310;0.8691502589517675
45;3;2320;0.8397261800863104
45;3;2330;0.8299581232116303
45;3;2340;0.8243933840552126
45;3;2350;0.8216267818968719
45;3;2360;0.8237836873812721
45;3;2370;0.8310009550954982
45;3;2380;0.8458998092090716
45;3;2390;0.86459979851105
45;3;2400;0.8954686357817048
45;3;2410;0.9350128179305317
45;3;2420;0.9850987678071326
45;3;2430;1.0508485021884595
45;3;2440;1.1254795467912682
45;3;2448;1.195412895122918
45;4;405;1.4399423190611365
45;4;415;1.3884373414655293
45;4;425;1.335327278142618
45;4;435;1.2760301817355848
45;4;445;1.2246249508270455
45;4;455;1.1683181411525605
45;4;465;1.1195343124329242
45;4;475;1.0721638258828512
45;4;485;1.0230683620356342
45;4;495;0.9726857654969965
45;4;505;0.9042532876336642
45;4;515;0.815955063883297
45;4;525;0.7903004052804986
45;4;535;0.8098454814430369
45;4;545;0.8509398502010405
45;4;555;0.8902989002352406
45;4;565;0.8872521527423849
45;4;575;0.8589440632133355
45;4;585;0.8459431672789259
45;4;595;0.8386425318197082
45;4;605;0.8271319748939018
45;4;615;0.8123762115077295
45;4;625;0.8067921488040299
45;4;635;0.8062762255131922
45;4;645;0.7939538507391983
45;4;655;0.7930086417018666
45;4;665;0.7996341494896878
45;4;675;0.8150408712375793
45;4;685;0.8336754182749528
45;4;695;0.8139869867696267
45;4;703;1.1777038929933896
45;4;712;1.4409204740783106
45;4;722;1.2606726576235485
45;4;731;0.7982528978360536
45;4;741;0.7839460769361323
45;4;751;0.9422362707476605
45;4;761;0.9526772391125902
45;4;771;0.9210415864229974
45;4;781;0.8918764086459764
45;4;791;0.879197409862925
45;4;801;0.8699984098974564
45;4;811;0.8597545830208723
45;4;821;0.8457079932642612
45;4;831;0.8273394738718526
45;4;841;0.8096366610960597
45;4;851;0.8004007084170915
45;4;861;0.7998453634186264
45;4;871;0.8035104474017079
45;4;881;0.8088250522398877
45;4;891;0.8131509800328547
45;4;901;0.8180512590229364
45;4;911;0.8217758571845156
45;4;921;0.8261392336265988
45;4;931;0.8264474201764141
45;4;941;0.8317349862597638
45;4;951;0.8298237464391023
45;4;961;0.8307071134408384
45;4;971;0.8348800506130267
45;4;981;0.8365979607988568
45;4;991;0.8473485505725977
45;4;1001;0.8592790312690967
45;4;1011;0.8637119504099328
45;4;1021;0.8590857655873573
45;4;1031;0.8463758519033618
45;4;1041;0.8397248768891948
45;4;1051;0.8371539015527578
45;4;1061;0.8264130251791427
45;4;1071;0.8214532827997918
45;4;1081;0.8186806175070714
45;4;1091;0.8103762992382009
45;4;1101;0.8044648665463338
45;4;1111;0.7996878018161127
45;4;1121;0.798392318793607
45;4;1131;0.7952048725245061
45;4;1141;0.7910894278847642
45;4;1151;0.8000409029810033
45;4;1161;0.8065898511300602
45;4;1171;0.8012052097093844
45;4;1181;0.7983662148101321
45;4;1191;0.7976809903643428
45;4;1201;0.7982009577950252
45;4;1211;0.7968011602825471
45;4;1221;0.7941957207120178
45;4;1231;0.7915095310507234
45;4;1241;0.7908922679435103
45;4;1251;0.7910649446059359
45;4;1261;0.7905017979517907
45;4;1271;0.7907071142653597
45;4;1281;0.7909425346056305
45;4;1291;0.7941369932102041
45;4;1301;0.7999855243734423
45;4;1311;0.8139071421421963
45;4;1321;0.8445860114239245
45;4;1331;0.9504469484422703
45;4;1341;1.2471627238489085
45;4;1350;1.7840569759433245
45;4;1360;2.055325743606796
45;4;1370;1.800282103463374
45;4;1380;1.3258031495743545
45;4;1390;1.005338575486775
45;4;1400;0.8846137346988702
45;4;1410;0.8354665613013698
45;4;1420;0.7957216723219213
45;4;1430;0.7925060928199521
45;4;1440;0.8347295396471149
45;4;1450;0.8867058637042949
45;4;1460;0.9260073434761359
45;4;1470;0.9557418762389218
45;4;1480;0.9775770153663564
45;4;1490;0.9916445669451338
45;4;1500;0.9979526095528272
45;4;1510;0.9955309339709456
45;4;1520;0.9867559374478116
45;4;1530;0.9649890645398606
45;4;1540;0.9372609684591411
45;4;1550;0.9075159699575168
45;4;1560;0.8752565395152216
45;4;1570;0.835197971333637
45;4;1580;0.7978838863611193
45;4;1590;0.7661387878883583
45;4;1600;0.7321159740418677
45;4;1610;0.6989731827903893
45;4;1620;0.6719607184673604
45;4;1630;0.6460911529010248
45;4;1640;0.6259009982797219
45;4;1650;0.6183269368889623
45;4;1660;0.63144200887384
45;4;1670;0.6728595736913556
45;4;1680;0.7598497153321516
45;4;1690;0.8999957575190365
45;4;1700;1.0677999135808343
45;4;1710;1.1958197505976844
45;4;1720;1.2598299343360377
45;4;1730;1.2108526640595512
45;4;1740;1.123903180888777
45;4;1750;1.0815936093151959
45;4;1760;1.0437819522582823
45;4;1770;1.0022253588307142
45;4;1780;1.0015762528323586
45;4;1790;1.0218050571088928
45;4;1800;1.0521683380749733
45;4;1810;1.0750466823057139
45;4;1820;1.101001779130056
45;4;1830;1.1291534398918628
45;4;1840;1.138599965423795
45;4;1850;1.0782237226512117
45;4;1860;0.9809389542416017
45;4;1870;0.8638058067690041
45;4;1880;0.7894095164873103
45;4;1890;0.8894300911294802
45;4;1900;1.3587442024604257
45;4;1910;1.8335668006915353
45;4;1920;2.0384457452375075
45;4;1930;2.0694377935318893
45;4;1940;1.9964884253456927
45;4;1950;1.8669081348998016
45;4;1960;1.7232641246929514
45;4;1970;1.591373860999324
45;4;1980;1.4802822826947695
45;4;1990;1.3855313187521514
45;4;2000;1.306761335672465
45;4;2010;1.238151616418843
45;4;2020;1.177078359208233
45;4;2030;1.1212811568738859
45;4;2040;1.0683103006996504
45;4;2050;1.018643234398547
45;4;2060;0.9613397963887979
45;4;2070;0.9011281917204887
45;4;2080;0.8498883033485148
45;4;2090;0.8121552727171325
45;4;2100;0.7920266110090141
45;4;2110;0.7870773913645752
45;4;2120;0.7944103277234601
45;4;2130;0.811258899936099
45;4;2140;0.8320884405383977
45;4;2150;0.8482382145395381
45;4;2160;0.8673635357552838
45;4;2170;0.8800027874973687
45;4;2180;0.898747710673721
45;4;2190;0.9244179574200114
45;4;2200;0.9465553842225333
45;4;2210;0.9590170228420906
45;4;2220;0.9757101749624733
45;4;2230;0.9916694482717785
45;4;2240;1.015217905203776
45;4;2250;1.0410421169809165
45;4;2260;1.0576275764900493
45;4;2270;1.0534919223776562
45;4;2280;1.0166713660846338
45;4;2290;0.9926287670082818
45;4;2300;0.9788860693634004
45;4;2310;0.9488392933186119
45;4;2320;0.8893735924008372
45;4;2330;0.8525521873495722
45;4;2340;0.8268688101910326
45;4;2350;0.8090447863814564
45;4;2360;0.795111921924291
45;4;2370;0.7943808568949766
45;4;2380;0.8024783756080381
45;4;2390;0.8190730317745338
45;4;2400;0.8474420204565757
45;4;2410;0.8803795919609175
45;4;2420;0.9192100554016512
45;4;2430;0.9765835822069804
45;4;2440;1.047906243684271
45;4;2448;1.1141424985709956
46;1;405;1.4610239597385468
46;1;415;1.404785797277007
46;1;425;1.3478372199906534
46;1;435;1.2890149645030964
46;1;445;1.2373237953301377
46;1;455;1.1818837761941239
46;1;465;1.1332772486497644
46;1;475;1.0880431918981373
46;1;485;1.0431411832561188
46;1;495;0.9968995938993225
46;1;505;0.9341612652841521
46;1;515;0.8468209519042199
46;1;525;0.7970066433808772
46;1;535;0.7983333241770382
46;1;545;0.8282674216406293
46;1;555;0.8637121146765916
46;1;565;0.8667311375688272
46;1;575;0.8486391020592169
46;1;585;0.8414954626897418
46;1;595;0.8373761296765786
46;1;605;0.8310042578098169
46;1;615;0.8224200929557892
46;1;625;0.8191649589242991
46;1;635;0.8184717786397817
46;1;645;0.8129669030893489
46;1;655;0.8154917051450854
46;1;665;0.8235550823805338
46;1;675;0.8389491611623298
46;1;685;0.8568728046777385
46;1;695;0.8203451328547178
46;1;703;1.1355997219449094
46;1;712;1.378752713783972
46;1;722;1.186621099574374
46;1;731;0.7372908018369497
46;1;741;0.8274266204071493
46;1;751;0.9943918229522756
46;1;761;1.0032361980804945
46;1;771;0.9699560297463242
46;1;781;0.9379183917448854
46;1;791;0.9217118090866909
46;1;801;0.9092418372196833
46;1;811;0.8958224227899387
46;1;821;0.8797300105032372
46;1;831;0.8585045253553171
46;1;841;0.8370359128268018
46;1;851;0.8233930451515322
46;1;861;0.8187298215093388
46;1;871;0.8189754258225982
46;1;881;0.8216095511572189
46;1;891;0.824703640643388
46;1;901;0.8284139397066699
46;1;911;0.8317703045106625
46;1;921;0.8359648526980887
46;1;931;0.8368319201179506
46;1;941;0.8427440728000217
46;1;951;0.8412470974235848
46;1;961;0.8441578790131564
46;1;971;0.8493105685196481
46;1;981;0.8538169784433693
46;1;991;0.8674450356777402
46;1;1001;0.8771602941202266
46;1;1011;0.8844549588233056
46;1;1021;0.8816989578710451
46;1;1031;0.8691448718671976
46;1;1041;0.866111709217679
46;1;1051;0.8659689206340103
46;1;1061;0.8586277069299099
46;1;1071;0.8587313913292794
46;1;1081;0.8594215878640393
46;1;1091;0.8538794478812527
46;1;1101;0.8474141442519749
46;1;1111;0.8375134723896615
46;1;1121;0.8320358398560352
46;1;1131;0.8247070701099695
46;1;1141;0.8117990188222483
46;1;1151;0.8100769539104785
46;1;1161;0.8137550712276447
46;1;1171;0.8106890073707727
46;1;1181;0.8099939686611045
46;1;1191;0.8101404192459423
46;1;1201;0.8103359884741731
46;1;1211;0.8092652108471428
46;1;1221;0.8068430941128403
46;1;1231;0.8046915899348142
46;1;1241;0.8040102088299318
46;1;1251;0.8038129225378403
46;1;1261;0.8026185381785897
46;1;1271;0.8018736860899552
46;1;1281;0.8010338728301182
46;1;1291;0.8008400057848535
46;1;1301;0.8014902838395621
46;1;1311;0.8027992157062821
46;1;1321;0.8078261290856793
46;1;1331;0.8586386158590187
46;1;1341;1.0790010166134685
46;1;1350;1.552788114218891
46;1;1360;1.860266586879286
46;1;1370;1.718289362446226
46;1;1380;1.3005667826479033
46;1;1390;0.9991514912423292
46;1;1400;0.8895899707048598
46;1;1410;0.8474650499250629
46;1;1420;0.8157096593578619
46;1;1430;0.8109534020462236
46;1;1440;0.8407955777519467
46;1;1450;0.8797207241105046
46;1;1460;0.9103952947322508
46;1;1470;0.9326602264664661
46;1;1480;0.9484086050956447
46;1;1490;0.9585440844626705
46;1;1500;0.9623354196869331
46;1;1510;0.9582252810409234
46;1;1520;0.9493788372702373
46;1;1530;0.9285375816498121
46;1;1540;0.9022781370320853
46;1;1550;0.8771064077830514
46;1;1560;0.8469774873999077
46;1;1570;0.8118884656227899
46;1;1580;0.7816140883079464
46;1;1590;0.7541498633904681
46;1;1600;0.7239158945894233
46;1;1610;0.6912766254368182
46;1;1620;0.659292491106854
46;1;1630;0.6290205900056366
46;1;1640;0.60521676421836
46;1;1650;0.5915857556425342
46;1;1660;0.6027557351735549
46;1;1670;0.6443816740419248
46;1;1680;0.720997445673431
46;1;1690;0.8621033067287059
46;1;1700;1.025447286129858
46;1;1710;1.1408300043598623
46;1;1720;1.1953623648777132
46;1;1730;1.1613428297925
46;1;1740;1.0821977508140332
46;1;1750;1.0543487502478257
46;1;1760;1.01728682830582
46;1;1770;0.9770798870151037
46;1;1780;0.9754114491224103
46;1;1790;0.9926988417151132
46;1;1800;1.0169526852020874
46;1;1810;1.0359029589560016
46;1;1820;1.0514535076244473
46;1;1830;1.0899546536431948
46;1;1840;1.088191375019677
46;1;1850;1.0265803082184963
46;1;1860;0.9404355659530608
46;1;1870;0.845177782004822
46;1;1880;0.8053212462469644
46;1;1890;0.9626492274244418
46;1;1900;1.4892157724829191
46;1;1910;1.9801377988478595
46;1;1920;2.1675261359942968
46;1;1930;2.172386031355036
46;1;1940;2.072389215747232
46;1;1950;1.9228151281552797
46;1;1960;1.7599824722398394
46;1;1970;1.6133316676869418
46;1;1980;1.4931091415694024
46;1;1990;1.393131391112487
46;1;2000;1.3087367812939426
46;1;2010;1.2370831982233994
46;1;2020;1.175178945398328
46;1;2030;1.1197393162828142
46;1;2040;1.067145156227561
46;1;2050;1.0197918317816932
46;1;2060;0.9638782279426764
46;1;2070;0.9075752843317976
46;1;2080;0.8609433920537907
46;1;2090;0.8266923281566964
46;1;2100;0.8093130829724965
46;1;2110;0.8057777803098074
46;1;2120;0.812700242524603
46;1;2130;0.8264788047622103
46;1;2140;0.8422953384459664
46;1;2150;0.8526483400444675
46;1;2160;0.8639330455832014
46;1;2170;0.8720353276262013
46;1;2180;0.8850117868056587
46;1;2190;0.9040366127854321
46;1;2200;0.9174509179227989
46;1;2210;0.9262330031209906
46;1;2220;0.9348145984997779
46;1;2230;0.946259904703417
46;1;2240;0.961501435002089
46;1;2250;0.9801027475161493
46;1;2260;0.9940950322424646
46;1;2270;0.9931098395542927
46;1;2280;0.968584374578758
46;1;2290;0.9432860658394443
46;1;2300;0.9285040025202593
46;1;2310;0.9070357472354094
46;1;2320;0.8621394763978919
46;1;2330;0.8365441457039126
46;1;2340;0.8194863612512359
46;1;2350;0.8119312594190881
46;1;2360;0.8108168119973316
46;1;2370;0.8199210647396176
46;1;2380;0.8370563879290974
46;1;2390;0.8617015772902985
46;1;2400;0.8963820718226643
46;1;2410;0.9335387296966724
46;1;2420;0.979432708402517
46;1;2430;1.0497647977268472
46;1;2440;1.1314787447242718
46;1;2448;1.2068053799873728
46;2;405;1.43836793090238
46;2;415;1.3949016595113564
46;2;425;1.344068574272426
46;2;435;1.2873944907759973
46;2;445;1.2378229396753075
46;2;455;1.1854621852619316
46;2;465;1.1384092987240209
46;2;475;1.0930043282369997
46;2;485;1.0456861630417735
46;2;495;0.9954758631146791
46;2;505;0.9237121028647799
46;2;515;0.8247067659545502
46;2;525;0.8015235049456774
46;2;535;0.8341808096142234
46;2;545;0.8839528765815228
46;2;555;0.924994280222292
46;2;565;0.9098301750270239
46;2;575;0.8664628980849982
46;2;585;0.8478590417408614
46;2;595;0.8380945703156968
46;2;605;0.8263180465910627
46;2;615;0.812728753733307
46;2;625;0.80837033281851
46;2;635;0.807742218591984
46;2;645;0.801498770885425
46;2;655;0.8062918985332775
46;2;665;0.8176814877538784
46;2;675;0.8362845693042344
46;2;685;0.8542979502857302
46;2;695;0.8220546828611832
46;2;703;1.2655615617204483
46;2;712;1.541692628093701
46;2;722;1.3724030475687756
46;2;731;0.8797446750722192
46;2;741;0.7738614346246889
46;2;751;0.9369260187318937
46;2;761;0.9552580708731361
46;2;771;0.9268780105964971
46;2;781;0.899231084493506
46;2;791;0.8867172806832608
46;2;801;0.8770046310968854
46;2;811;0.8669254747159496
46;2;821;0.8529404600808232
46;2;831;0.8350676159919085
46;2;841;0.8177443938262038
46;2;851;0.8084486022539484
46;2;861;0.8071152797850701
46;2;871;0.8099490729583122
46;2;881;0.8142990318343377
46;2;891;0.8184234491422869
46;2;901;0.82229831990578
46;2;911;0.8256028758313712
46;2;921;0.8294844027896205
46;2;931;0.8300407922395229
46;2;941;0.835317104332151
46;2;951;0.8337859311537094
46;2;961;0.8349748863558324
46;2;971;0.8375798866417944
46;2;981;0.838550036111363
46;2;991;0.8482133039266733
46;2;1001;0.856932667097892
46;2;1011;0.8595471001622017
46;2;1021;0.8492390112989621
46;2;1031;0.8424331669396553
46;2;1041;0.8369241278985204
46;2;1051;0.8325734356695607
46;2;1061;0.8286968872311745
46;2;1071;0.8219076748038454
46;2;1081;0.821933150752576
46;2;1091;0.8159388046518429
46;2;1101;0.8114318186523785
46;2;1111;0.8060829035484262
46;2;1121;0.8044355300715251
46;2;1131;0.8013195482070921
46;2;1141;0.7995265998666404
46;2;1151;0.8108944028845275
46;2;1161;0.8208743041618746
46;2;1171;0.817030146561781
46;2;1181;0.8151879565049881
46;2;1191;0.8159466022127795
46;2;1201;0.8178283584733389
46;2;1211;0.8166932424266563
46;2;1221;0.8131727310820887
46;2;1231;0.8091366192062276
46;2;1241;0.8092193805064016
46;2;1251;0.8096708312021371
46;2;1261;0.8085169693796066
46;2;1271;0.8083175705701338
46;2;1281;0.8090417337743243
46;2;1291;0.8107182729459215
46;2;1301;0.8133073008482871
46;2;1311;0.8191015332441813
46;2;1321;0.8365318455744643
46;2;1331;0.9178248092631718
46;2;1341;1.191059000592764
46;2;1350;1.7376127896541058
46;2;1360;1.9612077546660258
46;2;1370;1.677415622407107
46;2;1380;1.222515329103317
46;2;1390;0.9392424064200908
46;2;1400;0.8465164866120516
46;2;1410;0.8163167368945958
46;2;1420;0.7949152118461759
46;2;1430;0.8047314935949172
46;2;1440;0.8515729646660823
46;2;1450;0.9041052665804623
46;2;1460;0.9424870653545039
46;2;1470;0.9699687125042284
46;2;1480;0.9891724640631723
46;2;1490;1.0009910023740647
46;2;1500;1.0041110931934463
46;2;1510;0.998257897724716
46;2;1520;0.9850915131919771
46;2;1530;0.9582434901165039
46;2;1540;0.9240978077071246
46;2;1550;0.8889470817747129
46;2;1560;0.8513355444627637
46;2;1570;0.8114742911584129
46;2;1580;0.7765409039431208
46;2;1590;0.7491689824815697
46;2;1600;0.723815026735838
46;2;1610;0.7020483449184225
46;2;1620;0.68224449701446
46;2;1630;0.6661500875094185
46;2;1640;0.6573942624543511
46;2;1650;0.6582197725772746
46;2;1660;0.6828618179787309
46;2;1670;0.7312356179911663
46;2;1680;0.8198458964379088
46;2;1690;0.9692083220422147
46;2;1700;1.1343091487396173
46;2;1710;1.2499803273042593
46;2;1720;1.2997242670204405
46;2;1730;1.2460722206928818
46;2;1740;1.149968461637515
46;2;1750;1.1044381935275838
46;2;1760;1.0553638198577355
46;2;1770;1.0065649700259678
46;2;1780;1.003795355071907
46;2;1790;1.011853169226086
46;2;1800;1.036105750612369
46;2;1810;1.0543492111010027
46;2;1820;1.0719260520361231
46;2;1830;1.0915891726154296
46;2;1840;1.075147303552508
46;2;1850;1.01379966084927
46;2;1860;0.9245142894845437
46;2;1870;0.8294907019407697
46;2;1880;0.7932865953345499
46;2;1890;0.9266874205051536
46;2;1900;1.3696204927054232
46;2;1910;1.7994932632571616
46;2;1920;1.9797675312117056
46;2;1930;2.010422388983496
46;2;1940;1.945507939590823
46;2;1950;1.8273663855977442
46;2;1960;1.697597076296164
46;2;1970;1.5760557445542787
46;2;1980;1.4748207784521512
46;2;1990;1.3889659936414265
46;2;2000;1.3144179944399512
46;2;2010;1.2506416391195203
46;2;2020;1.192218491583526
46;2;2030;1.1357509390363045
46;2;2040;1.080907140700507
46;2;2050;1.028848626208992
46;2;2060;0.9687073557096378
46;2;2070;0.905087028524161
46;2;2080;0.8526380798829487
46;2;2090;0.8152670661589706
46;2;2100;0.7978807261717848
46;2;2110;0.7968798014133209
46;2;2120;0.8076301518418816
46;2;2130;0.8262783493849415
46;2;2140;0.8452279756325869
46;2;2150;0.8578375309180167
46;2;2160;0.8702920912347318
46;2;2170;0.8769958262835394
46;2;2180;0.8909398840269721
46;2;2190;0.9104597825887151
46;2;2200;0.9263441934338265
46;2;2210;0.9325366294443148
46;2;2220;0.9420634592990906
46;2;2230;0.9566082456092994
46;2;2240;0.9774977527192918
46;2;2250;1.0059279056220511
46;2;2260;1.0306550735944109
46;2;2270;1.0382195467794357
46;2;2280;1.0116703198496153
46;2;2290;0.9859465105488846
46;2;2300;0.970562199482795
46;2;2310;0.943617065319322
46;2;2320;0.8863525316675948
46;2;2330;0.8495913030986331
46;2;2340;0.8230102135343516
46;2;2350;0.8067376826700735
46;2;2360;0.7980960090849027
46;2;2370;0.8019371548712314
46;2;2380;0.8151218071812849
46;2;2390;0.8349475391217676
46;2;2400;0.8634833390876259
46;2;2410;0.893901092189078
46;2;2420;0.9313960493054826
46;2;2430;0.9865450881483615
46;2;2440;1.0479941009613576
46;2;2448;1.1106588408963707
46;3;405;1.3752929366020952
46;3;415;1.3339696683466815
46;3;425;1.293046601094903
46;3;435;1.250885938419002
46;3;445;1.2101962409674845
46;3;455;1.164048261652916
46;3;465;1.1257414361506608
46;3;475;1.0876421976416917
46;3;485;1.0462008581749476
46;3;495;1.0029757692271652
46;3;505;0.941496074411671
46;3;515;0.8605161380989776
46;3;525;0.8333893181740449
46;3;535;0.848823931491942
46;3;545;0.8832581486900669
46;3;555;0.9172773446398865
46;3;565;0.9128091530842323
46;3;575;0.8880650202183792
46;3;585;0.8771437120566418
46;3;595;0.8710096704834674
46;3;605;0.861297427346335
46;3;615;0.850060043369398
46;3;625;0.8464494196552151
46;3;635;0.8456147400192171
46;3;645;0.8404029972141231
46;3;655;0.845325548025072
46;3;665;0.8571110907514801
46;3;675;0.8754416021994247
46;3;685;0.892921048989739
46;3;695;0.8491569430177849
46;3;703;1.1637098444290626
46;3;712;1.4289744372825528
46;3;722;1.260476417589456
46;3;731;0.8456941509564551
46;3;741;0.8186018062852117
46;3;751;0.9495165869875389
46;3;761;0.96243625599381
46;3;771;0.9404560224383995
46;3;781;0.9187173620360064
46;3;791;0.909843717697692
46;3;801;0.9042580566926163
46;3;811;0.8974175632161667
46;3;821;0.8861373952968494
46;3;831;0.871772109054134
46;3;841;0.8563992706415607
46;3;851;0.8471779251200248
46;3;861;0.8447007937298883
46;3;871;0.8457235868176836
46;3;881;0.8484203419795104
46;3;891;0.8503826599446406
46;3;901;0.8526833693524656
46;3;911;0.8542008377574758
46;3;921;0.856355851345848
46;3;931;0.8557068167731026
46;3;941;0.8572929286315428
46;3;951;0.8560235682665795
46;3;961;0.8547006726102284
46;3;971;0.8564219119340277
46;3;981;0.8562100277033085
46;3;991;0.8610029504730426
46;3;1001;0.8687623163646132
46;3;1011;0.8653817592662006
46;3;1021;0.8634791245411625
46;3;1031;0.8574823481606908
46;3;1041;0.8539561967442051
46;3;1051;0.8524773118488331
46;3;1061;0.8461052276102347
46;3;1071;0.843480251091163
46;3;1081;0.8396973666135287
46;3;1091;0.8339516055598027
46;3;1101;0.8321813135012046
46;3;1111;0.833085300945222
46;3;1121;0.8360598744391283
46;3;1131;0.8385114751025114
46;3;1141;0.8469396636593596
46;3;1151;0.8674140891169015
46;3;1161;0.875404993617149
46;3;1171;0.8663737921356217
46;3;1181;0.860363106764319
46;3;1191;0.8570959924303184
46;3;1201;0.8570723947908003
46;3;1211;0.8543101569387352
46;3;1221;0.8521876653468857
46;3;1231;0.8505465238635356
46;3;1241;0.8496554456815378
46;3;1251;0.8505769621615666
46;3;1261;0.8511739053271853
46;3;1271;0.8537246311986594
46;3;1281;0.8552435560519664
46;3;1291;0.8620375435693799
46;3;1301;0.8790452266361239
46;3;1311;0.9078984676527229
46;3;1321;0.9601721370748769
46;3;1331;1.0988720424534788
46;3;1341;1.419576253670265
46;3;1350;1.8861143868888908
46;3;1360;2.0144732784161103
46;3;1370;1.7532402921401813
46;3;1380;1.3252927086333277
46;3;1390;1.0367187947446026
46;3;1400;0.9266840742909839
46;3;1410;0.8795693638000189
46;3;1420;0.8412491687074004
46;3;1430;0.8373026183762529
46;3;1440;0.8740252902974375
46;3;1450;0.9190009189972647
46;3;1460;0.9525440328103238
46;3;1470;0.9801023508987581
46;3;1480;1.000478911078138
46;3;1490;1.0119991778931974
46;3;1500;1.01796838153794
46;3;1510;1.0162275910194147
46;3;1520;1.008096196751014
46;3;1530;0.9906240877201643
46;3;1540;0.9701201595124999
46;3;1550;0.9454444560786567
46;3;1560;0.916767338750497
46;3;1570;0.8812311722213085
46;3;1580;0.8459637102240964
46;3;1590;0.8118148986831735
46;3;1600;0.7737021747854925
46;3;1610;0.7362163855297882
46;3;1620;0.7063395989333524
46;3;1630;0.6812775320279257
46;3;1640;0.6619634376389809
46;3;1650;0.6584771697255448
46;3;1660;0.6671590746596472
46;3;1670;0.6978879389121254
46;3;1680;0.7697493848317245
46;3;1690;0.8721295463719588
46;3;1700;0.9911895699657863
46;3;1710;1.0980910352603706
46;3;1720;1.160434575361448
46;3;1730;1.1275998930812492
46;3;1740;1.060640706762846
46;3;1750;1.0312295901114525
46;3;1760;1.0044895864056753
46;3;1770;0.9804442850131178
46;3;1780;0.9805523645526977
46;3;1790;1.0008179094997152
46;3;1800;1.0392621613353425
46;3;1810;1.0538156646015668
46;3;1820;1.068982907832982
46;3;1830;1.059583387805701
46;3;1840;1.0306318976687592
46;3;1850;1.0016400127302407
46;3;1860;0.947653665413989
46;3;1870;0.8776923019478965
46;3;1880;0.8342918221607457
46;3;1890;0.8892196420960599
46;3;1900;1.2115218558807987
46;3;1910;1.6106335212278922
46;3;1920;1.8119014637325728
46;3;1930;1.8638137637884695
46;3;1940;1.8106475223337228
46;3;1950;1.7060366160008054
46;3;1960;1.5928443213452677
46;3;1970;1.4880227635482042
46;3;1980;1.400847069081855
46;3;1990;1.3276701115155911
46;3;2000;1.267526487506051
46;3;2010;1.2165181222222972
46;3;2020;1.1716163029882236
46;3;2030;1.1321242127812254
46;3;2040;1.0948839540597286
46;3;2050;1.0622426052354834
46;3;2060;1.0200358538107912
46;3;2070;0.973820489815561
46;3;2080;0.929562127862498
46;3;2090;0.8918642498344705
46;3;2100;0.8630738101674948
46;3;2110;0.8424285912987528
46;3;2120;0.8307468910899201
46;3;2130;0.8270208030818846
46;3;2140;0.8305050692182707
46;3;2150;0.837770899740469
46;3;2160;0.8479639320449773
46;3;2170;0.8582186874917473
46;3;2180;0.8735498186574348
46;3;2190;0.8971656766869168
46;3;2200;0.9181966723804833
46;3;2210;0.931754634816328
46;3;2220;0.9504031880283961
46;3;2230;0.9644612366933869
46;3;2240;0.9844359729558583
46;3;2250;0.9985186792109609
46;3;2260;1.002496172814419
46;3;2270;0.9874894090521877
46;3;2280;0.9495487384756308
46;3;2290;0.9370157778595294
46;3;2300;0.9371865036833839
46;3;2310;0.9170708615903383
46;3;2320;0.8806882582896156
46;3;2330;0.8638942206993133
46;3;2340;0.8523516371600679
46;3;2350;0.8459283833044524
46;3;2360;0.8391420081409934
46;3;2370;0.8392638613707608
46;3;2380;0.8440743006398782
46;3;2390;0.8529977866590577
46;3;2400;0.8691780135503344
46;3;2410;0.8901752251028379
46;3;2420;0.9180233120422717
46;3;2430;0.9510556954652898
46;3;2440;1.0044405093407913
46;3;2448;1.0381321811467177
46;4;405;1.402848207847381
46;4;415;1.3582296798677014
46;4;425;1.3102746158059155
46;4;435;1.2595029159882973
46;4;445;1.2156206022025318
46;4;455;1.1662765945206368
46;4;465;1.1259221887658597
46;4;475;1.0850321182834783
46;4;485;1.0409271728997267
46;4;495;0.9946665718986754
46;4;505;0.9289129693703467
46;4;515;0.8381602042792328
46;4;525;0.8169623475530114
46;4;535;0.8464132016556796
46;4;545;0.8933301498515689
46;4;555;0.9355642780057507
46;4;565;0.9236840058423875
46;4;575;0.8848184108734521
46;4;585;0.8670696135565472
46;4;595;0.8574661680633262
46;4;605;0.8450782795168371
46;4;615;0.831413212386723
46;4;625;0.8269478555487908
46;4;635;0.8260722038354498
46;4;645;0.8211377905635203
46;4;655;0.8274919652814688
46;4;665;0.8410512235304818
46;4;675;0.8609085689241247
46;4;685;0.8786816495004037
46;4;695;0.833271042079304
46;4;703;1.2368293135041868
46;4;712;1.4918113708678988
46;4;722;1.329347863637929
46;4;731;0.8753949337042485
46;4;741;0.7704646190561815
46;4;751;0.9249311739964003
46;4;761;0.9456516569021852
46;4;771;0.9229765584419409
46;4;781;0.900281949332004
46;4;791;0.8901405245813089
46;4;801;0.8834110311674616
46;4;811;0.8749888411259223
46;4;821;0.8632039658544313
46;4;831;0.8477811299358424
46;4;841;0.8327645689122188
46;4;851;0.8252726057249868
46;4;861;0.8249638008393056
46;4;871;0.828141217041928
46;4;881;0.8325218414926524
46;4;891;0.8355467670164541
46;4;901;0.838918220126603
46;4;911;0.8412563511289347
46;4;921;0.8439649911554354
46;4;931;0.8437404499856676
46;4;941;0.8462578238940107
46;4;951;0.8447270788053173
46;4;961;0.8440418869812505
46;4;971;0.8459294797730199
46;4;981;0.845131983154256
46;4;991;0.8518202196402261
46;4;1001;0.8605355969798388
46;4;1011;0.8627167741736124
46;4;1021;0.8542474359427693
46;4;1031;0.8468468998809534
46;4;1041;0.8422626701222704
46;4;1051;0.8398919405091575
46;4;1061;0.8321002472940198
46;4;1071;0.8275114466830843
46;4;1081;0.825650712787657
46;4;1091;0.818799807071439
46;4;1101;0.8149816545395987
46;4;1111;0.8133069037078067
46;4;1121;0.8148154313630199
46;4;1131;0.815716125465323
46;4;1141;0.8220205529774212
46;4;1151;0.8430117562364372
46;4;1161;0.8515946860866725
46;4;1171;0.8444369751599873
46;4;1181;0.8391806813816469
46;4;1191;0.8379310337754965
46;4;1201;0.8395078238318117
46;4;1211;0.8390081740492812
46;4;1221;0.8371913844503135
46;4;1231;0.835487937150838
46;4;1241;0.8356265541897689
46;4;1251;0.8385167735543905
46;4;1261;0.8390268816206693
46;4;1271;0.8416620905139878
46;4;1281;0.8443788652702856
46;4;1291;0.8512469690674921
46;4;1301;0.8616512393128097
46;4;1311;0.8832420970288204
46;4;1321;0.9267475312962321
46;4;1331;1.0610675103859302
46;4;1341;1.4016614836910273
46;4;1350;1.852600549919701
46;4;1360;1.980404368864838
46;4;1370;1.7644309017134967
46;4;1380;1.3239633701456461
46;4;1390;1.014282200446319
46;4;1400;0.9025196350431128
46;4;1410;0.858092366882675
46;4;1420;0.8206279195346188
46;4;1430;0.8141818730135765
46;4;1440;0.8493720233753255
46;4;1450;0.8947004383654582
46;4;1460;0.9299162032862492
46;4;1470;0.9575098883946239
46;4;1480;0.9787169941833924
46;4;1490;0.9921648217630392
46;4;1500;0.998256201637973
46;4;1510;0.9955911633735335
46;4;1520;0.9867297514247659
46;4;1530;0.9647178682355317
46;4;1540;0.9375315658382519
46;4;1550;0.908255394679819
46;4;1560;0.8756952232312241
46;4;1570;0.8349948683639561
46;4;1580;0.7973511058259118
46;4;1590;0.7630348273190942
46;4;1600;0.7307734995601882
46;4;1610;0.7018853472073036
46;4;1620;0.6800173592300028
46;4;1630;0.6660016985866819
46;4;1640;0.6596980440425171
46;4;1650;0.6721268213763659
46;4;1660;0.7024313390318818
46;4;1670;0.7552744528674602
46;4;1680;0.8376278291807304
46;4;1690;0.9558085382833387
46;4;1700;1.086497090040064
46;4;1710;1.1876461306505106
46;4;1720;1.2454858119555228
46;4;1730;1.2001527884639278
46;4;1740;1.1189960048775915
46;4;1750;1.0733930219386618
46;4;1760;1.039547394624314
46;4;1770;1.0003140429100443
46;4;1780;0.9999636543152293
46;4;1790;1.015848329453729
46;4;1800;1.0504960523527958
46;4;1810;1.0706878216416935
46;4;1820;1.0915710654163153
46;4;1830;1.0800110293786023
46;4;1840;1.0435664166849006
46;4;1850;1.0053439552781354
46;4;1860;0.9381480268692988
46;4;1870;0.8587789276252136
46;4;1880;0.8109686075796145
46;4;1890;0.8827451288469272
46;4;1900;1.2676258050821805
46;4;1910;1.7091115548195877
46;4;1920;1.9171611479489328
46;4;1930;1.9625755694124722
46;4;1940;1.9023357486757801
46;4;1950;1.7839228700071328
46;4;1960;1.6539698520419241
46;4;1970;1.5356828732883132
46;4;1980;1.4376064477596233
46;4;1990;1.3539615487037246
46;4;2000;1.2862457334050446
46;4;2010;1.2283270234273698
46;4;2020;1.1768970852615337
46;4;2030;1.1309457036616188
46;4;2040;1.0894487571421463
46;4;2050;1.0505361759378053
46;4;2060;1.004106209144833
46;4;2070;0.9508571646577946
46;4;2080;0.9026793562384021
46;4;2090;0.8616458927142173
46;4;2100;0.833006396577789
46;4;2110;0.8153693393110091
46;4;2120;0.8076885796386696
46;4;2130;0.809230012972634
46;4;2140;0.81690536024373
46;4;2150;0.8253874008375434
46;4;2160;0.8360649429102014
46;4;2170;0.8454628561630416
46;4;2180;0.8606171303294399
46;4;2190;0.8806866074066033
46;4;2200;0.9012814543808577
46;4;2210;0.9147131115077803
46;4;2220;0.929828061155329
46;4;2230;0.9465513085128772
46;4;2240;0.9633774014985049
46;4;2250;0.9804609654213329
46;4;2260;0.9861974087150799
46;4;2270;0.9756868051581089
46;4;2280;0.9428079993031258
46;4;2290;0.9282473328159563
46;4;2300;0.9221482527427624
46;4;2310;0.9032085343881021
46;4;2320;0.8651093122935726
46;4;2330;0.8451081650343669
46;4;2340;0.8328609587733983
46;4;2350;0.8230399262262668
46;4;2360;0.8172611496667106
46;4;2370;0.8184712424380519
46;4;2380;0.8245143450726692
46;4;2390;0.8352136446128549
46;4;2400;0.8549500800920441
46;4;2410;0.8769238374163335
46;4;2420;0.9021983713971017
46;4;2430;0.9472883062212348
46;4;2440;0.9934285714855313
46;4;2448;1.0448276768678804
