seed;fold;banda_nm;vip
42;1;405;1.959566615587163
42;1;415;1.702730844802689
42;1;425;1.5424623805577855
42;1;435;1.477646833573202
42;1;445;1.3752920493881955
42;1;455;1.2692480179070758
42;1;465;1.2055323663676283
42;1;475;1.16355739166405
42;1;485;1.100212486514881
42;1;495;0.9715646386478557
42;1;505;0.700071894742303
42;1;515;0.7374148639490193
42;1;525;1.3072732116394825
42;1;535;1.3809898732890258
42;1;545;1.3165669417210308
42;1;555;1.2379593132443176
42;1;565;1.0939242427350715
42;1;575;0.8771151831608763
42;1;585;0.7274630107730881
42;1;595;0.6432631762395606
42;1;605;0.5922555420990525
42;1;615;0.5858318915331238
42;1;625;0.6182291912033461
42;1;635;0.6518450706552124
42;1;645;0.841671327273239
42;1;655;0.9774825285584405
42;1;665;1.0666798532923534
42;1;675;1.0230798334193407
42;1;685;0.8312825465178647
42;1;695;0.8141845843950016
42;1;705;1.9901835113281692
42;1;715;2.269937418435492
42;1;725;1.8888255293397593
42;1;735;0.967061492031713
42;1;745;0.511769981879107
42;1;755;0.7404529886561042
42;1;765;0.8878407257772566
42;1;775;0.9527394848298137
42;1;785;0.9725428556416039
42;1;795;0.9698517593205875
42;1;805;0.9611655417356055
42;1;815;0.9551686257723608
42;1;825;0.940762656046153
42;1;835;0.9126507212626788
42;1;845;0.8838417755921614
42;1;855;0.8524475105497613
42;1;865;0.8325533861034455
42;1;875;0.8177104359776068
42;1;885;0.8107456624110323
42;1;895;0.8068787431396807
42;1;905;0.7976750969060136
42;1;915;0.7978091413998416
42;1;925;0.791438221562942
42;1;935;0.7925736882981204
42;1;945;0.7923120054746213
42;1;955;0.8124615627107339
42;1;965;0.8120934858019812
42;1;975;0.8024116047320035
42;1;985;0.7520497481554164
42;1;995;0.7319571210465006
42;1;1005;0.6837017008095811
42;1;1015;0.6715519850858849
42;1;1025;0.6532644398393874
42;1;1035;0.6599492944989841
42;1;1045;0.6631461030147795
42;1;1055;0.6615207529789323
42;1;1065;0.6672709906636106
42;1;1075;0.6665239705254695
42;1;1085;0.6919719711743121
42;1;1095;0.6967797446949752
42;1;1105;0.6937609721226676
42;1;1115;0.68566412418549
42;1;1125;0.67151849221364
42;1;1135;0.6596289981553307
42;1;1145;0.6739871865178777
42;1;1155;0.6628889546105042
42;1;1165;0.6140385391109555
42;1;1175;0.5698032586991338
42;1;1185;0.5590428579753731
42;1;1195;0.5594750761280515
42;1;1205;0.5586902748697004
42;1;1215;0.5593213301577555
42;1;1225;0.5601923857954412
42;1;1235;0.5557734030993402
42;1;1245;0.547526382091003
42;1;1255;0.5457953605271398
42;1;1265;0.5479996269377978
42;1;1275;0.5515134075635353
42;1;1285;0.5677413689730335
42;1;1295;0.5926919029878149
42;1;1305;0.6553514753955088
42;1;1315;0.7788521543926498
42;1;1325;0.8805941587968644
42;1;1335;1.0272866212834373
42;1;1345;1.2472455854595195
42;1;1355;1.5414029984288484
42;1;1365;1.8826856760291115
42;1;1375;1.8075198373425967
42;1;1385;1.4152818242828662
42;1;1395;1.1850114932737699
42;1;1405;1.1156705854274416
42;1;1415;0.9950325920741133
42;1;1425;0.7660744275262282
42;1;1435;0.5859900264695629
42;1;1445;0.6108167711984139
42;1;1455;0.7283378501049882
42;1;1465;0.841607667876311
42;1;1475;0.9565846863035479
42;1;1485;1.0679937312097794
42;1;1495;1.1629580134775495
42;1;1505;1.2285453505436605
42;1;1515;1.2672677491137785
42;1;1525;1.2755752265161078
42;1;1535;1.2501630163956776
42;1;1545;1.2157806867036027
42;1;1555;1.164158466934855
42;1;1565;1.1290692171187482
42;1;1575;1.0855102607635847
42;1;1585;1.0283188229278537
42;1;1595;1.0002810361225574
42;1;1605;0.9685652905133093
42;1;1615;0.9459961440166184
42;1;1625;0.9131181585317785
42;1;1635;0.8499858399189644
42;1;1645;0.8091611024118762
42;1;1655;0.7904951398461757
42;1;1665;0.7496690493589974
42;1;1675;0.7393461995716153
42;1;1685;0.7547535486756181
42;1;1695;0.7184947054684622
42;1;1705;0.664130530718395
42;1;1715;0.609724181693523
42;1;1725;0.5871576038292295
42;1;1735;0.569871932938292
42;1;1745;0.5596642334061976
42;1;1755;0.5649450615392186
42;1;1765;0.5822108369321624
42;1;1775;0.6004989944281272
42;1;1785;0.6485784258205318
42;1;1795;0.7062435886774799
42;1;1805;0.7497668139681377
42;1;1815;0.8056617457741608
42;1;1825;0.9041744651672715
42;1;1835;1.0151208317964526
42;1;1845;1.018963905064792
42;1;1855;0.9980132022658684
42;1;1865;0.9611573651506472
42;1;1875;0.9123985596816596
42;1;1885;0.8580447730480201
42;1;1895;0.7349424021863525
42;1;1905;0.36926730080764686
42;1;1915;0.9031877337590063
42;1;1925;1.7780322635040338
42;1;1935;2.3233439997703833
42;1;1945;2.510189028538561
42;1;1955;2.4147382980635586
42;1;1965;2.237549102234919
42;1;1975;2.0468940664278703
42;1;1985;1.9010236337594903
42;1;1995;1.794988929181575
42;1;2005;1.7027774591193625
42;1;2015;1.6093856395545292
42;1;2025;1.5161452504236974
42;1;2035;1.4252181151672718
42;1;2045;1.3485008912842982
42;1;2055;1.2412907000692834
42;1;2065;1.0781521067976763
42;1;2075;0.9063128369740772
42;1;2085;0.7647211444892026
42;1;2095;0.6692489071743649
42;1;2105;0.6217932473525029
42;1;2115;0.590091347121239
42;1;2125;0.5793332156021708
42;1;2135;0.5775186372145352
42;1;2145;0.5779584237091581
42;1;2155;0.5839768961847858
42;1;2165;0.5950192982944785
42;1;2175;0.5980400106767334
42;1;2185;0.5882586525690441
42;1;2195;0.5772917919040339
42;1;2205;0.5784215018854638
42;1;2215;0.587998737546596
42;1;2225;0.6049444753278637
42;1;2235;0.6243136536004169
42;1;2245;0.6393104107048898
42;1;2255;0.6537588759467092
42;1;2265;0.6680213433218577
42;1;2275;0.6825164044667892
42;1;2285;0.6896425015725504
42;1;2295;0.6727683883318293
42;1;2305;0.6769005553817192
42;1;2315;0.6863861729599026
42;1;2325;0.6659910505248726
42;1;2335;0.6405116340804413
42;1;2345;0.6113665825290502
42;1;2355;0.5981048493405293
42;1;2365;0.5978312988631717
42;1;2375;0.5953274276053316
42;1;2385;0.5862138349974455
42;1;2395;0.5877850227030709
42;1;2405;0.5901361217913892
42;1;2415;0.589301881376434
42;1;2425;0.6030104335773728
42;1;2435;0.6106462055724138
42;1;2445;0.5998776276951172
42;1;2450;0.5608727664919039
42;2;405;1.1109536086020229
42;2;415;0.9422485997509822
42;2;425;0.8698435282031163
42;2;435;0.8286807333023557
42;2;445;0.7830722182284208
42;2;455;0.7441512676069035
42;2;465;0.7268721668651856
42;2;475;0.7152123896451203
42;2;485;0.7050750966119201
42;2;495;0.6990061261697296
42;2;505;0.7766976740431314
42;2;515;1.2473652632208123
42;2;525;1.7807194597570746
42;2;535;1.854180966662417
42;2;545;1.7851132262146416
42;2;555;1.688176935340022
42;2;565;1.5709857788587716
42;2;575;1.382505797891699
42;2;585;1.2325051566467282
42;2;595;1.1311687761151084
42;2;605;1.0376643988856071
42;2;615;0.9218869317950519
42;2;625;0.8490324520943336
42;2;635;0.8110886046215581
42;2;645;0.7172492001569186
42;2;655;0.6966353261235678
42;2;665;0.697695537688306
42;2;675;0.6940226498095201
42;2;685;0.7427137091876491
42;2;695;1.3865771857362095
42;2;705;2.161219129565087
42;2;715;2.3930942120648826
42;2;725;2.2639938806822704
42;2;735;1.7037890583356692
42;2;745;1.1451397946432023
42;2;755;0.8730319655167832
42;2;765;0.7767135777665012
42;2;775;0.7432633079976502
42;2;785;0.7330135115320513
42;2;795;0.7331299821354751
42;2;805;0.7358236195983459
42;2;815;0.7377745023937848
42;2;825;0.7383442133790274
42;2;835;0.7401708731133748
42;2;845;0.7409987355390456
42;2;855;0.7433316743266278
42;2;865;0.7444029353801215
42;2;875;0.743530327061074
42;2;885;0.7434491658581354
42;2;895;0.7434388558115546
42;2;905;0.7444565374846778
42;2;915;0.7428682931869097
42;2;925;0.7434434436230123
42;2;935;0.7416186017356157
42;2;945;0.7373531255623187
42;2;955;0.7300137904436894
42;2;965;0.7283157358650274
42;2;975;0.7292072041068922
42;2;985;0.7445486029998224
42;2;995;0.7554942576401859
42;2;1005;0.7706611375493898
42;2;1015;0.7710382769268653
42;2;1025;0.7789538567516624
42;2;1035;0.7845449938294403
42;2;1045;0.7810253667856495
42;2;1055;0.7724043596192253
42;2;1065;0.7608189259116891
42;2;1075;0.7515725230391859
42;2;1085;0.7362787338755845
42;2;1095;0.7303951564505335
42;2;1105;0.7313614031389465
42;2;1115;0.7366385648880126
42;2;1125;0.7494492464685507
42;2;1135;0.7625331605898648
42;2;1145;0.7545117112755877
42;2;1155;0.7591407893379252
42;2;1165;0.7883703904197
42;2;1175;0.8467471776785611
42;2;1185;0.9015292858105938
42;2;1195;0.9297231246638812
42;2;1205;0.9429631422734406
42;2;1215;0.9648506410697241
42;2;1225;0.9776501926966301
42;2;1235;0.9771310819032026
42;2;1245;0.9590422489624483
42;2;1255;0.9415221129439311
42;2;1265;0.9207192489917264
42;2;1275;0.9073110292325083
42;2;1285;0.8665221109558854
42;2;1295;0.8306612778414674
42;2;1305;0.7758606495069703
42;2;1315;0.7070985418662417
42;2;1325;0.6717734826365962
42;2;1335;0.6447593233762061
42;2;1345;0.6264816536286433
42;2;1355;0.7242068928847896
42;2;1365;1.2642539963543924
42;2;1375;1.7253960998241036
42;2;1385;1.6468052396918795
42;2;1395;1.5307814866714038
42;2;1405;1.507661881539541
42;2;1415;1.4220754953717487
42;2;1425;1.2226039388401846
42;2;1435;0.9926514823533027
42;2;1445;0.8191393309460411
42;2;1455;0.7319898833148272
42;2;1465;0.6934339425607706
42;2;1475;0.6773693863341955
42;2;1485;0.6792053371107276
42;2;1495;0.691914158955165
42;2;1505;0.7064204969513853
42;2;1515;0.7174032152533708
42;2;1525;0.7243025710838913
42;2;1535;0.7212838783996436
42;2;1545;0.7164799435386243
42;2;1555;0.7108102936273635
42;2;1565;0.7074319769793671
42;2;1575;0.7040469791911249
42;2;1585;0.7007875059177903
42;2;1595;0.6993743999568734
42;2;1605;0.697316370569272
42;2;1615;0.6955747137492747
42;2;1625;0.6928445575362367
42;2;1635;0.6859479153414806
42;2;1645;0.679115506691371
42;2;1655;0.6761970506632736
42;2;1665;0.6745420382458852
42;2;1675;0.676277587565793
42;2;1685;0.6854458795359575
42;2;1695;0.7051945461500473
42;2;1705;0.7324076678991441
42;2;1715;0.7785558759251706
42;2;1725;0.8162775936455318
42;2;1735;0.8629450821710992
42;2;1745;0.9099248532924782
42;2;1755;0.9776417676428878
42;2;1765;1.0197303852093913
42;2;1775;1.0594215535226417
42;2;1785;1.1221050550796408
42;2;1795;1.1802002828623144
42;2;1805;1.22286179336784
42;2;1815;1.2806172754032532
42;2;1825;1.3694789937818994
42;2;1835;1.4764781027840672
42;2;1845;1.4817859932562474
42;2;1855;1.4799522653885095
42;2;1865;1.4641013853477534
42;2;1875;1.4538095794194357
42;2;1885;1.4529438280284288
42;2;1895;1.464634921806058
42;2;1905;1.2927611489864224
42;2;1915;0.5880542060336995
42;2;1925;0.30104216874562234
42;2;1935;0.6936542320400036
42;2;1945;0.8814567859145377
42;2;1955;0.9047619220158402
42;2;1965;0.8813034070773625
42;2;1975;0.8517234938743123
42;2;1985;0.8253364280633135
42;2;1995;0.8072180941235985
42;2;2005;0.7901010695230462
42;2;2015;0.7689237721345347
42;2;2025;0.7421318855232745
42;2;2035;0.7206183961187087
42;2;2045;0.7065962882269907
42;2;2055;0.6952341840473347
42;2;2065;0.6995053553414434
42;2;2075;0.7346528793606343
42;2;2085;0.7944346192394652
42;2;2095;0.8603460386019134
42;2;2105;0.9108872536387722
42;2;2115;0.9589281783315392
42;2;2125;0.989453847806699
42;2;2135;0.9937393763350753
42;2;2145;0.9840977448594542
42;2;2155;0.960413645935695
42;2;2165;0.9341763279986927
42;2;2175;0.9260848916264084
42;2;2185;0.9360016341319434
42;2;2195;0.9729795167395932
42;2;2205;1.00234616789533
42;2;2215;1.0272286633920338
42;2;2225;1.0592451406511159
42;2;2235;1.0905352040153462
42;2;2245;1.1292171240564122
42;2;2255;1.1709362809159456
42;2;2265;1.1967866764749384
42;2;2275;1.222894581379379
42;2;2285;1.2366448245122188
42;2;2295;1.209333654412634
42;2;2305;1.208686422363457
42;2;2315;1.2216198933257125
42;2;2325;1.1888745280486814
42;2;2335;1.1464395500580826
42;2;2345;1.090299195842922
42;2;2355;1.0615009743175783
42;2;2365;1.044875381832869
42;2;2375;1.02634796984011
42;2;2385;0.9984135479562989
42;2;2395;1.008690907652401
42;2;2405;1.01051991504665
42;2;2415;1.0264070507938579
42;2;2425;1.0448659619985663
42;2;2435;1.0779522942729385
42;2;2445;1.0766818670045315
42;2;2450;1.0621822401302683
42;3;405;1.668553684819788
42;3;415;1.5095638098028257
42;3;425;1.4288300810232812
42;3;435;1.395579754379526
42;3;445;1.3428360198433402
42;3;455;1.2908307185305958
42;3;465;1.2550371587494609
42;3;475;1.2339717135970893
42;3;485;1.1936389824405438
42;3;495;1.1147908869609144
42;3;505;0.937463395198591
42;3;515;0.7736952161993867
42;3;525;1.0957012290271695
42;3;535;1.1869677265661935
42;3;545;1.132195978530257
42;3;555;1.0571858946438042
42;3;565;0.9494369535893079
42;3;575;0.8270001750479591
42;3;585;0.778360400682473
42;3;595;0.7708679819954382
42;3;605;0.78416717047127
42;3;615;0.8217335665843164
42;3;625;0.8625808709205318
42;3;635;0.8948307794860568
42;3;645;1.0294305082449713
42;3;655;1.0988319002086022
42;3;665;1.1194325704470534
42;3;675;1.0387135675285077
42;3;685;0.8711007913922443
42;3;695;0.9260799602702627
42;3;705;1.7731285245717865
42;3;715;2.065636635247413
42;3;725;1.9619163899895857
42;3;735;1.4389155135363851
42;3;745;0.8746502004522746
42;3;755;0.6870002128498435
42;3;765;0.7146224881327801
42;3;775;0.7680537016027829
42;3;785;0.8003749540213769
42;3;795;0.8134233705728126
42;3;805;0.8205759986346663
42;3;815;0.829214962988267
42;3;825;0.8413769710578497
42;3;835;0.8495946126019034
42;3;845;0.8614307978870147
42;3;855;0.8683915844293111
42;3;865;0.8781505719855298
42;3;875;0.8864891187786539
42;3;885;0.8968621475158851
42;3;895;0.9023931666834671
42;3;905;0.9093201356915933
42;3;915;0.9167223684414553
42;3;925;0.9218009939574912
42;3;935;0.9290446704410864
42;3;945;0.9407077156924837
42;3;955;0.9575439228992826
42;3;965;0.9617362436655386
42;3;975;0.9606335404535318
42;3;985;0.9369596871958521
42;3;995;0.9252949537898806
42;3;1005;0.8997814809555355
42;3;1015;0.896616359990805
42;3;1025;0.8935373949973098
42;3;1035;0.8934998197719924
42;3;1045;0.8898514496056964
42;3;1055;0.8975456084887411
42;3;1065;0.9074639861917392
42;3;1075;0.9075607580275151
42;3;1085;0.916911329359129
42;3;1095;0.9166269202060914
42;3;1105;0.9126513675815874
42;3;1115;0.9198802326296023
42;3;1125;0.9150890048233552
42;3;1135;0.9057615113888924
42;3;1145;0.9245713424366634
42;3;1155;0.9202397734905725
42;3;1165;0.8723628554132455
42;3;1175;0.8126986498030905
42;3;1185;0.7745140437050615
42;3;1195;0.7605264804764085
42;3;1205;0.7571232975875822
42;3;1215;0.7562451205316558
42;3;1225;0.7574290026335466
42;3;1235;0.7641024807949249
42;3;1245;0.7789204825423687
42;3;1255;0.795743156708896
42;3;1265;0.8099168392649564
42;3;1275;0.8294008725012163
42;3;1285;0.8636384874939782
42;3;1295;0.8980583491935762
42;3;1305;0.9596462346586998
42;3;1315;1.044312330057607
42;3;1325;1.1209056009746963
42;3;1335;1.235121317879399
42;3;1345;1.4292942209288462
42;3;1355;1.6948771806506107
42;3;1365;1.9396839521296347
42;3;1375;1.7152715910102836
42;3;1385;1.297180830369557
42;3;1395;1.0865574657699106
42;3;1405;1.0221066200298465
42;3;1415;0.9398990564105174
42;3;1425;0.8239847920347465
42;3;1435;0.7718715999402824
42;3;1445;0.8166091249342333
42;3;1455;0.8905210524441235
42;3;1465;0.9618756701688399
42;3;1475;1.0385090529510204
42;3;1485;1.117464812469555
42;3;1495;1.1830216359693404
42;3;1505;1.2305966427435466
42;3;1515;1.2598156039132615
42;3;1525;1.271138526335949
42;3;1535;1.2599831504145025
42;3;1545;1.2390846246331588
42;3;1555;1.2058748343208228
42;3;1565;1.1806813408877965
42;3;1575;1.149118567951337
42;3;1585;1.1045674880600387
42;3;1595;1.0718465374175057
42;3;1605;1.0269704981928056
42;3;1615;0.9943808675393242
42;3;1625;0.9531917373578477
42;3;1635;0.8936147665472364
42;3;1645;0.8512804783956719
42;3;1655;0.8306519708640709
42;3;1665;0.8004431636048492
42;3;1675;0.7961302356472149
42;3;1685;0.833839528444102
42;3;1695;0.840644382508554
42;3;1705;0.8238149209949593
42;3;1715;0.7960993811439869
42;3;1725;0.77590278874279
42;3;1735;0.7638156182368807
42;3;1745;0.7454794247251323
42;3;1755;0.7349219156914247
42;3;1765;0.7354918472955242
42;3;1775;0.7382941323490366
42;3;1785;0.7428664035662187
42;3;1795;0.7586283485527144
42;3;1805;0.7727409650819499
42;3;1815;0.8007585323095303
42;3;1825;0.8484380386636557
42;3;1835;0.9287390381918541
42;3;1845;0.9499757919579249
42;3;1855;0.9584908588347351
42;3;1865;0.9576051117023987
42;3;1875;0.9624317932180196
42;3;1885;0.984162854330481
42;3;1895;1.0530864613657245
42;3;1905;1.0387258021175612
42;3;1915;0.48256441912432235
42;3;1925;0.24416985628692903
42;3;1935;0.841976271805238
42;3;1945;1.2565257637956093
42;3;1955;1.4206255661667653
42;3;1965;1.446841305649341
42;3;1975;1.4227178562751426
42;3;1985;1.386754111387365
42;3;1995;1.3611048204039617
42;3;2005;1.340971901222633
42;3;2015;1.3114328706622744
42;3;2025;1.275222206245031
42;3;2035;1.2432883016937613
42;3;2045;1.2176420328343902
42;3;2055;1.1747272636101111
42;3;2065;1.0932426913828772
42;3;2075;1.00091025389222
42;3;2085;0.9257709924831717
42;3;2095;0.8747454705611372
42;3;2105;0.8437974181176454
42;3;2115;0.8189882454724311
42;3;2125;0.8041687678680045
42;3;2135;0.8045591256940594
42;3;2145;0.8122114130328608
42;3;2155;0.8265131550170816
42;3;2165;0.8414779272107817
42;3;2175;0.84378543448946
42;3;2185;0.8273901519725071
42;3;2195;0.8000723805752069
42;3;2205;0.7794820785477867
42;3;2215;0.769505159130236
42;3;2225;0.7602190158946058
42;3;2235;0.7581830330184685
42;3;2245;0.7548778090786404
42;3;2255;0.748283408716784
42;3;2265;0.7422397704464139
42;3;2275;0.737937994477823
42;3;2285;0.737541391927662
42;3;2295;0.7412350981075304
42;3;2305;0.7427946603475822
42;3;2315;0.7456068679994196
42;3;2325;0.7525424745267043
42;3;2335;0.7578320662385537
42;3;2345;0.7648708533463175
42;3;2355;0.7694737241025934
42;3;2365;0.7704135394304565
42;3;2375;0.770541607058875
42;3;2385;0.7730423695875805
42;3;2395;0.7715219133777501
42;3;2405;0.7718057982088133
42;3;2415;0.7728824558475614
42;3;2425;0.7780460410534513
42;3;2435;0.7759332471208588
42;3;2445;0.7849744392927724
42;3;2450;0.7747949750509181
42;4;405;2.004742469253815
42;4;415;1.6442370496058567
42;4;425;1.4834964059500861
42;4;435;1.3551641490716015
42;4;445;1.2279796684898947
42;4;455;1.0898241828809472
42;4;465;1.0110096691274086
42;4;475;0.9506887941499051
42;4;485;0.8709729190734948
42;4;495;0.7009917856189537
42;4;505;0.3305356848798246
42;4;515;1.130967483569036
42;4;525;2.163103928197223
42;4;535;2.3319385954232104
42;4;545;2.242905127590469
42;4;555;2.1040670792721214
42;4;565;1.875978261089284
42;4;575;1.4899095697096356
42;4;585;1.1755163950708847
42;4;595;0.9564924959853703
42;4;605;0.7615138938813119
42;4;615;0.5099723602765434
42;4;625;0.39153221325730214
42;4;635;0.368095957152766
42;4;645;0.5634840747760621
42;4;655;0.7681853365807471
42;4;665;0.8961728027404852
42;4;675;0.7872713715381089
42;4;685;0.43769118900462667
42;4;695;1.4455222446714338
42;4;705;2.897055233355339
42;4;715;3.2059983984978104
42;4;725;2.986861810615503
42;4;735;2.072362297270685
42;4;745;0.9910153347948976
42;4;755;0.36752640860030605
42;4;765;0.237416621493951
42;4;775;0.3154472272075425
42;4;785;0.36690924364028327
42;4;795;0.37657471629993633
42;4;805;0.3753203196109098
42;4;815;0.37894771915200415
42;4;825;0.38925800603501
42;4;835;0.3902405207908282
42;4;845;0.39778796990460513
42;4;855;0.39912350343226527
42;4;865;0.3966155370181402
42;4;875;0.4028322083578355
42;4;885;0.40646386353408365
42;4;895;0.4063327801783017
42;4;905;0.40837435805552497
42;4;915;0.41061162105267623
42;4;925;0.40842754760485395
42;4;935;0.4147999972347943
42;4;945;0.429300059849213
42;4;955;0.46159797803501357
42;4;965;0.4729005218146716
42;4;975;0.46929598255947585
42;4;985;0.39386088743759173
42;4;995;0.3637911588186411
42;4;1005;0.31262587804818764
42;4;1015;0.31913298119103856
42;4;1025;0.30560525020413665
42;4;1035;0.3010299701732787
42;4;1045;0.3122026367244923
42;4;1055;0.31701879546130113
42;4;1065;0.34128755302772956
42;4;1075;0.36305140132120234
42;4;1085;0.40158154698651805
42;4;1095;0.4287063101651198
42;4;1105;0.4217374698860627
42;4;1115;0.40283071975921897
42;4;1125;0.36215414570373416
42;4;1135;0.32457482320314274
42;4;1145;0.3205316053681983
42;4;1155;0.30583912085853376
42;4;1165;0.3010306774440789
42;4;1175;0.38351844377075595
42;4;1185;0.49326172463457707
42;4;1195;0.5538364001735965
42;4;1205;0.5796081219792069
42;4;1215;0.623682032383855
42;4;1225;0.6461411252819953
42;4;1235;0.6301465484125602
42;4;1245;0.5850559143255742
42;4;1255;0.54236528437359
42;4;1265;0.500718211043867
42;4;1275;0.46499735571715706
42;4;1285;0.4003018591873156
42;4;1295;0.3308567787762494
42;4;1305;0.3201529323995765
42;4;1315;0.4978519575920801
42;4;1325;0.6696126224933073
42;4;1335;0.8403524306550598
42;4;1345;1.023187322107751
42;4;1355;1.3367350201683457
42;4;1365;1.9312968810135107
42;4;1375;2.198577568397586
42;4;1385;1.9358053784296902
42;4;1395;1.7261285369139165
42;4;1405;1.6784847470119681
42;4;1415;1.5284029340443215
42;4;1425;1.1842891026928921
42;4;1435;0.7758446333161841
42;4;1445;0.4938338095061995
42;4;1455;0.44789437496844015
42;4;1465;0.5186838696795664
42;4;1475;0.6358884275395679
42;4;1485;0.7746803026825115
42;4;1495;0.889765582001516
42;4;1505;0.9756513134603204
42;4;1515;1.02520590718837
42;4;1525;1.0490351348357148
42;4;1535;1.0265557998686405
42;4;1545;0.9892722633044297
42;4;1555;0.951972739024617
42;4;1565;0.9107570219400604
42;4;1575;0.8820522698994294
42;4;1585;0.8523935474999788
42;4;1595;0.8539792621956018
42;4;1605;0.8644575979576072
42;4;1615;0.8768316040951317
42;4;1625;0.8842969859388772
42;4;1635;0.8802472539684939
42;4;1645;0.874569677534359
42;4;1655;0.8494465784757412
42;4;1665;0.801277107017541
42;4;1675;0.7501763502666305
42;4;1685;0.714682748835709
42;4;1695;0.5999346316221795
42;4;1705;0.47393765233959984
42;4;1715;0.29995535537932133
42;4;1725;0.21491695982233486
42;4;1735;0.13063350979237676
42;4;1745;0.17797498281373433
42;4;1755;0.3191785600387852
42;4;1765;0.44511949848406784
42;4;1775;0.5343704721857848
42;4;1785;0.6713255021459336
42;4;1795;0.8100327180457122
42;4;1805;0.8791248275456426
42;4;1815;0.9900065395554973
42;4;1825;1.1458566397156729
42;4;1835;1.34676938562229
42;4;1845;1.387110395592028
42;4;1855;1.4201824840282165
42;4;1865;1.438242942265677
42;4;1875;1.4769671099844692
42;4;1885;1.5424408433268404
42;4;1895;1.6506642525743132
42;4;1905;1.5758541838146596
42;4;1915;0.7045445108995109
42;4;1925;0.4271976440732879
42;4;1935;1.1769964335019711
42;4;1945;1.5601642063004209
42;4;1955;1.6271165789318174
42;4;1965;1.5944518985342602
42;4;1975;1.5093140955072095
42;4;1985;1.4394682721481775
42;4;1995;1.3855041726290247
42;4;2005;1.3272249888233558
42;4;2015;1.2512111233308691
42;4;2025;1.1512832426580342
42;4;2035;1.0551656086883743
42;4;2045;0.9569327104601533
42;4;2055;0.8239815953599517
42;4;2065;0.6246896505551551
42;4;2075;0.43950537104437787
42;4;2085;0.3264695848686437
42;4;2095;0.3344489978717346
42;4;2105;0.39479044313923184
42;4;2115;0.4608354124769216
42;4;2125;0.5097201266160793
42;4;2135;0.5136805917196451
42;4;2145;0.48095931966592503
42;4;2155;0.43884217354563687
42;4;2165;0.3919150404792718
42;4;2175;0.3764195785891199
42;4;2185;0.40069739068581234
42;4;2195;0.4742106460872569
42;4;2205;0.5499023674340462
42;4;2215;0.5983017750823738
42;4;2225;0.6732991522804262
42;4;2235;0.7428695169526605
42;4;2245;0.7971860815590412
42;4;2255;0.844766522041664
42;4;2265;0.8843781265676167
42;4;2275;0.9223091399341884
42;4;2285;0.9482282142093073
42;4;2295;0.9146061677261437
42;4;2305;0.9260270865315899
42;4;2315;0.9579453790505749
42;4;2325;0.9206537706976601
42;4;2335;0.8489952491978962
42;4;2345;0.7840642599377469
42;4;2355;0.749340722228414
42;4;2365;0.7451439721694997
42;4;2375;0.7561258036141068
42;4;2385;0.7372529661113989
42;4;2395;0.7821508800520819
42;4;2405;0.8177729055722772
42;4;2415;0.834596930546935
42;4;2425;0.9309383710905719
42;4;2435;0.9619078581994781
42;4;2445;1.0161486123573484
42;4;2450;0.9471600525304937
43;1;405;1.5787041944193156
43;1;415;1.398007077102651
43;1;425;1.2994616588774592
43;1;435;1.246463576961425
43;1;445;1.1822634797827456
43;1;455;1.107946747957515
43;1;465;1.0689317940082388
43;1;475;1.0384221633074247
43;1;485;0.9968448661852178
43;1;495;0.9151168164383927
43;1;505;0.7591823296918668
43;1;515;0.9972056936696168
43;1;525;1.6427455283831642
43;1;535;1.7787634160773227
43;1;545;1.7233047613644705
43;1;555;1.628172488173293
43;1;565;1.4619264238443477
43;1;575;1.2050062042409715
43;1;585;1.0167442471075134
43;1;595;0.9065152720938061
43;1;605;0.817908258613839
43;1;615;0.739747918444237
43;1;625;0.7166789838387738
43;1;635;0.7170993137043313
43;1;645;0.7941279613146993
43;1;655;0.8793299113511913
43;1;665;0.9363882871933983
43;1;675;0.8795780643277435
43;1;685;0.7479808766288376
43;1;695;1.203863833016909
43;1;705;2.2944995759399003
43;1;715;2.6029427182699973
43;1;725;2.4066064269178895
43;1;735;1.6724430943604311
43;1;745;0.9596244171715471
43;1;755;0.7099951721088169
43;1;765;0.7100779190359242
43;1;775;0.745132250832472
43;1;785;0.7646909328239857
43;1;795;0.7694401193347521
43;1;805;0.7691476544005582
43;1;815;0.7696489946498272
43;1;825;0.7753723972780943
43;1;835;0.781645413477187
43;1;845;0.7899332803157942
43;1;855;0.7954762894725403
43;1;865;0.7981358791567139
43;1;875;0.8005451420743743
43;1;885;0.8003129804207629
43;1;895;0.8004440002040246
43;1;905;0.7989082308446607
43;1;915;0.799463721068278
43;1;925;0.7995074705691209
43;1;935;0.8042885740490858
43;1;945;0.8109402652474397
43;1;955;0.8278020969939481
43;1;965;0.8328203102488508
43;1;975;0.8275795632425064
43;1;985;0.8064989288383464
43;1;995;0.7915811296289984
43;1;1005;0.772640255695075
43;1;1015;0.7700658514470242
43;1;1025;0.7633649066191244
43;1;1035;0.7607058197100316
43;1;1045;0.7559468674021489
43;1;1055;0.7594633146429307
43;1;1065;0.7689332416827267
43;1;1075;0.7739981001095285
43;1;1085;0.7893924671273533
43;1;1095;0.7978216897895184
43;1;1105;0.7983265850478226
43;1;1115;0.7882773216400282
43;1;1125;0.7765271449904582
43;1;1135;0.7678199666554819
43;1;1145;0.7801697298267511
43;1;1155;0.7811314058305598
43;1;1165;0.7509414900725262
43;1;1175;0.7312538434638279
43;1;1185;0.7324200776394635
43;1;1195;0.7360952925164793
43;1;1205;0.737275378517635
43;1;1215;0.7413977805775895
43;1;1225;0.7475559817651712
43;1;1235;0.7452420287159314
43;1;1245;0.7332848826531612
43;1;1255;0.7253485336281636
43;1;1265;0.7193247535727576
43;1;1275;0.7142852507334826
43;1;1285;0.7074151878316409
43;1;1295;0.7153483328557179
43;1;1305;0.7433724090563147
43;1;1315;0.8168946418258752
43;1;1325;0.8974222527559292
43;1;1335;0.9909512500484947
43;1;1345;1.1317510674062305
43;1;1355;1.4174182900950234
43;1;1365;1.8559054145376832
43;1;1375;1.847008237583264
43;1;1385;1.5174035577538212
43;1;1395;1.3170310839011863
43;1;1405;1.260773963127383
43;1;1415;1.1499545652741003
43;1;1425;0.9373845384246119
43;1;1435;0.7359375947468786
43;1;1445;0.6543468272165639
43;1;1455;0.6709438116776161
43;1;1465;0.7169023752895205
43;1;1475;0.7795480975367136
43;1;1485;0.8501650066662991
43;1;1495;0.9145051221763666
43;1;1505;0.9647398954143759
43;1;1515;0.9964623356506275
43;1;1525;1.0153150615352917
43;1;1535;1.0140809540129128
43;1;1545;1.0045292219680997
43;1;1555;0.9907778371992815
43;1;1565;0.9840541799974584
43;1;1575;0.9784993804228087
43;1;1585;0.9694818399647499
43;1;1595;0.9742814779091119
43;1;1605;0.9731380346876067
43;1;1615;0.9792246542829328
43;1;1625;0.978175333540115
43;1;1635;0.9665405635266957
43;1;1645;0.9573123309583229
43;1;1655;0.9493733280596108
43;1;1665;0.9353239082417417
43;1;1675;0.9310925046666153
43;1;1685;0.9379841698719547
43;1;1695;0.9120134095136151
43;1;1705;0.8801366337648658
43;1;1715;0.8447818586153634
43;1;1725;0.8277706450659303
43;1;1735;0.8158704625692528
43;1;1745;0.8135269810193178
43;1;1755;0.8257739663716654
43;1;1765;0.8421000054656936
43;1;1775;0.8609069674183201
43;1;1785;0.9097743167466249
43;1;1795;0.9600447461758834
43;1;1805;0.9965582817143787
43;1;1815;1.045437483529267
43;1;1825;1.1386303639005975
43;1;1835;1.3214746043600805
43;1;1845;1.3155720630524559
43;1;1855;1.2935046809075683
43;1;1865;1.2620209952086932
43;1;1875;1.2212627804357428
43;1;1885;1.195246221657497
43;1;1895;1.2030925386575257
43;1;1905;1.0795752638743534
43;1;1915;0.41560903532947696
43;1;1925;0.48475874365578253
43;1;1935;0.9901635673199631
43;1;1945;1.239140647447084
43;1;1955;1.2841887278400643
43;1;1965;1.260223966248209
43;1;1975;1.2142288053954702
43;1;1985;1.1711756457413482
43;1;1995;1.1407059950486724
43;1;2005;1.1104069370690293
43;1;2015;1.072401261720275
43;1;2025;1.0227981046087702
43;1;2035;0.981245139684463
43;1;2045;0.9456009330158706
43;1;2055;0.8945868853845439
43;1;2065;0.8222974925036591
43;1;2075;0.7660100924053602
43;1;2085;0.7439914147384951
43;1;2095;0.7505974002821478
43;1;2105;0.7661355962092271
43;1;2115;0.7895395851948676
43;1;2125;0.8055802136112726
43;1;2135;0.8065602282545146
43;1;2145;0.7992801820286454
43;1;2155;0.7862311715119467
43;1;2165;0.7733172623559325
43;1;2175;0.7704083511401093
43;1;2185;0.775068113308888
43;1;2195;0.7925220983010774
43;1;2205;0.8146276275416537
43;1;2215;0.8310157916364027
43;1;2225;0.8596764734370168
43;1;2235;0.8812727804526601
43;1;2245;0.9018967995080676
43;1;2255;0.927653368289093
43;1;2265;0.9426979699883525
43;1;2275;0.9587252850901384
43;1;2285;0.9648854321373119
43;1;2295;0.9420122903787294
43;1;2305;0.9450328736427478
43;1;2315;0.957855701165172
43;1;2325;0.932387519029749
43;1;2335;0.8932860090405351
43;1;2345;0.8502463247026392
43;1;2355;0.8267502861393837
43;1;2365;0.8181973557739171
43;1;2375;0.811734401933842
43;1;2385;0.7836353334285701
43;1;2395;0.7976302605336925
43;1;2405;0.8008512256907054
43;1;2415;0.8018863742086085
43;1;2425;0.8374568563089722
43;1;2435;0.8347180629219807
43;1;2445;0.8458406359931477
43;1;2450;0.827219053443039
43;2;405;1.9909466163052327
43;2;415;1.7363062595017567
43;2;425;1.6010802349222253
43;2;435;1.5167719004391722
43;2;445;1.4212148764745391
43;2;455;1.3258993695185635
43;2;465;1.2754315267589047
43;2;475;1.231063964054109
43;2;485;1.1770552226171958
43;2;495;1.0601488744823606
43;2;505;0.7845216308098442
43;2;515;0.7586715646303631
43;2;525;1.3836775440097735
43;2;535;1.503810107360288
43;2;545;1.4414864030805
43;2;555;1.3422733831501983
43;2;565;1.1787273431416692
43;2;575;0.9307182865423388
43;2;585;0.7645202946820586
43;2;595;0.6793088117922234
43;2;605;0.6358530037672288
43;2;615;0.6459651673049267
43;2;625;0.6981372601636026
43;2;635;0.7442280944493672
43;2;645;0.9585383348328852
43;2;655;1.100325534753817
43;2;665;1.1796154432187802
43;2;675;1.0970131364327738
43;2;685;0.8484158649773398
43;2;695;0.9251400014515663
43;2;705;2.002225141574994
43;2;715;2.2796341912288605
43;2;725;2.072466382723949
43;2;735;1.3652548426533002
43;2;745;0.6815427550007979
43;2;755;0.5662178343069693
43;2;765;0.6775847464901401
43;2;775;0.7647060462997293
43;2;785;0.8077313037940501
43;2;795;0.8183203010336869
43;2;805;0.8203775570505543
43;2;815;0.8248655133953711
43;2;825;0.8355839327927717
43;2;835;0.8416606213711336
43;2;845;0.8519038275466972
43;2;855;0.8564570615316934
43;2;865;0.8579968004649107
43;2;875;0.8656549094012375
43;2;885;0.8690934075015091
43;2;895;0.8696429293306813
43;2;905;0.8741406878114347
43;2;915;0.8770479255271939
43;2;925;0.8795071432505153
43;2;935;0.884859086636299
43;2;945;0.8970216113147202
43;2;955;0.9184894897724214
43;2;965;0.9294320187840501
43;2;975;0.9226587210970894
43;2;985;0.8693426550052347
43;2;995;0.8429921420383443
43;2;1005;0.7967397693388945
43;2;1015;0.7985227883183807
43;2;1025;0.7797940139631525
43;2;1035;0.7752514214458088
43;2;1045;0.776693503704316
43;2;1055;0.7854884126610758
43;2;1065;0.8084838020061385
43;2;1075;0.8285801069427815
43;2;1085;0.8643097656349363
43;2;1095;0.8815742949673658
43;2;1105;0.8725766968539413
43;2;1115;0.8537588133297289
43;2;1125;0.8169618465515744
43;2;1135;0.776703217451032
43;2;1145;0.7686711411291242
43;2;1155;0.7415297131248294
43;2;1165;0.673901837580161
43;2;1175;0.6217715067723913
43;2;1185;0.6022070327296561
43;2;1195;0.6000389776787121
43;2;1205;0.6005046953848059
43;2;1215;0.6026630996733332
43;2;1225;0.6043533776128194
43;2;1235;0.6024647906451819
43;2;1245;0.5964871157942748
43;2;1255;0.5941669509380565
43;2;1265;0.5957193619975261
43;2;1275;0.599063975767244
43;2;1285;0.6132358798121743
43;2;1295;0.6420621166022976
43;2;1305;0.713304982305214
43;2;1315;0.8477843608684055
43;2;1325;0.9430375123591284
43;2;1335;1.0091723970294082
43;2;1345;1.0510845481300684
43;2;1355;1.1422192678228493
43;2;1365;1.3838138017036838
43;2;1375;1.432778353430362
43;2;1385;1.2306050708374379
43;2;1395;1.102133667171218
43;2;1405;1.0849488330454755
43;2;1415;0.9973525476401776
43;2;1425;0.7946732713152905
43;2;1435;0.6329898309298706
43;2;1445;0.6604250134381124
43;2;1455;0.7764235285184952
43;2;1465;0.8942006157250946
43;2;1475;1.0199257461642321
43;2;1485;1.147851297772978
43;2;1495;1.2525579982569528
43;2;1505;1.3285574324178366
43;2;1515;1.3754374195920136
43;2;1525;1.3982306727393887
43;2;1535;1.3814543232150183
43;2;1545;1.3546160339298934
43;2;1555;1.3197828239241822
43;2;1565;1.2836394274826683
43;2;1575;1.2485556084021165
43;2;1585;1.2126114422872583
43;2;1595;1.2011190924976103
43;2;1605;1.1855136504047132
43;2;1615;1.178052273760564
43;2;1625;1.1640091709532012
43;2;1635;1.1325035604189437
43;2;1645;1.1065548552738045
43;2;1655;1.0778805866337393
43;2;1665;1.0343962477634092
43;2;1675;0.986176823748824
43;2;1685;0.9698008463441867
43;2;1695;0.8999510468515584
43;2;1705;0.8190000852342388
43;2;1715;0.7421517836147954
43;2;1725;0.6975298465992247
43;2;1735;0.6580466847107105
43;2;1745;0.6255106897981375
43;2;1755;0.6056151699109467
43;2;1765;0.6097131736541358
43;2;1775;0.6187657880398367
43;2;1785;0.6439556930605341
43;2;1795;0.6840665445685649
43;2;1805;0.7117135159992879
43;2;1815;0.762232559107945
43;2;1825;0.8431236496961264
43;2;1835;0.9082546854149148
43;2;1845;0.9315965637338657
43;2;1855;0.938975066800305
43;2;1865;0.9443338095431264
43;2;1875;0.9675036327914767
43;2;1885;1.0210326750444763
43;2;1895;1.1362975429384203
43;2;1905;1.1904409079696203
43;2;1915;0.5344523591720444
43;2;1925;0.4539525933634827
43;2;1935;1.204958119154497
43;2;1945;1.6522657786245316
43;2;1955;1.787660516049753
43;2;1965;1.7841025913437276
43;2;1975;1.7238361006257967
43;2;1985;1.6694594204761588
43;2;1995;1.6275397192124217
43;2;2005;1.5820813614615414
43;2;2015;1.5232972604475687
43;2;2025;1.452544461040091
43;2;2035;1.3724684792297508
43;2;2045;1.3006172121161785
43;2;2055;1.200559967089731
43;2;2065;1.0500178554676058
43;2;2075;0.8977190869827164
43;2;2085;0.7774164219476938
43;2;2095;0.6987148168022876
43;2;2105;0.657528380933092
43;2;2115;0.6348930147845456
43;2;2125;0.6254336012768693
43;2;2135;0.6234609453379092
43;2;2145;0.6243142849178092
43;2;2155;0.6288843162989541
43;2;2165;0.638462430858638
43;2;2175;0.6416907560153979
43;2;2185;0.6374534853083236
43;2;2195;0.6269707483400633
43;2;2205;0.6239339940692175
43;2;2215;0.6256076359051538
43;2;2225;0.6330342584656626
43;2;2235;0.6429983469753581
43;2;2245;0.6545939565430892
43;2;2255;0.6680139491485932
43;2;2265;0.6812025027111196
43;2;2275;0.6936755255265613
43;2;2285;0.7060232921226335
43;2;2295;0.6908949325050687
43;2;2305;0.6939184311337
43;2;2315;0.7073679999309547
43;2;2325;0.6911928933413248
43;2;2335;0.6714592893665955
43;2;2345;0.6523662587920824
43;2;2355;0.6452124095174414
43;2;2365;0.6454815074098161
43;2;2375;0.6447353296786864
43;2;2385;0.637717081397186
43;2;2395;0.6495234711548518
43;2;2405;0.65410227481417
43;2;2415;0.6608425087118796
43;2;2425;0.6981943232242163
43;2;2435;0.712396613596852
43;2;2445;0.7401708969116922
43;2;2450;0.7094139815742356
43;3;405;1.996796958825125
43;3;415;1.6705584550640245
43;3;425;1.5049847389363906
43;3;435;1.4057244022400484
43;3;445;1.2819966874418387
43;3;455;1.1571844870919503
43;3;465;1.0753905174565774
43;3;475;1.0168771899516977
43;3;485;0.9331469764206052
43;3;495;0.7730112170433397
43;3;505;0.41739512130789613
43;3;515;0.8626756595013513
43;3;525;1.785693280553325
43;3;535;1.9095025931650074
43;3;545;1.7818521855244218
43;3;555;1.6229055991537058
43;3;565;1.3967329027946767
43;3;575;1.049972369069204
43;3;585;0.7838746674677153
43;3;595;0.5945881444496458
43;3;605;0.43910050390702765
43;3;615;0.3105252726843123
43;3;625;0.28472808528162585
43;3;635;0.3133488825332568
43;3;645;0.5767556050678607
43;3;655;0.7329553081711705
43;3;665;0.8067203866851342
43;3;675;0.6883409486930419
43;3;685;0.379970370910893
43;3;695;1.2511962773217804
43;3;705;2.71531153393047
43;3;715;3.0600998452104617
43;3;725;2.841550855802052
43;3;735;1.9691341455229878
43;3;745;0.9999372822350286
43;3;755;0.46158068625569676
43;3;765;0.3240092704709224
43;3;775;0.35630649905365924
43;3;785;0.39092341781525713
43;3;795;0.4018501935942453
43;3;805;0.4030714440031267
43;3;815;0.40669686135557637
43;3;825;0.41704763590649635
43;3;835;0.42170620982987267
43;3;845;0.4312125201352349
43;3;855;0.43624171074399726
43;3;865;0.43863042777372113
43;3;875;0.44314973946859937
43;3;885;0.4477081087651538
43;3;895;0.4509305345473908
43;3;905;0.45164304903102254
43;3;915;0.4568224127939066
43;3;925;0.4585483718975466
43;3;935;0.4673688347067296
43;3;945;0.4827901929059437
43;3;955;0.5180788409535153
43;3;965;0.5285037300545594
43;3;975;0.5176157469956878
43;3;985;0.4692950472230727
43;3;995;0.44369853742632787
43;3;1005;0.40534042236853424
43;3;1015;0.4021297377533307
43;3;1025;0.3887503806166844
43;3;1035;0.38257298896970116
43;3;1045;0.3800869373232621
43;3;1055;0.3916465102890628
43;3;1065;0.40651520402992297
43;3;1075;0.4271938036216707
43;3;1085;0.4701831460583736
43;3;1095;0.49042771211947694
43;3;1105;0.4989494768031769
43;3;1115;0.48152403605483907
43;3;1125;0.4515250416715663
43;3;1135;0.4320662356819952
43;3;1145;0.46842902894319705
43;3;1155;0.46358137724608284
43;3;1165;0.3947830742186167
43;3;1175;0.34806230373851627
43;3;1185;0.3593439565654003
43;3;1195;0.36399073558428935
43;3;1205;0.35548492479952637
43;3;1215;0.35240261099053405
43;3;1225;0.3522234751977005
43;3;1235;0.33037172904181317
43;3;1245;0.29895098762243466
43;3;1255;0.2950597903695252
43;3;1265;0.3070440462008815
43;3;1275;0.3322501154445543
43;3;1285;0.3952988487771097
43;3;1295;0.5003237301531782
43;3;1305;0.6915708628983532
43;3;1315;0.9775412008319933
43;3;1325;1.2515714256698833
43;3;1335;1.5948143158314714
43;3;1345;2.031606240891194
43;3;1355;2.5000578571278034
43;3;1365;2.995057843511056
43;3;1375;2.8254542611225255
43;3;1385;2.1328434793344817
43;3;1395;1.73962320178723
43;3;1405;1.6150169618996082
43;3;1415;1.4260574876795085
43;3;1425;1.0592112739851767
43;3;1435;0.6248957414295199
43;3;1445;0.2918356041033806
43;3;1455;0.24133148292623788
43;3;1465;0.3626467919738287
43;3;1475;0.5175353616925205
43;3;1485;0.6726523241716007
43;3;1495;0.8023280964103295
43;3;1505;0.895668323713202
43;3;1515;0.9600770110140433
43;3;1525;0.9934553051556152
43;3;1535;0.982067744452362
43;3;1545;0.9578812938538871
43;3;1555;0.925712141776073
43;3;1565;0.9037096829411634
43;3;1575;0.8816164088078039
43;3;1585;0.8371722187236946
43;3;1595;0.8207141613897508
43;3;1605;0.8001590923276705
43;3;1615;0.7801031793029338
43;3;1625;0.7616371295703529
43;3;1635;0.7134702247122336
43;3;1645;0.6751391155932865
43;3;1655;0.6541714012403653
43;3;1665;0.6377598643590467
43;3;1675;0.6449021420621561
43;3;1685;0.6881212238238696
43;3;1695;0.6716093377711567
43;3;1705;0.6171046187069028
43;3;1715;0.543674576069787
43;3;1725;0.5062573752847499
43;3;1735;0.4772829372758812
43;3;1745;0.4694630477511022
43;3;1755;0.5070378721473517
43;3;1765;0.5677690946002755
43;3;1775;0.6029817917175961
43;3;1785;0.7280032188879307
43;3;1795;0.8578512513261369
43;3;1805;0.9362682250866399
43;3;1815;1.0390999576259066
43;3;1825;1.1775249596418547
43;3;1835;1.270047363555284
43;3;1845;1.3104877947954552
43;3;1855;1.3239517147711288
43;3;1865;1.308948541172269
43;3;1875;1.2943830938762533
43;3;1885;1.2854558978479764
43;3;1895;1.2005948229719259
43;3;1905;0.6920348401808272
43;3;1915;0.4926972210802923
43;3;1925;1.4965387588891605
43;3;1935;2.0799809425608595
43;3;1945;2.2497583219361936
43;3;1955;2.095681520272314
43;3;1965;1.88473630117812
43;3;1975;1.68445921693206
43;3;1985;1.5275191660599519
43;3;1995;1.419113342193837
43;3;2005;1.336470733438694
43;3;2015;1.2503758513836971
43;3;2025;1.162175475390358
43;3;2035;1.089720768657976
43;3;2045;1.0356961148908237
43;3;2055;0.9420741656285151
43;3;2065;0.7705366487108027
43;3;2075;0.5821120534801617
43;3;2085;0.4276987817629737
43;3;2095;0.3529360009231151
43;3;2105;0.3355096908268966
43;3;2115;0.3511578435067517
43;3;2125;0.37541007787093444
43;3;2135;0.37513652991559016
43;3;2145;0.361849590109866
43;3;2155;0.34909377745581194
43;3;2165;0.3496695487506745
43;3;2175;0.3494716578635686
43;3;2185;0.3416259654842024
43;3;2195;0.35603838033322976
43;3;2205;0.4066213035774754
43;3;2215;0.4514442267315325
43;3;2225;0.5261724669132698
43;3;2235;0.5764712676963856
43;3;2245;0.599337702553141
43;3;2255;0.6109884151553328
43;3;2265;0.6273378686897253
43;3;2275;0.6569743339490849
43;3;2285;0.6756824387522825
43;3;2295;0.650326084975109
43;3;2305;0.6745440499458414
43;3;2315;0.692161153799931
43;3;2325;0.659148247748296
43;3;2335;0.6119709003258004
43;3;2345;0.5495947646479872
43;3;2355;0.519715476205522
43;3;2365;0.5222359896360858
43;3;2375;0.5408057939845994
43;3;2385;0.529540067185199
43;3;2395;0.5425413176531041
43;3;2405;0.5654825326179626
43;3;2415;0.5793677280180665
43;3;2425;0.6648112445347583
43;3;2435;0.6845234388647217
43;3;2445;0.6664537908521577
43;3;2450;0.546748985121723
43;4;405;1.8135648877613566
43;4;415;1.6080670542644664
43;4;425;1.5176160170358703
43;4;435;1.462152299942087
43;4;445;1.3919971919787828
43;4;455;1.3222930581644996
43;4;465;1.2758523558728263
43;4;475;1.247043258782198
43;4;485;1.2031868931893972
43;4;495;1.1161130030104298
43;4;505;0.9210609437231502
43;4;515;0.7313248283750894
43;4;525;0.9930880090629032
43;4;535;1.0571974170369256
43;4;545;1.0022050214315086
43;4;555;0.9327473284278992
43;4;565;0.8478796751385506
43;4;575;0.7587275914674418
43;4;585;0.7320693018668868
43;4;595;0.7366218940664663
43;4;605;0.7604919523497308
43;4;615;0.8115047247597557
43;4;625;0.8607494563994218
43;4;635;0.8958675759630934
43;4;645;1.0416398396959259
43;4;655;1.1325749126997786
43;4;665;1.1840527435304928
43;4;675;1.1303453331838458
43;4;685;0.9685785637318575
43;4;695;0.7746918273096437
43;4;705;1.5996852510050406
43;4;715;1.9398957917237556
43;4;725;1.7146992849978924
43;4;735;1.0265224717688912
43;4;745;0.6424023778335304
43;4;755;0.7288135043345557
43;4;765;0.8362505473884788
43;4;775;0.9029268882534219
43;4;785;0.9333185343796692
43;4;795;0.9416910335972841
43;4;805;0.94508801663425
43;4;815;0.9491262143408795
43;4;825;0.9523315145176379
43;4;835;0.9513776121791923
43;4;845;0.9499491606605411
43;4;855;0.9442840528663103
43;4;865;0.9441808361613051
43;4;875;0.9453233323503109
43;4;885;0.9493123978094573
43;4;895;0.9509740719952184
43;4;905;0.9516771626827043
43;4;915;0.9566330460129425
43;4;925;0.957108910072384
43;4;935;0.961938854580693
43;4;945;0.9719422448435354
43;4;955;0.9890452662120496
43;4;965;0.9883633245289557
43;4;975;0.9858743692635458
43;4;985;0.951799341117892
43;4;995;0.9356155028333977
43;4;1005;0.9086485650202591
43;4;1015;0.8992745806356738
43;4;1025;0.8949069331048733
43;4;1035;0.8870617051497333
43;4;1045;0.8888707084487862
43;4;1055;0.8899609210611172
43;4;1065;0.897631465711278
43;4;1075;0.9003179022581662
43;4;1085;0.8983504439643268
43;4;1095;0.8979203589355491
43;4;1105;0.8892735580654129
43;4;1115;0.8935618089463985
43;4;1125;0.8905049663401196
43;4;1135;0.8792249936513464
43;4;1145;0.8971789025932864
43;4;1155;0.8841264006049827
43;4;1165;0.8419848766709563
43;4;1175;0.7824877335312227
43;4;1185;0.7424035315333471
43;4;1195;0.7266046559188124
43;4;1205;0.7199931168607543
43;4;1215;0.7115433436829763
43;4;1225;0.7091695532971048
43;4;1235;0.7130270154072451
43;4;1245;0.7197401042267714
43;4;1255;0.726992234131586
43;4;1265;0.736552752846183
43;4;1275;0.7477088537622235
43;4;1285;0.7771063715870176
43;4;1295;0.7997066800415759
43;4;1305;0.8375804149111117
43;4;1315;0.9002947515848668
43;4;1325;0.9235670090447892
43;4;1335;0.9878198209026336
43;4;1345;1.0990452834177111
43;4;1355;1.3135601492103062
43;4;1365;1.644087353003332
43;4;1375;1.5115056755998195
43;4;1385;1.1506193089090295
43;4;1395;0.972588976110415
43;4;1405;0.92095523789115
43;4;1415;0.8458860036126974
43;4;1425;0.7489103972738612
43;4;1435;0.7451172287842687
43;4;1445;0.8400466910587223
43;4;1455;0.9433554318193084
43;4;1465;1.029968622567615
43;4;1475;1.1168645313288976
43;4;1485;1.2001186987517627
43;4;1495;1.2657569390123844
43;4;1505;1.3107235020497678
43;4;1515;1.335592255949557
43;4;1525;1.3439809885734328
43;4;1535;1.3263233562620556
43;4;1545;1.3020128923229093
43;4;1555;1.2663914452387308
43;4;1565;1.2409212800871487
43;4;1575;1.2085764723330863
43;4;1585;1.1730483052640788
43;4;1595;1.1496999804708061
43;4;1605;1.1254789141362653
43;4;1615;1.1067476929995916
43;4;1625;1.0784200203199104
43;4;1635;1.0239825683861665
43;4;1645;0.9944549529001753
43;4;1655;0.9803296746906229
43;4;1665;0.940193343607258
43;4;1675;0.9158006222932483
43;4;1685;0.9246274443572253
43;4;1695;0.8884770792069662
43;4;1705;0.8570719421165026
43;4;1715;0.8138478784604607
43;4;1725;0.7884063539429825
43;4;1735;0.7608467767888379
43;4;1745;0.7481420869679535
43;4;1755;0.727881286358992
43;4;1765;0.723915077198428
43;4;1775;0.7177002860653353
43;4;1785;0.7087993215664743
43;4;1795;0.7096018014223617
43;4;1805;0.7146707364944002
43;4;1815;0.729714713059318
43;4;1825;0.7655290737755227
43;4;1835;0.8298397274601064
43;4;1845;0.8447955409670616
43;4;1855;0.8534576993120542
43;4;1865;0.8508726699509847
43;4;1875;0.8511238882035943
43;4;1885;0.8551269909683161
43;4;1895;0.8679069088170265
43;4;1905;0.7713978867517416
43;4;1915;0.25565501332319257
43;4;1925;0.5594976278697886
43;4;1935;1.1642895765634917
43;4;1945;1.5402427930896205
43;4;1955;1.665184338750795
43;4;1965;1.6708297892434516
43;4;1975;1.6307680888427938
43;4;1985;1.5874332541737484
43;4;1995;1.5514468449372338
43;4;2005;1.516456142232172
43;4;2015;1.475964210078202
43;4;2025;1.423409691908007
43;4;2035;1.3712386145662339
43;4;2045;1.3215841898403327
43;4;2055;1.254743847113856
43;4;2065;1.1511839648813913
43;4;2075;1.0449528870090492
43;4;2085;0.950877172022694
43;4;2095;0.8810227722874749
43;4;2105;0.839154543445114
43;4;2115;0.8053908969447674
43;4;2125;0.7842617186492009
43;4;2135;0.7805074785649785
43;4;2145;0.784723178751655
43;4;2155;0.7983251728362668
43;4;2165;0.8096597405761355
43;4;2175;0.8151452258045017
43;4;2185;0.8059169286017612
43;4;2195;0.7804618048467697
43;4;2205;0.7615200577840622
43;4;2215;0.7484364161397313
43;4;2225;0.7370984838563153
43;4;2235;0.7294884994612526
43;4;2245;0.7215513119647898
43;4;2255;0.7134125733143983
43;4;2265;0.7072789781123945
43;4;2275;0.7034006322231176
43;4;2285;0.7035300368013239
43;4;2295;0.7059117806853544
43;4;2305;0.70872964756582
43;4;2315;0.7121236985284461
43;4;2325;0.7184142685863809
43;4;2335;0.7247055028464026
43;4;2345;0.7362207934523327
43;4;2355;0.7452495292328629
43;4;2365;0.7486396263965588
43;4;2375;0.750827508515247
43;4;2385;0.7567679466452989
43;4;2395;0.7510983129278729
43;4;2405;0.7461252987914039
43;4;2415;0.7410695590640821
43;4;2425;0.7348705470923432
43;4;2435;0.7277700503350264
43;4;2445;0.7200985307998529
43;4;2450;0.7147514521630743
44;1;405;2.0859549633993453
44;1;415;1.7887076068140415
44;1;425;1.6315249651397479
44;1;435;1.578413859042177
44;1;445;1.470423238415615
44;1;455;1.3674128065223154
44;1;465;1.2945861689052842
44;1;475;1.2510357050695058
44;1;485;1.1819671436409185
44;1;495;1.0501373943053838
44;1;505;0.7762357578979835
44;1;515;0.625123863919936
44;1;525;1.234314860120736
44;1;535;1.3595869791303814
44;1;545;1.2573090925077535
44;1;555;1.1295649131369858
44;1;565;0.9482746220799725
44;1;575;0.7174687156190583
44;1;585;0.5976307234771275
44;1;595;0.5591958763521174
44;1;605;0.5627315362730568
44;1;615;0.6031971955218693
44;1;625;0.6575844896330346
44;1;635;0.7033858804954889
44;1;645;0.8906954348835919
44;1;655;0.9851770728258877
44;1;665;1.0087094843205437
44;1;675;0.8777491393371408
44;1;685;0.6359236407207381
44;1;695;0.9270453120176201
44;1;705;2.230132107635716
44;1;715;2.667872070344481
44;1;725;2.44630570589276
44;1;735;1.7353729725847111
44;1;745;0.9977642284403752
44;1;755;0.5925711689599614
44;1;765;0.5251665961632486
44;1;775;0.573370299423904
44;1;785;0.6143499221201156
44;1;795;0.631933117985722
44;1;805;0.6411021062733779
44;1;815;0.6543662974270235
44;1;825;0.6641803559265366
44;1;835;0.6658748580460513
44;1;845;0.6727721495121567
44;1;855;0.6702242519103938
44;1;865;0.6770650149476134
44;1;875;0.6808321137567572
44;1;885;0.6914290935935059
44;1;895;0.697432746664927
44;1;905;0.6983482042062352
44;1;915;0.7104749911539802
44;1;925;0.7116550325662445
44;1;935;0.7173744491722345
44;1;945;0.7269505563891524
44;1;955;0.7473312089774927
44;1;965;0.7521598867647209
44;1;975;0.7619642368485646
44;1;985;0.7251798354131721
44;1;995;0.7232367422112704
44;1;1005;0.7115978309948786
44;1;1015;0.698919022404268
44;1;1025;0.708262119559061
44;1;1035;0.7017950003299855
44;1;1045;0.7273607303066394
44;1;1055;0.7330454818116351
44;1;1065;0.7540909930528785
44;1;1075;0.7573047763882841
44;1;1085;0.7930555040450165
44;1;1095;0.8080401349703875
44;1;1105;0.8123622030059637
44;1;1115;0.8285608708839262
44;1;1125;0.8213434819306424
44;1;1135;0.8098179758639258
44;1;1145;0.8480555857339316
44;1;1155;0.8560290096181473
44;1;1165;0.791301597260178
44;1;1175;0.7031177922714117
44;1;1185;0.6419642554482399
44;1;1195;0.621341391582299
44;1;1205;0.6169496989179892
44;1;1215;0.6113771491824351
44;1;1225;0.6026512569013732
44;1;1235;0.6110494510341454
44;1;1245;0.6396619404200188
44;1;1255;0.66436205082543
44;1;1265;0.686661405254265
44;1;1275;0.7032139564682589
44;1;1285;0.7570068324239675
44;1;1295;0.7923691661501723
44;1;1305;0.8768978204148025
44;1;1315;1.014940201999003
44;1;1325;1.1229317599725757
44;1;1335;1.2856203207799828
44;1;1345;1.5317222025884882
44;1;1355;1.815589272235559
44;1;1365;2.1410881724553716
44;1;1375;1.861069118932223
44;1;1385;1.2780306591194057
44;1;1395;0.99979102402756
44;1;1405;0.9342322055463873
44;1;1415;0.8284147941409885
44;1;1425;0.6404660647681106
44;1;1435;0.5502624689054907
44;1;1445;0.6592103623081801
44;1;1455;0.8080574736401808
44;1;1465;0.9364228621745003
44;1;1475;1.0558510618809493
44;1;1485;1.1730964831923874
44;1;1495;1.2688762566023064
44;1;1505;1.3287167859560975
44;1;1515;1.364026109247644
44;1;1525;1.3634028247359542
44;1;1535;1.3161851405189042
44;1;1545;1.259180041554096
44;1;1555;1.18192870467014
44;1;1565;1.1201933076597685
44;1;1575;1.043940549731561
44;1;1585;0.9396077990560455
44;1;1595;0.8828546201971835
44;1;1605;0.8058353979448853
44;1;1615;0.7479959372917884
44;1;1625;0.6773433459076922
44;1;1635;0.5926589004354088
44;1;1645;0.5318565904689811
44;1;1655;0.5121396174398604
44;1;1665;0.4932506425356461
44;1;1675;0.4905155086470179
44;1;1685;0.5178553147384598
44;1;1695;0.5195512016385802
44;1;1705;0.512719043882155
44;1;1715;0.5168889673995832
44;1;1725;0.528398435008042
44;1;1735;0.5413011784489938
44;1;1745;0.5649604651131388
44;1;1755;0.6050202098505179
44;1;1765;0.6336676360730354
44;1;1775;0.6596590064945014
44;1;1785;0.7320609776791499
44;1;1795;0.7985762723945271
44;1;1805;0.8425624843685233
44;1;1815;0.9213677069623587
44;1;1825;1.0337928565328935
44;1;1835;1.2096080504797548
44;1;1845;1.176438448851777
44;1;1855;1.1029926230651979
44;1;1865;1.0071429267472165
44;1;1875;0.9113339474738562
44;1;1885;0.8677624401576878
44;1;1895;0.8451034686237135
44;1;1905;0.6533277426288052
44;1;1915;0.3391784546744139
44;1;1925;1.2169409061371865
44;1;1935;1.8662808736801448
44;1;1945;2.2026296721059495
44;1;1955;2.2102356516194344
44;1;1965;2.102634441206127
44;1;1975;1.9502057229337333
44;1;1985;1.8228176953441495
44;1;1995;1.7352772025136078
44;1;2005;1.661790826148341
44;1;2015;1.5829564091955124
44;1;2025;1.4889654944190935
44;1;2035;1.405356580611246
44;1;2045;1.3338887657351344
44;1;2055;1.2284778365535882
44;1;2065;1.058313122479098
44;1;2075;0.8791366437857383
44;1;2085;0.7298995086194559
44;1;2095;0.6354475424451013
44;1;2105;0.5909002765288014
44;1;2115;0.5657182187939268
44;1;2125;0.5570392767275084
44;1;2135;0.5567388521193601
44;1;2145;0.5604795536070941
44;1;2155;0.5740639723654701
44;1;2165;0.5926575752491906
44;1;2175;0.5975437102257802
44;1;2185;0.5837936324348876
44;1;2195;0.5633373287562492
44;1;2205;0.5564542475670214
44;1;2215;0.5607258699944065
44;1;2225;0.5740572481761286
44;1;2235;0.5821625840044365
44;1;2245;0.5868476826499068
44;1;2255;0.589241309021366
44;1;2265;0.5916982945472483
44;1;2275;0.6022748369897033
44;1;2285;0.6075988393373061
44;1;2295;0.5917976392126285
44;1;2305;0.5939626170560935
44;1;2315;0.6001034570395615
44;1;2325;0.5871858822639363
44;1;2335;0.5692994031153166
44;1;2345;0.5573109502125724
44;1;2355;0.5560647857981189
44;1;2365;0.5569676301944869
44;1;2375;0.5566718831381832
44;1;2385;0.5595367668168552
44;1;2395;0.5567183021349732
44;1;2405;0.5556302887254038
44;1;2415;0.5540424300152983
44;1;2425;0.5535166462284076
44;1;2435;0.5522005021201434
44;1;2445;0.5479172935598532
44;1;2450;0.5497850940278807
44;2;405;1.116464701248051
44;2;415;0.9381154566055359
44;2;425;0.8525054068262671
44;2;435;0.803077884858871
44;2;445;0.7550238304008561
44;2;455;0.7140780975293853
44;2;465;0.6942199379815915
44;2;475;0.6798920736744776
44;2;485;0.6658954121091937
44;2;495;0.6507830777927832
44;2;505;0.7199950406047535
44;2;515;1.2493184348344102
44;2;525;1.82710148166969
44;2;535;1.891799580067852
44;2;545;1.813708226119376
44;2;555;1.7183975568859127
44;2;565;1.5885713706430842
44;2;575;1.3802548381834203
44;2;585;1.2149651001365136
44;2;595;1.0954060454031511
44;2;605;0.9923600334045305
44;2;615;0.872212934917704
44;2;625;0.793575412816177
44;2;635;0.7494902123669854
44;2;645;0.6544509149384166
44;2;655;0.6487785226486779
44;2;665;0.6580655376837251
44;2;675;0.6462719638931119
44;2;685;0.6724764728103066
44;2;695;1.4106381151659353
44;2;705;2.23366046539209
44;2;715;2.420243657452845
44;2;725;2.3164148191730263
44;2;735;1.7868080667248785
44;2;745;1.1627627587591736
44;2;755;0.8435112109588978
44;2;765;0.732612614933158
44;2;775;0.6969756865412606
44;2;785;0.6859450493126863
44;2;795;0.687160100519992
44;2;805;0.6901429187033262
44;2;815;0.692956015609126
44;2;825;0.6946748056978242
44;2;835;0.7009098679968887
44;2;845;0.7042037298496723
44;2;855;0.7096665167416226
44;2;865;0.7138391850749882
44;2;875;0.7137454388441243
44;2;885;0.7134866850892116
44;2;895;0.7137612364106928
44;2;905;0.7119668492295097
44;2;915;0.7097393200476092
44;2;925;0.7097951228620774
44;2;935;0.7070167244595715
44;2;945;0.7016207207240348
44;2;955;0.6921360785694285
44;2;965;0.689904456841974
44;2;975;0.6928161351216773
44;2;985;0.7129804815542027
44;2;995;0.7262248853469861
44;2;1005;0.7544651927637318
44;2;1015;0.749943320864255
44;2;1025;0.7631395212561519
44;2;1035;0.7615894919739207
44;2;1045;0.7593610036960519
44;2;1055;0.7484008289755598
44;2;1065;0.733847561267316
44;2;1075;0.7249525612391875
44;2;1085;0.7062800439892927
44;2;1095;0.6988698271460085
44;2;1105;0.6979628267857624
44;2;1115;0.7057057670012379
44;2;1125;0.7203728618805003
44;2;1135;0.7357800357761266
44;2;1145;0.727162720705484
44;2;1155;0.7327983102092522
44;2;1165;0.7738010970563906
44;2;1175;0.8416065930847918
44;2;1185;0.8984867126867383
44;2;1195;0.9230811018234014
44;2;1205;0.9250262967987681
44;2;1215;0.9326439558067084
44;2;1225;0.9357362645353315
44;2;1235;0.9217982166084616
44;2;1245;0.8865811402535646
44;2;1255;0.8574840806194697
44;2;1265;0.8305099490312632
44;2;1275;0.809653797766842
44;2;1285;0.765620322614467
44;2;1295;0.7234173219601666
44;2;1305;0.6736843510035144
44;2;1315;0.6303603080857973
44;2;1325;0.6240238906355365
44;2;1335;0.65820018172292
44;2;1345;0.7706922511381631
44;2;1355;1.0703551055905325
44;2;1365;1.6504727728759507
44;2;1375;1.9760672003386373
44;2;1385;1.7855756316331075
44;2;1395;1.6220701349603164
44;2;1405;1.5781547834109766
44;2;1415;1.4788235654361996
44;2;1425;1.259753552297531
44;2;1435;1.0026021447068063
44;2;1445;0.8065254668201803
44;2;1455;0.7043430451843158
44;2;1465;0.6567278856829962
44;2;1475;0.6348136074402732
44;2;1485;0.6362447949916251
44;2;1495;0.6522159054709696
44;2;1505;0.6708852439382419
44;2;1515;0.6847836360345739
44;2;1525;0.6933840578925157
44;2;1535;0.688497532704826
44;2;1545;0.6809715682972959
44;2;1555;0.672079779276258
44;2;1565;0.6649736791069901
44;2;1575;0.658124585997051
44;2;1585;0.6503780978758178
44;2;1595;0.6446826080663542
44;2;1605;0.6389573878670944
44;2;1615;0.6331037401051739
44;2;1625;0.6261005855448577
44;2;1635;0.6193888890182936
44;2;1645;0.6133764619288101
44;2;1655;0.6135476507244446
44;2;1665;0.6187132674737741
44;2;1675;0.6276641691498133
44;2;1685;0.6360620952153185
44;2;1695;0.654889879959761
44;2;1705;0.6788894420983262
44;2;1715;0.7294688694281741
44;2;1725;0.7762516932759558
44;2;1735;0.8273487907236455
44;2;1745;0.8864115341327954
44;2;1755;0.9651343049204886
44;2;1765;1.0195197650992718
44;2;1775;1.0630270480740402
44;2;1785;1.1445714621518535
44;2;1795;1.2249460731892903
44;2;1805;1.2776525806356134
44;2;1815;1.3464473486188822
44;2;1825;1.4508530075277721
44;2;1835;1.613644318487647
44;2;1845;1.6202490395445317
44;2;1855;1.607068353218848
44;2;1865;1.5712656009738821
44;2;1875;1.5361538256840566
44;2;1885;1.510672567014339
44;2;1895;1.469797563653461
44;2;1905;1.1528276664341768
44;2;1915;0.30972345945566543
44;2;1925;0.5170481374441572
44;2;1935;0.934873630721179
44;2;1945;1.0744533041720867
44;2;1955;1.029864942702839
44;2;1965;0.9566042616220164
44;2;1975;0.8876820987693276
44;2;1985;0.8372237058357168
44;2;1995;0.8040485750135613
44;2;2005;0.7748314386348558
44;2;2015;0.744068495472113
44;2;2025;0.7157586619779631
44;2;2035;0.6920123322433668
44;2;2045;0.6750318958077647
44;2;2055;0.6572412557884486
44;2;2065;0.6471641143162181
44;2;2075;0.6737978573148513
44;2;2085;0.7305527668642675
44;2;2095;0.7923242934026606
44;2;2105;0.8433141360526528
44;2;2115;0.891123312301428
44;2;2125;0.9252747233309258
44;2;2135;0.9279698153934031
44;2;2145;0.91025592137621
44;2;2155;0.8818039575479121
44;2;2165;0.8578388162874258
44;2;2175;0.8505576515777963
44;2;2185;0.8754121479432864
44;2;2195;0.927149032236114
44;2;2205;0.9795547209513881
44;2;2215;1.0208768554071268
44;2;2225;1.0684891721740353
44;2;2235;1.1010016956232207
44;2;2245;1.126910205992483
44;2;2255;1.1414170684351002
44;2;2265;1.1485746440204474
44;2;2275;1.1630234714422385
44;2;2285;1.1686739375309363
44;2;2295;1.146596892273109
44;2;2305;1.1531198312378257
44;2;2315;1.165132664705931
44;2;2325;1.1494899618206345
44;2;2335;1.1131266755609104
44;2;2345;1.0675604417514255
44;2;2355;1.039949535722272
44;2;2365;1.0426492099108104
44;2;2375;1.0342809266673987
44;2;2385;1.0211369944959288
44;2;2395;1.0399100694779304
44;2;2405;1.0467307262250554
44;2;2415;1.0621321410528128
44;2;2425;1.0918010305635493
44;2;2435;1.1095969804106962
44;2;2445;1.1038481659724106
44;2;2450;1.0535864874756564
44;3;405;1.6493369912420046
44;3;415;1.4541332229768078
44;3;425;1.3499523356372674
44;3;435;1.2798245836406679
44;3;445;1.2077479020590771
44;3;455;1.13282971295707
44;3;465;1.0919260093431529
44;3;475;1.0598113809362102
44;3;485;1.0190554933256566
44;3;495;0.9501219777288523
44;3;505;0.8283426287370129
44;3;515;0.9288013103524587
44;3;525;1.2654159288116702
44;3;535;1.301538635878321
44;3;545;1.2464190406194928
44;3;555;1.1774706862490263
44;3;565;1.105051918930739
44;3;575;1.0003946178067076
44;3;585;0.9277923462396592
44;3;595;0.8838704077423268
44;3;605;0.8522991028140061
44;3;615;0.8304493503941417
44;3;625;0.8316397208767748
44;3;635;0.8393261506132326
44;3;645;0.9032768714819859
44;3;655;0.9678709405353068
44;3;665;1.0112108304574117
44;3;675;0.9711002226974625
44;3;685;0.8570085253441989
44;3;695;0.9886508904288875
44;3;705;1.5704781945434805
44;3;715;1.7893426117466826
44;3;725;1.5961746034815765
44;3;735;1.0559475930524596
44;3;745;0.7501766916021403
44;3;755;0.7443896927179673
44;3;765;0.7935886289398724
44;3;775;0.8333992290548834
44;3;785;0.8534205091618605
44;3;795;0.8585603745186452
44;3;805;0.8587315315843623
44;3;815;0.8603447901409282
44;3;825;0.8666582874524686
44;3;835;0.8701998493217853
44;3;845;0.8740631057512734
44;3;855;0.8747428828617639
44;3;865;0.8750250789879268
44;3;875;0.8769296329511714
44;3;885;0.8783089589233247
44;3;895;0.8785785365285675
44;3;905;0.8768435626474367
44;3;915;0.8762574599795934
44;3;925;0.8743624789118352
44;3;935;0.8757605243384126
44;3;945;0.8784685592323884
44;3;955;0.8894748568977741
44;3;965;0.8893519871778515
44;3;975;0.8861203354162104
44;3;985;0.8601791049363495
44;3;995;0.8457910010262327
44;3;1005;0.8235647289438992
44;3;1015;0.8211175525351941
44;3;1025;0.8141363947057989
44;3;1035;0.8119483488602
44;3;1045;0.811932518599357
44;3;1055;0.8119874853605962
44;3;1065;0.8162950008242057
44;3;1075;0.8147986593882838
44;3;1085;0.816743167305876
44;3;1095;0.8150617879938484
44;3;1105;0.8117761108316425
44;3;1115;0.8150242133580496
44;3;1125;0.8147236995680703
44;3;1135;0.8131796902207995
44;3;1145;0.8243022750536189
44;3;1155;0.8239766582957309
44;3;1165;0.8063160684616174
44;3;1175;0.7923925844204343
44;3;1185;0.7911631353382784
44;3;1195;0.7949863240010696
44;3;1205;0.7969291184050237
44;3;1215;0.8019638437827232
44;3;1225;0.8037690339534654
44;3;1235;0.8020157685075895
44;3;1245;0.7957692917811555
44;3;1255;0.7902960076744361
44;3;1265;0.7863180245063921
44;3;1275;0.7821755224703064
44;3;1285;0.7799363678503674
44;3;1295;0.7767297383748168
44;3;1305;0.7821565675245941
44;3;1315;0.8115042935036214
44;3;1325;0.8401269614284771
44;3;1335;0.9087227838392263
44;3;1345;1.0437712945358448
44;3;1355;1.3442489755631337
44;3;1365;1.7585306266568392
44;3;1375;1.7288790692521214
44;3;1385;1.4553876738494687
44;3;1395;1.280183899107724
44;3;1405;1.2145533333640974
44;3;1415;1.1141062369959143
44;3;1425;0.9571990852494442
44;3;1435;0.8519231982035492
44;3;1445;0.8550606060130689
44;3;1455;0.9071086532985997
44;3;1465;0.9623984355640612
44;3;1475;1.0211200048321423
44;3;1485;1.0799762103313293
44;3;1495;1.1283832413304644
44;3;1505;1.1614611048099268
44;3;1515;1.1789579748407137
44;3;1525;1.182298124165196
44;3;1535;1.1660994947096792
44;3;1545;1.143690121739597
44;3;1555;1.1158654154482128
44;3;1565;1.090473110811431
44;3;1575;1.0686920849421921
44;3;1585;1.0481223135920121
44;3;1595;1.0422769024624983
44;3;1605;1.0377682772204104
44;3;1615;1.041115150447037
44;3;1625;1.0354743801094817
44;3;1635;1.0211880592918894
44;3;1645;1.0105973387431835
44;3;1655;1.0006370917526106
44;3;1665;0.9648608423238344
44;3;1675;0.9294431446875965
44;3;1685;0.8994045097187205
44;3;1695;0.8369929031287684
44;3;1705;0.7826906846806339
44;3;1715;0.7405664958476651
44;3;1725;0.7306384971008419
44;3;1735;0.7234676556158367
44;3;1745;0.7268898525491143
44;3;1755;0.7400421617815643
44;3;1765;0.7611090085802927
44;3;1775;0.7803106578540693
44;3;1785;0.8023538751914399
44;3;1795;0.8325443478506456
44;3;1805;0.8550287828567797
44;3;1815;0.885817280194459
44;3;1825;0.9397058493429514
44;3;1835;0.9754327147467143
44;3;1845;1.006701744376492
44;3;1855;1.0366500626855069
44;3;1865;1.0529224663791632
44;3;1875;1.062446605700887
44;3;1885;1.042419148922012
44;3;1895;0.9551120348278758
44;3;1905;0.6202848934779323
44;3;1915;0.5023978745674837
44;3;1925;1.1279940359089535
44;3;1935;1.5859434276625806
44;3;1945;1.7631011293720487
44;3;1955;1.7548300815608426
44;3;1965;1.6786166151610733
44;3;1975;1.5931641088386994
44;3;1985;1.5198159878548918
44;3;1995;1.4645616036378606
44;3;2005;1.4155874379584392
44;3;2015;1.362063667531146
44;3;2025;1.2994849791238068
44;3;2035;1.2384733824921295
44;3;2045;1.1817339976688943
44;3;2055;1.108341994977771
44;3;2065;1.0160783152628774
44;3;2075;0.9295557644936554
44;3;2085;0.8639950889850828
44;3;2095;0.8247525582233939
44;3;2105;0.8056237157427368
44;3;2115;0.7958979000680635
44;3;2125;0.7925278540380355
44;3;2135;0.7904451338807191
44;3;2145;0.7870496470621644
44;3;2155;0.7835926934351904
44;3;2165;0.7795436653279307
44;3;2175;0.7797348079263643
44;3;2185;0.7844549001693212
44;3;2195;0.7951681032506974
44;3;2205;0.8085805228206868
44;3;2215;0.8192152468468661
44;3;2225;0.8347664306477041
44;3;2235;0.8520422750980313
44;3;2245;0.8659834537443392
44;3;2255;0.8811832113325374
44;3;2265;0.8916487933709921
44;3;2275;0.9012001050896626
44;3;2285;0.9060446810878917
44;3;2295;0.8972261848083516
44;3;2305;0.9051591939608123
44;3;2315;0.9126950425280282
44;3;2325;0.9001936434894897
44;3;2335;0.8818874899979785
44;3;2345;0.8673631520376006
44;3;2355;0.8613055064762675
44;3;2365;0.8612653416978625
44;3;2375;0.8588175094385292
44;3;2385;0.8556391903583492
44;3;2395;0.8603646466679272
44;3;2405;0.8617094856999182
44;3;2415;0.8630486315811149
44;3;2425;0.8674280054384929
44;3;2435;0.8666990736230098
44;3;2445;0.8667292364569247
44;3;2450;0.8466037059084061
44;4;405;1.5951526867170367
44;4;415;1.4233653107211606
44;4;425;1.354138701098242
44;4;435;1.3222839220571316
44;4;445;1.2664099083671638
44;4;455;1.2087627618270935
44;4;465;1.1733712834161791
44;4;475;1.1542318276845687
44;4;485;1.1180563676149546
44;4;495;1.0417643994988035
44;4;505;0.8718397310990136
44;4;515;0.9113338729608625
44;4;525;1.431777977004324
44;4;535;1.5584960000271448
44;4;545;1.5172403575981603
44;4;555;1.443157456493118
44;4;565;1.302208754446887
44;4;575;1.0909024341613944
44;4;585;0.9522158352477301
44;4;595;0.8822167592957495
44;4;605;0.8419390831770834
44;4;615;0.8220438148216832
44;4;625;0.8375173886828462
44;4;635;0.857288350090486
44;4;645;0.9747402581417682
44;4;655;1.0641853014288505
44;4;665;1.1179700812408084
44;4;675;1.0599919421536312
44;4;685;0.8983829908314582
44;4;695;1.0988637847653218
44;4;705;2.048394078577185
44;4;715;2.2784391828290347
44;4;725;2.143462628921336
44;4;735;1.5299398209864037
44;4;745;0.8504479084500991
44;4;755;0.6945822514965384
44;4;765;0.758839748302018
44;4;775;0.8203048429216164
44;4;785;0.8504208481059745
44;4;795;0.8611876647020953
44;4;805;0.8659281657959961
44;4;815;0.8728205588318124
44;4;825;0.8801746614536902
44;4;835;0.882903818447157
44;4;845;0.8864701923563226
44;4;855;0.8888008292269806
44;4;865;0.8933053463816839
44;4;875;0.8975137016854968
44;4;885;0.9034434689145695
44;4;895;0.9065071964101644
44;4;905;0.9099573526783681
44;4;915;0.9151552369610513
44;4;925;0.9180308974217455
44;4;935;0.9223791618401364
44;4;945;0.930746602825597
44;4;955;0.944352804926464
44;4;965;0.9505596551178852
44;4;975;0.9487003591689941
44;4;985;0.9208394327039112
44;4;995;0.911164226577398
44;4;1005;0.8841327717546175
44;4;1015;0.883677496456584
44;4;1025;0.8764903601544589
44;4;1035;0.8748810793157629
44;4;1045;0.8748297300654548
44;4;1055;0.8812204399176362
44;4;1065;0.8912320332277912
44;4;1075;0.9015242331357576
44;4;1085;0.9234940559721005
44;4;1095;0.9309346767244869
44;4;1105;0.9205009477195069
44;4;1115;0.9129077272442939
44;4;1125;0.8893924006029842
44;4;1135;0.8634087566720438
44;4;1145;0.8523006830703953
44;4;1155;0.8294734677746559
44;4;1165;0.7960571097874293
44;4;1175;0.7749040379783586
44;4;1185;0.7733637326874826
44;4;1195;0.7763144874646886
44;4;1205;0.7771627276111054
44;4;1215;0.77760619991418
44;4;1225;0.7766428922608616
44;4;1235;0.7730951140220391
44;4;1245;0.7683894173069501
44;4;1255;0.7659399244969534
44;4;1265;0.7658969124190107
44;4;1275;0.7662795297882563
44;4;1285;0.7719057342513657
44;4;1295;0.7832047114971199
44;4;1305;0.8211682877539924
44;4;1315;0.9002337361701973
44;4;1325;0.9540189164614011
44;4;1335;0.9876437792407657
44;4;1345;1.01573627606218
44;4;1355;1.08152727915224
44;4;1365;1.3153401916673326
44;4;1375;1.4357675834046726
44;4;1385;1.3059095702330672
44;4;1395;1.2067722393316456
44;4;1405;1.1917976518107696
44;4;1415;1.1297319864294313
44;4;1425;0.9934918800142041
44;4;1435;0.8713409721768568
44;4;1445;0.8332604794225446
44;4;1455;0.8544995910061566
44;4;1465;0.8949376034742468
44;4;1475;0.9501398193942188
44;4;1485;1.0156590234683311
44;4;1495;1.0770466743536247
44;4;1505;1.1252897829347777
44;4;1515;1.1565039487921773
44;4;1525;1.1725349453608807
44;4;1535;1.1670963593552945
44;4;1545;1.1507303347626536
44;4;1555;1.1262765035346185
44;4;1565;1.1104305885047727
44;4;1575;1.0899185575135768
44;4;1585;1.0628225026161315
44;4;1595;1.0518664633277517
44;4;1605;1.032318703516208
44;4;1615;1.0215989142174302
44;4;1625;1.0051017129199005
44;4;1635;0.9694430159718884
44;4;1645;0.950410739434516
44;4;1655;0.9372280175297892
44;4;1665;0.904947357588498
44;4;1675;0.8932030086148347
44;4;1685;0.9139997321845824
44;4;1695;0.8902259789259044
44;4;1705;0.8555374391461297
44;4;1715;0.8092552180854267
44;4;1725;0.7849334065408817
44;4;1735;0.7665385139382829
44;4;1745;0.7466790505566012
44;4;1755;0.7394695427848269
44;4;1765;0.7490127500794713
44;4;1775;0.7617223319559723
44;4;1785;0.7774516039617352
44;4;1795;0.8008877572600887
44;4;1805;0.8181821276677207
44;4;1815;0.8494047103329295
44;4;1825;0.8965899829584567
44;4;1835;0.9644311123198093
44;4;1845;0.9960687681347176
44;4;1855;1.022590502916186
44;4;1865;1.0500607750226751
44;4;1875;1.0928777101079905
44;4;1885;1.1628826660415095
44;4;1895;1.3212416455888116
44;4;1905;1.4710758280824798
44;4;1915;1.0305141720325433
44;4;1925;0.34218949758352457
44;4;1935;0.42332149990998263
44;4;1945;0.8711042822773958
44;4;1955;1.098694985838812
44;4;1965;1.194383527965687
44;4;1975;1.2221388778500286
44;4;1985;1.2310152242918833
44;4;1995;1.234906752123693
44;4;2005;1.231935239991606
44;4;2015;1.214097330353518
44;4;2025;1.181916452972083
44;4;2035;1.1490999304305112
44;4;2045;1.1200431122673142
44;4;2055;1.0714646573766564
44;4;2065;0.9949729899273652
44;4;2075;0.9178662590169541
44;4;2085;0.8583571948947332
44;4;2095;0.8209720803561598
44;4;2105;0.8028943020121597
44;4;2115;0.789152962627121
44;4;2125;0.7822836052232172
44;4;2135;0.7817857284066512
44;4;2145;0.7820568966298803
44;4;2155;0.788267076598232
44;4;2165;0.7986021595248991
44;4;2175;0.8030578590413302
44;4;2185;0.8013633709071637
44;4;2195;0.7934860067526546
44;4;2205;0.7899741001489471
44;4;2215;0.7915071652079788
44;4;2225;0.7937064556400232
44;4;2235;0.7979970024244845
44;4;2245;0.7978152263432313
44;4;2255;0.791994345326563
44;4;2265;0.7853297036527457
44;4;2275;0.7843709960256531
44;4;2285;0.7872275802069222
44;4;2295;0.7862398292171013
44;4;2305;0.7924851039340315
44;4;2315;0.8068894578817373
44;4;2325;0.8132578065688965
44;4;2335;0.8141521962657707
44;4;2345;0.8139932578766281
44;4;2355;0.8195541145254347
44;4;2365;0.8282520048712366
44;4;2375;0.8353399329834196
44;4;2385;0.8397505687284077
44;4;2395;0.8514802326980492
44;4;2405;0.8646841953638231
44;4;2415;0.8738788244531371
44;4;2425;0.9082375979002097
44;4;2435;0.9245895104643438
44;4;2445;0.9522192688130597
44;4;2450;0.9545797936330175
45;1;405;1.8059635473875444
45;1;415;1.60025102314401
45;1;425;1.478709817860588
45;1;435;1.4202985377926767
45;1;445;1.3433106041517429
45;1;455;1.2719708059395425
45;1;465;1.2249493581137008
45;1;475;1.1936961068369216
45;1;485;1.1473323341132573
45;1;495;1.06324387176876
45;1;505;0.8828265320204504
45;1;515;0.6817116426725732
45;1;525;0.9191588328401651
45;1;535;0.9683715974623773
45;1;545;0.8965135235848752
45;1;555;0.8164375897637998
45;1;565;0.7381949749286668
45;1;575;0.6824764041744887
45;1;585;0.6870557910386809
45;1;595;0.7142057656530366
45;1;605;0.7544576067033693
45;1;615;0.8103734474139336
45;1;625;0.8611467889510286
45;1;635;0.900656793331874
45;1;645;1.0417076373789895
45;1;655;1.112016656041729
45;1;665;1.1309169610864818
45;1;675;1.0494535591643965
45;1;685;0.8748911724209524
45;1;695;0.7182513958937858
45;1;705;1.470403248649991
45;1;715;1.8297140033452886
45;1;725;1.6417277978322211
45;1;735;1.082916585386151
45;1;745;0.6777748006789225
45;1;755;0.6292827343057331
45;1;765;0.702258423012266
45;1;775;0.7706364174999465
45;1;785;0.8083208043319036
45;1;795;0.8236386750200172
45;1;805;0.8303250322351345
45;1;815;0.8414735961667253
45;1;825;0.8525154366270873
45;1;835;0.855178026902127
45;1;845;0.8606157792638982
45;1;855;0.8625511513177131
45;1;865;0.8679557814235764
45;1;875;0.8734669510556512
45;1;885;0.8827011730784202
45;1;895;0.8883906779455297
45;1;905;0.8926304226645374
45;1;915;0.9012913923405786
45;1;925;0.9039691944354837
45;1;935;0.9086773198201495
45;1;945;0.9178019386159906
45;1;955;0.9341361319353713
45;1;965;0.9404332654182567
45;1;975;0.9441878969636814
45;1;985;0.9090135449195536
45;1;995;0.9035319095561377
45;1;1005;0.871532641402307
45;1;1015;0.8730355518375231
45;1;1025;0.86493754980061
45;1;1035;0.8669449495457344
45;1;1045;0.8788189297733282
45;1;1055;0.8962930985716583
45;1;1065;0.9111665668874686
45;1;1075;0.9369241111085312
45;1;1085;0.9691148789674331
45;1;1095;0.9849745345106625
45;1;1105;0.9896846203960922
45;1;1115;0.9841883949271618
45;1;1125;0.9616047654471771
45;1;1135;0.9299908399621336
45;1;1145;0.92984870286769
45;1;1155;0.9109294130618438
45;1;1165;0.8480227918228586
45;1;1175;0.7797159665940339
45;1;1185;0.7308709824803229
45;1;1195;0.7165178929262395
45;1;1205;0.7124087217709646
45;1;1215;0.7080978868731992
45;1;1225;0.7048198208562985
45;1;1235;0.7117696251027491
45;1;1245;0.7410393715312643
45;1;1255;0.7656440336133354
45;1;1265;0.7913371835796842
45;1;1275;0.8187681982625664
45;1;1285;0.8622856695264702
45;1;1295;0.9186941134393146
45;1;1305;1.0228672400576597
45;1;1315;1.1813538490251987
45;1;1325;1.2978035842274123
45;1;1335;1.4191901224294714
45;1;1345;1.5428944136711955
45;1;1355;1.6097514450081911
45;1;1365;1.66843436295893
45;1;1375;1.3919658791984777
45;1;1385;1.0252046848482033
45;1;1395;0.8797210527556626
45;1;1405;0.8499101385243514
45;1;1415;0.7880289173395254
45;1;1425;0.6961147214453427
45;1;1435;0.699074925702991
45;1;1445;0.8057452721206737
45;1;1455;0.9187908266085622
45;1;1465;1.012387263024342
45;1;1475;1.1038203369403907
45;1;1485;1.1947846862219471
45;1;1495;1.2698427768430949
45;1;1505;1.321543167129358
45;1;1515;1.3543364715737523
45;1;1525;1.3636209408441353
45;1;1535;1.3440779045331839
45;1;1545;1.3161452206102824
45;1;1555;1.2750153303931486
45;1;1565;1.240083501667699
45;1;1575;1.1972454870298523
45;1;1585;1.1364289061329365
45;1;1595;1.103222713874528
45;1;1605;1.0568075593008777
45;1;1615;1.0215991117907113
45;1;1625;0.9754416536839711
45;1;1635;0.9074116937075632
45;1;1645;0.8568340683851041
45;1;1655;0.823786007430686
45;1;1665;0.781513545099572
45;1;1675;0.7601688625648151
45;1;1685;0.7728300517242415
45;1;1695;0.7678609289247527
45;1;1705;0.7344700310069793
45;1;1715;0.7001923123204227
45;1;1725;0.6918369020048044
45;1;1735;0.6834808766395558
45;1;1745;0.6735772602228891
45;1;1755;0.666780860236393
45;1;1765;0.6679832132905975
45;1;1775;0.671154875003612
45;1;1785;0.6734819746425061
45;1;1795;0.6876007968389305
45;1;1805;0.7010284115452804
45;1;1815;0.7276783364609466
45;1;1825;0.7791417711070543
45;1;1835;0.8330746730183146
45;1;1845;0.8325729211404549
45;1;1855;0.8180868191282313
45;1;1865;0.795125511895455
45;1;1875;0.772878762237512
45;1;1885;0.7555072035492901
45;1;1895;0.7121052693213509
45;1;1905;0.46625125223262837
45;1;1915;0.5581624930613597
45;1;1925;1.273786435760528
45;1;1935;1.7756171837278323
45;1;1945;2.005142990005822
45;1;1955;1.987352040398229
45;1;1965;1.898674416592182
45;1;1975;1.782113818225319
45;1;1985;1.6906909221763156
45;1;1995;1.6307147109041162
45;1;2005;1.5761235378605856
45;1;2015;1.5192608845560793
45;1;2025;1.4573897771353896
45;1;2035;1.4015614285406102
45;1;2045;1.3504171870059272
45;1;2055;1.2788756374140247
45;1;2065;1.1636030515472442
45;1;2075;1.0390221618212692
45;1;2085;0.9278995035334139
45;1;2095;0.8512485426064212
45;1;2105;0.8020151980881528
45;1;2115;0.7647623738704665
45;1;2125;0.740609678402903
45;1;2135;0.7374390083756179
45;1;2145;0.7407607618431157
45;1;2155;0.756441262707209
45;1;2165;0.7726801679953805
45;1;2175;0.7741565028704787
45;1;2185;0.7615588395873166
45;1;2195;0.7364121892536187
45;1;2205;0.715194808368573
45;1;2215;0.7061524064771193
45;1;2225;0.692852150387827
45;1;2235;0.687729194820485
45;1;2245;0.6825185341383764
45;1;2255;0.6756724631750798
45;1;2265;0.6690914974777635
45;1;2275;0.6653668952007243
45;1;2285;0.6645468374779441
45;1;2295;0.6655167850688197
45;1;2305;0.6676231762224286
45;1;2315;0.6702899291415866
45;1;2325;0.6758411520257164
45;1;2335;0.6832731325247066
45;1;2345;0.6964047148318372
45;1;2355;0.7084523528646967
45;1;2365;0.7123187755766272
45;1;2375;0.7096163241828739
45;1;2385;0.7193272414475799
45;1;2395;0.7141219584266655
45;1;2405;0.7085665808568401
45;1;2415;0.7106979996754064
45;1;2425;0.696290650682709
45;1;2435;0.6962538768919323
45;1;2445;0.6955913572946928
45;1;2450;0.7115026383118856
45;2;405;1.5780629120703273
45;2;415;1.3915415715066601
45;2;425;1.3030465127213637
45;2;435;1.2401927311892416
45;2;445;1.177086570923321
45;2;455;1.1040122181033687
45;2;465;1.0672575371593496
45;2;475;1.038339587325969
45;2;485;1.0015723493762616
45;2;495;0.9261991130241851
45;2;505;0.7914020265975829
45;2;515;1.0582250748127615
45;2;525;1.634405569633669
45;2;535;1.719736781776636
45;2;545;1.6509474769490313
45;2;555;1.5589803211145672
45;2;565;1.4324319229248448
45;2;575;1.2236354186496008
45;2;585;1.057420564801074
45;2;595;0.9520168965059419
45;2;605;0.8651689079866031
45;2;615;0.7847872759259616
45;2;625;0.7567185548648412
45;2;635;0.7536544175741742
45;2;645;0.8238527319332426
45;2;655;0.9128809884700061
45;2;665;0.9832527290173209
45;2;675;0.9434165508203183
45;2;685;0.8071774244873186
45;2;695;1.2084261039631985
45;2;705;2.0353823027718563
45;2;715;2.2319665992125315
45;2;725;2.112388443718125
45;2;735;1.5501690444686278
45;2;745;0.9116033763131275
45;2;755;0.7411679833596562
45;2;765;0.7734584437513511
45;2;775;0.8118752457799564
45;2;785;0.8293405721909052
45;2;795;0.8306589657869796
45;2;805;0.8283933948716521
45;2;815;0.8259727637376864
45;2;825;0.8284677538858042
45;2;835;0.8315653160550951
45;2;845;0.8359507956765487
45;2;855;0.837229115508649
45;2;865;0.8361159975706789
45;2;875;0.8361128378529707
45;2;885;0.8336781574935218
45;2;895;0.8314991693961253
45;2;905;0.8301184163447881
45;2;915;0.8290388950117416
45;2;925;0.8274893944949274
45;2;935;0.8300560513743352
45;2;945;0.8331603216496748
45;2;955;0.8426101282670815
45;2;965;0.844224331953685
45;2;975;0.8388318410524029
45;2;985;0.8249865096983622
45;2;995;0.8152594380272058
45;2;1005;0.8045083020572475
45;2;1015;0.8018830864027477
45;2;1025;0.7985608197055216
45;2;1035;0.7951545022787496
45;2;1045;0.7909703494386247
45;2;1055;0.7928044022249338
45;2;1065;0.7914796918986209
45;2;1075;0.7938144451238601
45;2;1085;0.7938483659481875
45;2;1095;0.7945020855936337
45;2;1105;0.7939920437091134
45;2;1115;0.7889074082107221
45;2;1125;0.7876045722568201
45;2;1135;0.7867186934250976
45;2;1145;0.7882822032970517
45;2;1155;0.7828569792001978
45;2;1165;0.7790654048211305
45;2;1175;0.7920086924848883
45;2;1185;0.8138395321544493
45;2;1195;0.828262842192772
45;2;1205;0.831168001303548
45;2;1215;0.8444829403725471
45;2;1225;0.8567539030264377
45;2;1235;0.8584984086764333
45;2;1245;0.8452697149317886
45;2;1255;0.8302187650978656
45;2;1265;0.8179244781906045
45;2;1275;0.8128160416121516
45;2;1285;0.7937998054732527
45;2;1295;0.7844600909546344
45;2;1305;0.7769710988271826
45;2;1315;0.7790766470431025
45;2;1325;0.7884119636462933
45;2;1335;0.795689332147783
45;2;1345;0.7979487055455909
45;2;1355;0.9065996509619255
45;2;1365;1.2769525232028132
45;2;1375;1.5116193874397235
45;2;1385;1.384266385751966
45;2;1395;1.248489630746037
45;2;1405;1.2320057965069402
45;2;1415;1.1544429275759949
45;2;1425;0.9602535299102558
45;2;1435;0.7600383446850631
45;2;1445;0.6752353370083592
45;2;1455;0.6946829809592607
45;2;1465;0.7458800178790925
45;2;1475;0.8168803281649047
45;2;1485;0.8947601960891599
45;2;1495;0.9592393295238522
45;2;1505;1.007040535590301
45;2;1515;1.0307383836762687
45;2;1525;1.0421840810852083
45;2;1535;1.0281247231693766
45;2;1545;1.0071714593015884
45;2;1555;0.985445202113353
45;2;1565;0.9683976899809644
45;2;1575;0.9552903342830265
45;2;1585;0.9470629759934277
45;2;1595;0.9447354052755323
45;2;1605;0.9485771029364592
45;2;1615;0.9528014932217016
45;2;1625;0.9540760357506536
45;2;1635;0.9488071255155734
45;2;1645;0.9437918806497276
45;2;1655;0.9381959676429278
45;2;1665;0.9306077070176997
45;2;1675;0.9204245167481863
45;2;1685;0.9173229705361967
45;2;1695;0.8905766172535484
45;2;1705;0.8780390810440477
45;2;1715;0.8682487897996221
45;2;1725;0.8678737436070691
45;2;1735;0.870594441805221
45;2;1745;0.8801300649507028
45;2;1755;0.8995019844856764
45;2;1765;0.9135455608752892
45;2;1775;0.9276989847376199
45;2;1785;0.9708200091312128
45;2;1795;1.0195220905126006
45;2;1805;1.0473635555849299
45;2;1815;1.0946691499336283
45;2;1825;1.1755356758480722
45;2;1835;1.344150656553958
45;2;1845;1.333877597537526
45;2;1855;1.3042257720199715
45;2;1865;1.2602495932243682
45;2;1875;1.212279856107333
45;2;1885;1.1876682789552484
45;2;1895;1.226761516039279
45;2;1905;1.2069307845634876
45;2;1915;0.7293100447404486
45;2;1925;0.23336639986769533
45;2;1935;0.6663794713221336
45;2;1945;0.992942680811489
45;2;1955;1.1330877147651859
45;2;1965;1.1824317518632466
45;2;1975;1.1986419775066137
45;2;1985;1.1946076666464789
45;2;1995;1.1892278029656496
45;2;2005;1.175747374373342
45;2;2015;1.144147437818774
45;2;2025;1.0948826745602012
45;2;2035;1.0445943964358657
45;2;2045;0.9953391693895063
45;2;2055;0.9330190265566868
45;2;2065;0.853209149289586
45;2;2075;0.7980468326254225
45;2;2085;0.7835883508412909
45;2;2095;0.8009617683926641
45;2;2105;0.8258621791176781
45;2;2115;0.8584739928558718
45;2;2125;0.8813604888898182
45;2;2135;0.882412134808721
45;2;2145;0.8742292740987141
45;2;2155;0.8606244397262556
45;2;2165;0.8454344975781078
45;2;2175;0.8409448624718706
45;2;2185;0.846573080159467
45;2;2195;0.8643501359027288
45;2;2205;0.8835380226319837
45;2;2215;0.8974429199676561
45;2;2225;0.920624971950878
45;2;2235;0.9489181104274024
45;2;2245;0.980362578531722
45;2;2255;1.0235857342935915
45;2;2265;1.0505072485136095
45;2;2275;1.078911831948291
45;2;2285;1.085672978453622
45;2;2295;1.0546495692948852
45;2;2305;1.051794959516605
45;2;2315;1.0616147382985401
45;2;2325;1.0285981577846919
45;2;2335;0.9833216888561267
45;2;2345;0.9321879433848212
45;2;2355;0.8960089628039082
45;2;2365;0.8771677170978847
45;2;2375;0.8621809274600184
45;2;2385;0.8322517068114333
45;2;2395;0.8365719511909487
45;2;2405;0.8445905540799402
45;2;2415;0.8608487501265824
45;2;2425;0.9054510891345472
45;2;2435;0.9228657948827759
45;2;2445;0.9362068385974608
45;2;2450;0.9235404376975731
45;3;405;1.6713024609282285
45;3;415;1.4731399485396675
45;3;425;1.3988895420791743
45;3;435;1.3676962325612494
45;3;445;1.3033966386218172
45;3;455;1.243474164821933
45;3;465;1.2037796279975126
45;3;475;1.182438463565837
45;3;485;1.1435244582212039
45;3;495;1.0632032126649253
45;3;505;0.8890032450767277
45;3;515;0.824280089434888
45;3;525;1.154743546586465
45;3;535;1.215856940179948
45;3;545;1.1751769740603528
45;3;555;1.1164473621040703
45;3;565;1.02295374614331
45;3;575;0.899756953391545
45;3;585;0.8331132139274544
45;3;595;0.8066409108611311
45;3;605;0.8009186828072872
45;3;615;0.8203498233433805
45;3;625;0.8516053542173834
45;3;635;0.8759873137043497
45;3;645;0.9984263668046194
45;3;655;1.0904713462963633
45;3;665;1.154266008519526
45;3;675;1.1274271706982641
45;3;685;1.003905249735756
45;3;695;0.8607962424517778
45;3;705;1.6467052203386874
45;3;715;1.9075891251816768
45;3;725;1.6376629622915122
45;3;735;0.9617876872916478
45;3;745;0.7193068565654644
45;3;755;0.8420163180744812
45;3;765;0.9285491712244308
45;3;775;0.9718363490490349
45;3;785;0.9893408715267881
45;3;795;0.9946851018439945
45;3;805;0.9965818415520385
45;3;815;0.9986303296349689
45;3;825;0.9977089842157689
45;3;835;0.9893882080648536
45;3;845;0.979683646293823
45;3;855;0.9677017394577195
45;3;865;0.9622500061338999
45;3;875;0.9604298393731026
45;3;885;0.9622119332034301
45;3;895;0.9633150658991726
45;3;905;0.9628427706927097
45;3;915;0.9646058354405208
45;3;925;0.9650124374855426
45;3;935;0.9675238434833039
45;3;945;0.9735498437322915
45;3;955;0.985671326888955
45;3;965;0.9867400899037446
45;3;975;0.9820494496937039
45;3;985;0.9469627293691032
45;3;995;0.9277835099521575
45;3;1005;0.9113447815796502
45;3;1015;0.9056859199627614
45;3;1025;0.8873201189655047
45;3;1035;0.8859572599538964
45;3;1045;0.8844026957084626
45;3;1055;0.8895723107146628
45;3;1065;0.8979906077434099
45;3;1075;0.896380597257724
45;3;1085;0.9116498138617644
45;3;1095;0.9110416219867365
45;3;1105;0.8999894816108458
45;3;1115;0.9011040725664482
45;3;1125;0.8868333096193033
45;3;1135;0.8714083204269015
45;3;1145;0.8781394626009864
45;3;1155;0.8557397281624
45;3;1165;0.8202968327648305
45;3;1175;0.7790290330351234
45;3;1185;0.7572241753145127
45;3;1195;0.7499891051268776
45;3;1205;0.7474492274393151
45;3;1215;0.7446726666271444
45;3;1225;0.7427708031050049
45;3;1235;0.74204419515025
45;3;1245;0.7420387343946534
45;3;1255;0.7436824377317984
45;3;1265;0.7474577892601151
45;3;1275;0.7510525339268862
45;3;1285;0.7676207601584644
45;3;1295;0.7788402846272732
45;3;1305;0.8095231028061947
45;3;1315;0.8697918528590985
45;3;1325;0.8985320547704954
45;3;1335;0.9366797655847618
45;3;1345;0.9857268168580836
45;3;1355;1.121343071244841
45;3;1365;1.4358902924707515
45;3;1375;1.4263569523473267
45;3;1385;1.1989288675132233
45;3;1395;1.0543097903307974
45;3;1405;1.0054394901422303
45;3;1415;0.9298516227161033
45;3;1425;0.8288865378309624
45;3;1435;0.8060660781365034
45;3;1445;0.8722764756413286
45;3;1455;0.9522579787443777
45;3;1465;1.0198556456909493
45;3;1475;1.0870209412280716
45;3;1485;1.1505875719748102
45;3;1495;1.2022673753729916
45;3;1505;1.2385711293693906
45;3;1515;1.2583253115876565
45;3;1525;1.2619193363070438
45;3;1535;1.2439585676427096
45;3;1545;1.218763556870102
45;3;1555;1.1865320223823395
45;3;1565;1.1593688761319327
45;3;1575;1.1305692767515976
45;3;1585;1.0998190279683562
45;3;1595;1.086460639310944
45;3;1605;1.064574552128702
45;3;1615;1.048621708891816
45;3;1625;1.0242825799904414
45;3;1635;0.9796279792363991
45;3;1645;0.9551662397865126
45;3;1655;0.9436379671160297
45;3;1665;0.9038209293829109
45;3;1675;0.8826175387331424
45;3;1685;0.8862616205993363
45;3;1695;0.850556029652142
45;3;1705;0.8176663800398205
45;3;1715;0.7818941104797996
45;3;1725;0.7649780106884401
45;3;1735;0.7522880316965151
45;3;1745;0.7441266616070528
45;3;1755;0.7403340566197124
45;3;1765;0.7486348160645254
45;3;1775;0.7560625996958897
45;3;1785;0.7613996806678763
45;3;1795;0.774999573447028
45;3;1805;0.7876662216265649
45;3;1815;0.8107652745181313
45;3;1825;0.8590820833047548
45;3;1835;0.9415961379016716
45;3;1845;0.9568401116388674
45;3;1855;0.9601483529721798
45;3;1865;0.9568310772067687
45;3;1875;0.946954182969487
45;3;1885;0.9318993903937987
45;3;1895;0.89381651499088
45;3;1905;0.6814433927926968
45;3;1915;0.27831377218732867
45;3;1925;0.8005481412586056
45;3;1935;1.3323723207600855
45;3;1945;1.6224436550365797
45;3;1955;1.6888587201517744
45;3;1965;1.6565592428068137
45;3;1975;1.5960353146867878
45;3;1985;1.5450770871661172
45;3;1995;1.501952952714614
45;3;2005;1.4625046263918744
45;3;2015;1.4173236459609062
45;3;2025;1.3618888031155958
45;3;2035;1.3079384296831618
45;3;2045;1.259482603328193
45;3;2055;1.19292266357288
45;3;2065;1.099978898256387
45;3;2075;1.0071946228034774
45;3;2085;0.9260326755048969
45;3;2095;0.8703930804163007
45;3;2105;0.8369360443920106
45;3;2115;0.8102722816023676
45;3;2125;0.7939417890132355
45;3;2135;0.7893453428916212
45;3;2145;0.789841849358311
45;3;2155;0.7954310055954267
45;3;2165;0.8023544421193856
45;3;2175;0.8057417778395937
45;3;2185;0.8027057609318071
45;3;2195;0.7914322023861631
45;3;2205;0.7837841846899696
45;3;2215;0.7807183279317045
45;3;2225;0.778959594434571
45;3;2235;0.7787806482917584
45;3;2245;0.7761530156823696
45;3;2255;0.771058273492986
45;3;2265;0.7654090464191156
45;3;2275;0.7633165952997487
45;3;2285;0.7643956645831459
45;3;2295;0.7638129878592718
45;3;2305;0.7681389326783218
45;3;2315;0.7757970759957492
45;3;2325;0.7796309967536692
45;3;2335;0.7819286203589249
45;3;2345;0.7863371034957245
45;3;2355;0.79215581958342
45;3;2365;0.7973959202222145
45;3;2375;0.8001426118792195
45;3;2385;0.8058439212251826
45;3;2395;0.803554119033193
45;3;2405;0.802419904981516
45;3;2415;0.8010379871381442
45;3;2425;0.7962694587735013
45;3;2435;0.7953682994498721
45;3;2445;0.7891626721312041
45;3;2450;0.7795078582752789
45;4;405;1.8384986212852121
45;4;415;1.6452851544178357
45;4;425;1.5434534665363697
45;4;435;1.48309787923544
45;4;445;1.4095259700590357
45;4;455;1.3335351348006421
45;4;465;1.288133737135062
45;4;475;1.2515885361411572
45;4;485;1.2048059334081607
45;4;495;1.1119503423949164
45;4;505;0.8953431150528327
45;4;515;0.7141225565645005
45;4;525;1.1132755504721574
45;4;535;1.2237895206404557
45;4;545;1.1693921348196155
45;4;555;1.086105723699702
45;4;565;0.959237272229465
45;4;575;0.7965770551883
45;4;585;0.7193000810186453
45;4;595;0.6975374600734031
45;4;605;0.7040753771308217
45;4;615;0.7467243013268273
45;4;625;0.7964600390041492
45;4;635;0.8351074170723625
45;4;645;0.9932954005902027
45;4;655;1.0825646830424884
45;4;665;1.1203256889371163
45;4;675;1.0340696164063694
45;4;685;0.8356377608558508
45;4;695;0.8839689815678025
45;4;705;1.8086189281021638
45;4;715;2.1024813784855194
45;4;725;1.9579164313519297
45;4;735;1.3559115734384584
45;4;745;0.761301965049042
45;4;755;0.6109327828490114
45;4;765;0.6838238981941639
45;4;775;0.7624561373433965
45;4;785;0.8053774664139051
45;4;795;0.8202597681768514
45;4;805;0.827369074817149
45;4;815;0.836810745423357
45;4;825;0.8510508614983479
45;4;835;0.862977980405793
45;4;845;0.8792414438357673
45;4;855;0.8889754088357449
45;4;865;0.8969944624935023
45;4;875;0.904344004023993
45;4;885;0.9108907155858632
45;4;895;0.913399268076435
45;4;905;0.9148179118849832
45;4;915;0.9193585715247535
45;4;925;0.9217356839952096
45;4;935;0.9264758533903221
45;4;945;0.9392868809396259
45;4;955;0.9609560140649999
45;4;965;0.9679107508450163
45;4;975;0.9645601648807578
45;4;985;0.9305982735288079
45;4;995;0.9091503227935349
45;4;1005;0.8817105408307112
45;4;1015;0.8812419867547887
45;4;1025;0.871251401825887
45;4;1035;0.865752108273722
45;4;1045;0.8708728571366238
45;4;1055;0.8798131412404799
45;4;1065;0.8952229230031339
45;4;1075;0.902776998851873
45;4;1085;0.9256136557562552
45;4;1095;0.937455901522288
45;4;1105;0.9351577398397143
45;4;1115;0.9309217098936308
45;4;1125;0.9165374014545192
45;4;1135;0.9020599129089191
45;4;1145;0.9252324384950434
45;4;1155;0.9207047389153714
45;4;1165;0.8631944253507393
45;4;1175;0.7936582341030772
45;4;1185;0.7463484878422866
45;4;1195;0.7277150074888707
45;4;1205;0.7197165243775231
45;4;1215;0.7109440147959424
45;4;1225;0.70744057697351
45;4;1235;0.7136020325907593
45;4;1245;0.7284547581944067
45;4;1255;0.7429132021294591
45;4;1265;0.7593169164737393
45;4;1275;0.776232420442898
45;4;1285;0.8145235062832176
45;4;1295;0.8623688111910369
45;4;1305;0.9427529395191466
45;4;1315;1.0682082143651297
45;4;1325;1.1714955791824742
45;4;1335;1.3048142013858932
45;4;1345;1.4689318068618404
45;4;1355;1.6692066284048839
45;4;1365;1.885423733384764
45;4;1375;1.6582868953524945
45;4;1385;1.2320979240449748
45;4;1395;1.037176077321521
45;4;1405;0.9812978862663485
45;4;1415;0.8980336230426529
45;4;1425;0.7672720385395192
45;4;1435;0.6958820565804642
45;4;1445;0.7388441656985658
45;4;1455;0.82089275846988
45;4;1465;0.9038844865917622
45;4;1475;0.9917286728450359
45;4;1485;1.082899705518103
45;4;1495;1.1619237181846305
45;4;1505;1.2185036973306855
45;4;1515;1.2591089532906055
45;4;1525;1.2821939076136877
45;4;1535;1.27951922380192
45;4;1545;1.2682466260426186
45;4;1555;1.2481250982480125
45;4;1565;1.233937296359646
45;4;1575;1.2171051308861305
45;4;1585;1.185508238531279
45;4;1595;1.1707751389062802
45;4;1605;1.151021848751115
45;4;1615;1.1381945374283369
45;4;1625;1.120001684356755
45;4;1635;1.0825806683097707
45;4;1645;1.0505119792018909
45;4;1655;1.0353975794246566
45;4;1665;1.010684482682078
45;4;1675;1.0009208294281704
45;4;1685;1.0339093478310317
45;4;1695;1.0159302000429624
45;4;1705;0.9608295974114832
45;4;1715;0.8993124888752654
45;4;1725;0.8633195697465018
45;4;1735;0.8136969813662909
45;4;1745;0.7654737547891918
45;4;1755;0.7202535063563504
45;4;1765;0.7001075704170596
45;4;1775;0.6889883727248497
45;4;1785;0.6809879479086695
45;4;1795;0.6864964123923655
45;4;1805;0.6961974341714107
45;4;1815;0.7148733119044145
45;4;1825;0.7482752197293611
45;4;1835;0.7817470127643221
45;4;1845;0.8092924023792446
45;4;1855;0.8348459798923615
45;4;1865;0.849725868421043
45;4;1875;0.8756714826913332
45;4;1885;0.9175475137510584
45;4;1895;0.9948754338927289
45;4;1905;0.9874809491514072
45;4;1915;0.3755679034986217
45;4;1925;0.39805062255925305
45;4;1935;1.023600575602309
45;4;1945;1.428305465271105
45;4;1955;1.543407247572632
45;4;1965;1.5385345459354411
45;4;1975;1.4831659123631837
45;4;1985;1.4322144073088432
45;4;1995;1.3951478598434708
45;4;2005;1.3638963370401282
45;4;2015;1.3275588559105889
45;4;2025;1.28527296262613
45;4;2035;1.2449146679211636
45;4;2045;1.2157192869433844
45;4;2055;1.1628357501923878
45;4;2065;1.0661286740271736
45;4;2075;0.9617851869228542
45;4;2085;0.8751513851688933
45;4;2095;0.8143265934902925
45;4;2105;0.7783974856186159
45;4;2115;0.7513634984529033
45;4;2125;0.7373584053241259
45;4;2135;0.7360710604283986
45;4;2145;0.746550041898332
45;4;2155;0.7638483296259939
45;4;2165;0.783614204660906
45;4;2175;0.7912161540661199
45;4;2185;0.7761168226771086
45;4;2195;0.7462548644816811
45;4;2205;0.724738764590369
45;4;2215;0.7116920610230377
45;4;2225;0.700516546790837
45;4;2235;0.6959928405050705
45;4;2245;0.6919350170710368
45;4;2255;0.6866564977170018
45;4;2265;0.6811070931320867
45;4;2275;0.6778259290079216
45;4;2285;0.6769220380749844
45;4;2295;0.6786616191945757
45;4;2305;0.6804234036692749
45;4;2315;0.6836396642263652
45;4;2325;0.6880390299133553
45;4;2335;0.6912452503929747
45;4;2345;0.6962837973646154
45;4;2355;0.6992435787234085
45;4;2365;0.7000287478437788
45;4;2375;0.6999674778306509
45;4;2385;0.7011180515745031
45;4;2395;0.6992656635753717
45;4;2405;0.6988993556368976
45;4;2415;0.6992261159566423
45;4;2425;0.7033036900764231
45;4;2435;0.7050735289271147
45;4;2445;0.7195462722679289
45;4;2450;0.6944539742525543
46;1;405;1.6089764863595264
46;1;415;1.3521747749585982
46;1;425;1.2438668652877682
46;1;435;1.1833343736658968
46;1;445;1.1042077016805907
46;1;455;1.0254550662475397
46;1;465;0.9802394477046477
46;1;475;0.9497407311624763
46;1;485;0.9034236462769861
46;1;495;0.8181531572731207
46;1;505;0.6899329340933573
46;1;515;1.0512518344681951
46;1;525;1.679056731294275
46;1;535;1.764657923631448
46;1;545;1.6962460396225079
46;1;555;1.6044300162541694
46;1;565;1.4658216574072467
46;1;575;1.2449561533466376
46;1;585;1.0762612039704764
46;1;595;0.9653663064997059
46;1;605;0.8762535358625279
46;1;615;0.7811262287631507
46;1;625;0.7401550829099148
46;1;635;0.7295249947817666
46;1;645;0.7755922240002178
46;1;655;0.8457282616260449
46;1;665;0.889665080649818
46;1;675;0.8388250686000462
46;1;685;0.719853715028767
46;1;695;1.260761153540109
46;1;705;2.222318602550637
46;1;715;2.4396161383318478
46;1;725;2.2534810204940445
46;1;735;1.5647550314658576
46;1;745;0.8629709352721457
46;1;755;0.6315721492883988
46;1;765;0.6336347761044683
46;1;775;0.6659996315045275
46;1;785;0.6849900456645892
46;1;795;0.6918378317469334
46;1;805;0.694995201694327
46;1;815;0.6996435703142275
46;1;825;0.7025109789464288
46;1;835;0.6997755087282793
46;1;845;0.6974494095009754
46;1;855;0.6914538748675421
46;1;865;0.6908117185751934
46;1;875;0.6920959532849442
46;1;885;0.6957210111403768
46;1;895;0.6977996807914882
46;1;905;0.699381479226518
46;1;915;0.7037882465080693
46;1;925;0.7047632206579881
46;1;935;0.7065909815535335
46;1;945;0.70954080684402
46;1;955;0.7164350842296058
46;1;965;0.7192585577189733
46;1;975;0.7181477069213468
46;1;985;0.6904354967808072
46;1;995;0.684075904841594
46;1;1005;0.6774015405130656
46;1;1015;0.6815252388586562
46;1;1025;0.6758182431731503
46;1;1035;0.6814579802690308
46;1;1045;0.686288640721458
46;1;1055;0.6860329325309096
46;1;1065;0.6900734442530984
46;1;1075;0.6872684890987659
46;1;1085;0.6918891642356466
46;1;1095;0.6939085786427004
46;1;1105;0.6902081012280619
46;1;1115;0.6929160156722945
46;1;1125;0.6830996861107711
46;1;1135;0.6759267789319778
46;1;1145;0.6678161977435365
46;1;1155;0.6532651724617635
46;1;1165;0.654037972775975
46;1;1175;0.6900305595874712
46;1;1185;0.7425359048522839
46;1;1195;0.7740704455851642
46;1;1205;0.7876057521905239
46;1;1215;0.7997303147795436
46;1;1225;0.800874717882439
46;1;1235;0.7878090035297064
46;1;1245;0.7658149667501929
46;1;1255;0.7462716249435055
46;1;1265;0.7301326123844051
46;1;1275;0.7119578448574552
46;1;1285;0.6888391791858841
46;1;1295;0.6670354706569571
46;1;1305;0.660767402894202
46;1;1315;0.7097401986466495
46;1;1325;0.7779083091989174
46;1;1335;0.8816202385456884
46;1;1345;1.043928832526435
46;1;1355;1.3451817992843176
46;1;1365;1.8489501064542744
46;1;1375;2.03042302800071
46;1;1385;1.7977443103846547
46;1;1395;1.6165838712318126
46;1;1405;1.5563173164934005
46;1;1415;1.4294686474074783
46;1;1425;1.1829914834137665
46;1;1435;0.9277548916531168
46;1;1445;0.7918722449421087
46;1;1455;0.7732931316508815
46;1;1465;0.8020083663084516
46;1;1475;0.8556427976780928
46;1;1485;0.9261958538842152
46;1;1495;0.9934906661627761
46;1;1505;1.0467422227129037
46;1;1515;1.081424965890507
46;1;1525;1.0972115085012295
46;1;1535;1.0856505775928262
46;1;1545;1.065499587688337
46;1;1555;1.0353470932992581
46;1;1565;1.0130781927879653
46;1;1575;0.9838859416995446
46;1;1585;0.9445298465433152
46;1;1595;0.9304414455981617
46;1;1605;0.909896377539278
46;1;1615;0.8962593667713161
46;1;1625;0.8686546751057714
46;1;1635;0.8202060115980473
46;1;1645;0.7908357178588944
46;1;1655;0.7703225785030581
46;1;1665;0.7187553138069094
46;1;1675;0.6914803101806153
46;1;1685;0.6919236513182743
46;1;1695;0.6436832477898501
46;1;1705;0.5907830291884036
46;1;1715;0.5458726706947996
46;1;1725;0.5295471987014503
46;1;1735;0.5326780834317382
46;1;1745;0.5638607348516831
46;1;1755;0.6219869522086877
46;1;1765;0.6863990044206666
46;1;1775;0.7474637027490163
46;1;1785;0.819981866247405
46;1;1795;0.9005802181182564
46;1;1805;0.9577461549402377
46;1;1815;1.03376144801122
46;1;1825;1.1454769313174424
46;1;1835;1.2320577504983428
46;1;1845;1.283187792214951
46;1;1855;1.3272488338493282
46;1;1865;1.3600578291035816
46;1;1875;1.3975216535399535
46;1;1885;1.4344638742521392
46;1;1895;1.4600326735216376
46;1;1905;1.1926916134954653
46;1;1915;0.28975353948163834
46;1;1925;0.754183358266944
46;1;1935;1.3477226639323883
46;1;1945;1.6066056998155671
46;1;1955;1.5999866724265837
46;1;1965;1.5196799394137752
46;1;1975;1.4238231022850623
46;1;1985;1.3493292205993057
46;1;1995;1.2996896499857369
46;1;2005;1.2539804903879805
46;1;2015;1.2035596559450092
46;1;2025;1.1449245138136084
46;1;2035;1.0897006875300095
46;1;2045;1.0430069340421717
46;1;2055;0.9758803068837693
46;1;2065;0.8758121519714466
46;1;2075;0.7840818167504395
46;1;2085;0.7253932299637688
46;1;2095;0.700951725041883
46;1;2105;0.697659099674362
46;1;2115;0.7011953761228983
46;1;2125;0.7068645020872165
46;1;2135;0.7045279925518091
46;1;2145;0.6949658690812691
46;1;2155;0.6846106867813757
46;1;2165;0.6750442741730954
46;1;2175;0.6746393373973145
46;1;2185;0.685481144663445
46;1;2195;0.7140779789020519
46;1;2205;0.7506444050510404
46;1;2215;0.7827667917539811
46;1;2225;0.8239268642796949
46;1;2235;0.8571084339940432
46;1;2245;0.8759309633498954
46;1;2255;0.8816654720676237
46;1;2265;0.8838621480054287
46;1;2275;0.8887510754593522
46;1;2285;0.8963892698168908
46;1;2295;0.887557533037404
46;1;2305;0.9032096553245845
46;1;2315;0.9310482331563394
46;1;2325;0.9246774763159132
46;1;2335;0.9071902588823728
46;1;2345;0.8865921920211285
46;1;2355;0.883764843005183
46;1;2365;0.8969402603657503
46;1;2375;0.9127009377781722
46;1;2385;0.91299523234423
46;1;2395;0.9385561757331005
46;1;2405;0.9552694444213151
46;1;2415;0.9777249873241795
46;1;2425;1.0165917446059871
46;1;2435;1.041936238691981
46;1;2445;1.066434926191081
46;1;2450;1.0137059987331893
46;2;405;1.6198309026946716
46;2;415;1.4137013633752231
46;2;425;1.3009945799808518
46;2;435;1.2322136278414666
46;2;445;1.1606358205407403
46;2;455;1.0928780186714904
46;2;465;1.053256481107683
46;2;475;1.0250823931093478
46;2;485;0.9908170579262656
46;2;495;0.9303612590400272
46;2;505;0.8302905689332518
46;2;515;0.8979385905798124
46;2;525;1.232432852144652
46;2;535;1.2790676337827303
46;2;545;1.2119636665462061
46;2;555;1.1258788025890667
46;2;565;1.0373890810783233
46;2;575;0.9313851340877591
46;2;585;0.8735330091763112
46;2;595;0.8467339483601359
46;2;605;0.8360215045550646
46;2;615;0.8384693503787843
46;2;625;0.8526752731739686
46;2;635;0.8674130749296283
46;2;645;0.9383424603156142
46;2;655;0.9931275039644274
46;2;665;1.0168980958518226
46;2;675;0.9653468930439968
46;2;685;0.864295062664739
46;2;695;0.943373258828623
46;2;705;1.565633896699379
46;2;715;1.877186157115111
46;2;725;1.681362587855361
46;2;735;1.1761325803348373
46;2;745;0.8422013191592508
46;2;755;0.7537464789991529
46;2;765;0.7653580880286189
46;2;775;0.7942165778294488
46;2;785;0.8145549210894026
46;2;795;0.8245428921500447
46;2;805;0.8302923801831827
46;2;815;0.8379554624023675
46;2;825;0.8469927466907882
46;2;835;0.8508487803543224
46;2;845;0.8553883306158142
46;2;855;0.8583801510703776
46;2;865;0.8620650142975845
46;2;875;0.8663382465870406
46;2;885;0.8722069515104627
46;2;895;0.8758097895898906
46;2;905;0.8776215991749006
46;2;915;0.8822582450118905
46;2;925;0.8828109221328769
46;2;935;0.8849457519336931
46;2;945;0.890910605992309
46;2;955;0.8993043203566028
46;2;965;0.904271932723805
46;2;975;0.9098216337996442
46;2;985;0.8857605991289298
46;2;995;0.8785642744323885
46;2;1005;0.8616337897002854
46;2;1015;0.8668112538155999
46;2;1025;0.8577248189325424
46;2;1035;0.860863442994548
46;2;1045;0.8689472953534588
46;2;1055;0.880239893087998
46;2;1065;0.8954317317804342
46;2;1075;0.9189623644246413
46;2;1085;0.9541097929009322
46;2;1095;0.9729421837546613
46;2;1105;0.9734979902061425
46;2;1115;0.9597799893084012
46;2;1125;0.9264304782448967
46;2;1135;0.8920036322726871
46;2;1145;0.8744095424949619
46;2;1155;0.8474911454283728
46;2;1165;0.8066870242308333
46;2;1175;0.776683989967431
46;2;1185;0.7633133001198575
46;2;1195;0.7608515977182723
46;2;1205;0.7601283036259264
46;2;1215;0.7599988135551272
46;2;1225;0.7603892435388145
46;2;1235;0.759824912190669
46;2;1245;0.7584831520019053
46;2;1255;0.7588216777848485
46;2;1265;0.7628443188620251
46;2;1275;0.7657097829987877
46;2;1285;0.7768399209249193
46;2;1295;0.796423188179606
46;2;1305;0.8541360526785051
46;2;1315;0.9769549114351174
46;2;1325;1.0623069282661155
46;2;1335;1.1098388400511616
46;2;1345;1.0834751800085671
46;2;1355;1.0448312943624207
46;2;1365;1.183096744572319
46;2;1375;1.2667322434738364
46;2;1385;1.1713949723177872
46;2;1395;1.107295198590909
46;2;1405;1.0985180957286746
46;2;1415;1.0356619201957213
46;2;1425;0.9118352727741863
46;2;1435;0.8388106806281129
46;2;1445;0.8653613239551381
46;2;1455;0.9282122555488943
46;2;1465;0.9902720454688385
46;2;1475;1.054309179424138
46;2;1485;1.1217354261090573
46;2;1495;1.1792640087504023
46;2;1505;1.2199218517100432
46;2;1515;1.2476875011561477
46;2;1525;1.2571235381192973
46;2;1535;1.2412440002610199
46;2;1545;1.2179302465337072
46;2;1555;1.188716480170627
46;2;1565;1.1627199896212566
46;2;1575;1.1341558561600744
46;2;1585;1.0983093277971447
46;2;1595;1.0873918284093773
46;2;1605;1.0717103091646638
46;2;1615;1.0628001284219084
46;2;1625;1.0451362334822203
46;2;1635;1.01043909565974
46;2;1645;0.9768717054196366
46;2;1655;0.9519494860830594
46;2;1665;0.9071978198167858
46;2;1675;0.8605908592505052
46;2;1685;0.8345694057325352
46;2;1695;0.7885179534598317
46;2;1705;0.7458650320223963
46;2;1715;0.7186998961993245
46;2;1725;0.7227127782025206
46;2;1735;0.7283225060428261
46;2;1745;0.7447380543656656
46;2;1755;0.7684743041186792
46;2;1765;0.791567735855261
46;2;1775;0.8104896807450344
46;2;1785;0.8371948335483886
46;2;1795;0.8726803851696759
46;2;1805;0.895985205171474
46;2;1815;0.9279598827534555
46;2;1825;0.984334163834806
46;2;1835;1.0747850251749136
46;2;1845;1.0761932911700602
46;2;1855;1.067982807641023
46;2;1865;1.0514143293286424
46;2;1875;1.036270738806214
46;2;1885;1.015067832216419
46;2;1895;0.9542887420694661
46;2;1905;0.6355993416289759
46;2;1915;0.532916744450561
46;2;1925;1.2472361567166468
46;2;1935;1.6874718589580098
46;2;1945;1.8440091393983495
46;2;1955;1.8032972514256593
46;2;1965;1.7106105833125669
46;2;1975;1.609769169488317
46;2;1985;1.5313534585740995
46;2;1995;1.4747252253272642
46;2;2005;1.426220070075564
46;2;2015;1.3727479903811386
46;2;2025;1.309390129188932
46;2;2035;1.245726823366688
46;2;2045;1.1877579074533735
46;2;2055;1.1120910611294643
46;2;2065;1.014438587115627
46;2;2075;0.9268347232384094
46;2;2085;0.859823483826828
46;2;2095;0.823210507413174
46;2;2105;0.8079021473980058
46;2;2115;0.8023477677207115
46;2;2125;0.803411686643428
46;2;2135;0.8039300246624186
46;2;2145;0.8015500140266084
46;2;2155;0.7981284154730798
46;2;2165;0.7950820883420023
46;2;2175;0.7961617576192451
46;2;2185;0.8021855764171073
46;2;2195;0.8137046594700785
46;2;2205;0.8249965117095801
46;2;2215;0.834285209605414
46;2;2225;0.8471291509022671
46;2;2235;0.8593470043559505
46;2;2245;0.8680110444246638
46;2;2255;0.8808141447362678
46;2;2265;0.893028634091014
46;2;2275;0.9022369020295634
46;2;2285;0.9082035353198021
46;2;2295;0.8971003809772659
46;2;2305;0.8995147925115815
46;2;2315;0.8994190974377883
46;2;2325;0.8815670704330976
46;2;2335;0.8604807441602474
46;2;2345;0.8448430106995628
46;2;2355;0.8380870723576892
46;2;2365;0.8388483243819458
46;2;2375;0.836492343467323
46;2;2385;0.8342939758291037
46;2;2395;0.8345048892004704
46;2;2405;0.8330412113009423
46;2;2415;0.8311388746151608
46;2;2425;0.8287117787462298
46;2;2435;0.8227638073627703
46;2;2445;0.8135513008197585
46;2;2450;0.8110705275275979
46;3;405;1.8185619820178986
46;3;415;1.6310456952015018
46;3;425;1.5428670700271987
46;3;435;1.5018919093909633
46;3;445;1.4337396417485802
46;3;455;1.369719773527442
46;3;465;1.3229074734853183
46;3;475;1.2935016479841663
46;3;485;1.2491670489927573
46;3;495;1.1548335338069708
46;3;505;0.9292897988782977
46;3;515;0.707193756838423
46;3;525;1.1384898086252042
46;3;535;1.2784622502023273
46;3;545;1.2333029133619884
46;3;555;1.156351195287471
46;3;565;1.0110521131931445
46;3;575;0.8175870988977126
46;3;585;0.7233950259159067
46;3;595;0.697494249785921
46;3;605;0.7042479408292215
46;3;615;0.753353185870851
46;3;625;0.8102704811387684
46;3;635;0.8517147186203218
46;3;645;1.0237128986696196
46;3;655;1.123045056064719
46;3;665;1.1742753000530668
46;3;675;1.1031998105874998
46;3;685;0.9082564808287923
46;3;695;0.8735967331112474
46;3;705;1.9455546621572712
46;3;715;2.236831652220395
46;3;725;2.068820006221985
46;3;735;1.37057426942045
46;3;745;0.7073558279577259
46;3;755;0.636259881346031
46;3;765;0.7476045223506095
46;3;775;0.8292558464578076
46;3;785;0.8678067759852173
46;3;795;0.8796334794139014
46;3;805;0.8850087068112825
46;3;815;0.8907938092190592
46;3;825;0.8994930140410242
46;3;835;0.9034306434087249
46;3;845;0.9112690848978857
46;3;855;0.9138874691922901
46;3;865;0.9183306736674788
46;3;875;0.9213318267451854
46;3;885;0.9271357878924242
46;3;895;0.9291940764354818
46;3;905;0.9308501210892537
46;3;915;0.9347657561976884
46;3;925;0.9369496964841622
46;3;935;0.942849061911317
46;3;945;0.9544696885059004
46;3;955;0.977035384818204
46;3;965;0.9825451744169614
46;3;975;0.9761910001095007
46;3;985;0.9448887971102155
46;3;995;0.92777579934459
46;3;1005;0.9029674401208417
46;3;1015;0.8885260278864746
46;3;1025;0.8862842839100691
46;3;1035;0.8763391478723205
46;3;1045;0.878517424920211
46;3;1055;0.8829869913648094
46;3;1065;0.9001300978743324
46;3;1075;0.9022374562298238
46;3;1085;0.9226931172566503
46;3;1095;0.9284485430123809
46;3;1105;0.9227223672168701
46;3;1115;0.9224828318283438
46;3;1125;0.9146211894819
46;3;1135;0.9039757902241871
46;3;1145;0.9300615707224472
46;3;1155;0.9289837939846849
46;3;1165;0.8785850119853655
46;3;1175;0.8054863788092042
46;3;1185;0.7592705438429824
46;3;1195;0.7372485369367949
46;3;1205;0.7318748350220556
46;3;1215;0.721429954531273
46;3;1225;0.7177633142712634
46;3;1235;0.7245258138891739
46;3;1245;0.7390201515401461
46;3;1255;0.7529957719847455
46;3;1265;0.769618242623473
46;3;1275;0.7844803897703913
46;3;1285;0.8225110962402389
46;3;1295;0.8654816042411044
46;3;1305;0.9417588486488487
46;3;1315;1.056448577523893
46;3;1325;1.1432817484146707
46;3;1335;1.263186931428601
46;3;1345;1.4393501584185147
46;3;1355;1.6635276689891185
46;3;1365;1.896882305143761
46;3;1375;1.6588441149591244
46;3;1385;1.2225029656191897
46;3;1395;1.0048551118556661
46;3;1405;0.9356743928652144
46;3;1415;0.8526569503781121
46;3;1425;0.7395155622259801
46;3;1435;0.6967639079053631
46;3;1445;0.7516324005940994
46;3;1455;0.8331253125256334
46;3;1465;0.9082007215737041
46;3;1475;0.9878536152337978
46;3;1485;1.0672595021947788
46;3;1495;1.134367784770132
46;3;1505;1.182718743550213
46;3;1515;1.2131548162845638
46;3;1525;1.229216099298483
46;3;1535;1.2207381417163319
46;3;1545;1.2057171799452449
46;3;1555;1.1815920460472347
46;3;1565;1.1668331753494576
46;3;1575;1.1486716073834182
46;3;1585;1.1234831927053885
46;3;1595;1.107484220777551
46;3;1605;1.0869933326450645
46;3;1615;1.0705084331451624
46;3;1625;1.050203518539678
46;3;1635;1.0059619748891262
46;3;1645;0.9792354657278275
46;3;1655;0.9670808521815214
46;3;1665;0.9505869285937799
46;3;1675;0.9577960709180259
46;3;1685;0.9986942045649004
46;3;1695;0.9866271075185484
46;3;1705;0.9565009007021836
46;3;1715;0.8989568081135804
46;3;1725;0.8663951280771514
46;3;1735;0.8326157188280826
46;3;1745;0.7833140387020923
46;3;1755;0.738281909909375
46;3;1765;0.7130950801774666
46;3;1775;0.7006158726932104
46;3;1785;0.6833010607425528
46;3;1795;0.6818085529103871
46;3;1805;0.6856678237489774
46;3;1815;0.6984300199131328
46;3;1825;0.7258516360112297
46;3;1835;0.7997181182233146
46;3;1845;0.8234773903084853
46;3;1855;0.8387479924450977
46;3;1865;0.8444995199213324
46;3;1875;0.8513822528989512
46;3;1885;0.8659911531274543
46;3;1895;0.9036101307027856
46;3;1905;0.8506071118871404
46;3;1915;0.3557791015461082
46;3;1925;0.30722726858911187
46;3;1935;0.8906888677676239
46;3;1945;1.3080404562068624
46;3;1955;1.4616887226012956
46;3;1965;1.4808017126176218
46;3;1975;1.4467573738324913
46;3;1985;1.4081528947008608
46;3;1995;1.3742419076193355
46;3;2005;1.347115964748493
46;3;2015;1.311418236580026
46;3;2025;1.269160511068327
46;3;2035;1.2350245641583466
46;3;2045;1.2058985324623026
46;3;2055;1.1552803470876232
46;3;2065;1.0661015148748567
46;3;2075;0.9687227760437427
46;3;2085;0.8835632513618022
46;3;2095;0.8257903079830977
46;3;2105;0.7907346881607847
46;3;2115;0.7632535202465236
46;3;2125;0.7484906329755628
46;3;2135;0.750316485468447
46;3;2145;0.7630555197869402
46;3;2155;0.7833789619322403
46;3;2165;0.8035319973379396
46;3;2175;0.8116315082410956
46;3;2185;0.7953043506675326
46;3;2195;0.7614486163016887
46;3;2205;0.735644977461666
46;3;2215;0.7181631338441079
46;3;2225;0.7038636870281167
46;3;2235;0.6968827119075344
46;3;2245;0.6915227585535278
46;3;2255;0.6854076911381246
46;3;2265;0.6813081575344316
46;3;2275;0.675794234905516
46;3;2285;0.6750694858341981
46;3;2295;0.6798977982600104
46;3;2305;0.6806536411358806
46;3;2315;0.6813848200242426
46;3;2325;0.6874689154450094
46;3;2335;0.6939363695667364
46;3;2345;0.7034078654527249
46;3;2355;0.7082109812563503
46;3;2365;0.7080889803663698
46;3;2375;0.7078992798484711
46;3;2385;0.7091741841381947
46;3;2395;0.7042321088825912
46;3;2405;0.7005568700741155
46;3;2415;0.698060723400838
46;3;2425;0.6958446131744501
46;3;2435;0.6946190766840674
46;3;2445;0.6926746840086889
46;3;2450;0.6848537923789358
46;4;405;2.020107514900206
46;4;415;1.7180091395333783
46;4;425;1.5489089238318072
46;4;435;1.4491029513644085
46;4;445;1.3269230393239886
46;4;455;1.186556630874157
46;4;465;1.111730306423222
46;4;475;1.056837101734039
46;4;485;0.9737648931797415
46;4;495;0.802452835790743
46;4;505;0.4130672320761892
46;4;515;1.0266535826532452
46;4;525;2.0316494332063324
46;4;535;2.1909397773883783
46;4;545;2.0986739391781706
46;4;555;1.9646669698682337
46;4;565;1.7487688086707514
46;4;575;1.3882426929988938
46;4;585;1.0974603677170014
46;4;595;0.896520933427895
46;4;605;0.7211477016061268
46;4;615;0.5087004924120856
46;4;625;0.4191140264348287
46;4;635;0.4078758907906388
46;4;645;0.6023118060560546
46;4;655;0.7973309254327503
46;4;665;0.9274528606081589
46;4;675;0.8253062191162357
46;4;685;0.48237866797591467
46;4;695;1.4250913884737937
46;4;705;2.8917429206315886
46;4;715;3.233755601183539
46;4;725;3.008796329737992
46;4;735;2.0543731654259534
46;4;745;0.9193426823714589
46;4;755;0.33258035979712863
46;4;765;0.31784054571852466
46;4;775;0.41424955322495377
46;4;785;0.4611274637623058
46;4;795;0.4646055931723913
46;4;805;0.45642677111453567
46;4;815;0.4537799071830023
46;4;825;0.4550487115529181
46;4;835;0.4491287231421679
46;4;845;0.44817691996230213
46;4;855;0.4387264269251304
46;4;865;0.43326714715251924
46;4;875;0.4342059352816109
46;4;885;0.4350132080871083
46;4;895;0.4337977549652635
46;4;905;0.4323210538166419
46;4;915;0.4346465760159535
46;4;925;0.4295031413365713
46;4;935;0.4314561443381649
46;4;945;0.43668589053552115
46;4;955;0.4615000428804077
46;4;965;0.4572497783981367
46;4;975;0.45099359243014986
46;4;985;0.39444018772045614
46;4;995;0.37306735588472195
46;4;1005;0.3258956302226114
46;4;1015;0.329162536831299
46;4;1025;0.3268146926995587
46;4;1035;0.3297664864730953
46;4;1045;0.3358007246002818
46;4;1055;0.3330602084389533
46;4;1065;0.3296807256300932
46;4;1075;0.3242214463604456
46;4;1085;0.3218239631556157
46;4;1095;0.3162853345816309
46;4;1105;0.3107892793278339
46;4;1115;0.3232239183037727
46;4;1125;0.3289651538024088
46;4;1135;0.33172838780713004
46;4;1145;0.3340558763457643
46;4;1155;0.3335492386176312
46;4;1165;0.3320345344568323
46;4;1175;0.3901348594597292
46;4;1185;0.47255411898437966
46;4;1195;0.5211675486728033
46;4;1205;0.5386595712022123
46;4;1215;0.5699371146961218
46;4;1225;0.5865584889734298
46;4;1235;0.5816603473773613
46;4;1245;0.5529171673052903
46;4;1255;0.5209170884859312
46;4;1265;0.49803496333259817
46;4;1275;0.47409890148143696
46;4;1285;0.4261880883557901
46;4;1295;0.3803488734451359
46;4;1305;0.3258002237138656
46;4;1315;0.30681009144668925
46;4;1325;0.3330464538826352
46;4;1335;0.4757010105560735
46;4;1345;0.8055087351018165
46;4;1355;1.410726020254896
46;4;1365;2.2539708955510065
46;4;1375;2.4961304775285567
46;4;1385;2.067245881548408
46;4;1395;1.7385188262811357
46;4;1405;1.6432562758385676
46;4;1415;1.4744066822048862
46;4;1425;1.1208508566694724
46;4;1435;0.7189183369969036
46;4;1445;0.4919456457105209
46;4;1455;0.5163042717577598
46;4;1465;0.6210217010276379
46;4;1475;0.7527417067372872
46;4;1485;0.8910303853042032
46;4;1495;1.0002969930027805
46;4;1505;1.0707989100561355
46;4;1515;1.1015739749682674
46;4;1525;1.1002374047154917
46;4;1535;1.0506508468651672
46;4;1545;0.984240860125755
46;4;1555;0.906536855744293
46;4;1565;0.8332547521530338
46;4;1575;0.7656113099384991
46;4;1585;0.6965967312968678
46;4;1595;0.6585257822496541
46;4;1605;0.6243682615838849
46;4;1615;0.6061957574428769
46;4;1625;0.5838197104293122
46;4;1635;0.5403174801985086
46;4;1645;0.5100346328378772
46;4;1655;0.4842364166487458
46;4;1665;0.43623332947578863
46;4;1675;0.38322866700959546
46;4;1685;0.37070992958642734
46;4;1695;0.2679986960251424
46;4;1705;0.1658018537708212
46;4;1715;0.08833589363421888
46;4;1725;0.13369130601469187
46;4;1735;0.2190389837211974
46;4;1745;0.33951959156402006
46;4;1755;0.47712815896798727
46;4;1765;0.5765479613415321
46;4;1775;0.6542545598645867
46;4;1785;0.792548040071593
46;4;1795;0.9224146065656162
46;4;1805;0.9886958398204695
46;4;1815;1.1085183416564313
46;4;1825;1.2795794888223857
46;4;1835;1.4278577950817752
46;4;1845;1.4473657718737525
46;4;1855;1.4459155007247917
46;4;1865;1.419410130022842
46;4;1875;1.4102349455731016
46;4;1885;1.441458750258024
46;4;1895;1.5369274445223824
46;4;1905;1.5219912172206913
46;4;1915;0.7449880851934676
46;4;1925;0.3552743783403834
46;4;1935;1.1208680935603188
46;4;1945;1.5398860206089746
46;4;1955;1.6674691624499527
46;4;1965;1.6757932317632054
46;4;1975;1.631985250871946
46;4;1985;1.5780445272072803
46;4;1995;1.5419590380291002
46;4;2005;1.4934969526504627
46;4;2015;1.421842372660382
46;4;2025;1.3255928133146317
46;4;2035;1.2186102943840535
46;4;2045;1.1130784273255552
46;4;2055;0.9714380507522442
46;4;2065;0.760852691157166
46;4;2075;0.5465736175178358
46;4;2085;0.39984061941307786
46;4;2095;0.35748511396006066
46;4;2105;0.38655756541558917
46;4;2115;0.4395841730725286
46;4;2125;0.47860068402469397
46;4;2135;0.479392249085821
46;4;2145;0.45226037747013764
46;4;2155;0.4148763287848053
46;4;2165;0.37863016008115574
46;4;2175;0.3693904341660136
46;4;2185;0.39506008236818596
46;4;2195;0.4660039791153493
46;4;2205;0.5407320848114093
46;4;2215;0.5967983978531746
46;4;2225;0.6693332876369983
46;4;2235;0.7331376549939717
46;4;2245;0.7854372549198255
46;4;2255;0.832455840166415
46;4;2265;0.8617247391008063
46;4;2275;0.8991708653631054
46;4;2285;0.9176733720023008
46;4;2295;0.8682443245307715
46;4;2305;0.8768149887236432
46;4;2315;0.9088069452712414
46;4;2325;0.876813144428267
46;4;2335;0.8183268130835695
46;4;2345;0.7400635739644992
46;4;2355;0.7073820837905473
46;4;2365;0.7031978281791514
46;4;2375;0.7007264775463325
46;4;2385;0.6841568557542819
46;4;2395;0.7346114831679725
46;4;2405;0.7645176811337839
46;4;2415;0.7872673073323916
46;4;2425;0.8716197862272519
46;4;2435;0.9007089712229295
46;4;2445;0.9931255703275489
46;4;2450;0.9881843908763787
