modelo;modo;genotipo_avaliado;fold;split;indice_amostra;nomenclaura;bloco;genotipo;condicao;data_coleta;turno;dia
svm;por_genotipo;CD202;1;treino;64;B1_CD202_IRRIG_REPROD00000.asd;B1;CD202;IRRIG;D02M;manha;D02
svm;por_genotipo;CD202;1;treino;65;B1_CD202_IRRIG_REPROD00001.asd;B1;CD202;IRRIG;D02M;manha;D02
svm;por_genotipo;CD202;1;treino;66;B1_CD202_IRRIG_REPROD00002.asd;B1;CD202;IRRIG;D02M;manha;D02
svm;por_genotipo;CD202;1;treino;67;B1_CD202_IRRIG_REPROD00003.asd;B1;CD202;IRRIG;D02M;manha;D02
svm;por_genotipo;CD202;1;treino;68;B1_CD202_IRRIG_REPROD00004.asd;B1;CD202;IRRIG;D02M;manha;D02
svm;por_genotipo;CD202;1;treino;73;B1_CD202_NIRRIG_REPROD00001.asd;B1;CD202;NIRRIG;D02M;manha;D02
svm;por_genotipo;CD202;1;treino;75;B1_CD202_NIRRIG_REPROD00003.asd;B1;CD202;NIRRIG;D02M;manha;D02
svm;por_genotipo;CD202;1;treino;76;B1_CD202_NIRRIG_REPROD00004.asd;B1;CD202;NIRRIG;D02M;manha;D02
svm;por_genotipo;CD202;1;treino;77;B1_CD202_NIRRIG_REPROD00005.asd;B1;CD202;NIRRIG;D02M;manha;D02
svm;por_genotipo;CD202;1;treino;78;B1_CD202_NIRRIG_REPROD00006.asd;B1;CD202;NIRRIG;D02M;manha;D02
svm;por_genotipo;CD202;1;treino;79;B1_CD202_NIRRIG_REPROD00007.asd;B1;CD202;NIRRIG;D02M;manha;D02
svm;por_genotipo;CD202;1;treino;80;B2_CD202_IRRIG_REPROD00000.asd;B2;CD202;IRRIG;D02M;manha;D02
svm;por_genotipo;CD202;1;treino;81;B2_CD202_IRRIG_REPROD00001.asd;B2;CD202;IRRIG;D02M;manha;D02
svm;por_genotipo;CD202;1;treino;82;B2_CD202_IRRIG_REPROD00002.asd;B2;CD202;IRRIG;D02M;manha;D02
svm;por_genotipo;CD202;1;treino;83;B2_CD202_IRRIG_REPROD00003.asd;B2;CD202;IRRIG;D02M;manha;D02
svm;por_genotipo;CD202;1;treino;85;B2_CD202_IRRIG_REPROD00005.asd;B2;CD202;IRRIG;D02M;manha;D02
svm;por_genotipo;CD202;1;treino;86;B2_CD202_IRRIG_REPROD00006.asd;B2;CD202;IRRIG;D02M;manha;D02
svm;por_genotipo;CD202;1;treino;87;B2_CD202_IRRIG_REPROD00007.asd;B2;CD202;IRRIG;D02M;manha;D02
svm;por_genotipo;CD202;1;treino;88;B2_CD202_NIRRIG_REPROD00000.asd;B2;CD202;NIRRIG;D02M;manha;D02
svm;por_genotipo;CD202;1;treino;89;B2_CD202_NIRRIG_REPROD00001.asd;B2;CD202;NIRRIG;D02M;manha;D02
svm;por_genotipo;CD202;1;treino;90;B2_CD202_NIRRIG_REPROD00002.asd;B2;CD202;NIRRIG;D02M;manha;D02
svm;por_genotipo;CD202;1;treino;91;B2_CD202_NIRRIG_REPROD00003.asd;B2;CD202;NIRRIG;D02M;manha;D02
svm;por_genotipo;CD202;1;treino;92;B2_CD202_NIRRIG_REPROD00004.asd;B2;CD202;NIRRIG;D02M;manha;D02
svm;por_genotipo;CD202;1;treino;93;B2_CD202_NIRRIG_REPROD00005.asd;B2;CD202;NIRRIG;D02M;manha;D02
svm;por_genotipo;CD202;1;treino;95;B2_CD202_NIRRIG_REPROD00007.asd;B2;CD202;NIRRIG;D02M;manha;D02
svm;por_genotipo;CD202;1;treino;96;B3_CD202_IRRIG_REPROD00000.asd;B3;CD202;IRRIG;D02M;manha;D02
svm;por_genotipo;CD202;1;treino;97;B3_CD202_IRRIG_REPROD00001.asd;B3;CD202;IRRIG;D02M;manha;D02
svm;por_genotipo;CD202;1;treino;99;B3_CD202_IRRIG_REPROD00003.asd;B3;CD202;IRRIG;D02M;manha;D02
svm;por_genotipo;CD202;1;treino;100;B3_CD202_IRRIG_REPROD00004.asd;B3;CD202;IRRIG;D02M;manha;D02
svm;por_genotipo;CD202;1;treino;101;B3_CD202_IRRIG_REPROD00005.asd;B3;CD202;IRRIG;D02M;manha;D02
svm;por_genotipo;CD202;1;treino;102;B3_CD202_IRRIG_REPROD00006.asd;B3;CD202;IRRIG;D02M;manha;D02
svm;por_genotipo;CD202;1;treino;103;B3_CD202_IRRIG_REPROD00007.asd;B3;CD202;IRRIG;D02M;manha;D02
svm;por_genotipo;CD202;1;treino;104;B3_CD202_NIRRIG_REPROD00000.asd;B3;CD202;NIRRIG;D02M;manha;D02
svm;por_genotipo;CD202;1;treino;105;B3_CD202_NIRRIG_REPROD00001.asd;B3;CD202;NIRRIG;D02M;manha;D02
svm;por_genotipo;CD202;1;treino;107;B3_CD202_NIRRIG_REPROD00003.asd;B3;CD202;NIRRIG;D02M;manha;D02
svm;por_genotipo;CD202;1;treino;108;B3_CD202_NIRRIG_REPROD00004.asd;B3;CD202;NIRRIG;D02M;manha;D02
svm;por_genotipo;CD202;1;treino;109;B3_CD202_NIRRIG_REPROD00005.asd;B3;CD202;NIRRIG;D02M;manha;D02
svm;por_genotipo;CD202;1;treino;111;B3_CD202_NIRRIG_REPROD00007.asd;B3;CD202;NIRRIG;D02M;manha;D02
svm;por_genotipo;CD202;1;treino;113;B4_CD202_IRRIG_REPROD00001.asd;B4;CD202;IRRIG;D02M;manha;D02
svm;por_genotipo;CD202;1;treino;114;B4_CD202_IRRIG_REPROD00002.asd;B4;CD202;IRRIG;D02M;manha;D02
svm;por_genotipo;CD202;1;treino;115;B4_CD202_IRRIG_REPROD00003.asd;B4;CD202;IRRIG;D02M;manha;D02
svm;por_genotipo;CD202;1;treino;116;B4_CD202_IRRIG_REPROD00004.asd;B4;CD202;IRRIG;D02M;manha;D02
svm;por_genotipo;CD202;1;treino;117;B4_CD202_IRRIG_REPROD00005.asd;B4;CD202;IRRIG;D02M;manha;D02
svm;por_genotipo;CD202;1;treino;118;B4_CD202_IRRIG_REPROD00006.asd;B4;CD202;IRRIG;D02M;manha;D02
svm;por_genotipo;CD202;1;treino;119;B4_CD202_IRRIG_REPROD00007.asd;B4;CD202;IRRIG;D02M;manha;D02
svm;por_genotipo;CD202;1;treino;120;B4_CD202_NIRRIG_REPROD00000.asd;B4;CD202;NIRRIG;D02M;manha;D02
svm;por_genotipo;CD202;1;treino;121;B4_CD202_NIRRIG_REPROD00001.asd;B4;CD202;NIRRIG;D02M;manha;D02
svm;por_genotipo;CD202;1;treino;122;B4_CD202_NIRRIG_REPROD00002.asd;B4;CD202;NIRRIG;D02M;manha;D02
svm;por_genotipo;CD202;1;treino;123;B4_CD202_NIRRIG_REPROD00003.asd;B4;CD202;NIRRIG;D02M;manha;D02
svm;por_genotipo;CD202;1;treino;124;B4_CD202_NIRRIG_REPROD00004.asd;B4;CD202;NIRRIG;D02M;manha;D02
svm;por_genotipo;CD202;1;treino;125;B4_CD202_NIRRIG_REPROD00005.asd;B4;CD202;NIRRIG;D02M;manha;D02
svm;por_genotipo;CD202;1;treino;256;B1_CD202_IRRIG_REPROD00000.asd;B1;CD202;IRRIG;D03M;manha;D03
svm;por_genotipo;CD202;1;treino;257;B1_CD202_IRRIG_REPROD00001.asd;B1;CD202;IRRIG;D03M;manha;D03
svm;por_genotipo;CD202;1;treino;258;B1_CD202_IRRIG_REPROD00002.asd;B1;CD202;IRRIG;D03M;manha;D03
svm;por_genotipo;CD202;1;treino;259;B1_CD202_IRRIG_REPROD00003.asd;B1;CD202;IRRIG;D03M;manha;D03
svm;por_genotipo;CD202;1;treino;260;B1_CD202_IRRIG_REPROD00004.asd;B1;CD202;IRRIG;D03M;manha;D03
svm;por_genotipo;CD202;1;treino;265;B1_CD202_NIRRIG_REPROD00001.asd;B1;CD202;NIRRIG;D03M;manha;D03
svm;por_genotipo;CD202;1;treino;267;B1_CD202_NIRRIG_REPROD00003.asd;B1;CD202;NIRRIG;D03M;manha;D03
svm;por_genotipo;CD202;1;treino;268;B1_CD202_NIRRIG_REPROD00004.asd;B1;CD202;NIRRIG;D03M;manha;D03
svm;por_genotipo;CD202;1;treino;269;B1_CD202_NIRRIG_REPROD00005.asd;B1;CD202;NIRRIG;D03M;manha;D03
svm;por_genotipo;CD202;1;treino;270;B1_CD202_NIRRIG_REPROD00006.asd;B1;CD202;NIRRIG;D03M;manha;D03
svm;por_genotipo;CD202;1;treino;271;B1_CD202_NIRRIG_REPROD00007.asd;B1;CD202;NIRRIG;D03M;manha;D03
svm;por_genotipo;CD202;1;treino;272;B2_CD202_IRRIG_REPROD00000.asd;B2;CD202;IRRIG;D03M;manha;D03
svm;por_genotipo;CD202;1;treino;273;B2_CD202_IRRIG_REPROD00001.asd;B2;CD202;IRRIG;D03M;manha;D03
svm;por_genotipo;CD202;1;treino;274;B2_CD202_IRRIG_REPROD00002.asd;B2;CD202;IRRIG;D03M;manha;D03
svm;por_genotipo;CD202;1;treino;275;B2_CD202_IRRIG_REPROD00003.asd;B2;CD202;IRRIG;D03M;manha;D03
svm;por_genotipo;CD202;1;treino;277;B2_CD202_IRRIG_REPROD00005.asd;B2;CD202;IRRIG;D03M;manha;D03
svm;por_genotipo;CD202;1;treino;278;B2_CD202_IRRIG_REPROD00006.asd;B2;CD202;IRRIG;D03M;manha;D03
svm;por_genotipo;CD202;1;treino;279;B2_CD202_IRRIG_REPROD00007.asd;B2;CD202;IRRIG;D03M;manha;D03
svm;por_genotipo;CD202;1;treino;280;B2_CD202_NIRRIG_REPROD00000.asd;B2;CD202;NIRRIG;D03M;manha;D03
svm;por_genotipo;CD202;1;treino;281;B2_CD202_NIRRIG_REPROD00001.asd;B2;CD202;NIRRIG;D03M;manha;D03
svm;por_genotipo;CD202;1;treino;282;B2_CD202_NIRRIG_REPROD00002.asd;B2;CD202;NIRRIG;D03M;manha;D03
svm;por_genotipo;CD202;1;treino;283;B2_CD202_NIRRIG_REPROD00003.asd;B2;CD202;NIRRIG;D03M;manha;D03
svm;por_genotipo;CD202;1;treino;284;B2_CD202_NIRRIG_REPROD00004.asd;B2;CD202;NIRRIG;D03M;manha;D03
svm;por_genotipo;CD202;1;treino;285;B2_CD202_NIRRIG_REPROD00005.asd;B2;CD202;NIRRIG;D03M;manha;D03
svm;por_genotipo;CD202;1;treino;287;B2_CD202_NIRRIG_REPROD00007.asd;B2;CD202;NIRRIG;D03M;manha;D03
svm;por_genotipo;CD202;1;treino;288;B3_CD202_IRRIG_REPROD00000.asd;B3;CD202;IRRIG;D03M;manha;D03
svm;por_genotipo;CD202;1;treino;289;B3_CD202_IRRIG_REPROD00001.asd;B3;CD202;IRRIG;D03M;manha;D03
svm;por_genotipo;CD202;1;treino;291;B3_CD202_IRRIG_REPROD00003.asd;B3;CD202;IRRIG;D03M;manha;D03
svm;por_genotipo;CD202;1;treino;292;B3_CD202_IRRIG_REPROD00004.asd;B3;CD202;IRRIG;D03M;manha;D03
svm;por_genotipo;CD202;1;treino;293;B3_CD202_IRRIG_REPROD00005.asd;B3;CD202;IRRIG;D03M;manha;D03
svm;por_genotipo;CD202;1;treino;294;B3_CD202_IRRIG_REPROD00006.asd;B3;CD202;IRRIG;D03M;manha;D03
svm;por_genotipo;CD202;1;treino;295;B3_CD202_IRRIG_REPROD00007.asd;B3;CD202;IRRIG;D03M;manha;D03
svm;por_genotipo;CD202;1;treino;296;B3_CD202_NIRRIG_REPROD00000.asd;B3;CD202;NIRRIG;D03M;manha;D03
svm;por_genotipo;CD202;1;treino;297;B3_CD202_NIRRIG_REPROD00001.asd;B3;CD202;NIRRIG;D03M;manha;D03
svm;por_genotipo;CD202;1;treino;299;B3_CD202_NIRRIG_REPROD00003.asd;B3;CD202;NIRRIG;D03M;manha;D03
svm;por_genotipo;CD202;1;treino;300;B3_CD202_NIRRIG_REPROD00004.asd;B3;CD202;NIRRIG;D03M;manha;D03
svm;por_genotipo;CD202;1;treino;301;B3_CD202_NIRRIG_REPROD00005.asd;B3;CD202;NIRRIG;D03M;manha;D03
svm;por_genotipo;CD202;1;treino;303;B3_CD202_NIRRIG_REPROD00007.asd;B3;CD202;NIRRIG;D03M;manha;D03
svm;por_genotipo;CD202;1;treino;305;B4_CD202_IRRIG_REPROD00001.asd;B4;CD202;IRRIG;D03M;manha;D03
svm;por_genotipo;CD202;1;treino;306;B4_CD202_IRRIG_REPROD00002.asd;B4;CD202;IRRIG;D03M;manha;D03
svm;por_genotipo;CD202;1;treino;307;B4_CD202_IRRIG_REPROD00003.asd;B4;CD202;IRRIG;D03M;manha;D03
svm;por_genotipo;CD202;1;treino;308;B4_CD202_IRRIG_REPROD00004.asd;B4;CD202;IRRIG;D03M;manha;D03
svm;por_genotipo;CD202;1;treino;309;B4_CD202_IRRIG_REPROD00005.asd;B4;CD202;IRRIG;D03M;manha;D03
svm;por_genotipo;CD202;1;treino;310;B4_CD202_IRRIG_REPROD00006.asd;B4;CD202;IRRIG;D03M;manha;D03
svm;por_genotipo;CD202;1;treino;311;B4_CD202_IRRIG_REPROD00007.asd;B4;CD202;IRRIG;D03M;manha;D03
svm;por_genotipo;CD202;1;treino;312;B4_CD202_NIRRIG_REPROD00000.asd;B4;CD202;NIRRIG;D03M;manha;D03
svm;por_genotipo;CD202;1;treino;313;B4_CD202_NIRRIG_REPROD00001.asd;B4;CD202;NIRRIG;D03M;manha;D03
svm;por_genotipo;CD202;1;treino;314;B4_CD202_NIRRIG_REPROD00002.asd;B4;CD202;NIRRIG;D03M;manha;D03
svm;por_genotipo;CD202;1;treino;315;B4_CD202_NIRRIG_REPROD00003.asd;B4;CD202;NIRRIG;D03M;manha;D03
svm;por_genotipo;CD202;1;treino;316;B4_CD202_NIRRIG_REPROD00004.asd;B4;CD202;NIRRIG;D03M;manha;D03
svm;por_genotipo;CD202;1;treino;317;B4_CD202_NIRRIG_REPROD00005.asd;B4;CD202;NIRRIG;D03M;manha;D03
svm;por_genotipo;CD202;1;treino;448;B1_CD202_IRRIG_REPROD00000.asd;B1;CD202;IRRIG;D04M;manha;D04
svm;por_genotipo;CD202;1;treino;449;B1_CD202_IRRIG_REPROD00001.asd;B1;CD202;IRRIG;D04M;manha;D04
svm;por_genotipo;CD202;1;treino;450;B1_CD202_IRRIG_REPROD00002.asd;B1;CD202;IRRIG;D04M;manha;D04
svm;por_genotipo;CD202;1;treino;451;B1_CD202_IRRIG_REPROD00003.asd;B1;CD202;IRRIG;D04M;manha;D04
svm;por_genotipo;CD202;1;treino;452;B1_CD202_IRRIG_REPROD00004.asd;B1;CD202;IRRIG;D04M;manha;D04
svm;por_genotipo;CD202;1;treino;457;B1_CD202_NIRRIG_REPROD00001.asd;B1;CD202;NIRRIG;D04M;manha;D04
svm;por_genotipo;CD202;1;treino;459;B1_CD202_NIRRIG_REPROD00003.asd;B1;CD202;NIRRIG;D04M;manha;D04
svm;por_genotipo;CD202;1;treino;460;B1_CD202_NIRRIG_REPROD00004.asd;B1;CD202;NIRRIG;D04M;manha;D04
svm;por_genotipo;CD202;1;treino;461;B1_CD202_NIRRIG_REPROD00005.asd;B1;CD202;NIRRIG;D04M;manha;D04
svm;por_genotipo;CD202;1;treino;462;B1_CD202_NIRRIG_REPROD00006.asd;B1;CD202;NIRRIG;D04M;manha;D04
svm;por_genotipo;CD202;1;treino;463;B1_CD202_NIRRIG_REPROD00007.asd;B1;CD202;NIRRIG;D04M;manha;D04
svm;por_genotipo;CD202;1;treino;464;B2_CD202_IRRIG_REPROD00000.asd;B2;CD202;IRRIG;D04M;manha;D04
svm;por_genotipo;CD202;1;treino;465;B2_CD202_IRRIG_REPROD00001.asd;B2;CD202;IRRIG;D04M;manha;D04
svm;por_genotipo;CD202;1;treino;466;B2_CD202_IRRIG_REPROD00002.asd;B2;CD202;IRRIG;D04M;manha;D04
svm;por_genotipo;CD202;1;treino;467;B2_CD202_IRRIG_REPROD00003.asd;B2;CD202;IRRIG;D04M;manha;D04
svm;por_genotipo;CD202;1;treino;469;B2_CD202_IRRIG_REPROD00005.asd;B2;CD202;IRRIG;D04M;manha;D04
svm;por_genotipo;CD202;1;treino;470;B2_CD202_IRRIG_REPROD00006.asd;B2;CD202;IRRIG;D04M;manha;D04
svm;por_genotipo;CD202;1;treino;471;B2_CD202_IRRIG_REPROD00007.asd;B2;CD202;IRRIG;D04M;manha;D04
svm;por_genotipo;CD202;1;treino;472;B2_CD202_NIRRIG_REPROD00000.asd;B2;CD202;NIRRIG;D04M;manha;D04
svm;por_genotipo;CD202;1;treino;473;B2_CD202_NIRRIG_REPROD00001.asd;B2;CD202;NIRRIG;D04M;manha;D04
svm;por_genotipo;CD202;1;treino;474;B2_CD202_NIRRIG_REPROD00002.asd;B2;CD202;NIRRIG;D04M;manha;D04
svm;por_genotipo;CD202;1;treino;475;B2_CD202_NIRRIG_REPROD00003.asd;B2;CD202;NIRRIG;D04M;manha;D04
svm;por_genotipo;CD202;1;treino;476;B2_CD202_NIRRIG_REPROD00004.asd;B2;CD202;NIRRIG;D04M;manha;D04
svm;por_genotipo;CD202;1;treino;477;B2_CD202_NIRRIG_REPROD00005.asd;B2;CD202;NIRRIG;D04M;manha;D04
svm;por_genotipo;CD202;1;treino;479;B2_CD202_NIRRIG_REPROD00007.asd;B2;CD202;NIRRIG;D04M;manha;D04
svm;por_genotipo;CD202;1;treino;480;B3_CD202_IRRIG_REPROD00000.asd;B3;CD202;IRRIG;D04M;manha;D04
svm;por_genotipo;CD202;1;treino;481;B3_CD202_IRRIG_REPROD00001.asd;B3;CD202;IRRIG;D04M;manha;D04
svm;por_genotipo;CD202;1;treino;483;B3_CD202_IRRIG_REPROD00003.asd;B3;CD202;IRRIG;D04M;manha;D04
svm;por_genotipo;CD202;1;treino;484;B3_CD202_IRRIG_REPROD00004.asd;B3;CD202;IRRIG;D04M;manha;D04
svm;por_genotipo;CD202;1;treino;485;B3_CD202_IRRIG_REPROD00005.asd;B3;CD202;IRRIG;D04M;manha;D04
svm;por_genotipo;CD202;1;treino;486;B3_CD202_IRRIG_REPROD00006.asd;B3;CD202;IRRIG;D04M;manha;D04
svm;por_genotipo;CD202;1;treino;487;B3_CD202_IRRIG_REPROD00007.asd;B3;CD202;IRRIG;D04M;manha;D04
svm;por_genotipo;CD202;1;treino;488;B3_CD202_NIRRIG_REPROD00000.asd;B3;CD202;NIRRIG;D04M;manha;D04
svm;por_genotipo;CD202;1;treino;489;B3_CD202_NIRRIG_REPROD00001.asd;B3;CD202;NIRRIG;D04M;manha;D04
svm;por_genotipo;CD202;1;treino;491;B3_CD202_NIRRIG_REPROD00003.asd;B3;CD202;NIRRIG;D04M;manha;D04
svm;por_genotipo;CD202;1;treino;492;B3_CD202_NIRRIG_REPROD00004.asd;B3;CD202;NIRRIG;D04M;manha;D04
svm;por_genotipo;CD202;1;treino;493;B3_CD202_NIRRIG_REPROD00005.asd;B3;CD202;NIRRIG;D04M;manha;D04
svm;por_genotipo;CD202;1;treino;495;B3_CD202_NIRRIG_REPROD00007.asd;B3;CD202;NIRRIG;D04M;manha;D04
svm;por_genotipo;CD202;1;treino;497;B4_CD202_IRRIG_REPROD00001.asd;B4;CD202;IRRIG;D04M;manha;D04
svm;por_genotipo;CD202;1;treino;498;B4_CD202_IRRIG_REPROD00002.asd;B4;CD202;IRRIG;D04M;manha;D04
svm;por_genotipo;CD202;1;treino;499;B4_CD202_IRRIG_REPROD00003.asd;B4;CD202;IRRIG;D04M;manha;D04
svm;por_genotipo;CD202;1;treino;500;B4_CD202_IRRIG_REPROD00004.asd;B4;CD202;IRRIG;D04M;manha;D04
svm;por_genotipo;CD202;1;treino;501;B4_CD202_IRRIG_REPROD00005.asd;B4;CD202;IRRIG;D04M;manha;D04
svm;por_genotipo;CD202;1;treino;502;B4_CD202_IRRIG_REPROD00006.asd;B4;CD202;IRRIG;D04M;manha;D04
svm;por_genotipo;CD202;1;treino;503;B4_CD202_IRRIG_REPROD00007.asd;B4;CD202;IRRIG;D04M;manha;D04
svm;por_genotipo;CD202;1;treino;504;B4_CD202_NIRRIG_REPROD00000.asd;B4;CD202;NIRRIG;D04M;manha;D04
svm;por_genotipo;CD202;1;treino;505;B4_CD202_NIRRIG_REPROD00001.asd;B4;CD202;NIRRIG;D04M;manha;D04
svm;por_genotipo;CD202;1;treino;506;B4_CD202_NIRRIG_REPROD00002.asd;B4;CD202;NIRRIG;D04M;manha;D04
svm;por_genotipo;CD202;1;treino;507;B4_CD202_NIRRIG_REPROD00003.asd;B4;CD202;NIRRIG;D04M;manha;D04
svm;por_genotipo;CD202;1;treino;508;B4_CD202_NIRRIG_REPROD00004.asd;B4;CD202;NIRRIG;D04M;manha;D04
svm;por_genotipo;CD202;1;treino;509;B4_CD202_NIRRIG_REPROD00005.asd;B4;CD202;NIRRIG;D04M;manha;D04
svm;por_genotipo;CD202;1;treino;640;B1_CD202_IRRIG_REPROD00000.asd;B1;CD202;IRRIG;D05M;manha;D05
svm;por_genotipo;CD202;1;treino;641;B1_CD202_IRRIG_REPROD00001.asd;B1;CD202;IRRIG;D05M;manha;D05
svm;por_genotipo;CD202;1;treino;642;B1_CD202_IRRIG_REPROD00002.asd;B1;CD202;IRRIG;D05M;manha;D05
svm;por_genotipo;CD202;1;treino;643;B1_CD202_IRRIG_REPROD00003.asd;B1;CD202;IRRIG;D05M;manha;D05
svm;por_genotipo;CD202;1;treino;644;B1_CD202_IRRIG_REPROD00004.asd;B1;CD202;IRRIG;D05M;manha;D05
svm;por_genotipo;CD202;1;treino;649;B1_CD202_NIRRIG_REPROD00001.asd;B1;CD202;NIRRIG;D05M;manha;D05
svm;por_genotipo;CD202;1;treino;651;B1_CD202_NIRRIG_REPROD00003.asd;B1;CD202;NIRRIG;D05M;manha;D05
svm;por_genotipo;CD202;1;treino;652;B1_CD202_NIRRIG_REPROD00004.asd;B1;CD202;NIRRIG;D05M;manha;D05
svm;por_genotipo;CD202;1;treino;653;B1_CD202_NIRRIG_REPROD00005.asd;B1;CD202;NIRRIG;D05M;manha;D05
svm;por_genotipo;CD202;1;treino;654;B1_CD202_NIRRIG_REPROD00006.asd;B1;CD202;NIRRIG;D05M;manha;D05
svm;por_genotipo;CD202;1;treino;655;B1_CD202_NIRRIG_REPROD00007.asd;B1;CD202;NIRRIG;D05M;manha;D05
svm;por_genotipo;CD202;1;treino;656;B2_CD202_IRRIG_REPROD00000.asd;B2;CD202;IRRIG;D05M;manha;D05
svm;por_genotipo;CD202;1;treino;657;B2_CD202_IRRIG_REPROD00001.asd;B2;CD202;IRRIG;D05M;manha;D05
svm;por_genotipo;CD202;1;treino;658;B2_CD202_IRRIG_REPROD00002.asd;B2;CD202;IRRIG;D05M;manha;D05
svm;por_genotipo;CD202;1;treino;659;B2_CD202_IRRIG_REPROD00003.asd;B2;CD202;IRRIG;D05M;manha;D05
svm;por_genotipo;CD202;1;treino;661;B2_CD202_IRRIG_REPROD00005.asd;B2;CD202;IRRIG;D05M;manha;D05
svm;por_genotipo;CD202;1;treino;662;B2_CD202_IRRIG_REPROD00006.asd;B2;CD202;IRRIG;D05M;manha;D05
svm;por_genotipo;CD202;1;treino;663;B2_CD202_IRRIG_REPROD00007.asd;B2;CD202;IRRIG;D05M;manha;D05
svm;por_genotipo;CD202;1;treino;664;B2_CD202_NIRRIG_REPROD00000.asd;B2;CD202;NIRRIG;D05M;manha;D05
svm;por_genotipo;CD202;1;treino;665;B2_CD202_NIRRIG_REPROD00001.asd;B2;CD202;NIRRIG;D05M;manha;D05
svm;por_genotipo;CD202;1;treino;666;B2_CD202_NIRRIG_REPROD00002.asd;B2;CD202;NIRRIG;D05M;manha;D05
svm;por_genotipo;CD202;1;treino;667;B2_CD202_NIRRIG_REPROD00003.asd;B2;CD202;NIRRIG;D05M;manha;D05
svm;por_genotipo;CD202;1;treino;668;B2_CD202_NIRRIG_REPROD00004.asd;B2;CD202;NIRRIG;D05M;manha;D05
svm;por_genotipo;CD202;1;treino;669;B2_CD202_NIRRIG_REPROD00005.asd;B2;CD202;NIRRIG;D05M;manha;D05
svm;por_genotipo;CD202;1;treino;671;B2_CD202_NIRRIG_REPROD00007.asd;B2;CD202;NIRRIG;D05M;manha;D05
svm;por_genotipo;CD202;1;treino;672;B3_CD202_IRRIG_REPROD00000.asd;B3;CD202;IRRIG;D05M;manha;D05
svm;por_genotipo;CD202;1;treino;673;B3_CD202_IRRIG_REPROD00001.asd;B3;CD202;IRRIG;D05M;manha;D05
svm;por_genotipo;CD202;1;treino;675;B3_CD202_IRRIG_REPROD00003.asd;B3;CD202;IRRIG;D05M;manha;D05
svm;por_genotipo;CD202;1;treino;676;B3_CD202_IRRIG_REPROD00004.asd;B3;CD202;IRRIG;D05M;manha;D05
svm;por_genotipo;CD202;1;treino;677;B3_CD202_IRRIG_REPROD00005.asd;B3;CD202;IRRIG;D05M;manha;D05
svm;por_genotipo;CD202;1;treino;678;B3_CD202_IRRIG_REPROD00006.asd;B3;CD202;IRRIG;D05M;manha;D05
svm;por_genotipo;CD202;1;treino;679;B3_CD202_IRRIG_REPROD00007.asd;B3;CD202;IRRIG;D05M;manha;D05
svm;por_genotipo;CD202;1;treino;680;B3_CD202_NIRRIG_REPROD00000.asd;B3;CD202;NIRRIG;D05M;manha;D05
svm;por_genotipo;CD202;1;treino;681;B3_CD202_NIRRIG_REPROD00001.asd;B3;CD202;NIRRIG;D05M;manha;D05
svm;por_genotipo;CD202;1;treino;683;B3_CD202_NIRRIG_REPROD00003.asd;B3;CD202;NIRRIG;D05M;manha;D05
svm;por_genotipo;CD202;1;treino;684;B3_CD202_NIRRIG_REPROD00004.asd;B3;CD202;NIRRIG;D05M;manha;D05
svm;por_genotipo;CD202;1;treino;685;B3_CD202_NIRRIG_REPROD00005.asd;B3;CD202;NIRRIG;D05M;manha;D05
svm;por_genotipo;CD202;1;treino;687;B3_CD202_NIRRIG_REPROD00007.asd;B3;CD202;NIRRIG;D05M;manha;D05
svm;por_genotipo;CD202;1;treino;689;B4_CD202_IRRIG_REPROD00001.asd;B4;CD202;IRRIG;D05M;manha;D05
svm;por_genotipo;CD202;1;treino;690;B4_CD202_IRRIG_REPROD00002.asd;B4;CD202;IRRIG;D05M;manha;D05
svm;por_genotipo;CD202;1;treino;691;B4_CD202_IRRIG_REPROD00003.asd;B4;CD202;IRRIG;D05M;manha;D05
svm;por_genotipo;CD202;1;treino;692;B4_CD202_IRRIG_REPROD00004.asd;B4;CD202;IRRIG;D05M;manha;D05
svm;por_genotipo;CD202;1;treino;693;B4_CD202_IRRIG_REPROD00005.asd;B4;CD202;IRRIG;D05M;manha;D05
svm;por_genotipo;CD202;1;treino;694;B4_CD202_IRRIG_REPROD00006.asd;B4;CD202;IRRIG;D05M;manha;D05
svm;por_genotipo;CD202;1;treino;695;B4_CD202_IRRIG_REPROD00007.asd;B4;CD202;IRRIG;D05M;manha;D05
svm;por_genotipo;CD202;1;treino;696;B4_CD202_NIRRIG_REPROD00000.asd;B4;CD202;NIRRIG;D05M;manha;D05
svm;por_genotipo;CD202;1;treino;697;B4_CD202_NIRRIG_REPROD00001.asd;B4;CD202;NIRRIG;D05M;manha;D05
svm;por_genotipo;CD202;1;treino;698;B4_CD202_NIRRIG_REPROD00002.asd;B4;CD202;NIRRIG;D05M;manha;D05
svm;por_genotipo;CD202;1;treino;699;B4_CD202_NIRRIG_REPROD00003.asd;B4;CD202;NIRRIG;D05M;manha;D05
svm;por_genotipo;CD202;1;treino;700;B4_CD202_NIRRIG_REPROD00004.asd;B4;CD202;NIRRIG;D05M;manha;D05
svm;por_genotipo;CD202;1;treino;701;B4_CD202_NIRRIG_REPROD00005.asd;B4;CD202;NIRRIG;D05M;manha;D05
svm;por_genotipo;CD202;1;treino;832;B1_CD202_IRRIG_REPROD00000.asd;B1;CD202;IRRIG;D06M;manha;D06
svm;por_genotipo;CD202;1;treino;833;B1_CD202_IRRIG_REPROD00001.asd;B1;CD202;IRRIG;D06M;manha;D06
svm;por_genotipo;CD202;1;treino;834;B1_CD202_IRRIG_REPROD00002.asd;B1;CD202;IRRIG;D06M;manha;D06
svm;por_genotipo;CD202;1;treino;835;B1_CD202_IRRIG_REPROD00003.asd;B1;CD202;IRRIG;D06M;manha;D06
svm;por_genotipo;CD202;1;treino;836;B1_CD202_IRRIG_REPROD00004.asd;B1;CD202;IRRIG;D06M;manha;D06
svm;por_genotipo;CD202;1;treino;841;B1_CD202_NIRRIG_REPROD00001.asd;B1;CD202;NIRRIG;D06M;manha;D06
svm;por_genotipo;CD202;1;treino;843;B1_CD202_NIRRIG_REPROD00003.asd;B1;CD202;NIRRIG;D06M;manha;D06
svm;por_genotipo;CD202;1;treino;844;B1_CD202_NIRRIG_REPROD00004.asd;B1;CD202;NIRRIG;D06M;manha;D06
svm;por_genotipo;CD202;1;treino;845;B1_CD202_NIRRIG_REPROD00005.asd;B1;CD202;NIRRIG;D06M;manha;D06
svm;por_genotipo;CD202;1;treino;846;B1_CD202_NIRRIG_REPROD00006.asd;B1;CD202;NIRRIG;D06M;manha;D06
svm;por_genotipo;CD202;1;treino;847;B1_CD202_NIRRIG_REPROD00007.asd;B1;CD202;NIRRIG;D06M;manha;D06
svm;por_genotipo;CD202;1;treino;848;B2_CD202_IRRIG_REPROD00000.asd;B2;CD202;IRRIG;D06M;manha;D06
svm;por_genotipo;CD202;1;treino;849;B2_CD202_IRRIG_REPROD00001.asd;B2;CD202;IRRIG;D06M;manha;D06
svm;por_genotipo;CD202;1;treino;850;B2_CD202_IRRIG_REPROD00002.asd;B2;CD202;IRRIG;D06M;manha;D06
svm;por_genotipo;CD202;1;treino;851;B2_CD202_IRRIG_REPROD00003.asd;B2;CD202;IRRIG;D06M;manha;D06
svm;por_genotipo;CD202;1;treino;853;B2_CD202_IRRIG_REPROD00005.asd;B2;CD202;IRRIG;D06M;manha;D06
svm;por_genotipo;CD202;1;treino;854;B2_CD202_IRRIG_REPROD00006.asd;B2;CD202;IRRIG;D06M;manha;D06
svm;por_genotipo;CD202;1;treino;855;B2_CD202_IRRIG_REPROD00007.asd;B2;CD202;IRRIG;D06M;manha;D06
svm;por_genotipo;CD202;1;treino;856;B2_CD202_NIRRIG_REPROD00000.asd;B2;CD202;NIRRIG;D06M;manha;D06
svm;por_genotipo;CD202;1;treino;857;B2_CD202_NIRRIG_REPROD00001.asd;B2;CD202;NIRRIG;D06M;manha;D06
svm;por_genotipo;CD202;1;treino;858;B2_CD202_NIRRIG_REPROD00002.asd;B2;CD202;NIRRIG;D06M;manha;D06
svm;por_genotipo;CD202;1;treino;859;B2_CD202_NIRRIG_REPROD00003.asd;B2;CD202;NIRRIG;D06M;manha;D06
svm;por_genotipo;CD202;1;treino;860;B2_CD202_NIRRIG_REPROD00004.asd;B2;CD202;NIRRIG;D06M;manha;D06
svm;por_genotipo;CD202;1;treino;861;B2_CD202_NIRRIG_REPROD00005.asd;B2;CD202;NIRRIG;D06M;manha;D06
svm;por_genotipo;CD202;1;treino;863;B2_CD202_NIRRIG_REPROD00007.asd;B2;CD202;NIRRIG;D06M;manha;D06
svm;por_genotipo;CD202;1;treino;864;B3_CD202_IRRIG_REPROD00000.asd;B3;CD202;IRRIG;D06M;manha;D06
svm;por_genotipo;CD202;1;treino;865;B3_CD202_IRRIG_REPROD00001.asd;B3;CD202;IRRIG;D06M;manha;D06
svm;por_genotipo;CD202;1;treino;867;B3_CD202_IRRIG_REPROD00003.asd;B3;CD202;IRRIG;D06M;manha;D06
svm;por_genotipo;CD202;1;treino;868;B3_CD202_IRRIG_REPROD00004.asd;B3;CD202;IRRIG;D06M;manha;D06
svm;por_genotipo;CD202;1;treino;869;B3_CD202_IRRIG_REPROD00005.asd;B3;CD202;IRRIG;D06M;manha;D06
svm;por_genotipo;CD202;1;treino;870;B3_CD202_IRRIG_REPROD00006.asd;B3;CD202;IRRIG;D06M;manha;D06
svm;por_genotipo;CD202;1;treino;871;B3_CD202_IRRIG_REPROD00007.asd;B3;CD202;IRRIG;D06M;manha;D06
svm;por_genotipo;CD202;1;treino;872;B3_CD202_NIRRIG_REPROD00000.asd;B3;CD202;NIRRIG;D06M;manha;D06
svm;por_genotipo;CD202;1;treino;873;B3_CD202_NIRRIG_REPROD00001.asd;B3;CD202;NIRRIG;D06M;manha;D06
svm;por_genotipo;CD202;1;treino;875;B3_CD202_NIRRIG_REPROD00003.asd;B3;CD202;NIRRIG;D06M;manha;D06
svm;por_genotipo;CD202;1;treino;876;B3_CD202_NIRRIG_REPROD00004.asd;B3;CD202;NIRRIG;D06M;manha;D06
svm;por_genotipo;CD202;1;treino;877;B3_CD202_NIRRIG_REPROD00005.asd;B3;CD202;NIRRIG;D06M;manha;D06
svm;por_genotipo;CD202;1;treino;879;B3_CD202_NIRRIG_REPROD00007.asd;B3;CD202;NIRRIG;D06M;manha;D06
svm;por_genotipo;CD202;1;treino;881;B4_CD202_IRRIG_REPROD00001.asd;B4;CD202;IRRIG;D06M;manha;D06
svm;por_genotipo;CD202;1;treino;882;B4_CD202_IRRIG_REPROD00002.asd;B4;CD202;IRRIG;D06M;manha;D06
svm;por_genotipo;CD202;1;treino;883;B4_CD202_IRRIG_REPROD00003.asd;B4;CD202;IRRIG;D06M;manha;D06
svm;por_genotipo;CD202;1;treino;884;B4_CD202_IRRIG_REPROD00004.asd;B4;CD202;IRRIG;D06M;manha;D06
svm;por_genotipo;CD202;1;treino;885;B4_CD202_IRRIG_REPROD00005.asd;B4;CD202;IRRIG;D06M;manha;D06
svm;por_genotipo;CD202;1;treino;886;B4_CD202_IRRIG_REPROD00006.asd;B4;CD202;IRRIG;D06M;manha;D06
svm;por_genotipo;CD202;1;treino;887;B4_CD202_IRRIG_REPROD00007.asd;B4;CD202;IRRIG;D06M;manha;D06
svm;por_genotipo;CD202;1;treino;888;B4_CD202_NIRRIG_REPROD00000.asd;B4;CD202;NIRRIG;D06M;manha;D06
svm;por_genotipo;CD202;1;treino;889;B4_CD202_NIRRIG_REPROD00001.asd;B4;CD202;NIRRIG;D06M;manha;D06
svm;por_genotipo;CD202;1;treino;890;B4_CD202_NIRRIG_REPROD00002.asd;B4;CD202;NIRRIG;D06M;manha;D06
svm;por_genotipo;CD202;1;treino;891;B4_CD202_NIRRIG_REPROD00003.asd;B4;CD202;NIRRIG;D06M;manha;D06
svm;por_genotipo;CD202;1;treino;892;B4_CD202_NIRRIG_REPROD00004.asd;B4;CD202;NIRRIG;D06M;manha;D06
svm;por_genotipo;CD202;1;treino;893;B4_CD202_NIRRIG_REPROD00005.asd;B4;CD202;NIRRIG;D06M;manha;D06
svm;por_genotipo;CD202;1;treino;1024;B1_CD202_IRR_REP_RECUP00000.asd;B1;CD202;IRRIG;D09M;manha;D09
svm;por_genotipo;CD202;1;treino;1025;B1_CD202_IRR_REP_RECUP00001.asd;B1;CD202;IRRIG;D09M;manha;D09
svm;por_genotipo;CD202;1;treino;1027;B1_CD202_IRR_REP_RECUP00003.asd;B1;CD202;IRRIG;D09M;manha;D09
svm;por_genotipo;CD202;1;treino;1029;B1_CD202_IRR_REP_RECUP00005.asd;B1;CD202;IRRIG;D09M;manha;D09
svm;por_genotipo;CD202;1;treino;1031;B1_CD202_IRR_REP_RECUP00007.asd;B1;CD202;IRRIG;D09M;manha;D09
svm;por_genotipo;CD202;1;treino;1032;B1_CD202_IRR_REP_RECUP00008.asd;B1;CD202;IRRIG;D09M;manha;D09
svm;por_genotipo;CD202;1;treino;1033;B1_CD202_IRR_REP_RECUP00009.asd;B1;CD202;IRRIG;D09M;manha;D09
svm;por_genotipo;CD202;1;treino;1034;B1_CD202_IRR_REP_RECUP00010.asd;B1;CD202;IRRIG;D09M;manha;D09
svm;por_genotipo;CD202;1;treino;1035;B1_CD202_IRR_REP_RECUP00011.asd;B1;CD202;IRRIG;D09M;manha;D09
svm;por_genotipo;CD202;1;treino;1036;B1_CD202_NIRR_REP_RECUP00000.asd;B1;CD202;NIRRIG;D09M;manha;D09
svm;por_genotipo;CD202;1;treino;1037;B1_CD202_NIRR_REP_RECUP00001.asd;B1;CD202;NIRRIG;D09M;manha;D09
svm;por_genotipo;CD202;1;treino;1039;B1_CD202_NIRR_REP_RECUP00003.asd;B1;CD202;NIRRIG;D09M;manha;D09
svm;por_genotipo;CD202;1;treino;1040;B1_CD202_NIRR_REP_RECUP00004.asd;B1;CD202;NIRRIG;D09M;manha;D09
svm;por_genotipo;CD202;1;treino;1041;B1_CD202_NIRR_REP_RECUP00005.asd;B1;CD202;NIRRIG;D09M;manha;D09
svm;por_genotipo;CD202;1;treino;1042;B1_CD202_NIRR_REP_RECUP00006.asd;B1;CD202;NIRRIG;D09M;manha;D09
svm;por_genotipo;CD202;1;treino;1043;B1_CD202_NIRR_REP_RECUP00007.asd;B1;CD202;NIRRIG;D09M;manha;D09
svm;por_genotipo;CD202;1;treino;1045;B2_CD202_IRR_REP_RECUP00001.asd;B2;CD202;IRRIG;D09M;manha;D09
svm;por_genotipo;CD202;1;treino;1046;B2_CD202_IRR_REP_RECUP00002.asd;B2;CD202;IRRIG;D09M;manha;D09
svm;por_genotipo;CD202;1;treino;1047;B2_CD202_IRR_REP_RECUP00003.asd;B2;CD202;IRRIG;D09M;manha;D09
svm;por_genotipo;CD202;1;treino;1048;B2_CD202_IRR_REP_RECUP00004.asd;B2;CD202;IRRIG;D09M;manha;D09
svm;por_genotipo;CD202;1;treino;1049;B2_CD202_IRR_REP_RECUP00005.asd;B2;CD202;IRRIG;D09M;manha;D09
svm;por_genotipo;CD202;1;treino;1050;B2_CD202_IRR_REP_RECUP00006.asd;B2;CD202;IRRIG;D09M;manha;D09
svm;por_genotipo;CD202;1;treino;1051;B2_CD202_IRR_REP_RECUP00007.asd;B2;CD202;IRRIG;D09M;manha;D09
svm;por_genotipo;CD202;1;treino;1052;B2_CD202_NIRR_REP_RECUP00000.asd;B2;CD202;NIRRIG;D09M;manha;D09
svm;por_genotipo;CD202;1;treino;1053;B2_CD202_NIRR_REP_RECUP00001.asd;B2;CD202;NIRRIG;D09M;manha;D09
svm;por_genotipo;CD202;1;treino;1054;B2_CD202_NIRR_REP_RECUP00002.asd;B2;CD202;NIRRIG;D09M;manha;D09
svm;por_genotipo;CD202;1;treino;1055;B2_CD202_NIRR_REP_RECUP00003.asd;B2;CD202;NIRRIG;D09M;manha;D09
svm;por_genotipo;CD202;1;treino;1057;B2_CD202_NIRR_REP_RECUP00005.asd;B2;CD202;NIRRIG;D09M;manha;D09
svm;por_genotipo;CD202;1;treino;1058;B2_CD202_NIRR_REP_RECUP00006.asd;B2;CD202;NIRRIG;D09M;manha;D09
svm;por_genotipo;CD202;1;treino;1059;B2_CD202_NIRR_REP_RECUP00007.asd;B2;CD202;NIRRIG;D09M;manha;D09
svm;por_genotipo;CD202;1;treino;1060;B3_CD202_IRR_REP_RECUP00000.asd;B3;CD202;IRRIG;D09M;manha;D09
svm;por_genotipo;CD202;1;treino;1062;B3_CD202_IRR_REP_RECUP00002.asd;B3;CD202;IRRIG;D09M;manha;D09
svm;por_genotipo;CD202;1;treino;1063;B3_CD202_IRR_REP_RECUP00003.asd;B3;CD202;IRRIG;D09M;manha;D09
svm;por_genotipo;CD202;1;treino;1064;B3_CD202_IRR_REP_RECUP00004.asd;B3;CD202;IRRIG;D09M;manha;D09
svm;por_genotipo;CD202;1;treino;1065;B3_CD202_IRR_REP_RECUP00005.asd;B3;CD202;IRRIG;D09M;manha;D09
svm;por_genotipo;CD202;1;treino;1067;B3_CD202_IRR_REP_RECUP00007.asd;B3;CD202;IRRIG;D09M;manha;D09
svm;por_genotipo;CD202;1;treino;1068;B3_CD202_NIRR_REP_RECUP00000.asd;B3;CD202;NIRRIG;D09M;manha;D09
svm;por_genotipo;CD202;1;treino;1069;B3_CD202_NIRR_REP_RECUP00001.asd;B3;CD202;NIRRIG;D09M;manha;D09
svm;por_genotipo;CD202;1;treino;1070;B3_CD202_NIRR_REP_RECUP00002.asd;B3;CD202;NIRRIG;D09M;manha;D09
svm;por_genotipo;CD202;1;treino;1072;B3_CD202_NIRR_REP_RECUP00004.asd;B3;CD202;NIRRIG;D09M;manha;D09
svm;por_genotipo;CD202;1;treino;1073;B3_CD202_NIRR_REP_RECUP00005.asd;B3;CD202;NIRRIG;D09M;manha;D09
svm;por_genotipo;CD202;1;treino;1074;B3_CD202_NIRR_REP_RECUP00006.asd;B3;CD202;NIRRIG;D09M;manha;D09
svm;por_genotipo;CD202;1;treino;1075;B3_CD202_NIRR_REP_RECUP00007.asd;B3;CD202;NIRRIG;D09M;manha;D09
svm;por_genotipo;CD202;1;treino;1076;B4_CD202_IRR_REP_RECUP00000.asd;B4;CD202;IRRIG;D09M;manha;D09
svm;por_genotipo;CD202;1;treino;1078;B4_CD202_IRR_REP_RECUP00002.asd;B4;CD202;IRRIG;D09M;manha;D09
svm;por_genotipo;CD202;1;treino;1079;B4_CD202_IRR_REP_RECUP00003.asd;B4;CD202;IRRIG;D09M;manha;D09
svm;por_genotipo;CD202;1;treino;1080;B4_CD202_IRR_REP_RECUP00004.asd;B4;CD202;IRRIG;D09M;manha;D09
svm;por_genotipo;CD202;1;treino;1081;B4_CD202_IRR_REP_RECUP00005.asd;B4;CD202;IRRIG;D09M;manha;D09
svm;por_genotipo;CD202;1;treino;1083;B4_CD202_IRR_REP_RECUP00007.asd;B4;CD202;IRRIG;D09M;manha;D09
svm;por_genotipo;CD202;1;treino;1084;B4_CD202_NIRR_REP_RECUP00000.asd;B4;CD202;NIRRIG;D09M;manha;D09
svm;por_genotipo;CD202;1;treino;1086;B4_CD202_NIRR_REP_RECUP00002.asd;B4;CD202;NIRRIG;D09M;manha;D09
svm;por_genotipo;CD202;1;treino;1087;B4_CD202_NIRR_REP_RECUP00003.asd;B4;CD202;NIRRIG;D09M;manha;D09
svm;por_genotipo;CD202;1;treino;1088;B4_CD202_NIRR_REP_RECUP00004.asd;B4;CD202;NIRRIG;D09M;manha;D09
svm;por_genotipo;CD202;1;treino;1089;B4_CD202_NIRR_REP_RECUP00005.asd;B4;CD202;NIRRIG;D09M;manha;D09
svm;por_genotipo;CD202;1;treino;1090;B4_CD202_NIRR_REP_RECUP00006.asd;B4;CD202;NIRRIG;D09M;manha;D09
svm;por_genotipo;CD202;1;treino;1091;B4_CD202_NIRR_REP_RECUP00007.asd;B4;CD202;NIRRIG;D09M;manha;D09
svm;por_genotipo;CD202;1;treino;1172;B1_CD202_IRR_REP_RECUP00000.asd;B1;CD202;IRRIG;D10M;manha;D10
svm;por_genotipo;CD202;1;treino;1173;B1_CD202_IRR_REP_RECUP00001.asd;B1;CD202;IRRIG;D10M;manha;D10
svm;por_genotipo;CD202;1;treino;1175;B1_CD202_IRR_REP_RECUP00003.asd;B1;CD202;IRRIG;D10M;manha;D10
svm;por_genotipo;CD202;1;treino;1177;B1_CD202_IRR_REP_RECUP00005.asd;B1;CD202;IRRIG;D10M;manha;D10
svm;por_genotipo;CD202;1;treino;1179;B1_CD202_IRR_REP_RECUP00007.asd;B1;CD202;IRRIG;D10M;manha;D10
svm;por_genotipo;CD202;1;treino;1180;B1_CD202_NIRR_REP_RECUP00000.asd;B1;CD202;NIRRIG;D10M;manha;D10
svm;por_genotipo;CD202;1;treino;1181;B1_CD202_NIRR_REP_RECUP00001.asd;B1;CD202;NIRRIG;D10M;manha;D10
svm;por_genotipo;CD202;1;treino;1183;B1_CD202_NIRR_REP_RECUP00003.asd;B1;CD202;NIRRIG;D10M;manha;D10
svm;por_genotipo;CD202;1;treino;1184;B1_CD202_NIRR_REP_RECUP00004.asd;B1;CD202;NIRRIG;D10M;manha;D10
svm;por_genotipo;CD202;1;treino;1185;B1_CD202_NIRR_REP_RECUP00005.asd;B1;CD202;NIRRIG;D10M;manha;D10
svm;por_genotipo;CD202;1;treino;1186;B1_CD202_NIRR_REP_RECUP00006.asd;B1;CD202;NIRRIG;D10M;manha;D10
svm;por_genotipo;CD202;1;treino;1187;B1_CD202_NIRR_REP_RECUP00007.asd;B1;CD202;NIRRIG;D10M;manha;D10
svm;por_genotipo;CD202;1;treino;1221;B2_CD202_IRR_REP_RECUP00001.asd;B2;CD202;IRRIG;D10M;manha;D10
svm;por_genotipo;CD202;1;treino;1222;B2_CD202_IRR_REP_RECUP00002.asd;B2;CD202;IRRIG;D10M;manha;D10
svm;por_genotipo;CD202;1;treino;1223;B2_CD202_IRR_REP_RECUP00003.asd;B2;CD202;IRRIG;D10M;manha;D10
svm;por_genotipo;CD202;1;treino;1224;B2_CD202_IRR_REP_RECUP00004.asd;B2;CD202;IRRIG;D10M;manha;D10
svm;por_genotipo;CD202;1;treino;1225;B2_CD202_IRR_REP_RECUP00005.asd;B2;CD202;IRRIG;D10M;manha;D10
svm;por_genotipo;CD202;1;treino;1226;B2_CD202_IRR_REP_RECUP00006.asd;B2;CD202;IRRIG;D10M;manha;D10
svm;por_genotipo;CD202;1;treino;1227;B2_CD202_IRR_REP_RECUP00007.asd;B2;CD202;IRRIG;D10M;manha;D10
svm;por_genotipo;CD202;1;treino;1228;B2_CD202_NIRR_REP_RECUP00008.asd;B2;CD202;NIRRIG;D10M;manha;D10
svm;por_genotipo;CD202;1;treino;1230;B2_CD202_NIRR_REP_RECUP00010.asd;B2;CD202;NIRRIG;D10M;manha;D10
svm;por_genotipo;CD202;1;treino;1231;B2_CD202_NIRR_REP_RECUP00011.asd;B2;CD202;NIRRIG;D10M;manha;D10
svm;por_genotipo;CD202;1;treino;1233;B2_CD202_NIRR_REP_RECUP00013.asd;B2;CD202;NIRRIG;D10M;manha;D10
svm;por_genotipo;CD202;1;treino;1235;B2_CD202_NIRR_REP_RECUP00015.asd;B2;CD202;NIRRIG;D10M;manha;D10
svm;por_genotipo;CD202;1;treino;1268;B3_CD202_IRR_REP_RECUP00000.asd;B3;CD202;IRRIG;D10M;manha;D10
svm;por_genotipo;CD202;1;treino;1270;B3_CD202_IRR_REP_RECUP00002.asd;B3;CD202;IRRIG;D10M;manha;D10
svm;por_genotipo;CD202;1;treino;1271;B3_CD202_IRR_REP_RECUP00003.asd;B3;CD202;IRRIG;D10M;manha;D10
svm;por_genotipo;CD202;1;treino;1272;B3_CD202_IRR_REP_RECUP00004.asd;B3;CD202;IRRIG;D10M;manha;D10
svm;por_genotipo;CD202;1;treino;1273;B3_CD202_IRR_REP_RECUP00005.asd;B3;CD202;IRRIG;D10M;manha;D10
svm;por_genotipo;CD202;1;treino;1275;B3_CD202_IRR_REP_RECUP00007.asd;B3;CD202;IRRIG;D10M;manha;D10
svm;por_genotipo;CD202;1;treino;1276;B3_CD202_NIRR_REP_RECUP00000.asd;B3;CD202;NIRRIG;D10M;manha;D10
svm;por_genotipo;CD202;1;treino;1277;B3_CD202_NIRR_REP_RECUP00001.asd;B3;CD202;NIRRIG;D10M;manha;D10
svm;por_genotipo;CD202;1;treino;1278;B3_CD202_NIRR_REP_RECUP00002.asd;B3;CD202;NIRRIG;D10M;manha;D10
svm;por_genotipo;CD202;1;treino;1280;B3_CD202_NIRR_REP_RECUP00004.asd;B3;CD202;NIRRIG;D10M;manha;D10
svm;por_genotipo;CD202;1;treino;1281;B3_CD202_NIRR_REP_RECUP00005.asd;B3;CD202;NIRRIG;D10M;manha;D10
svm;por_genotipo;CD202;1;treino;1282;B3_CD202_NIRR_REP_RECUP00006.asd;B3;CD202;NIRRIG;D10M;manha;D10
svm;por_genotipo;CD202;1;treino;1283;B3_CD202_NIRR_REP_RECUP00007.asd;B3;CD202;NIRRIG;D10M;manha;D10
svm;por_genotipo;CD202;1;treino;1316;B4_CD202_IRR_REP_RECUP00000.asd;B4;CD202;IRRIG;D10M;manha;D10
svm;por_genotipo;CD202;1;treino;1318;B4_CD202_IRR_REP_RECUP00002.asd;B4;CD202;IRRIG;D10M;manha;D10
svm;por_genotipo;CD202;1;treino;1319;B4_CD202_IRR_REP_RECUP00003.asd;B4;CD202;IRRIG;D10M;manha;D10
svm;por_genotipo;CD202;1;treino;1320;B4_CD202_IRR_REP_RECUP00004.asd;B4;CD202;IRRIG;D10M;manha;D10
svm;por_genotipo;CD202;1;treino;1321;B4_CD202_IRR_REP_RECUP00005.asd;B4;CD202;IRRIG;D10M;manha;D10
svm;por_genotipo;CD202;1;treino;1323;B4_CD202_IRR_REP_RECUP00007.asd;B4;CD202;IRRIG;D10M;manha;D10
svm;por_genotipo;CD202;1;treino;1324;B4_CD202_NIRR_REP_RECUP00000.asd;B4;CD202;NIRRIG;D10M;manha;D10
svm;por_genotipo;CD202;1;treino;1326;B4_CD202_NIRR_REP_RECUP00002.asd;B4;CD202;NIRRIG;D10M;manha;D10
svm;por_genotipo;CD202;1;treino;1327;B4_CD202_NIRR_REP_RECUP00003.asd;B4;CD202;NIRRIG;D10M;manha;D10
svm;por_genotipo;CD202;1;treino;1328;B4_CD202_NIRR_REP_RECUP00004.asd;B4;CD202;NIRRIG;D10M;manha;D10
svm;por_genotipo;CD202;1;treino;1329;B4_CD202_NIRR_REP_RECUP00005.asd;B4;CD202;NIRRIG;D10M;manha;D10
svm;por_genotipo;CD202;1;treino;1330;B4_CD202_NIRR_REP_RECUP00006.asd;B4;CD202;NIRRIG;D10M;manha;D10
svm;por_genotipo;CD202;1;treino;1331;B4_CD202_NIRR_REP_RECUP00007.asd;B4;CD202;NIRRIG;D10M;manha;D10
svm;por_genotipo;CD202;1;teste;69;B1_CD202_IRRIG_REPROD00005.asd;B1;CD202;IRRIG;D02M;manha;D02
svm;por_genotipo;CD202;1;teste;70;B1_CD202_IRRIG_REPROD00006.asd;B1;CD202;IRRIG;D02M;manha;D02
svm;por_genotipo;CD202;1;teste;71;B1_CD202_IRRIG_REPROD00007.asd;B1;CD202;IRRIG;D02M;manha;D02
svm;por_genotipo;CD202;1;teste;72;B1_CD202_NIRRIG_REPROD00000.asd;B1;CD202;NIRRIG;D02M;manha;D02
svm;por_genotipo;CD202;1;teste;74;B1_CD202_NIRRIG_REPROD00002.asd;B1;CD202;NIRRIG;D02M;manha;D02
svm;por_genotipo;CD202;1;teste;84;B2_CD202_IRRIG_REPROD00004.asd;B2;CD202;IRRIG;D02M;manha;D02
svm;por_genotipo;CD202;1;teste;94;B2_CD202_NIRRIG_REPROD00006.asd;B2;CD202;NIRRIG;D02M;manha;D02
svm;por_genotipo;CD202;1;teste;98;B3_CD202_IRRIG_REPROD00002.asd;B3;CD202;IRRIG;D02M;manha;D02
svm;por_genotipo;CD202;1;teste;106;B3_CD202_NIRRIG_REPROD00002.asd;B3;CD202;NIRRIG;D02M;manha;D02
svm;por_genotipo;CD202;1;teste;110;B3_CD202_NIRRIG_REPROD00006.asd;B3;CD202;NIRRIG;D02M;manha;D02
svm;por_genotipo;CD202;1;teste;112;B4_CD202_IRRIG_REPROD00000.asd;B4;CD202;IRRIG;D02M;manha;D02
svm;por_genotipo;CD202;1;teste;126;B4_CD202_NIRRIG_REPROD00006.asd;B4;CD202;NIRRIG;D02M;manha;D02
svm;por_genotipo;CD202;1;teste;127;B4_CD202_NIRRIG_REPROD00007.asd;B4;CD202;NIRRIG;D02M;manha;D02
svm;por_genotipo;CD202;1;teste;261;B1_CD202_IRRIG_REPROD00005.asd;B1;CD202;IRRIG;D03M;manha;D03
svm;por_genotipo;CD202;1;teste;262;B1_CD202_IRRIG_REPROD00006.asd;B1;CD202;IRRIG;D03M;manha;D03
svm;por_genotipo;CD202;1;teste;263;B1_CD202_IRRIG_REPROD00007.asd;B1;CD202;IRRIG;D03M;manha;D03
svm;por_genotipo;CD202;1;teste;264;B1_CD202_NIRRIG_REPROD00000.asd;B1;CD202;NIRRIG;D03M;manha;D03
svm;por_genotipo;CD202;1;teste;266;B1_CD202_NIRRIG_REPROD00002.asd;B1;CD202;NIRRIG;D03M;manha;D03
svm;por_genotipo;CD202;1;teste;276;B2_CD202_IRRIG_REPROD00004.asd;B2;CD202;IRRIG;D03M;manha;D03
svm;por_genotipo;CD202;1;teste;286;B2_CD202_NIRRIG_REPROD00006.asd;B2;CD202;NIRRIG;D03M;manha;D03
svm;por_genotipo;CD202;1;teste;290;B3_CD202_IRRIG_REPROD00002.asd;B3;CD202;IRRIG;D03M;manha;D03
svm;por_genotipo;CD202;1;teste;298;B3_CD202_NIRRIG_REPROD00002.asd;B3;CD202;NIRRIG;D03M;manha;D03
svm;por_genotipo;CD202;1;teste;302;B3_CD202_NIRRIG_REPROD00006.asd;B3;CD202;NIRRIG;D03M;manha;D03
svm;por_genotipo;CD202;1;teste;304;B4_CD202_IRRIG_REPROD00000.asd;B4;CD202;IRRIG;D03M;manha;D03
svm;por_genotipo;CD202;1;teste;318;B4_CD202_NIRRIG_REPROD00006.asd;B4;CD202;NIRRIG;D03M;manha;D03
svm;por_genotipo;CD202;1;teste;319;B4_CD202_NIRRIG_REPROD00007.asd;B4;CD202;NIRRIG;D03M;manha;D03
svm;por_genotipo;CD202;1;teste;453;B1_CD202_IRRIG_REPROD00005.asd;B1;CD202;IRRIG;D04M;manha;D04
svm;por_genotipo;CD202;1;teste;454;B1_CD202_IRRIG_REPROD00006.asd;B1;CD202;IRRIG;D04M;manha;D04
svm;por_genotipo;CD202;1;teste;455;B1_CD202_IRRIG_REPROD00007.asd;B1;CD202;IRRIG;D04M;manha;D04
svm;por_genotipo;CD202;1;teste;456;B1_CD202_NIRRIG_REPROD00000.asd;B1;CD202;NIRRIG;D04M;manha;D04
svm;por_genotipo;CD202;1;teste;458;B1_CD202_NIRRIG_REPROD00002.asd;B1;CD202;NIRRIG;D04M;manha;D04
svm;por_genotipo;CD202;1;teste;468;B2_CD202_IRRIG_REPROD00004.asd;B2;CD202;IRRIG;D04M;manha;D04
svm;por_genotipo;CD202;1;teste;478;B2_CD202_NIRRIG_REPROD00006.asd;B2;CD202;NIRRIG;D04M;manha;D04
svm;por_genotipo;CD202;1;teste;482;B3_CD202_IRRIG_REPROD00002.asd;B3;CD202;IRRIG;D04M;manha;D04
svm;por_genotipo;CD202;1;teste;490;B3_CD202_NIRRIG_REPROD00002.asd;B3;CD202;NIRRIG;D04M;manha;D04
svm;por_genotipo;CD202;1;teste;494;B3_CD202_NIRRIG_REPROD00006.asd;B3;CD202;NIRRIG;D04M;manha;D04
svm;por_genotipo;CD202;1;teste;496;B4_CD202_IRRIG_REPROD00000.asd;B4;CD202;IRRIG;D04M;manha;D04
svm;por_genotipo;CD202;1;teste;510;B4_CD202_NIRRIG_REPROD00006.asd;B4;CD202;NIRRIG;D04M;manha;D04
svm;por_genotipo;CD202;1;teste;511;B4_CD202_NIRRIG_REPROD00007.asd;B4;CD202;NIRRIG;D04M;manha;D04
svm;por_genotipo;CD202;1;teste;645;B1_CD202_IRRIG_REPROD00005.asd;B1;CD202;IRRIG;D05M;manha;D05
svm;por_genotipo;CD202;1;teste;646;B1_CD202_IRRIG_REPROD00006.asd;B1;CD202;IRRIG;D05M;manha;D05
svm;por_genotipo;CD202;1;teste;647;B1_CD202_IRRIG_REPROD00007.asd;B1;CD202;IRRIG;D05M;manha;D05
svm;por_genotipo;CD202;1;teste;648;B1_CD202_NIRRIG_REPROD00000.asd;B1;CD202;NIRRIG;D05M;manha;D05
svm;por_genotipo;CD202;1;teste;650;B1_CD202_NIRRIG_REPROD00002.asd;B1;CD202;NIRRIG;D05M;manha;D05
svm;por_genotipo;CD202;1;teste;660;B2_CD202_IRRIG_REPROD00004.asd;B2;CD202;IRRIG;D05M;manha;D05
svm;por_genotipo;CD202;1;teste;670;B2_CD202_NIRRIG_REPROD00006.asd;B2;CD202;NIRRIG;D05M;manha;D05
svm;por_genotipo;CD202;1;teste;674;B3_CD202_IRRIG_REPROD00002.asd;B3;CD202;IRRIG;D05M;manha;D05
svm;por_genotipo;CD202;1;teste;682;B3_CD202_NIRRIG_REPROD00002.asd;B3;CD202;NIRRIG;D05M;manha;D05
svm;por_genotipo;CD202;1;teste;686;B3_CD202_NIRRIG_REPROD00006.asd;B3;CD202;NIRRIG;D05M;manha;D05
svm;por_genotipo;CD202;1;teste;688;B4_CD202_IRRIG_REPROD00000.asd;B4;CD202;IRRIG;D05M;manha;D05
svm;por_genotipo;CD202;1;teste;702;B4_CD202_NIRRIG_REPROD00006.asd;B4;CD202;NIRRIG;D05M;manha;D05
svm;por_genotipo;CD202;1;teste;703;B4_CD202_NIRRIG_REPROD00007.asd;B4;CD202;NIRRIG;D05M;manha;D05
svm;por_genotipo;CD202;1;teste;837;B1_CD202_IRRIG_REPROD00005.asd;B1;CD202;IRRIG;D06M;manha;D06
svm;por_genotipo;CD202;1;teste;838;B1_CD202_IRRIG_REPROD00006.asd;B1;CD202;IRRIG;D06M;manha;D06
svm;por_genotipo;CD202;1;teste;839;B1_CD202_IRRIG_REPROD00007.asd;B1;CD202;IRRIG;D06M;manha;D06
svm;por_genotipo;CD202;1;teste;840;B1_CD202_NIRRIG_REPROD00000.asd;B1;CD202;NIRRIG;D06M;manha;D06
svm;por_genotipo;CD202;1;teste;842;B1_CD202_NIRRIG_REPROD00002.asd;B1;CD202;NIRRIG;D06M;manha;D06
svm;por_genotipo;CD202;1;teste;852;B2_CD202_IRRIG_REPROD00004.asd;B2;CD202;IRRIG;D06M;manha;D06
svm;por_genotipo;CD202;1;teste;862;B2_CD202_NIRRIG_REPROD00006.asd;B2;CD202;NIRRIG;D06M;manha;D06
svm;por_genotipo;CD202;1;teste;866;B3_CD202_IRRIG_REPROD00002.asd;B3;CD202;IRRIG;D06M;manha;D06
svm;por_genotipo;CD202;1;teste;874;B3_CD202_NIRRIG_REPROD00002.asd;B3;CD202;NIRRIG;D06M;manha;D06
svm;por_genotipo;CD202;1;teste;878;B3_CD202_NIRRIG_REPROD00006.asd;B3;CD202;NIRRIG;D06M;manha;D06
svm;por_genotipo;CD202;1;teste;880;B4_CD202_IRRIG_REPROD00000.asd;B4;CD202;IRRIG;D06M;manha;D06
svm;por_genotipo;CD202;1;teste;894;B4_CD202_NIRRIG_REPROD00006.asd;B4;CD202;NIRRIG;D06M;manha;D06
svm;por_genotipo;CD202;1;teste;895;B4_CD202_NIRRIG_REPROD00007.asd;B4;CD202;NIRRIG;D06M;manha;D06
svm;por_genotipo;CD202;1;teste;1026;B1_CD202_IRR_REP_RECUP00002.asd;B1;CD202;IRRIG;D09M;manha;D09
svm;por_genotipo;CD202;1;teste;1028;B1_CD202_IRR_REP_RECUP00004.asd;B1;CD202;IRRIG;D09M;manha;D09
svm;por_genotipo;CD202;1;teste;1030;B1_CD202_IRR_REP_RECUP00006.asd;B1;CD202;IRRIG;D09M;manha;D09
svm;por_genotipo;CD202;1;teste;1038;B1_CD202_NIRR_REP_RECUP00002.asd;B1;CD202;NIRRIG;D09M;manha;D09
svm;por_genotipo;CD202;1;teste;1044;B2_CD202_IRR_REP_RECUP00000.asd;B2;CD202;IRRIG;D09M;manha;D09
svm;por_genotipo;CD202;1;teste;1056;B2_CD202_NIRR_REP_RECUP00004.asd;B2;CD202;NIRRIG;D09M;manha;D09
svm;por_genotipo;CD202;1;teste;1061;B3_CD202_IRR_REP_RECUP00001.asd;B3;CD202;IRRIG;D09M;manha;D09
svm;por_genotipo;CD202;1;teste;1066;B3_CD202_IRR_REP_RECUP00006.asd;B3;CD202;IRRIG;D09M;manha;D09
svm;por_genotipo;CD202;1;teste;1071;B3_CD202_NIRR_REP_RECUP00003.asd;B3;CD202;NIRRIG;D09M;manha;D09
svm;por_genotipo;CD202;1;teste;1077;B4_CD202_IRR_REP_RECUP00001.asd;B4;CD202;IRRIG;D09M;manha;D09
svm;por_genotipo;CD202;1;teste;1082;B4_CD202_IRR_REP_RECUP00006.asd;B4;CD202;IRRIG;D09M;manha;D09
svm;por_genotipo;CD202;1;teste;1085;B4_CD202_NIRR_REP_RECUP00001.asd;B4;CD202;NIRRIG;D09M;manha;D09
svm;por_genotipo;CD202;1;teste;1174;B1_CD202_IRR_REP_RECUP00002.asd;B1;CD202;IRRIG;D10M;manha;D10
svm;por_genotipo;CD202;1;teste;1176;B1_CD202_IRR_REP_RECUP00004.asd;B1;CD202;IRRIG;D10M;manha;D10
svm;por_genotipo;CD202;1;teste;1178;B1_CD202_IRR_REP_RECUP00006.asd;B1;CD202;IRRIG;D10M;manha;D10
svm;por_genotipo;CD202;1;teste;1182;B1_CD202_NIRR_REP_RECUP00002.asd;B1;CD202;NIRRIG;D10M;manha;D10
svm;por_genotipo;CD202;1;teste;1220;B2_CD202_IRR_REP_RECUP00000.asd;B2;CD202;IRRIG;D10M;manha;D10
svm;por_genotipo;CD202;1;teste;1229;B2_CD202_NIRR_REP_RECUP00009.asd;B2;CD202;NIRRIG;D10M;manha;D10
svm;por_genotipo;CD202;1;teste;1232;B2_CD202_NIRR_REP_RECUP00012.asd;B2;CD202;NIRRIG;D10M;manha;D10
svm;por_genotipo;CD202;1;teste;1234;B2_CD202_NIRR_REP_RECUP00014.asd;B2;CD202;NIRRIG;D10M;manha;D10
svm;por_genotipo;CD202;1;teste;1269;B3_CD202_IRR_REP_RECUP00001.asd;B3;CD202;IRRIG;D10M;manha;D10
svm;por_genotipo;CD202;1;teste;1274;B3_CD202_IRR_REP_RECUP00006.asd;B3;CD202;IRRIG;D10M;manha;D10
svm;por_genotipo;CD202;1;teste;1279;B3_CD202_NIRR_REP_RECUP00003.asd;B3;CD202;NIRRIG;D10M;manha;D10
svm;por_genotipo;CD202;1;teste;1317;B4_CD202_IRR_REP_RECUP00001.asd;B4;CD202;IRRIG;D10M;manha;D10
svm;por_genotipo;CD202;1;teste;1322;B4_CD202_IRR_REP_RECUP00006.asd;B4;CD202;IRRIG;D10M;manha;D10
svm;por_genotipo;CD202;1;teste;1325;B4_CD202_NIRR_REP_RECUP00001.asd;B4;CD202;NIRRIG;D10M;manha;D10
svm;por_genotipo;CD202;2;treino;64;B1_CD202_IRRIG_REPROD00000.asd;B1;CD202;IRRIG;D02M;manha;D02
svm;por_genotipo;CD202;2;treino;66;B1_CD202_IRRIG_REPROD00002.asd;B1;CD202;IRRIG;D02M;manha;D02
svm;por_genotipo;CD202;2;treino;67;B1_CD202_IRRIG_REPROD00003.asd;B1;CD202;IRRIG;D02M;manha;D02
svm;por_genotipo;CD202;2;treino;68;B1_CD202_IRRIG_REPROD00004.asd;B1;CD202;IRRIG;D02M;manha;D02
svm;por_genotipo;CD202;2;treino;69;B1_CD202_IRRIG_REPROD00005.asd;B1;CD202;IRRIG;D02M;manha;D02
svm;por_genotipo;CD202;2;treino;70;B1_CD202_IRRIG_REPROD00006.asd;B1;CD202;IRRIG;D02M;manha;D02
svm;por_genotipo;CD202;2;treino;71;B1_CD202_IRRIG_REPROD00007.asd;B1;CD202;IRRIG;D02M;manha;D02
svm;por_genotipo;CD202;2;treino;72;B1_CD202_NIRRIG_REPROD00000.asd;B1;CD202;NIRRIG;D02M;manha;D02
svm;por_genotipo;CD202;2;treino;73;B1_CD202_NIRRIG_REPROD00001.asd;B1;CD202;NIRRIG;D02M;manha;D02
svm;por_genotipo;CD202;2;treino;74;B1_CD202_NIRRIG_REPROD00002.asd;B1;CD202;NIRRIG;D02M;manha;D02
svm;por_genotipo;CD202;2;treino;76;B1_CD202_NIRRIG_REPROD00004.asd;B1;CD202;NIRRIG;D02M;manha;D02
svm;por_genotipo;CD202;2;treino;78;B1_CD202_NIRRIG_REPROD00006.asd;B1;CD202;NIRRIG;D02M;manha;D02
svm;por_genotipo;CD202;2;treino;82;B2_CD202_IRRIG_REPROD00002.asd;B2;CD202;IRRIG;D02M;manha;D02
svm;por_genotipo;CD202;2;treino;83;B2_CD202_IRRIG_REPROD00003.asd;B2;CD202;IRRIG;D02M;manha;D02
svm;por_genotipo;CD202;2;treino;84;B2_CD202_IRRIG_REPROD00004.asd;B2;CD202;IRRIG;D02M;manha;D02
svm;por_genotipo;CD202;2;treino;85;B2_CD202_IRRIG_REPROD00005.asd;B2;CD202;IRRIG;D02M;manha;D02
svm;por_genotipo;CD202;2;treino;88;B2_CD202_NIRRIG_REPROD00000.asd;B2;CD202;NIRRIG;D02M;manha;D02
svm;por_genotipo;CD202;2;treino;89;B2_CD202_NIRRIG_REPROD00001.asd;B2;CD202;NIRRIG;D02M;manha;D02
svm;por_genotipo;CD202;2;treino;90;B2_CD202_NIRRIG_REPROD00002.asd;B2;CD202;NIRRIG;D02M;manha;D02
svm;por_genotipo;CD202;2;treino;91;B2_CD202_NIRRIG_REPROD00003.asd;B2;CD202;NIRRIG;D02M;manha;D02
svm;por_genotipo;CD202;2;treino;92;B2_CD202_NIRRIG_REPROD00004.asd;B2;CD202;NIRRIG;D02M;manha;D02
svm;por_genotipo;CD202;2;treino;93;B2_CD202_NIRRIG_REPROD00005.asd;B2;CD202;NIRRIG;D02M;manha;D02
svm;por_genotipo;CD202;2;treino;94;B2_CD202_NIRRIG_REPROD00006.asd;B2;CD202;NIRRIG;D02M;manha;D02
svm;por_genotipo;CD202;2;treino;95;B2_CD202_NIRRIG_REPROD00007.asd;B2;CD202;NIRRIG;D02M;manha;D02
svm;por_genotipo;CD202;2;treino;97;B3_CD202_IRRIG_REPROD00001.asd;B3;CD202;IRRIG;D02M;manha;D02
svm;por_genotipo;CD202;2;treino;98;B3_CD202_IRRIG_REPROD00002.asd;B3;CD202;IRRIG;D02M;manha;D02
svm;por_genotipo;CD202;2;treino;99;B3_CD202_IRRIG_REPROD00003.asd;B3;CD202;IRRIG;D02M;manha;D02
svm;por_genotipo;CD202;2;treino;100;B3_CD202_IRRIG_REPROD00004.asd;B3;CD202;IRRIG;D02M;manha;D02
svm;por_genotipo;CD202;2;treino;101;B3_CD202_IRRIG_REPROD00005.asd;B3;CD202;IRRIG;D02M;manha;D02
svm;por_genotipo;CD202;2;treino;103;B3_CD202_IRRIG_REPROD00007.asd;B3;CD202;IRRIG;D02M;manha;D02
svm;por_genotipo;CD202;2;treino;104;B3_CD202_NIRRIG_REPROD00000.asd;B3;CD202;NIRRIG;D02M;manha;D02
svm;por_genotipo;CD202;2;treino;106;B3_CD202_NIRRIG_REPROD00002.asd;B3;CD202;NIRRIG;D02M;manha;D02
svm;por_genotipo;CD202;2;treino;108;B3_CD202_NIRRIG_REPROD00004.asd;B3;CD202;NIRRIG;D02M;manha;D02
svm;por_genotipo;CD202;2;treino;109;B3_CD202_NIRRIG_REPROD00005.asd;B3;CD202;NIRRIG;D02M;manha;D02
svm;por_genotipo;CD202;2;treino;110;B3_CD202_NIRRIG_REPROD00006.asd;B3;CD202;NIRRIG;D02M;manha;D02
svm;por_genotipo;CD202;2;treino;111;B3_CD202_NIRRIG_REPROD00007.asd;B3;CD202;NIRRIG;D02M;manha;D02
svm;por_genotipo;CD202;2;treino;112;B4_CD202_IRRIG_REPROD00000.asd;B4;CD202;IRRIG;D02M;manha;D02
svm;por_genotipo;CD202;2;treino;113;B4_CD202_IRRIG_REPROD00001.asd;B4;CD202;IRRIG;D02M;manha;D02
svm;por_genotipo;CD202;2;treino;114;B4_CD202_IRRIG_REPROD00002.asd;B4;CD202;IRRIG;D02M;manha;D02
svm;por_genotipo;CD202;2;treino;115;B4_CD202_IRRIG_REPROD00003.asd;B4;CD202;IRRIG;D02M;manha;D02
svm;por_genotipo;CD202;2;treino;116;B4_CD202_IRRIG_REPROD00004.asd;B4;CD202;IRRIG;D02M;manha;D02
svm;por_genotipo;CD202;2;treino;117;B4_CD202_IRRIG_REPROD00005.asd;B4;CD202;IRRIG;D02M;manha;D02
svm;por_genotipo;CD202;2;treino;118;B4_CD202_IRRIG_REPROD00006.asd;B4;CD202;IRRIG;D02M;manha;D02
svm;por_genotipo;CD202;2;treino;119;B4_CD202_IRRIG_REPROD00007.asd;B4;CD202;IRRIG;D02M;manha;D02
svm;por_genotipo;CD202;2;treino;120;B4_CD202_NIRRIG_REPROD00000.asd;B4;CD202;NIRRIG;D02M;manha;D02
svm;por_genotipo;CD202;2;treino;121;B4_CD202_NIRRIG_REPROD00001.asd;B4;CD202;NIRRIG;D02M;manha;D02
svm;por_genotipo;CD202;2;treino;122;B4_CD202_NIRRIG_REPROD00002.asd;B4;CD202;NIRRIG;D02M;manha;D02
svm;por_genotipo;CD202;2;treino;123;B4_CD202_NIRRIG_REPROD00003.asd;B4;CD202;NIRRIG;D02M;manha;D02
svm;por_genotipo;CD202;2;treino;125;B4_CD202_NIRRIG_REPROD00005.asd;B4;CD202;NIRRIG;D02M;manha;D02
svm;por_genotipo;CD202;2;treino;126;B4_CD202_NIRRIG_REPROD00006.asd;B4;CD202;NIRRIG;D02M;manha;D02
svm;por_genotipo;CD202;2;treino;127;B4_CD202_NIRRIG_REPROD00007.asd;B4;CD202;NIRRIG;D02M;manha;D02
svm;por_genotipo;CD202;2;treino;256;B1_CD202_IRRIG_REPROD00000.asd;B1;CD202;IRRIG;D03M;manha;D03
svm;por_genotipo;CD202;2;treino;258;B1_CD202_IRRIG_REPROD00002.asd;B1;CD202;IRRIG;D03M;manha;D03
svm;por_genotipo;CD202;2;treino;259;B1_CD202_IRRIG_REPROD00003.asd;B1;CD202;IRRIG;D03M;manha;D03
svm;por_genotipo;CD202;2;treino;260;B1_CD202_IRRIG_REPROD00004.asd;B1;CD202;IRRIG;D03M;manha;D03
svm;por_genotipo;CD202;2;treino;261;B1_CD202_IRRIG_REPROD00005.asd;B1;CD202;IRRIG;D03M;manha;D03
svm;por_genotipo;CD202;2;treino;262;B1_CD202_IRRIG_REPROD00006.asd;B1;CD202;IRRIG;D03M;manha;D03
svm;por_genotipo;CD202;2;treino;263;B1_CD202_IRRIG_REPROD00007.asd;B1;CD202;IRRIG;D03M;manha;D03
svm;por_genotipo;CD202;2;treino;264;B1_CD202_NIRRIG_REPROD00000.asd;B1;CD202;NIRRIG;D03M;manha;D03
svm;por_genotipo;CD202;2;treino;265;B1_CD202_NIRRIG_REPROD00001.asd;B1;CD202;NIRRIG;D03M;manha;D03
svm;por_genotipo;CD202;2;treino;266;B1_CD202_NIRRIG_REPROD00002.asd;B1;CD202;NIRRIG;D03M;manha;D03
svm;por_genotipo;CD202;2;treino;268;B1_CD202_NIRRIG_REPROD00004.asd;B1;CD202;NIRRIG;D03M;manha;D03
svm;por_genotipo;CD202;2;treino;270;B1_CD202_NIRRIG_REPROD00006.asd;B1;CD202;NIRRIG;D03M;manha;D03
svm;por_genotipo;CD202;2;treino;274;B2_CD202_IRRIG_REPROD00002.asd;B2;CD202;IRRIG;D03M;manha;D03
svm;por_genotipo;CD202;2;treino;275;B2_CD202_IRRIG_REPROD00003.asd;B2;CD202;IRRIG;D03M;manha;D03
svm;por_genotipo;CD202;2;treino;276;B2_CD202_IRRIG_REPROD00004.asd;B2;CD202;IRRIG;D03M;manha;D03
svm;por_genotipo;CD202;2;treino;277;B2_CD202_IRRIG_REPROD00005.asd;B2;CD202;IRRIG;D03M;manha;D03
svm;por_genotipo;CD202;2;treino;280;B2_CD202_NIRRIG_REPROD00000.asd;B2;CD202;NIRRIG;D03M;manha;D03
svm;por_genotipo;CD202;2;treino;281;B2_CD202_NIRRIG_REPROD00001.asd;B2;CD202;NIRRIG;D03M;manha;D03
svm;por_genotipo;CD202;2;treino;282;B2_CD202_NIRRIG_REPROD00002.asd;B2;CD202;NIRRIG;D03M;manha;D03
svm;por_genotipo;CD202;2;treino;283;B2_CD202_NIRRIG_REPROD00003.asd;B2;CD202;NIRRIG;D03M;manha;D03
svm;por_genotipo;CD202;2;treino;284;B2_CD202_NIRRIG_REPROD00004.asd;B2;CD202;NIRRIG;D03M;manha;D03
svm;por_genotipo;CD202;2;treino;285;B2_CD202_NIRRIG_REPROD00005.asd;B2;CD202;NIRRIG;D03M;manha;D03
svm;por_genotipo;CD202;2;treino;286;B2_CD202_NIRRIG_REPROD00006.asd;B2;CD202;NIRRIG;D03M;manha;D03
svm;por_genotipo;CD202;2;treino;287;B2_CD202_NIRRIG_REPROD00007.asd;B2;CD202;NIRRIG;D03M;manha;D03
svm;por_genotipo;CD202;2;treino;289;B3_CD202_IRRIG_REPROD00001.asd;B3;CD202;IRRIG;D03M;manha;D03
svm;por_genotipo;CD202;2;treino;290;B3_CD202_IRRIG_REPROD00002.asd;B3;CD202;IRRIG;D03M;manha;D03
svm;por_genotipo;CD202;2;treino;291;B3_CD202_IRRIG_REPROD00003.asd;B3;CD202;IRRIG;D03M;manha;D03
svm;por_genotipo;CD202;2;treino;292;B3_CD202_IRRIG_REPROD00004.asd;B3;CD202;IRRIG;D03M;manha;D03
svm;por_genotipo;CD202;2;treino;293;B3_CD202_IRRIG_REPROD00005.asd;B3;CD202;IRRIG;D03M;manha;D03
svm;por_genotipo;CD202;2;treino;295;B3_CD202_IRRIG_REPROD00007.asd;B3;CD202;IRRIG;D03M;manha;D03
svm;por_genotipo;CD202;2;treino;296;B3_CD202_NIRRIG_REPROD00000.asd;B3;CD202;NIRRIG;D03M;manha;D03
svm;por_genotipo;CD202;2;treino;298;B3_CD202_NIRRIG_REPROD00002.asd;B3;CD202;NIRRIG;D03M;manha;D03
svm;por_genotipo;CD202;2;treino;300;B3_CD202_NIRRIG_REPROD00004.asd;B3;CD202;NIRRIG;D03M;manha;D03
svm;por_genotipo;CD202;2;treino;301;B3_CD202_NIRRIG_REPROD00005.asd;B3;CD202;NIRRIG;D03M;manha;D03
svm;por_genotipo;CD202;2;treino;302;B3_CD202_NIRRIG_REPROD00006.asd;B3;CD202;NIRRIG;D03M;manha;D03
svm;por_genotipo;CD202;2;treino;303;B3_CD202_NIRRIG_REPROD00007.asd;B3;CD202;NIRRIG;D03M;manha;D03
svm;por_genotipo;CD202;2;treino;304;B4_CD202_IRRIG_REPROD00000.asd;B4;CD202;IRRIG;D03M;manha;D03
svm;por_genotipo;CD202;2;treino;305;B4_CD202_IRRIG_REPROD00001.asd;B4;CD202;IRRIG;D03M;manha;D03
svm;por_genotipo;CD202;2;treino;306;B4_CD202_IRRIG_REPROD00002.asd;B4;CD202;IRRIG;D03M;manha;D03
svm;por_genotipo;CD202;2;treino;307;B4_CD202_IRRIG_REPROD00003.asd;B4;CD202;IRRIG;D03M;manha;D03
svm;por_genotipo;CD202;2;treino;308;B4_CD202_IRRIG_REPROD00004.asd;B4;CD202;IRRIG;D03M;manha;D03
svm;por_genotipo;CD202;2;treino;309;B4_CD202_IRRIG_REPROD00005.asd;B4;CD202;IRRIG;D03M;manha;D03
svm;por_genotipo;CD202;2;treino;310;B4_CD202_IRRIG_REPROD00006.asd;B4;CD202;IRRIG;D03M;manha;D03
svm;por_genotipo;CD202;2;treino;311;B4_CD202_IRRIG_REPROD00007.asd;B4;CD202;IRRIG;D03M;manha;D03
svm;por_genotipo;CD202;2;treino;312;B4_CD202_NIRRIG_REPROD00000.asd;B4;CD202;NIRRIG;D03M;manha;D03
svm;por_genotipo;CD202;2;treino;313;B4_CD202_NIRRIG_REPROD00001.asd;B4;CD202;NIRRIG;D03M;manha;D03
svm;por_genotipo;CD202;2;treino;314;B4_CD202_NIRRIG_REPROD00002.asd;B4;CD202;NIRRIG;D03M;manha;D03
svm;por_genotipo;CD202;2;treino;315;B4_CD202_NIRRIG_REPROD00003.asd;B4;CD202;NIRRIG;D03M;manha;D03
svm;por_genotipo;CD202;2;treino;317;B4_CD202_NIRRIG_REPROD00005.asd;B4;CD202;NIRRIG;D03M;manha;D03
svm;por_genotipo;CD202;2;treino;318;B4_CD202_NIRRIG_REPROD00006.asd;B4;CD202;NIRRIG;D03M;manha;D03
svm;por_genotipo;CD202;2;treino;319;B4_CD202_NIRRIG_REPROD00007.asd;B4;CD202;NIRRIG;D03M;manha;D03
svm;por_genotipo;CD202;2;treino;448;B1_CD202_IRRIG_REPROD00000.asd;B1;CD202;IRRIG;D04M;manha;D04
svm;por_genotipo;CD202;2;treino;450;B1_CD202_IRRIG_REPROD00002.asd;B1;CD202;IRRIG;D04M;manha;D04
svm;por_genotipo;CD202;2;treino;451;B1_CD202_IRRIG_REPROD00003.asd;B1;CD202;IRRIG;D04M;manha;D04
svm;por_genotipo;CD202;2;treino;452;B1_CD202_IRRIG_REPROD00004.asd;B1;CD202;IRRIG;D04M;manha;D04
svm;por_genotipo;CD202;2;treino;453;B1_CD202_IRRIG_REPROD00005.asd;B1;CD202;IRRIG;D04M;manha;D04
svm;por_genotipo;CD202;2;treino;454;B1_CD202_IRRIG_REPROD00006.asd;B1;CD202;IRRIG;D04M;manha;D04
svm;por_genotipo;CD202;2;treino;455;B1_CD202_IRRIG_REPROD00007.asd;B1;CD202;IRRIG;D04M;manha;D04
svm;por_genotipo;CD202;2;treino;456;B1_CD202_NIRRIG_REPROD00000.asd;B1;CD202;NIRRIG;D04M;manha;D04
svm;por_genotipo;CD202;2;treino;457;B1_CD202_NIRRIG_REPROD00001.asd;B1;CD202;NIRRIG;D04M;manha;D04
svm;por_genotipo;CD202;2;treino;458;B1_CD202_NIRRIG_REPROD00002.asd;B1;CD202;NIRRIG;D04M;manha;D04
svm;por_genotipo;CD202;2;treino;460;B1_CD202_NIRRIG_REPROD00004.asd;B1;CD202;NIRRIG;D04M;manha;D04
svm;por_genotipo;CD202;2;treino;462;B1_CD202_NIRRIG_REPROD00006.asd;B1;CD202;NIRRIG;D04M;manha;D04
svm;por_genotipo;CD202;2;treino;466;B2_CD202_IRRIG_REPROD00002.asd;B2;CD202;IRRIG;D04M;manha;D04
svm;por_genotipo;CD202;2;treino;467;B2_CD202_IRRIG_REPROD00003.asd;B2;CD202;IRRIG;D04M;manha;D04
svm;por_genotipo;CD202;2;treino;468;B2_CD202_IRRIG_REPROD00004.asd;B2;CD202;IRRIG;D04M;manha;D04
svm;por_genotipo;CD202;2;treino;469;B2_CD202_IRRIG_REPROD00005.asd;B2;CD202;IRRIG;D04M;manha;D04
svm;por_genotipo;CD202;2;treino;472;B2_CD202_NIRRIG_REPROD00000.asd;B2;CD202;NIRRIG;D04M;manha;D04
svm;por_genotipo;CD202;2;treino;473;B2_CD202_NIRRIG_REPROD00001.asd;B2;CD202;NIRRIG;D04M;manha;D04
svm;por_genotipo;CD202;2;treino;474;B2_CD202_NIRRIG_REPROD00002.asd;B2;CD202;NIRRIG;D04M;manha;D04
svm;por_genotipo;CD202;2;treino;475;B2_CD202_NIRRIG_REPROD00003.asd;B2;CD202;NIRRIG;D04M;manha;D04
svm;por_genotipo;CD202;2;treino;476;B2_CD202_NIRRIG_REPROD00004.asd;B2;CD202;NIRRIG;D04M;manha;D04
svm;por_genotipo;CD202;2;treino;477;B2_CD202_NIRRIG_REPROD00005.asd;B2;CD202;NIRRIG;D04M;manha;D04
svm;por_genotipo;CD202;2;treino;478;B2_CD202_NIRRIG_REPROD00006.asd;B2;CD202;NIRRIG;D04M;manha;D04
svm;por_genotipo;CD202;2;treino;479;B2_CD202_NIRRIG_REPROD00007.asd;B2;CD202;NIRRIG;D04M;manha;D04
svm;por_genotipo;CD202;2;treino;481;B3_CD202_IRRIG_REPROD00001.asd;B3;CD202;IRRIG;D04M;manha;D04
svm;por_genotipo;CD202;2;treino;482;B3_CD202_IRRIG_REPROD00002.asd;B3;CD202;IRRIG;D04M;manha;D04
svm;por_genotipo;CD202;2;treino;483;B3_CD202_IRRIG_REPROD00003.asd;B3;CD202;IRRIG;D04M;manha;D04
svm;por_genotipo;CD202;2;treino;484;B3_CD202_IRRIG_REPROD00004.asd;B3;CD202;IRRIG;D04M;manha;D04
svm;por_genotipo;CD202;2;treino;485;B3_CD202_IRRIG_REPROD00005.asd;B3;CD202;IRRIG;D04M;manha;D04
svm;por_genotipo;CD202;2;treino;487;B3_CD202_IRRIG_REPROD00007.asd;B3;CD202;IRRIG;D04M;manha;D04
svm;por_genotipo;CD202;2;treino;488;B3_CD202_NIRRIG_REPROD00000.asd;B3;CD202;NIRRIG;D04M;manha;D04
svm;por_genotipo;CD202;2;treino;490;B3_CD202_NIRRIG_REPROD00002.asd;B3;CD202;NIRRIG;D04M;manha;D04
svm;por_genotipo;CD202;2;treino;492;B3_CD202_NIRRIG_REPROD00004.asd;B3;CD202;NIRRIG;D04M;manha;D04
svm;por_genotipo;CD202;2;treino;493;B3_CD202_NIRRIG_REPROD00005.asd;B3;CD202;NIRRIG;D04M;manha;D04
svm;por_genotipo;CD202;2;treino;494;B3_CD202_NIRRIG_REPROD00006.asd;B3;CD202;NIRRIG;D04M;manha;D04
svm;por_genotipo;CD202;2;treino;495;B3_CD202_NIRRIG_REPROD00007.asd;B3;CD202;NIRRIG;D04M;manha;D04
svm;por_genotipo;CD202;2;treino;496;B4_CD202_IRRIG_REPROD00000.asd;B4;CD202;IRRIG;D04M;manha;D04
svm;por_genotipo;CD202;2;treino;497;B4_CD202_IRRIG_REPROD00001.asd;B4;CD202;IRRIG;D04M;manha;D04
svm;por_genotipo;CD202;2;treino;498;B4_CD202_IRRIG_REPROD00002.asd;B4;CD202;IRRIG;D04M;manha;D04
svm;por_genotipo;CD202;2;treino;499;B4_CD202_IRRIG_REPROD00003.asd;B4;CD202;IRRIG;D04M;manha;D04
svm;por_genotipo;CD202;2;treino;500;B4_CD202_IRRIG_REPROD00004.asd;B4;CD202;IRRIG;D04M;manha;D04
svm;por_genotipo;CD202;2;treino;501;B4_CD202_IRRIG_REPROD00005.asd;B4;CD202;IRRIG;D04M;manha;D04
svm;por_genotipo;CD202;2;treino;502;B4_CD202_IRRIG_REPROD00006.asd;B4;CD202;IRRIG;D04M;manha;D04
svm;por_genotipo;CD202;2;treino;503;B4_CD202_IRRIG_REPROD00007.asd;B4;CD202;IRRIG;D04M;manha;D04
svm;por_genotipo;CD202;2;treino;504;B4_CD202_NIRRIG_REPROD00000.asd;B4;CD202;NIRRIG;D04M;manha;D04
svm;por_genotipo;CD202;2;treino;505;B4_CD202_NIRRIG_REPROD00001.asd;B4;CD202;NIRRIG;D04M;manha;D04
svm;por_genotipo;CD202;2;treino;506;B4_CD202_NIRRIG_REPROD00002.asd;B4;CD202;NIRRIG;D04M;manha;D04
svm;por_genotipo;CD202;2;treino;507;B4_CD202_NIRRIG_REPROD00003.asd;B4;CD202;NIRRIG;D04M;manha;D04
svm;por_genotipo;CD202;2;treino;509;B4_CD202_NIRRIG_REPROD00005.asd;B4;CD202;NIRRIG;D04M;manha;D04
svm;por_genotipo;CD202;2;treino;510;B4_CD202_NIRRIG_REPROD00006.asd;B4;CD202;NIRRIG;D04M;manha;D04
svm;por_genotipo;CD202;2;treino;511;B4_CD202_NIRRIG_REPROD00007.asd;B4;CD202;NIRRIG;D04M;manha;D04
svm;por_genotipo;CD202;2;treino;640;B1_CD202_IRRIG_REPROD00000.asd;B1;CD202;IRRIG;D05M;manha;D05
svm;por_genotipo;CD202;2;treino;642;B1_CD202_IRRIG_REPROD00002.asd;B1;CD202;IRRIG;D05M;manha;D05
svm;por_genotipo;CD202;2;treino;643;B1_CD202_IRRIG_REPROD00003.asd;B1;CD202;IRRIG;D05M;manha;D05
svm;por_genotipo;CD202;2;treino;644;B1_CD202_IRRIG_REPROD00004.asd;B1;CD202;IRRIG;D05M;manha;D05
svm;por_genotipo;CD202;2;treino;645;B1_CD202_IRRIG_REPROD00005.asd;B1;CD202;IRRIG;D05M;manha;D05
svm;por_genotipo;CD202;2;treino;646;B1_CD202_IRRIG_REPROD00006.asd;B1;CD202;IRRIG;D05M;manha;D05
svm;por_genotipo;CD202;2;treino;647;B1_CD202_IRRIG_REPROD00007.asd;B1;CD202;IRRIG;D05M;manha;D05
svm;por_genotipo;CD202;2;treino;648;B1_CD202_NIRRIG_REPROD00000.asd;B1;CD202;NIRRIG;D05M;manha;D05
svm;por_genotipo;CD202;2;treino;649;B1_CD202_NIRRIG_REPROD00001.asd;B1;CD202;NIRRIG;D05M;manha;D05
svm;por_genotipo;CD202;2;treino;650;B1_CD202_NIRRIG_REPROD00002.asd;B1;CD202;NIRRIG;D05M;manha;D05
svm;por_genotipo;CD202;2;treino;652;B1_CD202_NIRRIG_REPROD00004.asd;B1;CD202;NIRRIG;D05M;manha;D05
svm;por_genotipo;CD202;2;treino;654;B1_CD202_NIRRIG_REPROD00006.asd;B1;CD202;NIRRIG;D05M;manha;D05
svm;por_genotipo;CD202;2;treino;658;B2_CD202_IRRIG_REPROD00002.asd;B2;CD202;IRRIG;D05M;manha;D05
svm;por_genotipo;CD202;2;treino;659;B2_CD202_IRRIG_REPROD00003.asd;B2;CD202;IRRIG;D05M;manha;D05
svm;por_genotipo;CD202;2;treino;660;B2_CD202_IRRIG_REPROD00004.asd;B2;CD202;IRRIG;D05M;manha;D05
svm;por_genotipo;CD202;2;treino;661;B2_CD202_IRRIG_REPROD00005.asd;B2;CD202;IRRIG;D05M;manha;D05
svm;por_genotipo;CD202;2;treino;664;B2_CD202_NIRRIG_REPROD00000.asd;B2;CD202;NIRRIG;D05M;manha;D05
svm;por_genotipo;CD202;2;treino;665;B2_CD202_NIRRIG_REPROD00001.asd;B2;CD202;NIRRIG;D05M;manha;D05
svm;por_genotipo;CD202;2;treino;666;B2_CD202_NIRRIG_REPROD00002.asd;B2;CD202;NIRRIG;D05M;manha;D05
svm;por_genotipo;CD202;2;treino;667;B2_CD202_NIRRIG_REPROD00003.asd;B2;CD202;NIRRIG;D05M;manha;D05
svm;por_genotipo;CD202;2;treino;668;B2_CD202_NIRRIG_REPROD00004.asd;B2;CD202;NIRRIG;D05M;manha;D05
svm;por_genotipo;CD202;2;treino;669;B2_CD202_NIRRIG_REPROD00005.asd;B2;CD202;NIRRIG;D05M;manha;D05
svm;por_genotipo;CD202;2;treino;670;B2_CD202_NIRRIG_REPROD00006.asd;B2;CD202;NIRRIG;D05M;manha;D05
svm;por_genotipo;CD202;2;treino;671;B2_CD202_NIRRIG_REPROD00007.asd;B2;CD202;NIRRIG;D05M;manha;D05
svm;por_genotipo;CD202;2;treino;673;B3_CD202_IRRIG_REPROD00001.asd;B3;CD202;IRRIG;D05M;manha;D05
svm;por_genotipo;CD202;2;treino;674;B3_CD202_IRRIG_REPROD00002.asd;B3;CD202;IRRIG;D05M;manha;D05
svm;por_genotipo;CD202;2;treino;675;B3_CD202_IRRIG_REPROD00003.asd;B3;CD202;IRRIG;D05M;manha;D05
svm;por_genotipo;CD202;2;treino;676;B3_CD202_IRRIG_REPROD00004.asd;B3;CD202;IRRIG;D05M;manha;D05
svm;por_genotipo;CD202;2;treino;677;B3_CD202_IRRIG_REPROD00005.asd;B3;CD202;IRRIG;D05M;manha;D05
svm;por_genotipo;CD202;2;treino;679;B3_CD202_IRRIG_REPROD00007.asd;B3;CD202;IRRIG;D05M;manha;D05
svm;por_genotipo;CD202;2;treino;680;B3_CD202_NIRRIG_REPROD00000.asd;B3;CD202;NIRRIG;D05M;manha;D05
svm;por_genotipo;CD202;2;treino;682;B3_CD202_NIRRIG_REPROD00002.asd;B3;CD202;NIRRIG;D05M;manha;D05
svm;por_genotipo;CD202;2;treino;684;B3_CD202_NIRRIG_REPROD00004.asd;B3;CD202;NIRRIG;D05M;manha;D05
svm;por_genotipo;CD202;2;treino;685;B3_CD202_NIRRIG_REPROD00005.asd;B3;CD202;NIRRIG;D05M;manha;D05
svm;por_genotipo;CD202;2;treino;686;B3_CD202_NIRRIG_REPROD00006.asd;B3;CD202;NIRRIG;D05M;manha;D05
svm;por_genotipo;CD202;2;treino;687;B3_CD202_NIRRIG_REPROD00007.asd;B3;CD202;NIRRIG;D05M;manha;D05
svm;por_genotipo;CD202;2;treino;688;B4_CD202_IRRIG_REPROD00000.asd;B4;CD202;IRRIG;D05M;manha;D05
svm;por_genotipo;CD202;2;treino;689;B4_CD202_IRRIG_REPROD00001.asd;B4;CD202;IRRIG;D05M;manha;D05
svm;por_genotipo;CD202;2;treino;690;B4_CD202_IRRIG_REPROD00002.asd;B4;CD202;IRRIG;D05M;manha;D05
svm;por_genotipo;CD202;2;treino;691;B4_CD202_IRRIG_REPROD00003.asd;B4;CD202;IRRIG;D05M;manha;D05
svm;por_genotipo;CD202;2;treino;692;B4_CD202_IRRIG_REPROD00004.asd;B4;CD202;IRRIG;D05M;manha;D05
svm;por_genotipo;CD202;2;treino;693;B4_CD202_IRRIG_REPROD00005.asd;B4;CD202;IRRIG;D05M;manha;D05
svm;por_genotipo;CD202;2;treino;694;B4_CD202_IRRIG_REPROD00006.asd;B4;CD202;IRRIG;D05M;manha;D05
svm;por_genotipo;CD202;2;treino;695;B4_CD202_IRRIG_REPROD00007.asd;B4;CD202;IRRIG;D05M;manha;D05
svm;por_genotipo;CD202;2;treino;696;B4_CD202_NIRRIG_REPROD00000.asd;B4;CD202;NIRRIG;D05M;manha;D05
svm;por_genotipo;CD202;2;treino;697;B4_CD202_NIRRIG_REPROD00001.asd;B4;CD202;NIRRIG;D05M;manha;D05
svm;por_genotipo;CD202;2;treino;698;B4_CD202_NIRRIG_REPROD00002.asd;B4;CD202;NIRRIG;D05M;manha;D05
svm;por_genotipo;CD202;2;treino;699;B4_CD202_NIRRIG_REPROD00003.asd;B4;CD202;NIRRIG;D05M;manha;D05
svm;por_genotipo;CD202;2;treino;701;B4_CD202_NIRRIG_REPROD00005.asd;B4;CD202;NIRRIG;D05M;manha;D05
svm;por_genotipo;CD202;2;treino;702;B4_CD202_NIRRIG_REPROD00006.asd;B4;CD202;NIRRIG;D05M;manha;D05
svm;por_genotipo;CD202;2;treino;703;B4_CD202_NIRRIG_REPROD00007.asd;B4;CD202;NIRRIG;D05M;manha;D05
svm;por_genotipo;CD202;2;treino;832;B1_CD202_IRRIG_REPROD00000.asd;B1;CD202;IRRIG;D06M;manha;D06
svm;por_genotipo;CD202;2;treino;834;B1_CD202_IRRIG_REPROD00002.asd;B1;CD202;IRRIG;D06M;manha;D06
svm;por_genotipo;CD202;2;treino;835;B1_CD202_IRRIG_REPROD00003.asd;B1;CD202;IRRIG;D06M;manha;D06
svm;por_genotipo;CD202;2;treino;836;B1_CD202_IRRIG_REPROD00004.asd;B1;CD202;IRRIG;D06M;manha;D06
svm;por_genotipo;CD202;2;treino;837;B1_CD202_IRRIG_REPROD00005.asd;B1;CD202;IRRIG;D06M;manha;D06
svm;por_genotipo;CD202;2;treino;838;B1_CD202_IRRIG_REPROD00006.asd;B1;CD202;IRRIG;D06M;manha;D06
svm;por_genotipo;CD202;2;treino;839;B1_CD202_IRRIG_REPROD00007.asd;B1;CD202;IRRIG;D06M;manha;D06
svm;por_genotipo;CD202;2;treino;840;B1_CD202_NIRRIG_REPROD00000.asd;B1;CD202;NIRRIG;D06M;manha;D06
svm;por_genotipo;CD202;2;treino;841;B1_CD202_NIRRIG_REPROD00001.asd;B1;CD202;NIRRIG;D06M;manha;D06
svm;por_genotipo;CD202;2;treino;842;B1_CD202_NIRRIG_REPROD00002.asd;B1;CD202;NIRRIG;D06M;manha;D06
svm;por_genotipo;CD202;2;treino;844;B1_CD202_NIRRIG_REPROD00004.asd;B1;CD202;NIRRIG;D06M;manha;D06
svm;por_genotipo;CD202;2;treino;846;B1_CD202_NIRRIG_REPROD00006.asd;B1;CD202;NIRRIG;D06M;manha;D06
svm;por_genotipo;CD202;2;treino;850;B2_CD202_IRRIG_REPROD00002.asd;B2;CD202;IRRIG;D06M;manha;D06
svm;por_genotipo;CD202;2;treino;851;B2_CD202_IRRIG_REPROD00003.asd;B2;CD202;IRRIG;D06M;manha;D06
svm;por_genotipo;CD202;2;treino;852;B2_CD202_IRRIG_REPROD00004.asd;B2;CD202;IRRIG;D06M;manha;D06
svm;por_genotipo;CD202;2;treino;853;B2_CD202_IRRIG_REPROD00005.asd;B2;CD202;IRRIG;D06M;manha;D06
svm;por_genotipo;CD202;2;treino;856;B2_CD202_NIRRIG_REPROD00000.asd;B2;CD202;NIRRIG;D06M;manha;D06
svm;por_genotipo;CD202;2;treino;857;B2_CD202_NIRRIG_REPROD00001.asd;B2;CD202;NIRRIG;D06M;manha;D06
svm;por_genotipo;CD202;2;treino;858;B2_CD202_NIRRIG_REPROD00002.asd;B2;CD202;NIRRIG;D06M;manha;D06
svm;por_genotipo;CD202;2;treino;859;B2_CD202_NIRRIG_REPROD00003.asd;B2;CD202;NIRRIG;D06M;manha;D06
svm;por_genotipo;CD202;2;treino;860;B2_CD202_NIRRIG_REPROD00004.asd;B2;CD202;NIRRIG;D06M;manha;D06
svm;por_genotipo;CD202;2;treino;861;B2_CD202_NIRRIG_REPROD00005.asd;B2;CD202;NIRRIG;D06M;manha;D06
svm;por_genotipo;CD202;2;treino;862;B2_CD202_NIRRIG_REPROD00006.asd;B2;CD202;NIRRIG;D06M;manha;D06
svm;por_genotipo;CD202;2;treino;863;B2_CD202_NIRRIG_REPROD00007.asd;B2;CD202;NIRRIG;D06M;manha;D06
svm;por_genotipo;CD202;2;treino;865;B3_CD202_IRRIG_REPROD00001.asd;B3;CD202;IRRIG;D06M;manha;D06
svm;por_genotipo;CD202;2;treino;866;B3_CD202_IRRIG_REPROD00002.asd;B3;CD202;IRRIG;D06M;manha;D06
svm;por_genotipo;CD202;2;treino;867;B3_CD202_IRRIG_REPROD00003.asd;B3;CD202;IRRIG;D06M;manha;D06
svm;por_genotipo;CD202;2;treino;868;B3_CD202_IRRIG_REPROD00004.asd;B3;CD202;IRRIG;D06M;manha;D06
svm;por_genotipo;CD202;2;treino;869;B3_CD202_IRRIG_REPROD00005.asd;B3;CD202;IRRIG;D06M;manha;D06
svm;por_genotipo;CD202;2;treino;871;B3_CD202_IRRIG_REPROD00007.asd;B3;CD202;IRRIG;D06M;manha;D06
svm;por_genotipo;CD202;2;treino;872;B3_CD202_NIRRIG_REPROD00000.asd;B3;CD202;NIRRIG;D06M;manha;D06
svm;por_genotipo;CD202;2;treino;874;B3_CD202_NIRRIG_REPROD00002.asd;B3;CD202;NIRRIG;D06M;manha;D06
svm;por_genotipo;CD202;2;treino;876;B3_CD202_NIRRIG_REPROD00004.asd;B3;CD202;NIRRIG;D06M;manha;D06
svm;por_genotipo;CD202;2;treino;877;B3_CD202_NIRRIG_REPROD00005.asd;B3;CD202;NIRRIG;D06M;manha;D06
svm;por_genotipo;CD202;2;treino;878;B3_CD202_NIRRIG_REPROD00006.asd;B3;CD202;NIRRIG;D06M;manha;D06
svm;por_genotipo;CD202;2;treino;879;B3_CD202_NIRRIG_REPROD00007.asd;B3;CD202;NIRRIG;D06M;manha;D06
svm;por_genotipo;CD202;2;treino;880;B4_CD202_IRRIG_REPROD00000.asd;B4;CD202;IRRIG;D06M;manha;D06
svm;por_genotipo;CD202;2;treino;881;B4_CD202_IRRIG_REPROD00001.asd;B4;CD202;IRRIG;D06M;manha;D06
svm;por_genotipo;CD202;2;treino;882;B4_CD202_IRRIG_REPROD00002.asd;B4;CD202;IRRIG;D06M;manha;D06
svm;por_genotipo;CD202;2;treino;883;B4_CD202_IRRIG_REPROD00003.asd;B4;CD202;IRRIG;D06M;manha;D06
svm;por_genotipo;CD202;2;treino;884;B4_CD202_IRRIG_REPROD00004.asd;B4;CD202;IRRIG;D06M;manha;D06
svm;por_genotipo;CD202;2;treino;885;B4_CD202_IRRIG_REPROD00005.asd;B4;CD202;IRRIG;D06M;manha;D06
svm;por_genotipo;CD202;2;treino;886;B4_CD202_IRRIG_REPROD00006.asd;B4;CD202;IRRIG;D06M;manha;D06
svm;por_genotipo;CD202;2;treino;887;B4_CD202_IRRIG_REPROD00007.asd;B4;CD202;IRRIG;D06M;manha;D06
svm;por_genotipo;CD202;2;treino;888;B4_CD202_NIRRIG_REPROD00000.asd;B4;CD202;NIRRIG;D06M;manha;D06
svm;por_genotipo;CD202;2;treino;889;B4_CD202_NIRRIG_REPROD00001.asd;B4;CD202;NIRRIG;D06M;manha;D06
svm;por_genotipo;CD202;2;treino;890;B4_CD202_NIRRIG_REPROD00002.asd;B4;CD202;NIRRIG;D06M;manha;D06
svm;por_genotipo;CD202;2;treino;891;B4_CD202_NIRRIG_REPROD00003.asd;B4;CD202;NIRRIG;D06M;manha;D06
svm;por_genotipo;CD202;2;treino;893;B4_CD202_NIRRIG_REPROD00005.asd;B4;CD202;NIRRIG;D06M;manha;D06
svm;por_genotipo;CD202;2;treino;894;B4_CD202_NIRRIG_REPROD00006.asd;B4;CD202;NIRRIG;D06M;manha;D06
svm;por_genotipo;CD202;2;treino;895;B4_CD202_NIRRIG_REPROD00007.asd;B4;CD202;NIRRIG;D06M;manha;D06
svm;por_genotipo;CD202;2;treino;1024;B1_CD202_IRR_REP_RECUP00000.asd;B1;CD202;IRRIG;D09M;manha;D09
svm;por_genotipo;CD202;2;treino;1025;B1_CD202_IRR_REP_RECUP00001.asd;B1;CD202;IRRIG;D09M;manha;D09
svm;por_genotipo;CD202;2;treino;1026;B1_CD202_IRR_REP_RECUP00002.asd;B1;CD202;IRRIG;D09M;manha;D09
svm;por_genotipo;CD202;2;treino;1027;B1_CD202_IRR_REP_RECUP00003.asd;B1;CD202;IRRIG;D09M;manha;D09
svm;por_genotipo;CD202;2;treino;1028;B1_CD202_IRR_REP_RECUP00004.asd;B1;CD202;IRRIG;D09M;manha;D09
svm;por_genotipo;CD202;2;treino;1030;B1_CD202_IRR_REP_RECUP00006.asd;B1;CD202;IRRIG;D09M;manha;D09
svm;por_genotipo;CD202;2;treino;1031;B1_CD202_IRR_REP_RECUP00007.asd;B1;CD202;IRRIG;D09M;manha;D09
svm;por_genotipo;CD202;2;treino;1032;B1_CD202_IRR_REP_RECUP00008.asd;B1;CD202;IRRIG;D09M;manha;D09
svm;por_genotipo;CD202;2;treino;1034;B1_CD202_IRR_REP_RECUP00010.asd;B1;CD202;IRRIG;D09M;manha;D09
svm;por_genotipo;CD202;2;treino;1035;B1_CD202_IRR_REP_RECUP00011.asd;B1;CD202;IRRIG;D09M;manha;D09
svm;por_genotipo;CD202;2;treino;1037;B1_CD202_NIRR_REP_RECUP00001.asd;B1;CD202;NIRRIG;D09M;manha;D09
svm;por_genotipo;CD202;2;treino;1038;B1_CD202_NIRR_REP_RECUP00002.asd;B1;CD202;NIRRIG;D09M;manha;D09
svm;por_genotipo;CD202;2;treino;1039;B1_CD202_NIRR_REP_RECUP00003.asd;B1;CD202;NIRRIG;D09M;manha;D09
svm;por_genotipo;CD202;2;treino;1041;B1_CD202_NIRR_REP_RECUP00005.asd;B1;CD202;NIRRIG;D09M;manha;D09
svm;por_genotipo;CD202;2;treino;1042;B1_CD202_NIRR_REP_RECUP00006.asd;B1;CD202;NIRRIG;D09M;manha;D09
svm;por_genotipo;CD202;2;treino;1043;B1_CD202_NIRR_REP_RECUP00007.asd;B1;CD202;NIRRIG;D09M;manha;D09
svm;por_genotipo;CD202;2;treino;1044;B2_CD202_IRR_REP_RECUP00000.asd;B2;CD202;IRRIG;D09M;manha;D09
svm;por_genotipo;CD202;2;treino;1045;B2_CD202_IRR_REP_RECUP00001.asd;B2;CD202;IRRIG;D09M;manha;D09
svm;por_genotipo;CD202;2;treino;1046;B2_CD202_IRR_REP_RECUP00002.asd;B2;CD202;IRRIG;D09M;manha;D09
svm;por_genotipo;CD202;2;treino;1049;B2_CD202_IRR_REP_RECUP00005.asd;B2;CD202;IRRIG;D09M;manha;D09
svm;por_genotipo;CD202;2;treino;1050;B2_CD202_IRR_REP_RECUP00006.asd;B2;CD202;IRRIG;D09M;manha;D09
svm;por_genotipo;CD202;2;treino;1051;B2_CD202_IRR_REP_RECUP00007.asd;B2;CD202;IRRIG;D09M;manha;D09
svm;por_genotipo;CD202;2;treino;1053;B2_CD202_NIRR_REP_RECUP00001.asd;B2;CD202;NIRRIG;D09M;manha;D09
svm;por_genotipo;CD202;2;treino;1055;B2_CD202_NIRR_REP_RECUP00003.asd;B2;CD202;NIRRIG;D09M;manha;D09
svm;por_genotipo;CD202;2;treino;1056;B2_CD202_NIRR_REP_RECUP00004.asd;B2;CD202;NIRRIG;D09M;manha;D09
svm;por_genotipo;CD202;2;treino;1057;B2_CD202_NIRR_REP_RECUP00005.asd;B2;CD202;NIRRIG;D09M;manha;D09
svm;por_genotipo;CD202;2;treino;1058;B2_CD202_NIRR_REP_RECUP00006.asd;B2;CD202;NIRRIG;D09M;manha;D09
svm;por_genotipo;CD202;2;treino;1059;B2_CD202_NIRR_REP_RECUP00007.asd;B2;CD202;NIRRIG;D09M;manha;D09
svm;por_genotipo;CD202;2;treino;1061;B3_CD202_IRR_REP_RECUP00001.asd;B3;CD202;IRRIG;D09M;manha;D09
svm;por_genotipo;CD202;2;treino;1062;B3_CD202_IRR_REP_RECUP00002.asd;B3;CD202;IRRIG;D09M;manha;D09
svm;por_genotipo;CD202;2;treino;1064;B3_CD202_IRR_REP_RECUP00004.asd;B3;CD202;IRRIG;D09M;manha;D09
svm;por_genotipo;CD202;2;treino;1065;B3_CD202_IRR_REP_RECUP00005.asd;B3;CD202;IRRIG;D09M;manha;D09
svm;por_genotipo;CD202;2;treino;1066;B3_CD202_IRR_REP_RECUP00006.asd;B3;CD202;IRRIG;D09M;manha;D09
svm;por_genotipo;CD202;2;treino;1067;B3_CD202_IRR_REP_RECUP00007.asd;B3;CD202;IRRIG;D09M;manha;D09
svm;por_genotipo;CD202;2;treino;1068;B3_CD202_NIRR_REP_RECUP00000.asd;B3;CD202;NIRRIG;D09M;manha;D09
svm;por_genotipo;CD202;2;treino;1070;B3_CD202_NIRR_REP_RECUP00002.asd;B3;CD202;NIRRIG;D09M;manha;D09
svm;por_genotipo;CD202;2;treino;1071;B3_CD202_NIRR_REP_RECUP00003.asd;B3;CD202;NIRRIG;D09M;manha;D09
svm;por_genotipo;CD202;2;treino;1073;B3_CD202_NIRR_REP_RECUP00005.asd;B3;CD202;NIRRIG;D09M;manha;D09
svm;por_genotipo;CD202;2;treino;1075;B3_CD202_NIRR_REP_RECUP00007.asd;B3;CD202;NIRRIG;D09M;manha;D09
svm;por_genotipo;CD202;2;treino;1076;B4_CD202_IRR_REP_RECUP00000.asd;B4;CD202;IRRIG;D09M;manha;D09
svm;por_genotipo;CD202;2;treino;1077;B4_CD202_IRR_REP_RECUP00001.asd;B4;CD202;IRRIG;D09M;manha;D09
svm;por_genotipo;CD202;2;treino;1078;B4_CD202_IRR_REP_RECUP00002.asd;B4;CD202;IRRIG;D09M;manha;D09
svm;por_genotipo;CD202;2;treino;1079;B4_CD202_IRR_REP_RECUP00003.asd;B4;CD202;IRRIG;D09M;manha;D09
svm;por_genotipo;CD202;2;treino;1080;B4_CD202_IRR_REP_RECUP00004.asd;B4;CD202;IRRIG;D09M;manha;D09
svm;por_genotipo;CD202;2;treino;1081;B4_CD202_IRR_REP_RECUP00005.asd;B4;CD202;IRRIG;D09M;manha;D09
svm;por_genotipo;CD202;2;treino;1082;B4_CD202_IRR_REP_RECUP00006.asd;B4;CD202;IRRIG;D09M;manha;D09
svm;por_genotipo;CD202;2;treino;1083;B4_CD202_IRR_REP_RECUP00007.asd;B4;CD202;IRRIG;D09M;manha;D09
svm;por_genotipo;CD202;2;treino;1084;B4_CD202_NIRR_REP_RECUP00000.asd;B4;CD202;NIRRIG;D09M;manha;D09
svm;por_genotipo;CD202;2;treino;1085;B4_CD202_NIRR_REP_RECUP00001.asd;B4;CD202;NIRRIG;D09M;manha;D09
svm;por_genotipo;CD202;2;treino;1086;B4_CD202_NIRR_REP_RECUP00002.asd;B4;CD202;NIRRIG;D09M;manha;D09
svm;por_genotipo;CD202;2;treino;1088;B4_CD202_NIRR_REP_RECUP00004.asd;B4;CD202;NIRRIG;D09M;manha;D09
svm;por_genotipo;CD202;2;treino;1089;B4_CD202_NIRR_REP_RECUP00005.asd;B4;CD202;NIRRIG;D09M;manha;D09
svm;por_genotipo;CD202;2;treino;1090;B4_CD202_NIRR_REP_RECUP00006.asd;B4;CD202;NIRRIG;D09M;manha;D09
svm;por_genotipo;CD202;2;treino;1091;B4_CD202_NIRR_REP_RECUP00007.asd;B4;CD202;NIRRIG;D09M;manha;D09
svm;por_genotipo;CD202;2;treino;1172;B1_CD202_IRR_REP_RECUP00000.asd;B1;CD202;IRRIG;D10M;manha;D10
svm;por_genotipo;CD202;2;treino;1173;B1_CD202_IRR_REP_RECUP00001.asd;B1;CD202;IRRIG;D10M;manha;D10
svm;por_genotipo;CD202;2;treino;1174;B1_CD202_IRR_REP_RECUP00002.asd;B1;CD202;IRRIG;D10M;manha;D10
svm;por_genotipo;CD202;2;treino;1175;B1_CD202_IRR_REP_RECUP00003.asd;B1;CD202;IRRIG;D10M;manha;D10
svm;por_genotipo;CD202;2;treino;1176;B1_CD202_IRR_REP_RECUP00004.asd;B1;CD202;IRRIG;D10M;manha;D10
svm;por_genotipo;CD202;2;treino;1178;B1_CD202_IRR_REP_RECUP00006.asd;B1;CD202;IRRIG;D10M;manha;D10
svm;por_genotipo;CD202;2;treino;1179;B1_CD202_IRR_REP_RECUP00007.asd;B1;CD202;IRRIG;D10M;manha;D10
svm;por_genotipo;CD202;2;treino;1181;B1_CD202_NIRR_REP_RECUP00001.asd;B1;CD202;NIRRIG;D10M;manha;D10
svm;por_genotipo;CD202;2;treino;1182;B1_CD202_NIRR_REP_RECUP00002.asd;B1;CD202;NIRRIG;D10M;manha;D10
svm;por_genotipo;CD202;2;treino;1183;B1_CD202_NIRR_REP_RECUP00003.asd;B1;CD202;NIRRIG;D10M;manha;D10
svm;por_genotipo;CD202;2;treino;1185;B1_CD202_NIRR_REP_RECUP00005.asd;B1;CD202;NIRRIG;D10M;manha;D10
svm;por_genotipo;CD202;2;treino;1186;B1_CD202_NIRR_REP_RECUP00006.asd;B1;CD202;NIRRIG;D10M;manha;D10
svm;por_genotipo;CD202;2;treino;1187;B1_CD202_NIRR_REP_RECUP00007.asd;B1;CD202;NIRRIG;D10M;manha;D10
svm;por_genotipo;CD202;2;treino;1220;B2_CD202_IRR_REP_RECUP00000.asd;B2;CD202;IRRIG;D10M;manha;D10
svm;por_genotipo;CD202;2;treino;1221;B2_CD202_IRR_REP_RECUP00001.asd;B2;CD202;IRRIG;D10M;manha;D10
svm;por_genotipo;CD202;2;treino;1222;B2_CD202_IRR_REP_RECUP00002.asd;B2;CD202;IRRIG;D10M;manha;D10
svm;por_genotipo;CD202;2;treino;1225;B2_CD202_IRR_REP_RECUP00005.asd;B2;CD202;IRRIG;D10M;manha;D10
svm;por_genotipo;CD202;2;treino;1226;B2_CD202_IRR_REP_RECUP00006.asd;B2;CD202;IRRIG;D10M;manha;D10
svm;por_genotipo;CD202;2;treino;1227;B2_CD202_IRR_REP_RECUP00007.asd;B2;CD202;IRRIG;D10M;manha;D10
svm;por_genotipo;CD202;2;treino;1228;B2_CD202_NIRR_REP_RECUP00008.asd;B2;CD202;NIRRIG;D10M;manha;D10
svm;por_genotipo;CD202;2;treino;1229;B2_CD202_NIRR_REP_RECUP00009.asd;B2;CD202;NIRRIG;D10M;manha;D10
svm;por_genotipo;CD202;2;treino;1230;B2_CD202_NIRR_REP_RECUP00010.asd;B2;CD202;NIRRIG;D10M;manha;D10
svm;por_genotipo;CD202;2;treino;1232;B2_CD202_NIRR_REP_RECUP00012.asd;B2;CD202;NIRRIG;D10M;manha;D10
svm;por_genotipo;CD202;2;treino;1233;B2_CD202_NIRR_REP_RECUP00013.asd;B2;CD202;NIRRIG;D10M;manha;D10
svm;por_genotipo;CD202;2;treino;1234;B2_CD202_NIRR_REP_RECUP00014.asd;B2;CD202;NIRRIG;D10M;manha;D10
svm;por_genotipo;CD202;2;treino;1235;B2_CD202_NIRR_REP_RECUP00015.asd;B2;CD202;NIRRIG;D10M;manha;D10
svm;por_genotipo;CD202;2;treino;1269;B3_CD202_IRR_REP_RECUP00001.asd;B3;CD202;IRRIG;D10M;manha;D10
svm;por_genotipo;CD202;2;treino;1270;B3_CD202_IRR_REP_RECUP00002.asd;B3;CD202;IRRIG;D10M;manha;D10
svm;por_genotipo;CD202;2;treino;1272;B3_CD202_IRR_REP_RECUP00004.asd;B3;CD202;IRRIG;D10M;manha;D10
svm;por_genotipo;CD202;2;treino;1273;B3_CD202_IRR_REP_RECUP00005.asd;B3;CD202;IRRIG;D10M;manha;D10
svm;por_genotipo;CD202;2;treino;1274;B3_CD202_IRR_REP_RECUP00006.asd;B3;CD202;IRRIG;D10M;manha;D10
svm;por_genotipo;CD202;2;treino;1275;B3_CD202_IRR_REP_RECUP00007.asd;B3;CD202;IRRIG;D10M;manha;D10
svm;por_genotipo;CD202;2;treino;1276;B3_CD202_NIRR_REP_RECUP00000.asd;B3;CD202;NIRRIG;D10M;manha;D10
svm;por_genotipo;CD202;2;treino;1278;B3_CD202_NIRR_REP_RECUP00002.asd;B3;CD202;NIRRIG;D10M;manha;D10
svm;por_genotipo;CD202;2;treino;1279;B3_CD202_NIRR_REP_RECUP00003.asd;B3;CD202;NIRRIG;D10M;manha;D10
svm;por_genotipo;CD202;2;treino;1281;B3_CD202_NIRR_REP_RECUP00005.asd;B3;CD202;NIRRIG;D10M;manha;D10
svm;por_genotipo;CD202;2;treino;1283;B3_CD202_NIRR_REP_RECUP00007.asd;B3;CD202;NIRRIG;D10M;manha;D10
svm;por_genotipo;CD202;2;treino;1316;B4_CD202_IRR_REP_RECUP00000.asd;B4;CD202;IRRIG;D10M;manha;D10
svm;por_genotipo;CD202;2;treino;1317;B4_CD202_IRR_REP_RECUP00001.asd;B4;CD202;IRRIG;D10M;manha;D10
svm;por_genotipo;CD202;2;treino;1318;B4_CD202_IRR_REP_RECUP00002.asd;B4;CD202;IRRIG;D10M;manha;D10
svm;por_genotipo;CD202;2;treino;1319;B4_CD202_IRR_REP_RECUP00003.asd;B4;CD202;IRRIG;D10M;manha;D10
svm;por_genotipo;CD202;2;treino;1320;B4_CD202_IRR_REP_RECUP00004.asd;B4;CD202;IRRIG;D10M;manha;D10
svm;por_genotipo;CD202;2;treino;1321;B4_CD202_IRR_REP_RECUP00005.asd;B4;CD202;IRRIG;D10M;manha;D10
svm;por_genotipo;CD202;2;treino;1322;B4_CD202_IRR_REP_RECUP00006.asd;B4;CD202;IRRIG;D10M;manha;D10
svm;por_genotipo;CD202;2;treino;1323;B4_CD202_IRR_REP_RECUP00007.asd;B4;CD202;IRRIG;D10M;manha;D10
svm;por_genotipo;CD202;2;treino;1324;B4_CD202_NIRR_REP_RECUP00000.asd;B4;CD202;NIRRIG;D10M;manha;D10
svm;por_genotipo;CD202;2;treino;1325;B4_CD202_NIRR_REP_RECUP00001.asd;B4;CD202;NIRRIG;D10M;manha;D10
svm;por_genotipo;CD202;2;treino;1326;B4_CD202_NIRR_REP_RECUP00002.asd;B4;CD202;NIRRIG;D10M;manha;D10
svm;por_genotipo;CD202;2;treino;1328;B4_CD202_NIRR_REP_RECUP00004.asd;B4;CD202;NIRRIG;D10M;manha;D10
svm;por_genotipo;CD202;2;treino;1329;B4_CD202_NIRR_REP_RECUP00005.asd;B4;CD202;NIRRIG;D10M;manha;D10
svm;por_genotipo;CD202;2;treino;1330;B4_CD202_NIRR_REP_RECUP00006.asd;B4;CD202;NIRRIG;D10M;manha;D10
svm;por_genotipo;CD202;2;treino;1331;B4_CD202_NIRR_REP_RECUP00007.asd;B4;CD202;NIRRIG;D10M;manha;D10
svm;por_genotipo;CD202;2;teste;65;B1_CD202_IRRIG_REPROD00001.asd;B1;CD202;IRRIG;D02M;manha;D02
svm;por_genotipo;CD202;2;teste;75;B1_CD202_NIRRIG_REPROD00003.asd;B1;CD202;NIRRIG;D02M;manha;D02
svm;por_genotipo;CD202;2;teste;77;B1_CD202_NIRRIG_REPROD00005.asd;B1;CD202;NIRRIG;D02M;manha;D02
svm;por_genotipo;CD202;2;teste;79;B1_CD202_NIRRIG_REPROD00007.asd;B1;CD202;NIRRIG;D02M;manha;D02
svm;por_genotipo;CD202;2;teste;80;B2_CD202_IRRIG_REPROD00000.asd;B2;CD202;IRRIG;D02M;manha;D02
svm;por_genotipo;CD202;2;teste;81;B2_CD202_IRRIG_REPROD00001.asd;B2;CD202;IRRIG;D02M;manha;D02
svm;por_genotipo;CD202;2;teste;86;B2_CD202_IRRIG_REPROD00006.asd;B2;CD202;IRRIG;D02M;manha;D02
svm;por_genotipo;CD202;2;teste;87;B2_CD202_IRRIG_REPROD00007.asd;B2;CD202;IRRIG;D02M;manha;D02
svm;por_genotipo;CD202;2;teste;96;B3_CD202_IRRIG_REPROD00000.asd;B3;CD202;IRRIG;D02M;manha;D02
svm;por_genotipo;CD202;2;teste;102;B3_CD202_IRRIG_REPROD00006.asd;B3;CD202;IRRIG;D02M;manha;D02
svm;por_genotipo;CD202;2;teste;105;B3_CD202_NIRRIG_REPROD00001.asd;B3;CD202;NIRRIG;D02M;manha;D02
svm;por_genotipo;CD202;2;teste;107;B3_CD202_NIRRIG_REPROD00003.asd;B3;CD202;NIRRIG;D02M;manha;D02
svm;por_genotipo;CD202;2;teste;124;B4_CD202_NIRRIG_REPROD00004.asd;B4;CD202;NIRRIG;D02M;manha;D02
svm;por_genotipo;CD202;2;teste;257;B1_CD202_IRRIG_REPROD00001.asd;B1;CD202;IRRIG;D03M;manha;D03
svm;por_genotipo;CD202;2;teste;267;B1_CD202_NIRRIG_REPROD00003.asd;B1;CD202;NIRRIG;D03M;manha;D03
svm;por_genotipo;CD202;2;teste;269;B1_CD202_NIRRIG_REPROD00005.asd;B1;CD202;NIRRIG;D03M;manha;D03
svm;por_genotipo;CD202;2;teste;271;B1_CD202_NIRRIG_REPROD00007.asd;B1;CD202;NIRRIG;D03M;manha;D03
svm;por_genotipo;CD202;2;teste;272;B2_CD202_IRRIG_REPROD00000.asd;B2;CD202;IRRIG;D03M;manha;D03
svm;por_genotipo;CD202;2;teste;273;B2_CD202_IRRIG_REPROD00001.asd;B2;CD202;IRRIG;D03M;manha;D03
svm;por_genotipo;CD202;2;teste;278;B2_CD202_IRRIG_REPROD00006.asd;B2;CD202;IRRIG;D03M;manha;D03
svm;por_genotipo;CD202;2;teste;279;B2_CD202_IRRIG_REPROD00007.asd;B2;CD202;IRRIG;D03M;manha;D03
svm;por_genotipo;CD202;2;teste;288;B3_CD202_IRRIG_REPROD00000.asd;B3;CD202;IRRIG;D03M;manha;D03
svm;por_genotipo;CD202;2;teste;294;B3_CD202_IRRIG_REPROD00006.asd;B3;CD202;IRRIG;D03M;manha;D03
svm;por_genotipo;CD202;2;teste;297;B3_CD202_NIRRIG_REPROD00001.asd;B3;CD202;NIRRIG;D03M;manha;D03
svm;por_genotipo;CD202;2;teste;299;B3_CD202_NIRRIG_REPROD00003.asd;B3;CD202;NIRRIG;D03M;manha;D03
svm;por_genotipo;CD202;2;teste;316;B4_CD202_NIRRIG_REPROD00004.asd;B4;CD202;NIRRIG;D03M;manha;D03
svm;por_genotipo;CD202;2;teste;449;B1_CD202_IRRIG_REPROD00001.asd;B1;CD202;IRRIG;D04M;manha;D04
svm;por_genotipo;CD202;2;teste;459;B1_CD202_NIRRIG_REPROD00003.asd;B1;CD202;NIRRIG;D04M;manha;D04
svm;por_genotipo;CD202;2;teste;461;B1_CD202_NIRRIG_REPROD00005.asd;B1;CD202;NIRRIG;D04M;manha;D04
svm;por_genotipo;CD202;2;teste;463;B1_CD202_NIRRIG_REPROD00007.asd;B1;CD202;NIRRIG;D04M;manha;D04
svm;por_genotipo;CD202;2;teste;464;B2_CD202_IRRIG_REPROD00000.asd;B2;CD202;IRRIG;D04M;manha;D04
svm;por_genotipo;CD202;2;teste;465;B2_CD202_IRRIG_REPROD00001.asd;B2;CD202;IRRIG;D04M;manha;D04
svm;por_genotipo;CD202;2;teste;470;B2_CD202_IRRIG_REPROD00006.asd;B2;CD202;IRRIG;D04M;manha;D04
svm;por_genotipo;CD202;2;teste;471;B2_CD202_IRRIG_REPROD00007.asd;B2;CD202;IRRIG;D04M;manha;D04
svm;por_genotipo;CD202;2;teste;480;B3_CD202_IRRIG_REPROD00000.asd;B3;CD202;IRRIG;D04M;manha;D04
svm;por_genotipo;CD202;2;teste;486;B3_CD202_IRRIG_REPROD00006.asd;B3;CD202;IRRIG;D04M;manha;D04
svm;por_genotipo;CD202;2;teste;489;B3_CD202_NIRRIG_REPROD00001.asd;B3;CD202;NIRRIG;D04M;manha;D04
svm;por_genotipo;CD202;2;teste;491;B3_CD202_NIRRIG_REPROD00003.asd;B3;CD202;NIRRIG;D04M;manha;D04
svm;por_genotipo;CD202;2;teste;508;B4_CD202_NIRRIG_REPROD00004.asd;B4;CD202;NIRRIG;D04M;manha;D04
svm;por_genotipo;CD202;2;teste;641;B1_CD202_IRRIG_REPROD00001.asd;B1;CD202;IRRIG;D05M;manha;D05
svm;por_genotipo;CD202;2;teste;651;B1_CD202_NIRRIG_REPROD00003.asd;B1;CD202;NIRRIG;D05M;manha;D05
svm;por_genotipo;CD202;2;teste;653;B1_CD202_NIRRIG_REPROD00005.asd;B1;CD202;NIRRIG;D05M;manha;D05
svm;por_genotipo;CD202;2;teste;655;B1_CD202_NIRRIG_REPROD00007.asd;B1;CD202;NIRRIG;D05M;manha;D05
svm;por_genotipo;CD202;2;teste;656;B2_CD202_IRRIG_REPROD00000.asd;B2;CD202;IRRIG;D05M;manha;D05
svm;por_genotipo;CD202;2;teste;657;B2_CD202_IRRIG_REPROD00001.asd;B2;CD202;IRRIG;D05M;manha;D05
svm;por_genotipo;CD202;2;teste;662;B2_CD202_IRRIG_REPROD00006.asd;B2;CD202;IRRIG;D05M;manha;D05
svm;por_genotipo;CD202;2;teste;663;B2_CD202_IRRIG_REPROD00007.asd;B2;CD202;IRRIG;D05M;manha;D05
svm;por_genotipo;CD202;2;teste;672;B3_CD202_IRRIG_REPROD00000.asd;B3;CD202;IRRIG;D05M;manha;D05
svm;por_genotipo;CD202;2;teste;678;B3_CD202_IRRIG_REPROD00006.asd;B3;CD202;IRRIG;D05M;manha;D05
svm;por_genotipo;CD202;2;teste;681;B3_CD202_NIRRIG_REPROD00001.asd;B3;CD202;NIRRIG;D05M;manha;D05
svm;por_genotipo;CD202;2;teste;683;B3_CD202_NIRRIG_REPROD00003.asd;B3;CD202;NIRRIG;D05M;manha;D05
svm;por_genotipo;CD202;2;teste;700;B4_CD202_NIRRIG_REPROD00004.asd;B4;CD202;NIRRIG;D05M;manha;D05
svm;por_genotipo;CD202;2;teste;833;B1_CD202_IRRIG_REPROD00001.asd;B1;CD202;IRRIG;D06M;manha;D06
svm;por_genotipo;CD202;2;teste;843;B1_CD202_NIRRIG_REPROD00003.asd;B1;CD202;NIRRIG;D06M;manha;D06
svm;por_genotipo;CD202;2;teste;845;B1_CD202_NIRRIG_REPROD00005.asd;B1;CD202;NIRRIG;D06M;manha;D06
svm;por_genotipo;CD202;2;teste;847;B1_CD202_NIRRIG_REPROD00007.asd;B1;CD202;NIRRIG;D06M;manha;D06
svm;por_genotipo;CD202;2;teste;848;B2_CD202_IRRIG_REPROD00000.asd;B2;CD202;IRRIG;D06M;manha;D06
svm;por_genotipo;CD202;2;teste;849;B2_CD202_IRRIG_REPROD00001.asd;B2;CD202;IRRIG;D06M;manha;D06
svm;por_genotipo;CD202;2;teste;854;B2_CD202_IRRIG_REPROD00006.asd;B2;CD202;IRRIG;D06M;manha;D06
svm;por_genotipo;CD202;2;teste;855;B2_CD202_IRRIG_REPROD00007.asd;B2;CD202;IRRIG;D06M;manha;D06
svm;por_genotipo;CD202;2;teste;864;B3_CD202_IRRIG_REPROD00000.asd;B3;CD202;IRRIG;D06M;manha;D06
svm;por_genotipo;CD202;2;teste;870;B3_CD202_IRRIG_REPROD00006.asd;B3;CD202;IRRIG;D06M;manha;D06
svm;por_genotipo;CD202;2;teste;873;B3_CD202_NIRRIG_REPROD00001.asd;B3;CD202;NIRRIG;D06M;manha;D06
svm;por_genotipo;CD202;2;teste;875;B3_CD202_NIRRIG_REPROD00003.asd;B3;CD202;NIRRIG;D06M;manha;D06
svm;por_genotipo;CD202;2;teste;892;B4_CD202_NIRRIG_REPROD00004.asd;B4;CD202;NIRRIG;D06M;manha;D06
svm;por_genotipo;CD202;2;teste;1029;B1_CD202_IRR_REP_RECUP00005.asd;B1;CD202;IRRIG;D09M;manha;D09
svm;por_genotipo;CD202;2;teste;1033;B1_CD202_IRR_REP_RECUP00009.asd;B1;CD202;IRRIG;D09M;manha;D09
svm;por_genotipo;CD202;2;teste;1036;B1_CD202_NIRR_REP_RECUP00000.asd;B1;CD202;NIRRIG;D09M;manha;D09
svm;por_genotipo;CD202;2;teste;1040;B1_CD202_NIRR_REP_RECUP00004.asd;B1;CD202;NIRRIG;D09M;manha;D09
svm;por_genotipo;CD202;2;teste;1047;B2_CD202_IRR_REP_RECUP00003.asd;B2;CD202;IRRIG;D09M;manha;D09
svm;por_genotipo;CD202;2;teste;1048;B2_CD202_IRR_REP_RECUP00004.asd;B2;CD202;IRRIG;D09M;manha;D09
svm;por_genotipo;CD202;2;teste;1052;B2_CD202_NIRR_REP_RECUP00000.asd;B2;CD202;NIRRIG;D09M;manha;D09
svm;por_genotipo;CD202;2;teste;1054;B2_CD202_NIRR_REP_RECUP00002.asd;B2;CD202;NIRRIG;D09M;manha;D09
svm;por_genotipo;CD202;2;teste;1060;B3_CD202_IRR_REP_RECUP00000.asd;B3;CD202;IRRIG;D09M;manha;D09
svm;por_genotipo;CD202;2;teste;1063;B3_CD202_IRR_REP_RECUP00003.asd;B3;CD202;IRRIG;D09M;manha;D09
svm;por_genotipo;CD202;2;teste;1069;B3_CD202_NIRR_REP_RECUP00001.asd;B3;CD202;NIRRIG;D09M;manha;D09
svm;por_genotipo;CD202;2;teste;1072;B3_CD202_NIRR_REP_RECUP00004.asd;B3;CD202;NIRRIG;D09M;manha;D09
svm;por_genotipo;CD202;2;teste;1074;B3_CD202_NIRR_REP_RECUP00006.asd;B3;CD202;NIRRIG;D09M;manha;D09
svm;por_genotipo;CD202;2;teste;1087;B4_CD202_NIRR_REP_RECUP00003.asd;B4;CD202;NIRRIG;D09M;manha;D09
svm;por_genotipo;CD202;2;teste;1177;B1_CD202_IRR_REP_RECUP00005.asd;B1;CD202;IRRIG;D10M;manha;D10
svm;por_genotipo;CD202;2;teste;1180;B1_CD202_NIRR_REP_RECUP00000.asd;B1;CD202;NIRRIG;D10M;manha;D10
svm;por_genotipo;CD202;2;teste;1184;B1_CD202_NIRR_REP_RECUP00004.asd;B1;CD202;NIRRIG;D10M;manha;D10
svm;por_genotipo;CD202;2;teste;1223;B2_CD202_IRR_REP_RECUP00003.asd;B2;CD202;IRRIG;D10M;manha;D10
svm;por_genotipo;CD202;2;teste;1224;B2_CD202_IRR_REP_RECUP00004.asd;B2;CD202;IRRIG;D10M;manha;D10
svm;por_genotipo;CD202;2;teste;1231;B2_CD202_NIRR_REP_RECUP00011.asd;B2;CD202;NIRRIG;D10M;manha;D10
svm;por_genotipo;CD202;2;teste;1268;B3_CD202_IRR_REP_RECUP00000.asd;B3;CD202;IRRIG;D10M;manha;D10
svm;por_genotipo;CD202;2;teste;1271;B3_CD202_IRR_REP_RECUP00003.asd;B3;CD202;IRRIG;D10M;manha;D10
svm;por_genotipo;CD202;2;teste;1277;B3_CD202_NIRR_REP_RECUP00001.asd;B3;CD202;NIRRIG;D10M;manha;D10
svm;por_genotipo;CD202;2;teste;1280;B3_CD202_NIRR_REP_RECUP00004.asd;B3;CD202;NIRRIG;D10M;manha;D10
svm;por_genotipo;CD202;2;teste;1282;B3_CD202_NIRR_REP_RECUP00006.asd;B3;CD202;NIRRIG;D10M;manha;D10
svm;por_genotipo;CD202;2;teste;1327;B4_CD202_NIRR_REP_RECUP00003.asd;B4;CD202;NIRRIG;D10M;manha;D10
svm;por_genotipo;CD202;3;treino;64;B1_CD202_IRRIG_REPROD00000.asd;B1;CD202;IRRIG;D02M;manha;D02
svm;por_genotipo;CD202;3;treino;65;B1_CD202_IRRIG_REPROD00001.asd;B1;CD202;IRRIG;D02M;manha;D02
svm;por_genotipo;CD202;3;treino;66;B1_CD202_IRRIG_REPROD00002.asd;B1;CD202;IRRIG;D02M;manha;D02
svm;por_genotipo;CD202;3;treino;69;B1_CD202_IRRIG_REPROD00005.asd;B1;CD202;IRRIG;D02M;manha;D02
svm;por_genotipo;CD202;3;treino;70;B1_CD202_IRRIG_REPROD00006.asd;B1;CD202;IRRIG;D02M;manha;D02
svm;por_genotipo;CD202;3;treino;71;B1_CD202_IRRIG_REPROD00007.asd;B1;CD202;IRRIG;D02M;manha;D02
svm;por_genotipo;CD202;3;treino;72;B1_CD202_NIRRIG_REPROD00000.asd;B1;CD202;NIRRIG;D02M;manha;D02
svm;por_genotipo;CD202;3;treino;73;B1_CD202_NIRRIG_REPROD00001.asd;B1;CD202;NIRRIG;D02M;manha;D02
svm;por_genotipo;CD202;3;treino;74;B1_CD202_NIRRIG_REPROD00002.asd;B1;CD202;NIRRIG;D02M;manha;D02
svm;por_genotipo;CD202;3;treino;75;B1_CD202_NIRRIG_REPROD00003.asd;B1;CD202;NIRRIG;D02M;manha;D02
svm;por_genotipo;CD202;3;treino;76;B1_CD202_NIRRIG_REPROD00004.asd;B1;CD202;NIRRIG;D02M;manha;D02
svm;por_genotipo;CD202;3;treino;77;B1_CD202_NIRRIG_REPROD00005.asd;B1;CD202;NIRRIG;D02M;manha;D02
svm;por_genotipo;CD202;3;treino;78;B1_CD202_NIRRIG_REPROD00006.asd;B1;CD202;NIRRIG;D02M;manha;D02
svm;por_genotipo;CD202;3;treino;79;B1_CD202_NIRRIG_REPROD00007.asd;B1;CD202;NIRRIG;D02M;manha;D02
svm;por_genotipo;CD202;3;treino;80;B2_CD202_IRRIG_REPROD00000.asd;B2;CD202;IRRIG;D02M;manha;D02
svm;por_genotipo;CD202;3;treino;81;B2_CD202_IRRIG_REPROD00001.asd;B2;CD202;IRRIG;D02M;manha;D02
svm;por_genotipo;CD202;3;treino;82;B2_CD202_IRRIG_REPROD00002.asd;B2;CD202;IRRIG;D02M;manha;D02
svm;por_genotipo;CD202;3;treino;84;B2_CD202_IRRIG_REPROD00004.asd;B2;CD202;IRRIG;D02M;manha;D02
svm;por_genotipo;CD202;3;treino;85;B2_CD202_IRRIG_REPROD00005.asd;B2;CD202;IRRIG;D02M;manha;D02
svm;por_genotipo;CD202;3;treino;86;B2_CD202_IRRIG_REPROD00006.asd;B2;CD202;IRRIG;D02M;manha;D02
svm;por_genotipo;CD202;3;treino;87;B2_CD202_IRRIG_REPROD00007.asd;B2;CD202;IRRIG;D02M;manha;D02
svm;por_genotipo;CD202;3;treino;89;B2_CD202_NIRRIG_REPROD00001.asd;B2;CD202;NIRRIG;D02M;manha;D02
svm;por_genotipo;CD202;3;treino;90;B2_CD202_NIRRIG_REPROD00002.asd;B2;CD202;NIRRIG;D02M;manha;D02
svm;por_genotipo;CD202;3;treino;92;B2_CD202_NIRRIG_REPROD00004.asd;B2;CD202;NIRRIG;D02M;manha;D02
svm;por_genotipo;CD202;3;treino;93;B2_CD202_NIRRIG_REPROD00005.asd;B2;CD202;NIRRIG;D02M;manha;D02
svm;por_genotipo;CD202;3;treino;94;B2_CD202_NIRRIG_REPROD00006.asd;B2;CD202;NIRRIG;D02M;manha;D02
svm;por_genotipo;CD202;3;treino;95;B2_CD202_NIRRIG_REPROD00007.asd;B2;CD202;NIRRIG;D02M;manha;D02
svm;por_genotipo;CD202;3;treino;96;B3_CD202_IRRIG_REPROD00000.asd;B3;CD202;IRRIG;D02M;manha;D02
svm;por_genotipo;CD202;3;treino;97;B3_CD202_IRRIG_REPROD00001.asd;B3;CD202;IRRIG;D02M;manha;D02
svm;por_genotipo;CD202;3;treino;98;B3_CD202_IRRIG_REPROD00002.asd;B3;CD202;IRRIG;D02M;manha;D02
svm;por_genotipo;CD202;3;treino;102;B3_CD202_IRRIG_REPROD00006.asd;B3;CD202;IRRIG;D02M;manha;D02
svm;por_genotipo;CD202;3;treino;103;B3_CD202_IRRIG_REPROD00007.asd;B3;CD202;IRRIG;D02M;manha;D02
svm;por_genotipo;CD202;3;treino;105;B3_CD202_NIRRIG_REPROD00001.asd;B3;CD202;NIRRIG;D02M;manha;D02
svm;por_genotipo;CD202;3;treino;106;B3_CD202_NIRRIG_REPROD00002.asd;B3;CD202;NIRRIG;D02M;manha;D02
svm;por_genotipo;CD202;3;treino;107;B3_CD202_NIRRIG_REPROD00003.asd;B3;CD202;NIRRIG;D02M;manha;D02
svm;por_genotipo;CD202;3;treino;108;B3_CD202_NIRRIG_REPROD00004.asd;B3;CD202;NIRRIG;D02M;manha;D02
svm;por_genotipo;CD202;3;treino;109;B3_CD202_NIRRIG_REPROD00005.asd;B3;CD202;NIRRIG;D02M;manha;D02
svm;por_genotipo;CD202;3;treino;110;B3_CD202_NIRRIG_REPROD00006.asd;B3;CD202;NIRRIG;D02M;manha;D02
svm;por_genotipo;CD202;3;treino;111;B3_CD202_NIRRIG_REPROD00007.asd;B3;CD202;NIRRIG;D02M;manha;D02
svm;por_genotipo;CD202;3;treino;112;B4_CD202_IRRIG_REPROD00000.asd;B4;CD202;IRRIG;D02M;manha;D02
svm;por_genotipo;CD202;3;treino;113;B4_CD202_IRRIG_REPROD00001.asd;B4;CD202;IRRIG;D02M;manha;D02
svm;por_genotipo;CD202;3;treino;114;B4_CD202_IRRIG_REPROD00002.asd;B4;CD202;IRRIG;D02M;manha;D02
svm;por_genotipo;CD202;3;treino;115;B4_CD202_IRRIG_REPROD00003.asd;B4;CD202;IRRIG;D02M;manha;D02
svm;por_genotipo;CD202;3;treino;116;B4_CD202_IRRIG_REPROD00004.asd;B4;CD202;IRRIG;D02M;manha;D02
svm;por_genotipo;CD202;3;treino;117;B4_CD202_IRRIG_REPROD00005.asd;B4;CD202;IRRIG;D02M;manha;D02
svm;por_genotipo;CD202;3;treino;118;B4_CD202_IRRIG_REPROD00006.asd;B4;CD202;IRRIG;D02M;manha;D02
svm;por_genotipo;CD202;3;treino;119;B4_CD202_IRRIG_REPROD00007.asd;B4;CD202;IRRIG;D02M;manha;D02
svm;por_genotipo;CD202;3;treino;124;B4_CD202_NIRRIG_REPROD00004.asd;B4;CD202;NIRRIG;D02M;manha;D02
svm;por_genotipo;CD202;3;treino;125;B4_CD202_NIRRIG_REPROD00005.asd;B4;CD202;NIRRIG;D02M;manha;D02
svm;por_genotipo;CD202;3;treino;126;B4_CD202_NIRRIG_REPROD00006.asd;B4;CD202;NIRRIG;D02M;manha;D02
svm;por_genotipo;CD202;3;treino;127;B4_CD202_NIRRIG_REPROD00007.asd;B4;CD202;NIRRIG;D02M;manha;D02
svm;por_genotipo;CD202;3;treino;256;B1_CD202_IRRIG_REPROD00000.asd;B1;CD202;IRRIG;D03M;manha;D03
svm;por_genotipo;CD202;3;treino;257;B1_CD202_IRRIG_REPROD00001.asd;B1;CD202;IRRIG;D03M;manha;D03
svm;por_genotipo;CD202;3;treino;258;B1_CD202_IRRIG_REPROD00002.asd;B1;CD202;IRRIG;D03M;manha;D03
svm;por_genotipo;CD202;3;treino;261;B1_CD202_IRRIG_REPROD00005.asd;B1;CD202;IRRIG;D03M;manha;D03
svm;por_genotipo;CD202;3;treino;262;B1_CD202_IRRIG_REPROD00006.asd;B1;CD202;IRRIG;D03M;manha;D03
svm;por_genotipo;CD202;3;treino;263;B1_CD202_IRRIG_REPROD00007.asd;B1;CD202;IRRIG;D03M;manha;D03
svm;por_genotipo;CD202;3;treino;264;B1_CD202_NIRRIG_REPROD00000.asd;B1;CD202;NIRRIG;D03M;manha;D03
svm;por_genotipo;CD202;3;treino;265;B1_CD202_NIRRIG_REPROD00001.asd;B1;CD202;NIRRIG;D03M;manha;D03
svm;por_genotipo;CD202;3;treino;266;B1_CD202_NIRRIG_REPROD00002.asd;B1;CD202;NIRRIG;D03M;manha;D03
svm;por_genotipo;CD202;3;treino;267;B1_CD202_NIRRIG_REPROD00003.asd;B1;CD202;NIRRIG;D03M;manha;D03
svm;por_genotipo;CD202;3;treino;268;B1_CD202_NIRRIG_REPROD00004.asd;B1;CD202;NIRRIG;D03M;manha;D03
svm;por_genotipo;CD202;3;treino;269;B1_CD202_NIRRIG_REPROD00005.asd;B1;CD202;NIRRIG;D03M;manha;D03
svm;por_genotipo;CD202;3;treino;270;B1_CD202_NIRRIG_REPROD00006.asd;B1;CD202;NIRRIG;D03M;manha;D03
svm;por_genotipo;CD202;3;treino;271;B1_CD202_NIRRIG_REPROD00007.asd;B1;CD202;NIRRIG;D03M;manha;D03
svm;por_genotipo;CD202;3;treino;272;B2_CD202_IRRIG_REPROD00000.asd;B2;CD202;IRRIG;D03M;manha;D03
svm;por_genotipo;CD202;3;treino;273;B2_CD202_IRRIG_REPROD00001.asd;B2;CD202;IRRIG;D03M;manha;D03
svm;por_genotipo;CD202;3;treino;274;B2_CD202_IRRIG_REPROD00002.asd;B2;CD202;IRRIG;D03M;manha;D03
svm;por_genotipo;CD202;3;treino;276;B2_CD202_IRRIG_REPROD00004.asd;B2;CD202;IRRIG;D03M;manha;D03
svm;por_genotipo;CD202;3;treino;277;B2_CD202_IRRIG_REPROD00005.asd;B2;CD202;IRRIG;D03M;manha;D03
svm;por_genotipo;CD202;3;treino;278;B2_CD202_IRRIG_REPROD00006.asd;B2;CD202;IRRIG;D03M;manha;D03
svm;por_genotipo;CD202;3;treino;279;B2_CD202_IRRIG_REPROD00007.asd;B2;CD202;IRRIG;D03M;manha;D03
svm;por_genotipo;CD202;3;treino;281;B2_CD202_NIRRIG_REPROD00001.asd;B2;CD202;NIRRIG;D03M;manha;D03
svm;por_genotipo;CD202;3;treino;282;B2_CD202_NIRRIG_REPROD00002.asd;B2;CD202;NIRRIG;D03M;manha;D03
svm;por_genotipo;CD202;3;treino;284;B2_CD202_NIRRIG_REPROD00004.asd;B2;CD202;NIRRIG;D03M;manha;D03
svm;por_genotipo;CD202;3;treino;285;B2_CD202_NIRRIG_REPROD00005.asd;B2;CD202;NIRRIG;D03M;manha;D03
svm;por_genotipo;CD202;3;treino;286;B2_CD202_NIRRIG_REPROD00006.asd;B2;CD202;NIRRIG;D03M;manha;D03
svm;por_genotipo;CD202;3;treino;287;B2_CD202_NIRRIG_REPROD00007.asd;B2;CD202;NIRRIG;D03M;manha;D03
svm;por_genotipo;CD202;3;treino;288;B3_CD202_IRRIG_REPROD00000.asd;B3;CD202;IRRIG;D03M;manha;D03
svm;por_genotipo;CD202;3;treino;289;B3_CD202_IRRIG_REPROD00001.asd;B3;CD202;IRRIG;D03M;manha;D03
svm;por_genotipo;CD202;3;treino;290;B3_CD202_IRRIG_REPROD00002.asd;B3;CD202;IRRIG;D03M;manha;D03
svm;por_genotipo;CD202;3;treino;294;B3_CD202_IRRIG_REPROD00006.asd;B3;CD202;IRRIG;D03M;manha;D03
svm;por_genotipo;CD202;3;treino;295;B3_CD202_IRRIG_REPROD00007.asd;B3;CD202;IRRIG;D03M;manha;D03
svm;por_genotipo;CD202;3;treino;297;B3_CD202_NIRRIG_REPROD00001.asd;B3;CD202;NIRRIG;D03M;manha;D03
svm;por_genotipo;CD202;3;treino;298;B3_CD202_NIRRIG_REPROD00002.asd;B3;CD202;NIRRIG;D03M;manha;D03
svm;por_genotipo;CD202;3;treino;299;B3_CD202_NIRRIG_REPROD00003.asd;B3;CD202;NIRRIG;D03M;manha;D03
svm;por_genotipo;CD202;3;treino;300;B3_CD202_NIRRIG_REPROD00004.asd;B3;CD202;NIRRIG;D03M;manha;D03
svm;por_genotipo;CD202;3;treino;301;B3_CD202_NIRRIG_REPROD00005.asd;B3;CD202;NIRRIG;D03M;manha;D03
svm;por_genotipo;CD202;3;treino;302;B3_CD202_NIRRIG_REPROD00006.asd;B3;CD202;NIRRIG;D03M;manha;D03
svm;por_genotipo;CD202;3;treino;303;B3_CD202_NIRRIG_REPROD00007.asd;B3;CD202;NIRRIG;D03M;manha;D03
svm;por_genotipo;CD202;3;treino;304;B4_CD202_IRRIG_REPROD00000.asd;B4;CD202;IRRIG;D03M;manha;D03
svm;por_genotipo;CD202;3;treino;305;B4_CD202_IRRIG_REPROD00001.asd;B4;CD202;IRRIG;D03M;manha;D03
svm;por_genotipo;CD202;3;treino;306;B4_CD202_IRRIG_REPROD00002.asd;B4;CD202;IRRIG;D03M;manha;D03
svm;por_genotipo;CD202;3;treino;307;B4_CD202_IRRIG_REPROD00003.asd;B4;CD202;IRRIG;D03M;manha;D03
svm;por_genotipo;CD202;3;treino;308;B4_CD202_IRRIG_REPROD00004.asd;B4;CD202;IRRIG;D03M;manha;D03
svm;por_genotipo;CD202;3;treino;309;B4_CD202_IRRIG_REPROD00005.asd;B4;CD202;IRRIG;D03M;manha;D03
svm;por_genotipo;CD202;3;treino;310;B4_CD202_IRRIG_REPROD00006.asd;B4;CD202;IRRIG;D03M;manha;D03
svm;por_genotipo;CD202;3;treino;311;B4_CD202_IRRIG_REPROD00007.asd;B4;CD202;IRRIG;D03M;manha;D03
svm;por_genotipo;CD202;3;treino;316;B4_CD202_NIRRIG_REPROD00004.asd;B4;CD202;NIRRIG;D03M;manha;D03
svm;por_genotipo;CD202;3;treino;317;B4_CD202_NIRRIG_REPROD00005.asd;B4;CD202;NIRRIG;D03M;manha;D03
svm;por_genotipo;CD202;3;treino;318;B4_CD202_NIRRIG_REPROD00006.asd;B4;CD202;NIRRIG;D03M;manha;D03
svm;por_genotipo;CD202;3;treino;319;B4_CD202_NIRRIG_REPROD00007.asd;B4;CD202;NIRRIG;D03M;manha;D03
svm;por_genotipo;CD202;3;treino;448;B1_CD202_IRRIG_REPROD00000.asd;B1;CD202;IRRIG;D04M;manha;D04
svm;por_genotipo;CD202;3;treino;449;B1_CD202_IRRIG_REPROD00001.asd;B1;CD202;IRRIG;D04M;manha;D04
svm;por_genotipo;CD202;3;treino;450;B1_CD202_IRRIG_REPROD00002.asd;B1;CD202;IRRIG;D04M;manha;D04
svm;por_genotipo;CD202;3;treino;453;B1_CD202_IRRIG_REPROD00005.asd;B1;CD202;IRRIG;D04M;manha;D04
svm;por_genotipo;CD202;3;treino;454;B1_CD202_IRRIG_REPROD00006.asd;B1;CD202;IRRIG;D04M;manha;D04
svm;por_genotipo;CD202;3;treino;455;B1_CD202_IRRIG_REPROD00007.asd;B1;CD202;IRRIG;D04M;manha;D04
svm;por_genotipo;CD202;3;treino;456;B1_CD202_NIRRIG_REPROD00000.asd;B1;CD202;NIRRIG;D04M;manha;D04
svm;por_genotipo;CD202;3;treino;457;B1_CD202_NIRRIG_REPROD00001.asd;B1;CD202;NIRRIG;D04M;manha;D04
svm;por_genotipo;CD202;3;treino;458;B1_CD202_NIRRIG_REPROD00002.asd;B1;CD202;NIRRIG;D04M;manha;D04
svm;por_genotipo;CD202;3;treino;459;B1_CD202_NIRRIG_REPROD00003.asd;B1;CD202;NIRRIG;D04M;manha;D04
svm;por_genotipo;CD202;3;treino;460;B1_CD202_NIRRIG_REPROD00004.asd;B1;CD202;NIRRIG;D04M;manha;D04
svm;por_genotipo;CD202;3;treino;461;B1_CD202_NIRRIG_REPROD00005.asd;B1;CD202;NIRRIG;D04M;manha;D04
svm;por_genotipo;CD202;3;treino;462;B1_CD202_NIRRIG_REPROD00006.asd;B1;CD202;NIRRIG;D04M;manha;D04
svm;por_genotipo;CD202;3;treino;463;B1_CD202_NIRRIG_REPROD00007.asd;B1;CD202;NIRRIG;D04M;manha;D04
svm;por_genotipo;CD202;3;treino;464;B2_CD202_IRRIG_REPROD00000.asd;B2;CD202;IRRIG;D04M;manha;D04
svm;por_genotipo;CD202;3;treino;465;B2_CD202_IRRIG_REPROD00001.asd;B2;CD202;IRRIG;D04M;manha;D04
svm;por_genotipo;CD202;3;treino;466;B2_CD202_IRRIG_REPROD00002.asd;B2;CD202;IRRIG;D04M;manha;D04
svm;por_genotipo;CD202;3;treino;468;B2_CD202_IRRIG_REPROD00004.asd;B2;CD202;IRRIG;D04M;manha;D04
svm;por_genotipo;CD202;3;treino;469;B2_CD202_IRRIG_REPROD00005.asd;B2;CD202;IRRIG;D04M;manha;D04
svm;por_genotipo;CD202;3;treino;470;B2_CD202_IRRIG_REPROD00006.asd;B2;CD202;IRRIG;D04M;manha;D04
svm;por_genotipo;CD202;3;treino;471;B2_CD202_IRRIG_REPROD00007.asd;B2;CD202;IRRIG;D04M;manha;D04
svm;por_genotipo;CD202;3;treino;473;B2_CD202_NIRRIG_REPROD00001.asd;B2;CD202;NIRRIG;D04M;manha;D04
svm;por_genotipo;CD202;3;treino;474;B2_CD202_NIRRIG_REPROD00002.asd;B2;CD202;NIRRIG;D04M;manha;D04
svm;por_genotipo;CD202;3;treino;476;B2_CD202_NIRRIG_REPROD00004.asd;B2;CD202;NIRRIG;D04M;manha;D04
svm;por_genotipo;CD202;3;treino;477;B2_CD202_NIRRIG_REPROD00005.asd;B2;CD202;NIRRIG;D04M;manha;D04
svm;por_genotipo;CD202;3;treino;478;B2_CD202_NIRRIG_REPROD00006.asd;B2;CD202;NIRRIG;D04M;manha;D04
svm;por_genotipo;CD202;3;treino;479;B2_CD202_NIRRIG_REPROD00007.asd;B2;CD202;NIRRIG;D04M;manha;D04
svm;por_genotipo;CD202;3;treino;480;B3_CD202_IRRIG_REPROD00000.asd;B3;CD202;IRRIG;D04M;manha;D04
svm;por_genotipo;CD202;3;treino;481;B3_CD202_IRRIG_REPROD00001.asd;B3;CD202;IRRIG;D04M;manha;D04
svm;por_genotipo;CD202;3;treino;482;B3_CD202_IRRIG_REPROD00002.asd;B3;CD202;IRRIG;D04M;manha;D04
svm;por_genotipo;CD202;3;treino;486;B3_CD202_IRRIG_REPROD00006.asd;B3;CD202;IRRIG;D04M;manha;D04
svm;por_genotipo;CD202;3;treino;487;B3_CD202_IRRIG_REPROD00007.asd;B3;CD202;IRRIG;D04M;manha;D04
svm;por_genotipo;CD202;3;treino;489;B3_CD202_NIRRIG_REPROD00001.asd;B3;CD202;NIRRIG;D04M;manha;D04
svm;por_genotipo;CD202;3;treino;490;B3_CD202_NIRRIG_REPROD00002.asd;B3;CD202;NIRRIG;D04M;manha;D04
svm;por_genotipo;CD202;3;treino;491;B3_CD202_NIRRIG_REPROD00003.asd;B3;CD202;NIRRIG;D04M;manha;D04
svm;por_genotipo;CD202;3;treino;492;B3_CD202_NIRRIG_REPROD00004.asd;B3;CD202;NIRRIG;D04M;manha;D04
svm;por_genotipo;CD202;3;treino;493;B3_CD202_NIRRIG_REPROD00005.asd;B3;CD202;NIRRIG;D04M;manha;D04
svm;por_genotipo;CD202;3;treino;494;B3_CD202_NIRRIG_REPROD00006.asd;B3;CD202;NIRRIG;D04M;manha;D04
svm;por_genotipo;CD202;3;treino;495;B3_CD202_NIRRIG_REPROD00007.asd;B3;CD202;NIRRIG;D04M;manha;D04
svm;por_genotipo;CD202;3;treino;496;B4_CD202_IRRIG_REPROD00000.asd;B4;CD202;IRRIG;D04M;manha;D04
svm;por_genotipo;CD202;3;treino;497;B4_CD202_IRRIG_REPROD00001.asd;B4;CD202;IRRIG;D04M;manha;D04
svm;por_genotipo;CD202;3;treino;498;B4_CD202_IRRIG_REPROD00002.asd;B4;CD202;IRRIG;D04M;manha;D04
svm;por_genotipo;CD202;3;treino;499;B4_CD202_IRRIG_REPROD00003.asd;B4;CD202;IRRIG;D04M;manha;D04
svm;por_genotipo;CD202;3;treino;500;B4_CD202_IRRIG_REPROD00004.asd;B4;CD202;IRRIG;D04M;manha;D04
svm;por_genotipo;CD202;3;treino;501;B4_CD202_IRRIG_REPROD00005.asd;B4;CD202;IRRIG;D04M;manha;D04
svm;por_genotipo;CD202;3;treino;502;B4_CD202_IRRIG_REPROD00006.asd;B4;CD202;IRRIG;D04M;manha;D04
svm;por_genotipo;CD202;3;treino;503;B4_CD202_IRRIG_REPROD00007.asd;B4;CD202;IRRIG;D04M;manha;D04
svm;por_genotipo;CD202;3;treino;508;B4_CD202_NIRRIG_REPROD00004.asd;B4;CD202;NIRRIG;D04M;manha;D04
svm;por_genotipo;CD202;3;treino;509;B4_CD202_NIRRIG_REPROD00005.asd;B4;CD202;NIRRIG;D04M;manha;D04
svm;por_genotipo;CD202;3;treino;510;B4_CD202_NIRRIG_REPROD00006.asd;B4;CD202;NIRRIG;D04M;manha;D04
svm;por_genotipo;CD202;3;treino;511;B4_CD202_NIRRIG_REPROD00007.asd;B4;CD202;NIRRIG;D04M;manha;D04
svm;por_genotipo;CD202;3;treino;640;B1_CD202_IRRIG_REPROD00000.asd;B1;CD202;IRRIG;D05M;manha;D05
svm;por_genotipo;CD202;3;treino;641;B1_CD202_IRRIG_REPROD00001.asd;B1;CD202;IRRIG;D05M;manha;D05
svm;por_genotipo;CD202;3;treino;642;B1_CD202_IRRIG_REPROD00002.asd;B1;CD202;IRRIG;D05M;manha;D05
svm;por_genotipo;CD202;3;treino;645;B1_CD202_IRRIG_REPROD00005.asd;B1;CD202;IRRIG;D05M;manha;D05
svm;por_genotipo;CD202;3;treino;646;B1_CD202_IRRIG_REPROD00006.asd;B1;CD202;IRRIG;D05M;manha;D05
svm;por_genotipo;CD202;3;treino;647;B1_CD202_IRRIG_REPROD00007.asd;B1;CD202;IRRIG;D05M;manha;D05
svm;por_genotipo;CD202;3;treino;648;B1_CD202_NIRRIG_REPROD00000.asd;B1;CD202;NIRRIG;D05M;manha;D05
svm;por_genotipo;CD202;3;treino;649;B1_CD202_NIRRIG_REPROD00001.asd;B1;CD202;NIRRIG;D05M;manha;D05
svm;por_genotipo;CD202;3;treino;650;B1_CD202_NIRRIG_REPROD00002.asd;B1;CD202;NIRRIG;D05M;manha;D05
svm;por_genotipo;CD202;3;treino;651;B1_CD202_NIRRIG_REPROD00003.asd;B1;CD202;NIRRIG;D05M;manha;D05
svm;por_genotipo;CD202;3;treino;652;B1_CD202_NIRRIG_REPROD00004.asd;B1;CD202;NIRRIG;D05M;manha;D05
svm;por_genotipo;CD202;3;treino;653;B1_CD202_NIRRIG_REPROD00005.asd;B1;CD202;NIRRIG;D05M;manha;D05
svm;por_genotipo;CD202;3;treino;654;B1_CD202_NIRRIG_REPROD00006.asd;B1;CD202;NIRRIG;D05M;manha;D05
svm;por_genotipo;CD202;3;treino;655;B1_CD202_NIRRIG_REPROD00007.asd;B1;CD202;NIRRIG;D05M;manha;D05
svm;por_genotipo;CD202;3;treino;656;B2_CD202_IRRIG_REPROD00000.asd;B2;CD202;IRRIG;D05M;manha;D05
svm;por_genotipo;CD202;3;treino;657;B2_CD202_IRRIG_REPROD00001.asd;B2;CD202;IRRIG;D05M;manha;D05
svm;por_genotipo;CD202;3;treino;658;B2_CD202_IRRIG_REPROD00002.asd;B2;CD202;IRRIG;D05M;manha;D05
svm;por_genotipo;CD202;3;treino;660;B2_CD202_IRRIG_REPROD00004.asd;B2;CD202;IRRIG;D05M;manha;D05
svm;por_genotipo;CD202;3;treino;661;B2_CD202_IRRIG_REPROD00005.asd;B2;CD202;IRRIG;D05M;manha;D05
svm;por_genotipo;CD202;3;treino;662;B2_CD202_IRRIG_REPROD00006.asd;B2;CD202;IRRIG;D05M;manha;D05
svm;por_genotipo;CD202;3;treino;663;B2_CD202_IRRIG_REPROD00007.asd;B2;CD202;IRRIG;D05M;manha;D05
svm;por_genotipo;CD202;3;treino;665;B2_CD202_NIRRIG_REPROD00001.asd;B2;CD202;NIRRIG;D05M;manha;D05
svm;por_genotipo;CD202;3;treino;666;B2_CD202_NIRRIG_REPROD00002.asd;B2;CD202;NIRRIG;D05M;manha;D05
svm;por_genotipo;CD202;3;treino;668;B2_CD202_NIRRIG_REPROD00004.asd;B2;CD202;NIRRIG;D05M;manha;D05
svm;por_genotipo;CD202;3;treino;669;B2_CD202_NIRRIG_REPROD00005.asd;B2;CD202;NIRRIG;D05M;manha;D05
svm;por_genotipo;CD202;3;treino;670;B2_CD202_NIRRIG_REPROD00006.asd;B2;CD202;NIRRIG;D05M;manha;D05
svm;por_genotipo;CD202;3;treino;671;B2_CD202_NIRRIG_REPROD00007.asd;B2;CD202;NIRRIG;D05M;manha;D05
svm;por_genotipo;CD202;3;treino;672;B3_CD202_IRRIG_REPROD00000.asd;B3;CD202;IRRIG;D05M;manha;D05
svm;por_genotipo;CD202;3;treino;673;B3_CD202_IRRIG_REPROD00001.asd;B3;CD202;IRRIG;D05M;manha;D05
svm;por_genotipo;CD202;3;treino;674;B3_CD202_IRRIG_REPROD00002.asd;B3;CD202;IRRIG;D05M;manha;D05
svm;por_genotipo;CD202;3;treino;678;B3_CD202_IRRIG_REPROD00006.asd;B3;CD202;IRRIG;D05M;manha;D05
svm;por_genotipo;CD202;3;treino;679;B3_CD202_IRRIG_REPROD00007.asd;B3;CD202;IRRIG;D05M;manha;D05
svm;por_genotipo;CD202;3;treino;681;B3_CD202_NIRRIG_REPROD00001.asd;B3;CD202;NIRRIG;D05M;manha;D05
svm;por_genotipo;CD202;3;treino;682;B3_CD202_NIRRIG_REPROD00002.asd;B3;CD202;NIRRIG;D05M;manha;D05
svm;por_genotipo;CD202;3;treino;683;B3_CD202_NIRRIG_REPROD00003.asd;B3;CD202;NIRRIG;D05M;manha;D05
svm;por_genotipo;CD202;3;treino;684;B3_CD202_NIRRIG_REPROD00004.asd;B3;CD202;NIRRIG;D05M;manha;D05
svm;por_genotipo;CD202;3;treino;685;B3_CD202_NIRRIG_REPROD00005.asd;B3;CD202;NIRRIG;D05M;manha;D05
svm;por_genotipo;CD202;3;treino;686;B3_CD202_NIRRIG_REPROD00006.asd;B3;CD202;NIRRIG;D05M;manha;D05
svm;por_genotipo;CD202;3;treino;687;B3_CD202_NIRRIG_REPROD00007.asd;B3;CD202;NIRRIG;D05M;manha;D05
svm;por_genotipo;CD202;3;treino;688;B4_CD202_IRRIG_REPROD00000.asd;B4;CD202;IRRIG;D05M;manha;D05
svm;por_genotipo;CD202;3;treino;689;B4_CD202_IRRIG_REPROD00001.asd;B4;CD202;IRRIG;D05M;manha;D05
svm;por_genotipo;CD202;3;treino;690;B4_CD202_IRRIG_REPROD00002.asd;B4;CD202;IRRIG;D05M;manha;D05
svm;por_genotipo;CD202;3;treino;691;B4_CD202_IRRIG_REPROD00003.asd;B4;CD202;IRRIG;D05M;manha;D05
svm;por_genotipo;CD202;3;treino;692;B4_CD202_IRRIG_REPROD00004.asd;B4;CD202;IRRIG;D05M;manha;D05
svm;por_genotipo;CD202;3;treino;693;B4_CD202_IRRIG_REPROD00005.asd;B4;CD202;IRRIG;D05M;manha;D05
svm;por_genotipo;CD202;3;treino;694;B4_CD202_IRRIG_REPROD00006.asd;B4;CD202;IRRIG;D05M;manha;D05
svm;por_genotipo;CD202;3;treino;695;B4_CD202_IRRIG_REPROD00007.asd;B4;CD202;IRRIG;D05M;manha;D05
svm;por_genotipo;CD202;3;treino;700;B4_CD202_NIRRIG_REPROD00004.asd;B4;CD202;NIRRIG;D05M;manha;D05
svm;por_genotipo;CD202;3;treino;701;B4_CD202_NIRRIG_REPROD00005.asd;B4;CD202;NIRRIG;D05M;manha;D05
svm;por_genotipo;CD202;3;treino;702;B4_CD202_NIRRIG_REPROD00006.asd;B4;CD202;NIRRIG;D05M;manha;D05
svm;por_genotipo;CD202;3;treino;703;B4_CD202_NIRRIG_REPROD00007.asd;B4;CD202;NIRRIG;D05M;manha;D05
svm;por_genotipo;CD202;3;treino;832;B1_CD202_IRRIG_REPROD00000.asd;B1;CD202;IRRIG;D06M;manha;D06
svm;por_genotipo;CD202;3;treino;833;B1_CD202_IRRIG_REPROD00001.asd;B1;CD202;IRRIG;D06M;manha;D06
svm;por_genotipo;CD202;3;treino;834;B1_CD202_IRRIG_REPROD00002.asd;B1;CD202;IRRIG;D06M;manha;D06
svm;por_genotipo;CD202;3;treino;837;B1_CD202_IRRIG_REPROD00005.asd;B1;CD202;IRRIG;D06M;manha;D06
svm;por_genotipo;CD202;3;treino;838;B1_CD202_IRRIG_REPROD00006.asd;B1;CD202;IRRIG;D06M;manha;D06
svm;por_genotipo;CD202;3;treino;839;B1_CD202_IRRIG_REPROD00007.asd;B1;CD202;IRRIG;D06M;manha;D06
svm;por_genotipo;CD202;3;treino;840;B1_CD202_NIRRIG_REPROD00000.asd;B1;CD202;NIRRIG;D06M;manha;D06
svm;por_genotipo;CD202;3;treino;841;B1_CD202_NIRRIG_REPROD00001.asd;B1;CD202;NIRRIG;D06M;manha;D06
svm;por_genotipo;CD202;3;treino;842;B1_CD202_NIRRIG_REPROD00002.asd;B1;CD202;NIRRIG;D06M;manha;D06
svm;por_genotipo;CD202;3;treino;843;B1_CD202_NIRRIG_REPROD00003.asd;B1;CD202;NIRRIG;D06M;manha;D06
svm;por_genotipo;CD202;3;treino;844;B1_CD202_NIRRIG_REPROD00004.asd;B1;CD202;NIRRIG;D06M;manha;D06
svm;por_genotipo;CD202;3;treino;845;B1_CD202_NIRRIG_REPROD00005.asd;B1;CD202;NIRRIG;D06M;manha;D06
svm;por_genotipo;CD202;3;treino;846;B1_CD202_NIRRIG_REPROD00006.asd;B1;CD202;NIRRIG;D06M;manha;D06
svm;por_genotipo;CD202;3;treino;847;B1_CD202_NIRRIG_REPROD00007.asd;B1;CD202;NIRRIG;D06M;manha;D06
svm;por_genotipo;CD202;3;treino;848;B2_CD202_IRRIG_REPROD00000.asd;B2;CD202;IRRIG;D06M;manha;D06
svm;por_genotipo;CD202;3;treino;849;B2_CD202_IRRIG_REPROD00001.asd;B2;CD202;IRRIG;D06M;manha;D06
svm;por_genotipo;CD202;3;treino;850;B2_CD202_IRRIG_REPROD00002.asd;B2;CD202;IRRIG;D06M;manha;D06
svm;por_genotipo;CD202;3;treino;852;B2_CD202_IRRIG_REPROD00004.asd;B2;CD202;IRRIG;D06M;manha;D06
svm;por_genotipo;CD202;3;treino;853;B2_CD202_IRRIG_REPROD00005.asd;B2;CD202;IRRIG;D06M;manha;D06
svm;por_genotipo;CD202;3;treino;854;B2_CD202_IRRIG_REPROD00006.asd;B2;CD202;IRRIG;D06M;manha;D06
svm;por_genotipo;CD202;3;treino;855;B2_CD202_IRRIG_REPROD00007.asd;B2;CD202;IRRIG;D06M;manha;D06
svm;por_genotipo;CD202;3;treino;857;B2_CD202_NIRRIG_REPROD00001.asd;B2;CD202;NIRRIG;D06M;manha;D06
svm;por_genotipo;CD202;3;treino;858;B2_CD202_NIRRIG_REPROD00002.asd;B2;CD202;NIRRIG;D06M;manha;D06
svm;por_genotipo;CD202;3;treino;860;B2_CD202_NIRRIG_REPROD00004.asd;B2;CD202;NIRRIG;D06M;manha;D06
svm;por_genotipo;CD202;3;treino;861;B2_CD202_NIRRIG_REPROD00005.asd;B2;CD202;NIRRIG;D06M;manha;D06
svm;por_genotipo;CD202;3;treino;862;B2_CD202_NIRRIG_REPROD00006.asd;B2;CD202;NIRRIG;D06M;manha;D06
svm;por_genotipo;CD202;3;treino;863;B2_CD202_NIRRIG_REPROD00007.asd;B2;CD202;NIRRIG;D06M;manha;D06
svm;por_genotipo;CD202;3;treino;864;B3_CD202_IRRIG_REPROD00000.asd;B3;CD202;IRRIG;D06M;manha;D06
svm;por_genotipo;CD202;3;treino;865;B3_CD202_IRRIG_REPROD00001.asd;B3;CD202;IRRIG;D06M;manha;D06
svm;por_genotipo;CD202;3;treino;866;B3_CD202_IRRIG_REPROD00002.asd;B3;CD202;IRRIG;D06M;manha;D06
svm;por_genotipo;CD202;3;treino;870;B3_CD202_IRRIG_REPROD00006.asd;B3;CD202;IRRIG;D06M;manha;D06
svm;por_genotipo;CD202;3;treino;871;B3_CD202_IRRIG_REPROD00007.asd;B3;CD202;IRRIG;D06M;manha;D06
svm;por_genotipo;CD202;3;treino;873;B3_CD202_NIRRIG_REPROD00001.asd;B3;CD202;NIRRIG;D06M;manha;D06
svm;por_genotipo;CD202;3;treino;874;B3_CD202_NIRRIG_REPROD00002.asd;B3;CD202;NIRRIG;D06M;manha;D06
svm;por_genotipo;CD202;3;treino;875;B3_CD202_NIRRIG_REPROD00003.asd;B3;CD202;NIRRIG;D06M;manha;D06
svm;por_genotipo;CD202;3;treino;876;B3_CD202_NIRRIG_REPROD00004.asd;B3;CD202;NIRRIG;D06M;manha;D06
svm;por_genotipo;CD202;3;treino;877;B3_CD202_NIRRIG_REPROD00005.asd;B3;CD202;NIRRIG;D06M;manha;D06
svm;por_genotipo;CD202;3;treino;878;B3_CD202_NIRRIG_REPROD00006.asd;B3;CD202;NIRRIG;D06M;manha;D06
svm;por_genotipo;CD202;3;treino;879;B3_CD202_NIRRIG_REPROD00007.asd;B3;CD202;NIRRIG;D06M;manha;D06
svm;por_genotipo;CD202;3;treino;880;B4_CD202_IRRIG_REPROD00000.asd;B4;CD202;IRRIG;D06M;manha;D06
svm;por_genotipo;CD202;3;treino;881;B4_CD202_IRRIG_REPROD00001.asd;B4;CD202;IRRIG;D06M;manha;D06
svm;por_genotipo;CD202;3;treino;882;B4_CD202_IRRIG_REPROD00002.asd;B4;CD202;IRRIG;D06M;manha;D06
svm;por_genotipo;CD202;3;treino;883;B4_CD202_IRRIG_REPROD00003.asd;B4;CD202;IRRIG;D06M;manha;D06
svm;por_genotipo;CD202;3;treino;884;B4_CD202_IRRIG_REPROD00004.asd;B4;CD202;IRRIG;D06M;manha;D06
svm;por_genotipo;CD202;3;treino;885;B4_CD202_IRRIG_REPROD00005.asd;B4;CD202;IRRIG;D06M;manha;D06
svm;por_genotipo;CD202;3;treino;886;B4_CD202_IRRIG_REPROD00006.asd;B4;CD202;IRRIG;D06M;manha;D06
svm;por_genotipo;CD202;3;treino;887;B4_CD202_IRRIG_REPROD00007.asd;B4;CD202;IRRIG;D06M;manha;D06
svm;por_genotipo;CD202;3;treino;892;B4_CD202_NIRRIG_REPROD00004.asd;B4;CD202;NIRRIG;D06M;manha;D06
svm;por_genotipo;CD202;3;treino;893;B4_CD202_NIRRIG_REPROD00005.asd;B4;CD202;NIRRIG;D06M;manha;D06
svm;por_genotipo;CD202;3;treino;894;B4_CD202_NIRRIG_REPROD00006.asd;B4;CD202;NIRRIG;D06M;manha;D06
svm;por_genotipo;CD202;3;treino;895;B4_CD202_NIRRIG_REPROD00007.asd;B4;CD202;NIRRIG;D06M;manha;D06
svm;por_genotipo;CD202;3;treino;1026;B1_CD202_IRR_REP_RECUP00002.asd;B1;CD202;IRRIG;D09M;manha;D09
svm;por_genotipo;CD202;3;treino;1028;B1_CD202_IRR_REP_RECUP00004.asd;B1;CD202;IRRIG;D09M;manha;D09
svm;por_genotipo;CD202;3;treino;1029;B1_CD202_IRR_REP_RECUP00005.asd;B1;CD202;IRRIG;D09M;manha;D09
svm;por_genotipo;CD202;3;treino;1030;B1_CD202_IRR_REP_RECUP00006.asd;B1;CD202;IRRIG;D09M;manha;D09
svm;por_genotipo;CD202;3;treino;1033;B1_CD202_IRR_REP_RECUP00009.asd;B1;CD202;IRRIG;D09M;manha;D09
svm;por_genotipo;CD202;3;treino;1034;B1_CD202_IRR_REP_RECUP00010.asd;B1;CD202;IRRIG;D09M;manha;D09
svm;por_genotipo;CD202;3;treino;1035;B1_CD202_IRR_REP_RECUP00011.asd;B1;CD202;IRRIG;D09M;manha;D09
svm;por_genotipo;CD202;3;treino;1036;B1_CD202_NIRR_REP_RECUP00000.asd;B1;CD202;NIRRIG;D09M;manha;D09
svm;por_genotipo;CD202;3;treino;1037;B1_CD202_NIRR_REP_RECUP00001.asd;B1;CD202;NIRRIG;D09M;manha;D09
svm;por_genotipo;CD202;3;treino;1038;B1_CD202_NIRR_REP_RECUP00002.asd;B1;CD202;NIRRIG;D09M;manha;D09
svm;por_genotipo;CD202;3;treino;1039;B1_CD202_NIRR_REP_RECUP00003.asd;B1;CD202;NIRRIG;D09M;manha;D09
svm;por_genotipo;CD202;3;treino;1040;B1_CD202_NIRR_REP_RECUP00004.asd;B1;CD202;NIRRIG;D09M;manha;D09
svm;por_genotipo;CD202;3;treino;1042;B1_CD202_NIRR_REP_RECUP00006.asd;B1;CD202;NIRRIG;D09M;manha;D09
svm;por_genotipo;CD202;3;treino;1043;B1_CD202_NIRR_REP_RECUP00007.asd;B1;CD202;NIRRIG;D09M;manha;D09
svm;por_genotipo;CD202;3;treino;1044;B2_CD202_IRR_REP_RECUP00000.asd;B2;CD202;IRRIG;D09M;manha;D09
svm;por_genotipo;CD202;3;treino;1045;B2_CD202_IRR_REP_RECUP00001.asd;B2;CD202;IRRIG;D09M;manha;D09
svm;por_genotipo;CD202;3;treino;1047;B2_CD202_IRR_REP_RECUP00003.asd;B2;CD202;IRRIG;D09M;manha;D09
svm;por_genotipo;CD202;3;treino;1048;B2_CD202_IRR_REP_RECUP00004.asd;B2;CD202;IRRIG;D09M;manha;D09
svm;por_genotipo;CD202;3;treino;1049;B2_CD202_IRR_REP_RECUP00005.asd;B2;CD202;IRRIG;D09M;manha;D09
svm;por_genotipo;CD202;3;treino;1050;B2_CD202_IRR_REP_RECUP00006.asd;B2;CD202;IRRIG;D09M;manha;D09
svm;por_genotipo;CD202;3;treino;1052;B2_CD202_NIRR_REP_RECUP00000.asd;B2;CD202;NIRRIG;D09M;manha;D09
svm;por_genotipo;CD202;3;treino;1053;B2_CD202_NIRR_REP_RECUP00001.asd;B2;CD202;NIRRIG;D09M;manha;D09
svm;por_genotipo;CD202;3;treino;1054;B2_CD202_NIRR_REP_RECUP00002.asd;B2;CD202;NIRRIG;D09M;manha;D09
svm;por_genotipo;CD202;3;treino;1055;B2_CD202_NIRR_REP_RECUP00003.asd;B2;CD202;NIRRIG;D09M;manha;D09
svm;por_genotipo;CD202;3;treino;1056;B2_CD202_NIRR_REP_RECUP00004.asd;B2;CD202;NIRRIG;D09M;manha;D09
svm;por_genotipo;CD202;3;treino;1057;B2_CD202_NIRR_REP_RECUP00005.asd;B2;CD202;NIRRIG;D09M;manha;D09
svm;por_genotipo;CD202;3;treino;1060;B3_CD202_IRR_REP_RECUP00000.asd;B3;CD202;IRRIG;D09M;manha;D09
svm;por_genotipo;CD202;3;treino;1061;B3_CD202_IRR_REP_RECUP00001.asd;B3;CD202;IRRIG;D09M;manha;D09
svm;por_genotipo;CD202;3;treino;1062;B3_CD202_IRR_REP_RECUP00002.asd;B3;CD202;IRRIG;D09M;manha;D09
svm;por_genotipo;CD202;3;treino;1063;B3_CD202_IRR_REP_RECUP00003.asd;B3;CD202;IRRIG;D09M;manha;D09
svm;por_genotipo;CD202;3;treino;1064;B3_CD202_IRR_REP_RECUP00004.asd;B3;CD202;IRRIG;D09M;manha;D09
svm;por_genotipo;CD202;3;treino;1065;B3_CD202_IRR_REP_RECUP00005.asd;B3;CD202;IRRIG;D09M;manha;D09
svm;por_genotipo;CD202;3;treino;1066;B3_CD202_IRR_REP_RECUP00006.asd;B3;CD202;IRRIG;D09M;manha;D09
svm;por_genotipo;CD202;3;treino;1067;B3_CD202_IRR_REP_RECUP00007.asd;B3;CD202;IRRIG;D09M;manha;D09
svm;por_genotipo;CD202;3;treino;1068;B3_CD202_NIRR_REP_RECUP00000.asd;B3;CD202;NIRRIG;D09M;manha;D09
svm;por_genotipo;CD202;3;treino;1069;B3_CD202_NIRR_REP_RECUP00001.asd;B3;CD202;NIRRIG;D09M;manha;D09
svm;por_genotipo;CD202;3;treino;1070;B3_CD202_NIRR_REP_RECUP00002.asd;B3;CD202;NIRRIG;D09M;manha;D09
svm;por_genotipo;CD202;3;treino;1071;B3_CD202_NIRR_REP_RECUP00003.asd;B3;CD202;NIRRIG;D09M;manha;D09
svm;por_genotipo;CD202;3;treino;1072;B3_CD202_NIRR_REP_RECUP00004.asd;B3;CD202;NIRRIG;D09M;manha;D09
svm;por_genotipo;CD202;3;treino;1073;B3_CD202_NIRR_REP_RECUP00005.asd;B3;CD202;NIRRIG;D09M;manha;D09
svm;por_genotipo;CD202;3;treino;1074;B3_CD202_NIRR_REP_RECUP00006.asd;B3;CD202;NIRRIG;D09M;manha;D09
svm;por_genotipo;CD202;3;treino;1077;B4_CD202_IRR_REP_RECUP00001.asd;B4;CD202;IRRIG;D09M;manha;D09
svm;por_genotipo;CD202;3;treino;1078;B4_CD202_IRR_REP_RECUP00002.asd;B4;CD202;IRRIG;D09M;manha;D09
svm;por_genotipo;CD202;3;treino;1079;B4_CD202_IRR_REP_RECUP00003.asd;B4;CD202;IRRIG;D09M;manha;D09
svm;por_genotipo;CD202;3;treino;1080;B4_CD202_IRR_REP_RECUP00004.asd;B4;CD202;IRRIG;D09M;manha;D09
svm;por_genotipo;CD202;3;treino;1081;B4_CD202_IRR_REP_RECUP00005.asd;B4;CD202;IRRIG;D09M;manha;D09
svm;por_genotipo;CD202;3;treino;1082;B4_CD202_IRR_REP_RECUP00006.asd;B4;CD202;IRRIG;D09M;manha;D09
svm;por_genotipo;CD202;3;treino;1083;B4_CD202_IRR_REP_RECUP00007.asd;B4;CD202;IRRIG;D09M;manha;D09
svm;por_genotipo;CD202;3;treino;1084;B4_CD202_NIRR_REP_RECUP00000.asd;B4;CD202;NIRRIG;D09M;manha;D09
svm;por_genotipo;CD202;3;treino;1085;B4_CD202_NIRR_REP_RECUP00001.asd;B4;CD202;NIRRIG;D09M;manha;D09
svm;por_genotipo;CD202;3;treino;1086;B4_CD202_NIRR_REP_RECUP00002.asd;B4;CD202;NIRRIG;D09M;manha;D09
svm;por_genotipo;CD202;3;treino;1087;B4_CD202_NIRR_REP_RECUP00003.asd;B4;CD202;NIRRIG;D09M;manha;D09
svm;por_genotipo;CD202;3;treino;1088;B4_CD202_NIRR_REP_RECUP00004.asd;B4;CD202;NIRRIG;D09M;manha;D09
svm;por_genotipo;CD202;3;treino;1090;B4_CD202_NIRR_REP_RECUP00006.asd;B4;CD202;NIRRIG;D09M;manha;D09
svm;por_genotipo;CD202;3;treino;1091;B4_CD202_NIRR_REP_RECUP00007.asd;B4;CD202;NIRRIG;D09M;manha;D09
svm;por_genotipo;CD202;3;treino;1174;B1_CD202_IRR_REP_RECUP00002.asd;B1;CD202;IRRIG;D10M;manha;D10
svm;por_genotipo;CD202;3;treino;1176;B1_CD202_IRR_REP_RECUP00004.asd;B1;CD202;IRRIG;D10M;manha;D10
svm;por_genotipo;CD202;3;treino;1177;B1_CD202_IRR_REP_RECUP00005.asd;B1;CD202;IRRIG;D10M;manha;D10
svm;por_genotipo;CD202;3;treino;1178;B1_CD202_IRR_REP_RECUP00006.asd;B1;CD202;IRRIG;D10M;manha;D10
svm;por_genotipo;CD202;3;treino;1180;B1_CD202_NIRR_REP_RECUP00000.asd;B1;CD202;NIRRIG;D10M;manha;D10
svm;por_genotipo;CD202;3;treino;1181;B1_CD202_NIRR_REP_RECUP00001.asd;B1;CD202;NIRRIG;D10M;manha;D10
svm;por_genotipo;CD202;3;treino;1182;B1_CD202_NIRR_REP_RECUP00002.asd;B1;CD202;NIRRIG;D10M;manha;D10
svm;por_genotipo;CD202;3;treino;1183;B1_CD202_NIRR_REP_RECUP00003.asd;B1;CD202;NIRRIG;D10M;manha;D10
svm;por_genotipo;CD202;3;treino;1184;B1_CD202_NIRR_REP_RECUP00004.asd;B1;CD202;NIRRIG;D10M;manha;D10
svm;por_genotipo;CD202;3;treino;1186;B1_CD202_NIRR_REP_RECUP00006.asd;B1;CD202;NIRRIG;D10M;manha;D10
svm;por_genotipo;CD202;3;treino;1187;B1_CD202_NIRR_REP_RECUP00007.asd;B1;CD202;NIRRIG;D10M;manha;D10
svm;por_genotipo;CD202;3;treino;1220;B2_CD202_IRR_REP_RECUP00000.asd;B2;CD202;IRRIG;D10M;manha;D10
svm;por_genotipo;CD202;3;treino;1221;B2_CD202_IRR_REP_RECUP00001.asd;B2;CD202;IRRIG;D10M;manha;D10
svm;por_genotipo;CD202;3;treino;1223;B2_CD202_IRR_REP_RECUP00003.asd;B2;CD202;IRRIG;D10M;manha;D10
svm;por_genotipo;CD202;3;treino;1224;B2_CD202_IRR_REP_RECUP00004.asd;B2;CD202;IRRIG;D10M;manha;D10
svm;por_genotipo;CD202;3;treino;1225;B2_CD202_IRR_REP_RECUP00005.asd;B2;CD202;IRRIG;D10M;manha;D10
svm;por_genotipo;CD202;3;treino;1226;B2_CD202_IRR_REP_RECUP00006.asd;B2;CD202;IRRIG;D10M;manha;D10
svm;por_genotipo;CD202;3;treino;1229;B2_CD202_NIRR_REP_RECUP00009.asd;B2;CD202;NIRRIG;D10M;manha;D10
svm;por_genotipo;CD202;3;treino;1230;B2_CD202_NIRR_REP_RECUP00010.asd;B2;CD202;NIRRIG;D10M;manha;D10
svm;por_genotipo;CD202;3;treino;1231;B2_CD202_NIRR_REP_RECUP00011.asd;B2;CD202;NIRRIG;D10M;manha;D10
svm;por_genotipo;CD202;3;treino;1232;B2_CD202_NIRR_REP_RECUP00012.asd;B2;CD202;NIRRIG;D10M;manha;D10
svm;por_genotipo;CD202;3;treino;1233;B2_CD202_NIRR_REP_RECUP00013.asd;B2;CD202;NIRRIG;D10M;manha;D10
svm;por_genotipo;CD202;3;treino;1234;B2_CD202_NIRR_REP_RECUP00014.asd;B2;CD202;NIRRIG;D10M;manha;D10
svm;por_genotipo;CD202;3;treino;1268;B3_CD202_IRR_REP_RECUP00000.asd;B3;CD202;IRRIG;D10M;manha;D10
svm;por_genotipo;CD202;3;treino;1269;B3_CD202_IRR_REP_RECUP00001.asd;B3;CD202;IRRIG;D10M;manha;D10
svm;por_genotipo;CD202;3;treino;1270;B3_CD202_IRR_REP_RECUP00002.asd;B3;CD202;IRRIG;D10M;manha;D10
svm;por_genotipo;CD202;3;treino;1271;B3_CD202_IRR_REP_RECUP00003.asd;B3;CD202;IRRIG;D10M;manha;D10
svm;por_genotipo;CD202;3;treino;1272;B3_CD202_IRR_REP_RECUP00004.asd;B3;CD202;IRRIG;D10M;manha;D10
svm;por_genotipo;CD202;3;treino;1273;B3_CD202_IRR_REP_RECUP00005.asd;B3;CD202;IRRIG;D10M;manha;D10
svm;por_genotipo;CD202;3;treino;1274;B3_CD202_IRR_REP_RECUP00006.asd;B3;CD202;IRRIG;D10M;manha;D10
svm;por_genotipo;CD202;3;treino;1275;B3_CD202_IRR_REP_RECUP00007.asd;B3;CD202;IRRIG;D10M;manha;D10
svm;por_genotipo;CD202;3;treino;1276;B3_CD202_NIRR_REP_RECUP00000.asd;B3;CD202;NIRRIG;D10M;manha;D10
svm;por_genotipo;CD202;3;treino;1277;B3_CD202_NIRR_REP_RECUP00001.asd;B3;CD202;NIRRIG;D10M;manha;D10
svm;por_genotipo;CD202;3;treino;1278;B3_CD202_NIRR_REP_RECUP00002.asd;B3;CD202;NIRRIG;D10M;manha;D10
svm;por_genotipo;CD202;3;treino;1279;B3_CD202_NIRR_REP_RECUP00003.asd;B3;CD202;NIRRIG;D10M;manha;D10
svm;por_genotipo;CD202;3;treino;1280;B3_CD202_NIRR_REP_RECUP00004.asd;B3;CD202;NIRRIG;D10M;manha;D10
svm;por_genotipo;CD202;3;treino;1281;B3_CD202_NIRR_REP_RECUP00005.asd;B3;CD202;NIRRIG;D10M;manha;D10
svm;por_genotipo;CD202;3;treino;1282;B3_CD202_NIRR_REP_RECUP00006.asd;B3;CD202;NIRRIG;D10M;manha;D10
svm;por_genotipo;CD202;3;treino;1317;B4_CD202_IRR_REP_RECUP00001.asd;B4;CD202;IRRIG;D10M;manha;D10
svm;por_genotipo;CD202;3;treino;1318;B4_CD202_IRR_REP_RECUP00002.asd;B4;CD202;IRRIG;D10M;manha;D10
svm;por_genotipo;CD202;3;treino;1319;B4_CD202_IRR_REP_RECUP00003.asd;B4;CD202;IRRIG;D10M;manha;D10
svm;por_genotipo;CD202;3;treino;1320;B4_CD202_IRR_REP_RECUP00004.asd;B4;CD202;IRRIG;D10M;manha;D10
svm;por_genotipo;CD202;3;treino;1321;B4_CD202_IRR_REP_RECUP00005.asd;B4;CD202;IRRIG;D10M;manha;D10
svm;por_genotipo;CD202;3;treino;1322;B4_CD202_IRR_REP_RECUP00006.asd;B4;CD202;IRRIG;D10M;manha;D10
svm;por_genotipo;CD202;3;treino;1323;B4_CD202_IRR_REP_RECUP00007.asd;B4;CD202;IRRIG;D10M;manha;D10
svm;por_genotipo;CD202;3;treino;1324;B4_CD202_NIRR_REP_RECUP00000.asd;B4;CD202;NIRRIG;D10M;manha;D10
svm;por_genotipo;CD202;3;treino;1325;B4_CD202_NIRR_REP_RECUP00001.asd;B4;CD202;NIRRIG;D10M;manha;D10
svm;por_genotipo;CD202;3;treino;1326;B4_CD202_NIRR_REP_RECUP00002.asd;B4;CD202;NIRRIG;D10M;manha;D10
svm;por_genotipo;CD202;3;treino;1327;B4_CD202_NIRR_REP_RECUP00003.asd;B4;CD202;NIRRIG;D10M;manha;D10
svm;por_genotipo;CD202;3;treino;1328;B4_CD202_NIRR_REP_RECUP00004.asd;B4;CD202;NIRRIG;D10M;manha;D10
svm;por_genotipo;CD202;3;treino;1330;B4_CD202_NIRR_REP_RECUP00006.asd;B4;CD202;NIRRIG;D10M;manha;D10
svm;por_genotipo;CD202;3;treino;1331;B4_CD202_NIRR_REP_RECUP00007.asd;B4;CD202;NIRRIG;D10M;manha;D10
svm;por_genotipo;CD202;3;teste;67;B1_CD202_IRRIG_REPROD00003.asd;B1;CD202;IRRIG;D02M;manha;D02
svm;por_genotipo;CD202;3;teste;68;B1_CD202_IRRIG_REPROD00004.asd;B1;CD202;IRRIG;D02M;manha;D02
svm;por_genotipo;CD202;3;teste;83;B2_CD202_IRRIG_REPROD00003.asd;B2;CD202;IRRIG;D02M;manha;D02
svm;por_genotipo;CD202;3;teste;88;B2_CD202_NIRRIG_REPROD00000.asd;B2;CD202;NIRRIG;D02M;manha;D02
svm;por_genotipo;CD202;3;teste;91;B2_CD202_NIRRIG_REPROD00003.asd;B2;CD202;NIRRIG;D02M;manha;D02
svm;por_genotipo;CD202;3;teste;99;B3_CD202_IRRIG_REPROD00003.asd;B3;CD202;IRRIG;D02M;manha;D02
svm;por_genotipo;CD202;3;teste;100;B3_CD202_IRRIG_REPROD00004.asd;B3;CD202;IRRIG;D02M;manha;D02
svm;por_genotipo;CD202;3;teste;101;B3_CD202_IRRIG_REPROD00005.asd;B3;CD202;IRRIG;D02M;manha;D02
svm;por_genotipo;CD202;3;teste;104;B3_CD202_NIRRIG_REPROD00000.asd;B3;CD202;NIRRIG;D02M;manha;D02
svm;por_genotipo;CD202;3;teste;120;B4_CD202_NIRRIG_REPROD00000.asd;B4;CD202;NIRRIG;D02M;manha;D02
svm;por_genotipo;CD202;3;teste;121;B4_CD202_NIRRIG_REPROD00001.asd;B4;CD202;NIRRIG;D02M;manha;D02
svm;por_genotipo;CD202;3;teste;122;B4_CD202_NIRRIG_REPROD00002.asd;B4;CD202;NIRRIG;D02M;manha;D02
svm;por_genotipo;CD202;3;teste;123;B4_CD202_NIRRIG_REPROD00003.asd;B4;CD202;NIRRIG;D02M;manha;D02
svm;por_genotipo;CD202;3;teste;259;B1_CD202_IRRIG_REPROD00003.asd;B1;CD202;IRRIG;D03M;manha;D03
svm;por_genotipo;CD202;3;teste;260;B1_CD202_IRRIG_REPROD00004.asd;B1;CD202;IRRIG;D03M;manha;D03
svm;por_genotipo;CD202;3;teste;275;B2_CD202_IRRIG_REPROD00003.asd;B2;CD202;IRRIG;D03M;manha;D03
svm;por_genotipo;CD202;3;teste;280;B2_CD202_NIRRIG_REPROD00000.asd;B2;CD202;NIRRIG;D03M;manha;D03
svm;por_genotipo;CD202;3;teste;283;B2_CD202_NIRRIG_REPROD00003.asd;B2;CD202;NIRRIG;D03M;manha;D03
svm;por_genotipo;CD202;3;teste;291;B3_CD202_IRRIG_REPROD00003.asd;B3;CD202;IRRIG;D03M;manha;D03
svm;por_genotipo;CD202;3;teste;292;B3_CD202_IRRIG_REPROD00004.asd;B3;CD202;IRRIG;D03M;manha;D03
svm;por_genotipo;CD202;3;teste;293;B3_CD202_IRRIG_REPROD00005.asd;B3;CD202;IRRIG;D03M;manha;D03
svm;por_genotipo;CD202;3;teste;296;B3_CD202_NIRRIG_REPROD00000.asd;B3;CD202;NIRRIG;D03M;manha;D03
svm;por_genotipo;CD202;3;teste;312;B4_CD202_NIRRIG_REPROD00000.asd;B4;CD202;NIRRIG;D03M;manha;D03
svm;por_genotipo;CD202;3;teste;313;B4_CD202_NIRRIG_REPROD00001.asd;B4;CD202;NIRRIG;D03M;manha;D03
svm;por_genotipo;CD202;3;teste;314;B4_CD202_NIRRIG_REPROD00002.asd;B4;CD202;NIRRIG;D03M;manha;D03
svm;por_genotipo;CD202;3;teste;315;B4_CD202_NIRRIG_REPROD00003.asd;B4;CD202;NIRRIG;D03M;manha;D03
svm;por_genotipo;CD202;3;teste;451;B1_CD202_IRRIG_REPROD00003.asd;B1;CD202;IRRIG;D04M;manha;D04
svm;por_genotipo;CD202;3;teste;452;B1_CD202_IRRIG_REPROD00004.asd;B1;CD202;IRRIG;D04M;manha;D04
svm;por_genotipo;CD202;3;teste;467;B2_CD202_IRRIG_REPROD00003.asd;B2;CD202;IRRIG;D04M;manha;D04
svm;por_genotipo;CD202;3;teste;472;B2_CD202_NIRRIG_REPROD00000.asd;B2;CD202;NIRRIG;D04M;manha;D04
svm;por_genotipo;CD202;3;teste;475;B2_CD202_NIRRIG_REPROD00003.asd;B2;CD202;NIRRIG;D04M;manha;D04
svm;por_genotipo;CD202;3;teste;483;B3_CD202_IRRIG_REPROD00003.asd;B3;CD202;IRRIG;D04M;manha;D04
svm;por_genotipo;CD202;3;teste;484;B3_CD202_IRRIG_REPROD00004.asd;B3;CD202;IRRIG;D04M;manha;D04
svm;por_genotipo;CD202;3;teste;485;B3_CD202_IRRIG_REPROD00005.asd;B3;CD202;IRRIG;D04M;manha;D04
svm;por_genotipo;CD202;3;teste;488;B3_CD202_NIRRIG_REPROD00000.asd;B3;CD202;NIRRIG;D04M;manha;D04
svm;por_genotipo;CD202;3;teste;504;B4_CD202_NIRRIG_REPROD00000.asd;B4;CD202;NIRRIG;D04M;manha;D04
svm;por_genotipo;CD202;3;teste;505;B4_CD202_NIRRIG_REPROD00001.asd;B4;CD202;NIRRIG;D04M;manha;D04
svm;por_genotipo;CD202;3;teste;506;B4_CD202_NIRRIG_REPROD00002.asd;B4;CD202;NIRRIG;D04M;manha;D04
svm;por_genotipo;CD202;3;teste;507;B4_CD202_NIRRIG_REPROD00003.asd;B4;CD202;NIRRIG;D04M;manha;D04
svm;por_genotipo;CD202;3;teste;643;B1_CD202_IRRIG_REPROD00003.asd;B1;CD202;IRRIG;D05M;manha;D05
svm;por_genotipo;CD202;3;teste;644;B1_CD202_IRRIG_REPROD00004.asd;B1;CD202;IRRIG;D05M;manha;D05
svm;por_genotipo;CD202;3;teste;659;B2_CD202_IRRIG_REPROD00003.asd;B2;CD202;IRRIG;D05M;manha;D05
svm;por_genotipo;CD202;3;teste;664;B2_CD202_NIRRIG_REPROD00000.asd;B2;CD202;NIRRIG;D05M;manha;D05
svm;por_genotipo;CD202;3;teste;667;B2_CD202_NIRRIG_REPROD00003.asd;B2;CD202;NIRRIG;D05M;manha;D05
svm;por_genotipo;CD202;3;teste;675;B3_CD202_IRRIG_REPROD00003.asd;B3;CD202;IRRIG;D05M;manha;D05
svm;por_genotipo;CD202;3;teste;676;B3_CD202_IRRIG_REPROD00004.asd;B3;CD202;IRRIG;D05M;manha;D05
svm;por_genotipo;CD202;3;teste;677;B3_CD202_IRRIG_REPROD00005.asd;B3;CD202;IRRIG;D05M;manha;D05
svm;por_genotipo;CD202;3;teste;680;B3_CD202_NIRRIG_REPROD00000.asd;B3;CD202;NIRRIG;D05M;manha;D05
svm;por_genotipo;CD202;3;teste;696;B4_CD202_NIRRIG_REPROD00000.asd;B4;CD202;NIRRIG;D05M;manha;D05
svm;por_genotipo;CD202;3;teste;697;B4_CD202_NIRRIG_REPROD00001.asd;B4;CD202;NIRRIG;D05M;manha;D05
svm;por_genotipo;CD202;3;teste;698;B4_CD202_NIRRIG_REPROD00002.asd;B4;CD202;NIRRIG;D05M;manha;D05
svm;por_genotipo;CD202;3;teste;699;B4_CD202_NIRRIG_REPROD00003.asd;B4;CD202;NIRRIG;D05M;manha;D05
svm;por_genotipo;CD202;3;teste;835;B1_CD202_IRRIG_REPROD00003.asd;B1;CD202;IRRIG;D06M;manha;D06
svm;por_genotipo;CD202;3;teste;836;B1_CD202_IRRIG_REPROD00004.asd;B1;CD202;IRRIG;D06M;manha;D06
svm;por_genotipo;CD202;3;teste;851;B2_CD202_IRRIG_REPROD00003.asd;B2;CD202;IRRIG;D06M;manha;D06
svm;por_genotipo;CD202;3;teste;856;B2_CD202_NIRRIG_REPROD00000.asd;B2;CD202;NIRRIG;D06M;manha;D06
svm;por_genotipo;CD202;3;teste;859;B2_CD202_NIRRIG_REPROD00003.asd;B2;CD202;NIRRIG;D06M;manha;D06
svm;por_genotipo;CD202;3;teste;867;B3_CD202_IRRIG_REPROD00003.asd;B3;CD202;IRRIG;D06M;manha;D06
svm;por_genotipo;CD202;3;teste;868;B3_CD202_IRRIG_REPROD00004.asd;B3;CD202;IRRIG;D06M;manha;D06
svm;por_genotipo;CD202;3;teste;869;B3_CD202_IRRIG_REPROD00005.asd;B3;CD202;IRRIG;D06M;manha;D06
svm;por_genotipo;CD202;3;teste;872;B3_CD202_NIRRIG_REPROD00000.asd;B3;CD202;NIRRIG;D06M;manha;D06
svm;por_genotipo;CD202;3;teste;888;B4_CD202_NIRRIG_REPROD00000.asd;B4;CD202;NIRRIG;D06M;manha;D06
svm;por_genotipo;CD202;3;teste;889;B4_CD202_NIRRIG_REPROD00001.asd;B4;CD202;NIRRIG;D06M;manha;D06
svm;por_genotipo;CD202;3;teste;890;B4_CD202_NIRRIG_REPROD00002.asd;B4;CD202;NIRRIG;D06M;manha;D06
svm;por_genotipo;CD202;3;teste;891;B4_CD202_NIRRIG_REPROD00003.asd;B4;CD202;NIRRIG;D06M;manha;D06
svm;por_genotipo;CD202;3;teste;1024;B1_CD202_IRR_REP_RECUP00000.asd;B1;CD202;IRRIG;D09M;manha;D09
svm;por_genotipo;CD202;3;teste;1025;B1_CD202_IRR_REP_RECUP00001.asd;B1;CD202;IRRIG;D09M;manha;D09
svm;por_genotipo;CD202;3;teste;1027;B1_CD202_IRR_REP_RECUP00003.asd;B1;CD202;IRRIG;D09M;manha;D09
svm;por_genotipo;CD202;3;teste;1031;B1_CD202_IRR_REP_RECUP00007.asd;B1;CD202;IRRIG;D09M;manha;D09
svm;por_genotipo;CD202;3;teste;1032;B1_CD202_IRR_REP_RECUP00008.asd;B1;CD202;IRRIG;D09M;manha;D09
svm;por_genotipo;CD202;3;teste;1041;B1_CD202_NIRR_REP_RECUP00005.asd;B1;CD202;NIRRIG;D09M;manha;D09
svm;por_genotipo;CD202;3;teste;1046;B2_CD202_IRR_REP_RECUP00002.asd;B2;CD202;IRRIG;D09M;manha;D09
svm;por_genotipo;CD202;3;teste;1051;B2_CD202_IRR_REP_RECUP00007.asd;B2;CD202;IRRIG;D09M;manha;D09
svm;por_genotipo;CD202;3;teste;1058;B2_CD202_NIRR_REP_RECUP00006.asd;B2;CD202;NIRRIG;D09M;manha;D09
svm;por_genotipo;CD202;3;teste;1059;B2_CD202_NIRR_REP_RECUP00007.asd;B2;CD202;NIRRIG;D09M;manha;D09
svm;por_genotipo;CD202;3;teste;1075;B3_CD202_NIRR_REP_RECUP00007.asd;B3;CD202;NIRRIG;D09M;manha;D09
svm;por_genotipo;CD202;3;teste;1076;B4_CD202_IRR_REP_RECUP00000.asd;B4;CD202;IRRIG;D09M;manha;D09
svm;por_genotipo;CD202;3;teste;1089;B4_CD202_NIRR_REP_RECUP00005.asd;B4;CD202;NIRRIG;D09M;manha;D09
svm;por_genotipo;CD202;3;teste;1172;B1_CD202_IRR_REP_RECUP00000.asd;B1;CD202;IRRIG;D10M;manha;D10
svm;por_genotipo;CD202;3;teste;1173;B1_CD202_IRR_REP_RECUP00001.asd;B1;CD202;IRRIG;D10M;manha;D10
svm;por_genotipo;CD202;3;teste;1175;B1_CD202_IRR_REP_RECUP00003.asd;B1;CD202;IRRIG;D10M;manha;D10
svm;por_genotipo;CD202;3;teste;1179;B1_CD202_IRR_REP_RECUP00007.asd;B1;CD202;IRRIG;D10M;manha;D10
svm;por_genotipo;CD202;3;teste;1185;B1_CD202_NIRR_REP_RECUP00005.asd;B1;CD202;NIRRIG;D10M;manha;D10
svm;por_genotipo;CD202;3;teste;1222;B2_CD202_IRR_REP_RECUP00002.asd;B2;CD202;IRRIG;D10M;manha;D10
svm;por_genotipo;CD202;3;teste;1227;B2_CD202_IRR_REP_RECUP00007.asd;B2;CD202;IRRIG;D10M;manha;D10
svm;por_genotipo;CD202;3;teste;1228;B2_CD202_NIRR_REP_RECUP00008.asd;B2;CD202;NIRRIG;D10M;manha;D10
svm;por_genotipo;CD202;3;teste;1235;B2_CD202_NIRR_REP_RECUP00015.asd;B2;CD202;NIRRIG;D10M;manha;D10
svm;por_genotipo;CD202;3;teste;1283;B3_CD202_NIRR_REP_RECUP00007.asd;B3;CD202;NIRRIG;D10M;manha;D10
svm;por_genotipo;CD202;3;teste;1316;B4_CD202_IRR_REP_RECUP00000.asd;B4;CD202;IRRIG;D10M;manha;D10
svm;por_genotipo;CD202;3;teste;1329;B4_CD202_NIRR_REP_RECUP00005.asd;B4;CD202;NIRRIG;D10M;manha;D10
svm;por_genotipo;CD202;4;treino;65;B1_CD202_IRRIG_REPROD00001.asd;B1;CD202;IRRIG;D02M;manha;D02
svm;por_genotipo;CD202;4;treino;67;B1_CD202_IRRIG_REPROD00003.asd;B1;CD202;IRRIG;D02M;manha;D02
svm;por_genotipo;CD202;4;treino;68;B1_CD202_IRRIG_REPROD00004.asd;B1;CD202;IRRIG;D02M;manha;D02
svm;por_genotipo;CD202;4;treino;69;B1_CD202_IRRIG_REPROD00005.asd;B1;CD202;IRRIG;D02M;manha;D02
svm;por_genotipo;CD202;4;treino;70;B1_CD202_IRRIG_REPROD00006.asd;B1;CD202;IRRIG;D02M;manha;D02
svm;por_genotipo;CD202;4;treino;71;B1_CD202_IRRIG_REPROD00007.asd;B1;CD202;IRRIG;D02M;manha;D02
svm;por_genotipo;CD202;4;treino;72;B1_CD202_NIRRIG_REPROD00000.asd;B1;CD202;NIRRIG;D02M;manha;D02
svm;por_genotipo;CD202;4;treino;73;B1_CD202_NIRRIG_REPROD00001.asd;B1;CD202;NIRRIG;D02M;manha;D02
svm;por_genotipo;CD202;4;treino;74;B1_CD202_NIRRIG_REPROD00002.asd;B1;CD202;NIRRIG;D02M;manha;D02
svm;por_genotipo;CD202;4;treino;75;B1_CD202_NIRRIG_REPROD00003.asd;B1;CD202;NIRRIG;D02M;manha;D02
svm;por_genotipo;CD202;4;treino;77;B1_CD202_NIRRIG_REPROD00005.asd;B1;CD202;NIRRIG;D02M;manha;D02
svm;por_genotipo;CD202;4;treino;79;B1_CD202_NIRRIG_REPROD00007.asd;B1;CD202;NIRRIG;D02M;manha;D02
svm;por_genotipo;CD202;4;treino;80;B2_CD202_IRRIG_REPROD00000.asd;B2;CD202;IRRIG;D02M;manha;D02
svm;por_genotipo;CD202;4;treino;81;B2_CD202_IRRIG_REPROD00001.asd;B2;CD202;IRRIG;D02M;manha;D02
svm;por_genotipo;CD202;4;treino;83;B2_CD202_IRRIG_REPROD00003.asd;B2;CD202;IRRIG;D02M;manha;D02
svm;por_genotipo;CD202;4;treino;84;B2_CD202_IRRIG_REPROD00004.asd;B2;CD202;IRRIG;D02M;manha;D02
svm;por_genotipo;CD202;4;treino;85;B2_CD202_IRRIG_REPROD00005.asd;B2;CD202;IRRIG;D02M;manha;D02
svm;por_genotipo;CD202;4;treino;86;B2_CD202_IRRIG_REPROD00006.asd;B2;CD202;IRRIG;D02M;manha;D02
svm;por_genotipo;CD202;4;treino;87;B2_CD202_IRRIG_REPROD00007.asd;B2;CD202;IRRIG;D02M;manha;D02
svm;por_genotipo;CD202;4;treino;88;B2_CD202_NIRRIG_REPROD00000.asd;B2;CD202;NIRRIG;D02M;manha;D02
svm;por_genotipo;CD202;4;treino;90;B2_CD202_NIRRIG_REPROD00002.asd;B2;CD202;NIRRIG;D02M;manha;D02
svm;por_genotipo;CD202;4;treino;91;B2_CD202_NIRRIG_REPROD00003.asd;B2;CD202;NIRRIG;D02M;manha;D02
svm;por_genotipo;CD202;4;treino;92;B2_CD202_NIRRIG_REPROD00004.asd;B2;CD202;NIRRIG;D02M;manha;D02
svm;por_genotipo;CD202;4;treino;94;B2_CD202_NIRRIG_REPROD00006.asd;B2;CD202;NIRRIG;D02M;manha;D02
svm;por_genotipo;CD202;4;treino;95;B2_CD202_NIRRIG_REPROD00007.asd;B2;CD202;NIRRIG;D02M;manha;D02
svm;por_genotipo;CD202;4;treino;96;B3_CD202_IRRIG_REPROD00000.asd;B3;CD202;IRRIG;D02M;manha;D02
svm;por_genotipo;CD202;4;treino;97;B3_CD202_IRRIG_REPROD00001.asd;B3;CD202;IRRIG;D02M;manha;D02
svm;por_genotipo;CD202;4;treino;98;B3_CD202_IRRIG_REPROD00002.asd;B3;CD202;IRRIG;D02M;manha;D02
svm;por_genotipo;CD202;4;treino;99;B3_CD202_IRRIG_REPROD00003.asd;B3;CD202;IRRIG;D02M;manha;D02
svm;por_genotipo;CD202;4;treino;100;B3_CD202_IRRIG_REPROD00004.asd;B3;CD202;IRRIG;D02M;manha;D02
svm;por_genotipo;CD202;4;treino;101;B3_CD202_IRRIG_REPROD00005.asd;B3;CD202;IRRIG;D02M;manha;D02
svm;por_genotipo;CD202;4;treino;102;B3_CD202_IRRIG_REPROD00006.asd;B3;CD202;IRRIG;D02M;manha;D02
svm;por_genotipo;CD202;4;treino;104;B3_CD202_NIRRIG_REPROD00000.asd;B3;CD202;NIRRIG;D02M;manha;D02
svm;por_genotipo;CD202;4;treino;105;B3_CD202_NIRRIG_REPROD00001.asd;B3;CD202;NIRRIG;D02M;manha;D02
svm;por_genotipo;CD202;4;treino;106;B3_CD202_NIRRIG_REPROD00002.asd;B3;CD202;NIRRIG;D02M;manha;D02
svm;por_genotipo;CD202;4;treino;107;B3_CD202_NIRRIG_REPROD00003.asd;B3;CD202;NIRRIG;D02M;manha;D02
svm;por_genotipo;CD202;4;treino;108;B3_CD202_NIRRIG_REPROD00004.asd;B3;CD202;NIRRIG;D02M;manha;D02
svm;por_genotipo;CD202;4;treino;109;B3_CD202_NIRRIG_REPROD00005.asd;B3;CD202;NIRRIG;D02M;manha;D02
svm;por_genotipo;CD202;4;treino;110;B3_CD202_NIRRIG_REPROD00006.asd;B3;CD202;NIRRIG;D02M;manha;D02
svm;por_genotipo;CD202;4;treino;112;B4_CD202_IRRIG_REPROD00000.asd;B4;CD202;IRRIG;D02M;manha;D02
svm;por_genotipo;CD202;4;treino;115;B4_CD202_IRRIG_REPROD00003.asd;B4;CD202;IRRIG;D02M;manha;D02
svm;por_genotipo;CD202;4;treino;116;B4_CD202_IRRIG_REPROD00004.asd;B4;CD202;IRRIG;D02M;manha;D02
svm;por_genotipo;CD202;4;treino;117;B4_CD202_IRRIG_REPROD00005.asd;B4;CD202;IRRIG;D02M;manha;D02
svm;por_genotipo;CD202;4;treino;118;B4_CD202_IRRIG_REPROD00006.asd;B4;CD202;IRRIG;D02M;manha;D02
svm;por_genotipo;CD202;4;treino;120;B4_CD202_NIRRIG_REPROD00000.asd;B4;CD202;NIRRIG;D02M;manha;D02
svm;por_genotipo;CD202;4;treino;121;B4_CD202_NIRRIG_REPROD00001.asd;B4;CD202;NIRRIG;D02M;manha;D02
svm;por_genotipo;CD202;4;treino;122;B4_CD202_NIRRIG_REPROD00002.asd;B4;CD202;NIRRIG;D02M;manha;D02
svm;por_genotipo;CD202;4;treino;123;B4_CD202_NIRRIG_REPROD00003.asd;B4;CD202;NIRRIG;D02M;manha;D02
svm;por_genotipo;CD202;4;treino;124;B4_CD202_NIRRIG_REPROD00004.asd;B4;CD202;NIRRIG;D02M;manha;D02
svm;por_genotipo;CD202;4;treino;126;B4_CD202_NIRRIG_REPROD00006.asd;B4;CD202;NIRRIG;D02M;manha;D02
svm;por_genotipo;CD202;4;treino;127;B4_CD202_NIRRIG_REPROD00007.asd;B4;CD202;NIRRIG;D02M;manha;D02
svm;por_genotipo;CD202;4;treino;257;B1_CD202_IRRIG_REPROD00001.asd;B1;CD202;IRRIG;D03M;manha;D03
svm;por_genotipo;CD202;4;treino;259;B1_CD202_IRRIG_REPROD00003.asd;B1;CD202;IRRIG;D03M;manha;D03
svm;por_genotipo;CD202;4;treino;260;B1_CD202_IRRIG_REPROD00004.asd;B1;CD202;IRRIG;D03M;manha;D03
svm;por_genotipo;CD202;4;treino;261;B1_CD202_IRRIG_REPROD00005.asd;B1;CD202;IRRIG;D03M;manha;D03
svm;por_genotipo;CD202;4;treino;262;B1_CD202_IRRIG_REPROD00006.asd;B1;CD202;IRRIG;D03M;manha;D03
svm;por_genotipo;CD202;4;treino;263;B1_CD202_IRRIG_REPROD00007.asd;B1;CD202;IRRIG;D03M;manha;D03
svm;por_genotipo;CD202;4;treino;264;B1_CD202_NIRRIG_REPROD00000.asd;B1;CD202;NIRRIG;D03M;manha;D03
svm;por_genotipo;CD202;4;treino;265;B1_CD202_NIRRIG_REPROD00001.asd;B1;CD202;NIRRIG;D03M;manha;D03
svm;por_genotipo;CD202;4;treino;266;B1_CD202_NIRRIG_REPROD00002.asd;B1;CD202;NIRRIG;D03M;manha;D03
svm;por_genotipo;CD202;4;treino;267;B1_CD202_NIRRIG_REPROD00003.asd;B1;CD202;NIRRIG;D03M;manha;D03
svm;por_genotipo;CD202;4;treino;269;B1_CD202_NIRRIG_REPROD00005.asd;B1;CD202;NIRRIG;D03M;manha;D03
svm;por_genotipo;CD202;4;treino;271;B1_CD202_NIRRIG_REPROD00007.asd;B1;CD202;NIRRIG;D03M;manha;D03
svm;por_genotipo;CD202;4;treino;272;B2_CD202_IRRIG_REPROD00000.asd;B2;CD202;IRRIG;D03M;manha;D03
svm;por_genotipo;CD202;4;treino;273;B2_CD202_IRRIG_REPROD00001.asd;B2;CD202;IRRIG;D03M;manha;D03
svm;por_genotipo;CD202;4;treino;275;B2_CD202_IRRIG_REPROD00003.asd;B2;CD202;IRRIG;D03M;manha;D03
svm;por_genotipo;CD202;4;treino;276;B2_CD202_IRRIG_REPROD00004.asd;B2;CD202;IRRIG;D03M;manha;D03
svm;por_genotipo;CD202;4;treino;277;B2_CD202_IRRIG_REPROD00005.asd;B2;CD202;IRRIG;D03M;manha;D03
svm;por_genotipo;CD202;4;treino;278;B2_CD202_IRRIG_REPROD00006.asd;B2;CD202;IRRIG;D03M;manha;D03
svm;por_genotipo;CD202;4;treino;279;B2_CD202_IRRIG_REPROD00007.asd;B2;CD202;IRRIG;D03M;manha;D03
svm;por_genotipo;CD202;4;treino;280;B2_CD202_NIRRIG_REPROD00000.asd;B2;CD202;NIRRIG;D03M;manha;D03
svm;por_genotipo;CD202;4;treino;282;B2_CD202_NIRRIG_REPROD00002.asd;B2;CD202;NIRRIG;D03M;manha;D03
svm;por_genotipo;CD202;4;treino;283;B2_CD202_NIRRIG_REPROD00003.asd;B2;CD202;NIRRIG;D03M;manha;D03
svm;por_genotipo;CD202;4;treino;284;B2_CD202_NIRRIG_REPROD00004.asd;B2;CD202;NIRRIG;D03M;manha;D03
svm;por_genotipo;CD202;4;treino;286;B2_CD202_NIRRIG_REPROD00006.asd;B2;CD202;NIRRIG;D03M;manha;D03
svm;por_genotipo;CD202;4;treino;287;B2_CD202_NIRRIG_REPROD00007.asd;B2;CD202;NIRRIG;D03M;manha;D03
svm;por_genotipo;CD202;4;treino;288;B3_CD202_IRRIG_REPROD00000.asd;B3;CD202;IRRIG;D03M;manha;D03
svm;por_genotipo;CD202;4;treino;289;B3_CD202_IRRIG_REPROD00001.asd;B3;CD202;IRRIG;D03M;manha;D03
svm;por_genotipo;CD202;4;treino;290;B3_CD202_IRRIG_REPROD00002.asd;B3;CD202;IRRIG;D03M;manha;D03
svm;por_genotipo;CD202;4;treino;291;B3_CD202_IRRIG_REPROD00003.asd;B3;CD202;IRRIG;D03M;manha;D03
svm;por_genotipo;CD202;4;treino;292;B3_CD202_IRRIG_REPROD00004.asd;B3;CD202;IRRIG;D03M;manha;D03
svm;por_genotipo;CD202;4;treino;293;B3_CD202_IRRIG_REPROD00005.asd;B3;CD202;IRRIG;D03M;manha;D03
svm;por_genotipo;CD202;4;treino;294;B3_CD202_IRRIG_REPROD00006.asd;B3;CD202;IRRIG;D03M;manha;D03
svm;por_genotipo;CD202;4;treino;296;B3_CD202_NIRRIG_REPROD00000.asd;B3;CD202;NIRRIG;D03M;manha;D03
svm;por_genotipo;CD202;4;treino;297;B3_CD202_NIRRIG_REPROD00001.asd;B3;CD202;NIRRIG;D03M;manha;D03
svm;por_genotipo;CD202;4;treino;298;B3_CD202_NIRRIG_REPROD00002.asd;B3;CD202;NIRRIG;D03M;manha;D03
svm;por_genotipo;CD202;4;treino;299;B3_CD202_NIRRIG_REPROD00003.asd;B3;CD202;NIRRIG;D03M;manha;D03
svm;por_genotipo;CD202;4;treino;300;B3_CD202_NIRRIG_REPROD00004.asd;B3;CD202;NIRRIG;D03M;manha;D03
svm;por_genotipo;CD202;4;treino;301;B3_CD202_NIRRIG_REPROD00005.asd;B3;CD202;NIRRIG;D03M;manha;D03
svm;por_genotipo;CD202;4;treino;302;B3_CD202_NIRRIG_REPROD00006.asd;B3;CD202;NIRRIG;D03M;manha;D03
svm;por_genotipo;CD202;4;treino;304;B4_CD202_IRRIG_REPROD00000.asd;B4;CD202;IRRIG;D03M;manha;D03
svm;por_genotipo;CD202;4;treino;307;B4_CD202_IRRIG_REPROD00003.asd;B4;CD202;IRRIG;D03M;manha;D03
svm;por_genotipo;CD202;4;treino;308;B4_CD202_IRRIG_REPROD00004.asd;B4;CD202;IRRIG;D03M;manha;D03
svm;por_genotipo;CD202;4;treino;309;B4_CD202_IRRIG_REPROD00005.asd;B4;CD202;IRRIG;D03M;manha;D03
svm;por_genotipo;CD202;4;treino;310;B4_CD202_IRRIG_REPROD00006.asd;B4;CD202;IRRIG;D03M;manha;D03
svm;por_genotipo;CD202;4;treino;312;B4_CD202_NIRRIG_REPROD00000.asd;B4;CD202;NIRRIG;D03M;manha;D03
svm;por_genotipo;CD202;4;treino;313;B4_CD202_NIRRIG_REPROD00001.asd;B4;CD202;NIRRIG;D03M;manha;D03
svm;por_genotipo;CD202;4;treino;314;B4_CD202_NIRRIG_REPROD00002.asd;B4;CD202;NIRRIG;D03M;manha;D03
svm;por_genotipo;CD202;4;treino;315;B4_CD202_NIRRIG_REPROD00003.asd;B4;CD202;NIRRIG;D03M;manha;D03
svm;por_genotipo;CD202;4;treino;316;B4_CD202_NIRRIG_REPROD00004.asd;B4;CD202;NIRRIG;D03M;manha;D03
svm;por_genotipo;CD202;4;treino;318;B4_CD202_NIRRIG_REPROD00006.asd;B4;CD202;NIRRIG;D03M;manha;D03
svm;por_genotipo;CD202;4;treino;319;B4_CD202_NIRRIG_REPROD00007.asd;B4;CD202;NIRRIG;D03M;manha;D03
svm;por_genotipo;CD202;4;treino;449;B1_CD202_IRRIG_REPROD00001.asd;B1;CD202;IRRIG;D04M;manha;D04
svm;por_genotipo;CD202;4;treino;451;B1_CD202_IRRIG_REPROD00003.asd;B1;CD202;IRRIG;D04M;manha;D04
svm;por_genotipo;CD202;4;treino;452;B1_CD202_IRRIG_REPROD00004.asd;B1;CD202;IRRIG;D04M;manha;D04
svm;por_genotipo;CD202;4;treino;453;B1_CD202_IRRIG_REPROD00005.asd;B1;CD202;IRRIG;D04M;manha;D04
svm;por_genotipo;CD202;4;treino;454;B1_CD202_IRRIG_REPROD00006.asd;B1;CD202;IRRIG;D04M;manha;D04
svm;por_genotipo;CD202;4;treino;455;B1_CD202_IRRIG_REPROD00007.asd;B1;CD202;IRRIG;D04M;manha;D04
svm;por_genotipo;CD202;4;treino;456;B1_CD202_NIRRIG_REPROD00000.asd;B1;CD202;NIRRIG;D04M;manha;D04
svm;por_genotipo;CD202;4;treino;457;B1_CD202_NIRRIG_REPROD00001.asd;B1;CD202;NIRRIG;D04M;manha;D04
svm;por_genotipo;CD202;4;treino;458;B1_CD202_NIRRIG_REPROD00002.asd;B1;CD202;NIRRIG;D04M;manha;D04
svm;por_genotipo;CD202;4;treino;459;B1_CD202_NIRRIG_REPROD00003.asd;B1;CD202;NIRRIG;D04M;manha;D04
svm;por_genotipo;CD202;4;treino;461;B1_CD202_NIRRIG_REPROD00005.asd;B1;CD202;NIRRIG;D04M;manha;D04
svm;por_genotipo;CD202;4;treino;463;B1_CD202_NIRRIG_REPROD00007.asd;B1;CD202;NIRRIG;D04M;manha;D04
svm;por_genotipo;CD202;4;treino;464;B2_CD202_IRRIG_REPROD00000.asd;B2;CD202;IRRIG;D04M;manha;D04
svm;por_genotipo;CD202;4;treino;465;B2_CD202_IRRIG_REPROD00001.asd;B2;CD202;IRRIG;D04M;manha;D04
svm;por_genotipo;CD202;4;treino;467;B2_CD202_IRRIG_REPROD00003.asd;B2;CD202;IRRIG;D04M;manha;D04
svm;por_genotipo;CD202;4;treino;468;B2_CD202_IRRIG_REPROD00004.asd;B2;CD202;IRRIG;D04M;manha;D04
svm;por_genotipo;CD202;4;treino;469;B2_CD202_IRRIG_REPROD00005.asd;B2;CD202;IRRIG;D04M;manha;D04
svm;por_genotipo;CD202;4;treino;470;B2_CD202_IRRIG_REPROD00006.asd;B2;CD202;IRRIG;D04M;manha;D04
svm;por_genotipo;CD202;4;treino;471;B2_CD202_IRRIG_REPROD00007.asd;B2;CD202;IRRIG;D04M;manha;D04
svm;por_genotipo;CD202;4;treino;472;B2_CD202_NIRRIG_REPROD00000.asd;B2;CD202;NIRRIG;D04M;manha;D04
svm;por_genotipo;CD202;4;treino;474;B2_CD202_NIRRIG_REPROD00002.asd;B2;CD202;NIRRIG;D04M;manha;D04
svm;por_genotipo;CD202;4;treino;475;B2_CD202_NIRRIG_REPROD00003.asd;B2;CD202;NIRRIG;D04M;manha;D04
svm;por_genotipo;CD202;4;treino;476;B2_CD202_NIRRIG_REPROD00004.asd;B2;CD202;NIRRIG;D04M;manha;D04
svm;por_genotipo;CD202;4;treino;478;B2_CD202_NIRRIG_REPROD00006.asd;B2;CD202;NIRRIG;D04M;manha;D04
svm;por_genotipo;CD202;4;treino;479;B2_CD202_NIRRIG_REPROD00007.asd;B2;CD202;NIRRIG;D04M;manha;D04
svm;por_genotipo;CD202;4;treino;480;B3_CD202_IRRIG_REPROD00000.asd;B3;CD202;IRRIG;D04M;manha;D04
svm;por_genotipo;CD202;4;treino;481;B3_CD202_IRRIG_REPROD00001.asd;B3;CD202;IRRIG;D04M;manha;D04
svm;por_genotipo;CD202;4;treino;482;B3_CD202_IRRIG_REPROD00002.asd;B3;CD202;IRRIG;D04M;manha;D04
svm;por_genotipo;CD202;4;treino;483;B3_CD202_IRRIG_REPROD00003.asd;B3;CD202;IRRIG;D04M;manha;D04
svm;por_genotipo;CD202;4;treino;484;B3_CD202_IRRIG_REPROD00004.asd;B3;CD202;IRRIG;D04M;manha;D04
svm;por_genotipo;CD202;4;treino;485;B3_CD202_IRRIG_REPROD00005.asd;B3;CD202;IRRIG;D04M;manha;D04
svm;por_genotipo;CD202;4;treino;486;B3_CD202_IRRIG_REPROD00006.asd;B3;CD202;IRRIG;D04M;manha;D04
svm;por_genotipo;CD202;4;treino;488;B3_CD202_NIRRIG_REPROD00000.asd;B3;CD202;NIRRIG;D04M;manha;D04
svm;por_genotipo;CD202;4;treino;489;B3_CD202_NIRRIG_REPROD00001.asd;B3;CD202;NIRRIG;D04M;manha;D04
svm;por_genotipo;CD202;4;treino;490;B3_CD202_NIRRIG_REPROD00002.asd;B3;CD202;NIRRIG;D04M;manha;D04
svm;por_genotipo;CD202;4;treino;491;B3_CD202_NIRRIG_REPROD00003.asd;B3;CD202;NIRRIG;D04M;manha;D04
svm;por_genotipo;CD202;4;treino;492;B3_CD202_NIRRIG_REPROD00004.asd;B3;CD202;NIRRIG;D04M;manha;D04
svm;por_genotipo;CD202;4;treino;493;B3_CD202_NIRRIG_REPROD00005.asd;B3;CD202;NIRRIG;D04M;manha;D04
svm;por_genotipo;CD202;4;treino;494;B3_CD202_NIRRIG_REPROD00006.asd;B3;CD202;NIRRIG;D04M;manha;D04
svm;por_genotipo;CD202;4;treino;496;B4_CD202_IRRIG_REPROD00000.asd;B4;CD202;IRRIG;D04M;manha;D04
svm;por_genotipo;CD202;4;treino;499;B4_CD202_IRRIG_REPROD00003.asd;B4;CD202;IRRIG;D04M;manha;D04
svm;por_genotipo;CD202;4;treino;500;B4_CD202_IRRIG_REPROD00004.asd;B4;CD202;IRRIG;D04M;manha;D04
svm;por_genotipo;CD202;4;treino;501;B4_CD202_IRRIG_REPROD00005.asd;B4;CD202;IRRIG;D04M;manha;D04
svm;por_genotipo;CD202;4;treino;502;B4_CD202_IRRIG_REPROD00006.asd;B4;CD202;IRRIG;D04M;manha;D04
svm;por_genotipo;CD202;4;treino;504;B4_CD202_NIRRIG_REPROD00000.asd;B4;CD202;NIRRIG;D04M;manha;D04
svm;por_genotipo;CD202;4;treino;505;B4_CD202_NIRRIG_REPROD00001.asd;B4;CD202;NIRRIG;D04M;manha;D04
svm;por_genotipo;CD202;4;treino;506;B4_CD202_NIRRIG_REPROD00002.asd;B4;CD202;NIRRIG;D04M;manha;D04
svm;por_genotipo;CD202;4;treino;507;B4_CD202_NIRRIG_REPROD00003.asd;B4;CD202;NIRRIG;D04M;manha;D04
svm;por_genotipo;CD202;4;treino;508;B4_CD202_NIRRIG_REPROD00004.asd;B4;CD202;NIRRIG;D04M;manha;D04
svm;por_genotipo;CD202;4;treino;510;B4_CD202_NIRRIG_REPROD00006.asd;B4;CD202;NIRRIG;D04M;manha;D04
svm;por_genotipo;CD202;4;treino;511;B4_CD202_NIRRIG_REPROD00007.asd;B4;CD202;NIRRIG;D04M;manha;D04
svm;por_genotipo;CD202;4;treino;641;B1_CD202_IRRIG_REPROD00001.asd;B1;CD202;IRRIG;D05M;manha;D05
svm;por_genotipo;CD202;4;treino;643;B1_CD202_IRRIG_REPROD00003.asd;B1;CD202;IRRIG;D05M;manha;D05
svm;por_genotipo;CD202;4;treino;644;B1_CD202_IRRIG_REPROD00004.asd;B1;CD202;IRRIG;D05M;manha;D05
svm;por_genotipo;CD202;4;treino;645;B1_CD202_IRRIG_REPROD00005.asd;B1;CD202;IRRIG;D05M;manha;D05
svm;por_genotipo;CD202;4;treino;646;B1_CD202_IRRIG_REPROD00006.asd;B1;CD202;IRRIG;D05M;manha;D05
svm;por_genotipo;CD202;4;treino;647;B1_CD202_IRRIG_REPROD00007.asd;B1;CD202;IRRIG;D05M;manha;D05
svm;por_genotipo;CD202;4;treino;648;B1_CD202_NIRRIG_REPROD00000.asd;B1;CD202;NIRRIG;D05M;manha;D05
svm;por_genotipo;CD202;4;treino;649;B1_CD202_NIRRIG_REPROD00001.asd;B1;CD202;NIRRIG;D05M;manha;D05
svm;por_genotipo;CD202;4;treino;650;B1_CD202_NIRRIG_REPROD00002.asd;B1;CD202;NIRRIG;D05M;manha;D05
svm;por_genotipo;CD202;4;treino;651;B1_CD202_NIRRIG_REPROD00003.asd;B1;CD202;NIRRIG;D05M;manha;D05
svm;por_genotipo;CD202;4;treino;653;B1_CD202_NIRRIG_REPROD00005.asd;B1;CD202;NIRRIG;D05M;manha;D05
svm;por_genotipo;CD202;4;treino;655;B1_CD202_NIRRIG_REPROD00007.asd;B1;CD202;NIRRIG;D05M;manha;D05
svm;por_genotipo;CD202;4;treino;656;B2_CD202_IRRIG_REPROD00000.asd;B2;CD202;IRRIG;D05M;manha;D05
svm;por_genotipo;CD202;4;treino;657;B2_CD202_IRRIG_REPROD00001.asd;B2;CD202;IRRIG;D05M;manha;D05
svm;por_genotipo;CD202;4;treino;659;B2_CD202_IRRIG_REPROD00003.asd;B2;CD202;IRRIG;D05M;manha;D05
svm;por_genotipo;CD202;4;treino;660;B2_CD202_IRRIG_REPROD00004.asd;B2;CD202;IRRIG;D05M;manha;D05
svm;por_genotipo;CD202;4;treino;661;B2_CD202_IRRIG_REPROD00005.asd;B2;CD202;IRRIG;D05M;manha;D05
svm;por_genotipo;CD202;4;treino;662;B2_CD202_IRRIG_REPROD00006.asd;B2;CD202;IRRIG;D05M;manha;D05
svm;por_genotipo;CD202;4;treino;663;B2_CD202_IRRIG_REPROD00007.asd;B2;CD202;IRRIG;D05M;manha;D05
svm;por_genotipo;CD202;4;treino;664;B2_CD202_NIRRIG_REPROD00000.asd;B2;CD202;NIRRIG;D05M;manha;D05
svm;por_genotipo;CD202;4;treino;666;B2_CD202_NIRRIG_REPROD00002.asd;B2;CD202;NIRRIG;D05M;manha;D05
svm;por_genotipo;CD202;4;treino;667;B2_CD202_NIRRIG_REPROD00003.asd;B2;CD202;NIRRIG;D05M;manha;D05
svm;por_genotipo;CD202;4;treino;668;B2_CD202_NIRRIG_REPROD00004.asd;B2;CD202;NIRRIG;D05M;manha;D05
svm;por_genotipo;CD202;4;treino;670;B2_CD202_NIRRIG_REPROD00006.asd;B2;CD202;NIRRIG;D05M;manha;D05
svm;por_genotipo;CD202;4;treino;671;B2_CD202_NIRRIG_REPROD00007.asd;B2;CD202;NIRRIG;D05M;manha;D05
svm;por_genotipo;CD202;4;treino;672;B3_CD202_IRRIG_REPROD00000.asd;B3;CD202;IRRIG;D05M;manha;D05
svm;por_genotipo;CD202;4;treino;673;B3_CD202_IRRIG_REPROD00001.asd;B3;CD202;IRRIG;D05M;manha;D05
svm;por_genotipo;CD202;4;treino;674;B3_CD202_IRRIG_REPROD00002.asd;B3;CD202;IRRIG;D05M;manha;D05
svm;por_genotipo;CD202;4;treino;675;B3_CD202_IRRIG_REPROD00003.asd;B3;CD202;IRRIG;D05M;manha;D05
svm;por_genotipo;CD202;4;treino;676;B3_CD202_IRRIG_REPROD00004.asd;B3;CD202;IRRIG;D05M;manha;D05
svm;por_genotipo;CD202;4;treino;677;B3_CD202_IRRIG_REPROD00005.asd;B3;CD202;IRRIG;D05M;manha;D05
svm;por_genotipo;CD202;4;treino;678;B3_CD202_IRRIG_REPROD00006.asd;B3;CD202;IRRIG;D05M;manha;D05
svm;por_genotipo;CD202;4;treino;680;B3_CD202_NIRRIG_REPROD00000.asd;B3;CD202;NIRRIG;D05M;manha;D05
svm;por_genotipo;CD202;4;treino;681;B3_CD202_NIRRIG_REPROD00001.asd;B3;CD202;NIRRIG;D05M;manha;D05
svm;por_genotipo;CD202;4;treino;682;B3_CD202_NIRRIG_REPROD00002.asd;B3;CD202;NIRRIG;D05M;manha;D05
svm;por_genotipo;CD202;4;treino;683;B3_CD202_NIRRIG_REPROD00003.asd;B3;CD202;NIRRIG;D05M;manha;D05
svm;por_genotipo;CD202;4;treino;684;B3_CD202_NIRRIG_REPROD00004.asd;B3;CD202;NIRRIG;D05M;manha;D05
svm;por_genotipo;CD202;4;treino;685;B3_CD202_NIRRIG_REPROD00005.asd;B3;CD202;NIRRIG;D05M;manha;D05
svm;por_genotipo;CD202;4;treino;686;B3_CD202_NIRRIG_REPROD00006.asd;B3;CD202;NIRRIG;D05M;manha;D05
svm;por_genotipo;CD202;4;treino;688;B4_CD202_IRRIG_REPROD00000.asd;B4;CD202;IRRIG;D05M;manha;D05
svm;por_genotipo;CD202;4;treino;691;B4_CD202_IRRIG_REPROD00003.asd;B4;CD202;IRRIG;D05M;manha;D05
svm;por_genotipo;CD202;4;treino;692;B4_CD202_IRRIG_REPROD00004.asd;B4;CD202;IRRIG;D05M;manha;D05
svm;por_genotipo;CD202;4;treino;693;B4_CD202_IRRIG_REPROD00005.asd;B4;CD202;IRRIG;D05M;manha;D05
svm;por_genotipo;CD202;4;treino;694;B4_CD202_IRRIG_REPROD00006.asd;B4;CD202;IRRIG;D05M;manha;D05
svm;por_genotipo;CD202;4;treino;696;B4_CD202_NIRRIG_REPROD00000.asd;B4;CD202;NIRRIG;D05M;manha;D05
svm;por_genotipo;CD202;4;treino;697;B4_CD202_NIRRIG_REPROD00001.asd;B4;CD202;NIRRIG;D05M;manha;D05
svm;por_genotipo;CD202;4;treino;698;B4_CD202_NIRRIG_REPROD00002.asd;B4;CD202;NIRRIG;D05M;manha;D05
svm;por_genotipo;CD202;4;treino;699;B4_CD202_NIRRIG_REPROD00003.asd;B4;CD202;NIRRIG;D05M;manha;D05
svm;por_genotipo;CD202;4;treino;700;B4_CD202_NIRRIG_REPROD00004.asd;B4;CD202;NIRRIG;D05M;manha;D05
svm;por_genotipo;CD202;4;treino;702;B4_CD202_NIRRIG_REPROD00006.asd;B4;CD202;NIRRIG;D05M;manha;D05
svm;por_genotipo;CD202;4;treino;703;B4_CD202_NIRRIG_REPROD00007.asd;B4;CD202;NIRRIG;D05M;manha;D05
svm;por_genotipo;CD202;4;treino;833;B1_CD202_IRRIG_REPROD00001.asd;B1;CD202;IRRIG;D06M;manha;D06
svm;por_genotipo;CD202;4;treino;835;B1_CD202_IRRIG_REPROD00003.asd;B1;CD202;IRRIG;D06M;manha;D06
svm;por_genotipo;CD202;4;treino;836;B1_CD202_IRRIG_REPROD00004.asd;B1;CD202;IRRIG;D06M;manha;D06
svm;por_genotipo;CD202;4;treino;837;B1_CD202_IRRIG_REPROD00005.asd;B1;CD202;IRRIG;D06M;manha;D06
svm;por_genotipo;CD202;4;treino;838;B1_CD202_IRRIG_REPROD00006.asd;B1;CD202;IRRIG;D06M;manha;D06
svm;por_genotipo;CD202;4;treino;839;B1_CD202_IRRIG_REPROD00007.asd;B1;CD202;IRRIG;D06M;manha;D06
svm;por_genotipo;CD202;4;treino;840;B1_CD202_NIRRIG_REPROD00000.asd;B1;CD202;NIRRIG;D06M;manha;D06
svm;por_genotipo;CD202;4;treino;841;B1_CD202_NIRRIG_REPROD00001.asd;B1;CD202;NIRRIG;D06M;manha;D06
svm;por_genotipo;CD202;4;treino;842;B1_CD202_NIRRIG_REPROD00002.asd;B1;CD202;NIRRIG;D06M;manha;D06
svm;por_genotipo;CD202;4;treino;843;B1_CD202_NIRRIG_REPROD00003.asd;B1;CD202;NIRRIG;D06M;manha;D06
svm;por_genotipo;CD202;4;treino;845;B1_CD202_NIRRIG_REPROD00005.asd;B1;CD202;NIRRIG;D06M;manha;D06
svm;por_genotipo;CD202;4;treino;847;B1_CD202_NIRRIG_REPROD00007.asd;B1;CD202;NIRRIG;D06M;manha;D06
svm;por_genotipo;CD202;4;treino;848;B2_CD202_IRRIG_REPROD00000.asd;B2;CD202;IRRIG;D06M;manha;D06
svm;por_genotipo;CD202;4;treino;849;B2_CD202_IRRIG_REPROD00001.asd;B2;CD202;IRRIG;D06M;manha;D06
svm;por_genotipo;CD202;4;treino;851;B2_CD202_IRRIG_REPROD00003.asd;B2;CD202;IRRIG;D06M;manha;D06
svm;por_genotipo;CD202;4;treino;852;B2_CD202_IRRIG_REPROD00004.asd;B2;CD202;IRRIG;D06M;manha;D06
svm;por_genotipo;CD202;4;treino;853;B2_CD202_IRRIG_REPROD00005.asd;B2;CD202;IRRIG;D06M;manha;D06
svm;por_genotipo;CD202;4;treino;854;B2_CD202_IRRIG_REPROD00006.asd;B2;CD202;IRRIG;D06M;manha;D06
svm;por_genotipo;CD202;4;treino;855;B2_CD202_IRRIG_REPROD00007.asd;B2;CD202;IRRIG;D06M;manha;D06
svm;por_genotipo;CD202;4;treino;856;B2_CD202_NIRRIG_REPROD00000.asd;B2;CD202;NIRRIG;D06M;manha;D06
svm;por_genotipo;CD202;4;treino;858;B2_CD202_NIRRIG_REPROD00002.asd;B2;CD202;NIRRIG;D06M;manha;D06
svm;por_genotipo;CD202;4;treino;859;B2_CD202_NIRRIG_REPROD00003.asd;B2;CD202;NIRRIG;D06M;manha;D06
svm;por_genotipo;CD202;4;treino;860;B2_CD202_NIRRIG_REPROD00004.asd;B2;CD202;NIRRIG;D06M;manha;D06
svm;por_genotipo;CD202;4;treino;862;B2_CD202_NIRRIG_REPROD00006.asd;B2;CD202;NIRRIG;D06M;manha;D06
svm;por_genotipo;CD202;4;treino;863;B2_CD202_NIRRIG_REPROD00007.asd;B2;CD202;NIRRIG;D06M;manha;D06
svm;por_genotipo;CD202;4;treino;864;B3_CD202_IRRIG_REPROD00000.asd;B3;CD202;IRRIG;D06M;manha;D06
svm;por_genotipo;CD202;4;treino;865;B3_CD202_IRRIG_REPROD00001.asd;B3;CD202;IRRIG;D06M;manha;D06
svm;por_genotipo;CD202;4;treino;866;B3_CD202_IRRIG_REPROD00002.asd;B3;CD202;IRRIG;D06M;manha;D06
svm;por_genotipo;CD202;4;treino;867;B3_CD202_IRRIG_REPROD00003.asd;B3;CD202;IRRIG;D06M;manha;D06
svm;por_genotipo;CD202;4;treino;868;B3_CD202_IRRIG_REPROD00004.asd;B3;CD202;IRRIG;D06M;manha;D06
svm;por_genotipo;CD202;4;treino;869;B3_CD202_IRRIG_REPROD00005.asd;B3;CD202;IRRIG;D06M;manha;D06
svm;por_genotipo;CD202;4;treino;870;B3_CD202_IRRIG_REPROD00006.asd;B3;CD202;IRRIG;D06M;manha;D06
svm;por_genotipo;CD202;4;treino;872;B3_CD202_NIRRIG_REPROD00000.asd;B3;CD202;NIRRIG;D06M;manha;D06
svm;por_genotipo;CD202;4;treino;873;B3_CD202_NIRRIG_REPROD00001.asd;B3;CD202;NIRRIG;D06M;manha;D06
svm;por_genotipo;CD202;4;treino;874;B3_CD202_NIRRIG_REPROD00002.asd;B3;CD202;NIRRIG;D06M;manha;D06
svm;por_genotipo;CD202;4;treino;875;B3_CD202_NIRRIG_REPROD00003.asd;B3;CD202;NIRRIG;D06M;manha;D06
svm;por_genotipo;CD202;4;treino;876;B3_CD202_NIRRIG_REPROD00004.asd;B3;CD202;NIRRIG;D06M;manha;D06
svm;por_genotipo;CD202;4;treino;877;B3_CD202_NIRRIG_REPROD00005.asd;B3;CD202;NIRRIG;D06M;manha;D06
svm;por_genotipo;CD202;4;treino;878;B3_CD202_NIRRIG_REPROD00006.asd;B3;CD202;NIRRIG;D06M;manha;D06
svm;por_genotipo;CD202;4;treino;880;B4_CD202_IRRIG_REPROD00000.asd;B4;CD202;IRRIG;D06M;manha;D06
svm;por_genotipo;CD202;4;treino;883;B4_CD202_IRRIG_REPROD00003.asd;B4;CD202;IRRIG;D06M;manha;D06
svm;por_genotipo;CD202;4;treino;884;B4_CD202_IRRIG_REPROD00004.asd;B4;CD202;IRRIG;D06M;manha;D06
svm;por_genotipo;CD202;4;treino;885;B4_CD202_IRRIG_REPROD00005.asd;B4;CD202;IRRIG;D06M;manha;D06
svm;por_genotipo;CD202;4;treino;886;B4_CD202_IRRIG_REPROD00006.asd;B4;CD202;IRRIG;D06M;manha;D06
svm;por_genotipo;CD202;4;treino;888;B4_CD202_NIRRIG_REPROD00000.asd;B4;CD202;NIRRIG;D06M;manha;D06
svm;por_genotipo;CD202;4;treino;889;B4_CD202_NIRRIG_REPROD00001.asd;B4;CD202;NIRRIG;D06M;manha;D06
svm;por_genotipo;CD202;4;treino;890;B4_CD202_NIRRIG_REPROD00002.asd;B4;CD202;NIRRIG;D06M;manha;D06
svm;por_genotipo;CD202;4;treino;891;B4_CD202_NIRRIG_REPROD00003.asd;B4;CD202;NIRRIG;D06M;manha;D06
svm;por_genotipo;CD202;4;treino;892;B4_CD202_NIRRIG_REPROD00004.asd;B4;CD202;NIRRIG;D06M;manha;D06
svm;por_genotipo;CD202;4;treino;894;B4_CD202_NIRRIG_REPROD00006.asd;B4;CD202;NIRRIG;D06M;manha;D06
svm;por_genotipo;CD202;4;treino;895;B4_CD202_NIRRIG_REPROD00007.asd;B4;CD202;NIRRIG;D06M;manha;D06
svm;por_genotipo;CD202;4;treino;1024;B1_CD202_IRR_REP_RECUP00000.asd;B1;CD202;IRRIG;D09M;manha;D09
svm;por_genotipo;CD202;4;treino;1025;B1_CD202_IRR_REP_RECUP00001.asd;B1;CD202;IRRIG;D09M;manha;D09
svm;por_genotipo;CD202;4;treino;1026;B1_CD202_IRR_REP_RECUP00002.asd;B1;CD202;IRRIG;D09M;manha;D09
svm;por_genotipo;CD202;4;treino;1027;B1_CD202_IRR_REP_RECUP00003.asd;B1;CD202;IRRIG;D09M;manha;D09
svm;por_genotipo;CD202;4;treino;1028;B1_CD202_IRR_REP_RECUP00004.asd;B1;CD202;IRRIG;D09M;manha;D09
svm;por_genotipo;CD202;4;treino;1029;B1_CD202_IRR_REP_RECUP00005.asd;B1;CD202;IRRIG;D09M;manha;D09
svm;por_genotipo;CD202;4;treino;1030;B1_CD202_IRR_REP_RECUP00006.asd;B1;CD202;IRRIG;D09M;manha;D09
svm;por_genotipo;CD202;4;treino;1031;B1_CD202_IRR_REP_RECUP00007.asd;B1;CD202;IRRIG;D09M;manha;D09
svm;por_genotipo;CD202;4;treino;1032;B1_CD202_IRR_REP_RECUP00008.asd;B1;CD202;IRRIG;D09M;manha;D09
svm;por_genotipo;CD202;4;treino;1033;B1_CD202_IRR_REP_RECUP00009.asd;B1;CD202;IRRIG;D09M;manha;D09
svm;por_genotipo;CD202;4;treino;1035;B1_CD202_IRR_REP_RECUP00011.asd;B1;CD202;IRRIG;D09M;manha;D09
svm;por_genotipo;CD202;4;treino;1036;B1_CD202_NIRR_REP_RECUP00000.asd;B1;CD202;NIRRIG;D09M;manha;D09
svm;por_genotipo;CD202;4;treino;1037;B1_CD202_NIRR_REP_RECUP00001.asd;B1;CD202;NIRRIG;D09M;manha;D09
svm;por_genotipo;CD202;4;treino;1038;B1_CD202_NIRR_REP_RECUP00002.asd;B1;CD202;NIRRIG;D09M;manha;D09
svm;por_genotipo;CD202;4;treino;1039;B1_CD202_NIRR_REP_RECUP00003.asd;B1;CD202;NIRRIG;D09M;manha;D09
svm;por_genotipo;CD202;4;treino;1040;B1_CD202_NIRR_REP_RECUP00004.asd;B1;CD202;NIRRIG;D09M;manha;D09
svm;por_genotipo;CD202;4;treino;1041;B1_CD202_NIRR_REP_RECUP00005.asd;B1;CD202;NIRRIG;D09M;manha;D09
svm;por_genotipo;CD202;4;treino;1043;B1_CD202_NIRR_REP_RECUP00007.asd;B1;CD202;NIRRIG;D09M;manha;D09
svm;por_genotipo;CD202;4;treino;1044;B2_CD202_IRR_REP_RECUP00000.asd;B2;CD202;IRRIG;D09M;manha;D09
svm;por_genotipo;CD202;4;treino;1045;B2_CD202_IRR_REP_RECUP00001.asd;B2;CD202;IRRIG;D09M;manha;D09
svm;por_genotipo;CD202;4;treino;1046;B2_CD202_IRR_REP_RECUP00002.asd;B2;CD202;IRRIG;D09M;manha;D09
svm;por_genotipo;CD202;4;treino;1047;B2_CD202_IRR_REP_RECUP00003.asd;B2;CD202;IRRIG;D09M;manha;D09
svm;por_genotipo;CD202;4;treino;1048;B2_CD202_IRR_REP_RECUP00004.asd;B2;CD202;IRRIG;D09M;manha;D09
svm;por_genotipo;CD202;4;treino;1051;B2_CD202_IRR_REP_RECUP00007.asd;B2;CD202;IRRIG;D09M;manha;D09
svm;por_genotipo;CD202;4;treino;1052;B2_CD202_NIRR_REP_RECUP00000.asd;B2;CD202;NIRRIG;D09M;manha;D09
svm;por_genotipo;CD202;4;treino;1054;B2_CD202_NIRR_REP_RECUP00002.asd;B2;CD202;NIRRIG;D09M;manha;D09
svm;por_genotipo;CD202;4;treino;1055;B2_CD202_NIRR_REP_RECUP00003.asd;B2;CD202;NIRRIG;D09M;manha;D09
svm;por_genotipo;CD202;4;treino;1056;B2_CD202_NIRR_REP_RECUP00004.asd;B2;CD202;NIRRIG;D09M;manha;D09
svm;por_genotipo;CD202;4;treino;1057;B2_CD202_NIRR_REP_RECUP00005.asd;B2;CD202;NIRRIG;D09M;manha;D09
svm;por_genotipo;CD202;4;treino;1058;B2_CD202_NIRR_REP_RECUP00006.asd;B2;CD202;NIRRIG;D09M;manha;D09
svm;por_genotipo;CD202;4;treino;1059;B2_CD202_NIRR_REP_RECUP00007.asd;B2;CD202;NIRRIG;D09M;manha;D09
svm;por_genotipo;CD202;4;treino;1060;B3_CD202_IRR_REP_RECUP00000.asd;B3;CD202;IRRIG;D09M;manha;D09
svm;por_genotipo;CD202;4;treino;1061;B3_CD202_IRR_REP_RECUP00001.asd;B3;CD202;IRRIG;D09M;manha;D09
svm;por_genotipo;CD202;4;treino;1062;B3_CD202_IRR_REP_RECUP00002.asd;B3;CD202;IRRIG;D09M;manha;D09
svm;por_genotipo;CD202;4;treino;1063;B3_CD202_IRR_REP_RECUP00003.asd;B3;CD202;IRRIG;D09M;manha;D09
svm;por_genotipo;CD202;4;treino;1066;B3_CD202_IRR_REP_RECUP00006.asd;B3;CD202;IRRIG;D09M;manha;D09
svm;por_genotipo;CD202;4;treino;1067;B3_CD202_IRR_REP_RECUP00007.asd;B3;CD202;IRRIG;D09M;manha;D09
svm;por_genotipo;CD202;4;treino;1069;B3_CD202_NIRR_REP_RECUP00001.asd;B3;CD202;NIRRIG;D09M;manha;D09
svm;por_genotipo;CD202;4;treino;1071;B3_CD202_NIRR_REP_RECUP00003.asd;B3;CD202;NIRRIG;D09M;manha;D09
svm;por_genotipo;CD202;4;treino;1072;B3_CD202_NIRR_REP_RECUP00004.asd;B3;CD202;NIRRIG;D09M;manha;D09
svm;por_genotipo;CD202;4;treino;1073;B3_CD202_NIRR_REP_RECUP00005.asd;B3;CD202;NIRRIG;D09M;manha;D09
svm;por_genotipo;CD202;4;treino;1074;B3_CD202_NIRR_REP_RECUP00006.asd;B3;CD202;NIRRIG;D09M;manha;D09
svm;por_genotipo;CD202;4;treino;1075;B3_CD202_NIRR_REP_RECUP00007.asd;B3;CD202;NIRRIG;D09M;manha;D09
svm;por_genotipo;CD202;4;treino;1076;B4_CD202_IRR_REP_RECUP00000.asd;B4;CD202;IRRIG;D09M;manha;D09
svm;por_genotipo;CD202;4;treino;1077;B4_CD202_IRR_REP_RECUP00001.asd;B4;CD202;IRRIG;D09M;manha;D09
svm;por_genotipo;CD202;4;treino;1078;B4_CD202_IRR_REP_RECUP00002.asd;B4;CD202;IRRIG;D09M;manha;D09
svm;por_genotipo;CD202;4;treino;1079;B4_CD202_IRR_REP_RECUP00003.asd;B4;CD202;IRRIG;D09M;manha;D09
svm;por_genotipo;CD202;4;treino;1080;B4_CD202_IRR_REP_RECUP00004.asd;B4;CD202;IRRIG;D09M;manha;D09
svm;por_genotipo;CD202;4;treino;1082;B4_CD202_IRR_REP_RECUP00006.asd;B4;CD202;IRRIG;D09M;manha;D09
svm;por_genotipo;CD202;4;treino;1083;B4_CD202_IRR_REP_RECUP00007.asd;B4;CD202;IRRIG;D09M;manha;D09
svm;por_genotipo;CD202;4;treino;1085;B4_CD202_NIRR_REP_RECUP00001.asd;B4;CD202;NIRRIG;D09M;manha;D09
svm;por_genotipo;CD202;4;treino;1087;B4_CD202_NIRR_REP_RECUP00003.asd;B4;CD202;NIRRIG;D09M;manha;D09
svm;por_genotipo;CD202;4;treino;1089;B4_CD202_NIRR_REP_RECUP00005.asd;B4;CD202;NIRRIG;D09M;manha;D09
svm;por_genotipo;CD202;4;treino;1090;B4_CD202_NIRR_REP_RECUP00006.asd;B4;CD202;NIRRIG;D09M;manha;D09
svm;por_genotipo;CD202;4;treino;1091;B4_CD202_NIRR_REP_RECUP00007.asd;B4;CD202;NIRRIG;D09M;manha;D09
svm;por_genotipo;CD202;4;treino;1172;B1_CD202_IRR_REP_RECUP00000.asd;B1;CD202;IRRIG;D10M;manha;D10
svm;por_genotipo;CD202;4;treino;1173;B1_CD202_IRR_REP_RECUP00001.asd;B1;CD202;IRRIG;D10M;manha;D10
svm;por_genotipo;CD202;4;treino;1174;B1_CD202_IRR_REP_RECUP00002.asd;B1;CD202;IRRIG;D10M;manha;D10
svm;por_genotipo;CD202;4;treino;1175;B1_CD202_IRR_REP_RECUP00003.asd;B1;CD202;IRRIG;D10M;manha;D10
svm;por_genotipo;CD202;4;treino;1176;B1_CD202_IRR_REP_RECUP00004.asd;B1;CD202;IRRIG;D10M;manha;D10
svm;por_genotipo;CD202;4;treino;1177;B1_CD202_IRR_REP_RECUP00005.asd;B1;CD202;IRRIG;D10M;manha;D10
svm;por_genotipo;CD202;4;treino;1178;B1_CD202_IRR_REP_RECUP00006.asd;B1;CD202;IRRIG;D10M;manha;D10
svm;por_genotipo;CD202;4;treino;1179;B1_CD202_IRR_REP_RECUP00007.asd;B1;CD202;IRRIG;D10M;manha;D10
svm;por_genotipo;CD202;4;treino;1180;B1_CD202_NIRR_REP_RECUP00000.asd;B1;CD202;NIRRIG;D10M;manha;D10
svm;por_genotipo;CD202;4;treino;1181;B1_CD202_NIRR_REP_RECUP00001.asd;B1;CD202;NIRRIG;D10M;manha;D10
svm;por_genotipo;CD202;4;treino;1182;B1_CD202_NIRR_REP_RECUP00002.asd;B1;CD202;NIRRIG;D10M;manha;D10
svm;por_genotipo;CD202;4;treino;1183;B1_CD202_NIRR_REP_RECUP00003.asd;B1;CD202;NIRRIG;D10M;manha;D10
svm;por_genotipo;CD202;4;treino;1184;B1_CD202_NIRR_REP_RECUP00004.asd;B1;CD202;NIRRIG;D10M;manha;D10
svm;por_genotipo;CD202;4;treino;1185;B1_CD202_NIRR_REP_RECUP00005.asd;B1;CD202;NIRRIG;D10M;manha;D10
svm;por_genotipo;CD202;4;treino;1187;B1_CD202_NIRR_REP_RECUP00007.asd;B1;CD202;NIRRIG;D10M;manha;D10
svm;por_genotipo;CD202;4;treino;1220;B2_CD202_IRR_REP_RECUP00000.asd;B2;CD202;IRRIG;D10M;manha;D10
svm;por_genotipo;CD202;4;treino;1221;B2_CD202_IRR_REP_RECUP00001.asd;B2;CD202;IRRIG;D10M;manha;D10
svm;por_genotipo;CD202;4;treino;1222;B2_CD202_IRR_REP_RECUP00002.asd;B2;CD202;IRRIG;D10M;manha;D10
svm;por_genotipo;CD202;4;treino;1223;B2_CD202_IRR_REP_RECUP00003.asd;B2;CD202;IRRIG;D10M;manha;D10
svm;por_genotipo;CD202;4;treino;1224;B2_CD202_IRR_REP_RECUP00004.asd;B2;CD202;IRRIG;D10M;manha;D10
svm;por_genotipo;CD202;4;treino;1227;B2_CD202_IRR_REP_RECUP00007.asd;B2;CD202;IRRIG;D10M;manha;D10
svm;por_genotipo;CD202;4;treino;1228;B2_CD202_NIRR_REP_RECUP00008.asd;B2;CD202;NIRRIG;D10M;manha;D10
svm;por_genotipo;CD202;4;treino;1229;B2_CD202_NIRR_REP_RECUP00009.asd;B2;CD202;NIRRIG;D10M;manha;D10
svm;por_genotipo;CD202;4;treino;1230;B2_CD202_NIRR_REP_RECUP00010.asd;B2;CD202;NIRRIG;D10M;manha;D10
svm;por_genotipo;CD202;4;treino;1231;B2_CD202_NIRR_REP_RECUP00011.asd;B2;CD202;NIRRIG;D10M;manha;D10
svm;por_genotipo;CD202;4;treino;1232;B2_CD202_NIRR_REP_RECUP00012.asd;B2;CD202;NIRRIG;D10M;manha;D10
svm;por_genotipo;CD202;4;treino;1234;B2_CD202_NIRR_REP_RECUP00014.asd;B2;CD202;NIRRIG;D10M;manha;D10
svm;por_genotipo;CD202;4;treino;1235;B2_CD202_NIRR_REP_RECUP00015.asd;B2;CD202;NIRRIG;D10M;manha;D10
svm;por_genotipo;CD202;4;treino;1268;B3_CD202_IRR_REP_RECUP00000.asd;B3;CD202;IRRIG;D10M;manha;D10
svm;por_genotipo;CD202;4;treino;1269;B3_CD202_IRR_REP_RECUP00001.asd;B3;CD202;IRRIG;D10M;manha;D10
svm;por_genotipo;CD202;4;treino;1270;B3_CD202_IRR_REP_RECUP00002.asd;B3;CD202;IRRIG;D10M;manha;D10
svm;por_genotipo;CD202;4;treino;1271;B3_CD202_IRR_REP_RECUP00003.asd;B3;CD202;IRRIG;D10M;manha;D10
svm;por_genotipo;CD202;4;treino;1274;B3_CD202_IRR_REP_RECUP00006.asd;B3;CD202;IRRIG;D10M;manha;D10
svm;por_genotipo;CD202;4;treino;1275;B3_CD202_IRR_REP_RECUP00007.asd;B3;CD202;IRRIG;D10M;manha;D10
svm;por_genotipo;CD202;4;treino;1277;B3_CD202_NIRR_REP_RECUP00001.asd;B3;CD202;NIRRIG;D10M;manha;D10
svm;por_genotipo;CD202;4;treino;1279;B3_CD202_NIRR_REP_RECUP00003.asd;B3;CD202;NIRRIG;D10M;manha;D10
svm;por_genotipo;CD202;4;treino;1280;B3_CD202_NIRR_REP_RECUP00004.asd;B3;CD202;NIRRIG;D10M;manha;D10
svm;por_genotipo;CD202;4;treino;1281;B3_CD202_NIRR_REP_RECUP00005.asd;B3;CD202;NIRRIG;D10M;manha;D10
svm;por_genotipo;CD202;4;treino;1282;B3_CD202_NIRR_REP_RECUP00006.asd;B3;CD202;NIRRIG;D10M;manha;D10
svm;por_genotipo;CD202;4;treino;1283;B3_CD202_NIRR_REP_RECUP00007.asd;B3;CD202;NIRRIG;D10M;manha;D10
svm;por_genotipo;CD202;4;treino;1316;B4_CD202_IRR_REP_RECUP00000.asd;B4;CD202;IRRIG;D10M;manha;D10
svm;por_genotipo;CD202;4;treino;1317;B4_CD202_IRR_REP_RECUP00001.asd;B4;CD202;IRRIG;D10M;manha;D10
svm;por_genotipo;CD202;4;treino;1318;B4_CD202_IRR_REP_RECUP00002.asd;B4;CD202;IRRIG;D10M;manha;D10
svm;por_genotipo;CD202;4;treino;1319;B4_CD202_IRR_REP_RECUP00003.asd;B4;CD202;IRRIG;D10M;manha;D10
svm;por_genotipo;CD202;4;treino;1320;B4_CD202_IRR_REP_RECUP00004.asd;B4;CD202;IRRIG;D10M;manha;D10
svm;por_genotipo;CD202;4;treino;1322;B4_CD202_IRR_REP_RECUP00006.asd;B4;CD202;IRRIG;D10M;manha;D10
svm;por_genotipo;CD202;4;treino;1323;B4_CD202_IRR_REP_RECUP00007.asd;B4;CD202;IRRIG;D10M;manha;D10
svm;por_genotipo;CD202;4;treino;1325;B4_CD202_NIRR_REP_RECUP00001.asd;B4;CD202;NIRRIG;D10M;manha;D10
svm;por_genotipo;CD202;4;treino;1327;B4_CD202_NIRR_REP_RECUP00003.asd;B4;CD202;NIRRIG;D10M;manha;D10
svm;por_genotipo;CD202;4;treino;1329;B4_CD202_NIRR_REP_RECUP00005.asd;B4;CD202;NIRRIG;D10M;manha;D10
svm;por_genotipo;CD202;4;treino;1330;B4_CD202_NIRR_REP_RECUP00006.asd;B4;CD202;NIRRIG;D10M;manha;D10
svm;por_genotipo;CD202;4;treino;1331;B4_CD202_NIRR_REP_RECUP00007.asd;B4;CD202;NIRRIG;D10M;manha;D10
svm;por_genotipo;CD202;4;teste;64;B1_CD202_IRRIG_REPROD00000.asd;B1;CD202;IRRIG;D02M;manha;D02
svm;por_genotipo;CD202;4;teste;66;B1_CD202_IRRIG_REPROD00002.asd;B1;CD202;IRRIG;D02M;manha;D02
svm;por_genotipo;CD202;4;teste;76;B1_CD202_NIRRIG_REPROD00004.asd;B1;CD202;NIRRIG;D02M;manha;D02
svm;por_genotipo;CD202;4;teste;78;B1_CD202_NIRRIG_REPROD00006.asd;B1;CD202;NIRRIG;D02M;manha;D02
svm;por_genotipo;CD202;4;teste;82;B2_CD202_IRRIG_REPROD00002.asd;B2;CD202;IRRIG;D02M;manha;D02
svm;por_genotipo;CD202;4;teste;89;B2_CD202_NIRRIG_REPROD00001.asd;B2;CD202;NIRRIG;D02M;manha;D02
svm;por_genotipo;CD202;4;teste;93;B2_CD202_NIRRIG_REPROD00005.asd;B2;CD202;NIRRIG;D02M;manha;D02
svm;por_genotipo;CD202;4;teste;103;B3_CD202_IRRIG_REPROD00007.asd;B3;CD202;IRRIG;D02M;manha;D02
svm;por_genotipo;CD202;4;teste;111;B3_CD202_NIRRIG_REPROD00007.asd;B3;CD202;NIRRIG;D02M;manha;D02
svm;por_genotipo;CD202;4;teste;113;B4_CD202_IRRIG_REPROD00001.asd;B4;CD202;IRRIG;D02M;manha;D02
svm;por_genotipo;CD202;4;teste;114;B4_CD202_IRRIG_REPROD00002.asd;B4;CD202;IRRIG;D02M;manha;D02
svm;por_genotipo;CD202;4;teste;119;B4_CD202_IRRIG_REPROD00007.asd;B4;CD202;IRRIG;D02M;manha;D02
svm;por_genotipo;CD202;4;teste;125;B4_CD202_NIRRIG_REPROD00005.asd;B4;CD202;NIRRIG;D02M;manha;D02
svm;por_genotipo;CD202;4;teste;256;B1_CD202_IRRIG_REPROD00000.asd;B1;CD202;IRRIG;D03M;manha;D03
svm;por_genotipo;CD202;4;teste;258;B1_CD202_IRRIG_REPROD00002.asd;B1;CD202;IRRIG;D03M;manha;D03
svm;por_genotipo;CD202;4;teste;268;B1_CD202_NIRRIG_REPROD00004.asd;B1;CD202;NIRRIG;D03M;manha;D03
svm;por_genotipo;CD202;4;teste;270;B1_CD202_NIRRIG_REPROD00006.asd;B1;CD202;NIRRIG;D03M;manha;D03
svm;por_genotipo;CD202;4;teste;274;B2_CD202_IRRIG_REPROD00002.asd;B2;CD202;IRRIG;D03M;manha;D03
svm;por_genotipo;CD202;4;teste;281;B2_CD202_NIRRIG_REPROD00001.asd;B2;CD202;NIRRIG;D03M;manha;D03
svm;por_genotipo;CD202;4;teste;285;B2_CD202_NIRRIG_REPROD00005.asd;B2;CD202;NIRRIG;D03M;manha;D03
svm;por_genotipo;CD202;4;teste;295;B3_CD202_IRRIG_REPROD00007.asd;B3;CD202;IRRIG;D03M;manha;D03
svm;por_genotipo;CD202;4;teste;303;B3_CD202_NIRRIG_REPROD00007.asd;B3;CD202;NIRRIG;D03M;manha;D03
svm;por_genotipo;CD202;4;teste;305;B4_CD202_IRRIG_REPROD00001.asd;B4;CD202;IRRIG;D03M;manha;D03
svm;por_genotipo;CD202;4;teste;306;B4_CD202_IRRIG_REPROD00002.asd;B4;CD202;IRRIG;D03M;manha;D03
svm;por_genotipo;CD202;4;teste;311;B4_CD202_IRRIG_REPROD00007.asd;B4;CD202;IRRIG;D03M;manha;D03
svm;por_genotipo;CD202;4;teste;317;B4_CD202_NIRRIG_REPROD00005.asd;B4;CD202;NIRRIG;D03M;manha;D03
svm;por_genotipo;CD202;4;teste;448;B1_CD202_IRRIG_REPROD00000.asd;B1;CD202;IRRIG;D04M;manha;D04
svm;por_genotipo;CD202;4;teste;450;B1_CD202_IRRIG_REPROD00002.asd;B1;CD202;IRRIG;D04M;manha;D04
svm;por_genotipo;CD202;4;teste;460;B1_CD202_NIRRIG_REPROD00004.asd;B1;CD202;NIRRIG;D04M;manha;D04
svm;por_genotipo;CD202;4;teste;462;B1_CD202_NIRRIG_REPROD00006.asd;B1;CD202;NIRRIG;D04M;manha;D04
svm;por_genotipo;CD202;4;teste;466;B2_CD202_IRRIG_REPROD00002.asd;B2;CD202;IRRIG;D04M;manha;D04
svm;por_genotipo;CD202;4;teste;473;B2_CD202_NIRRIG_REPROD00001.asd;B2;CD202;NIRRIG;D04M;manha;D04
svm;por_genotipo;CD202;4;teste;477;B2_CD202_NIRRIG_REPROD00005.asd;B2;CD202;NIRRIG;D04M;manha;D04
svm;por_genotipo;CD202;4;teste;487;B3_CD202_IRRIG_REPROD00007.asd;B3;CD202;IRRIG;D04M;manha;D04
svm;por_genotipo;CD202;4;teste;495;B3_CD202_NIRRIG_REPROD00007.asd;B3;CD202;NIRRIG;D04M;manha;D04
svm;por_genotipo;CD202;4;teste;497;B4_CD202_IRRIG_REPROD00001.asd;B4;CD202;IRRIG;D04M;manha;D04
svm;por_genotipo;CD202;4;teste;498;B4_CD202_IRRIG_REPROD00002.asd;B4;CD202;IRRIG;D04M;manha;D04
svm;por_genotipo;CD202;4;teste;503;B4_CD202_IRRIG_REPROD00007.asd;B4;CD202;IRRIG;D04M;manha;D04
svm;por_genotipo;CD202;4;teste;509;B4_CD202_NIRRIG_REPROD00005.asd;B4;CD202;NIRRIG;D04M;manha;D04
svm;por_genotipo;CD202;4;teste;640;B1_CD202_IRRIG_REPROD00000.asd;B1;CD202;IRRIG;D05M;manha;D05
svm;por_genotipo;CD202;4;teste;642;B1_CD202_IRRIG_REPROD00002.asd;B1;CD202;IRRIG;D05M;manha;D05
svm;por_genotipo;CD202;4;teste;652;B1_CD202_NIRRIG_REPROD00004.asd;B1;CD202;NIRRIG;D05M;manha;D05
svm;por_genotipo;CD202;4;teste;654;B1_CD202_NIRRIG_REPROD00006.asd;B1;CD202;NIRRIG;D05M;manha;D05
svm;por_genotipo;CD202;4;teste;658;B2_CD202_IRRIG_REPROD00002.asd;B2;CD202;IRRIG;D05M;manha;D05
svm;por_genotipo;CD202;4;teste;665;B2_CD202_NIRRIG_REPROD00001.asd;B2;CD202;NIRRIG;D05M;manha;D05
svm;por_genotipo;CD202;4;teste;669;B2_CD202_NIRRIG_REPROD00005.asd;B2;CD202;NIRRIG;D05M;manha;D05
svm;por_genotipo;CD202;4;teste;679;B3_CD202_IRRIG_REPROD00007.asd;B3;CD202;IRRIG;D05M;manha;D05
svm;por_genotipo;CD202;4;teste;687;B3_CD202_NIRRIG_REPROD00007.asd;B3;CD202;NIRRIG;D05M;manha;D05
svm;por_genotipo;CD202;4;teste;689;B4_CD202_IRRIG_REPROD00001.asd;B4;CD202;IRRIG;D05M;manha;D05
svm;por_genotipo;CD202;4;teste;690;B4_CD202_IRRIG_REPROD00002.asd;B4;CD202;IRRIG;D05M;manha;D05
svm;por_genotipo;CD202;4;teste;695;B4_CD202_IRRIG_REPROD00007.asd;B4;CD202;IRRIG;D05M;manha;D05
svm;por_genotipo;CD202;4;teste;701;B4_CD202_NIRRIG_REPROD00005.asd;B4;CD202;NIRRIG;D05M;manha;D05
svm;por_genotipo;CD202;4;teste;832;B1_CD202_IRRIG_REPROD00000.asd;B1;CD202;IRRIG;D06M;manha;D06
svm;por_genotipo;CD202;4;teste;834;B1_CD202_IRRIG_REPROD00002.asd;B1;CD202;IRRIG;D06M;manha;D06
svm;por_genotipo;CD202;4;teste;844;B1_CD202_NIRRIG_REPROD00004.asd;B1;CD202;NIRRIG;D06M;manha;D06
svm;por_genotipo;CD202;4;teste;846;B1_CD202_NIRRIG_REPROD00006.asd;B1;CD202;NIRRIG;D06M;manha;D06
svm;por_genotipo;CD202;4;teste;850;B2_CD202_IRRIG_REPROD00002.asd;B2;CD202;IRRIG;D06M;manha;D06
svm;por_genotipo;CD202;4;teste;857;B2_CD202_NIRRIG_REPROD00001.asd;B2;CD202;NIRRIG;D06M;manha;D06
svm;por_genotipo;CD202;4;teste;861;B2_CD202_NIRRIG_REPROD00005.asd;B2;CD202;NIRRIG;D06M;manha;D06
svm;por_genotipo;CD202;4;teste;871;B3_CD202_IRRIG_REPROD00007.asd;B3;CD202;IRRIG;D06M;manha;D06
svm;por_genotipo;CD202;4;teste;879;B3_CD202_NIRRIG_REPROD00007.asd;B3;CD202;NIRRIG;D06M;manha;D06
svm;por_genotipo;CD202;4;teste;881;B4_CD202_IRRIG_REPROD00001.asd;B4;CD202;IRRIG;D06M;manha;D06
svm;por_genotipo;CD202;4;teste;882;B4_CD202_IRRIG_REPROD00002.asd;B4;CD202;IRRIG;D06M;manha;D06
svm;por_genotipo;CD202;4;teste;887;B4_CD202_IRRIG_REPROD00007.asd;B4;CD202;IRRIG;D06M;manha;D06
svm;por_genotipo;CD202;4;teste;893;B4_CD202_NIRRIG_REPROD00005.asd;B4;CD202;NIRRIG;D06M;manha;D06
svm;por_genotipo;CD202;4;teste;1034;B1_CD202_IRR_REP_RECUP00010.asd;B1;CD202;IRRIG;D09M;manha;D09
svm;por_genotipo;CD202;4;teste;1042;B1_CD202_NIRR_REP_RECUP00006.asd;B1;CD202;NIRRIG;D09M;manha;D09
svm;por_genotipo;CD202;4;teste;1049;B2_CD202_IRR_REP_RECUP00005.asd;B2;CD202;IRRIG;D09M;manha;D09
svm;por_genotipo;CD202;4;teste;1050;B2_CD202_IRR_REP_RECUP00006.asd;B2;CD202;IRRIG;D09M;manha;D09
svm;por_genotipo;CD202;4;teste;1053;B2_CD202_NIRR_REP_RECUP00001.asd;B2;CD202;NIRRIG;D09M;manha;D09
svm;por_genotipo;CD202;4;teste;1064;B3_CD202_IRR_REP_RECUP00004.asd;B3;CD202;IRRIG;D09M;manha;D09
svm;por_genotipo;CD202;4;teste;1065;B3_CD202_IRR_REP_RECUP00005.asd;B3;CD202;IRRIG;D09M;manha;D09
svm;por_genotipo;CD202;4;teste;1068;B3_CD202_NIRR_REP_RECUP00000.asd;B3;CD202;NIRRIG;D09M;manha;D09
svm;por_genotipo;CD202;4;teste;1070;B3_CD202_NIRR_REP_RECUP00002.asd;B3;CD202;NIRRIG;D09M;manha;D09
svm;por_genotipo;CD202;4;teste;1081;B4_CD202_IRR_REP_RECUP00005.asd;B4;CD202;IRRIG;D09M;manha;D09
svm;por_genotipo;CD202;4;teste;1084;B4_CD202_NIRR_REP_RECUP00000.asd;B4;CD202;NIRRIG;D09M;manha;D09
svm;por_genotipo;CD202;4;teste;1086;B4_CD202_NIRR_REP_RECUP00002.asd;B4;CD202;NIRRIG;D09M;manha;D09
svm;por_genotipo;CD202;4;teste;1088;B4_CD202_NIRR_REP_RECUP00004.asd;B4;CD202;NIRRIG;D09M;manha;D09
svm;por_genotipo;CD202;4;teste;1186;B1_CD202_NIRR_REP_RECUP00006.asd;B1;CD202;NIRRIG;D10M;manha;D10
svm;por_genotipo;CD202;4;teste;1225;B2_CD202_IRR_REP_RECUP00005.asd;B2;CD202;IRRIG;D10M;manha;D10
svm;por_genotipo;CD202;4;teste;1226;B2_CD202_IRR_REP_RECUP00006.asd;B2;CD202;IRRIG;D10M;manha;D10
svm;por_genotipo;CD202;4;teste;1233;B2_CD202_NIRR_REP_RECUP00013.asd;B2;CD202;NIRRIG;D10M;manha;D10
svm;por_genotipo;CD202;4;teste;1272;B3_CD202_IRR_REP_RECUP00004.asd;B3;CD202;IRRIG;D10M;manha;D10
svm;por_genotipo;CD202;4;teste;1273;B3_CD202_IRR_REP_RECUP00005.asd;B3;CD202;IRRIG;D10M;manha;D10
svm;por_genotipo;CD202;4;teste;1276;B3_CD202_NIRR_REP_RECUP00000.asd;B3;CD202;NIRRIG;D10M;manha;D10
svm;por_genotipo;CD202;4;teste;1278;B3_CD202_NIRR_REP_RECUP00002.asd;B3;CD202;NIRRIG;D10M;manha;D10
svm;por_genotipo;CD202;4;teste;1321;B4_CD202_IRR_REP_RECUP00005.asd;B4;CD202;IRRIG;D10M;manha;D10
svm;por_genotipo;CD202;4;teste;1324;B4_CD202_NIRR_REP_RECUP00000.asd;B4;CD202;NIRRIG;D10M;manha;D10
svm;por_genotipo;CD202;4;teste;1326;B4_CD202_NIRR_REP_RECUP00002.asd;B4;CD202;NIRRIG;D10M;manha;D10
svm;por_genotipo;CD202;4;teste;1328;B4_CD202_NIRR_REP_RECUP00004.asd;B4;CD202;NIRRIG;D10M;manha;D10
svm;por_genotipo;CD202;5;treino;64;B1_CD202_IRRIG_REPROD00000.asd;B1;CD202;IRRIG;D02M;manha;D02
svm;por_genotipo;CD202;5;treino;65;B1_CD202_IRRIG_REPROD00001.asd;B1;CD202;IRRIG;D02M;manha;D02
svm;por_genotipo;CD202;5;treino;66;B1_CD202_IRRIG_REPROD00002.asd;B1;CD202;IRRIG;D02M;manha;D02
svm;por_genotipo;CD202;5;treino;67;B1_CD202_IRRIG_REPROD00003.asd;B1;CD202;IRRIG;D02M;manha;D02
svm;por_genotipo;CD202;5;treino;68;B1_CD202_IRRIG_REPROD00004.asd;B1;CD202;IRRIG;D02M;manha;D02
svm;por_genotipo;CD202;5;treino;69;B1_CD202_IRRIG_REPROD00005.asd;B1;CD202;IRRIG;D02M;manha;D02
svm;por_genotipo;CD202;5;treino;70;B1_CD202_IRRIG_REPROD00006.asd;B1;CD202;IRRIG;D02M;manha;D02
svm;por_genotipo;CD202;5;treino;71;B1_CD202_IRRIG_REPROD00007.asd;B1;CD202;IRRIG;D02M;manha;D02
svm;por_genotipo;CD202;5;treino;72;B1_CD202_NIRRIG_REPROD00000.asd;B1;CD202;NIRRIG;D02M;manha;D02
svm;por_genotipo;CD202;5;treino;74;B1_CD202_NIRRIG_REPROD00002.asd;B1;CD202;NIRRIG;D02M;manha;D02
svm;por_genotipo;CD202;5;treino;75;B1_CD202_NIRRIG_REPROD00003.asd;B1;CD202;NIRRIG;D02M;manha;D02
svm;por_genotipo;CD202;5;treino;76;B1_CD202_NIRRIG_REPROD00004.asd;B1;CD202;NIRRIG;D02M;manha;D02
svm;por_genotipo;CD202;5;treino;77;B1_CD202_NIRRIG_REPROD00005.asd;B1;CD202;NIRRIG;D02M;manha;D02
svm;por_genotipo;CD202;5;treino;78;B1_CD202_NIRRIG_REPROD00006.asd;B1;CD202;NIRRIG;D02M;manha;D02
svm;por_genotipo;CD202;5;treino;79;B1_CD202_NIRRIG_REPROD00007.asd;B1;CD202;NIRRIG;D02M;manha;D02
svm;por_genotipo;CD202;5;treino;80;B2_CD202_IRRIG_REPROD00000.asd;B2;CD202;IRRIG;D02M;manha;D02
svm;por_genotipo;CD202;5;treino;81;B2_CD202_IRRIG_REPROD00001.asd;B2;CD202;IRRIG;D02M;manha;D02
svm;por_genotipo;CD202;5;treino;82;B2_CD202_IRRIG_REPROD00002.asd;B2;CD202;IRRIG;D02M;manha;D02
svm;por_genotipo;CD202;5;treino;83;B2_CD202_IRRIG_REPROD00003.asd;B2;CD202;IRRIG;D02M;manha;D02
svm;por_genotipo;CD202;5;treino;84;B2_CD202_IRRIG_REPROD00004.asd;B2;CD202;IRRIG;D02M;manha;D02
svm;por_genotipo;CD202;5;treino;86;B2_CD202_IRRIG_REPROD00006.asd;B2;CD202;IRRIG;D02M;manha;D02
svm;por_genotipo;CD202;5;treino;87;B2_CD202_IRRIG_REPROD00007.asd;B2;CD202;IRRIG;D02M;manha;D02
svm;por_genotipo;CD202;5;treino;88;B2_CD202_NIRRIG_REPROD00000.asd;B2;CD202;NIRRIG;D02M;manha;D02
svm;por_genotipo;CD202;5;treino;89;B2_CD202_NIRRIG_REPROD00001.asd;B2;CD202;NIRRIG;D02M;manha;D02
svm;por_genotipo;CD202;5;treino;91;B2_CD202_NIRRIG_REPROD00003.asd;B2;CD202;NIRRIG;D02M;manha;D02
svm;por_genotipo;CD202;5;treino;93;B2_CD202_NIRRIG_REPROD00005.asd;B2;CD202;NIRRIG;D02M;manha;D02
svm;por_genotipo;CD202;5;treino;94;B2_CD202_NIRRIG_REPROD00006.asd;B2;CD202;NIRRIG;D02M;manha;D02
svm;por_genotipo;CD202;5;treino;96;B3_CD202_IRRIG_REPROD00000.asd;B3;CD202;IRRIG;D02M;manha;D02
svm;por_genotipo;CD202;5;treino;98;B3_CD202_IRRIG_REPROD00002.asd;B3;CD202;IRRIG;D02M;manha;D02
svm;por_genotipo;CD202;5;treino;99;B3_CD202_IRRIG_REPROD00003.asd;B3;CD202;IRRIG;D02M;manha;D02
svm;por_genotipo;CD202;5;treino;100;B3_CD202_IRRIG_REPROD00004.asd;B3;CD202;IRRIG;D02M;manha;D02
svm;por_genotipo;CD202;5;treino;101;B3_CD202_IRRIG_REPROD00005.asd;B3;CD202;IRRIG;D02M;manha;D02
svm;por_genotipo;CD202;5;treino;102;B3_CD202_IRRIG_REPROD00006.asd;B3;CD202;IRRIG;D02M;manha;D02
svm;por_genotipo;CD202;5;treino;103;B3_CD202_IRRIG_REPROD00007.asd;B3;CD202;IRRIG;D02M;manha;D02
svm;por_genotipo;CD202;5;treino;104;B3_CD202_NIRRIG_REPROD00000.asd;B3;CD202;NIRRIG;D02M;manha;D02
svm;por_genotipo;CD202;5;treino;105;B3_CD202_NIRRIG_REPROD00001.asd;B3;CD202;NIRRIG;D02M;manha;D02
svm;por_genotipo;CD202;5;treino;106;B3_CD202_NIRRIG_REPROD00002.asd;B3;CD202;NIRRIG;D02M;manha;D02
svm;por_genotipo;CD202;5;treino;107;B3_CD202_NIRRIG_REPROD00003.asd;B3;CD202;NIRRIG;D02M;manha;D02
svm;por_genotipo;CD202;5;treino;110;B3_CD202_NIRRIG_REPROD00006.asd;B3;CD202;NIRRIG;D02M;manha;D02
svm;por_genotipo;CD202;5;treino;111;B3_CD202_NIRRIG_REPROD00007.asd;B3;CD202;NIRRIG;D02M;manha;D02
svm;por_genotipo;CD202;5;treino;112;B4_CD202_IRRIG_REPROD00000.asd;B4;CD202;IRRIG;D02M;manha;D02
svm;por_genotipo;CD202;5;treino;113;B4_CD202_IRRIG_REPROD00001.asd;B4;CD202;IRRIG;D02M;manha;D02
svm;por_genotipo;CD202;5;treino;114;B4_CD202_IRRIG_REPROD00002.asd;B4;CD202;IRRIG;D02M;manha;D02
svm;por_genotipo;CD202;5;treino;119;B4_CD202_IRRIG_REPROD00007.asd;B4;CD202;IRRIG;D02M;manha;D02
svm;por_genotipo;CD202;5;treino;120;B4_CD202_NIRRIG_REPROD00000.asd;B4;CD202;NIRRIG;D02M;manha;D02
svm;por_genotipo;CD202;5;treino;121;B4_CD202_NIRRIG_REPROD00001.asd;B4;CD202;NIRRIG;D02M;manha;D02
svm;por_genotipo;CD202;5;treino;122;B4_CD202_NIRRIG_REPROD00002.asd;B4;CD202;NIRRIG;D02M;manha;D02
svm;por_genotipo;CD202;5;treino;123;B4_CD202_NIRRIG_REPROD00003.asd;B4;CD202;NIRRIG;D02M;manha;D02
svm;por_genotipo;CD202;5;treino;124;B4_CD202_NIRRIG_REPROD00004.asd;B4;CD202;NIRRIG;D02M;manha;D02
svm;por_genotipo;CD202;5;treino;125;B4_CD202_NIRRIG_REPROD00005.asd;B4;CD202;NIRRIG;D02M;manha;D02
svm;por_genotipo;CD202;5;treino;126;B4_CD202_NIRRIG_REPROD00006.asd;B4;CD202;NIRRIG;D02M;manha;D02
svm;por_genotipo;CD202;5;treino;127;B4_CD202_NIRRIG_REPROD00007.asd;B4;CD202;NIRRIG;D02M;manha;D02
svm;por_genotipo;CD202;5;treino;256;B1_CD202_IRRIG_REPROD00000.asd;B1;CD202;IRRIG;D03M;manha;D03
svm;por_genotipo;CD202;5;treino;257;B1_CD202_IRRIG_REPROD00001.asd;B1;CD202;IRRIG;D03M;manha;D03
svm;por_genotipo;CD202;5;treino;258;B1_CD202_IRRIG_REPROD00002.asd;B1;CD202;IRRIG;D03M;manha;D03
svm;por_genotipo;CD202;5;treino;259;B1_CD202_IRRIG_REPROD00003.asd;B1;CD202;IRRIG;D03M;manha;D03
svm;por_genotipo;CD202;5;treino;260;B1_CD202_IRRIG_REPROD00004.asd;B1;CD202;IRRIG;D03M;manha;D03
svm;por_genotipo;CD202;5;treino;261;B1_CD202_IRRIG_REPROD00005.asd;B1;CD202;IRRIG;D03M;manha;D03
svm;por_genotipo;CD202;5;treino;262;B1_CD202_IRRIG_REPROD00006.asd;B1;CD202;IRRIG;D03M;manha;D03
svm;por_genotipo;CD202;5;treino;263;B1_CD202_IRRIG_REPROD00007.asd;B1;CD202;IRRIG;D03M;manha;D03
svm;por_genotipo;CD202;5;treino;264;B1_CD202_NIRRIG_REPROD00000.asd;B1;CD202;NIRRIG;D03M;manha;D03
svm;por_genotipo;CD202;5;treino;266;B1_CD202_NIRRIG_REPROD00002.asd;B1;CD202;NIRRIG;D03M;manha;D03
svm;por_genotipo;CD202;5;treino;267;B1_CD202_NIRRIG_REPROD00003.asd;B1;CD202;NIRRIG;D03M;manha;D03
svm;por_genotipo;CD202;5;treino;268;B1_CD202_NIRRIG_REPROD00004.asd;B1;CD202;NIRRIG;D03M;manha;D03
svm;por_genotipo;CD202;5;treino;269;B1_CD202_NIRRIG_REPROD00005.asd;B1;CD202;NIRRIG;D03M;manha;D03
svm;por_genotipo;CD202;5;treino;270;B1_CD202_NIRRIG_REPROD00006.asd;B1;CD202;NIRRIG;D03M;manha;D03
svm;por_genotipo;CD202;5;treino;271;B1_CD202_NIRRIG_REPROD00007.asd;B1;CD202;NIRRIG;D03M;manha;D03
svm;por_genotipo;CD202;5;treino;272;B2_CD202_IRRIG_REPROD00000.asd;B2;CD202;IRRIG;D03M;manha;D03
svm;por_genotipo;CD202;5;treino;273;B2_CD202_IRRIG_REPROD00001.asd;B2;CD202;IRRIG;D03M;manha;D03
svm;por_genotipo;CD202;5;treino;274;B2_CD202_IRRIG_REPROD00002.asd;B2;CD202;IRRIG;D03M;manha;D03
svm;por_genotipo;CD202;5;treino;275;B2_CD202_IRRIG_REPROD00003.asd;B2;CD202;IRRIG;D03M;manha;D03
svm;por_genotipo;CD202;5;treino;276;B2_CD202_IRRIG_REPROD00004.asd;B2;CD202;IRRIG;D03M;manha;D03
svm;por_genotipo;CD202;5;treino;278;B2_CD202_IRRIG_REPROD00006.asd;B2;CD202;IRRIG;D03M;manha;D03
svm;por_genotipo;CD202;5;treino;279;B2_CD202_IRRIG_REPROD00007.asd;B2;CD202;IRRIG;D03M;manha;D03
svm;por_genotipo;CD202;5;treino;280;B2_CD202_NIRRIG_REPROD00000.asd;B2;CD202;NIRRIG;D03M;manha;D03
svm;por_genotipo;CD202;5;treino;281;B2_CD202_NIRRIG_REPROD00001.asd;B2;CD202;NIRRIG;D03M;manha;D03
svm;por_genotipo;CD202;5;treino;283;B2_CD202_NIRRIG_REPROD00003.asd;B2;CD202;NIRRIG;D03M;manha;D03
svm;por_genotipo;CD202;5;treino;285;B2_CD202_NIRRIG_REPROD00005.asd;B2;CD202;NIRRIG;D03M;manha;D03
svm;por_genotipo;CD202;5;treino;286;B2_CD202_NIRRIG_REPROD00006.asd;B2;CD202;NIRRIG;D03M;manha;D03
svm;por_genotipo;CD202;5;treino;288;B3_CD202_IRRIG_REPROD00000.asd;B3;CD202;IRRIG;D03M;manha;D03
svm;por_genotipo;CD202;5;treino;290;B3_CD202_IRRIG_REPROD00002.asd;B3;CD202;IRRIG;D03M;manha;D03
svm;por_genotipo;CD202;5;treino;291;B3_CD202_IRRIG_REPROD00003.asd;B3;CD202;IRRIG;D03M;manha;D03
svm;por_genotipo;CD202;5;treino;292;B3_CD202_IRRIG_REPROD00004.asd;B3;CD202;IRRIG;D03M;manha;D03
svm;por_genotipo;CD202;5;treino;293;B3_CD202_IRRIG_REPROD00005.asd;B3;CD202;IRRIG;D03M;manha;D03
svm;por_genotipo;CD202;5;treino;294;B3_CD202_IRRIG_REPROD00006.asd;B3;CD202;IRRIG;D03M;manha;D03
svm;por_genotipo;CD202;5;treino;295;B3_CD202_IRRIG_REPROD00007.asd;B3;CD202;IRRIG;D03M;manha;D03
svm;por_genotipo;CD202;5;treino;296;B3_CD202_NIRRIG_REPROD00000.asd;B3;CD202;NIRRIG;D03M;manha;D03
svm;por_genotipo;CD202;5;treino;297;B3_CD202_NIRRIG_REPROD00001.asd;B3;CD202;NIRRIG;D03M;manha;D03
svm;por_genotipo;CD202;5;treino;298;B3_CD202_NIRRIG_REPROD00002.asd;B3;CD202;NIRRIG;D03M;manha;D03
svm;por_genotipo;CD202;5;treino;299;B3_CD202_NIRRIG_REPROD00003.asd;B3;CD202;NIRRIG;D03M;manha;D03
svm;por_genotipo;CD202;5;treino;302;B3_CD202_NIRRIG_REPROD00006.asd;B3;CD202;NIRRIG;D03M;manha;D03
svm;por_genotipo;CD202;5;treino;303;B3_CD202_NIRRIG_REPROD00007.asd;B3;CD202;NIRRIG;D03M;manha;D03
svm;por_genotipo;CD202;5;treino;304;B4_CD202_IRRIG_REPROD00000.asd;B4;CD202;IRRIG;D03M;manha;D03
svm;por_genotipo;CD202;5;treino;305;B4_CD202_IRRIG_REPROD00001.asd;B4;CD202;IRRIG;D03M;manha;D03
svm;por_genotipo;CD202;5;treino;306;B4_CD202_IRRIG_REPROD00002.asd;B4;CD202;IRRIG;D03M;manha;D03
svm;por_genotipo;CD202;5;treino;311;B4_CD202_IRRIG_REPROD00007.asd;B4;CD202;IRRIG;D03M;manha;D03
svm;por_genotipo;CD202;5;treino;312;B4_CD202_NIRRIG_REPROD00000.asd;B4;CD202;NIRRIG;D03M;manha;D03
svm;por_genotipo;CD202;5;treino;313;B4_CD202_NIRRIG_REPROD00001.asd;B4;CD202;NIRRIG;D03M;manha;D03
svm;por_genotipo;CD202;5;treino;314;B4_CD202_NIRRIG_REPROD00002.asd;B4;CD202;NIRRIG;D03M;manha;D03
svm;por_genotipo;CD202;5;treino;315;B4_CD202_NIRRIG_REPROD00003.asd;B4;CD202;NIRRIG;D03M;manha;D03
svm;por_genotipo;CD202;5;treino;316;B4_CD202_NIRRIG_REPROD00004.asd;B4;CD202;NIRRIG;D03M;manha;D03
svm;por_genotipo;CD202;5;treino;317;B4_CD202_NIRRIG_REPROD00005.asd;B4;CD202;NIRRIG;D03M;manha;D03
svm;por_genotipo;CD202;5;treino;318;B4_CD202_NIRRIG_REPROD00006.asd;B4;CD202;NIRRIG;D03M;manha;D03
svm;por_genotipo;CD202;5;treino;319;B4_CD202_NIRRIG_REPROD00007.asd;B4;CD202;NIRRIG;D03M;manha;D03
svm;por_genotipo;CD202;5;treino;448;B1_CD202_IRRIG_REPROD00000.asd;B1;CD202;IRRIG;D04M;manha;D04
svm;por_genotipo;CD202;5;treino;449;B1_CD202_IRRIG_REPROD00001.asd;B1;CD202;IRRIG;D04M;manha;D04
svm;por_genotipo;CD202;5;treino;450;B1_CD202_IRRIG_REPROD00002.asd;B1;CD202;IRRIG;D04M;manha;D04
svm;por_genotipo;CD202;5;treino;451;B1_CD202_IRRIG_REPROD00003.asd;B1;CD202;IRRIG;D04M;manha;D04
svm;por_genotipo;CD202;5;treino;452;B1_CD202_IRRIG_REPROD00004.asd;B1;CD202;IRRIG;D04M;manha;D04
svm;por_genotipo;CD202;5;treino;453;B1_CD202_IRRIG_REPROD00005.asd;B1;CD202;IRRIG;D04M;manha;D04
svm;por_genotipo;CD202;5;treino;454;B1_CD202_IRRIG_REPROD00006.asd;B1;CD202;IRRIG;D04M;manha;D04
svm;por_genotipo;CD202;5;treino;455;B1_CD202_IRRIG_REPROD00007.asd;B1;CD202;IRRIG;D04M;manha;D04
svm;por_genotipo;CD202;5;treino;456;B1_CD202_NIRRIG_REPROD00000.asd;B1;CD202;NIRRIG;D04M;manha;D04
svm;por_genotipo;CD202;5;treino;458;B1_CD202_NIRRIG_REPROD00002.asd;B1;CD202;NIRRIG;D04M;manha;D04
svm;por_genotipo;CD202;5;treino;459;B1_CD202_NIRRIG_REPROD00003.asd;B1;CD202;NIRRIG;D04M;manha;D04
svm;por_genotipo;CD202;5;treino;460;B1_CD202_NIRRIG_REPROD00004.asd;B1;CD202;NIRRIG;D04M;manha;D04
svm;por_genotipo;CD202;5;treino;461;B1_CD202_NIRRIG_REPROD00005.asd;B1;CD202;NIRRIG;D04M;manha;D04
svm;por_genotipo;CD202;5;treino;462;B1_CD202_NIRRIG_REPROD00006.asd;B1;CD202;NIRRIG;D04M;manha;D04
svm;por_genotipo;CD202;5;treino;463;B1_CD202_NIRRIG_REPROD00007.asd;B1;CD202;NIRRIG;D04M;manha;D04
svm;por_genotipo;CD202;5;treino;464;B2_CD202_IRRIG_REPROD00000.asd;B2;CD202;IRRIG;D04M;manha;D04
svm;por_genotipo;CD202;5;treino;465;B2_CD202_IRRIG_REPROD00001.asd;B2;CD202;IRRIG;D04M;manha;D04
svm;por_genotipo;CD202;5;treino;466;B2_CD202_IRRIG_REPROD00002.asd;B2;CD202;IRRIG;D04M;manha;D04
svm;por_genotipo;CD202;5;treino;467;B2_CD202_IRRIG_REPROD00003.asd;B2;CD202;IRRIG;D04M;manha;D04
svm;por_genotipo;CD202;5;treino;468;B2_CD202_IRRIG_REPROD00004.asd;B2;CD202;IRRIG;D04M;manha;D04
svm;por_genotipo;CD202;5;treino;470;B2_CD202_IRRIG_REPROD00006.asd;B2;CD202;IRRIG;D04M;manha;D04
svm;por_genotipo;CD202;5;treino;471;B2_CD202_IRRIG_REPROD00007.asd;B2;CD202;IRRIG;D04M;manha;D04
svm;por_genotipo;CD202;5;treino;472;B2_CD202_NIRRIG_REPROD00000.asd;B2;CD202;NIRRIG;D04M;manha;D04
svm;por_genotipo;CD202;5;treino;473;B2_CD202_NIRRIG_REPROD00001.asd;B2;CD202;NIRRIG;D04M;manha;D04
svm;por_genotipo;CD202;5;treino;475;B2_CD202_NIRRIG_REPROD00003.asd;B2;CD202;NIRRIG;D04M;manha;D04
svm;por_genotipo;CD202;5;treino;477;B2_CD202_NIRRIG_REPROD00005.asd;B2;CD202;NIRRIG;D04M;manha;D04
svm;por_genotipo;CD202;5;treino;478;B2_CD202_NIRRIG_REPROD00006.asd;B2;CD202;NIRRIG;D04M;manha;D04
svm;por_genotipo;CD202;5;treino;480;B3_CD202_IRRIG_REPROD00000.asd;B3;CD202;IRRIG;D04M;manha;D04
svm;por_genotipo;CD202;5;treino;482;B3_CD202_IRRIG_REPROD00002.asd;B3;CD202;IRRIG;D04M;manha;D04
svm;por_genotipo;CD202;5;treino;483;B3_CD202_IRRIG_REPROD00003.asd;B3;CD202;IRRIG;D04M;manha;D04
svm;por_genotipo;CD202;5;treino;484;B3_CD202_IRRIG_REPROD00004.asd;B3;CD202;IRRIG;D04M;manha;D04
svm;por_genotipo;CD202;5;treino;485;B3_CD202_IRRIG_REPROD00005.asd;B3;CD202;IRRIG;D04M;manha;D04
svm;por_genotipo;CD202;5;treino;486;B3_CD202_IRRIG_REPROD00006.asd;B3;CD202;IRRIG;D04M;manha;D04
svm;por_genotipo;CD202;5;treino;487;B3_CD202_IRRIG_REPROD00007.asd;B3;CD202;IRRIG;D04M;manha;D04
svm;por_genotipo;CD202;5;treino;488;B3_CD202_NIRRIG_REPROD00000.asd;B3;CD202;NIRRIG;D04M;manha;D04
svm;por_genotipo;CD202;5;treino;489;B3_CD202_NIRRIG_REPROD00001.asd;B3;CD202;NIRRIG;D04M;manha;D04
svm;por_genotipo;CD202;5;treino;490;B3_CD202_NIRRIG_REPROD00002.asd;B3;CD202;NIRRIG;D04M;manha;D04
svm;por_genotipo;CD202;5;treino;491;B3_CD202_NIRRIG_REPROD00003.asd;B3;CD202;NIRRIG;D04M;manha;D04
svm;por_genotipo;CD202;5;treino;494;B3_CD202_NIRRIG_REPROD00006.asd;B3;CD202;NIRRIG;D04M;manha;D04
svm;por_genotipo;CD202;5;treino;495;B3_CD202_NIRRIG_REPROD00007.asd;B3;CD202;NIRRIG;D04M;manha;D04
svm;por_genotipo;CD202;5;treino;496;B4_CD202_IRRIG_REPROD00000.asd;B4;CD202;IRRIG;D04M;manha;D04
svm;por_genotipo;CD202;5;treino;497;B4_CD202_IRRIG_REPROD00001.asd;B4;CD202;IRRIG;D04M;manha;D04
svm;por_genotipo;CD202;5;treino;498;B4_CD202_IRRIG_REPROD00002.asd;B4;CD202;IRRIG;D04M;manha;D04
svm;por_genotipo;CD202;5;treino;503;B4_CD202_IRRIG_REPROD00007.asd;B4;CD202;IRRIG;D04M;manha;D04
svm;por_genotipo;CD202;5;treino;504;B4_CD202_NIRRIG_REPROD00000.asd;B4;CD202;NIRRIG;D04M;manha;D04
svm;por_genotipo;CD202;5;treino;505;B4_CD202_NIRRIG_REPROD00001.asd;B4;CD202;NIRRIG;D04M;manha;D04
svm;por_genotipo;CD202;5;treino;506;B4_CD202_NIRRIG_REPROD00002.asd;B4;CD202;NIRRIG;D04M;manha;D04
svm;por_genotipo;CD202;5;treino;507;B4_CD202_NIRRIG_REPROD00003.asd;B4;CD202;NIRRIG;D04M;manha;D04
svm;por_genotipo;CD202;5;treino;508;B4_CD202_NIRRIG_REPROD00004.asd;B4;CD202;NIRRIG;D04M;manha;D04
svm;por_genotipo;CD202;5;treino;509;B4_CD202_NIRRIG_REPROD00005.asd;B4;CD202;NIRRIG;D04M;manha;D04
svm;por_genotipo;CD202;5;treino;510;B4_CD202_NIRRIG_REPROD00006.asd;B4;CD202;NIRRIG;D04M;manha;D04
svm;por_genotipo;CD202;5;treino;511;B4_CD202_NIRRIG_REPROD00007.asd;B4;CD202;NIRRIG;D04M;manha;D04
svm;por_genotipo;CD202;5;treino;640;B1_CD202_IRRIG_REPROD00000.asd;B1;CD202;IRRIG;D05M;manha;D05
svm;por_genotipo;CD202;5;treino;641;B1_CD202_IRRIG_REPROD00001.asd;B1;CD202;IRRIG;D05M;manha;D05
svm;por_genotipo;CD202;5;treino;642;B1_CD202_IRRIG_REPROD00002.asd;B1;CD202;IRRIG;D05M;manha;D05
svm;por_genotipo;CD202;5;treino;643;B1_CD202_IRRIG_REPROD00003.asd;B1;CD202;IRRIG;D05M;manha;D05
svm;por_genotipo;CD202;5;treino;644;B1_CD202_IRRIG_REPROD00004.asd;B1;CD202;IRRIG;D05M;manha;D05
svm;por_genotipo;CD202;5;treino;645;B1_CD202_IRRIG_REPROD00005.asd;B1;CD202;IRRIG;D05M;manha;D05
svm;por_genotipo;CD202;5;treino;646;B1_CD202_IRRIG_REPROD00006.asd;B1;CD202;IRRIG;D05M;manha;D05
svm;por_genotipo;CD202;5;treino;647;B1_CD202_IRRIG_REPROD00007.asd;B1;CD202;IRRIG;D05M;manha;D05
svm;por_genotipo;CD202;5;treino;648;B1_CD202_NIRRIG_REPROD00000.asd;B1;CD202;NIRRIG;D05M;manha;D05
svm;por_genotipo;CD202;5;treino;650;B1_CD202_NIRRIG_REPROD00002.asd;B1;CD202;NIRRIG;D05M;manha;D05
svm;por_genotipo;CD202;5;treino;651;B1_CD202_NIRRIG_REPROD00003.asd;B1;CD202;NIRRIG;D05M;manha;D05
svm;por_genotipo;CD202;5;treino;652;B1_CD202_NIRRIG_REPROD00004.asd;B1;CD202;NIRRIG;D05M;manha;D05
svm;por_genotipo;CD202;5;treino;653;B1_CD202_NIRRIG_REPROD00005.asd;B1;CD202;NIRRIG;D05M;manha;D05
svm;por_genotipo;CD202;5;treino;654;B1_CD202_NIRRIG_REPROD00006.asd;B1;CD202;NIRRIG;D05M;manha;D05
svm;por_genotipo;CD202;5;treino;655;B1_CD202_NIRRIG_REPROD00007.asd;B1;CD202;NIRRIG;D05M;manha;D05
svm;por_genotipo;CD202;5;treino;656;B2_CD202_IRRIG_REPROD00000.asd;B2;CD202;IRRIG;D05M;manha;D05
svm;por_genotipo;CD202;5;treino;657;B2_CD202_IRRIG_REPROD00001.asd;B2;CD202;IRRIG;D05M;manha;D05
svm;por_genotipo;CD202;5;treino;658;B2_CD202_IRRIG_REPROD00002.asd;B2;CD202;IRRIG;D05M;manha;D05
svm;por_genotipo;CD202;5;treino;659;B2_CD202_IRRIG_REPROD00003.asd;B2;CD202;IRRIG;D05M;manha;D05
svm;por_genotipo;CD202;5;treino;660;B2_CD202_IRRIG_REPROD00004.asd;B2;CD202;IRRIG;D05M;manha;D05
svm;por_genotipo;CD202;5;treino;662;B2_CD202_IRRIG_REPROD00006.asd;B2;CD202;IRRIG;D05M;manha;D05
svm;por_genotipo;CD202;5;treino;663;B2_CD202_IRRIG_REPROD00007.asd;B2;CD202;IRRIG;D05M;manha;D05
svm;por_genotipo;CD202;5;treino;664;B2_CD202_NIRRIG_REPROD00000.asd;B2;CD202;NIRRIG;D05M;manha;D05
svm;por_genotipo;CD202;5;treino;665;B2_CD202_NIRRIG_REPROD00001.asd;B2;CD202;NIRRIG;D05M;manha;D05
svm;por_genotipo;CD202;5;treino;667;B2_CD202_NIRRIG_REPROD00003.asd;B2;CD202;NIRRIG;D05M;manha;D05
svm;por_genotipo;CD202;5;treino;669;B2_CD202_NIRRIG_REPROD00005.asd;B2;CD202;NIRRIG;D05M;manha;D05
svm;por_genotipo;CD202;5;treino;670;B2_CD202_NIRRIG_REPROD00006.asd;B2;CD202;NIRRIG;D05M;manha;D05
svm;por_genotipo;CD202;5;treino;672;B3_CD202_IRRIG_REPROD00000.asd;B3;CD202;IRRIG;D05M;manha;D05
svm;por_genotipo;CD202;5;treino;674;B3_CD202_IRRIG_REPROD00002.asd;B3;CD202;IRRIG;D05M;manha;D05
svm;por_genotipo;CD202;5;treino;675;B3_CD202_IRRIG_REPROD00003.asd;B3;CD202;IRRIG;D05M;manha;D05
svm;por_genotipo;CD202;5;treino;676;B3_CD202_IRRIG_REPROD00004.asd;B3;CD202;IRRIG;D05M;manha;D05
svm;por_genotipo;CD202;5;treino;677;B3_CD202_IRRIG_REPROD00005.asd;B3;CD202;IRRIG;D05M;manha;D05
svm;por_genotipo;CD202;5;treino;678;B3_CD202_IRRIG_REPROD00006.asd;B3;CD202;IRRIG;D05M;manha;D05
svm;por_genotipo;CD202;5;treino;679;B3_CD202_IRRIG_REPROD00007.asd;B3;CD202;IRRIG;D05M;manha;D05
svm;por_genotipo;CD202;5;treino;680;B3_CD202_NIRRIG_REPROD00000.asd;B3;CD202;NIRRIG;D05M;manha;D05
svm;por_genotipo;CD202;5;treino;681;B3_CD202_NIRRIG_REPROD00001.asd;B3;CD202;NIRRIG;D05M;manha;D05
svm;por_genotipo;CD202;5;treino;682;B3_CD202_NIRRIG_REPROD00002.asd;B3;CD202;NIRRIG;D05M;manha;D05
svm;por_genotipo;CD202;5;treino;683;B3_CD202_NIRRIG_REPROD00003.asd;B3;CD202;NIRRIG;D05M;manha;D05
svm;por_genotipo;CD202;5;treino;686;B3_CD202_NIRRIG_REPROD00006.asd;B3;CD202;NIRRIG;D05M;manha;D05
svm;por_genotipo;CD202;5;treino;687;B3_CD202_NIRRIG_REPROD00007.asd;B3;CD202;NIRRIG;D05M;manha;D05
svm;por_genotipo;CD202;5;treino;688;B4_CD202_IRRIG_REPROD00000.asd;B4;CD202;IRRIG;D05M;manha;D05
svm;por_genotipo;CD202;5;treino;689;B4_CD202_IRRIG_REPROD00001.asd;B4;CD202;IRRIG;D05M;manha;D05
svm;por_genotipo;CD202;5;treino;690;B4_CD202_IRRIG_REPROD00002.asd;B4;CD202;IRRIG;D05M;manha;D05
svm;por_genotipo;CD202;5;treino;695;B4_CD202_IRRIG_REPROD00007.asd;B4;CD202;IRRIG;D05M;manha;D05
svm;por_genotipo;CD202;5;treino;696;B4_CD202_NIRRIG_REPROD00000.asd;B4;CD202;NIRRIG;D05M;manha;D05
svm;por_genotipo;CD202;5;treino;697;B4_CD202_NIRRIG_REPROD00001.asd;B4;CD202;NIRRIG;D05M;manha;D05
svm;por_genotipo;CD202;5;treino;698;B4_CD202_NIRRIG_REPROD00002.asd;B4;CD202;NIRRIG;D05M;manha;D05
svm;por_genotipo;CD202;5;treino;699;B4_CD202_NIRRIG_REPROD00003.asd;B4;CD202;NIRRIG;D05M;manha;D05
svm;por_genotipo;CD202;5;treino;700;B4_CD202_NIRRIG_REPROD00004.asd;B4;CD202;NIRRIG;D05M;manha;D05
svm;por_genotipo;CD202;5;treino;701;B4_CD202_NIRRIG_REPROD00005.asd;B4;CD202;NIRRIG;D05M;manha;D05
svm;por_genotipo;CD202;5;treino;702;B4_CD202_NIRRIG_REPROD00006.asd;B4;CD202;NIRRIG;D05M;manha;D05
svm;por_genotipo;CD202;5;treino;703;B4_CD202_NIRRIG_REPROD00007.asd;B4;CD202;NIRRIG;D05M;manha;D05
svm;por_genotipo;CD202;5;treino;832;B1_CD202_IRRIG_REPROD00000.asd;B1;CD202;IRRIG;D06M;manha;D06
svm;por_genotipo;CD202;5;treino;833;B1_CD202_IRRIG_REPROD00001.asd;B1;CD202;IRRIG;D06M;manha;D06
svm;por_genotipo;CD202;5;treino;834;B1_CD202_IRRIG_REPROD00002.asd;B1;CD202;IRRIG;D06M;manha;D06
svm;por_genotipo;CD202;5;treino;835;B1_CD202_IRRIG_REPROD00003.asd;B1;CD202;IRRIG;D06M;manha;D06
svm;por_genotipo;CD202;5;treino;836;B1_CD202_IRRIG_REPROD00004.asd;B1;CD202;IRRIG;D06M;manha;D06
svm;por_genotipo;CD202;5;treino;837;B1_CD202_IRRIG_REPROD00005.asd;B1;CD202;IRRIG;D06M;manha;D06
svm;por_genotipo;CD202;5;treino;838;B1_CD202_IRRIG_REPROD00006.asd;B1;CD202;IRRIG;D06M;manha;D06
svm;por_genotipo;CD202;5;treino;839;B1_CD202_IRRIG_REPROD00007.asd;B1;CD202;IRRIG;D06M;manha;D06
svm;por_genotipo;CD202;5;treino;840;B1_CD202_NIRRIG_REPROD00000.asd;B1;CD202;NIRRIG;D06M;manha;D06
svm;por_genotipo;CD202;5;treino;842;B1_CD202_NIRRIG_REPROD00002.asd;B1;CD202;NIRRIG;D06M;manha;D06
svm;por_genotipo;CD202;5;treino;843;B1_CD202_NIRRIG_REPROD00003.asd;B1;CD202;NIRRIG;D06M;manha;D06
svm;por_genotipo;CD202;5;treino;844;B1_CD202_NIRRIG_REPROD00004.asd;B1;CD202;NIRRIG;D06M;manha;D06
svm;por_genotipo;CD202;5;treino;845;B1_CD202_NIRRIG_REPROD00005.asd;B1;CD202;NIRRIG;D06M;manha;D06
svm;por_genotipo;CD202;5;treino;846;B1_CD202_NIRRIG_REPROD00006.asd;B1;CD202;NIRRIG;D06M;manha;D06
svm;por_genotipo;CD202;5;treino;847;B1_CD202_NIRRIG_REPROD00007.asd;B1;CD202;NIRRIG;D06M;manha;D06
svm;por_genotipo;CD202;5;treino;848;B2_CD202_IRRIG_REPROD00000.asd;B2;CD202;IRRIG;D06M;manha;D06
svm;por_genotipo;CD202;5;treino;849;B2_CD202_IRRIG_REPROD00001.asd;B2;CD202;IRRIG;D06M;manha;D06
svm;por_genotipo;CD202;5;treino;850;B2_CD202_IRRIG_REPROD00002.asd;B2;CD202;IRRIG;D06M;manha;D06
svm;por_genotipo;CD202;5;treino;851;B2_CD202_IRRIG_REPROD00003.asd;B2;CD202;IRRIG;D06M;manha;D06
svm;por_genotipo;CD202;5;treino;852;B2_CD202_IRRIG_REPROD00004.asd;B2;CD202;IRRIG;D06M;manha;D06
svm;por_genotipo;CD202;5;treino;854;B2_CD202_IRRIG_REPROD00006.asd;B2;CD202;IRRIG;D06M;manha;D06
svm;por_genotipo;CD202;5;treino;855;B2_CD202_IRRIG_REPROD00007.asd;B2;CD202;IRRIG;D06M;manha;D06
svm;por_genotipo;CD202;5;treino;856;B2_CD202_NIRRIG_REPROD00000.asd;B2;CD202;NIRRIG;D06M;manha;D06
svm;por_genotipo;CD202;5;treino;857;B2_CD202_NIRRIG_REPROD00001.asd;B2;CD202;NIRRIG;D06M;manha;D06
svm;por_genotipo;CD202;5;treino;859;B2_CD202_NIRRIG_REPROD00003.asd;B2;CD202;NIRRIG;D06M;manha;D06
svm;por_genotipo;CD202;5;treino;861;B2_CD202_NIRRIG_REPROD00005.asd;B2;CD202;NIRRIG;D06M;manha;D06
svm;por_genotipo;CD202;5;treino;862;B2_CD202_NIRRIG_REPROD00006.asd;B2;CD202;NIRRIG;D06M;manha;D06
svm;por_genotipo;CD202;5;treino;864;B3_CD202_IRRIG_REPROD00000.asd;B3;CD202;IRRIG;D06M;manha;D06
svm;por_genotipo;CD202;5;treino;866;B3_CD202_IRRIG_REPROD00002.asd;B3;CD202;IRRIG;D06M;manha;D06
svm;por_genotipo;CD202;5;treino;867;B3_CD202_IRRIG_REPROD00003.asd;B3;CD202;IRRIG;D06M;manha;D06
svm;por_genotipo;CD202;5;treino;868;B3_CD202_IRRIG_REPROD00004.asd;B3;CD202;IRRIG;D06M;manha;D06
svm;por_genotipo;CD202;5;treino;869;B3_CD202_IRRIG_REPROD00005.asd;B3;CD202;IRRIG;D06M;manha;D06
svm;por_genotipo;CD202;5;treino;870;B3_CD202_IRRIG_REPROD00006.asd;B3;CD202;IRRIG;D06M;manha;D06
svm;por_genotipo;CD202;5;treino;871;B3_CD202_IRRIG_REPROD00007.asd;B3;CD202;IRRIG;D06M;manha;D06
svm;por_genotipo;CD202;5;treino;872;B3_CD202_NIRRIG_REPROD00000.asd;B3;CD202;NIRRIG;D06M;manha;D06
svm;por_genotipo;CD202;5;treino;873;B3_CD202_NIRRIG_REPROD00001.asd;B3;CD202;NIRRIG;D06M;manha;D06
svm;por_genotipo;CD202;5;treino;874;B3_CD202_NIRRIG_REPROD00002.asd;B3;CD202;NIRRIG;D06M;manha;D06
svm;por_genotipo;CD202;5;treino;875;B3_CD202_NIRRIG_REPROD00003.asd;B3;CD202;NIRRIG;D06M;manha;D06
svm;por_genotipo;CD202;5;treino;878;B3_CD202_NIRRIG_REPROD00006.asd;B3;CD202;NIRRIG;D06M;manha;D06
svm;por_genotipo;CD202;5;treino;879;B3_CD202_NIRRIG_REPROD00007.asd;B3;CD202;NIRRIG;D06M;manha;D06
svm;por_genotipo;CD202;5;treino;880;B4_CD202_IRRIG_REPROD00000.asd;B4;CD202;IRRIG;D06M;manha;D06
svm;por_genotipo;CD202;5;treino;881;B4_CD202_IRRIG_REPROD00001.asd;B4;CD202;IRRIG;D06M;manha;D06
svm;por_genotipo;CD202;5;treino;882;B4_CD202_IRRIG_REPROD00002.asd;B4;CD202;IRRIG;D06M;manha;D06
svm;por_genotipo;CD202;5;treino;887;B4_CD202_IRRIG_REPROD00007.asd;B4;CD202;IRRIG;D06M;manha;D06
svm;por_genotipo;CD202;5;treino;888;B4_CD202_NIRRIG_REPROD00000.asd;B4;CD202;NIRRIG;D06M;manha;D06
svm;por_genotipo;CD202;5;treino;889;B4_CD202_NIRRIG_REPROD00001.asd;B4;CD202;NIRRIG;D06M;manha;D06
svm;por_genotipo;CD202;5;treino;890;B4_CD202_NIRRIG_REPROD00002.asd;B4;CD202;NIRRIG;D06M;manha;D06
svm;por_genotipo;CD202;5;treino;891;B4_CD202_NIRRIG_REPROD00003.asd;B4;CD202;NIRRIG;D06M;manha;D06
svm;por_genotipo;CD202;5;treino;892;B4_CD202_NIRRIG_REPROD00004.asd;B4;CD202;NIRRIG;D06M;manha;D06
svm;por_genotipo;CD202;5;treino;893;B4_CD202_NIRRIG_REPROD00005.asd;B4;CD202;NIRRIG;D06M;manha;D06
svm;por_genotipo;CD202;5;treino;894;B4_CD202_NIRRIG_REPROD00006.asd;B4;CD202;NIRRIG;D06M;manha;D06
svm;por_genotipo;CD202;5;treino;895;B4_CD202_NIRRIG_REPROD00007.asd;B4;CD202;NIRRIG;D06M;manha;D06
svm;por_genotipo;CD202;5;treino;1024;B1_CD202_IRR_REP_RECUP00000.asd;B1;CD202;IRRIG;D09M;manha;D09
svm;por_genotipo;CD202;5;treino;1025;B1_CD202_IRR_REP_RECUP00001.asd;B1;CD202;IRRIG;D09M;manha;D09
svm;por_genotipo;CD202;5;treino;1026;B1_CD202_IRR_REP_RECUP00002.asd;B1;CD202;IRRIG;D09M;manha;D09
svm;por_genotipo;CD202;5;treino;1027;B1_CD202_IRR_REP_RECUP00003.asd;B1;CD202;IRRIG;D09M;manha;D09
svm;por_genotipo;CD202;5;treino;1028;B1_CD202_IRR_REP_RECUP00004.asd;B1;CD202;IRRIG;D09M;manha;D09
svm;por_genotipo;CD202;5;treino;1029;B1_CD202_IRR_REP_RECUP00005.asd;B1;CD202;IRRIG;D09M;manha;D09
svm;por_genotipo;CD202;5;treino;1030;B1_CD202_IRR_REP_RECUP00006.asd;B1;CD202;IRRIG;D09M;manha;D09
svm;por_genotipo;CD202;5;treino;1031;B1_CD202_IRR_REP_RECUP00007.asd;B1;CD202;IRRIG;D09M;manha;D09
svm;por_genotipo;CD202;5;treino;1032;B1_CD202_IRR_REP_RECUP00008.asd;B1;CD202;IRRIG;D09M;manha;D09
svm;por_genotipo;CD202;5;treino;1033;B1_CD202_IRR_REP_RECUP00009.asd;B1;CD202;IRRIG;D09M;manha;D09
svm;por_genotipo;CD202;5;treino;1034;B1_CD202_IRR_REP_RECUP00010.asd;B1;CD202;IRRIG;D09M;manha;D09
svm;por_genotipo;CD202;5;treino;1036;B1_CD202_NIRR_REP_RECUP00000.asd;B1;CD202;NIRRIG;D09M;manha;D09
svm;por_genotipo;CD202;5;treino;1038;B1_CD202_NIRR_REP_RECUP00002.asd;B1;CD202;NIRRIG;D09M;manha;D09
svm;por_genotipo;CD202;5;treino;1040;B1_CD202_NIRR_REP_RECUP00004.asd;B1;CD202;NIRRIG;D09M;manha;D09
svm;por_genotipo;CD202;5;treino;1041;B1_CD202_NIRR_REP_RECUP00005.asd;B1;CD202;NIRRIG;D09M;manha;D09
svm;por_genotipo;CD202;5;treino;1042;B1_CD202_NIRR_REP_RECUP00006.asd;B1;CD202;NIRRIG;D09M;manha;D09
svm;por_genotipo;CD202;5;treino;1044;B2_CD202_IRR_REP_RECUP00000.asd;B2;CD202;IRRIG;D09M;manha;D09
svm;por_genotipo;CD202;5;treino;1046;B2_CD202_IRR_REP_RECUP00002.asd;B2;CD202;IRRIG;D09M;manha;D09
svm;por_genotipo;CD202;5;treino;1047;B2_CD202_IRR_REP_RECUP00003.asd;B2;CD202;IRRIG;D09M;manha;D09
svm;por_genotipo;CD202;5;treino;1048;B2_CD202_IRR_REP_RECUP00004.asd;B2;CD202;IRRIG;D09M;manha;D09
svm;por_genotipo;CD202;5;treino;1049;B2_CD202_IRR_REP_RECUP00005.asd;B2;CD202;IRRIG;D09M;manha;D09
svm;por_genotipo;CD202;5;treino;1050;B2_CD202_IRR_REP_RECUP00006.asd;B2;CD202;IRRIG;D09M;manha;D09
svm;por_genotipo;CD202;5;treino;1051;B2_CD202_IRR_REP_RECUP00007.asd;B2;CD202;IRRIG;D09M;manha;D09
svm;por_genotipo;CD202;5;treino;1052;B2_CD202_NIRR_REP_RECUP00000.asd;B2;CD202;NIRRIG;D09M;manha;D09
svm;por_genotipo;CD202;5;treino;1053;B2_CD202_NIRR_REP_RECUP00001.asd;B2;CD202;NIRRIG;D09M;manha;D09
svm;por_genotipo;CD202;5;treino;1054;B2_CD202_NIRR_REP_RECUP00002.asd;B2;CD202;NIRRIG;D09M;manha;D09
svm;por_genotipo;CD202;5;treino;1056;B2_CD202_NIRR_REP_RECUP00004.asd;B2;CD202;NIRRIG;D09M;manha;D09
svm;por_genotipo;CD202;5;treino;1058;B2_CD202_NIRR_REP_RECUP00006.asd;B2;CD202;NIRRIG;D09M;manha;D09
svm;por_genotipo;CD202;5;treino;1059;B2_CD202_NIRR_REP_RECUP00007.asd;B2;CD202;NIRRIG;D09M;manha;D09
svm;por_genotipo;CD202;5;treino;1060;B3_CD202_IRR_REP_RECUP00000.asd;B3;CD202;IRRIG;D09M;manha;D09
svm;por_genotipo;CD202;5;treino;1061;B3_CD202_IRR_REP_RECUP00001.asd;B3;CD202;IRRIG;D09M;manha;D09
svm;por_genotipo;CD202;5;treino;1063;B3_CD202_IRR_REP_RECUP00003.asd;B3;CD202;IRRIG;D09M;manha;D09
svm;por_genotipo;CD202;5;treino;1064;B3_CD202_IRR_REP_RECUP00004.asd;B3;CD202;IRRIG;D09M;manha;D09
svm;por_genotipo;CD202;5;treino;1065;B3_CD202_IRR_REP_RECUP00005.asd;B3;CD202;IRRIG;D09M;manha;D09
svm;por_genotipo;CD202;5;treino;1066;B3_CD202_IRR_REP_RECUP00006.asd;B3;CD202;IRRIG;D09M;manha;D09
svm;por_genotipo;CD202;5;treino;1068;B3_CD202_NIRR_REP_RECUP00000.asd;B3;CD202;NIRRIG;D09M;manha;D09
svm;por_genotipo;CD202;5;treino;1069;B3_CD202_NIRR_REP_RECUP00001.asd;B3;CD202;NIRRIG;D09M;manha;D09
svm;por_genotipo;CD202;5;treino;1070;B3_CD202_NIRR_REP_RECUP00002.asd;B3;CD202;NIRRIG;D09M;manha;D09
svm;por_genotipo;CD202;5;treino;1071;B3_CD202_NIRR_REP_RECUP00003.asd;B3;CD202;NIRRIG;D09M;manha;D09
svm;por_genotipo;CD202;5;treino;1072;B3_CD202_NIRR_REP_RECUP00004.asd;B3;CD202;NIRRIG;D09M;manha;D09
svm;por_genotipo;CD202;5;treino;1074;B3_CD202_NIRR_REP_RECUP00006.asd;B3;CD202;NIRRIG;D09M;manha;D09
svm;por_genotipo;CD202;5;treino;1075;B3_CD202_NIRR_REP_RECUP00007.asd;B3;CD202;NIRRIG;D09M;manha;D09
svm;por_genotipo;CD202;5;treino;1076;B4_CD202_IRR_REP_RECUP00000.asd;B4;CD202;IRRIG;D09M;manha;D09
svm;por_genotipo;CD202;5;treino;1077;B4_CD202_IRR_REP_RECUP00001.asd;B4;CD202;IRRIG;D09M;manha;D09
svm;por_genotipo;CD202;5;treino;1081;B4_CD202_IRR_REP_RECUP00005.asd;B4;CD202;IRRIG;D09M;manha;D09
svm;por_genotipo;CD202;5;treino;1082;B4_CD202_IRR_REP_RECUP00006.asd;B4;CD202;IRRIG;D09M;manha;D09
svm;por_genotipo;CD202;5;treino;1084;B4_CD202_NIRR_REP_RECUP00000.asd;B4;CD202;NIRRIG;D09M;manha;D09
svm;por_genotipo;CD202;5;treino;1085;B4_CD202_NIRR_REP_RECUP00001.asd;B4;CD202;NIRRIG;D09M;manha;D09
svm;por_genotipo;CD202;5;treino;1086;B4_CD202_NIRR_REP_RECUP00002.asd;B4;CD202;NIRRIG;D09M;manha;D09
svm;por_genotipo;CD202;5;treino;1087;B4_CD202_NIRR_REP_RECUP00003.asd;B4;CD202;NIRRIG;D09M;manha;D09
svm;por_genotipo;CD202;5;treino;1088;B4_CD202_NIRR_REP_RECUP00004.asd;B4;CD202;NIRRIG;D09M;manha;D09
svm;por_genotipo;CD202;5;treino;1089;B4_CD202_NIRR_REP_RECUP00005.asd;B4;CD202;NIRRIG;D09M;manha;D09
svm;por_genotipo;CD202;5;treino;1172;B1_CD202_IRR_REP_RECUP00000.asd;B1;CD202;IRRIG;D10M;manha;D10
svm;por_genotipo;CD202;5;treino;1173;B1_CD202_IRR_REP_RECUP00001.asd;B1;CD202;IRRIG;D10M;manha;D10
svm;por_genotipo;CD202;5;treino;1174;B1_CD202_IRR_REP_RECUP00002.asd;B1;CD202;IRRIG;D10M;manha;D10
svm;por_genotipo;CD202;5;treino;1175;B1_CD202_IRR_REP_RECUP00003.asd;B1;CD202;IRRIG;D10M;manha;D10
svm;por_genotipo;CD202;5;treino;1176;B1_CD202_IRR_REP_RECUP00004.asd;B1;CD202;IRRIG;D10M;manha;D10
svm;por_genotipo;CD202;5;treino;1177;B1_CD202_IRR_REP_RECUP00005.asd;B1;CD202;IRRIG;D10M;manha;D10
svm;por_genotipo;CD202;5;treino;1178;B1_CD202_IRR_REP_RECUP00006.asd;B1;CD202;IRRIG;D10M;manha;D10
svm;por_genotipo;CD202;5;treino;1179;B1_CD202_IRR_REP_RECUP00007.asd;B1;CD202;IRRIG;D10M;manha;D10
svm;por_genotipo;CD202;5;treino;1180;B1_CD202_NIRR_REP_RECUP00000.asd;B1;CD202;NIRRIG;D10M;manha;D10
svm;por_genotipo;CD202;5;treino;1182;B1_CD202_NIRR_REP_RECUP00002.asd;B1;CD202;NIRRIG;D10M;manha;D10
svm;por_genotipo;CD202;5;treino;1184;B1_CD202_NIRR_REP_RECUP00004.asd;B1;CD202;NIRRIG;D10M;manha;D10
svm;por_genotipo;CD202;5;treino;1185;B1_CD202_NIRR_REP_RECUP00005.asd;B1;CD202;NIRRIG;D10M;manha;D10
svm;por_genotipo;CD202;5;treino;1186;B1_CD202_NIRR_REP_RECUP00006.asd;B1;CD202;NIRRIG;D10M;manha;D10
svm;por_genotipo;CD202;5;treino;1220;B2_CD202_IRR_REP_RECUP00000.asd;B2;CD202;IRRIG;D10M;manha;D10
svm;por_genotipo;CD202;5;treino;1222;B2_CD202_IRR_REP_RECUP00002.asd;B2;CD202;IRRIG;D10M;manha;D10
svm;por_genotipo;CD202;5;treino;1223;B2_CD202_IRR_REP_RECUP00003.asd;B2;CD202;IRRIG;D10M;manha;D10
svm;por_genotipo;CD202;5;treino;1224;B2_CD202_IRR_REP_RECUP00004.asd;B2;CD202;IRRIG;D10M;manha;D10
svm;por_genotipo;CD202;5;treino;1225;B2_CD202_IRR_REP_RECUP00005.asd;B2;CD202;IRRIG;D10M;manha;D10
svm;por_genotipo;CD202;5;treino;1226;B2_CD202_IRR_REP_RECUP00006.asd;B2;CD202;IRRIG;D10M;manha;D10
svm;por_genotipo;CD202;5;treino;1227;B2_CD202_IRR_REP_RECUP00007.asd;B2;CD202;IRRIG;D10M;manha;D10
svm;por_genotipo;CD202;5;treino;1228;B2_CD202_NIRR_REP_RECUP00008.asd;B2;CD202;NIRRIG;D10M;manha;D10
svm;por_genotipo;CD202;5;treino;1229;B2_CD202_NIRR_REP_RECUP00009.asd;B2;CD202;NIRRIG;D10M;manha;D10
svm;por_genotipo;CD202;5;treino;1231;B2_CD202_NIRR_REP_RECUP00011.asd;B2;CD202;NIRRIG;D10M;manha;D10
svm;por_genotipo;CD202;5;treino;1232;B2_CD202_NIRR_REP_RECUP00012.asd;B2;CD202;NIRRIG;D10M;manha;D10
svm;por_genotipo;CD202;5;treino;1233;B2_CD202_NIRR_REP_RECUP00013.asd;B2;CD202;NIRRIG;D10M;manha;D10
svm;por_genotipo;CD202;5;treino;1234;B2_CD202_NIRR_REP_RECUP00014.asd;B2;CD202;NIRRIG;D10M;manha;D10
svm;por_genotipo;CD202;5;treino;1235;B2_CD202_NIRR_REP_RECUP00015.asd;B2;CD202;NIRRIG;D10M;manha;D10
svm;por_genotipo;CD202;5;treino;1268;B3_CD202_IRR_REP_RECUP00000.asd;B3;CD202;IRRIG;D10M;manha;D10
svm;por_genotipo;CD202;5;treino;1269;B3_CD202_IRR_REP_RECUP00001.asd;B3;CD202;IRRIG;D10M;manha;D10
svm;por_genotipo;CD202;5;treino;1271;B3_CD202_IRR_REP_RECUP00003.asd;B3;CD202;IRRIG;D10M;manha;D10
svm;por_genotipo;CD202;5;treino;1272;B3_CD202_IRR_REP_RECUP00004.asd;B3;CD202;IRRIG;D10M;manha;D10
svm;por_genotipo;CD202;5;treino;1273;B3_CD202_IRR_REP_RECUP00005.asd;B3;CD202;IRRIG;D10M;manha;D10
svm;por_genotipo;CD202;5;treino;1274;B3_CD202_IRR_REP_RECUP00006.asd;B3;CD202;IRRIG;D10M;manha;D10
svm;por_genotipo;CD202;5;treino;1276;B3_CD202_NIRR_REP_RECUP00000.asd;B3;CD202;NIRRIG;D10M;manha;D10
svm;por_genotipo;CD202;5;treino;1277;B3_CD202_NIRR_REP_RECUP00001.asd;B3;CD202;NIRRIG;D10M;manha;D10
svm;por_genotipo;CD202;5;treino;1278;B3_CD202_NIRR_REP_RECUP00002.asd;B3;CD202;NIRRIG;D10M;manha;D10
svm;por_genotipo;CD202;5;treino;1279;B3_CD202_NIRR_REP_RECUP00003.asd;B3;CD202;NIRRIG;D10M;manha;D10
svm;por_genotipo;CD202;5;treino;1280;B3_CD202_NIRR_REP_RECUP00004.asd;B3;CD202;NIRRIG;D10M;manha;D10
svm;por_genotipo;CD202;5;treino;1282;B3_CD202_NIRR_REP_RECUP00006.asd;B3;CD202;NIRRIG;D10M;manha;D10
svm;por_genotipo;CD202;5;treino;1283;B3_CD202_NIRR_REP_RECUP00007.asd;B3;CD202;NIRRIG;D10M;manha;D10
svm;por_genotipo;CD202;5;treino;1316;B4_CD202_IRR_REP_RECUP00000.asd;B4;CD202;IRRIG;D10M;manha;D10
svm;por_genotipo;CD202;5;treino;1317;B4_CD202_IRR_REP_RECUP00001.asd;B4;CD202;IRRIG;D10M;manha;D10
svm;por_genotipo;CD202;5;treino;1321;B4_CD202_IRR_REP_RECUP00005.asd;B4;CD202;IRRIG;D10M;manha;D10
svm;por_genotipo;CD202;5;treino;1322;B4_CD202_IRR_REP_RECUP00006.asd;B4;CD202;IRRIG;D10M;manha;D10
svm;por_genotipo;CD202;5;treino;1324;B4_CD202_NIRR_REP_RECUP00000.asd;B4;CD202;NIRRIG;D10M;manha;D10
svm;por_genotipo;CD202;5;treino;1325;B4_CD202_NIRR_REP_RECUP00001.asd;B4;CD202;NIRRIG;D10M;manha;D10
svm;por_genotipo;CD202;5;treino;1326;B4_CD202_NIRR_REP_RECUP00002.asd;B4;CD202;NIRRIG;D10M;manha;D10
svm;por_genotipo;CD202;5;treino;1327;B4_CD202_NIRR_REP_RECUP00003.asd;B4;CD202;NIRRIG;D10M;manha;D10
svm;por_genotipo;CD202;5;treino;1328;B4_CD202_NIRR_REP_RECUP00004.asd;B4;CD202;NIRRIG;D10M;manha;D10
svm;por_genotipo;CD202;5;treino;1329;B4_CD202_NIRR_REP_RECUP00005.asd;B4;CD202;NIRRIG;D10M;manha;D10
svm;por_genotipo;CD202;5;teste;73;B1_CD202_NIRRIG_REPROD00001.asd;B1;CD202;NIRRIG;D02M;manha;D02
svm;por_genotipo;CD202;5;teste;85;B2_CD202_IRRIG_REPROD00005.asd;B2;CD202;IRRIG;D02M;manha;D02
svm;por_genotipo;CD202;5;teste;90;B2_CD202_NIRRIG_REPROD00002.asd;B2;CD202;NIRRIG;D02M;manha;D02
svm;por_genotipo;CD202;5;teste;92;B2_CD202_NIRRIG_REPROD00004.asd;B2;CD202;NIRRIG;D02M;manha;D02
svm;por_genotipo;CD202;5;teste;95;B2_CD202_NIRRIG_REPROD00007.asd;B2;CD202;NIRRIG;D02M;manha;D02
svm;por_genotipo;CD202;5;teste;97;B3_CD202_IRRIG_REPROD00001.asd;B3;CD202;IRRIG;D02M;manha;D02
svm;por_genotipo;CD202;5;teste;108;B3_CD202_NIRRIG_REPROD00004.asd;B3;CD202;NIRRIG;D02M;manha;D02
svm;por_genotipo;CD202;5;teste;109;B3_CD202_NIRRIG_REPROD00005.asd;B3;CD202;NIRRIG;D02M;manha;D02
svm;por_genotipo;CD202;5;teste;115;B4_CD202_IRRIG_REPROD00003.asd;B4;CD202;IRRIG;D02M;manha;D02
svm;por_genotipo;CD202;5;teste;116;B4_CD202_IRRIG_REPROD00004.asd;B4;CD202;IRRIG;D02M;manha;D02
svm;por_genotipo;CD202;5;teste;117;B4_CD202_IRRIG_REPROD00005.asd;B4;CD202;IRRIG;D02M;manha;D02
svm;por_genotipo;CD202;5;teste;118;B4_CD202_IRRIG_REPROD00006.asd;B4;CD202;IRRIG;D02M;manha;D02
svm;por_genotipo;CD202;5;teste;265;B1_CD202_NIRRIG_REPROD00001.asd;B1;CD202;NIRRIG;D03M;manha;D03
svm;por_genotipo;CD202;5;teste;277;B2_CD202_IRRIG_REPROD00005.asd;B2;CD202;IRRIG;D03M;manha;D03
svm;por_genotipo;CD202;5;teste;282;B2_CD202_NIRRIG_REPROD00002.asd;B2;CD202;NIRRIG;D03M;manha;D03
svm;por_genotipo;CD202;5;teste;284;B2_CD202_NIRRIG_REPROD00004.asd;B2;CD202;NIRRIG;D03M;manha;D03
svm;por_genotipo;CD202;5;teste;287;B2_CD202_NIRRIG_REPROD00007.asd;B2;CD202;NIRRIG;D03M;manha;D03
svm;por_genotipo;CD202;5;teste;289;B3_CD202_IRRIG_REPROD00001.asd;B3;CD202;IRRIG;D03M;manha;D03
svm;por_genotipo;CD202;5;teste;300;B3_CD202_NIRRIG_REPROD00004.asd;B3;CD202;NIRRIG;D03M;manha;D03
svm;por_genotipo;CD202;5;teste;301;B3_CD202_NIRRIG_REPROD00005.asd;B3;CD202;NIRRIG;D03M;manha;D03
svm;por_genotipo;CD202;5;teste;307;B4_CD202_IRRIG_REPROD00003.asd;B4;CD202;IRRIG;D03M;manha;D03
svm;por_genotipo;CD202;5;teste;308;B4_CD202_IRRIG_REPROD00004.asd;B4;CD202;IRRIG;D03M;manha;D03
svm;por_genotipo;CD202;5;teste;309;B4_CD202_IRRIG_REPROD00005.asd;B4;CD202;IRRIG;D03M;manha;D03
svm;por_genotipo;CD202;5;teste;310;B4_CD202_IRRIG_REPROD00006.asd;B4;CD202;IRRIG;D03M;manha;D03
svm;por_genotipo;CD202;5;teste;457;B1_CD202_NIRRIG_REPROD00001.asd;B1;CD202;NIRRIG;D04M;manha;D04
svm;por_genotipo;CD202;5;teste;469;B2_CD202_IRRIG_REPROD00005.asd;B2;CD202;IRRIG;D04M;manha;D04
svm;por_genotipo;CD202;5;teste;474;B2_CD202_NIRRIG_REPROD00002.asd;B2;CD202;NIRRIG;D04M;manha;D04
svm;por_genotipo;CD202;5;teste;476;B2_CD202_NIRRIG_REPROD00004.asd;B2;CD202;NIRRIG;D04M;manha;D04
svm;por_genotipo;CD202;5;teste;479;B2_CD202_NIRRIG_REPROD00007.asd;B2;CD202;NIRRIG;D04M;manha;D04
svm;por_genotipo;CD202;5;teste;481;B3_CD202_IRRIG_REPROD00001.asd;B3;CD202;IRRIG;D04M;manha;D04
svm;por_genotipo;CD202;5;teste;492;B3_CD202_NIRRIG_REPROD00004.asd;B3;CD202;NIRRIG;D04M;manha;D04
svm;por_genotipo;CD202;5;teste;493;B3_CD202_NIRRIG_REPROD00005.asd;B3;CD202;NIRRIG;D04M;manha;D04
svm;por_genotipo;CD202;5;teste;499;B4_CD202_IRRIG_REPROD00003.asd;B4;CD202;IRRIG;D04M;manha;D04
svm;por_genotipo;CD202;5;teste;500;B4_CD202_IRRIG_REPROD00004.asd;B4;CD202;IRRIG;D04M;manha;D04
svm;por_genotipo;CD202;5;teste;501;B4_CD202_IRRIG_REPROD00005.asd;B4;CD202;IRRIG;D04M;manha;D04
svm;por_genotipo;CD202;5;teste;502;B4_CD202_IRRIG_REPROD00006.asd;B4;CD202;IRRIG;D04M;manha;D04
svm;por_genotipo;CD202;5;teste;649;B1_CD202_NIRRIG_REPROD00001.asd;B1;CD202;NIRRIG;D05M;manha;D05
svm;por_genotipo;CD202;5;teste;661;B2_CD202_IRRIG_REPROD00005.asd;B2;CD202;IRRIG;D05M;manha;D05
svm;por_genotipo;CD202;5;teste;666;B2_CD202_NIRRIG_REPROD00002.asd;B2;CD202;NIRRIG;D05M;manha;D05
svm;por_genotipo;CD202;5;teste;668;B2_CD202_NIRRIG_REPROD00004.asd;B2;CD202;NIRRIG;D05M;manha;D05
svm;por_genotipo;CD202;5;teste;671;B2_CD202_NIRRIG_REPROD00007.asd;B2;CD202;NIRRIG;D05M;manha;D05
svm;por_genotipo;CD202;5;teste;673;B3_CD202_IRRIG_REPROD00001.asd;B3;CD202;IRRIG;D05M;manha;D05
svm;por_genotipo;CD202;5;teste;684;B3_CD202_NIRRIG_REPROD00004.asd;B3;CD202;NIRRIG;D05M;manha;D05
svm;por_genotipo;CD202;5;teste;685;B3_CD202_NIRRIG_REPROD00005.asd;B3;CD202;NIRRIG;D05M;manha;D05
svm;por_genotipo;CD202;5;teste;691;B4_CD202_IRRIG_REPROD00003.asd;B4;CD202;IRRIG;D05M;manha;D05
svm;por_genotipo;CD202;5;teste;692;B4_CD202_IRRIG_REPROD00004.asd;B4;CD202;IRRIG;D05M;manha;D05
svm;por_genotipo;CD202;5;teste;693;B4_CD202_IRRIG_REPROD00005.asd;B4;CD202;IRRIG;D05M;manha;D05
svm;por_genotipo;CD202;5;teste;694;B4_CD202_IRRIG_REPROD00006.asd;B4;CD202;IRRIG;D05M;manha;D05
svm;por_genotipo;CD202;5;teste;841;B1_CD202_NIRRIG_REPROD00001.asd;B1;CD202;NIRRIG;D06M;manha;D06
svm;por_genotipo;CD202;5;teste;853;B2_CD202_IRRIG_REPROD00005.asd;B2;CD202;IRRIG;D06M;manha;D06
svm;por_genotipo;CD202;5;teste;858;B2_CD202_NIRRIG_REPROD00002.asd;B2;CD202;NIRRIG;D06M;manha;D06
svm;por_genotipo;CD202;5;teste;860;B2_CD202_NIRRIG_REPROD00004.asd;B2;CD202;NIRRIG;D06M;manha;D06
svm;por_genotipo;CD202;5;teste;863;B2_CD202_NIRRIG_REPROD00007.asd;B2;CD202;NIRRIG;D06M;manha;D06
svm;por_genotipo;CD202;5;teste;865;B3_CD202_IRRIG_REPROD00001.asd;B3;CD202;IRRIG;D06M;manha;D06
svm;por_genotipo;CD202;5;teste;876;B3_CD202_NIRRIG_REPROD00004.asd;B3;CD202;NIRRIG;D06M;manha;D06
svm;por_genotipo;CD202;5;teste;877;B3_CD202_NIRRIG_REPROD00005.asd;B3;CD202;NIRRIG;D06M;manha;D06
svm;por_genotipo;CD202;5;teste;883;B4_CD202_IRRIG_REPROD00003.asd;B4;CD202;IRRIG;D06M;manha;D06
svm;por_genotipo;CD202;5;teste;884;B4_CD202_IRRIG_REPROD00004.asd;B4;CD202;IRRIG;D06M;manha;D06
svm;por_genotipo;CD202;5;teste;885;B4_CD202_IRRIG_REPROD00005.asd;B4;CD202;IRRIG;D06M;manha;D06
svm;por_genotipo;CD202;5;teste;886;B4_CD202_IRRIG_REPROD00006.asd;B4;CD202;IRRIG;D06M;manha;D06
svm;por_genotipo;CD202;5;teste;1035;B1_CD202_IRR_REP_RECUP00011.asd;B1;CD202;IRRIG;D09M;manha;D09
svm;por_genotipo;CD202;5;teste;1037;B1_CD202_NIRR_REP_RECUP00001.asd;B1;CD202;NIRRIG;D09M;manha;D09
svm;por_genotipo;CD202;5;teste;1039;B1_CD202_NIRR_REP_RECUP00003.asd;B1;CD202;NIRRIG;D09M;manha;D09
svm;por_genotipo;CD202;5;teste;1043;B1_CD202_NIRR_REP_RECUP00007.asd;B1;CD202;NIRRIG;D09M;manha;D09
svm;por_genotipo;CD202;5;teste;1045;B2_CD202_IRR_REP_RECUP00001.asd;B2;CD202;IRRIG;D09M;manha;D09
svm;por_genotipo;CD202;5;teste;1055;B2_CD202_NIRR_REP_RECUP00003.asd;B2;CD202;NIRRIG;D09M;manha;D09
svm;por_genotipo;CD202;5;teste;1057;B2_CD202_NIRR_REP_RECUP00005.asd;B2;CD202;NIRRIG;D09M;manha;D09
svm;por_genotipo;CD202;5;teste;1062;B3_CD202_IRR_REP_RECUP00002.asd;B3;CD202;IRRIG;D09M;manha;D09
svm;por_genotipo;CD202;5;teste;1067;B3_CD202_IRR_REP_RECUP00007.asd;B3;CD202;IRRIG;D09M;manha;D09
svm;por_genotipo;CD202;5;teste;1073;B3_CD202_NIRR_REP_RECUP00005.asd;B3;CD202;NIRRIG;D09M;manha;D09
svm;por_genotipo;CD202;5;teste;1078;B4_CD202_IRR_REP_RECUP00002.asd;B4;CD202;IRRIG;D09M;manha;D09
svm;por_genotipo;CD202;5;teste;1079;B4_CD202_IRR_REP_RECUP00003.asd;B4;CD202;IRRIG;D09M;manha;D09
svm;por_genotipo;CD202;5;teste;1080;B4_CD202_IRR_REP_RECUP00004.asd;B4;CD202;IRRIG;D09M;manha;D09
svm;por_genotipo;CD202;5;teste;1083;B4_CD202_IRR_REP_RECUP00007.asd;B4;CD202;IRRIG;D09M;manha;D09
svm;por_genotipo;CD202;5;teste;1090;B4_CD202_NIRR_REP_RECUP00006.asd;B4;CD202;NIRRIG;D09M;manha;D09
svm;por_genotipo;CD202;5;teste;1091;B4_CD202_NIRR_REP_RECUP00007.asd;B4;CD202;NIRRIG;D09M;manha;D09
svm;por_genotipo;CD202;5;teste;1181;B1_CD202_NIRR_REP_RECUP00001.asd;B1;CD202;NIRRIG;D10M;manha;D10
svm;por_genotipo;CD202;5;teste;1183;B1_CD202_NIRR_REP_RECUP00003.asd;B1;CD202;NIRRIG;D10M;manha;D10
svm;por_genotipo;CD202;5;teste;1187;B1_CD202_NIRR_REP_RECUP00007.asd;B1;CD202;NIRRIG;D10M;manha;D10
svm;por_genotipo;CD202;5;teste;1221;B2_CD202_IRR_REP_RECUP00001.asd;B2;CD202;IRRIG;D10M;manha;D10
svm;por_genotipo;CD202;5;teste;1230;B2_CD202_NIRR_REP_RECUP00010.asd;B2;CD202;NIRRIG;D10M;manha;D10
svm;por_genotipo;CD202;5;teste;1270;B3_CD202_IRR_REP_RECUP00002.asd;B3;CD202;IRRIG;D10M;manha;D10
svm;por_genotipo;CD202;5;teste;1275;B3_CD202_IRR_REP_RECUP00007.asd;B3;CD202;IRRIG;D10M;manha;D10
svm;por_genotipo;CD202;5;teste;1281;B3_CD202_NIRR_REP_RECUP00005.asd;B3;CD202;NIRRIG;D10M;manha;D10
svm;por_genotipo;CD202;5;teste;1318;B4_CD202_IRR_REP_RECUP00002.asd;B4;CD202;IRRIG;D10M;manha;D10
svm;por_genotipo;CD202;5;teste;1319;B4_CD202_IRR_REP_RECUP00003.asd;B4;CD202;IRRIG;D10M;manha;D10
svm;por_genotipo;CD202;5;teste;1320;B4_CD202_IRR_REP_RECUP00004.asd;B4;CD202;IRRIG;D10M;manha;D10
svm;por_genotipo;CD202;5;teste;1323;B4_CD202_IRR_REP_RECUP00007.asd;B4;CD202;IRRIG;D10M;manha;D10
svm;por_genotipo;CD202;5;teste;1330;B4_CD202_NIRR_REP_RECUP00006.asd;B4;CD202;NIRRIG;D10M;manha;D10
svm;por_genotipo;CD202;5;teste;1331;B4_CD202_NIRR_REP_RECUP00007.asd;B4;CD202;NIRRIG;D10M;manha;D10
