seed;fold;banda_nm;vip
42;1;405;1.7610808429663196
42;1;415;1.735609307700424
42;1;425;1.6775206582147262
42;1;435;1.6430204734581997
42;1;445;1.5861172288063359
42;1;455;1.5165602368585291
42;1;465;1.4503865859292089
42;1;475;1.3871901682592525
42;1;485;1.3182223587095196
42;1;495;1.2344664526369593
42;1;505;1.0952230983306392
42;1;515;0.8492754488438802
42;1;525;0.7850846457739589
42;1;535;0.9488480673185113
42;1;545;1.049503577863997
42;1;555;1.0920710695177864
42;1;565;0.9980365987202893
42;1;575;0.8613194137265247
42;1;585;0.8001160583702146
42;1;595;0.7739552343506124
42;1;605;0.7644053107273547
42;1;615;0.762059747915618
42;1;625;0.7692966074781937
42;1;635;0.7724333445023845
42;1;645;0.8105590765070434
42;1;655;0.8525589657969336
42;1;665;0.8948631853666538
42;1;675;0.9403274319667764
42;1;685;0.9603404784090448
42;1;695;0.833586418735892
42;1;705;1.6291870683387757
42;1;715;1.8465874119735919
42;1;725;1.7607219724987426
42;1;735;1.3518266781533244
42;1;745;0.8321478336236514
42;1;755;0.7626058655368698
42;1;765;0.7904307278319201
42;1;775;0.7913768788173005
42;1;785;0.7916156155689843
42;1;795;0.7919086265255422
42;1;805;0.7923155876199303
42;1;815;0.7914387355961995
42;1;825;0.7896859744444398
42;1;835;0.7885005913232326
42;1;845;0.7882574476206696
42;1;855;0.7905572767747373
42;1;865;0.7933982306364258
42;1;875;0.7952893090067644
42;1;885;0.7963712361274032
42;1;895;0.7972654612357098
42;1;905;0.7989470098079098
42;1;915;0.7983767255766019
42;1;925;0.7966715414703759
42;1;935;0.7948130168275439
42;1;945;0.7930769339171747
42;1;955;0.7884167889750391
42;1;965;0.7876201471078911
42;1;975;0.7873605318983989
42;1;985;0.7919063440792616
42;1;995;0.7936108900942241
42;1;1005;0.7985288238363938
42;1;1015;0.7979061188851401
42;1;1025;0.7963573015417084
42;1;1035;0.7969846839426995
42;1;1045;0.7956494434369195
42;1;1055;0.7995153282111513
42;1;1065;0.7974917793650311
42;1;1075;0.7995641142257651
42;1;1085;0.8009115593532633
42;1;1095;0.7998272541976995
42;1;1105;0.799205073883672
42;1;1115;0.7979618244227805
42;1;1125;0.7978072822281892
42;1;1135;0.8031088720658442
42;1;1145;0.8321747514809719
42;1;1155;0.8816015264454249
42;1;1165;0.8789001935399106
42;1;1175;0.8548088303813345
42;1;1185;0.8427595619034909
42;1;1195;0.8423605046338188
42;1;1205;0.8461223838382442
42;1;1215;0.850197006345623
42;1;1225;0.8579849507071723
42;1;1235;0.8608273139876566
42;1;1245;0.8677699311169769
42;1;1255;0.8782980265031107
42;1;1265;0.8927800298524409
42;1;1275;0.9172509174671356
42;1;1285;0.9471019922691406
42;1;1295;0.9800355091877309
42;1;1305;1.0378062119235936
42;1;1315;1.122764842491814
42;1;1325;1.3321623399800244
42;1;1335;1.7949976819946545
42;1;1345;2.0590699857272687
42;1;1355;1.856798936440416
42;1;1365;1.633186069314558
42;1;1375;1.4300236540158169
42;1;1385;1.2334850183361745
42;1;1395;1.091943449186094
42;1;1405;1.0113407317658119
42;1;1415;0.9408449895219598
42;1;1425;0.8658657550346889
42;1;1435;0.8085132832033523
42;1;1445;0.7891940647480081
42;1;1455;0.7948428807857378
42;1;1465;0.8091005808331679
42;1;1475;0.8293832561866852
42;1;1485;0.848954098922464
42;1;1495;0.8655364517430477
42;1;1505;0.8736731420757744
42;1;1515;0.8776890739348424
42;1;1525;0.8723097734023787
42;1;1535;0.8631777964892482
42;1;1545;0.8472167915545858
42;1;1555;0.8271884743551062
42;1;1565;0.8071517910311115
42;1;1575;0.7859707971924714
42;1;1585;0.7642550741731223
42;1;1595;0.7442793178557233
42;1;1605;0.7408442604549773
42;1;1615;0.7524483645799143
42;1;1625;0.7826374139753578
42;1;1635;0.811445946225278
42;1;1645;0.8504869566787377
42;1;1655;0.8780620629112454
42;1;1665;0.915726346020131
42;1;1675;0.9254097260985961
42;1;1685;0.9081070027728145
42;1;1695;0.8844208572073162
42;1;1705;0.8997973519012646
42;1;1715;0.9523262736652578
42;1;1725;0.9645929207727683
42;1;1735;0.9397736582012782
42;1;1745;0.9364346818554085
42;1;1755;0.9441032247970494
42;1;1765;0.9504049089106549
42;1;1775;0.9592464691397422
42;1;1785;0.9823651344570946
42;1;1795;1.0036507525560585
42;1;1805;1.0179095176179427
42;1;1815;1.050925682108216
42;1;1825;1.069238536318083
42;1;1835;0.9827050968515955
42;1;1845;0.9999069904496415
42;1;1855;0.9806784052731617
42;1;1865;0.9325414527740795
42;1;1875;0.8574675451837558
42;1;1885;0.7237119462055267
42;1;1895;0.6758315886834211
42;1;1905;1.1849453037610862
42;1;1915;1.3700889585268965
42;1;1925;1.4457526056195464
42;1;1935;1.4908643560963306
42;1;1945;1.520411349062183
42;1;1955;1.5204623849246701
42;1;1965;1.4900440296036528
42;1;1975;1.4264344987437236
42;1;1985;1.348613319108368
42;1;1995;1.2621552960590077
42;1;2005;1.1905469029310733
42;1;2015;1.1329918587004753
42;1;2025;1.0925376261953206
42;1;2035;1.0719657456041982
42;1;2045;1.0720126508745107
42;1;2055;1.0590197599094053
42;1;2065;1.0217994156884769
42;1;2075;0.9736086125222694
42;1;2085;0.9291771009820189
42;1;2095;0.8908072967858252
42;1;2105;0.859147817801475
42;1;2115;0.8314299252748133
42;1;2125;0.8071318624384652
42;1;2135;0.7917780910693699
42;1;2145;0.7868313653116573
42;1;2155;0.7816722403031376
42;1;2165;0.7759676112034192
42;1;2175;0.765094226479493
42;1;2185;0.749449347844025
42;1;2195;0.7419975242107517
42;1;2205;0.7437356046395137
42;1;2215;0.7491977150559401
42;1;2225;0.756577266311469
42;1;2235;0.7616311550454904
42;1;2245;0.754243332534276
42;1;2255;0.7375138089374615
42;1;2265;0.724506237716566
42;1;2275;0.7227071326465887
42;1;2285;0.7292705245135048
42;1;2295;0.7271651691396468
42;1;2305;0.7271514255575287
42;1;2315;0.738065253647913
42;1;2325;0.7495043422259738
42;1;2335;0.7562056466484258
42;1;2345;0.7561343357086656
42;1;2355;0.763265910470438
42;1;2365;0.7706406319090318
42;1;2375;0.7807704133442962
42;1;2385;0.7931958690049493
42;1;2395;0.8128420959718001
42;1;2405;0.8530836694442865
42;1;2415;0.9292593880731408
42;1;2425;1.0118263668046046
42;1;2435;1.1564354150214822
42;1;2445;1.330723860943743
42;1;2450;1.4225977758564468
42;2;405;1.8332625008798826
42;2;415;1.7966363172801134
42;2;425;1.7213507839164364
42;2;435;1.6749014505542137
42;2;445;1.6049531324803794
42;2;455;1.5223921586993285
42;2;465;1.4536565577399951
42;2;475;1.3805192105564892
42;2;485;1.309218530529785
42;2;495;1.2257527325750317
42;2;505;1.0971718900845695
42;2;515;0.8734071977807617
42;2;525;0.7644512584082148
42;2;535;0.8823713678002185
42;2;545;0.9748773124460832
42;2;555;1.0204146319872212
42;2;565;0.9417950747874888
42;2;575;0.827881913930407
42;2;585;0.7802515034877369
42;2;595;0.7632252396868715
42;2;605;0.7576940413632633
42;2;615;0.758641379132242
42;2;625;0.7650453135621653
42;2;635;0.7662682872194141
42;2;645;0.7929122692180758
42;2;655;0.8245832537231336
42;2;665;0.8579354470467637
42;2;675;0.8977013093478223
42;2;685;0.9197158636206371
42;2;695;0.8159482978373523
42;2;705;1.5603821578086283
42;2;715;1.7793555561295902
42;2;725;1.6806125580277134
42;2;735;1.2269808337509618
42;2;745;0.7479866292645332
42;2;755;0.7800293587165147
42;2;765;0.82248209795026
42;2;775;0.8142456858633778
42;2;785;0.8105947235694099
42;2;795;0.8074376240838672
42;2;805;0.8056724971790217
42;2;815;0.8028393883250188
42;2;825;0.7981241787199844
42;2;835;0.7910784149863098
42;2;845;0.7851616498705962
42;2;855;0.7831402612772957
42;2;865;0.7825161059864467
42;2;875;0.7826208247801659
42;2;885;0.7830363206224793
42;2;895;0.7841223493587278
42;2;905;0.7853637668297325
42;2;915;0.7864752648274486
42;2;925;0.7852610490435725
42;2;935;0.7853957127612928
42;2;945;0.7845444741680447
42;2;955;0.7818115828497038
42;2;965;0.7820506122516739
42;2;975;0.7804196371627456
42;2;985;0.7850296573439777
42;2;995;0.7867630689945703
42;2;1005;0.7931332558405669
42;2;1015;0.7951425351117785
42;2;1025;0.7929773502894156
42;2;1035;0.7935956993241278
42;2;1045;0.7919461448390746
42;2;1055;0.7966297855474743
42;2;1065;0.7953232471982258
42;2;1075;0.797117912243028
42;2;1085;0.800415176963532
42;2;1095;0.799884798750755
42;2;1105;0.79961371973371
42;2;1115;0.7976058316665356
42;2;1125;0.79582172691439
42;2;1135;0.7964798782257522
42;2;1145;0.8121561965737063
42;2;1155;0.8475132535509415
42;2;1165;0.8429318121696552
42;2;1175;0.823955628325985
42;2;1185;0.8146053232421883
42;2;1195;0.8107679049786962
42;2;1205;0.8116248347983414
42;2;1215;0.8122771350770482
42;2;1225;0.8145358402516599
42;2;1235;0.8168426187004847
42;2;1245;0.8203615135385466
42;2;1255;0.8253645193175159
42;2;1265;0.8325424685296555
42;2;1275;0.8457531178257015
42;2;1285;0.8626433299516681
42;2;1295;0.888826178528194
42;2;1305;0.9238998251859581
42;2;1315;0.9660391332066093
42;2;1325;1.0995147129834586
42;2;1335;1.4764324475840156
42;2;1345;1.860503928982584
42;2;1355;1.7254603706521285
42;2;1365;1.5207744805438348
42;2;1375;1.3141297219319223
42;2;1385;1.1378805696926788
42;2;1395;1.0074654697992969
42;2;1405;0.9329629693276679
42;2;1415;0.8707406973457329
42;2;1425;0.8157934614944989
42;2;1435;0.7856538928078921
42;2;1445;0.7874143732214361
42;2;1455;0.803249199097997
42;2;1465;0.8217261468430805
42;2;1475;0.84277538990001
42;2;1485;0.860949072231473
42;2;1495;0.8761212340835292
42;2;1505;0.8828028986230038
42;2;1515;0.8867270838966382
42;2;1525;0.8806922965214251
42;2;1535;0.8728869980044258
42;2;1545;0.8566269265290624
42;2;1555;0.8372567080921143
42;2;1565;0.8181896476267795
42;2;1575;0.7980685017615284
42;2;1585;0.7736979774572029
42;2;1595;0.7489976414268178
42;2;1605;0.7385942926075053
42;2;1615;0.7459981628299389
42;2;1625;0.7698287684174164
42;2;1635;0.7966507088496053
42;2;1645;0.8377779429346348
42;2;1655;0.8743374009114369
42;2;1665;0.9123717817261234
42;2;1675;0.9244457912529122
42;2;1685;0.9143158743370529
42;2;1695;0.8938889981584015
42;2;1705;0.9017763353262371
42;2;1715;0.9449894552295544
42;2;1725;0.9551104535951317
42;2;1735;0.928636493600331
42;2;1745;0.9247693327135598
42;2;1755;0.9317132428691135
42;2;1765;0.9363146111592218
42;2;1775;0.9383102078219174
42;2;1785;0.9599401970160693
42;2;1795;0.9805379591195268
42;2;1805;1.0021235347875759
42;2;1815;1.0319615396196622
42;2;1825;1.0503439714861555
42;2;1835;1.0612148382961313
42;2;1845;1.051183995639616
42;2;1855;1.0082481159608103
42;2;1865;0.9357494048308348
42;2;1875;0.8298462636477327
42;2;1885;0.6878468654395932
42;2;1895;0.8664079396288151
42;2;1905;1.4496567888680663
42;2;1915;1.5961289127502225
42;2;1925;1.6524142566904272
42;2;1935;1.6899854662305351
42;2;1945;1.7122315281828395
42;2;1955;1.7028560713223757
42;2;1965;1.6523571345628163
42;2;1975;1.563586551184408
42;2;1985;1.4490739544349678
42;2;1995;1.3352475691083192
42;2;2005;1.2384983788107056
42;2;2015;1.1636766164444796
42;2;2025;1.1124758858813906
42;2;2035;1.0804380559331361
42;2;2045;1.0738235986350604
42;2;2055;1.0582530090088145
42;2;2065;1.0185403435645848
42;2;2075;0.9713710763914478
42;2;2085;0.9276019542819849
42;2;2095;0.8907413224847044
42;2;2105;0.8592926211755932
42;2;2115;0.8326599362629203
42;2;2125;0.8084276772709342
42;2;2135;0.7929404852183554
42;2;2145;0.7835776680095484
42;2;2155;0.7755111927741994
42;2;2165;0.7693825008232216
42;2;2175;0.7582305158351876
42;2;2185;0.7441567584313219
42;2;2195;0.7385930634033895
42;2;2205;0.7426090083600134
42;2;2215;0.7497351683330856
42;2;2225;0.7591054083955646
42;2;2235;0.7638161589610319
42;2;2245;0.75721847824968
42;2;2255;0.741302263668779
42;2;2265;0.7293898991657961
42;2;2275;0.7299428853855042
42;2;2285;0.7370111905543534
42;2;2295;0.7332439434197374
42;2;2305;0.7346023834458207
42;2;2315;0.7469401848077951
42;2;2325;0.7585085300226507
42;2;2335;0.7628988936965523
42;2;2345;0.7617770062609369
42;2;2355;0.7730605577923672
42;2;2365;0.7826710945198391
42;2;2375;0.7980871429070672
42;2;2385;0.8170793609202772
42;2;2395;0.8423575476094667
42;2;2405;0.9022877403414731
42;2;2415;0.9827857607337392
42;2;2425;1.112647022329601
42;2;2435;1.2792880675722442
42;2;2445;1.4890051549511751
42;2;2450;1.5799250518746348
42;3;405;1.8039487773808205
42;3;415;1.779277910964732
42;3;425;1.7144402597131312
42;3;435;1.6820475049912673
42;3;445;1.6205331939482948
42;3;455;1.5411132568505768
42;3;465;1.4703581546231637
42;3;475;1.402021455482164
42;3;485;1.3245531263677408
42;3;495;1.2400916031211833
42;3;505;1.1010379297987691
42;3;515;0.8552433461002916
42;3;525;0.7757565691269737
42;3;535;0.9258325204606636
42;3;545;1.023795800433342
42;3;555;1.0653726060783129
42;3;565;0.9760153208034819
42;3;575;0.8470328774503662
42;3;585;0.791585901662116
42;3;595;0.769155902365417
42;3;605;0.7612104126909032
42;3;615;0.7592306700665724
42;3;625;0.7655817018038612
42;3;635;0.767712116013317
42;3;645;0.7985136296882236
42;3;655;0.8341110822561396
42;3;665;0.8707926397042798
42;3;675;0.9132009287119808
42;3;685;0.9354245568518736
42;3;695;0.8407197557181956
42;3;705;1.6215972464747588
42;3;715;1.8405374039695377
42;3;725;1.7585386105629575
42;3;735;1.3447234487428874
42;3;745;0.8077733419279264
42;3;755;0.7555938138578026
42;3;765;0.7919472939398736
42;3;775;0.7915939537948469
42;3;785;0.792220795874267
42;3;795;0.7922542013591496
42;3;805;0.7932812068440857
42;3;815;0.7921212823506231
42;3;825;0.7894515687495883
42;3;835;0.7861801417078125
42;3;845;0.7842287060476139
42;3;855;0.7861764446779803
42;3;865;0.7888993304174168
42;3;875;0.7914071985863417
42;3;885;0.7930671561853994
42;3;895;0.7948280385786389
42;3;905;0.7971601303344216
42;3;915;0.7979052808121916
42;3;925;0.7964301496638458
42;3;935;0.7955192274061931
42;3;945;0.7941046523964461
42;3;955;0.7899061961247359
42;3;965;0.7892950605224872
42;3;975;0.7901769165387811
42;3;985;0.7971220747796968
42;3;995;0.7990337096559275
42;3;1005;0.8004544095771977
42;3;1015;0.8014976272287541
42;3;1025;0.7998541252731781
42;3;1035;0.7987760131206878
42;3;1045;0.7978466554526839
42;3;1055;0.8028150826127627
42;3;1065;0.8005392012387458
42;3;1075;0.8029822232579187
42;3;1085;0.8058308213640265
42;3;1095;0.8039185846271137
42;3;1105;0.8035070988587047
42;3;1115;0.8011264564977361
42;3;1125;0.8008375929947946
42;3;1135;0.8078977714044061
42;3;1145;0.8407344493750825
42;3;1155;0.8973096187466572
42;3;1165;0.8955163366532153
42;3;1175;0.872808118697216
42;3;1185;0.8604585156651754
42;3;1195;0.8575177678723418
42;3;1205;0.8604392316112881
42;3;1215;0.8640114637027866
42;3;1225;0.8688591511902259
42;3;1235;0.8725844220782584
42;3;1245;0.8780013157314884
42;3;1255;0.8838080407447744
42;3;1265;0.8952538298521071
42;3;1275;0.9123543612823088
42;3;1285;0.9337758193342016
42;3;1295;0.9614531820971752
42;3;1305;1.0037812583861707
42;3;1315;1.0695639213365151
42;3;1325;1.2581737804208262
42;3;1335;1.7009301138248976
42;3;1345;1.9633025546480487
42;3;1355;1.781526723340281
42;3;1365;1.579662579980534
42;3;1375;1.3910194335091242
42;3;1385;1.2084586955338366
42;3;1395;1.0755246875987081
42;3;1405;0.997505954742243
42;3;1415;0.9257772958481594
42;3;1425;0.8516446339196588
42;3;1435;0.8010103268099719
42;3;1445;0.792122326491677
42;3;1455;0.8060646321332264
42;3;1465;0.8269867178713313
42;3;1475;0.8532109756044903
42;3;1485;0.8775261794138122
42;3;1495;0.8963956222899713
42;3;1505;0.9071692932048083
42;3;1515;0.9130597832061679
42;3;1525;0.9058601779260375
42;3;1535;0.8967272090581956
42;3;1545;0.8788280301136661
42;3;1555;0.8552951383035129
42;3;1565;0.8309684935812712
42;3;1575;0.8038846112974831
42;3;1585;0.770428660667594
42;3;1595;0.7367923823107139
42;3;1605;0.7205947154331535
42;3;1615;0.727575217695893
42;3;1625;0.759727072045702
42;3;1635;0.7955309327336049
42;3;1645;0.8417915950168602
42;3;1655;0.881210406279231
42;3;1665;0.9241124784951713
42;3;1675;0.9430903724015613
42;3;1685;0.9325859028181648
42;3;1695;0.9005527027717908
42;3;1705;0.9053263970977946
42;3;1715;0.9584696299113545
42;3;1725;0.9708688652722888
42;3;1735;0.9424923824384561
42;3;1745;0.9394079148279658
42;3;1755;0.9442206059361693
42;3;1765;0.9494968677884768
42;3;1775;0.9550532966194132
42;3;1785;0.9811656905010622
42;3;1795;1.0022460116549472
42;3;1805;1.0232207296976805
42;3;1815;1.0554920801241616
42;3;1825;1.0686575873296325
42;3;1835;1.051228292805642
42;3;1845;1.0617493508885139
42;3;1855;1.0381750601583875
42;3;1865;0.9825497122809622
42;3;1875;0.9001782980838254
42;3;1885;0.7472762742814365
42;3;1895;0.6224935561637882
42;3;1905;1.1537889610805705
42;3;1915;1.3552934549165594
42;3;1925;1.4375186093874954
42;3;1935;1.4866155349393624
42;3;1945;1.5119628668051182
42;3;1955;1.5132870328356605
42;3;1965;1.4831748271074445
42;3;1975;1.4169866826536959
42;3;1985;1.334740173087872
42;3;1995;1.2450380397119416
42;3;2005;1.170204307685649
42;3;2015;1.1092384300066558
42;3;2025;1.0712776289350343
42;3;2035;1.052088512996422
42;3;2045;1.0524921184197493
42;3;2055;1.0444364747552544
42;3;2065;1.0106415580480879
42;3;2075;0.9674069346976102
42;3;2085;0.9271397448575971
42;3;2095;0.8911959066186756
42;3;2105;0.861377259246775
42;3;2115;0.8352573970337605
42;3;2125;0.8100448723946185
42;3;2135;0.7934715362740982
42;3;2145;0.7833179329716309
42;3;2155;0.7741760574071457
42;3;2165;0.7668405204540956
42;3;2175;0.7549021112499282
42;3;2185;0.7411582440876948
42;3;2195;0.7355893525402575
42;3;2205;0.7416712386726654
42;3;2215;0.7508395726310829
42;3;2225;0.7621559733132035
42;3;2235;0.7682584845473955
42;3;2245;0.7602611841095144
42;3;2255;0.7415443395131666
42;3;2265;0.7253228072922169
42;3;2275;0.7243518529766239
42;3;2285;0.7323002731017969
42;3;2295;0.7280155876260631
42;3;2305;0.7296742490309361
42;3;2315;0.741670091338589
42;3;2325;0.7532170766092524
42;3;2335;0.7576839458547493
42;3;2345;0.7559647662316084
42;3;2355;0.7627056167552858
42;3;2365;0.7747998916160693
42;3;2375;0.783811894051337
42;3;2385;0.7973466074304306
42;3;2395;0.8168084983312204
42;3;2405;0.8677191898295373
42;3;2415;0.9366365213034274
42;3;2425;1.0543333551110399
42;3;2435;1.2199428578874831
42;3;2445;1.3885708718634906
42;3;2450;1.5053013619095874
42;4;405;1.909406097529619
42;4;415;1.8731791492842915
42;4;425;1.7953006705768892
42;4;435;1.7539332131664906
42;4;445;1.6808245208243198
42;4;455;1.594385951977003
42;4;465;1.5172581670484533
42;4;475;1.4366690522043937
42;4;485;1.3574011638393506
42;4;495;1.264755734780421
42;4;505;1.1174737617890098
42;4;515;0.8608224890934301
42;4;525;0.7519216784001139
42;4;535;0.9151774408587731
42;4;545;1.0307463996697934
42;4;555;1.082175862188255
42;4;565;0.9862669909844808
42;4;575;0.8414703896915431
42;4;585;0.7750955415447219
42;4;595;0.7510017340163508
42;4;605;0.7409210894539395
42;4;615;0.7383604038933321
42;4;625;0.745726646745631
42;4;635;0.7482057467816511
42;4;645;0.7830739343179786
42;4;655;0.8233778495444778
42;4;665;0.8661181385977733
42;4;675;0.9132641701052835
42;4;685;0.9349546616452589
42;4;695;0.806673975840427
42;4;705;1.6859066573666965
42;4;715;1.9293221833520968
42;4;725;1.8273694058289607
42;4;735;1.3519968096673973
42;4;745;0.765176965535068
42;4;755;0.7359650706976747
42;4;765;0.7840912978121317
42;4;775;0.7825271842530446
42;4;785;0.7815128258157756
42;4;795;0.7800278953017022
42;4;805;0.7796285504800604
42;4;815;0.7774342903445683
42;4;825;0.7730399331981946
42;4;835;0.7666523997487894
42;4;845;0.7615104491217208
42;4;855;0.7593490338522749
42;4;865;0.7585850364412267
42;4;875;0.7585972241412068
42;4;885;0.7588012791166409
42;4;895;0.7593740948757947
42;4;905;0.7600713650510154
42;4;915;0.7607234104451759
42;4;925;0.7597365082396313
42;4;935;0.7595083934313815
42;4;945;0.7586846026808209
42;4;955;0.7569909384640353
42;4;965;0.7570022209995246
42;4;975;0.7562256247375956
42;4;985;0.7586636550071151
42;4;995;0.7599289951667352
42;4;1005;0.7635908585161572
42;4;1015;0.764817757248537
42;4;1025;0.7622494143945778
42;4;1035;0.7625315611178887
42;4;1045;0.7618900680899273
42;4;1055;0.7636048702857446
42;4;1065;0.7629997475544288
42;4;1075;0.7642191315270999
42;4;1085;0.7649452928093697
42;4;1095;0.7652288026060604
42;4;1105;0.7664074236530528
42;4;1115;0.7690407681615251
42;4;1125;0.7725748684818075
42;4;1135;0.7844038799492666
42;4;1145;0.821459642255861
42;4;1155;0.8801078386039664
42;4;1165;0.8734057217395028
42;4;1175;0.8413693972814466
42;4;1185;0.8260085874018087
42;4;1195;0.8224006884155313
42;4;1205;0.8229866161860568
42;4;1215;0.8237254482928983
42;4;1225;0.8302942603915431
42;4;1235;0.8364761085927698
42;4;1245;0.8403125972710122
42;4;1255;0.8476789207294433
42;4;1265;0.8616128956211259
42;4;1275;0.8807893578327265
42;4;1285;0.9045569477842785
42;4;1295;0.9487260007669074
42;4;1305;1.0155562814281165
42;4;1315;1.1154047644184
42;4;1325;1.3304763134783
42;4;1335;1.776341193068763
42;4;1345;2.056543268840888
42;4;1355;1.8369250020428778
42;4;1365;1.5778233889582658
42;4;1375;1.3378430117008167
42;4;1385;1.1433618146741056
42;4;1395;1.0031086802125528
42;4;1405;0.9245189224123214
42;4;1415;0.856371703156463
42;4;1425;0.7931324467512174
42;4;1435;0.7585074541858001
42;4;1445;0.7603250801647886
42;4;1455;0.7785121533958784
42;4;1465;0.8003880693447938
42;4;1475;0.8263057306844771
42;4;1485;0.8485709908395096
42;4;1495;0.8681319002478226
42;4;1505;0.8800073185963435
42;4;1515;0.8885728142521603
42;4;1525;0.8853385441350298
42;4;1535;0.8813348645623448
42;4;1545;0.8652935443330573
42;4;1555;0.8444751127272503
42;4;1565;0.8203833230343819
42;4;1575;0.7908534272349128
42;4;1585;0.7497364360104994
42;4;1595;0.6998452510819978
42;4;1605;0.6583157187572237
42;4;1615;0.6414724817516105
42;4;1625;0.6513343409086357
42;4;1635;0.6718363858555403
42;4;1645;0.7095036269155246
42;4;1655;0.754099754870893
42;4;1665;0.8010724999361809
42;4;1675;0.820232583205424
42;4;1685;0.8017901885001109
42;4;1695;0.7737962199496501
42;4;1705;0.791534088249198
42;4;1715;0.851891754097208
42;4;1725;0.874225464537662
42;4;1735;0.849612657188898
42;4;1745;0.8480511289464285
42;4;1755;0.8654981401828452
42;4;1765;0.8694861917334081
42;4;1775;0.8842217866097201
42;4;1785;0.9058624167937579
42;4;1795;0.9341752286746734
42;4;1805;0.9570211078323968
42;4;1815;0.9970233523895984
42;4;1825;1.0200776531831506
42;4;1835;1.0863133811156171
42;4;1845;1.0762845992113426
42;4;1855;1.0331267697570008
42;4;1865;0.9567759557188966
42;4;1875;0.8526428250401135
42;4;1885;0.7037985431415944
42;4;1895;0.7478754480294973
42;4;1905;1.3294270473416594
42;4;1915;1.5343493492000302
42;4;1925;1.6167220789636385
42;4;1935;1.6648639009544266
42;4;1945;1.6917560478736844
42;4;1955;1.6766767092901533
42;4;1965;1.61370741999509
42;4;1975;1.5123975380074917
42;4;1985;1.390396485481055
42;4;1995;1.2737781403144115
42;4;2005;1.1803958652018463
42;4;2015;1.108302516714787
42;4;2025;1.0628561492312756
42;4;2035;1.0393282443378553
42;4;2045;1.0393799118364546
42;4;2055;1.0298306097943348
42;4;2065;0.9976487138398792
42;4;2075;0.9567770329390496
42;4;2085;0.9160955304167375
42;4;2095;0.8805793612670272
42;4;2105;0.8482085630118789
42;4;2115;0.819789298902844
42;4;2125;0.7950464796985838
42;4;2135;0.7774941132661994
42;4;2145;0.7673736409063897
42;4;2155;0.758297434969797
42;4;2165;0.7504757914820805
42;4;2175;0.7389815509732219
42;4;2185;0.7222452482745434
42;4;2195;0.7170499403680476
42;4;2205;0.7219735005645795
42;4;2215;0.7308627109448833
42;4;2225;0.7422329877394067
42;4;2235;0.7477596660772154
42;4;2245;0.7400578232801307
42;4;2255;0.7225581595314206
42;4;2265;0.7084140420744724
42;4;2275;0.71030964382588
42;4;2285;0.720770453593178
42;4;2295;0.7161714559328552
42;4;2305;0.7168422425876898
42;4;2315;0.7327147182286726
42;4;2325;0.7434771949263049
42;4;2335;0.7474246542596578
42;4;2345;0.7459120015703435
42;4;2355;0.7558317943394557
42;4;2365;0.7659863509163712
42;4;2375;0.7785246305900788
42;4;2385;0.7995056364088825
42;4;2395;0.8248508806026561
42;4;2405;0.8829735690383959
42;4;2415;0.9730011907886701
42;4;2425;1.1020650247087775
42;4;2435;1.2725023645295683
42;4;2445;1.4829760122347206
42;4;2450;1.586138548978333
43;1;405;1.845442586725686
43;1;415;1.815415985182222
43;1;425;1.7400716647096905
43;1;435;1.6981964505767415
43;1;445;1.634423611594684
43;1;455;1.5544113744195782
43;1;465;1.4795325382899065
43;1;475;1.4094511092964082
43;1;485;1.3327715743074453
43;1;495;1.2438228930967052
43;1;505;1.0966351751472294
43;1;515;0.8436684604113974
43;1;525;0.7758506685755692
43;1;535;0.9187059363598331
43;1;545;1.00609548513611
43;1;555;1.044906812796984
43;1;565;0.9591178034712858
43;1;575;0.835982564847884
43;1;585;0.7827964893534765
43;1;595;0.7625373339648238
43;1;605;0.7552618285744235
43;1;615;0.7542139046574687
43;1;625;0.7601806370274653
43;1;635;0.7622533988733228
43;1;645;0.7941666957329372
43;1;655;0.8271704672652359
43;1;665;0.8604925057081112
43;1;675;0.8989261483540677
43;1;685;0.9154671032404135
43;1;695;0.8343762601115456
43;1;705;1.610764897203487
43;1;715;1.8320595283070142
43;1;725;1.7481233867432469
43;1;735;1.3419292471240076
43;1;745;0.817687552980216
43;1;755;0.7436307622492708
43;1;765;0.7796093842943567
43;1;775;0.7822112628576856
43;1;785;0.7839299830221803
43;1;795;0.7845232425280806
43;1;805;0.785278200059706
43;1;815;0.7843728725382209
43;1;825;0.7824875380953633
43;1;835;0.7791809141873655
43;1;845;0.7768556721891259
43;1;855;0.7770868365578435
43;1;865;0.7779930814033182
43;1;875;0.7789641920750008
43;1;885;0.7796189547012595
43;1;895;0.7804172388115616
43;1;905;0.7817897454533106
43;1;915;0.7823690302656395
43;1;925;0.7808925477863512
43;1;935;0.7798312447042721
43;1;945;0.7784170900091221
43;1;955;0.7750868611480055
43;1;965;0.7749872881771381
43;1;975;0.7751946510178758
43;1;985;0.780178744323303
43;1;995;0.7815386799607925
43;1;1005;0.7869560833238153
43;1;1015;0.7880160800151929
43;1;1025;0.7867962963142575
43;1;1035;0.786314008202276
43;1;1045;0.7844520560024162
43;1;1055;0.787700174124346
43;1;1065;0.7861263246409624
43;1;1075;0.7876056377849131
43;1;1085;0.7907467879885831
43;1;1095;0.7897131493557835
43;1;1105;0.788096100555782
43;1;1115;0.7859782516238645
43;1;1125;0.7867478947386929
43;1;1135;0.7958905484979077
43;1;1145;0.8372685229103288
43;1;1155;0.9006468577279398
43;1;1165;0.8947561857209432
43;1;1175;0.8648151823203902
43;1;1185;0.848144145521938
43;1;1195;0.8409821734158496
43;1;1205;0.841230201213541
43;1;1215;0.8465308813787713
43;1;1225;0.852623023025808
43;1;1235;0.8563165309123048
43;1;1245;0.8621802124713053
43;1;1255;0.8690119778391969
43;1;1265;0.8806326949035848
43;1;1275;0.9011508832180654
43;1;1285;0.9252088358255743
43;1;1295;0.9597576642259954
43;1;1305;1.0113913043895597
43;1;1315;1.0874944503047965
43;1;1325;1.2976639377553107
43;1;1335;1.7748185479289578
43;1;1345;2.020829224021589
43;1;1355;1.8139451070787036
43;1;1365;1.6077496836402663
43;1;1375;1.414191548936339
43;1;1385;1.2296629008840223
43;1;1395;1.093574195331399
43;1;1405;1.0109192094218522
43;1;1415;0.9326261807273246
43;1;1425;0.8530874404472476
43;1;1435;0.7955069502803843
43;1;1445;0.7774534814854843
43;1;1455;0.7821503037510388
43;1;1465;0.7955661155988518
43;1;1475;0.8156329052950981
43;1;1485;0.8358489029505585
43;1;1495;0.8540438181136076
43;1;1505;0.8654446468334919
43;1;1515;0.8739968931886857
43;1;1525;0.8721519499658649
43;1;1535;0.869822027444886
43;1;1545;0.8575620458457163
43;1;1555;0.8397963647907946
43;1;1565;0.8197792755864792
43;1;1575;0.7943314985177903
43;1;1585;0.7581069219154922
43;1;1595;0.7163328777673238
43;1;1605;0.6930739458576812
43;1;1615;0.6986876593981671
43;1;1625;0.7324275739508996
43;1;1635;0.7760027815796848
43;1;1645;0.8345778463875798
43;1;1655;0.882131546354166
43;1;1665;0.9227504417664008
43;1;1675;0.9334812612826335
43;1;1685;0.8976822108231081
43;1;1695;0.8471446878482802
43;1;1705;0.8447922572709002
43;1;1715;0.8998012927014815
43;1;1725;0.9192926114803806
43;1;1735;0.9012089398174654
43;1;1745;0.905188059311262
43;1;1755;0.9147142588653165
43;1;1765;0.9289062403384288
43;1;1775;0.940155677152178
43;1;1785;0.9694476363876033
43;1;1795;1.0035947670637464
43;1;1805;1.0240311689337913
43;1;1815;1.0611239791365106
43;1;1825;1.0824924167132113
43;1;1835;1.100432053395239
43;1;1845;1.1070145573718737
43;1;1855;1.0769277621002826
43;1;1865;1.017062745491008
43;1;1875;0.9275378096728975
43;1;1885;0.7673524551602512
43;1;1895;0.6205085244336644
43;1;1905;1.1939132604412788
43;1;1915;1.424325183103974
43;1;1925;1.511268719160892
43;1;1935;1.559663693960226
43;1;1945;1.5787043528194524
43;1;1955;1.5625039301987336
43;1;1965;1.5046149394202504
43;1;1975;1.412269738025666
43;1;1985;1.3053695397480787
43;1;1995;1.2000231373742019
43;1;2005;1.1187718161380942
43;1;2015;1.058848962107352
43;1;2025;1.0277017797166907
43;1;2035;1.0182745673374525
43;1;2045;1.0346741799083228
43;1;2055;1.0388284483906454
43;1;2065;1.0165902699678646
43;1;2075;0.9844398485460151
43;1;2085;0.9514151527200757
43;1;2095;0.9233294726782197
43;1;2105;0.8957847748630423
43;1;2115;0.8693561306179521
43;1;2125;0.8430990963639388
43;1;2135;0.8233864999597053
43;1;2145;0.8128177854893419
43;1;2155;0.8021011556532528
43;1;2165;0.7924811436439377
43;1;2175;0.774702680318199
43;1;2185;0.7508256880367663
43;1;2195;0.736403072091172
43;1;2205;0.7353569420024958
43;1;2215;0.7406630687484648
43;1;2225;0.7499844944144475
43;1;2235;0.754640899495238
43;1;2245;0.7454059315197746
43;1;2255;0.7288352898739788
43;1;2265;0.7227065933339643
43;1;2275;0.7376524795919004
43;1;2285;0.7553092581542674
43;1;2295;0.7452218814497772
43;1;2305;0.7424614835570945
43;1;2315;0.7600487330781438
43;1;2325;0.7725419854842399
43;1;2335;0.7728903098802393
43;1;2345;0.765349006275892
43;1;2355;0.7719177811367675
43;1;2365;0.7769463286870494
43;1;2375;0.7837423760617114
43;1;2385;0.7943038427959189
43;1;2395;0.8114777499127053
43;1;2405;0.8601451756136458
43;1;2415;0.932764892873507
43;1;2425;1.0436624978779754
43;1;2435;1.2002749469617569
43;1;2445;1.396133830011181
43;1;2450;1.504215769241099
43;2;405;1.7670658286307295
43;2;415;1.7430875923313434
43;2;425;1.681360565826608
43;2;435;1.6557096448334763
43;2;445;1.5995430833766993
43;2;455;1.5289087952894154
43;2;465;1.468058006878283
43;2;475;1.4011636842712216
43;2;485;1.3339408867177125
43;2;495;1.2530139641815041
43;2;505;1.1119245795257133
43;2;515;0.8575451107586464
43;2;525;0.781477926846767
43;2;535;0.9658805093250403
43;2;545;1.0812974186252242
43;2;555;1.131559277316392
43;2;565;1.0281075702229974
43;2;575;0.8709752549804428
43;2;585;0.7959701074447185
43;2;595;0.767499668802049
43;2;605;0.7555541728096594
43;2;615;0.7526245741233023
43;2;625;0.7607774724012836
43;2;635;0.7640962593553025
43;2;645;0.8048533844045626
43;2;655;0.8506117690921147
43;2;665;0.8970744200957455
43;2;675;0.9473546815703963
43;2;685;0.9680765448261186
43;2;695;0.8372069918373757
43;2;705;1.7219812266785561
43;2;715;1.9508962586351426
43;2;725;1.8614776294426858
43;2;735;1.42980852616419
43;2;745;0.8455818491232268
43;2;755;0.7447229338105633
43;2;765;0.779194682691945
43;2;775;0.7819679280591049
43;2;785;0.7839232021160252
43;2;795;0.7841429919197134
43;2;805;0.7850588274309537
43;2;815;0.7845864854573188
43;2;825;0.7834154001621558
43;2;835;0.7815639984943593
43;2;845;0.7796978174586372
43;2;855;0.7797332689922817
43;2;865;0.7798333392754927
43;2;875;0.7800144426448655
43;2;885;0.7801413457135554
43;2;895;0.7805461989451162
43;2;905;0.7812210085819202
43;2;915;0.7817056601866776
43;2;925;0.7802612917986784
43;2;935;0.779696452272909
43;2;945;0.7785898581870149
43;2;955;0.7760430207400536
43;2;965;0.776096233360155
43;2;975;0.7754362105368648
43;2;985;0.7782847834235452
43;2;995;0.7799406296245148
43;2;1005;0.7820600629222563
43;2;1015;0.781244691298172
43;2;1025;0.7809184742600773
43;2;1035;0.7804900473053313
43;2;1045;0.7801268625877242
43;2;1055;0.7824971865840558
43;2;1065;0.7827422956487542
43;2;1075;0.7849152418527233
43;2;1085;0.7860880420128286
43;2;1095;0.7864984806892288
43;2;1105;0.7876106230821396
43;2;1115;0.7902496094726107
43;2;1125;0.7952088566990735
43;2;1135;0.8117781530378014
43;2;1145;0.859868228663772
43;2;1155;0.9300147047849809
43;2;1165;0.9272087033721489
43;2;1175;0.8992853068509481
43;2;1185;0.8817260499296234
43;2;1195;0.8789571510003051
43;2;1205;0.8846556870576271
43;2;1215;0.8898951653630041
43;2;1225;0.9029960343682341
43;2;1235;0.9114693395548813
43;2;1245;0.9188985943942396
43;2;1255;0.9287855090241182
43;2;1265;0.9449401558904738
43;2;1275;0.9666944307515332
43;2;1285;0.9939955085338297
43;2;1295;1.0342055025922285
43;2;1305;1.0958714964052736
43;2;1315;1.1861063321489222
43;2;1325;1.40475961474016
43;2;1335;1.8645660691542558
43;2;1345;2.125280201807576
43;2;1355;1.9071396964537348
43;2;1365;1.6584539459915284
43;2;1375;1.4204651333990228
43;2;1385;1.2076215746714736
43;2;1395;1.0562005169066673
43;2;1405;0.9730866256530165
43;2;1415;0.9011370244499775
43;2;1425;0.8312957363755811
43;2;1435;0.7868153807447767
43;2;1445;0.7800902960354631
43;2;1455;0.7928323418886535
43;2;1465;0.8115486906169571
43;2;1475;0.8361485319827084
43;2;1485;0.8587645662963886
43;2;1495;0.8788705385332231
43;2;1505;0.8907170065462257
43;2;1515;0.8995434765151022
43;2;1525;0.8968165080337694
43;2;1535;0.8922840837736596
43;2;1545;0.8771638465505949
43;2;1555;0.8561805413725679
43;2;1565;0.8315739411837381
43;2;1575;0.8019692980562695
43;2;1585;0.7630835352965112
43;2;1595;0.7173685728974272
43;2;1605;0.6886948240966787
43;2;1615;0.6873541452052971
43;2;1625;0.7152978313571617
43;2;1635;0.7493107598014604
43;2;1645;0.7952105644070231
43;2;1655;0.8361745718696884
43;2;1665;0.8851974875585078
43;2;1675;0.8970081583429145
43;2;1685;0.867962662350783
43;2;1695;0.8244863066458632
43;2;1705;0.834838202878835
43;2;1715;0.8924210722259651
43;2;1725;0.9111113278152145
43;2;1735;0.886545793487314
43;2;1745;0.8864970171445784
43;2;1755;0.902496142769845
43;2;1765;0.9069693093094313
43;2;1775;0.9215372875555938
43;2;1785;0.945501670845822
43;2;1795;0.9743878650779567
43;2;1805;0.9996447617951604
43;2;1815;1.0377236043447566
43;2;1825;1.061577903119283
43;2;1835;1.067214997825516
43;2;1845;1.0697071178653186
43;2;1855;1.0353996059537562
43;2;1865;0.9689478061272883
43;2;1875;0.8782313684499025
43;2;1885;0.739250590126457
43;2;1895;0.6188003705452905
43;2;1905;1.0584797143637725
43;2;1915;1.2950169712826003
43;2;1925;1.3960345850754934
43;2;1935;1.449348612363841
43;2;1945;1.4734318856913395
43;2;1955;1.4587046883896604
43;2;1965;1.407826788881027
43;2;1975;1.3320495795217422
43;2;1985;1.2453560546689113
43;2;1995;1.163477382117176
43;2;2005;1.0996346693836208
43;2;2015;1.0510308504010755
43;2;2025;1.0253021166953369
43;2;2035;1.0169827326937968
43;2;2045;1.029303122518873
43;2;2055;1.0322087816034606
43;2;2065;1.0117440458692837
43;2;2075;0.9789682893867983
43;2;2085;0.9454872749239577
43;2;2095;0.9135753488982384
43;2;2105;0.8846962791476691
43;2;2115;0.8572830301794195
43;2;2125;0.8313049859506095
43;2;2135;0.8117247617601823
43;2;2145;0.8018745419325792
43;2;2155;0.7927523065478562
43;2;2165;0.7823712614640174
43;2;2175;0.7659457322119119
43;2;2185;0.7419909597873409
43;2;2195;0.7289077023864265
43;2;2205;0.7285287341303553
43;2;2215;0.7334105865770116
43;2;2225;0.7414170350715419
43;2;2235;0.7457173356955246
43;2;2245;0.7366261226395193
43;2;2255;0.7177543067046431
43;2;2265;0.7093678297500863
43;2;2275;0.720333294761147
43;2;2285;0.7382024356821466
43;2;2295;0.7307850178817558
43;2;2305;0.7291851031183436
43;2;2315;0.7491853394391337
43;2;2325;0.7600836283359896
43;2;2335;0.7648080340552409
43;2;2345;0.7599893771350617
43;2;2355;0.7689374029712944
43;2;2365;0.7757638638531041
43;2;2375;0.7853035860207661
43;2;2385;0.7980825080900207
43;2;2395;0.8177341814554842
43;2;2405;0.8666966258435418
43;2;2415;0.9353094685021636
43;2;2425;1.042318107329461
43;2;2435;1.1792456396621729
43;2;2445;1.3527730613759965
43;2;2450;1.4446878595243293
43;3;405;1.9704111936166195
43;3;415;1.917595443661853
43;3;425;1.8372226375678358
43;3;435;1.7854175305194149
43;3;445;1.6981198814976783
43;3;455;1.6014925805678786
43;3;465;1.517004517627971
43;3;475;1.4333663453366277
43;3;485;1.3491730891491627
43;3;495;1.2550849312098227
43;3;505;1.1141424394993609
43;3;515;0.8697426284529889
43;3;525;0.750972918112069
43;3;535;0.9026046723252239
43;3;545;1.0197780070453724
43;3;555;1.072134302945829
43;3;565;0.9800676356187312
43;3;575;0.8420606142876231
43;3;585;0.7811995992680555
43;3;595;0.7572049051717201
43;3;605;0.7476887628067377
43;3;615;0.7452397145647148
43;3;625;0.752877908468877
43;3;635;0.7552357614232629
43;3;645;0.7887669296006683
43;3;655;0.8300975320690519
43;3;665;0.8752838555546115
43;3;675;0.9235720357433918
43;3;685;0.9508572627934977
43;3;695;0.7921592365552784
43;3;705;1.6077585106896868
43;3;715;1.8390662065721661
43;3;725;1.7268880613962707
43;3;735;1.228484341595718
43;3;745;0.7225222814780795
43;3;755;0.7927376454853778
43;3;765;0.8353003208248181
43;3;775;0.8228740266572278
43;3;785;0.8141432532790365
43;3;795;0.8094487124463897
43;3;805;0.80602623009433
43;3;815;0.8001455733084549
43;3;825;0.7901729592169129
43;3;835;0.779383370472544
43;3;845;0.770083646306718
43;3;855;0.765928846726422
43;3;865;0.7645193977890617
43;3;875;0.7646549551016036
43;3;885;0.7650260273036399
43;3;895;0.7659073167178614
43;3;905;0.7672411006956631
43;3;915;0.7677914370782469
43;3;925;0.7670224514438937
43;3;935;0.7666763440047961
43;3;945;0.7659597272394213
43;3;955;0.76385027977078
43;3;965;0.7639973075086242
43;3;975;0.762953659836542
43;3;985;0.7658422765816166
43;3;995;0.7667883796191457
43;3;1005;0.7703726039769966
43;3;1015;0.7708415756877822
43;3;1025;0.7701124869394754
43;3;1035;0.7710510543897506
43;3;1045;0.770146378727518
43;3;1055;0.7732532974760687
43;3;1065;0.7711872202694384
43;3;1075;0.7719289785706098
43;3;1085;0.7726699903708714
43;3;1095;0.771920423109045
43;3;1105;0.7725426901455449
43;3;1115;0.7732454329783116
43;3;1125;0.7735944103285632
43;3;1135;0.776405470138044
43;3;1145;0.7906603990279364
43;3;1155;0.8214209600864035
43;3;1165;0.8142988250773993
43;3;1175;0.7934795553599479
43;3;1185;0.7860210728062897
43;3;1195;0.7857598742524611
43;3;1205;0.7871858388927826
43;3;1215;0.7852789291822345
43;3;1225;0.7877241366777296
43;3;1235;0.7889199441369277
43;3;1245;0.7923717100006911
43;3;1255;0.7982457747943401
43;3;1265;0.807463950398676
43;3;1275;0.8206468798041059
43;3;1285;0.8391421109582946
43;3;1295;0.8683368593422103
43;3;1305;0.9205723735916718
43;3;1315;0.9983376688790303
43;3;1325;1.1687683209884625
43;3;1335;1.568248898544144
43;3;1345;1.9259422511596578
43;3;1355;1.7319160159162899
43;3;1365;1.472548704782036
43;3;1375;1.2571595728146623
43;3;1385;1.0860029841845158
43;3;1395;0.9672213194888075
43;3;1405;0.9017041463502742
43;3;1415;0.8474726593798428
43;3;1425;0.7956093442283606
43;3;1435;0.7656950554510363
43;3;1445;0.7681856210122316
43;3;1455;0.7873623682069878
43;3;1465;0.8082957918879825
43;3;1475;0.8316699602950597
43;3;1485;0.8508074780970539
43;3;1495;0.865497543701523
43;3;1505;0.8723308814328105
43;3;1515;0.8743620993276171
43;3;1525;0.8656492491849865
43;3;1535;0.8532057541699029
43;3;1545;0.8325272685828948
43;3;1555;0.8083103591528523
43;3;1565;0.7849483886480986
43;3;1575;0.7610672289788302
43;3;1585;0.7351901424585683
43;3;1595;0.7076389620450912
43;3;1605;0.6883928843612865
43;3;1615;0.6829357700990549
43;3;1625;0.6913365681643273
43;3;1635;0.6991297173946291
43;3;1645;0.7157818626480169
43;3;1655;0.7408425338203916
43;3;1665;0.7802274477779729
43;3;1675;0.8038772846419744
43;3;1685;0.8140342216034889
43;3;1695;0.8186548907808707
43;3;1705;0.8472476057919706
43;3;1715;0.8991504322178763
43;3;1725;0.9071799456775829
43;3;1735;0.880002514353636
43;3;1745;0.8757808611306498
43;3;1755;0.8819259851469167
43;3;1765;0.881886080567001
43;3;1775;0.8840862100157781
43;3;1785;0.903570771143122
43;3;1795;0.914821334067305
43;3;1805;0.9251319479445068
43;3;1815;0.9537353198027037
43;3;1825;0.968332766644643
43;3;1835;0.9356380820403509
43;3;1845;0.9375373232118374
43;3;1855;0.9130310041048976
43;3;1865;0.8619224098332611
43;3;1875;0.7852264301846861
43;3;1885;0.6895619411050119
43;3;1895;0.9386876135300943
43;3;1905;1.512833513507493
43;3;1915;1.6253777115659327
43;3;1925;1.6718197143510873
43;3;1935;1.7162943061516545
43;3;1945;1.7583155575436231
43;3;1955;1.7727887439163281
43;3;1965;1.7443359472338162
43;3;1975;1.6636127984058735
43;3;1985;1.5498431399458463
43;3;1995;1.426585122384838
43;3;2005;1.3202102305060517
43;3;2015;1.2310679465744934
43;3;2025;1.1625948616174493
43;3;2035;1.114705704395665
43;3;2045;1.0862391543165584
43;3;2055;1.052661676681186
43;3;2065;0.9965668169970131
43;3;2075;0.9343120035009862
43;3;2085;0.8810347425828765
43;3;2095;0.837024526002679
43;3;2105;0.8041063415670158
43;3;2115;0.7798184516299316
43;3;2125;0.7604918412737082
43;3;2135;0.7504626766573513
43;3;2145;0.7456579463233355
43;3;2155;0.7424203362855896
43;3;2165;0.7398417325301004
43;3;2175;0.7354321840967845
43;3;2185;0.7287777710210595
43;3;2195;0.7292273046999359
43;3;2205;0.7354008211379337
43;3;2215;0.7425751710450361
43;3;2225;0.7507338156109163
43;3;2235;0.7560427480006057
43;3;2245;0.7531186597531021
43;3;2255;0.7425866070979394
43;3;2265;0.7287050292984449
43;3;2275;0.7203677551372312
43;3;2285;0.7189075885260185
43;3;2295;0.7191063669399879
43;3;2305;0.7218940616445108
43;3;2315;0.7266488648536447
43;3;2325;0.7344854823201491
43;3;2335;0.7401685627246007
43;3;2345;0.7435086036582962
43;3;2355;0.754381395332793
43;3;2365;0.7684592302306043
43;3;2375;0.7866141889395293
43;3;2385;0.8117766743779874
43;3;2395;0.8424257557220117
43;3;2405;0.9024672056723384
43;3;2415;1.0028014356807624
43;3;2425;1.1251759605852556
43;3;2435;1.3292636738945414
43;3;2445;1.5471185419895708
43;3;2450;1.6671139480263886
43;4;405;1.7087478522053934
43;4;415;1.6868074572752665
43;4;425;1.624100226727749
43;4;435;1.584199517712902
43;4;445;1.5276411069769036
43;4;455;1.454183092654638
43;4;465;1.3901019118070739
43;4;475;1.3243295231912773
43;4;485;1.255531860323716
43;4;495;1.1749252105216161
43;4;505;1.0509052732917368
43;4;515;0.8394679713494404
43;4;525;0.7724089028692777
43;4;535;0.9106114917584082
43;4;545;1.004200323110623
43;4;555;1.046299839194003
43;4;565;0.9643177665303339
43;4;575;0.8454327084562622
43;4;585;0.7931900342227436
43;4;595;0.7705107520024209
43;4;605;0.7619801316245594
43;4;615;0.7549779520843105
43;4;625;0.7577488001876117
43;4;635;0.7581717186642726
43;4;645;0.7761154212855055
43;4;655;0.8024746341704762
43;4;665;0.8305517410399512
43;4;675;0.8669536517612743
43;4;685;0.8879824375937841
43;4;695;0.846622099564938
43;4;705;1.5924128722266087
43;4;715;1.8052252342321378
43;4;725;1.7269931369495304
43;4;735;1.3177937828354356
43;4;745;0.8069885618820892
43;4;755;0.7553078603564227
43;4;765;0.7785111377621833
43;4;775;0.7752215014743281
43;4;785;0.7757645926943596
43;4;795;0.7760157142903411
43;4;805;0.7774012842993417
43;4;815;0.7778721672148258
43;4;825;0.7780050733506058
43;4;835;0.7786476878014844
43;4;845;0.7809720984552837
43;4;855;0.7871619492290136
43;4;865;0.7934052615549977
43;4;875;0.7978642736934648
43;4;885;0.8006924568719299
43;4;895;0.8037545664336535
43;4;905;0.8073480964464945
43;4;915;0.8087199099942132
43;4;925;0.8067930459867402
43;4;935;0.8059832160219935
43;4;945;0.8042132293399384
43;4;955;0.7975513306219754
43;4;965;0.7960750378382012
43;4;975;0.7964595380398516
43;4;985;0.8073897163335081
43;4;995;0.8114570166806229
43;4;1005;0.820363525966775
43;4;1015;0.8237862698709325
43;4;1025;0.8157438212078982
43;4;1035;0.8167692787642508
43;4;1045;0.8138027912076469
43;4;1055;0.8227572064809815
43;4;1065;0.8188358650357488
43;4;1075;0.8218658697482323
43;4;1085;0.8266574557090041
43;4;1095;0.8255740686311736
43;4;1105;0.8239526416847283
43;4;1115;0.8172903151508583
43;4;1125;0.8100276215715007
43;4;1135;0.8031868656524256
43;4;1145;0.8107137260650056
43;4;1155;0.8433916799435547
43;4;1165;0.8442954189102873
43;4;1175;0.8284848079075708
43;4;1185;0.8213596811222503
43;4;1195;0.8200041376784905
43;4;1205;0.8221217444717596
43;4;1215;0.8246092856445688
43;4;1225;0.8264379843064675
43;4;1235;0.8304819655131956
43;4;1245;0.8337944522077406
43;4;1255;0.8386948389723722
43;4;1265;0.8472141367653863
43;4;1275;0.8621757310053754
43;4;1285;0.8808066782559042
43;4;1295;0.9040156455677719
43;4;1305;0.9349277723283801
43;4;1315;0.9777293580817246
43;4;1325;1.1229831902272691
43;4;1335;1.5288991750767995
43;4;1345;1.8817949927557536
43;4;1355;1.780311561842076
43;4;1365;1.606455149655119
43;4;1375;1.4167357706373112
43;4;1385;1.2337824453094786
43;4;1395;1.0908417768125347
43;4;1405;1.0060920898131551
43;4;1415;0.9322263608338587
43;4;1425;0.8585703951535543
43;4;1435;0.8081349386482544
43;4;1445;0.7974435802935137
43;4;1455;0.8087764011183421
43;4;1465;0.8261763781076668
43;4;1475;0.846857227209091
43;4;1485;0.86564583770939
43;4;1495;0.8803280681810117
43;4;1505;0.8863728141367485
43;4;1515;0.8886012323109701
43;4;1525;0.8811260130150544
43;4;1535;0.8717840983075467
43;4;1545;0.8566720460818923
43;4;1555;0.8398357032504405
43;4;1565;0.8243048144914248
43;4;1575;0.8094045350833983
43;4;1585;0.7951370269977792
43;4;1595;0.7860777884249991
43;4;1605;0.7946773912264989
43;4;1615;0.8172723240295938
43;4;1625;0.8552994082223886
43;4;1635;0.8921036257635621
43;4;1645;0.9426368247278891
43;4;1655;0.9785985012218646
43;4;1665;1.013736437087133
43;4;1675;1.024773396868565
43;4;1685;1.0150715042208913
43;4;1695;0.9911694359529769
43;4;1705;0.9958088670088456
43;4;1715;1.0399759769439763
43;4;1725;1.0513681359717406
43;4;1735;1.0170994640344952
43;4;1745;1.0058625441065836
43;4;1755;1.0110761933594699
43;4;1765;1.014250452385087
43;4;1775;1.0176545378104203
43;4;1785;1.039305028115282
43;4;1795;1.0591751451344904
43;4;1805;1.0844772968825918
43;4;1815;1.1163300804635607
43;4;1825;1.1306201261758269
43;4;1835;1.1028742708581711
43;4;1845;1.1026781085002726
43;4;1855;1.0634796310444827
43;4;1865;0.9884844316726005
43;4;1875;0.8769401270182717
43;4;1885;0.6930224950374934
43;4;1895;0.7650043239421535
43;4;1905;1.3381434106270458
43;4;1915;1.499576136783243
43;4;1925;1.564060424188232
43;4;1935;1.599088998200787
43;4;1945;1.6167920508252385
43;4;1955;1.6075423417675208
43;4;1965;1.5674188850446815
43;4;1975;1.4932195692860966
43;4;1985;1.4001255860559483
43;4;1995;1.301344841916152
43;4;2005;1.2141336329116086
43;4;2015;1.1452454227800783
43;4;2025;1.0933711807173105
43;4;2035;1.0618747491725036
43;4;2045;1.0537719760316289
43;4;2055;1.0335273599316646
43;4;2065;0.9898458311922681
43;4;2075;0.9399321742296934
43;4;2085;0.8945838484684715
43;4;2095;0.8570005225589051
43;4;2105;0.827218056249744
43;4;2115;0.8019538911840962
43;4;2125;0.7801726611716561
43;4;2135;0.7666290600489248
43;4;2145;0.7579764841762106
43;4;2155;0.7494868921238809
43;4;2165;0.7431144734207197
43;4;2175;0.7347059076679688
43;4;2185;0.7275749502062555
43;4;2195;0.7313610298431068
43;4;2205;0.7444036082707002
43;4;2215;0.7598336899707626
43;4;2225;0.7760223270431128
43;4;2235;0.7846518406830782
43;4;2245;0.7765536126814571
43;4;2255;0.7554308140780595
43;4;2265;0.7339053654002893
43;4;2275;0.7225133294446003
43;4;2285;0.7216544586024202
43;4;2295;0.7210126043304285
43;4;2305;0.724678226451951
43;4;2315;0.7304006257621296
43;4;2325;0.7372775098211954
43;4;2335;0.7401589730060193
43;4;2345;0.7391730233223563
43;4;2355;0.7442339073543734
43;4;2365;0.7529144649381226
43;4;2375;0.7628858206939777
43;4;2385;0.7770148208246981
43;4;2395;0.7963268283952648
43;4;2405;0.8448709994994116
43;4;2415;0.9188491113183891
43;4;2425;1.035188636592503
43;4;2435;1.1878626434334412
43;4;2445;1.3711363747064509
43;4;2450;1.4570990536239166
44;1;405;1.7224079333524243
44;1;415;1.6878979115649597
44;1;425;1.6164811262368401
44;1;435;1.5763281717047568
44;1;445;1.5123500724739045
44;1;455;1.437148603004504
44;1;465;1.3726998583448735
44;1;475;1.3115010744562439
44;1;485;1.245310335783589
44;1;495;1.1699424898965811
44;1;505;1.0486746630699397
44;1;515;0.83426465984239
44;1;525;0.785714077657989
44;1;535;0.9439246916302908
44;1;545;1.0431622587770366
44;1;555;1.084571384891897
44;1;565;0.9895170885838799
44;1;575;0.8557705668690121
44;1;585;0.7974269447302641
44;1;595;0.772506944728853
44;1;605;0.7633446592519233
44;1;615;0.758954835558176
44;1;625;0.7640159490029015
44;1;635;0.7656693739682939
44;1;645;0.7937613405330421
44;1;655;0.8275022689091099
44;1;665;0.8630794494696294
44;1;675;0.9084162374235456
44;1;685;0.9377758061097963
44;1;695;0.8381777833570497
44;1;705;1.6785465880590744
44;1;715;1.905781898034484
44;1;725;1.8108749571729887
44;1;735;1.3564855286499866
44;1;745;0.7998566796071682
44;1;755;0.7731014921119249
44;1;765;0.8070572380105835
44;1;775;0.8027352396432943
44;1;785;0.8004957387241709
44;1;795;0.7995898022555586
44;1;805;0.7989767370888027
44;1;815;0.7972681987070626
44;1;825;0.7943170889216286
44;1;835;0.7915046590300975
44;1;845;0.7902387681109475
44;1;855;0.7928865237010172
44;1;865;0.7964522102496585
44;1;875;0.7992016521861306
44;1;885;0.8009163956025604
44;1;895;0.8026077102950094
44;1;905;0.805276338304426
44;1;915;0.8048478999328348
44;1;925;0.8027556509682506
44;1;935;0.8010094542538291
44;1;945;0.7990348298202921
44;1;955;0.793535619575178
44;1;965;0.7923427557425378
44;1;975;0.7923381993066858
44;1;985;0.7982153710273191
44;1;995;0.8001609383928001
44;1;1005;0.804336114191977
44;1;1015;0.8045366258438084
44;1;1025;0.8019466091449539
44;1;1035;0.8032302244001972
44;1;1045;0.8014590567091491
44;1;1055;0.8070674478083545
44;1;1065;0.8054275811396129
44;1;1075;0.8082487914106333
44;1;1085;0.8126599150635311
44;1;1095;0.811301843180172
44;1;1105;0.8096087013064409
44;1;1115;0.8049567248402237
44;1;1125;0.8000532202865337
44;1;1135;0.7986280798880321
44;1;1145;0.8180111927147482
44;1;1155;0.8599274669763631
44;1;1165;0.859520002382316
44;1;1175;0.8395113358962767
44;1;1185;0.8294130295231206
44;1;1195;0.8264114802970617
44;1;1205;0.8284283799873995
44;1;1215;0.829676633312919
44;1;1225;0.8354643869383584
44;1;1235;0.836554815149578
44;1;1245;0.8404381774442462
44;1;1255;0.8490659950048633
44;1;1265;0.8590377722696338
44;1;1275;0.8754531128545565
44;1;1285;0.8976891879244094
44;1;1295;0.9230255341671179
44;1;1305;0.9608600099173018
44;1;1315;1.015814973448962
44;1;1325;1.1734476531330198
44;1;1335;1.628119064877724
44;1;1345;2.0328559638257593
44;1;1355;1.9075474624741569
44;1;1365;1.700034215834466
44;1;1375;1.4971047804797475
44;1;1385;1.2909565894334898
44;1;1395;1.1390872835132078
44;1;1405;1.0510314850431413
44;1;1415;0.9742478821091941
44;1;1425;0.8914924663294235
44;1;1435;0.8249632510585299
44;1;1445;0.7977803777141599
44;1;1455;0.7983401672469359
44;1;1465;0.8095906645555216
44;1;1475;0.8277667556830358
44;1;1485;0.8466101124818373
44;1;1495;0.8625842968353178
44;1;1505;0.870958630026101
44;1;1515;0.8758983372947099
44;1;1525;0.8725067276322996
44;1;1535;0.8652645862916201
44;1;1545;0.8514285676631244
44;1;1555;0.8344911783307775
44;1;1565;0.8175115379093008
44;1;1575;0.8011801691883552
44;1;1585;0.7833896474702431
44;1;1595;0.7679359445404924
44;1;1605;0.7685376968619144
44;1;1615;0.782978357871521
44;1;1625;0.815240089102767
44;1;1635;0.8431293039908319
44;1;1645;0.884506372104177
44;1;1655;0.9150246242722638
44;1;1665;0.9536712438374185
44;1;1675;0.9664884948512341
44;1;1685;0.9558849461610534
44;1;1695;0.9367834196021461
44;1;1705;0.9482737456417313
44;1;1715;0.9941468001640452
44;1;1725;1.0058236546714543
44;1;1735;0.9792615963934372
44;1;1745;0.9741732629501462
44;1;1755;0.9816940975311551
44;1;1765;0.9885260766385857
44;1;1775;0.996153682954078
44;1;1785;1.0228776640620272
44;1;1795;1.0426344512604961
44;1;1805;1.0617722461794723
44;1;1815;1.096332236920355
44;1;1825;1.1096404357922296
44;1;1835;1.001041056510856
44;1;1845;1.0197478280027537
44;1;1855;0.9999912550857806
44;1;1865;0.9500449309707607
44;1;1875;0.8712822664199595
44;1;1885;0.7272631434259321
44;1;1895;0.6701626207736635
44;1;1905;1.2315056086237977
44;1;1915;1.4334729347478332
44;1;1925;1.5095357242511747
44;1;1935;1.5518869491267724
44;1;1945;1.572366584738995
44;1;1955;1.5567667471295181
44;1;1965;1.509606624492872
44;1;1975;1.4330256056913306
44;1;1985;1.3425086644012414
44;1;1995;1.25524744282193
44;1;2005;1.1808251369679232
44;1;2015;1.123525884629579
44;1;2025;1.0843909594568704
44;1;2035;1.059909204050725
44;1;2045;1.0577306842380167
44;1;2055;1.0442544569830314
44;1;2065;1.007397698777518
44;1;2075;0.9606571017097442
44;1;2085;0.918510824351468
44;1;2095;0.882120013185499
44;1;2105;0.8532733139203081
44;1;2115;0.8279779363342248
44;1;2125;0.804658354051994
44;1;2135;0.790804586113568
44;1;2145;0.7855741735035807
44;1;2155;0.7795581250758997
44;1;2165;0.7756237540882209
44;1;2175;0.7654864777689524
44;1;2185;0.7502536970509653
44;1;2195;0.7421043730589021
44;1;2205;0.7445257548471113
44;1;2215;0.7502510735190449
44;1;2225;0.757744731127412
44;1;2235;0.7628602931857149
44;1;2245;0.7559243321830988
44;1;2255;0.7397969929652441
44;1;2265;0.7272678269127276
44;1;2275;0.7254239446215798
44;1;2285;0.7304050144418615
44;1;2295;0.727806643130458
44;1;2305;0.7291200748222862
44;1;2315;0.737815037551414
44;1;2325;0.7473006034827662
44;1;2335;0.7517404558831531
44;1;2345;0.7517906509046196
44;1;2355;0.7592402505934945
44;1;2365;0.765962281623351
44;1;2375;0.7776319254144474
44;1;2385;0.7905045536223686
44;1;2395;0.8063848985660762
44;1;2405;0.8477788461523189
44;1;2415;0.9083012487459844
44;1;2425;1.0027887164881628
44;1;2435;1.144226419498619
44;1;2445;1.3242067568195506
44;1;2450;1.422305569752031
44;2;405;1.8311284771818186
44;2;415;1.7956544749005303
44;2;425;1.728964066446763
44;2;435;1.696742973855142
44;2;445;1.6317260221938954
44;2;455;1.5498734729641575
44;2;465;1.481146825922963
44;2;475;1.4069854702172446
44;2;485;1.330529816995474
44;2;495;1.2415515844229275
44;2;505;1.1004694336682002
44;2;515;0.8584737284376623
44;2;525;0.78752020412959
44;2;535;0.9550115642246244
44;2;545;1.0634307032411228
44;2;555;1.1105278602686794
44;2;565;1.0236119316011598
44;2;575;0.8868208602278931
44;2;585;0.8202384294499371
44;2;595;0.7929505445941016
44;2;605;0.779904012411948
44;2;615;0.7693381795789169
44;2;625;0.7728116341548563
44;2;635;0.7742994153986317
44;2;645;0.7991141490345766
44;2;655;0.8339286700347297
44;2;665;0.8718995783408692
44;2;675;0.9088555023316849
44;2;685;0.9195652574150303
44;2;695;0.8580368799699354
44;2;705;1.5973749805923607
44;2;715;1.7894828989006157
44;2;725;1.7154959474591454
44;2;735;1.3497267378944269
44;2;745;0.8414628173873484
44;2;755;0.7415664972749264
44;2;765;0.7665347404686239
44;2;775;0.7719253933209821
44;2;785;0.7749442601210013
44;2;795;0.7760278882768321
44;2;805;0.7777605516571617
44;2;815;0.7785823901419708
44;2;825;0.7795619545432355
44;2;835;0.7819687859983099
44;2;845;0.7842234308022766
44;2;855;0.7882908532652465
44;2;865;0.7916460705640003
44;2;875;0.7941713902289543
44;2;885;0.7957352278333207
44;2;895;0.7969531927100441
44;2;905;0.7990780524063208
44;2;915;0.7996784361268992
44;2;925;0.798831723750587
44;2;935;0.7976528136622663
44;2;945;0.796844693590364
44;2;955;0.792468716176432
44;2;965;0.7920628000069379
44;2;975;0.7934229962300454
44;2;985;0.7999453889931581
44;2;995;0.8020510592657726
44;2;1005;0.8086321016055787
44;2;1015;0.8120336479557839
44;2;1025;0.8064961734560803
44;2;1035;0.8058140970248342
44;2;1045;0.8037827906882565
44;2;1055;0.8093530927467063
44;2;1065;0.8054547615789065
44;2;1075;0.806890118186933
44;2;1085;0.8085705910001065
44;2;1095;0.8056281257774214
44;2;1105;0.8041227078964046
44;2;1115;0.8001539461614516
44;2;1125;0.7975041119512439
44;2;1135;0.7978230509842635
44;2;1145;0.8163526812129561
44;2;1155;0.8582072039706392
44;2;1165;0.8560248767076634
44;2;1175;0.8349884046626345
44;2;1185;0.8240481092708036
44;2;1195;0.8225628592364062
44;2;1205;0.8240536658720223
44;2;1215;0.824107979422403
44;2;1225;0.8268710845546414
44;2;1235;0.8288393506946092
44;2;1245;0.8320640588722116
44;2;1255;0.8366167269601513
44;2;1265;0.843626132851173
44;2;1275;0.8574806511649857
44;2;1285;0.8744864147244827
44;2;1295;0.9022550237302297
44;2;1305;0.9367737989594483
44;2;1315;0.9849313278918685
44;2;1325;1.1544408660295762
44;2;1335;1.5876532444594498
44;2;1345;1.8799571252866076
44;2;1355;1.7018859993034283
44;2;1365;1.4993327568023609
44;2;1375;1.3071219117583026
44;2;1385;1.1434883175701416
44;2;1395;1.0227164207617685
44;2;1405;0.9544006051314909
44;2;1415;0.8970123227296258
44;2;1425;0.8410719327675475
44;2;1435;0.7999879524126101
44;2;1445;0.7859822766574966
44;2;1455;0.7893987441304017
44;2;1465;0.7986400679345164
44;2;1475;0.8109801245977886
44;2;1485;0.8222009572173407
44;2;1495;0.8312652965881184
44;2;1505;0.8345688756171572
44;2;1515;0.8346390006747019
44;2;1525;0.826850561940467
44;2;1535;0.8177557866615465
44;2;1545;0.8034921904835276
44;2;1555;0.7875415819717277
44;2;1565;0.7736048836498198
44;2;1575;0.7598651298046083
44;2;1585;0.750278484615195
44;2;1595;0.7515544713959111
44;2;1605;0.7709461623627639
44;2;1615;0.8071878193991812
44;2;1625;0.8599052853596539
44;2;1635;0.9017032874602414
44;2;1645;0.9423496918453201
44;2;1655;0.978069616827942
44;2;1665;1.017712818819989
44;2;1675;1.0260699487666534
44;2;1685;1.0077886807063121
44;2;1695;0.9760407174911442
44;2;1705;0.9803309172810888
44;2;1715;1.0213311157413212
44;2;1725;1.0209300773264733
44;2;1735;0.9838402966011138
44;2;1745;0.971484774583569
44;2;1755;0.9760030107820101
44;2;1765;0.9700017109555161
44;2;1775;0.9707088723742057
44;2;1785;0.9909753998574052
44;2;1795;0.9982709869994987
44;2;1805;1.0194805522143824
44;2;1815;1.0477027594568806
44;2;1825;1.0613896916048853
44;2;1835;1.046919651258664
44;2;1845;1.044338344214242
44;2;1855;1.0114113231219937
44;2;1865;0.9480425743950534
44;2;1875;0.8556198769905606
44;2;1885;0.7157190100459127
44;2;1895;0.7803190626115345
44;2;1905;1.2987699558240422
44;2;1915;1.4333932159631115
44;2;1925;1.4914516311780708
44;2;1935;1.5307529215753124
44;2;1945;1.5605843489908906
44;2;1955;1.5713620961259613
44;2;1965;1.5490836094622988
44;2;1975;1.4846563751224797
44;2;1985;1.3929293615840088
44;2;1995;1.2901292613473214
44;2;2005;1.2026104254524215
44;2;2015;1.1312954415984315
44;2;2025;1.0835334627091668
44;2;2035;1.0590769971636846
44;2;2045;1.053540122848897
44;2;2055;1.0408114962859227
44;2;2065;1.0028033955264612
44;2;2075;0.9549080964824069
44;2;2085;0.9101674736110642
44;2;2095;0.872658444714022
44;2;2105;0.8427919697614581
44;2;2115;0.8171847298379129
44;2;2125;0.7966095138430626
44;2;2135;0.7830216970758058
44;2;2145;0.7749584812720249
44;2;2155;0.7695213665701641
44;2;2165;0.7645667067058322
44;2;2175;0.7570487747231178
44;2;2185;0.7479470721335876
44;2;2195;0.7467597483151188
44;2;2205;0.7542926897766177
44;2;2215;0.7642389179059157
44;2;2225;0.7741795860314393
44;2;2235;0.7793687418704891
44;2;2245;0.7731397366340927
44;2;2255;0.754971908900423
44;2;2265;0.7375748615431625
44;2;2275;0.7321658271837218
44;2;2285;0.7361025825176647
44;2;2295;0.7347220232288523
44;2;2305;0.7368394399844846
44;2;2315;0.7469769580209091
44;2;2325;0.7571819107306741
44;2;2335;0.7626802809298632
44;2;2345;0.7633018962750109
44;2;2355;0.7707391399287353
44;2;2365;0.7816740280911562
44;2;2375;0.7906852673746735
44;2;2385;0.8071990029172683
44;2;2395;0.8289792202878884
44;2;2405;0.8758174835112408
44;2;2415;0.9476855846841341
44;2;2425;1.0652378596668466
44;2;2435;1.226925619197316
44;2;2445;1.4268447974184137
44;2;2450;1.5186836286147773
44;3;405;1.7991824533593286
44;3;415;1.7730962870792994
44;3;425;1.7086036886587899
44;3;435;1.6657698106152108
44;3;445;1.6051163429227404
44;3;455;1.5282366092380177
44;3;465;1.458288070457711
44;3;475;1.3857505338191867
44;3;485;1.3127622982647749
44;3;495;1.2258784077428282
44;3;505;1.0850525196648233
44;3;515;0.8439213993316402
44;3;525;0.7994119657310143
44;3;535;0.9914413094337897
44;3;545;1.1097714485772239
44;3;555;1.1628119166335906
44;3;565;1.0635124424963838
44;3;575;0.902989010684978
44;3;585;0.822021170371213
44;3;595;0.7883898340562773
44;3;605;0.7717659620761607
44;3;615;0.7575029816565718
44;3;625;0.7600807783883904
44;3;635;0.7609083756769023
44;3;645;0.785426725014211
44;3;655;0.8222559755510863
44;3;665;0.8620103608847128
44;3;675;0.9043788625214847
44;3;685;0.9218040514325645
44;3;695;0.8700049553770806
44;3;705;1.6912077855704175
44;3;715;1.8971412812363728
44;3;725;1.8030568424369124
44;3;735;1.3752478780609658
44;3;745;0.8390223854184432
44;3;755;0.7711168510449754
44;3;765;0.800933082773708
44;3;775;0.8001268705451939
44;3;785;0.8010139147851133
44;3;795;0.8012385954292437
44;3;805;0.8023201392634806
44;3;815;0.8017982913883767
44;3;825;0.800320350748237
44;3;835;0.7987491875927902
44;3;845;0.7969093799763345
44;3;855;0.7977284050342061
44;3;865;0.7987588660865803
44;3;875;0.7996842242470329
44;3;885;0.8002698883950403
44;3;895;0.8015686121170958
44;3;905;0.803155782825592
44;3;915;0.8043140760965439
44;3;925;0.8023059138034866
44;3;935;0.8015993546791552
44;3;945;0.800055329819905
44;3;955;0.7960644149889623
44;3;965;0.7959843810624101
44;3;975;0.7951020760855498
44;3;985;0.8012644850830336
44;3;995;0.8037232448346532
44;3;1005;0.8075816570702347
44;3;1015;0.8086665968829149
44;3;1025;0.8082581918614822
44;3;1035;0.8085028819315823
44;3;1045;0.8074608240324865
44;3;1055;0.8108421450856755
44;3;1065;0.8100484532647091
44;3;1075;0.8133920087316588
44;3;1085;0.8173800042516517
44;3;1095;0.819090920892283
44;3;1105;0.8207358523565119
44;3;1115;0.8205583293896922
44;3;1125;0.8197880178817939
44;3;1135;0.8233146153357779
44;3;1145;0.8464702167052068
44;3;1155;0.8913633083808781
44;3;1165;0.8806613167358486
44;3;1175;0.8514118922869233
44;3;1185;0.8388424205927758
44;3;1195;0.8368053769882333
44;3;1205;0.8398908359266918
44;3;1215;0.843629147932825
44;3;1225;0.8499960829918024
44;3;1235;0.8594075045006042
44;3;1245;0.867785695104243
44;3;1255;0.8762585220170274
44;3;1265;0.8931392151927319
44;3;1275;0.9119822772675429
44;3;1285;0.9369757768899195
44;3;1295;0.9797839133523141
44;3;1305;1.0532237443731562
44;3;1315;1.154935449708063
44;3;1325;1.3650973953109502
44;3;1335;1.7642831544646542
44;3;1345;1.9808286529429164
44;3;1355;1.7791209551323799
44;3;1365;1.565426137704434
44;3;1375;1.3709598874376392
44;3;1385;1.2056418046119168
44;3;1395;1.078990499648464
44;3;1405;1.0016633154481156
44;3;1415;0.9288578264907777
44;3;1425;0.8569312516194099
44;3;1435;0.8114687170926125
44;3;1445;0.8048845175918548
44;3;1455;0.8182298290244124
44;3;1465;0.8373033775084492
44;3;1475;0.8617810516500594
44;3;1485;0.8847922728277137
44;3;1495;0.9055159235972537
44;3;1505;0.9205862952941755
44;3;1515;0.9336747213490485
44;3;1525;0.9358207948642854
44;3;1535;0.9382946065773404
44;3;1545;0.9310413881099159
44;3;1555;0.91935376583185
44;3;1565;0.9047811083935398
44;3;1575;0.8838239900722371
44;3;1585;0.8514141625936007
44;3;1595;0.8052094628110396
44;3;1605;0.762087880215193
44;3;1615;0.7360171266877028
44;3;1625;0.72690580066417
44;3;1635;0.7330888841964022
44;3;1645;0.7562902096256078
44;3;1655;0.7867004190043329
44;3;1665;0.8211880645538906
44;3;1675;0.8380992864493683
44;3;1685;0.8265801200147276
44;3;1695;0.8066556233073006
44;3;1705;0.8222153976951548
44;3;1715;0.8807328402144351
44;3;1725;0.9066109792952946
44;3;1735;0.8926394021866333
44;3;1745;0.9016261172764284
44;3;1755;0.9164915937019003
44;3;1765;0.9265597720910246
44;3;1775;0.9394316946857649
44;3;1785;0.9651221206153306
44;3;1795;0.9939305391811654
44;3;1805;1.0159079447546047
44;3;1815;1.0525267071336426
44;3;1825;1.0729219564747456
44;3;1835;1.1508184805477848
44;3;1845;1.1435690085874002
44;3;1855;1.105003741939129
44;3;1865;1.0342301881333493
44;3;1875;0.9269203472030686
44;3;1885;0.745211465347763
44;3;1895;0.6215080268068197
44;3;1905;1.1893842412838298
44;3;1915;1.427113676896946
44;3;1925;1.5153995879836784
44;3;1935;1.5568735524423063
44;3;1945;1.5652395499920657
44;3;1955;1.5364051020856033
44;3;1965;1.4659305044732973
44;3;1975;1.3668914601036957
44;3;1985;1.2577206384672366
44;3;1995;1.1530875943187713
44;3;2005;1.0736785076573296
44;3;2015;1.0141089818037134
44;3;2025;0.9807456568142355
44;3;2035;0.9668957979721435
44;3;2045;0.9755529215408381
44;3;2055;0.9735738373152025
44;3;2065;0.9492675010482897
44;3;2075;0.9177238299315909
44;3;2085;0.8860714567700804
44;3;2095;0.8567526009289145
44;3;2105;0.830805162133243
44;3;2115;0.8064934004763566
44;3;2125;0.7830162508291886
44;3;2135;0.7661189178409242
44;3;2145;0.7554813168575084
44;3;2155;0.7452591191481617
44;3;2165;0.7361006673199122
44;3;2175;0.7251678393001906
44;3;2185;0.7160395240932713
44;3;2195;0.7219665445661955
44;3;2205;0.7374269886972941
44;3;2215;0.7561329313687796
44;3;2225;0.7754918882355153
44;3;2235;0.7834067413665489
44;3;2245;0.7697037341723243
44;3;2255;0.7419924557880048
44;3;2265;0.7152866080842607
44;3;2275;0.7082973545998588
44;3;2285;0.7142849235700004
44;3;2295;0.7115030368009161
44;3;2305;0.7144979794509088
44;3;2315;0.7280311514642351
44;3;2325;0.7385717888311301
44;3;2335;0.7418656392945435
44;3;2345;0.7393455279981138
44;3;2355;0.7464763232713443
44;3;2365;0.7527604905284465
44;3;2375;0.762463935224926
44;3;2385;0.7746771953221434
44;3;2395;0.7908042417420725
44;3;2405;0.8325674468618864
44;3;2415;0.9147432177858646
44;3;2425;1.0299894043916706
44;3;2435;1.1857808861244492
44;3;2445;1.3680496922294416
44;3;2450;1.4680565239538335
44;4;405;1.878104316633191
44;4;415;1.8476055362195785
44;4;425;1.7735914184512385
44;4;435;1.732103660793461
44;4;445;1.6600649166031198
44;4;455;1.575427585135243
44;4;465;1.4953289493378645
44;4;475;1.4181169864235308
44;4;485;1.3379289530143048
44;4;495;1.2469117581774185
44;4;505;1.1034027703029776
44;4;515;0.8626397459362448
44;4;525;0.7459209330255756
44;4;535;0.8533192846571453
44;4;545;0.9374623604499848
44;4;555;0.977512917266595
44;4;565;0.901248288132791
44;4;575;0.7984087627322397
44;4;585;0.7588680451010771
44;4;595;0.7444993742338822
44;4;605;0.7410083714736333
44;4;615;0.7446234852823529
44;4;625;0.7514742938415121
44;4;635;0.7533598846463772
44;4;645;0.7842924836173483
44;4;655;0.8163504398447713
44;4;665;0.8494764591326944
44;4;675;0.8935140883121163
44;4;685;0.9222856307972819
44;4;695;0.7893950949109863
44;4;705;1.5726900464013494
44;4;715;1.8260394784684741
44;4;725;1.7265949540146812
44;4;735;1.246967618739015
44;4;745;0.7338153989889074
44;4;755;0.7664704321425302
44;4;765;0.8115974261936378
44;4;775;0.8020364829936997
44;4;785;0.79789103685457
44;4;795;0.7954960094136199
44;4;805;0.7941281340108886
44;4;815;0.7900648577999516
44;4;825;0.7828961574759806
44;4;835;0.7716676270278464
44;4;845;0.7640954050195126
44;4;855;0.7610868795450131
44;4;865;0.7609997667679237
44;4;875;0.7618833870084261
44;4;885;0.7628536509810815
44;4;895;0.7638478668810208
44;4;905;0.7652585257267495
44;4;915;0.76598574682644
44;4;925;0.7651231194834237
44;4;935;0.7647173373138864
44;4;945;0.7635782007428222
44;4;955;0.760471856078963
44;4;965;0.7598227634166801
44;4;975;0.759971199531397
44;4;985;0.7653644260561332
44;4;995;0.7676238938533659
44;4;1005;0.7756854954792747
44;4;1015;0.774739336372344
44;4;1025;0.7720077005968636
44;4;1035;0.7718248494741153
44;4;1045;0.7695890778873128
44;4;1055;0.7740516583625495
44;4;1065;0.7710082235813036
44;4;1075;0.7714057285492536
44;4;1085;0.771787985329812
44;4;1095;0.7699683664307583
44;4;1105;0.7686596379037837
44;4;1115;0.768168924774628
44;4;1125;0.7693998952648022
44;4;1135;0.7762454161888643
44;4;1145;0.8045258081147579
44;4;1155;0.856029536441085
44;4;1165;0.8530481918859506
44;4;1175;0.8314872098554325
44;4;1185;0.8204090645386836
44;4;1195;0.8163146503728654
44;4;1205;0.8178745161815496
44;4;1215;0.8202164107265553
44;4;1225;0.823658841457666
44;4;1235;0.8255775727231269
44;4;1245;0.8290538426860941
44;4;1255;0.833121798609186
44;4;1265;0.8433569983833952
44;4;1275;0.8620709117267138
44;4;1285;0.8832245565859029
44;4;1295;0.9121942520573476
44;4;1305;0.9612966047586249
44;4;1315;1.0372183899314371
44;4;1325;1.228099441507846
44;4;1335;1.6710228247191188
44;4;1345;1.9963903484442274
44;4;1355;1.821537061924163
44;4;1365;1.5899180493438148
44;4;1375;1.3610509080466542
44;4;1385;1.1560952003591591
44;4;1395;1.0103672996883606
44;4;1405;0.9289871341226266
44;4;1415;0.8583296130527146
44;4;1425;0.7933481821245095
44;4;1435;0.7599499333757237
44;4;1445;0.7671054912761831
44;4;1455;0.7909470237329728
44;4;1465;0.817472832095469
44;4;1475;0.8473963321418011
44;4;1485;0.8723799419849305
44;4;1495;0.8924790469333497
44;4;1505;0.9026085250456928
44;4;1515;0.9075840325289461
44;4;1525;0.8989202464069815
44;4;1535;0.8884475782933071
44;4;1545;0.8674474874973798
44;4;1555;0.8410614784553504
44;4;1565;0.8139547731583899
44;4;1575;0.7829586011910824
44;4;1585;0.7428546632603285
44;4;1595;0.6968712439611495
44;4;1605;0.6666767426188043
44;4;1615;0.661583179559049
44;4;1625;0.6817403608953655
44;4;1635;0.7101487626961865
44;4;1645;0.7595094602347081
44;4;1655;0.801904515724821
44;4;1665;0.8482025006420785
44;4;1675;0.868331025220877
44;4;1685;0.8546278166165409
44;4;1695;0.8252753206381518
44;4;1705;0.840414672388102
44;4;1715;0.8987392780682529
44;4;1725;0.9176431501195332
44;4;1735;0.8929165226442474
44;4;1745;0.888807506858924
44;4;1755;0.8979656799433683
44;4;1765;0.906076316901701
44;4;1775;0.9146488696310326
44;4;1785;0.9334711325037436
44;4;1795;0.9684786155597687
44;4;1805;0.9858114602338167
44;4;1815;1.020635584464543
44;4;1825;1.0467552946608027
44;4;1835;1.0559847252997814
44;4;1845;1.054544795515237
44;4;1855;1.0162398962143269
44;4;1865;0.9451278694728499
44;4;1875;0.8463160601532826
44;4;1885;0.7005029208969625
44;4;1895;0.7885228446978443
44;4;1905;1.3758425226588906
44;4;1915;1.5563173932603789
44;4;1925;1.6291750662002136
44;4;1935;1.6775314683365694
44;4;1945;1.7075475009337013
44;4;1955;1.7027727726310817
44;4;1965;1.6544234247597718
44;4;1975;1.5647635641368796
44;4;1985;1.4543365077385675
44;4;1995;1.3396758571429512
44;4;2005;1.2447292518565907
44;4;2015;1.16912614396139
44;4;2025;1.1154965196630766
44;4;2035;1.0843306469019032
44;4;2045;1.0767047303479875
44;4;2055;1.0589530182971216
44;4;2065;1.018254698620015
44;4;2075;0.9698080918804636
44;4;2085;0.9247058964849227
44;4;2095;0.8865617307727501
44;4;2105;0.8515322861969933
44;4;2115;0.8237731063001577
44;4;2125;0.7986130754151042
44;4;2135;0.782496018699701
44;4;2145;0.7742929331698759
44;4;2155;0.7662405649418791
44;4;2165;0.7586642589842343
44;4;2175;0.7474083388569023
44;4;2185;0.732177871501336
44;4;2195;0.7264623792513043
44;4;2205;0.7300716746298239
44;4;2215;0.7373858819778746
44;4;2225;0.7478000884039736
44;4;2235;0.7540774722597705
44;4;2245;0.7480056351609021
44;4;2255;0.7333770290778696
44;4;2265;0.7212318156457088
44;4;2275;0.7206360371163265
44;4;2285;0.7283080738531673
44;4;2295;0.7238793726858154
44;4;2305;0.723918687866331
44;4;2315;0.7360829571036193
44;4;2325;0.7470749655338328
44;4;2335;0.7525259247507509
44;4;2345;0.7508313846368105
44;4;2355;0.7610190646323609
44;4;2365;0.7730684592170106
44;4;2375;0.7862937210296259
44;4;2385;0.8043886667394169
44;4;2395;0.8327161696992658
44;4;2405;0.9020995293184267
44;4;2415;0.9933220540553634
44;4;2425;1.1192140545579643
44;4;2435;1.3020185862544296
44;4;2445;1.5060004821085908
44;4;2450;1.6156892824829177
45;1;405;1.8578357921476831
45;1;415;1.8150327292344748
45;1;425;1.743834437059295
45;1;435;1.7045114199282612
45;1;445;1.638650426695736
45;1;455;1.5558943655936934
45;1;465;1.482869099325507
45;1;475;1.4123533873038046
45;1;485;1.3354338575454716
45;1;495;1.2473937891070574
45;1;505;1.0969009756935373
45;1;515;0.833302111191823
45;1;525;0.7929997379005747
45;1;535;0.993078110571775
45;1;545;1.1132413077781975
45;1;555;1.1606029170293437
45;1;565;1.0554739276564558
45;1;575;0.8940565574567861
45;1;585;0.8153971669984635
45;1;595;0.7806609882625896
45;1;605;0.7650619782241398
45;1;615;0.7545139310294806
45;1;625;0.7603148992708311
45;1;635;0.7634384733148029
45;1;645;0.8038401726082172
45;1;655;0.8507592564774052
45;1;665;0.9000708451997222
45;1;675;0.9526478954930243
45;1;685;0.9767503506291625
45;1;695;0.8390622919739071
45;1;705;1.7366253585203393
45;1;715;1.9662470677560473
45;1;725;1.8608087773036697
45;1;735;1.3920898655996046
45;1;745;0.79436750515742
45;1;755;0.7523956915369757
45;1;765;0.7964493916119828
45;1;775;0.7941120961504206
45;1;785;0.7907172765658851
45;1;795;0.789096384426771
45;1;805;0.7878183531128365
45;1;815;0.7850027400996196
45;1;825;0.7800698428647277
45;1;835;0.7758544537059553
45;1;845;0.7734990262359634
45;1;855;0.7749989030792416
45;1;865;0.7779285341158304
45;1;875;0.7803552674384651
45;1;885;0.7823548158230759
45;1;895;0.7836390364312582
45;1;905;0.7857495076880464
45;1;915;0.7852865771207073
45;1;925;0.784490014603971
45;1;935;0.7830689273736953
45;1;945;0.7819229752389304
45;1;955;0.7778661851426553
45;1;965;0.7770542437465314
45;1;975;0.7776479754715575
45;1;985;0.7829921075226074
45;1;995;0.785215593730599
45;1;1005;0.7922644261372334
45;1;1015;0.7927104860387577
45;1;1025;0.7877225479052279
45;1;1035;0.789516264170961
45;1;1045;0.7871694922255598
45;1;1055;0.7917246562087534
45;1;1065;0.7882934858724718
45;1;1075;0.7893971118074704
45;1;1085;0.790633095136111
45;1;1095;0.7868296573118427
45;1;1105;0.7848013933098691
45;1;1115;0.7820309685644259
45;1;1125;0.7804873059858438
45;1;1135;0.7830550281779196
45;1;1145;0.8073292463640124
45;1;1155;0.8595510599552384
45;1;1165;0.8588264836459975
45;1;1175;0.8332888323378731
45;1;1185;0.8217090453474172
45;1;1195;0.8197154651427278
45;1;1205;0.8225430300617309
45;1;1215;0.8233061701878069
45;1;1225;0.8288981975273608
45;1;1235;0.8300831319297216
45;1;1245;0.8344220366121025
45;1;1255;0.8428714865490852
45;1;1265;0.853986735182001
45;1;1275;0.8709423383886513
45;1;1285;0.8946352960759762
45;1;1295;0.926674653179803
45;1;1305;0.9760142022886079
45;1;1315;1.0589583153398632
45;1;1325;1.2746345035262634
45;1;1335;1.8252789502335776
45;1;1345;2.165364408537176
45;1;1355;1.8905611147459238
45;1;1365;1.6283341185596765
45;1;1375;1.413517874411599
45;1;1385;1.2109845085098978
45;1;1395;1.0696302062506147
45;1;1405;0.9908203605220864
45;1;1415;0.9241723270138738
45;1;1425;0.8529058000139027
45;1;1435;0.7961199759417323
45;1;1445;0.7741314598576985
45;1;1455;0.7774616719083565
45;1;1465;0.7902743978363763
45;1;1475;0.8093623158179494
45;1;1485;0.8278183869915158
45;1;1495;0.8426084893154115
45;1;1505;0.8499470940621693
45;1;1515;0.8526288410829814
45;1;1525;0.842860881585161
45;1;1535;0.828905394548581
45;1;1545;0.8072922751539191
45;1;1555;0.7819095116124185
45;1;1565;0.7594969028624043
45;1;1575;0.7366124177988189
45;1;1585;0.7143695172452964
45;1;1595;0.6985789397906347
45;1;1605;0.7014146766735123
45;1;1615;0.717278960434293
45;1;1625;0.7539358391012737
45;1;1635;0.7823865304317057
45;1;1645;0.8120241433414104
45;1;1655;0.8390905931708001
45;1;1665;0.8769990922446378
45;1;1675;0.888309501766756
45;1;1685;0.8741179722159216
45;1;1695;0.8515146785042418
45;1;1705;0.8697028254966801
45;1;1715;0.9263658306305491
45;1;1725;0.935613709666349
45;1;1735;0.9098734763974456
45;1;1745;0.9096218599517653
45;1;1755;0.9254179400996289
45;1;1765;0.9271444641480325
45;1;1775;0.938237542580952
45;1;1785;0.9616982141671696
45;1;1795;0.974812101907981
45;1;1805;0.9936268333555189
45;1;1815;1.0259553994592674
45;1;1825;1.0379618741685752
45;1;1835;0.9672802092821478
45;1;1845;0.9775619677436711
45;1;1855;0.9597860825249862
45;1;1865;0.9120609076463094
45;1;1875;0.8402032273208154
45;1;1885;0.7192905305827195
45;1;1895;0.6974424475760658
45;1;1905;1.1952557937489883
45;1;1915;1.3847903496065048
45;1;1925;1.466065603668942
45;1;1935;1.5155603069509906
45;1;1945;1.5509017817531343
45;1;1955;1.5567536599200962
45;1;1965;1.5283241563277734
45;1;1975;1.462460873110012
45;1;1985;1.37733081739852
45;1;1995;1.2887805040820177
45;1;2005;1.2132695405886085
45;1;2015;1.1480656102558107
45;1;2025;1.1013971769518414
45;1;2035;1.0738238893574974
45;1;2045;1.0684263864708692
45;1;2055;1.047939887351426
45;1;2065;1.001889886739063
45;1;2075;0.9443273572899944
45;1;2085;0.8933461059321774
45;1;2095;0.8524397012147634
45;1;2105;0.8220650144769948
45;1;2115;0.7974535128202337
45;1;2125;0.7784439589190099
45;1;2135;0.7680786792674973
45;1;2145;0.7650596714317937
45;1;2155;0.762403449655079
45;1;2165;0.7611109304324596
45;1;2175;0.7535594146557931
45;1;2185;0.7435168187994449
45;1;2195;0.7390685966482828
45;1;2205;0.7439478301683706
45;1;2215;0.751378121065761
45;1;2225;0.7605175330108467
45;1;2235;0.7663944213093331
45;1;2245;0.7618425887569871
45;1;2255;0.7469735725034252
45;1;2265;0.731401106781077
45;1;2275;0.7238337039890547
45;1;2285;0.7248472110905457
45;1;2295;0.7250039160409076
45;1;2305;0.7266928302229774
45;1;2315;0.7326398580459205
45;1;2325;0.7408611113570446
45;1;2335;0.7472207942140794
45;1;2345;0.7487129428875672
45;1;2355;0.7550383600583187
45;1;2365;0.7632652008600621
45;1;2375;0.7736841312939237
45;1;2385;0.7860986786319832
45;1;2395;0.8052872170472585
45;1;2405;0.8498728414179907
45;1;2415;0.9083963364978968
45;1;2425;1.0072470653794279
45;1;2435;1.1555688224837721
45;1;2445;1.341687011292547
45;1;2450;1.4396997996884662
45;2;405;1.8768856673274423
45;2;415;1.8537949752161524
45;2;425;1.7673096977730949
45;2;435;1.7220882580854209
45;2;445;1.6468910880531367
45;2;455;1.5531396603519183
45;2;465;1.471366033812953
45;2;475;1.3884276497470531
45;2;485;1.3054912192601114
45;2;495;1.2113492522186378
45;2;505;1.0668675010945352
45;2;515;0.8419102714746001
45;2;525;0.7773585033067045
45;2;535;0.9128914459598411
45;2;545;0.9991895960566781
45;2;555;1.037872379491129
45;2;565;0.9623116728518737
45;2;575;0.8516764755689405
45;2;585;0.7998433271464828
45;2;595;0.7804224353836952
45;2;605;0.7707102884897912
45;2;615;0.7614256094124159
45;2;625;0.7619433168005274
45;2;635;0.7619866958994465
45;2;645;0.7750661923784968
45;2;655;0.7953109473620608
45;2;665;0.8173051439978037
45;2;675;0.8452626578670254
45;2;685;0.8566125710603244
45;2;695;0.8522520466725924
45;2;705;1.5843756024988944
45;2;715;1.81525242093598
45;2;725;1.7471643404250574
45;2;735;1.3775375780429928
45;2;745;0.8722349948639707
45;2;755;0.737313812904596
45;2;765;0.750431855085314
45;2;775;0.7568992829692018
45;2;785;0.7613671765421687
45;2;795;0.7634247706876423
45;2;805;0.7655748093030801
45;2;815;0.7672130530545684
45;2;825;0.7693715066945219
45;2;835;0.7720912707120394
45;2;845;0.7749555889498491
45;2;855;0.7785198947081239
45;2;865;0.7811017491160487
45;2;875;0.7830637685122547
45;2;885;0.7835818163320385
45;2;895;0.7843565983960767
45;2;905;0.7858420865724276
45;2;915;0.786533223718868
45;2;925;0.7849757245726942
45;2;935;0.7834705878197561
45;2;945;0.7822168241444979
45;2;955;0.7789955875092336
45;2;965;0.7783310033626222
45;2;975;0.7798016397471297
45;2;985;0.7858244212337598
45;2;995;0.787599940339778
45;2;1005;0.7934818313808328
45;2;1015;0.7948317877884525
45;2;1025;0.7892611162572181
45;2;1035;0.7883062805090963
45;2;1045;0.7871517586077627
45;2;1055;0.79039305570709
45;2;1065;0.7873557645438636
45;2;1075;0.7867910930902927
45;2;1085;0.7884648572803427
45;2;1095;0.7859274411331936
45;2;1105;0.7838319897328363
45;2;1115;0.7821417815519023
45;2;1125;0.782322244118158
45;2;1135;0.7887018600572254
45;2;1145;0.820849680694157
45;2;1155;0.8747843303282935
45;2;1165;0.8690680330457563
45;2;1175;0.8430515574017086
45;2;1185;0.8275928892175025
45;2;1195;0.8186639026130387
45;2;1205;0.8154861266013708
45;2;1215;0.8194036107313164
45;2;1225;0.822683900485577
45;2;1235;0.8270725099826838
45;2;1245;0.8288064445714055
45;2;1255;0.8341707144710765
45;2;1265;0.8410831854600277
45;2;1275;0.8576627500527745
45;2;1285;0.8773764815246631
45;2;1295;0.9103200166746418
45;2;1305;0.953859741100666
45;2;1315;1.0193545017447758
45;2;1325;1.2181817622702156
45;2;1335;1.7168660206815538
45;2;1345;2.070425843808054
45;2;1355;1.8577415974353166
45;2;1365;1.6145704202250728
45;2;1375;1.3870135168837558
45;2;1385;1.2017601280217722
45;2;1395;1.068183079580657
45;2;1405;0.9889647960247913
45;2;1415;0.9153108947175136
45;2;1425;0.8433139174311971
45;2;1435;0.7915622961373612
45;2;1445;0.77307926489739
45;2;1455;0.7735625860702544
45;2;1465;0.781332969491717
45;2;1475;0.7937601757941205
45;2;1485;0.8060655422102995
45;2;1495;0.817617884081502
45;2;1505;0.8238086775212883
45;2;1515;0.8288333979062116
45;2;1525;0.8261656169922803
45;2;1535;0.8239188952148797
45;2;1545;0.8140704641337679
45;2;1555;0.7997901208255116
45;2;1565;0.7818518064366284
45;2;1575;0.7594604189587751
45;2;1585;0.7292588005997127
45;2;1595;0.6956818570800646
45;2;1605;0.6815527182966097
45;2;1615;0.6953828384639347
45;2;1625;0.738749299763726
45;2;1635;0.7899238463511684
45;2;1645;0.8615349793476177
45;2;1655;0.9219184723030678
45;2;1665;0.9698717813368097
45;2;1675;0.9809142727139182
45;2;1685;0.9435035011119777
45;2;1695;0.879469137029699
45;2;1705;0.8680601704436922
45;2;1715;0.9154821980882372
45;2;1725;0.9376318001512469
45;2;1735;0.9166065597653653
45;2;1745;0.9163928837645029
45;2;1755;0.9243603223263995
45;2;1765;0.9313329019719353
45;2;1775;0.944399322685955
45;2;1785;0.971313937707804
45;2;1795;1.0093229831922896
45;2;1805;1.036939048262815
45;2;1815;1.0763327981217652
45;2;1825;1.098619990009177
45;2;1835;1.199623291610716
45;2;1845;1.1902592903795521
45;2;1855;1.1443475128831795
45;2;1865;1.066982922957924
45;2;1875;0.959259048681769
45;2;1885;0.7814909855134446
45;2;1895;0.6299653268506934
45;2;1905;1.270984448772695
45;2;1915;1.4594350204204218
45;2;1925;1.5324891849873192
45;2;1935;1.5801104271073065
45;2;1945;1.6120447286524833
45;2;1955;1.613230261182401
45;2;1965;1.5690205170325402
45;2;1975;1.4718954300450848
45;2;1985;1.3412607105997107
45;2;1995;1.2090016607247323
45;2;2005;1.1029777612579792
45;2;2015;1.030802235532119
45;2;2025;0.9919861361311161
45;2;2035;0.9798153568804712
45;2;2045;0.9923372010335376
45;2;2055;0.9990532909489541
45;2;2065;0.9828948124615359
45;2;2075;0.9587327529661426
45;2;2085;0.9322518755399821
45;2;2095;0.9080832673791116
45;2;2105;0.8830005662456284
45;2;2115;0.8589457116031797
45;2;2125;0.8341254008494189
45;2;2135;0.814472897474959
45;2;2145;0.7989904047691112
45;2;2155;0.7852377789004118
45;2;2165;0.7735382983284869
45;2;2175;0.7591512837206306
45;2;2185;0.7451831329453028
45;2;2195;0.7424793268508766
45;2;2205;0.7501390452182822
45;2;2215;0.7625476779781292
45;2;2225;0.7768929673495975
45;2;2235;0.7817957381403391
45;2;2245;0.7694367594323859
45;2;2255;0.7504616871771321
45;2;2265;0.7382719419303839
45;2;2275;0.7458657453667437
45;2;2285;0.7598186953320528
45;2;2295;0.7514389280036292
45;2;2305;0.7506413555221659
45;2;2315;0.7663494044050626
45;2;2325;0.7738472839792961
45;2;2335;0.7722049902502673
45;2;2345;0.7645082423239137
45;2;2355;0.7691707062031029
45;2;2365;0.7722928723973135
45;2;2375;0.776260961694791
45;2;2385;0.7859519396768967
45;2;2395;0.7974999282886874
45;2;2405;0.8434249801468369
45;2;2415;0.9171178088061384
45;2;2425;1.0381053303234309
45;2;2435;1.218909198840798
45;2;2445;1.4473431090961502
45;2;2450;1.559302005134051
45;3;405;1.8497649817875068
45;3;415;1.789725317616241
45;3;425;1.712889921342906
45;3;435;1.6450406842782583
45;3;445;1.5517629806558315
45;3;455;1.449496699684744
45;3;465;1.3551081906453382
45;3;475;1.2625776143275187
45;3;485;1.1711095554425306
45;3;495;1.0605705204615967
45;3;505;0.8970728038634689
45;3;515;0.6418352396994095
45;3;525;0.7234968410523964
45;3;535;0.9973796536502649
45;3;545;1.1357958606682954
45;3;555;1.1951667794459402
45;3;565;1.0708211998975323
45;3;575;0.8663751714375434
45;3;585;0.7525932436534198
45;3;595;0.6917251447726528
45;3;605;0.6587441416241511
45;3;615;0.6069794734408083
45;3;625;0.5914346123619647
45;3;635;0.584966546558028
45;3;645;0.5673273772213113
45;3;655;0.5849161789070577
45;3;665;0.6124600768753434
45;3;675;0.6495984771824149
45;3;685;0.671637017691394
45;3;695;0.8576889754720719
45;3;705;1.8705263876057265
45;3;715;2.0674333175427195
45;3;725;1.9895089267123787
45;3;735;1.553571330012908
45;3;745;0.85824963048382
45;3;755;0.6308040764901399
45;3;765;0.6123506727490443
45;3;775;0.6087786616709793
45;3;785;0.6111945835892658
45;3;795;0.6131894560366343
45;3;805;0.6162314336528458
45;3;815;0.619701358662812
45;3;825;0.6272695177120832
45;3;835;0.6439199926764965
45;3;845;0.6619545849398275
45;3;855;0.6849243311555742
45;3;865;0.7041736898293557
45;3;875;0.7160448168941074
45;3;885;0.7231216971084918
45;3;895;0.7286751821449985
45;3;905;0.7368665789289339
45;3;915;0.7374442940660333
45;3;925;0.7336990740179932
45;3;935;0.7286417180945041
45;3;945;0.7238251801964432
45;3;955;0.7049519970707294
45;3;965;0.7025908124869533
45;3;975;0.7098791751646221
45;3;985;0.7375637470197105
45;3;995;0.7504448004857643
45;3;1005;0.7711516853045953
45;3;1015;0.7704547636615098
45;3;1025;0.763380894749035
45;3;1035;0.7641831257398147
45;3;1045;0.749646219904807
45;3;1055;0.7717626500975596
45;3;1065;0.7598341914005079
45;3;1075;0.7653951035694919
45;3;1085;0.7791384763933964
45;3;1095;0.7731497366859011
45;3;1105;0.7622935138976612
45;3;1115;0.7335504274949456
45;3;1125;0.7019301009936959
45;3;1135;0.6560830266870236
45;3;1145;0.6115507320040261
45;3;1155;0.6191459083415569
45;3;1165;0.621476405208288
45;3;1175;0.6148067519458985
45;3;1185;0.615324464614018
45;3;1195;0.619140403426905
45;3;1205;0.6245227468819728
45;3;1215;0.6262962228739302
45;3;1225;0.6295055276690719
45;3;1235;0.6320613941670891
45;3;1245;0.6356646763028925
45;3;1255;0.6392202590134916
45;3;1265;0.6458590684663826
45;3;1275;0.6560501030079464
45;3;1285;0.6696264233972098
45;3;1295;0.685145404236893
45;3;1305;0.7119267727608113
45;3;1315;0.7533729018404561
45;3;1325;0.9103770073550729
45;3;1335;1.3727572801795642
45;3;1345;1.9017955948265413
45;3;1355;1.9711598385051878
45;3;1365;1.8580323114047619
45;3;1375;1.6734809228271734
45;3;1385;1.4585328649487799
45;3;1395;1.2672620529239116
45;3;1405;1.142369581367808
45;3;1415;1.0234217973649253
45;3;1425;0.8875542989130171
45;3;1435;0.7631080949330538
45;3;1445;0.6923789967840995
45;3;1455;0.6686842001002882
45;3;1465;0.6648579814822522
45;3;1475;0.6704193319975027
45;3;1485;0.6797430011954405
45;3;1495;0.6895358074464519
45;3;1505;0.6949066394769898
45;3;1515;0.6974123134332938
45;3;1525;0.6967327347331581
45;3;1535;0.6958853003178804
45;3;1545;0.6948835016890951
45;3;1555;0.6982215890691417
45;3;1565;0.7027651752760334
45;3;1575;0.7123573166090531
45;3;1585;0.7361330961910789
45;3;1595;0.779948789804984
45;3;1605;0.8506095359737766
45;3;1615;0.9291715166179428
45;3;1625;1.0266330224133065
45;3;1635;1.1034685878908728
45;3;1645;1.1878063778079626
45;3;1655;1.2402016383564554
45;3;1665;1.2905543925701093
45;3;1675;1.306211684903082
45;3;1685;1.288686183519436
45;3;1695;1.2518770252026332
45;3;1705;1.2584664446670148
45;3;1715;1.3078404152030358
45;3;1725;1.3071895238668876
45;3;1735;1.2399751196346247
45;3;1745;1.2056082928515983
45;3;1755;1.198137604248253
45;3;1765;1.2006031688219645
45;3;1775;1.194706059001327
45;3;1785;1.223751055251949
45;3;1795;1.2577180378434594
45;3;1805;1.2840440608981982
45;3;1815;1.3270280904088114
45;3;1825;1.3520012117986326
45;3;1835;1.2646298136222092
45;3;1845;1.2692197782423393
45;3;1855;1.2176606145569082
45;3;1865;1.1161988472946247
45;3;1875;0.9527410186383161
45;3;1885;0.6548863147820566
45;3;1895;0.7187257962814014
45;3;1905;1.556317943459007
45;3;1915;1.7788471472108882
45;3;1925;1.8512851496334226
45;3;1935;1.8774935731500286
45;3;1945;1.873239106205062
45;3;1955;1.8242226323434063
45;3;1965;1.7242942365620466
45;3;1975;1.583989618834514
45;3;1985;1.4273426607190658
45;3;1995;1.2680303250693397
45;3;2005;1.1368372245902905
45;3;2015;1.0336240474168095
45;3;2025;0.9600886022627088
45;3;2035;0.9157702056498713
45;3;2045;0.899386645892136
45;3;2055;0.8735277517165411
45;3;2065;0.81726480483277
45;3;2075;0.7550148431412987
45;3;2085;0.7025963472188008
45;3;2095;0.6606451868837518
45;3;2105;0.6249277399238248
45;3;2115;0.5984651711614689
45;3;2125;0.5759105689677795
45;3;2135;0.5630355621775841
45;3;2145;0.5551847420248471
45;3;2155;0.5480117861465787
45;3;2165;0.5403289593368527
45;3;2175;0.5348596420816811
45;3;2185;0.5383785812845239
45;3;2195;0.5652541203375996
45;3;2205;0.6048987774690838
45;3;2215;0.6470169423272444
45;3;2225;0.6850909087560317
45;3;2235;0.7051638323222023
45;3;2245;0.6866117145657146
45;3;2255;0.6392356144302302
45;3;2265;0.584422904045053
45;3;2275;0.544550396416065
45;3;2285;0.5285773725797164
45;3;2295;0.5320427785112813
45;3;2305;0.5416000986251236
45;3;2315;0.5389504358589398
45;3;2325;0.5423380076070036
45;3;2335;0.5463172104900546
45;3;2345;0.5470845924909679
45;3;2355;0.5551069685430615
45;3;2365;0.5637104221507386
45;3;2375;0.5775104078253409
45;3;2385;0.5981535138567715
45;3;2395;0.6374188308370028
45;3;2405;0.7134239173018644
45;3;2415;0.8435601162033217
45;3;2425;1.000815043459631
45;3;2435;1.243523945281382
45;3;2445;1.4803383859826758
45;3;2450;1.6197685104849495
45;4;405;1.762142113297472
45;4;415;1.7246134596100762
45;4;425;1.6487278075785818
45;4;435;1.6100488137390336
45;4;445;1.5479388810794752
45;4;455;1.472221153885069
45;4;465;1.4084161890634583
45;4;475;1.3413765450625867
45;4;485;1.271696963947196
45;4;495;1.1915246653355407
45;4;505;1.0621933416875324
45;4;515;0.8352812885803993
45;4;525;0.793087958070246
45;4;535;0.984945317479883
45;4;545;1.108208915949286
45;4;555;1.1640638445107645
45;4;565;1.059475028210829
45;4;575;0.8960952059611661
45;4;585;0.8173896920547727
45;4;595;0.7837034524677119
45;4;605;0.7682611825575069
45;4;615;0.7555752407408626
45;4;625;0.7592949036308048
45;4;635;0.7607511164759975
45;4;645;0.7869255197408956
45;4;655;0.8249268992026534
45;4;665;0.866673356321844
45;4;675;0.914737691539184
45;4;685;0.941835346550255
45;4;695;0.851567505599901
45;4;705;1.7459196564816017
45;4;715;1.9714836077265123
45;4;725;1.8652679025020775
45;4;735;1.3724357516662136
45;4;745;0.7941690297137893
45;4;755;0.787852754348644
45;4;765;0.8253163670759007
45;4;775;0.8177844554352668
45;4;785;0.8138551626973043
45;4;795;0.8118653435246751
45;4;805;0.8108842037204882
45;4;815;0.8081658058290628
45;4;825;0.8030488800972994
45;4;835;0.7983237883043282
45;4;845;0.7944326202790306
45;4;855;0.795071156366344
45;4;865;0.7967430663910819
45;4;875;0.798550536532966
45;4;885;0.7999287198965829
45;4;895;0.8015561498475682
45;4;905;0.803810382310358
45;4;915;0.8047331711602701
45;4;925;0.8032949979072174
45;4;935;0.8022568638277492
45;4;945;0.800813191531135
45;4;955;0.7958306166098311
45;4;965;0.7955996300142679
45;4;975;0.7957158786751946
45;4;985;0.8027196292339939
45;4;995;0.8052111091684651
45;4;1005;0.8107643021618234
45;4;1015;0.8127300831990109
45;4;1025;0.8117054723674864
45;4;1035;0.8111561628716817
45;4;1045;0.8086312835888283
45;4;1055;0.8146313329833611
45;4;1065;0.8119865804204217
45;4;1075;0.8150610895563778
45;4;1085;0.8186841350029688
45;4;1095;0.819112097121345
45;4;1105;0.8195281085952735
45;4;1115;0.8172228769660405
45;4;1125;0.8141867967464478
45;4;1135;0.8142688955136232
45;4;1145;0.8313388454881319
45;4;1155;0.8685775538459604
45;4;1165;0.861408379197182
45;4;1175;0.8372372415618878
45;4;1185;0.8263054425623813
45;4;1195;0.826953137728058
45;4;1205;0.8306505316119033
45;4;1215;0.8316215389011402
45;4;1225;0.8380808340082739
45;4;1235;0.8452970786533477
45;4;1245;0.8519643574999833
45;4;1255;0.8591482136640337
45;4;1265;0.8738868730412458
45;4;1275;0.8924354070963807
45;4;1285;0.9156013436957176
45;4;1295;0.9523016795468736
45;4;1305;1.0175516847805817
45;4;1315;1.1067508115168023
45;4;1325;1.2991931824152834
45;4;1335;1.7118611095663818
45;4;1345;2.0185492932482965
45;4;1355;1.853635467318859
45;4;1365;1.633128864559657
45;4;1375;1.4240419661562234
45;4;1385;1.2391833158804284
45;4;1395;1.099356184115117
45;4;1405;1.0175216825991777
45;4;1415;0.9430200919386473
45;4;1425;0.8668831645059066
45;4;1435;0.8144957009729894
45;4;1445;0.8027347718624581
45;4;1455;0.8149037444775985
45;4;1465;0.8340865469587053
45;4;1475;0.8588893924342347
45;4;1485;0.8829904024960639
45;4;1495;0.9039549160747565
45;4;1505;0.9186079265645318
45;4;1515;0.9301492586755316
45;4;1525;0.9307175671586616
45;4;1535;0.9287525907802283
45;4;1545;0.9174495583953345
45;4;1555;0.9020256573197161
45;4;1565;0.8837764528387821
45;4;1575;0.863846230153087
45;4;1585;0.8338824428253206
45;4;1595;0.7945233693721021
45;4;1605;0.761415787667539
45;4;1615;0.7446319373475706
45;4;1625;0.7414881628962454
45;4;1635;0.7460401905637803
45;4;1645;0.763555233586731
45;4;1655;0.788750995766081
45;4;1665;0.8246311294404902
45;4;1675;0.8431173574246674
45;4;1685;0.8393089972656499
45;4;1695;0.8306910218441399
45;4;1705;0.8513379486315047
45;4;1715;0.9122604204137289
45;4;1725;0.9323774398706729
45;4;1735;0.9141499326239957
45;4;1745;0.9192389504052436
45;4;1755;0.9339881073447612
45;4;1765;0.9432907910631074
45;4;1775;0.9543456505278781
45;4;1785;0.9808962726526667
45;4;1795;1.0022997224382224
45;4;1805;1.0207937055121064
45;4;1815;1.0573931543747306
45;4;1825;1.078782838101369
45;4;1835;1.0859823479078325
45;4;1845;1.0878663967891502
45;4;1855;1.0558631447040763
45;4;1865;0.9916140834740634
45;4;1875;0.8920971026472191
45;4;1885;0.7253371950215368
45;4;1895;0.6776525824071421
45;4;1905;1.237399169494995
45;4;1915;1.477251221081573
45;4;1925;1.5664808339253764
45;4;1935;1.6080576601966177
45;4;1945;1.6093442461037861
45;4;1955;1.5712075838525674
45;4;1965;1.4962063612940752
45;4;1975;1.3974929461053935
45;4;1985;1.2919410408149927
45;4;1995;1.1954022477129744
45;4;2005;1.1197927963203527
45;4;2015;1.061082466335472
45;4;2025;1.023059515359875
45;4;2035;1.0003849642286475
45;4;2045;0.9980533921714759
45;4;2055;0.986851376042101
45;4;2065;0.953754453427404
45;4;2075;0.9124640356334464
45;4;2085;0.8733602905630155
45;4;2095;0.8387558608065036
45;4;2105;0.8125581417223605
45;4;2115;0.7889568830972519
45;4;2125;0.7679564143795469
45;4;2135;0.754055672058187
45;4;2145;0.747596231975976
45;4;2155;0.7406333563046965
45;4;2165;0.7351553033358117
45;4;2175;0.727887327800793
45;4;2185;0.7190139005751794
45;4;2195;0.723495918201719
45;4;2205;0.7369821945952595
45;4;2215;0.7532974738126941
45;4;2225;0.7689597568296865
45;4;2235;0.7778136591807606
45;4;2245;0.7706012032037834
45;4;2255;0.7476323590337336
45;4;2265;0.7230115549566579
45;4;2275;0.711003026320316
45;4;2285;0.7112619825596916
45;4;2295;0.7108249441045618
45;4;2305;0.7146171144028498
45;4;2315;0.7220059005486427
45;4;2325;0.7307477356090316
45;4;2335;0.73472087486276
45;4;2345;0.73468775056651
45;4;2355;0.7413567624894009
45;4;2365;0.7499887079019871
45;4;2375;0.7602430850910608
45;4;2385;0.7737945198635727
45;4;2395;0.7891696311140736
45;4;2405;0.8305531217673714
45;4;2415;0.8981937867311363
45;4;2425;1.0070495386804292
45;4;2435;1.1449395663595459
45;4;2445;1.3291761036682055
45;4;2450;1.42573191167601
46;1;405;1.8777523499731337
46;1;415;1.8542439361264456
46;1;425;1.7869924236277779
46;1;435;1.745802695286518
46;1;445;1.673777872074921
46;1;455;1.5858049151386526
46;1;465;1.5113419933822707
46;1;475;1.4316292572204972
46;1;485;1.3535701253094305
46;1;495;1.2604288412399531
46;1;505;1.1165960059887363
46;1;515;0.8638047317032838
46;1;525;0.7852666709557472
46;1;535;0.9470777237373168
46;1;545;1.0525792808452408
46;1;555;1.1006604671064741
46;1;565;1.0110255449755374
46;1;575;0.8714380306957099
46;1;585;0.8038463625015889
46;1;595;0.7770311772418027
46;1;605;0.7651668491294445
46;1;615;0.759036039258422
46;1;625;0.7646627500417373
46;1;635;0.7663684643853163
46;1;645;0.7977591942594872
46;1;655;0.8366224476531681
46;1;665;0.8783348213060064
46;1;675;0.9197081385946236
46;1;685;0.933530424338446
46;1;695;0.843222798516872
46;1;705;1.593417673014447
46;1;715;1.7793311909505571
46;1;725;1.6919724175870328
46;1;735;1.3032629743081263
46;1;745;0.8069260320238987
46;1;755;0.7478468583666934
46;1;765;0.7834230454945198
46;1;775;0.7861677347849847
46;1;785;0.7871791339115782
46;1;795;0.7870393948806642
46;1;805;0.7872405844977157
46;1;815;0.7862272587636642
46;1;825;0.7847830886312475
46;1;835;0.7831905759352354
46;1;845;0.7815574191438335
46;1;855;0.7822915956556789
46;1;865;0.783040418152747
46;1;875;0.78379347296916
46;1;885;0.7842658278658423
46;1;895;0.7850552428973867
46;1;905;0.7864063418554129
46;1;915;0.7869909312299291
46;1;925;0.7856961251729716
46;1;935;0.7847654017371727
46;1;945;0.783361381628844
46;1;955;0.7793947443137201
46;1;965;0.7791430332193205
46;1;975;0.7793636915514722
46;1;985;0.7850355419863848
46;1;995;0.7868601804713696
46;1;1005;0.7928968997021145
46;1;1015;0.7954655102018532
46;1;1025;0.7929102865607456
46;1;1035;0.7928875696818029
46;1;1045;0.7914343573987551
46;1;1055;0.796400319305425
46;1;1065;0.7938551684534152
46;1;1075;0.7956465630481575
46;1;1085;0.7986888794253764
46;1;1095;0.7970577109883483
46;1;1105;0.7958167228768248
46;1;1115;0.7940748879726421
46;1;1125;0.7933418958241534
46;1;1135;0.7976910115332654
46;1;1145;0.8230862003296265
46;1;1155;0.8703967045029528
46;1;1165;0.864976434057549
46;1;1175;0.8404956413226932
46;1;1185;0.828354977597021
46;1;1195;0.8252632588730198
46;1;1205;0.8272489743511288
46;1;1215;0.8287014999883698
46;1;1225;0.8330787245944599
46;1;1235;0.8342749123429332
46;1;1245;0.8393761958006207
46;1;1255;0.8443179510252837
46;1;1265;0.8536314515734743
46;1;1275;0.867286903057714
46;1;1285;0.8866796107591346
46;1;1295;0.9153777471113329
46;1;1305;0.9612032048816697
46;1;1315;1.0279170228932866
46;1;1325;1.2063716425361133
46;1;1335;1.611414039931675
46;1;1345;1.836015096323042
46;1;1355;1.6541336602273904
46;1;1365;1.4669695140561487
46;1;1375;1.2905143337273228
46;1;1385;1.135930271128207
46;1;1395;1.018224022249107
46;1;1405;0.9500304344554937
46;1;1415;0.8896528931064752
46;1;1425;0.8315774415440057
46;1;1435;0.7936438145916966
46;1;1445;0.7860104999005665
46;1;1455;0.7947125987573529
46;1;1465;0.8076794105543142
46;1;1475;0.8242414353229668
46;1;1485;0.839257699121122
46;1;1495;0.8526163715824814
46;1;1505;0.8588413387732841
46;1;1515;0.8613626529764267
46;1;1525;0.8557010697685954
46;1;1535;0.848311341760603
46;1;1545;0.8320201970847294
46;1;1555;0.8129036742174681
46;1;1565;0.7919546819077455
46;1;1575;0.7686582481199945
46;1;1585;0.7429822539239288
46;1;1595;0.7203916396442497
46;1;1605;0.7189191792896714
46;1;1615;0.7380428674708256
46;1;1625;0.7783600675336779
46;1;1635;0.8142991963485116
46;1;1645;0.8612109677496322
46;1;1655;0.9004171759157886
46;1;1665;0.9428999006238373
46;1;1675;0.9556632341599169
46;1;1685;0.937544466608601
46;1;1695;0.910993067148669
46;1;1705;0.9234316507343199
46;1;1715;0.9721010280251869
46;1;1725;0.9790462436948224
46;1;1735;0.9480277847859457
46;1;1745;0.9410876529043861
46;1;1755;0.9476896192860589
46;1;1765;0.9495429115603057
46;1;1775;0.9535087532542021
46;1;1785;0.9746388332197817
46;1;1795;0.9925550754946189
46;1;1805;1.0094367396665616
46;1;1815;1.0424520826407924
46;1;1825;1.0571421811896615
46;1;1835;1.0368599803375609
46;1;1845;1.0393056547505288
46;1;1855;1.007560186279136
46;1;1865;0.9500911153203238
46;1;1875;0.8629800043201812
46;1;1885;0.727151976864478
46;1;1895;0.7437298753766644
46;1;1905;1.2883721440663154
46;1;1915;1.4523167974158455
46;1;1925;1.5207183560415092
46;1;1935;1.563520902036905
46;1;1945;1.593979665961321
46;1;1955;1.594750700932731
46;1;1965;1.5557664327463474
46;1;1975;1.4733139159999458
46;1;1985;1.3678900346076
46;1;1995;1.2607442517298644
46;1;2005;1.1714970597224712
46;1;2015;1.1019633776125637
46;1;2025;1.0596084646095592
46;1;2035;1.0378846492789306
46;1;2045;1.0391833775120558
46;1;2055;1.0319732823450356
46;1;2065;1.0006654694792687
46;1;2075;0.9594935579673456
46;1;2085;0.9202129991605751
46;1;2095;0.8843943201880962
46;1;2105;0.8546670472142672
46;1;2115;0.8280008063994356
46;1;2125;0.8035018805544542
46;1;2135;0.7878331379429363
46;1;2145;0.7795785508298444
46;1;2155;0.7733042343828525
46;1;2165;0.767643967129153
46;1;2175;0.7559832442335139
46;1;2185;0.7395752961776837
46;1;2195;0.7338345962521134
46;1;2205;0.7381646408784636
46;1;2215;0.7455535665180681
46;1;2225;0.7540971206012975
46;1;2235;0.758140365402141
46;1;2245;0.7488820069939979
46;1;2255;0.7296530810723663
46;1;2265;0.7160643898821266
46;1;2275;0.7183654972454335
46;1;2285;0.7295052568249407
46;1;2295;0.7252291777597116
46;1;2305;0.7250282567915883
46;1;2315;0.7435359278866538
46;1;2325;0.7582205043495358
46;1;2335;0.7647755160837215
46;1;2345;0.7647535399916625
46;1;2355;0.7775851473300279
46;1;2365;0.7913852533533319
46;1;2375;0.8066707803330235
46;1;2385;0.8273971916451264
46;1;2395;0.8566830590700397
46;1;2405;0.9213886832289891
46;1;2415;1.0084404384692636
46;1;2425;1.1425799331172968
46;1;2435;1.3179095403577867
46;1;2445;1.5289874334375388
46;1;2450;1.6469470674977764
46;2;405;1.7951070942765994
46;2;415;1.7619099863747845
46;2;425;1.6955548653116255
46;2;435;1.6633986489700592
46;2;445;1.6030533035965449
46;2;455;1.5327198528559158
46;2;465;1.4697395089259888
46;2;475;1.405279270407228
46;2;485;1.3373486243531967
46;2;495;1.256833908650449
46;2;505;1.114026383101543
46;2;515;0.8502250745858247
46;2;525;0.7857479957585741
46;2;535;0.9823766241719866
46;2;545;1.10190737443454
46;2;555;1.1523583488918974
46;2;565;1.0451788584712673
46;2;575;0.8803401271571553
46;2;585;0.8010055007944933
46;2;595;0.7694784938538473
46;2;605;0.7565716968497042
46;2;615;0.753748084821217
46;2;625;0.7635752927394454
46;2;635;0.7680560533614378
46;2;645;0.8160318635950065
46;2;655;0.8671574003934447
46;2;665;0.9176790571003488
46;2;675;0.970935387826813
46;2;685;0.99364722349725
46;2;695;0.8345910819956446
46;2;705;1.7392879979857747
46;2;715;1.959328255962592
46;2;725;1.8555155075721534
46;2;735;1.3903763002468712
46;2;745;0.7899066467885728
46;2;755;0.757400420707287
46;2;765;0.807388913114359
46;2;775;0.8047984153863365
46;2;785;0.801361865192161
46;2;795;0.799199305823656
46;2;805;0.7974431628105901
46;2;815;0.7943820367153479
46;2;825;0.7891398732184189
46;2;835;0.7836923036894845
46;2;845;0.7792713655565026
46;2;855;0.778210086068998
46;2;865;0.7784047309782824
46;2;875;0.7791224156505364
46;2;885;0.7798666057113268
46;2;895;0.7808653491272723
46;2;905;0.7823803907138009
46;2;915;0.7828970511475265
46;2;925;0.7817979871263099
46;2;935;0.7811769859312978
46;2;945;0.780383216739118
46;2;955;0.7773459122465554
46;2;965;0.7774435920665268
46;2;975;0.7770086661182882
46;2;985;0.781093080189922
46;2;995;0.7825416322170095
46;2;1005;0.7868911460672376
46;2;1015;0.7865142480255739
46;2;1025;0.7846971104245304
46;2;1035;0.7857333726490313
46;2;1045;0.7859657091664127
46;2;1055;0.7888447215328775
46;2;1065;0.787447012095704
46;2;1075;0.7890247009502597
46;2;1085;0.7914114135881956
46;2;1095;0.7902585315030459
46;2;1105;0.7889141294577241
46;2;1115;0.7874175405983885
46;2;1125;0.787332891218686
46;2;1135;0.7939481905348706
46;2;1145;0.8262759570084824
46;2;1155;0.8852166999752663
46;2;1165;0.884121881784119
46;2;1175;0.8555823644459173
46;2;1185;0.8428495843346915
46;2;1195;0.8414831923821615
46;2;1205;0.8438000219694418
46;2;1215;0.8468509265688419
46;2;1225;0.8523672498577357
46;2;1235;0.8562087998076168
46;2;1245;0.8622176626334743
46;2;1255;0.8689769107628219
46;2;1265;0.8823912121089076
46;2;1275;0.9008955159511337
46;2;1285;0.9230748670600674
46;2;1295;0.9584894447569239
46;2;1305;1.007072949835595
46;2;1315;1.0850232338727268
46;2;1325;1.2870755443878332
46;2;1335;1.7845522598957495
46;2;1345;2.112789284707821
46;2;1355;1.8834444531402337
46;2;1365;1.6385232808210972
46;2;1375;1.4194563362224994
46;2;1385;1.2110971647412543
46;2;1395;1.0631846576482544
46;2;1405;0.9809180033870805
46;2;1415;0.912034402067845
46;2;1425;0.8429440237029053
46;2;1435;0.7932365357424076
46;2;1445;0.7794420337030463
46;2;1455;0.7875996999121384
46;2;1465;0.8034305568060911
46;2;1475;0.8252506578512777
46;2;1485;0.8453178298582229
46;2;1495;0.862094763787311
46;2;1505;0.871461124491982
46;2;1515;0.8763205364703535
46;2;1525;0.8679067227736472
46;2;1535;0.8574038169430045
46;2;1545;0.8365728411100182
46;2;1555;0.8120087419144173
46;2;1565;0.7880412871834688
46;2;1575;0.7617051544897351
46;2;1585;0.7338503162097392
46;2;1595;0.7105706579305249
46;2;1605;0.7057855179813854
46;2;1615;0.7203636266955661
46;2;1625;0.7563785435885648
46;2;1635;0.7867323739833669
46;2;1645;0.8220230718046196
46;2;1655;0.8538647836162222
46;2;1665;0.8904885604179441
46;2;1675;0.8951878598275969
46;2;1685;0.8717149499369414
46;2;1695;0.8449741638119537
46;2;1705;0.859785211213786
46;2;1715;0.9139245248266169
46;2;1725;0.9266454329262754
46;2;1735;0.9039167837668476
46;2;1745;0.906547586666265
46;2;1755;0.9212528356283959
46;2;1765;0.924321883429261
46;2;1775;0.9366835791396121
46;2;1785;0.9579680392746889
46;2;1795;0.9823405241924229
46;2;1805;0.9977571310529318
46;2;1815;1.031768656990128
46;2;1825;1.0483777340391538
46;2;1835;0.9976920681339421
46;2;1845;1.0029413106151581
46;2;1855;0.9762921372165458
46;2;1865;0.9194525851742938
46;2;1875;0.8379727160333579
46;2;1885;0.7115443808318379
46;2;1895;0.6994810900021726
46;2;1905;1.1771719023712546
46;2;1915;1.3853084729478504
46;2;1925;1.470241861669666
46;2;1935;1.5188519737038217
46;2;1945;1.5420061935603755
46;2;1955;1.5317585031646828
46;2;1965;1.4855992116287524
46;2;1975;1.4125541274054032
46;2;1985;1.3274148320794767
46;2;1995;1.2427273345849055
46;2;2005;1.1751304036704724
46;2;2015;1.121341789078805
46;2;2025;1.0849427503739613
46;2;2035;1.0657582629092983
46;2;2045;1.0675619815408646
46;2;2055;1.055487774853776
46;2;2065;1.0188945817146493
46;2;2075;0.9684406784521863
46;2;2085;0.9221898238905328
46;2;2095;0.8827250984479481
46;2;2105;0.8502453024868891
46;2;2115;0.8223638240021703
46;2;2125;0.8011590308626448
46;2;2135;0.7869372656746865
46;2;2145;0.7836305402828871
46;2;2155;0.7801644395714703
46;2;2165;0.7770546352439939
46;2;2175;0.7666267209087142
46;2;2185;0.7474601922980999
46;2;2195;0.7365525981065139
46;2;2205;0.7368032540200576
46;2;2215;0.7407169538591856
46;2;2225;0.7483004528133452
46;2;2235;0.752218045851949
46;2;2245;0.7453890246036461
46;2;2255;0.7293514826433785
46;2;2265;0.7176986937701992
46;2;2275;0.7182445681482768
46;2;2285;0.7277488455856823
46;2;2295;0.7246843955928652
46;2;2305;0.7255044236134466
46;2;2315;0.7375187642230284
46;2;2325;0.7480501859957829
46;2;2335;0.7551451761663373
46;2;2345;0.7560191558815119
46;2;2355;0.7651163154737218
46;2;2365;0.7738882000133992
46;2;2375;0.785408475912571
46;2;2385;0.800996268632858
46;2;2395;0.8201903341873202
46;2;2405;0.863218094393847
46;2;2415;0.9315577494422262
46;2;2425;1.0320209421682205
46;2;2435;1.171660042021871
46;2;2445;1.3473808443198776
46;2;2450;1.4154557535857433
46;3;405;1.8369300627611922
46;3;415;1.7980448701554133
46;3;425;1.7237832539420788
46;3;435;1.6759460973518385
46;3;445;1.605071213726186
46;3;455;1.5215785046166999
46;3;465;1.4461805854680652
46;3;475;1.3722128213403588
46;3;485;1.2953311232915665
46;3;495;1.210639499993595
46;3;505;1.0830426361388652
46;3;515;0.8686214372118409
46;3;525;0.7548563767190233
46;3;535;0.8551134244536914
46;3;545;0.9386671460144101
46;3;555;0.978870821776763
46;3;565;0.9060472250991783
46;3;575;0.807539838775915
46;3;585;0.7718271557724414
46;3;595;0.7584864305152218
46;3;605;0.7554092225104079
46;3;615;0.758013357718528
46;3;625;0.7641242302544607
46;3;635;0.7654700234470619
46;3;645;0.7887781202542863
46;3;655;0.8161394819231768
46;3;665;0.8454529609949148
46;3;675;0.8842839956027344
46;3;685;0.9116392234603884
46;3;695;0.7998024703447179
46;3;705;1.5423538371954228
46;3;715;1.7937797733848935
46;3;725;1.7010751161009128
46;3;735;1.2253075446212347
46;3;745;0.747829390561754
46;3;755;0.7932528427288092
46;3;765;0.8275768843920952
46;3;775;0.816156601036124
46;3;785;0.8116780616721114
46;3;795;0.8087200189130752
46;3;805;0.8077151627310409
46;3;815;0.8044483474061291
46;3;825;0.7982986828290622
46;3;835;0.7892998502999296
46;3;845;0.7829154058239636
46;3;855;0.7811750826267614
46;3;865;0.7815665751433756
46;3;875;0.7826118489421799
46;3;885;0.7835104118656635
46;3;895;0.7846307630881251
46;3;905;0.7861844798996545
46;3;915;0.7870279060900088
46;3;925;0.785656904194796
46;3;935;0.7853155110771126
46;3;945;0.7840294715619374
46;3;955;0.7808392502489437
46;3;965;0.7802223840736981
46;3;975;0.7794722184190164
46;3;985;0.7839489006799273
46;3;995;0.7859515098391749
46;3;1005;0.7902522503130928
46;3;1015;0.7909861412843182
46;3;1025;0.7883038074377305
46;3;1035;0.7884399004949745
46;3;1045;0.7875026071298329
46;3;1055;0.7911271813582371
46;3;1065;0.7895410516556544
46;3;1075;0.7907014779774338
46;3;1085;0.7923005934032997
46;3;1095;0.7920501165120059
46;3;1105;0.7930891939374242
46;3;1115;0.7932540298462468
46;3;1125;0.793723228775782
46;3;1135;0.7979882845481663
46;3;1145;0.816659110964968
46;3;1155;0.8512988340263239
46;3;1165;0.8472681854545755
46;3;1175;0.8301499352695914
46;3;1185;0.8218311519576472
46;3;1195;0.8203253827582261
46;3;1205;0.8234902025443714
46;3;1215;0.8250223786948803
46;3;1225;0.8284030718176614
46;3;1235;0.8321007472974685
46;3;1245;0.8370100702780592
46;3;1255;0.8436816870017829
46;3;1265;0.8543998946838167
46;3;1275;0.8732421925691318
46;3;1285;0.8948127398348427
46;3;1295;0.9242165476200319
46;3;1305;0.9723789814300668
46;3;1315;1.037891671287056
46;3;1325;1.2008221004460882
46;3;1335;1.5837731155798482
46;3;1345;1.9250853096492926
46;3;1355;1.7926474722002905
46;3;1365;1.5667682652963766
46;3;1375;1.344034325324746
46;3;1385;1.1508071940523523
46;3;1395;1.015656336308351
46;3;1405;0.9406210565123678
46;3;1415;0.8751006795887973
46;3;1425;0.8131821322212887
46;3;1435;0.7823173817706155
46;3;1445;0.7923444174025991
46;3;1455;0.819206472748269
46;3;1465;0.8477193137785335
46;3;1475;0.879135221158344
46;3;1485;0.9066090343447168
46;3;1495;0.9276497159135979
46;3;1505;0.9387823632786295
46;3;1515;0.9447973437150463
46;3;1525;0.9392579765110037
46;3;1535;0.930512124993429
46;3;1545;0.9125468503784336
46;3;1555;0.8893599211520011
46;3;1565;0.8667739222026049
46;3;1575;0.8417358547033134
46;3;1585;0.808145725354296
46;3;1595;0.7680079364736169
46;3;1605;0.7347116359746597
46;3;1615;0.7194725443363835
46;3;1625;0.7201741215366184
46;3;1635;0.7311944416780322
46;3;1645;0.7605703183433885
46;3;1655;0.7918424625315639
46;3;1665;0.8336644623997184
46;3;1675;0.8581372365711629
46;3;1685;0.861704382586718
46;3;1695;0.852169668850203
46;3;1705;0.8677667520491384
46;3;1715;0.9179027906858208
46;3;1725;0.933256517966743
46;3;1735;0.9069397623182046
46;3;1745;0.9003620324024144
46;3;1755;0.9044236655153375
46;3;1765;0.9099067104387218
46;3;1775;0.914656052246319
46;3;1785;0.9349325606637822
46;3;1795;0.9564153994087138
46;3;1805;0.9756844865728447
46;3;1815;1.0056394427498991
46;3;1825;1.0263146324125938
46;3;1835;1.0255311453462512
46;3;1845;1.0273547161750332
46;3;1855;0.9955687032100204
46;3;1865;0.9317340801856941
46;3;1875;0.839809133931281
46;3;1885;0.6955717982897337
46;3;1895;0.8244077942761501
46;3;1905;1.4068827224680887
46;3;1915;1.5518451050341828
46;3;1925;1.610518563765945
46;3;1935;1.6541527882264206
46;3;1945;1.6859207220161387
46;3;1955;1.6884168743832697
46;3;1965;1.6530633021320884
46;3;1975;1.577300067239899
46;3;1985;1.4730898260171772
46;3;1995;1.3628251155633901
46;3;2005;1.2662566861359605
46;3;2015;1.1893544692302267
46;3;2025;1.1335659159170925
46;3;2035;1.095754537195915
46;3;2045;1.0805966040286537
46;3;2055;1.05673326027584
46;3;2065;1.0095977280671586
46;3;2075;0.9586936011489842
46;3;2085;0.9130095083860539
46;3;2095;0.8745933462125204
46;3;2105;0.8429052457725755
46;3;2115;0.8170787529403234
46;3;2125;0.7938964216482308
46;3;2135;0.7799464074587982
46;3;2145;0.7720947514331525
46;3;2155;0.7649182367318234
46;3;2165;0.7588242367268507
46;3;2175;0.7508194158518977
46;3;2185;0.7417217452014647
46;3;2195;0.7410896287349988
46;3;2205;0.7481616581238121
46;3;2215;0.7574603934670059
46;3;2225;0.7691655251690382
46;3;2235;0.776459550499425
46;3;2245;0.7721489412269995
46;3;2255;0.7589320312155006
46;3;2265;0.7441221759462392
46;3;2275;0.736867145658961
46;3;2285;0.7374501764057118
46;3;2295;0.7364182278953124
46;3;2305;0.7385221485950176
46;3;2315;0.7437030583435325
46;3;2325;0.7510735337640436
46;3;2335;0.7549650570683767
46;3;2345;0.7545642593832882
46;3;2355;0.7622760315441657
46;3;2365;0.770858898223132
46;3;2375;0.7839557702593132
46;3;2385;0.8015568417857774
46;3;2395;0.8246357848249445
46;3;2405;0.8770631069734618
46;3;2415;0.969405592081924
46;3;2425;1.0834707575786242
46;3;2435;1.2595258394294153
46;3;2445;1.4561704924581031
46;3;2450;1.5756427285223962
46;4;405;1.7745716126569133
46;4;415;1.74978824681569
46;4;425;1.6835642618687754
46;4;435;1.6526615857148985
46;4;445;1.5971530497313808
46;4;455;1.52302585430802
46;4;465;1.4560426593751499
46;4;475;1.3912185160612647
46;4;485;1.3200669459913543
46;4;495;1.2371602193507525
46;4;505;1.102323122698455
46;4;515;0.8663237152008875
46;4;525;0.7594140016168788
46;4;535;0.8873452415997436
46;4;545;0.9805115606790492
46;4;555;1.0210630396957399
46;4;565;0.9369054579179183
46;4;575;0.8211316195732964
46;4;585;0.7747481737777181
46;4;595;0.7577485720939444
46;4;605;0.7530440168732696
46;4;615;0.7555804851155999
46;4;625;0.7627801332040037
46;4;635;0.7650242049008108
46;4;645;0.7969381127346286
46;4;655;0.8310614643160301
46;4;665;0.8654823521716397
46;4;675;0.9065827838206256
46;4;685;0.9279431610442231
46;4;695;0.8208900366968219
46;4;705;1.6008511458422834
46;4;715;1.8453501393174085
46;4;725;1.76371678831613
46;4;735;1.3414322463149844
46;4;745;0.8137432482172133
46;4;755;0.7483888013088452
46;4;765;0.780264965717494
46;4;775;0.7811747554236999
46;4;785;0.7832910791161317
46;4;795;0.7841949949829622
46;4;805;0.7858626006025131
46;4;815;0.7857925456571754
46;4;825;0.7842395447186704
46;4;835;0.7810467367181357
46;4;845;0.7789031368528976
46;4;855;0.7798766740102105
46;4;865;0.7815420051304759
46;4;875;0.7830853048130956
46;4;885;0.7840187929829995
46;4;895;0.7852778815719582
46;4;905;0.7867631586462308
46;4;915;0.78745736270011
46;4;925;0.7860422191137975
46;4;935;0.785491797461703
46;4;945;0.7843874304850839
46;4;955;0.7817631064759508
46;4;965;0.7818051889363807
46;4;975;0.7809725221397011
46;4;985;0.7847180923647455
46;4;995;0.7860663458342434
46;4;1005;0.788604260576965
46;4;1015;0.7891720011643418
46;4;1025;0.788233392623763
46;4;1035;0.7881043216579271
46;4;1045;0.7867420030514103
46;4;1055;0.789443243303894
46;4;1065;0.7888841013397913
46;4;1075;0.7910873594709293
46;4;1085;0.7925162425554466
46;4;1095;0.7923555269466641
46;4;1105;0.7929953787454767
46;4;1115;0.7939233665566214
46;4;1125;0.7964580506459802
46;4;1135;0.8070396611475501
46;4;1145;0.8466908824589277
46;4;1155;0.9077677392128485
46;4;1165;0.9030640530029566
46;4;1175;0.8743447543364254
46;4;1185;0.8580443291756774
46;4;1195;0.8523994229256144
46;4;1205;0.8516728920942325
46;4;1215;0.8542488767591316
46;4;1225;0.8615007682812257
46;4;1235;0.8670273094161076
46;4;1245;0.8699804244470548
46;4;1255;0.8796582487254829
46;4;1265;0.8915901466839778
46;4;1275;0.9130016228870037
46;4;1285;0.9402528149273551
46;4;1295;0.9760839985885367
46;4;1305;1.0302844781163956
46;4;1315;1.1044256115182924
46;4;1325;1.300719244312612
46;4;1335;1.752423794046798
46;4;1345;2.0617479277132604
46;4;1355;1.8733333720831111
46;4;1365;1.6385831577798726
46;4;1375;1.4165939738554525
46;4;1385;1.219078128990639
46;4;1395;1.07365798844935
46;4;1405;0.9873715794181164
46;4;1415;0.9107530027253
46;4;1425;0.8361142177657518
46;4;1435;0.7877537700414744
46;4;1445;0.7796658791619806
46;4;1455;0.7923288998191116
46;4;1465;0.8113217607710097
46;4;1475;0.8345742985855398
46;4;1485;0.8555193106230871
46;4;1495;0.8729543295428889
46;4;1505;0.8820846923060659
46;4;1515;0.8893435973803339
46;4;1525;0.8858645937785964
46;4;1535;0.8799912640143713
46;4;1545;0.8674430865964888
46;4;1555;0.8481148669696691
46;4;1565;0.8273910452380192
46;4;1575;0.8044130260048329
46;4;1585;0.7738317026723236
46;4;1595;0.7383467955423808
46;4;1605;0.7151304607055388
46;4;1615;0.7128114759263368
46;4;1625;0.7324285944834424
46;4;1635;0.7623261944416707
46;4;1645;0.8086818233308823
46;4;1655;0.8490471918501986
46;4;1665;0.8905228035310604
46;4;1675;0.9061894885000429
46;4;1685;0.8877910524219963
46;4;1695;0.8483589560045233
46;4;1705;0.8511683795724837
46;4;1715;0.9042223978571724
46;4;1725;0.9244454465879824
46;4;1735;0.9014727891927534
46;4;1745;0.9009648395719027
46;4;1755;0.9124605034314309
46;4;1765;0.9211912246130567
46;4;1775;0.930463826439022
46;4;1785;0.9597459780297065
46;4;1795;0.9852969679754231
46;4;1805;1.0123153284548276
46;4;1815;1.0488834456842084
46;4;1825;1.0686447107889774
46;4;1835;1.0978068132200811
46;4;1845;1.0987993112180952
46;4;1855;1.0641423649348063
46;4;1865;0.9944103627590117
46;4;1875;0.8916935176626171
46;4;1885;0.7212512914419672
46;4;1895;0.6687527149789094
46;4;1905;1.2388404235940884
46;4;1915;1.4396470568512243
46;4;1925;1.520274849820274
46;4;1935;1.5644938470871401
46;4;1945;1.5842516502453678
46;4;1955;1.5734218716218293
46;4;1965;1.5284091012044878
46;4;1975;1.448397155628417
46;4;1985;1.3533251398767527
46;4;1995;1.2537980038330718
46;4;2005;1.1731383142848208
46;4;2015;1.10958652881863
46;4;2025;1.0694278465606089
46;4;2035;1.0524954845347172
46;4;2045;1.0574761274640005
46;4;2055;1.0541988026018745
46;4;2065;1.0270815956738617
46;4;2075;0.990927552958432
46;4;2085;0.9536838554072103
46;4;2095;0.9212851827073397
46;4;2105;0.8908193196852113
46;4;2115;0.8634220821269132
46;4;2125;0.8350058773454971
46;4;2135;0.814559113037928
46;4;2145;0.8001077714809259
46;4;2155;0.7870802366922139
46;4;2165;0.7760762028761024
46;4;2175;0.760708471771641
46;4;2185;0.7434178939225978
46;4;2195;0.73389309273829
46;4;2205;0.7364168462858074
46;4;2215;0.743653364072787
46;4;2225;0.7531430005202837
46;4;2235;0.7586618609673379
46;4;2245;0.7506085025549597
46;4;2255;0.7335628977117433
46;4;2265;0.723874136077867
46;4;2275;0.7327271604203565
46;4;2285;0.7462062673687353
46;4;2295;0.7390692412062251
46;4;2305;0.7395930121902798
46;4;2315;0.7549415299086607
46;4;2325;0.7660124105700413
46;4;2335;0.7666499349764396
46;4;2345;0.7609620955293637
46;4;2355;0.7657617239087052
46;4;2365;0.7732167571325319
46;4;2375;0.7800212661365464
46;4;2385;0.791381168367422
46;4;2395;0.8096268580794036
46;4;2405;0.8590510569027981
46;4;2415;0.925841567865028
46;4;2425;1.0351510323080064
46;4;2435;1.1880209185744997
46;4;2445;1.3637952842921623
46;4;2450;1.455964259013012
