modelo;modo;genotipo_avaliado;fold;split;indice_amostra;nomenclaura;bloco;genotipo;condicao;data_coleta;turno;dia
svm;agrupado;todos;1;treino;0;B1_BR16_IRRIG_REPROD00000.asd;B1;BR16;IRRIG;D02M;manha;D02
svm;agrupado;todos;1;treino;1;B1_BR16_IRRIG_REPROD00001.asd;B1;BR16;IRRIG;D02M;manha;D02
svm;agrupado;todos;1;treino;2;B1_BR16_IRRIG_REPROD00002.asd;B1;BR16;IRRIG;D02M;manha;D02
svm;agrupado;todos;1;treino;4;B1_BR16_IRRIG_REPROD00004.asd;B1;BR16;IRRIG;D02M;manha;D02
svm;agrupado;todos;1;treino;5;B1_BR16_IRRIG_REPROD00005.asd;B1;BR16;IRRIG;D02M;manha;D02
svm;agrupado;todos;1;treino;6;B1_BR16_IRRIG_REPROD00006.asd;B1;BR16;IRRIG;D02M;manha;D02
svm;agrupado;todos;1;treino;8;B1_BR16_NIRRIG_REPROD00000.asd;B1;BR16;NIRRIG;D02M;manha;D02
svm;agrupado;todos;1;treino;9;B1_BR16_NIRRIG_REPROD00001.asd;B1;BR16;NIRRIG;D02M;manha;D02
svm;agrupado;todos;1;treino;10;B1_BR16_NIRRIG_REPROD00002.asd;B1;BR16;NIRRIG;D02M;manha;D02
svm;agrupado;todos;1;treino;11;B1_BR16_NIRRIG_REPROD00003.asd;B1;BR16;NIRRIG;D02M;manha;D02
svm;agrupado;todos;1;treino;12;B1_BR16_NIRRIG_REPROD00004.asd;B1;BR16;NIRRIG;D02M;manha;D02
svm;agrupado;todos;1;treino;13;B1_BR16_NIRRIG_REPROD00005.asd;B1;BR16;NIRRIG;D02M;manha;D02
svm;agrupado;todos;1;treino;14;B1_BR16_NIRRIG_REPROD00006.asd;B1;BR16;NIRRIG;D02M;manha;D02
svm;agrupado;todos;1;treino;15;B1_BR16_NIRRIG_REPROD00007.asd;B1;BR16;NIRRIG;D02M;manha;D02
svm;agrupado;todos;1;treino;16;B2_BR16_IRRIG_REPROD00000.asd;B2;BR16;IRRIG;D02M;manha;D02
svm;agrupado;todos;1;treino;17;B2_BR16_IRRIG_REPROD00001.asd;B2;BR16;IRRIG;D02M;manha;D02
svm;agrupado;todos;1;treino;19;B2_BR16_IRRIG_REPROD00003.asd;B2;BR16;IRRIG;D02M;manha;D02
svm;agrupado;todos;1;treino;20;B2_BR16_IRRIG_REPROD00004.asd;B2;BR16;IRRIG;D02M;manha;D02
svm;agrupado;todos;1;treino;21;B2_BR16_IRRIG_REPROD00005.asd;B2;BR16;IRRIG;D02M;manha;D02
svm;agrupado;todos;1;treino;22;B2_BR16_IRRIG_REPROD00006.asd;B2;BR16;IRRIG;D02M;manha;D02
svm;agrupado;todos;1;treino;23;B2_BR16_IRRIG_REPROD00007.asd;B2;BR16;IRRIG;D02M;manha;D02
svm;agrupado;todos;1;treino;24;B2_BR16_NIRRIG_REPROD00000.asd;B2;BR16;NIRRIG;D02M;manha;D02
svm;agrupado;todos;1;treino;25;B2_BR16_NIRRIG_REPROD00001.asd;B2;BR16;NIRRIG;D02M;manha;D02
svm;agrupado;todos;1;treino;26;B2_BR16_NIRRIG_REPROD00002.asd;B2;BR16;NIRRIG;D02M;manha;D02
svm;agrupado;todos;1;treino;27;B2_BR16_NIRRIG_REPROD00003.asd;B2;BR16;NIRRIG;D02M;manha;D02
svm;agrupado;todos;1;treino;30;B2_BR16_NIRRIG_REPROD00006.asd;B2;BR16;NIRRIG;D02M;manha;D02
svm;agrupado;todos;1;treino;31;B2_BR16_NIRRIG_REPROD00007.asd;B2;BR16;NIRRIG;D02M;manha;D02
svm;agrupado;todos;1;treino;32;B3_BR16_IRRIG_REPROD00000.asd;B3;BR16;IRRIG;D02M;manha;D02
svm;agrupado;todos;1;treino;34;B3_BR16_IRRIG_REPROD00002.asd;B3;BR16;IRRIG;D02M;manha;D02
svm;agrupado;todos;1;treino;35;B3_BR16_IRRIG_REPROD00003.asd;B3;BR16;IRRIG;D02M;manha;D02
svm;agrupado;todos;1;treino;36;B3_BR16_IRRIG_REPROD00004.asd;B3;BR16;IRRIG;D02M;manha;D02
svm;agrupado;todos;1;treino;37;B3_BR16_IRRIG_REPROD00005.asd;B3;BR16;IRRIG;D02M;manha;D02
svm;agrupado;todos;1;treino;38;B3_BR16_IRRIG_REPROD00006.asd;B3;BR16;IRRIG;D02M;manha;D02
svm;agrupado;todos;1;treino;39;B3_BR16_IRRIG_REPROD00007.asd;B3;BR16;IRRIG;D02M;manha;D02
svm;agrupado;todos;1;treino;40;B3_BR16_NIRRIG_REPROD00000.asd;B3;BR16;NIRRIG;D02M;manha;D02
svm;agrupado;todos;1;treino;41;B3_BR16_NIRRIG_REPROD00001.asd;B3;BR16;NIRRIG;D02M;manha;D02
svm;agrupado;todos;1;treino;42;B3_BR16_NIRRIG_REPROD00002.asd;B3;BR16;NIRRIG;D02M;manha;D02
svm;agrupado;todos;1;treino;43;B3_BR16_NIRRIG_REPROD00003.asd;B3;BR16;NIRRIG;D02M;manha;D02
svm;agrupado;todos;1;treino;45;B3_BR16_NIRRIG_REPROD00005.asd;B3;BR16;NIRRIG;D02M;manha;D02
svm;agrupado;todos;1;treino;46;B3_BR16_NIRRIG_REPROD00006.asd;B3;BR16;NIRRIG;D02M;manha;D02
svm;agrupado;todos;1;treino;47;B3_BR16_NIRRIG_REPROD00007.asd;B3;BR16;NIRRIG;D02M;manha;D02
svm;agrupado;todos;1;treino;48;B4_BR16_IRRIG_REPROD00000.asd;B4;BR16;IRRIG;D02M;manha;D02
svm;agrupado;todos;1;treino;50;B4_BR16_IRRIG_REPROD00002.asd;B4;BR16;IRRIG;D02M;manha;D02
svm;agrupado;todos;1;treino;51;B4_BR16_IRRIG_REPROD00003.asd;B4;BR16;IRRIG;D02M;manha;D02
svm;agrupado;todos;1;treino;52;B4_BR16_IRRIG_REPROD00004.asd;B4;BR16;IRRIG;D02M;manha;D02
svm;agrupado;todos;1;treino;53;B4_BR16_IRRIG_REPROD00005.asd;B4;BR16;IRRIG;D02M;manha;D02
svm;agrupado;todos;1;treino;54;B4_BR16_IRRIG_REPROD00006.asd;B4;BR16;IRRIG;D02M;manha;D02
svm;agrupado;todos;1;treino;56;B4_BR16_NIRRIG_REPROD00000.asd;B4;BR16;NIRRIG;D02M;manha;D02
svm;agrupado;todos;1;treino;57;B4_BR16_NIRRIG_REPROD00001.asd;B4;BR16;NIRRIG;D02M;manha;D02
svm;agrupado;todos;1;treino;58;B4_BR16_NIRRIG_REPROD00002.asd;B4;BR16;NIRRIG;D02M;manha;D02
svm;agrupado;todos;1;treino;59;B4_BR16_NIRRIG_REPROD00003.asd;B4;BR16;NIRRIG;D02M;manha;D02
svm;agrupado;todos;1;treino;60;B4_BR16_NIRRIG_REPROD00004.asd;B4;BR16;NIRRIG;D02M;manha;D02
svm;agrupado;todos;1;treino;62;B4_BR16_NIRRIG_REPROD00006.asd;B4;BR16;NIRRIG;D02M;manha;D02
svm;agrupado;todos;1;treino;64;B1_CD202_IRRIG_REPROD00000.asd;B1;CD202;IRRIG;D02M;manha;D02
svm;agrupado;todos;1;treino;65;B1_CD202_IRRIG_REPROD00001.asd;B1;CD202;IRRIG;D02M;manha;D02
svm;agrupado;todos;1;treino;66;B1_CD202_IRRIG_REPROD00002.asd;B1;CD202;IRRIG;D02M;manha;D02
svm;agrupado;todos;1;treino;69;B1_CD202_IRRIG_REPROD00005.asd;B1;CD202;IRRIG;D02M;manha;D02
svm;agrupado;todos;1;treino;71;B1_CD202_IRRIG_REPROD00007.asd;B1;CD202;IRRIG;D02M;manha;D02
svm;agrupado;todos;1;treino;72;B1_CD202_NIRRIG_REPROD00000.asd;B1;CD202;NIRRIG;D02M;manha;D02
svm;agrupado;todos;1;treino;73;B1_CD202_NIRRIG_REPROD00001.asd;B1;CD202;NIRRIG;D02M;manha;D02
svm;agrupado;todos;1;treino;74;B1_CD202_NIRRIG_REPROD00002.asd;B1;CD202;NIRRIG;D02M;manha;D02
svm;agrupado;todos;1;treino;75;B1_CD202_NIRRIG_REPROD00003.asd;B1;CD202;NIRRIG;D02M;manha;D02
svm;agrupado;todos;1;treino;76;B1_CD202_NIRRIG_REPROD00004.asd;B1;CD202;NIRRIG;D02M;manha;D02
svm;agrupado;todos;1;treino;77;B1_CD202_NIRRIG_REPROD00005.asd;B1;CD202;NIRRIG;D02M;manha;D02
svm;agrupado;todos;1;treino;79;B1_CD202_NIRRIG_REPROD00007.asd;B1;CD202;NIRRIG;D02M;manha;D02
svm;agrupado;todos;1;treino;82;B2_CD202_IRRIG_REPROD00002.asd;B2;CD202;IRRIG;D02M;manha;D02
svm;agrupado;todos;1;treino;83;B2_CD202_IRRIG_REPROD00003.asd;B2;CD202;IRRIG;D02M;manha;D02
svm;agrupado;todos;1;treino;84;B2_CD202_IRRIG_REPROD00004.asd;B2;CD202;IRRIG;D02M;manha;D02
svm;agrupado;todos;1;treino;85;B2_CD202_IRRIG_REPROD00005.asd;B2;CD202;IRRIG;D02M;manha;D02
svm;agrupado;todos;1;treino;87;B2_CD202_IRRIG_REPROD00007.asd;B2;CD202;IRRIG;D02M;manha;D02
svm;agrupado;todos;1;treino;88;B2_CD202_NIRRIG_REPROD00000.asd;B2;CD202;NIRRIG;D02M;manha;D02
svm;agrupado;todos;1;treino;89;B2_CD202_NIRRIG_REPROD00001.asd;B2;CD202;NIRRIG;D02M;manha;D02
svm;agrupado;todos;1;treino;90;B2_CD202_NIRRIG_REPROD00002.asd;B2;CD202;NIRRIG;D02M;manha;D02
svm;agrupado;todos;1;treino;91;B2_CD202_NIRRIG_REPROD00003.asd;B2;CD202;NIRRIG;D02M;manha;D02
svm;agrupado;todos;1;treino;92;B2_CD202_NIRRIG_REPROD00004.asd;B2;CD202;NIRRIG;D02M;manha;D02
svm;agrupado;todos;1;treino;93;B2_CD202_NIRRIG_REPROD00005.asd;B2;CD202;NIRRIG;D02M;manha;D02
svm;agrupado;todos;1;treino;95;B2_CD202_NIRRIG_REPROD00007.asd;B2;CD202;NIRRIG;D02M;manha;D02
svm;agrupado;todos;1;treino;96;B3_CD202_IRRIG_REPROD00000.asd;B3;CD202;IRRIG;D02M;manha;D02
svm;agrupado;todos;1;treino;97;B3_CD202_IRRIG_REPROD00001.asd;B3;CD202;IRRIG;D02M;manha;D02
svm;agrupado;todos;1;treino;99;B3_CD202_IRRIG_REPROD00003.asd;B3;CD202;IRRIG;D02M;manha;D02
svm;agrupado;todos;1;treino;100;B3_CD202_IRRIG_REPROD00004.asd;B3;CD202;IRRIG;D02M;manha;D02
svm;agrupado;todos;1;treino;101;B3_CD202_IRRIG_REPROD00005.asd;B3;CD202;IRRIG;D02M;manha;D02
svm;agrupado;todos;1;treino;102;B3_CD202_IRRIG_REPROD00006.asd;B3;CD202;IRRIG;D02M;manha;D02
svm;agrupado;todos;1;treino;103;B3_CD202_IRRIG_REPROD00007.asd;B3;CD202;IRRIG;D02M;manha;D02
svm;agrupado;todos;1;treino;104;B3_CD202_NIRRIG_REPROD00000.asd;B3;CD202;NIRRIG;D02M;manha;D02
svm;agrupado;todos;1;treino;106;B3_CD202_NIRRIG_REPROD00002.asd;B3;CD202;NIRRIG;D02M;manha;D02
svm;agrupado;todos;1;treino;107;B3_CD202_NIRRIG_REPROD00003.asd;B3;CD202;NIRRIG;D02M;manha;D02
svm;agrupado;todos;1;treino;108;B3_CD202_NIRRIG_REPROD00004.asd;B3;CD202;NIRRIG;D02M;manha;D02
svm;agrupado;todos;1;treino;109;B3_CD202_NIRRIG_REPROD00005.asd;B3;CD202;NIRRIG;D02M;manha;D02
svm;agrupado;todos;1;treino;110;B3_CD202_NIRRIG_REPROD00006.asd;B3;CD202;NIRRIG;D02M;manha;D02
svm;agrupado;todos;1;treino;111;B3_CD202_NIRRIG_REPROD00007.asd;B3;CD202;NIRRIG;D02M;manha;D02
svm;agrupado;todos;1;treino;112;B4_CD202_IRRIG_REPROD00000.asd;B4;CD202;IRRIG;D02M;manha;D02
svm;agrupado;todos;1;treino;113;B4_CD202_IRRIG_REPROD00001.asd;B4;CD202;IRRIG;D02M;manha;D02
svm;agrupado;todos;1;treino;114;B4_CD202_IRRIG_REPROD00002.asd;B4;CD202;IRRIG;D02M;manha;D02
svm;agrupado;todos;1;treino;116;B4_CD202_IRRIG_REPROD00004.asd;B4;CD202;IRRIG;D02M;manha;D02
svm;agrupado;todos;1;treino;118;B4_CD202_IRRIG_REPROD00006.asd;B4;CD202;IRRIG;D02M;manha;D02
svm;agrupado;todos;1;treino;119;B4_CD202_IRRIG_REPROD00007.asd;B4;CD202;IRRIG;D02M;manha;D02
svm;agrupado;todos;1;treino;120;B4_CD202_NIRRIG_REPROD00000.asd;B4;CD202;NIRRIG;D02M;manha;D02
svm;agrupado;todos;1;treino;121;B4_CD202_NIRRIG_REPROD00001.asd;B4;CD202;NIRRIG;D02M;manha;D02
svm;agrupado;todos;1;treino;122;B4_CD202_NIRRIG_REPROD00002.asd;B4;CD202;NIRRIG;D02M;manha;D02
svm;agrupado;todos;1;treino;123;B4_CD202_NIRRIG_REPROD00003.asd;B4;CD202;NIRRIG;D02M;manha;D02
svm;agrupado;todos;1;treino;124;B4_CD202_NIRRIG_REPROD00004.asd;B4;CD202;NIRRIG;D02M;manha;D02
svm;agrupado;todos;1;treino;125;B4_CD202_NIRRIG_REPROD00005.asd;B4;CD202;NIRRIG;D02M;manha;D02
svm;agrupado;todos;1;treino;126;B4_CD202_NIRRIG_REPROD00006.asd;B4;CD202;NIRRIG;D02M;manha;D02
svm;agrupado;todos;1;treino;129;B4_EMB48_IRRIG_REPROD00000.asd;B4;EMB48;IRRIG;D02M;manha;D02
svm;agrupado;todos;1;treino;130;B4_EMB48_IRRIG_REPROD00001.asd;B4;EMB48;IRRIG;D02M;manha;D02
svm;agrupado;todos;1;treino;131;B4_EMB48_IRRIG_REPROD00002.asd;B4;EMB48;IRRIG;D02M;manha;D02
svm;agrupado;todos;1;treino;132;B4_EMB48_IRRIG_REPROD00003.asd;B4;EMB48;IRRIG;D02M;manha;D02
svm;agrupado;todos;1;treino;133;B4_EMB48_IRRIG_REPROD00004.asd;B4;EMB48;IRRIG;D02M;manha;D02
svm;agrupado;todos;1;treino;134;B4_EMB48_IRRIG_REPROD00005.asd;B4;EMB48;IRRIG;D02M;manha;D02
svm;agrupado;todos;1;treino;135;B4_EMB48_IRRIG_REPROD00006.asd;B4;EMB48;IRRIG;D02M;manha;D02
svm;agrupado;todos;1;treino;136;B4_EMB48_IRRIG_REPROD00007.asd;B4;EMB48;IRRIG;D02M;manha;D02
svm;agrupado;todos;1;treino;137;B3_EMB48_IRRIG_REPROD00001.asd;B3;EMB48;IRRIG;D02M;manha;D02
svm;agrupado;todos;1;treino;140;B4_EMB48_NIRRIG_REPROD00001.asd;B4;EMB48;NIRRIG;D02M;manha;D02
svm;agrupado;todos;1;treino;141;B3_EMB48_IRRIG_REPROD00003.asd;B3;EMB48;IRRIG;D02M;manha;D02
svm;agrupado;todos;1;treino;143;B3_EMB48_IRRIG_REPROD00004.asd;B3;EMB48;IRRIG;D02M;manha;D02
svm;agrupado;todos;1;treino;144;B4_EMB48_NIRRIG_REPROD00003.asd;B4;EMB48;NIRRIG;D02M;manha;D02
svm;agrupado;todos;1;treino;145;B3_EMB48_IRRIG_REPROD00005.asd;B3;EMB48;IRRIG;D02M;manha;D02
svm;agrupado;todos;1;treino;147;B3_EMB48_IRRIG_REPROD00006.asd;B3;EMB48;IRRIG;D02M;manha;D02
svm;agrupado;todos;1;treino;148;B4_EMB48_NIRRIG_REPROD00005.asd;B4;EMB48;NIRRIG;D02M;manha;D02
svm;agrupado;todos;1;treino;149;B3_EMB48_IRRIG_REPROD00007.asd;B3;EMB48;IRRIG;D02M;manha;D02
svm;agrupado;todos;1;treino;150;B4_EMB48_NIRRIG_REPROD00006.asd;B4;EMB48;NIRRIG;D02M;manha;D02
svm;agrupado;todos;1;treino;151;B3_EMB48_NIRRIG_REPROD00000.asd;B3;EMB48;NIRRIG;D02M;manha;D02
svm;agrupado;todos;1;treino;153;B3_EMB48_NIRRIG_REPROD00001.asd;B3;EMB48;NIRRIG;D02M;manha;D02
svm;agrupado;todos;1;treino;154;B3_EMB48_NIRRIG_REPROD00002.asd;B3;EMB48;NIRRIG;D02M;manha;D02
svm;agrupado;todos;1;treino;155;B3_EMB48_NIRRIG_REPROD00003.asd;B3;EMB48;NIRRIG;D02M;manha;D02
svm;agrupado;todos;1;treino;156;B3_EMB48_NIRRIG_REPROD00004.asd;B3;EMB48;NIRRIG;D02M;manha;D02
svm;agrupado;todos;1;treino;157;B3_EMB48_NIRRIG_REPROD00005.asd;B3;EMB48;NIRRIG;D02M;manha;D02
svm;agrupado;todos;1;treino;163;B1_EMB48_IRRIG_REPROD00003.asd;B1;EMB48;IRRIG;D02M;manha;D02
svm;agrupado;todos;1;treino;164;B1_EMB48_IRRIG_REPROD00004.asd;B1;EMB48;IRRIG;D02M;manha;D02
svm;agrupado;todos;1;treino;165;B1_EMB48_IRRIG_REPROD00005.asd;B1;EMB48;IRRIG;D02M;manha;D02
svm;agrupado;todos;1;treino;166;B1_EMB48_IRRIG_REPROD00006.asd;B1;EMB48;IRRIG;D02M;manha;D02
svm;agrupado;todos;1;treino;167;B1_EMB48_IRRIG_REPROD00007.asd;B1;EMB48;IRRIG;D02M;manha;D02
svm;agrupado;todos;1;treino;168;B1_EMB48_NIRRIG_REPROD00000.asd;B1;EMB48;NIRRIG;D02M;manha;D02
svm;agrupado;todos;1;treino;169;B1_EMB48_NIRRIG_REPROD00001.asd;B1;EMB48;NIRRIG;D02M;manha;D02
svm;agrupado;todos;1;treino;170;B1_EMB48_NIRRIG_REPROD00002.asd;B1;EMB48;NIRRIG;D02M;manha;D02
svm;agrupado;todos;1;treino;171;B1_EMB48_NIRRIG_REPROD00003.asd;B1;EMB48;NIRRIG;D02M;manha;D02
svm;agrupado;todos;1;treino;172;B1_EMB48_NIRRIG_REPROD00004.asd;B1;EMB48;NIRRIG;D02M;manha;D02
svm;agrupado;todos;1;treino;174;B1_EMB48_NIRRIG_REPROD00006.asd;B1;EMB48;NIRRIG;D02M;manha;D02
svm;agrupado;todos;1;treino;176;B2_EMB48_IRRIG_REPROD00000.asd;B2;EMB48;IRRIG;D02M;manha;D02
svm;agrupado;todos;1;treino;177;B2_EMB48_IRRIG_REPROD00001.asd;B2;EMB48;IRRIG;D02M;manha;D02
svm;agrupado;todos;1;treino;178;B2_EMB48_IRRIG_REPROD00002.asd;B2;EMB48;IRRIG;D02M;manha;D02
svm;agrupado;todos;1;treino;179;B2_EMB48_IRRIG_REPROD00003.asd;B2;EMB48;IRRIG;D02M;manha;D02
svm;agrupado;todos;1;treino;180;B2_EMB48_IRRIG_REPROD00004.asd;B2;EMB48;IRRIG;D02M;manha;D02
svm;agrupado;todos;1;treino;181;B2_EMB48_IRRIG_REPROD00005.asd;B2;EMB48;IRRIG;D02M;manha;D02
svm;agrupado;todos;1;treino;182;B2_EMB48_IRRIG_REPROD00006.asd;B2;EMB48;IRRIG;D02M;manha;D02
svm;agrupado;todos;1;treino;183;B2_EMB48_IRRIG_REPROD00007.asd;B2;EMB48;IRRIG;D02M;manha;D02
svm;agrupado;todos;1;treino;184;B2_EMB48_NIRRIG_REPROD00000.asd;B2;EMB48;NIRRIG;D02M;manha;D02
svm;agrupado;todos;1;treino;185;B2_EMB48_NIRRIG_REPROD00001.asd;B2;EMB48;NIRRIG;D02M;manha;D02
svm;agrupado;todos;1;treino;187;B2_EMB48_NIRRIG_REPROD00003.asd;B2;EMB48;NIRRIG;D02M;manha;D02
svm;agrupado;todos;1;treino;188;B2_EMB48_NIRRIG_REPROD00004.asd;B2;EMB48;NIRRIG;D02M;manha;D02
svm;agrupado;todos;1;treino;189;B2_EMB48_NIRRIG_REPROD00005.asd;B2;EMB48;NIRRIG;D02M;manha;D02
svm;agrupado;todos;1;treino;191;B2_EMB48_NIRRIG_REPROD00007.asd;B2;EMB48;NIRRIG;D02M;manha;D02
svm;agrupado;todos;1;treino;192;B1_BR16_IRRIG_REPROD00000.asd;B1;BR16;IRRIG;D02T;tarde;D02
svm;agrupado;todos;1;treino;193;B1_BR16_IRRIG_REPROD00001.asd;B1;BR16;IRRIG;D02T;tarde;D02
svm;agrupado;todos;1;treino;194;B1_BR16_IRRIG_REPROD00002.asd;B1;BR16;IRRIG;D02T;tarde;D02
svm;agrupado;todos;1;treino;196;B1_BR16_IRRIG_REPROD00004.asd;B1;BR16;IRRIG;D02T;tarde;D02
svm;agrupado;todos;1;treino;197;B1_BR16_IRRIG_REPROD00005.asd;B1;BR16;IRRIG;D02T;tarde;D02
svm;agrupado;todos;1;treino;198;B1_BR16_IRRIG_REPROD00006.asd;B1;BR16;IRRIG;D02T;tarde;D02
svm;agrupado;todos;1;treino;200;B1_BR16_NIRRIG_REPROD00000.asd;B1;BR16;NIRRIG;D02T;tarde;D02
svm;agrupado;todos;1;treino;201;B1_BR16_NIRRIG_REPROD00001.asd;B1;BR16;NIRRIG;D02T;tarde;D02
svm;agrupado;todos;1;treino;202;B1_BR16_NIRRIG_REPROD00002.asd;B1;BR16;NIRRIG;D02T;tarde;D02
svm;agrupado;todos;1;treino;203;B1_BR16_NIRRIG_REPROD00003.asd;B1;BR16;NIRRIG;D02T;tarde;D02
svm;agrupado;todos;1;treino;204;B1_BR16_NIRRIG_REPROD00004.asd;B1;BR16;NIRRIG;D02T;tarde;D02
svm;agrupado;todos;1;treino;205;B1_BR16_NIRRIG_REPROD00005.asd;B1;BR16;NIRRIG;D02T;tarde;D02
svm;agrupado;todos;1;treino;206;B1_BR16_NIRRIG_REPROD00006.asd;B1;BR16;NIRRIG;D02T;tarde;D02
svm;agrupado;todos;1;treino;207;B1_BR16_NIRRIG_REPROD00007.asd;B1;BR16;NIRRIG;D02T;tarde;D02
svm;agrupado;todos;1;treino;208;B2_BR16_IRRIG_REPROD00000.asd;B2;BR16;IRRIG;D02T;tarde;D02
svm;agrupado;todos;1;treino;209;B2_BR16_IRRIG_REPROD00001.asd;B2;BR16;IRRIG;D02T;tarde;D02
svm;agrupado;todos;1;treino;211;B2_BR16_IRRIG_REPROD00003.asd;B2;BR16;IRRIG;D02T;tarde;D02
svm;agrupado;todos;1;treino;212;B2_BR16_IRRIG_REPROD00004.asd;B2;BR16;IRRIG;D02T;tarde;D02
svm;agrupado;todos;1;treino;213;B2_BR16_IRRIG_REPROD00005.asd;B2;BR16;IRRIG;D02T;tarde;D02
svm;agrupado;todos;1;treino;214;B2_BR16_IRRIG_REPROD00006.asd;B2;BR16;IRRIG;D02T;tarde;D02
svm;agrupado;todos;1;treino;215;B2_BR16_IRRIG_REPROD00007.asd;B2;BR16;IRRIG;D02T;tarde;D02
svm;agrupado;todos;1;treino;216;B2_BR16_NIRRIG_REPROD00000.asd;B2;BR16;NIRRIG;D02T;tarde;D02
svm;agrupado;todos;1;treino;217;B2_BR16_NIRRIG_REPROD00001.asd;B2;BR16;NIRRIG;D02T;tarde;D02
svm;agrupado;todos;1;treino;218;B2_BR16_NIRRIG_REPROD00002.asd;B2;BR16;NIRRIG;D02T;tarde;D02
svm;agrupado;todos;1;treino;219;B2_BR16_NIRRIG_REPROD00003.asd;B2;BR16;NIRRIG;D02T;tarde;D02
svm;agrupado;todos;1;treino;222;B2_BR16_NIRRIG_REPROD00006.asd;B2;BR16;NIRRIG;D02T;tarde;D02
svm;agrupado;todos;1;treino;223;B2_BR16_NIRRIG_REPROD00007.asd;B2;BR16;NIRRIG;D02T;tarde;D02
svm;agrupado;todos;1;treino;224;B3_BR16_IRRIG_REPROD00000.asd;B3;BR16;IRRIG;D02T;tarde;D02
svm;agrupado;todos;1;treino;226;B3_BR16_IRRIG_REPROD00002.asd;B3;BR16;IRRIG;D02T;tarde;D02
svm;agrupado;todos;1;treino;227;B3_BR16_IRRIG_REPROD00003.asd;B3;BR16;IRRIG;D02T;tarde;D02
svm;agrupado;todos;1;treino;228;B3_BR16_IRRIG_REPROD00004.asd;B3;BR16;IRRIG;D02T;tarde;D02
svm;agrupado;todos;1;treino;229;B3_BR16_IRRIG_REPROD00005.asd;B3;BR16;IRRIG;D02T;tarde;D02
svm;agrupado;todos;1;treino;230;B3_BR16_IRRIG_REPROD00006.asd;B3;BR16;IRRIG;D02T;tarde;D02
svm;agrupado;todos;1;treino;231;B3_BR16_IRRIG_REPROD00007.asd;B3;BR16;IRRIG;D02T;tarde;D02
svm;agrupado;todos;1;treino;232;B3_BR16_NIRRIG_REPROD00000.asd;B3;BR16;NIRRIG;D02T;tarde;D02
svm;agrupado;todos;1;treino;233;B3_BR16_NIRRIG_REPROD00001.asd;B3;BR16;NIRRIG;D02T;tarde;D02
svm;agrupado;todos;1;treino;234;B3_BR16_NIRRIG_REPROD00002.asd;B3;BR16;NIRRIG;D02T;tarde;D02
svm;agrupado;todos;1;treino;235;B3_BR16_NIRRIG_REPROD00003.asd;B3;BR16;NIRRIG;D02T;tarde;D02
svm;agrupado;todos;1;treino;237;B3_BR16_NIRRIG_REPROD00005.asd;B3;BR16;NIRRIG;D02T;tarde;D02
svm;agrupado;todos;1;treino;238;B3_BR16_NIRRIG_REPROD00006.asd;B3;BR16;NIRRIG;D02T;tarde;D02
svm;agrupado;todos;1;treino;239;B3_BR16_NIRRIG_REPROD00007.asd;B3;BR16;NIRRIG;D02T;tarde;D02
svm;agrupado;todos;1;treino;240;B4_BR16_IRRIG_REPROD00000.asd;B4;BR16;IRRIG;D02T;tarde;D02
svm;agrupado;todos;1;treino;242;B4_BR16_IRRIG_REPROD00002.asd;B4;BR16;IRRIG;D02T;tarde;D02
svm;agrupado;todos;1;treino;243;B4_BR16_IRRIG_REPROD00003.asd;B4;BR16;IRRIG;D02T;tarde;D02
svm;agrupado;todos;1;treino;244;B4_BR16_IRRIG_REPROD00004.asd;B4;BR16;IRRIG;D02T;tarde;D02
svm;agrupado;todos;1;treino;245;B4_BR16_IRRIG_REPROD00005.asd;B4;BR16;IRRIG;D02T;tarde;D02
svm;agrupado;todos;1;treino;246;B4_BR16_IRRIG_REPROD00006.asd;B4;BR16;IRRIG;D02T;tarde;D02
svm;agrupado;todos;1;treino;248;B4_BR16_NIRRIG_REPROD00000.asd;B4;BR16;NIRRIG;D02T;tarde;D02
svm;agrupado;todos;1;treino;249;B4_BR16_NIRRIG_REPROD00001.asd;B4;BR16;NIRRIG;D02T;tarde;D02
svm;agrupado;todos;1;treino;250;B4_BR16_NIRRIG_REPROD00002.asd;B4;BR16;NIRRIG;D02T;tarde;D02
svm;agrupado;todos;1;treino;251;B4_BR16_NIRRIG_REPROD00003.asd;B4;BR16;NIRRIG;D02T;tarde;D02
svm;agrupado;todos;1;treino;252;B4_BR16_NIRRIG_REPROD00004.asd;B4;BR16;NIRRIG;D02T;tarde;D02
svm;agrupado;todos;1;treino;254;B4_BR16_NIRRIG_REPROD00006.asd;B4;BR16;NIRRIG;D02T;tarde;D02
svm;agrupado;todos;1;treino;256;B1_CD202_IRRIG_REPROD00000.asd;B1;CD202;IRRIG;D02T;tarde;D02
svm;agrupado;todos;1;treino;257;B1_CD202_IRRIG_REPROD00001.asd;B1;CD202;IRRIG;D02T;tarde;D02
svm;agrupado;todos;1;treino;258;B1_CD202_IRRIG_REPROD00002.asd;B1;CD202;IRRIG;D02T;tarde;D02
svm;agrupado;todos;1;treino;261;B1_CD202_IRRIG_REPROD00005.asd;B1;CD202;IRRIG;D02T;tarde;D02
svm;agrupado;todos;1;treino;263;B1_CD202_IRRIG_REPROD00007.asd;B1;CD202;IRRIG;D02T;tarde;D02
svm;agrupado;todos;1;treino;264;B1_CD202_NIRRIG_REPROD00000.asd;B1;CD202;NIRRIG;D02T;tarde;D02
svm;agrupado;todos;1;treino;265;B1_CD202_NIRRIG_REPROD00001.asd;B1;CD202;NIRRIG;D02T;tarde;D02
svm;agrupado;todos;1;treino;266;B1_CD202_NIRRIG_REPROD00002.asd;B1;CD202;NIRRIG;D02T;tarde;D02
svm;agrupado;todos;1;treino;267;B1_CD202_NIRRIG_REPROD00003.asd;B1;CD202;NIRRIG;D02T;tarde;D02
svm;agrupado;todos;1;treino;268;B1_CD202_NIRRIG_REPROD00004.asd;B1;CD202;NIRRIG;D02T;tarde;D02
svm;agrupado;todos;1;treino;269;B1_CD202_NIRRIG_REPROD00005.asd;B1;CD202;NIRRIG;D02T;tarde;D02
svm;agrupado;todos;1;treino;271;B1_CD202_NIRRIG_REPROD00007.asd;B1;CD202;NIRRIG;D02T;tarde;D02
svm;agrupado;todos;1;treino;274;B2_CD202_IRRIG_REPROD00002.asd;B2;CD202;IRRIG;D02T;tarde;D02
svm;agrupado;todos;1;treino;275;B2_CD202_IRRIG_REPROD00003.asd;B2;CD202;IRRIG;D02T;tarde;D02
svm;agrupado;todos;1;treino;276;B2_CD202_IRRIG_REPROD00004.asd;B2;CD202;IRRIG;D02T;tarde;D02
svm;agrupado;todos;1;treino;277;B2_CD202_IRRIG_REPROD00005.asd;B2;CD202;IRRIG;D02T;tarde;D02
svm;agrupado;todos;1;treino;279;B2_CD202_IRRIG_REPROD00007.asd;B2;CD202;IRRIG;D02T;tarde;D02
svm;agrupado;todos;1;treino;280;B2_CD202_NIRRIG_REPROD00000.asd;B2;CD202;NIRRIG;D02T;tarde;D02
svm;agrupado;todos;1;treino;281;B2_CD202_NIRRIG_REPROD00001.asd;B2;CD202;NIRRIG;D02T;tarde;D02
svm;agrupado;todos;1;treino;282;B2_CD202_NIRRIG_REPROD00002.asd;B2;CD202;NIRRIG;D02T;tarde;D02
svm;agrupado;todos;1;treino;283;B2_CD202_NIRRIG_REPROD00003.asd;B2;CD202;NIRRIG;D02T;tarde;D02
svm;agrupado;todos;1;treino;284;B2_CD202_NIRRIG_REPROD00004.asd;B2;CD202;NIRRIG;D02T;tarde;D02
svm;agrupado;todos;1;treino;285;B2_CD202_NIRRIG_REPROD00005.asd;B2;CD202;NIRRIG;D02T;tarde;D02
svm;agrupado;todos;1;treino;287;B2_CD202_NIRRIG_REPROD00007.asd;B2;CD202;NIRRIG;D02T;tarde;D02
svm;agrupado;todos;1;treino;288;B3_CD202_IRRIG_REPROD00000.asd;B3;CD202;IRRIG;D02T;tarde;D02
svm;agrupado;todos;1;treino;289;B3_CD202_IRRIG_REPROD00001.asd;B3;CD202;IRRIG;D02T;tarde;D02
svm;agrupado;todos;1;treino;291;B3_CD202_IRRIG_REPROD00003.asd;B3;CD202;IRRIG;D02T;tarde;D02
svm;agrupado;todos;1;treino;292;B3_CD202_IRRIG_REPROD00004.asd;B3;CD202;IRRIG;D02T;tarde;D02
svm;agrupado;todos;1;treino;293;B3_CD202_IRRIG_REPROD00005.asd;B3;CD202;IRRIG;D02T;tarde;D02
svm;agrupado;todos;1;treino;294;B3_CD202_IRRIG_REPROD00006.asd;B3;CD202;IRRIG;D02T;tarde;D02
svm;agrupado;todos;1;treino;295;B3_CD202_IRRIG_REPROD00007.asd;B3;CD202;IRRIG;D02T;tarde;D02
svm;agrupado;todos;1;treino;296;B3_CD202_NIRRIG_REPROD00000.asd;B3;CD202;NIRRIG;D02T;tarde;D02
svm;agrupado;todos;1;treino;298;B3_CD202_NIRRIG_REPROD00002.asd;B3;CD202;NIRRIG;D02T;tarde;D02
svm;agrupado;todos;1;treino;299;B3_CD202_NIRRIG_REPROD00003.asd;B3;CD202;NIRRIG;D02T;tarde;D02
svm;agrupado;todos;1;treino;300;B3_CD202_NIRRIG_REPROD00004.asd;B3;CD202;NIRRIG;D02T;tarde;D02
svm;agrupado;todos;1;treino;301;B3_CD202_NIRRIG_REPROD00005.asd;B3;CD202;NIRRIG;D02T;tarde;D02
svm;agrupado;todos;1;treino;302;B3_CD202_NIRRIG_REPROD00006.asd;B3;CD202;NIRRIG;D02T;tarde;D02
svm;agrupado;todos;1;treino;303;B3_CD202_NIRRIG_REPROD00007.asd;B3;CD202;NIRRIG;D02T;tarde;D02
svm;agrupado;todos;1;treino;304;B4_CD202_IRRIG_REPROD00000.asd;B4;CD202;IRRIG;D02T;tarde;D02
svm;agrupado;todos;1;treino;305;B4_CD202_IRRIG_REPROD00001.asd;B4;CD202;IRRIG;D02T;tarde;D02
svm;agrupado;todos;1;treino;306;B4_CD202_IRRIG_REPROD00002.asd;B4;CD202;IRRIG;D02T;tarde;D02
svm;agrupado;todos;1;treino;308;B4_CD202_IRRIG_REPROD00004.asd;B4;CD202;IRRIG;D02T;tarde;D02
svm;agrupado;todos;1;treino;310;B4_CD202_IRRIG_REPROD00006.asd;B4;CD202;IRRIG;D02T;tarde;D02
svm;agrupado;todos;1;treino;311;B4_CD202_IRRIG_REPROD00007.asd;B4;CD202;IRRIG;D02T;tarde;D02
svm;agrupado;todos;1;treino;312;B4_CD202_NIRRIG_REPROD00000.asd;B4;CD202;NIRRIG;D02T;tarde;D02
svm;agrupado;todos;1;treino;313;B4_CD202_NIRRIG_REPROD00001.asd;B4;CD202;NIRRIG;D02T;tarde;D02
svm;agrupado;todos;1;treino;314;B4_CD202_NIRRIG_REPROD00002.asd;B4;CD202;NIRRIG;D02T;tarde;D02
svm;agrupado;todos;1;treino;315;B4_CD202_NIRRIG_REPROD00003.asd;B4;CD202;NIRRIG;D02T;tarde;D02
svm;agrupado;todos;1;treino;316;B4_CD202_NIRRIG_REPROD00004.asd;B4;CD202;NIRRIG;D02T;tarde;D02
svm;agrupado;todos;1;treino;317;B4_CD202_NIRRIG_REPROD00005.asd;B4;CD202;NIRRIG;D02T;tarde;D02
svm;agrupado;todos;1;treino;318;B4_CD202_NIRRIG_REPROD00006.asd;B4;CD202;NIRRIG;D02T;tarde;D02
svm;agrupado;todos;1;treino;323;B1_EMB48_IRRIG_REPROD00003.asd;B1;EMB48;IRRIG;D02T;tarde;D02
svm;agrupado;todos;1;treino;324;B1_EMB48_IRRIG_REPROD00004.asd;B1;EMB48;IRRIG;D02T;tarde;D02
svm;agrupado;todos;1;treino;325;B1_EMB48_IRRIG_REPROD00005.asd;B1;EMB48;IRRIG;D02T;tarde;D02
svm;agrupado;todos;1;treino;326;B1_EMB48_IRRIG_REPROD00006.asd;B1;EMB48;IRRIG;D02T;tarde;D02
svm;agrupado;todos;1;treino;327;B1_EMB48_IRRIG_REPROD00007.asd;B1;EMB48;IRRIG;D02T;tarde;D02
svm;agrupado;todos;1;treino;328;B1_EMB48_NIRRIG_REPROD00000.asd;B1;EMB48;NIRRIG;D02T;tarde;D02
svm;agrupado;todos;1;treino;329;B1_EMB48_NIRRIG_REPROD00001.asd;B1;EMB48;NIRRIG;D02T;tarde;D02
svm;agrupado;todos;1;treino;330;B1_EMB48_NIRRIG_REPROD00002.asd;B1;EMB48;NIRRIG;D02T;tarde;D02
svm;agrupado;todos;1;treino;331;B1_EMB48_NIRRIG_REPROD00003.asd;B1;EMB48;NIRRIG;D02T;tarde;D02
svm;agrupado;todos;1;treino;332;B1_EMB48_NIRRIG_REPROD00004.asd;B1;EMB48;NIRRIG;D02T;tarde;D02
svm;agrupado;todos;1;treino;334;B1_EMB48_NIRRIG_REPROD00006.asd;B1;EMB48;NIRRIG;D02T;tarde;D02
svm;agrupado;todos;1;treino;336;B2_EMB48_IRRIG_REPROD00000.asd;B2;EMB48;IRRIG;D02T;tarde;D02
svm;agrupado;todos;1;treino;337;B2_EMB48_IRRIG_REPROD00001.asd;B2;EMB48;IRRIG;D02T;tarde;D02
svm;agrupado;todos;1;treino;338;B2_EMB48_IRRIG_REPROD00002.asd;B2;EMB48;IRRIG;D02T;tarde;D02
svm;agrupado;todos;1;treino;339;B2_EMB48_IRRIG_REPROD00003.asd;B2;EMB48;IRRIG;D02T;tarde;D02
svm;agrupado;todos;1;treino;340;B2_EMB48_IRRIG_REPROD00004.asd;B2;EMB48;IRRIG;D02T;tarde;D02
svm;agrupado;todos;1;treino;341;B2_EMB48_IRRIG_REPROD00005.asd;B2;EMB48;IRRIG;D02T;tarde;D02
svm;agrupado;todos;1;treino;342;B2_EMB48_IRRIG_REPROD00006.asd;B2;EMB48;IRRIG;D02T;tarde;D02
svm;agrupado;todos;1;treino;343;B2_EMB48_IRRIG_REPROD00007.asd;B2;EMB48;IRRIG;D02T;tarde;D02
svm;agrupado;todos;1;treino;344;B2_EMB48_NIRRIG_REPROD00000.asd;B2;EMB48;NIRRIG;D02T;tarde;D02
svm;agrupado;todos;1;treino;345;B2_EMB48_NIRRIG_REPROD00001.asd;B2;EMB48;NIRRIG;D02T;tarde;D02
svm;agrupado;todos;1;treino;347;B2_EMB48_NIRRIG_REPROD00003.asd;B2;EMB48;NIRRIG;D02T;tarde;D02
svm;agrupado;todos;1;treino;348;B2_EMB48_NIRRIG_REPROD00004.asd;B2;EMB48;NIRRIG;D02T;tarde;D02
svm;agrupado;todos;1;treino;349;B2_EMB48_NIRRIG_REPROD00005.asd;B2;EMB48;NIRRIG;D02T;tarde;D02
svm;agrupado;todos;1;treino;351;B2_EMB48_NIRRIG_REPROD00007.asd;B2;EMB48;NIRRIG;D02T;tarde;D02
svm;agrupado;todos;1;treino;353;B3_EMB48_IRRIG_REPROD00001.asd;B3;EMB48;IRRIG;D02T;tarde;D02
svm;agrupado;todos;1;treino;355;B3_EMB48_IRRIG_REPROD00003.asd;B3;EMB48;IRRIG;D02T;tarde;D02
svm;agrupado;todos;1;treino;356;B3_EMB48_IRRIG_REPROD00004.asd;B3;EMB48;IRRIG;D02T;tarde;D02
svm;agrupado;todos;1;treino;357;B3_EMB48_IRRIG_REPROD00005.asd;B3;EMB48;IRRIG;D02T;tarde;D02
svm;agrupado;todos;1;treino;358;B3_EMB48_IRRIG_REPROD00006.asd;B3;EMB48;IRRIG;D02T;tarde;D02
svm;agrupado;todos;1;treino;359;B3_EMB48_IRRIG_REPROD00007.asd;B3;EMB48;IRRIG;D02T;tarde;D02
svm;agrupado;todos;1;treino;360;B3_EMB48_NIRRIG_REPROD00000.asd;B3;EMB48;NIRRIG;D02T;tarde;D02
svm;agrupado;todos;1;treino;361;B3_EMB48_NIRRIG_REPROD00001.asd;B3;EMB48;NIRRIG;D02T;tarde;D02
svm;agrupado;todos;1;treino;362;B3_EMB48_NIRRIG_REPROD00002.asd;B3;EMB48;NIRRIG;D02T;tarde;D02
svm;agrupado;todos;1;treino;363;B3_EMB48_NIRRIG_REPROD00003.asd;B3;EMB48;NIRRIG;D02T;tarde;D02
svm;agrupado;todos;1;treino;364;B3_EMB48_NIRRIG_REPROD00004.asd;B3;EMB48;NIRRIG;D02T;tarde;D02
svm;agrupado;todos;1;treino;365;B3_EMB48_NIRRIG_REPROD00005.asd;B3;EMB48;NIRRIG;D02T;tarde;D02
svm;agrupado;todos;1;treino;368;B4_EMB48_IRRIG_REPROD00000.asd;B4;EMB48;IRRIG;D02T;tarde;D02
svm;agrupado;todos;1;treino;369;B4_EMB48_IRRIG_REPROD00001.asd;B4;EMB48;IRRIG;D02T;tarde;D02
svm;agrupado;todos;1;treino;370;B4_EMB48_IRRIG_REPROD00002.asd;B4;EMB48;IRRIG;D02T;tarde;D02
svm;agrupado;todos;1;treino;371;B4_EMB48_IRRIG_REPROD00003.asd;B4;EMB48;IRRIG;D02T;tarde;D02
svm;agrupado;todos;1;treino;372;B4_EMB48_IRRIG_REPROD00004.asd;B4;EMB48;IRRIG;D02T;tarde;D02
svm;agrupado;todos;1;treino;373;B4_EMB48_IRRIG_REPROD00005.asd;B4;EMB48;IRRIG;D02T;tarde;D02
svm;agrupado;todos;1;treino;374;B4_EMB48_IRRIG_REPROD00006.asd;B4;EMB48;IRRIG;D02T;tarde;D02
svm;agrupado;todos;1;treino;375;B4_EMB48_IRRIG_REPROD00007.asd;B4;EMB48;IRRIG;D02T;tarde;D02
svm;agrupado;todos;1;treino;377;B4_EMB48_NIRRIG_REPROD00001.asd;B4;EMB48;NIRRIG;D02T;tarde;D02
svm;agrupado;todos;1;treino;379;B4_EMB48_NIRRIG_REPROD00003.asd;B4;EMB48;NIRRIG;D02T;tarde;D02
svm;agrupado;todos;1;treino;381;B4_EMB48_NIRRIG_REPROD00005.asd;B4;EMB48;NIRRIG;D02T;tarde;D02
svm;agrupado;todos;1;treino;382;B4_EMB48_NIRRIG_REPROD00006.asd;B4;EMB48;NIRRIG;D02T;tarde;D02
svm;agrupado;todos;1;treino;384;B1_BR16_IRRIG_REPROD00000.asd;B1;BR16;IRRIG;D03M;manha;D03
svm;agrupado;todos;1;treino;385;B1_BR16_IRRIG_REPROD00001.asd;B1;BR16;IRRIG;D03M;manha;D03
svm;agrupado;todos;1;treino;386;B1_BR16_IRRIG_REPROD00002.asd;B1;BR16;IRRIG;D03M;manha;D03
svm;agrupado;todos;1;treino;388;B1_BR16_IRRIG_REPROD00004.asd;B1;BR16;IRRIG;D03M;manha;D03
svm;agrupado;todos;1;treino;389;B1_BR16_IRRIG_REPROD00005.asd;B1;BR16;IRRIG;D03M;manha;D03
svm;agrupado;todos;1;treino;390;B1_BR16_IRRIG_REPROD00006.asd;B1;BR16;IRRIG;D03M;manha;D03
svm;agrupado;todos;1;treino;392;B1_BR16_NIRRIG_REPROD00000.asd;B1;BR16;NIRRIG;D03M;manha;D03
svm;agrupado;todos;1;treino;393;B1_BR16_NIRRIG_REPROD00001.asd;B1;BR16;NIRRIG;D03M;manha;D03
svm;agrupado;todos;1;treino;394;B1_BR16_NIRRIG_REPROD00002.asd;B1;BR16;NIRRIG;D03M;manha;D03
svm;agrupado;todos;1;treino;395;B1_BR16_NIRRIG_REPROD00003.asd;B1;BR16;NIRRIG;D03M;manha;D03
svm;agrupado;todos;1;treino;396;B1_BR16_NIRRIG_REPROD00004.asd;B1;BR16;NIRRIG;D03M;manha;D03
svm;agrupado;todos;1;treino;397;B1_BR16_NIRRIG_REPROD00005.asd;B1;BR16;NIRRIG;D03M;manha;D03
svm;agrupado;todos;1;treino;398;B1_BR16_NIRRIG_REPROD00006.asd;B1;BR16;NIRRIG;D03M;manha;D03
svm;agrupado;todos;1;treino;399;B1_BR16_NIRRIG_REPROD00007.asd;B1;BR16;NIRRIG;D03M;manha;D03
svm;agrupado;todos;1;treino;400;B2_BR16_IRRIG_REPROD00000.asd;B2;BR16;IRRIG;D03M;manha;D03
svm;agrupado;todos;1;treino;401;B2_BR16_IRRIG_REPROD00001.asd;B2;BR16;IRRIG;D03M;manha;D03
svm;agrupado;todos;1;treino;403;B2_BR16_IRRIG_REPROD00003.asd;B2;BR16;IRRIG;D03M;manha;D03
svm;agrupado;todos;1;treino;404;B2_BR16_IRRIG_REPROD00004.asd;B2;BR16;IRRIG;D03M;manha;D03
svm;agrupado;todos;1;treino;405;B2_BR16_IRRIG_REPROD00005.asd;B2;BR16;IRRIG;D03M;manha;D03
svm;agrupado;todos;1;treino;406;B2_BR16_IRRIG_REPROD00006.asd;B2;BR16;IRRIG;D03M;manha;D03
svm;agrupado;todos;1;treino;407;B2_BR16_IRRIG_REPROD00007.asd;B2;BR16;IRRIG;D03M;manha;D03
svm;agrupado;todos;1;treino;408;B2_BR16_NIRRIG_REPROD00000.asd;B2;BR16;NIRRIG;D03M;manha;D03
svm;agrupado;todos;1;treino;409;B2_BR16_NIRRIG_REPROD00001.asd;B2;BR16;NIRRIG;D03M;manha;D03
svm;agrupado;todos;1;treino;410;B2_BR16_NIRRIG_REPROD00002.asd;B2;BR16;NIRRIG;D03M;manha;D03
svm;agrupado;todos;1;treino;411;B2_BR16_NIRRIG_REPROD00003.asd;B2;BR16;NIRRIG;D03M;manha;D03
svm;agrupado;todos;1;treino;414;B2_BR16_NIRRIG_REPROD00006.asd;B2;BR16;NIRRIG;D03M;manha;D03
svm;agrupado;todos;1;treino;415;B2_BR16_NIRRIG_REPROD00007.asd;B2;BR16;NIRRIG;D03M;manha;D03
svm;agrupado;todos;1;treino;416;B3_BR16_IRRIG_REPROD00000.asd;B3;BR16;IRRIG;D03M;manha;D03
svm;agrupado;todos;1;treino;418;B3_BR16_IRRIG_REPROD00002.asd;B3;BR16;IRRIG;D03M;manha;D03
svm;agrupado;todos;1;treino;419;B3_BR16_IRRIG_REPROD00003.asd;B3;BR16;IRRIG;D03M;manha;D03
svm;agrupado;todos;1;treino;420;B3_BR16_IRRIG_REPROD00004.asd;B3;BR16;IRRIG;D03M;manha;D03
svm;agrupado;todos;1;treino;421;B3_BR16_IRRIG_REPROD00005.asd;B3;BR16;IRRIG;D03M;manha;D03
svm;agrupado;todos;1;treino;422;B3_BR16_IRRIG_REPROD00006.asd;B3;BR16;IRRIG;D03M;manha;D03
svm;agrupado;todos;1;treino;423;B3_BR16_IRRIG_REPROD00007.asd;B3;BR16;IRRIG;D03M;manha;D03
svm;agrupado;todos;1;treino;424;B3_BR16_NIRRIG_REPROD00000.asd;B3;BR16;NIRRIG;D03M;manha;D03
svm;agrupado;todos;1;treino;425;B3_BR16_NIRRIG_REPROD00001.asd;B3;BR16;NIRRIG;D03M;manha;D03
svm;agrupado;todos;1;treino;426;B3_BR16_NIRRIG_REPROD00002.asd;B3;BR16;NIRRIG;D03M;manha;D03
svm;agrupado;todos;1;treino;427;B3_BR16_NIRRIG_REPROD00003.asd;B3;BR16;NIRRIG;D03M;manha;D03
svm;agrupado;todos;1;treino;429;B3_BR16_NIRRIG_REPROD00005.asd;B3;BR16;NIRRIG;D03M;manha;D03
svm;agrupado;todos;1;treino;430;B3_BR16_NIRRIG_REPROD00006.asd;B3;BR16;NIRRIG;D03M;manha;D03
svm;agrupado;todos;1;treino;431;B3_BR16_NIRRIG_REPROD00007.asd;B3;BR16;NIRRIG;D03M;manha;D03
svm;agrupado;todos;1;treino;432;B4_BR16_IRRIG_REPROD00000.asd;B4;BR16;IRRIG;D03M;manha;D03
svm;agrupado;todos;1;treino;434;B4_BR16_IRRIG_REPROD00002.asd;B4;BR16;IRRIG;D03M;manha;D03
svm;agrupado;todos;1;treino;435;B4_BR16_IRRIG_REPROD00003.asd;B4;BR16;IRRIG;D03M;manha;D03
svm;agrupado;todos;1;treino;436;B4_BR16_IRRIG_REPROD00004.asd;B4;BR16;IRRIG;D03M;manha;D03
svm;agrupado;todos;1;treino;437;B4_BR16_IRRIG_REPROD00005.asd;B4;BR16;IRRIG;D03M;manha;D03
svm;agrupado;todos;1;treino;438;B4_BR16_IRRIG_REPROD00006.asd;B4;BR16;IRRIG;D03M;manha;D03
svm;agrupado;todos;1;treino;440;B4_BR16_NIRRIG_REPROD00000.asd;B4;BR16;NIRRIG;D03M;manha;D03
svm;agrupado;todos;1;treino;441;B4_BR16_NIRRIG_REPROD00001.asd;B4;BR16;NIRRIG;D03M;manha;D03
svm;agrupado;todos;1;treino;442;B4_BR16_NIRRIG_REPROD00002.asd;B4;BR16;NIRRIG;D03M;manha;D03
svm;agrupado;todos;1;treino;443;B4_BR16_NIRRIG_REPROD00003.asd;B4;BR16;NIRRIG;D03M;manha;D03
svm;agrupado;todos;1;treino;444;B4_BR16_NIRRIG_REPROD00004.asd;B4;BR16;NIRRIG;D03M;manha;D03
svm;agrupado;todos;1;treino;446;B4_BR16_NIRRIG_REPROD00006.asd;B4;BR16;NIRRIG;D03M;manha;D03
svm;agrupado;todos;1;treino;448;B1_CD202_IRRIG_REPROD00000.asd;B1;CD202;IRRIG;D03M;manha;D03
svm;agrupado;todos;1;treino;449;B1_CD202_IRRIG_REPROD00001.asd;B1;CD202;IRRIG;D03M;manha;D03
svm;agrupado;todos;1;treino;450;B1_CD202_IRRIG_REPROD00002.asd;B1;CD202;IRRIG;D03M;manha;D03
svm;agrupado;todos;1;treino;453;B1_CD202_IRRIG_REPROD00005.asd;B1;CD202;IRRIG;D03M;manha;D03
svm;agrupado;todos;1;treino;455;B1_CD202_IRRIG_REPROD00007.asd;B1;CD202;IRRIG;D03M;manha;D03
svm;agrupado;todos;1;treino;456;B1_CD202_NIRRIG_REPROD00000.asd;B1;CD202;NIRRIG;D03M;manha;D03
svm;agrupado;todos;1;treino;457;B1_CD202_NIRRIG_REPROD00001.asd;B1;CD202;NIRRIG;D03M;manha;D03
svm;agrupado;todos;1;treino;458;B1_CD202_NIRRIG_REPROD00002.asd;B1;CD202;NIRRIG;D03M;manha;D03
svm;agrupado;todos;1;treino;459;B1_CD202_NIRRIG_REPROD00003.asd;B1;CD202;NIRRIG;D03M;manha;D03
svm;agrupado;todos;1;treino;460;B1_CD202_NIRRIG_REPROD00004.asd;B1;CD202;NIRRIG;D03M;manha;D03
svm;agrupado;todos;1;treino;461;B1_CD202_NIRRIG_REPROD00005.asd;B1;CD202;NIRRIG;D03M;manha;D03
svm;agrupado;todos;1;treino;463;B1_CD202_NIRRIG_REPROD00007.asd;B1;CD202;NIRRIG;D03M;manha;D03
svm;agrupado;todos;1;treino;466;B2_CD202_IRRIG_REPROD00002.asd;B2;CD202;IRRIG;D03M;manha;D03
svm;agrupado;todos;1;treino;467;B2_CD202_IRRIG_REPROD00003.asd;B2;CD202;IRRIG;D03M;manha;D03
svm;agrupado;todos;1;treino;468;B2_CD202_IRRIG_REPROD00004.asd;B2;CD202;IRRIG;D03M;manha;D03
svm;agrupado;todos;1;treino;469;B2_CD202_IRRIG_REPROD00005.asd;B2;CD202;IRRIG;D03M;manha;D03
svm;agrupado;todos;1;treino;471;B2_CD202_IRRIG_REPROD00007.asd;B2;CD202;IRRIG;D03M;manha;D03
svm;agrupado;todos;1;treino;472;B2_CD202_NIRRIG_REPROD00000.asd;B2;CD202;NIRRIG;D03M;manha;D03
svm;agrupado;todos;1;treino;473;B2_CD202_NIRRIG_REPROD00001.asd;B2;CD202;NIRRIG;D03M;manha;D03
svm;agrupado;todos;1;treino;474;B2_CD202_NIRRIG_REPROD00002.asd;B2;CD202;NIRRIG;D03M;manha;D03
svm;agrupado;todos;1;treino;475;B2_CD202_NIRRIG_REPROD00003.asd;B2;CD202;NIRRIG;D03M;manha;D03
svm;agrupado;todos;1;treino;476;B2_CD202_NIRRIG_REPROD00004.asd;B2;CD202;NIRRIG;D03M;manha;D03
svm;agrupado;todos;1;treino;477;B2_CD202_NIRRIG_REPROD00005.asd;B2;CD202;NIRRIG;D03M;manha;D03
svm;agrupado;todos;1;treino;479;B2_CD202_NIRRIG_REPROD00007.asd;B2;CD202;NIRRIG;D03M;manha;D03
svm;agrupado;todos;1;treino;480;B3_CD202_IRRIG_REPROD00000.asd;B3;CD202;IRRIG;D03M;manha;D03
svm;agrupado;todos;1;treino;481;B3_CD202_IRRIG_REPROD00001.asd;B3;CD202;IRRIG;D03M;manha;D03
svm;agrupado;todos;1;treino;483;B3_CD202_IRRIG_REPROD00003.asd;B3;CD202;IRRIG;D03M;manha;D03
svm;agrupado;todos;1;treino;484;B3_CD202_IRRIG_REPROD00004.asd;B3;CD202;IRRIG;D03M;manha;D03
svm;agrupado;todos;1;treino;485;B3_CD202_IRRIG_REPROD00005.asd;B3;CD202;IRRIG;D03M;manha;D03
svm;agrupado;todos;1;treino;486;B3_CD202_IRRIG_REPROD00006.asd;B3;CD202;IRRIG;D03M;manha;D03
svm;agrupado;todos;1;treino;487;B3_CD202_IRRIG_REPROD00007.asd;B3;CD202;IRRIG;D03M;manha;D03
svm;agrupado;todos;1;treino;488;B3_CD202_NIRRIG_REPROD00000.asd;B3;CD202;NIRRIG;D03M;manha;D03
svm;agrupado;todos;1;treino;490;B3_CD202_NIRRIG_REPROD00002.asd;B3;CD202;NIRRIG;D03M;manha;D03
svm;agrupado;todos;1;treino;491;B3_CD202_NIRRIG_REPROD00003.asd;B3;CD202;NIRRIG;D03M;manha;D03
svm;agrupado;todos;1;treino;492;B3_CD202_NIRRIG_REPROD00004.asd;B3;CD202;NIRRIG;D03M;manha;D03
svm;agrupado;todos;1;treino;493;B3_CD202_NIRRIG_REPROD00005.asd;B3;CD202;NIRRIG;D03M;manha;D03
svm;agrupado;todos;1;treino;494;B3_CD202_NIRRIG_REPROD00006.asd;B3;CD202;NIRRIG;D03M;manha;D03
svm;agrupado;todos;1;treino;495;B3_CD202_NIRRIG_REPROD00007.asd;B3;CD202;NIRRIG;D03M;manha;D03
svm;agrupado;todos;1;treino;496;B4_CD202_IRRIG_REPROD00000.asd;B4;CD202;IRRIG;D03M;manha;D03
svm;agrupado;todos;1;treino;497;B4_CD202_IRRIG_REPROD00001.asd;B4;CD202;IRRIG;D03M;manha;D03
svm;agrupado;todos;1;treino;498;B4_CD202_IRRIG_REPROD00002.asd;B4;CD202;IRRIG;D03M;manha;D03
svm;agrupado;todos;1;treino;500;B4_CD202_IRRIG_REPROD00004.asd;B4;CD202;IRRIG;D03M;manha;D03
svm;agrupado;todos;1;treino;502;B4_CD202_IRRIG_REPROD00006.asd;B4;CD202;IRRIG;D03M;manha;D03
svm;agrupado;todos;1;treino;503;B4_CD202_IRRIG_REPROD00007.asd;B4;CD202;IRRIG;D03M;manha;D03
svm;agrupado;todos;1;treino;504;B4_CD202_NIRRIG_REPROD00000.asd;B4;CD202;NIRRIG;D03M;manha;D03
svm;agrupado;todos;1;treino;505;B4_CD202_NIRRIG_REPROD00001.asd;B4;CD202;NIRRIG;D03M;manha;D03
svm;agrupado;todos;1;treino;506;B4_CD202_NIRRIG_REPROD00002.asd;B4;CD202;NIRRIG;D03M;manha;D03
svm;agrupado;todos;1;treino;507;B4_CD202_NIRRIG_REPROD00003.asd;B4;CD202;NIRRIG;D03M;manha;D03
svm;agrupado;todos;1;treino;508;B4_CD202_NIRRIG_REPROD00004.asd;B4;CD202;NIRRIG;D03M;manha;D03
svm;agrupado;todos;1;treino;509;B4_CD202_NIRRIG_REPROD00005.asd;B4;CD202;NIRRIG;D03M;manha;D03
svm;agrupado;todos;1;treino;510;B4_CD202_NIRRIG_REPROD00006.asd;B4;CD202;NIRRIG;D03M;manha;D03
svm;agrupado;todos;1;treino;515;B1_EMB48_IRRIG_REPROD00003.asd;B1;EMB48;IRRIG;D03M;manha;D03
svm;agrupado;todos;1;treino;516;B1_EMB48_IRRIG_REPROD00004.asd;B1;EMB48;IRRIG;D03M;manha;D03
svm;agrupado;todos;1;treino;517;B1_EMB48_IRRIG_REPROD00005.asd;B1;EMB48;IRRIG;D03M;manha;D03
svm;agrupado;todos;1;treino;518;B1_EMB48_IRRIG_REPROD00006.asd;B1;EMB48;IRRIG;D03M;manha;D03
svm;agrupado;todos;1;treino;519;B1_EMB48_IRRIG_REPROD00007.asd;B1;EMB48;IRRIG;D03M;manha;D03
svm;agrupado;todos;1;treino;520;B1_EMB48_NIRRIG_REPROD00000.asd;B1;EMB48;NIRRIG;D03M;manha;D03
svm;agrupado;todos;1;treino;521;B1_EMB48_NIRRIG_REPROD00001.asd;B1;EMB48;NIRRIG;D03M;manha;D03
svm;agrupado;todos;1;treino;522;B1_EMB48_NIRRIG_REPROD00002.asd;B1;EMB48;NIRRIG;D03M;manha;D03
svm;agrupado;todos;1;treino;523;B1_EMB48_NIRRIG_REPROD00003.asd;B1;EMB48;NIRRIG;D03M;manha;D03
svm;agrupado;todos;1;treino;524;B1_EMB48_NIRRIG_REPROD00004.asd;B1;EMB48;NIRRIG;D03M;manha;D03
svm;agrupado;todos;1;treino;526;B1_EMB48_NIRRIG_REPROD00006.asd;B1;EMB48;NIRRIG;D03M;manha;D03
svm;agrupado;todos;1;treino;528;B2_EMB48_IRRIG_REPROD00000.asd;B2;EMB48;IRRIG;D03M;manha;D03
svm;agrupado;todos;1;treino;529;B2_EMB48_IRRIG_REPROD00001.asd;B2;EMB48;IRRIG;D03M;manha;D03
svm;agrupado;todos;1;treino;530;B2_EMB48_IRRIG_REPROD00002.asd;B2;EMB48;IRRIG;D03M;manha;D03
svm;agrupado;todos;1;treino;531;B2_EMB48_IRRIG_REPROD00003.asd;B2;EMB48;IRRIG;D03M;manha;D03
svm;agrupado;todos;1;treino;532;B2_EMB48_IRRIG_REPROD00004.asd;B2;EMB48;IRRIG;D03M;manha;D03
svm;agrupado;todos;1;treino;533;B2_EMB48_IRRIG_REPROD00005.asd;B2;EMB48;IRRIG;D03M;manha;D03
svm;agrupado;todos;1;treino;534;B2_EMB48_IRRIG_REPROD00006.asd;B2;EMB48;IRRIG;D03M;manha;D03
svm;agrupado;todos;1;treino;535;B2_EMB48_IRRIG_REPROD00007.asd;B2;EMB48;IRRIG;D03M;manha;D03
svm;agrupado;todos;1;treino;536;B2_EMB48_NIRRIG_REPROD00000.asd;B2;EMB48;NIRRIG;D03M;manha;D03
svm;agrupado;todos;1;treino;537;B2_EMB48_NIRRIG_REPROD00001.asd;B2;EMB48;NIRRIG;D03M;manha;D03
svm;agrupado;todos;1;treino;539;B2_EMB48_NIRRIG_REPROD00003.asd;B2;EMB48;NIRRIG;D03M;manha;D03
svm;agrupado;todos;1;treino;540;B2_EMB48_NIRRIG_REPROD00004.asd;B2;EMB48;NIRRIG;D03M;manha;D03
svm;agrupado;todos;1;treino;541;B2_EMB48_NIRRIG_REPROD00005.asd;B2;EMB48;NIRRIG;D03M;manha;D03
svm;agrupado;todos;1;treino;543;B2_EMB48_NIRRIG_REPROD00007.asd;B2;EMB48;NIRRIG;D03M;manha;D03
svm;agrupado;todos;1;treino;545;B3_EMB48_IRRIG_REPROD00001.asd;B3;EMB48;IRRIG;D03M;manha;D03
svm;agrupado;todos;1;treino;547;B3_EMB48_IRRIG_REPROD00003.asd;B3;EMB48;IRRIG;D03M;manha;D03
svm;agrupado;todos;1;treino;548;B3_EMB48_IRRIG_REPROD00004.asd;B3;EMB48;IRRIG;D03M;manha;D03
svm;agrupado;todos;1;treino;549;B3_EMB48_IRRIG_REPROD00005.asd;B3;EMB48;IRRIG;D03M;manha;D03
svm;agrupado;todos;1;treino;550;B3_EMB48_IRRIG_REPROD00006.asd;B3;EMB48;IRRIG;D03M;manha;D03
svm;agrupado;todos;1;treino;551;B3_EMB48_IRRIG_REPROD00007.asd;B3;EMB48;IRRIG;D03M;manha;D03
svm;agrupado;todos;1;treino;552;B3_EMB48_NIRRIG_REPROD00000.asd;B3;EMB48;NIRRIG;D03M;manha;D03
svm;agrupado;todos;1;treino;553;B3_EMB48_NIRRIG_REPROD00001.asd;B3;EMB48;NIRRIG;D03M;manha;D03
svm;agrupado;todos;1;treino;554;B3_EMB48_NIRRIG_REPROD00002.asd;B3;EMB48;NIRRIG;D03M;manha;D03
svm;agrupado;todos;1;treino;555;B3_EMB48_NIRRIG_REPROD00003.asd;B3;EMB48;NIRRIG;D03M;manha;D03
svm;agrupado;todos;1;treino;556;B3_EMB48_NIRRIG_REPROD00004.asd;B3;EMB48;NIRRIG;D03M;manha;D03
svm;agrupado;todos;1;treino;557;B3_EMB48_NIRRIG_REPROD00005.asd;B3;EMB48;NIRRIG;D03M;manha;D03
svm;agrupado;todos;1;treino;560;B4_EMB48_IRRIG_REPROD00000.asd;B4;EMB48;IRRIG;D03M;manha;D03
svm;agrupado;todos;1;treino;561;B4_EMB48_IRRIG_REPROD00001.asd;B4;EMB48;IRRIG;D03M;manha;D03
svm;agrupado;todos;1;treino;562;B4_EMB48_IRRIG_REPROD00002.asd;B4;EMB48;IRRIG;D03M;manha;D03
svm;agrupado;todos;1;treino;563;B4_EMB48_IRRIG_REPROD00003.asd;B4;EMB48;IRRIG;D03M;manha;D03
svm;agrupado;todos;1;treino;564;B4_EMB48_IRRIG_REPROD00004.asd;B4;EMB48;IRRIG;D03M;manha;D03
svm;agrupado;todos;1;treino;565;B4_EMB48_IRRIG_REPROD00005.asd;B4;EMB48;IRRIG;D03M;manha;D03
svm;agrupado;todos;1;treino;566;B4_EMB48_IRRIG_REPROD00006.asd;B4;EMB48;IRRIG;D03M;manha;D03
svm;agrupado;todos;1;treino;567;B4_EMB48_IRRIG_REPROD00007.asd;B4;EMB48;IRRIG;D03M;manha;D03
svm;agrupado;todos;1;treino;569;B4_EMB48_NIRRIG_REPROD00001.asd;B4;EMB48;NIRRIG;D03M;manha;D03
svm;agrupado;todos;1;treino;571;B4_EMB48_NIRRIG_REPROD00003.asd;B4;EMB48;NIRRIG;D03M;manha;D03
svm;agrupado;todos;1;treino;573;B4_EMB48_NIRRIG_REPROD00005.asd;B4;EMB48;NIRRIG;D03M;manha;D03
svm;agrupado;todos;1;treino;574;B4_EMB48_NIRRIG_REPROD00006.asd;B4;EMB48;NIRRIG;D03M;manha;D03
svm;agrupado;todos;1;treino;576;B1_BR16_IRRIG_REPROD00000.asd;B1;BR16;IRRIG;D03T;tarde;D03
svm;agrupado;todos;1;treino;577;B1_BR16_IRRIG_REPROD00001.asd;B1;BR16;IRRIG;D03T;tarde;D03
svm;agrupado;todos;1;treino;578;B1_BR16_IRRIG_REPROD00002.asd;B1;BR16;IRRIG;D03T;tarde;D03
svm;agrupado;todos;1;treino;580;B1_BR16_IRRIG_REPROD00004.asd;B1;BR16;IRRIG;D03T;tarde;D03
svm;agrupado;todos;1;treino;581;B1_BR16_IRRIG_REPROD00005.asd;B1;BR16;IRRIG;D03T;tarde;D03
svm;agrupado;todos;1;treino;582;B1_BR16_IRRIG_REPROD00006.asd;B1;BR16;IRRIG;D03T;tarde;D03
svm;agrupado;todos;1;treino;584;B1_BR16_NIRRIG_REPROD00000.asd;B1;BR16;NIRRIG;D03T;tarde;D03
svm;agrupado;todos;1;treino;585;B1_BR16_NIRRIG_REPROD00001.asd;B1;BR16;NIRRIG;D03T;tarde;D03
svm;agrupado;todos;1;treino;586;B1_BR16_NIRRIG_REPROD00002.asd;B1;BR16;NIRRIG;D03T;tarde;D03
svm;agrupado;todos;1;treino;587;B1_BR16_NIRRIG_REPROD00003.asd;B1;BR16;NIRRIG;D03T;tarde;D03
svm;agrupado;todos;1;treino;588;B1_BR16_NIRRIG_REPROD00004.asd;B1;BR16;NIRRIG;D03T;tarde;D03
svm;agrupado;todos;1;treino;589;B1_BR16_NIRRIG_REPROD00005.asd;B1;BR16;NIRRIG;D03T;tarde;D03
svm;agrupado;todos;1;treino;590;B1_BR16_NIRRIG_REPROD00006.asd;B1;BR16;NIRRIG;D03T;tarde;D03
svm;agrupado;todos;1;treino;591;B1_BR16_NIRRIG_REPROD00007.asd;B1;BR16;NIRRIG;D03T;tarde;D03
svm;agrupado;todos;1;treino;592;B2_BR16_IRRIG_REPROD00000.asd;B2;BR16;IRRIG;D03T;tarde;D03
svm;agrupado;todos;1;treino;593;B2_BR16_IRRIG_REPROD00001.asd;B2;BR16;IRRIG;D03T;tarde;D03
svm;agrupado;todos;1;treino;595;B2_BR16_IRRIG_REPROD00003.asd;B2;BR16;IRRIG;D03T;tarde;D03
svm;agrupado;todos;1;treino;596;B2_BR16_IRRIG_REPROD00004.asd;B2;BR16;IRRIG;D03T;tarde;D03
svm;agrupado;todos;1;treino;597;B2_BR16_IRRIG_REPROD00005.asd;B2;BR16;IRRIG;D03T;tarde;D03
svm;agrupado;todos;1;treino;598;B2_BR16_IRRIG_REPROD00006.asd;B2;BR16;IRRIG;D03T;tarde;D03
svm;agrupado;todos;1;treino;599;B2_BR16_IRRIG_REPROD00007.asd;B2;BR16;IRRIG;D03T;tarde;D03
svm;agrupado;todos;1;treino;600;B2_BR16_NIRRIG_REPROD00000.asd;B2;BR16;NIRRIG;D03T;tarde;D03
svm;agrupado;todos;1;treino;601;B2_BR16_NIRRIG_REPROD00001.asd;B2;BR16;NIRRIG;D03T;tarde;D03
svm;agrupado;todos;1;treino;602;B2_BR16_NIRRIG_REPROD00002.asd;B2;BR16;NIRRIG;D03T;tarde;D03
svm;agrupado;todos;1;treino;603;B2_BR16_NIRRIG_REPROD00003.asd;B2;BR16;NIRRIG;D03T;tarde;D03
svm;agrupado;todos;1;treino;606;B2_BR16_NIRRIG_REPROD00006.asd;B2;BR16;NIRRIG;D03T;tarde;D03
svm;agrupado;todos;1;treino;607;B2_BR16_NIRRIG_REPROD00007.asd;B2;BR16;NIRRIG;D03T;tarde;D03
svm;agrupado;todos;1;treino;608;B3_BR16_IRRIG_REPROD00000.asd;B3;BR16;IRRIG;D03T;tarde;D03
svm;agrupado;todos;1;treino;610;B3_BR16_IRRIG_REPROD00002.asd;B3;BR16;IRRIG;D03T;tarde;D03
svm;agrupado;todos;1;treino;611;B3_BR16_IRRIG_REPROD00003.asd;B3;BR16;IRRIG;D03T;tarde;D03
svm;agrupado;todos;1;treino;612;B3_BR16_IRRIG_REPROD00004.asd;B3;BR16;IRRIG;D03T;tarde;D03
svm;agrupado;todos;1;treino;613;B3_BR16_IRRIG_REPROD00005.asd;B3;BR16;IRRIG;D03T;tarde;D03
svm;agrupado;todos;1;treino;614;B3_BR16_IRRIG_REPROD00006.asd;B3;BR16;IRRIG;D03T;tarde;D03
svm;agrupado;todos;1;treino;615;B3_BR16_IRRIG_REPROD00007.asd;B3;BR16;IRRIG;D03T;tarde;D03
svm;agrupado;todos;1;treino;616;B3_BR16_NIRRIG_REPROD00000.asd;B3;BR16;NIRRIG;D03T;tarde;D03
svm;agrupado;todos;1;treino;617;B3_BR16_NIRRIG_REPROD00001.asd;B3;BR16;NIRRIG;D03T;tarde;D03
svm;agrupado;todos;1;treino;618;B3_BR16_NIRRIG_REPROD00002.asd;B3;BR16;NIRRIG;D03T;tarde;D03
svm;agrupado;todos;1;treino;619;B3_BR16_NIRRIG_REPROD00003.asd;B3;BR16;NIRRIG;D03T;tarde;D03
svm;agrupado;todos;1;treino;621;B3_BR16_NIRRIG_REPROD00005.asd;B3;BR16;NIRRIG;D03T;tarde;D03
svm;agrupado;todos;1;treino;622;B3_BR16_NIRRIG_REPROD00006.asd;B3;BR16;NIRRIG;D03T;tarde;D03
svm;agrupado;todos;1;treino;623;B3_BR16_NIRRIG_REPROD00007.asd;B3;BR16;NIRRIG;D03T;tarde;D03
svm;agrupado;todos;1;treino;624;B4_BR16_IRRIG_REPROD00000.asd;B4;BR16;IRRIG;D03T;tarde;D03
svm;agrupado;todos;1;treino;626;B4_BR16_IRRIG_REPROD00002.asd;B4;BR16;IRRIG;D03T;tarde;D03
svm;agrupado;todos;1;treino;627;B4_BR16_IRRIG_REPROD00003.asd;B4;BR16;IRRIG;D03T;tarde;D03
svm;agrupado;todos;1;treino;628;B4_BR16_IRRIG_REPROD00004.asd;B4;BR16;IRRIG;D03T;tarde;D03
svm;agrupado;todos;1;treino;629;B4_BR16_IRRIG_REPROD00005.asd;B4;BR16;IRRIG;D03T;tarde;D03
svm;agrupado;todos;1;treino;630;B4_BR16_IRRIG_REPROD00006.asd;B4;BR16;IRRIG;D03T;tarde;D03
svm;agrupado;todos;1;treino;632;B4_BR16_NIRRIG_REPROD00000.asd;B4;BR16;NIRRIG;D03T;tarde;D03
svm;agrupado;todos;1;treino;633;B4_BR16_NIRRIG_REPROD00001.asd;B4;BR16;NIRRIG;D03T;tarde;D03
svm;agrupado;todos;1;treino;634;B4_BR16_NIRRIG_REPROD00002.asd;B4;BR16;NIRRIG;D03T;tarde;D03
svm;agrupado;todos;1;treino;635;B4_BR16_NIRRIG_REPROD00003.asd;B4;BR16;NIRRIG;D03T;tarde;D03
svm;agrupado;todos;1;treino;636;B4_BR16_NIRRIG_REPROD00004.asd;B4;BR16;NIRRIG;D03T;tarde;D03
svm;agrupado;todos;1;treino;638;B4_BR16_NIRRIG_REPROD00006.asd;B4;BR16;NIRRIG;D03T;tarde;D03
svm;agrupado;todos;1;treino;640;B1_CD202_IRRIG_REPROD00000.asd;B1;CD202;IRRIG;D03T;tarde;D03
svm;agrupado;todos;1;treino;641;B1_CD202_IRRIG_REPROD00001.asd;B1;CD202;IRRIG;D03T;tarde;D03
svm;agrupado;todos;1;treino;642;B1_CD202_IRRIG_REPROD00002.asd;B1;CD202;IRRIG;D03T;tarde;D03
svm;agrupado;todos;1;treino;645;B1_CD202_IRRIG_REPROD00005.asd;B1;CD202;IRRIG;D03T;tarde;D03
svm;agrupado;todos;1;treino;647;B1_CD202_IRRIG_REPROD00007.asd;B1;CD202;IRRIG;D03T;tarde;D03
svm;agrupado;todos;1;treino;648;B1_CD202_NIRRIG_REPROD00000.asd;B1;CD202;NIRRIG;D03T;tarde;D03
svm;agrupado;todos;1;treino;649;B1_CD202_NIRRIG_REPROD00001.asd;B1;CD202;NIRRIG;D03T;tarde;D03
svm;agrupado;todos;1;treino;650;B1_CD202_NIRRIG_REPROD00002.asd;B1;CD202;NIRRIG;D03T;tarde;D03
svm;agrupado;todos;1;treino;651;B1_CD202_NIRRIG_REPROD00003.asd;B1;CD202;NIRRIG;D03T;tarde;D03
svm;agrupado;todos;1;treino;652;B1_CD202_NIRRIG_REPROD00004.asd;B1;CD202;NIRRIG;D03T;tarde;D03
svm;agrupado;todos;1;treino;653;B1_CD202_NIRRIG_REPROD00005.asd;B1;CD202;NIRRIG;D03T;tarde;D03
svm;agrupado;todos;1;treino;655;B1_CD202_NIRRIG_REPROD00007.asd;B1;CD202;NIRRIG;D03T;tarde;D03
svm;agrupado;todos;1;treino;658;B2_CD202_IRRIG_REPROD00002.asd;B2;CD202;IRRIG;D03T;tarde;D03
svm;agrupado;todos;1;treino;659;B2_CD202_IRRIG_REPROD00003.asd;B2;CD202;IRRIG;D03T;tarde;D03
svm;agrupado;todos;1;treino;660;B2_CD202_IRRIG_REPROD00004.asd;B2;CD202;IRRIG;D03T;tarde;D03
svm;agrupado;todos;1;treino;661;B2_CD202_IRRIG_REPROD00005.asd;B2;CD202;IRRIG;D03T;tarde;D03
svm;agrupado;todos;1;treino;663;B2_CD202_IRRIG_REPROD00007.asd;B2;CD202;IRRIG;D03T;tarde;D03
svm;agrupado;todos;1;treino;664;B2_CD202_NIRRIG_REPROD00000.asd;B2;CD202;NIRRIG;D03T;tarde;D03
svm;agrupado;todos;1;treino;665;B2_CD202_NIRRIG_REPROD00001.asd;B2;CD202;NIRRIG;D03T;tarde;D03
svm;agrupado;todos;1;treino;666;B2_CD202_NIRRIG_REPROD00002.asd;B2;CD202;NIRRIG;D03T;tarde;D03
svm;agrupado;todos;1;treino;667;B2_CD202_NIRRIG_REPROD00003.asd;B2;CD202;NIRRIG;D03T;tarde;D03
svm;agrupado;todos;1;treino;668;B2_CD202_NIRRIG_REPROD00004.asd;B2;CD202;NIRRIG;D03T;tarde;D03
svm;agrupado;todos;1;treino;669;B2_CD202_NIRRIG_REPROD00005.asd;B2;CD202;NIRRIG;D03T;tarde;D03
svm;agrupado;todos;1;treino;671;B2_CD202_NIRRIG_REPROD00007.asd;B2;CD202;NIRRIG;D03T;tarde;D03
svm;agrupado;todos;1;treino;672;B3_CD202_IRRIG_REPROD00000.asd;B3;CD202;IRRIG;D03T;tarde;D03
svm;agrupado;todos;1;treino;673;B3_CD202_IRRIG_REPROD00001.asd;B3;CD202;IRRIG;D03T;tarde;D03
svm;agrupado;todos;1;treino;675;B3_CD202_IRRIG_REPROD00003.asd;B3;CD202;IRRIG;D03T;tarde;D03
svm;agrupado;todos;1;treino;676;B3_CD202_IRRIG_REPROD00004.asd;B3;CD202;IRRIG;D03T;tarde;D03
svm;agrupado;todos;1;treino;677;B3_CD202_IRRIG_REPROD00005.asd;B3;CD202;IRRIG;D03T;tarde;D03
svm;agrupado;todos;1;treino;678;B3_CD202_IRRIG_REPROD00006.asd;B3;CD202;IRRIG;D03T;tarde;D03
svm;agrupado;todos;1;treino;679;B3_CD202_IRRIG_REPROD00007.asd;B3;CD202;IRRIG;D03T;tarde;D03
svm;agrupado;todos;1;treino;680;B3_CD202_NIRRIG_REPROD00000.asd;B3;CD202;NIRRIG;D03T;tarde;D03
svm;agrupado;todos;1;treino;682;B3_CD202_NIRRIG_REPROD00002.asd;B3;CD202;NIRRIG;D03T;tarde;D03
svm;agrupado;todos;1;treino;683;B3_CD202_NIRRIG_REPROD00003.asd;B3;CD202;NIRRIG;D03T;tarde;D03
svm;agrupado;todos;1;treino;684;B3_CD202_NIRRIG_REPROD00004.asd;B3;CD202;NIRRIG;D03T;tarde;D03
svm;agrupado;todos;1;treino;685;B3_CD202_NIRRIG_REPROD00005.asd;B3;CD202;NIRRIG;D03T;tarde;D03
svm;agrupado;todos;1;treino;686;B3_CD202_NIRRIG_REPROD00006.asd;B3;CD202;NIRRIG;D03T;tarde;D03
svm;agrupado;todos;1;treino;687;B3_CD202_NIRRIG_REPROD00007.asd;B3;CD202;NIRRIG;D03T;tarde;D03
svm;agrupado;todos;1;treino;688;B4_CD202_IRRIG_REPROD00000.asd;B4;CD202;IRRIG;D03T;tarde;D03
svm;agrupado;todos;1;treino;689;B4_CD202_IRRIG_REPROD00001.asd;B4;CD202;IRRIG;D03T;tarde;D03
svm;agrupado;todos;1;treino;690;B4_CD202_IRRIG_REPROD00002.asd;B4;CD202;IRRIG;D03T;tarde;D03
svm;agrupado;todos;1;treino;692;B4_CD202_IRRIG_REPROD00004.asd;B4;CD202;IRRIG;D03T;tarde;D03
svm;agrupado;todos;1;treino;694;B4_CD202_IRRIG_REPROD00006.asd;B4;CD202;IRRIG;D03T;tarde;D03
svm;agrupado;todos;1;treino;695;B4_CD202_IRRIG_REPROD00007.asd;B4;CD202;IRRIG;D03T;tarde;D03
svm;agrupado;todos;1;treino;696;B4_CD202_NIRRIG_REPROD00000.asd;B4;CD202;NIRRIG;D03T;tarde;D03
svm;agrupado;todos;1;treino;697;B4_CD202_NIRRIG_REPROD00001.asd;B4;CD202;NIRRIG;D03T;tarde;D03
svm;agrupado;todos;1;treino;698;B4_CD202_NIRRIG_REPROD00002.asd;B4;CD202;NIRRIG;D03T;tarde;D03
svm;agrupado;todos;1;treino;699;B4_CD202_NIRRIG_REPROD00003.asd;B4;CD202;NIRRIG;D03T;tarde;D03
svm;agrupado;todos;1;treino;700;B4_CD202_NIRRIG_REPROD00004.asd;B4;CD202;NIRRIG;D03T;tarde;D03
svm;agrupado;todos;1;treino;701;B4_CD202_NIRRIG_REPROD00005.asd;B4;CD202;NIRRIG;D03T;tarde;D03
svm;agrupado;todos;1;treino;702;B4_CD202_NIRRIG_REPROD00006.asd;B4;CD202;NIRRIG;D03T;tarde;D03
svm;agrupado;todos;1;treino;707;B1_EMB48_IRRIG_REPROD00003.asd;B1;EMB48;IRRIG;D03T;tarde;D03
svm;agrupado;todos;1;treino;708;B1_EMB48_IRRIG_REPROD00004.asd;B1;EMB48;IRRIG;D03T;tarde;D03
svm;agrupado;todos;1;treino;709;B1_EMB48_IRRIG_REPROD00005.asd;B1;EMB48;IRRIG;D03T;tarde;D03
svm;agrupado;todos;1;treino;710;B1_EMB48_IRRIG_REPROD00006.asd;B1;EMB48;IRRIG;D03T;tarde;D03
svm;agrupado;todos;1;treino;711;B1_EMB48_IRRIG_REPROD00007.asd;B1;EMB48;IRRIG;D03T;tarde;D03
svm;agrupado;todos;1;treino;712;B1_EMB48_NIRRIG_REPROD00000.asd;B1;EMB48;NIRRIG;D03T;tarde;D03
svm;agrupado;todos;1;treino;713;B1_EMB48_NIRRIG_REPROD00001.asd;B1;EMB48;NIRRIG;D03T;tarde;D03
svm;agrupado;todos;1;treino;714;B1_EMB48_NIRRIG_REPROD00002.asd;B1;EMB48;NIRRIG;D03T;tarde;D03
svm;agrupado;todos;1;treino;715;B1_EMB48_NIRRIG_REPROD00003.asd;B1;EMB48;NIRRIG;D03T;tarde;D03
svm;agrupado;todos;1;treino;716;B1_EMB48_NIRRIG_REPROD00004.asd;B1;EMB48;NIRRIG;D03T;tarde;D03
svm;agrupado;todos;1;treino;718;B1_EMB48_NIRRIG_REPROD00006.asd;B1;EMB48;NIRRIG;D03T;tarde;D03
svm;agrupado;todos;1;treino;720;B2_EMB48_IRRIG_REPROD00000.asd;B2;EMB48;IRRIG;D03T;tarde;D03
svm;agrupado;todos;1;treino;721;B2_EMB48_IRRIG_REPROD00001.asd;B2;EMB48;IRRIG;D03T;tarde;D03
svm;agrupado;todos;1;treino;722;B2_EMB48_IRRIG_REPROD00002.asd;B2;EMB48;IRRIG;D03T;tarde;D03
svm;agrupado;todos;1;treino;723;B2_EMB48_IRRIG_REPROD00003.asd;B2;EMB48;IRRIG;D03T;tarde;D03
svm;agrupado;todos;1;treino;724;B2_EMB48_IRRIG_REPROD00004.asd;B2;EMB48;IRRIG;D03T;tarde;D03
svm;agrupado;todos;1;treino;725;B2_EMB48_IRRIG_REPROD00005.asd;B2;EMB48;IRRIG;D03T;tarde;D03
svm;agrupado;todos;1;treino;726;B2_EMB48_IRRIG_REPROD00006.asd;B2;EMB48;IRRIG;D03T;tarde;D03
svm;agrupado;todos;1;treino;727;B2_EMB48_IRRIG_REPROD00007.asd;B2;EMB48;IRRIG;D03T;tarde;D03
svm;agrupado;todos;1;treino;728;B2_EMB48_NIRRIG_REPROD00000.asd;B2;EMB48;NIRRIG;D03T;tarde;D03
svm;agrupado;todos;1;treino;729;B2_EMB48_NIRRIG_REPROD00001.asd;B2;EMB48;NIRRIG;D03T;tarde;D03
svm;agrupado;todos;1;treino;731;B2_EMB48_NIRRIG_REPROD00003.asd;B2;EMB48;NIRRIG;D03T;tarde;D03
svm;agrupado;todos;1;treino;732;B2_EMB48_NIRRIG_REPROD00004.asd;B2;EMB48;NIRRIG;D03T;tarde;D03
svm;agrupado;todos;1;treino;733;B2_EMB48_NIRRIG_REPROD00005.asd;B2;EMB48;NIRRIG;D03T;tarde;D03
svm;agrupado;todos;1;treino;735;B2_EMB48_NIRRIG_REPROD00007.asd;B2;EMB48;NIRRIG;D03T;tarde;D03
svm;agrupado;todos;1;treino;737;B3_EMB48_IRRIG_REPROD00001.asd;B3;EMB48;IRRIG;D03T;tarde;D03
svm;agrupado;todos;1;treino;739;B3_EMB48_IRRIG_REPROD00003.asd;B3;EMB48;IRRIG;D03T;tarde;D03
svm;agrupado;todos;1;treino;740;B3_EMB48_IRRIG_REPROD00004.asd;B3;EMB48;IRRIG;D03T;tarde;D03
svm;agrupado;todos;1;treino;741;B3_EMB48_IRRIG_REPROD00005.asd;B3;EMB48;IRRIG;D03T;tarde;D03
svm;agrupado;todos;1;treino;742;B3_EMB48_IRRIG_REPROD00006.asd;B3;EMB48;IRRIG;D03T;tarde;D03
svm;agrupado;todos;1;treino;743;B3_EMB48_IRRIG_REPROD00007.asd;B3;EMB48;IRRIG;D03T;tarde;D03
svm;agrupado;todos;1;treino;744;B3_EMB48_NIRRIG_REPROD00000.asd;B3;EMB48;NIRRIG;D03T;tarde;D03
svm;agrupado;todos;1;treino;745;B3_EMB48_NIRRIG_REPROD00001.asd;B3;EMB48;NIRRIG;D03T;tarde;D03
svm;agrupado;todos;1;treino;746;B3_EMB48_NIRRIG_REPROD00002.asd;B3;EMB48;NIRRIG;D03T;tarde;D03
svm;agrupado;todos;1;treino;747;B3_EMB48_NIRRIG_REPROD00003.asd;B3;EMB48;NIRRIG;D03T;tarde;D03
svm;agrupado;todos;1;treino;748;B3_EMB48_NIRRIG_REPROD00004.asd;B3;EMB48;NIRRIG;D03T;tarde;D03
svm;agrupado;todos;1;treino;749;B3_EMB48_NIRRIG_REPROD00005.asd;B3;EMB48;NIRRIG;D03T;tarde;D03
svm;agrupado;todos;1;treino;752;B4_EMB48_IRRIG_REPROD00000.asd;B4;EMB48;IRRIG;D03T;tarde;D03
svm;agrupado;todos;1;treino;753;B4_EMB48_IRRIG_REPROD00001.asd;B4;EMB48;IRRIG;D03T;tarde;D03
svm;agrupado;todos;1;treino;754;B4_EMB48_IRRIG_REPROD00002.asd;B4;EMB48;IRRIG;D03T;tarde;D03
svm;agrupado;todos;1;treino;755;B4_EMB48_IRRIG_REPROD00003.asd;B4;EMB48;IRRIG;D03T;tarde;D03
svm;agrupado;todos;1;treino;756;B4_EMB48_IRRIG_REPROD00004.asd;B4;EMB48;IRRIG;D03T;tarde;D03
svm;agrupado;todos;1;treino;757;B4_EMB48_IRRIG_REPROD00005.asd;B4;EMB48;IRRIG;D03T;tarde;D03
svm;agrupado;todos;1;treino;758;B4_EMB48_IRRIG_REPROD00006.asd;B4;EMB48;IRRIG;D03T;tarde;D03
svm;agrupado;todos;1;treino;759;B4_EMB48_IRRIG_REPROD00007.asd;B4;EMB48;IRRIG;D03T;tarde;D03
svm;agrupado;todos;1;treino;761;B4_EMB48_NIRRIG_REPROD00001.asd;B4;EMB48;NIRRIG;D03T;tarde;D03
svm;agrupado;todos;1;treino;763;B4_EMB48_NIRRIG_REPROD00003.asd;B4;EMB48;NIRRIG;D03T;tarde;D03
svm;agrupado;todos;1;treino;765;B4_EMB48_NIRRIG_REPROD00005.asd;B4;EMB48;NIRRIG;D03T;tarde;D03
svm;agrupado;todos;1;treino;766;B4_EMB48_NIRRIG_REPROD00006.asd;B4;EMB48;NIRRIG;D03T;tarde;D03
svm;agrupado;todos;1;treino;768;B1_BR16_IRRIG_REPROD00000.asd;B1;BR16;IRRIG;D04M;manha;D04
svm;agrupado;todos;1;treino;769;B1_BR16_IRRIG_REPROD00001.asd;B1;BR16;IRRIG;D04M;manha;D04
svm;agrupado;todos;1;treino;770;B1_BR16_IRRIG_REPROD00002.asd;B1;BR16;IRRIG;D04M;manha;D04
svm;agrupado;todos;1;treino;772;B1_BR16_IRRIG_REPROD00004.asd;B1;BR16;IRRIG;D04M;manha;D04
svm;agrupado;todos;1;treino;773;B1_BR16_IRRIG_REPROD00005.asd;B1;BR16;IRRIG;D04M;manha;D04
svm;agrupado;todos;1;treino;774;B1_BR16_IRRIG_REPROD00006.asd;B1;BR16;IRRIG;D04M;manha;D04
svm;agrupado;todos;1;treino;776;B1_BR16_NIRRIG_REPROD00000.asd;B1;BR16;NIRRIG;D04M;manha;D04
svm;agrupado;todos;1;treino;777;B1_BR16_NIRRIG_REPROD00001.asd;B1;BR16;NIRRIG;D04M;manha;D04
svm;agrupado;todos;1;treino;778;B1_BR16_NIRRIG_REPROD00002.asd;B1;BR16;NIRRIG;D04M;manha;D04
svm;agrupado;todos;1;treino;779;B1_BR16_NIRRIG_REPROD00003.asd;B1;BR16;NIRRIG;D04M;manha;D04
svm;agrupado;todos;1;treino;780;B1_BR16_NIRRIG_REPROD00004.asd;B1;BR16;NIRRIG;D04M;manha;D04
svm;agrupado;todos;1;treino;781;B1_BR16_NIRRIG_REPROD00005.asd;B1;BR16;NIRRIG;D04M;manha;D04
svm;agrupado;todos;1;treino;782;B1_BR16_NIRRIG_REPROD00006.asd;B1;BR16;NIRRIG;D04M;manha;D04
svm;agrupado;todos;1;treino;783;B1_BR16_NIRRIG_REPROD00007.asd;B1;BR16;NIRRIG;D04M;manha;D04
svm;agrupado;todos;1;treino;784;B2_BR16_IRRIG_REPROD00000.asd;B2;BR16;IRRIG;D04M;manha;D04
svm;agrupado;todos;1;treino;785;B2_BR16_IRRIG_REPROD00001.asd;B2;BR16;IRRIG;D04M;manha;D04
svm;agrupado;todos;1;treino;787;B2_BR16_IRRIG_REPROD00003.asd;B2;BR16;IRRIG;D04M;manha;D04
svm;agrupado;todos;1;treino;788;B2_BR16_IRRIG_REPROD00004.asd;B2;BR16;IRRIG;D04M;manha;D04
svm;agrupado;todos;1;treino;789;B2_BR16_IRRIG_REPROD00005.asd;B2;BR16;IRRIG;D04M;manha;D04
svm;agrupado;todos;1;treino;790;B2_BR16_IRRIG_REPROD00006.asd;B2;BR16;IRRIG;D04M;manha;D04
svm;agrupado;todos;1;treino;791;B2_BR16_IRRIG_REPROD00007.asd;B2;BR16;IRRIG;D04M;manha;D04
svm;agrupado;todos;1;treino;792;B2_BR16_NIRRIG_REPROD00000.asd;B2;BR16;NIRRIG;D04M;manha;D04
svm;agrupado;todos;1;treino;793;B2_BR16_NIRRIG_REPROD00001.asd;B2;BR16;NIRRIG;D04M;manha;D04
svm;agrupado;todos;1;treino;794;B2_BR16_NIRRIG_REPROD00002.asd;B2;BR16;NIRRIG;D04M;manha;D04
svm;agrupado;todos;1;treino;795;B2_BR16_NIRRIG_REPROD00003.asd;B2;BR16;NIRRIG;D04M;manha;D04
svm;agrupado;todos;1;treino;798;B2_BR16_NIRRIG_REPROD00006.asd;B2;BR16;NIRRIG;D04M;manha;D04
svm;agrupado;todos;1;treino;799;B2_BR16_NIRRIG_REPROD00007.asd;B2;BR16;NIRRIG;D04M;manha;D04
svm;agrupado;todos;1;treino;800;B3_BR16_IRRIG_REPROD00000.asd;B3;BR16;IRRIG;D04M;manha;D04
svm;agrupado;todos;1;treino;802;B3_BR16_IRRIG_REPROD00002.asd;B3;BR16;IRRIG;D04M;manha;D04
svm;agrupado;todos;1;treino;803;B3_BR16_IRRIG_REPROD00003.asd;B3;BR16;IRRIG;D04M;manha;D04
svm;agrupado;todos;1;treino;804;B3_BR16_IRRIG_REPROD00004.asd;B3;BR16;IRRIG;D04M;manha;D04
svm;agrupado;todos;1;treino;805;B3_BR16_IRRIG_REPROD00005.asd;B3;BR16;IRRIG;D04M;manha;D04
svm;agrupado;todos;1;treino;806;B3_BR16_IRRIG_REPROD00006.asd;B3;BR16;IRRIG;D04M;manha;D04
svm;agrupado;todos;1;treino;807;B3_BR16_IRRIG_REPROD00007.asd;B3;BR16;IRRIG;D04M;manha;D04
svm;agrupado;todos;1;treino;808;B3_BR16_NIRRIG_REPROD00000.asd;B3;BR16;NIRRIG;D04M;manha;D04
svm;agrupado;todos;1;treino;809;B3_BR16_NIRRIG_REPROD00001.asd;B3;BR16;NIRRIG;D04M;manha;D04
svm;agrupado;todos;1;treino;810;B3_BR16_NIRRIG_REPROD00002.asd;B3;BR16;NIRRIG;D04M;manha;D04
svm;agrupado;todos;1;treino;811;B3_BR16_NIRRIG_REPROD00003.asd;B3;BR16;NIRRIG;D04M;manha;D04
svm;agrupado;todos;1;treino;813;B3_BR16_NIRRIG_REPROD00005.asd;B3;BR16;NIRRIG;D04M;manha;D04
svm;agrupado;todos;1;treino;814;B3_BR16_NIRRIG_REPROD00006.asd;B3;BR16;NIRRIG;D04M;manha;D04
svm;agrupado;todos;1;treino;815;B3_BR16_NIRRIG_REPROD00007.asd;B3;BR16;NIRRIG;D04M;manha;D04
svm;agrupado;todos;1;treino;816;B4_BR16_IRRIG_REPROD00000.asd;B4;BR16;IRRIG;D04M;manha;D04
svm;agrupado;todos;1;treino;818;B4_BR16_IRRIG_REPROD00002.asd;B4;BR16;IRRIG;D04M;manha;D04
svm;agrupado;todos;1;treino;819;B4_BR16_IRRIG_REPROD00003.asd;B4;BR16;IRRIG;D04M;manha;D04
svm;agrupado;todos;1;treino;820;B4_BR16_IRRIG_REPROD00004.asd;B4;BR16;IRRIG;D04M;manha;D04
svm;agrupado;todos;1;treino;821;B4_BR16_IRRIG_REPROD00005.asd;B4;BR16;IRRIG;D04M;manha;D04
svm;agrupado;todos;1;treino;822;B4_BR16_IRRIG_REPROD00006.asd;B4;BR16;IRRIG;D04M;manha;D04
svm;agrupado;todos;1;treino;824;B4_BR16_NIRRIG_REPROD00000.asd;B4;BR16;NIRRIG;D04M;manha;D04
svm;agrupado;todos;1;treino;825;B4_BR16_NIRRIG_REPROD00001.asd;B4;BR16;NIRRIG;D04M;manha;D04
svm;agrupado;todos;1;treino;826;B4_BR16_NIRRIG_REPROD00002.asd;B4;BR16;NIRRIG;D04M;manha;D04
svm;agrupado;todos;1;treino;827;B4_BR16_NIRRIG_REPROD00003.asd;B4;BR16;NIRRIG;D04M;manha;D04
svm;agrupado;todos;1;treino;828;B4_BR16_NIRRIG_REPROD00004.asd;B4;BR16;NIRRIG;D04M;manha;D04
svm;agrupado;todos;1;treino;830;B4_BR16_NIRRIG_REPROD00006.asd;B4;BR16;NIRRIG;D04M;manha;D04
svm;agrupado;todos;1;treino;832;B1_CD202_IRRIG_REPROD00000.asd;B1;CD202;IRRIG;D04M;manha;D04
svm;agrupado;todos;1;treino;833;B1_CD202_IRRIG_REPROD00001.asd;B1;CD202;IRRIG;D04M;manha;D04
svm;agrupado;todos;1;treino;834;B1_CD202_IRRIG_REPROD00002.asd;B1;CD202;IRRIG;D04M;manha;D04
svm;agrupado;todos;1;treino;837;B1_CD202_IRRIG_REPROD00005.asd;B1;CD202;IRRIG;D04M;manha;D04
svm;agrupado;todos;1;treino;839;B1_CD202_IRRIG_REPROD00007.asd;B1;CD202;IRRIG;D04M;manha;D04
svm;agrupado;todos;1;treino;840;B1_CD202_NIRRIG_REPROD00000.asd;B1;CD202;NIRRIG;D04M;manha;D04
svm;agrupado;todos;1;treino;841;B1_CD202_NIRRIG_REPROD00001.asd;B1;CD202;NIRRIG;D04M;manha;D04
svm;agrupado;todos;1;treino;842;B1_CD202_NIRRIG_REPROD00002.asd;B1;CD202;NIRRIG;D04M;manha;D04
svm;agrupado;todos;1;treino;843;B1_CD202_NIRRIG_REPROD00003.asd;B1;CD202;NIRRIG;D04M;manha;D04
svm;agrupado;todos;1;treino;844;B1_CD202_NIRRIG_REPROD00004.asd;B1;CD202;NIRRIG;D04M;manha;D04
svm;agrupado;todos;1;treino;845;B1_CD202_NIRRIG_REPROD00005.asd;B1;CD202;NIRRIG;D04M;manha;D04
svm;agrupado;todos;1;treino;847;B1_CD202_NIRRIG_REPROD00007.asd;B1;CD202;NIRRIG;D04M;manha;D04
svm;agrupado;todos;1;treino;850;B2_CD202_IRRIG_REPROD00002.asd;B2;CD202;IRRIG;D04M;manha;D04
svm;agrupado;todos;1;treino;851;B2_CD202_IRRIG_REPROD00003.asd;B2;CD202;IRRIG;D04M;manha;D04
svm;agrupado;todos;1;treino;852;B2_CD202_IRRIG_REPROD00004.asd;B2;CD202;IRRIG;D04M;manha;D04
svm;agrupado;todos;1;treino;853;B2_CD202_IRRIG_REPROD00005.asd;B2;CD202;IRRIG;D04M;manha;D04
svm;agrupado;todos;1;treino;855;B2_CD202_IRRIG_REPROD00007.asd;B2;CD202;IRRIG;D04M;manha;D04
svm;agrupado;todos;1;treino;856;B2_CD202_NIRRIG_REPROD00000.asd;B2;CD202;NIRRIG;D04M;manha;D04
svm;agrupado;todos;1;treino;857;B2_CD202_NIRRIG_REPROD00001.asd;B2;CD202;NIRRIG;D04M;manha;D04
svm;agrupado;todos;1;treino;858;B2_CD202_NIRRIG_REPROD00002.asd;B2;CD202;NIRRIG;D04M;manha;D04
svm;agrupado;todos;1;treino;859;B2_CD202_NIRRIG_REPROD00003.asd;B2;CD202;NIRRIG;D04M;manha;D04
svm;agrupado;todos;1;treino;860;B2_CD202_NIRRIG_REPROD00004.asd;B2;CD202;NIRRIG;D04M;manha;D04
svm;agrupado;todos;1;treino;861;B2_CD202_NIRRIG_REPROD00005.asd;B2;CD202;NIRRIG;D04M;manha;D04
svm;agrupado;todos;1;treino;863;B2_CD202_NIRRIG_REPROD00007.asd;B2;CD202;NIRRIG;D04M;manha;D04
svm;agrupado;todos;1;treino;864;B3_CD202_IRRIG_REPROD00000.asd;B3;CD202;IRRIG;D04M;manha;D04
svm;agrupado;todos;1;treino;865;B3_CD202_IRRIG_REPROD00001.asd;B3;CD202;IRRIG;D04M;manha;D04
svm;agrupado;todos;1;treino;867;B3_CD202_IRRIG_REPROD00003.asd;B3;CD202;IRRIG;D04M;manha;D04
svm;agrupado;todos;1;treino;868;B3_CD202_IRRIG_REPROD00004.asd;B3;CD202;IRRIG;D04M;manha;D04
svm;agrupado;todos;1;treino;869;B3_CD202_IRRIG_REPROD00005.asd;B3;CD202;IRRIG;D04M;manha;D04
svm;agrupado;todos;1;treino;870;B3_CD202_IRRIG_REPROD00006.asd;B3;CD202;IRRIG;D04M;manha;D04
svm;agrupado;todos;1;treino;871;B3_CD202_IRRIG_REPROD00007.asd;B3;CD202;IRRIG;D04M;manha;D04
svm;agrupado;todos;1;treino;872;B3_CD202_NIRRIG_REPROD00000.asd;B3;CD202;NIRRIG;D04M;manha;D04
svm;agrupado;todos;1;treino;874;B3_CD202_NIRRIG_REPROD00002.asd;B3;CD202;NIRRIG;D04M;manha;D04
svm;agrupado;todos;1;treino;875;B3_CD202_NIRRIG_REPROD00003.asd;B3;CD202;NIRRIG;D04M;manha;D04
svm;agrupado;todos;1;treino;876;B3_CD202_NIRRIG_REPROD00004.asd;B3;CD202;NIRRIG;D04M;manha;D04
svm;agrupado;todos;1;treino;877;B3_CD202_NIRRIG_REPROD00005.asd;B3;CD202;NIRRIG;D04M;manha;D04
svm;agrupado;todos;1;treino;878;B3_CD202_NIRRIG_REPROD00006.asd;B3;CD202;NIRRIG;D04M;manha;D04
svm;agrupado;todos;1;treino;879;B3_CD202_NIRRIG_REPROD00007.asd;B3;CD202;NIRRIG;D04M;manha;D04
svm;agrupado;todos;1;treino;880;B4_CD202_IRRIG_REPROD00000.asd;B4;CD202;IRRIG;D04M;manha;D04
svm;agrupado;todos;1;treino;881;B4_CD202_IRRIG_REPROD00001.asd;B4;CD202;IRRIG;D04M;manha;D04
svm;agrupado;todos;1;treino;882;B4_CD202_IRRIG_REPROD00002.asd;B4;CD202;IRRIG;D04M;manha;D04
svm;agrupado;todos;1;treino;884;B4_CD202_IRRIG_REPROD00004.asd;B4;CD202;IRRIG;D04M;manha;D04
svm;agrupado;todos;1;treino;886;B4_CD202_IRRIG_REPROD00006.asd;B4;CD202;IRRIG;D04M;manha;D04
svm;agrupado;todos;1;treino;887;B4_CD202_IRRIG_REPROD00007.asd;B4;CD202;IRRIG;D04M;manha;D04
svm;agrupado;todos;1;treino;888;B4_CD202_NIRRIG_REPROD00000.asd;B4;CD202;NIRRIG;D04M;manha;D04
svm;agrupado;todos;1;treino;889;B4_CD202_NIRRIG_REPROD00001.asd;B4;CD202;NIRRIG;D04M;manha;D04
svm;agrupado;todos;1;treino;890;B4_CD202_NIRRIG_REPROD00002.asd;B4;CD202;NIRRIG;D04M;manha;D04
svm;agrupado;todos;1;treino;891;B4_CD202_NIRRIG_REPROD00003.asd;B4;CD202;NIRRIG;D04M;manha;D04
svm;agrupado;todos;1;treino;892;B4_CD202_NIRRIG_REPROD00004.asd;B4;CD202;NIRRIG;D04M;manha;D04
svm;agrupado;todos;1;treino;893;B4_CD202_NIRRIG_REPROD00005.asd;B4;CD202;NIRRIG;D04M;manha;D04
svm;agrupado;todos;1;treino;894;B4_CD202_NIRRIG_REPROD00006.asd;B4;CD202;NIRRIG;D04M;manha;D04
svm;agrupado;todos;1;treino;899;B1_EMB48_IRRIG_REPROD00003.asd;B1;EMB48;IRRIG;D04M;manha;D04
svm;agrupado;todos;1;treino;900;B1_EMB48_IRRIG_REPROD00004.asd;B1;EMB48;IRRIG;D04M;manha;D04
svm;agrupado;todos;1;treino;901;B1_EMB48_IRRIG_REPROD00005.asd;B1;EMB48;IRRIG;D04M;manha;D04
svm;agrupado;todos;1;treino;902;B1_EMB48_IRRIG_REPROD00006.asd;B1;EMB48;IRRIG;D04M;manha;D04
svm;agrupado;todos;1;treino;903;B1_EMB48_IRRIG_REPROD00007.asd;B1;EMB48;IRRIG;D04M;manha;D04
svm;agrupado;todos;1;treino;904;B1_EMB48_NIRRIG_REPROD00000.asd;B1;EMB48;NIRRIG;D04M;manha;D04
svm;agrupado;todos;1;treino;905;B1_EMB48_NIRRIG_REPROD00001.asd;B1;EMB48;NIRRIG;D04M;manha;D04
svm;agrupado;todos;1;treino;906;B1_EMB48_NIRRIG_REPROD00002.asd;B1;EMB48;NIRRIG;D04M;manha;D04
svm;agrupado;todos;1;treino;907;B1_EMB48_NIRRIG_REPROD00003.asd;B1;EMB48;NIRRIG;D04M;manha;D04
svm;agrupado;todos;1;treino;908;B1_EMB48_NIRRIG_REPROD00004.asd;B1;EMB48;NIRRIG;D04M;manha;D04
svm;agrupado;todos;1;treino;910;B1_EMB48_NIRRIG_REPROD00006.asd;B1;EMB48;NIRRIG;D04M;manha;D04
svm;agrupado;todos;1;treino;912;B2_EMB48_IRRIG_REPROD00000.asd;B2;EMB48;IRRIG;D04M;manha;D04
svm;agrupado;todos;1;treino;913;B2_EMB48_IRRIG_REPROD00001.asd;B2;EMB48;IRRIG;D04M;manha;D04
svm;agrupado;todos;1;treino;914;B2_EMB48_IRRIG_REPROD00002.asd;B2;EMB48;IRRIG;D04M;manha;D04
svm;agrupado;todos;1;treino;915;B2_EMB48_IRRIG_REPROD00003.asd;B2;EMB48;IRRIG;D04M;manha;D04
svm;agrupado;todos;1;treino;916;B2_EMB48_IRRIG_REPROD00004.asd;B2;EMB48;IRRIG;D04M;manha;D04
svm;agrupado;todos;1;treino;917;B2_EMB48_IRRIG_REPROD00005.asd;B2;EMB48;IRRIG;D04M;manha;D04
svm;agrupado;todos;1;treino;918;B2_EMB48_IRRIG_REPROD00006.asd;B2;EMB48;IRRIG;D04M;manha;D04
svm;agrupado;todos;1;treino;919;B2_EMB48_IRRIG_REPROD00007.asd;B2;EMB48;IRRIG;D04M;manha;D04
svm;agrupado;todos;1;treino;920;B2_EMB48_NIRRIG_REPROD00000.asd;B2;EMB48;NIRRIG;D04M;manha;D04
svm;agrupado;todos;1;treino;921;B2_EMB48_NIRRIG_REPROD00001.asd;B2;EMB48;NIRRIG;D04M;manha;D04
svm;agrupado;todos;1;treino;923;B2_EMB48_NIRRIG_REPROD00003.asd;B2;EMB48;NIRRIG;D04M;manha;D04
svm;agrupado;todos;1;treino;924;B2_EMB48_NIRRIG_REPROD00004.asd;B2;EMB48;NIRRIG;D04M;manha;D04
svm;agrupado;todos;1;treino;925;B2_EMB48_NIRRIG_REPROD00005.asd;B2;EMB48;NIRRIG;D04M;manha;D04
svm;agrupado;todos;1;treino;927;B2_EMB48_NIRRIG_REPROD00007.asd;B2;EMB48;NIRRIG;D04M;manha;D04
svm;agrupado;todos;1;treino;929;B3_EMB48_IRRIG_REPROD00001.asd;B3;EMB48;IRRIG;D04M;manha;D04
svm;agrupado;todos;1;treino;931;B3_EMB48_IRRIG_REPROD00003.asd;B3;EMB48;IRRIG;D04M;manha;D04
svm;agrupado;todos;1;treino;932;B3_EMB48_IRRIG_REPROD00004.asd;B3;EMB48;IRRIG;D04M;manha;D04
svm;agrupado;todos;1;treino;933;B3_EMB48_IRRIG_REPROD00005.asd;B3;EMB48;IRRIG;D04M;manha;D04
svm;agrupado;todos;1;treino;934;B3_EMB48_IRRIG_REPROD00006.asd;B3;EMB48;IRRIG;D04M;manha;D04
svm;agrupado;todos;1;treino;935;B3_EMB48_IRRIG_REPROD00007.asd;B3;EMB48;IRRIG;D04M;manha;D04
svm;agrupado;todos;1;treino;936;B3_EMB48_NIRRIG_REPROD00000.asd;B3;EMB48;NIRRIG;D04M;manha;D04
svm;agrupado;todos;1;treino;937;B3_EMB48_NIRRIG_REPROD00001.asd;B3;EMB48;NIRRIG;D04M;manha;D04
svm;agrupado;todos;1;treino;938;B3_EMB48_NIRRIG_REPROD00002.asd;B3;EMB48;NIRRIG;D04M;manha;D04
svm;agrupado;todos;1;treino;939;B3_EMB48_NIRRIG_REPROD00003.asd;B3;EMB48;NIRRIG;D04M;manha;D04
svm;agrupado;todos;1;treino;940;B3_EMB48_NIRRIG_REPROD00004.asd;B3;EMB48;NIRRIG;D04M;manha;D04
svm;agrupado;todos;1;treino;941;B3_EMB48_NIRRIG_REPROD00005.asd;B3;EMB48;NIRRIG;D04M;manha;D04
svm;agrupado;todos;1;treino;944;B4_EMB48_IRRIG_REPROD00000.asd;B4;EMB48;IRRIG;D04M;manha;D04
svm;agrupado;todos;1;treino;945;B4_EMB48_IRRIG_REPROD00001.asd;B4;EMB48;IRRIG;D04M;manha;D04
svm;agrupado;todos;1;treino;946;B4_EMB48_IRRIG_REPROD00002.asd;B4;EMB48;IRRIG;D04M;manha;D04
svm;agrupado;todos;1;treino;947;B4_EMB48_IRRIG_REPROD00003.asd;B4;EMB48;IRRIG;D04M;manha;D04
svm;agrupado;todos;1;treino;948;B4_EMB48_IRRIG_REPROD00004.asd;B4;EMB48;IRRIG;D04M;manha;D04
svm;agrupado;todos;1;treino;949;B4_EMB48_IRRIG_REPROD00005.asd;B4;EMB48;IRRIG;D04M;manha;D04
svm;agrupado;todos;1;treino;950;B4_EMB48_IRRIG_REPROD00006.asd;B4;EMB48;IRRIG;D04M;manha;D04
svm;agrupado;todos;1;treino;951;B4_EMB48_IRRIG_REPROD00007.asd;B4;EMB48;IRRIG;D04M;manha;D04
svm;agrupado;todos;1;treino;953;B4_EMB48_NIRRIG_REPROD00001.asd;B4;EMB48;NIRRIG;D04M;manha;D04
svm;agrupado;todos;1;treino;955;B4_EMB48_NIRRIG_REPROD00003.asd;B4;EMB48;NIRRIG;D04M;manha;D04
svm;agrupado;todos;1;treino;957;B4_EMB48_NIRRIG_REPROD00005.asd;B4;EMB48;NIRRIG;D04M;manha;D04
svm;agrupado;todos;1;treino;958;B4_EMB48_NIRRIG_REPROD00006.asd;B4;EMB48;NIRRIG;D04M;manha;D04
svm;agrupado;todos;1;treino;960;B1_BR16_IRRIG_REPROD00000.asd;B1;BR16;IRRIG;D05M;manha;D05
svm;agrupado;todos;1;treino;961;B1_BR16_IRRIG_REPROD00001.asd;B1;BR16;IRRIG;D05M;manha;D05
svm;agrupado;todos;1;treino;962;B1_BR16_IRRIG_REPROD00002.asd;B1;BR16;IRRIG;D05M;manha;D05
svm;agrupado;todos;1;treino;964;B1_BR16_IRRIG_REPROD00004.asd;B1;BR16;IRRIG;D05M;manha;D05
svm;agrupado;todos;1;treino;965;B1_BR16_IRRIG_REPROD00005.asd;B1;BR16;IRRIG;D05M;manha;D05
svm;agrupado;todos;1;treino;966;B1_BR16_IRRIG_REPROD00006.asd;B1;BR16;IRRIG;D05M;manha;D05
svm;agrupado;todos;1;treino;968;B1_BR16_NIRRIG_REPROD00000.asd;B1;BR16;NIRRIG;D05M;manha;D05
svm;agrupado;todos;1;treino;969;B1_BR16_NIRRIG_REPROD00001.asd;B1;BR16;NIRRIG;D05M;manha;D05
svm;agrupado;todos;1;treino;970;B1_BR16_NIRRIG_REPROD00002.asd;B1;BR16;NIRRIG;D05M;manha;D05
svm;agrupado;todos;1;treino;971;B1_BR16_NIRRIG_REPROD00003.asd;B1;BR16;NIRRIG;D05M;manha;D05
svm;agrupado;todos;1;treino;972;B1_BR16_NIRRIG_REPROD00004.asd;B1;BR16;NIRRIG;D05M;manha;D05
svm;agrupado;todos;1;treino;973;B1_BR16_NIRRIG_REPROD00005.asd;B1;BR16;NIRRIG;D05M;manha;D05
svm;agrupado;todos;1;treino;974;B1_BR16_NIRRIG_REPROD00006.asd;B1;BR16;NIRRIG;D05M;manha;D05
svm;agrupado;todos;1;treino;975;B1_BR16_NIRRIG_REPROD00007.asd;B1;BR16;NIRRIG;D05M;manha;D05
svm;agrupado;todos;1;treino;976;B2_BR16_IRRIG_REPROD00000.asd;B2;BR16;IRRIG;D05M;manha;D05
svm;agrupado;todos;1;treino;977;B2_BR16_IRRIG_REPROD00001.asd;B2;BR16;IRRIG;D05M;manha;D05
svm;agrupado;todos;1;treino;979;B2_BR16_IRRIG_REPROD00003.asd;B2;BR16;IRRIG;D05M;manha;D05
svm;agrupado;todos;1;treino;980;B2_BR16_IRRIG_REPROD00004.asd;B2;BR16;IRRIG;D05M;manha;D05
svm;agrupado;todos;1;treino;981;B2_BR16_IRRIG_REPROD00005.asd;B2;BR16;IRRIG;D05M;manha;D05
svm;agrupado;todos;1;treino;982;B2_BR16_IRRIG_REPROD00006.asd;B2;BR16;IRRIG;D05M;manha;D05
svm;agrupado;todos;1;treino;983;B2_BR16_IRRIG_REPROD00007.asd;B2;BR16;IRRIG;D05M;manha;D05
svm;agrupado;todos;1;treino;984;B2_BR16_NIRRIG_REPROD00000.asd;B2;BR16;NIRRIG;D05M;manha;D05
svm;agrupado;todos;1;treino;985;B2_BR16_NIRRIG_REPROD00001.asd;B2;BR16;NIRRIG;D05M;manha;D05
svm;agrupado;todos;1;treino;986;B2_BR16_NIRRIG_REPROD00002.asd;B2;BR16;NIRRIG;D05M;manha;D05
svm;agrupado;todos;1;treino;987;B2_BR16_NIRRIG_REPROD00003.asd;B2;BR16;NIRRIG;D05M;manha;D05
svm;agrupado;todos;1;treino;990;B2_BR16_NIRRIG_REPROD00006.asd;B2;BR16;NIRRIG;D05M;manha;D05
svm;agrupado;todos;1;treino;991;B2_BR16_NIRRIG_REPROD00007.asd;B2;BR16;NIRRIG;D05M;manha;D05
svm;agrupado;todos;1;treino;992;B3_BR16_IRRIG_REPROD00000.asd;B3;BR16;IRRIG;D05M;manha;D05
svm;agrupado;todos;1;treino;994;B3_BR16_IRRIG_REPROD00002.asd;B3;BR16;IRRIG;D05M;manha;D05
svm;agrupado;todos;1;treino;995;B3_BR16_IRRIG_REPROD00003.asd;B3;BR16;IRRIG;D05M;manha;D05
svm;agrupado;todos;1;treino;996;B3_BR16_IRRIG_REPROD00004.asd;B3;BR16;IRRIG;D05M;manha;D05
svm;agrupado;todos;1;treino;997;B3_BR16_IRRIG_REPROD00005.asd;B3;BR16;IRRIG;D05M;manha;D05
svm;agrupado;todos;1;treino;998;B3_BR16_IRRIG_REPROD00006.asd;B3;BR16;IRRIG;D05M;manha;D05
svm;agrupado;todos;1;treino;999;B3_BR16_IRRIG_REPROD00007.asd;B3;BR16;IRRIG;D05M;manha;D05
svm;agrupado;todos;1;treino;1000;B3_BR16_NIRRIG_REPROD00000.asd;B3;BR16;NIRRIG;D05M;manha;D05
svm;agrupado;todos;1;treino;1001;B3_BR16_NIRRIG_REPROD00001.asd;B3;BR16;NIRRIG;D05M;manha;D05
svm;agrupado;todos;1;treino;1002;B3_BR16_NIRRIG_REPROD00002.asd;B3;BR16;NIRRIG;D05M;manha;D05
svm;agrupado;todos;1;treino;1003;B3_BR16_NIRRIG_REPROD00003.asd;B3;BR16;NIRRIG;D05M;manha;D05
svm;agrupado;todos;1;treino;1005;B3_BR16_NIRRIG_REPROD00005.asd;B3;BR16;NIRRIG;D05M;manha;D05
svm;agrupado;todos;1;treino;1006;B3_BR16_NIRRIG_REPROD00006.asd;B3;BR16;NIRRIG;D05M;manha;D05
svm;agrupado;todos;1;treino;1007;B3_BR16_NIRRIG_REPROD00007.asd;B3;BR16;NIRRIG;D05M;manha;D05
svm;agrupado;todos;1;treino;1008;B4_BR16_IRRIG_REPROD00000.asd;B4;BR16;IRRIG;D05M;manha;D05
svm;agrupado;todos;1;treino;1010;B4_BR16_IRRIG_REPROD00002.asd;B4;BR16;IRRIG;D05M;manha;D05
svm;agrupado;todos;1;treino;1011;B4_BR16_IRRIG_REPROD00003.asd;B4;BR16;IRRIG;D05M;manha;D05
svm;agrupado;todos;1;treino;1012;B4_BR16_IRRIG_REPROD00004.asd;B4;BR16;IRRIG;D05M;manha;D05
svm;agrupado;todos;1;treino;1013;B4_BR16_IRRIG_REPROD00005.asd;B4;BR16;IRRIG;D05M;manha;D05
svm;agrupado;todos;1;treino;1014;B4_BR16_IRRIG_REPROD00006.asd;B4;BR16;IRRIG;D05M;manha;D05
svm;agrupado;todos;1;treino;1016;B4_BR16_NIRRIG_REPROD00000.asd;B4;BR16;NIRRIG;D05M;manha;D05
svm;agrupado;todos;1;treino;1017;B4_BR16_NIRRIG_REPROD00001.asd;B4;BR16;NIRRIG;D05M;manha;D05
svm;agrupado;todos;1;treino;1018;B4_BR16_NIRRIG_REPROD00002.asd;B4;BR16;NIRRIG;D05M;manha;D05
svm;agrupado;todos;1;treino;1019;B4_BR16_NIRRIG_REPROD00003.asd;B4;BR16;NIRRIG;D05M;manha;D05
svm;agrupado;todos;1;treino;1020;B4_BR16_NIRRIG_REPROD00004.asd;B4;BR16;NIRRIG;D05M;manha;D05
svm;agrupado;todos;1;treino;1022;B4_BR16_NIRRIG_REPROD00006.asd;B4;BR16;NIRRIG;D05M;manha;D05
svm;agrupado;todos;1;treino;1024;B1_CD202_IRRIG_REPROD00000.asd;B1;CD202;IRRIG;D05M;manha;D05
svm;agrupado;todos;1;treino;1025;B1_CD202_IRRIG_REPROD00001.asd;B1;CD202;IRRIG;D05M;manha;D05
svm;agrupado;todos;1;treino;1026;B1_CD202_IRRIG_REPROD00002.asd;B1;CD202;IRRIG;D05M;manha;D05
svm;agrupado;todos;1;treino;1029;B1_CD202_IRRIG_REPROD00005.asd;B1;CD202;IRRIG;D05M;manha;D05
svm;agrupado;todos;1;treino;1031;B1_CD202_IRRIG_REPROD00007.asd;B1;CD202;IRRIG;D05M;manha;D05
svm;agrupado;todos;1;treino;1032;B1_CD202_NIRRIG_REPROD00000.asd;B1;CD202;NIRRIG;D05M;manha;D05
svm;agrupado;todos;1;treino;1033;B1_CD202_NIRRIG_REPROD00001.asd;B1;CD202;NIRRIG;D05M;manha;D05
svm;agrupado;todos;1;treino;1034;B1_CD202_NIRRIG_REPROD00002.asd;B1;CD202;NIRRIG;D05M;manha;D05
svm;agrupado;todos;1;treino;1035;B1_CD202_NIRRIG_REPROD00003.asd;B1;CD202;NIRRIG;D05M;manha;D05
svm;agrupado;todos;1;treino;1036;B1_CD202_NIRRIG_REPROD00004.asd;B1;CD202;NIRRIG;D05M;manha;D05
svm;agrupado;todos;1;treino;1037;B1_CD202_NIRRIG_REPROD00005.asd;B1;CD202;NIRRIG;D05M;manha;D05
svm;agrupado;todos;1;treino;1039;B1_CD202_NIRRIG_REPROD00007.asd;B1;CD202;NIRRIG;D05M;manha;D05
svm;agrupado;todos;1;treino;1042;B2_CD202_IRRIG_REPROD00002.asd;B2;CD202;IRRIG;D05M;manha;D05
svm;agrupado;todos;1;treino;1043;B2_CD202_IRRIG_REPROD00003.asd;B2;CD202;IRRIG;D05M;manha;D05
svm;agrupado;todos;1;treino;1044;B2_CD202_IRRIG_REPROD00004.asd;B2;CD202;IRRIG;D05M;manha;D05
svm;agrupado;todos;1;treino;1045;B2_CD202_IRRIG_REPROD00005.asd;B2;CD202;IRRIG;D05M;manha;D05
svm;agrupado;todos;1;treino;1047;B2_CD202_IRRIG_REPROD00007.asd;B2;CD202;IRRIG;D05M;manha;D05
svm;agrupado;todos;1;treino;1048;B2_CD202_NIRRIG_REPROD00000.asd;B2;CD202;NIRRIG;D05M;manha;D05
svm;agrupado;todos;1;treino;1049;B2_CD202_NIRRIG_REPROD00001.asd;B2;CD202;NIRRIG;D05M;manha;D05
svm;agrupado;todos;1;treino;1050;B2_CD202_NIRRIG_REPROD00002.asd;B2;CD202;NIRRIG;D05M;manha;D05
svm;agrupado;todos;1;treino;1051;B2_CD202_NIRRIG_REPROD00003.asd;B2;CD202;NIRRIG;D05M;manha;D05
svm;agrupado;todos;1;treino;1052;B2_CD202_NIRRIG_REPROD00004.asd;B2;CD202;NIRRIG;D05M;manha;D05
svm;agrupado;todos;1;treino;1053;B2_CD202_NIRRIG_REPROD00005.asd;B2;CD202;NIRRIG;D05M;manha;D05
svm;agrupado;todos;1;treino;1055;B2_CD202_NIRRIG_REPROD00007.asd;B2;CD202;NIRRIG;D05M;manha;D05
svm;agrupado;todos;1;treino;1056;B3_CD202_IRRIG_REPROD00000.asd;B3;CD202;IRRIG;D05M;manha;D05
svm;agrupado;todos;1;treino;1057;B3_CD202_IRRIG_REPROD00001.asd;B3;CD202;IRRIG;D05M;manha;D05
svm;agrupado;todos;1;treino;1059;B3_CD202_IRRIG_REPROD00003.asd;B3;CD202;IRRIG;D05M;manha;D05
svm;agrupado;todos;1;treino;1060;B3_CD202_IRRIG_REPROD00004.asd;B3;CD202;IRRIG;D05M;manha;D05
svm;agrupado;todos;1;treino;1061;B3_CD202_IRRIG_REPROD00005.asd;B3;CD202;IRRIG;D05M;manha;D05
svm;agrupado;todos;1;treino;1062;B3_CD202_IRRIG_REPROD00006.asd;B3;CD202;IRRIG;D05M;manha;D05
svm;agrupado;todos;1;treino;1063;B3_CD202_IRRIG_REPROD00007.asd;B3;CD202;IRRIG;D05M;manha;D05
svm;agrupado;todos;1;treino;1064;B3_CD202_NIRRIG_REPROD00000.asd;B3;CD202;NIRRIG;D05M;manha;D05
svm;agrupado;todos;1;treino;1066;B3_CD202_NIRRIG_REPROD00002.asd;B3;CD202;NIRRIG;D05M;manha;D05
svm;agrupado;todos;1;treino;1067;B3_CD202_NIRRIG_REPROD00003.asd;B3;CD202;NIRRIG;D05M;manha;D05
svm;agrupado;todos;1;treino;1068;B3_CD202_NIRRIG_REPROD00004.asd;B3;CD202;NIRRIG;D05M;manha;D05
svm;agrupado;todos;1;treino;1069;B3_CD202_NIRRIG_REPROD00005.asd;B3;CD202;NIRRIG;D05M;manha;D05
svm;agrupado;todos;1;treino;1070;B3_CD202_NIRRIG_REPROD00006.asd;B3;CD202;NIRRIG;D05M;manha;D05
svm;agrupado;todos;1;treino;1071;B3_CD202_NIRRIG_REPROD00007.asd;B3;CD202;NIRRIG;D05M;manha;D05
svm;agrupado;todos;1;treino;1072;B4_CD202_IRRIG_REPROD00000.asd;B4;CD202;IRRIG;D05M;manha;D05
svm;agrupado;todos;1;treino;1073;B4_CD202_IRRIG_REPROD00001.asd;B4;CD202;IRRIG;D05M;manha;D05
svm;agrupado;todos;1;treino;1074;B4_CD202_IRRIG_REPROD00002.asd;B4;CD202;IRRIG;D05M;manha;D05
svm;agrupado;todos;1;treino;1076;B4_CD202_IRRIG_REPROD00004.asd;B4;CD202;IRRIG;D05M;manha;D05
svm;agrupado;todos;1;treino;1078;B4_CD202_IRRIG_REPROD00006.asd;B4;CD202;IRRIG;D05M;manha;D05
svm;agrupado;todos;1;treino;1079;B4_CD202_IRRIG_REPROD00007.asd;B4;CD202;IRRIG;D05M;manha;D05
svm;agrupado;todos;1;treino;1080;B4_CD202_NIRRIG_REPROD00000.asd;B4;CD202;NIRRIG;D05M;manha;D05
svm;agrupado;todos;1;treino;1081;B4_CD202_NIRRIG_REPROD00001.asd;B4;CD202;NIRRIG;D05M;manha;D05
svm;agrupado;todos;1;treino;1082;B4_CD202_NIRRIG_REPROD00002.asd;B4;CD202;NIRRIG;D05M;manha;D05
svm;agrupado;todos;1;treino;1083;B4_CD202_NIRRIG_REPROD00003.asd;B4;CD202;NIRRIG;D05M;manha;D05
svm;agrupado;todos;1;treino;1084;B4_CD202_NIRRIG_REPROD00004.asd;B4;CD202;NIRRIG;D05M;manha;D05
svm;agrupado;todos;1;treino;1085;B4_CD202_NIRRIG_REPROD00005.asd;B4;CD202;NIRRIG;D05M;manha;D05
svm;agrupado;todos;1;treino;1086;B4_CD202_NIRRIG_REPROD00006.asd;B4;CD202;NIRRIG;D05M;manha;D05
svm;agrupado;todos;1;treino;1091;B1_EMB48_IRRIG_REPROD00003.asd;B1;EMB48;IRRIG;D05M;manha;D05
svm;agrupado;todos;1;treino;1092;B1_EMB48_IRRIG_REPROD00004.asd;B1;EMB48;IRRIG;D05M;manha;D05
svm;agrupado;todos;1;treino;1093;B1_EMB48_IRRIG_REPROD00005.asd;B1;EMB48;IRRIG;D05M;manha;D05
svm;agrupado;todos;1;treino;1094;B1_EMB48_IRRIG_REPROD00006.asd;B1;EMB48;IRRIG;D05M;manha;D05
svm;agrupado;todos;1;treino;1095;B1_EMB48_IRRIG_REPROD00007.asd;B1;EMB48;IRRIG;D05M;manha;D05
svm;agrupado;todos;1;treino;1096;B1_EMB48_NIRRIG_REPROD00000.asd;B1;EMB48;NIRRIG;D05M;manha;D05
svm;agrupado;todos;1;treino;1097;B1_EMB48_NIRRIG_REPROD00001.asd;B1;EMB48;NIRRIG;D05M;manha;D05
svm;agrupado;todos;1;treino;1098;B1_EMB48_NIRRIG_REPROD00002.asd;B1;EMB48;NIRRIG;D05M;manha;D05
svm;agrupado;todos;1;treino;1099;B1_EMB48_NIRRIG_REPROD00003.asd;B1;EMB48;NIRRIG;D05M;manha;D05
svm;agrupado;todos;1;treino;1100;B1_EMB48_NIRRIG_REPROD00004.asd;B1;EMB48;NIRRIG;D05M;manha;D05
svm;agrupado;todos;1;treino;1102;B1_EMB48_NIRRIG_REPROD00006.asd;B1;EMB48;NIRRIG;D05M;manha;D05
svm;agrupado;todos;1;treino;1104;B2_EMB48_IRRIG_REPROD00000.asd;B2;EMB48;IRRIG;D05M;manha;D05
svm;agrupado;todos;1;treino;1105;B2_EMB48_IRRIG_REPROD00001.asd;B2;EMB48;IRRIG;D05M;manha;D05
svm;agrupado;todos;1;treino;1106;B2_EMB48_IRRIG_REPROD00002.asd;B2;EMB48;IRRIG;D05M;manha;D05
svm;agrupado;todos;1;treino;1107;B2_EMB48_IRRIG_REPROD00003.asd;B2;EMB48;IRRIG;D05M;manha;D05
svm;agrupado;todos;1;treino;1108;B2_EMB48_IRRIG_REPROD00004.asd;B2;EMB48;IRRIG;D05M;manha;D05
svm;agrupado;todos;1;treino;1109;B2_EMB48_IRRIG_REPROD00005.asd;B2;EMB48;IRRIG;D05M;manha;D05
svm;agrupado;todos;1;treino;1110;B2_EMB48_IRRIG_REPROD00006.asd;B2;EMB48;IRRIG;D05M;manha;D05
svm;agrupado;todos;1;treino;1111;B2_EMB48_IRRIG_REPROD00007.asd;B2;EMB48;IRRIG;D05M;manha;D05
svm;agrupado;todos;1;treino;1112;B2_EMB48_NIRRIG_REPROD00000.asd;B2;EMB48;NIRRIG;D05M;manha;D05
svm;agrupado;todos;1;treino;1113;B2_EMB48_NIRRIG_REPROD00001.asd;B2;EMB48;NIRRIG;D05M;manha;D05
svm;agrupado;todos;1;treino;1115;B2_EMB48_NIRRIG_REPROD00003.asd;B2;EMB48;NIRRIG;D05M;manha;D05
svm;agrupado;todos;1;treino;1116;B2_EMB48_NIRRIG_REPROD00004.asd;B2;EMB48;NIRRIG;D05M;manha;D05
svm;agrupado;todos;1;treino;1117;B2_EMB48_NIRRIG_REPROD00005.asd;B2;EMB48;NIRRIG;D05M;manha;D05
svm;agrupado;todos;1;treino;1119;B2_EMB48_NIRRIG_REPROD00007.asd;B2;EMB48;NIRRIG;D05M;manha;D05
svm;agrupado;todos;1;treino;1121;B3_EMB48_IRRIG_REPROD00001.asd;B3;EMB48;IRRIG;D05M;manha;D05
svm;agrupado;todos;1;treino;1123;B3_EMB48_IRRIG_REPROD00003.asd;B3;EMB48;IRRIG;D05M;manha;D05
svm;agrupado;todos;1;treino;1124;B3_EMB48_IRRIG_REPROD00004.asd;B3;EMB48;IRRIG;D05M;manha;D05
svm;agrupado;todos;1;treino;1125;B3_EMB48_IRRIG_REPROD00005.asd;B3;EMB48;IRRIG;D05M;manha;D05
svm;agrupado;todos;1;treino;1126;B3_EMB48_IRRIG_REPROD00006.asd;B3;EMB48;IRRIG;D05M;manha;D05
svm;agrupado;todos;1;treino;1127;B3_EMB48_IRRIG_REPROD00007.asd;B3;EMB48;IRRIG;D05M;manha;D05
svm;agrupado;todos;1;treino;1128;B3_EMB48_NIRRIG_REPROD00000.asd;B3;EMB48;NIRRIG;D05M;manha;D05
svm;agrupado;todos;1;treino;1129;B3_EMB48_NIRRIG_REPROD00001.asd;B3;EMB48;NIRRIG;D05M;manha;D05
svm;agrupado;todos;1;treino;1130;B3_EMB48_NIRRIG_REPROD00002.asd;B3;EMB48;NIRRIG;D05M;manha;D05
svm;agrupado;todos;1;treino;1131;B3_EMB48_NIRRIG_REPROD00003.asd;B3;EMB48;NIRRIG;D05M;manha;D05
svm;agrupado;todos;1;treino;1132;B3_EMB48_NIRRIG_REPROD00004.asd;B3;EMB48;NIRRIG;D05M;manha;D05
svm;agrupado;todos;1;treino;1133;B3_EMB48_NIRRIG_REPROD00005.asd;B3;EMB48;NIRRIG;D05M;manha;D05
svm;agrupado;todos;1;treino;1136;B4_EMB48_IRRIG_REPROD00000.asd;B4;EMB48;IRRIG;D05M;manha;D05
svm;agrupado;todos;1;treino;1137;B4_EMB48_IRRIG_REPROD00001.asd;B4;EMB48;IRRIG;D05M;manha;D05
svm;agrupado;todos;1;treino;1138;B4_EMB48_IRRIG_REPROD00002.asd;B4;EMB48;IRRIG;D05M;manha;D05
svm;agrupado;todos;1;treino;1139;B4_EMB48_IRRIG_REPROD00003.asd;B4;EMB48;IRRIG;D05M;manha;D05
svm;agrupado;todos;1;treino;1140;B4_EMB48_IRRIG_REPROD00004.asd;B4;EMB48;IRRIG;D05M;manha;D05
svm;agrupado;todos;1;treino;1141;B4_EMB48_IRRIG_REPROD00005.asd;B4;EMB48;IRRIG;D05M;manha;D05
svm;agrupado;todos;1;treino;1142;B4_EMB48_IRRIG_REPROD00006.asd;B4;EMB48;IRRIG;D05M;manha;D05
svm;agrupado;todos;1;treino;1143;B4_EMB48_IRRIG_REPROD00007.asd;B4;EMB48;IRRIG;D05M;manha;D05
svm;agrupado;todos;1;treino;1145;B4_EMB48_NIRRIG_REPROD00001.asd;B4;EMB48;NIRRIG;D05M;manha;D05
svm;agrupado;todos;1;treino;1147;B4_EMB48_NIRRIG_REPROD00003.asd;B4;EMB48;NIRRIG;D05M;manha;D05
svm;agrupado;todos;1;treino;1149;B4_EMB48_NIRRIG_REPROD00005.asd;B4;EMB48;NIRRIG;D05M;manha;D05
svm;agrupado;todos;1;treino;1150;B4_EMB48_NIRRIG_REPROD00006.asd;B4;EMB48;NIRRIG;D05M;manha;D05
svm;agrupado;todos;1;treino;1152;B1_BR16_IRRIG_REPROD00000.asd;B1;BR16;IRRIG;D06M;manha;D06
svm;agrupado;todos;1;treino;1153;B1_BR16_IRRIG_REPROD00001.asd;B1;BR16;IRRIG;D06M;manha;D06
svm;agrupado;todos;1;treino;1154;B1_BR16_IRRIG_REPROD00002.asd;B1;BR16;IRRIG;D06M;manha;D06
svm;agrupado;todos;1;treino;1156;B1_BR16_IRRIG_REPROD00004.asd;B1;BR16;IRRIG;D06M;manha;D06
svm;agrupado;todos;1;treino;1157;B1_BR16_IRRIG_REPROD00005.asd;B1;BR16;IRRIG;D06M;manha;D06
svm;agrupado;todos;1;treino;1158;B1_BR16_IRRIG_REPROD00006.asd;B1;BR16;IRRIG;D06M;manha;D06
svm;agrupado;todos;1;treino;1160;B1_BR16_NIRRIG_REPROD00000.asd;B1;BR16;NIRRIG;D06M;manha;D06
svm;agrupado;todos;1;treino;1161;B1_BR16_NIRRIG_REPROD00001.asd;B1;BR16;NIRRIG;D06M;manha;D06
svm;agrupado;todos;1;treino;1162;B1_BR16_NIRRIG_REPROD00002.asd;B1;BR16;NIRRIG;D06M;manha;D06
svm;agrupado;todos;1;treino;1163;B1_BR16_NIRRIG_REPROD00003.asd;B1;BR16;NIRRIG;D06M;manha;D06
svm;agrupado;todos;1;treino;1164;B1_BR16_NIRRIG_REPROD00004.asd;B1;BR16;NIRRIG;D06M;manha;D06
svm;agrupado;todos;1;treino;1165;B1_BR16_NIRRIG_REPROD00005.asd;B1;BR16;NIRRIG;D06M;manha;D06
svm;agrupado;todos;1;treino;1166;B1_BR16_NIRRIG_REPROD00006.asd;B1;BR16;NIRRIG;D06M;manha;D06
svm;agrupado;todos;1;treino;1167;B1_BR16_NIRRIG_REPROD00007.asd;B1;BR16;NIRRIG;D06M;manha;D06
svm;agrupado;todos;1;treino;1168;B2_BR16_IRRIG_REPROD00000.asd;B2;BR16;IRRIG;D06M;manha;D06
svm;agrupado;todos;1;treino;1169;B2_BR16_IRRIG_REPROD00001.asd;B2;BR16;IRRIG;D06M;manha;D06
svm;agrupado;todos;1;treino;1171;B2_BR16_IRRIG_REPROD00003.asd;B2;BR16;IRRIG;D06M;manha;D06
svm;agrupado;todos;1;treino;1172;B2_BR16_IRRIG_REPROD00004.asd;B2;BR16;IRRIG;D06M;manha;D06
svm;agrupado;todos;1;treino;1173;B2_BR16_IRRIG_REPROD00005.asd;B2;BR16;IRRIG;D06M;manha;D06
svm;agrupado;todos;1;treino;1174;B2_BR16_IRRIG_REPROD00006.asd;B2;BR16;IRRIG;D06M;manha;D06
svm;agrupado;todos;1;treino;1175;B2_BR16_IRRIG_REPROD00007.asd;B2;BR16;IRRIG;D06M;manha;D06
svm;agrupado;todos;1;treino;1176;B2_BR16_NIRRIG_REPROD00000.asd;B2;BR16;NIRRIG;D06M;manha;D06
svm;agrupado;todos;1;treino;1177;B2_BR16_NIRRIG_REPROD00001.asd;B2;BR16;NIRRIG;D06M;manha;D06
svm;agrupado;todos;1;treino;1178;B2_BR16_NIRRIG_REPROD00002.asd;B2;BR16;NIRRIG;D06M;manha;D06
svm;agrupado;todos;1;treino;1179;B2_BR16_NIRRIG_REPROD00003.asd;B2;BR16;NIRRIG;D06M;manha;D06
svm;agrupado;todos;1;treino;1182;B2_BR16_NIRRIG_REPROD00006.asd;B2;BR16;NIRRIG;D06M;manha;D06
svm;agrupado;todos;1;treino;1183;B2_BR16_NIRRIG_REPROD00007.asd;B2;BR16;NIRRIG;D06M;manha;D06
svm;agrupado;todos;1;treino;1184;B3_BR16_IRRIG_REPROD00000.asd;B3;BR16;IRRIG;D06M;manha;D06
svm;agrupado;todos;1;treino;1186;B3_BR16_IRRIG_REPROD00002.asd;B3;BR16;IRRIG;D06M;manha;D06
svm;agrupado;todos;1;treino;1187;B3_BR16_IRRIG_REPROD00003.asd;B3;BR16;IRRIG;D06M;manha;D06
svm;agrupado;todos;1;treino;1188;B3_BR16_IRRIG_REPROD00004.asd;B3;BR16;IRRIG;D06M;manha;D06
svm;agrupado;todos;1;treino;1189;B3_BR16_IRRIG_REPROD00005.asd;B3;BR16;IRRIG;D06M;manha;D06
svm;agrupado;todos;1;treino;1190;B3_BR16_IRRIG_REPROD00006.asd;B3;BR16;IRRIG;D06M;manha;D06
svm;agrupado;todos;1;treino;1191;B3_BR16_IRRIG_REPROD00007.asd;B3;BR16;IRRIG;D06M;manha;D06
svm;agrupado;todos;1;treino;1192;B3_BR16_NIRRIG_REPROD00000.asd;B3;BR16;NIRRIG;D06M;manha;D06
svm;agrupado;todos;1;treino;1193;B3_BR16_NIRRIG_REPROD00001.asd;B3;BR16;NIRRIG;D06M;manha;D06
svm;agrupado;todos;1;treino;1194;B3_BR16_NIRRIG_REPROD00002.asd;B3;BR16;NIRRIG;D06M;manha;D06
svm;agrupado;todos;1;treino;1195;B3_BR16_NIRRIG_REPROD00003.asd;B3;BR16;NIRRIG;D06M;manha;D06
svm;agrupado;todos;1;treino;1197;B3_BR16_NIRRIG_REPROD00005.asd;B3;BR16;NIRRIG;D06M;manha;D06
svm;agrupado;todos;1;treino;1198;B3_BR16_NIRRIG_REPROD00006.asd;B3;BR16;NIRRIG;D06M;manha;D06
svm;agrupado;todos;1;treino;1199;B3_BR16_NIRRIG_REPROD00007.asd;B3;BR16;NIRRIG;D06M;manha;D06
svm;agrupado;todos;1;treino;1200;B4_BR16_IRRIG_REPROD00000.asd;B4;BR16;IRRIG;D06M;manha;D06
svm;agrupado;todos;1;treino;1202;B4_BR16_IRRIG_REPROD00002.asd;B4;BR16;IRRIG;D06M;manha;D06
svm;agrupado;todos;1;treino;1203;B4_BR16_IRRIG_REPROD00003.asd;B4;BR16;IRRIG;D06M;manha;D06
svm;agrupado;todos;1;treino;1204;B4_BR16_IRRIG_REPROD00004.asd;B4;BR16;IRRIG;D06M;manha;D06
svm;agrupado;todos;1;treino;1205;B4_BR16_IRRIG_REPROD00005.asd;B4;BR16;IRRIG;D06M;manha;D06
svm;agrupado;todos;1;treino;1206;B4_BR16_IRRIG_REPROD00006.asd;B4;BR16;IRRIG;D06M;manha;D06
svm;agrupado;todos;1;treino;1208;B4_BR16_NIRRIG_REPROD00000.asd;B4;BR16;NIRRIG;D06M;manha;D06
svm;agrupado;todos;1;treino;1209;B4_BR16_NIRRIG_REPROD00001.asd;B4;BR16;NIRRIG;D06M;manha;D06
svm;agrupado;todos;1;treino;1210;B4_BR16_NIRRIG_REPROD00002.asd;B4;BR16;NIRRIG;D06M;manha;D06
svm;agrupado;todos;1;treino;1211;B4_BR16_NIRRIG_REPROD00003.asd;B4;BR16;NIRRIG;D06M;manha;D06
svm;agrupado;todos;1;treino;1212;B4_BR16_NIRRIG_REPROD00004.asd;B4;BR16;NIRRIG;D06M;manha;D06
svm;agrupado;todos;1;treino;1214;B4_BR16_NIRRIG_REPROD00006.asd;B4;BR16;NIRRIG;D06M;manha;D06
svm;agrupado;todos;1;treino;1216;B1_CD202_IRRIG_REPROD00000.asd;B1;CD202;IRRIG;D06M;manha;D06
svm;agrupado;todos;1;treino;1217;B1_CD202_IRRIG_REPROD00001.asd;B1;CD202;IRRIG;D06M;manha;D06
svm;agrupado;todos;1;treino;1218;B1_CD202_IRRIG_REPROD00002.asd;B1;CD202;IRRIG;D06M;manha;D06
svm;agrupado;todos;1;treino;1221;B1_CD202_IRRIG_REPROD00005.asd;B1;CD202;IRRIG;D06M;manha;D06
svm;agrupado;todos;1;treino;1223;B1_CD202_IRRIG_REPROD00007.asd;B1;CD202;IRRIG;D06M;manha;D06
svm;agrupado;todos;1;treino;1224;B1_CD202_NIRRIG_REPROD00000.asd;B1;CD202;NIRRIG;D06M;manha;D06
svm;agrupado;todos;1;treino;1225;B1_CD202_NIRRIG_REPROD00001.asd;B1;CD202;NIRRIG;D06M;manha;D06
svm;agrupado;todos;1;treino;1226;B1_CD202_NIRRIG_REPROD00002.asd;B1;CD202;NIRRIG;D06M;manha;D06
svm;agrupado;todos;1;treino;1227;B1_CD202_NIRRIG_REPROD00003.asd;B1;CD202;NIRRIG;D06M;manha;D06
svm;agrupado;todos;1;treino;1228;B1_CD202_NIRRIG_REPROD00004.asd;B1;CD202;NIRRIG;D06M;manha;D06
svm;agrupado;todos;1;treino;1229;B1_CD202_NIRRIG_REPROD00005.asd;B1;CD202;NIRRIG;D06M;manha;D06
svm;agrupado;todos;1;treino;1231;B1_CD202_NIRRIG_REPROD00007.asd;B1;CD202;NIRRIG;D06M;manha;D06
svm;agrupado;todos;1;treino;1234;B2_CD202_IRRIG_REPROD00002.asd;B2;CD202;IRRIG;D06M;manha;D06
svm;agrupado;todos;1;treino;1235;B2_CD202_IRRIG_REPROD00003.asd;B2;CD202;IRRIG;D06M;manha;D06
svm;agrupado;todos;1;treino;1236;B2_CD202_IRRIG_REPROD00004.asd;B2;CD202;IRRIG;D06M;manha;D06
svm;agrupado;todos;1;treino;1237;B2_CD202_IRRIG_REPROD00005.asd;B2;CD202;IRRIG;D06M;manha;D06
svm;agrupado;todos;1;treino;1239;B2_CD202_IRRIG_REPROD00007.asd;B2;CD202;IRRIG;D06M;manha;D06
svm;agrupado;todos;1;treino;1240;B2_CD202_NIRRIG_REPROD00000.asd;B2;CD202;NIRRIG;D06M;manha;D06
svm;agrupado;todos;1;treino;1241;B2_CD202_NIRRIG_REPROD00001.asd;B2;CD202;NIRRIG;D06M;manha;D06
svm;agrupado;todos;1;treino;1242;B2_CD202_NIRRIG_REPROD00002.asd;B2;CD202;NIRRIG;D06M;manha;D06
svm;agrupado;todos;1;treino;1243;B2_CD202_NIRRIG_REPROD00003.asd;B2;CD202;NIRRIG;D06M;manha;D06
svm;agrupado;todos;1;treino;1244;B2_CD202_NIRRIG_REPROD00004.asd;B2;CD202;NIRRIG;D06M;manha;D06
svm;agrupado;todos;1;treino;1245;B2_CD202_NIRRIG_REPROD00005.asd;B2;CD202;NIRRIG;D06M;manha;D06
svm;agrupado;todos;1;treino;1247;B2_CD202_NIRRIG_REPROD00007.asd;B2;CD202;NIRRIG;D06M;manha;D06
svm;agrupado;todos;1;treino;1248;B3_CD202_IRRIG_REPROD00000.asd;B3;CD202;IRRIG;D06M;manha;D06
svm;agrupado;todos;1;treino;1249;B3_CD202_IRRIG_REPROD00001.asd;B3;CD202;IRRIG;D06M;manha;D06
svm;agrupado;todos;1;treino;1251;B3_CD202_IRRIG_REPROD00003.asd;B3;CD202;IRRIG;D06M;manha;D06
svm;agrupado;todos;1;treino;1252;B3_CD202_IRRIG_REPROD00004.asd;B3;CD202;IRRIG;D06M;manha;D06
svm;agrupado;todos;1;treino;1253;B3_CD202_IRRIG_REPROD00005.asd;B3;CD202;IRRIG;D06M;manha;D06
svm;agrupado;todos;1;treino;1254;B3_CD202_IRRIG_REPROD00006.asd;B3;CD202;IRRIG;D06M;manha;D06
svm;agrupado;todos;1;treino;1255;B3_CD202_IRRIG_REPROD00007.asd;B3;CD202;IRRIG;D06M;manha;D06
svm;agrupado;todos;1;treino;1256;B3_CD202_NIRRIG_REPROD00000.asd;B3;CD202;NIRRIG;D06M;manha;D06
svm;agrupado;todos;1;treino;1258;B3_CD202_NIRRIG_REPROD00002.asd;B3;CD202;NIRRIG;D06M;manha;D06
svm;agrupado;todos;1;treino;1259;B3_CD202_NIRRIG_REPROD00003.asd;B3;CD202;NIRRIG;D06M;manha;D06
svm;agrupado;todos;1;treino;1260;B3_CD202_NIRRIG_REPROD00004.asd;B3;CD202;NIRRIG;D06M;manha;D06
svm;agrupado;todos;1;treino;1261;B3_CD202_NIRRIG_REPROD00005.asd;B3;CD202;NIRRIG;D06M;manha;D06
svm;agrupado;todos;1;treino;1262;B3_CD202_NIRRIG_REPROD00006.asd;B3;CD202;NIRRIG;D06M;manha;D06
svm;agrupado;todos;1;treino;1263;B3_CD202_NIRRIG_REPROD00007.asd;B3;CD202;NIRRIG;D06M;manha;D06
svm;agrupado;todos;1;treino;1264;B4_CD202_IRRIG_REPROD00000.asd;B4;CD202;IRRIG;D06M;manha;D06
svm;agrupado;todos;1;treino;1265;B4_CD202_IRRIG_REPROD00001.asd;B4;CD202;IRRIG;D06M;manha;D06
svm;agrupado;todos;1;treino;1266;B4_CD202_IRRIG_REPROD00002.asd;B4;CD202;IRRIG;D06M;manha;D06
svm;agrupado;todos;1;treino;1268;B4_CD202_IRRIG_REPROD00004.asd;B4;CD202;IRRIG;D06M;manha;D06
svm;agrupado;todos;1;treino;1270;B4_CD202_IRRIG_REPROD00006.asd;B4;CD202;IRRIG;D06M;manha;D06
svm;agrupado;todos;1;treino;1271;B4_CD202_IRRIG_REPROD00007.asd;B4;CD202;IRRIG;D06M;manha;D06
svm;agrupado;todos;1;treino;1272;B4_CD202_NIRRIG_REPROD00000.asd;B4;CD202;NIRRIG;D06M;manha;D06
svm;agrupado;todos;1;treino;1273;B4_CD202_NIRRIG_REPROD00001.asd;B4;CD202;NIRRIG;D06M;manha;D06
svm;agrupado;todos;1;treino;1274;B4_CD202_NIRRIG_REPROD00002.asd;B4;CD202;NIRRIG;D06M;manha;D06
svm;agrupado;todos;1;treino;1275;B4_CD202_NIRRIG_REPROD00003.asd;B4;CD202;NIRRIG;D06M;manha;D06
svm;agrupado;todos;1;treino;1276;B4_CD202_NIRRIG_REPROD00004.asd;B4;CD202;NIRRIG;D06M;manha;D06
svm;agrupado;todos;1;treino;1277;B4_CD202_NIRRIG_REPROD00005.asd;B4;CD202;NIRRIG;D06M;manha;D06
svm;agrupado;todos;1;treino;1278;B4_CD202_NIRRIG_REPROD00006.asd;B4;CD202;NIRRIG;D06M;manha;D06
svm;agrupado;todos;1;treino;1283;B1_EMB48_IRRIG_REPROD00003.asd;B1;EMB48;IRRIG;D06M;manha;D06
svm;agrupado;todos;1;treino;1284;B1_EMB48_IRRIG_REPROD00004.asd;B1;EMB48;IRRIG;D06M;manha;D06
svm;agrupado;todos;1;treino;1285;B1_EMB48_IRRIG_REPROD00005.asd;B1;EMB48;IRRIG;D06M;manha;D06
svm;agrupado;todos;1;treino;1286;B1_EMB48_IRRIG_REPROD00006.asd;B1;EMB48;IRRIG;D06M;manha;D06
svm;agrupado;todos;1;treino;1287;B1_EMB48_IRRIG_REPROD00007.asd;B1;EMB48;IRRIG;D06M;manha;D06
svm;agrupado;todos;1;treino;1288;B1_EMB48_NIRRIG_REPROD00000.asd;B1;EMB48;NIRRIG;D06M;manha;D06
svm;agrupado;todos;1;treino;1289;B1_EMB48_NIRRIG_REPROD00001.asd;B1;EMB48;NIRRIG;D06M;manha;D06
svm;agrupado;todos;1;treino;1290;B1_EMB48_NIRRIG_REPROD00002.asd;B1;EMB48;NIRRIG;D06M;manha;D06
svm;agrupado;todos;1;treino;1291;B1_EMB48_NIRRIG_REPROD00003.asd;B1;EMB48;NIRRIG;D06M;manha;D06
svm;agrupado;todos;1;treino;1292;B1_EMB48_NIRRIG_REPROD00004.asd;B1;EMB48;NIRRIG;D06M;manha;D06
svm;agrupado;todos;1;treino;1294;B1_EMB48_NIRRIG_REPROD00006.asd;B1;EMB48;NIRRIG;D06M;manha;D06
svm;agrupado;todos;1;treino;1296;B2_EMB48_IRRIG_REPROD00000.asd;B2;EMB48;IRRIG;D06M;manha;D06
svm;agrupado;todos;1;treino;1297;B2_EMB48_IRRIG_REPROD00001.asd;B2;EMB48;IRRIG;D06M;manha;D06
svm;agrupado;todos;1;treino;1298;B2_EMB48_IRRIG_REPROD00002.asd;B2;EMB48;IRRIG;D06M;manha;D06
svm;agrupado;todos;1;treino;1299;B2_EMB48_IRRIG_REPROD00003.asd;B2;EMB48;IRRIG;D06M;manha;D06
svm;agrupado;todos;1;treino;1300;B2_EMB48_IRRIG_REPROD00004.asd;B2;EMB48;IRRIG;D06M;manha;D06
svm;agrupado;todos;1;treino;1301;B2_EMB48_IRRIG_REPROD00005.asd;B2;EMB48;IRRIG;D06M;manha;D06
svm;agrupado;todos;1;treino;1302;B2_EMB48_IRRIG_REPROD00006.asd;B2;EMB48;IRRIG;D06M;manha;D06
svm;agrupado;todos;1;treino;1303;B2_EMB48_IRRIG_REPROD00007.asd;B2;EMB48;IRRIG;D06M;manha;D06
svm;agrupado;todos;1;treino;1304;B2_EMB48_NIRRIG_REPROD00000.asd;B2;EMB48;NIRRIG;D06M;manha;D06
svm;agrupado;todos;1;treino;1305;B2_EMB48_NIRRIG_REPROD00001.asd;B2;EMB48;NIRRIG;D06M;manha;D06
svm;agrupado;todos;1;treino;1307;B2_EMB48_NIRRIG_REPROD00003.asd;B2;EMB48;NIRRIG;D06M;manha;D06
svm;agrupado;todos;1;treino;1308;B2_EMB48_NIRRIG_REPROD00004.asd;B2;EMB48;NIRRIG;D06M;manha;D06
svm;agrupado;todos;1;treino;1309;B2_EMB48_NIRRIG_REPROD00005.asd;B2;EMB48;NIRRIG;D06M;manha;D06
svm;agrupado;todos;1;treino;1311;B2_EMB48_NIRRIG_REPROD00007.asd;B2;EMB48;NIRRIG;D06M;manha;D06
svm;agrupado;todos;1;treino;1313;B3_EMB48_IRRIG_REPROD00001.asd;B3;EMB48;IRRIG;D06M;manha;D06
svm;agrupado;todos;1;treino;1315;B3_EMB48_IRRIG_REPROD00003.asd;B3;EMB48;IRRIG;D06M;manha;D06
svm;agrupado;todos;1;treino;1316;B3_EMB48_IRRIG_REPROD00004.asd;B3;EMB48;IRRIG;D06M;manha;D06
svm;agrupado;todos;1;treino;1317;B3_EMB48_IRRIG_REPROD00005.asd;B3;EMB48;IRRIG;D06M;manha;D06
svm;agrupado;todos;1;treino;1318;B3_EMB48_IRRIG_REPROD00006.asd;B3;EMB48;IRRIG;D06M;manha;D06
svm;agrupado;todos;1;treino;1319;B3_EMB48_IRRIG_REPROD00007.asd;B3;EMB48;IRRIG;D06M;manha;D06
svm;agrupado;todos;1;treino;1320;B3_EMB48_NIRRIG_REPROD00000.asd;B3;EMB48;NIRRIG;D06M;manha;D06
svm;agrupado;todos;1;treino;1321;B3_EMB48_NIRRIG_REPROD00001.asd;B3;EMB48;NIRRIG;D06M;manha;D06
svm;agrupado;todos;1;treino;1322;B3_EMB48_NIRRIG_REPROD00002.asd;B3;EMB48;NIRRIG;D06M;manha;D06
svm;agrupado;todos;1;treino;1323;B3_EMB48_NIRRIG_REPROD00003.asd;B3;EMB48;NIRRIG;D06M;manha;D06
svm;agrupado;todos;1;treino;1324;B3_EMB48_NIRRIG_REPROD00004.asd;B3;EMB48;NIRRIG;D06M;manha;D06
svm;agrupado;todos;1;treino;1325;B3_EMB48_NIRRIG_REPROD00005.asd;B3;EMB48;NIRRIG;D06M;manha;D06
svm;agrupado;todos;1;treino;1328;B4_EMB48_IRRIG_REPROD00000.asd;B4;EMB48;IRRIG;D06M;manha;D06
svm;agrupado;todos;1;treino;1329;B4_EMB48_IRRIG_REPROD00001.asd;B4;EMB48;IRRIG;D06M;manha;D06
svm;agrupado;todos;1;treino;1330;B4_EMB48_IRRIG_REPROD00002.asd;B4;EMB48;IRRIG;D06M;manha;D06
svm;agrupado;todos;1;treino;1331;B4_EMB48_IRRIG_REPROD00003.asd;B4;EMB48;IRRIG;D06M;manha;D06
svm;agrupado;todos;1;treino;1332;B4_EMB48_IRRIG_REPROD00004.asd;B4;EMB48;IRRIG;D06M;manha;D06
svm;agrupado;todos;1;treino;1333;B4_EMB48_IRRIG_REPROD00005.asd;B4;EMB48;IRRIG;D06M;manha;D06
svm;agrupado;todos;1;treino;1334;B4_EMB48_IRRIG_REPROD00006.asd;B4;EMB48;IRRIG;D06M;manha;D06
svm;agrupado;todos;1;treino;1335;B4_EMB48_IRRIG_REPROD00007.asd;B4;EMB48;IRRIG;D06M;manha;D06
svm;agrupado;todos;1;treino;1337;B4_EMB48_NIRRIG_REPROD00001.asd;B4;EMB48;NIRRIG;D06M;manha;D06
svm;agrupado;todos;1;treino;1339;B4_EMB48_NIRRIG_REPROD00003.asd;B4;EMB48;NIRRIG;D06M;manha;D06
svm;agrupado;todos;1;treino;1341;B4_EMB48_NIRRIG_REPROD00005.asd;B4;EMB48;NIRRIG;D06M;manha;D06
svm;agrupado;todos;1;treino;1342;B4_EMB48_NIRRIG_REPROD00006.asd;B4;EMB48;NIRRIG;D06M;manha;D06
svm;agrupado;todos;1;treino;1344;B1_BR16_IRR_REP_RECUP00000.asd;B1;BR16;IRRIG;D09M;manha;D09
svm;agrupado;todos;1;treino;1345;B1_BR16_IRR_REP_RECUP00001.asd;B1;BR16;IRRIG;D09M;manha;D09
svm;agrupado;todos;1;treino;1346;B1_BR16_IRR_REP_RECUP00002.asd;B1;BR16;IRRIG;D09M;manha;D09
svm;agrupado;todos;1;treino;1347;B1_BR16_IRR_REP_RECUP00003.asd;B1;BR16;IRRIG;D09M;manha;D09
svm;agrupado;todos;1;treino;1348;B1_BR16_IRR_REP_RECUP00004.asd;B1;BR16;IRRIG;D09M;manha;D09
svm;agrupado;todos;1;treino;1349;B1_BR16_IRR_REP_RECUP00005.asd;B1;BR16;IRRIG;D09M;manha;D09
svm;agrupado;todos;1;treino;1351;B1_BR16_IRR_REP_RECUP00007.asd;B1;BR16;IRRIG;D09M;manha;D09
svm;agrupado;todos;1;treino;1353;B1_BR16_NIRR_REP_RECUP00001.asd;B1;BR16;NIRRIG;D09M;manha;D09
svm;agrupado;todos;1;treino;1357;B1_BR16_NIRR_REP_RECUP00005.asd;B1;BR16;NIRRIG;D09M;manha;D09
svm;agrupado;todos;1;treino;1359;B1_BR16_NIRR_REP_RECUP00007.asd;B1;BR16;NIRRIG;D09M;manha;D09
svm;agrupado;todos;1;treino;1360;B2_BR16_IRR_REP_RECUP00000.asd;B2;BR16;IRRIG;D09M;manha;D09
svm;agrupado;todos;1;treino;1361;B2_BR16_IRR_REP_RECUP00001.asd;B2;BR16;IRRIG;D09M;manha;D09
svm;agrupado;todos;1;treino;1362;B2_BR16_IRR_REP_RECUP00002.asd;B2;BR16;IRRIG;D09M;manha;D09
svm;agrupado;todos;1;treino;1363;B2_BR16_IRR_REP_RECUP00003.asd;B2;BR16;IRRIG;D09M;manha;D09
svm;agrupado;todos;1;treino;1364;B2_BR16_IRR_REP_RECUP00004.asd;B2;BR16;IRRIG;D09M;manha;D09
svm;agrupado;todos;1;treino;1365;B2_BR16_IRR_REP_RECUP00005.asd;B2;BR16;IRRIG;D09M;manha;D09
svm;agrupado;todos;1;treino;1367;B2_BR16_IRR_REP_RECUP00007.asd;B2;BR16;IRRIG;D09M;manha;D09
svm;agrupado;todos;1;treino;1368;B2_BR16_NIRR_REP_RECUP00000.asd;B2;BR16;NIRRIG;D09M;manha;D09
svm;agrupado;todos;1;treino;1369;B2_BR16_NIRR_REP_RECUP00001.asd;B2;BR16;NIRRIG;D09M;manha;D09
svm;agrupado;todos;1;treino;1370;B2_BR16_NIRR_REP_RECUP00002.asd;B2;BR16;NIRRIG;D09M;manha;D09
svm;agrupado;todos;1;treino;1371;B2_BR16_NIRR_REP_RECUP00003.asd;B2;BR16;NIRRIG;D09M;manha;D09
svm;agrupado;todos;1;treino;1372;B2_BR16_NIRR_REP_RECUP00004.asd;B2;BR16;NIRRIG;D09M;manha;D09
svm;agrupado;todos;1;treino;1373;B2_BR16_NIRR_REP_RECUP00005.asd;B2;BR16;NIRRIG;D09M;manha;D09
svm;agrupado;todos;1;treino;1376;B3_BR16_IRR_REP_RECUP00000.asd;B3;BR16;IRRIG;D09M;manha;D09
svm;agrupado;todos;1;treino;1377;B3_BR16_IRR_REP_RECUP00001.asd;B3;BR16;IRRIG;D09M;manha;D09
svm;agrupado;todos;1;treino;1378;B3_BR16_IRR_REP_RECUP00002.asd;B3;BR16;IRRIG;D09M;manha;D09
svm;agrupado;todos;1;treino;1379;B3_BR16_IRR_REP_RECUP00003.asd;B3;BR16;IRRIG;D09M;manha;D09
svm;agrupado;todos;1;treino;1380;B3_BR16_IRR_REP_RECUP00004.asd;B3;BR16;IRRIG;D09M;manha;D09
svm;agrupado;todos;1;treino;1381;B3_BR16_IRR_REP_RECUP00005.asd;B3;BR16;IRRIG;D09M;manha;D09
svm;agrupado;todos;1;treino;1383;B3_BR16_IRR_REP_RECUP00007.asd;B3;BR16;IRRIG;D09M;manha;D09
svm;agrupado;todos;1;treino;1384;B3_BR16_NIRR_REP_RECUP00000.asd;B3;BR16;NIRRIG;D09M;manha;D09
svm;agrupado;todos;1;treino;1385;B3_BR16_NIRR_REP_RECUP00001.asd;B3;BR16;NIRRIG;D09M;manha;D09
svm;agrupado;todos;1;treino;1386;B3_BR16_NIRR_REP_RECUP00002.asd;B3;BR16;NIRRIG;D09M;manha;D09
svm;agrupado;todos;1;treino;1387;B3_BR16_NIRR_REP_RECUP00003.asd;B3;BR16;NIRRIG;D09M;manha;D09
svm;agrupado;todos;1;treino;1388;B3_BR16_NIRR_REP_RECUP00004.asd;B3;BR16;NIRRIG;D09M;manha;D09
svm;agrupado;todos;1;treino;1389;B3_BR16_NIRR_REP_RECUP00005.asd;B3;BR16;NIRRIG;D09M;manha;D09
svm;agrupado;todos;1;treino;1390;B3_BR16_NIRR_REP_RECUP00006.asd;B3;BR16;NIRRIG;D09M;manha;D09
svm;agrupado;todos;1;treino;1391;B3_BR16_NIRR_REP_RECUP00007.asd;B3;BR16;NIRRIG;D09M;manha;D09
svm;agrupado;todos;1;treino;1394;B4_BR16_IRR_REP_RECUP00002.asd;B4;BR16;IRRIG;D09M;manha;D09
svm;agrupado;todos;1;treino;1395;B4_BR16_IRR_REP_RECUP00003.asd;B4;BR16;IRRIG;D09M;manha;D09
svm;agrupado;todos;1;treino;1396;B4_BR16_IRR_REP_RECUP00004.asd;B4;BR16;IRRIG;D09M;manha;D09
svm;agrupado;todos;1;treino;1397;B4_BR16_IRR_REP_RECUP00005.asd;B4;BR16;IRRIG;D09M;manha;D09
svm;agrupado;todos;1;treino;1398;B4_BR16_IRR_REP_RECUP00006.asd;B4;BR16;IRRIG;D09M;manha;D09
svm;agrupado;todos;1;treino;1400;B4_BR16_NIRR_REP_RECUP00000.asd;B4;BR16;NIRRIG;D09M;manha;D09
svm;agrupado;todos;1;treino;1401;B4_BR16_NIRR_REP_RECUP00001.asd;B4;BR16;NIRRIG;D09M;manha;D09
svm;agrupado;todos;1;treino;1402;B4_BR16_NIRR_REP_RECUP00002.asd;B4;BR16;NIRRIG;D09M;manha;D09
svm;agrupado;todos;1;treino;1403;B4_BR16_NIRR_REP_RECUP00003.asd;B4;BR16;NIRRIG;D09M;manha;D09
svm;agrupado;todos;1;treino;1404;B4_BR16_NIRR_REP_RECUP00004.asd;B4;BR16;NIRRIG;D09M;manha;D09
svm;agrupado;todos;1;treino;1405;B4_BR16_NIRR_REP_RECUP00005.asd;B4;BR16;NIRRIG;D09M;manha;D09
svm;agrupado;todos;1;treino;1406;B4_BR16_NIRR_REP_RECUP00006.asd;B4;BR16;NIRRIG;D09M;manha;D09
svm;agrupado;todos;1;treino;1408;B1_CD202_IRR_REP_RECUP00000.asd;B1;CD202;IRRIG;D09M;manha;D09
svm;agrupado;todos;1;treino;1410;B1_CD202_IRR_REP_RECUP00002.asd;B1;CD202;IRRIG;D09M;manha;D09
svm;agrupado;todos;1;treino;1411;B1_CD202_IRR_REP_RECUP00003.asd;B1;CD202;IRRIG;D09M;manha;D09
svm;agrupado;todos;1;treino;1412;B1_CD202_IRR_REP_RECUP00004.asd;B1;CD202;IRRIG;D09M;manha;D09
svm;agrupado;todos;1;treino;1413;B1_CD202_IRR_REP_RECUP00005.asd;B1;CD202;IRRIG;D09M;manha;D09
svm;agrupado;todos;1;treino;1414;B1_CD202_IRR_REP_RECUP00006.asd;B1;CD202;IRRIG;D09M;manha;D09
svm;agrupado;todos;1;treino;1415;B1_CD202_IRR_REP_RECUP00007.asd;B1;CD202;IRRIG;D09M;manha;D09
svm;agrupado;todos;1;treino;1418;B1_CD202_IRR_REP_RECUP00010.asd;B1;CD202;IRRIG;D09M;manha;D09
svm;agrupado;todos;1;treino;1419;B1_CD202_IRR_REP_RECUP00011.asd;B1;CD202;IRRIG;D09M;manha;D09
svm;agrupado;todos;1;treino;1420;B1_CD202_NIRR_REP_RECUP00000.asd;B1;CD202;NIRRIG;D09M;manha;D09
svm;agrupado;todos;1;treino;1421;B1_CD202_NIRR_REP_RECUP00001.asd;B1;CD202;NIRRIG;D09M;manha;D09
svm;agrupado;todos;1;treino;1422;B1_CD202_NIRR_REP_RECUP00002.asd;B1;CD202;NIRRIG;D09M;manha;D09
svm;agrupado;todos;1;treino;1423;B1_CD202_NIRR_REP_RECUP00003.asd;B1;CD202;NIRRIG;D09M;manha;D09
svm;agrupado;todos;1;treino;1424;B1_CD202_NIRR_REP_RECUP00004.asd;B1;CD202;NIRRIG;D09M;manha;D09
svm;agrupado;todos;1;treino;1425;B1_CD202_NIRR_REP_RECUP00005.asd;B1;CD202;NIRRIG;D09M;manha;D09
svm;agrupado;todos;1;treino;1426;B1_CD202_NIRR_REP_RECUP00006.asd;B1;CD202;NIRRIG;D09M;manha;D09
svm;agrupado;todos;1;treino;1427;B1_CD202_NIRR_REP_RECUP00007.asd;B1;CD202;NIRRIG;D09M;manha;D09
svm;agrupado;todos;1;treino;1428;B2_CD202_IRR_REP_RECUP00000.asd;B2;CD202;IRRIG;D09M;manha;D09
svm;agrupado;todos;1;treino;1430;B2_CD202_IRR_REP_RECUP00002.asd;B2;CD202;IRRIG;D09M;manha;D09
svm;agrupado;todos;1;treino;1431;B2_CD202_IRR_REP_RECUP00003.asd;B2;CD202;IRRIG;D09M;manha;D09
svm;agrupado;todos;1;treino;1432;B2_CD202_IRR_REP_RECUP00004.asd;B2;CD202;IRRIG;D09M;manha;D09
svm;agrupado;todos;1;treino;1433;B2_CD202_IRR_REP_RECUP00005.asd;B2;CD202;IRRIG;D09M;manha;D09
svm;agrupado;todos;1;treino;1434;B2_CD202_IRR_REP_RECUP00006.asd;B2;CD202;IRRIG;D09M;manha;D09
svm;agrupado;todos;1;treino;1435;B2_CD202_IRR_REP_RECUP00007.asd;B2;CD202;IRRIG;D09M;manha;D09
svm;agrupado;todos;1;treino;1436;B2_CD202_NIRR_REP_RECUP00000.asd;B2;CD202;NIRRIG;D09M;manha;D09
svm;agrupado;todos;1;treino;1437;B2_CD202_NIRR_REP_RECUP00001.asd;B2;CD202;NIRRIG;D09M;manha;D09
svm;agrupado;todos;1;treino;1438;B2_CD202_NIRR_REP_RECUP00002.asd;B2;CD202;NIRRIG;D09M;manha;D09
svm;agrupado;todos;1;treino;1440;B2_CD202_NIRR_REP_RECUP00004.asd;B2;CD202;NIRRIG;D09M;manha;D09
svm;agrupado;todos;1;treino;1441;B2_CD202_NIRR_REP_RECUP00005.asd;B2;CD202;NIRRIG;D09M;manha;D09
svm;agrupado;todos;1;treino;1443;B2_CD202_NIRR_REP_RECUP00007.asd;B2;CD202;NIRRIG;D09M;manha;D09
svm;agrupado;todos;1;treino;1444;B3_CD202_IRR_REP_RECUP00000.asd;B3;CD202;IRRIG;D09M;manha;D09
svm;agrupado;todos;1;treino;1445;B3_CD202_IRR_REP_RECUP00001.asd;B3;CD202;IRRIG;D09M;manha;D09
svm;agrupado;todos;1;treino;1446;B3_CD202_IRR_REP_RECUP00002.asd;B3;CD202;IRRIG;D09M;manha;D09
svm;agrupado;todos;1;treino;1448;B3_CD202_IRR_REP_RECUP00004.asd;B3;CD202;IRRIG;D09M;manha;D09
svm;agrupado;todos;1;treino;1450;B3_CD202_IRR_REP_RECUP00006.asd;B3;CD202;IRRIG;D09M;manha;D09
svm;agrupado;todos;1;treino;1451;B3_CD202_IRR_REP_RECUP00007.asd;B3;CD202;IRRIG;D09M;manha;D09
svm;agrupado;todos;1;treino;1452;B3_CD202_NIRR_REP_RECUP00000.asd;B3;CD202;NIRRIG;D09M;manha;D09
svm;agrupado;todos;1;treino;1454;B3_CD202_NIRR_REP_RECUP00002.asd;B3;CD202;NIRRIG;D09M;manha;D09
svm;agrupado;todos;1;treino;1456;B3_CD202_NIRR_REP_RECUP00004.asd;B3;CD202;NIRRIG;D09M;manha;D09
svm;agrupado;todos;1;treino;1457;B3_CD202_NIRR_REP_RECUP00005.asd;B3;CD202;NIRRIG;D09M;manha;D09
svm;agrupado;todos;1;treino;1458;B3_CD202_NIRR_REP_RECUP00006.asd;B3;CD202;NIRRIG;D09M;manha;D09
svm;agrupado;todos;1;treino;1459;B3_CD202_NIRR_REP_RECUP00007.asd;B3;CD202;NIRRIG;D09M;manha;D09
svm;agrupado;todos;1;treino;1460;B4_CD202_IRR_REP_RECUP00000.asd;B4;CD202;IRRIG;D09M;manha;D09
svm;agrupado;todos;1;treino;1461;B4_CD202_IRR_REP_RECUP00001.asd;B4;CD202;IRRIG;D09M;manha;D09
svm;agrupado;todos;1;treino;1462;B4_CD202_IRR_REP_RECUP00002.asd;B4;CD202;IRRIG;D09M;manha;D09
svm;agrupado;todos;1;treino;1463;B4_CD202_IRR_REP_RECUP00003.asd;B4;CD202;IRRIG;D09M;manha;D09
svm;agrupado;todos;1;treino;1464;B4_CD202_IRR_REP_RECUP00004.asd;B4;CD202;IRRIG;D09M;manha;D09
svm;agrupado;todos;1;treino;1465;B4_CD202_IRR_REP_RECUP00005.asd;B4;CD202;IRRIG;D09M;manha;D09
svm;agrupado;todos;1;treino;1466;B4_CD202_IRR_REP_RECUP00006.asd;B4;CD202;IRRIG;D09M;manha;D09
svm;agrupado;todos;1;treino;1467;B4_CD202_IRR_REP_RECUP00007.asd;B4;CD202;IRRIG;D09M;manha;D09
svm;agrupado;todos;1;treino;1468;B4_CD202_NIRR_REP_RECUP00000.asd;B4;CD202;NIRRIG;D09M;manha;D09
svm;agrupado;todos;1;treino;1469;B4_CD202_NIRR_REP_RECUP00001.asd;B4;CD202;NIRRIG;D09M;manha;D09
svm;agrupado;todos;1;treino;1470;B4_CD202_NIRR_REP_RECUP00002.asd;B4;CD202;NIRRIG;D09M;manha;D09
svm;agrupado;todos;1;treino;1473;B4_CD202_NIRR_REP_RECUP00005.asd;B4;CD202;NIRRIG;D09M;manha;D09
svm;agrupado;todos;1;treino;1474;B4_CD202_NIRR_REP_RECUP00006.asd;B4;CD202;NIRRIG;D09M;manha;D09
svm;agrupado;todos;1;treino;1477;B1_EMB48_IRR_REP_RECUP00001.asd;B1;EMB48;IRRIG;D09M;manha;D09
svm;agrupado;todos;1;treino;1478;B1_EMB48_IRR_REP_RECUP00002.asd;B1;EMB48;IRRIG;D09M;manha;D09
svm;agrupado;todos;1;treino;1480;B1_EMB48_IRR_REP_RECUP00004.asd;B1;EMB48;IRRIG;D09M;manha;D09
svm;agrupado;todos;1;treino;1482;B1_EMB48_IRR_REP_RECUP00006.asd;B1;EMB48;IRRIG;D09M;manha;D09
svm;agrupado;todos;1;treino;1483;B1_EMB48_IRR_REP_RECUP00007.asd;B1;EMB48;IRRIG;D09M;manha;D09
svm;agrupado;todos;1;treino;1484;B1_EMB48_NIRR_REP_RECUP00000.asd;B1;EMB48;NIRRIG;D09M;manha;D09
svm;agrupado;todos;1;treino;1486;B1_EMB48_NIRR_REP_RECUP00002.asd;B1;EMB48;NIRRIG;D09M;manha;D09
svm;agrupado;todos;1;treino;1487;B1_EMB48_NIRR_REP_RECUP00003.asd;B1;EMB48;NIRRIG;D09M;manha;D09
svm;agrupado;todos;1;treino;1489;B1_EMB48_NIRR_REP_RECUP00005.asd;B1;EMB48;NIRRIG;D09M;manha;D09
svm;agrupado;todos;1;treino;1490;B1_EMB48_NIRR_REP_RECUP00006.asd;B1;EMB48;NIRRIG;D09M;manha;D09
svm;agrupado;todos;1;treino;1491;B1_EMB48_NIRR_REP_RECUP00007.asd;B1;EMB48;NIRRIG;D09M;manha;D09
svm;agrupado;todos;1;treino;1492;B2_EMB48_IRR_REP_RECUP00000.asd;B2;EMB48;IRRIG;D09M;manha;D09
svm;agrupado;todos;1;treino;1494;B2_EMB48_IRR_REP_RECUP00002.asd;B2;EMB48;IRRIG;D09M;manha;D09
svm;agrupado;todos;1;treino;1495;B2_EMB48_IRR_REP_RECUP00003.asd;B2;EMB48;IRRIG;D09M;manha;D09
svm;agrupado;todos;1;treino;1496;B2_EMB48_IRR_REP_RECUP00004.asd;B2;EMB48;IRRIG;D09M;manha;D09
svm;agrupado;todos;1;treino;1497;B2_EMB48_IRR_REP_RECUP00005.asd;B2;EMB48;IRRIG;D09M;manha;D09
svm;agrupado;todos;1;treino;1498;B2_EMB48_IRR_REP_RECUP00006.asd;B2;EMB48;IRRIG;D09M;manha;D09
svm;agrupado;todos;1;treino;1499;B2_EMB48_IRR_REP_RECUP00007.asd;B2;EMB48;IRRIG;D09M;manha;D09
svm;agrupado;todos;1;treino;1500;B2_EMB48_NIRR_REP_RECUP00000.asd;B2;EMB48;NIRRIG;D09M;manha;D09
svm;agrupado;todos;1;treino;1501;B2_EMB48_NIRR_REP_RECUP00001.asd;B2;EMB48;NIRRIG;D09M;manha;D09
svm;agrupado;todos;1;treino;1502;B2_EMB48_NIRR_REP_RECUP00002.asd;B2;EMB48;NIRRIG;D09M;manha;D09
svm;agrupado;todos;1;treino;1503;B2_EMB48_NIRR_REP_RECUP00003.asd;B2;EMB48;NIRRIG;D09M;manha;D09
svm;agrupado;todos;1;treino;1504;B2_EMB48_NIRR_REP_RECUP00008.asd;B2;EMB48;NIRRIG;D09M;manha;D09
svm;agrupado;todos;1;treino;1505;B2_EMB48_NIRR_REP_RECUP00009.asd;B2;EMB48;NIRRIG;D09M;manha;D09
svm;agrupado;todos;1;treino;1506;B2_EMB48_NIRR_REP_RECUP00010.asd;B2;EMB48;NIRRIG;D09M;manha;D09
svm;agrupado;todos;1;treino;1507;B2_EMB48_NIRR_REP_RECUP00011.asd;B2;EMB48;NIRRIG;D09M;manha;D09
svm;agrupado;todos;1;treino;1508;B3_EMB48_IRR_REP_RECUP00000.asd;B3;EMB48;IRRIG;D09M;manha;D09
svm;agrupado;todos;1;treino;1509;B3_EMB48_IRR_REP_RECUP00001.asd;B3;EMB48;IRRIG;D09M;manha;D09
svm;agrupado;todos;1;treino;1510;B3_EMB48_IRR_REP_RECUP00002.asd;B3;EMB48;IRRIG;D09M;manha;D09
svm;agrupado;todos;1;treino;1511;B3_EMB48_IRR_REP_RECUP00003.asd;B3;EMB48;IRRIG;D09M;manha;D09
svm;agrupado;todos;1;treino;1512;B3_EMB48_IRR_REP_RECUP00004.asd;B3;EMB48;IRRIG;D09M;manha;D09
svm;agrupado;todos;1;treino;1513;B3_EMB48_IRR_REP_RECUP00005.asd;B3;EMB48;IRRIG;D09M;manha;D09
svm;agrupado;todos;1;treino;1514;B3_EMB48_IRR_REP_RECUP00006.asd;B3;EMB48;IRRIG;D09M;manha;D09
svm;agrupado;todos;1;treino;1515;B3_EMB48_IRR_REP_RECUP00007.asd;B3;EMB48;IRRIG;D09M;manha;D09
svm;agrupado;todos;1;treino;1517;B3_EMB48_NIRR_REP_RECUP00001.asd;B3;EMB48;NIRRIG;D09M;manha;D09
svm;agrupado;todos;1;treino;1518;B3_EMB48_NIRR_REP_RECUP00002.asd;B3;EMB48;NIRRIG;D09M;manha;D09
svm;agrupado;todos;1;treino;1520;B3_EMB48_NIRR_REP_RECUP00004.asd;B3;EMB48;NIRRIG;D09M;manha;D09
svm;agrupado;todos;1;treino;1521;B3_EMB48_NIRR_REP_RECUP00005.asd;B3;EMB48;NIRRIG;D09M;manha;D09
svm;agrupado;todos;1;treino;1522;B3_EMB48_NIRR_REP_RECUP00006.asd;B3;EMB48;NIRRIG;D09M;manha;D09
svm;agrupado;todos;1;treino;1523;B3_EMB48_NIRR_REP_RECUP00007.asd;B3;EMB48;NIRRIG;D09M;manha;D09
svm;agrupado;todos;1;treino;1524;B4_EMB48_IRR_REP_RECUP00000.asd;B4;EMB48;IRRIG;D09M;manha;D09
svm;agrupado;todos;1;treino;1525;B4_EMB48_IRR_REP_RECUP00001.asd;B4;EMB48;IRRIG;D09M;manha;D09
svm;agrupado;todos;1;treino;1527;B4_EMB48_IRR_REP_RECUP00003.asd;B4;EMB48;IRRIG;D09M;manha;D09
svm;agrupado;todos;1;treino;1530;B4_EMB48_IRR_REP_RECUP00006.asd;B4;EMB48;IRRIG;D09M;manha;D09
svm;agrupado;todos;1;treino;1531;B4_EMB48_IRR_REP_RECUP00007.asd;B4;EMB48;IRRIG;D09M;manha;D09
svm;agrupado;todos;1;treino;1532;B4_EMB48_NIRR_REP_RECUP00000.asd;B4;EMB48;NIRRIG;D09M;manha;D09
svm;agrupado;todos;1;treino;1533;B4_EMB48_NIRR_REP_RECUP00001.asd;B4;EMB48;NIRRIG;D09M;manha;D09
svm;agrupado;todos;1;treino;1534;B4_EMB48_NIRR_REP_RECUP00002.asd;B4;EMB48;NIRRIG;D09M;manha;D09
svm;agrupado;todos;1;treino;1535;B4_EMB48_NIRR_REP_RECUP00003.asd;B4;EMB48;NIRRIG;D09M;manha;D09
svm;agrupado;todos;1;treino;1537;B4_EMB48_NIRR_REP_RECUP00005.asd;B4;EMB48;NIRRIG;D09M;manha;D09
svm;agrupado;todos;1;treino;1538;B4_EMB48_NIRR_REP_RECUP00006.asd;B4;EMB48;NIRRIG;D09M;manha;D09
svm;agrupado;todos;1;treino;1539;B4_EMB48_NIRR_REP_RECUP00007.asd;B4;EMB48;NIRRIG;D09M;manha;D09
svm;agrupado;todos;1;treino;1540;B1_BR16_IRR_REP_RECUP00000.asd;B1;BR16;IRRIG;D09T;tarde;D09
svm;agrupado;todos;1;treino;1541;B1_BR16_IRR_REP_RECUP00001.asd;B1;BR16;IRRIG;D09T;tarde;D09
svm;agrupado;todos;1;treino;1542;B1_BR16_IRR_REP_RECUP00002.asd;B1;BR16;IRRIG;D09T;tarde;D09
svm;agrupado;todos;1;treino;1543;B1_BR16_IRR_REP_RECUP00003.asd;B1;BR16;IRRIG;D09T;tarde;D09
svm;agrupado;todos;1;treino;1544;B1_BR16_IRR_REP_RECUP00004.asd;B1;BR16;IRRIG;D09T;tarde;D09
svm;agrupado;todos;1;treino;1545;B1_BR16_IRR_REP_RECUP00005.asd;B1;BR16;IRRIG;D09T;tarde;D09
svm;agrupado;todos;1;treino;1547;B1_BR16_IRR_REP_RECUP00007.asd;B1;BR16;IRRIG;D09T;tarde;D09
svm;agrupado;todos;1;treino;1549;B1_BR16_NIRR_REP_RECUP00001.asd;B1;BR16;NIRRIG;D09T;tarde;D09
svm;agrupado;todos;1;treino;1553;B1_BR16_NIRR_REP_RECUP00005.asd;B1;BR16;NIRRIG;D09T;tarde;D09
svm;agrupado;todos;1;treino;1555;B1_BR16_NIRR_REP_RECUP00007.asd;B1;BR16;NIRRIG;D09T;tarde;D09
svm;agrupado;todos;1;treino;1556;B2_BR16_IRR_REP_RECUP00000.asd;B2;BR16;IRRIG;D09T;tarde;D09
svm;agrupado;todos;1;treino;1557;B2_BR16_IRR_REP_RECUP00001.asd;B2;BR16;IRRIG;D09T;tarde;D09
svm;agrupado;todos;1;treino;1558;B2_BR16_IRR_REP_RECUP00002.asd;B2;BR16;IRRIG;D09T;tarde;D09
svm;agrupado;todos;1;treino;1559;B2_BR16_IRR_REP_RECUP00003.asd;B2;BR16;IRRIG;D09T;tarde;D09
svm;agrupado;todos;1;treino;1560;B2_BR16_IRR_REP_RECUP00004.asd;B2;BR16;IRRIG;D09T;tarde;D09
svm;agrupado;todos;1;treino;1561;B2_BR16_IRR_REP_RECUP00005.asd;B2;BR16;IRRIG;D09T;tarde;D09
svm;agrupado;todos;1;treino;1563;B2_BR16_IRR_REP_RECUP00007.asd;B2;BR16;IRRIG;D09T;tarde;D09
svm;agrupado;todos;1;treino;1564;B2_BR16_NIRR_REP_RECUP00008.asd;B2;BR16;NIRRIG;D09T;tarde;D09
svm;agrupado;todos;1;treino;1565;B2_BR16_NIRR_REP_RECUP00009.asd;B2;BR16;NIRRIG;D09T;tarde;D09
svm;agrupado;todos;1;treino;1566;B2_BR16_NIRR_REP_RECUP00010.asd;B2;BR16;NIRRIG;D09T;tarde;D09
svm;agrupado;todos;1;treino;1568;B2_BR16_NIRR_REP_RECUP00012.asd;B2;BR16;NIRRIG;D09T;tarde;D09
svm;agrupado;todos;1;treino;1569;B2_BR16_NIRR_REP_RECUP00013.asd;B2;BR16;NIRRIG;D09T;tarde;D09
svm;agrupado;todos;1;treino;1570;B2_BR16_NIRR_REP_RECUP00014.asd;B2;BR16;NIRRIG;D09T;tarde;D09
svm;agrupado;todos;1;treino;1572;B3_BR16_IRR_REP_RECUP00000.asd;B3;BR16;IRRIG;D09T;tarde;D09
svm;agrupado;todos;1;treino;1573;B3_BR16_IRR_REP_RECUP00001.asd;B3;BR16;IRRIG;D09T;tarde;D09
svm;agrupado;todos;1;treino;1574;B3_BR16_IRR_REP_RECUP00002.asd;B3;BR16;IRRIG;D09T;tarde;D09
svm;agrupado;todos;1;treino;1575;B3_BR16_IRR_REP_RECUP00003.asd;B3;BR16;IRRIG;D09T;tarde;D09
svm;agrupado;todos;1;treino;1576;B3_BR16_IRR_REP_RECUP00004.asd;B3;BR16;IRRIG;D09T;tarde;D09
svm;agrupado;todos;1;treino;1577;B3_BR16_IRR_REP_RECUP00005.asd;B3;BR16;IRRIG;D09T;tarde;D09
svm;agrupado;todos;1;treino;1579;B3_BR16_IRR_REP_RECUP00007.asd;B3;BR16;IRRIG;D09T;tarde;D09
svm;agrupado;todos;1;treino;1580;B3_BR16_NIRR_REP_RECUP00000.asd;B3;BR16;NIRRIG;D09T;tarde;D09
svm;agrupado;todos;1;treino;1581;B3_BR16_NIRR_REP_RECUP00001.asd;B3;BR16;NIRRIG;D09T;tarde;D09
svm;agrupado;todos;1;treino;1582;B3_BR16_NIRR_REP_RECUP00002.asd;B3;BR16;NIRRIG;D09T;tarde;D09
svm;agrupado;todos;1;treino;1583;B3_BR16_NIRR_REP_RECUP00003.asd;B3;BR16;NIRRIG;D09T;tarde;D09
svm;agrupado;todos;1;treino;1584;B3_BR16_NIRR_REP_RECUP00004.asd;B3;BR16;NIRRIG;D09T;tarde;D09
svm;agrupado;todos;1;treino;1585;B3_BR16_NIRR_REP_RECUP00005.asd;B3;BR16;NIRRIG;D09T;tarde;D09
svm;agrupado;todos;1;treino;1586;B3_BR16_NIRR_REP_RECUP00006.asd;B3;BR16;NIRRIG;D09T;tarde;D09
svm;agrupado;todos;1;treino;1587;B3_BR16_NIRR_REP_RECUP00007.asd;B3;BR16;NIRRIG;D09T;tarde;D09
svm;agrupado;todos;1;treino;1590;B4_BR16_IRR_REP_RECUP00002.asd;B4;BR16;IRRIG;D09T;tarde;D09
svm;agrupado;todos;1;treino;1591;B4_BR16_IRR_REP_RECUP00003.asd;B4;BR16;IRRIG;D09T;tarde;D09
svm;agrupado;todos;1;treino;1592;B4_BR16_IRR_REP_RECUP00004.asd;B4;BR16;IRRIG;D09T;tarde;D09
svm;agrupado;todos;1;treino;1593;B4_BR16_IRR_REP_RECUP00005.asd;B4;BR16;IRRIG;D09T;tarde;D09
svm;agrupado;todos;1;treino;1594;B4_BR16_IRR_REP_RECUP00006.asd;B4;BR16;IRRIG;D09T;tarde;D09
svm;agrupado;todos;1;treino;1596;B4_BR16_NIRR_REP_RECUP00000.asd;B4;BR16;NIRRIG;D09T;tarde;D09
svm;agrupado;todos;1;treino;1597;B4_BR16_NIRR_REP_RECUP00001.asd;B4;BR16;NIRRIG;D09T;tarde;D09
svm;agrupado;todos;1;treino;1598;B4_BR16_NIRR_REP_RECUP00002.asd;B4;BR16;NIRRIG;D09T;tarde;D09
svm;agrupado;todos;1;treino;1599;B4_BR16_NIRR_REP_RECUP00003.asd;B4;BR16;NIRRIG;D09T;tarde;D09
svm;agrupado;todos;1;treino;1600;B4_BR16_NIRR_REP_RECUP00004.asd;B4;BR16;NIRRIG;D09T;tarde;D09
svm;agrupado;todos;1;treino;1601;B4_BR16_NIRR_REP_RECUP00005.asd;B4;BR16;NIRRIG;D09T;tarde;D09
svm;agrupado;todos;1;treino;1602;B4_BR16_NIRR_REP_RECUP00006.asd;B4;BR16;NIRRIG;D09T;tarde;D09
svm;agrupado;todos;1;treino;1604;B1_CD202_IRR_REP_RECUP00000.asd;B1;CD202;IRRIG;D09T;tarde;D09
svm;agrupado;todos;1;treino;1606;B1_CD202_IRR_REP_RECUP00002.asd;B1;CD202;IRRIG;D09T;tarde;D09
svm;agrupado;todos;1;treino;1607;B1_CD202_IRR_REP_RECUP00003.asd;B1;CD202;IRRIG;D09T;tarde;D09
svm;agrupado;todos;1;treino;1608;B1_CD202_IRR_REP_RECUP00004.asd;B1;CD202;IRRIG;D09T;tarde;D09
svm;agrupado;todos;1;treino;1609;B1_CD202_IRR_REP_RECUP00005.asd;B1;CD202;IRRIG;D09T;tarde;D09
svm;agrupado;todos;1;treino;1610;B1_CD202_IRR_REP_RECUP00006.asd;B1;CD202;IRRIG;D09T;tarde;D09
svm;agrupado;todos;1;treino;1611;B1_CD202_IRR_REP_RECUP00007.asd;B1;CD202;IRRIG;D09T;tarde;D09
svm;agrupado;todos;1;treino;1612;B1_CD202_NIRR_REP_RECUP00000.asd;B1;CD202;NIRRIG;D09T;tarde;D09
svm;agrupado;todos;1;treino;1613;B1_CD202_NIRR_REP_RECUP00001.asd;B1;CD202;NIRRIG;D09T;tarde;D09
svm;agrupado;todos;1;treino;1614;B1_CD202_NIRR_REP_RECUP00002.asd;B1;CD202;NIRRIG;D09T;tarde;D09
svm;agrupado;todos;1;treino;1615;B1_CD202_NIRR_REP_RECUP00003.asd;B1;CD202;NIRRIG;D09T;tarde;D09
svm;agrupado;todos;1;treino;1616;B1_CD202_NIRR_REP_RECUP00004.asd;B1;CD202;NIRRIG;D09T;tarde;D09
svm;agrupado;todos;1;treino;1617;B1_CD202_NIRR_REP_RECUP00005.asd;B1;CD202;NIRRIG;D09T;tarde;D09
svm;agrupado;todos;1;treino;1618;B1_CD202_NIRR_REP_RECUP00006.asd;B1;CD202;NIRRIG;D09T;tarde;D09
svm;agrupado;todos;1;treino;1619;B1_CD202_NIRR_REP_RECUP00007.asd;B1;CD202;NIRRIG;D09T;tarde;D09
svm;agrupado;todos;1;treino;1620;B2_CD202_IRR_REP_RECUP00000.asd;B2;CD202;IRRIG;D09T;tarde;D09
svm;agrupado;todos;1;treino;1622;B2_CD202_IRR_REP_RECUP00002.asd;B2;CD202;IRRIG;D09T;tarde;D09
svm;agrupado;todos;1;treino;1623;B2_CD202_IRR_REP_RECUP00003.asd;B2;CD202;IRRIG;D09T;tarde;D09
svm;agrupado;todos;1;treino;1624;B2_CD202_IRR_REP_RECUP00004.asd;B2;CD202;IRRIG;D09T;tarde;D09
svm;agrupado;todos;1;treino;1625;B2_CD202_IRR_REP_RECUP00005.asd;B2;CD202;IRRIG;D09T;tarde;D09
svm;agrupado;todos;1;treino;1626;B2_CD202_IRR_REP_RECUP00006.asd;B2;CD202;IRRIG;D09T;tarde;D09
svm;agrupado;todos;1;treino;1627;B2_CD202_IRR_REP_RECUP00007.asd;B2;CD202;IRRIG;D09T;tarde;D09
svm;agrupado;todos;1;treino;1628;B2_CD202_NIRR_REP_RECUP00000.asd;B2;CD202;NIRRIG;D09T;tarde;D09
svm;agrupado;todos;1;treino;1629;B2_CD202_NIRR_REP_RECUP00001.asd;B2;CD202;NIRRIG;D09T;tarde;D09
svm;agrupado;todos;1;treino;1630;B2_CD202_NIRR_REP_RECUP00002.asd;B2;CD202;NIRRIG;D09T;tarde;D09
svm;agrupado;todos;1;treino;1632;B2_CD202_NIRR_REP_RECUP00004.asd;B2;CD202;NIRRIG;D09T;tarde;D09
svm;agrupado;todos;1;treino;1633;B2_CD202_NIRR_REP_RECUP00005.asd;B2;CD202;NIRRIG;D09T;tarde;D09
svm;agrupado;todos;1;treino;1635;B2_CD202_NIRR_REP_RECUP00007.asd;B2;CD202;NIRRIG;D09T;tarde;D09
svm;agrupado;todos;1;treino;1636;B3_CD202_IRR_REP_RECUP00000.asd;B3;CD202;IRRIG;D09T;tarde;D09
svm;agrupado;todos;1;treino;1637;B3_CD202_IRR_REP_RECUP00001.asd;B3;CD202;IRRIG;D09T;tarde;D09
svm;agrupado;todos;1;treino;1638;B3_CD202_IRR_REP_RECUP00002.asd;B3;CD202;IRRIG;D09T;tarde;D09
svm;agrupado;todos;1;treino;1640;B3_CD202_IRR_REP_RECUP00004.asd;B3;CD202;IRRIG;D09T;tarde;D09
svm;agrupado;todos;1;treino;1642;B3_CD202_IRR_REP_RECUP00006.asd;B3;CD202;IRRIG;D09T;tarde;D09
svm;agrupado;todos;1;treino;1643;B3_CD202_IRR_REP_RECUP00007.asd;B3;CD202;IRRIG;D09T;tarde;D09
svm;agrupado;todos;1;treino;1644;B3_CD202_NIRR_REP_RECUP00000.asd;B3;CD202;NIRRIG;D09T;tarde;D09
svm;agrupado;todos;1;treino;1646;B3_CD202_NIRR_REP_RECUP00002.asd;B3;CD202;NIRRIG;D09T;tarde;D09
svm;agrupado;todos;1;treino;1648;B3_CD202_NIRR_REP_RECUP00004.asd;B3;CD202;NIRRIG;D09T;tarde;D09
svm;agrupado;todos;1;treino;1649;B3_CD202_NIRR_REP_RECUP00005.asd;B3;CD202;NIRRIG;D09T;tarde;D09
svm;agrupado;todos;1;treino;1650;B3_CD202_NIRR_REP_RECUP00006.asd;B3;CD202;NIRRIG;D09T;tarde;D09
svm;agrupado;todos;1;treino;1651;B3_CD202_NIRR_REP_RECUP00007.asd;B3;CD202;NIRRIG;D09T;tarde;D09
svm;agrupado;todos;1;treino;1652;B4_CD202_IRR_REP_RECUP00000.asd;B4;CD202;IRRIG;D09T;tarde;D09
svm;agrupado;todos;1;treino;1653;B4_CD202_IRR_REP_RECUP00001.asd;B4;CD202;IRRIG;D09T;tarde;D09
svm;agrupado;todos;1;treino;1654;B4_CD202_IRR_REP_RECUP00002.asd;B4;CD202;IRRIG;D09T;tarde;D09
svm;agrupado;todos;1;treino;1655;B4_CD202_IRR_REP_RECUP00003.asd;B4;CD202;IRRIG;D09T;tarde;D09
svm;agrupado;todos;1;treino;1656;B4_CD202_IRR_REP_RECUP00004.asd;B4;CD202;IRRIG;D09T;tarde;D09
svm;agrupado;todos;1;treino;1657;B4_CD202_IRR_REP_RECUP00005.asd;B4;CD202;IRRIG;D09T;tarde;D09
svm;agrupado;todos;1;treino;1658;B4_CD202_IRR_REP_RECUP00006.asd;B4;CD202;IRRIG;D09T;tarde;D09
svm;agrupado;todos;1;treino;1659;B4_CD202_IRR_REP_RECUP00007.asd;B4;CD202;IRRIG;D09T;tarde;D09
svm;agrupado;todos;1;treino;1660;B4_CD202_NIRR_REP_RECUP00000.asd;B4;CD202;NIRRIG;D09T;tarde;D09
svm;agrupado;todos;1;treino;1661;B4_CD202_NIRR_REP_RECUP00001.asd;B4;CD202;NIRRIG;D09T;tarde;D09
svm;agrupado;todos;1;treino;1662;B4_CD202_NIRR_REP_RECUP00002.asd;B4;CD202;NIRRIG;D09T;tarde;D09
svm;agrupado;todos;1;treino;1665;B4_CD202_NIRR_REP_RECUP00005.asd;B4;CD202;NIRRIG;D09T;tarde;D09
svm;agrupado;todos;1;treino;1666;B4_CD202_NIRR_REP_RECUP00006.asd;B4;CD202;NIRRIG;D09T;tarde;D09
svm;agrupado;todos;1;treino;1669;B1_EMB48_IRR_REP_RECUP00001.asd;B1;EMB48;IRRIG;D09T;tarde;D09
svm;agrupado;todos;1;treino;1670;B1_EMB48_IRR_REP_RECUP00002.asd;B1;EMB48;IRRIG;D09T;tarde;D09
svm;agrupado;todos;1;treino;1672;B1_EMB48_IRR_REP_RECUP00004.asd;B1;EMB48;IRRIG;D09T;tarde;D09
svm;agrupado;todos;1;treino;1674;B1_EMB48_IRR_REP_RECUP00006.asd;B1;EMB48;IRRIG;D09T;tarde;D09
svm;agrupado;todos;1;treino;1675;B1_EMB48_IRR_REP_RECUP00007.asd;B1;EMB48;IRRIG;D09T;tarde;D09
svm;agrupado;todos;1;treino;1676;B1_EMB48_NIRR_REP_RECUP00000.asd;B1;EMB48;NIRRIG;D09T;tarde;D09
svm;agrupado;todos;1;treino;1678;B1_EMB48_NIRR_REP_RECUP00002.asd;B1;EMB48;NIRRIG;D09T;tarde;D09
svm;agrupado;todos;1;treino;1679;B1_EMB48_NIRR_REP_RECUP00003.asd;B1;EMB48;NIRRIG;D09T;tarde;D09
svm;agrupado;todos;1;treino;1681;B1_EMB48_NIRR_REP_RECUP00005.asd;B1;EMB48;NIRRIG;D09T;tarde;D09
svm;agrupado;todos;1;treino;1682;B1_EMB48_NIRR_REP_RECUP00006.asd;B1;EMB48;NIRRIG;D09T;tarde;D09
svm;agrupado;todos;1;treino;1683;B1_EMB48_NIRR_REP_RECUP00007.asd;B1;EMB48;NIRRIG;D09T;tarde;D09
svm;agrupado;todos;1;treino;1684;B2_EMB48_IRR_REP_RECUP00000.asd;B2;EMB48;IRRIG;D09T;tarde;D09
svm;agrupado;todos;1;treino;1686;B2_EMB48_IRR_REP_RECUP00002.asd;B2;EMB48;IRRIG;D09T;tarde;D09
svm;agrupado;todos;1;treino;1687;B2_EMB48_IRR_REP_RECUP00003.asd;B2;EMB48;IRRIG;D09T;tarde;D09
svm;agrupado;todos;1;treino;1688;B2_EMB48_IRR_REP_RECUP00004.asd;B2;EMB48;IRRIG;D09T;tarde;D09
svm;agrupado;todos;1;treino;1689;B2_EMB48_IRR_REP_RECUP00005.asd;B2;EMB48;IRRIG;D09T;tarde;D09
svm;agrupado;todos;1;treino;1690;B2_EMB48_IRR_REP_RECUP00006.asd;B2;EMB48;IRRIG;D09T;tarde;D09
svm;agrupado;todos;1;treino;1691;B2_EMB48_IRR_REP_RECUP00007.asd;B2;EMB48;IRRIG;D09T;tarde;D09
svm;agrupado;todos;1;treino;1692;B2_EMB48_NIRR_REP_RECUP00000.asd;B2;EMB48;NIRRIG;D09T;tarde;D09
svm;agrupado;todos;1;treino;1693;B2_EMB48_NIRR_REP_RECUP00001.asd;B2;EMB48;NIRRIG;D09T;tarde;D09
svm;agrupado;todos;1;treino;1694;B2_EMB48_NIRR_REP_RECUP00002.asd;B2;EMB48;NIRRIG;D09T;tarde;D09
svm;agrupado;todos;1;treino;1695;B2_EMB48_NIRR_REP_RECUP00003.asd;B2;EMB48;NIRRIG;D09T;tarde;D09
svm;agrupado;todos;1;treino;1696;B2_EMB48_NIRR_REP_RECUP00004.asd;B2;EMB48;NIRRIG;D09T;tarde;D09
svm;agrupado;todos;1;treino;1697;B2_EMB48_NIRR_REP_RECUP00005.asd;B2;EMB48;NIRRIG;D09T;tarde;D09
svm;agrupado;todos;1;treino;1698;B2_EMB48_NIRR_REP_RECUP00006.asd;B2;EMB48;NIRRIG;D09T;tarde;D09
svm;agrupado;todos;1;treino;1699;B2_EMB48_NIRR_REP_RECUP00007.asd;B2;EMB48;NIRRIG;D09T;tarde;D09
svm;agrupado;todos;1;treino;1700;B3_EMB48_IRR_REP_RECUP00000.asd;B3;EMB48;IRRIG;D09T;tarde;D09
svm;agrupado;todos;1;treino;1701;B3_EMB48_IRR_REP_RECUP00001.asd;B3;EMB48;IRRIG;D09T;tarde;D09
svm;agrupado;todos;1;treino;1702;B3_EMB48_IRR_REP_RECUP00002.asd;B3;EMB48;IRRIG;D09T;tarde;D09
svm;agrupado;todos;1;treino;1703;B3_EMB48_IRR_REP_RECUP00003.asd;B3;EMB48;IRRIG;D09T;tarde;D09
svm;agrupado;todos;1;treino;1704;B3_EMB48_IRR_REP_RECUP00004.asd;B3;EMB48;IRRIG;D09T;tarde;D09
svm;agrupado;todos;1;treino;1705;B3_EMB48_IRR_REP_RECUP00005.asd;B3;EMB48;IRRIG;D09T;tarde;D09
svm;agrupado;todos;1;treino;1706;B3_EMB48_IRR_REP_RECUP00006.asd;B3;EMB48;IRRIG;D09T;tarde;D09
svm;agrupado;todos;1;treino;1707;B3_EMB48_IRR_REP_RECUP00007.asd;B3;EMB48;IRRIG;D09T;tarde;D09
svm;agrupado;todos;1;treino;1709;B3_EMB48_NIRR_REP_RECUP00001.asd;B3;EMB48;NIRRIG;D09T;tarde;D09
svm;agrupado;todos;1;treino;1710;B3_EMB48_NIRR_REP_RECUP00002.asd;B3;EMB48;NIRRIG;D09T;tarde;D09
svm;agrupado;todos;1;treino;1712;B3_EMB48_NIRR_REP_RECUP00004.asd;B3;EMB48;NIRRIG;D09T;tarde;D09
svm;agrupado;todos;1;treino;1713;B3_EMB48_NIRR_REP_RECUP00005.asd;B3;EMB48;NIRRIG;D09T;tarde;D09
svm;agrupado;todos;1;treino;1714;B3_EMB48_NIRR_REP_RECUP00006.asd;B3;EMB48;NIRRIG;D09T;tarde;D09
svm;agrupado;todos;1;treino;1715;B3_EMB48_NIRR_REP_RECUP00007.asd;B3;EMB48;NIRRIG;D09T;tarde;D09
svm;agrupado;todos;1;treino;1716;B4_EMB48_IRR_REP_RECUP00000.asd;B4;EMB48;IRRIG;D09T;tarde;D09
svm;agrupado;todos;1;treino;1717;B4_EMB48_IRR_REP_RECUP00001.asd;B4;EMB48;IRRIG;D09T;tarde;D09
svm;agrupado;todos;1;treino;1719;B4_EMB48_IRR_REP_RECUP00003.asd;B4;EMB48;IRRIG;D09T;tarde;D09
svm;agrupado;todos;1;treino;1722;B4_EMB48_IRR_REP_RECUP00006.asd;B4;EMB48;IRRIG;D09T;tarde;D09
svm;agrupado;todos;1;treino;1723;B4_EMB48_IRR_REP_RECUP00007.asd;B4;EMB48;IRRIG;D09T;tarde;D09
svm;agrupado;todos;1;treino;1724;B4_EMB48_NIRR_REP_RECUP00000.asd;B4;EMB48;NIRRIG;D09T;tarde;D09
svm;agrupado;todos;1;treino;1725;B4_EMB48_NIRR_REP_RECUP00001.asd;B4;EMB48;NIRRIG;D09T;tarde;D09
svm;agrupado;todos;1;treino;1726;B4_EMB48_NIRR_REP_RECUP00002.asd;B4;EMB48;NIRRIG;D09T;tarde;D09
svm;agrupado;todos;1;treino;1727;B4_EMB48_NIRR_REP_RECUP00003.asd;B4;EMB48;NIRRIG;D09T;tarde;D09
svm;agrupado;todos;1;treino;1729;B4_EMB48_NIRR_REP_RECUP00005.asd;B4;EMB48;NIRRIG;D09T;tarde;D09
svm;agrupado;todos;1;treino;1730;B4_EMB48_NIRR_REP_RECUP00006.asd;B4;EMB48;NIRRIG;D09T;tarde;D09
svm;agrupado;todos;1;treino;1731;B4_EMB48_NIRR_REP_RECUP00007.asd;B4;EMB48;NIRRIG;D09T;tarde;D09
svm;agrupado;todos;1;treino;1732;B1_BR16_IRR_REP_RECUP00000.asd;B1;BR16;IRRIG;D10M;manha;D10
svm;agrupado;todos;1;treino;1733;B1_BR16_IRR_REP_RECUP00001.asd;B1;BR16;IRRIG;D10M;manha;D10
svm;agrupado;todos;1;treino;1734;B1_BR16_IRR_REP_RECUP00002.asd;B1;BR16;IRRIG;D10M;manha;D10
svm;agrupado;todos;1;treino;1735;B1_BR16_IRR_REP_RECUP00003.asd;B1;BR16;IRRIG;D10M;manha;D10
svm;agrupado;todos;1;treino;1736;B1_BR16_IRR_REP_RECUP00004.asd;B1;BR16;IRRIG;D10M;manha;D10
svm;agrupado;todos;1;treino;1737;B1_BR16_IRR_REP_RECUP00005.asd;B1;BR16;IRRIG;D10M;manha;D10
svm;agrupado;todos;1;treino;1739;B1_BR16_IRR_REP_RECUP00007.asd;B1;BR16;IRRIG;D10M;manha;D10
svm;agrupado;todos;1;treino;1741;B1_BR16_NIRR_REP_RECUP00001.asd;B1;BR16;NIRRIG;D10M;manha;D10
svm;agrupado;todos;1;treino;1745;B1_BR16_NIRR_REP_RECUP00005.asd;B1;BR16;NIRRIG;D10M;manha;D10
svm;agrupado;todos;1;treino;1747;B1_BR16_NIRR_REP_RECUP00007.asd;B1;BR16;NIRRIG;D10M;manha;D10
svm;agrupado;todos;1;treino;1748;B1_CD202_IRR_REP_RECUP00000.asd;B1;CD202;IRRIG;D10M;manha;D10
svm;agrupado;todos;1;treino;1750;B1_CD202_IRR_REP_RECUP00002.asd;B1;CD202;IRRIG;D10M;manha;D10
svm;agrupado;todos;1;treino;1751;B1_CD202_IRR_REP_RECUP00003.asd;B1;CD202;IRRIG;D10M;manha;D10
svm;agrupado;todos;1;treino;1752;B1_CD202_IRR_REP_RECUP00004.asd;B1;CD202;IRRIG;D10M;manha;D10
svm;agrupado;todos;1;treino;1753;B1_CD202_IRR_REP_RECUP00005.asd;B1;CD202;IRRIG;D10M;manha;D10
svm;agrupado;todos;1;treino;1754;B1_CD202_IRR_REP_RECUP00006.asd;B1;CD202;IRRIG;D10M;manha;D10
svm;agrupado;todos;1;treino;1755;B1_CD202_IRR_REP_RECUP00007.asd;B1;CD202;IRRIG;D10M;manha;D10
svm;agrupado;todos;1;treino;1756;B1_CD202_NIRR_REP_RECUP00000.asd;B1;CD202;NIRRIG;D10M;manha;D10
svm;agrupado;todos;1;treino;1757;B1_CD202_NIRR_REP_RECUP00001.asd;B1;CD202;NIRRIG;D10M;manha;D10
svm;agrupado;todos;1;treino;1758;B1_CD202_NIRR_REP_RECUP00002.asd;B1;CD202;NIRRIG;D10M;manha;D10
svm;agrupado;todos;1;treino;1759;B1_CD202_NIRR_REP_RECUP00003.asd;B1;CD202;NIRRIG;D10M;manha;D10
svm;agrupado;todos;1;treino;1760;B1_CD202_NIRR_REP_RECUP00004.asd;B1;CD202;NIRRIG;D10M;manha;D10
svm;agrupado;todos;1;treino;1761;B1_CD202_NIRR_REP_RECUP00005.asd;B1;CD202;NIRRIG;D10M;manha;D10
svm;agrupado;todos;1;treino;1762;B1_CD202_NIRR_REP_RECUP00006.asd;B1;CD202;NIRRIG;D10M;manha;D10
svm;agrupado;todos;1;treino;1763;B1_CD202_NIRR_REP_RECUP00007.asd;B1;CD202;NIRRIG;D10M;manha;D10
svm;agrupado;todos;1;treino;1765;B1_EMB48_IRR_REP_RECUP00001.asd;B1;EMB48;IRRIG;D10M;manha;D10
svm;agrupado;todos;1;treino;1766;B1_EMB48_IRR_REP_RECUP00002.asd;B1;EMB48;IRRIG;D10M;manha;D10
svm;agrupado;todos;1;treino;1768;B1_EMB48_IRR_REP_RECUP00004.asd;B1;EMB48;IRRIG;D10M;manha;D10
svm;agrupado;todos;1;treino;1770;B1_EMB48_IRR_REP_RECUP00006.asd;B1;EMB48;IRRIG;D10M;manha;D10
svm;agrupado;todos;1;treino;1771;B1_EMB48_IRR_REP_RECUP00007.asd;B1;EMB48;IRRIG;D10M;manha;D10
svm;agrupado;todos;1;treino;1772;B1_EMB48_NIRR_REP_RECUP00000.asd;B1;EMB48;NIRRIG;D10M;manha;D10
svm;agrupado;todos;1;treino;1774;B1_EMB48_NIRR_REP_RECUP00002.asd;B1;EMB48;NIRRIG;D10M;manha;D10
svm;agrupado;todos;1;treino;1775;B1_EMB48_NIRR_REP_RECUP00003.asd;B1;EMB48;NIRRIG;D10M;manha;D10
svm;agrupado;todos;1;treino;1777;B1_EMB48_NIRR_REP_RECUP00005.asd;B1;EMB48;NIRRIG;D10M;manha;D10
svm;agrupado;todos;1;treino;1778;B1_EMB48_NIRR_REP_RECUP00006.asd;B1;EMB48;NIRRIG;D10M;manha;D10
svm;agrupado;todos;1;treino;1779;B1_EMB48_NIRR_REP_RECUP00007.asd;B1;EMB48;NIRRIG;D10M;manha;D10
svm;agrupado;todos;1;treino;1780;B2_BR16_IRR_REP_RECUP00000.asd;B2;BR16;IRRIG;D10M;manha;D10
svm;agrupado;todos;1;treino;1781;B2_BR16_IRR_REP_RECUP00001.asd;B2;BR16;IRRIG;D10M;manha;D10
svm;agrupado;todos;1;treino;1782;B2_BR16_IRR_REP_RECUP00002.asd;B2;BR16;IRRIG;D10M;manha;D10
svm;agrupado;todos;1;treino;1783;B2_BR16_IRR_REP_RECUP00003.asd;B2;BR16;IRRIG;D10M;manha;D10
svm;agrupado;todos;1;treino;1784;B2_BR16_IRR_REP_RECUP00004.asd;B2;BR16;IRRIG;D10M;manha;D10
svm;agrupado;todos;1;treino;1785;B2_BR16_IRR_REP_RECUP00005.asd;B2;BR16;IRRIG;D10M;manha;D10
svm;agrupado;todos;1;treino;1787;B2_BR16_IRR_REP_RECUP00007.asd;B2;BR16;IRRIG;D10M;manha;D10
svm;agrupado;todos;1;treino;1788;B2_BR16_NIRR_REP_RECUP00000.asd;B2;BR16;NIRRIG;D10M;manha;D10
svm;agrupado;todos;1;treino;1789;B2_BR16_NIRR_REP_RECUP00001.asd;B2;BR16;NIRRIG;D10M;manha;D10
svm;agrupado;todos;1;treino;1790;B2_BR16_NIRR_REP_RECUP00002.asd;B2;BR16;NIRRIG;D10M;manha;D10
svm;agrupado;todos;1;treino;1791;B2_BR16_NIRR_REP_RECUP00003.asd;B2;BR16;NIRRIG;D10M;manha;D10
svm;agrupado;todos;1;treino;1792;B2_BR16_NIRR_REP_RECUP00004.asd;B2;BR16;NIRRIG;D10M;manha;D10
svm;agrupado;todos;1;treino;1793;B2_BR16_NIRR_REP_RECUP00005.asd;B2;BR16;NIRRIG;D10M;manha;D10
svm;agrupado;todos;1;treino;1796;B2_CD202_IRR_REP_RECUP00000.asd;B2;CD202;IRRIG;D10M;manha;D10
svm;agrupado;todos;1;treino;1798;B2_CD202_IRR_REP_RECUP00002.asd;B2;CD202;IRRIG;D10M;manha;D10
svm;agrupado;todos;1;treino;1799;B2_CD202_IRR_REP_RECUP00003.asd;B2;CD202;IRRIG;D10M;manha;D10
svm;agrupado;todos;1;treino;1800;B2_CD202_IRR_REP_RECUP00004.asd;B2;CD202;IRRIG;D10M;manha;D10
svm;agrupado;todos;1;treino;1801;B2_CD202_IRR_REP_RECUP00005.asd;B2;CD202;IRRIG;D10M;manha;D10
svm;agrupado;todos;1;treino;1802;B2_CD202_IRR_REP_RECUP00006.asd;B2;CD202;IRRIG;D10M;manha;D10
svm;agrupado;todos;1;treino;1803;B2_CD202_IRR_REP_RECUP00007.asd;B2;CD202;IRRIG;D10M;manha;D10
svm;agrupado;todos;1;treino;1804;B2_CD202_NIRR_REP_RECUP00008.asd;B2;CD202;NIRRIG;D10M;manha;D10
svm;agrupado;todos;1;treino;1805;B2_CD202_NIRR_REP_RECUP00009.asd;B2;CD202;NIRRIG;D10M;manha;D10
svm;agrupado;todos;1;treino;1806;B2_CD202_NIRR_REP_RECUP00010.asd;B2;CD202;NIRRIG;D10M;manha;D10
svm;agrupado;todos;1;treino;1807;B2_CD202_NIRR_REP_RECUP00011.asd;B2;CD202;NIRRIG;D10M;manha;D10
svm;agrupado;todos;1;treino;1808;B2_CD202_NIRR_REP_RECUP00012.asd;B2;CD202;NIRRIG;D10M;manha;D10
svm;agrupado;todos;1;treino;1809;B2_CD202_NIRR_REP_RECUP00013.asd;B2;CD202;NIRRIG;D10M;manha;D10
svm;agrupado;todos;1;treino;1811;B2_CD202_NIRR_REP_RECUP00015.asd;B2;CD202;NIRRIG;D10M;manha;D10
svm;agrupado;todos;1;treino;1812;B2_EMB48_IRR_REP_RECUP00000.asd;B2;EMB48;IRRIG;D10M;manha;D10
svm;agrupado;todos;1;treino;1814;B2_EMB48_IRR_REP_RECUP00002.asd;B2;EMB48;IRRIG;D10M;manha;D10
svm;agrupado;todos;1;treino;1815;B2_EMB48_IRR_REP_RECUP00003.asd;B2;EMB48;IRRIG;D10M;manha;D10
svm;agrupado;todos;1;treino;1816;B2_EMB48_IRR_REP_RECUP00004.asd;B2;EMB48;IRRIG;D10M;manha;D10
svm;agrupado;todos;1;treino;1817;B2_EMB48_IRR_REP_RECUP00005.asd;B2;EMB48;IRRIG;D10M;manha;D10
svm;agrupado;todos;1;treino;1818;B2_EMB48_IRR_REP_RECUP00006.asd;B2;EMB48;IRRIG;D10M;manha;D10
svm;agrupado;todos;1;treino;1819;B2_EMB48_IRR_REP_RECUP00007.asd;B2;EMB48;IRRIG;D10M;manha;D10
svm;agrupado;todos;1;treino;1820;B2_EMB48_NIRR_REP_RECUP00000.asd;B2;EMB48;NIRRIG;D10M;manha;D10
svm;agrupado;todos;1;treino;1821;B2_EMB48_NIRR_REP_RECUP00001.asd;B2;EMB48;NIRRIG;D10M;manha;D10
svm;agrupado;todos;1;treino;1822;B2_EMB48_NIRR_REP_RECUP00002.asd;B2;EMB48;NIRRIG;D10M;manha;D10
svm;agrupado;todos;1;treino;1823;B2_EMB48_NIRR_REP_RECUP00003.asd;B2;EMB48;NIRRIG;D10M;manha;D10
svm;agrupado;todos;1;treino;1824;B2_EMB48_NIRR_REP_RECUP00004.asd;B2;EMB48;NIRRIG;D10M;manha;D10
svm;agrupado;todos;1;treino;1825;B2_EMB48_NIRR_REP_RECUP00005.asd;B2;EMB48;NIRRIG;D10M;manha;D10
svm;agrupado;todos;1;treino;1826;B2_EMB48_NIRR_REP_RECUP00006.asd;B2;EMB48;NIRRIG;D10M;manha;D10
svm;agrupado;todos;1;treino;1827;B2_EMB48_NIRR_REP_RECUP00007.asd;B2;EMB48;NIRRIG;D10M;manha;D10
svm;agrupado;todos;1;treino;1828;B3_BR16_IRR_REP_RECUP00000.asd;B3;BR16;IRRIG;D10M;manha;D10
svm;agrupado;todos;1;treino;1829;B3_BR16_IRR_REP_RECUP00001.asd;B3;BR16;IRRIG;D10M;manha;D10
svm;agrupado;todos;1;treino;1830;B3_BR16_IRR_REP_RECUP00002.asd;B3;BR16;IRRIG;D10M;manha;D10
svm;agrupado;todos;1;treino;1831;B3_BR16_IRR_REP_RECUP00003.asd;B3;BR16;IRRIG;D10M;manha;D10
svm;agrupado;todos;1;treino;1832;B3_BR16_IRR_REP_RECUP00004.asd;B3;BR16;IRRIG;D10M;manha;D10
svm;agrupado;todos;1;treino;1833;B3_BR16_IRR_REP_RECUP00005.asd;B3;BR16;IRRIG;D10M;manha;D10
svm;agrupado;todos;1;treino;1835;B3_BR16_IRR_REP_RECUP00007.asd;B3;BR16;IRRIG;D10M;manha;D10
svm;agrupado;todos;1;treino;1836;B3_BR16_NIRR_REP_RECUP00000.asd;B3;BR16;NIRRIG;D10M;manha;D10
svm;agrupado;todos;1;treino;1837;B3_BR16_NIRR_REP_RECUP00001.asd;B3;BR16;NIRRIG;D10M;manha;D10
svm;agrupado;todos;1;treino;1838;B3_BR16_NIRR_REP_RECUP00002.asd;B3;BR16;NIRRIG;D10M;manha;D10
svm;agrupado;todos;1;treino;1839;B3_BR16_NIRR_REP_RECUP00003.asd;B3;BR16;NIRRIG;D10M;manha;D10
svm;agrupado;todos;1;treino;1840;B3_BR16_NIRR_REP_RECUP00004.asd;B3;BR16;NIRRIG;D10M;manha;D10
svm;agrupado;todos;1;treino;1841;B3_BR16_NIRR_REP_RECUP00005.asd;B3;BR16;NIRRIG;D10M;manha;D10
svm;agrupado;todos;1;treino;1842;B3_BR16_NIRR_REP_RECUP00006.asd;B3;BR16;NIRRIG;D10M;manha;D10
svm;agrupado;todos;1;treino;1843;B3_BR16_NIRR_REP_RECUP00007.asd;B3;BR16;NIRRIG;D10M;manha;D10
svm;agrupado;todos;1;treino;1844;B3_CD202_IRR_REP_RECUP00000.asd;B3;CD202;IRRIG;D10M;manha;D10
svm;agrupado;todos;1;treino;1845;B3_CD202_IRR_REP_RECUP00001.asd;B3;CD202;IRRIG;D10M;manha;D10
svm;agrupado;todos;1;treino;1846;B3_CD202_IRR_REP_RECUP00002.asd;B3;CD202;IRRIG;D10M;manha;D10
svm;agrupado;todos;1;treino;1848;B3_CD202_IRR_REP_RECUP00004.asd;B3;CD202;IRRIG;D10M;manha;D10
svm;agrupado;todos;1;treino;1850;B3_CD202_IRR_REP_RECUP00006.asd;B3;CD202;IRRIG;D10M;manha;D10
svm;agrupado;todos;1;treino;1851;B3_CD202_IRR_REP_RECUP00007.asd;B3;CD202;IRRIG;D10M;manha;D10
svm;agrupado;todos;1;treino;1852;B3_CD202_NIRR_REP_RECUP00000.asd;B3;CD202;NIRRIG;D10M;manha;D10
svm;agrupado;todos;1;treino;1854;B3_CD202_NIRR_REP_RECUP00002.asd;B3;CD202;NIRRIG;D10M;manha;D10
svm;agrupado;todos;1;treino;1856;B3_CD202_NIRR_REP_RECUP00004.asd;B3;CD202;NIRRIG;D10M;manha;D10
svm;agrupado;todos;1;treino;1857;B3_CD202_NIRR_REP_RECUP00005.asd;B3;CD202;NIRRIG;D10M;manha;D10
svm;agrupado;todos;1;treino;1858;B3_CD202_NIRR_REP_RECUP00006.asd;B3;CD202;NIRRIG;D10M;manha;D10
svm;agrupado;todos;1;treino;1859;B3_CD202_NIRR_REP_RECUP00007.asd;B3;CD202;NIRRIG;D10M;manha;D10
svm;agrupado;todos;1;treino;1860;B3_EMB48_IRR_REP_RECUP00000.asd;B3;EMB48;IRRIG;D10M;manha;D10
svm;agrupado;todos;1;treino;1861;B3_EMB48_IRR_REP_RECUP00001.asd;B3;EMB48;IRRIG;D10M;manha;D10
svm;agrupado;todos;1;treino;1862;B3_EMB48_IRR_REP_RECUP00002.asd;B3;EMB48;IRRIG;D10M;manha;D10
svm;agrupado;todos;1;treino;1863;B3_EMB48_IRR_REP_RECUP00003.asd;B3;EMB48;IRRIG;D10M;manha;D10
svm;agrupado;todos;1;treino;1864;B3_EMB48_IRR_REP_RECUP00004.asd;B3;EMB48;IRRIG;D10M;manha;D10
svm;agrupado;todos;1;treino;1865;B3_EMB48_IRR_REP_RECUP00005.asd;B3;EMB48;IRRIG;D10M;manha;D10
svm;agrupado;todos;1;treino;1866;B3_EMB48_IRR_REP_RECUP00006.asd;B3;EMB48;IRRIG;D10M;manha;D10
svm;agrupado;todos;1;treino;1867;B3_EMB48_IRR_REP_RECUP00007.asd;B3;EMB48;IRRIG;D10M;manha;D10
svm;agrupado;todos;1;treino;1869;B3_EMB48_NIRR_REP_RECUP00001.asd;B3;EMB48;NIRRIG;D10M;manha;D10
svm;agrupado;todos;1;treino;1870;B3_EMB48_NIRR_REP_RECUP00002.asd;B3;EMB48;NIRRIG;D10M;manha;D10
svm;agrupado;todos;1;treino;1872;B3_EMB48_NIRR_REP_RECUP00004.asd;B3;EMB48;NIRRIG;D10M;manha;D10
svm;agrupado;todos;1;treino;1873;B3_EMB48_NIRR_REP_RECUP00005.asd;B3;EMB48;NIRRIG;D10M;manha;D10
svm;agrupado;todos;1;treino;1874;B3_EMB48_NIRR_REP_RECUP00006.asd;B3;EMB48;NIRRIG;D10M;manha;D10
svm;agrupado;todos;1;treino;1875;B3_EMB48_NIRR_REP_RECUP00007.asd;B3;EMB48;NIRRIG;D10M;manha;D10
svm;agrupado;todos;1;treino;1878;B4_BR16_IRR_REP_RECUP00002.asd;B4;BR16;IRRIG;D10M;manha;D10
svm;agrupado;todos;1;treino;1879;B4_BR16_IRR_REP_RECUP00003.asd;B4;BR16;IRRIG;D10M;manha;D10
svm;agrupado;todos;1;treino;1880;B4_BR16_IRR_REP_RECUP00004.asd;B4;BR16;IRRIG;D10M;manha;D10
svm;agrupado;todos;1;treino;1881;B4_BR16_IRR_REP_RECUP00005.asd;B4;BR16;IRRIG;D10M;manha;D10
svm;agrupado;todos;1;treino;1882;B4_BR16_IRR_REP_RECUP00006.asd;B4;BR16;IRRIG;D10M;manha;D10
svm;agrupado;todos;1;treino;1884;B4_BR16_NIRR_REP_RECUP00000.asd;B4;BR16;NIRRIG;D10M;manha;D10
svm;agrupado;todos;1;treino;1885;B4_BR16_NIRR_REP_RECUP00001.asd;B4;BR16;NIRRIG;D10M;manha;D10
svm;agrupado;todos;1;treino;1886;B4_BR16_NIRR_REP_RECUP00002.asd;B4;BR16;NIRRIG;D10M;manha;D10
svm;agrupado;todos;1;treino;1887;B4_BR16_NIRR_REP_RECUP00003.asd;B4;BR16;NIRRIG;D10M;manha;D10
svm;agrupado;todos;1;treino;1888;B4_BR16_NIRR_REP_RECUP00004.asd;B4;BR16;NIRRIG;D10M;manha;D10
svm;agrupado;todos;1;treino;1889;B4_BR16_NIRR_REP_RECUP00005.asd;B4;BR16;NIRRIG;D10M;manha;D10
svm;agrupado;todos;1;treino;1890;B4_BR16_NIRR_REP_RECUP00006.asd;B4;BR16;NIRRIG;D10M;manha;D10
svm;agrupado;todos;1;treino;1892;B4_CD202_IRR_REP_RECUP00000.asd;B4;CD202;IRRIG;D10M;manha;D10
svm;agrupado;todos;1;treino;1893;B4_CD202_IRR_REP_RECUP00001.asd;B4;CD202;IRRIG;D10M;manha;D10
svm;agrupado;todos;1;treino;1894;B4_CD202_IRR_REP_RECUP00002.asd;B4;CD202;IRRIG;D10M;manha;D10
svm;agrupado;todos;1;treino;1895;B4_CD202_IRR_REP_RECUP00003.asd;B4;CD202;IRRIG;D10M;manha;D10
svm;agrupado;todos;1;treino;1896;B4_CD202_IRR_REP_RECUP00004.asd;B4;CD202;IRRIG;D10M;manha;D10
svm;agrupado;todos;1;treino;1897;B4_CD202_IRR_REP_RECUP00005.asd;B4;CD202;IRRIG;D10M;manha;D10
svm;agrupado;todos;1;treino;1898;B4_CD202_IRR_REP_RECUP00006.asd;B4;CD202;IRRIG;D10M;manha;D10
svm;agrupado;todos;1;treino;1899;B4_CD202_IRR_REP_RECUP00007.asd;B4;CD202;IRRIG;D10M;manha;D10
svm;agrupado;todos;1;treino;1900;B4_CD202_NIRR_REP_RECUP00000.asd;B4;CD202;NIRRIG;D10M;manha;D10
svm;agrupado;todos;1;treino;1901;B4_CD202_NIRR_REP_RECUP00001.asd;B4;CD202;NIRRIG;D10M;manha;D10
svm;agrupado;todos;1;treino;1902;B4_CD202_NIRR_REP_RECUP00002.asd;B4;CD202;NIRRIG;D10M;manha;D10
svm;agrupado;todos;1;treino;1905;B4_CD202_NIRR_REP_RECUP00005.asd;B4;CD202;NIRRIG;D10M;manha;D10
svm;agrupado;todos;1;treino;1906;B4_CD202_NIRR_REP_RECUP00006.asd;B4;CD202;NIRRIG;D10M;manha;D10
svm;agrupado;todos;1;treino;1908;B4_EMB48_IRR_REP_RECUP00000.asd;B4;EMB48;IRRIG;D10M;manha;D10
svm;agrupado;todos;1;treino;1909;B4_EMB48_IRR_REP_RECUP00001.asd;B4;EMB48;IRRIG;D10M;manha;D10
svm;agrupado;todos;1;treino;1911;B4_EMB48_IRR_REP_RECUP00003.asd;B4;EMB48;IRRIG;D10M;manha;D10
svm;agrupado;todos;1;treino;1914;B4_EMB48_IRR_REP_RECUP00006.asd;B4;EMB48;IRRIG;D10M;manha;D10
svm;agrupado;todos;1;treino;1915;B4_EMB48_IRR_REP_RECUP00007.asd;B4;EMB48;IRRIG;D10M;manha;D10
svm;agrupado;todos;1;treino;1916;B4_EMB48_NIRR_REP_RECUP00000.asd;B4;EMB48;NIRRIG;D10M;manha;D10
svm;agrupado;todos;1;treino;1917;B4_EMB48_NIRR_REP_RECUP00001.asd;B4;EMB48;NIRRIG;D10M;manha;D10
svm;agrupado;todos;1;treino;1918;B4_EMB48_NIRR_REP_RECUP00002.asd;B4;EMB48;NIRRIG;D10M;manha;D10
svm;agrupado;todos;1;treino;1919;B4_EMB48_NIRR_REP_RECUP00003.asd;B4;EMB48;NIRRIG;D10M;manha;D10
svm;agrupado;todos;1;treino;1921;B4_EMB48_NIRR_REP_RECUP00005.asd;B4;EMB48;NIRRIG;D10M;manha;D10
svm;agrupado;todos;1;treino;1922;B4_EMB48_NIRR_REP_RECUP00006.asd;B4;EMB48;NIRRIG;D10M;manha;D10
svm;agrupado;todos;1;treino;1923;B4_EMB48_NIRR_REP_RECUP00007.asd;B4;EMB48;NIRRIG;D10M;manha;D10
svm;agrupado;todos;1;teste;3;B1_BR16_IRRIG_REPROD00003.asd;B1;BR16;IRRIG;D02M;manha;D02
svm;agrupado;todos;1;teste;7;B1_BR16_IRRIG_REPROD00007.asd;B1;BR16;IRRIG;D02M;manha;D02
svm;agrupado;todos;1;teste;18;B2_BR16_IRRIG_REPROD00002.asd;B2;BR16;IRRIG;D02M;manha;D02
svm;agrupado;todos;1;teste;28;B2_BR16_NIRRIG_REPROD00004.asd;B2;BR16;NIRRIG;D02M;manha;D02
svm;agrupado;todos;1;teste;29;B2_BR16_NIRRIG_REPROD00005.asd;B2;BR16;NIRRIG;D02M;manha;D02
svm;agrupado;todos;1;teste;33;B3_BR16_IRRIG_REPROD00001.asd;B3;BR16;IRRIG;D02M;manha;D02
svm;agrupado;todos;1;teste;44;B3_BR16_NIRRIG_REPROD00004.asd;B3;BR16;NIRRIG;D02M;manha;D02
svm;agrupado;todos;1;teste;49;B4_BR16_IRRIG_REPROD00001.asd;B4;BR16;IRRIG;D02M;manha;D02
svm;agrupado;todos;1;teste;55;B4_BR16_IRRIG_REPROD00007.asd;B4;BR16;IRRIG;D02M;manha;D02
svm;agrupado;todos;1;teste;61;B4_BR16_NIRRIG_REPROD00005.asd;B4;BR16;NIRRIG;D02M;manha;D02
svm;agrupado;todos;1;teste;63;B4_BR16_NIRRIG_REPROD00007.asd;B4;BR16;NIRRIG;D02M;manha;D02
svm;agrupado;todos;1;teste;67;B1_CD202_IRRIG_REPROD00003.asd;B1;CD202;IRRIG;D02M;manha;D02
svm;agrupado;todos;1;teste;68;B1_CD202_IRRIG_REPROD00004.asd;B1;CD202;IRRIG;D02M;manha;D02
svm;agrupado;todos;1;teste;70;B1_CD202_IRRIG_REPROD00006.asd;B1;CD202;IRRIG;D02M;manha;D02
svm;agrupado;todos;1;teste;78;B1_CD202_NIRRIG_REPROD00006.asd;B1;CD202;NIRRIG;D02M;manha;D02
svm;agrupado;todos;1;teste;80;B2_CD202_IRRIG_REPROD00000.asd;B2;CD202;IRRIG;D02M;manha;D02
svm;agrupado;todos;1;teste;81;B2_CD202_IRRIG_REPROD00001.asd;B2;CD202;IRRIG;D02M;manha;D02
svm;agrupado;todos;1;teste;86;B2_CD202_IRRIG_REPROD00006.asd;B2;CD202;IRRIG;D02M;manha;D02
svm;agrupado;todos;1;teste;94;B2_CD202_NIRRIG_REPROD00006.asd;B2;CD202;NIRRIG;D02M;manha;D02
svm;agrupado;todos;1;teste;98;B3_CD202_IRRIG_REPROD00002.asd;B3;CD202;IRRIG;D02M;manha;D02
svm;agrupado;todos;1;teste;105;B3_CD202_NIRRIG_REPROD00001.asd;B3;CD202;NIRRIG;D02M;manha;D02
svm;agrupado;todos;1;teste;115;B4_CD202_IRRIG_REPROD00003.asd;B4;CD202;IRRIG;D02M;manha;D02
svm;agrupado;todos;1;teste;117;B4_CD202_IRRIG_REPROD00005.asd;B4;CD202;IRRIG;D02M;manha;D02
svm;agrupado;todos;1;teste;127;B4_CD202_NIRRIG_REPROD00007.asd;B4;CD202;NIRRIG;D02M;manha;D02
svm;agrupado;todos;1;teste;128;B3_EMB48_IRRIG_REPROD00000.asd;B3;EMB48;IRRIG;D02M;manha;D02
svm;agrupado;todos;1;teste;138;B4_EMB48_NIRRIG_REPROD00000.asd;B4;EMB48;NIRRIG;D02M;manha;D02
svm;agrupado;todos;1;teste;139;B3_EMB48_IRRIG_REPROD00002.asd;B3;EMB48;IRRIG;D02M;manha;D02
svm;agrupado;todos;1;teste;142;B4_EMB48_NIRRIG_REPROD00002.asd;B4;EMB48;NIRRIG;D02M;manha;D02
svm;agrupado;todos;1;teste;146;B4_EMB48_NIRRIG_REPROD00004.asd;B4;EMB48;NIRRIG;D02M;manha;D02
svm;agrupado;todos;1;teste;152;B4_EMB48_NIRRIG_REPROD00007.asd;B4;EMB48;NIRRIG;D02M;manha;D02
svm;agrupado;todos;1;teste;158;B3_EMB48_NIRRIG_REPROD00006.asd;B3;EMB48;NIRRIG;D02M;manha;D02
svm;agrupado;todos;1;teste;159;B3_EMB48_NIRRIG_REPROD00007.asd;B3;EMB48;NIRRIG;D02M;manha;D02
svm;agrupado;todos;1;teste;160;B1_EMB48_IRRIG_REPROD00000.asd;B1;EMB48;IRRIG;D02M;manha;D02
svm;agrupado;todos;1;teste;161;B1_EMB48_IRRIG_REPROD00001.asd;B1;EMB48;IRRIG;D02M;manha;D02
svm;agrupado;todos;1;teste;162;B1_EMB48_IRRIG_REPROD00002.asd;B1;EMB48;IRRIG;D02M;manha;D02
svm;agrupado;todos;1;teste;173;B1_EMB48_NIRRIG_REPROD00005.asd;B1;EMB48;NIRRIG;D02M;manha;D02
svm;agrupado;todos;1;teste;175;B1_EMB48_NIRRIG_REPROD00007.asd;B1;EMB48;NIRRIG;D02M;manha;D02
svm;agrupado;todos;1;teste;186;B2_EMB48_NIRRIG_REPROD00002.asd;B2;EMB48;NIRRIG;D02M;manha;D02
svm;agrupado;todos;1;teste;190;B2_EMB48_NIRRIG_REPROD00006.asd;B2;EMB48;NIRRIG;D02M;manha;D02
svm;agrupado;todos;1;teste;195;B1_BR16_IRRIG_REPROD00003.asd;B1;BR16;IRRIG;D02T;tarde;D02
svm;agrupado;todos;1;teste;199;B1_BR16_IRRIG_REPROD00007.asd;B1;BR16;IRRIG;D02T;tarde;D02
svm;agrupado;todos;1;teste;210;B2_BR16_IRRIG_REPROD00002.asd;B2;BR16;IRRIG;D02T;tarde;D02
svm;agrupado;todos;1;teste;220;B2_BR16_NIRRIG_REPROD00004.asd;B2;BR16;NIRRIG;D02T;tarde;D02
svm;agrupado;todos;1;teste;221;B2_BR16_NIRRIG_REPROD00005.asd;B2;BR16;NIRRIG;D02T;tarde;D02
svm;agrupado;todos;1;teste;225;B3_BR16_IRRIG_REPROD00001.asd;B3;BR16;IRRIG;D02T;tarde;D02
svm;agrupado;todos;1;teste;236;B3_BR16_NIRRIG_REPROD00004.asd;B3;BR16;NIRRIG;D02T;tarde;D02
svm;agrupado;todos;1;teste;241;B4_BR16_IRRIG_REPROD00001.asd;B4;BR16;IRRIG;D02T;tarde;D02
svm;agrupado;todos;1;teste;247;B4_BR16_IRRIG_REPROD00007.asd;B4;BR16;IRRIG;D02T;tarde;D02
svm;agrupado;todos;1;teste;253;B4_BR16_NIRRIG_REPROD00005.asd;B4;BR16;NIRRIG;D02T;tarde;D02
svm;agrupado;todos;1;teste;255;B4_BR16_NIRRIG_REPROD00007.asd;B4;BR16;NIRRIG;D02T;tarde;D02
svm;agrupado;todos;1;teste;259;B1_CD202_IRRIG_REPROD00003.asd;B1;CD202;IRRIG;D02T;tarde;D02
svm;agrupado;todos;1;teste;260;B1_CD202_IRRIG_REPROD00004.asd;B1;CD202;IRRIG;D02T;tarde;D02
svm;agrupado;todos;1;teste;262;B1_CD202_IRRIG_REPROD00006.asd;B1;CD202;IRRIG;D02T;tarde;D02
svm;agrupado;todos;1;teste;270;B1_CD202_NIRRIG_REPROD00006.asd;B1;CD202;NIRRIG;D02T;tarde;D02
svm;agrupado;todos;1;teste;272;B2_CD202_IRRIG_REPROD00000.asd;B2;CD202;IRRIG;D02T;tarde;D02
svm;agrupado;todos;1;teste;273;B2_CD202_IRRIG_REPROD00001.asd;B2;CD202;IRRIG;D02T;tarde;D02
svm;agrupado;todos;1;teste;278;B2_CD202_IRRIG_REPROD00006.asd;B2;CD202;IRRIG;D02T;tarde;D02
svm;agrupado;todos;1;teste;286;B2_CD202_NIRRIG_REPROD00006.asd;B2;CD202;NIRRIG;D02T;tarde;D02
svm;agrupado;todos;1;teste;290;B3_CD202_IRRIG_REPROD00002.asd;B3;CD202;IRRIG;D02T;tarde;D02
svm;agrupado;todos;1;teste;297;B3_CD202_NIRRIG_REPROD00001.asd;B3;CD202;NIRRIG;D02T;tarde;D02
svm;agrupado;todos;1;teste;307;B4_CD202_IRRIG_REPROD00003.asd;B4;CD202;IRRIG;D02T;tarde;D02
svm;agrupado;todos;1;teste;309;B4_CD202_IRRIG_REPROD00005.asd;B4;CD202;IRRIG;D02T;tarde;D02
svm;agrupado;todos;1;teste;319;B4_CD202_NIRRIG_REPROD00007.asd;B4;CD202;NIRRIG;D02T;tarde;D02
svm;agrupado;todos;1;teste;320;B1_EMB48_IRRIG_REPROD00000.asd;B1;EMB48;IRRIG;D02T;tarde;D02
svm;agrupado;todos;1;teste;321;B1_EMB48_IRRIG_REPROD00001.asd;B1;EMB48;IRRIG;D02T;tarde;D02
svm;agrupado;todos;1;teste;322;B1_EMB48_IRRIG_REPROD00002.asd;B1;EMB48;IRRIG;D02T;tarde;D02
svm;agrupado;todos;1;teste;333;B1_EMB48_NIRRIG_REPROD00005.asd;B1;EMB48;NIRRIG;D02T;tarde;D02
svm;agrupado;todos;1;teste;335;B1_EMB48_NIRRIG_REPROD00007.asd;B1;EMB48;NIRRIG;D02T;tarde;D02
svm;agrupado;todos;1;teste;346;B2_EMB48_NIRRIG_REPROD00002.asd;B2;EMB48;NIRRIG;D02T;tarde;D02
svm;agrupado;todos;1;teste;350;B2_EMB48_NIRRIG_REPROD00006.asd;B2;EMB48;NIRRIG;D02T;tarde;D02
svm;agrupado;todos;1;teste;352;B3_EMB48_IRRIG_REPROD00000.asd;B3;EMB48;IRRIG;D02T;tarde;D02
svm;agrupado;todos;1;teste;354;B3_EMB48_IRRIG_REPROD00002.asd;B3;EMB48;IRRIG;D02T;tarde;D02
svm;agrupado;todos;1;teste;366;B3_EMB48_NIRRIG_REPROD00006.asd;B3;EMB48;NIRRIG;D02T;tarde;D02
svm;agrupado;todos;1;teste;367;B3_EMB48_NIRRIG_REPROD00007.asd;B3;EMB48;NIRRIG;D02T;tarde;D02
svm;agrupado;todos;1;teste;376;B4_EMB48_NIRRIG_REPROD00000.asd;B4;EMB48;NIRRIG;D02T;tarde;D02
svm;agrupado;todos;1;teste;378;B4_EMB48_NIRRIG_REPROD00002.asd;B4;EMB48;NIRRIG;D02T;tarde;D02
svm;agrupado;todos;1;teste;380;B4_EMB48_NIRRIG_REPROD00004.asd;B4;EMB48;NIRRIG;D02T;tarde;D02
svm;agrupado;todos;1;teste;383;B4_EMB48_NIRRIG_REPROD00007.asd;B4;EMB48;NIRRIG;D02T;tarde;D02
svm;agrupado;todos;1;teste;387;B1_BR16_IRRIG_REPROD00003.asd;B1;BR16;IRRIG;D03M;manha;D03
svm;agrupado;todos;1;teste;391;B1_BR16_IRRIG_REPROD00007.asd;B1;BR16;IRRIG;D03M;manha;D03
svm;agrupado;todos;1;teste;402;B2_BR16_IRRIG_REPROD00002.asd;B2;BR16;IRRIG;D03M;manha;D03
svm;agrupado;todos;1;teste;412;B2_BR16_NIRRIG_REPROD00004.asd;B2;BR16;NIRRIG;D03M;manha;D03
svm;agrupado;todos;1;teste;413;B2_BR16_NIRRIG_REPROD00005.asd;B2;BR16;NIRRIG;D03M;manha;D03
svm;agrupado;todos;1;teste;417;B3_BR16_IRRIG_REPROD00001.asd;B3;BR16;IRRIG;D03M;manha;D03
svm;agrupado;todos;1;teste;428;B3_BR16_NIRRIG_REPROD00004.asd;B3;BR16;NIRRIG;D03M;manha;D03
svm;agrupado;todos;1;teste;433;B4_BR16_IRRIG_REPROD00001.asd;B4;BR16;IRRIG;D03M;manha;D03
svm;agrupado;todos;1;teste;439;B4_BR16_IRRIG_REPROD00007.asd;B4;BR16;IRRIG;D03M;manha;D03
svm;agrupado;todos;1;teste;445;B4_BR16_NIRRIG_REPROD00005.asd;B4;BR16;NIRRIG;D03M;manha;D03
svm;agrupado;todos;1;teste;447;B4_BR16_NIRRIG_REPROD00007.asd;B4;BR16;NIRRIG;D03M;manha;D03
svm;agrupado;todos;1;teste;451;B1_CD202_IRRIG_REPROD00003.asd;B1;CD202;IRRIG;D03M;manha;D03
svm;agrupado;todos;1;teste;452;B1_CD202_IRRIG_REPROD00004.asd;B1;CD202;IRRIG;D03M;manha;D03
svm;agrupado;todos;1;teste;454;B1_CD202_IRRIG_REPROD00006.asd;B1;CD202;IRRIG;D03M;manha;D03
svm;agrupado;todos;1;teste;462;B1_CD202_NIRRIG_REPROD00006.asd;B1;CD202;NIRRIG;D03M;manha;D03
svm;agrupado;todos;1;teste;464;B2_CD202_IRRIG_REPROD00000.asd;B2;CD202;IRRIG;D03M;manha;D03
svm;agrupado;todos;1;teste;465;B2_CD202_IRRIG_REPROD00001.asd;B2;CD202;IRRIG;D03M;manha;D03
svm;agrupado;todos;1;teste;470;B2_CD202_IRRIG_REPROD00006.asd;B2;CD202;IRRIG;D03M;manha;D03
svm;agrupado;todos;1;teste;478;B2_CD202_NIRRIG_REPROD00006.asd;B2;CD202;NIRRIG;D03M;manha;D03
svm;agrupado;todos;1;teste;482;B3_CD202_IRRIG_REPROD00002.asd;B3;CD202;IRRIG;D03M;manha;D03
svm;agrupado;todos;1;teste;489;B3_CD202_NIRRIG_REPROD00001.asd;B3;CD202;NIRRIG;D03M;manha;D03
svm;agrupado;todos;1;teste;499;B4_CD202_IRRIG_REPROD00003.asd;B4;CD202;IRRIG;D03M;manha;D03
svm;agrupado;todos;1;teste;501;B4_CD202_IRRIG_REPROD00005.asd;B4;CD202;IRRIG;D03M;manha;D03
svm;agrupado;todos;1;teste;511;B4_CD202_NIRRIG_REPROD00007.asd;B4;CD202;NIRRIG;D03M;manha;D03
svm;agrupado;todos;1;teste;512;B1_EMB48_IRRIG_REPROD00000.asd;B1;EMB48;IRRIG;D03M;manha;D03
svm;agrupado;todos;1;teste;513;B1_EMB48_IRRIG_REPROD00001.asd;B1;EMB48;IRRIG;D03M;manha;D03
svm;agrupado;todos;1;teste;514;B1_EMB48_IRRIG_REPROD00002.asd;B1;EMB48;IRRIG;D03M;manha;D03
svm;agrupado;todos;1;teste;525;B1_EMB48_NIRRIG_REPROD00005.asd;B1;EMB48;NIRRIG;D03M;manha;D03
svm;agrupado;todos;1;teste;527;B1_EMB48_NIRRIG_REPROD00007.asd;B1;EMB48;NIRRIG;D03M;manha;D03
svm;agrupado;todos;1;teste;538;B2_EMB48_NIRRIG_REPROD00002.asd;B2;EMB48;NIRRIG;D03M;manha;D03
svm;agrupado;todos;1;teste;542;B2_EMB48_NIRRIG_REPROD00006.asd;B2;EMB48;NIRRIG;D03M;manha;D03
svm;agrupado;todos;1;teste;544;B3_EMB48_IRRIG_REPROD00000.asd;B3;EMB48;IRRIG;D03M;manha;D03
svm;agrupado;todos;1;teste;546;B3_EMB48_IRRIG_REPROD00002.asd;B3;EMB48;IRRIG;D03M;manha;D03
svm;agrupado;todos;1;teste;558;B3_EMB48_NIRRIG_REPROD00006.asd;B3;EMB48;NIRRIG;D03M;manha;D03
svm;agrupado;todos;1;teste;559;B3_EMB48_NIRRIG_REPROD00007.asd;B3;EMB48;NIRRIG;D03M;manha;D03
svm;agrupado;todos;1;teste;568;B4_EMB48_NIRRIG_REPROD00000.asd;B4;EMB48;NIRRIG;D03M;manha;D03
svm;agrupado;todos;1;teste;570;B4_EMB48_NIRRIG_REPROD00002.asd;B4;EMB48;NIRRIG;D03M;manha;D03
svm;agrupado;todos;1;teste;572;B4_EMB48_NIRRIG_REPROD00004.asd;B4;EMB48;NIRRIG;D03M;manha;D03
svm;agrupado;todos;1;teste;575;B4_EMB48_NIRRIG_REPROD00007.asd;B4;EMB48;NIRRIG;D03M;manha;D03
svm;agrupado;todos;1;teste;579;B1_BR16_IRRIG_REPROD00003.asd;B1;BR16;IRRIG;D03T;tarde;D03
svm;agrupado;todos;1;teste;583;B1_BR16_IRRIG_REPROD00007.asd;B1;BR16;IRRIG;D03T;tarde;D03
svm;agrupado;todos;1;teste;594;B2_BR16_IRRIG_REPROD00002.asd;B2;BR16;IRRIG;D03T;tarde;D03
svm;agrupado;todos;1;teste;604;B2_BR16_NIRRIG_REPROD00004.asd;B2;BR16;NIRRIG;D03T;tarde;D03
svm;agrupado;todos;1;teste;605;B2_BR16_NIRRIG_REPROD00005.asd;B2;BR16;NIRRIG;D03T;tarde;D03
svm;agrupado;todos;1;teste;609;B3_BR16_IRRIG_REPROD00001.asd;B3;BR16;IRRIG;D03T;tarde;D03
svm;agrupado;todos;1;teste;620;B3_BR16_NIRRIG_REPROD00004.asd;B3;BR16;NIRRIG;D03T;tarde;D03
svm;agrupado;todos;1;teste;625;B4_BR16_IRRIG_REPROD00001.asd;B4;BR16;IRRIG;D03T;tarde;D03
svm;agrupado;todos;1;teste;631;B4_BR16_IRRIG_REPROD00007.asd;B4;BR16;IRRIG;D03T;tarde;D03
svm;agrupado;todos;1;teste;637;B4_BR16_NIRRIG_REPROD00005.asd;B4;BR16;NIRRIG;D03T;tarde;D03
svm;agrupado;todos;1;teste;639;B4_BR16_NIRRIG_REPROD00007.asd;B4;BR16;NIRRIG;D03T;tarde;D03
svm;agrupado;todos;1;teste;643;B1_CD202_IRRIG_REPROD00003.asd;B1;CD202;IRRIG;D03T;tarde;D03
svm;agrupado;todos;1;teste;644;B1_CD202_IRRIG_REPROD00004.asd;B1;CD202;IRRIG;D03T;tarde;D03
svm;agrupado;todos;1;teste;646;B1_CD202_IRRIG_REPROD00006.asd;B1;CD202;IRRIG;D03T;tarde;D03
svm;agrupado;todos;1;teste;654;B1_CD202_NIRRIG_REPROD00006.asd;B1;CD202;NIRRIG;D03T;tarde;D03
svm;agrupado;todos;1;teste;656;B2_CD202_IRRIG_REPROD00000.asd;B2;CD202;IRRIG;D03T;tarde;D03
svm;agrupado;todos;1;teste;657;B2_CD202_IRRIG_REPROD00001.asd;B2;CD202;IRRIG;D03T;tarde;D03
svm;agrupado;todos;1;teste;662;B2_CD202_IRRIG_REPROD00006.asd;B2;CD202;IRRIG;D03T;tarde;D03
svm;agrupado;todos;1;teste;670;B2_CD202_NIRRIG_REPROD00006.asd;B2;CD202;NIRRIG;D03T;tarde;D03
svm;agrupado;todos;1;teste;674;B3_CD202_IRRIG_REPROD00002.asd;B3;CD202;IRRIG;D03T;tarde;D03
svm;agrupado;todos;1;teste;681;B3_CD202_NIRRIG_REPROD00001.asd;B3;CD202;NIRRIG;D03T;tarde;D03
svm;agrupado;todos;1;teste;691;B4_CD202_IRRIG_REPROD00003.asd;B4;CD202;IRRIG;D03T;tarde;D03
svm;agrupado;todos;1;teste;693;B4_CD202_IRRIG_REPROD00005.asd;B4;CD202;IRRIG;D03T;tarde;D03
svm;agrupado;todos;1;teste;703;B4_CD202_NIRRIG_REPROD00007.asd;B4;CD202;NIRRIG;D03T;tarde;D03
svm;agrupado;todos;1;teste;704;B1_EMB48_IRRIG_REPROD00000.asd;B1;EMB48;IRRIG;D03T;tarde;D03
svm;agrupado;todos;1;teste;705;B1_EMB48_IRRIG_REPROD00001.asd;B1;EMB48;IRRIG;D03T;tarde;D03
svm;agrupado;todos;1;teste;706;B1_EMB48_IRRIG_REPROD00002.asd;B1;EMB48;IRRIG;D03T;tarde;D03
svm;agrupado;todos;1;teste;717;B1_EMB48_NIRRIG_REPROD00005.asd;B1;EMB48;NIRRIG;D03T;tarde;D03
svm;agrupado;todos;1;teste;719;B1_EMB48_NIRRIG_REPROD00007.asd;B1;EMB48;NIRRIG;D03T;tarde;D03
svm;agrupado;todos;1;teste;730;B2_EMB48_NIRRIG_REPROD00002.asd;B2;EMB48;NIRRIG;D03T;tarde;D03
svm;agrupado;todos;1;teste;734;B2_EMB48_NIRRIG_REPROD00006.asd;B2;EMB48;NIRRIG;D03T;tarde;D03
svm;agrupado;todos;1;teste;736;B3_EMB48_IRRIG_REPROD00000.asd;B3;EMB48;IRRIG;D03T;tarde;D03
svm;agrupado;todos;1;teste;738;B3_EMB48_IRRIG_REPROD00002.asd;B3;EMB48;IRRIG;D03T;tarde;D03
svm;agrupado;todos;1;teste;750;B3_EMB48_NIRRIG_REPROD00006.asd;B3;EMB48;NIRRIG;D03T;tarde;D03
svm;agrupado;todos;1;teste;751;B3_EMB48_NIRRIG_REPROD00007.asd;B3;EMB48;NIRRIG;D03T;tarde;D03
svm;agrupado;todos;1;teste;760;B4_EMB48_NIRRIG_REPROD00000.asd;B4;EMB48;NIRRIG;D03T;tarde;D03
svm;agrupado;todos;1;teste;762;B4_EMB48_NIRRIG_REPROD00002.asd;B4;EMB48;NIRRIG;D03T;tarde;D03
svm;agrupado;todos;1;teste;764;B4_EMB48_NIRRIG_REPROD00004.asd;B4;EMB48;NIRRIG;D03T;tarde;D03
svm;agrupado;todos;1;teste;767;B4_EMB48_NIRRIG_REPROD00007.asd;B4;EMB48;NIRRIG;D03T;tarde;D03
svm;agrupado;todos;1;teste;771;B1_BR16_IRRIG_REPROD00003.asd;B1;BR16;IRRIG;D04M;manha;D04
svm;agrupado;todos;1;teste;775;B1_BR16_IRRIG_REPROD00007.asd;B1;BR16;IRRIG;D04M;manha;D04
svm;agrupado;todos;1;teste;786;B2_BR16_IRRIG_REPROD00002.asd;B2;BR16;IRRIG;D04M;manha;D04
svm;agrupado;todos;1;teste;796;B2_BR16_NIRRIG_REPROD00004.asd;B2;BR16;NIRRIG;D04M;manha;D04
svm;agrupado;todos;1;teste;797;B2_BR16_NIRRIG_REPROD00005.asd;B2;BR16;NIRRIG;D04M;manha;D04
svm;agrupado;todos;1;teste;801;B3_BR16_IRRIG_REPROD00001.asd;B3;BR16;IRRIG;D04M;manha;D04
svm;agrupado;todos;1;teste;812;B3_BR16_NIRRIG_REPROD00004.asd;B3;BR16;NIRRIG;D04M;manha;D04
svm;agrupado;todos;1;teste;817;B4_BR16_IRRIG_REPROD00001.asd;B4;BR16;IRRIG;D04M;manha;D04
svm;agrupado;todos;1;teste;823;B4_BR16_IRRIG_REPROD00007.asd;B4;BR16;IRRIG;D04M;manha;D04
svm;agrupado;todos;1;teste;829;B4_BR16_NIRRIG_REPROD00005.asd;B4;BR16;NIRRIG;D04M;manha;D04
svm;agrupado;todos;1;teste;831;B4_BR16_NIRRIG_REPROD00007.asd;B4;BR16;NIRRIG;D04M;manha;D04
svm;agrupado;todos;1;teste;835;B1_CD202_IRRIG_REPROD00003.asd;B1;CD202;IRRIG;D04M;manha;D04
svm;agrupado;todos;1;teste;836;B1_CD202_IRRIG_REPROD00004.asd;B1;CD202;IRRIG;D04M;manha;D04
svm;agrupado;todos;1;teste;838;B1_CD202_IRRIG_REPROD00006.asd;B1;CD202;IRRIG;D04M;manha;D04
svm;agrupado;todos;1;teste;846;B1_CD202_NIRRIG_REPROD00006.asd;B1;CD202;NIRRIG;D04M;manha;D04
svm;agrupado;todos;1;teste;848;B2_CD202_IRRIG_REPROD00000.asd;B2;CD202;IRRIG;D04M;manha;D04
svm;agrupado;todos;1;teste;849;B2_CD202_IRRIG_REPROD00001.asd;B2;CD202;IRRIG;D04M;manha;D04
svm;agrupado;todos;1;teste;854;B2_CD202_IRRIG_REPROD00006.asd;B2;CD202;IRRIG;D04M;manha;D04
svm;agrupado;todos;1;teste;862;B2_CD202_NIRRIG_REPROD00006.asd;B2;CD202;NIRRIG;D04M;manha;D04
svm;agrupado;todos;1;teste;866;B3_CD202_IRRIG_REPROD00002.asd;B3;CD202;IRRIG;D04M;manha;D04
svm;agrupado;todos;1;teste;873;B3_CD202_NIRRIG_REPROD00001.asd;B3;CD202;NIRRIG;D04M;manha;D04
svm;agrupado;todos;1;teste;883;B4_CD202_IRRIG_REPROD00003.asd;B4;CD202;IRRIG;D04M;manha;D04
svm;agrupado;todos;1;teste;885;B4_CD202_IRRIG_REPROD00005.asd;B4;CD202;IRRIG;D04M;manha;D04
svm;agrupado;todos;1;teste;895;B4_CD202_NIRRIG_REPROD00007.asd;B4;CD202;NIRRIG;D04M;manha;D04
svm;agrupado;todos;1;teste;896;B1_EMB48_IRRIG_REPROD00000.asd;B1;EMB48;IRRIG;D04M;manha;D04
svm;agrupado;todos;1;teste;897;B1_EMB48_IRRIG_REPROD00001.asd;B1;EMB48;IRRIG;D04M;manha;D04
svm;agrupado;todos;1;teste;898;B1_EMB48_IRRIG_REPROD00002.asd;B1;EMB48;IRRIG;D04M;manha;D04
svm;agrupado;todos;1;teste;909;B1_EMB48_NIRRIG_REPROD00005.asd;B1;EMB48;NIRRIG;D04M;manha;D04
svm;agrupado;todos;1;teste;911;B1_EMB48_NIRRIG_REPROD00007.asd;B1;EMB48;NIRRIG;D04M;manha;D04
svm;agrupado;todos;1;teste;922;B2_EMB48_NIRRIG_REPROD00002.asd;B2;EMB48;NIRRIG;D04M;manha;D04
svm;agrupado;todos;1;teste;926;B2_EMB48_NIRRIG_REPROD00006.asd;B2;EMB48;NIRRIG;D04M;manha;D04
svm;agrupado;todos;1;teste;928;B3_EMB48_IRRIG_REPROD00000.asd;B3;EMB48;IRRIG;D04M;manha;D04
svm;agrupado;todos;1;teste;930;B3_EMB48_IRRIG_REPROD00002.asd;B3;EMB48;IRRIG;D04M;manha;D04
svm;agrupado;todos;1;teste;942;B3_EMB48_NIRRIG_REPROD00006.asd;B3;EMB48;NIRRIG;D04M;manha;D04
svm;agrupado;todos;1;teste;943;B3_EMB48_NIRRIG_REPROD00007.asd;B3;EMB48;NIRRIG;D04M;manha;D04
svm;agrupado;todos;1;teste;952;B4_EMB48_NIRRIG_REPROD00000.asd;B4;EMB48;NIRRIG;D04M;manha;D04
svm;agrupado;todos;1;teste;954;B4_EMB48_NIRRIG_REPROD00002.asd;B4;EMB48;NIRRIG;D04M;manha;D04
svm;agrupado;todos;1;teste;956;B4_EMB48_NIRRIG_REPROD00004.asd;B4;EMB48;NIRRIG;D04M;manha;D04
svm;agrupado;todos;1;teste;959;B4_EMB48_NIRRIG_REPROD00007.asd;B4;EMB48;NIRRIG;D04M;manha;D04
svm;agrupado;todos;1;teste;963;B1_BR16_IRRIG_REPROD00003.asd;B1;BR16;IRRIG;D05M;manha;D05
svm;agrupado;todos;1;teste;967;B1_BR16_IRRIG_REPROD00007.asd;B1;BR16;IRRIG;D05M;manha;D05
svm;agrupado;todos;1;teste;978;B2_BR16_IRRIG_REPROD00002.asd;B2;BR16;IRRIG;D05M;manha;D05
svm;agrupado;todos;1;teste;988;B2_BR16_NIRRIG_REPROD00004.asd;B2;BR16;NIRRIG;D05M;manha;D05
svm;agrupado;todos;1;teste;989;B2_BR16_NIRRIG_REPROD00005.asd;B2;BR16;NIRRIG;D05M;manha;D05
svm;agrupado;todos;1;teste;993;B3_BR16_IRRIG_REPROD00001.asd;B3;BR16;IRRIG;D05M;manha;D05
svm;agrupado;todos;1;teste;1004;B3_BR16_NIRRIG_REPROD00004.asd;B3;BR16;NIRRIG;D05M;manha;D05
svm;agrupado;todos;1;teste;1009;B4_BR16_IRRIG_REPROD00001.asd;B4;BR16;IRRIG;D05M;manha;D05
svm;agrupado;todos;1;teste;1015;B4_BR16_IRRIG_REPROD00007.asd;B4;BR16;IRRIG;D05M;manha;D05
svm;agrupado;todos;1;teste;1021;B4_BR16_NIRRIG_REPROD00005.asd;B4;BR16;NIRRIG;D05M;manha;D05
svm;agrupado;todos;1;teste;1023;B4_BR16_NIRRIG_REPROD00007.asd;B4;BR16;NIRRIG;D05M;manha;D05
svm;agrupado;todos;1;teste;1027;B1_CD202_IRRIG_REPROD00003.asd;B1;CD202;IRRIG;D05M;manha;D05
svm;agrupado;todos;1;teste;1028;B1_CD202_IRRIG_REPROD00004.asd;B1;CD202;IRRIG;D05M;manha;D05
svm;agrupado;todos;1;teste;1030;B1_CD202_IRRIG_REPROD00006.asd;B1;CD202;IRRIG;D05M;manha;D05
svm;agrupado;todos;1;teste;1038;B1_CD202_NIRRIG_REPROD00006.asd;B1;CD202;NIRRIG;D05M;manha;D05
svm;agrupado;todos;1;teste;1040;B2_CD202_IRRIG_REPROD00000.asd;B2;CD202;IRRIG;D05M;manha;D05
svm;agrupado;todos;1;teste;1041;B2_CD202_IRRIG_REPROD00001.asd;B2;CD202;IRRIG;D05M;manha;D05
svm;agrupado;todos;1;teste;1046;B2_CD202_IRRIG_REPROD00006.asd;B2;CD202;IRRIG;D05M;manha;D05
svm;agrupado;todos;1;teste;1054;B2_CD202_NIRRIG_REPROD00006.asd;B2;CD202;NIRRIG;D05M;manha;D05
svm;agrupado;todos;1;teste;1058;B3_CD202_IRRIG_REPROD00002.asd;B3;CD202;IRRIG;D05M;manha;D05
svm;agrupado;todos;1;teste;1065;B3_CD202_NIRRIG_REPROD00001.asd;B3;CD202;NIRRIG;D05M;manha;D05
svm;agrupado;todos;1;teste;1075;B4_CD202_IRRIG_REPROD00003.asd;B4;CD202;IRRIG;D05M;manha;D05
svm;agrupado;todos;1;teste;1077;B4_CD202_IRRIG_REPROD00005.asd;B4;CD202;IRRIG;D05M;manha;D05
svm;agrupado;todos;1;teste;1087;B4_CD202_NIRRIG_REPROD00007.asd;B4;CD202;NIRRIG;D05M;manha;D05
svm;agrupado;todos;1;teste;1088;B1_EMB48_IRRIG_REPROD00000.asd;B1;EMB48;IRRIG;D05M;manha;D05
svm;agrupado;todos;1;teste;1089;B1_EMB48_IRRIG_REPROD00001.asd;B1;EMB48;IRRIG;D05M;manha;D05
svm;agrupado;todos;1;teste;1090;B1_EMB48_IRRIG_REPROD00002.asd;B1;EMB48;IRRIG;D05M;manha;D05
svm;agrupado;todos;1;teste;1101;B1_EMB48_NIRRIG_REPROD00005.asd;B1;EMB48;NIRRIG;D05M;manha;D05
svm;agrupado;todos;1;teste;1103;B1_EMB48_NIRRIG_REPROD00007.asd;B1;EMB48;NIRRIG;D05M;manha;D05
svm;agrupado;todos;1;teste;1114;B2_EMB48_NIRRIG_REPROD00002.asd;B2;EMB48;NIRRIG;D05M;manha;D05
svm;agrupado;todos;1;teste;1118;B2_EMB48_NIRRIG_REPROD00006.asd;B2;EMB48;NIRRIG;D05M;manha;D05
svm;agrupado;todos;1;teste;1120;B3_EMB48_IRRIG_REPROD00000.asd;B3;EMB48;IRRIG;D05M;manha;D05
svm;agrupado;todos;1;teste;1122;B3_EMB48_IRRIG_REPROD00002.asd;B3;EMB48;IRRIG;D05M;manha;D05
svm;agrupado;todos;1;teste;1134;B3_EMB48_NIRRIG_REPROD00006.asd;B3;EMB48;NIRRIG;D05M;manha;D05
svm;agrupado;todos;1;teste;1135;B3_EMB48_NIRRIG_REPROD00007.asd;B3;EMB48;NIRRIG;D05M;manha;D05
svm;agrupado;todos;1;teste;1144;B4_EMB48_NIRRIG_REPROD00000.asd;B4;EMB48;NIRRIG;D05M;manha;D05
svm;agrupado;todos;1;teste;1146;B4_EMB48_NIRRIG_REPROD00002.asd;B4;EMB48;NIRRIG;D05M;manha;D05
svm;agrupado;todos;1;teste;1148;B4_EMB48_NIRRIG_REPROD00004.asd;B4;EMB48;NIRRIG;D05M;manha;D05
svm;agrupado;todos;1;teste;1151;B4_EMB48_NIRRIG_REPROD00007.asd;B4;EMB48;NIRRIG;D05M;manha;D05
svm;agrupado;todos;1;teste;1155;B1_BR16_IRRIG_REPROD00003.asd;B1;BR16;IRRIG;D06M;manha;D06
svm;agrupado;todos;1;teste;1159;B1_BR16_IRRIG_REPROD00007.asd;B1;BR16;IRRIG;D06M;manha;D06
svm;agrupado;todos;1;teste;1170;B2_BR16_IRRIG_REPROD00002.asd;B2;BR16;IRRIG;D06M;manha;D06
svm;agrupado;todos;1;teste;1180;B2_BR16_NIRRIG_REPROD00004.asd;B2;BR16;NIRRIG;D06M;manha;D06
svm;agrupado;todos;1;teste;1181;B2_BR16_NIRRIG_REPROD00005.asd;B2;BR16;NIRRIG;D06M;manha;D06
svm;agrupado;todos;1;teste;1185;B3_BR16_IRRIG_REPROD00001.asd;B3;BR16;IRRIG;D06M;manha;D06
svm;agrupado;todos;1;teste;1196;B3_BR16_NIRRIG_REPROD00004.asd;B3;BR16;NIRRIG;D06M;manha;D06
svm;agrupado;todos;1;teste;1201;B4_BR16_IRRIG_REPROD00001.asd;B4;BR16;IRRIG;D06M;manha;D06
svm;agrupado;todos;1;teste;1207;B4_BR16_IRRIG_REPROD00007.asd;B4;BR16;IRRIG;D06M;manha;D06
svm;agrupado;todos;1;teste;1213;B4_BR16_NIRRIG_REPROD00005.asd;B4;BR16;NIRRIG;D06M;manha;D06
svm;agrupado;todos;1;teste;1215;B4_BR16_NIRRIG_REPROD00007.asd;B4;BR16;NIRRIG;D06M;manha;D06
svm;agrupado;todos;1;teste;1219;B1_CD202_IRRIG_REPROD00003.asd;B1;CD202;IRRIG;D06M;manha;D06
svm;agrupado;todos;1;teste;1220;B1_CD202_IRRIG_REPROD00004.asd;B1;CD202;IRRIG;D06M;manha;D06
svm;agrupado;todos;1;teste;1222;B1_CD202_IRRIG_REPROD00006.asd;B1;CD202;IRRIG;D06M;manha;D06
svm;agrupado;todos;1;teste;1230;B1_CD202_NIRRIG_REPROD00006.asd;B1;CD202;NIRRIG;D06M;manha;D06
svm;agrupado;todos;1;teste;1232;B2_CD202_IRRIG_REPROD00000.asd;B2;CD202;IRRIG;D06M;manha;D06
svm;agrupado;todos;1;teste;1233;B2_CD202_IRRIG_REPROD00001.asd;B2;CD202;IRRIG;D06M;manha;D06
svm;agrupado;todos;1;teste;1238;B2_CD202_IRRIG_REPROD00006.asd;B2;CD202;IRRIG;D06M;manha;D06
svm;agrupado;todos;1;teste;1246;B2_CD202_NIRRIG_REPROD00006.asd;B2;CD202;NIRRIG;D06M;manha;D06
svm;agrupado;todos;1;teste;1250;B3_CD202_IRRIG_REPROD00002.asd;B3;CD202;IRRIG;D06M;manha;D06
svm;agrupado;todos;1;teste;1257;B3_CD202_NIRRIG_REPROD00001.asd;B3;CD202;NIRRIG;D06M;manha;D06
svm;agrupado;todos;1;teste;1267;B4_CD202_IRRIG_REPROD00003.asd;B4;CD202;IRRIG;D06M;manha;D06
svm;agrupado;todos;1;teste;1269;B4_CD202_IRRIG_REPROD00005.asd;B4;CD202;IRRIG;D06M;manha;D06
svm;agrupado;todos;1;teste;1279;B4_CD202_NIRRIG_REPROD00007.asd;B4;CD202;NIRRIG;D06M;manha;D06
svm;agrupado;todos;1;teste;1280;B1_EMB48_IRRIG_REPROD00000.asd;B1;EMB48;IRRIG;D06M;manha;D06
svm;agrupado;todos;1;teste;1281;B1_EMB48_IRRIG_REPROD00001.asd;B1;EMB48;IRRIG;D06M;manha;D06
svm;agrupado;todos;1;teste;1282;B1_EMB48_IRRIG_REPROD00002.asd;B1;EMB48;IRRIG;D06M;manha;D06
svm;agrupado;todos;1;teste;1293;B1_EMB48_NIRRIG_REPROD00005.asd;B1;EMB48;NIRRIG;D06M;manha;D06
svm;agrupado;todos;1;teste;1295;B1_EMB48_NIRRIG_REPROD00007.asd;B1;EMB48;NIRRIG;D06M;manha;D06
svm;agrupado;todos;1;teste;1306;B2_EMB48_NIRRIG_REPROD00002.asd;B2;EMB48;NIRRIG;D06M;manha;D06
svm;agrupado;todos;1;teste;1310;B2_EMB48_NIRRIG_REPROD00006.asd;B2;EMB48;NIRRIG;D06M;manha;D06
svm;agrupado;todos;1;teste;1312;B3_EMB48_IRRIG_REPROD00000.asd;B3;EMB48;IRRIG;D06M;manha;D06
svm;agrupado;todos;1;teste;1314;B3_EMB48_IRRIG_REPROD00002.asd;B3;EMB48;IRRIG;D06M;manha;D06
svm;agrupado;todos;1;teste;1326;B3_EMB48_NIRRIG_REPROD00006.asd;B3;EMB48;NIRRIG;D06M;manha;D06
svm;agrupado;todos;1;teste;1327;B3_EMB48_NIRRIG_REPROD00007.asd;B3;EMB48;NIRRIG;D06M;manha;D06
svm;agrupado;todos;1;teste;1336;B4_EMB48_NIRRIG_REPROD00000.asd;B4;EMB48;NIRRIG;D06M;manha;D06
svm;agrupado;todos;1;teste;1338;B4_EMB48_NIRRIG_REPROD00002.asd;B4;EMB48;NIRRIG;D06M;manha;D06
svm;agrupado;todos;1;teste;1340;B4_EMB48_NIRRIG_REPROD00004.asd;B4;EMB48;NIRRIG;D06M;manha;D06
svm;agrupado;todos;1;teste;1343;B4_EMB48_NIRRIG_REPROD00007.asd;B4;EMB48;NIRRIG;D06M;manha;D06
svm;agrupado;todos;1;teste;1350;B1_BR16_IRR_REP_RECUP00006.asd;B1;BR16;IRRIG;D09M;manha;D09
svm;agrupado;todos;1;teste;1352;B1_BR16_NIRR_REP_RECUP00000.asd;B1;BR16;NIRRIG;D09M;manha;D09
svm;agrupado;todos;1;teste;1354;B1_BR16_NIRR_REP_RECUP00002.asd;B1;BR16;NIRRIG;D09M;manha;D09
svm;agrupado;todos;1;teste;1355;B1_BR16_NIRR_REP_RECUP00003.asd;B1;BR16;NIRRIG;D09M;manha;D09
svm;agrupado;todos;1;teste;1356;B1_BR16_NIRR_REP_RECUP00004.asd;B1;BR16;NIRRIG;D09M;manha;D09
svm;agrupado;todos;1;teste;1358;B1_BR16_NIRR_REP_RECUP00006.asd;B1;BR16;NIRRIG;D09M;manha;D09
svm;agrupado;todos;1;teste;1366;B2_BR16_IRR_REP_RECUP00006.asd;B2;BR16;IRRIG;D09M;manha;D09
svm;agrupado;todos;1;teste;1374;B2_BR16_NIRR_REP_RECUP00006.asd;B2;BR16;NIRRIG;D09M;manha;D09
svm;agrupado;todos;1;teste;1375;B2_BR16_NIRR_REP_RECUP00007.asd;B2;BR16;NIRRIG;D09M;manha;D09
svm;agrupado;todos;1;teste;1382;B3_BR16_IRR_REP_RECUP00006.asd;B3;BR16;IRRIG;D09M;manha;D09
svm;agrupado;todos;1;teste;1392;B4_BR16_IRR_REP_RECUP00000.asd;B4;BR16;IRRIG;D09M;manha;D09
svm;agrupado;todos;1;teste;1393;B4_BR16_IRR_REP_RECUP00001.asd;B4;BR16;IRRIG;D09M;manha;D09
svm;agrupado;todos;1;teste;1399;B4_BR16_IRR_REP_RECUP00007.asd;B4;BR16;IRRIG;D09M;manha;D09
svm;agrupado;todos;1;teste;1407;B4_BR16_NIRR_REP_RECUP00007.asd;B4;BR16;NIRRIG;D09M;manha;D09
svm;agrupado;todos;1;teste;1409;B1_CD202_IRR_REP_RECUP00001.asd;B1;CD202;IRRIG;D09M;manha;D09
svm;agrupado;todos;1;teste;1416;B1_CD202_IRR_REP_RECUP00008.asd;B1;CD202;IRRIG;D09M;manha;D09
svm;agrupado;todos;1;teste;1417;B1_CD202_IRR_REP_RECUP00009.asd;B1;CD202;IRRIG;D09M;manha;D09
svm;agrupado;todos;1;teste;1429;B2_CD202_IRR_REP_RECUP00001.asd;B2;CD202;IRRIG;D09M;manha;D09
svm;agrupado;todos;1;teste;1439;B2_CD202_NIRR_REP_RECUP00003.asd;B2;CD202;NIRRIG;D09M;manha;D09
svm;agrupado;todos;1;teste;1442;B2_CD202_NIRR_REP_RECUP00006.asd;B2;CD202;NIRRIG;D09M;manha;D09
svm;agrupado;todos;1;teste;1447;B3_CD202_IRR_REP_RECUP00003.asd;B3;CD202;IRRIG;D09M;manha;D09
svm;agrupado;todos;1;teste;1449;B3_CD202_IRR_REP_RECUP00005.asd;B3;CD202;IRRIG;D09M;manha;D09
svm;agrupado;todos;1;teste;1453;B3_CD202_NIRR_REP_RECUP00001.asd;B3;CD202;NIRRIG;D09M;manha;D09
svm;agrupado;todos;1;teste;1455;B3_CD202_NIRR_REP_RECUP00003.asd;B3;CD202;NIRRIG;D09M;manha;D09
svm;agrupado;todos;1;teste;1471;B4_CD202_NIRR_REP_RECUP00003.asd;B4;CD202;NIRRIG;D09M;manha;D09
svm;agrupado;todos;1;teste;1472;B4_CD202_NIRR_REP_RECUP00004.asd;B4;CD202;NIRRIG;D09M;manha;D09
svm;agrupado;todos;1;teste;1475;B4_CD202_NIRR_REP_RECUP00007.asd;B4;CD202;NIRRIG;D09M;manha;D09
svm;agrupado;todos;1;teste;1476;B1_EMB48_IRR_REP_RECUP00000.asd;B1;EMB48;IRRIG;D09M;manha;D09
svm;agrupado;todos;1;teste;1479;B1_EMB48_IRR_REP_RECUP00003.asd;B1;EMB48;IRRIG;D09M;manha;D09
svm;agrupado;todos;1;teste;1481;B1_EMB48_IRR_REP_RECUP00005.asd;B1;EMB48;IRRIG;D09M;manha;D09
svm;agrupado;todos;1;teste;1485;B1_EMB48_NIRR_REP_RECUP00001.asd;B1;EMB48;NIRRIG;D09M;manha;D09
svm;agrupado;todos;1;teste;1488;B1_EMB48_NIRR_REP_RECUP00004.asd;B1;EMB48;NIRRIG;D09M;manha;D09
svm;agrupado;todos;1;teste;1493;B2_EMB48_IRR_REP_RECUP00001.asd;B2;EMB48;IRRIG;D09M;manha;D09
svm;agrupado;todos;1;teste;1516;B3_EMB48_NIRR_REP_RECUP00000.asd;B3;EMB48;NIRRIG;D09M;manha;D09
svm;agrupado;todos;1;teste;1519;B3_EMB48_NIRR_REP_RECUP00003.asd;B3;EMB48;NIRRIG;D09M;manha;D09
svm;agrupado;todos;1;teste;1526;B4_EMB48_IRR_REP_RECUP00002.asd;B4;EMB48;IRRIG;D09M;manha;D09
svm;agrupado;todos;1;teste;1528;B4_EMB48_IRR_REP_RECUP00004.asd;B4;EMB48;IRRIG;D09M;manha;D09
svm;agrupado;todos;1;teste;1529;B4_EMB48_IRR_REP_RECUP00005.asd;B4;EMB48;IRRIG;D09M;manha;D09
svm;agrupado;todos;1;teste;1536;B4_EMB48_NIRR_REP_RECUP00004.asd;B4;EMB48;NIRRIG;D09M;manha;D09
svm;agrupado;todos;1;teste;1546;B1_BR16_IRR_REP_RECUP00006.asd;B1;BR16;IRRIG;D09T;tarde;D09
svm;agrupado;todos;1;teste;1548;B1_BR16_NIRR_REP_RECUP00000.asd;B1;BR16;NIRRIG;D09T;tarde;D09
svm;agrupado;todos;1;teste;1550;B1_BR16_NIRR_REP_RECUP00002.asd;B1;BR16;NIRRIG;D09T;tarde;D09
svm;agrupado;todos;1;teste;1551;B1_BR16_NIRR_REP_RECUP00003.asd;B1;BR16;NIRRIG;D09T;tarde;D09
svm;agrupado;todos;1;teste;1552;B1_BR16_NIRR_REP_RECUP00004.asd;B1;BR16;NIRRIG;D09T;tarde;D09
svm;agrupado;todos;1;teste;1554;B1_BR16_NIRR_REP_RECUP00006.asd;B1;BR16;NIRRIG;D09T;tarde;D09
svm;agrupado;todos;1;teste;1562;B2_BR16_IRR_REP_RECUP00006.asd;B2;BR16;IRRIG;D09T;tarde;D09
svm;agrupado;todos;1;teste;1567;B2_BR16_NIRR_REP_RECUP00011.asd;B2;BR16;NIRRIG;D09T;tarde;D09
svm;agrupado;todos;1;teste;1571;B2_BR16_NIRR_REP_RECUP00015.asd;B2;BR16;NIRRIG;D09T;tarde;D09
svm;agrupado;todos;1;teste;1578;B3_BR16_IRR_REP_RECUP00006.asd;B3;BR16;IRRIG;D09T;tarde;D09
svm;agrupado;todos;1;teste;1588;B4_BR16_IRR_REP_RECUP00000.asd;B4;BR16;IRRIG;D09T;tarde;D09
svm;agrupado;todos;1;teste;1589;B4_BR16_IRR_REP_RECUP00001.asd;B4;BR16;IRRIG;D09T;tarde;D09
svm;agrupado;todos;1;teste;1595;B4_BR16_IRR_REP_RECUP00007.asd;B4;BR16;IRRIG;D09T;tarde;D09
svm;agrupado;todos;1;teste;1603;B4_BR16_NIRR_REP_RECUP00007.asd;B4;BR16;NIRRIG;D09T;tarde;D09
svm;agrupado;todos;1;teste;1605;B1_CD202_IRR_REP_RECUP00001.asd;B1;CD202;IRRIG;D09T;tarde;D09
svm;agrupado;todos;1;teste;1621;B2_CD202_IRR_REP_RECUP00001.asd;B2;CD202;IRRIG;D09T;tarde;D09
svm;agrupado;todos;1;teste;1631;B2_CD202_NIRR_REP_RECUP00003.asd;B2;CD202;NIRRIG;D09T;tarde;D09
svm;agrupado;todos;1;teste;1634;B2_CD202_NIRR_REP_RECUP00006.asd;B2;CD202;NIRRIG;D09T;tarde;D09
svm;agrupado;todos;1;teste;1639;B3_CD202_IRR_REP_RECUP00003.asd;B3;CD202;IRRIG;D09T;tarde;D09
svm;agrupado;todos;1;teste;1641;B3_CD202_IRR_REP_RECUP00005.asd;B3;CD202;IRRIG;D09T;tarde;D09
svm;agrupado;todos;1;teste;1645;B3_CD202_NIRR_REP_RECUP00001.asd;B3;CD202;NIRRIG;D09T;tarde;D09
svm;agrupado;todos;1;teste;1647;B3_CD202_NIRR_REP_RECUP00003.asd;B3;CD202;NIRRIG;D09T;tarde;D09
svm;agrupado;todos;1;teste;1663;B4_CD202_NIRR_REP_RECUP00003.asd;B4;CD202;NIRRIG;D09T;tarde;D09
svm;agrupado;todos;1;teste;1664;B4_CD202_NIRR_REP_RECUP00004.asd;B4;CD202;NIRRIG;D09T;tarde;D09
svm;agrupado;todos;1;teste;1667;B4_CD202_NIRR_REP_RECUP00007.asd;B4;CD202;NIRRIG;D09T;tarde;D09
svm;agrupado;todos;1;teste;1668;B1_EMB48_IRR_REP_RECUP00000.asd;B1;EMB48;IRRIG;D09T;tarde;D09
svm;agrupado;todos;1;teste;1671;B1_EMB48_IRR_REP_RECUP00003.asd;B1;EMB48;IRRIG;D09T;tarde;D09
svm;agrupado;todos;1;teste;1673;B1_EMB48_IRR_REP_RECUP00005.asd;B1;EMB48;IRRIG;D09T;tarde;D09
svm;agrupado;todos;1;teste;1677;B1_EMB48_NIRR_REP_RECUP00001.asd;B1;EMB48;NIRRIG;D09T;tarde;D09
svm;agrupado;todos;1;teste;1680;B1_EMB48_NIRR_REP_RECUP00004.asd;B1;EMB48;NIRRIG;D09T;tarde;D09
svm;agrupado;todos;1;teste;1685;B2_EMB48_IRR_REP_RECUP00001.asd;B2;EMB48;IRRIG;D09T;tarde;D09
svm;agrupado;todos;1;teste;1708;B3_EMB48_NIRR_REP_RECUP00000.asd;B3;EMB48;NIRRIG;D09T;tarde;D09
svm;agrupado;todos;1;teste;1711;B3_EMB48_NIRR_REP_RECUP00003.asd;B3;EMB48;NIRRIG;D09T;tarde;D09
svm;agrupado;todos;1;teste;1718;B4_EMB48_IRR_REP_RECUP00002.asd;B4;EMB48;IRRIG;D09T;tarde;D09
svm;agrupado;todos;1;teste;1720;B4_EMB48_IRR_REP_RECUP00004.asd;B4;EMB48;IRRIG;D09T;tarde;D09
svm;agrupado;todos;1;teste;1721;B4_EMB48_IRR_REP_RECUP00005.asd;B4;EMB48;IRRIG;D09T;tarde;D09
svm;agrupado;todos;1;teste;1728;B4_EMB48_NIRR_REP_RECUP00004.asd;B4;EMB48;NIRRIG;D09T;tarde;D09
svm;agrupado;todos;1;teste;1738;B1_BR16_IRR_REP_RECUP00006.asd;B1;BR16;IRRIG;D10M;manha;D10
svm;agrupado;todos;1;teste;1740;B1_BR16_NIRR_REP_RECUP00000.asd;B1;BR16;NIRRIG;D10M;manha;D10
svm;agrupado;todos;1;teste;1742;B1_BR16_NIRR_REP_RECUP00002.asd;B1;BR16;NIRRIG;D10M;manha;D10
svm;agrupado;todos;1;teste;1743;B1_BR16_NIRR_REP_RECUP00003.asd;B1;BR16;NIRRIG;D10M;manha;D10
svm;agrupado;todos;1;teste;1744;B1_BR16_NIRR_REP_RECUP00004.asd;B1;BR16;NIRRIG;D10M;manha;D10
svm;agrupado;todos;1;teste;1746;B1_BR16_NIRR_REP_RECUP00006.asd;B1;BR16;NIRRIG;D10M;manha;D10
svm;agrupado;todos;1;teste;1749;B1_CD202_IRR_REP_RECUP00001.asd;B1;CD202;IRRIG;D10M;manha;D10
svm;agrupado;todos;1;teste;1764;B1_EMB48_IRR_REP_RECUP00000.asd;B1;EMB48;IRRIG;D10M;manha;D10
svm;agrupado;todos;1;teste;1767;B1_EMB48_IRR_REP_RECUP00003.asd;B1;EMB48;IRRIG;D10M;manha;D10
svm;agrupado;todos;1;teste;1769;B1_EMB48_IRR_REP_RECUP00005.asd;B1;EMB48;IRRIG;D10M;manha;D10
svm;agrupado;todos;1;teste;1773;B1_EMB48_NIRR_REP_RECUP00001.asd;B1;EMB48;NIRRIG;D10M;manha;D10
svm;agrupado;todos;1;teste;1776;B1_EMB48_NIRR_REP_RECUP00004.asd;B1;EMB48;NIRRIG;D10M;manha;D10
svm;agrupado;todos;1;teste;1786;B2_BR16_IRR_REP_RECUP00006.asd;B2;BR16;IRRIG;D10M;manha;D10
svm;agrupado;todos;1;teste;1794;B2_BR16_NIRR_REP_RECUP00006.asd;B2;BR16;NIRRIG;D10M;manha;D10
svm;agrupado;todos;1;teste;1795;B2_BR16_NIRR_REP_RECUP00007.asd;B2;BR16;NIRRIG;D10M;manha;D10
svm;agrupado;todos;1;teste;1797;B2_CD202_IRR_REP_RECUP00001.asd;B2;CD202;IRRIG;D10M;manha;D10
svm;agrupado;todos;1;teste;1810;B2_CD202_NIRR_REP_RECUP00014.asd;B2;CD202;NIRRIG;D10M;manha;D10
svm;agrupado;todos;1;teste;1813;B2_EMB48_IRR_REP_RECUP00001.asd;B2;EMB48;IRRIG;D10M;manha;D10
svm;agrupado;todos;1;teste;1834;B3_BR16_IRR_REP_RECUP00006.asd;B3;BR16;IRRIG;D10M;manha;D10
svm;agrupado;todos;1;teste;1847;B3_CD202_IRR_REP_RECUP00003.asd;B3;CD202;IRRIG;D10M;manha;D10
svm;agrupado;todos;1;teste;1849;B3_CD202_IRR_REP_RECUP00005.asd;B3;CD202;IRRIG;D10M;manha;D10
svm;agrupado;todos;1;teste;1853;B3_CD202_NIRR_REP_RECUP00001.asd;B3;CD202;NIRRIG;D10M;manha;D10
svm;agrupado;todos;1;teste;1855;B3_CD202_NIRR_REP_RECUP00003.asd;B3;CD202;NIRRIG;D10M;manha;D10
svm;agrupado;todos;1;teste;1868;B3_EMB48_NIRR_REP_RECUP00000.asd;B3;EMB48;NIRRIG;D10M;manha;D10
svm;agrupado;todos;1;teste;1871;B3_EMB48_NIRR_REP_RECUP00003.asd;B3;EMB48;NIRRIG;D10M;manha;D10
svm;agrupado;todos;1;teste;1876;B4_BR16_IRR_REP_RECUP00000.asd;B4;BR16;IRRIG;D10M;manha;D10
svm;agrupado;todos;1;teste;1877;B4_BR16_IRR_REP_RECUP00001.asd;B4;BR16;IRRIG;D10M;manha;D10
svm;agrupado;todos;1;teste;1883;B4_BR16_IRR_REP_RECUP00007.asd;B4;BR16;IRRIG;D10M;manha;D10
svm;agrupado;todos;1;teste;1891;B4_BR16_NIRR_REP_RECUP00007.asd;B4;BR16;NIRRIG;D10M;manha;D10
svm;agrupado;todos;1;teste;1903;B4_CD202_NIRR_REP_RECUP00003.asd;B4;CD202;NIRRIG;D10M;manha;D10
svm;agrupado;todos;1;teste;1904;B4_CD202_NIRR_REP_RECUP00004.asd;B4;CD202;NIRRIG;D10M;manha;D10
svm;agrupado;todos;1;teste;1907;B4_CD202_NIRR_REP_RECUP00007.asd;B4;CD202;NIRRIG;D10M;manha;D10
svm;agrupado;todos;1;teste;1910;B4_EMB48_IRR_REP_RECUP00002.asd;B4;EMB48;IRRIG;D10M;manha;D10
svm;agrupado;todos;1;teste;1912;B4_EMB48_IRR_REP_RECUP00004.asd;B4;EMB48;IRRIG;D10M;manha;D10
svm;agrupado;todos;1;teste;1913;B4_EMB48_IRR_REP_RECUP00005.asd;B4;EMB48;IRRIG;D10M;manha;D10
svm;agrupado;todos;1;teste;1920;B4_EMB48_NIRR_REP_RECUP00004.asd;B4;EMB48;NIRRIG;D10M;manha;D10
svm;agrupado;todos;2;treino;0;B1_BR16_IRRIG_REPROD00000.asd;B1;BR16;IRRIG;D02M;manha;D02
svm;agrupado;todos;2;treino;1;B1_BR16_IRRIG_REPROD00001.asd;B1;BR16;IRRIG;D02M;manha;D02
svm;agrupado;todos;2;treino;3;B1_BR16_IRRIG_REPROD00003.asd;B1;BR16;IRRIG;D02M;manha;D02
svm;agrupado;todos;2;treino;4;B1_BR16_IRRIG_REPROD00004.asd;B1;BR16;IRRIG;D02M;manha;D02
svm;agrupado;todos;2;treino;6;B1_BR16_IRRIG_REPROD00006.asd;B1;BR16;IRRIG;D02M;manha;D02
svm;agrupado;todos;2;treino;7;B1_BR16_IRRIG_REPROD00007.asd;B1;BR16;IRRIG;D02M;manha;D02
svm;agrupado;todos;2;treino;8;B1_BR16_NIRRIG_REPROD00000.asd;B1;BR16;NIRRIG;D02M;manha;D02
svm;agrupado;todos;2;treino;9;B1_BR16_NIRRIG_REPROD00001.asd;B1;BR16;NIRRIG;D02M;manha;D02
svm;agrupado;todos;2;treino;10;B1_BR16_NIRRIG_REPROD00002.asd;B1;BR16;NIRRIG;D02M;manha;D02
svm;agrupado;todos;2;treino;12;B1_BR16_NIRRIG_REPROD00004.asd;B1;BR16;NIRRIG;D02M;manha;D02
svm;agrupado;todos;2;treino;13;B1_BR16_NIRRIG_REPROD00005.asd;B1;BR16;NIRRIG;D02M;manha;D02
svm;agrupado;todos;2;treino;14;B1_BR16_NIRRIG_REPROD00006.asd;B1;BR16;NIRRIG;D02M;manha;D02
svm;agrupado;todos;2;treino;16;B2_BR16_IRRIG_REPROD00000.asd;B2;BR16;IRRIG;D02M;manha;D02
svm;agrupado;todos;2;treino;18;B2_BR16_IRRIG_REPROD00002.asd;B2;BR16;IRRIG;D02M;manha;D02
svm;agrupado;todos;2;treino;19;B2_BR16_IRRIG_REPROD00003.asd;B2;BR16;IRRIG;D02M;manha;D02
svm;agrupado;todos;2;treino;20;B2_BR16_IRRIG_REPROD00004.asd;B2;BR16;IRRIG;D02M;manha;D02
svm;agrupado;todos;2;treino;21;B2_BR16_IRRIG_REPROD00005.asd;B2;BR16;IRRIG;D02M;manha;D02
svm;agrupado;todos;2;treino;22;B2_BR16_IRRIG_REPROD00006.asd;B2;BR16;IRRIG;D02M;manha;D02
svm;agrupado;todos;2;treino;23;B2_BR16_IRRIG_REPROD00007.asd;B2;BR16;IRRIG;D02M;manha;D02
svm;agrupado;todos;2;treino;24;B2_BR16_NIRRIG_REPROD00000.asd;B2;BR16;NIRRIG;D02M;manha;D02
svm;agrupado;todos;2;treino;25;B2_BR16_NIRRIG_REPROD00001.asd;B2;BR16;NIRRIG;D02M;manha;D02
svm;agrupado;todos;2;treino;26;B2_BR16_NIRRIG_REPROD00002.asd;B2;BR16;NIRRIG;D02M;manha;D02
svm;agrupado;todos;2;treino;27;B2_BR16_NIRRIG_REPROD00003.asd;B2;BR16;NIRRIG;D02M;manha;D02
svm;agrupado;todos;2;treino;28;B2_BR16_NIRRIG_REPROD00004.asd;B2;BR16;NIRRIG;D02M;manha;D02
svm;agrupado;todos;2;treino;29;B2_BR16_NIRRIG_REPROD00005.asd;B2;BR16;NIRRIG;D02M;manha;D02
svm;agrupado;todos;2;treino;30;B2_BR16_NIRRIG_REPROD00006.asd;B2;BR16;NIRRIG;D02M;manha;D02
svm;agrupado;todos;2;treino;31;B2_BR16_NIRRIG_REPROD00007.asd;B2;BR16;NIRRIG;D02M;manha;D02
svm;agrupado;todos;2;treino;32;B3_BR16_IRRIG_REPROD00000.asd;B3;BR16;IRRIG;D02M;manha;D02
svm;agrupado;todos;2;treino;33;B3_BR16_IRRIG_REPROD00001.asd;B3;BR16;IRRIG;D02M;manha;D02
svm;agrupado;todos;2;treino;35;B3_BR16_IRRIG_REPROD00003.asd;B3;BR16;IRRIG;D02M;manha;D02
svm;agrupado;todos;2;treino;36;B3_BR16_IRRIG_REPROD00004.asd;B3;BR16;IRRIG;D02M;manha;D02
svm;agrupado;todos;2;treino;37;B3_BR16_IRRIG_REPROD00005.asd;B3;BR16;IRRIG;D02M;manha;D02
svm;agrupado;todos;2;treino;38;B3_BR16_IRRIG_REPROD00006.asd;B3;BR16;IRRIG;D02M;manha;D02
svm;agrupado;todos;2;treino;40;B3_BR16_NIRRIG_REPROD00000.asd;B3;BR16;NIRRIG;D02M;manha;D02
svm;agrupado;todos;2;treino;41;B3_BR16_NIRRIG_REPROD00001.asd;B3;BR16;NIRRIG;D02M;manha;D02
svm;agrupado;todos;2;treino;42;B3_BR16_NIRRIG_REPROD00002.asd;B3;BR16;NIRRIG;D02M;manha;D02
svm;agrupado;todos;2;treino;43;B3_BR16_NIRRIG_REPROD00003.asd;B3;BR16;NIRRIG;D02M;manha;D02
svm;agrupado;todos;2;treino;44;B3_BR16_NIRRIG_REPROD00004.asd;B3;BR16;NIRRIG;D02M;manha;D02
svm;agrupado;todos;2;treino;45;B3_BR16_NIRRIG_REPROD00005.asd;B3;BR16;NIRRIG;D02M;manha;D02
svm;agrupado;todos;2;treino;46;B3_BR16_NIRRIG_REPROD00006.asd;B3;BR16;NIRRIG;D02M;manha;D02
svm;agrupado;todos;2;treino;47;B3_BR16_NIRRIG_REPROD00007.asd;B3;BR16;NIRRIG;D02M;manha;D02
svm;agrupado;todos;2;treino;48;B4_BR16_IRRIG_REPROD00000.asd;B4;BR16;IRRIG;D02M;manha;D02
svm;agrupado;todos;2;treino;49;B4_BR16_IRRIG_REPROD00001.asd;B4;BR16;IRRIG;D02M;manha;D02
svm;agrupado;todos;2;treino;51;B4_BR16_IRRIG_REPROD00003.asd;B4;BR16;IRRIG;D02M;manha;D02
svm;agrupado;todos;2;treino;52;B4_BR16_IRRIG_REPROD00004.asd;B4;BR16;IRRIG;D02M;manha;D02
svm;agrupado;todos;2;treino;53;B4_BR16_IRRIG_REPROD00005.asd;B4;BR16;IRRIG;D02M;manha;D02
svm;agrupado;todos;2;treino;54;B4_BR16_IRRIG_REPROD00006.asd;B4;BR16;IRRIG;D02M;manha;D02
svm;agrupado;todos;2;treino;55;B4_BR16_IRRIG_REPROD00007.asd;B4;BR16;IRRIG;D02M;manha;D02
svm;agrupado;todos;2;treino;56;B4_BR16_NIRRIG_REPROD00000.asd;B4;BR16;NIRRIG;D02M;manha;D02
svm;agrupado;todos;2;treino;57;B4_BR16_NIRRIG_REPROD00001.asd;B4;BR16;NIRRIG;D02M;manha;D02
svm;agrupado;todos;2;treino;58;B4_BR16_NIRRIG_REPROD00002.asd;B4;BR16;NIRRIG;D02M;manha;D02
svm;agrupado;todos;2;treino;61;B4_BR16_NIRRIG_REPROD00005.asd;B4;BR16;NIRRIG;D02M;manha;D02
svm;agrupado;todos;2;treino;62;B4_BR16_NIRRIG_REPROD00006.asd;B4;BR16;NIRRIG;D02M;manha;D02
svm;agrupado;todos;2;treino;63;B4_BR16_NIRRIG_REPROD00007.asd;B4;BR16;NIRRIG;D02M;manha;D02
svm;agrupado;todos;2;treino;65;B1_CD202_IRRIG_REPROD00001.asd;B1;CD202;IRRIG;D02M;manha;D02
svm;agrupado;todos;2;treino;66;B1_CD202_IRRIG_REPROD00002.asd;B1;CD202;IRRIG;D02M;manha;D02
svm;agrupado;todos;2;treino;67;B1_CD202_IRRIG_REPROD00003.asd;B1;CD202;IRRIG;D02M;manha;D02
svm;agrupado;todos;2;treino;68;B1_CD202_IRRIG_REPROD00004.asd;B1;CD202;IRRIG;D02M;manha;D02
svm;agrupado;todos;2;treino;69;B1_CD202_IRRIG_REPROD00005.asd;B1;CD202;IRRIG;D02M;manha;D02
svm;agrupado;todos;2;treino;70;B1_CD202_IRRIG_REPROD00006.asd;B1;CD202;IRRIG;D02M;manha;D02
svm;agrupado;todos;2;treino;71;B1_CD202_IRRIG_REPROD00007.asd;B1;CD202;IRRIG;D02M;manha;D02
svm;agrupado;todos;2;treino;76;B1_CD202_NIRRIG_REPROD00004.asd;B1;CD202;NIRRIG;D02M;manha;D02
svm;agrupado;todos;2;treino;77;B1_CD202_NIRRIG_REPROD00005.asd;B1;CD202;NIRRIG;D02M;manha;D02
svm;agrupado;todos;2;treino;78;B1_CD202_NIRRIG_REPROD00006.asd;B1;CD202;NIRRIG;D02M;manha;D02
svm;agrupado;todos;2;treino;79;B1_CD202_NIRRIG_REPROD00007.asd;B1;CD202;NIRRIG;D02M;manha;D02
svm;agrupado;todos;2;treino;80;B2_CD202_IRRIG_REPROD00000.asd;B2;CD202;IRRIG;D02M;manha;D02
svm;agrupado;todos;2;treino;81;B2_CD202_IRRIG_REPROD00001.asd;B2;CD202;IRRIG;D02M;manha;D02
svm;agrupado;todos;2;treino;84;B2_CD202_IRRIG_REPROD00004.asd;B2;CD202;IRRIG;D02M;manha;D02
svm;agrupado;todos;2;treino;85;B2_CD202_IRRIG_REPROD00005.asd;B2;CD202;IRRIG;D02M;manha;D02
svm;agrupado;todos;2;treino;86;B2_CD202_IRRIG_REPROD00006.asd;B2;CD202;IRRIG;D02M;manha;D02
svm;agrupado;todos;2;treino;87;B2_CD202_IRRIG_REPROD00007.asd;B2;CD202;IRRIG;D02M;manha;D02
svm;agrupado;todos;2;treino;88;B2_CD202_NIRRIG_REPROD00000.asd;B2;CD202;NIRRIG;D02M;manha;D02
svm;agrupado;todos;2;treino;90;B2_CD202_NIRRIG_REPROD00002.asd;B2;CD202;NIRRIG;D02M;manha;D02
svm;agrupado;todos;2;treino;91;B2_CD202_NIRRIG_REPROD00003.asd;B2;CD202;NIRRIG;D02M;manha;D02
svm;agrupado;todos;2;treino;93;B2_CD202_NIRRIG_REPROD00005.asd;B2;CD202;NIRRIG;D02M;manha;D02
svm;agrupado;todos;2;treino;94;B2_CD202_NIRRIG_REPROD00006.asd;B2;CD202;NIRRIG;D02M;manha;D02
svm;agrupado;todos;2;treino;95;B2_CD202_NIRRIG_REPROD00007.asd;B2;CD202;NIRRIG;D02M;manha;D02
svm;agrupado;todos;2;treino;96;B3_CD202_IRRIG_REPROD00000.asd;B3;CD202;IRRIG;D02M;manha;D02
svm;agrupado;todos;2;treino;98;B3_CD202_IRRIG_REPROD00002.asd;B3;CD202;IRRIG;D02M;manha;D02
svm;agrupado;todos;2;treino;100;B3_CD202_IRRIG_REPROD00004.asd;B3;CD202;IRRIG;D02M;manha;D02
svm;agrupado;todos;2;treino;101;B3_CD202_IRRIG_REPROD00005.asd;B3;CD202;IRRIG;D02M;manha;D02
svm;agrupado;todos;2;treino;103;B3_CD202_IRRIG_REPROD00007.asd;B3;CD202;IRRIG;D02M;manha;D02
svm;agrupado;todos;2;treino;104;B3_CD202_NIRRIG_REPROD00000.asd;B3;CD202;NIRRIG;D02M;manha;D02
svm;agrupado;todos;2;treino;105;B3_CD202_NIRRIG_REPROD00001.asd;B3;CD202;NIRRIG;D02M;manha;D02
svm;agrupado;todos;2;treino;106;B3_CD202_NIRRIG_REPROD00002.asd;B3;CD202;NIRRIG;D02M;manha;D02
svm;agrupado;todos;2;treino;107;B3_CD202_NIRRIG_REPROD00003.asd;B3;CD202;NIRRIG;D02M;manha;D02
svm;agrupado;todos;2;treino;109;B3_CD202_NIRRIG_REPROD00005.asd;B3;CD202;NIRRIG;D02M;manha;D02
svm;agrupado;todos;2;treino;110;B3_CD202_NIRRIG_REPROD00006.asd;B3;CD202;NIRRIG;D02M;manha;D02
svm;agrupado;todos;2;treino;111;B3_CD202_NIRRIG_REPROD00007.asd;B3;CD202;NIRRIG;D02M;manha;D02
svm;agrupado;todos;2;treino;112;B4_CD202_IRRIG_REPROD00000.asd;B4;CD202;IRRIG;D02M;manha;D02
svm;agrupado;todos;2;treino;113;B4_CD202_IRRIG_REPROD00001.asd;B4;CD202;IRRIG;D02M;manha;D02
svm;agrupado;todos;2;treino;114;B4_CD202_IRRIG_REPROD00002.asd;B4;CD202;IRRIG;D02M;manha;D02
svm;agrupado;todos;2;treino;115;B4_CD202_IRRIG_REPROD00003.asd;B4;CD202;IRRIG;D02M;manha;D02
svm;agrupado;todos;2;treino;116;B4_CD202_IRRIG_REPROD00004.asd;B4;CD202;IRRIG;D02M;manha;D02
svm;agrupado;todos;2;treino;117;B4_CD202_IRRIG_REPROD00005.asd;B4;CD202;IRRIG;D02M;manha;D02
svm;agrupado;todos;2;treino;118;B4_CD202_IRRIG_REPROD00006.asd;B4;CD202;IRRIG;D02M;manha;D02
svm;agrupado;todos;2;treino;119;B4_CD202_IRRIG_REPROD00007.asd;B4;CD202;IRRIG;D02M;manha;D02
svm;agrupado;todos;2;treino;121;B4_CD202_NIRRIG_REPROD00001.asd;B4;CD202;NIRRIG;D02M;manha;D02
svm;agrupado;todos;2;treino;122;B4_CD202_NIRRIG_REPROD00002.asd;B4;CD202;NIRRIG;D02M;manha;D02
svm;agrupado;todos;2;treino;123;B4_CD202_NIRRIG_REPROD00003.asd;B4;CD202;NIRRIG;D02M;manha;D02
svm;agrupado;todos;2;treino;124;B4_CD202_NIRRIG_REPROD00004.asd;B4;CD202;NIRRIG;D02M;manha;D02
svm;agrupado;todos;2;treino;125;B4_CD202_NIRRIG_REPROD00005.asd;B4;CD202;NIRRIG;D02M;manha;D02
svm;agrupado;todos;2;treino;126;B4_CD202_NIRRIG_REPROD00006.asd;B4;CD202;NIRRIG;D02M;manha;D02
svm;agrupado;todos;2;treino;127;B4_CD202_NIRRIG_REPROD00007.asd;B4;CD202;NIRRIG;D02M;manha;D02
svm;agrupado;todos;2;treino;128;B3_EMB48_IRRIG_REPROD00000.asd;B3;EMB48;IRRIG;D02M;manha;D02
svm;agrupado;todos;2;treino;129;B4_EMB48_IRRIG_REPROD00000.asd;B4;EMB48;IRRIG;D02M;manha;D02
svm;agrupado;todos;2;treino;130;B4_EMB48_IRRIG_REPROD00001.asd;B4;EMB48;IRRIG;D02M;manha;D02
svm;agrupado;todos;2;treino;131;B4_EMB48_IRRIG_REPROD00002.asd;B4;EMB48;IRRIG;D02M;manha;D02
svm;agrupado;todos;2;treino;132;B4_EMB48_IRRIG_REPROD00003.asd;B4;EMB48;IRRIG;D02M;manha;D02
svm;agrupado;todos;2;treino;133;B4_EMB48_IRRIG_REPROD00004.asd;B4;EMB48;IRRIG;D02M;manha;D02
svm;agrupado;todos;2;treino;134;B4_EMB48_IRRIG_REPROD00005.asd;B4;EMB48;IRRIG;D02M;manha;D02
svm;agrupado;todos;2;treino;136;B4_EMB48_IRRIG_REPROD00007.asd;B4;EMB48;IRRIG;D02M;manha;D02
svm;agrupado;todos;2;treino;137;B3_EMB48_IRRIG_REPROD00001.asd;B3;EMB48;IRRIG;D02M;manha;D02
svm;agrupado;todos;2;treino;138;B4_EMB48_NIRRIG_REPROD00000.asd;B4;EMB48;NIRRIG;D02M;manha;D02
svm;agrupado;todos;2;treino;139;B3_EMB48_IRRIG_REPROD00002.asd;B3;EMB48;IRRIG;D02M;manha;D02
svm;agrupado;todos;2;treino;141;B3_EMB48_IRRIG_REPROD00003.asd;B3;EMB48;IRRIG;D02M;manha;D02
svm;agrupado;todos;2;treino;142;B4_EMB48_NIRRIG_REPROD00002.asd;B4;EMB48;NIRRIG;D02M;manha;D02
svm;agrupado;todos;2;treino;143;B3_EMB48_IRRIG_REPROD00004.asd;B3;EMB48;IRRIG;D02M;manha;D02
svm;agrupado;todos;2;treino;145;B3_EMB48_IRRIG_REPROD00005.asd;B3;EMB48;IRRIG;D02M;manha;D02
svm;agrupado;todos;2;treino;146;B4_EMB48_NIRRIG_REPROD00004.asd;B4;EMB48;NIRRIG;D02M;manha;D02
svm;agrupado;todos;2;treino;147;B3_EMB48_IRRIG_REPROD00006.asd;B3;EMB48;IRRIG;D02M;manha;D02
svm;agrupado;todos;2;treino;148;B4_EMB48_NIRRIG_REPROD00005.asd;B4;EMB48;NIRRIG;D02M;manha;D02
svm;agrupado;todos;2;treino;150;B4_EMB48_NIRRIG_REPROD00006.asd;B4;EMB48;NIRRIG;D02M;manha;D02
svm;agrupado;todos;2;treino;152;B4_EMB48_NIRRIG_REPROD00007.asd;B4;EMB48;NIRRIG;D02M;manha;D02
svm;agrupado;todos;2;treino;154;B3_EMB48_NIRRIG_REPROD00002.asd;B3;EMB48;NIRRIG;D02M;manha;D02
svm;agrupado;todos;2;treino;155;B3_EMB48_NIRRIG_REPROD00003.asd;B3;EMB48;NIRRIG;D02M;manha;D02
svm;agrupado;todos;2;treino;157;B3_EMB48_NIRRIG_REPROD00005.asd;B3;EMB48;NIRRIG;D02M;manha;D02
svm;agrupado;todos;2;treino;158;B3_EMB48_NIRRIG_REPROD00006.asd;B3;EMB48;NIRRIG;D02M;manha;D02
svm;agrupado;todos;2;treino;159;B3_EMB48_NIRRIG_REPROD00007.asd;B3;EMB48;NIRRIG;D02M;manha;D02
svm;agrupado;todos;2;treino;160;B1_EMB48_IRRIG_REPROD00000.asd;B1;EMB48;IRRIG;D02M;manha;D02
svm;agrupado;todos;2;treino;161;B1_EMB48_IRRIG_REPROD00001.asd;B1;EMB48;IRRIG;D02M;manha;D02
svm;agrupado;todos;2;treino;162;B1_EMB48_IRRIG_REPROD00002.asd;B1;EMB48;IRRIG;D02M;manha;D02
svm;agrupado;todos;2;treino;165;B1_EMB48_IRRIG_REPROD00005.asd;B1;EMB48;IRRIG;D02M;manha;D02
svm;agrupado;todos;2;treino;166;B1_EMB48_IRRIG_REPROD00006.asd;B1;EMB48;IRRIG;D02M;manha;D02
svm;agrupado;todos;2;treino;169;B1_EMB48_NIRRIG_REPROD00001.asd;B1;EMB48;NIRRIG;D02M;manha;D02
svm;agrupado;todos;2;treino;170;B1_EMB48_NIRRIG_REPROD00002.asd;B1;EMB48;NIRRIG;D02M;manha;D02
svm;agrupado;todos;2;treino;171;B1_EMB48_NIRRIG_REPROD00003.asd;B1;EMB48;NIRRIG;D02M;manha;D02
svm;agrupado;todos;2;treino;172;B1_EMB48_NIRRIG_REPROD00004.asd;B1;EMB48;NIRRIG;D02M;manha;D02
svm;agrupado;todos;2;treino;173;B1_EMB48_NIRRIG_REPROD00005.asd;B1;EMB48;NIRRIG;D02M;manha;D02
svm;agrupado;todos;2;treino;174;B1_EMB48_NIRRIG_REPROD00006.asd;B1;EMB48;NIRRIG;D02M;manha;D02
svm;agrupado;todos;2;treino;175;B1_EMB48_NIRRIG_REPROD00007.asd;B1;EMB48;NIRRIG;D02M;manha;D02
svm;agrupado;todos;2;treino;176;B2_EMB48_IRRIG_REPROD00000.asd;B2;EMB48;IRRIG;D02M;manha;D02
svm;agrupado;todos;2;treino;177;B2_EMB48_IRRIG_REPROD00001.asd;B2;EMB48;IRRIG;D02M;manha;D02
svm;agrupado;todos;2;treino;179;B2_EMB48_IRRIG_REPROD00003.asd;B2;EMB48;IRRIG;D02M;manha;D02
svm;agrupado;todos;2;treino;180;B2_EMB48_IRRIG_REPROD00004.asd;B2;EMB48;IRRIG;D02M;manha;D02
svm;agrupado;todos;2;treino;181;B2_EMB48_IRRIG_REPROD00005.asd;B2;EMB48;IRRIG;D02M;manha;D02
svm;agrupado;todos;2;treino;182;B2_EMB48_IRRIG_REPROD00006.asd;B2;EMB48;IRRIG;D02M;manha;D02
svm;agrupado;todos;2;treino;184;B2_EMB48_NIRRIG_REPROD00000.asd;B2;EMB48;NIRRIG;D02M;manha;D02
svm;agrupado;todos;2;treino;185;B2_EMB48_NIRRIG_REPROD00001.asd;B2;EMB48;NIRRIG;D02M;manha;D02
svm;agrupado;todos;2;treino;186;B2_EMB48_NIRRIG_REPROD00002.asd;B2;EMB48;NIRRIG;D02M;manha;D02
svm;agrupado;todos;2;treino;187;B2_EMB48_NIRRIG_REPROD00003.asd;B2;EMB48;NIRRIG;D02M;manha;D02
svm;agrupado;todos;2;treino;188;B2_EMB48_NIRRIG_REPROD00004.asd;B2;EMB48;NIRRIG;D02M;manha;D02
svm;agrupado;todos;2;treino;189;B2_EMB48_NIRRIG_REPROD00005.asd;B2;EMB48;NIRRIG;D02M;manha;D02
svm;agrupado;todos;2;treino;190;B2_EMB48_NIRRIG_REPROD00006.asd;B2;EMB48;NIRRIG;D02M;manha;D02
svm;agrupado;todos;2;treino;192;B1_BR16_IRRIG_REPROD00000.asd;B1;BR16;IRRIG;D02T;tarde;D02
svm;agrupado;todos;2;treino;193;B1_BR16_IRRIG_REPROD00001.asd;B1;BR16;IRRIG;D02T;tarde;D02
svm;agrupado;todos;2;treino;195;B1_BR16_IRRIG_REPROD00003.asd;B1;BR16;IRRIG;D02T;tarde;D02
svm;agrupado;todos;2;treino;196;B1_BR16_IRRIG_REPROD00004.asd;B1;BR16;IRRIG;D02T;tarde;D02
svm;agrupado;todos;2;treino;198;B1_BR16_IRRIG_REPROD00006.asd;B1;BR16;IRRIG;D02T;tarde;D02
svm;agrupado;todos;2;treino;199;B1_BR16_IRRIG_REPROD00007.asd;B1;BR16;IRRIG;D02T;tarde;D02
svm;agrupado;todos;2;treino;200;B1_BR16_NIRRIG_REPROD00000.asd;B1;BR16;NIRRIG;D02T;tarde;D02
svm;agrupado;todos;2;treino;201;B1_BR16_NIRRIG_REPROD00001.asd;B1;BR16;NIRRIG;D02T;tarde;D02
svm;agrupado;todos;2;treino;202;B1_BR16_NIRRIG_REPROD00002.asd;B1;BR16;NIRRIG;D02T;tarde;D02
svm;agrupado;todos;2;treino;204;B1_BR16_NIRRIG_REPROD00004.asd;B1;BR16;NIRRIG;D02T;tarde;D02
svm;agrupado;todos;2;treino;205;B1_BR16_NIRRIG_REPROD00005.asd;B1;BR16;NIRRIG;D02T;tarde;D02
svm;agrupado;todos;2;treino;206;B1_BR16_NIRRIG_REPROD00006.asd;B1;BR16;NIRRIG;D02T;tarde;D02
svm;agrupado;todos;2;treino;208;B2_BR16_IRRIG_REPROD00000.asd;B2;BR16;IRRIG;D02T;tarde;D02
svm;agrupado;todos;2;treino;210;B2_BR16_IRRIG_REPROD00002.asd;B2;BR16;IRRIG;D02T;tarde;D02
svm;agrupado;todos;2;treino;211;B2_BR16_IRRIG_REPROD00003.asd;B2;BR16;IRRIG;D02T;tarde;D02
svm;agrupado;todos;2;treino;212;B2_BR16_IRRIG_REPROD00004.asd;B2;BR16;IRRIG;D02T;tarde;D02
svm;agrupado;todos;2;treino;213;B2_BR16_IRRIG_REPROD00005.asd;B2;BR16;IRRIG;D02T;tarde;D02
svm;agrupado;todos;2;treino;214;B2_BR16_IRRIG_REPROD00006.asd;B2;BR16;IRRIG;D02T;tarde;D02
svm;agrupado;todos;2;treino;215;B2_BR16_IRRIG_REPROD00007.asd;B2;BR16;IRRIG;D02T;tarde;D02
svm;agrupado;todos;2;treino;216;B2_BR16_NIRRIG_REPROD00000.asd;B2;BR16;NIRRIG;D02T;tarde;D02
svm;agrupado;todos;2;treino;217;B2_BR16_NIRRIG_REPROD00001.asd;B2;BR16;NIRRIG;D02T;tarde;D02
svm;agrupado;todos;2;treino;218;B2_BR16_NIRRIG_REPROD00002.asd;B2;BR16;NIRRIG;D02T;tarde;D02
svm;agrupado;todos;2;treino;219;B2_BR16_NIRRIG_REPROD00003.asd;B2;BR16;NIRRIG;D02T;tarde;D02
svm;agrupado;todos;2;treino;220;B2_BR16_NIRRIG_REPROD00004.asd;B2;BR16;NIRRIG;D02T;tarde;D02
svm;agrupado;todos;2;treino;221;B2_BR16_NIRRIG_REPROD00005.asd;B2;BR16;NIRRIG;D02T;tarde;D02
svm;agrupado;todos;2;treino;222;B2_BR16_NIRRIG_REPROD00006.asd;B2;BR16;NIRRIG;D02T;tarde;D02
svm;agrupado;todos;2;treino;223;B2_BR16_NIRRIG_REPROD00007.asd;B2;BR16;NIRRIG;D02T;tarde;D02
svm;agrupado;todos;2;treino;224;B3_BR16_IRRIG_REPROD00000.asd;B3;BR16;IRRIG;D02T;tarde;D02
svm;agrupado;todos;2;treino;225;B3_BR16_IRRIG_REPROD00001.asd;B3;BR16;IRRIG;D02T;tarde;D02
svm;agrupado;todos;2;treino;227;B3_BR16_IRRIG_REPROD00003.asd;B3;BR16;IRRIG;D02T;tarde;D02
svm;agrupado;todos;2;treino;228;B3_BR16_IRRIG_REPROD00004.asd;B3;BR16;IRRIG;D02T;tarde;D02
svm;agrupado;todos;2;treino;229;B3_BR16_IRRIG_REPROD00005.asd;B3;BR16;IRRIG;D02T;tarde;D02
svm;agrupado;todos;2;treino;230;B3_BR16_IRRIG_REPROD00006.asd;B3;BR16;IRRIG;D02T;tarde;D02
svm;agrupado;todos;2;treino;232;B3_BR16_NIRRIG_REPROD00000.asd;B3;BR16;NIRRIG;D02T;tarde;D02
svm;agrupado;todos;2;treino;233;B3_BR16_NIRRIG_REPROD00001.asd;B3;BR16;NIRRIG;D02T;tarde;D02
svm;agrupado;todos;2;treino;234;B3_BR16_NIRRIG_REPROD00002.asd;B3;BR16;NIRRIG;D02T;tarde;D02
svm;agrupado;todos;2;treino;235;B3_BR16_NIRRIG_REPROD00003.asd;B3;BR16;NIRRIG;D02T;tarde;D02
svm;agrupado;todos;2;treino;236;B3_BR16_NIRRIG_REPROD00004.asd;B3;BR16;NIRRIG;D02T;tarde;D02
svm;agrupado;todos;2;treino;237;B3_BR16_NIRRIG_REPROD00005.asd;B3;BR16;NIRRIG;D02T;tarde;D02
svm;agrupado;todos;2;treino;238;B3_BR16_NIRRIG_REPROD00006.asd;B3;BR16;NIRRIG;D02T;tarde;D02
svm;agrupado;todos;2;treino;239;B3_BR16_NIRRIG_REPROD00007.asd;B3;BR16;NIRRIG;D02T;tarde;D02
svm;agrupado;todos;2;treino;240;B4_BR16_IRRIG_REPROD00000.asd;B4;BR16;IRRIG;D02T;tarde;D02
svm;agrupado;todos;2;treino;241;B4_BR16_IRRIG_REPROD00001.asd;B4;BR16;IRRIG;D02T;tarde;D02
svm;agrupado;todos;2;treino;243;B4_BR16_IRRIG_REPROD00003.asd;B4;BR16;IRRIG;D02T;tarde;D02
svm;agrupado;todos;2;treino;244;B4_BR16_IRRIG_REPROD00004.asd;B4;BR16;IRRIG;D02T;tarde;D02
svm;agrupado;todos;2;treino;245;B4_BR16_IRRIG_REPROD00005.asd;B4;BR16;IRRIG;D02T;tarde;D02
svm;agrupado;todos;2;treino;246;B4_BR16_IRRIG_REPROD00006.asd;B4;BR16;IRRIG;D02T;tarde;D02
svm;agrupado;todos;2;treino;247;B4_BR16_IRRIG_REPROD00007.asd;B4;BR16;IRRIG;D02T;tarde;D02
svm;agrupado;todos;2;treino;248;B4_BR16_NIRRIG_REPROD00000.asd;B4;BR16;NIRRIG;D02T;tarde;D02
svm;agrupado;todos;2;treino;249;B4_BR16_NIRRIG_REPROD00001.asd;B4;BR16;NIRRIG;D02T;tarde;D02
svm;agrupado;todos;2;treino;250;B4_BR16_NIRRIG_REPROD00002.asd;B4;BR16;NIRRIG;D02T;tarde;D02
svm;agrupado;todos;2;treino;253;B4_BR16_NIRRIG_REPROD00005.asd;B4;BR16;NIRRIG;D02T;tarde;D02
svm;agrupado;todos;2;treino;254;B4_BR16_NIRRIG_REPROD00006.asd;B4;BR16;NIRRIG;D02T;tarde;D02
svm;agrupado;todos;2;treino;255;B4_BR16_NIRRIG_REPROD00007.asd;B4;BR16;NIRRIG;D02T;tarde;D02
svm;agrupado;todos;2;treino;257;B1_CD202_IRRIG_REPROD00001.asd;B1;CD202;IRRIG;D02T;tarde;D02
svm;agrupado;todos;2;treino;258;B1_CD202_IRRIG_REPROD00002.asd;B1;CD202;IRRIG;D02T;tarde;D02
svm;agrupado;todos;2;treino;259;B1_CD202_IRRIG_REPROD00003.asd;B1;CD202;IRRIG;D02T;tarde;D02
svm;agrupado;todos;2;treino;260;B1_CD202_IRRIG_REPROD00004.asd;B1;CD202;IRRIG;D02T;tarde;D02
svm;agrupado;todos;2;treino;261;B1_CD202_IRRIG_REPROD00005.asd;B1;CD202;IRRIG;D02T;tarde;D02
svm;agrupado;todos;2;treino;262;B1_CD202_IRRIG_REPROD00006.asd;B1;CD202;IRRIG;D02T;tarde;D02
svm;agrupado;todos;2;treino;263;B1_CD202_IRRIG_REPROD00007.asd;B1;CD202;IRRIG;D02T;tarde;D02
svm;agrupado;todos;2;treino;268;B1_CD202_NIRRIG_REPROD00004.asd;B1;CD202;NIRRIG;D02T;tarde;D02
svm;agrupado;todos;2;treino;269;B1_CD202_NIRRIG_REPROD00005.asd;B1;CD202;NIRRIG;D02T;tarde;D02
svm;agrupado;todos;2;treino;270;B1_CD202_NIRRIG_REPROD00006.asd;B1;CD202;NIRRIG;D02T;tarde;D02
svm;agrupado;todos;2;treino;271;B1_CD202_NIRRIG_REPROD00007.asd;B1;CD202;NIRRIG;D02T;tarde;D02
svm;agrupado;todos;2;treino;272;B2_CD202_IRRIG_REPROD00000.asd;B2;CD202;IRRIG;D02T;tarde;D02
svm;agrupado;todos;2;treino;273;B2_CD202_IRRIG_REPROD00001.asd;B2;CD202;IRRIG;D02T;tarde;D02
svm;agrupado;todos;2;treino;276;B2_CD202_IRRIG_REPROD00004.asd;B2;CD202;IRRIG;D02T;tarde;D02
svm;agrupado;todos;2;treino;277;B2_CD202_IRRIG_REPROD00005.asd;B2;CD202;IRRIG;D02T;tarde;D02
svm;agrupado;todos;2;treino;278;B2_CD202_IRRIG_REPROD00006.asd;B2;CD202;IRRIG;D02T;tarde;D02
svm;agrupado;todos;2;treino;279;B2_CD202_IRRIG_REPROD00007.asd;B2;CD202;IRRIG;D02T;tarde;D02
svm;agrupado;todos;2;treino;280;B2_CD202_NIRRIG_REPROD00000.asd;B2;CD202;NIRRIG;D02T;tarde;D02
svm;agrupado;todos;2;treino;282;B2_CD202_NIRRIG_REPROD00002.asd;B2;CD202;NIRRIG;D02T;tarde;D02
svm;agrupado;todos;2;treino;283;B2_CD202_NIRRIG_REPROD00003.asd;B2;CD202;NIRRIG;D02T;tarde;D02
svm;agrupado;todos;2;treino;285;B2_CD202_NIRRIG_REPROD00005.asd;B2;CD202;NIRRIG;D02T;tarde;D02
svm;agrupado;todos;2;treino;286;B2_CD202_NIRRIG_REPROD00006.asd;B2;CD202;NIRRIG;D02T;tarde;D02
svm;agrupado;todos;2;treino;287;B2_CD202_NIRRIG_REPROD00007.asd;B2;CD202;NIRRIG;D02T;tarde;D02
svm;agrupado;todos;2;treino;288;B3_CD202_IRRIG_REPROD00000.asd;B3;CD202;IRRIG;D02T;tarde;D02
svm;agrupado;todos;2;treino;290;B3_CD202_IRRIG_REPROD00002.asd;B3;CD202;IRRIG;D02T;tarde;D02
svm;agrupado;todos;2;treino;292;B3_CD202_IRRIG_REPROD00004.asd;B3;CD202;IRRIG;D02T;tarde;D02
svm;agrupado;todos;2;treino;293;B3_CD202_IRRIG_REPROD00005.asd;B3;CD202;IRRIG;D02T;tarde;D02
svm;agrupado;todos;2;treino;295;B3_CD202_IRRIG_REPROD00007.asd;B3;CD202;IRRIG;D02T;tarde;D02
svm;agrupado;todos;2;treino;296;B3_CD202_NIRRIG_REPROD00000.asd;B3;CD202;NIRRIG;D02T;tarde;D02
svm;agrupado;todos;2;treino;297;B3_CD202_NIRRIG_REPROD00001.asd;B3;CD202;NIRRIG;D02T;tarde;D02
svm;agrupado;todos;2;treino;298;B3_CD202_NIRRIG_REPROD00002.asd;B3;CD202;NIRRIG;D02T;tarde;D02
svm;agrupado;todos;2;treino;299;B3_CD202_NIRRIG_REPROD00003.asd;B3;CD202;NIRRIG;D02T;tarde;D02
svm;agrupado;todos;2;treino;301;B3_CD202_NIRRIG_REPROD00005.asd;B3;CD202;NIRRIG;D02T;tarde;D02
svm;agrupado;todos;2;treino;302;B3_CD202_NIRRIG_REPROD00006.asd;B3;CD202;NIRRIG;D02T;tarde;D02
svm;agrupado;todos;2;treino;303;B3_CD202_NIRRIG_REPROD00007.asd;B3;CD202;NIRRIG;D02T;tarde;D02
svm;agrupado;todos;2;treino;304;B4_CD202_IRRIG_REPROD00000.asd;B4;CD202;IRRIG;D02T;tarde;D02
svm;agrupado;todos;2;treino;305;B4_CD202_IRRIG_REPROD00001.asd;B4;CD202;IRRIG;D02T;tarde;D02
svm;agrupado;todos;2;treino;306;B4_CD202_IRRIG_REPROD00002.asd;B4;CD202;IRRIG;D02T;tarde;D02
svm;agrupado;todos;2;treino;307;B4_CD202_IRRIG_REPROD00003.asd;B4;CD202;IRRIG;D02T;tarde;D02
svm;agrupado;todos;2;treino;308;B4_CD202_IRRIG_REPROD00004.asd;B4;CD202;IRRIG;D02T;tarde;D02
svm;agrupado;todos;2;treino;309;B4_CD202_IRRIG_REPROD00005.asd;B4;CD202;IRRIG;D02T;tarde;D02
svm;agrupado;todos;2;treino;310;B4_CD202_IRRIG_REPROD00006.asd;B4;CD202;IRRIG;D02T;tarde;D02
svm;agrupado;todos;2;treino;311;B4_CD202_IRRIG_REPROD00007.asd;B4;CD202;IRRIG;D02T;tarde;D02
svm;agrupado;todos;2;treino;313;B4_CD202_NIRRIG_REPROD00001.asd;B4;CD202;NIRRIG;D02T;tarde;D02
svm;agrupado;todos;2;treino;314;B4_CD202_NIRRIG_REPROD00002.asd;B4;CD202;NIRRIG;D02T;tarde;D02
svm;agrupado;todos;2;treino;315;B4_CD202_NIRRIG_REPROD00003.asd;B4;CD202;NIRRIG;D02T;tarde;D02
svm;agrupado;todos;2;treino;316;B4_CD202_NIRRIG_REPROD00004.asd;B4;CD202;NIRRIG;D02T;tarde;D02
svm;agrupado;todos;2;treino;317;B4_CD202_NIRRIG_REPROD00005.asd;B4;CD202;NIRRIG;D02T;tarde;D02
svm;agrupado;todos;2;treino;318;B4_CD202_NIRRIG_REPROD00006.asd;B4;CD202;NIRRIG;D02T;tarde;D02
svm;agrupado;todos;2;treino;319;B4_CD202_NIRRIG_REPROD00007.asd;B4;CD202;NIRRIG;D02T;tarde;D02
svm;agrupado;todos;2;treino;320;B1_EMB48_IRRIG_REPROD00000.asd;B1;EMB48;IRRIG;D02T;tarde;D02
svm;agrupado;todos;2;treino;321;B1_EMB48_IRRIG_REPROD00001.asd;B1;EMB48;IRRIG;D02T;tarde;D02
svm;agrupado;todos;2;treino;322;B1_EMB48_IRRIG_REPROD00002.asd;B1;EMB48;IRRIG;D02T;tarde;D02
svm;agrupado;todos;2;treino;325;B1_EMB48_IRRIG_REPROD00005.asd;B1;EMB48;IRRIG;D02T;tarde;D02
svm;agrupado;todos;2;treino;326;B1_EMB48_IRRIG_REPROD00006.asd;B1;EMB48;IRRIG;D02T;tarde;D02
svm;agrupado;todos;2;treino;329;B1_EMB48_NIRRIG_REPROD00001.asd;B1;EMB48;NIRRIG;D02T;tarde;D02
svm;agrupado;todos;2;treino;330;B1_EMB48_NIRRIG_REPROD00002.asd;B1;EMB48;NIRRIG;D02T;tarde;D02
svm;agrupado;todos;2;treino;331;B1_EMB48_NIRRIG_REPROD00003.asd;B1;EMB48;NIRRIG;D02T;tarde;D02
svm;agrupado;todos;2;treino;332;B1_EMB48_NIRRIG_REPROD00004.asd;B1;EMB48;NIRRIG;D02T;tarde;D02
svm;agrupado;todos;2;treino;333;B1_EMB48_NIRRIG_REPROD00005.asd;B1;EMB48;NIRRIG;D02T;tarde;D02
svm;agrupado;todos;2;treino;334;B1_EMB48_NIRRIG_REPROD00006.asd;B1;EMB48;NIRRIG;D02T;tarde;D02
svm;agrupado;todos;2;treino;335;B1_EMB48_NIRRIG_REPROD00007.asd;B1;EMB48;NIRRIG;D02T;tarde;D02
svm;agrupado;todos;2;treino;336;B2_EMB48_IRRIG_REPROD00000.asd;B2;EMB48;IRRIG;D02T;tarde;D02
svm;agrupado;todos;2;treino;337;B2_EMB48_IRRIG_REPROD00001.asd;B2;EMB48;IRRIG;D02T;tarde;D02
svm;agrupado;todos;2;treino;339;B2_EMB48_IRRIG_REPROD00003.asd;B2;EMB48;IRRIG;D02T;tarde;D02
svm;agrupado;todos;2;treino;340;B2_EMB48_IRRIG_REPROD00004.asd;B2;EMB48;IRRIG;D02T;tarde;D02
svm;agrupado;todos;2;treino;341;B2_EMB48_IRRIG_REPROD00005.asd;B2;EMB48;IRRIG;D02T;tarde;D02
svm;agrupado;todos;2;treino;342;B2_EMB48_IRRIG_REPROD00006.asd;B2;EMB48;IRRIG;D02T;tarde;D02
svm;agrupado;todos;2;treino;344;B2_EMB48_NIRRIG_REPROD00000.asd;B2;EMB48;NIRRIG;D02T;tarde;D02
svm;agrupado;todos;2;treino;345;B2_EMB48_NIRRIG_REPROD00001.asd;B2;EMB48;NIRRIG;D02T;tarde;D02
svm;agrupado;todos;2;treino;346;B2_EMB48_NIRRIG_REPROD00002.asd;B2;EMB48;NIRRIG;D02T;tarde;D02
svm;agrupado;todos;2;treino;347;B2_EMB48_NIRRIG_REPROD00003.asd;B2;EMB48;NIRRIG;D02T;tarde;D02
svm;agrupado;todos;2;treino;348;B2_EMB48_NIRRIG_REPROD00004.asd;B2;EMB48;NIRRIG;D02T;tarde;D02
svm;agrupado;todos;2;treino;349;B2_EMB48_NIRRIG_REPROD00005.asd;B2;EMB48;NIRRIG;D02T;tarde;D02
svm;agrupado;todos;2;treino;350;B2_EMB48_NIRRIG_REPROD00006.asd;B2;EMB48;NIRRIG;D02T;tarde;D02
svm;agrupado;todos;2;treino;352;B3_EMB48_IRRIG_REPROD00000.asd;B3;EMB48;IRRIG;D02T;tarde;D02
svm;agrupado;todos;2;treino;353;B3_EMB48_IRRIG_REPROD00001.asd;B3;EMB48;IRRIG;D02T;tarde;D02
svm;agrupado;todos;2;treino;354;B3_EMB48_IRRIG_REPROD00002.asd;B3;EMB48;IRRIG;D02T;tarde;D02
svm;agrupado;todos;2;treino;355;B3_EMB48_IRRIG_REPROD00003.asd;B3;EMB48;IRRIG;D02T;tarde;D02
svm;agrupado;todos;2;treino;356;B3_EMB48_IRRIG_REPROD00004.asd;B3;EMB48;IRRIG;D02T;tarde;D02
svm;agrupado;todos;2;treino;357;B3_EMB48_IRRIG_REPROD00005.asd;B3;EMB48;IRRIG;D02T;tarde;D02
svm;agrupado;todos;2;treino;358;B3_EMB48_IRRIG_REPROD00006.asd;B3;EMB48;IRRIG;D02T;tarde;D02
svm;agrupado;todos;2;treino;362;B3_EMB48_NIRRIG_REPROD00002.asd;B3;EMB48;NIRRIG;D02T;tarde;D02
svm;agrupado;todos;2;treino;363;B3_EMB48_NIRRIG_REPROD00003.asd;B3;EMB48;NIRRIG;D02T;tarde;D02
svm;agrupado;todos;2;treino;365;B3_EMB48_NIRRIG_REPROD00005.asd;B3;EMB48;NIRRIG;D02T;tarde;D02
svm;agrupado;todos;2;treino;366;B3_EMB48_NIRRIG_REPROD00006.asd;B3;EMB48;NIRRIG;D02T;tarde;D02
svm;agrupado;todos;2;treino;367;B3_EMB48_NIRRIG_REPROD00007.asd;B3;EMB48;NIRRIG;D02T;tarde;D02
svm;agrupado;todos;2;treino;368;B4_EMB48_IRRIG_REPROD00000.asd;B4;EMB48;IRRIG;D02T;tarde;D02
svm;agrupado;todos;2;treino;369;B4_EMB48_IRRIG_REPROD00001.asd;B4;EMB48;IRRIG;D02T;tarde;D02
svm;agrupado;todos;2;treino;370;B4_EMB48_IRRIG_REPROD00002.asd;B4;EMB48;IRRIG;D02T;tarde;D02
svm;agrupado;todos;2;treino;371;B4_EMB48_IRRIG_REPROD00003.asd;B4;EMB48;IRRIG;D02T;tarde;D02
svm;agrupado;todos;2;treino;372;B4_EMB48_IRRIG_REPROD00004.asd;B4;EMB48;IRRIG;D02T;tarde;D02
svm;agrupado;todos;2;treino;373;B4_EMB48_IRRIG_REPROD00005.asd;B4;EMB48;IRRIG;D02T;tarde;D02
svm;agrupado;todos;2;treino;375;B4_EMB48_IRRIG_REPROD00007.asd;B4;EMB48;IRRIG;D02T;tarde;D02
svm;agrupado;todos;2;treino;376;B4_EMB48_NIRRIG_REPROD00000.asd;B4;EMB48;NIRRIG;D02T;tarde;D02
svm;agrupado;todos;2;treino;378;B4_EMB48_NIRRIG_REPROD00002.asd;B4;EMB48;NIRRIG;D02T;tarde;D02
svm;agrupado;todos;2;treino;380;B4_EMB48_NIRRIG_REPROD00004.asd;B4;EMB48;NIRRIG;D02T;tarde;D02
svm;agrupado;todos;2;treino;381;B4_EMB48_NIRRIG_REPROD00005.asd;B4;EMB48;NIRRIG;D02T;tarde;D02
svm;agrupado;todos;2;treino;382;B4_EMB48_NIRRIG_REPROD00006.asd;B4;EMB48;NIRRIG;D02T;tarde;D02
svm;agrupado;todos;2;treino;383;B4_EMB48_NIRRIG_REPROD00007.asd;B4;EMB48;NIRRIG;D02T;tarde;D02
svm;agrupado;todos;2;treino;384;B1_BR16_IRRIG_REPROD00000.asd;B1;BR16;IRRIG;D03M;manha;D03
svm;agrupado;todos;2;treino;385;B1_BR16_IRRIG_REPROD00001.asd;B1;BR16;IRRIG;D03M;manha;D03
svm;agrupado;todos;2;treino;387;B1_BR16_IRRIG_REPROD00003.asd;B1;BR16;IRRIG;D03M;manha;D03
svm;agrupado;todos;2;treino;388;B1_BR16_IRRIG_REPROD00004.asd;B1;BR16;IRRIG;D03M;manha;D03
svm;agrupado;todos;2;treino;390;B1_BR16_IRRIG_REPROD00006.asd;B1;BR16;IRRIG;D03M;manha;D03
svm;agrupado;todos;2;treino;391;B1_BR16_IRRIG_REPROD00007.asd;B1;BR16;IRRIG;D03M;manha;D03
svm;agrupado;todos;2;treino;392;B1_BR16_NIRRIG_REPROD00000.asd;B1;BR16;NIRRIG;D03M;manha;D03
svm;agrupado;todos;2;treino;393;B1_BR16_NIRRIG_REPROD00001.asd;B1;BR16;NIRRIG;D03M;manha;D03
svm;agrupado;todos;2;treino;394;B1_BR16_NIRRIG_REPROD00002.asd;B1;BR16;NIRRIG;D03M;manha;D03
svm;agrupado;todos;2;treino;396;B1_BR16_NIRRIG_REPROD00004.asd;B1;BR16;NIRRIG;D03M;manha;D03
svm;agrupado;todos;2;treino;397;B1_BR16_NIRRIG_REPROD00005.asd;B1;BR16;NIRRIG;D03M;manha;D03
svm;agrupado;todos;2;treino;398;B1_BR16_NIRRIG_REPROD00006.asd;B1;BR16;NIRRIG;D03M;manha;D03
svm;agrupado;todos;2;treino;400;B2_BR16_IRRIG_REPROD00000.asd;B2;BR16;IRRIG;D03M;manha;D03
svm;agrupado;todos;2;treino;402;B2_BR16_IRRIG_REPROD00002.asd;B2;BR16;IRRIG;D03M;manha;D03
svm;agrupado;todos;2;treino;403;B2_BR16_IRRIG_REPROD00003.asd;B2;BR16;IRRIG;D03M;manha;D03
svm;agrupado;todos;2;treino;404;B2_BR16_IRRIG_REPROD00004.asd;B2;BR16;IRRIG;D03M;manha;D03
svm;agrupado;todos;2;treino;405;B2_BR16_IRRIG_REPROD00005.asd;B2;BR16;IRRIG;D03M;manha;D03
svm;agrupado;todos;2;treino;406;B2_BR16_IRRIG_REPROD00006.asd;B2;BR16;IRRIG;D03M;manha;D03
svm;agrupado;todos;2;treino;407;B2_BR16_IRRIG_REPROD00007.asd;B2;BR16;IRRIG;D03M;manha;D03
svm;agrupado;todos;2;treino;408;B2_BR16_NIRRIG_REPROD00000.asd;B2;BR16;NIRRIG;D03M;manha;D03
svm;agrupado;todos;2;treino;409;B2_BR16_NIRRIG_REPROD00001.asd;B2;BR16;NIRRIG;D03M;manha;D03
svm;agrupado;todos;2;treino;410;B2_BR16_NIRRIG_REPROD00002.asd;B2;BR16;NIRRIG;D03M;manha;D03
svm;agrupado;todos;2;treino;411;B2_BR16_NIRRIG_REPROD00003.asd;B2;BR16;NIRRIG;D03M;manha;D03
svm;agrupado;todos;2;treino;412;B2_BR16_NIRRIG_REPROD00004.asd;B2;BR16;NIRRIG;D03M;manha;D03
svm;agrupado;todos;2;treino;413;B2_BR16_NIRRIG_REPROD00005.asd;B2;BR16;NIRRIG;D03M;manha;D03
svm;agrupado;todos;2;treino;414;B2_BR16_NIRRIG_REPROD00006.asd;B2;BR16;NIRRIG;D03M;manha;D03
svm;agrupado;todos;2;treino;415;B2_BR16_NIRRIG_REPROD00007.asd;B2;BR16;NIRRIG;D03M;manha;D03
svm;agrupado;todos;2;treino;416;B3_BR16_IRRIG_REPROD00000.asd;B3;BR16;IRRIG;D03M;manha;D03
svm;agrupado;todos;2;treino;417;B3_BR16_IRRIG_REPROD00001.asd;B3;BR16;IRRIG;D03M;manha;D03
svm;agrupado;todos;2;treino;419;B3_BR16_IRRIG_REPROD00003.asd;B3;BR16;IRRIG;D03M;manha;D03
svm;agrupado;todos;2;treino;420;B3_BR16_IRRIG_REPROD00004.asd;B3;BR16;IRRIG;D03M;manha;D03
svm;agrupado;todos;2;treino;421;B3_BR16_IRRIG_REPROD00005.asd;B3;BR16;IRRIG;D03M;manha;D03
svm;agrupado;todos;2;treino;422;B3_BR16_IRRIG_REPROD00006.asd;B3;BR16;IRRIG;D03M;manha;D03
svm;agrupado;todos;2;treino;424;B3_BR16_NIRRIG_REPROD00000.asd;B3;BR16;NIRRIG;D03M;manha;D03
svm;agrupado;todos;2;treino;425;B3_BR16_NIRRIG_REPROD00001.asd;B3;BR16;NIRRIG;D03M;manha;D03
svm;agrupado;todos;2;treino;426;B3_BR16_NIRRIG_REPROD00002.asd;B3;BR16;NIRRIG;D03M;manha;D03
svm;agrupado;todos;2;treino;427;B3_BR16_NIRRIG_REPROD00003.asd;B3;BR16;NIRRIG;D03M;manha;D03
svm;agrupado;todos;2;treino;428;B3_BR16_NIRRIG_REPROD00004.asd;B3;BR16;NIRRIG;D03M;manha;D03
svm;agrupado;todos;2;treino;429;B3_BR16_NIRRIG_REPROD00005.asd;B3;BR16;NIRRIG;D03M;manha;D03
svm;agrupado;todos;2;treino;430;B3_BR16_NIRRIG_REPROD00006.asd;B3;BR16;NIRRIG;D03M;manha;D03
svm;agrupado;todos;2;treino;431;B3_BR16_NIRRIG_REPROD00007.asd;B3;BR16;NIRRIG;D03M;manha;D03
svm;agrupado;todos;2;treino;432;B4_BR16_IRRIG_REPROD00000.asd;B4;BR16;IRRIG;D03M;manha;D03
svm;agrupado;todos;2;treino;433;B4_BR16_IRRIG_REPROD00001.asd;B4;BR16;IRRIG;D03M;manha;D03
svm;agrupado;todos;2;treino;435;B4_BR16_IRRIG_REPROD00003.asd;B4;BR16;IRRIG;D03M;manha;D03
svm;agrupado;todos;2;treino;436;B4_BR16_IRRIG_REPROD00004.asd;B4;BR16;IRRIG;D03M;manha;D03
svm;agrupado;todos;2;treino;437;B4_BR16_IRRIG_REPROD00005.asd;B4;BR16;IRRIG;D03M;manha;D03
svm;agrupado;todos;2;treino;438;B4_BR16_IRRIG_REPROD00006.asd;B4;BR16;IRRIG;D03M;manha;D03
svm;agrupado;todos;2;treino;439;B4_BR16_IRRIG_REPROD00007.asd;B4;BR16;IRRIG;D03M;manha;D03
svm;agrupado;todos;2;treino;440;B4_BR16_NIRRIG_REPROD00000.asd;B4;BR16;NIRRIG;D03M;manha;D03
svm;agrupado;todos;2;treino;441;B4_BR16_NIRRIG_REPROD00001.asd;B4;BR16;NIRRIG;D03M;manha;D03
svm;agrupado;todos;2;treino;442;B4_BR16_NIRRIG_REPROD00002.asd;B4;BR16;NIRRIG;D03M;manha;D03
svm;agrupado;todos;2;treino;445;B4_BR16_NIRRIG_REPROD00005.asd;B4;BR16;NIRRIG;D03M;manha;D03
svm;agrupado;todos;2;treino;446;B4_BR16_NIRRIG_REPROD00006.asd;B4;BR16;NIRRIG;D03M;manha;D03
svm;agrupado;todos;2;treino;447;B4_BR16_NIRRIG_REPROD00007.asd;B4;BR16;NIRRIG;D03M;manha;D03
svm;agrupado;todos;2;treino;449;B1_CD202_IRRIG_REPROD00001.asd;B1;CD202;IRRIG;D03M;manha;D03
svm;agrupado;todos;2;treino;450;B1_CD202_IRRIG_REPROD00002.asd;B1;CD202;IRRIG;D03M;manha;D03
svm;agrupado;todos;2;treino;451;B1_CD202_IRRIG_REPROD00003.asd;B1;CD202;IRRIG;D03M;manha;D03
svm;agrupado;todos;2;treino;452;B1_CD202_IRRIG_REPROD00004.asd;B1;CD202;IRRIG;D03M;manha;D03
svm;agrupado;todos;2;treino;453;B1_CD202_IRRIG_REPROD00005.asd;B1;CD202;IRRIG;D03M;manha;D03
svm;agrupado;todos;2;treino;454;B1_CD202_IRRIG_REPROD00006.asd;B1;CD202;IRRIG;D03M;manha;D03
svm;agrupado;todos;2;treino;455;B1_CD202_IRRIG_REPROD00007.asd;B1;CD202;IRRIG;D03M;manha;D03
svm;agrupado;todos;2;treino;460;B1_CD202_NIRRIG_REPROD00004.asd;B1;CD202;NIRRIG;D03M;manha;D03
svm;agrupado;todos;2;treino;461;B1_CD202_NIRRIG_REPROD00005.asd;B1;CD202;NIRRIG;D03M;manha;D03
svm;agrupado;todos;2;treino;462;B1_CD202_NIRRIG_REPROD00006.asd;B1;CD202;NIRRIG;D03M;manha;D03
svm;agrupado;todos;2;treino;463;B1_CD202_NIRRIG_REPROD00007.asd;B1;CD202;NIRRIG;D03M;manha;D03
svm;agrupado;todos;2;treino;464;B2_CD202_IRRIG_REPROD00000.asd;B2;CD202;IRRIG;D03M;manha;D03
svm;agrupado;todos;2;treino;465;B2_CD202_IRRIG_REPROD00001.asd;B2;CD202;IRRIG;D03M;manha;D03
svm;agrupado;todos;2;treino;468;B2_CD202_IRRIG_REPROD00004.asd;B2;CD202;IRRIG;D03M;manha;D03
svm;agrupado;todos;2;treino;469;B2_CD202_IRRIG_REPROD00005.asd;B2;CD202;IRRIG;D03M;manha;D03
svm;agrupado;todos;2;treino;470;B2_CD202_IRRIG_REPROD00006.asd;B2;CD202;IRRIG;D03M;manha;D03
svm;agrupado;todos;2;treino;471;B2_CD202_IRRIG_REPROD00007.asd;B2;CD202;IRRIG;D03M;manha;D03
svm;agrupado;todos;2;treino;472;B2_CD202_NIRRIG_REPROD00000.asd;B2;CD202;NIRRIG;D03M;manha;D03
svm;agrupado;todos;2;treino;474;B2_CD202_NIRRIG_REPROD00002.asd;B2;CD202;NIRRIG;D03M;manha;D03
svm;agrupado;todos;2;treino;475;B2_CD202_NIRRIG_REPROD00003.asd;B2;CD202;NIRRIG;D03M;manha;D03
svm;agrupado;todos;2;treino;477;B2_CD202_NIRRIG_REPROD00005.asd;B2;CD202;NIRRIG;D03M;manha;D03
svm;agrupado;todos;2;treino;478;B2_CD202_NIRRIG_REPROD00006.asd;B2;CD202;NIRRIG;D03M;manha;D03
svm;agrupado;todos;2;treino;479;B2_CD202_NIRRIG_REPROD00007.asd;B2;CD202;NIRRIG;D03M;manha;D03
svm;agrupado;todos;2;treino;480;B3_CD202_IRRIG_REPROD00000.asd;B3;CD202;IRRIG;D03M;manha;D03
svm;agrupado;todos;2;treino;482;B3_CD202_IRRIG_REPROD00002.asd;B3;CD202;IRRIG;D03M;manha;D03
svm;agrupado;todos;2;treino;484;B3_CD202_IRRIG_REPROD00004.asd;B3;CD202;IRRIG;D03M;manha;D03
svm;agrupado;todos;2;treino;485;B3_CD202_IRRIG_REPROD00005.asd;B3;CD202;IRRIG;D03M;manha;D03
svm;agrupado;todos;2;treino;487;B3_CD202_IRRIG_REPROD00007.asd;B3;CD202;IRRIG;D03M;manha;D03
svm;agrupado;todos;2;treino;488;B3_CD202_NIRRIG_REPROD00000.asd;B3;CD202;NIRRIG;D03M;manha;D03
svm;agrupado;todos;2;treino;489;B3_CD202_NIRRIG_REPROD00001.asd;B3;CD202;NIRRIG;D03M;manha;D03
svm;agrupado;todos;2;treino;490;B3_CD202_NIRRIG_REPROD00002.asd;B3;CD202;NIRRIG;D03M;manha;D03
svm;agrupado;todos;2;treino;491;B3_CD202_NIRRIG_REPROD00003.asd;B3;CD202;NIRRIG;D03M;manha;D03
svm;agrupado;todos;2;treino;493;B3_CD202_NIRRIG_REPROD00005.asd;B3;CD202;NIRRIG;D03M;manha;D03
svm;agrupado;todos;2;treino;494;B3_CD202_NIRRIG_REPROD00006.asd;B3;CD202;NIRRIG;D03M;manha;D03
svm;agrupado;todos;2;treino;495;B3_CD202_NIRRIG_REPROD00007.asd;B3;CD202;NIRRIG;D03M;manha;D03
svm;agrupado;todos;2;treino;496;B4_CD202_IRRIG_REPROD00000.asd;B4;CD202;IRRIG;D03M;manha;D03
svm;agrupado;todos;2;treino;497;B4_CD202_IRRIG_REPROD00001.asd;B4;CD202;IRRIG;D03M;manha;D03
svm;agrupado;todos;2;treino;498;B4_CD202_IRRIG_REPROD00002.asd;B4;CD202;IRRIG;D03M;manha;D03
svm;agrupado;todos;2;treino;499;B4_CD202_IRRIG_REPROD00003.asd;B4;CD202;IRRIG;D03M;manha;D03
svm;agrupado;todos;2;treino;500;B4_CD202_IRRIG_REPROD00004.asd;B4;CD202;IRRIG;D03M;manha;D03
svm;agrupado;todos;2;treino;501;B4_CD202_IRRIG_REPROD00005.asd;B4;CD202;IRRIG;D03M;manha;D03
svm;agrupado;todos;2;treino;502;B4_CD202_IRRIG_REPROD00006.asd;B4;CD202;IRRIG;D03M;manha;D03
svm;agrupado;todos;2;treino;503;B4_CD202_IRRIG_REPROD00007.asd;B4;CD202;IRRIG;D03M;manha;D03
svm;agrupado;todos;2;treino;505;B4_CD202_NIRRIG_REPROD00001.asd;B4;CD202;NIRRIG;D03M;manha;D03
svm;agrupado;todos;2;treino;506;B4_CD202_NIRRIG_REPROD00002.asd;B4;CD202;NIRRIG;D03M;manha;D03
svm;agrupado;todos;2;treino;507;B4_CD202_NIRRIG_REPROD00003.asd;B4;CD202;NIRRIG;D03M;manha;D03
svm;agrupado;todos;2;treino;508;B4_CD202_NIRRIG_REPROD00004.asd;B4;CD202;NIRRIG;D03M;manha;D03
svm;agrupado;todos;2;treino;509;B4_CD202_NIRRIG_REPROD00005.asd;B4;CD202;NIRRIG;D03M;manha;D03
svm;agrupado;todos;2;treino;510;B4_CD202_NIRRIG_REPROD00006.asd;B4;CD202;NIRRIG;D03M;manha;D03
svm;agrupado;todos;2;treino;511;B4_CD202_NIRRIG_REPROD00007.asd;B4;CD202;NIRRIG;D03M;manha;D03
svm;agrupado;todos;2;treino;512;B1_EMB48_IRRIG_REPROD00000.asd;B1;EMB48;IRRIG;D03M;manha;D03
svm;agrupado;todos;2;treino;513;B1_EMB48_IRRIG_REPROD00001.asd;B1;EMB48;IRRIG;D03M;manha;D03
svm;agrupado;todos;2;treino;514;B1_EMB48_IRRIG_REPROD00002.asd;B1;EMB48;IRRIG;D03M;manha;D03
svm;agrupado;todos;2;treino;517;B1_EMB48_IRRIG_REPROD00005.asd;B1;EMB48;IRRIG;D03M;manha;D03
svm;agrupado;todos;2;treino;518;B1_EMB48_IRRIG_REPROD00006.asd;B1;EMB48;IRRIG;D03M;manha;D03
svm;agrupado;todos;2;treino;521;B1_EMB48_NIRRIG_REPROD00001.asd;B1;EMB48;NIRRIG;D03M;manha;D03
svm;agrupado;todos;2;treino;522;B1_EMB48_NIRRIG_REPROD00002.asd;B1;EMB48;NIRRIG;D03M;manha;D03
svm;agrupado;todos;2;treino;523;B1_EMB48_NIRRIG_REPROD00003.asd;B1;EMB48;NIRRIG;D03M;manha;D03
svm;agrupado;todos;2;treino;524;B1_EMB48_NIRRIG_REPROD00004.asd;B1;EMB48;NIRRIG;D03M;manha;D03
svm;agrupado;todos;2;treino;525;B1_EMB48_NIRRIG_REPROD00005.asd;B1;EMB48;NIRRIG;D03M;manha;D03
svm;agrupado;todos;2;treino;526;B1_EMB48_NIRRIG_REPROD00006.asd;B1;EMB48;NIRRIG;D03M;manha;D03
svm;agrupado;todos;2;treino;527;B1_EMB48_NIRRIG_REPROD00007.asd;B1;EMB48;NIRRIG;D03M;manha;D03
svm;agrupado;todos;2;treino;528;B2_EMB48_IRRIG_REPROD00000.asd;B2;EMB48;IRRIG;D03M;manha;D03
svm;agrupado;todos;2;treino;529;B2_EMB48_IRRIG_REPROD00001.asd;B2;EMB48;IRRIG;D03M;manha;D03
svm;agrupado;todos;2;treino;531;B2_EMB48_IRRIG_REPROD00003.asd;B2;EMB48;IRRIG;D03M;manha;D03
svm;agrupado;todos;2;treino;532;B2_EMB48_IRRIG_REPROD00004.asd;B2;EMB48;IRRIG;D03M;manha;D03
svm;agrupado;todos;2;treino;533;B2_EMB48_IRRIG_REPROD00005.asd;B2;EMB48;IRRIG;D03M;manha;D03
svm;agrupado;todos;2;treino;534;B2_EMB48_IRRIG_REPROD00006.asd;B2;EMB48;IRRIG;D03M;manha;D03
svm;agrupado;todos;2;treino;536;B2_EMB48_NIRRIG_REPROD00000.asd;B2;EMB48;NIRRIG;D03M;manha;D03
svm;agrupado;todos;2;treino;537;B2_EMB48_NIRRIG_REPROD00001.asd;B2;EMB48;NIRRIG;D03M;manha;D03
svm;agrupado;todos;2;treino;538;B2_EMB48_NIRRIG_REPROD00002.asd;B2;EMB48;NIRRIG;D03M;manha;D03
svm;agrupado;todos;2;treino;539;B2_EMB48_NIRRIG_REPROD00003.asd;B2;EMB48;NIRRIG;D03M;manha;D03
svm;agrupado;todos;2;treino;540;B2_EMB48_NIRRIG_REPROD00004.asd;B2;EMB48;NIRRIG;D03M;manha;D03
svm;agrupado;todos;2;treino;541;B2_EMB48_NIRRIG_REPROD00005.asd;B2;EMB48;NIRRIG;D03M;manha;D03
svm;agrupado;todos;2;treino;542;B2_EMB48_NIRRIG_REPROD00006.asd;B2;EMB48;NIRRIG;D03M;manha;D03
svm;agrupado;todos;2;treino;544;B3_EMB48_IRRIG_REPROD00000.asd;B3;EMB48;IRRIG;D03M;manha;D03
svm;agrupado;todos;2;treino;545;B3_EMB48_IRRIG_REPROD00001.asd;B3;EMB48;IRRIG;D03M;manha;D03
svm;agrupado;todos;2;treino;546;B3_EMB48_IRRIG_REPROD00002.asd;B3;EMB48;IRRIG;D03M;manha;D03
svm;agrupado;todos;2;treino;547;B3_EMB48_IRRIG_REPROD00003.asd;B3;EMB48;IRRIG;D03M;manha;D03
svm;agrupado;todos;2;treino;548;B3_EMB48_IRRIG_REPROD00004.asd;B3;EMB48;IRRIG;D03M;manha;D03
svm;agrupado;todos;2;treino;549;B3_EMB48_IRRIG_REPROD00005.asd;B3;EMB48;IRRIG;D03M;manha;D03
svm;agrupado;todos;2;treino;550;B3_EMB48_IRRIG_REPROD00006.asd;B3;EMB48;IRRIG;D03M;manha;D03
svm;agrupado;todos;2;treino;554;B3_EMB48_NIRRIG_REPROD00002.asd;B3;EMB48;NIRRIG;D03M;manha;D03
svm;agrupado;todos;2;treino;555;B3_EMB48_NIRRIG_REPROD00003.asd;B3;EMB48;NIRRIG;D03M;manha;D03
svm;agrupado;todos;2;treino;557;B3_EMB48_NIRRIG_REPROD00005.asd;B3;EMB48;NIRRIG;D03M;manha;D03
svm;agrupado;todos;2;treino;558;B3_EMB48_NIRRIG_REPROD00006.asd;B3;EMB48;NIRRIG;D03M;manha;D03
svm;agrupado;todos;2;treino;559;B3_EMB48_NIRRIG_REPROD00007.asd;B3;EMB48;NIRRIG;D03M;manha;D03
svm;agrupado;todos;2;treino;560;B4_EMB48_IRRIG_REPROD00000.asd;B4;EMB48;IRRIG;D03M;manha;D03
svm;agrupado;todos;2;treino;561;B4_EMB48_IRRIG_REPROD00001.asd;B4;EMB48;IRRIG;D03M;manha;D03
svm;agrupado;todos;2;treino;562;B4_EMB48_IRRIG_REPROD00002.asd;B4;EMB48;IRRIG;D03M;manha;D03
svm;agrupado;todos;2;treino;563;B4_EMB48_IRRIG_REPROD00003.asd;B4;EMB48;IRRIG;D03M;manha;D03
svm;agrupado;todos;2;treino;564;B4_EMB48_IRRIG_REPROD00004.asd;B4;EMB48;IRRIG;D03M;manha;D03
svm;agrupado;todos;2;treino;565;B4_EMB48_IRRIG_REPROD00005.asd;B4;EMB48;IRRIG;D03M;manha;D03
svm;agrupado;todos;2;treino;567;B4_EMB48_IRRIG_REPROD00007.asd;B4;EMB48;IRRIG;D03M;manha;D03
svm;agrupado;todos;2;treino;568;B4_EMB48_NIRRIG_REPROD00000.asd;B4;EMB48;NIRRIG;D03M;manha;D03
svm;agrupado;todos;2;treino;570;B4_EMB48_NIRRIG_REPROD00002.asd;B4;EMB48;NIRRIG;D03M;manha;D03
svm;agrupado;todos;2;treino;572;B4_EMB48_NIRRIG_REPROD00004.asd;B4;EMB48;NIRRIG;D03M;manha;D03
svm;agrupado;todos;2;treino;573;B4_EMB48_NIRRIG_REPROD00005.asd;B4;EMB48;NIRRIG;D03M;manha;D03
svm;agrupado;todos;2;treino;574;B4_EMB48_NIRRIG_REPROD00006.asd;B4;EMB48;NIRRIG;D03M;manha;D03
svm;agrupado;todos;2;treino;575;B4_EMB48_NIRRIG_REPROD00007.asd;B4;EMB48;NIRRIG;D03M;manha;D03
svm;agrupado;todos;2;treino;576;B1_BR16_IRRIG_REPROD00000.asd;B1;BR16;IRRIG;D03T;tarde;D03
svm;agrupado;todos;2;treino;577;B1_BR16_IRRIG_REPROD00001.asd;B1;BR16;IRRIG;D03T;tarde;D03
svm;agrupado;todos;2;treino;579;B1_BR16_IRRIG_REPROD00003.asd;B1;BR16;IRRIG;D03T;tarde;D03
svm;agrupado;todos;2;treino;580;B1_BR16_IRRIG_REPROD00004.asd;B1;BR16;IRRIG;D03T;tarde;D03
svm;agrupado;todos;2;treino;582;B1_BR16_IRRIG_REPROD00006.asd;B1;BR16;IRRIG;D03T;tarde;D03
svm;agrupado;todos;2;treino;583;B1_BR16_IRRIG_REPROD00007.asd;B1;BR16;IRRIG;D03T;tarde;D03
svm;agrupado;todos;2;treino;584;B1_BR16_NIRRIG_REPROD00000.asd;B1;BR16;NIRRIG;D03T;tarde;D03
svm;agrupado;todos;2;treino;585;B1_BR16_NIRRIG_REPROD00001.asd;B1;BR16;NIRRIG;D03T;tarde;D03
svm;agrupado;todos;2;treino;586;B1_BR16_NIRRIG_REPROD00002.asd;B1;BR16;NIRRIG;D03T;tarde;D03
svm;agrupado;todos;2;treino;588;B1_BR16_NIRRIG_REPROD00004.asd;B1;BR16;NIRRIG;D03T;tarde;D03
svm;agrupado;todos;2;treino;589;B1_BR16_NIRRIG_REPROD00005.asd;B1;BR16;NIRRIG;D03T;tarde;D03
svm;agrupado;todos;2;treino;590;B1_BR16_NIRRIG_REPROD00006.asd;B1;BR16;NIRRIG;D03T;tarde;D03
svm;agrupado;todos;2;treino;592;B2_BR16_IRRIG_REPROD00000.asd;B2;BR16;IRRIG;D03T;tarde;D03
svm;agrupado;todos;2;treino;594;B2_BR16_IRRIG_REPROD00002.asd;B2;BR16;IRRIG;D03T;tarde;D03
svm;agrupado;todos;2;treino;595;B2_BR16_IRRIG_REPROD00003.asd;B2;BR16;IRRIG;D03T;tarde;D03
svm;agrupado;todos;2;treino;596;B2_BR16_IRRIG_REPROD00004.asd;B2;BR16;IRRIG;D03T;tarde;D03
svm;agrupado;todos;2;treino;597;B2_BR16_IRRIG_REPROD00005.asd;B2;BR16;IRRIG;D03T;tarde;D03
svm;agrupado;todos;2;treino;598;B2_BR16_IRRIG_REPROD00006.asd;B2;BR16;IRRIG;D03T;tarde;D03
svm;agrupado;todos;2;treino;599;B2_BR16_IRRIG_REPROD00007.asd;B2;BR16;IRRIG;D03T;tarde;D03
svm;agrupado;todos;2;treino;600;B2_BR16_NIRRIG_REPROD00000.asd;B2;BR16;NIRRIG;D03T;tarde;D03
svm;agrupado;todos;2;treino;601;B2_BR16_NIRRIG_REPROD00001.asd;B2;BR16;NIRRIG;D03T;tarde;D03
svm;agrupado;todos;2;treino;602;B2_BR16_NIRRIG_REPROD00002.asd;B2;BR16;NIRRIG;D03T;tarde;D03
svm;agrupado;todos;2;treino;603;B2_BR16_NIRRIG_REPROD00003.asd;B2;BR16;NIRRIG;D03T;tarde;D03
svm;agrupado;todos;2;treino;604;B2_BR16_NIRRIG_REPROD00004.asd;B2;BR16;NIRRIG;D03T;tarde;D03
svm;agrupado;todos;2;treino;605;B2_BR16_NIRRIG_REPROD00005.asd;B2;BR16;NIRRIG;D03T;tarde;D03
svm;agrupado;todos;2;treino;606;B2_BR16_NIRRIG_REPROD00006.asd;B2;BR16;NIRRIG;D03T;tarde;D03
svm;agrupado;todos;2;treino;607;B2_BR16_NIRRIG_REPROD00007.asd;B2;BR16;NIRRIG;D03T;tarde;D03
svm;agrupado;todos;2;treino;608;B3_BR16_IRRIG_REPROD00000.asd;B3;BR16;IRRIG;D03T;tarde;D03
svm;agrupado;todos;2;treino;609;B3_BR16_IRRIG_REPROD00001.asd;B3;BR16;IRRIG;D03T;tarde;D03
svm;agrupado;todos;2;treino;611;B3_BR16_IRRIG_REPROD00003.asd;B3;BR16;IRRIG;D03T;tarde;D03
svm;agrupado;todos;2;treino;612;B3_BR16_IRRIG_REPROD00004.asd;B3;BR16;IRRIG;D03T;tarde;D03
svm;agrupado;todos;2;treino;613;B3_BR16_IRRIG_REPROD00005.asd;B3;BR16;IRRIG;D03T;tarde;D03
svm;agrupado;todos;2;treino;614;B3_BR16_IRRIG_REPROD00006.asd;B3;BR16;IRRIG;D03T;tarde;D03
svm;agrupado;todos;2;treino;616;B3_BR16_NIRRIG_REPROD00000.asd;B3;BR16;NIRRIG;D03T;tarde;D03
svm;agrupado;todos;2;treino;617;B3_BR16_NIRRIG_REPROD00001.asd;B3;BR16;NIRRIG;D03T;tarde;D03
svm;agrupado;todos;2;treino;618;B3_BR16_NIRRIG_REPROD00002.asd;B3;BR16;NIRRIG;D03T;tarde;D03
svm;agrupado;todos;2;treino;619;B3_BR16_NIRRIG_REPROD00003.asd;B3;BR16;NIRRIG;D03T;tarde;D03
svm;agrupado;todos;2;treino;620;B3_BR16_NIRRIG_REPROD00004.asd;B3;BR16;NIRRIG;D03T;tarde;D03
svm;agrupado;todos;2;treino;621;B3_BR16_NIRRIG_REPROD00005.asd;B3;BR16;NIRRIG;D03T;tarde;D03
svm;agrupado;todos;2;treino;622;B3_BR16_NIRRIG_REPROD00006.asd;B3;BR16;NIRRIG;D03T;tarde;D03
svm;agrupado;todos;2;treino;623;B3_BR16_NIRRIG_REPROD00007.asd;B3;BR16;NIRRIG;D03T;tarde;D03
svm;agrupado;todos;2;treino;624;B4_BR16_IRRIG_REPROD00000.asd;B4;BR16;IRRIG;D03T;tarde;D03
svm;agrupado;todos;2;treino;625;B4_BR16_IRRIG_REPROD00001.asd;B4;BR16;IRRIG;D03T;tarde;D03
svm;agrupado;todos;2;treino;627;B4_BR16_IRRIG_REPROD00003.asd;B4;BR16;IRRIG;D03T;tarde;D03
svm;agrupado;todos;2;treino;628;B4_BR16_IRRIG_REPROD00004.asd;B4;BR16;IRRIG;D03T;tarde;D03
svm;agrupado;todos;2;treino;629;B4_BR16_IRRIG_REPROD00005.asd;B4;BR16;IRRIG;D03T;tarde;D03
svm;agrupado;todos;2;treino;630;B4_BR16_IRRIG_REPROD00006.asd;B4;BR16;IRRIG;D03T;tarde;D03
svm;agrupado;todos;2;treino;631;B4_BR16_IRRIG_REPROD00007.asd;B4;BR16;IRRIG;D03T;tarde;D03
svm;agrupado;todos;2;treino;632;B4_BR16_NIRRIG_REPROD00000.asd;B4;BR16;NIRRIG;D03T;tarde;D03
svm;agrupado;todos;2;treino;633;B4_BR16_NIRRIG_REPROD00001.asd;B4;BR16;NIRRIG;D03T;tarde;D03
svm;agrupado;todos;2;treino;634;B4_BR16_NIRRIG_REPROD00002.asd;B4;BR16;NIRRIG;D03T;tarde;D03
svm;agrupado;todos;2;treino;637;B4_BR16_NIRRIG_REPROD00005.asd;B4;BR16;NIRRIG;D03T;tarde;D03
svm;agrupado;todos;2;treino;638;B4_BR16_NIRRIG_REPROD00006.asd;B4;BR16;NIRRIG;D03T;tarde;D03
svm;agrupado;todos;2;treino;639;B4_BR16_NIRRIG_REPROD00007.asd;B4;BR16;NIRRIG;D03T;tarde;D03
svm;agrupado;todos;2;treino;641;B1_CD202_IRRIG_REPROD00001.asd;B1;CD202;IRRIG;D03T;tarde;D03
svm;agrupado;todos;2;treino;642;B1_CD202_IRRIG_REPROD00002.asd;B1;CD202;IRRIG;D03T;tarde;D03
svm;agrupado;todos;2;treino;643;B1_CD202_IRRIG_REPROD00003.asd;B1;CD202;IRRIG;D03T;tarde;D03
svm;agrupado;todos;2;treino;644;B1_CD202_IRRIG_REPROD00004.asd;B1;CD202;IRRIG;D03T;tarde;D03
svm;agrupado;todos;2;treino;645;B1_CD202_IRRIG_REPROD00005.asd;B1;CD202;IRRIG;D03T;tarde;D03
svm;agrupado;todos;2;treino;646;B1_CD202_IRRIG_REPROD00006.asd;B1;CD202;IRRIG;D03T;tarde;D03
svm;agrupado;todos;2;treino;647;B1_CD202_IRRIG_REPROD00007.asd;B1;CD202;IRRIG;D03T;tarde;D03
svm;agrupado;todos;2;treino;652;B1_CD202_NIRRIG_REPROD00004.asd;B1;CD202;NIRRIG;D03T;tarde;D03
svm;agrupado;todos;2;treino;653;B1_CD202_NIRRIG_REPROD00005.asd;B1;CD202;NIRRIG;D03T;tarde;D03
svm;agrupado;todos;2;treino;654;B1_CD202_NIRRIG_REPROD00006.asd;B1;CD202;NIRRIG;D03T;tarde;D03
svm;agrupado;todos;2;treino;655;B1_CD202_NIRRIG_REPROD00007.asd;B1;CD202;NIRRIG;D03T;tarde;D03
svm;agrupado;todos;2;treino;656;B2_CD202_IRRIG_REPROD00000.asd;B2;CD202;IRRIG;D03T;tarde;D03
svm;agrupado;todos;2;treino;657;B2_CD202_IRRIG_REPROD00001.asd;B2;CD202;IRRIG;D03T;tarde;D03
svm;agrupado;todos;2;treino;660;B2_CD202_IRRIG_REPROD00004.asd;B2;CD202;IRRIG;D03T;tarde;D03
svm;agrupado;todos;2;treino;661;B2_CD202_IRRIG_REPROD00005.asd;B2;CD202;IRRIG;D03T;tarde;D03
svm;agrupado;todos;2;treino;662;B2_CD202_IRRIG_REPROD00006.asd;B2;CD202;IRRIG;D03T;tarde;D03
svm;agrupado;todos;2;treino;663;B2_CD202_IRRIG_REPROD00007.asd;B2;CD202;IRRIG;D03T;tarde;D03
svm;agrupado;todos;2;treino;664;B2_CD202_NIRRIG_REPROD00000.asd;B2;CD202;NIRRIG;D03T;tarde;D03
svm;agrupado;todos;2;treino;666;B2_CD202_NIRRIG_REPROD00002.asd;B2;CD202;NIRRIG;D03T;tarde;D03
svm;agrupado;todos;2;treino;667;B2_CD202_NIRRIG_REPROD00003.asd;B2;CD202;NIRRIG;D03T;tarde;D03
svm;agrupado;todos;2;treino;669;B2_CD202_NIRRIG_REPROD00005.asd;B2;CD202;NIRRIG;D03T;tarde;D03
svm;agrupado;todos;2;treino;670;B2_CD202_NIRRIG_REPROD00006.asd;B2;CD202;NIRRIG;D03T;tarde;D03
svm;agrupado;todos;2;treino;671;B2_CD202_NIRRIG_REPROD00007.asd;B2;CD202;NIRRIG;D03T;tarde;D03
svm;agrupado;todos;2;treino;672;B3_CD202_IRRIG_REPROD00000.asd;B3;CD202;IRRIG;D03T;tarde;D03
svm;agrupado;todos;2;treino;674;B3_CD202_IRRIG_REPROD00002.asd;B3;CD202;IRRIG;D03T;tarde;D03
svm;agrupado;todos;2;treino;676;B3_CD202_IRRIG_REPROD00004.asd;B3;CD202;IRRIG;D03T;tarde;D03
svm;agrupado;todos;2;treino;677;B3_CD202_IRRIG_REPROD00005.asd;B3;CD202;IRRIG;D03T;tarde;D03
svm;agrupado;todos;2;treino;679;B3_CD202_IRRIG_REPROD00007.asd;B3;CD202;IRRIG;D03T;tarde;D03
svm;agrupado;todos;2;treino;680;B3_CD202_NIRRIG_REPROD00000.asd;B3;CD202;NIRRIG;D03T;tarde;D03
svm;agrupado;todos;2;treino;681;B3_CD202_NIRRIG_REPROD00001.asd;B3;CD202;NIRRIG;D03T;tarde;D03
svm;agrupado;todos;2;treino;682;B3_CD202_NIRRIG_REPROD00002.asd;B3;CD202;NIRRIG;D03T;tarde;D03
svm;agrupado;todos;2;treino;683;B3_CD202_NIRRIG_REPROD00003.asd;B3;CD202;NIRRIG;D03T;tarde;D03
svm;agrupado;todos;2;treino;685;B3_CD202_NIRRIG_REPROD00005.asd;B3;CD202;NIRRIG;D03T;tarde;D03
svm;agrupado;todos;2;treino;686;B3_CD202_NIRRIG_REPROD00006.asd;B3;CD202;NIRRIG;D03T;tarde;D03
svm;agrupado;todos;2;treino;687;B3_CD202_NIRRIG_REPROD00007.asd;B3;CD202;NIRRIG;D03T;tarde;D03
svm;agrupado;todos;2;treino;688;B4_CD202_IRRIG_REPROD00000.asd;B4;CD202;IRRIG;D03T;tarde;D03
svm;agrupado;todos;2;treino;689;B4_CD202_IRRIG_REPROD00001.asd;B4;CD202;IRRIG;D03T;tarde;D03
svm;agrupado;todos;2;treino;690;B4_CD202_IRRIG_REPROD00002.asd;B4;CD202;IRRIG;D03T;tarde;D03
svm;agrupado;todos;2;treino;691;B4_CD202_IRRIG_REPROD00003.asd;B4;CD202;IRRIG;D03T;tarde;D03
svm;agrupado;todos;2;treino;692;B4_CD202_IRRIG_REPROD00004.asd;B4;CD202;IRRIG;D03T;tarde;D03
svm;agrupado;todos;2;treino;693;B4_CD202_IRRIG_REPROD00005.asd;B4;CD202;IRRIG;D03T;tarde;D03
svm;agrupado;todos;2;treino;694;B4_CD202_IRRIG_REPROD00006.asd;B4;CD202;IRRIG;D03T;tarde;D03
svm;agrupado;todos;2;treino;695;B4_CD202_IRRIG_REPROD00007.asd;B4;CD202;IRRIG;D03T;tarde;D03
svm;agrupado;todos;2;treino;697;B4_CD202_NIRRIG_REPROD00001.asd;B4;CD202;NIRRIG;D03T;tarde;D03
svm;agrupado;todos;2;treino;698;B4_CD202_NIRRIG_REPROD00002.asd;B4;CD202;NIRRIG;D03T;tarde;D03
svm;agrupado;todos;2;treino;699;B4_CD202_NIRRIG_REPROD00003.asd;B4;CD202;NIRRIG;D03T;tarde;D03
svm;agrupado;todos;2;treino;700;B4_CD202_NIRRIG_REPROD00004.asd;B4;CD202;NIRRIG;D03T;tarde;D03
svm;agrupado;todos;2;treino;701;B4_CD202_NIRRIG_REPROD00005.asd;B4;CD202;NIRRIG;D03T;tarde;D03
svm;agrupado;todos;2;treino;702;B4_CD202_NIRRIG_REPROD00006.asd;B4;CD202;NIRRIG;D03T;tarde;D03
svm;agrupado;todos;2;treino;703;B4_CD202_NIRRIG_REPROD00007.asd;B4;CD202;NIRRIG;D03T;tarde;D03
svm;agrupado;todos;2;treino;704;B1_EMB48_IRRIG_REPROD00000.asd;B1;EMB48;IRRIG;D03T;tarde;D03
svm;agrupado;todos;2;treino;705;B1_EMB48_IRRIG_REPROD00001.asd;B1;EMB48;IRRIG;D03T;tarde;D03
svm;agrupado;todos;2;treino;706;B1_EMB48_IRRIG_REPROD00002.asd;B1;EMB48;IRRIG;D03T;tarde;D03
svm;agrupado;todos;2;treino;709;B1_EMB48_IRRIG_REPROD00005.asd;B1;EMB48;IRRIG;D03T;tarde;D03
svm;agrupado;todos;2;treino;710;B1_EMB48_IRRIG_REPROD00006.asd;B1;EMB48;IRRIG;D03T;tarde;D03
svm;agrupado;todos;2;treino;713;B1_EMB48_NIRRIG_REPROD00001.asd;B1;EMB48;NIRRIG;D03T;tarde;D03
svm;agrupado;todos;2;treino;714;B1_EMB48_NIRRIG_REPROD00002.asd;B1;EMB48;NIRRIG;D03T;tarde;D03
svm;agrupado;todos;2;treino;715;B1_EMB48_NIRRIG_REPROD00003.asd;B1;EMB48;NIRRIG;D03T;tarde;D03
svm;agrupado;todos;2;treino;716;B1_EMB48_NIRRIG_REPROD00004.asd;B1;EMB48;NIRRIG;D03T;tarde;D03
svm;agrupado;todos;2;treino;717;B1_EMB48_NIRRIG_REPROD00005.asd;B1;EMB48;NIRRIG;D03T;tarde;D03
svm;agrupado;todos;2;treino;718;B1_EMB48_NIRRIG_REPROD00006.asd;B1;EMB48;NIRRIG;D03T;tarde;D03
svm;agrupado;todos;2;treino;719;B1_EMB48_NIRRIG_REPROD00007.asd;B1;EMB48;NIRRIG;D03T;tarde;D03
svm;agrupado;todos;2;treino;720;B2_EMB48_IRRIG_REPROD00000.asd;B2;EMB48;IRRIG;D03T;tarde;D03
svm;agrupado;todos;2;treino;721;B2_EMB48_IRRIG_REPROD00001.asd;B2;EMB48;IRRIG;D03T;tarde;D03
svm;agrupado;todos;2;treino;723;B2_EMB48_IRRIG_REPROD00003.asd;B2;EMB48;IRRIG;D03T;tarde;D03
svm;agrupado;todos;2;treino;724;B2_EMB48_IRRIG_REPROD00004.asd;B2;EMB48;IRRIG;D03T;tarde;D03
svm;agrupado;todos;2;treino;725;B2_EMB48_IRRIG_REPROD00005.asd;B2;EMB48;IRRIG;D03T;tarde;D03
svm;agrupado;todos;2;treino;726;B2_EMB48_IRRIG_REPROD00006.asd;B2;EMB48;IRRIG;D03T;tarde;D03
svm;agrupado;todos;2;treino;728;B2_EMB48_NIRRIG_REPROD00000.asd;B2;EMB48;NIRRIG;D03T;tarde;D03
svm;agrupado;todos;2;treino;729;B2_EMB48_NIRRIG_REPROD00001.asd;B2;EMB48;NIRRIG;D03T;tarde;D03
svm;agrupado;todos;2;treino;730;B2_EMB48_NIRRIG_REPROD00002.asd;B2;EMB48;NIRRIG;D03T;tarde;D03
svm;agrupado;todos;2;treino;731;B2_EMB48_NIRRIG_REPROD00003.asd;B2;EMB48;NIRRIG;D03T;tarde;D03
svm;agrupado;todos;2;treino;732;B2_EMB48_NIRRIG_REPROD00004.asd;B2;EMB48;NIRRIG;D03T;tarde;D03
svm;agrupado;todos;2;treino;733;B2_EMB48_NIRRIG_REPROD00005.asd;B2;EMB48;NIRRIG;D03T;tarde;D03
svm;agrupado;todos;2;treino;734;B2_EMB48_NIRRIG_REPROD00006.asd;B2;EMB48;NIRRIG;D03T;tarde;D03
svm;agrupado;todos;2;treino;736;B3_EMB48_IRRIG_REPROD00000.asd;B3;EMB48;IRRIG;D03T;tarde;D03
svm;agrupado;todos;2;treino;737;B3_EMB48_IRRIG_REPROD00001.asd;B3;EMB48;IRRIG;D03T;tarde;D03
svm;agrupado;todos;2;treino;738;B3_EMB48_IRRIG_REPROD00002.asd;B3;EMB48;IRRIG;D03T;tarde;D03
svm;agrupado;todos;2;treino;739;B3_EMB48_IRRIG_REPROD00003.asd;B3;EMB48;IRRIG;D03T;tarde;D03
svm;agrupado;todos;2;treino;740;B3_EMB48_IRRIG_REPROD00004.asd;B3;EMB48;IRRIG;D03T;tarde;D03
svm;agrupado;todos;2;treino;741;B3_EMB48_IRRIG_REPROD00005.asd;B3;EMB48;IRRIG;D03T;tarde;D03
svm;agrupado;todos;2;treino;742;B3_EMB48_IRRIG_REPROD00006.asd;B3;EMB48;IRRIG;D03T;tarde;D03
svm;agrupado;todos;2;treino;746;B3_EMB48_NIRRIG_REPROD00002.asd;B3;EMB48;NIRRIG;D03T;tarde;D03
svm;agrupado;todos;2;treino;747;B3_EMB48_NIRRIG_REPROD00003.asd;B3;EMB48;NIRRIG;D03T;tarde;D03
svm;agrupado;todos;2;treino;749;B3_EMB48_NIRRIG_REPROD00005.asd;B3;EMB48;NIRRIG;D03T;tarde;D03
svm;agrupado;todos;2;treino;750;B3_EMB48_NIRRIG_REPROD00006.asd;B3;EMB48;NIRRIG;D03T;tarde;D03
svm;agrupado;todos;2;treino;751;B3_EMB48_NIRRIG_REPROD00007.asd;B3;EMB48;NIRRIG;D03T;tarde;D03
svm;agrupado;todos;2;treino;752;B4_EMB48_IRRIG_REPROD00000.asd;B4;EMB48;IRRIG;D03T;tarde;D03
svm;agrupado;todos;2;treino;753;B4_EMB48_IRRIG_REPROD00001.asd;B4;EMB48;IRRIG;D03T;tarde;D03
svm;agrupado;todos;2;treino;754;B4_EMB48_IRRIG_REPROD00002.asd;B4;EMB48;IRRIG;D03T;tarde;D03
svm;agrupado;todos;2;treino;755;B4_EMB48_IRRIG_REPROD00003.asd;B4;EMB48;IRRIG;D03T;tarde;D03
svm;agrupado;todos;2;treino;756;B4_EMB48_IRRIG_REPROD00004.asd;B4;EMB48;IRRIG;D03T;tarde;D03
svm;agrupado;todos;2;treino;757;B4_EMB48_IRRIG_REPROD00005.asd;B4;EMB48;IRRIG;D03T;tarde;D03
svm;agrupado;todos;2;treino;759;B4_EMB48_IRRIG_REPROD00007.asd;B4;EMB48;IRRIG;D03T;tarde;D03
svm;agrupado;todos;2;treino;760;B4_EMB48_NIRRIG_REPROD00000.asd;B4;EMB48;NIRRIG;D03T;tarde;D03
svm;agrupado;todos;2;treino;762;B4_EMB48_NIRRIG_REPROD00002.asd;B4;EMB48;NIRRIG;D03T;tarde;D03
svm;agrupado;todos;2;treino;764;B4_EMB48_NIRRIG_REPROD00004.asd;B4;EMB48;NIRRIG;D03T;tarde;D03
svm;agrupado;todos;2;treino;765;B4_EMB48_NIRRIG_REPROD00005.asd;B4;EMB48;NIRRIG;D03T;tarde;D03
svm;agrupado;todos;2;treino;766;B4_EMB48_NIRRIG_REPROD00006.asd;B4;EMB48;NIRRIG;D03T;tarde;D03
svm;agrupado;todos;2;treino;767;B4_EMB48_NIRRIG_REPROD00007.asd;B4;EMB48;NIRRIG;D03T;tarde;D03
svm;agrupado;todos;2;treino;768;B1_BR16_IRRIG_REPROD00000.asd;B1;BR16;IRRIG;D04M;manha;D04
svm;agrupado;todos;2;treino;769;B1_BR16_IRRIG_REPROD00001.asd;B1;BR16;IRRIG;D04M;manha;D04
svm;agrupado;todos;2;treino;771;B1_BR16_IRRIG_REPROD00003.asd;B1;BR16;IRRIG;D04M;manha;D04
svm;agrupado;todos;2;treino;772;B1_BR16_IRRIG_REPROD00004.asd;B1;BR16;IRRIG;D04M;manha;D04
svm;agrupado;todos;2;treino;774;B1_BR16_IRRIG_REPROD00006.asd;B1;BR16;IRRIG;D04M;manha;D04
svm;agrupado;todos;2;treino;775;B1_BR16_IRRIG_REPROD00007.asd;B1;BR16;IRRIG;D04M;manha;D04
svm;agrupado;todos;2;treino;776;B1_BR16_NIRRIG_REPROD00000.asd;B1;BR16;NIRRIG;D04M;manha;D04
svm;agrupado;todos;2;treino;777;B1_BR16_NIRRIG_REPROD00001.asd;B1;BR16;NIRRIG;D04M;manha;D04
svm;agrupado;todos;2;treino;778;B1_BR16_NIRRIG_REPROD00002.asd;B1;BR16;NIRRIG;D04M;manha;D04
svm;agrupado;todos;2;treino;780;B1_BR16_NIRRIG_REPROD00004.asd;B1;BR16;NIRRIG;D04M;manha;D04
svm;agrupado;todos;2;treino;781;B1_BR16_NIRRIG_REPROD00005.asd;B1;BR16;NIRRIG;D04M;manha;D04
svm;agrupado;todos;2;treino;782;B1_BR16_NIRRIG_REPROD00006.asd;B1;BR16;NIRRIG;D04M;manha;D04
svm;agrupado;todos;2;treino;784;B2_BR16_IRRIG_REPROD00000.asd;B2;BR16;IRRIG;D04M;manha;D04
svm;agrupado;todos;2;treino;786;B2_BR16_IRRIG_REPROD00002.asd;B2;BR16;IRRIG;D04M;manha;D04
svm;agrupado;todos;2;treino;787;B2_BR16_IRRIG_REPROD00003.asd;B2;BR16;IRRIG;D04M;manha;D04
svm;agrupado;todos;2;treino;788;B2_BR16_IRRIG_REPROD00004.asd;B2;BR16;IRRIG;D04M;manha;D04
svm;agrupado;todos;2;treino;789;B2_BR16_IRRIG_REPROD00005.asd;B2;BR16;IRRIG;D04M;manha;D04
svm;agrupado;todos;2;treino;790;B2_BR16_IRRIG_REPROD00006.asd;B2;BR16;IRRIG;D04M;manha;D04
svm;agrupado;todos;2;treino;791;B2_BR16_IRRIG_REPROD00007.asd;B2;BR16;IRRIG;D04M;manha;D04
svm;agrupado;todos;2;treino;792;B2_BR16_NIRRIG_REPROD00000.asd;B2;BR16;NIRRIG;D04M;manha;D04
svm;agrupado;todos;2;treino;793;B2_BR16_NIRRIG_REPROD00001.asd;B2;BR16;NIRRIG;D04M;manha;D04
svm;agrupado;todos;2;treino;794;B2_BR16_NIRRIG_REPROD00002.asd;B2;BR16;NIRRIG;D04M;manha;D04
svm;agrupado;todos;2;treino;795;B2_BR16_NIRRIG_REPROD00003.asd;B2;BR16;NIRRIG;D04M;manha;D04
svm;agrupado;todos;2;treino;796;B2_BR16_NIRRIG_REPROD00004.asd;B2;BR16;NIRRIG;D04M;manha;D04
svm;agrupado;todos;2;treino;797;B2_BR16_NIRRIG_REPROD00005.asd;B2;BR16;NIRRIG;D04M;manha;D04
svm;agrupado;todos;2;treino;798;B2_BR16_NIRRIG_REPROD00006.asd;B2;BR16;NIRRIG;D04M;manha;D04
svm;agrupado;todos;2;treino;799;B2_BR16_NIRRIG_REPROD00007.asd;B2;BR16;NIRRIG;D04M;manha;D04
svm;agrupado;todos;2;treino;800;B3_BR16_IRRIG_REPROD00000.asd;B3;BR16;IRRIG;D04M;manha;D04
svm;agrupado;todos;2;treino;801;B3_BR16_IRRIG_REPROD00001.asd;B3;BR16;IRRIG;D04M;manha;D04
svm;agrupado;todos;2;treino;803;B3_BR16_IRRIG_REPROD00003.asd;B3;BR16;IRRIG;D04M;manha;D04
svm;agrupado;todos;2;treino;804;B3_BR16_IRRIG_REPROD00004.asd;B3;BR16;IRRIG;D04M;manha;D04
svm;agrupado;todos;2;treino;805;B3_BR16_IRRIG_REPROD00005.asd;B3;BR16;IRRIG;D04M;manha;D04
svm;agrupado;todos;2;treino;806;B3_BR16_IRRIG_REPROD00006.asd;B3;BR16;IRRIG;D04M;manha;D04
svm;agrupado;todos;2;treino;808;B3_BR16_NIRRIG_REPROD00000.asd;B3;BR16;NIRRIG;D04M;manha;D04
svm;agrupado;todos;2;treino;809;B3_BR16_NIRRIG_REPROD00001.asd;B3;BR16;NIRRIG;D04M;manha;D04
svm;agrupado;todos;2;treino;810;B3_BR16_NIRRIG_REPROD00002.asd;B3;BR16;NIRRIG;D04M;manha;D04
svm;agrupado;todos;2;treino;811;B3_BR16_NIRRIG_REPROD00003.asd;B3;BR16;NIRRIG;D04M;manha;D04
svm;agrupado;todos;2;treino;812;B3_BR16_NIRRIG_REPROD00004.asd;B3;BR16;NIRRIG;D04M;manha;D04
svm;agrupado;todos;2;treino;813;B3_BR16_NIRRIG_REPROD00005.asd;B3;BR16;NIRRIG;D04M;manha;D04
svm;agrupado;todos;2;treino;814;B3_BR16_NIRRIG_REPROD00006.asd;B3;BR16;NIRRIG;D04M;manha;D04
svm;agrupado;todos;2;treino;815;B3_BR16_NIRRIG_REPROD00007.asd;B3;BR16;NIRRIG;D04M;manha;D04
svm;agrupado;todos;2;treino;816;B4_BR16_IRRIG_REPROD00000.asd;B4;BR16;IRRIG;D04M;manha;D04
svm;agrupado;todos;2;treino;817;B4_BR16_IRRIG_REPROD00001.asd;B4;BR16;IRRIG;D04M;manha;D04
svm;agrupado;todos;2;treino;819;B4_BR16_IRRIG_REPROD00003.asd;B4;BR16;IRRIG;D04M;manha;D04
svm;agrupado;todos;2;treino;820;B4_BR16_IRRIG_REPROD00004.asd;B4;BR16;IRRIG;D04M;manha;D04
svm;agrupado;todos;2;treino;821;B4_BR16_IRRIG_REPROD00005.asd;B4;BR16;IRRIG;D04M;manha;D04
svm;agrupado;todos;2;treino;822;B4_BR16_IRRIG_REPROD00006.asd;B4;BR16;IRRIG;D04M;manha;D04
svm;agrupado;todos;2;treino;823;B4_BR16_IRRIG_REPROD00007.asd;B4;BR16;IRRIG;D04M;manha;D04
svm;agrupado;todos;2;treino;824;B4_BR16_NIRRIG_REPROD00000.asd;B4;BR16;NIRRIG;D04M;manha;D04
svm;agrupado;todos;2;treino;825;B4_BR16_NIRRIG_REPROD00001.asd;B4;BR16;NIRRIG;D04M;manha;D04
svm;agrupado;todos;2;treino;826;B4_BR16_NIRRIG_REPROD00002.asd;B4;BR16;NIRRIG;D04M;manha;D04
svm;agrupado;todos;2;treino;829;B4_BR16_NIRRIG_REPROD00005.asd;B4;BR16;NIRRIG;D04M;manha;D04
svm;agrupado;todos;2;treino;830;B4_BR16_NIRRIG_REPROD00006.asd;B4;BR16;NIRRIG;D04M;manha;D04
svm;agrupado;todos;2;treino;831;B4_BR16_NIRRIG_REPROD00007.asd;B4;BR16;NIRRIG;D04M;manha;D04
svm;agrupado;todos;2;treino;833;B1_CD202_IRRIG_REPROD00001.asd;B1;CD202;IRRIG;D04M;manha;D04
svm;agrupado;todos;2;treino;834;B1_CD202_IRRIG_REPROD00002.asd;B1;CD202;IRRIG;D04M;manha;D04
svm;agrupado;todos;2;treino;835;B1_CD202_IRRIG_REPROD00003.asd;B1;CD202;IRRIG;D04M;manha;D04
svm;agrupado;todos;2;treino;836;B1_CD202_IRRIG_REPROD00004.asd;B1;CD202;IRRIG;D04M;manha;D04
svm;agrupado;todos;2;treino;837;B1_CD202_IRRIG_REPROD00005.asd;B1;CD202;IRRIG;D04M;manha;D04
svm;agrupado;todos;2;treino;838;B1_CD202_IRRIG_REPROD00006.asd;B1;CD202;IRRIG;D04M;manha;D04
svm;agrupado;todos;2;treino;839;B1_CD202_IRRIG_REPROD00007.asd;B1;CD202;IRRIG;D04M;manha;D04
svm;agrupado;todos;2;treino;844;B1_CD202_NIRRIG_REPROD00004.asd;B1;CD202;NIRRIG;D04M;manha;D04
svm;agrupado;todos;2;treino;845;B1_CD202_NIRRIG_REPROD00005.asd;B1;CD202;NIRRIG;D04M;manha;D04
svm;agrupado;todos;2;treino;846;B1_CD202_NIRRIG_REPROD00006.asd;B1;CD202;NIRRIG;D04M;manha;D04
svm;agrupado;todos;2;treino;847;B1_CD202_NIRRIG_REPROD00007.asd;B1;CD202;NIRRIG;D04M;manha;D04
svm;agrupado;todos;2;treino;848;B2_CD202_IRRIG_REPROD00000.asd;B2;CD202;IRRIG;D04M;manha;D04
svm;agrupado;todos;2;treino;849;B2_CD202_IRRIG_REPROD00001.asd;B2;CD202;IRRIG;D04M;manha;D04
svm;agrupado;todos;2;treino;852;B2_CD202_IRRIG_REPROD00004.asd;B2;CD202;IRRIG;D04M;manha;D04
svm;agrupado;todos;2;treino;853;B2_CD202_IRRIG_REPROD00005.asd;B2;CD202;IRRIG;D04M;manha;D04
svm;agrupado;todos;2;treino;854;B2_CD202_IRRIG_REPROD00006.asd;B2;CD202;IRRIG;D04M;manha;D04
svm;agrupado;todos;2;treino;855;B2_CD202_IRRIG_REPROD00007.asd;B2;CD202;IRRIG;D04M;manha;D04
svm;agrupado;todos;2;treino;856;B2_CD202_NIRRIG_REPROD00000.asd;B2;CD202;NIRRIG;D04M;manha;D04
svm;agrupado;todos;2;treino;858;B2_CD202_NIRRIG_REPROD00002.asd;B2;CD202;NIRRIG;D04M;manha;D04
svm;agrupado;todos;2;treino;859;B2_CD202_NIRRIG_REPROD00003.asd;B2;CD202;NIRRIG;D04M;manha;D04
svm;agrupado;todos;2;treino;861;B2_CD202_NIRRIG_REPROD00005.asd;B2;CD202;NIRRIG;D04M;manha;D04
svm;agrupado;todos;2;treino;862;B2_CD202_NIRRIG_REPROD00006.asd;B2;CD202;NIRRIG;D04M;manha;D04
svm;agrupado;todos;2;treino;863;B2_CD202_NIRRIG_REPROD00007.asd;B2;CD202;NIRRIG;D04M;manha;D04
svm;agrupado;todos;2;treino;864;B3_CD202_IRRIG_REPROD00000.asd;B3;CD202;IRRIG;D04M;manha;D04
svm;agrupado;todos;2;treino;866;B3_CD202_IRRIG_REPROD00002.asd;B3;CD202;IRRIG;D04M;manha;D04
svm;agrupado;todos;2;treino;868;B3_CD202_IRRIG_REPROD00004.asd;B3;CD202;IRRIG;D04M;manha;D04
svm;agrupado;todos;2;treino;869;B3_CD202_IRRIG_REPROD00005.asd;B3;CD202;IRRIG;D04M;manha;D04
svm;agrupado;todos;2;treino;871;B3_CD202_IRRIG_REPROD00007.asd;B3;CD202;IRRIG;D04M;manha;D04
svm;agrupado;todos;2;treino;872;B3_CD202_NIRRIG_REPROD00000.asd;B3;CD202;NIRRIG;D04M;manha;D04
svm;agrupado;todos;2;treino;873;B3_CD202_NIRRIG_REPROD00001.asd;B3;CD202;NIRRIG;D04M;manha;D04
svm;agrupado;todos;2;treino;874;B3_CD202_NIRRIG_REPROD00002.asd;B3;CD202;NIRRIG;D04M;manha;D04
svm;agrupado;todos;2;treino;875;B3_CD202_NIRRIG_REPROD00003.asd;B3;CD202;NIRRIG;D04M;manha;D04
svm;agrupado;todos;2;treino;877;B3_CD202_NIRRIG_REPROD00005.asd;B3;CD202;NIRRIG;D04M;manha;D04
svm;agrupado;todos;2;treino;878;B3_CD202_NIRRIG_REPROD00006.asd;B3;CD202;NIRRIG;D04M;manha;D04
svm;agrupado;todos;2;treino;879;B3_CD202_NIRRIG_REPROD00007.asd;B3;CD202;NIRRIG;D04M;manha;D04
svm;agrupado;todos;2;treino;880;B4_CD202_IRRIG_REPROD00000.asd;B4;CD202;IRRIG;D04M;manha;D04
svm;agrupado;todos;2;treino;881;B4_CD202_IRRIG_REPROD00001.asd;B4;CD202;IRRIG;D04M;manha;D04
svm;agrupado;todos;2;treino;882;B4_CD202_IRRIG_REPROD00002.asd;B4;CD202;IRRIG;D04M;manha;D04
svm;agrupado;todos;2;treino;883;B4_CD202_IRRIG_REPROD00003.asd;B4;CD202;IRRIG;D04M;manha;D04
svm;agrupado;todos;2;treino;884;B4_CD202_IRRIG_REPROD00004.asd;B4;CD202;IRRIG;D04M;manha;D04
svm;agrupado;todos;2;treino;885;B4_CD202_IRRIG_REPROD00005.asd;B4;CD202;IRRIG;D04M;manha;D04
svm;agrupado;todos;2;treino;886;B4_CD202_IRRIG_REPROD00006.asd;B4;CD202;IRRIG;D04M;manha;D04
svm;agrupado;todos;2;treino;887;B4_CD202_IRRIG_REPROD00007.asd;B4;CD202;IRRIG;D04M;manha;D04
svm;agrupado;todos;2;treino;889;B4_CD202_NIRRIG_REPROD00001.asd;B4;CD202;NIRRIG;D04M;manha;D04
svm;agrupado;todos;2;treino;890;B4_CD202_NIRRIG_REPROD00002.asd;B4;CD202;NIRRIG;D04M;manha;D04
svm;agrupado;todos;2;treino;891;B4_CD202_NIRRIG_REPROD00003.asd;B4;CD202;NIRRIG;D04M;manha;D04
svm;agrupado;todos;2;treino;892;B4_CD202_NIRRIG_REPROD00004.asd;B4;CD202;NIRRIG;D04M;manha;D04
svm;agrupado;todos;2;treino;893;B4_CD202_NIRRIG_REPROD00005.asd;B4;CD202;NIRRIG;D04M;manha;D04
svm;agrupado;todos;2;treino;894;B4_CD202_NIRRIG_REPROD00006.asd;B4;CD202;NIRRIG;D04M;manha;D04
svm;agrupado;todos;2;treino;895;B4_CD202_NIRRIG_REPROD00007.asd;B4;CD202;NIRRIG;D04M;manha;D04
svm;agrupado;todos;2;treino;896;B1_EMB48_IRRIG_REPROD00000.asd;B1;EMB48;IRRIG;D04M;manha;D04
svm;agrupado;todos;2;treino;897;B1_EMB48_IRRIG_REPROD00001.asd;B1;EMB48;IRRIG;D04M;manha;D04
svm;agrupado;todos;2;treino;898;B1_EMB48_IRRIG_REPROD00002.asd;B1;EMB48;IRRIG;D04M;manha;D04
svm;agrupado;todos;2;treino;901;B1_EMB48_IRRIG_REPROD00005.asd;B1;EMB48;IRRIG;D04M;manha;D04
svm;agrupado;todos;2;treino;902;B1_EMB48_IRRIG_REPROD00006.asd;B1;EMB48;IRRIG;D04M;manha;D04
svm;agrupado;todos;2;treino;905;B1_EMB48_NIRRIG_REPROD00001.asd;B1;EMB48;NIRRIG;D04M;manha;D04
svm;agrupado;todos;2;treino;906;B1_EMB48_NIRRIG_REPROD00002.asd;B1;EMB48;NIRRIG;D04M;manha;D04
svm;agrupado;todos;2;treino;907;B1_EMB48_NIRRIG_REPROD00003.asd;B1;EMB48;NIRRIG;D04M;manha;D04
svm;agrupado;todos;2;treino;908;B1_EMB48_NIRRIG_REPROD00004.asd;B1;EMB48;NIRRIG;D04M;manha;D04
svm;agrupado;todos;2;treino;909;B1_EMB48_NIRRIG_REPROD00005.asd;B1;EMB48;NIRRIG;D04M;manha;D04
svm;agrupado;todos;2;treino;910;B1_EMB48_NIRRIG_REPROD00006.asd;B1;EMB48;NIRRIG;D04M;manha;D04
svm;agrupado;todos;2;treino;911;B1_EMB48_NIRRIG_REPROD00007.asd;B1;EMB48;NIRRIG;D04M;manha;D04
svm;agrupado;todos;2;treino;912;B2_EMB48_IRRIG_REPROD00000.asd;B2;EMB48;IRRIG;D04M;manha;D04
svm;agrupado;todos;2;treino;913;B2_EMB48_IRRIG_REPROD00001.asd;B2;EMB48;IRRIG;D04M;manha;D04
svm;agrupado;todos;2;treino;915;B2_EMB48_IRRIG_REPROD00003.asd;B2;EMB48;IRRIG;D04M;manha;D04
svm;agrupado;todos;2;treino;916;B2_EMB48_IRRIG_REPROD00004.asd;B2;EMB48;IRRIG;D04M;manha;D04
svm;agrupado;todos;2;treino;917;B2_EMB48_IRRIG_REPROD00005.asd;B2;EMB48;IRRIG;D04M;manha;D04
svm;agrupado;todos;2;treino;918;B2_EMB48_IRRIG_REPROD00006.asd;B2;EMB48;IRRIG;D04M;manha;D04
svm;agrupado;todos;2;treino;920;B2_EMB48_NIRRIG_REPROD00000.asd;B2;EMB48;NIRRIG;D04M;manha;D04
svm;agrupado;todos;2;treino;921;B2_EMB48_NIRRIG_REPROD00001.asd;B2;EMB48;NIRRIG;D04M;manha;D04
svm;agrupado;todos;2;treino;922;B2_EMB48_NIRRIG_REPROD00002.asd;B2;EMB48;NIRRIG;D04M;manha;D04
svm;agrupado;todos;2;treino;923;B2_EMB48_NIRRIG_REPROD00003.asd;B2;EMB48;NIRRIG;D04M;manha;D04
svm;agrupado;todos;2;treino;924;B2_EMB48_NIRRIG_REPROD00004.asd;B2;EMB48;NIRRIG;D04M;manha;D04
svm;agrupado;todos;2;treino;925;B2_EMB48_NIRRIG_REPROD00005.asd;B2;EMB48;NIRRIG;D04M;manha;D04
svm;agrupado;todos;2;treino;926;B2_EMB48_NIRRIG_REPROD00006.asd;B2;EMB48;NIRRIG;D04M;manha;D04
svm;agrupado;todos;2;treino;928;B3_EMB48_IRRIG_REPROD00000.asd;B3;EMB48;IRRIG;D04M;manha;D04
svm;agrupado;todos;2;treino;929;B3_EMB48_IRRIG_REPROD00001.asd;B3;EMB48;IRRIG;D04M;manha;D04
svm;agrupado;todos;2;treino;930;B3_EMB48_IRRIG_REPROD00002.asd;B3;EMB48;IRRIG;D04M;manha;D04
svm;agrupado;todos;2;treino;931;B3_EMB48_IRRIG_REPROD00003.asd;B3;EMB48;IRRIG;D04M;manha;D04
svm;agrupado;todos;2;treino;932;B3_EMB48_IRRIG_REPROD00004.asd;B3;EMB48;IRRIG;D04M;manha;D04
svm;agrupado;todos;2;treino;933;B3_EMB48_IRRIG_REPROD00005.asd;B3;EMB48;IRRIG;D04M;manha;D04
svm;agrupado;todos;2;treino;934;B3_EMB48_IRRIG_REPROD00006.asd;B3;EMB48;IRRIG;D04M;manha;D04
svm;agrupado;todos;2;treino;938;B3_EMB48_NIRRIG_REPROD00002.asd;B3;EMB48;NIRRIG;D04M;manha;D04
svm;agrupado;todos;2;treino;939;B3_EMB48_NIRRIG_REPROD00003.asd;B3;EMB48;NIRRIG;D04M;manha;D04
svm;agrupado;todos;2;treino;941;B3_EMB48_NIRRIG_REPROD00005.asd;B3;EMB48;NIRRIG;D04M;manha;D04
svm;agrupado;todos;2;treino;942;B3_EMB48_NIRRIG_REPROD00006.asd;B3;EMB48;NIRRIG;D04M;manha;D04
svm;agrupado;todos;2;treino;943;B3_EMB48_NIRRIG_REPROD00007.asd;B3;EMB48;NIRRIG;D04M;manha;D04
svm;agrupado;todos;2;treino;944;B4_EMB48_IRRIG_REPROD00000.asd;B4;EMB48;IRRIG;D04M;manha;D04
svm;agrupado;todos;2;treino;945;B4_EMB48_IRRIG_REPROD00001.asd;B4;EMB48;IRRIG;D04M;manha;D04
svm;agrupado;todos;2;treino;946;B4_EMB48_IRRIG_REPROD00002.asd;B4;EMB48;IRRIG;D04M;manha;D04
svm;agrupado;todos;2;treino;947;B4_EMB48_IRRIG_REPROD00003.asd;B4;EMB48;IRRIG;D04M;manha;D04
svm;agrupado;todos;2;treino;948;B4_EMB48_IRRIG_REPROD00004.asd;B4;EMB48;IRRIG;D04M;manha;D04
svm;agrupado;todos;2;treino;949;B4_EMB48_IRRIG_REPROD00005.asd;B4;EMB48;IRRIG;D04M;manha;D04
svm;agrupado;todos;2;treino;951;B4_EMB48_IRRIG_REPROD00007.asd;B4;EMB48;IRRIG;D04M;manha;D04
svm;agrupado;todos;2;treino;952;B4_EMB48_NIRRIG_REPROD00000.asd;B4;EMB48;NIRRIG;D04M;manha;D04
svm;agrupado;todos;2;treino;954;B4_EMB48_NIRRIG_REPROD00002.asd;B4;EMB48;NIRRIG;D04M;manha;D04
svm;agrupado;todos;2;treino;956;B4_EMB48_NIRRIG_REPROD00004.asd;B4;EMB48;NIRRIG;D04M;manha;D04
svm;agrupado;todos;2;treino;957;B4_EMB48_NIRRIG_REPROD00005.asd;B4;EMB48;NIRRIG;D04M;manha;D04
svm;agrupado;todos;2;treino;958;B4_EMB48_NIRRIG_REPROD00006.asd;B4;EMB48;NIRRIG;D04M;manha;D04
svm;agrupado;todos;2;treino;959;B4_EMB48_NIRRIG_REPROD00007.asd;B4;EMB48;NIRRIG;D04M;manha;D04
svm;agrupado;todos;2;treino;960;B1_BR16_IRRIG_REPROD00000.asd;B1;BR16;IRRIG;D05M;manha;D05
svm;agrupado;todos;2;treino;961;B1_BR16_IRRIG_REPROD00001.asd;B1;BR16;IRRIG;D05M;manha;D05
svm;agrupado;todos;2;treino;963;B1_BR16_IRRIG_REPROD00003.asd;B1;BR16;IRRIG;D05M;manha;D05
svm;agrupado;todos;2;treino;964;B1_BR16_IRRIG_REPROD00004.asd;B1;BR16;IRRIG;D05M;manha;D05
svm;agrupado;todos;2;treino;966;B1_BR16_IRRIG_REPROD00006.asd;B1;BR16;IRRIG;D05M;manha;D05
svm;agrupado;todos;2;treino;967;B1_BR16_IRRIG_REPROD00007.asd;B1;BR16;IRRIG;D05M;manha;D05
svm;agrupado;todos;2;treino;968;B1_BR16_NIRRIG_REPROD00000.asd;B1;BR16;NIRRIG;D05M;manha;D05
svm;agrupado;todos;2;treino;969;B1_BR16_NIRRIG_REPROD00001.asd;B1;BR16;NIRRIG;D05M;manha;D05
svm;agrupado;todos;2;treino;970;B1_BR16_NIRRIG_REPROD00002.asd;B1;BR16;NIRRIG;D05M;manha;D05
svm;agrupado;todos;2;treino;972;B1_BR16_NIRRIG_REPROD00004.asd;B1;BR16;NIRRIG;D05M;manha;D05
svm;agrupado;todos;2;treino;973;B1_BR16_NIRRIG_REPROD00005.asd;B1;BR16;NIRRIG;D05M;manha;D05
svm;agrupado;todos;2;treino;974;B1_BR16_NIRRIG_REPROD00006.asd;B1;BR16;NIRRIG;D05M;manha;D05
svm;agrupado;todos;2;treino;976;B2_BR16_IRRIG_REPROD00000.asd;B2;BR16;IRRIG;D05M;manha;D05
svm;agrupado;todos;2;treino;978;B2_BR16_IRRIG_REPROD00002.asd;B2;BR16;IRRIG;D05M;manha;D05
svm;agrupado;todos;2;treino;979;B2_BR16_IRRIG_REPROD00003.asd;B2;BR16;IRRIG;D05M;manha;D05
svm;agrupado;todos;2;treino;980;B2_BR16_IRRIG_REPROD00004.asd;B2;BR16;IRRIG;D05M;manha;D05
svm;agrupado;todos;2;treino;981;B2_BR16_IRRIG_REPROD00005.asd;B2;BR16;IRRIG;D05M;manha;D05
svm;agrupado;todos;2;treino;982;B2_BR16_IRRIG_REPROD00006.asd;B2;BR16;IRRIG;D05M;manha;D05
svm;agrupado;todos;2;treino;983;B2_BR16_IRRIG_REPROD00007.asd;B2;BR16;IRRIG;D05M;manha;D05
svm;agrupado;todos;2;treino;984;B2_BR16_NIRRIG_REPROD00000.asd;B2;BR16;NIRRIG;D05M;manha;D05
svm;agrupado;todos;2;treino;985;B2_BR16_NIRRIG_REPROD00001.asd;B2;BR16;NIRRIG;D05M;manha;D05
svm;agrupado;todos;2;treino;986;B2_BR16_NIRRIG_REPROD00002.asd;B2;BR16;NIRRIG;D05M;manha;D05
svm;agrupado;todos;2;treino;987;B2_BR16_NIRRIG_REPROD00003.asd;B2;BR16;NIRRIG;D05M;manha;D05
svm;agrupado;todos;2;treino;988;B2_BR16_NIRRIG_REPROD00004.asd;B2;BR16;NIRRIG;D05M;manha;D05
svm;agrupado;todos;2;treino;989;B2_BR16_NIRRIG_REPROD00005.asd;B2;BR16;NIRRIG;D05M;manha;D05
svm;agrupado;todos;2;treino;990;B2_BR16_NIRRIG_REPROD00006.asd;B2;BR16;NIRRIG;D05M;manha;D05
svm;agrupado;todos;2;treino;991;B2_BR16_NIRRIG_REPROD00007.asd;B2;BR16;NIRRIG;D05M;manha;D05
svm;agrupado;todos;2;treino;992;B3_BR16_IRRIG_REPROD00000.asd;B3;BR16;IRRIG;D05M;manha;D05
svm;agrupado;todos;2;treino;993;B3_BR16_IRRIG_REPROD00001.asd;B3;BR16;IRRIG;D05M;manha;D05
svm;agrupado;todos;2;treino;995;B3_BR16_IRRIG_REPROD00003.asd;B3;BR16;IRRIG;D05M;manha;D05
svm;agrupado;todos;2;treino;996;B3_BR16_IRRIG_REPROD00004.asd;B3;BR16;IRRIG;D05M;manha;D05
svm;agrupado;todos;2;treino;997;B3_BR16_IRRIG_REPROD00005.asd;B3;BR16;IRRIG;D05M;manha;D05
svm;agrupado;todos;2;treino;998;B3_BR16_IRRIG_REPROD00006.asd;B3;BR16;IRRIG;D05M;manha;D05
svm;agrupado;todos;2;treino;1000;B3_BR16_NIRRIG_REPROD00000.asd;B3;BR16;NIRRIG;D05M;manha;D05
svm;agrupado;todos;2;treino;1001;B3_BR16_NIRRIG_REPROD00001.asd;B3;BR16;NIRRIG;D05M;manha;D05
svm;agrupado;todos;2;treino;1002;B3_BR16_NIRRIG_REPROD00002.asd;B3;BR16;NIRRIG;D05M;manha;D05
svm;agrupado;todos;2;treino;1003;B3_BR16_NIRRIG_REPROD00003.asd;B3;BR16;NIRRIG;D05M;manha;D05
svm;agrupado;todos;2;treino;1004;B3_BR16_NIRRIG_REPROD00004.asd;B3;BR16;NIRRIG;D05M;manha;D05
svm;agrupado;todos;2;treino;1005;B3_BR16_NIRRIG_REPROD00005.asd;B3;BR16;NIRRIG;D05M;manha;D05
svm;agrupado;todos;2;treino;1006;B3_BR16_NIRRIG_REPROD00006.asd;B3;BR16;NIRRIG;D05M;manha;D05
svm;agrupado;todos;2;treino;1007;B3_BR16_NIRRIG_REPROD00007.asd;B3;BR16;NIRRIG;D05M;manha;D05
svm;agrupado;todos;2;treino;1008;B4_BR16_IRRIG_REPROD00000.asd;B4;BR16;IRRIG;D05M;manha;D05
svm;agrupado;todos;2;treino;1009;B4_BR16_IRRIG_REPROD00001.asd;B4;BR16;IRRIG;D05M;manha;D05
svm;agrupado;todos;2;treino;1011;B4_BR16_IRRIG_REPROD00003.asd;B4;BR16;IRRIG;D05M;manha;D05
svm;agrupado;todos;2;treino;1012;B4_BR16_IRRIG_REPROD00004.asd;B4;BR16;IRRIG;D05M;manha;D05
svm;agrupado;todos;2;treino;1013;B4_BR16_IRRIG_REPROD00005.asd;B4;BR16;IRRIG;D05M;manha;D05
svm;agrupado;todos;2;treino;1014;B4_BR16_IRRIG_REPROD00006.asd;B4;BR16;IRRIG;D05M;manha;D05
svm;agrupado;todos;2;treino;1015;B4_BR16_IRRIG_REPROD00007.asd;B4;BR16;IRRIG;D05M;manha;D05
svm;agrupado;todos;2;treino;1016;B4_BR16_NIRRIG_REPROD00000.asd;B4;BR16;NIRRIG;D05M;manha;D05
svm;agrupado;todos;2;treino;1017;B4_BR16_NIRRIG_REPROD00001.asd;B4;BR16;NIRRIG;D05M;manha;D05
svm;agrupado;todos;2;treino;1018;B4_BR16_NIRRIG_REPROD00002.asd;B4;BR16;NIRRIG;D05M;manha;D05
svm;agrupado;todos;2;treino;1021;B4_BR16_NIRRIG_REPROD00005.asd;B4;BR16;NIRRIG;D05M;manha;D05
svm;agrupado;todos;2;treino;1022;B4_BR16_NIRRIG_REPROD00006.asd;B4;BR16;NIRRIG;D05M;manha;D05
svm;agrupado;todos;2;treino;1023;B4_BR16_NIRRIG_REPROD00007.asd;B4;BR16;NIRRIG;D05M;manha;D05
svm;agrupado;todos;2;treino;1025;B1_CD202_IRRIG_REPROD00001.asd;B1;CD202;IRRIG;D05M;manha;D05
svm;agrupado;todos;2;treino;1026;B1_CD202_IRRIG_REPROD00002.asd;B1;CD202;IRRIG;D05M;manha;D05
svm;agrupado;todos;2;treino;1027;B1_CD202_IRRIG_REPROD00003.asd;B1;CD202;IRRIG;D05M;manha;D05
svm;agrupado;todos;2;treino;1028;B1_CD202_IRRIG_REPROD00004.asd;B1;CD202;IRRIG;D05M;manha;D05
svm;agrupado;todos;2;treino;1029;B1_CD202_IRRIG_REPROD00005.asd;B1;CD202;IRRIG;D05M;manha;D05
svm;agrupado;todos;2;treino;1030;B1_CD202_IRRIG_REPROD00006.asd;B1;CD202;IRRIG;D05M;manha;D05
svm;agrupado;todos;2;treino;1031;B1_CD202_IRRIG_REPROD00007.asd;B1;CD202;IRRIG;D05M;manha;D05
svm;agrupado;todos;2;treino;1036;B1_CD202_NIRRIG_REPROD00004.asd;B1;CD202;NIRRIG;D05M;manha;D05
svm;agrupado;todos;2;treino;1037;B1_CD202_NIRRIG_REPROD00005.asd;B1;CD202;NIRRIG;D05M;manha;D05
svm;agrupado;todos;2;treino;1038;B1_CD202_NIRRIG_REPROD00006.asd;B1;CD202;NIRRIG;D05M;manha;D05
svm;agrupado;todos;2;treino;1039;B1_CD202_NIRRIG_REPROD00007.asd;B1;CD202;NIRRIG;D05M;manha;D05
svm;agrupado;todos;2;treino;1040;B2_CD202_IRRIG_REPROD00000.asd;B2;CD202;IRRIG;D05M;manha;D05
svm;agrupado;todos;2;treino;1041;B2_CD202_IRRIG_REPROD00001.asd;B2;CD202;IRRIG;D05M;manha;D05
svm;agrupado;todos;2;treino;1044;B2_CD202_IRRIG_REPROD00004.asd;B2;CD202;IRRIG;D05M;manha;D05
svm;agrupado;todos;2;treino;1045;B2_CD202_IRRIG_REPROD00005.asd;B2;CD202;IRRIG;D05M;manha;D05
svm;agrupado;todos;2;treino;1046;B2_CD202_IRRIG_REPROD00006.asd;B2;CD202;IRRIG;D05M;manha;D05
svm;agrupado;todos;2;treino;1047;B2_CD202_IRRIG_REPROD00007.asd;B2;CD202;IRRIG;D05M;manha;D05
svm;agrupado;todos;2;treino;1048;B2_CD202_NIRRIG_REPROD00000.asd;B2;CD202;NIRRIG;D05M;manha;D05
svm;agrupado;todos;2;treino;1050;B2_CD202_NIRRIG_REPROD00002.asd;B2;CD202;NIRRIG;D05M;manha;D05
svm;agrupado;todos;2;treino;1051;B2_CD202_NIRRIG_REPROD00003.asd;B2;CD202;NIRRIG;D05M;manha;D05
svm;agrupado;todos;2;treino;1053;B2_CD202_NIRRIG_REPROD00005.asd;B2;CD202;NIRRIG;D05M;manha;D05
svm;agrupado;todos;2;treino;1054;B2_CD202_NIRRIG_REPROD00006.asd;B2;CD202;NIRRIG;D05M;manha;D05
svm;agrupado;todos;2;treino;1055;B2_CD202_NIRRIG_REPROD00007.asd;B2;CD202;NIRRIG;D05M;manha;D05
svm;agrupado;todos;2;treino;1056;B3_CD202_IRRIG_REPROD00000.asd;B3;CD202;IRRIG;D05M;manha;D05
svm;agrupado;todos;2;treino;1058;B3_CD202_IRRIG_REPROD00002.asd;B3;CD202;IRRIG;D05M;manha;D05
svm;agrupado;todos;2;treino;1060;B3_CD202_IRRIG_REPROD00004.asd;B3;CD202;IRRIG;D05M;manha;D05
svm;agrupado;todos;2;treino;1061;B3_CD202_IRRIG_REPROD00005.asd;B3;CD202;IRRIG;D05M;manha;D05
svm;agrupado;todos;2;treino;1063;B3_CD202_IRRIG_REPROD00007.asd;B3;CD202;IRRIG;D05M;manha;D05
svm;agrupado;todos;2;treino;1064;B3_CD202_NIRRIG_REPROD00000.asd;B3;CD202;NIRRIG;D05M;manha;D05
svm;agrupado;todos;2;treino;1065;B3_CD202_NIRRIG_REPROD00001.asd;B3;CD202;NIRRIG;D05M;manha;D05
svm;agrupado;todos;2;treino;1066;B3_CD202_NIRRIG_REPROD00002.asd;B3;CD202;NIRRIG;D05M;manha;D05
svm;agrupado;todos;2;treino;1067;B3_CD202_NIRRIG_REPROD00003.asd;B3;CD202;NIRRIG;D05M;manha;D05
svm;agrupado;todos;2;treino;1069;B3_CD202_NIRRIG_REPROD00005.asd;B3;CD202;NIRRIG;D05M;manha;D05
svm;agrupado;todos;2;treino;1070;B3_CD202_NIRRIG_REPROD00006.asd;B3;CD202;NIRRIG;D05M;manha;D05
svm;agrupado;todos;2;treino;1071;B3_CD202_NIRRIG_REPROD00007.asd;B3;CD202;NIRRIG;D05M;manha;D05
svm;agrupado;todos;2;treino;1072;B4_CD202_IRRIG_REPROD00000.asd;B4;CD202;IRRIG;D05M;manha;D05
svm;agrupado;todos;2;treino;1073;B4_CD202_IRRIG_REPROD00001.asd;B4;CD202;IRRIG;D05M;manha;D05
svm;agrupado;todos;2;treino;1074;B4_CD202_IRRIG_REPROD00002.asd;B4;CD202;IRRIG;D05M;manha;D05
svm;agrupado;todos;2;treino;1075;B4_CD202_IRRIG_REPROD00003.asd;B4;CD202;IRRIG;D05M;manha;D05
svm;agrupado;todos;2;treino;1076;B4_CD202_IRRIG_REPROD00004.asd;B4;CD202;IRRIG;D05M;manha;D05
svm;agrupado;todos;2;treino;1077;B4_CD202_IRRIG_REPROD00005.asd;B4;CD202;IRRIG;D05M;manha;D05
svm;agrupado;todos;2;treino;1078;B4_CD202_IRRIG_REPROD00006.asd;B4;CD202;IRRIG;D05M;manha;D05
svm;agrupado;todos;2;treino;1079;B4_CD202_IRRIG_REPROD00007.asd;B4;CD202;IRRIG;D05M;manha;D05
svm;agrupado;todos;2;treino;1081;B4_CD202_NIRRIG_REPROD00001.asd;B4;CD202;NIRRIG;D05M;manha;D05
svm;agrupado;todos;2;treino;1082;B4_CD202_NIRRIG_REPROD00002.asd;B4;CD202;NIRRIG;D05M;manha;D05
svm;agrupado;todos;2;treino;1083;B4_CD202_NIRRIG_REPROD00003.asd;B4;CD202;NIRRIG;D05M;manha;D05
svm;agrupado;todos;2;treino;1084;B4_CD202_NIRRIG_REPROD00004.asd;B4;CD202;NIRRIG;D05M;manha;D05
svm;agrupado;todos;2;treino;1085;B4_CD202_NIRRIG_REPROD00005.asd;B4;CD202;NIRRIG;D05M;manha;D05
svm;agrupado;todos;2;treino;1086;B4_CD202_NIRRIG_REPROD00006.asd;B4;CD202;NIRRIG;D05M;manha;D05
svm;agrupado;todos;2;treino;1087;B4_CD202_NIRRIG_REPROD00007.asd;B4;CD202;NIRRIG;D05M;manha;D05
svm;agrupado;todos;2;treino;1088;B1_EMB48_IRRIG_REPROD00000.asd;B1;EMB48;IRRIG;D05M;manha;D05
svm;agrupado;todos;2;treino;1089;B1_EMB48_IRRIG_REPROD00001.asd;B1;EMB48;IRRIG;D05M;manha;D05
svm;agrupado;todos;2;treino;1090;B1_EMB48_IRRIG_REPROD00002.asd;B1;EMB48;IRRIG;D05M;manha;D05
svm;agrupado;todos;2;treino;1093;B1_EMB48_IRRIG_REPROD00005.asd;B1;EMB48;IRRIG;D05M;manha;D05
svm;agrupado;todos;2;treino;1094;B1_EMB48_IRRIG_REPROD00006.asd;B1;EMB48;IRRIG;D05M;manha;D05
svm;agrupado;todos;2;treino;1097;B1_EMB48_NIRRIG_REPROD00001.asd;B1;EMB48;NIRRIG;D05M;manha;D05
svm;agrupado;todos;2;treino;1098;B1_EMB48_NIRRIG_REPROD00002.asd;B1;EMB48;NIRRIG;D05M;manha;D05
svm;agrupado;todos;2;treino;1099;B1_EMB48_NIRRIG_REPROD00003.asd;B1;EMB48;NIRRIG;D05M;manha;D05
svm;agrupado;todos;2;treino;1100;B1_EMB48_NIRRIG_REPROD00004.asd;B1;EMB48;NIRRIG;D05M;manha;D05
svm;agrupado;todos;2;treino;1101;B1_EMB48_NIRRIG_REPROD00005.asd;B1;EMB48;NIRRIG;D05M;manha;D05
svm;agrupado;todos;2;treino;1102;B1_EMB48_NIRRIG_REPROD00006.asd;B1;EMB48;NIRRIG;D05M;manha;D05
svm;agrupado;todos;2;treino;1103;B1_EMB48_NIRRIG_REPROD00007.asd;B1;EMB48;NIRRIG;D05M;manha;D05
svm;agrupado;todos;2;treino;1104;B2_EMB48_IRRIG_REPROD00000.asd;B2;EMB48;IRRIG;D05M;manha;D05
svm;agrupado;todos;2;treino;1105;B2_EMB48_IRRIG_REPROD00001.asd;B2;EMB48;IRRIG;D05M;manha;D05
svm;agrupado;todos;2;treino;1107;B2_EMB48_IRRIG_REPROD00003.asd;B2;EMB48;IRRIG;D05M;manha;D05
svm;agrupado;todos;2;treino;1108;B2_EMB48_IRRIG_REPROD00004.asd;B2;EMB48;IRRIG;D05M;manha;D05
svm;agrupado;todos;2;treino;1109;B2_EMB48_IRRIG_REPROD00005.asd;B2;EMB48;IRRIG;D05M;manha;D05
svm;agrupado;todos;2;treino;1110;B2_EMB48_IRRIG_REPROD00006.asd;B2;EMB48;IRRIG;D05M;manha;D05
svm;agrupado;todos;2;treino;1112;B2_EMB48_NIRRIG_REPROD00000.asd;B2;EMB48;NIRRIG;D05M;manha;D05
svm;agrupado;todos;2;treino;1113;B2_EMB48_NIRRIG_REPROD00001.asd;B2;EMB48;NIRRIG;D05M;manha;D05
svm;agrupado;todos;2;treino;1114;B2_EMB48_NIRRIG_REPROD00002.asd;B2;EMB48;NIRRIG;D05M;manha;D05
svm;agrupado;todos;2;treino;1115;B2_EMB48_NIRRIG_REPROD00003.asd;B2;EMB48;NIRRIG;D05M;manha;D05
svm;agrupado;todos;2;treino;1116;B2_EMB48_NIRRIG_REPROD00004.asd;B2;EMB48;NIRRIG;D05M;manha;D05
svm;agrupado;todos;2;treino;1117;B2_EMB48_NIRRIG_REPROD00005.asd;B2;EMB48;NIRRIG;D05M;manha;D05
svm;agrupado;todos;2;treino;1118;B2_EMB48_NIRRIG_REPROD00006.asd;B2;EMB48;NIRRIG;D05M;manha;D05
svm;agrupado;todos;2;treino;1120;B3_EMB48_IRRIG_REPROD00000.asd;B3;EMB48;IRRIG;D05M;manha;D05
svm;agrupado;todos;2;treino;1121;B3_EMB48_IRRIG_REPROD00001.asd;B3;EMB48;IRRIG;D05M;manha;D05
svm;agrupado;todos;2;treino;1122;B3_EMB48_IRRIG_REPROD00002.asd;B3;EMB48;IRRIG;D05M;manha;D05
svm;agrupado;todos;2;treino;1123;B3_EMB48_IRRIG_REPROD00003.asd;B3;EMB48;IRRIG;D05M;manha;D05
svm;agrupado;todos;2;treino;1124;B3_EMB48_IRRIG_REPROD00004.asd;B3;EMB48;IRRIG;D05M;manha;D05
svm;agrupado;todos;2;treino;1125;B3_EMB48_IRRIG_REPROD00005.asd;B3;EMB48;IRRIG;D05M;manha;D05
svm;agrupado;todos;2;treino;1126;B3_EMB48_IRRIG_REPROD00006.asd;B3;EMB48;IRRIG;D05M;manha;D05
svm;agrupado;todos;2;treino;1130;B3_EMB48_NIRRIG_REPROD00002.asd;B3;EMB48;NIRRIG;D05M;manha;D05
svm;agrupado;todos;2;treino;1131;B3_EMB48_NIRRIG_REPROD00003.asd;B3;EMB48;NIRRIG;D05M;manha;D05
svm;agrupado;todos;2;treino;1133;B3_EMB48_NIRRIG_REPROD00005.asd;B3;EMB48;NIRRIG;D05M;manha;D05
svm;agrupado;todos;2;treino;1134;B3_EMB48_NIRRIG_REPROD00006.asd;B3;EMB48;NIRRIG;D05M;manha;D05
svm;agrupado;todos;2;treino;1135;B3_EMB48_NIRRIG_REPROD00007.asd;B3;EMB48;NIRRIG;D05M;manha;D05
svm;agrupado;todos;2;treino;1136;B4_EMB48_IRRIG_REPROD00000.asd;B4;EMB48;IRRIG;D05M;manha;D05
svm;agrupado;todos;2;treino;1137;B4_EMB48_IRRIG_REPROD00001.asd;B4;EMB48;IRRIG;D05M;manha;D05
svm;agrupado;todos;2;treino;1138;B4_EMB48_IRRIG_REPROD00002.asd;B4;EMB48;IRRIG;D05M;manha;D05
svm;agrupado;todos;2;treino;1139;B4_EMB48_IRRIG_REPROD00003.asd;B4;EMB48;IRRIG;D05M;manha;D05
svm;agrupado;todos;2;treino;1140;B4_EMB48_IRRIG_REPROD00004.asd;B4;EMB48;IRRIG;D05M;manha;D05
svm;agrupado;todos;2;treino;1141;B4_EMB48_IRRIG_REPROD00005.asd;B4;EMB48;IRRIG;D05M;manha;D05
svm;agrupado;todos;2;treino;1143;B4_EMB48_IRRIG_REPROD00007.asd;B4;EMB48;IRRIG;D05M;manha;D05
svm;agrupado;todos;2;treino;1144;B4_EMB48_NIRRIG_REPROD00000.asd;B4;EMB48;NIRRIG;D05M;manha;D05
svm;agrupado;todos;2;treino;1146;B4_EMB48_NIRRIG_REPROD00002.asd;B4;EMB48;NIRRIG;D05M;manha;D05
svm;agrupado;todos;2;treino;1148;B4_EMB48_NIRRIG_REPROD00004.asd;B4;EMB48;NIRRIG;D05M;manha;D05
svm;agrupado;todos;2;treino;1149;B4_EMB48_NIRRIG_REPROD00005.asd;B4;EMB48;NIRRIG;D05M;manha;D05
svm;agrupado;todos;2;treino;1150;B4_EMB48_NIRRIG_REPROD00006.asd;B4;EMB48;NIRRIG;D05M;manha;D05
svm;agrupado;todos;2;treino;1151;B4_EMB48_NIRRIG_REPROD00007.asd;B4;EMB48;NIRRIG;D05M;manha;D05
svm;agrupado;todos;2;treino;1152;B1_BR16_IRRIG_REPROD00000.asd;B1;BR16;IRRIG;D06M;manha;D06
svm;agrupado;todos;2;treino;1153;B1_BR16_IRRIG_REPROD00001.asd;B1;BR16;IRRIG;D06M;manha;D06
svm;agrupado;todos;2;treino;1155;B1_BR16_IRRIG_REPROD00003.asd;B1;BR16;IRRIG;D06M;manha;D06
svm;agrupado;todos;2;treino;1156;B1_BR16_IRRIG_REPROD00004.asd;B1;BR16;IRRIG;D06M;manha;D06
svm;agrupado;todos;2;treino;1158;B1_BR16_IRRIG_REPROD00006.asd;B1;BR16;IRRIG;D06M;manha;D06
svm;agrupado;todos;2;treino;1159;B1_BR16_IRRIG_REPROD00007.asd;B1;BR16;IRRIG;D06M;manha;D06
svm;agrupado;todos;2;treino;1160;B1_BR16_NIRRIG_REPROD00000.asd;B1;BR16;NIRRIG;D06M;manha;D06
svm;agrupado;todos;2;treino;1161;B1_BR16_NIRRIG_REPROD00001.asd;B1;BR16;NIRRIG;D06M;manha;D06
svm;agrupado;todos;2;treino;1162;B1_BR16_NIRRIG_REPROD00002.asd;B1;BR16;NIRRIG;D06M;manha;D06
svm;agrupado;todos;2;treino;1164;B1_BR16_NIRRIG_REPROD00004.asd;B1;BR16;NIRRIG;D06M;manha;D06
svm;agrupado;todos;2;treino;1165;B1_BR16_NIRRIG_REPROD00005.asd;B1;BR16;NIRRIG;D06M;manha;D06
svm;agrupado;todos;2;treino;1166;B1_BR16_NIRRIG_REPROD00006.asd;B1;BR16;NIRRIG;D06M;manha;D06
svm;agrupado;todos;2;treino;1168;B2_BR16_IRRIG_REPROD00000.asd;B2;BR16;IRRIG;D06M;manha;D06
svm;agrupado;todos;2;treino;1170;B2_BR16_IRRIG_REPROD00002.asd;B2;BR16;IRRIG;D06M;manha;D06
svm;agrupado;todos;2;treino;1171;B2_BR16_IRRIG_REPROD00003.asd;B2;BR16;IRRIG;D06M;manha;D06
svm;agrupado;todos;2;treino;1172;B2_BR16_IRRIG_REPROD00004.asd;B2;BR16;IRRIG;D06M;manha;D06
svm;agrupado;todos;2;treino;1173;B2_BR16_IRRIG_REPROD00005.asd;B2;BR16;IRRIG;D06M;manha;D06
svm;agrupado;todos;2;treino;1174;B2_BR16_IRRIG_REPROD00006.asd;B2;BR16;IRRIG;D06M;manha;D06
svm;agrupado;todos;2;treino;1175;B2_BR16_IRRIG_REPROD00007.asd;B2;BR16;IRRIG;D06M;manha;D06
svm;agrupado;todos;2;treino;1176;B2_BR16_NIRRIG_REPROD00000.asd;B2;BR16;NIRRIG;D06M;manha;D06
svm;agrupado;todos;2;treino;1177;B2_BR16_NIRRIG_REPROD00001.asd;B2;BR16;NIRRIG;D06M;manha;D06
svm;agrupado;todos;2;treino;1178;B2_BR16_NIRRIG_REPROD00002.asd;B2;BR16;NIRRIG;D06M;manha;D06
svm;agrupado;todos;2;treino;1179;B2_BR16_NIRRIG_REPROD00003.asd;B2;BR16;NIRRIG;D06M;manha;D06
svm;agrupado;todos;2;treino;1180;B2_BR16_NIRRIG_REPROD00004.asd;B2;BR16;NIRRIG;D06M;manha;D06
svm;agrupado;todos;2;treino;1181;B2_BR16_NIRRIG_REPROD00005.asd;B2;BR16;NIRRIG;D06M;manha;D06
svm;agrupado;todos;2;treino;1182;B2_BR16_NIRRIG_REPROD00006.asd;B2;BR16;NIRRIG;D06M;manha;D06
svm;agrupado;todos;2;treino;1183;B2_BR16_NIRRIG_REPROD00007.asd;B2;BR16;NIRRIG;D06M;manha;D06
svm;agrupado;todos;2;treino;1184;B3_BR16_IRRIG_REPROD00000.asd;B3;BR16;IRRIG;D06M;manha;D06
svm;agrupado;todos;2;treino;1185;B3_BR16_IRRIG_REPROD00001.asd;B3;BR16;IRRIG;D06M;manha;D06
svm;agrupado;todos;2;treino;1187;B3_BR16_IRRIG_REPROD00003.asd;B3;BR16;IRRIG;D06M;manha;D06
svm;agrupado;todos;2;treino;1188;B3_BR16_IRRIG_REPROD00004.asd;B3;BR16;IRRIG;D06M;manha;D06
svm;agrupado;todos;2;treino;1189;B3_BR16_IRRIG_REPROD00005.asd;B3;BR16;IRRIG;D06M;manha;D06
svm;agrupado;todos;2;treino;1190;B3_BR16_IRRIG_REPROD00006.asd;B3;BR16;IRRIG;D06M;manha;D06
svm;agrupado;todos;2;treino;1192;B3_BR16_NIRRIG_REPROD00000.asd;B3;BR16;NIRRIG;D06M;manha;D06
svm;agrupado;todos;2;treino;1193;B3_BR16_NIRRIG_REPROD00001.asd;B3;BR16;NIRRIG;D06M;manha;D06
svm;agrupado;todos;2;treino;1194;B3_BR16_NIRRIG_REPROD00002.asd;B3;BR16;NIRRIG;D06M;manha;D06
svm;agrupado;todos;2;treino;1195;B3_BR16_NIRRIG_REPROD00003.asd;B3;BR16;NIRRIG;D06M;manha;D06
svm;agrupado;todos;2;treino;1196;B3_BR16_NIRRIG_REPROD00004.asd;B3;BR16;NIRRIG;D06M;manha;D06
svm;agrupado;todos;2;treino;1197;B3_BR16_NIRRIG_REPROD00005.asd;B3;BR16;NIRRIG;D06M;manha;D06
svm;agrupado;todos;2;treino;1198;B3_BR16_NIRRIG_REPROD00006.asd;B3;BR16;NIRRIG;D06M;manha;D06
svm;agrupado;todos;2;treino;1199;B3_BR16_NIRRIG_REPROD00007.asd;B3;BR16;NIRRIG;D06M;manha;D06
svm;agrupado;todos;2;treino;1200;B4_BR16_IRRIG_REPROD00000.asd;B4;BR16;IRRIG;D06M;manha;D06
svm;agrupado;todos;2;treino;1201;B4_BR16_IRRIG_REPROD00001.asd;B4;BR16;IRRIG;D06M;manha;D06
svm;agrupado;todos;2;treino;1203;B4_BR16_IRRIG_REPROD00003.asd;B4;BR16;IRRIG;D06M;manha;D06
svm;agrupado;todos;2;treino;1204;B4_BR16_IRRIG_REPROD00004.asd;B4;BR16;IRRIG;D06M;manha;D06
svm;agrupado;todos;2;treino;1205;B4_BR16_IRRIG_REPROD00005.asd;B4;BR16;IRRIG;D06M;manha;D06
svm;agrupado;todos;2;treino;1206;B4_BR16_IRRIG_REPROD00006.asd;B4;BR16;IRRIG;D06M;manha;D06
svm;agrupado;todos;2;treino;1207;B4_BR16_IRRIG_REPROD00007.asd;B4;BR16;IRRIG;D06M;manha;D06
svm;agrupado;todos;2;treino;1208;B4_BR16_NIRRIG_REPROD00000.asd;B4;BR16;NIRRIG;D06M;manha;D06
svm;agrupado;todos;2;treino;1209;B4_BR16_NIRRIG_REPROD00001.asd;B4;BR16;NIRRIG;D06M;manha;D06
svm;agrupado;todos;2;treino;1210;B4_BR16_NIRRIG_REPROD00002.asd;B4;BR16;NIRRIG;D06M;manha;D06
svm;agrupado;todos;2;treino;1213;B4_BR16_NIRRIG_REPROD00005.asd;B4;BR16;NIRRIG;D06M;manha;D06
svm;agrupado;todos;2;treino;1214;B4_BR16_NIRRIG_REPROD00006.asd;B4;BR16;NIRRIG;D06M;manha;D06
svm;agrupado;todos;2;treino;1215;B4_BR16_NIRRIG_REPROD00007.asd;B4;BR16;NIRRIG;D06M;manha;D06
svm;agrupado;todos;2;treino;1217;B1_CD202_IRRIG_REPROD00001.asd;B1;CD202;IRRIG;D06M;manha;D06
svm;agrupado;todos;2;treino;1218;B1_CD202_IRRIG_REPROD00002.asd;B1;CD202;IRRIG;D06M;manha;D06
svm;agrupado;todos;2;treino;1219;B1_CD202_IRRIG_REPROD00003.asd;B1;CD202;IRRIG;D06M;manha;D06
svm;agrupado;todos;2;treino;1220;B1_CD202_IRRIG_REPROD00004.asd;B1;CD202;IRRIG;D06M;manha;D06
svm;agrupado;todos;2;treino;1221;B1_CD202_IRRIG_REPROD00005.asd;B1;CD202;IRRIG;D06M;manha;D06
svm;agrupado;todos;2;treino;1222;B1_CD202_IRRIG_REPROD00006.asd;B1;CD202;IRRIG;D06M;manha;D06
svm;agrupado;todos;2;treino;1223;B1_CD202_IRRIG_REPROD00007.asd;B1;CD202;IRRIG;D06M;manha;D06
svm;agrupado;todos;2;treino;1228;B1_CD202_NIRRIG_REPROD00004.asd;B1;CD202;NIRRIG;D06M;manha;D06
svm;agrupado;todos;2;treino;1229;B1_CD202_NIRRIG_REPROD00005.asd;B1;CD202;NIRRIG;D06M;manha;D06
svm;agrupado;todos;2;treino;1230;B1_CD202_NIRRIG_REPROD00006.asd;B1;CD202;NIRRIG;D06M;manha;D06
svm;agrupado;todos;2;treino;1231;B1_CD202_NIRRIG_REPROD00007.asd;B1;CD202;NIRRIG;D06M;manha;D06
svm;agrupado;todos;2;treino;1232;B2_CD202_IRRIG_REPROD00000.asd;B2;CD202;IRRIG;D06M;manha;D06
svm;agrupado;todos;2;treino;1233;B2_CD202_IRRIG_REPROD00001.asd;B2;CD202;IRRIG;D06M;manha;D06
svm;agrupado;todos;2;treino;1236;B2_CD202_IRRIG_REPROD00004.asd;B2;CD202;IRRIG;D06M;manha;D06
svm;agrupado;todos;2;treino;1237;B2_CD202_IRRIG_REPROD00005.asd;B2;CD202;IRRIG;D06M;manha;D06
svm;agrupado;todos;2;treino;1238;B2_CD202_IRRIG_REPROD00006.asd;B2;CD202;IRRIG;D06M;manha;D06
svm;agrupado;todos;2;treino;1239;B2_CD202_IRRIG_REPROD00007.asd;B2;CD202;IRRIG;D06M;manha;D06
svm;agrupado;todos;2;treino;1240;B2_CD202_NIRRIG_REPROD00000.asd;B2;CD202;NIRRIG;D06M;manha;D06
svm;agrupado;todos;2;treino;1242;B2_CD202_NIRRIG_REPROD00002.asd;B2;CD202;NIRRIG;D06M;manha;D06
svm;agrupado;todos;2;treino;1243;B2_CD202_NIRRIG_REPROD00003.asd;B2;CD202;NIRRIG;D06M;manha;D06
svm;agrupado;todos;2;treino;1245;B2_CD202_NIRRIG_REPROD00005.asd;B2;CD202;NIRRIG;D06M;manha;D06
svm;agrupado;todos;2;treino;1246;B2_CD202_NIRRIG_REPROD00006.asd;B2;CD202;NIRRIG;D06M;manha;D06
svm;agrupado;todos;2;treino;1247;B2_CD202_NIRRIG_REPROD00007.asd;B2;CD202;NIRRIG;D06M;manha;D06
svm;agrupado;todos;2;treino;1248;B3_CD202_IRRIG_REPROD00000.asd;B3;CD202;IRRIG;D06M;manha;D06
svm;agrupado;todos;2;treino;1250;B3_CD202_IRRIG_REPROD00002.asd;B3;CD202;IRRIG;D06M;manha;D06
svm;agrupado;todos;2;treino;1252;B3_CD202_IRRIG_REPROD00004.asd;B3;CD202;IRRIG;D06M;manha;D06
svm;agrupado;todos;2;treino;1253;B3_CD202_IRRIG_REPROD00005.asd;B3;CD202;IRRIG;D06M;manha;D06
svm;agrupado;todos;2;treino;1255;B3_CD202_IRRIG_REPROD00007.asd;B3;CD202;IRRIG;D06M;manha;D06
svm;agrupado;todos;2;treino;1256;B3_CD202_NIRRIG_REPROD00000.asd;B3;CD202;NIRRIG;D06M;manha;D06
svm;agrupado;todos;2;treino;1257;B3_CD202_NIRRIG_REPROD00001.asd;B3;CD202;NIRRIG;D06M;manha;D06
svm;agrupado;todos;2;treino;1258;B3_CD202_NIRRIG_REPROD00002.asd;B3;CD202;NIRRIG;D06M;manha;D06
svm;agrupado;todos;2;treino;1259;B3_CD202_NIRRIG_REPROD00003.asd;B3;CD202;NIRRIG;D06M;manha;D06
svm;agrupado;todos;2;treino;1261;B3_CD202_NIRRIG_REPROD00005.asd;B3;CD202;NIRRIG;D06M;manha;D06
svm;agrupado;todos;2;treino;1262;B3_CD202_NIRRIG_REPROD00006.asd;B3;CD202;NIRRIG;D06M;manha;D06
svm;agrupado;todos;2;treino;1263;B3_CD202_NIRRIG_REPROD00007.asd;B3;CD202;NIRRIG;D06M;manha;D06
svm;agrupado;todos;2;treino;1264;B4_CD202_IRRIG_REPROD00000.asd;B4;CD202;IRRIG;D06M;manha;D06
svm;agrupado;todos;2;treino;1265;B4_CD202_IRRIG_REPROD00001.asd;B4;CD202;IRRIG;D06M;manha;D06
svm;agrupado;todos;2;treino;1266;B4_CD202_IRRIG_REPROD00002.asd;B4;CD202;IRRIG;D06M;manha;D06
svm;agrupado;todos;2;treino;1267;B4_CD202_IRRIG_REPROD00003.asd;B4;CD202;IRRIG;D06M;manha;D06
svm;agrupado;todos;2;treino;1268;B4_CD202_IRRIG_REPROD00004.asd;B4;CD202;IRRIG;D06M;manha;D06
svm;agrupado;todos;2;treino;1269;B4_CD202_IRRIG_REPROD00005.asd;B4;CD202;IRRIG;D06M;manha;D06
svm;agrupado;todos;2;treino;1270;B4_CD202_IRRIG_REPROD00006.asd;B4;CD202;IRRIG;D06M;manha;D06
svm;agrupado;todos;2;treino;1271;B4_CD202_IRRIG_REPROD00007.asd;B4;CD202;IRRIG;D06M;manha;D06
svm;agrupado;todos;2;treino;1273;B4_CD202_NIRRIG_REPROD00001.asd;B4;CD202;NIRRIG;D06M;manha;D06
svm;agrupado;todos;2;treino;1274;B4_CD202_NIRRIG_REPROD00002.asd;B4;CD202;NIRRIG;D06M;manha;D06
svm;agrupado;todos;2;treino;1275;B4_CD202_NIRRIG_REPROD00003.asd;B4;CD202;NIRRIG;D06M;manha;D06
svm;agrupado;todos;2;treino;1276;B4_CD202_NIRRIG_REPROD00004.asd;B4;CD202;NIRRIG;D06M;manha;D06
svm;agrupado;todos;2;treino;1277;B4_CD202_NIRRIG_REPROD00005.asd;B4;CD202;NIRRIG;D06M;manha;D06
svm;agrupado;todos;2;treino;1278;B4_CD202_NIRRIG_REPROD00006.asd;B4;CD202;NIRRIG;D06M;manha;D06
svm;agrupado;todos;2;treino;1279;B4_CD202_NIRRIG_REPROD00007.asd;B4;CD202;NIRRIG;D06M;manha;D06
svm;agrupado;todos;2;treino;1280;B1_EMB48_IRRIG_REPROD00000.asd;B1;EMB48;IRRIG;D06M;manha;D06
svm;agrupado;todos;2;treino;1281;B1_EMB48_IRRIG_REPROD00001.asd;B1;EMB48;IRRIG;D06M;manha;D06
svm;agrupado;todos;2;treino;1282;B1_EMB48_IRRIG_REPROD00002.asd;B1;EMB48;IRRIG;D06M;manha;D06
svm;agrupado;todos;2;treino;1285;B1_EMB48_IRRIG_REPROD00005.asd;B1;EMB48;IRRIG;D06M;manha;D06
svm;agrupado;todos;2;treino;1286;B1_EMB48_IRRIG_REPROD00006.asd;B1;EMB48;IRRIG;D06M;manha;D06
svm;agrupado;todos;2;treino;1289;B1_EMB48_NIRRIG_REPROD00001.asd;B1;EMB48;NIRRIG;D06M;manha;D06
svm;agrupado;todos;2;treino;1290;B1_EMB48_NIRRIG_REPROD00002.asd;B1;EMB48;NIRRIG;D06M;manha;D06
svm;agrupado;todos;2;treino;1291;B1_EMB48_NIRRIG_REPROD00003.asd;B1;EMB48;NIRRIG;D06M;manha;D06
svm;agrupado;todos;2;treino;1292;B1_EMB48_NIRRIG_REPROD00004.asd;B1;EMB48;NIRRIG;D06M;manha;D06
svm;agrupado;todos;2;treino;1293;B1_EMB48_NIRRIG_REPROD00005.asd;B1;EMB48;NIRRIG;D06M;manha;D06
svm;agrupado;todos;2;treino;1294;B1_EMB48_NIRRIG_REPROD00006.asd;B1;EMB48;NIRRIG;D06M;manha;D06
svm;agrupado;todos;2;treino;1295;B1_EMB48_NIRRIG_REPROD00007.asd;B1;EMB48;NIRRIG;D06M;manha;D06
svm;agrupado;todos;2;treino;1296;B2_EMB48_IRRIG_REPROD00000.asd;B2;EMB48;IRRIG;D06M;manha;D06
svm;agrupado;todos;2;treino;1297;B2_EMB48_IRRIG_REPROD00001.asd;B2;EMB48;IRRIG;D06M;manha;D06
svm;agrupado;todos;2;treino;1299;B2_EMB48_IRRIG_REPROD00003.asd;B2;EMB48;IRRIG;D06M;manha;D06
svm;agrupado;todos;2;treino;1300;B2_EMB48_IRRIG_REPROD00004.asd;B2;EMB48;IRRIG;D06M;manha;D06
svm;agrupado;todos;2;treino;1301;B2_EMB48_IRRIG_REPROD00005.asd;B2;EMB48;IRRIG;D06M;manha;D06
svm;agrupado;todos;2;treino;1302;B2_EMB48_IRRIG_REPROD00006.asd;B2;EMB48;IRRIG;D06M;manha;D06
svm;agrupado;todos;2;treino;1304;B2_EMB48_NIRRIG_REPROD00000.asd;B2;EMB48;NIRRIG;D06M;manha;D06
svm;agrupado;todos;2;treino;1305;B2_EMB48_NIRRIG_REPROD00001.asd;B2;EMB48;NIRRIG;D06M;manha;D06
svm;agrupado;todos;2;treino;1306;B2_EMB48_NIRRIG_REPROD00002.asd;B2;EMB48;NIRRIG;D06M;manha;D06
svm;agrupado;todos;2;treino;1307;B2_EMB48_NIRRIG_REPROD00003.asd;B2;EMB48;NIRRIG;D06M;manha;D06
svm;agrupado;todos;2;treino;1308;B2_EMB48_NIRRIG_REPROD00004.asd;B2;EMB48;NIRRIG;D06M;manha;D06
svm;agrupado;todos;2;treino;1309;B2_EMB48_NIRRIG_REPROD00005.asd;B2;EMB48;NIRRIG;D06M;manha;D06
svm;agrupado;todos;2;treino;1310;B2_EMB48_NIRRIG_REPROD00006.asd;B2;EMB48;NIRRIG;D06M;manha;D06
svm;agrupado;todos;2;treino;1312;B3_EMB48_IRRIG_REPROD00000.asd;B3;EMB48;IRRIG;D06M;manha;D06
svm;agrupado;todos;2;treino;1313;B3_EMB48_IRRIG_REPROD00001.asd;B3;EMB48;IRRIG;D06M;manha;D06
svm;agrupado;todos;2;treino;1314;B3_EMB48_IRRIG_REPROD00002.asd;B3;EMB48;IRRIG;D06M;manha;D06
svm;agrupado;todos;2;treino;1315;B3_EMB48_IRRIG_REPROD00003.asd;B3;EMB48;IRRIG;D06M;manha;D06
svm;agrupado;todos;2;treino;1316;B3_EMB48_IRRIG_REPROD00004.asd;B3;EMB48;IRRIG;D06M;manha;D06
svm;agrupado;todos;2;treino;1317;B3_EMB48_IRRIG_REPROD00005.asd;B3;EMB48;IRRIG;D06M;manha;D06
svm;agrupado;todos;2;treino;1318;B3_EMB48_IRRIG_REPROD00006.asd;B3;EMB48;IRRIG;D06M;manha;D06
svm;agrupado;todos;2;treino;1322;B3_EMB48_NIRRIG_REPROD00002.asd;B3;EMB48;NIRRIG;D06M;manha;D06
svm;agrupado;todos;2;treino;1323;B3_EMB48_NIRRIG_REPROD00003.asd;B3;EMB48;NIRRIG;D06M;manha;D06
svm;agrupado;todos;2;treino;1325;B3_EMB48_NIRRIG_REPROD00005.asd;B3;EMB48;NIRRIG;D06M;manha;D06
svm;agrupado;todos;2;treino;1326;B3_EMB48_NIRRIG_REPROD00006.asd;B3;EMB48;NIRRIG;D06M;manha;D06
svm;agrupado;todos;2;treino;1327;B3_EMB48_NIRRIG_REPROD00007.asd;B3;EMB48;NIRRIG;D06M;manha;D06
svm;agrupado;todos;2;treino;1328;B4_EMB48_IRRIG_REPROD00000.asd;B4;EMB48;IRRIG;D06M;manha;D06
svm;agrupado;todos;2;treino;1329;B4_EMB48_IRRIG_REPROD00001.asd;B4;EMB48;IRRIG;D06M;manha;D06
svm;agrupado;todos;2;treino;1330;B4_EMB48_IRRIG_REPROD00002.asd;B4;EMB48;IRRIG;D06M;manha;D06
svm;agrupado;todos;2;treino;1331;B4_EMB48_IRRIG_REPROD00003.asd;B4;EMB48;IRRIG;D06M;manha;D06
svm;agrupado;todos;2;treino;1332;B4_EMB48_IRRIG_REPROD00004.asd;B4;EMB48;IRRIG;D06M;manha;D06
svm;agrupado;todos;2;treino;1333;B4_EMB48_IRRIG_REPROD00005.asd;B4;EMB48;IRRIG;D06M;manha;D06
svm;agrupado;todos;2;treino;1335;B4_EMB48_IRRIG_REPROD00007.asd;B4;EMB48;IRRIG;D06M;manha;D06
svm;agrupado;todos;2;treino;1336;B4_EMB48_NIRRIG_REPROD00000.asd;B4;EMB48;NIRRIG;D06M;manha;D06
svm;agrupado;todos;2;treino;1338;B4_EMB48_NIRRIG_REPROD00002.asd;B4;EMB48;NIRRIG;D06M;manha;D06
svm;agrupado;todos;2;treino;1340;B4_EMB48_NIRRIG_REPROD00004.asd;B4;EMB48;NIRRIG;D06M;manha;D06
svm;agrupado;todos;2;treino;1341;B4_EMB48_NIRRIG_REPROD00005.asd;B4;EMB48;NIRRIG;D06M;manha;D06
svm;agrupado;todos;2;treino;1342;B4_EMB48_NIRRIG_REPROD00006.asd;B4;EMB48;NIRRIG;D06M;manha;D06
svm;agrupado;todos;2;treino;1343;B4_EMB48_NIRRIG_REPROD00007.asd;B4;EMB48;NIRRIG;D06M;manha;D06
svm;agrupado;todos;2;treino;1344;B1_BR16_IRR_REP_RECUP00000.asd;B1;BR16;IRRIG;D09M;manha;D09
svm;agrupado;todos;2;treino;1345;B1_BR16_IRR_REP_RECUP00001.asd;B1;BR16;IRRIG;D09M;manha;D09
svm;agrupado;todos;2;treino;1347;B1_BR16_IRR_REP_RECUP00003.asd;B1;BR16;IRRIG;D09M;manha;D09
svm;agrupado;todos;2;treino;1348;B1_BR16_IRR_REP_RECUP00004.asd;B1;BR16;IRRIG;D09M;manha;D09
svm;agrupado;todos;2;treino;1349;B1_BR16_IRR_REP_RECUP00005.asd;B1;BR16;IRRIG;D09M;manha;D09
svm;agrupado;todos;2;treino;1350;B1_BR16_IRR_REP_RECUP00006.asd;B1;BR16;IRRIG;D09M;manha;D09
svm;agrupado;todos;2;treino;1352;B1_BR16_NIRR_REP_RECUP00000.asd;B1;BR16;NIRRIG;D09M;manha;D09
svm;agrupado;todos;2;treino;1353;B1_BR16_NIRR_REP_RECUP00001.asd;B1;BR16;NIRRIG;D09M;manha;D09
svm;agrupado;todos;2;treino;1354;B1_BR16_NIRR_REP_RECUP00002.asd;B1;BR16;NIRRIG;D09M;manha;D09
svm;agrupado;todos;2;treino;1355;B1_BR16_NIRR_REP_RECUP00003.asd;B1;BR16;NIRRIG;D09M;manha;D09
svm;agrupado;todos;2;treino;1356;B1_BR16_NIRR_REP_RECUP00004.asd;B1;BR16;NIRRIG;D09M;manha;D09
svm;agrupado;todos;2;treino;1357;B1_BR16_NIRR_REP_RECUP00005.asd;B1;BR16;NIRRIG;D09M;manha;D09
svm;agrupado;todos;2;treino;1358;B1_BR16_NIRR_REP_RECUP00006.asd;B1;BR16;NIRRIG;D09M;manha;D09
svm;agrupado;todos;2;treino;1360;B2_BR16_IRR_REP_RECUP00000.asd;B2;BR16;IRRIG;D09M;manha;D09
svm;agrupado;todos;2;treino;1361;B2_BR16_IRR_REP_RECUP00001.asd;B2;BR16;IRRIG;D09M;manha;D09
svm;agrupado;todos;2;treino;1363;B2_BR16_IRR_REP_RECUP00003.asd;B2;BR16;IRRIG;D09M;manha;D09
svm;agrupado;todos;2;treino;1364;B2_BR16_IRR_REP_RECUP00004.asd;B2;BR16;IRRIG;D09M;manha;D09
svm;agrupado;todos;2;treino;1365;B2_BR16_IRR_REP_RECUP00005.asd;B2;BR16;IRRIG;D09M;manha;D09
svm;agrupado;todos;2;treino;1366;B2_BR16_IRR_REP_RECUP00006.asd;B2;BR16;IRRIG;D09M;manha;D09
svm;agrupado;todos;2;treino;1368;B2_BR16_NIRR_REP_RECUP00000.asd;B2;BR16;NIRRIG;D09M;manha;D09
svm;agrupado;todos;2;treino;1370;B2_BR16_NIRR_REP_RECUP00002.asd;B2;BR16;NIRRIG;D09M;manha;D09
svm;agrupado;todos;2;treino;1371;B2_BR16_NIRR_REP_RECUP00003.asd;B2;BR16;NIRRIG;D09M;manha;D09
svm;agrupado;todos;2;treino;1372;B2_BR16_NIRR_REP_RECUP00004.asd;B2;BR16;NIRRIG;D09M;manha;D09
svm;agrupado;todos;2;treino;1373;B2_BR16_NIRR_REP_RECUP00005.asd;B2;BR16;NIRRIG;D09M;manha;D09
svm;agrupado;todos;2;treino;1374;B2_BR16_NIRR_REP_RECUP00006.asd;B2;BR16;NIRRIG;D09M;manha;D09
svm;agrupado;todos;2;treino;1375;B2_BR16_NIRR_REP_RECUP00007.asd;B2;BR16;NIRRIG;D09M;manha;D09
svm;agrupado;todos;2;treino;1376;B3_BR16_IRR_REP_RECUP00000.asd;B3;BR16;IRRIG;D09M;manha;D09
svm;agrupado;todos;2;treino;1377;B3_BR16_IRR_REP_RECUP00001.asd;B3;BR16;IRRIG;D09M;manha;D09
svm;agrupado;todos;2;treino;1379;B3_BR16_IRR_REP_RECUP00003.asd;B3;BR16;IRRIG;D09M;manha;D09
svm;agrupado;todos;2;treino;1380;B3_BR16_IRR_REP_RECUP00004.asd;B3;BR16;IRRIG;D09M;manha;D09
svm;agrupado;todos;2;treino;1382;B3_BR16_IRR_REP_RECUP00006.asd;B3;BR16;IRRIG;D09M;manha;D09
svm;agrupado;todos;2;treino;1384;B3_BR16_NIRR_REP_RECUP00000.asd;B3;BR16;NIRRIG;D09M;manha;D09
svm;agrupado;todos;2;treino;1385;B3_BR16_NIRR_REP_RECUP00001.asd;B3;BR16;NIRRIG;D09M;manha;D09
svm;agrupado;todos;2;treino;1387;B3_BR16_NIRR_REP_RECUP00003.asd;B3;BR16;NIRRIG;D09M;manha;D09
svm;agrupado;todos;2;treino;1388;B3_BR16_NIRR_REP_RECUP00004.asd;B3;BR16;NIRRIG;D09M;manha;D09
svm;agrupado;todos;2;treino;1391;B3_BR16_NIRR_REP_RECUP00007.asd;B3;BR16;NIRRIG;D09M;manha;D09
svm;agrupado;todos;2;treino;1392;B4_BR16_IRR_REP_RECUP00000.asd;B4;BR16;IRRIG;D09M;manha;D09
svm;agrupado;todos;2;treino;1393;B4_BR16_IRR_REP_RECUP00001.asd;B4;BR16;IRRIG;D09M;manha;D09
svm;agrupado;todos;2;treino;1394;B4_BR16_IRR_REP_RECUP00002.asd;B4;BR16;IRRIG;D09M;manha;D09
svm;agrupado;todos;2;treino;1395;B4_BR16_IRR_REP_RECUP00003.asd;B4;BR16;IRRIG;D09M;manha;D09
svm;agrupado;todos;2;treino;1397;B4_BR16_IRR_REP_RECUP00005.asd;B4;BR16;IRRIG;D09M;manha;D09
svm;agrupado;todos;2;treino;1398;B4_BR16_IRR_REP_RECUP00006.asd;B4;BR16;IRRIG;D09M;manha;D09
svm;agrupado;todos;2;treino;1399;B4_BR16_IRR_REP_RECUP00007.asd;B4;BR16;IRRIG;D09M;manha;D09
svm;agrupado;todos;2;treino;1400;B4_BR16_NIRR_REP_RECUP00000.asd;B4;BR16;NIRRIG;D09M;manha;D09
svm;agrupado;todos;2;treino;1401;B4_BR16_NIRR_REP_RECUP00001.asd;B4;BR16;NIRRIG;D09M;manha;D09
svm;agrupado;todos;2;treino;1402;B4_BR16_NIRR_REP_RECUP00002.asd;B4;BR16;NIRRIG;D09M;manha;D09
svm;agrupado;todos;2;treino;1403;B4_BR16_NIRR_REP_RECUP00003.asd;B4;BR16;NIRRIG;D09M;manha;D09
svm;agrupado;todos;2;treino;1405;B4_BR16_NIRR_REP_RECUP00005.asd;B4;BR16;NIRRIG;D09M;manha;D09
svm;agrupado;todos;2;treino;1406;B4_BR16_NIRR_REP_RECUP00006.asd;B4;BR16;NIRRIG;D09M;manha;D09
svm;agrupado;todos;2;treino;1407;B4_BR16_NIRR_REP_RECUP00007.asd;B4;BR16;NIRRIG;D09M;manha;D09
svm;agrupado;todos;2;treino;1408;B1_CD202_IRR_REP_RECUP00000.asd;B1;CD202;IRRIG;D09M;manha;D09
svm;agrupado;todos;2;treino;1409;B1_CD202_IRR_REP_RECUP00001.asd;B1;CD202;IRRIG;D09M;manha;D09
svm;agrupado;todos;2;treino;1410;B1_CD202_IRR_REP_RECUP00002.asd;B1;CD202;IRRIG;D09M;manha;D09
svm;agrupado;todos;2;treino;1412;B1_CD202_IRR_REP_RECUP00004.asd;B1;CD202;IRRIG;D09M;manha;D09
svm;agrupado;todos;2;treino;1413;B1_CD202_IRR_REP_RECUP00005.asd;B1;CD202;IRRIG;D09M;manha;D09
svm;agrupado;todos;2;treino;1415;B1_CD202_IRR_REP_RECUP00007.asd;B1;CD202;IRRIG;D09M;manha;D09
svm;agrupado;todos;2;treino;1416;B1_CD202_IRR_REP_RECUP00008.asd;B1;CD202;IRRIG;D09M;manha;D09
svm;agrupado;todos;2;treino;1417;B1_CD202_IRR_REP_RECUP00009.asd;B1;CD202;IRRIG;D09M;manha;D09
svm;agrupado;todos;2;treino;1418;B1_CD202_IRR_REP_RECUP00010.asd;B1;CD202;IRRIG;D09M;manha;D09
svm;agrupado;todos;2;treino;1419;B1_CD202_IRR_REP_RECUP00011.asd;B1;CD202;IRRIG;D09M;manha;D09
svm;agrupado;todos;2;treino;1420;B1_CD202_NIRR_REP_RECUP00000.asd;B1;CD202;NIRRIG;D09M;manha;D09
svm;agrupado;todos;2;treino;1421;B1_CD202_NIRR_REP_RECUP00001.asd;B1;CD202;NIRRIG;D09M;manha;D09
svm;agrupado;todos;2;treino;1423;B1_CD202_NIRR_REP_RECUP00003.asd;B1;CD202;NIRRIG;D09M;manha;D09
svm;agrupado;todos;2;treino;1424;B1_CD202_NIRR_REP_RECUP00004.asd;B1;CD202;NIRRIG;D09M;manha;D09
svm;agrupado;todos;2;treino;1425;B1_CD202_NIRR_REP_RECUP00005.asd;B1;CD202;NIRRIG;D09M;manha;D09
svm;agrupado;todos;2;treino;1427;B1_CD202_NIRR_REP_RECUP00007.asd;B1;CD202;NIRRIG;D09M;manha;D09
svm;agrupado;todos;2;treino;1428;B2_CD202_IRR_REP_RECUP00000.asd;B2;CD202;IRRIG;D09M;manha;D09
svm;agrupado;todos;2;treino;1429;B2_CD202_IRR_REP_RECUP00001.asd;B2;CD202;IRRIG;D09M;manha;D09
svm;agrupado;todos;2;treino;1430;B2_CD202_IRR_REP_RECUP00002.asd;B2;CD202;IRRIG;D09M;manha;D09
svm;agrupado;todos;2;treino;1432;B2_CD202_IRR_REP_RECUP00004.asd;B2;CD202;IRRIG;D09M;manha;D09
svm;agrupado;todos;2;treino;1433;B2_CD202_IRR_REP_RECUP00005.asd;B2;CD202;IRRIG;D09M;manha;D09
svm;agrupado;todos;2;treino;1434;B2_CD202_IRR_REP_RECUP00006.asd;B2;CD202;IRRIG;D09M;manha;D09
svm;agrupado;todos;2;treino;1435;B2_CD202_IRR_REP_RECUP00007.asd;B2;CD202;IRRIG;D09M;manha;D09
svm;agrupado;todos;2;treino;1436;B2_CD202_NIRR_REP_RECUP00000.asd;B2;CD202;NIRRIG;D09M;manha;D09
svm;agrupado;todos;2;treino;1437;B2_CD202_NIRR_REP_RECUP00001.asd;B2;CD202;NIRRIG;D09M;manha;D09
svm;agrupado;todos;2;treino;1438;B2_CD202_NIRR_REP_RECUP00002.asd;B2;CD202;NIRRIG;D09M;manha;D09
svm;agrupado;todos;2;treino;1439;B2_CD202_NIRR_REP_RECUP00003.asd;B2;CD202;NIRRIG;D09M;manha;D09
svm;agrupado;todos;2;treino;1440;B2_CD202_NIRR_REP_RECUP00004.asd;B2;CD202;NIRRIG;D09M;manha;D09
svm;agrupado;todos;2;treino;1441;B2_CD202_NIRR_REP_RECUP00005.asd;B2;CD202;NIRRIG;D09M;manha;D09
svm;agrupado;todos;2;treino;1442;B2_CD202_NIRR_REP_RECUP00006.asd;B2;CD202;NIRRIG;D09M;manha;D09
svm;agrupado;todos;2;treino;1444;B3_CD202_IRR_REP_RECUP00000.asd;B3;CD202;IRRIG;D09M;manha;D09
svm;agrupado;todos;2;treino;1445;B3_CD202_IRR_REP_RECUP00001.asd;B3;CD202;IRRIG;D09M;manha;D09
svm;agrupado;todos;2;treino;1447;B3_CD202_IRR_REP_RECUP00003.asd;B3;CD202;IRRIG;D09M;manha;D09
svm;agrupado;todos;2;treino;1449;B3_CD202_IRR_REP_RECUP00005.asd;B3;CD202;IRRIG;D09M;manha;D09
svm;agrupado;todos;2;treino;1450;B3_CD202_IRR_REP_RECUP00006.asd;B3;CD202;IRRIG;D09M;manha;D09
svm;agrupado;todos;2;treino;1452;B3_CD202_NIRR_REP_RECUP00000.asd;B3;CD202;NIRRIG;D09M;manha;D09
svm;agrupado;todos;2;treino;1453;B3_CD202_NIRR_REP_RECUP00001.asd;B3;CD202;NIRRIG;D09M;manha;D09
svm;agrupado;todos;2;treino;1454;B3_CD202_NIRR_REP_RECUP00002.asd;B3;CD202;NIRRIG;D09M;manha;D09
svm;agrupado;todos;2;treino;1455;B3_CD202_NIRR_REP_RECUP00003.asd;B3;CD202;NIRRIG;D09M;manha;D09
svm;agrupado;todos;2;treino;1456;B3_CD202_NIRR_REP_RECUP00004.asd;B3;CD202;NIRRIG;D09M;manha;D09
svm;agrupado;todos;2;treino;1457;B3_CD202_NIRR_REP_RECUP00005.asd;B3;CD202;NIRRIG;D09M;manha;D09
svm;agrupado;todos;2;treino;1460;B4_CD202_IRR_REP_RECUP00000.asd;B4;CD202;IRRIG;D09M;manha;D09
svm;agrupado;todos;2;treino;1461;B4_CD202_IRR_REP_RECUP00001.asd;B4;CD202;IRRIG;D09M;manha;D09
svm;agrupado;todos;2;treino;1462;B4_CD202_IRR_REP_RECUP00002.asd;B4;CD202;IRRIG;D09M;manha;D09
svm;agrupado;todos;2;treino;1463;B4_CD202_IRR_REP_RECUP00003.asd;B4;CD202;IRRIG;D09M;manha;D09
svm;agrupado;todos;2;treino;1464;B4_CD202_IRR_REP_RECUP00004.asd;B4;CD202;IRRIG;D09M;manha;D09
svm;agrupado;todos;2;treino;1467;B4_CD202_IRR_REP_RECUP00007.asd;B4;CD202;IRRIG;D09M;manha;D09
svm;agrupado;todos;2;treino;1468;B4_CD202_NIRR_REP_RECUP00000.asd;B4;CD202;NIRRIG;D09M;manha;D09
svm;agrupado;todos;2;treino;1470;B4_CD202_NIRR_REP_RECUP00002.asd;B4;CD202;NIRRIG;D09M;manha;D09
svm;agrupado;todos;2;treino;1471;B4_CD202_NIRR_REP_RECUP00003.asd;B4;CD202;NIRRIG;D09M;manha;D09
svm;agrupado;todos;2;treino;1472;B4_CD202_NIRR_REP_RECUP00004.asd;B4;CD202;NIRRIG;D09M;manha;D09
svm;agrupado;todos;2;treino;1473;B4_CD202_NIRR_REP_RECUP00005.asd;B4;CD202;NIRRIG;D09M;manha;D09
svm;agrupado;todos;2;treino;1474;B4_CD202_NIRR_REP_RECUP00006.asd;B4;CD202;NIRRIG;D09M;manha;D09
svm;agrupado;todos;2;treino;1475;B4_CD202_NIRR_REP_RECUP00007.asd;B4;CD202;NIRRIG;D09M;manha;D09
svm;agrupado;todos;2;treino;1476;B1_EMB48_IRR_REP_RECUP00000.asd;B1;EMB48;IRRIG;D09M;manha;D09
svm;agrupado;todos;2;treino;1477;B1_EMB48_IRR_REP_RECUP00001.asd;B1;EMB48;IRRIG;D09M;manha;D09
svm;agrupado;todos;2;treino;1478;B1_EMB48_IRR_REP_RECUP00002.asd;B1;EMB48;IRRIG;D09M;manha;D09
svm;agrupado;todos;2;treino;1479;B1_EMB48_IRR_REP_RECUP00003.asd;B1;EMB48;IRRIG;D09M;manha;D09
svm;agrupado;todos;2;treino;1480;B1_EMB48_IRR_REP_RECUP00004.asd;B1;EMB48;IRRIG;D09M;manha;D09
svm;agrupado;todos;2;treino;1481;B1_EMB48_IRR_REP_RECUP00005.asd;B1;EMB48;IRRIG;D09M;manha;D09
svm;agrupado;todos;2;treino;1482;B1_EMB48_IRR_REP_RECUP00006.asd;B1;EMB48;IRRIG;D09M;manha;D09
svm;agrupado;todos;2;treino;1483;B1_EMB48_IRR_REP_RECUP00007.asd;B1;EMB48;IRRIG;D09M;manha;D09
svm;agrupado;todos;2;treino;1484;B1_EMB48_NIRR_REP_RECUP00000.asd;B1;EMB48;NIRRIG;D09M;manha;D09
svm;agrupado;todos;2;treino;1485;B1_EMB48_NIRR_REP_RECUP00001.asd;B1;EMB48;NIRRIG;D09M;manha;D09
svm;agrupado;todos;2;treino;1486;B1_EMB48_NIRR_REP_RECUP00002.asd;B1;EMB48;NIRRIG;D09M;manha;D09
svm;agrupado;todos;2;treino;1487;B1_EMB48_NIRR_REP_RECUP00003.asd;B1;EMB48;NIRRIG;D09M;manha;D09
svm;agrupado;todos;2;treino;1488;B1_EMB48_NIRR_REP_RECUP00004.asd;B1;EMB48;NIRRIG;D09M;manha;D09
svm;agrupado;todos;2;treino;1489;B1_EMB48_NIRR_REP_RECUP00005.asd;B1;EMB48;NIRRIG;D09M;manha;D09
svm;agrupado;todos;2;treino;1490;B1_EMB48_NIRR_REP_RECUP00006.asd;B1;EMB48;NIRRIG;D09M;manha;D09
svm;agrupado;todos;2;treino;1491;B1_EMB48_NIRR_REP_RECUP00007.asd;B1;EMB48;NIRRIG;D09M;manha;D09
svm;agrupado;todos;2;treino;1492;B2_EMB48_IRR_REP_RECUP00000.asd;B2;EMB48;IRRIG;D09M;manha;D09
svm;agrupado;todos;2;treino;1493;B2_EMB48_IRR_REP_RECUP00001.asd;B2;EMB48;IRRIG;D09M;manha;D09
svm;agrupado;todos;2;treino;1494;B2_EMB48_IRR_REP_RECUP00002.asd;B2;EMB48;IRRIG;D09M;manha;D09
svm;agrupado;todos;2;treino;1495;B2_EMB48_IRR_REP_RECUP00003.asd;B2;EMB48;IRRIG;D09M;manha;D09
svm;agrupado;todos;2;treino;1496;B2_EMB48_IRR_REP_RECUP00004.asd;B2;EMB48;IRRIG;D09M;manha;D09
svm;agrupado;todos;2;treino;1497;B2_EMB48_IRR_REP_RECUP00005.asd;B2;EMB48;IRRIG;D09M;manha;D09
svm;agrupado;todos;2;treino;1498;B2_EMB48_IRR_REP_RECUP00006.asd;B2;EMB48;IRRIG;D09M;manha;D09
svm;agrupado;todos;2;treino;1499;B2_EMB48_IRR_REP_RECUP00007.asd;B2;EMB48;IRRIG;D09M;manha;D09
svm;agrupado;todos;2;treino;1500;B2_EMB48_NIRR_REP_RECUP00000.asd;B2;EMB48;NIRRIG;D09M;manha;D09
svm;agrupado;todos;2;treino;1501;B2_EMB48_NIRR_REP_RECUP00001.asd;B2;EMB48;NIRRIG;D09M;manha;D09
svm;agrupado;todos;2;treino;1502;B2_EMB48_NIRR_REP_RECUP00002.asd;B2;EMB48;NIRRIG;D09M;manha;D09
svm;agrupado;todos;2;treino;1503;B2_EMB48_NIRR_REP_RECUP00003.asd;B2;EMB48;NIRRIG;D09M;manha;D09
svm;agrupado;todos;2;treino;1504;B2_EMB48_NIRR_REP_RECUP00008.asd;B2;EMB48;NIRRIG;D09M;manha;D09
svm;agrupado;todos;2;treino;1506;B2_EMB48_NIRR_REP_RECUP00010.asd;B2;EMB48;NIRRIG;D09M;manha;D09
svm;agrupado;todos;2;treino;1507;B2_EMB48_NIRR_REP_RECUP00011.asd;B2;EMB48;NIRRIG;D09M;manha;D09
svm;agrupado;todos;2;treino;1508;B3_EMB48_IRR_REP_RECUP00000.asd;B3;EMB48;IRRIG;D09M;manha;D09
svm;agrupado;todos;2;treino;1509;B3_EMB48_IRR_REP_RECUP00001.asd;B3;EMB48;IRRIG;D09M;manha;D09
svm;agrupado;todos;2;treino;1512;B3_EMB48_IRR_REP_RECUP00004.asd;B3;EMB48;IRRIG;D09M;manha;D09
svm;agrupado;todos;2;treino;1513;B3_EMB48_IRR_REP_RECUP00005.asd;B3;EMB48;IRRIG;D09M;manha;D09
svm;agrupado;todos;2;treino;1514;B3_EMB48_IRR_REP_RECUP00006.asd;B3;EMB48;IRRIG;D09M;manha;D09
svm;agrupado;todos;2;treino;1515;B3_EMB48_IRR_REP_RECUP00007.asd;B3;EMB48;IRRIG;D09M;manha;D09
svm;agrupado;todos;2;treino;1516;B3_EMB48_NIRR_REP_RECUP00000.asd;B3;EMB48;NIRRIG;D09M;manha;D09
svm;agrupado;todos;2;treino;1517;B3_EMB48_NIRR_REP_RECUP00001.asd;B3;EMB48;NIRRIG;D09M;manha;D09
svm;agrupado;todos;2;treino;1518;B3_EMB48_NIRR_REP_RECUP00002.asd;B3;EMB48;NIRRIG;D09M;manha;D09
svm;agrupado;todos;2;treino;1519;B3_EMB48_NIRR_REP_RECUP00003.asd;B3;EMB48;NIRRIG;D09M;manha;D09
svm;agrupado;todos;2;treino;1520;B3_EMB48_NIRR_REP_RECUP00004.asd;B3;EMB48;NIRRIG;D09M;manha;D09
svm;agrupado;todos;2;treino;1521;B3_EMB48_NIRR_REP_RECUP00005.asd;B3;EMB48;NIRRIG;D09M;manha;D09
svm;agrupado;todos;2;treino;1524;B4_EMB48_IRR_REP_RECUP00000.asd;B4;EMB48;IRRIG;D09M;manha;D09
svm;agrupado;todos;2;treino;1526;B4_EMB48_IRR_REP_RECUP00002.asd;B4;EMB48;IRRIG;D09M;manha;D09
svm;agrupado;todos;2;treino;1528;B4_EMB48_IRR_REP_RECUP00004.asd;B4;EMB48;IRRIG;D09M;manha;D09
svm;agrupado;todos;2;treino;1529;B4_EMB48_IRR_REP_RECUP00005.asd;B4;EMB48;IRRIG;D09M;manha;D09
svm;agrupado;todos;2;treino;1530;B4_EMB48_IRR_REP_RECUP00006.asd;B4;EMB48;IRRIG;D09M;manha;D09
svm;agrupado;todos;2;treino;1531;B4_EMB48_IRR_REP_RECUP00007.asd;B4;EMB48;IRRIG;D09M;manha;D09
svm;agrupado;todos;2;treino;1532;B4_EMB48_NIRR_REP_RECUP00000.asd;B4;EMB48;NIRRIG;D09M;manha;D09
svm;agrupado;todos;2;treino;1535;B4_EMB48_NIRR_REP_RECUP00003.asd;B4;EMB48;NIRRIG;D09M;manha;D09
svm;agrupado;todos;2;treino;1536;B4_EMB48_NIRR_REP_RECUP00004.asd;B4;EMB48;NIRRIG;D09M;manha;D09
svm;agrupado;todos;2;treino;1538;B4_EMB48_NIRR_REP_RECUP00006.asd;B4;EMB48;NIRRIG;D09M;manha;D09
svm;agrupado;todos;2;treino;1540;B1_BR16_IRR_REP_RECUP00000.asd;B1;BR16;IRRIG;D09T;tarde;D09
svm;agrupado;todos;2;treino;1541;B1_BR16_IRR_REP_RECUP00001.asd;B1;BR16;IRRIG;D09T;tarde;D09
svm;agrupado;todos;2;treino;1543;B1_BR16_IRR_REP_RECUP00003.asd;B1;BR16;IRRIG;D09T;tarde;D09
svm;agrupado;todos;2;treino;1544;B1_BR16_IRR_REP_RECUP00004.asd;B1;BR16;IRRIG;D09T;tarde;D09
svm;agrupado;todos;2;treino;1545;B1_BR16_IRR_REP_RECUP00005.asd;B1;BR16;IRRIG;D09T;tarde;D09
svm;agrupado;todos;2;treino;1546;B1_BR16_IRR_REP_RECUP00006.asd;B1;BR16;IRRIG;D09T;tarde;D09
svm;agrupado;todos;2;treino;1548;B1_BR16_NIRR_REP_RECUP00000.asd;B1;BR16;NIRRIG;D09T;tarde;D09
svm;agrupado;todos;2;treino;1549;B1_BR16_NIRR_REP_RECUP00001.asd;B1;BR16;NIRRIG;D09T;tarde;D09
svm;agrupado;todos;2;treino;1550;B1_BR16_NIRR_REP_RECUP00002.asd;B1;BR16;NIRRIG;D09T;tarde;D09
svm;agrupado;todos;2;treino;1551;B1_BR16_NIRR_REP_RECUP00003.asd;B1;BR16;NIRRIG;D09T;tarde;D09
svm;agrupado;todos;2;treino;1552;B1_BR16_NIRR_REP_RECUP00004.asd;B1;BR16;NIRRIG;D09T;tarde;D09
svm;agrupado;todos;2;treino;1553;B1_BR16_NIRR_REP_RECUP00005.asd;B1;BR16;NIRRIG;D09T;tarde;D09
svm;agrupado;todos;2;treino;1554;B1_BR16_NIRR_REP_RECUP00006.asd;B1;BR16;NIRRIG;D09T;tarde;D09
svm;agrupado;todos;2;treino;1556;B2_BR16_IRR_REP_RECUP00000.asd;B2;BR16;IRRIG;D09T;tarde;D09
svm;agrupado;todos;2;treino;1557;B2_BR16_IRR_REP_RECUP00001.asd;B2;BR16;IRRIG;D09T;tarde;D09
svm;agrupado;todos;2;treino;1559;B2_BR16_IRR_REP_RECUP00003.asd;B2;BR16;IRRIG;D09T;tarde;D09
svm;agrupado;todos;2;treino;1560;B2_BR16_IRR_REP_RECUP00004.asd;B2;BR16;IRRIG;D09T;tarde;D09
svm;agrupado;todos;2;treino;1561;B2_BR16_IRR_REP_RECUP00005.asd;B2;BR16;IRRIG;D09T;tarde;D09
svm;agrupado;todos;2;treino;1562;B2_BR16_IRR_REP_RECUP00006.asd;B2;BR16;IRRIG;D09T;tarde;D09
svm;agrupado;todos;2;treino;1564;B2_BR16_NIRR_REP_RECUP00008.asd;B2;BR16;NIRRIG;D09T;tarde;D09
svm;agrupado;todos;2;treino;1565;B2_BR16_NIRR_REP_RECUP00009.asd;B2;BR16;NIRRIG;D09T;tarde;D09
svm;agrupado;todos;2;treino;1567;B2_BR16_NIRR_REP_RECUP00011.asd;B2;BR16;NIRRIG;D09T;tarde;D09
svm;agrupado;todos;2;treino;1568;B2_BR16_NIRR_REP_RECUP00012.asd;B2;BR16;NIRRIG;D09T;tarde;D09
svm;agrupado;todos;2;treino;1570;B2_BR16_NIRR_REP_RECUP00014.asd;B2;BR16;NIRRIG;D09T;tarde;D09
svm;agrupado;todos;2;treino;1571;B2_BR16_NIRR_REP_RECUP00015.asd;B2;BR16;NIRRIG;D09T;tarde;D09
svm;agrupado;todos;2;treino;1572;B3_BR16_IRR_REP_RECUP00000.asd;B3;BR16;IRRIG;D09T;tarde;D09
svm;agrupado;todos;2;treino;1573;B3_BR16_IRR_REP_RECUP00001.asd;B3;BR16;IRRIG;D09T;tarde;D09
svm;agrupado;todos;2;treino;1575;B3_BR16_IRR_REP_RECUP00003.asd;B3;BR16;IRRIG;D09T;tarde;D09
svm;agrupado;todos;2;treino;1576;B3_BR16_IRR_REP_RECUP00004.asd;B3;BR16;IRRIG;D09T;tarde;D09
svm;agrupado;todos;2;treino;1578;B3_BR16_IRR_REP_RECUP00006.asd;B3;BR16;IRRIG;D09T;tarde;D09
svm;agrupado;todos;2;treino;1580;B3_BR16_NIRR_REP_RECUP00000.asd;B3;BR16;NIRRIG;D09T;tarde;D09
svm;agrupado;todos;2;treino;1581;B3_BR16_NIRR_REP_RECUP00001.asd;B3;BR16;NIRRIG;D09T;tarde;D09
svm;agrupado;todos;2;treino;1583;B3_BR16_NIRR_REP_RECUP00003.asd;B3;BR16;NIRRIG;D09T;tarde;D09
svm;agrupado;todos;2;treino;1584;B3_BR16_NIRR_REP_RECUP00004.asd;B3;BR16;NIRRIG;D09T;tarde;D09
svm;agrupado;todos;2;treino;1587;B3_BR16_NIRR_REP_RECUP00007.asd;B3;BR16;NIRRIG;D09T;tarde;D09
svm;agrupado;todos;2;treino;1588;B4_BR16_IRR_REP_RECUP00000.asd;B4;BR16;IRRIG;D09T;tarde;D09
svm;agrupado;todos;2;treino;1589;B4_BR16_IRR_REP_RECUP00001.asd;B4;BR16;IRRIG;D09T;tarde;D09
svm;agrupado;todos;2;treino;1590;B4_BR16_IRR_REP_RECUP00002.asd;B4;BR16;IRRIG;D09T;tarde;D09
svm;agrupado;todos;2;treino;1591;B4_BR16_IRR_REP_RECUP00003.asd;B4;BR16;IRRIG;D09T;tarde;D09
svm;agrupado;todos;2;treino;1593;B4_BR16_IRR_REP_RECUP00005.asd;B4;BR16;IRRIG;D09T;tarde;D09
svm;agrupado;todos;2;treino;1594;B4_BR16_IRR_REP_RECUP00006.asd;B4;BR16;IRRIG;D09T;tarde;D09
svm;agrupado;todos;2;treino;1595;B4_BR16_IRR_REP_RECUP00007.asd;B4;BR16;IRRIG;D09T;tarde;D09
svm;agrupado;todos;2;treino;1596;B4_BR16_NIRR_REP_RECUP00000.asd;B4;BR16;NIRRIG;D09T;tarde;D09
svm;agrupado;todos;2;treino;1597;B4_BR16_NIRR_REP_RECUP00001.asd;B4;BR16;NIRRIG;D09T;tarde;D09
svm;agrupado;todos;2;treino;1598;B4_BR16_NIRR_REP_RECUP00002.asd;B4;BR16;NIRRIG;D09T;tarde;D09
svm;agrupado;todos;2;treino;1599;B4_BR16_NIRR_REP_RECUP00003.asd;B4;BR16;NIRRIG;D09T;tarde;D09
svm;agrupado;todos;2;treino;1601;B4_BR16_NIRR_REP_RECUP00005.asd;B4;BR16;NIRRIG;D09T;tarde;D09
svm;agrupado;todos;2;treino;1602;B4_BR16_NIRR_REP_RECUP00006.asd;B4;BR16;NIRRIG;D09T;tarde;D09
svm;agrupado;todos;2;treino;1603;B4_BR16_NIRR_REP_RECUP00007.asd;B4;BR16;NIRRIG;D09T;tarde;D09
svm;agrupado;todos;2;treino;1604;B1_CD202_IRR_REP_RECUP00000.asd;B1;CD202;IRRIG;D09T;tarde;D09
svm;agrupado;todos;2;treino;1605;B1_CD202_IRR_REP_RECUP00001.asd;B1;CD202;IRRIG;D09T;tarde;D09
svm;agrupado;todos;2;treino;1606;B1_CD202_IRR_REP_RECUP00002.asd;B1;CD202;IRRIG;D09T;tarde;D09
svm;agrupado;todos;2;treino;1608;B1_CD202_IRR_REP_RECUP00004.asd;B1;CD202;IRRIG;D09T;tarde;D09
svm;agrupado;todos;2;treino;1609;B1_CD202_IRR_REP_RECUP00005.asd;B1;CD202;IRRIG;D09T;tarde;D09
svm;agrupado;todos;2;treino;1611;B1_CD202_IRR_REP_RECUP00007.asd;B1;CD202;IRRIG;D09T;tarde;D09
svm;agrupado;todos;2;treino;1612;B1_CD202_NIRR_REP_RECUP00000.asd;B1;CD202;NIRRIG;D09T;tarde;D09
svm;agrupado;todos;2;treino;1613;B1_CD202_NIRR_REP_RECUP00001.asd;B1;CD202;NIRRIG;D09T;tarde;D09
svm;agrupado;todos;2;treino;1615;B1_CD202_NIRR_REP_RECUP00003.asd;B1;CD202;NIRRIG;D09T;tarde;D09
svm;agrupado;todos;2;treino;1616;B1_CD202_NIRR_REP_RECUP00004.asd;B1;CD202;NIRRIG;D09T;tarde;D09
svm;agrupado;todos;2;treino;1617;B1_CD202_NIRR_REP_RECUP00005.asd;B1;CD202;NIRRIG;D09T;tarde;D09
svm;agrupado;todos;2;treino;1619;B1_CD202_NIRR_REP_RECUP00007.asd;B1;CD202;NIRRIG;D09T;tarde;D09
svm;agrupado;todos;2;treino;1620;B2_CD202_IRR_REP_RECUP00000.asd;B2;CD202;IRRIG;D09T;tarde;D09
svm;agrupado;todos;2;treino;1621;B2_CD202_IRR_REP_RECUP00001.asd;B2;CD202;IRRIG;D09T;tarde;D09
svm;agrupado;todos;2;treino;1622;B2_CD202_IRR_REP_RECUP00002.asd;B2;CD202;IRRIG;D09T;tarde;D09
svm;agrupado;todos;2;treino;1624;B2_CD202_IRR_REP_RECUP00004.asd;B2;CD202;IRRIG;D09T;tarde;D09
svm;agrupado;todos;2;treino;1625;B2_CD202_IRR_REP_RECUP00005.asd;B2;CD202;IRRIG;D09T;tarde;D09
svm;agrupado;todos;2;treino;1626;B2_CD202_IRR_REP_RECUP00006.asd;B2;CD202;IRRIG;D09T;tarde;D09
svm;agrupado;todos;2;treino;1627;B2_CD202_IRR_REP_RECUP00007.asd;B2;CD202;IRRIG;D09T;tarde;D09
svm;agrupado;todos;2;treino;1628;B2_CD202_NIRR_REP_RECUP00000.asd;B2;CD202;NIRRIG;D09T;tarde;D09
svm;agrupado;todos;2;treino;1629;B2_CD202_NIRR_REP_RECUP00001.asd;B2;CD202;NIRRIG;D09T;tarde;D09
svm;agrupado;todos;2;treino;1630;B2_CD202_NIRR_REP_RECUP00002.asd;B2;CD202;NIRRIG;D09T;tarde;D09
svm;agrupado;todos;2;treino;1631;B2_CD202_NIRR_REP_RECUP00003.asd;B2;CD202;NIRRIG;D09T;tarde;D09
svm;agrupado;todos;2;treino;1632;B2_CD202_NIRR_REP_RECUP00004.asd;B2;CD202;NIRRIG;D09T;tarde;D09
svm;agrupado;todos;2;treino;1633;B2_CD202_NIRR_REP_RECUP00005.asd;B2;CD202;NIRRIG;D09T;tarde;D09
svm;agrupado;todos;2;treino;1634;B2_CD202_NIRR_REP_RECUP00006.asd;B2;CD202;NIRRIG;D09T;tarde;D09
svm;agrupado;todos;2;treino;1636;B3_CD202_IRR_REP_RECUP00000.asd;B3;CD202;IRRIG;D09T;tarde;D09
svm;agrupado;todos;2;treino;1637;B3_CD202_IRR_REP_RECUP00001.asd;B3;CD202;IRRIG;D09T;tarde;D09
svm;agrupado;todos;2;treino;1639;B3_CD202_IRR_REP_RECUP00003.asd;B3;CD202;IRRIG;D09T;tarde;D09
svm;agrupado;todos;2;treino;1641;B3_CD202_IRR_REP_RECUP00005.asd;B3;CD202;IRRIG;D09T;tarde;D09
svm;agrupado;todos;2;treino;1642;B3_CD202_IRR_REP_RECUP00006.asd;B3;CD202;IRRIG;D09T;tarde;D09
svm;agrupado;todos;2;treino;1644;B3_CD202_NIRR_REP_RECUP00000.asd;B3;CD202;NIRRIG;D09T;tarde;D09
svm;agrupado;todos;2;treino;1645;B3_CD202_NIRR_REP_RECUP00001.asd;B3;CD202;NIRRIG;D09T;tarde;D09
svm;agrupado;todos;2;treino;1646;B3_CD202_NIRR_REP_RECUP00002.asd;B3;CD202;NIRRIG;D09T;tarde;D09
svm;agrupado;todos;2;treino;1647;B3_CD202_NIRR_REP_RECUP00003.asd;B3;CD202;NIRRIG;D09T;tarde;D09
svm;agrupado;todos;2;treino;1648;B3_CD202_NIRR_REP_RECUP00004.asd;B3;CD202;NIRRIG;D09T;tarde;D09
svm;agrupado;todos;2;treino;1649;B3_CD202_NIRR_REP_RECUP00005.asd;B3;CD202;NIRRIG;D09T;tarde;D09
svm;agrupado;todos;2;treino;1652;B4_CD202_IRR_REP_RECUP00000.asd;B4;CD202;IRRIG;D09T;tarde;D09
svm;agrupado;todos;2;treino;1653;B4_CD202_IRR_REP_RECUP00001.asd;B4;CD202;IRRIG;D09T;tarde;D09
svm;agrupado;todos;2;treino;1654;B4_CD202_IRR_REP_RECUP00002.asd;B4;CD202;IRRIG;D09T;tarde;D09
svm;agrupado;todos;2;treino;1655;B4_CD202_IRR_REP_RECUP00003.asd;B4;CD202;IRRIG;D09T;tarde;D09
svm;agrupado;todos;2;treino;1656;B4_CD202_IRR_REP_RECUP00004.asd;B4;CD202;IRRIG;D09T;tarde;D09
svm;agrupado;todos;2;treino;1659;B4_CD202_IRR_REP_RECUP00007.asd;B4;CD202;IRRIG;D09T;tarde;D09
svm;agrupado;todos;2;treino;1660;B4_CD202_NIRR_REP_RECUP00000.asd;B4;CD202;NIRRIG;D09T;tarde;D09
svm;agrupado;todos;2;treino;1662;B4_CD202_NIRR_REP_RECUP00002.asd;B4;CD202;NIRRIG;D09T;tarde;D09
svm;agrupado;todos;2;treino;1663;B4_CD202_NIRR_REP_RECUP00003.asd;B4;CD202;NIRRIG;D09T;tarde;D09
svm;agrupado;todos;2;treino;1664;B4_CD202_NIRR_REP_RECUP00004.asd;B4;CD202;NIRRIG;D09T;tarde;D09
svm;agrupado;todos;2;treino;1665;B4_CD202_NIRR_REP_RECUP00005.asd;B4;CD202;NIRRIG;D09T;tarde;D09
svm;agrupado;todos;2;treino;1666;B4_CD202_NIRR_REP_RECUP00006.asd;B4;CD202;NIRRIG;D09T;tarde;D09
svm;agrupado;todos;2;treino;1667;B4_CD202_NIRR_REP_RECUP00007.asd;B4;CD202;NIRRIG;D09T;tarde;D09
svm;agrupado;todos;2;treino;1668;B1_EMB48_IRR_REP_RECUP00000.asd;B1;EMB48;IRRIG;D09T;tarde;D09
svm;agrupado;todos;2;treino;1669;B1_EMB48_IRR_REP_RECUP00001.asd;B1;EMB48;IRRIG;D09T;tarde;D09
svm;agrupado;todos;2;treino;1670;B1_EMB48_IRR_REP_RECUP00002.asd;B1;EMB48;IRRIG;D09T;tarde;D09
svm;agrupado;todos;2;treino;1671;B1_EMB48_IRR_REP_RECUP00003.asd;B1;EMB48;IRRIG;D09T;tarde;D09
svm;agrupado;todos;2;treino;1672;B1_EMB48_IRR_REP_RECUP00004.asd;B1;EMB48;IRRIG;D09T;tarde;D09
svm;agrupado;todos;2;treino;1673;B1_EMB48_IRR_REP_RECUP00005.asd;B1;EMB48;IRRIG;D09T;tarde;D09
svm;agrupado;todos;2;treino;1674;B1_EMB48_IRR_REP_RECUP00006.asd;B1;EMB48;IRRIG;D09T;tarde;D09
svm;agrupado;todos;2;treino;1675;B1_EMB48_IRR_REP_RECUP00007.asd;B1;EMB48;IRRIG;D09T;tarde;D09
svm;agrupado;todos;2;treino;1676;B1_EMB48_NIRR_REP_RECUP00000.asd;B1;EMB48;NIRRIG;D09T;tarde;D09
svm;agrupado;todos;2;treino;1677;B1_EMB48_NIRR_REP_RECUP00001.asd;B1;EMB48;NIRRIG;D09T;tarde;D09
svm;agrupado;todos;2;treino;1678;B1_EMB48_NIRR_REP_RECUP00002.asd;B1;EMB48;NIRRIG;D09T;tarde;D09
svm;agrupado;todos;2;treino;1679;B1_EMB48_NIRR_REP_RECUP00003.asd;B1;EMB48;NIRRIG;D09T;tarde;D09
svm;agrupado;todos;2;treino;1680;B1_EMB48_NIRR_REP_RECUP00004.asd;B1;EMB48;NIRRIG;D09T;tarde;D09
svm;agrupado;todos;2;treino;1681;B1_EMB48_NIRR_REP_RECUP00005.asd;B1;EMB48;NIRRIG;D09T;tarde;D09
svm;agrupado;todos;2;treino;1682;B1_EMB48_NIRR_REP_RECUP00006.asd;B1;EMB48;NIRRIG;D09T;tarde;D09
svm;agrupado;todos;2;treino;1683;B1_EMB48_NIRR_REP_RECUP00007.asd;B1;EMB48;NIRRIG;D09T;tarde;D09
svm;agrupado;todos;2;treino;1684;B2_EMB48_IRR_REP_RECUP00000.asd;B2;EMB48;IRRIG;D09T;tarde;D09
svm;agrupado;todos;2;treino;1685;B2_EMB48_IRR_REP_RECUP00001.asd;B2;EMB48;IRRIG;D09T;tarde;D09
svm;agrupado;todos;2;treino;1686;B2_EMB48_IRR_REP_RECUP00002.asd;B2;EMB48;IRRIG;D09T;tarde;D09
svm;agrupado;todos;2;treino;1687;B2_EMB48_IRR_REP_RECUP00003.asd;B2;EMB48;IRRIG;D09T;tarde;D09
svm;agrupado;todos;2;treino;1688;B2_EMB48_IRR_REP_RECUP00004.asd;B2;EMB48;IRRIG;D09T;tarde;D09
svm;agrupado;todos;2;treino;1689;B2_EMB48_IRR_REP_RECUP00005.asd;B2;EMB48;IRRIG;D09T;tarde;D09
svm;agrupado;todos;2;treino;1690;B2_EMB48_IRR_REP_RECUP00006.asd;B2;EMB48;IRRIG;D09T;tarde;D09
svm;agrupado;todos;2;treino;1691;B2_EMB48_IRR_REP_RECUP00007.asd;B2;EMB48;IRRIG;D09T;tarde;D09
svm;agrupado;todos;2;treino;1692;B2_EMB48_NIRR_REP_RECUP00000.asd;B2;EMB48;NIRRIG;D09T;tarde;D09
svm;agrupado;todos;2;treino;1693;B2_EMB48_NIRR_REP_RECUP00001.asd;B2;EMB48;NIRRIG;D09T;tarde;D09
svm;agrupado;todos;2;treino;1694;B2_EMB48_NIRR_REP_RECUP00002.asd;B2;EMB48;NIRRIG;D09T;tarde;D09
svm;agrupado;todos;2;treino;1695;B2_EMB48_NIRR_REP_RECUP00003.asd;B2;EMB48;NIRRIG;D09T;tarde;D09
svm;agrupado;todos;2;treino;1696;B2_EMB48_NIRR_REP_RECUP00004.asd;B2;EMB48;NIRRIG;D09T;tarde;D09
svm;agrupado;todos;2;treino;1697;B2_EMB48_NIRR_REP_RECUP00005.asd;B2;EMB48;NIRRIG;D09T;tarde;D09
svm;agrupado;todos;2;treino;1698;B2_EMB48_NIRR_REP_RECUP00006.asd;B2;EMB48;NIRRIG;D09T;tarde;D09
svm;agrupado;todos;2;treino;1700;B3_EMB48_IRR_REP_RECUP00000.asd;B3;EMB48;IRRIG;D09T;tarde;D09
svm;agrupado;todos;2;treino;1701;B3_EMB48_IRR_REP_RECUP00001.asd;B3;EMB48;IRRIG;D09T;tarde;D09
svm;agrupado;todos;2;treino;1704;B3_EMB48_IRR_REP_RECUP00004.asd;B3;EMB48;IRRIG;D09T;tarde;D09
svm;agrupado;todos;2;treino;1705;B3_EMB48_IRR_REP_RECUP00005.asd;B3;EMB48;IRRIG;D09T;tarde;D09
svm;agrupado;todos;2;treino;1706;B3_EMB48_IRR_REP_RECUP00006.asd;B3;EMB48;IRRIG;D09T;tarde;D09
svm;agrupado;todos;2;treino;1707;B3_EMB48_IRR_REP_RECUP00007.asd;B3;EMB48;IRRIG;D09T;tarde;D09
svm;agrupado;todos;2;treino;1708;B3_EMB48_NIRR_REP_RECUP00000.asd;B3;EMB48;NIRRIG;D09T;tarde;D09
svm;agrupado;todos;2;treino;1709;B3_EMB48_NIRR_REP_RECUP00001.asd;B3;EMB48;NIRRIG;D09T;tarde;D09
svm;agrupado;todos;2;treino;1710;B3_EMB48_NIRR_REP_RECUP00002.asd;B3;EMB48;NIRRIG;D09T;tarde;D09
svm;agrupado;todos;2;treino;1711;B3_EMB48_NIRR_REP_RECUP00003.asd;B3;EMB48;NIRRIG;D09T;tarde;D09
svm;agrupado;todos;2;treino;1712;B3_EMB48_NIRR_REP_RECUP00004.asd;B3;EMB48;NIRRIG;D09T;tarde;D09
svm;agrupado;todos;2;treino;1713;B3_EMB48_NIRR_REP_RECUP00005.asd;B3;EMB48;NIRRIG;D09T;tarde;D09
svm;agrupado;todos;2;treino;1716;B4_EMB48_IRR_REP_RECUP00000.asd;B4;EMB48;IRRIG;D09T;tarde;D09
svm;agrupado;todos;2;treino;1718;B4_EMB48_IRR_REP_RECUP00002.asd;B4;EMB48;IRRIG;D09T;tarde;D09
svm;agrupado;todos;2;treino;1720;B4_EMB48_IRR_REP_RECUP00004.asd;B4;EMB48;IRRIG;D09T;tarde;D09
svm;agrupado;todos;2;treino;1721;B4_EMB48_IRR_REP_RECUP00005.asd;B4;EMB48;IRRIG;D09T;tarde;D09
svm;agrupado;todos;2;treino;1722;B4_EMB48_IRR_REP_RECUP00006.asd;B4;EMB48;IRRIG;D09T;tarde;D09
svm;agrupado;todos;2;treino;1723;B4_EMB48_IRR_REP_RECUP00007.asd;B4;EMB48;IRRIG;D09T;tarde;D09
svm;agrupado;todos;2;treino;1724;B4_EMB48_NIRR_REP_RECUP00000.asd;B4;EMB48;NIRRIG;D09T;tarde;D09
svm;agrupado;todos;2;treino;1727;B4_EMB48_NIRR_REP_RECUP00003.asd;B4;EMB48;NIRRIG;D09T;tarde;D09
svm;agrupado;todos;2;treino;1728;B4_EMB48_NIRR_REP_RECUP00004.asd;B4;EMB48;NIRRIG;D09T;tarde;D09
svm;agrupado;todos;2;treino;1730;B4_EMB48_NIRR_REP_RECUP00006.asd;B4;EMB48;NIRRIG;D09T;tarde;D09
svm;agrupado;todos;2;treino;1732;B1_BR16_IRR_REP_RECUP00000.asd;B1;BR16;IRRIG;D10M;manha;D10
svm;agrupado;todos;2;treino;1733;B1_BR16_IRR_REP_RECUP00001.asd;B1;BR16;IRRIG;D10M;manha;D10
svm;agrupado;todos;2;treino;1735;B1_BR16_IRR_REP_RECUP00003.asd;B1;BR16;IRRIG;D10M;manha;D10
svm;agrupado;todos;2;treino;1736;B1_BR16_IRR_REP_RECUP00004.asd;B1;BR16;IRRIG;D10M;manha;D10
svm;agrupado;todos;2;treino;1737;B1_BR16_IRR_REP_RECUP00005.asd;B1;BR16;IRRIG;D10M;manha;D10
svm;agrupado;todos;2;treino;1738;B1_BR16_IRR_REP_RECUP00006.asd;B1;BR16;IRRIG;D10M;manha;D10
svm;agrupado;todos;2;treino;1740;B1_BR16_NIRR_REP_RECUP00000.asd;B1;BR16;NIRRIG;D10M;manha;D10
svm;agrupado;todos;2;treino;1741;B1_BR16_NIRR_REP_RECUP00001.asd;B1;BR16;NIRRIG;D10M;manha;D10
svm;agrupado;todos;2;treino;1742;B1_BR16_NIRR_REP_RECUP00002.asd;B1;BR16;NIRRIG;D10M;manha;D10
svm;agrupado;todos;2;treino;1743;B1_BR16_NIRR_REP_RECUP00003.asd;B1;BR16;NIRRIG;D10M;manha;D10
svm;agrupado;todos;2;treino;1744;B1_BR16_NIRR_REP_RECUP00004.asd;B1;BR16;NIRRIG;D10M;manha;D10
svm;agrupado;todos;2;treino;1745;B1_BR16_NIRR_REP_RECUP00005.asd;B1;BR16;NIRRIG;D10M;manha;D10
svm;agrupado;todos;2;treino;1746;B1_BR16_NIRR_REP_RECUP00006.asd;B1;BR16;NIRRIG;D10M;manha;D10
svm;agrupado;todos;2;treino;1748;B1_CD202_IRR_REP_RECUP00000.asd;B1;CD202;IRRIG;D10M;manha;D10
svm;agrupado;todos;2;treino;1749;B1_CD202_IRR_REP_RECUP00001.asd;B1;CD202;IRRIG;D10M;manha;D10
svm;agrupado;todos;2;treino;1750;B1_CD202_IRR_REP_RECUP00002.asd;B1;CD202;IRRIG;D10M;manha;D10
svm;agrupado;todos;2;treino;1752;B1_CD202_IRR_REP_RECUP00004.asd;B1;CD202;IRRIG;D10M;manha;D10
svm;agrupado;todos;2;treino;1753;B1_CD202_IRR_REP_RECUP00005.asd;B1;CD202;IRRIG;D10M;manha;D10
svm;agrupado;todos;2;treino;1755;B1_CD202_IRR_REP_RECUP00007.asd;B1;CD202;IRRIG;D10M;manha;D10
svm;agrupado;todos;2;treino;1756;B1_CD202_NIRR_REP_RECUP00000.asd;B1;CD202;NIRRIG;D10M;manha;D10
svm;agrupado;todos;2;treino;1757;B1_CD202_NIRR_REP_RECUP00001.asd;B1;CD202;NIRRIG;D10M;manha;D10
svm;agrupado;todos;2;treino;1759;B1_CD202_NIRR_REP_RECUP00003.asd;B1;CD202;NIRRIG;D10M;manha;D10
svm;agrupado;todos;2;treino;1760;B1_CD202_NIRR_REP_RECUP00004.asd;B1;CD202;NIRRIG;D10M;manha;D10
svm;agrupado;todos;2;treino;1761;B1_CD202_NIRR_REP_RECUP00005.asd;B1;CD202;NIRRIG;D10M;manha;D10
svm;agrupado;todos;2;treino;1763;B1_CD202_NIRR_REP_RECUP00007.asd;B1;CD202;NIRRIG;D10M;manha;D10
svm;agrupado;todos;2;treino;1764;B1_EMB48_IRR_REP_RECUP00000.asd;B1;EMB48;IRRIG;D10M;manha;D10
svm;agrupado;todos;2;treino;1765;B1_EMB48_IRR_REP_RECUP00001.asd;B1;EMB48;IRRIG;D10M;manha;D10
svm;agrupado;todos;2;treino;1766;B1_EMB48_IRR_REP_RECUP00002.asd;B1;EMB48;IRRIG;D10M;manha;D10
svm;agrupado;todos;2;treino;1767;B1_EMB48_IRR_REP_RECUP00003.asd;B1;EMB48;IRRIG;D10M;manha;D10
svm;agrupado;todos;2;treino;1768;B1_EMB48_IRR_REP_RECUP00004.asd;B1;EMB48;IRRIG;D10M;manha;D10
svm;agrupado;todos;2;treino;1769;B1_EMB48_IRR_REP_RECUP00005.asd;B1;EMB48;IRRIG;D10M;manha;D10
svm;agrupado;todos;2;treino;1770;B1_EMB48_IRR_REP_RECUP00006.asd;B1;EMB48;IRRIG;D10M;manha;D10
svm;agrupado;todos;2;treino;1771;B1_EMB48_IRR_REP_RECUP00007.asd;B1;EMB48;IRRIG;D10M;manha;D10
svm;agrupado;todos;2;treino;1772;B1_EMB48_NIRR_REP_RECUP00000.asd;B1;EMB48;NIRRIG;D10M;manha;D10
svm;agrupado;todos;2;treino;1773;B1_EMB48_NIRR_REP_RECUP00001.asd;B1;EMB48;NIRRIG;D10M;manha;D10
svm;agrupado;todos;2;treino;1774;B1_EMB48_NIRR_REP_RECUP00002.asd;B1;EMB48;NIRRIG;D10M;manha;D10
svm;agrupado;todos;2;treino;1775;B1_EMB48_NIRR_REP_RECUP00003.asd;B1;EMB48;NIRRIG;D10M;manha;D10
svm;agrupado;todos;2;treino;1776;B1_EMB48_NIRR_REP_RECUP00004.asd;B1;EMB48;NIRRIG;D10M;manha;D10
svm;agrupado;todos;2;treino;1777;B1_EMB48_NIRR_REP_RECUP00005.asd;B1;EMB48;NIRRIG;D10M;manha;D10
svm;agrupado;todos;2;treino;1778;B1_EMB48_NIRR_REP_RECUP00006.asd;B1;EMB48;NIRRIG;D10M;manha;D10
svm;agrupado;todos;2;treino;1779;B1_EMB48_NIRR_REP_RECUP00007.asd;B1;EMB48;NIRRIG;D10M;manha;D10
svm;agrupado;todos;2;treino;1780;B2_BR16_IRR_REP_RECUP00000.asd;B2;BR16;IRRIG;D10M;manha;D10
svm;agrupado;todos;2;treino;1781;B2_BR16_IRR_REP_RECUP00001.asd;B2;BR16;IRRIG;D10M;manha;D10
svm;agrupado;todos;2;treino;1783;B2_BR16_IRR_REP_RECUP00003.asd;B2;BR16;IRRIG;D10M;manha;D10
svm;agrupado;todos;2;treino;1784;B2_BR16_IRR_REP_RECUP00004.asd;B2;BR16;IRRIG;D10M;manha;D10
svm;agrupado;todos;2;treino;1785;B2_BR16_IRR_REP_RECUP00005.asd;B2;BR16;IRRIG;D10M;manha;D10
svm;agrupado;todos;2;treino;1786;B2_BR16_IRR_REP_RECUP00006.asd;B2;BR16;IRRIG;D10M;manha;D10
svm;agrupado;todos;2;treino;1788;B2_BR16_NIRR_REP_RECUP00000.asd;B2;BR16;NIRRIG;D10M;manha;D10
svm;agrupado;todos;2;treino;1790;B2_BR16_NIRR_REP_RECUP00002.asd;B2;BR16;NIRRIG;D10M;manha;D10
svm;agrupado;todos;2;treino;1791;B2_BR16_NIRR_REP_RECUP00003.asd;B2;BR16;NIRRIG;D10M;manha;D10
svm;agrupado;todos;2;treino;1792;B2_BR16_NIRR_REP_RECUP00004.asd;B2;BR16;NIRRIG;D10M;manha;D10
svm;agrupado;todos;2;treino;1793;B2_BR16_NIRR_REP_RECUP00005.asd;B2;BR16;NIRRIG;D10M;manha;D10
svm;agrupado;todos;2;treino;1794;B2_BR16_NIRR_REP_RECUP00006.asd;B2;BR16;NIRRIG;D10M;manha;D10
svm;agrupado;todos;2;treino;1795;B2_BR16_NIRR_REP_RECUP00007.asd;B2;BR16;NIRRIG;D10M;manha;D10
svm;agrupado;todos;2;treino;1796;B2_CD202_IRR_REP_RECUP00000.asd;B2;CD202;IRRIG;D10M;manha;D10
svm;agrupado;todos;2;treino;1797;B2_CD202_IRR_REP_RECUP00001.asd;B2;CD202;IRRIG;D10M;manha;D10
svm;agrupado;todos;2;treino;1798;B2_CD202_IRR_REP_RECUP00002.asd;B2;CD202;IRRIG;D10M;manha;D10
svm;agrupado;todos;2;treino;1800;B2_CD202_IRR_REP_RECUP00004.asd;B2;CD202;IRRIG;D10M;manha;D10
svm;agrupado;todos;2;treino;1801;B2_CD202_IRR_REP_RECUP00005.asd;B2;CD202;IRRIG;D10M;manha;D10
svm;agrupado;todos;2;treino;1802;B2_CD202_IRR_REP_RECUP00006.asd;B2;CD202;IRRIG;D10M;manha;D10
svm;agrupado;todos;2;treino;1803;B2_CD202_IRR_REP_RECUP00007.asd;B2;CD202;IRRIG;D10M;manha;D10
svm;agrupado;todos;2;treino;1805;B2_CD202_NIRR_REP_RECUP00009.asd;B2;CD202;NIRRIG;D10M;manha;D10
svm;agrupado;todos;2;treino;1806;B2_CD202_NIRR_REP_RECUP00010.asd;B2;CD202;NIRRIG;D10M;manha;D10
svm;agrupado;todos;2;treino;1808;B2_CD202_NIRR_REP_RECUP00012.asd;B2;CD202;NIRRIG;D10M;manha;D10
svm;agrupado;todos;2;treino;1809;B2_CD202_NIRR_REP_RECUP00013.asd;B2;CD202;NIRRIG;D10M;manha;D10
svm;agrupado;todos;2;treino;1810;B2_CD202_NIRR_REP_RECUP00014.asd;B2;CD202;NIRRIG;D10M;manha;D10
svm;agrupado;todos;2;treino;1811;B2_CD202_NIRR_REP_RECUP00015.asd;B2;CD202;NIRRIG;D10M;manha;D10
svm;agrupado;todos;2;treino;1812;B2_EMB48_IRR_REP_RECUP00000.asd;B2;EMB48;IRRIG;D10M;manha;D10
svm;agrupado;todos;2;treino;1813;B2_EMB48_IRR_REP_RECUP00001.asd;B2;EMB48;IRRIG;D10M;manha;D10
svm;agrupado;todos;2;treino;1814;B2_EMB48_IRR_REP_RECUP00002.asd;B2;EMB48;IRRIG;D10M;manha;D10
svm;agrupado;todos;2;treino;1815;B2_EMB48_IRR_REP_RECUP00003.asd;B2;EMB48;IRRIG;D10M;manha;D10
svm;agrupado;todos;2;treino;1816;B2_EMB48_IRR_REP_RECUP00004.asd;B2;EMB48;IRRIG;D10M;manha;D10
svm;agrupado;todos;2;treino;1817;B2_EMB48_IRR_REP_RECUP00005.asd;B2;EMB48;IRRIG;D10M;manha;D10
svm;agrupado;todos;2;treino;1818;B2_EMB48_IRR_REP_RECUP00006.asd;B2;EMB48;IRRIG;D10M;manha;D10
svm;agrupado;todos;2;treino;1819;B2_EMB48_IRR_REP_RECUP00007.asd;B2;EMB48;IRRIG;D10M;manha;D10
svm;agrupado;todos;2;treino;1820;B2_EMB48_NIRR_REP_RECUP00000.asd;B2;EMB48;NIRRIG;D10M;manha;D10
svm;agrupado;todos;2;treino;1821;B2_EMB48_NIRR_REP_RECUP00001.asd;B2;EMB48;NIRRIG;D10M;manha;D10
svm;agrupado;todos;2;treino;1822;B2_EMB48_NIRR_REP_RECUP00002.asd;B2;EMB48;NIRRIG;D10M;manha;D10
svm;agrupado;todos;2;treino;1823;B2_EMB48_NIRR_REP_RECUP00003.asd;B2;EMB48;NIRRIG;D10M;manha;D10
svm;agrupado;todos;2;treino;1824;B2_EMB48_NIRR_REP_RECUP00004.asd;B2;EMB48;NIRRIG;D10M;manha;D10
svm;agrupado;todos;2;treino;1825;B2_EMB48_NIRR_REP_RECUP00005.asd;B2;EMB48;NIRRIG;D10M;manha;D10
svm;agrupado;todos;2;treino;1826;B2_EMB48_NIRR_REP_RECUP00006.asd;B2;EMB48;NIRRIG;D10M;manha;D10
svm;agrupado;todos;2;treino;1828;B3_BR16_IRR_REP_RECUP00000.asd;B3;BR16;IRRIG;D10M;manha;D10
svm;agrupado;todos;2;treino;1829;B3_BR16_IRR_REP_RECUP00001.asd;B3;BR16;IRRIG;D10M;manha;D10
svm;agrupado;todos;2;treino;1831;B3_BR16_IRR_REP_RECUP00003.asd;B3;BR16;IRRIG;D10M;manha;D10
svm;agrupado;todos;2;treino;1832;B3_BR16_IRR_REP_RECUP00004.asd;B3;BR16;IRRIG;D10M;manha;D10
svm;agrupado;todos;2;treino;1834;B3_BR16_IRR_REP_RECUP00006.asd;B3;BR16;IRRIG;D10M;manha;D10
svm;agrupado;todos;2;treino;1836;B3_BR16_NIRR_REP_RECUP00000.asd;B3;BR16;NIRRIG;D10M;manha;D10
svm;agrupado;todos;2;treino;1837;B3_BR16_NIRR_REP_RECUP00001.asd;B3;BR16;NIRRIG;D10M;manha;D10
svm;agrupado;todos;2;treino;1839;B3_BR16_NIRR_REP_RECUP00003.asd;B3;BR16;NIRRIG;D10M;manha;D10
svm;agrupado;todos;2;treino;1840;B3_BR16_NIRR_REP_RECUP00004.asd;B3;BR16;NIRRIG;D10M;manha;D10
svm;agrupado;todos;2;treino;1843;B3_BR16_NIRR_REP_RECUP00007.asd;B3;BR16;NIRRIG;D10M;manha;D10
svm;agrupado;todos;2;treino;1844;B3_CD202_IRR_REP_RECUP00000.asd;B3;CD202;IRRIG;D10M;manha;D10
svm;agrupado;todos;2;treino;1845;B3_CD202_IRR_REP_RECUP00001.asd;B3;CD202;IRRIG;D10M;manha;D10
svm;agrupado;todos;2;treino;1847;B3_CD202_IRR_REP_RECUP00003.asd;B3;CD202;IRRIG;D10M;manha;D10
svm;agrupado;todos;2;treino;1849;B3_CD202_IRR_REP_RECUP00005.asd;B3;CD202;IRRIG;D10M;manha;D10
svm;agrupado;todos;2;treino;1850;B3_CD202_IRR_REP_RECUP00006.asd;B3;CD202;IRRIG;D10M;manha;D10
svm;agrupado;todos;2;treino;1852;B3_CD202_NIRR_REP_RECUP00000.asd;B3;CD202;NIRRIG;D10M;manha;D10
svm;agrupado;todos;2;treino;1853;B3_CD202_NIRR_REP_RECUP00001.asd;B3;CD202;NIRRIG;D10M;manha;D10
svm;agrupado;todos;2;treino;1854;B3_CD202_NIRR_REP_RECUP00002.asd;B3;CD202;NIRRIG;D10M;manha;D10
svm;agrupado;todos;2;treino;1855;B3_CD202_NIRR_REP_RECUP00003.asd;B3;CD202;NIRRIG;D10M;manha;D10
svm;agrupado;todos;2;treino;1856;B3_CD202_NIRR_REP_RECUP00004.asd;B3;CD202;NIRRIG;D10M;manha;D10
svm;agrupado;todos;2;treino;1857;B3_CD202_NIRR_REP_RECUP00005.asd;B3;CD202;NIRRIG;D10M;manha;D10
svm;agrupado;todos;2;treino;1860;B3_EMB48_IRR_REP_RECUP00000.asd;B3;EMB48;IRRIG;D10M;manha;D10
svm;agrupado;todos;2;treino;1861;B3_EMB48_IRR_REP_RECUP00001.asd;B3;EMB48;IRRIG;D10M;manha;D10
svm;agrupado;todos;2;treino;1864;B3_EMB48_IRR_REP_RECUP00004.asd;B3;EMB48;IRRIG;D10M;manha;D10
svm;agrupado;todos;2;treino;1865;B3_EMB48_IRR_REP_RECUP00005.asd;B3;EMB48;IRRIG;D10M;manha;D10
svm;agrupado;todos;2;treino;1866;B3_EMB48_IRR_REP_RECUP00006.asd;B3;EMB48;IRRIG;D10M;manha;D10
svm;agrupado;todos;2;treino;1867;B3_EMB48_IRR_REP_RECUP00007.asd;B3;EMB48;IRRIG;D10M;manha;D10
svm;agrupado;todos;2;treino;1868;B3_EMB48_NIRR_REP_RECUP00000.asd;B3;EMB48;NIRRIG;D10M;manha;D10
svm;agrupado;todos;2;treino;1869;B3_EMB48_NIRR_REP_RECUP00001.asd;B3;EMB48;NIRRIG;D10M;manha;D10
svm;agrupado;todos;2;treino;1870;B3_EMB48_NIRR_REP_RECUP00002.asd;B3;EMB48;NIRRIG;D10M;manha;D10
svm;agrupado;todos;2;treino;1871;B3_EMB48_NIRR_REP_RECUP00003.asd;B3;EMB48;NIRRIG;D10M;manha;D10
svm;agrupado;todos;2;treino;1872;B3_EMB48_NIRR_REP_RECUP00004.asd;B3;EMB48;NIRRIG;D10M;manha;D10
svm;agrupado;todos;2;treino;1873;B3_EMB48_NIRR_REP_RECUP00005.asd;B3;EMB48;NIRRIG;D10M;manha;D10
svm;agrupado;todos;2;treino;1876;B4_BR16_IRR_REP_RECUP00000.asd;B4;BR16;IRRIG;D10M;manha;D10
svm;agrupado;todos;2;treino;1877;B4_BR16_IRR_REP_RECUP00001.asd;B4;BR16;IRRIG;D10M;manha;D10
svm;agrupado;todos;2;treino;1878;B4_BR16_IRR_REP_RECUP00002.asd;B4;BR16;IRRIG;D10M;manha;D10
svm;agrupado;todos;2;treino;1879;B4_BR16_IRR_REP_RECUP00003.asd;B4;BR16;IRRIG;D10M;manha;D10
svm;agrupado;todos;2;treino;1881;B4_BR16_IRR_REP_RECUP00005.asd;B4;BR16;IRRIG;D10M;manha;D10
svm;agrupado;todos;2;treino;1882;B4_BR16_IRR_REP_RECUP00006.asd;B4;BR16;IRRIG;D10M;manha;D10
svm;agrupado;todos;2;treino;1883;B4_BR16_IRR_REP_RECUP00007.asd;B4;BR16;IRRIG;D10M;manha;D10
svm;agrupado;todos;2;treino;1884;B4_BR16_NIRR_REP_RECUP00000.asd;B4;BR16;NIRRIG;D10M;manha;D10
svm;agrupado;todos;2;treino;1885;B4_BR16_NIRR_REP_RECUP00001.asd;B4;BR16;NIRRIG;D10M;manha;D10
svm;agrupado;todos;2;treino;1886;B4_BR16_NIRR_REP_RECUP00002.asd;B4;BR16;NIRRIG;D10M;manha;D10
svm;agrupado;todos;2;treino;1887;B4_BR16_NIRR_REP_RECUP00003.asd;B4;BR16;NIRRIG;D10M;manha;D10
svm;agrupado;todos;2;treino;1889;B4_BR16_NIRR_REP_RECUP00005.asd;B4;BR16;NIRRIG;D10M;manha;D10
svm;agrupado;todos;2;treino;1890;B4_BR16_NIRR_REP_RECUP00006.asd;B4;BR16;NIRRIG;D10M;manha;D10
svm;agrupado;todos;2;treino;1891;B4_BR16_NIRR_REP_RECUP00007.asd;B4;BR16;NIRRIG;D10M;manha;D10
svm;agrupado;todos;2;treino;1892;B4_CD202_IRR_REP_RECUP00000.asd;B4;CD202;IRRIG;D10M;manha;D10
svm;agrupado;todos;2;treino;1893;B4_CD202_IRR_REP_RECUP00001.asd;B4;CD202;IRRIG;D10M;manha;D10
svm;agrupado;todos;2;treino;1894;B4_CD202_IRR_REP_RECUP00002.asd;B4;CD202;IRRIG;D10M;manha;D10
svm;agrupado;todos;2;treino;1895;B4_CD202_IRR_REP_RECUP00003.asd;B4;CD202;IRRIG;D10M;manha;D10
svm;agrupado;todos;2;treino;1896;B4_CD202_IRR_REP_RECUP00004.asd;B4;CD202;IRRIG;D10M;manha;D10
svm;agrupado;todos;2;treino;1899;B4_CD202_IRR_REP_RECUP00007.asd;B4;CD202;IRRIG;D10M;manha;D10
svm;agrupado;todos;2;treino;1900;B4_CD202_NIRR_REP_RECUP00000.asd;B4;CD202;NIRRIG;D10M;manha;D10
svm;agrupado;todos;2;treino;1902;B4_CD202_NIRR_REP_RECUP00002.asd;B4;CD202;NIRRIG;D10M;manha;D10
svm;agrupado;todos;2;treino;1903;B4_CD202_NIRR_REP_RECUP00003.asd;B4;CD202;NIRRIG;D10M;manha;D10
svm;agrupado;todos;2;treino;1904;B4_CD202_NIRR_REP_RECUP00004.asd;B4;CD202;NIRRIG;D10M;manha;D10
svm;agrupado;todos;2;treino;1905;B4_CD202_NIRR_REP_RECUP00005.asd;B4;CD202;NIRRIG;D10M;manha;D10
svm;agrupado;todos;2;treino;1906;B4_CD202_NIRR_REP_RECUP00006.asd;B4;CD202;NIRRIG;D10M;manha;D10
svm;agrupado;todos;2;treino;1907;B4_CD202_NIRR_REP_RECUP00007.asd;B4;CD202;NIRRIG;D10M;manha;D10
svm;agrupado;todos;2;treino;1908;B4_EMB48_IRR_REP_RECUP00000.asd;B4;EMB48;IRRIG;D10M;manha;D10
svm;agrupado;todos;2;treino;1910;B4_EMB48_IRR_REP_RECUP00002.asd;B4;EMB48;IRRIG;D10M;manha;D10
svm;agrupado;todos;2;treino;1912;B4_EMB48_IRR_REP_RECUP00004.asd;B4;EMB48;IRRIG;D10M;manha;D10
svm;agrupado;todos;2;treino;1913;B4_EMB48_IRR_REP_RECUP00005.asd;B4;EMB48;IRRIG;D10M;manha;D10
svm;agrupado;todos;2;treino;1914;B4_EMB48_IRR_REP_RECUP00006.asd;B4;EMB48;IRRIG;D10M;manha;D10
svm;agrupado;todos;2;treino;1915;B4_EMB48_IRR_REP_RECUP00007.asd;B4;EMB48;IRRIG;D10M;manha;D10
svm;agrupado;todos;2;treino;1916;B4_EMB48_NIRR_REP_RECUP00000.asd;B4;EMB48;NIRRIG;D10M;manha;D10
svm;agrupado;todos;2;treino;1919;B4_EMB48_NIRR_REP_RECUP00003.asd;B4;EMB48;NIRRIG;D10M;manha;D10
svm;agrupado;todos;2;treino;1920;B4_EMB48_NIRR_REP_RECUP00004.asd;B4;EMB48;NIRRIG;D10M;manha;D10
svm;agrupado;todos;2;treino;1922;B4_EMB48_NIRR_REP_RECUP00006.asd;B4;EMB48;NIRRIG;D10M;manha;D10
svm;agrupado;todos;2;teste;2;B1_BR16_IRRIG_REPROD00002.asd;B1;BR16;IRRIG;D02M;manha;D02
svm;agrupado;todos;2;teste;5;B1_BR16_IRRIG_REPROD00005.asd;B1;BR16;IRRIG;D02M;manha;D02
svm;agrupado;todos;2;teste;11;B1_BR16_NIRRIG_REPROD00003.asd;B1;BR16;NIRRIG;D02M;manha;D02
svm;agrupado;todos;2;teste;15;B1_BR16_NIRRIG_REPROD00007.asd;B1;BR16;NIRRIG;D02M;manha;D02
svm;agrupado;todos;2;teste;17;B2_BR16_IRRIG_REPROD00001.asd;B2;BR16;IRRIG;D02M;manha;D02
svm;agrupado;todos;2;teste;34;B3_BR16_IRRIG_REPROD00002.asd;B3;BR16;IRRIG;D02M;manha;D02
svm;agrupado;todos;2;teste;39;B3_BR16_IRRIG_REPROD00007.asd;B3;BR16;IRRIG;D02M;manha;D02
svm;agrupado;todos;2;teste;50;B4_BR16_IRRIG_REPROD00002.asd;B4;BR16;IRRIG;D02M;manha;D02
svm;agrupado;todos;2;teste;59;B4_BR16_NIRRIG_REPROD00003.asd;B4;BR16;NIRRIG;D02M;manha;D02
svm;agrupado;todos;2;teste;60;B4_BR16_NIRRIG_REPROD00004.asd;B4;BR16;NIRRIG;D02M;manha;D02
svm;agrupado;todos;2;teste;64;B1_CD202_IRRIG_REPROD00000.asd;B1;CD202;IRRIG;D02M;manha;D02
svm;agrupado;todos;2;teste;72;B1_CD202_NIRRIG_REPROD00000.asd;B1;CD202;NIRRIG;D02M;manha;D02
svm;agrupado;todos;2;teste;73;B1_CD202_NIRRIG_REPROD00001.asd;B1;CD202;NIRRIG;D02M;manha;D02
svm;agrupado;todos;2;teste;74;B1_CD202_NIRRIG_REPROD00002.asd;B1;CD202;NIRRIG;D02M;manha;D02
svm;agrupado;todos;2;teste;75;B1_CD202_NIRRIG_REPROD00003.asd;B1;CD202;NIRRIG;D02M;manha;D02
svm;agrupado;todos;2;teste;82;B2_CD202_IRRIG_REPROD00002.asd;B2;CD202;IRRIG;D02M;manha;D02
svm;agrupado;todos;2;teste;83;B2_CD202_IRRIG_REPROD00003.asd;B2;CD202;IRRIG;D02M;manha;D02
svm;agrupado;todos;2;teste;89;B2_CD202_NIRRIG_REPROD00001.asd;B2;CD202;NIRRIG;D02M;manha;D02
svm;agrupado;todos;2;teste;92;B2_CD202_NIRRIG_REPROD00004.asd;B2;CD202;NIRRIG;D02M;manha;D02
svm;agrupado;todos;2;teste;97;B3_CD202_IRRIG_REPROD00001.asd;B3;CD202;IRRIG;D02M;manha;D02
svm;agrupado;todos;2;teste;99;B3_CD202_IRRIG_REPROD00003.asd;B3;CD202;IRRIG;D02M;manha;D02
svm;agrupado;todos;2;teste;102;B3_CD202_IRRIG_REPROD00006.asd;B3;CD202;IRRIG;D02M;manha;D02
svm;agrupado;todos;2;teste;108;B3_CD202_NIRRIG_REPROD00004.asd;B3;CD202;NIRRIG;D02M;manha;D02
svm;agrupado;todos;2;teste;120;B4_CD202_NIRRIG_REPROD00000.asd;B4;CD202;NIRRIG;D02M;manha;D02
svm;agrupado;todos;2;teste;135;B4_EMB48_IRRIG_REPROD00006.asd;B4;EMB48;IRRIG;D02M;manha;D02
svm;agrupado;todos;2;teste;140;B4_EMB48_NIRRIG_REPROD00001.asd;B4;EMB48;NIRRIG;D02M;manha;D02
svm;agrupado;todos;2;teste;144;B4_EMB48_NIRRIG_REPROD00003.asd;B4;EMB48;NIRRIG;D02M;manha;D02
svm;agrupado;todos;2;teste;149;B3_EMB48_IRRIG_REPROD00007.asd;B3;EMB48;IRRIG;D02M;manha;D02
svm;agrupado;todos;2;teste;151;B3_EMB48_NIRRIG_REPROD00000.asd;B3;EMB48;NIRRIG;D02M;manha;D02
svm;agrupado;todos;2;teste;153;B3_EMB48_NIRRIG_REPROD00001.asd;B3;EMB48;NIRRIG;D02M;manha;D02
svm;agrupado;todos;2;teste;156;B3_EMB48_NIRRIG_REPROD00004.asd;B3;EMB48;NIRRIG;D02M;manha;D02
svm;agrupado;todos;2;teste;163;B1_EMB48_IRRIG_REPROD00003.asd;B1;EMB48;IRRIG;D02M;manha;D02
svm;agrupado;todos;2;teste;164;B1_EMB48_IRRIG_REPROD00004.asd;B1;EMB48;IRRIG;D02M;manha;D02
svm;agrupado;todos;2;teste;167;B1_EMB48_IRRIG_REPROD00007.asd;B1;EMB48;IRRIG;D02M;manha;D02
svm;agrupado;todos;2;teste;168;B1_EMB48_NIRRIG_REPROD00000.asd;B1;EMB48;NIRRIG;D02M;manha;D02
svm;agrupado;todos;2;teste;178;B2_EMB48_IRRIG_REPROD00002.asd;B2;EMB48;IRRIG;D02M;manha;D02
svm;agrupado;todos;2;teste;183;B2_EMB48_IRRIG_REPROD00007.asd;B2;EMB48;IRRIG;D02M;manha;D02
svm;agrupado;todos;2;teste;191;B2_EMB48_NIRRIG_REPROD00007.asd;B2;EMB48;NIRRIG;D02M;manha;D02
svm;agrupado;todos;2;teste;194;B1_BR16_IRRIG_REPROD00002.asd;B1;BR16;IRRIG;D02T;tarde;D02
svm;agrupado;todos;2;teste;197;B1_BR16_IRRIG_REPROD00005.asd;B1;BR16;IRRIG;D02T;tarde;D02
svm;agrupado;todos;2;teste;203;B1_BR16_NIRRIG_REPROD00003.asd;B1;BR16;NIRRIG;D02T;tarde;D02
svm;agrupado;todos;2;teste;207;B1_BR16_NIRRIG_REPROD00007.asd;B1;BR16;NIRRIG;D02T;tarde;D02
svm;agrupado;todos;2;teste;209;B2_BR16_IRRIG_REPROD00001.asd;B2;BR16;IRRIG;D02T;tarde;D02
svm;agrupado;todos;2;teste;226;B3_BR16_IRRIG_REPROD00002.asd;B3;BR16;IRRIG;D02T;tarde;D02
svm;agrupado;todos;2;teste;231;B3_BR16_IRRIG_REPROD00007.asd;B3;BR16;IRRIG;D02T;tarde;D02
svm;agrupado;todos;2;teste;242;B4_BR16_IRRIG_REPROD00002.asd;B4;BR16;IRRIG;D02T;tarde;D02
svm;agrupado;todos;2;teste;251;B4_BR16_NIRRIG_REPROD00003.asd;B4;BR16;NIRRIG;D02T;tarde;D02
svm;agrupado;todos;2;teste;252;B4_BR16_NIRRIG_REPROD00004.asd;B4;BR16;NIRRIG;D02T;tarde;D02
svm;agrupado;todos;2;teste;256;B1_CD202_IRRIG_REPROD00000.asd;B1;CD202;IRRIG;D02T;tarde;D02
svm;agrupado;todos;2;teste;264;B1_CD202_NIRRIG_REPROD00000.asd;B1;CD202;NIRRIG;D02T;tarde;D02
svm;agrupado;todos;2;teste;265;B1_CD202_NIRRIG_REPROD00001.asd;B1;CD202;NIRRIG;D02T;tarde;D02
svm;agrupado;todos;2;teste;266;B1_CD202_NIRRIG_REPROD00002.asd;B1;CD202;NIRRIG;D02T;tarde;D02
svm;agrupado;todos;2;teste;267;B1_CD202_NIRRIG_REPROD00003.asd;B1;CD202;NIRRIG;D02T;tarde;D02
svm;agrupado;todos;2;teste;274;B2_CD202_IRRIG_REPROD00002.asd;B2;CD202;IRRIG;D02T;tarde;D02
svm;agrupado;todos;2;teste;275;B2_CD202_IRRIG_REPROD00003.asd;B2;CD202;IRRIG;D02T;tarde;D02
svm;agrupado;todos;2;teste;281;B2_CD202_NIRRIG_REPROD00001.asd;B2;CD202;NIRRIG;D02T;tarde;D02
svm;agrupado;todos;2;teste;284;B2_CD202_NIRRIG_REPROD00004.asd;B2;CD202;NIRRIG;D02T;tarde;D02
svm;agrupado;todos;2;teste;289;B3_CD202_IRRIG_REPROD00001.asd;B3;CD202;IRRIG;D02T;tarde;D02
svm;agrupado;todos;2;teste;291;B3_CD202_IRRIG_REPROD00003.asd;B3;CD202;IRRIG;D02T;tarde;D02
svm;agrupado;todos;2;teste;294;B3_CD202_IRRIG_REPROD00006.asd;B3;CD202;IRRIG;D02T;tarde;D02
svm;agrupado;todos;2;teste;300;B3_CD202_NIRRIG_REPROD00004.asd;B3;CD202;NIRRIG;D02T;tarde;D02
svm;agrupado;todos;2;teste;312;B4_CD202_NIRRIG_REPROD00000.asd;B4;CD202;NIRRIG;D02T;tarde;D02
svm;agrupado;todos;2;teste;323;B1_EMB48_IRRIG_REPROD00003.asd;B1;EMB48;IRRIG;D02T;tarde;D02
svm;agrupado;todos;2;teste;324;B1_EMB48_IRRIG_REPROD00004.asd;B1;EMB48;IRRIG;D02T;tarde;D02
svm;agrupado;todos;2;teste;327;B1_EMB48_IRRIG_REPROD00007.asd;B1;EMB48;IRRIG;D02T;tarde;D02
svm;agrupado;todos;2;teste;328;B1_EMB48_NIRRIG_REPROD00000.asd;B1;EMB48;NIRRIG;D02T;tarde;D02
svm;agrupado;todos;2;teste;338;B2_EMB48_IRRIG_REPROD00002.asd;B2;EMB48;IRRIG;D02T;tarde;D02
svm;agrupado;todos;2;teste;343;B2_EMB48_IRRIG_REPROD00007.asd;B2;EMB48;IRRIG;D02T;tarde;D02
svm;agrupado;todos;2;teste;351;B2_EMB48_NIRRIG_REPROD00007.asd;B2;EMB48;NIRRIG;D02T;tarde;D02
svm;agrupado;todos;2;teste;359;B3_EMB48_IRRIG_REPROD00007.asd;B3;EMB48;IRRIG;D02T;tarde;D02
svm;agrupado;todos;2;teste;360;B3_EMB48_NIRRIG_REPROD00000.asd;B3;EMB48;NIRRIG;D02T;tarde;D02
svm;agrupado;todos;2;teste;361;B3_EMB48_NIRRIG_REPROD00001.asd;B3;EMB48;NIRRIG;D02T;tarde;D02
svm;agrupado;todos;2;teste;364;B3_EMB48_NIRRIG_REPROD00004.asd;B3;EMB48;NIRRIG;D02T;tarde;D02
svm;agrupado;todos;2;teste;374;B4_EMB48_IRRIG_REPROD00006.asd;B4;EMB48;IRRIG;D02T;tarde;D02
svm;agrupado;todos;2;teste;377;B4_EMB48_NIRRIG_REPROD00001.asd;B4;EMB48;NIRRIG;D02T;tarde;D02
svm;agrupado;todos;2;teste;379;B4_EMB48_NIRRIG_REPROD00003.asd;B4;EMB48;NIRRIG;D02T;tarde;D02
svm;agrupado;todos;2;teste;386;B1_BR16_IRRIG_REPROD00002.asd;B1;BR16;IRRIG;D03M;manha;D03
svm;agrupado;todos;2;teste;389;B1_BR16_IRRIG_REPROD00005.asd;B1;BR16;IRRIG;D03M;manha;D03
svm;agrupado;todos;2;teste;395;B1_BR16_NIRRIG_REPROD00003.asd;B1;BR16;NIRRIG;D03M;manha;D03
svm;agrupado;todos;2;teste;399;B1_BR16_NIRRIG_REPROD00007.asd;B1;BR16;NIRRIG;D03M;manha;D03
svm;agrupado;todos;2;teste;401;B2_BR16_IRRIG_REPROD00001.asd;B2;BR16;IRRIG;D03M;manha;D03
svm;agrupado;todos;2;teste;418;B3_BR16_IRRIG_REPROD00002.asd;B3;BR16;IRRIG;D03M;manha;D03
svm;agrupado;todos;2;teste;423;B3_BR16_IRRIG_REPROD00007.asd;B3;BR16;IRRIG;D03M;manha;D03
svm;agrupado;todos;2;teste;434;B4_BR16_IRRIG_REPROD00002.asd;B4;BR16;IRRIG;D03M;manha;D03
svm;agrupado;todos;2;teste;443;B4_BR16_NIRRIG_REPROD00003.asd;B4;BR16;NIRRIG;D03M;manha;D03
svm;agrupado;todos;2;teste;444;B4_BR16_NIRRIG_REPROD00004.asd;B4;BR16;NIRRIG;D03M;manha;D03
svm;agrupado;todos;2;teste;448;B1_CD202_IRRIG_REPROD00000.asd;B1;CD202;IRRIG;D03M;manha;D03
svm;agrupado;todos;2;teste;456;B1_CD202_NIRRIG_REPROD00000.asd;B1;CD202;NIRRIG;D03M;manha;D03
svm;agrupado;todos;2;teste;457;B1_CD202_NIRRIG_REPROD00001.asd;B1;CD202;NIRRIG;D03M;manha;D03
svm;agrupado;todos;2;teste;458;B1_CD202_NIRRIG_REPROD00002.asd;B1;CD202;NIRRIG;D03M;manha;D03
svm;agrupado;todos;2;teste;459;B1_CD202_NIRRIG_REPROD00003.asd;B1;CD202;NIRRIG;D03M;manha;D03
svm;agrupado;todos;2;teste;466;B2_CD202_IRRIG_REPROD00002.asd;B2;CD202;IRRIG;D03M;manha;D03
svm;agrupado;todos;2;teste;467;B2_CD202_IRRIG_REPROD00003.asd;B2;CD202;IRRIG;D03M;manha;D03
svm;agrupado;todos;2;teste;473;B2_CD202_NIRRIG_REPROD00001.asd;B2;CD202;NIRRIG;D03M;manha;D03
svm;agrupado;todos;2;teste;476;B2_CD202_NIRRIG_REPROD00004.asd;B2;CD202;NIRRIG;D03M;manha;D03
svm;agrupado;todos;2;teste;481;B3_CD202_IRRIG_REPROD00001.asd;B3;CD202;IRRIG;D03M;manha;D03
svm;agrupado;todos;2;teste;483;B3_CD202_IRRIG_REPROD00003.asd;B3;CD202;IRRIG;D03M;manha;D03
svm;agrupado;todos;2;teste;486;B3_CD202_IRRIG_REPROD00006.asd;B3;CD202;IRRIG;D03M;manha;D03
svm;agrupado;todos;2;teste;492;B3_CD202_NIRRIG_REPROD00004.asd;B3;CD202;NIRRIG;D03M;manha;D03
svm;agrupado;todos;2;teste;504;B4_CD202_NIRRIG_REPROD00000.asd;B4;CD202;NIRRIG;D03M;manha;D03
svm;agrupado;todos;2;teste;515;B1_EMB48_IRRIG_REPROD00003.asd;B1;EMB48;IRRIG;D03M;manha;D03
svm;agrupado;todos;2;teste;516;B1_EMB48_IRRIG_REPROD00004.asd;B1;EMB48;IRRIG;D03M;manha;D03
svm;agrupado;todos;2;teste;519;B1_EMB48_IRRIG_REPROD00007.asd;B1;EMB48;IRRIG;D03M;manha;D03
svm;agrupado;todos;2;teste;520;B1_EMB48_NIRRIG_REPROD00000.asd;B1;EMB48;NIRRIG;D03M;manha;D03
svm;agrupado;todos;2;teste;530;B2_EMB48_IRRIG_REPROD00002.asd;B2;EMB48;IRRIG;D03M;manha;D03
svm;agrupado;todos;2;teste;535;B2_EMB48_IRRIG_REPROD00007.asd;B2;EMB48;IRRIG;D03M;manha;D03
svm;agrupado;todos;2;teste;543;B2_EMB48_NIRRIG_REPROD00007.asd;B2;EMB48;NIRRIG;D03M;manha;D03
svm;agrupado;todos;2;teste;551;B3_EMB48_IRRIG_REPROD00007.asd;B3;EMB48;IRRIG;D03M;manha;D03
svm;agrupado;todos;2;teste;552;B3_EMB48_NIRRIG_REPROD00000.asd;B3;EMB48;NIRRIG;D03M;manha;D03
svm;agrupado;todos;2;teste;553;B3_EMB48_NIRRIG_REPROD00001.asd;B3;EMB48;NIRRIG;D03M;manha;D03
svm;agrupado;todos;2;teste;556;B3_EMB48_NIRRIG_REPROD00004.asd;B3;EMB48;NIRRIG;D03M;manha;D03
svm;agrupado;todos;2;teste;566;B4_EMB48_IRRIG_REPROD00006.asd;B4;EMB48;IRRIG;D03M;manha;D03
svm;agrupado;todos;2;teste;569;B4_EMB48_NIRRIG_REPROD00001.asd;B4;EMB48;NIRRIG;D03M;manha;D03
svm;agrupado;todos;2;teste;571;B4_EMB48_NIRRIG_REPROD00003.asd;B4;EMB48;NIRRIG;D03M;manha;D03
svm;agrupado;todos;2;teste;578;B1_BR16_IRRIG_REPROD00002.asd;B1;BR16;IRRIG;D03T;tarde;D03
svm;agrupado;todos;2;teste;581;B1_BR16_IRRIG_REPROD00005.asd;B1;BR16;IRRIG;D03T;tarde;D03
svm;agrupado;todos;2;teste;587;B1_BR16_NIRRIG_REPROD00003.asd;B1;BR16;NIRRIG;D03T;tarde;D03
svm;agrupado;todos;2;teste;591;B1_BR16_NIRRIG_REPROD00007.asd;B1;BR16;NIRRIG;D03T;tarde;D03
svm;agrupado;todos;2;teste;593;B2_BR16_IRRIG_REPROD00001.asd;B2;BR16;IRRIG;D03T;tarde;D03
svm;agrupado;todos;2;teste;610;B3_BR16_IRRIG_REPROD00002.asd;B3;BR16;IRRIG;D03T;tarde;D03
svm;agrupado;todos;2;teste;615;B3_BR16_IRRIG_REPROD00007.asd;B3;BR16;IRRIG;D03T;tarde;D03
svm;agrupado;todos;2;teste;626;B4_BR16_IRRIG_REPROD00002.asd;B4;BR16;IRRIG;D03T;tarde;D03
svm;agrupado;todos;2;teste;635;B4_BR16_NIRRIG_REPROD00003.asd;B4;BR16;NIRRIG;D03T;tarde;D03
svm;agrupado;todos;2;teste;636;B4_BR16_NIRRIG_REPROD00004.asd;B4;BR16;NIRRIG;D03T;tarde;D03
svm;agrupado;todos;2;teste;640;B1_CD202_IRRIG_REPROD00000.asd;B1;CD202;IRRIG;D03T;tarde;D03
svm;agrupado;todos;2;teste;648;B1_CD202_NIRRIG_REPROD00000.asd;B1;CD202;NIRRIG;D03T;tarde;D03
svm;agrupado;todos;2;teste;649;B1_CD202_NIRRIG_REPROD00001.asd;B1;CD202;NIRRIG;D03T;tarde;D03
svm;agrupado;todos;2;teste;650;B1_CD202_NIRRIG_REPROD00002.asd;B1;CD202;NIRRIG;D03T;tarde;D03
svm;agrupado;todos;2;teste;651;B1_CD202_NIRRIG_REPROD00003.asd;B1;CD202;NIRRIG;D03T;tarde;D03
svm;agrupado;todos;2;teste;658;B2_CD202_IRRIG_REPROD00002.asd;B2;CD202;IRRIG;D03T;tarde;D03
svm;agrupado;todos;2;teste;659;B2_CD202_IRRIG_REPROD00003.asd;B2;CD202;IRRIG;D03T;tarde;D03
svm;agrupado;todos;2;teste;665;B2_CD202_NIRRIG_REPROD00001.asd;B2;CD202;NIRRIG;D03T;tarde;D03
svm;agrupado;todos;2;teste;668;B2_CD202_NIRRIG_REPROD00004.asd;B2;CD202;NIRRIG;D03T;tarde;D03
svm;agrupado;todos;2;teste;673;B3_CD202_IRRIG_REPROD00001.asd;B3;CD202;IRRIG;D03T;tarde;D03
svm;agrupado;todos;2;teste;675;B3_CD202_IRRIG_REPROD00003.asd;B3;CD202;IRRIG;D03T;tarde;D03
svm;agrupado;todos;2;teste;678;B3_CD202_IRRIG_REPROD00006.asd;B3;CD202;IRRIG;D03T;tarde;D03
svm;agrupado;todos;2;teste;684;B3_CD202_NIRRIG_REPROD00004.asd;B3;CD202;NIRRIG;D03T;tarde;D03
svm;agrupado;todos;2;teste;696;B4_CD202_NIRRIG_REPROD00000.asd;B4;CD202;NIRRIG;D03T;tarde;D03
svm;agrupado;todos;2;teste;707;B1_EMB48_IRRIG_REPROD00003.asd;B1;EMB48;IRRIG;D03T;tarde;D03
svm;agrupado;todos;2;teste;708;B1_EMB48_IRRIG_REPROD00004.asd;B1;EMB48;IRRIG;D03T;tarde;D03
svm;agrupado;todos;2;teste;711;B1_EMB48_IRRIG_REPROD00007.asd;B1;EMB48;IRRIG;D03T;tarde;D03
svm;agrupado;todos;2;teste;712;B1_EMB48_NIRRIG_REPROD00000.asd;B1;EMB48;NIRRIG;D03T;tarde;D03
svm;agrupado;todos;2;teste;722;B2_EMB48_IRRIG_REPROD00002.asd;B2;EMB48;IRRIG;D03T;tarde;D03
svm;agrupado;todos;2;teste;727;B2_EMB48_IRRIG_REPROD00007.asd;B2;EMB48;IRRIG;D03T;tarde;D03
svm;agrupado;todos;2;teste;735;B2_EMB48_NIRRIG_REPROD00007.asd;B2;EMB48;NIRRIG;D03T;tarde;D03
svm;agrupado;todos;2;teste;743;B3_EMB48_IRRIG_REPROD00007.asd;B3;EMB48;IRRIG;D03T;tarde;D03
svm;agrupado;todos;2;teste;744;B3_EMB48_NIRRIG_REPROD00000.asd;B3;EMB48;NIRRIG;D03T;tarde;D03
svm;agrupado;todos;2;teste;745;B3_EMB48_NIRRIG_REPROD00001.asd;B3;EMB48;NIRRIG;D03T;tarde;D03
svm;agrupado;todos;2;teste;748;B3_EMB48_NIRRIG_REPROD00004.asd;B3;EMB48;NIRRIG;D03T;tarde;D03
svm;agrupado;todos;2;teste;758;B4_EMB48_IRRIG_REPROD00006.asd;B4;EMB48;IRRIG;D03T;tarde;D03
svm;agrupado;todos;2;teste;761;B4_EMB48_NIRRIG_REPROD00001.asd;B4;EMB48;NIRRIG;D03T;tarde;D03
svm;agrupado;todos;2;teste;763;B4_EMB48_NIRRIG_REPROD00003.asd;B4;EMB48;NIRRIG;D03T;tarde;D03
svm;agrupado;todos;2;teste;770;B1_BR16_IRRIG_REPROD00002.asd;B1;BR16;IRRIG;D04M;manha;D04
svm;agrupado;todos;2;teste;773;B1_BR16_IRRIG_REPROD00005.asd;B1;BR16;IRRIG;D04M;manha;D04
svm;agrupado;todos;2;teste;779;B1_BR16_NIRRIG_REPROD00003.asd;B1;BR16;NIRRIG;D04M;manha;D04
svm;agrupado;todos;2;teste;783;B1_BR16_NIRRIG_REPROD00007.asd;B1;BR16;NIRRIG;D04M;manha;D04
svm;agrupado;todos;2;teste;785;B2_BR16_IRRIG_REPROD00001.asd;B2;BR16;IRRIG;D04M;manha;D04
svm;agrupado;todos;2;teste;802;B3_BR16_IRRIG_REPROD00002.asd;B3;BR16;IRRIG;D04M;manha;D04
svm;agrupado;todos;2;teste;807;B3_BR16_IRRIG_REPROD00007.asd;B3;BR16;IRRIG;D04M;manha;D04
svm;agrupado;todos;2;teste;818;B4_BR16_IRRIG_REPROD00002.asd;B4;BR16;IRRIG;D04M;manha;D04
svm;agrupado;todos;2;teste;827;B4_BR16_NIRRIG_REPROD00003.asd;B4;BR16;NIRRIG;D04M;manha;D04
svm;agrupado;todos;2;teste;828;B4_BR16_NIRRIG_REPROD00004.asd;B4;BR16;NIRRIG;D04M;manha;D04
svm;agrupado;todos;2;teste;832;B1_CD202_IRRIG_REPROD00000.asd;B1;CD202;IRRIG;D04M;manha;D04
svm;agrupado;todos;2;teste;840;B1_CD202_NIRRIG_REPROD00000.asd;B1;CD202;NIRRIG;D04M;manha;D04
svm;agrupado;todos;2;teste;841;B1_CD202_NIRRIG_REPROD00001.asd;B1;CD202;NIRRIG;D04M;manha;D04
svm;agrupado;todos;2;teste;842;B1_CD202_NIRRIG_REPROD00002.asd;B1;CD202;NIRRIG;D04M;manha;D04
svm;agrupado;todos;2;teste;843;B1_CD202_NIRRIG_REPROD00003.asd;B1;CD202;NIRRIG;D04M;manha;D04
svm;agrupado;todos;2;teste;850;B2_CD202_IRRIG_REPROD00002.asd;B2;CD202;IRRIG;D04M;manha;D04
svm;agrupado;todos;2;teste;851;B2_CD202_IRRIG_REPROD00003.asd;B2;CD202;IRRIG;D04M;manha;D04
svm;agrupado;todos;2;teste;857;B2_CD202_NIRRIG_REPROD00001.asd;B2;CD202;NIRRIG;D04M;manha;D04
svm;agrupado;todos;2;teste;860;B2_CD202_NIRRIG_REPROD00004.asd;B2;CD202;NIRRIG;D04M;manha;D04
svm;agrupado;todos;2;teste;865;B3_CD202_IRRIG_REPROD00001.asd;B3;CD202;IRRIG;D04M;manha;D04
svm;agrupado;todos;2;teste;867;B3_CD202_IRRIG_REPROD00003.asd;B3;CD202;IRRIG;D04M;manha;D04
svm;agrupado;todos;2;teste;870;B3_CD202_IRRIG_REPROD00006.asd;B3;CD202;IRRIG;D04M;manha;D04
svm;agrupado;todos;2;teste;876;B3_CD202_NIRRIG_REPROD00004.asd;B3;CD202;NIRRIG;D04M;manha;D04
svm;agrupado;todos;2;teste;888;B4_CD202_NIRRIG_REPROD00000.asd;B4;CD202;NIRRIG;D04M;manha;D04
svm;agrupado;todos;2;teste;899;B1_EMB48_IRRIG_REPROD00003.asd;B1;EMB48;IRRIG;D04M;manha;D04
svm;agrupado;todos;2;teste;900;B1_EMB48_IRRIG_REPROD00004.asd;B1;EMB48;IRRIG;D04M;manha;D04
svm;agrupado;todos;2;teste;903;B1_EMB48_IRRIG_REPROD00007.asd;B1;EMB48;IRRIG;D04M;manha;D04
svm;agrupado;todos;2;teste;904;B1_EMB48_NIRRIG_REPROD00000.asd;B1;EMB48;NIRRIG;D04M;manha;D04
svm;agrupado;todos;2;teste;914;B2_EMB48_IRRIG_REPROD00002.asd;B2;EMB48;IRRIG;D04M;manha;D04
svm;agrupado;todos;2;teste;919;B2_EMB48_IRRIG_REPROD00007.asd;B2;EMB48;IRRIG;D04M;manha;D04
svm;agrupado;todos;2;teste;927;B2_EMB48_NIRRIG_REPROD00007.asd;B2;EMB48;NIRRIG;D04M;manha;D04
svm;agrupado;todos;2;teste;935;B3_EMB48_IRRIG_REPROD00007.asd;B3;EMB48;IRRIG;D04M;manha;D04
svm;agrupado;todos;2;teste;936;B3_EMB48_NIRRIG_REPROD00000.asd;B3;EMB48;NIRRIG;D04M;manha;D04
svm;agrupado;todos;2;teste;937;B3_EMB48_NIRRIG_REPROD00001.asd;B3;EMB48;NIRRIG;D04M;manha;D04
svm;agrupado;todos;2;teste;940;B3_EMB48_NIRRIG_REPROD00004.asd;B3;EMB48;NIRRIG;D04M;manha;D04
svm;agrupado;todos;2;teste;950;B4_EMB48_IRRIG_REPROD00006.asd;B4;EMB48;IRRIG;D04M;manha;D04
svm;agrupado;todos;2;teste;953;B4_EMB48_NIRRIG_REPROD00001.asd;B4;EMB48;NIRRIG;D04M;manha;D04
svm;agrupado;todos;2;teste;955;B4_EMB48_NIRRIG_REPROD00003.asd;B4;EMB48;NIRRIG;D04M;manha;D04
svm;agrupado;todos;2;teste;962;B1_BR16_IRRIG_REPROD00002.asd;B1;BR16;IRRIG;D05M;manha;D05
svm;agrupado;todos;2;teste;965;B1_BR16_IRRIG_REPROD00005.asd;B1;BR16;IRRIG;D05M;manha;D05
svm;agrupado;todos;2;teste;971;B1_BR16_NIRRIG_REPROD00003.asd;B1;BR16;NIRRIG;D05M;manha;D05
svm;agrupado;todos;2;teste;975;B1_BR16_NIRRIG_REPROD00007.asd;B1;BR16;NIRRIG;D05M;manha;D05
svm;agrupado;todos;2;teste;977;B2_BR16_IRRIG_REPROD00001.asd;B2;BR16;IRRIG;D05M;manha;D05
svm;agrupado;todos;2;teste;994;B3_BR16_IRRIG_REPROD00002.asd;B3;BR16;IRRIG;D05M;manha;D05
svm;agrupado;todos;2;teste;999;B3_BR16_IRRIG_REPROD00007.asd;B3;BR16;IRRIG;D05M;manha;D05
svm;agrupado;todos;2;teste;1010;B4_BR16_IRRIG_REPROD00002.asd;B4;BR16;IRRIG;D05M;manha;D05
svm;agrupado;todos;2;teste;1019;B4_BR16_NIRRIG_REPROD00003.asd;B4;BR16;NIRRIG;D05M;manha;D05
svm;agrupado;todos;2;teste;1020;B4_BR16_NIRRIG_REPROD00004.asd;B4;BR16;NIRRIG;D05M;manha;D05
svm;agrupado;todos;2;teste;1024;B1_CD202_IRRIG_REPROD00000.asd;B1;CD202;IRRIG;D05M;manha;D05
svm;agrupado;todos;2;teste;1032;B1_CD202_NIRRIG_REPROD00000.asd;B1;CD202;NIRRIG;D05M;manha;D05
svm;agrupado;todos;2;teste;1033;B1_CD202_NIRRIG_REPROD00001.asd;B1;CD202;NIRRIG;D05M;manha;D05
svm;agrupado;todos;2;teste;1034;B1_CD202_NIRRIG_REPROD00002.asd;B1;CD202;NIRRIG;D05M;manha;D05
svm;agrupado;todos;2;teste;1035;B1_CD202_NIRRIG_REPROD00003.asd;B1;CD202;NIRRIG;D05M;manha;D05
svm;agrupado;todos;2;teste;1042;B2_CD202_IRRIG_REPROD00002.asd;B2;CD202;IRRIG;D05M;manha;D05
svm;agrupado;todos;2;teste;1043;B2_CD202_IRRIG_REPROD00003.asd;B2;CD202;IRRIG;D05M;manha;D05
svm;agrupado;todos;2;teste;1049;B2_CD202_NIRRIG_REPROD00001.asd;B2;CD202;NIRRIG;D05M;manha;D05
svm;agrupado;todos;2;teste;1052;B2_CD202_NIRRIG_REPROD00004.asd;B2;CD202;NIRRIG;D05M;manha;D05
svm;agrupado;todos;2;teste;1057;B3_CD202_IRRIG_REPROD00001.asd;B3;CD202;IRRIG;D05M;manha;D05
svm;agrupado;todos;2;teste;1059;B3_CD202_IRRIG_REPROD00003.asd;B3;CD202;IRRIG;D05M;manha;D05
svm;agrupado;todos;2;teste;1062;B3_CD202_IRRIG_REPROD00006.asd;B3;CD202;IRRIG;D05M;manha;D05
svm;agrupado;todos;2;teste;1068;B3_CD202_NIRRIG_REPROD00004.asd;B3;CD202;NIRRIG;D05M;manha;D05
svm;agrupado;todos;2;teste;1080;B4_CD202_NIRRIG_REPROD00000.asd;B4;CD202;NIRRIG;D05M;manha;D05
svm;agrupado;todos;2;teste;1091;B1_EMB48_IRRIG_REPROD00003.asd;B1;EMB48;IRRIG;D05M;manha;D05
svm;agrupado;todos;2;teste;1092;B1_EMB48_IRRIG_REPROD00004.asd;B1;EMB48;IRRIG;D05M;manha;D05
svm;agrupado;todos;2;teste;1095;B1_EMB48_IRRIG_REPROD00007.asd;B1;EMB48;IRRIG;D05M;manha;D05
svm;agrupado;todos;2;teste;1096;B1_EMB48_NIRRIG_REPROD00000.asd;B1;EMB48;NIRRIG;D05M;manha;D05
svm;agrupado;todos;2;teste;1106;B2_EMB48_IRRIG_REPROD00002.asd;B2;EMB48;IRRIG;D05M;manha;D05
svm;agrupado;todos;2;teste;1111;B2_EMB48_IRRIG_REPROD00007.asd;B2;EMB48;IRRIG;D05M;manha;D05
svm;agrupado;todos;2;teste;1119;B2_EMB48_NIRRIG_REPROD00007.asd;B2;EMB48;NIRRIG;D05M;manha;D05
svm;agrupado;todos;2;teste;1127;B3_EMB48_IRRIG_REPROD00007.asd;B3;EMB48;IRRIG;D05M;manha;D05
svm;agrupado;todos;2;teste;1128;B3_EMB48_NIRRIG_REPROD00000.asd;B3;EMB48;NIRRIG;D05M;manha;D05
svm;agrupado;todos;2;teste;1129;B3_EMB48_NIRRIG_REPROD00001.asd;B3;EMB48;NIRRIG;D05M;manha;D05
svm;agrupado;todos;2;teste;1132;B3_EMB48_NIRRIG_REPROD00004.asd;B3;EMB48;NIRRIG;D05M;manha;D05
svm;agrupado;todos;2;teste;1142;B4_EMB48_IRRIG_REPROD00006.asd;B4;EMB48;IRRIG;D05M;manha;D05
svm;agrupado;todos;2;teste;1145;B4_EMB48_NIRRIG_REPROD00001.asd;B4;EMB48;NIRRIG;D05M;manha;D05
svm;agrupado;todos;2;teste;1147;B4_EMB48_NIRRIG_REPROD00003.asd;B4;EMB48;NIRRIG;D05M;manha;D05
svm;agrupado;todos;2;teste;1154;B1_BR16_IRRIG_REPROD00002.asd;B1;BR16;IRRIG;D06M;manha;D06
svm;agrupado;todos;2;teste;1157;B1_BR16_IRRIG_REPROD00005.asd;B1;BR16;IRRIG;D06M;manha;D06
svm;agrupado;todos;2;teste;1163;B1_BR16_NIRRIG_REPROD00003.asd;B1;BR16;NIRRIG;D06M;manha;D06
svm;agrupado;todos;2;teste;1167;B1_BR16_NIRRIG_REPROD00007.asd;B1;BR16;NIRRIG;D06M;manha;D06
svm;agrupado;todos;2;teste;1169;B2_BR16_IRRIG_REPROD00001.asd;B2;BR16;IRRIG;D06M;manha;D06
svm;agrupado;todos;2;teste;1186;B3_BR16_IRRIG_REPROD00002.asd;B3;BR16;IRRIG;D06M;manha;D06
svm;agrupado;todos;2;teste;1191;B3_BR16_IRRIG_REPROD00007.asd;B3;BR16;IRRIG;D06M;manha;D06
svm;agrupado;todos;2;teste;1202;B4_BR16_IRRIG_REPROD00002.asd;B4;BR16;IRRIG;D06M;manha;D06
svm;agrupado;todos;2;teste;1211;B4_BR16_NIRRIG_REPROD00003.asd;B4;BR16;NIRRIG;D06M;manha;D06
svm;agrupado;todos;2;teste;1212;B4_BR16_NIRRIG_REPROD00004.asd;B4;BR16;NIRRIG;D06M;manha;D06
svm;agrupado;todos;2;teste;1216;B1_CD202_IRRIG_REPROD00000.asd;B1;CD202;IRRIG;D06M;manha;D06
svm;agrupado;todos;2;teste;1224;B1_CD202_NIRRIG_REPROD00000.asd;B1;CD202;NIRRIG;D06M;manha;D06
svm;agrupado;todos;2;teste;1225;B1_CD202_NIRRIG_REPROD00001.asd;B1;CD202;NIRRIG;D06M;manha;D06
svm;agrupado;todos;2;teste;1226;B1_CD202_NIRRIG_REPROD00002.asd;B1;CD202;NIRRIG;D06M;manha;D06
svm;agrupado;todos;2;teste;1227;B1_CD202_NIRRIG_REPROD00003.asd;B1;CD202;NIRRIG;D06M;manha;D06
svm;agrupado;todos;2;teste;1234;B2_CD202_IRRIG_REPROD00002.asd;B2;CD202;IRRIG;D06M;manha;D06
svm;agrupado;todos;2;teste;1235;B2_CD202_IRRIG_REPROD00003.asd;B2;CD202;IRRIG;D06M;manha;D06
svm;agrupado;todos;2;teste;1241;B2_CD202_NIRRIG_REPROD00001.asd;B2;CD202;NIRRIG;D06M;manha;D06
svm;agrupado;todos;2;teste;1244;B2_CD202_NIRRIG_REPROD00004.asd;B2;CD202;NIRRIG;D06M;manha;D06
svm;agrupado;todos;2;teste;1249;B3_CD202_IRRIG_REPROD00001.asd;B3;CD202;IRRIG;D06M;manha;D06
svm;agrupado;todos;2;teste;1251;B3_CD202_IRRIG_REPROD00003.asd;B3;CD202;IRRIG;D06M;manha;D06
svm;agrupado;todos;2;teste;1254;B3_CD202_IRRIG_REPROD00006.asd;B3;CD202;IRRIG;D06M;manha;D06
svm;agrupado;todos;2;teste;1260;B3_CD202_NIRRIG_REPROD00004.asd;B3;CD202;NIRRIG;D06M;manha;D06
svm;agrupado;todos;2;teste;1272;B4_CD202_NIRRIG_REPROD00000.asd;B4;CD202;NIRRIG;D06M;manha;D06
svm;agrupado;todos;2;teste;1283;B1_EMB48_IRRIG_REPROD00003.asd;B1;EMB48;IRRIG;D06M;manha;D06
svm;agrupado;todos;2;teste;1284;B1_EMB48_IRRIG_REPROD00004.asd;B1;EMB48;IRRIG;D06M;manha;D06
svm;agrupado;todos;2;teste;1287;B1_EMB48_IRRIG_REPROD00007.asd;B1;EMB48;IRRIG;D06M;manha;D06
svm;agrupado;todos;2;teste;1288;B1_EMB48_NIRRIG_REPROD00000.asd;B1;EMB48;NIRRIG;D06M;manha;D06
svm;agrupado;todos;2;teste;1298;B2_EMB48_IRRIG_REPROD00002.asd;B2;EMB48;IRRIG;D06M;manha;D06
svm;agrupado;todos;2;teste;1303;B2_EMB48_IRRIG_REPROD00007.asd;B2;EMB48;IRRIG;D06M;manha;D06
svm;agrupado;todos;2;teste;1311;B2_EMB48_NIRRIG_REPROD00007.asd;B2;EMB48;NIRRIG;D06M;manha;D06
svm;agrupado;todos;2;teste;1319;B3_EMB48_IRRIG_REPROD00007.asd;B3;EMB48;IRRIG;D06M;manha;D06
svm;agrupado;todos;2;teste;1320;B3_EMB48_NIRRIG_REPROD00000.asd;B3;EMB48;NIRRIG;D06M;manha;D06
svm;agrupado;todos;2;teste;1321;B3_EMB48_NIRRIG_REPROD00001.asd;B3;EMB48;NIRRIG;D06M;manha;D06
svm;agrupado;todos;2;teste;1324;B3_EMB48_NIRRIG_REPROD00004.asd;B3;EMB48;NIRRIG;D06M;manha;D06
svm;agrupado;todos;2;teste;1334;B4_EMB48_IRRIG_REPROD00006.asd;B4;EMB48;IRRIG;D06M;manha;D06
svm;agrupado;todos;2;teste;1337;B4_EMB48_NIRRIG_REPROD00001.asd;B4;EMB48;NIRRIG;D06M;manha;D06
svm;agrupado;todos;2;teste;1339;B4_EMB48_NIRRIG_REPROD00003.asd;B4;EMB48;NIRRIG;D06M;manha;D06
svm;agrupado;todos;2;teste;1346;B1_BR16_IRR_REP_RECUP00002.asd;B1;BR16;IRRIG;D09M;manha;D09
svm;agrupado;todos;2;teste;1351;B1_BR16_IRR_REP_RECUP00007.asd;B1;BR16;IRRIG;D09M;manha;D09
svm;agrupado;todos;2;teste;1359;B1_BR16_NIRR_REP_RECUP00007.asd;B1;BR16;NIRRIG;D09M;manha;D09
svm;agrupado;todos;2;teste;1362;B2_BR16_IRR_REP_RECUP00002.asd;B2;BR16;IRRIG;D09M;manha;D09
svm;agrupado;todos;2;teste;1367;B2_BR16_IRR_REP_RECUP00007.asd;B2;BR16;IRRIG;D09M;manha;D09
svm;agrupado;todos;2;teste;1369;B2_BR16_NIRR_REP_RECUP00001.asd;B2;BR16;NIRRIG;D09M;manha;D09
svm;agrupado;todos;2;teste;1378;B3_BR16_IRR_REP_RECUP00002.asd;B3;BR16;IRRIG;D09M;manha;D09
svm;agrupado;todos;2;teste;1381;B3_BR16_IRR_REP_RECUP00005.asd;B3;BR16;IRRIG;D09M;manha;D09
svm;agrupado;todos;2;teste;1383;B3_BR16_IRR_REP_RECUP00007.asd;B3;BR16;IRRIG;D09M;manha;D09
svm;agrupado;todos;2;teste;1386;B3_BR16_NIRR_REP_RECUP00002.asd;B3;BR16;NIRRIG;D09M;manha;D09
svm;agrupado;todos;2;teste;1389;B3_BR16_NIRR_REP_RECUP00005.asd;B3;BR16;NIRRIG;D09M;manha;D09
svm;agrupado;todos;2;teste;1390;B3_BR16_NIRR_REP_RECUP00006.asd;B3;BR16;NIRRIG;D09M;manha;D09
svm;agrupado;todos;2;teste;1396;B4_BR16_IRR_REP_RECUP00004.asd;B4;BR16;IRRIG;D09M;manha;D09
svm;agrupado;todos;2;teste;1404;B4_BR16_NIRR_REP_RECUP00004.asd;B4;BR16;NIRRIG;D09M;manha;D09
svm;agrupado;todos;2;teste;1411;B1_CD202_IRR_REP_RECUP00003.asd;B1;CD202;IRRIG;D09M;manha;D09
svm;agrupado;todos;2;teste;1414;B1_CD202_IRR_REP_RECUP00006.asd;B1;CD202;IRRIG;D09M;manha;D09
svm;agrupado;todos;2;teste;1422;B1_CD202_NIRR_REP_RECUP00002.asd;B1;CD202;NIRRIG;D09M;manha;D09
svm;agrupado;todos;2;teste;1426;B1_CD202_NIRR_REP_RECUP00006.asd;B1;CD202;NIRRIG;D09M;manha;D09
svm;agrupado;todos;2;teste;1431;B2_CD202_IRR_REP_RECUP00003.asd;B2;CD202;IRRIG;D09M;manha;D09
svm;agrupado;todos;2;teste;1443;B2_CD202_NIRR_REP_RECUP00007.asd;B2;CD202;NIRRIG;D09M;manha;D09
svm;agrupado;todos;2;teste;1446;B3_CD202_IRR_REP_RECUP00002.asd;B3;CD202;IRRIG;D09M;manha;D09
svm;agrupado;todos;2;teste;1448;B3_CD202_IRR_REP_RECUP00004.asd;B3;CD202;IRRIG;D09M;manha;D09
svm;agrupado;todos;2;teste;1451;B3_CD202_IRR_REP_RECUP00007.asd;B3;CD202;IRRIG;D09M;manha;D09
svm;agrupado;todos;2;teste;1458;B3_CD202_NIRR_REP_RECUP00006.asd;B3;CD202;NIRRIG;D09M;manha;D09
svm;agrupado;todos;2;teste;1459;B3_CD202_NIRR_REP_RECUP00007.asd;B3;CD202;NIRRIG;D09M;manha;D09
svm;agrupado;todos;2;teste;1465;B4_CD202_IRR_REP_RECUP00005.asd;B4;CD202;IRRIG;D09M;manha;D09
svm;agrupado;todos;2;teste;1466;B4_CD202_IRR_REP_RECUP00006.asd;B4;CD202;IRRIG;D09M;manha;D09
svm;agrupado;todos;2;teste;1469;B4_CD202_NIRR_REP_RECUP00001.asd;B4;CD202;NIRRIG;D09M;manha;D09
svm;agrupado;todos;2;teste;1505;B2_EMB48_NIRR_REP_RECUP00009.asd;B2;EMB48;NIRRIG;D09M;manha;D09
svm;agrupado;todos;2;teste;1510;B3_EMB48_IRR_REP_RECUP00002.asd;B3;EMB48;IRRIG;D09M;manha;D09
svm;agrupado;todos;2;teste;1511;B3_EMB48_IRR_REP_RECUP00003.asd;B3;EMB48;IRRIG;D09M;manha;D09
svm;agrupado;todos;2;teste;1522;B3_EMB48_NIRR_REP_RECUP00006.asd;B3;EMB48;NIRRIG;D09M;manha;D09
svm;agrupado;todos;2;teste;1523;B3_EMB48_NIRR_REP_RECUP00007.asd;B3;EMB48;NIRRIG;D09M;manha;D09
svm;agrupado;todos;2;teste;1525;B4_EMB48_IRR_REP_RECUP00001.asd;B4;EMB48;IRRIG;D09M;manha;D09
svm;agrupado;todos;2;teste;1527;B4_EMB48_IRR_REP_RECUP00003.asd;B4;EMB48;IRRIG;D09M;manha;D09
svm;agrupado;todos;2;teste;1533;B4_EMB48_NIRR_REP_RECUP00001.asd;B4;EMB48;NIRRIG;D09M;manha;D09
svm;agrupado;todos;2;teste;1534;B4_EMB48_NIRR_REP_RECUP00002.asd;B4;EMB48;NIRRIG;D09M;manha;D09
svm;agrupado;todos;2;teste;1537;B4_EMB48_NIRR_REP_RECUP00005.asd;B4;EMB48;NIRRIG;D09M;manha;D09
svm;agrupado;todos;2;teste;1539;B4_EMB48_NIRR_REP_RECUP00007.asd;B4;EMB48;NIRRIG;D09M;manha;D09
svm;agrupado;todos;2;teste;1542;B1_BR16_IRR_REP_RECUP00002.asd;B1;BR16;IRRIG;D09T;tarde;D09
svm;agrupado;todos;2;teste;1547;B1_BR16_IRR_REP_RECUP00007.asd;B1;BR16;IRRIG;D09T;tarde;D09
svm;agrupado;todos;2;teste;1555;B1_BR16_NIRR_REP_RECUP00007.asd;B1;BR16;NIRRIG;D09T;tarde;D09
svm;agrupado;todos;2;teste;1558;B2_BR16_IRR_REP_RECUP00002.asd;B2;BR16;IRRIG;D09T;tarde;D09
svm;agrupado;todos;2;teste;1563;B2_BR16_IRR_REP_RECUP00007.asd;B2;BR16;IRRIG;D09T;tarde;D09
svm;agrupado;todos;2;teste;1566;B2_BR16_NIRR_REP_RECUP00010.asd;B2;BR16;NIRRIG;D09T;tarde;D09
svm;agrupado;todos;2;teste;1569;B2_BR16_NIRR_REP_RECUP00013.asd;B2;BR16;NIRRIG;D09T;tarde;D09
svm;agrupado;todos;2;teste;1574;B3_BR16_IRR_REP_RECUP00002.asd;B3;BR16;IRRIG;D09T;tarde;D09
svm;agrupado;todos;2;teste;1577;B3_BR16_IRR_REP_RECUP00005.asd;B3;BR16;IRRIG;D09T;tarde;D09
svm;agrupado;todos;2;teste;1579;B3_BR16_IRR_REP_RECUP00007.asd;B3;BR16;IRRIG;D09T;tarde;D09
svm;agrupado;todos;2;teste;1582;B3_BR16_NIRR_REP_RECUP00002.asd;B3;BR16;NIRRIG;D09T;tarde;D09
svm;agrupado;todos;2;teste;1585;B3_BR16_NIRR_REP_RECUP00005.asd;B3;BR16;NIRRIG;D09T;tarde;D09
svm;agrupado;todos;2;teste;1586;B3_BR16_NIRR_REP_RECUP00006.asd;B3;BR16;NIRRIG;D09T;tarde;D09
svm;agrupado;todos;2;teste;1592;B4_BR16_IRR_REP_RECUP00004.asd;B4;BR16;IRRIG;D09T;tarde;D09
svm;agrupado;todos;2;teste;1600;B4_BR16_NIRR_REP_RECUP00004.asd;B4;BR16;NIRRIG;D09T;tarde;D09
svm;agrupado;todos;2;teste;1607;B1_CD202_IRR_REP_RECUP00003.asd;B1;CD202;IRRIG;D09T;tarde;D09
svm;agrupado;todos;2;teste;1610;B1_CD202_IRR_REP_RECUP00006.asd;B1;CD202;IRRIG;D09T;tarde;D09
svm;agrupado;todos;2;teste;1614;B1_CD202_NIRR_REP_RECUP00002.asd;B1;CD202;NIRRIG;D09T;tarde;D09
svm;agrupado;todos;2;teste;1618;B1_CD202_NIRR_REP_RECUP00006.asd;B1;CD202;NIRRIG;D09T;tarde;D09
svm;agrupado;todos;2;teste;1623;B2_CD202_IRR_REP_RECUP00003.asd;B2;CD202;IRRIG;D09T;tarde;D09
svm;agrupado;todos;2;teste;1635;B2_CD202_NIRR_REP_RECUP00007.asd;B2;CD202;NIRRIG;D09T;tarde;D09
svm;agrupado;todos;2;teste;1638;B3_CD202_IRR_REP_RECUP00002.asd;B3;CD202;IRRIG;D09T;tarde;D09
svm;agrupado;todos;2;teste;1640;B3_CD202_IRR_REP_RECUP00004.asd;B3;CD202;IRRIG;D09T;tarde;D09
svm;agrupado;todos;2;teste;1643;B3_CD202_IRR_REP_RECUP00007.asd;B3;CD202;IRRIG;D09T;tarde;D09
svm;agrupado;todos;2;teste;1650;B3_CD202_NIRR_REP_RECUP00006.asd;B3;CD202;NIRRIG;D09T;tarde;D09
svm;agrupado;todos;2;teste;1651;B3_CD202_NIRR_REP_RECUP00007.asd;B3;CD202;NIRRIG;D09T;tarde;D09
svm;agrupado;todos;2;teste;1657;B4_CD202_IRR_REP_RECUP00005.asd;B4;CD202;IRRIG;D09T;tarde;D09
svm;agrupado;todos;2;teste;1658;B4_CD202_IRR_REP_RECUP00006.asd;B4;CD202;IRRIG;D09T;tarde;D09
svm;agrupado;todos;2;teste;1661;B4_CD202_NIRR_REP_RECUP00001.asd;B4;CD202;NIRRIG;D09T;tarde;D09
svm;agrupado;todos;2;teste;1699;B2_EMB48_NIRR_REP_RECUP00007.asd;B2;EMB48;NIRRIG;D09T;tarde;D09
svm;agrupado;todos;2;teste;1702;B3_EMB48_IRR_REP_RECUP00002.asd;B3;EMB48;IRRIG;D09T;tarde;D09
svm;agrupado;todos;2;teste;1703;B3_EMB48_IRR_REP_RECUP00003.asd;B3;EMB48;IRRIG;D09T;tarde;D09
svm;agrupado;todos;2;teste;1714;B3_EMB48_NIRR_REP_RECUP00006.asd;B3;EMB48;NIRRIG;D09T;tarde;D09
svm;agrupado;todos;2;teste;1715;B3_EMB48_NIRR_REP_RECUP00007.asd;B3;EMB48;NIRRIG;D09T;tarde;D09
svm;agrupado;todos;2;teste;1717;B4_EMB48_IRR_REP_RECUP00001.asd;B4;EMB48;IRRIG;D09T;tarde;D09
svm;agrupado;todos;2;teste;1719;B4_EMB48_IRR_REP_RECUP00003.asd;B4;EMB48;IRRIG;D09T;tarde;D09
svm;agrupado;todos;2;teste;1725;B4_EMB48_NIRR_REP_RECUP00001.asd;B4;EMB48;NIRRIG;D09T;tarde;D09
svm;agrupado;todos;2;teste;1726;B4_EMB48_NIRR_REP_RECUP00002.asd;B4;EMB48;NIRRIG;D09T;tarde;D09
svm;agrupado;todos;2;teste;1729;B4_EMB48_NIRR_REP_RECUP00005.asd;B4;EMB48;NIRRIG;D09T;tarde;D09
svm;agrupado;todos;2;teste;1731;B4_EMB48_NIRR_REP_RECUP00007.asd;B4;EMB48;NIRRIG;D09T;tarde;D09
svm;agrupado;todos;2;teste;1734;B1_BR16_IRR_REP_RECUP00002.asd;B1;BR16;IRRIG;D10M;manha;D10
svm;agrupado;todos;2;teste;1739;B1_BR16_IRR_REP_RECUP00007.asd;B1;BR16;IRRIG;D10M;manha;D10
svm;agrupado;todos;2;teste;1747;B1_BR16_NIRR_REP_RECUP00007.asd;B1;BR16;NIRRIG;D10M;manha;D10
svm;agrupado;todos;2;teste;1751;B1_CD202_IRR_REP_RECUP00003.asd;B1;CD202;IRRIG;D10M;manha;D10
svm;agrupado;todos;2;teste;1754;B1_CD202_IRR_REP_RECUP00006.asd;B1;CD202;IRRIG;D10M;manha;D10
svm;agrupado;todos;2;teste;1758;B1_CD202_NIRR_REP_RECUP00002.asd;B1;CD202;NIRRIG;D10M;manha;D10
svm;agrupado;todos;2;teste;1762;B1_CD202_NIRR_REP_RECUP00006.asd;B1;CD202;NIRRIG;D10M;manha;D10
svm;agrupado;todos;2;teste;1782;B2_BR16_IRR_REP_RECUP00002.asd;B2;BR16;IRRIG;D10M;manha;D10
svm;agrupado;todos;2;teste;1787;B2_BR16_IRR_REP_RECUP00007.asd;B2;BR16;IRRIG;D10M;manha;D10
svm;agrupado;todos;2;teste;1789;B2_BR16_NIRR_REP_RECUP00001.asd;B2;BR16;NIRRIG;D10M;manha;D10
svm;agrupado;todos;2;teste;1799;B2_CD202_IRR_REP_RECUP00003.asd;B2;CD202;IRRIG;D10M;manha;D10
svm;agrupado;todos;2;teste;1804;B2_CD202_NIRR_REP_RECUP00008.asd;B2;CD202;NIRRIG;D10M;manha;D10
svm;agrupado;todos;2;teste;1807;B2_CD202_NIRR_REP_RECUP00011.asd;B2;CD202;NIRRIG;D10M;manha;D10
svm;agrupado;todos;2;teste;1827;B2_EMB48_NIRR_REP_RECUP00007.asd;B2;EMB48;NIRRIG;D10M;manha;D10
svm;agrupado;todos;2;teste;1830;B3_BR16_IRR_REP_RECUP00002.asd;B3;BR16;IRRIG;D10M;manha;D10
svm;agrupado;todos;2;teste;1833;B3_BR16_IRR_REP_RECUP00005.asd;B3;BR16;IRRIG;D10M;manha;D10
svm;agrupado;todos;2;teste;1835;B3_BR16_IRR_REP_RECUP00007.asd;B3;BR16;IRRIG;D10M;manha;D10
svm;agrupado;todos;2;teste;1838;B3_BR16_NIRR_REP_RECUP00002.asd;B3;BR16;NIRRIG;D10M;manha;D10
svm;agrupado;todos;2;teste;1841;B3_BR16_NIRR_REP_RECUP00005.asd;B3;BR16;NIRRIG;D10M;manha;D10
svm;agrupado;todos;2;teste;1842;B3_BR16_NIRR_REP_RECUP00006.asd;B3;BR16;NIRRIG;D10M;manha;D10
svm;agrupado;todos;2;teste;1846;B3_CD202_IRR_REP_RECUP00002.asd;B3;CD202;IRRIG;D10M;manha;D10
svm;agrupado;todos;2;teste;1848;B3_CD202_IRR_REP_RECUP00004.asd;B3;CD202;IRRIG;D10M;manha;D10
svm;agrupado;todos;2;teste;1851;B3_CD202_IRR_REP_RECUP00007.asd;B3;CD202;IRRIG;D10M;manha;D10
svm;agrupado;todos;2;teste;1858;B3_CD202_NIRR_REP_RECUP00006.asd;B3;CD202;NIRRIG;D10M;manha;D10
svm;agrupado;todos;2;teste;1859;B3_CD202_NIRR_REP_RECUP00007.asd;B3;CD202;NIRRIG;D10M;manha;D10
svm;agrupado;todos;2;teste;1862;B3_EMB48_IRR_REP_RECUP00002.asd;B3;EMB48;IRRIG;D10M;manha;D10
svm;agrupado;todos;2;teste;1863;B3_EMB48_IRR_REP_RECUP00003.asd;B3;EMB48;IRRIG;D10M;manha;D10
svm;agrupado;todos;2;teste;1874;B3_EMB48_NIRR_REP_RECUP00006.asd;B3;EMB48;NIRRIG;D10M;manha;D10
svm;agrupado;todos;2;teste;1875;B3_EMB48_NIRR_REP_RECUP00007.asd;B3;EMB48;NIRRIG;D10M;manha;D10
svm;agrupado;todos;2;teste;1880;B4_BR16_IRR_REP_RECUP00004.asd;B4;BR16;IRRIG;D10M;manha;D10
svm;agrupado;todos;2;teste;1888;B4_BR16_NIRR_REP_RECUP00004.asd;B4;BR16;NIRRIG;D10M;manha;D10
svm;agrupado;todos;2;teste;1897;B4_CD202_IRR_REP_RECUP00005.asd;B4;CD202;IRRIG;D10M;manha;D10
svm;agrupado;todos;2;teste;1898;B4_CD202_IRR_REP_RECUP00006.asd;B4;CD202;IRRIG;D10M;manha;D10
svm;agrupado;todos;2;teste;1901;B4_CD202_NIRR_REP_RECUP00001.asd;B4;CD202;NIRRIG;D10M;manha;D10
svm;agrupado;todos;2;teste;1909;B4_EMB48_IRR_REP_RECUP00001.asd;B4;EMB48;IRRIG;D10M;manha;D10
svm;agrupado;todos;2;teste;1911;B4_EMB48_IRR_REP_RECUP00003.asd;B4;EMB48;IRRIG;D10M;manha;D10
svm;agrupado;todos;2;teste;1917;B4_EMB48_NIRR_REP_RECUP00001.asd;B4;EMB48;NIRRIG;D10M;manha;D10
svm;agrupado;todos;2;teste;1918;B4_EMB48_NIRR_REP_RECUP00002.asd;B4;EMB48;NIRRIG;D10M;manha;D10
svm;agrupado;todos;2;teste;1921;B4_EMB48_NIRR_REP_RECUP00005.asd;B4;EMB48;NIRRIG;D10M;manha;D10
svm;agrupado;todos;2;teste;1923;B4_EMB48_NIRR_REP_RECUP00007.asd;B4;EMB48;NIRRIG;D10M;manha;D10
svm;agrupado;todos;3;treino;0;B1_BR16_IRRIG_REPROD00000.asd;B1;BR16;IRRIG;D02M;manha;D02
svm;agrupado;todos;3;treino;1;B1_BR16_IRRIG_REPROD00001.asd;B1;BR16;IRRIG;D02M;manha;D02
svm;agrupado;todos;3;treino;2;B1_BR16_IRRIG_REPROD00002.asd;B1;BR16;IRRIG;D02M;manha;D02
svm;agrupado;todos;3;treino;3;B1_BR16_IRRIG_REPROD00003.asd;B1;BR16;IRRIG;D02M;manha;D02
svm;agrupado;todos;3;treino;5;B1_BR16_IRRIG_REPROD00005.asd;B1;BR16;IRRIG;D02M;manha;D02
svm;agrupado;todos;3;treino;6;B1_BR16_IRRIG_REPROD00006.asd;B1;BR16;IRRIG;D02M;manha;D02
svm;agrupado;todos;3;treino;7;B1_BR16_IRRIG_REPROD00007.asd;B1;BR16;IRRIG;D02M;manha;D02
svm;agrupado;todos;3;treino;8;B1_BR16_NIRRIG_REPROD00000.asd;B1;BR16;NIRRIG;D02M;manha;D02
svm;agrupado;todos;3;treino;9;B1_BR16_NIRRIG_REPROD00001.asd;B1;BR16;NIRRIG;D02M;manha;D02
svm;agrupado;todos;3;treino;11;B1_BR16_NIRRIG_REPROD00003.asd;B1;BR16;NIRRIG;D02M;manha;D02
svm;agrupado;todos;3;treino;12;B1_BR16_NIRRIG_REPROD00004.asd;B1;BR16;NIRRIG;D02M;manha;D02
svm;agrupado;todos;3;treino;13;B1_BR16_NIRRIG_REPROD00005.asd;B1;BR16;NIRRIG;D02M;manha;D02
svm;agrupado;todos;3;treino;14;B1_BR16_NIRRIG_REPROD00006.asd;B1;BR16;NIRRIG;D02M;manha;D02
svm;agrupado;todos;3;treino;15;B1_BR16_NIRRIG_REPROD00007.asd;B1;BR16;NIRRIG;D02M;manha;D02
svm;agrupado;todos;3;treino;16;B2_BR16_IRRIG_REPROD00000.asd;B2;BR16;IRRIG;D02M;manha;D02
svm;agrupado;todos;3;treino;17;B2_BR16_IRRIG_REPROD00001.asd;B2;BR16;IRRIG;D02M;manha;D02
svm;agrupado;todos;3;treino;18;B2_BR16_IRRIG_REPROD00002.asd;B2;BR16;IRRIG;D02M;manha;D02
svm;agrupado;todos;3;treino;19;B2_BR16_IRRIG_REPROD00003.asd;B2;BR16;IRRIG;D02M;manha;D02
svm;agrupado;todos;3;treino;23;B2_BR16_IRRIG_REPROD00007.asd;B2;BR16;IRRIG;D02M;manha;D02
svm;agrupado;todos;3;treino;25;B2_BR16_NIRRIG_REPROD00001.asd;B2;BR16;NIRRIG;D02M;manha;D02
svm;agrupado;todos;3;treino;26;B2_BR16_NIRRIG_REPROD00002.asd;B2;BR16;NIRRIG;D02M;manha;D02
svm;agrupado;todos;3;treino;27;B2_BR16_NIRRIG_REPROD00003.asd;B2;BR16;NIRRIG;D02M;manha;D02
svm;agrupado;todos;3;treino;28;B2_BR16_NIRRIG_REPROD00004.asd;B2;BR16;NIRRIG;D02M;manha;D02
svm;agrupado;todos;3;treino;29;B2_BR16_NIRRIG_REPROD00005.asd;B2;BR16;NIRRIG;D02M;manha;D02
svm;agrupado;todos;3;treino;30;B2_BR16_NIRRIG_REPROD00006.asd;B2;BR16;NIRRIG;D02M;manha;D02
svm;agrupado;todos;3;treino;31;B2_BR16_NIRRIG_REPROD00007.asd;B2;BR16;NIRRIG;D02M;manha;D02
svm;agrupado;todos;3;treino;32;B3_BR16_IRRIG_REPROD00000.asd;B3;BR16;IRRIG;D02M;manha;D02
svm;agrupado;todos;3;treino;33;B3_BR16_IRRIG_REPROD00001.asd;B3;BR16;IRRIG;D02M;manha;D02
svm;agrupado;todos;3;treino;34;B3_BR16_IRRIG_REPROD00002.asd;B3;BR16;IRRIG;D02M;manha;D02
svm;agrupado;todos;3;treino;35;B3_BR16_IRRIG_REPROD00003.asd;B3;BR16;IRRIG;D02M;manha;D02
svm;agrupado;todos;3;treino;36;B3_BR16_IRRIG_REPROD00004.asd;B3;BR16;IRRIG;D02M;manha;D02
svm;agrupado;todos;3;treino;37;B3_BR16_IRRIG_REPROD00005.asd;B3;BR16;IRRIG;D02M;manha;D02
svm;agrupado;todos;3;treino;39;B3_BR16_IRRIG_REPROD00007.asd;B3;BR16;IRRIG;D02M;manha;D02
svm;agrupado;todos;3;treino;40;B3_BR16_NIRRIG_REPROD00000.asd;B3;BR16;NIRRIG;D02M;manha;D02
svm;agrupado;todos;3;treino;41;B3_BR16_NIRRIG_REPROD00001.asd;B3;BR16;NIRRIG;D02M;manha;D02
svm;agrupado;todos;3;treino;44;B3_BR16_NIRRIG_REPROD00004.asd;B3;BR16;NIRRIG;D02M;manha;D02
svm;agrupado;todos;3;treino;45;B3_BR16_NIRRIG_REPROD00005.asd;B3;BR16;NIRRIG;D02M;manha;D02
svm;agrupado;todos;3;treino;47;B3_BR16_NIRRIG_REPROD00007.asd;B3;BR16;NIRRIG;D02M;manha;D02
svm;agrupado;todos;3;treino;48;B4_BR16_IRRIG_REPROD00000.asd;B4;BR16;IRRIG;D02M;manha;D02
svm;agrupado;todos;3;treino;49;B4_BR16_IRRIG_REPROD00001.asd;B4;BR16;IRRIG;D02M;manha;D02
svm;agrupado;todos;3;treino;50;B4_BR16_IRRIG_REPROD00002.asd;B4;BR16;IRRIG;D02M;manha;D02
svm;agrupado;todos;3;treino;51;B4_BR16_IRRIG_REPROD00003.asd;B4;BR16;IRRIG;D02M;manha;D02
svm;agrupado;todos;3;treino;52;B4_BR16_IRRIG_REPROD00004.asd;B4;BR16;IRRIG;D02M;manha;D02
svm;agrupado;todos;3;treino;55;B4_BR16_IRRIG_REPROD00007.asd;B4;BR16;IRRIG;D02M;manha;D02
svm;agrupado;todos;3;treino;56;B4_BR16_NIRRIG_REPROD00000.asd;B4;BR16;NIRRIG;D02M;manha;D02
svm;agrupado;todos;3;treino;57;B4_BR16_NIRRIG_REPROD00001.asd;B4;BR16;NIRRIG;D02M;manha;D02
svm;agrupado;todos;3;treino;58;B4_BR16_NIRRIG_REPROD00002.asd;B4;BR16;NIRRIG;D02M;manha;D02
svm;agrupado;todos;3;treino;59;B4_BR16_NIRRIG_REPROD00003.asd;B4;BR16;NIRRIG;D02M;manha;D02
svm;agrupado;todos;3;treino;60;B4_BR16_NIRRIG_REPROD00004.asd;B4;BR16;NIRRIG;D02M;manha;D02
svm;agrupado;todos;3;treino;61;B4_BR16_NIRRIG_REPROD00005.asd;B4;BR16;NIRRIG;D02M;manha;D02
svm;agrupado;todos;3;treino;62;B4_BR16_NIRRIG_REPROD00006.asd;B4;BR16;NIRRIG;D02M;manha;D02
svm;agrupado;todos;3;treino;63;B4_BR16_NIRRIG_REPROD00007.asd;B4;BR16;NIRRIG;D02M;manha;D02
svm;agrupado;todos;3;treino;64;B1_CD202_IRRIG_REPROD00000.asd;B1;CD202;IRRIG;D02M;manha;D02
svm;agrupado;todos;3;treino;66;B1_CD202_IRRIG_REPROD00002.asd;B1;CD202;IRRIG;D02M;manha;D02
svm;agrupado;todos;3;treino;67;B1_CD202_IRRIG_REPROD00003.asd;B1;CD202;IRRIG;D02M;manha;D02
svm;agrupado;todos;3;treino;68;B1_CD202_IRRIG_REPROD00004.asd;B1;CD202;IRRIG;D02M;manha;D02
svm;agrupado;todos;3;treino;70;B1_CD202_IRRIG_REPROD00006.asd;B1;CD202;IRRIG;D02M;manha;D02
svm;agrupado;todos;3;treino;71;B1_CD202_IRRIG_REPROD00007.asd;B1;CD202;IRRIG;D02M;manha;D02
svm;agrupado;todos;3;treino;72;B1_CD202_NIRRIG_REPROD00000.asd;B1;CD202;NIRRIG;D02M;manha;D02
svm;agrupado;todos;3;treino;73;B1_CD202_NIRRIG_REPROD00001.asd;B1;CD202;NIRRIG;D02M;manha;D02
svm;agrupado;todos;3;treino;74;B1_CD202_NIRRIG_REPROD00002.asd;B1;CD202;NIRRIG;D02M;manha;D02
svm;agrupado;todos;3;treino;75;B1_CD202_NIRRIG_REPROD00003.asd;B1;CD202;NIRRIG;D02M;manha;D02
svm;agrupado;todos;3;treino;77;B1_CD202_NIRRIG_REPROD00005.asd;B1;CD202;NIRRIG;D02M;manha;D02
svm;agrupado;todos;3;treino;78;B1_CD202_NIRRIG_REPROD00006.asd;B1;CD202;NIRRIG;D02M;manha;D02
svm;agrupado;todos;3;treino;80;B2_CD202_IRRIG_REPROD00000.asd;B2;CD202;IRRIG;D02M;manha;D02
svm;agrupado;todos;3;treino;81;B2_CD202_IRRIG_REPROD00001.asd;B2;CD202;IRRIG;D02M;manha;D02
svm;agrupado;todos;3;treino;82;B2_CD202_IRRIG_REPROD00002.asd;B2;CD202;IRRIG;D02M;manha;D02
svm;agrupado;todos;3;treino;83;B2_CD202_IRRIG_REPROD00003.asd;B2;CD202;IRRIG;D02M;manha;D02
svm;agrupado;todos;3;treino;84;B2_CD202_IRRIG_REPROD00004.asd;B2;CD202;IRRIG;D02M;manha;D02
svm;agrupado;todos;3;treino;85;B2_CD202_IRRIG_REPROD00005.asd;B2;CD202;IRRIG;D02M;manha;D02
svm;agrupado;todos;3;treino;86;B2_CD202_IRRIG_REPROD00006.asd;B2;CD202;IRRIG;D02M;manha;D02
svm;agrupado;todos;3;treino;87;B2_CD202_IRRIG_REPROD00007.asd;B2;CD202;IRRIG;D02M;manha;D02
svm;agrupado;todos;3;treino;88;B2_CD202_NIRRIG_REPROD00000.asd;B2;CD202;NIRRIG;D02M;manha;D02
svm;agrupado;todos;3;treino;89;B2_CD202_NIRRIG_REPROD00001.asd;B2;CD202;NIRRIG;D02M;manha;D02
svm;agrupado;todos;3;treino;91;B2_CD202_NIRRIG_REPROD00003.asd;B2;CD202;NIRRIG;D02M;manha;D02
svm;agrupado;todos;3;treino;92;B2_CD202_NIRRIG_REPROD00004.asd;B2;CD202;NIRRIG;D02M;manha;D02
svm;agrupado;todos;3;treino;93;B2_CD202_NIRRIG_REPROD00005.asd;B2;CD202;NIRRIG;D02M;manha;D02
svm;agrupado;todos;3;treino;94;B2_CD202_NIRRIG_REPROD00006.asd;B2;CD202;NIRRIG;D02M;manha;D02
svm;agrupado;todos;3;treino;97;B3_CD202_IRRIG_REPROD00001.asd;B3;CD202;IRRIG;D02M;manha;D02
svm;agrupado;todos;3;treino;98;B3_CD202_IRRIG_REPROD00002.asd;B3;CD202;IRRIG;D02M;manha;D02
svm;agrupado;todos;3;treino;99;B3_CD202_IRRIG_REPROD00003.asd;B3;CD202;IRRIG;D02M;manha;D02
svm;agrupado;todos;3;treino;100;B3_CD202_IRRIG_REPROD00004.asd;B3;CD202;IRRIG;D02M;manha;D02
svm;agrupado;todos;3;treino;101;B3_CD202_IRRIG_REPROD00005.asd;B3;CD202;IRRIG;D02M;manha;D02
svm;agrupado;todos;3;treino;102;B3_CD202_IRRIG_REPROD00006.asd;B3;CD202;IRRIG;D02M;manha;D02
svm;agrupado;todos;3;treino;103;B3_CD202_IRRIG_REPROD00007.asd;B3;CD202;IRRIG;D02M;manha;D02
svm;agrupado;todos;3;treino;104;B3_CD202_NIRRIG_REPROD00000.asd;B3;CD202;NIRRIG;D02M;manha;D02
svm;agrupado;todos;3;treino;105;B3_CD202_NIRRIG_REPROD00001.asd;B3;CD202;NIRRIG;D02M;manha;D02
svm;agrupado;todos;3;treino;106;B3_CD202_NIRRIG_REPROD00002.asd;B3;CD202;NIRRIG;D02M;manha;D02
svm;agrupado;todos;3;treino;108;B3_CD202_NIRRIG_REPROD00004.asd;B3;CD202;NIRRIG;D02M;manha;D02
svm;agrupado;todos;3;treino;110;B3_CD202_NIRRIG_REPROD00006.asd;B3;CD202;NIRRIG;D02M;manha;D02
svm;agrupado;todos;3;treino;112;B4_CD202_IRRIG_REPROD00000.asd;B4;CD202;IRRIG;D02M;manha;D02
svm;agrupado;todos;3;treino;114;B4_CD202_IRRIG_REPROD00002.asd;B4;CD202;IRRIG;D02M;manha;D02
svm;agrupado;todos;3;treino;115;B4_CD202_IRRIG_REPROD00003.asd;B4;CD202;IRRIG;D02M;manha;D02
svm;agrupado;todos;3;treino;116;B4_CD202_IRRIG_REPROD00004.asd;B4;CD202;IRRIG;D02M;manha;D02
svm;agrupado;todos;3;treino;117;B4_CD202_IRRIG_REPROD00005.asd;B4;CD202;IRRIG;D02M;manha;D02
svm;agrupado;todos;3;treino;119;B4_CD202_IRRIG_REPROD00007.asd;B4;CD202;IRRIG;D02M;manha;D02
svm;agrupado;todos;3;treino;120;B4_CD202_NIRRIG_REPROD00000.asd;B4;CD202;NIRRIG;D02M;manha;D02
svm;agrupado;todos;3;treino;122;B4_CD202_NIRRIG_REPROD00002.asd;B4;CD202;NIRRIG;D02M;manha;D02
svm;agrupado;todos;3;treino;123;B4_CD202_NIRRIG_REPROD00003.asd;B4;CD202;NIRRIG;D02M;manha;D02
svm;agrupado;todos;3;treino;124;B4_CD202_NIRRIG_REPROD00004.asd;B4;CD202;NIRRIG;D02M;manha;D02
svm;agrupado;todos;3;treino;125;B4_CD202_NIRRIG_REPROD00005.asd;B4;CD202;NIRRIG;D02M;manha;D02
svm;agrupado;todos;3;treino;126;B4_CD202_NIRRIG_REPROD00006.asd;B4;CD202;NIRRIG;D02M;manha;D02
svm;agrupado;todos;3;treino;127;B4_CD202_NIRRIG_REPROD00007.asd;B4;CD202;NIRRIG;D02M;manha;D02
svm;agrupado;todos;3;treino;128;B3_EMB48_IRRIG_REPROD00000.asd;B3;EMB48;IRRIG;D02M;manha;D02
svm;agrupado;todos;3;treino;129;B4_EMB48_IRRIG_REPROD00000.asd;B4;EMB48;IRRIG;D02M;manha;D02
svm;agrupado;todos;3;treino;131;B4_EMB48_IRRIG_REPROD00002.asd;B4;EMB48;IRRIG;D02M;manha;D02
svm;agrupado;todos;3;treino;134;B4_EMB48_IRRIG_REPROD00005.asd;B4;EMB48;IRRIG;D02M;manha;D02
svm;agrupado;todos;3;treino;135;B4_EMB48_IRRIG_REPROD00006.asd;B4;EMB48;IRRIG;D02M;manha;D02
svm;agrupado;todos;3;treino;137;B3_EMB48_IRRIG_REPROD00001.asd;B3;EMB48;IRRIG;D02M;manha;D02
svm;agrupado;todos;3;treino;138;B4_EMB48_NIRRIG_REPROD00000.asd;B4;EMB48;NIRRIG;D02M;manha;D02
svm;agrupado;todos;3;treino;139;B3_EMB48_IRRIG_REPROD00002.asd;B3;EMB48;IRRIG;D02M;manha;D02
svm;agrupado;todos;3;treino;140;B4_EMB48_NIRRIG_REPROD00001.asd;B4;EMB48;NIRRIG;D02M;manha;D02
svm;agrupado;todos;3;treino;141;B3_EMB48_IRRIG_REPROD00003.asd;B3;EMB48;IRRIG;D02M;manha;D02
svm;agrupado;todos;3;treino;142;B4_EMB48_NIRRIG_REPROD00002.asd;B4;EMB48;NIRRIG;D02M;manha;D02
svm;agrupado;todos;3;treino;143;B3_EMB48_IRRIG_REPROD00004.asd;B3;EMB48;IRRIG;D02M;manha;D02
svm;agrupado;todos;3;treino;144;B4_EMB48_NIRRIG_REPROD00003.asd;B4;EMB48;NIRRIG;D02M;manha;D02
svm;agrupado;todos;3;treino;145;B3_EMB48_IRRIG_REPROD00005.asd;B3;EMB48;IRRIG;D02M;manha;D02
svm;agrupado;todos;3;treino;146;B4_EMB48_NIRRIG_REPROD00004.asd;B4;EMB48;NIRRIG;D02M;manha;D02
svm;agrupado;todos;3;treino;148;B4_EMB48_NIRRIG_REPROD00005.asd;B4;EMB48;NIRRIG;D02M;manha;D02
svm;agrupado;todos;3;treino;149;B3_EMB48_IRRIG_REPROD00007.asd;B3;EMB48;IRRIG;D02M;manha;D02
svm;agrupado;todos;3;treino;151;B3_EMB48_NIRRIG_REPROD00000.asd;B3;EMB48;NIRRIG;D02M;manha;D02
svm;agrupado;todos;3;treino;152;B4_EMB48_NIRRIG_REPROD00007.asd;B4;EMB48;NIRRIG;D02M;manha;D02
svm;agrupado;todos;3;treino;153;B3_EMB48_NIRRIG_REPROD00001.asd;B3;EMB48;NIRRIG;D02M;manha;D02
svm;agrupado;todos;3;treino;154;B3_EMB48_NIRRIG_REPROD00002.asd;B3;EMB48;NIRRIG;D02M;manha;D02
svm;agrupado;todos;3;treino;155;B3_EMB48_NIRRIG_REPROD00003.asd;B3;EMB48;NIRRIG;D02M;manha;D02
svm;agrupado;todos;3;treino;156;B3_EMB48_NIRRIG_REPROD00004.asd;B3;EMB48;NIRRIG;D02M;manha;D02
svm;agrupado;todos;3;treino;157;B3_EMB48_NIRRIG_REPROD00005.asd;B3;EMB48;NIRRIG;D02M;manha;D02
svm;agrupado;todos;3;treino;158;B3_EMB48_NIRRIG_REPROD00006.asd;B3;EMB48;NIRRIG;D02M;manha;D02
svm;agrupado;todos;3;treino;159;B3_EMB48_NIRRIG_REPROD00007.asd;B3;EMB48;NIRRIG;D02M;manha;D02
svm;agrupado;todos;3;treino;160;B1_EMB48_IRRIG_REPROD00000.asd;B1;EMB48;IRRIG;D02M;manha;D02
svm;agrupado;todos;3;treino;161;B1_EMB48_IRRIG_REPROD00001.asd;B1;EMB48;IRRIG;D02M;manha;D02
svm;agrupado;todos;3;treino;162;B1_EMB48_IRRIG_REPROD00002.asd;B1;EMB48;IRRIG;D02M;manha;D02
svm;agrupado;todos;3;treino;163;B1_EMB48_IRRIG_REPROD00003.asd;B1;EMB48;IRRIG;D02M;manha;D02
svm;agrupado;todos;3;treino;164;B1_EMB48_IRRIG_REPROD00004.asd;B1;EMB48;IRRIG;D02M;manha;D02
svm;agrupado;todos;3;treino;165;B1_EMB48_IRRIG_REPROD00005.asd;B1;EMB48;IRRIG;D02M;manha;D02
svm;agrupado;todos;3;treino;167;B1_EMB48_IRRIG_REPROD00007.asd;B1;EMB48;IRRIG;D02M;manha;D02
svm;agrupado;todos;3;treino;168;B1_EMB48_NIRRIG_REPROD00000.asd;B1;EMB48;NIRRIG;D02M;manha;D02
svm;agrupado;todos;3;treino;173;B1_EMB48_NIRRIG_REPROD00005.asd;B1;EMB48;NIRRIG;D02M;manha;D02
svm;agrupado;todos;3;treino;174;B1_EMB48_NIRRIG_REPROD00006.asd;B1;EMB48;NIRRIG;D02M;manha;D02
svm;agrupado;todos;3;treino;175;B1_EMB48_NIRRIG_REPROD00007.asd;B1;EMB48;NIRRIG;D02M;manha;D02
svm;agrupado;todos;3;treino;176;B2_EMB48_IRRIG_REPROD00000.asd;B2;EMB48;IRRIG;D02M;manha;D02
svm;agrupado;todos;3;treino;177;B2_EMB48_IRRIG_REPROD00001.asd;B2;EMB48;IRRIG;D02M;manha;D02
svm;agrupado;todos;3;treino;178;B2_EMB48_IRRIG_REPROD00002.asd;B2;EMB48;IRRIG;D02M;manha;D02
svm;agrupado;todos;3;treino;179;B2_EMB48_IRRIG_REPROD00003.asd;B2;EMB48;IRRIG;D02M;manha;D02
svm;agrupado;todos;3;treino;180;B2_EMB48_IRRIG_REPROD00004.asd;B2;EMB48;IRRIG;D02M;manha;D02
svm;agrupado;todos;3;treino;182;B2_EMB48_IRRIG_REPROD00006.asd;B2;EMB48;IRRIG;D02M;manha;D02
svm;agrupado;todos;3;treino;183;B2_EMB48_IRRIG_REPROD00007.asd;B2;EMB48;IRRIG;D02M;manha;D02
svm;agrupado;todos;3;treino;184;B2_EMB48_NIRRIG_REPROD00000.asd;B2;EMB48;NIRRIG;D02M;manha;D02
svm;agrupado;todos;3;treino;185;B2_EMB48_NIRRIG_REPROD00001.asd;B2;EMB48;NIRRIG;D02M;manha;D02
svm;agrupado;todos;3;treino;186;B2_EMB48_NIRRIG_REPROD00002.asd;B2;EMB48;NIRRIG;D02M;manha;D02
svm;agrupado;todos;3;treino;188;B2_EMB48_NIRRIG_REPROD00004.asd;B2;EMB48;NIRRIG;D02M;manha;D02
svm;agrupado;todos;3;treino;189;B2_EMB48_NIRRIG_REPROD00005.asd;B2;EMB48;NIRRIG;D02M;manha;D02
svm;agrupado;todos;3;treino;190;B2_EMB48_NIRRIG_REPROD00006.asd;B2;EMB48;NIRRIG;D02M;manha;D02
svm;agrupado;todos;3;treino;191;B2_EMB48_NIRRIG_REPROD00007.asd;B2;EMB48;NIRRIG;D02M;manha;D02
svm;agrupado;todos;3;treino;192;B1_BR16_IRRIG_REPROD00000.asd;B1;BR16;IRRIG;D02T;tarde;D02
svm;agrupado;todos;3;treino;193;B1_BR16_IRRIG_REPROD00001.asd;B1;BR16;IRRIG;D02T;tarde;D02
svm;agrupado;todos;3;treino;194;B1_BR16_IRRIG_REPROD00002.asd;B1;BR16;IRRIG;D02T;tarde;D02
svm;agrupado;todos;3;treino;195;B1_BR16_IRRIG_REPROD00003.asd;B1;BR16;IRRIG;D02T;tarde;D02
svm;agrupado;todos;3;treino;197;B1_BR16_IRRIG_REPROD00005.asd;B1;BR16;IRRIG;D02T;tarde;D02
svm;agrupado;todos;3;treino;198;B1_BR16_IRRIG_REPROD00006.asd;B1;BR16;IRRIG;D02T;tarde;D02
svm;agrupado;todos;3;treino;199;B1_BR16_IRRIG_REPROD00007.asd;B1;BR16;IRRIG;D02T;tarde;D02
svm;agrupado;todos;3;treino;200;B1_BR16_NIRRIG_REPROD00000.asd;B1;BR16;NIRRIG;D02T;tarde;D02
svm;agrupado;todos;3;treino;201;B1_BR16_NIRRIG_REPROD00001.asd;B1;BR16;NIRRIG;D02T;tarde;D02
svm;agrupado;todos;3;treino;203;B1_BR16_NIRRIG_REPROD00003.asd;B1;BR16;NIRRIG;D02T;tarde;D02
svm;agrupado;todos;3;treino;204;B1_BR16_NIRRIG_REPROD00004.asd;B1;BR16;NIRRIG;D02T;tarde;D02
svm;agrupado;todos;3;treino;205;B1_BR16_NIRRIG_REPROD00005.asd;B1;BR16;NIRRIG;D02T;tarde;D02
svm;agrupado;todos;3;treino;206;B1_BR16_NIRRIG_REPROD00006.asd;B1;BR16;NIRRIG;D02T;tarde;D02
svm;agrupado;todos;3;treino;207;B1_BR16_NIRRIG_REPROD00007.asd;B1;BR16;NIRRIG;D02T;tarde;D02
svm;agrupado;todos;3;treino;208;B2_BR16_IRRIG_REPROD00000.asd;B2;BR16;IRRIG;D02T;tarde;D02
svm;agrupado;todos;3;treino;209;B2_BR16_IRRIG_REPROD00001.asd;B2;BR16;IRRIG;D02T;tarde;D02
svm;agrupado;todos;3;treino;210;B2_BR16_IRRIG_REPROD00002.asd;B2;BR16;IRRIG;D02T;tarde;D02
svm;agrupado;todos;3;treino;211;B2_BR16_IRRIG_REPROD00003.asd;B2;BR16;IRRIG;D02T;tarde;D02
svm;agrupado;todos;3;treino;215;B2_BR16_IRRIG_REPROD00007.asd;B2;BR16;IRRIG;D02T;tarde;D02
svm;agrupado;todos;3;treino;217;B2_BR16_NIRRIG_REPROD00001.asd;B2;BR16;NIRRIG;D02T;tarde;D02
svm;agrupado;todos;3;treino;218;B2_BR16_NIRRIG_REPROD00002.asd;B2;BR16;NIRRIG;D02T;tarde;D02
svm;agrupado;todos;3;treino;219;B2_BR16_NIRRIG_REPROD00003.asd;B2;BR16;NIRRIG;D02T;tarde;D02
svm;agrupado;todos;3;treino;220;B2_BR16_NIRRIG_REPROD00004.asd;B2;BR16;NIRRIG;D02T;tarde;D02
svm;agrupado;todos;3;treino;221;B2_BR16_NIRRIG_REPROD00005.asd;B2;BR16;NIRRIG;D02T;tarde;D02
svm;agrupado;todos;3;treino;222;B2_BR16_NIRRIG_REPROD00006.asd;B2;BR16;NIRRIG;D02T;tarde;D02
svm;agrupado;todos;3;treino;223;B2_BR16_NIRRIG_REPROD00007.asd;B2;BR16;NIRRIG;D02T;tarde;D02
svm;agrupado;todos;3;treino;224;B3_BR16_IRRIG_REPROD00000.asd;B3;BR16;IRRIG;D02T;tarde;D02
svm;agrupado;todos;3;treino;225;B3_BR16_IRRIG_REPROD00001.asd;B3;BR16;IRRIG;D02T;tarde;D02
svm;agrupado;todos;3;treino;226;B3_BR16_IRRIG_REPROD00002.asd;B3;BR16;IRRIG;D02T;tarde;D02
svm;agrupado;todos;3;treino;227;B3_BR16_IRRIG_REPROD00003.asd;B3;BR16;IRRIG;D02T;tarde;D02
svm;agrupado;todos;3;treino;228;B3_BR16_IRRIG_REPROD00004.asd;B3;BR16;IRRIG;D02T;tarde;D02
svm;agrupado;todos;3;treino;229;B3_BR16_IRRIG_REPROD00005.asd;B3;BR16;IRRIG;D02T;tarde;D02
svm;agrupado;todos;3;treino;231;B3_BR16_IRRIG_REPROD00007.asd;B3;BR16;IRRIG;D02T;tarde;D02
svm;agrupado;todos;3;treino;232;B3_BR16_NIRRIG_REPROD00000.asd;B3;BR16;NIRRIG;D02T;tarde;D02
svm;agrupado;todos;3;treino;233;B3_BR16_NIRRIG_REPROD00001.asd;B3;BR16;NIRRIG;D02T;tarde;D02
svm;agrupado;todos;3;treino;236;B3_BR16_NIRRIG_REPROD00004.asd;B3;BR16;NIRRIG;D02T;tarde;D02
svm;agrupado;todos;3;treino;237;B3_BR16_NIRRIG_REPROD00005.asd;B3;BR16;NIRRIG;D02T;tarde;D02
svm;agrupado;todos;3;treino;239;B3_BR16_NIRRIG_REPROD00007.asd;B3;BR16;NIRRIG;D02T;tarde;D02
svm;agrupado;todos;3;treino;240;B4_BR16_IRRIG_REPROD00000.asd;B4;BR16;IRRIG;D02T;tarde;D02
svm;agrupado;todos;3;treino;241;B4_BR16_IRRIG_REPROD00001.asd;B4;BR16;IRRIG;D02T;tarde;D02
svm;agrupado;todos;3;treino;242;B4_BR16_IRRIG_REPROD00002.asd;B4;BR16;IRRIG;D02T;tarde;D02
svm;agrupado;todos;3;treino;243;B4_BR16_IRRIG_REPROD00003.asd;B4;BR16;IRRIG;D02T;tarde;D02
svm;agrupado;todos;3;treino;244;B4_BR16_IRRIG_REPROD00004.asd;B4;BR16;IRRIG;D02T;tarde;D02
svm;agrupado;todos;3;treino;247;B4_BR16_IRRIG_REPROD00007.asd;B4;BR16;IRRIG;D02T;tarde;D02
svm;agrupado;todos;3;treino;248;B4_BR16_NIRRIG_REPROD00000.asd;B4;BR16;NIRRIG;D02T;tarde;D02
svm;agrupado;todos;3;treino;249;B4_BR16_NIRRIG_REPROD00001.asd;B4;BR16;NIRRIG;D02T;tarde;D02
svm;agrupado;todos;3;treino;250;B4_BR16_NIRRIG_REPROD00002.asd;B4;BR16;NIRRIG;D02T;tarde;D02
svm;agrupado;todos;3;treino;251;B4_BR16_NIRRIG_REPROD00003.asd;B4;BR16;NIRRIG;D02T;tarde;D02
svm;agrupado;todos;3;treino;252;B4_BR16_NIRRIG_REPROD00004.asd;B4;BR16;NIRRIG;D02T;tarde;D02
svm;agrupado;todos;3;treino;253;B4_BR16_NIRRIG_REPROD00005.asd;B4;BR16;NIRRIG;D02T;tarde;D02
svm;agrupado;todos;3;treino;254;B4_BR16_NIRRIG_REPROD00006.asd;B4;BR16;NIRRIG;D02T;tarde;D02
svm;agrupado;todos;3;treino;255;B4_BR16_NIRRIG_REPROD00007.asd;B4;BR16;NIRRIG;D02T;tarde;D02
svm;agrupado;todos;3;treino;256;B1_CD202_IRRIG_REPROD00000.asd;B1;CD202;IRRIG;D02T;tarde;D02
svm;agrupado;todos;3;treino;258;B1_CD202_IRRIG_REPROD00002.asd;B1;CD202;IRRIG;D02T;tarde;D02
svm;agrupado;todos;3;treino;259;B1_CD202_IRRIG_REPROD00003.asd;B1;CD202;IRRIG;D02T;tarde;D02
svm;agrupado;todos;3;treino;260;B1_CD202_IRRIG_REPROD00004.asd;B1;CD202;IRRIG;D02T;tarde;D02
svm;agrupado;todos;3;treino;262;B1_CD202_IRRIG_REPROD00006.asd;B1;CD202;IRRIG;D02T;tarde;D02
svm;agrupado;todos;3;treino;263;B1_CD202_IRRIG_REPROD00007.asd;B1;CD202;IRRIG;D02T;tarde;D02
svm;agrupado;todos;3;treino;264;B1_CD202_NIRRIG_REPROD00000.asd;B1;CD202;NIRRIG;D02T;tarde;D02
svm;agrupado;todos;3;treino;265;B1_CD202_NIRRIG_REPROD00001.asd;B1;CD202;NIRRIG;D02T;tarde;D02
svm;agrupado;todos;3;treino;266;B1_CD202_NIRRIG_REPROD00002.asd;B1;CD202;NIRRIG;D02T;tarde;D02
svm;agrupado;todos;3;treino;267;B1_CD202_NIRRIG_REPROD00003.asd;B1;CD202;NIRRIG;D02T;tarde;D02
svm;agrupado;todos;3;treino;269;B1_CD202_NIRRIG_REPROD00005.asd;B1;CD202;NIRRIG;D02T;tarde;D02
svm;agrupado;todos;3;treino;270;B1_CD202_NIRRIG_REPROD00006.asd;B1;CD202;NIRRIG;D02T;tarde;D02
svm;agrupado;todos;3;treino;272;B2_CD202_IRRIG_REPROD00000.asd;B2;CD202;IRRIG;D02T;tarde;D02
svm;agrupado;todos;3;treino;273;B2_CD202_IRRIG_REPROD00001.asd;B2;CD202;IRRIG;D02T;tarde;D02
svm;agrupado;todos;3;treino;274;B2_CD202_IRRIG_REPROD00002.asd;B2;CD202;IRRIG;D02T;tarde;D02
svm;agrupado;todos;3;treino;275;B2_CD202_IRRIG_REPROD00003.asd;B2;CD202;IRRIG;D02T;tarde;D02
svm;agrupado;todos;3;treino;276;B2_CD202_IRRIG_REPROD00004.asd;B2;CD202;IRRIG;D02T;tarde;D02
svm;agrupado;todos;3;treino;277;B2_CD202_IRRIG_REPROD00005.asd;B2;CD202;IRRIG;D02T;tarde;D02
svm;agrupado;todos;3;treino;278;B2_CD202_IRRIG_REPROD00006.asd;B2;CD202;IRRIG;D02T;tarde;D02
svm;agrupado;todos;3;treino;279;B2_CD202_IRRIG_REPROD00007.asd;B2;CD202;IRRIG;D02T;tarde;D02
svm;agrupado;todos;3;treino;280;B2_CD202_NIRRIG_REPROD00000.asd;B2;CD202;NIRRIG;D02T;tarde;D02
svm;agrupado;todos;3;treino;281;B2_CD202_NIRRIG_REPROD00001.asd;B2;CD202;NIRRIG;D02T;tarde;D02
svm;agrupado;todos;3;treino;283;B2_CD202_NIRRIG_REPROD00003.asd;B2;CD202;NIRRIG;D02T;tarde;D02
svm;agrupado;todos;3;treino;284;B2_CD202_NIRRIG_REPROD00004.asd;B2;CD202;NIRRIG;D02T;tarde;D02
svm;agrupado;todos;3;treino;285;B2_CD202_NIRRIG_REPROD00005.asd;B2;CD202;NIRRIG;D02T;tarde;D02
svm;agrupado;todos;3;treino;286;B2_CD202_NIRRIG_REPROD00006.asd;B2;CD202;NIRRIG;D02T;tarde;D02
svm;agrupado;todos;3;treino;289;B3_CD202_IRRIG_REPROD00001.asd;B3;CD202;IRRIG;D02T;tarde;D02
svm;agrupado;todos;3;treino;290;B3_CD202_IRRIG_REPROD00002.asd;B3;CD202;IRRIG;D02T;tarde;D02
svm;agrupado;todos;3;treino;291;B3_CD202_IRRIG_REPROD00003.asd;B3;CD202;IRRIG;D02T;tarde;D02
svm;agrupado;todos;3;treino;292;B3_CD202_IRRIG_REPROD00004.asd;B3;CD202;IRRIG;D02T;tarde;D02
svm;agrupado;todos;3;treino;293;B3_CD202_IRRIG_REPROD00005.asd;B3;CD202;IRRIG;D02T;tarde;D02
svm;agrupado;todos;3;treino;294;B3_CD202_IRRIG_REPROD00006.asd;B3;CD202;IRRIG;D02T;tarde;D02
svm;agrupado;todos;3;treino;295;B3_CD202_IRRIG_REPROD00007.asd;B3;CD202;IRRIG;D02T;tarde;D02
svm;agrupado;todos;3;treino;296;B3_CD202_NIRRIG_REPROD00000.asd;B3;CD202;NIRRIG;D02T;tarde;D02
svm;agrupado;todos;3;treino;297;B3_CD202_NIRRIG_REPROD00001.asd;B3;CD202;NIRRIG;D02T;tarde;D02
svm;agrupado;todos;3;treino;298;B3_CD202_NIRRIG_REPROD00002.asd;B3;CD202;NIRRIG;D02T;tarde;D02
svm;agrupado;todos;3;treino;300;B3_CD202_NIRRIG_REPROD00004.asd;B3;CD202;NIRRIG;D02T;tarde;D02
svm;agrupado;todos;3;treino;302;B3_CD202_NIRRIG_REPROD00006.asd;B3;CD202;NIRRIG;D02T;tarde;D02
svm;agrupado;todos;3;treino;304;B4_CD202_IRRIG_REPROD00000.asd;B4;CD202;IRRIG;D02T;tarde;D02
svm;agrupado;todos;3;treino;306;B4_CD202_IRRIG_REPROD00002.asd;B4;CD202;IRRIG;D02T;tarde;D02
svm;agrupado;todos;3;treino;307;B4_CD202_IRRIG_REPROD00003.asd;B4;CD202;IRRIG;D02T;tarde;D02
svm;agrupado;todos;3;treino;308;B4_CD202_IRRIG_REPROD00004.asd;B4;CD202;IRRIG;D02T;tarde;D02
svm;agrupado;todos;3;treino;309;B4_CD202_IRRIG_REPROD00005.asd;B4;CD202;IRRIG;D02T;tarde;D02
svm;agrupado;todos;3;treino;311;B4_CD202_IRRIG_REPROD00007.asd;B4;CD202;IRRIG;D02T;tarde;D02
svm;agrupado;todos;3;treino;312;B4_CD202_NIRRIG_REPROD00000.asd;B4;CD202;NIRRIG;D02T;tarde;D02
svm;agrupado;todos;3;treino;314;B4_CD202_NIRRIG_REPROD00002.asd;B4;CD202;NIRRIG;D02T;tarde;D02
svm;agrupado;todos;3;treino;315;B4_CD202_NIRRIG_REPROD00003.asd;B4;CD202;NIRRIG;D02T;tarde;D02
svm;agrupado;todos;3;treino;316;B4_CD202_NIRRIG_REPROD00004.asd;B4;CD202;NIRRIG;D02T;tarde;D02
svm;agrupado;todos;3;treino;317;B4_CD202_NIRRIG_REPROD00005.asd;B4;CD202;NIRRIG;D02T;tarde;D02
svm;agrupado;todos;3;treino;318;B4_CD202_NIRRIG_REPROD00006.asd;B4;CD202;NIRRIG;D02T;tarde;D02
svm;agrupado;todos;3;treino;319;B4_CD202_NIRRIG_REPROD00007.asd;B4;CD202;NIRRIG;D02T;tarde;D02
svm;agrupado;todos;3;treino;320;B1_EMB48_IRRIG_REPROD00000.asd;B1;EMB48;IRRIG;D02T;tarde;D02
svm;agrupado;todos;3;treino;321;B1_EMB48_IRRIG_REPROD00001.asd;B1;EMB48;IRRIG;D02T;tarde;D02
svm;agrupado;todos;3;treino;322;B1_EMB48_IRRIG_REPROD00002.asd;B1;EMB48;IRRIG;D02T;tarde;D02
svm;agrupado;todos;3;treino;323;B1_EMB48_IRRIG_REPROD00003.asd;B1;EMB48;IRRIG;D02T;tarde;D02
svm;agrupado;todos;3;treino;324;B1_EMB48_IRRIG_REPROD00004.asd;B1;EMB48;IRRIG;D02T;tarde;D02
svm;agrupado;todos;3;treino;325;B1_EMB48_IRRIG_REPROD00005.asd;B1;EMB48;IRRIG;D02T;tarde;D02
svm;agrupado;todos;3;treino;327;B1_EMB48_IRRIG_REPROD00007.asd;B1;EMB48;IRRIG;D02T;tarde;D02
svm;agrupado;todos;3;treino;328;B1_EMB48_NIRRIG_REPROD00000.asd;B1;EMB48;NIRRIG;D02T;tarde;D02
svm;agrupado;todos;3;treino;333;B1_EMB48_NIRRIG_REPROD00005.asd;B1;EMB48;NIRRIG;D02T;tarde;D02
svm;agrupado;todos;3;treino;334;B1_EMB48_NIRRIG_REPROD00006.asd;B1;EMB48;NIRRIG;D02T;tarde;D02
svm;agrupado;todos;3;treino;335;B1_EMB48_NIRRIG_REPROD00007.asd;B1;EMB48;NIRRIG;D02T;tarde;D02
svm;agrupado;todos;3;treino;336;B2_EMB48_IRRIG_REPROD00000.asd;B2;EMB48;IRRIG;D02T;tarde;D02
svm;agrupado;todos;3;treino;337;B2_EMB48_IRRIG_REPROD00001.asd;B2;EMB48;IRRIG;D02T;tarde;D02
svm;agrupado;todos;3;treino;338;B2_EMB48_IRRIG_REPROD00002.asd;B2;EMB48;IRRIG;D02T;tarde;D02
svm;agrupado;todos;3;treino;339;B2_EMB48_IRRIG_REPROD00003.asd;B2;EMB48;IRRIG;D02T;tarde;D02
svm;agrupado;todos;3;treino;340;B2_EMB48_IRRIG_REPROD00004.asd;B2;EMB48;IRRIG;D02T;tarde;D02
svm;agrupado;todos;3;treino;342;B2_EMB48_IRRIG_REPROD00006.asd;B2;EMB48;IRRIG;D02T;tarde;D02
svm;agrupado;todos;3;treino;343;B2_EMB48_IRRIG_REPROD00007.asd;B2;EMB48;IRRIG;D02T;tarde;D02
svm;agrupado;todos;3;treino;344;B2_EMB48_NIRRIG_REPROD00000.asd;B2;EMB48;NIRRIG;D02T;tarde;D02
svm;agrupado;todos;3;treino;345;B2_EMB48_NIRRIG_REPROD00001.asd;B2;EMB48;NIRRIG;D02T;tarde;D02
svm;agrupado;todos;3;treino;346;B2_EMB48_NIRRIG_REPROD00002.asd;B2;EMB48;NIRRIG;D02T;tarde;D02
svm;agrupado;todos;3;treino;348;B2_EMB48_NIRRIG_REPROD00004.asd;B2;EMB48;NIRRIG;D02T;tarde;D02
svm;agrupado;todos;3;treino;349;B2_EMB48_NIRRIG_REPROD00005.asd;B2;EMB48;NIRRIG;D02T;tarde;D02
svm;agrupado;todos;3;treino;350;B2_EMB48_NIRRIG_REPROD00006.asd;B2;EMB48;NIRRIG;D02T;tarde;D02
svm;agrupado;todos;3;treino;351;B2_EMB48_NIRRIG_REPROD00007.asd;B2;EMB48;NIRRIG;D02T;tarde;D02
svm;agrupado;todos;3;treino;352;B3_EMB48_IRRIG_REPROD00000.asd;B3;EMB48;IRRIG;D02T;tarde;D02
svm;agrupado;todos;3;treino;353;B3_EMB48_IRRIG_REPROD00001.asd;B3;EMB48;IRRIG;D02T;tarde;D02
svm;agrupado;todos;3;treino;354;B3_EMB48_IRRIG_REPROD00002.asd;B3;EMB48;IRRIG;D02T;tarde;D02
svm;agrupado;todos;3;treino;355;B3_EMB48_IRRIG_REPROD00003.asd;B3;EMB48;IRRIG;D02T;tarde;D02
svm;agrupado;todos;3;treino;356;B3_EMB48_IRRIG_REPROD00004.asd;B3;EMB48;IRRIG;D02T;tarde;D02
svm;agrupado;todos;3;treino;357;B3_EMB48_IRRIG_REPROD00005.asd;B3;EMB48;IRRIG;D02T;tarde;D02
svm;agrupado;todos;3;treino;359;B3_EMB48_IRRIG_REPROD00007.asd;B3;EMB48;IRRIG;D02T;tarde;D02
svm;agrupado;todos;3;treino;360;B3_EMB48_NIRRIG_REPROD00000.asd;B3;EMB48;NIRRIG;D02T;tarde;D02
svm;agrupado;todos;3;treino;361;B3_EMB48_NIRRIG_REPROD00001.asd;B3;EMB48;NIRRIG;D02T;tarde;D02
svm;agrupado;todos;3;treino;362;B3_EMB48_NIRRIG_REPROD00002.asd;B3;EMB48;NIRRIG;D02T;tarde;D02
svm;agrupado;todos;3;treino;363;B3_EMB48_NIRRIG_REPROD00003.asd;B3;EMB48;NIRRIG;D02T;tarde;D02
svm;agrupado;todos;3;treino;364;B3_EMB48_NIRRIG_REPROD00004.asd;B3;EMB48;NIRRIG;D02T;tarde;D02
svm;agrupado;todos;3;treino;365;B3_EMB48_NIRRIG_REPROD00005.asd;B3;EMB48;NIRRIG;D02T;tarde;D02
svm;agrupado;todos;3;treino;366;B3_EMB48_NIRRIG_REPROD00006.asd;B3;EMB48;NIRRIG;D02T;tarde;D02
svm;agrupado;todos;3;treino;367;B3_EMB48_NIRRIG_REPROD00007.asd;B3;EMB48;NIRRIG;D02T;tarde;D02
svm;agrupado;todos;3;treino;368;B4_EMB48_IRRIG_REPROD00000.asd;B4;EMB48;IRRIG;D02T;tarde;D02
svm;agrupado;todos;3;treino;370;B4_EMB48_IRRIG_REPROD00002.asd;B4;EMB48;IRRIG;D02T;tarde;D02
svm;agrupado;todos;3;treino;373;B4_EMB48_IRRIG_REPROD00005.asd;B4;EMB48;IRRIG;D02T;tarde;D02
svm;agrupado;todos;3;treino;374;B4_EMB48_IRRIG_REPROD00006.asd;B4;EMB48;IRRIG;D02T;tarde;D02
svm;agrupado;todos;3;treino;376;B4_EMB48_NIRRIG_REPROD00000.asd;B4;EMB48;NIRRIG;D02T;tarde;D02
svm;agrupado;todos;3;treino;377;B4_EMB48_NIRRIG_REPROD00001.asd;B4;EMB48;NIRRIG;D02T;tarde;D02
svm;agrupado;todos;3;treino;378;B4_EMB48_NIRRIG_REPROD00002.asd;B4;EMB48;NIRRIG;D02T;tarde;D02
svm;agrupado;todos;3;treino;379;B4_EMB48_NIRRIG_REPROD00003.asd;B4;EMB48;NIRRIG;D02T;tarde;D02
svm;agrupado;todos;3;treino;380;B4_EMB48_NIRRIG_REPROD00004.asd;B4;EMB48;NIRRIG;D02T;tarde;D02
svm;agrupado;todos;3;treino;381;B4_EMB48_NIRRIG_REPROD00005.asd;B4;EMB48;NIRRIG;D02T;tarde;D02
svm;agrupado;todos;3;treino;383;B4_EMB48_NIRRIG_REPROD00007.asd;B4;EMB48;NIRRIG;D02T;tarde;D02
svm;agrupado;todos;3;treino;384;B1_BR16_IRRIG_REPROD00000.asd;B1;BR16;IRRIG;D03M;manha;D03
svm;agrupado;todos;3;treino;385;B1_BR16_IRRIG_REPROD00001.asd;B1;BR16;IRRIG;D03M;manha;D03
svm;agrupado;todos;3;treino;386;B1_BR16_IRRIG_REPROD00002.asd;B1;BR16;IRRIG;D03M;manha;D03
svm;agrupado;todos;3;treino;387;B1_BR16_IRRIG_REPROD00003.asd;B1;BR16;IRRIG;D03M;manha;D03
svm;agrupado;todos;3;treino;389;B1_BR16_IRRIG_REPROD00005.asd;B1;BR16;IRRIG;D03M;manha;D03
svm;agrupado;todos;3;treino;390;B1_BR16_IRRIG_REPROD00006.asd;B1;BR16;IRRIG;D03M;manha;D03
svm;agrupado;todos;3;treino;391;B1_BR16_IRRIG_REPROD00007.asd;B1;BR16;IRRIG;D03M;manha;D03
svm;agrupado;todos;3;treino;392;B1_BR16_NIRRIG_REPROD00000.asd;B1;BR16;NIRRIG;D03M;manha;D03
svm;agrupado;todos;3;treino;393;B1_BR16_NIRRIG_REPROD00001.asd;B1;BR16;NIRRIG;D03M;manha;D03
svm;agrupado;todos;3;treino;395;B1_BR16_NIRRIG_REPROD00003.asd;B1;BR16;NIRRIG;D03M;manha;D03
svm;agrupado;todos;3;treino;396;B1_BR16_NIRRIG_REPROD00004.asd;B1;BR16;NIRRIG;D03M;manha;D03
svm;agrupado;todos;3;treino;397;B1_BR16_NIRRIG_REPROD00005.asd;B1;BR16;NIRRIG;D03M;manha;D03
svm;agrupado;todos;3;treino;398;B1_BR16_NIRRIG_REPROD00006.asd;B1;BR16;NIRRIG;D03M;manha;D03
svm;agrupado;todos;3;treino;399;B1_BR16_NIRRIG_REPROD00007.asd;B1;BR16;NIRRIG;D03M;manha;D03
svm;agrupado;todos;3;treino;400;B2_BR16_IRRIG_REPROD00000.asd;B2;BR16;IRRIG;D03M;manha;D03
svm;agrupado;todos;3;treino;401;B2_BR16_IRRIG_REPROD00001.asd;B2;BR16;IRRIG;D03M;manha;D03
svm;agrupado;todos;3;treino;402;B2_BR16_IRRIG_REPROD00002.asd;B2;BR16;IRRIG;D03M;manha;D03
svm;agrupado;todos;3;treino;403;B2_BR16_IRRIG_REPROD00003.asd;B2;BR16;IRRIG;D03M;manha;D03
svm;agrupado;todos;3;treino;407;B2_BR16_IRRIG_REPROD00007.asd;B2;BR16;IRRIG;D03M;manha;D03
svm;agrupado;todos;3;treino;409;B2_BR16_NIRRIG_REPROD00001.asd;B2;BR16;NIRRIG;D03M;manha;D03
svm;agrupado;todos;3;treino;410;B2_BR16_NIRRIG_REPROD00002.asd;B2;BR16;NIRRIG;D03M;manha;D03
svm;agrupado;todos;3;treino;411;B2_BR16_NIRRIG_REPROD00003.asd;B2;BR16;NIRRIG;D03M;manha;D03
svm;agrupado;todos;3;treino;412;B2_BR16_NIRRIG_REPROD00004.asd;B2;BR16;NIRRIG;D03M;manha;D03
svm;agrupado;todos;3;treino;413;B2_BR16_NIRRIG_REPROD00005.asd;B2;BR16;NIRRIG;D03M;manha;D03
svm;agrupado;todos;3;treino;414;B2_BR16_NIRRIG_REPROD00006.asd;B2;BR16;NIRRIG;D03M;manha;D03
svm;agrupado;todos;3;treino;415;B2_BR16_NIRRIG_REPROD00007.asd;B2;BR16;NIRRIG;D03M;manha;D03
svm;agrupado;todos;3;treino;416;B3_BR16_IRRIG_REPROD00000.asd;B3;BR16;IRRIG;D03M;manha;D03
svm;agrupado;todos;3;treino;417;B3_BR16_IRRIG_REPROD00001.asd;B3;BR16;IRRIG;D03M;manha;D03
svm;agrupado;todos;3;treino;418;B3_BR16_IRRIG_REPROD00002.asd;B3;BR16;IRRIG;D03M;manha;D03
svm;agrupado;todos;3;treino;419;B3_BR16_IRRIG_REPROD00003.asd;B3;BR16;IRRIG;D03M;manha;D03
svm;agrupado;todos;3;treino;420;B3_BR16_IRRIG_REPROD00004.asd;B3;BR16;IRRIG;D03M;manha;D03
svm;agrupado;todos;3;treino;421;B3_BR16_IRRIG_REPROD00005.asd;B3;BR16;IRRIG;D03M;manha;D03
svm;agrupado;todos;3;treino;423;B3_BR16_IRRIG_REPROD00007.asd;B3;BR16;IRRIG;D03M;manha;D03
svm;agrupado;todos;3;treino;424;B3_BR16_NIRRIG_REPROD00000.asd;B3;BR16;NIRRIG;D03M;manha;D03
svm;agrupado;todos;3;treino;425;B3_BR16_NIRRIG_REPROD00001.asd;B3;BR16;NIRRIG;D03M;manha;D03
svm;agrupado;todos;3;treino;428;B3_BR16_NIRRIG_REPROD00004.asd;B3;BR16;NIRRIG;D03M;manha;D03
svm;agrupado;todos;3;treino;429;B3_BR16_NIRRIG_REPROD00005.asd;B3;BR16;NIRRIG;D03M;manha;D03
svm;agrupado;todos;3;treino;431;B3_BR16_NIRRIG_REPROD00007.asd;B3;BR16;NIRRIG;D03M;manha;D03
svm;agrupado;todos;3;treino;432;B4_BR16_IRRIG_REPROD00000.asd;B4;BR16;IRRIG;D03M;manha;D03
svm;agrupado;todos;3;treino;433;B4_BR16_IRRIG_REPROD00001.asd;B4;BR16;IRRIG;D03M;manha;D03
svm;agrupado;todos;3;treino;434;B4_BR16_IRRIG_REPROD00002.asd;B4;BR16;IRRIG;D03M;manha;D03
svm;agrupado;todos;3;treino;435;B4_BR16_IRRIG_REPROD00003.asd;B4;BR16;IRRIG;D03M;manha;D03
svm;agrupado;todos;3;treino;436;B4_BR16_IRRIG_REPROD00004.asd;B4;BR16;IRRIG;D03M;manha;D03
svm;agrupado;todos;3;treino;439;B4_BR16_IRRIG_REPROD00007.asd;B4;BR16;IRRIG;D03M;manha;D03
svm;agrupado;todos;3;treino;440;B4_BR16_NIRRIG_REPROD00000.asd;B4;BR16;NIRRIG;D03M;manha;D03
svm;agrupado;todos;3;treino;441;B4_BR16_NIRRIG_REPROD00001.asd;B4;BR16;NIRRIG;D03M;manha;D03
svm;agrupado;todos;3;treino;442;B4_BR16_NIRRIG_REPROD00002.asd;B4;BR16;NIRRIG;D03M;manha;D03
svm;agrupado;todos;3;treino;443;B4_BR16_NIRRIG_REPROD00003.asd;B4;BR16;NIRRIG;D03M;manha;D03
svm;agrupado;todos;3;treino;444;B4_BR16_NIRRIG_REPROD00004.asd;B4;BR16;NIRRIG;D03M;manha;D03
svm;agrupado;todos;3;treino;445;B4_BR16_NIRRIG_REPROD00005.asd;B4;BR16;NIRRIG;D03M;manha;D03
svm;agrupado;todos;3;treino;446;B4_BR16_NIRRIG_REPROD00006.asd;B4;BR16;NIRRIG;D03M;manha;D03
svm;agrupado;todos;3;treino;447;B4_BR16_NIRRIG_REPROD00007.asd;B4;BR16;NIRRIG;D03M;manha;D03
svm;agrupado;todos;3;treino;448;B1_CD202_IRRIG_REPROD00000.asd;B1;CD202;IRRIG;D03M;manha;D03
svm;agrupado;todos;3;treino;450;B1_CD202_IRRIG_REPROD00002.asd;B1;CD202;IRRIG;D03M;manha;D03
svm;agrupado;todos;3;treino;451;B1_CD202_IRRIG_REPROD00003.asd;B1;CD202;IRRIG;D03M;manha;D03
svm;agrupado;todos;3;treino;452;B1_CD202_IRRIG_REPROD00004.asd;B1;CD202;IRRIG;D03M;manha;D03
svm;agrupado;todos;3;treino;454;B1_CD202_IRRIG_REPROD00006.asd;B1;CD202;IRRIG;D03M;manha;D03
svm;agrupado;todos;3;treino;455;B1_CD202_IRRIG_REPROD00007.asd;B1;CD202;IRRIG;D03M;manha;D03
svm;agrupado;todos;3;treino;456;B1_CD202_NIRRIG_REPROD00000.asd;B1;CD202;NIRRIG;D03M;manha;D03
svm;agrupado;todos;3;treino;457;B1_CD202_NIRRIG_REPROD00001.asd;B1;CD202;NIRRIG;D03M;manha;D03
svm;agrupado;todos;3;treino;458;B1_CD202_NIRRIG_REPROD00002.asd;B1;CD202;NIRRIG;D03M;manha;D03
svm;agrupado;todos;3;treino;459;B1_CD202_NIRRIG_REPROD00003.asd;B1;CD202;NIRRIG;D03M;manha;D03
svm;agrupado;todos;3;treino;461;B1_CD202_NIRRIG_REPROD00005.asd;B1;CD202;NIRRIG;D03M;manha;D03
svm;agrupado;todos;3;treino;462;B1_CD202_NIRRIG_REPROD00006.asd;B1;CD202;NIRRIG;D03M;manha;D03
svm;agrupado;todos;3;treino;464;B2_CD202_IRRIG_REPROD00000.asd;B2;CD202;IRRIG;D03M;manha;D03
svm;agrupado;todos;3;treino;465;B2_CD202_IRRIG_REPROD00001.asd;B2;CD202;IRRIG;D03M;manha;D03
svm;agrupado;todos;3;treino;466;B2_CD202_IRRIG_REPROD00002.asd;B2;CD202;IRRIG;D03M;manha;D03
svm;agrupado;todos;3;treino;467;B2_CD202_IRRIG_REPROD00003.asd;B2;CD202;IRRIG;D03M;manha;D03
svm;agrupado;todos;3;treino;468;B2_CD202_IRRIG_REPROD00004.asd;B2;CD202;IRRIG;D03M;manha;D03
svm;agrupado;todos;3;treino;469;B2_CD202_IRRIG_REPROD00005.asd;B2;CD202;IRRIG;D03M;manha;D03
svm;agrupado;todos;3;treino;470;B2_CD202_IRRIG_REPROD00006.asd;B2;CD202;IRRIG;D03M;manha;D03
svm;agrupado;todos;3;treino;471;B2_CD202_IRRIG_REPROD00007.asd;B2;CD202;IRRIG;D03M;manha;D03
svm;agrupado;todos;3;treino;472;B2_CD202_NIRRIG_REPROD00000.asd;B2;CD202;NIRRIG;D03M;manha;D03
svm;agrupado;todos;3;treino;473;B2_CD202_NIRRIG_REPROD00001.asd;B2;CD202;NIRRIG;D03M;manha;D03
svm;agrupado;todos;3;treino;475;B2_CD202_NIRRIG_REPROD00003.asd;B2;CD202;NIRRIG;D03M;manha;D03
svm;agrupado;todos;3;treino;476;B2_CD202_NIRRIG_REPROD00004.asd;B2;CD202;NIRRIG;D03M;manha;D03
svm;agrupado;todos;3;treino;477;B2_CD202_NIRRIG_REPROD00005.asd;B2;CD202;NIRRIG;D03M;manha;D03
svm;agrupado;todos;3;treino;478;B2_CD202_NIRRIG_REPROD00006.asd;B2;CD202;NIRRIG;D03M;manha;D03
svm;agrupado;todos;3;treino;481;B3_CD202_IRRIG_REPROD00001.asd;B3;CD202;IRRIG;D03M;manha;D03
svm;agrupado;todos;3;treino;482;B3_CD202_IRRIG_REPROD00002.asd;B3;CD202;IRRIG;D03M;manha;D03
svm;agrupado;todos;3;treino;483;B3_CD202_IRRIG_REPROD00003.asd;B3;CD202;IRRIG;D03M;manha;D03
svm;agrupado;todos;3;treino;484;B3_CD202_IRRIG_REPROD00004.asd;B3;CD202;IRRIG;D03M;manha;D03
svm;agrupado;todos;3;treino;485;B3_CD202_IRRIG_REPROD00005.asd;B3;CD202;IRRIG;D03M;manha;D03
svm;agrupado;todos;3;treino;486;B3_CD202_IRRIG_REPROD00006.asd;B3;CD202;IRRIG;D03M;manha;D03
svm;agrupado;todos;3;treino;487;B3_CD202_IRRIG_REPROD00007.asd;B3;CD202;IRRIG;D03M;manha;D03
svm;agrupado;todos;3;treino;488;B3_CD202_NIRRIG_REPROD00000.asd;B3;CD202;NIRRIG;D03M;manha;D03
svm;agrupado;todos;3;treino;489;B3_CD202_NIRRIG_REPROD00001.asd;B3;CD202;NIRRIG;D03M;manha;D03
svm;agrupado;todos;3;treino;490;B3_CD202_NIRRIG_REPROD00002.asd;B3;CD202;NIRRIG;D03M;manha;D03
svm;agrupado;todos;3;treino;492;B3_CD202_NIRRIG_REPROD00004.asd;B3;CD202;NIRRIG;D03M;manha;D03
svm;agrupado;todos;3;treino;494;B3_CD202_NIRRIG_REPROD00006.asd;B3;CD202;NIRRIG;D03M;manha;D03
svm;agrupado;todos;3;treino;496;B4_CD202_IRRIG_REPROD00000.asd;B4;CD202;IRRIG;D03M;manha;D03
svm;agrupado;todos;3;treino;498;B4_CD202_IRRIG_REPROD00002.asd;B4;CD202;IRRIG;D03M;manha;D03
svm;agrupado;todos;3;treino;499;B4_CD202_IRRIG_REPROD00003.asd;B4;CD202;IRRIG;D03M;manha;D03
svm;agrupado;todos;3;treino;500;B4_CD202_IRRIG_REPROD00004.asd;B4;CD202;IRRIG;D03M;manha;D03
svm;agrupado;todos;3;treino;501;B4_CD202_IRRIG_REPROD00005.asd;B4;CD202;IRRIG;D03M;manha;D03
svm;agrupado;todos;3;treino;503;B4_CD202_IRRIG_REPROD00007.asd;B4;CD202;IRRIG;D03M;manha;D03
svm;agrupado;todos;3;treino;504;B4_CD202_NIRRIG_REPROD00000.asd;B4;CD202;NIRRIG;D03M;manha;D03
svm;agrupado;todos;3;treino;506;B4_CD202_NIRRIG_REPROD00002.asd;B4;CD202;NIRRIG;D03M;manha;D03
svm;agrupado;todos;3;treino;507;B4_CD202_NIRRIG_REPROD00003.asd;B4;CD202;NIRRIG;D03M;manha;D03
svm;agrupado;todos;3;treino;508;B4_CD202_NIRRIG_REPROD00004.asd;B4;CD202;NIRRIG;D03M;manha;D03
svm;agrupado;todos;3;treino;509;B4_CD202_NIRRIG_REPROD00005.asd;B4;CD202;NIRRIG;D03M;manha;D03
svm;agrupado;todos;3;treino;510;B4_CD202_NIRRIG_REPROD00006.asd;B4;CD202;NIRRIG;D03M;manha;D03
svm;agrupado;todos;3;treino;511;B4_CD202_NIRRIG_REPROD00007.asd;B4;CD202;NIRRIG;D03M;manha;D03
svm;agrupado;todos;3;treino;512;B1_EMB48_IRRIG_REPROD00000.asd;B1;EMB48;IRRIG;D03M;manha;D03
svm;agrupado;todos;3;treino;513;B1_EMB48_IRRIG_REPROD00001.asd;B1;EMB48;IRRIG;D03M;manha;D03
svm;agrupado;todos;3;treino;514;B1_EMB48_IRRIG_REPROD00002.asd;B1;EMB48;IRRIG;D03M;manha;D03
svm;agrupado;todos;3;treino;515;B1_EMB48_IRRIG_REPROD00003.asd;B1;EMB48;IRRIG;D03M;manha;D03
svm;agrupado;todos;3;treino;516;B1_EMB48_IRRIG_REPROD00004.asd;B1;EMB48;IRRIG;D03M;manha;D03
svm;agrupado;todos;3;treino;517;B1_EMB48_IRRIG_REPROD00005.asd;B1;EMB48;IRRIG;D03M;manha;D03
svm;agrupado;todos;3;treino;519;B1_EMB48_IRRIG_REPROD00007.asd;B1;EMB48;IRRIG;D03M;manha;D03
svm;agrupado;todos;3;treino;520;B1_EMB48_NIRRIG_REPROD00000.asd;B1;EMB48;NIRRIG;D03M;manha;D03
svm;agrupado;todos;3;treino;525;B1_EMB48_NIRRIG_REPROD00005.asd;B1;EMB48;NIRRIG;D03M;manha;D03
svm;agrupado;todos;3;treino;526;B1_EMB48_NIRRIG_REPROD00006.asd;B1;EMB48;NIRRIG;D03M;manha;D03
svm;agrupado;todos;3;treino;527;B1_EMB48_NIRRIG_REPROD00007.asd;B1;EMB48;NIRRIG;D03M;manha;D03
svm;agrupado;todos;3;treino;528;B2_EMB48_IRRIG_REPROD00000.asd;B2;EMB48;IRRIG;D03M;manha;D03
svm;agrupado;todos;3;treino;529;B2_EMB48_IRRIG_REPROD00001.asd;B2;EMB48;IRRIG;D03M;manha;D03
svm;agrupado;todos;3;treino;530;B2_EMB48_IRRIG_REPROD00002.asd;B2;EMB48;IRRIG;D03M;manha;D03
svm;agrupado;todos;3;treino;531;B2_EMB48_IRRIG_REPROD00003.asd;B2;EMB48;IRRIG;D03M;manha;D03
svm;agrupado;todos;3;treino;532;B2_EMB48_IRRIG_REPROD00004.asd;B2;EMB48;IRRIG;D03M;manha;D03
svm;agrupado;todos;3;treino;534;B2_EMB48_IRRIG_REPROD00006.asd;B2;EMB48;IRRIG;D03M;manha;D03
svm;agrupado;todos;3;treino;535;B2_EMB48_IRRIG_REPROD00007.asd;B2;EMB48;IRRIG;D03M;manha;D03
svm;agrupado;todos;3;treino;536;B2_EMB48_NIRRIG_REPROD00000.asd;B2;EMB48;NIRRIG;D03M;manha;D03
svm;agrupado;todos;3;treino;537;B2_EMB48_NIRRIG_REPROD00001.asd;B2;EMB48;NIRRIG;D03M;manha;D03
svm;agrupado;todos;3;treino;538;B2_EMB48_NIRRIG_REPROD00002.asd;B2;EMB48;NIRRIG;D03M;manha;D03
svm;agrupado;todos;3;treino;540;B2_EMB48_NIRRIG_REPROD00004.asd;B2;EMB48;NIRRIG;D03M;manha;D03
svm;agrupado;todos;3;treino;541;B2_EMB48_NIRRIG_REPROD00005.asd;B2;EMB48;NIRRIG;D03M;manha;D03
svm;agrupado;todos;3;treino;542;B2_EMB48_NIRRIG_REPROD00006.asd;B2;EMB48;NIRRIG;D03M;manha;D03
svm;agrupado;todos;3;treino;543;B2_EMB48_NIRRIG_REPROD00007.asd;B2;EMB48;NIRRIG;D03M;manha;D03
svm;agrupado;todos;3;treino;544;B3_EMB48_IRRIG_REPROD00000.asd;B3;EMB48;IRRIG;D03M;manha;D03
svm;agrupado;todos;3;treino;545;B3_EMB48_IRRIG_REPROD00001.asd;B3;EMB48;IRRIG;D03M;manha;D03
svm;agrupado;todos;3;treino;546;B3_EMB48_IRRIG_REPROD00002.asd;B3;EMB48;IRRIG;D03M;manha;D03
svm;agrupado;todos;3;treino;547;B3_EMB48_IRRIG_REPROD00003.asd;B3;EMB48;IRRIG;D03M;manha;D03
svm;agrupado;todos;3;treino;548;B3_EMB48_IRRIG_REPROD00004.asd;B3;EMB48;IRRIG;D03M;manha;D03
svm;agrupado;todos;3;treino;549;B3_EMB48_IRRIG_REPROD00005.asd;B3;EMB48;IRRIG;D03M;manha;D03
svm;agrupado;todos;3;treino;551;B3_EMB48_IRRIG_REPROD00007.asd;B3;EMB48;IRRIG;D03M;manha;D03
svm;agrupado;todos;3;treino;552;B3_EMB48_NIRRIG_REPROD00000.asd;B3;EMB48;NIRRIG;D03M;manha;D03
svm;agrupado;todos;3;treino;553;B3_EMB48_NIRRIG_REPROD00001.asd;B3;EMB48;NIRRIG;D03M;manha;D03
svm;agrupado;todos;3;treino;554;B3_EMB48_NIRRIG_REPROD00002.asd;B3;EMB48;NIRRIG;D03M;manha;D03
svm;agrupado;todos;3;treino;555;B3_EMB48_NIRRIG_REPROD00003.asd;B3;EMB48;NIRRIG;D03M;manha;D03
svm;agrupado;todos;3;treino;556;B3_EMB48_NIRRIG_REPROD00004.asd;B3;EMB48;NIRRIG;D03M;manha;D03
svm;agrupado;todos;3;treino;557;B3_EMB48_NIRRIG_REPROD00005.asd;B3;EMB48;NIRRIG;D03M;manha;D03
svm;agrupado;todos;3;treino;558;B3_EMB48_NIRRIG_REPROD00006.asd;B3;EMB48;NIRRIG;D03M;manha;D03
svm;agrupado;todos;3;treino;559;B3_EMB48_NIRRIG_REPROD00007.asd;B3;EMB48;NIRRIG;D03M;manha;D03
svm;agrupado;todos;3;treino;560;B4_EMB48_IRRIG_REPROD00000.asd;B4;EMB48;IRRIG;D03M;manha;D03
svm;agrupado;todos;3;treino;562;B4_EMB48_IRRIG_REPROD00002.asd;B4;EMB48;IRRIG;D03M;manha;D03
svm;agrupado;todos;3;treino;565;B4_EMB48_IRRIG_REPROD00005.asd;B4;EMB48;IRRIG;D03M;manha;D03
svm;agrupado;todos;3;treino;566;B4_EMB48_IRRIG_REPROD00006.asd;B4;EMB48;IRRIG;D03M;manha;D03
svm;agrupado;todos;3;treino;568;B4_EMB48_NIRRIG_REPROD00000.asd;B4;EMB48;NIRRIG;D03M;manha;D03
svm;agrupado;todos;3;treino;569;B4_EMB48_NIRRIG_REPROD00001.asd;B4;EMB48;NIRRIG;D03M;manha;D03
svm;agrupado;todos;3;treino;570;B4_EMB48_NIRRIG_REPROD00002.asd;B4;EMB48;NIRRIG;D03M;manha;D03
svm;agrupado;todos;3;treino;571;B4_EMB48_NIRRIG_REPROD00003.asd;B4;EMB48;NIRRIG;D03M;manha;D03
svm;agrupado;todos;3;treino;572;B4_EMB48_NIRRIG_REPROD00004.asd;B4;EMB48;NIRRIG;D03M;manha;D03
svm;agrupado;todos;3;treino;573;B4_EMB48_NIRRIG_REPROD00005.asd;B4;EMB48;NIRRIG;D03M;manha;D03
svm;agrupado;todos;3;treino;575;B4_EMB48_NIRRIG_REPROD00007.asd;B4;EMB48;NIRRIG;D03M;manha;D03
svm;agrupado;todos;3;treino;576;B1_BR16_IRRIG_REPROD00000.asd;B1;BR16;IRRIG;D03T;tarde;D03
svm;agrupado;todos;3;treino;577;B1_BR16_IRRIG_REPROD00001.asd;B1;BR16;IRRIG;D03T;tarde;D03
svm;agrupado;todos;3;treino;578;B1_BR16_IRRIG_REPROD00002.asd;B1;BR16;IRRIG;D03T;tarde;D03
svm;agrupado;todos;3;treino;579;B1_BR16_IRRIG_REPROD00003.asd;B1;BR16;IRRIG;D03T;tarde;D03
svm;agrupado;todos;3;treino;581;B1_BR16_IRRIG_REPROD00005.asd;B1;BR16;IRRIG;D03T;tarde;D03
svm;agrupado;todos;3;treino;582;B1_BR16_IRRIG_REPROD00006.asd;B1;BR16;IRRIG;D03T;tarde;D03
svm;agrupado;todos;3;treino;583;B1_BR16_IRRIG_REPROD00007.asd;B1;BR16;IRRIG;D03T;tarde;D03
svm;agrupado;todos;3;treino;584;B1_BR16_NIRRIG_REPROD00000.asd;B1;BR16;NIRRIG;D03T;tarde;D03
svm;agrupado;todos;3;treino;585;B1_BR16_NIRRIG_REPROD00001.asd;B1;BR16;NIRRIG;D03T;tarde;D03
svm;agrupado;todos;3;treino;587;B1_BR16_NIRRIG_REPROD00003.asd;B1;BR16;NIRRIG;D03T;tarde;D03
svm;agrupado;todos;3;treino;588;B1_BR16_NIRRIG_REPROD00004.asd;B1;BR16;NIRRIG;D03T;tarde;D03
svm;agrupado;todos;3;treino;589;B1_BR16_NIRRIG_REPROD00005.asd;B1;BR16;NIRRIG;D03T;tarde;D03
svm;agrupado;todos;3;treino;590;B1_BR16_NIRRIG_REPROD00006.asd;B1;BR16;NIRRIG;D03T;tarde;D03
svm;agrupado;todos;3;treino;591;B1_BR16_NIRRIG_REPROD00007.asd;B1;BR16;NIRRIG;D03T;tarde;D03
svm;agrupado;todos;3;treino;592;B2_BR16_IRRIG_REPROD00000.asd;B2;BR16;IRRIG;D03T;tarde;D03
svm;agrupado;todos;3;treino;593;B2_BR16_IRRIG_REPROD00001.asd;B2;BR16;IRRIG;D03T;tarde;D03
svm;agrupado;todos;3;treino;594;B2_BR16_IRRIG_REPROD00002.asd;B2;BR16;IRRIG;D03T;tarde;D03
svm;agrupado;todos;3;treino;595;B2_BR16_IRRIG_REPROD00003.asd;B2;BR16;IRRIG;D03T;tarde;D03
svm;agrupado;todos;3;treino;599;B2_BR16_IRRIG_REPROD00007.asd;B2;BR16;IRRIG;D03T;tarde;D03
svm;agrupado;todos;3;treino;601;B2_BR16_NIRRIG_REPROD00001.asd;B2;BR16;NIRRIG;D03T;tarde;D03
svm;agrupado;todos;3;treino;602;B2_BR16_NIRRIG_REPROD00002.asd;B2;BR16;NIRRIG;D03T;tarde;D03
svm;agrupado;todos;3;treino;603;B2_BR16_NIRRIG_REPROD00003.asd;B2;BR16;NIRRIG;D03T;tarde;D03
svm;agrupado;todos;3;treino;604;B2_BR16_NIRRIG_REPROD00004.asd;B2;BR16;NIRRIG;D03T;tarde;D03
svm;agrupado;todos;3;treino;605;B2_BR16_NIRRIG_REPROD00005.asd;B2;BR16;NIRRIG;D03T;tarde;D03
svm;agrupado;todos;3;treino;606;B2_BR16_NIRRIG_REPROD00006.asd;B2;BR16;NIRRIG;D03T;tarde;D03
svm;agrupado;todos;3;treino;607;B2_BR16_NIRRIG_REPROD00007.asd;B2;BR16;NIRRIG;D03T;tarde;D03
svm;agrupado;todos;3;treino;608;B3_BR16_IRRIG_REPROD00000.asd;B3;BR16;IRRIG;D03T;tarde;D03
svm;agrupado;todos;3;treino;609;B3_BR16_IRRIG_REPROD00001.asd;B3;BR16;IRRIG;D03T;tarde;D03
svm;agrupado;todos;3;treino;610;B3_BR16_IRRIG_REPROD00002.asd;B3;BR16;IRRIG;D03T;tarde;D03
svm;agrupado;todos;3;treino;611;B3_BR16_IRRIG_REPROD00003.asd;B3;BR16;IRRIG;D03T;tarde;D03
svm;agrupado;todos;3;treino;612;B3_BR16_IRRIG_REPROD00004.asd;B3;BR16;IRRIG;D03T;tarde;D03
svm;agrupado;todos;3;treino;613;B3_BR16_IRRIG_REPROD00005.asd;B3;BR16;IRRIG;D03T;tarde;D03
svm;agrupado;todos;3;treino;615;B3_BR16_IRRIG_REPROD00007.asd;B3;BR16;IRRIG;D03T;tarde;D03
svm;agrupado;todos;3;treino;616;B3_BR16_NIRRIG_REPROD00000.asd;B3;BR16;NIRRIG;D03T;tarde;D03
svm;agrupado;todos;3;treino;617;B3_BR16_NIRRIG_REPROD00001.asd;B3;BR16;NIRRIG;D03T;tarde;D03
svm;agrupado;todos;3;treino;620;B3_BR16_NIRRIG_REPROD00004.asd;B3;BR16;NIRRIG;D03T;tarde;D03
svm;agrupado;todos;3;treino;621;B3_BR16_NIRRIG_REPROD00005.asd;B3;BR16;NIRRIG;D03T;tarde;D03
svm;agrupado;todos;3;treino;623;B3_BR16_NIRRIG_REPROD00007.asd;B3;BR16;NIRRIG;D03T;tarde;D03
svm;agrupado;todos;3;treino;624;B4_BR16_IRRIG_REPROD00000.asd;B4;BR16;IRRIG;D03T;tarde;D03
svm;agrupado;todos;3;treino;625;B4_BR16_IRRIG_REPROD00001.asd;B4;BR16;IRRIG;D03T;tarde;D03
svm;agrupado;todos;3;treino;626;B4_BR16_IRRIG_REPROD00002.asd;B4;BR16;IRRIG;D03T;tarde;D03
svm;agrupado;todos;3;treino;627;B4_BR16_IRRIG_REPROD00003.asd;B4;BR16;IRRIG;D03T;tarde;D03
svm;agrupado;todos;3;treino;628;B4_BR16_IRRIG_REPROD00004.asd;B4;BR16;IRRIG;D03T;tarde;D03
svm;agrupado;todos;3;treino;631;B4_BR16_IRRIG_REPROD00007.asd;B4;BR16;IRRIG;D03T;tarde;D03
svm;agrupado;todos;3;treino;632;B4_BR16_NIRRIG_REPROD00000.asd;B4;BR16;NIRRIG;D03T;tarde;D03
svm;agrupado;todos;3;treino;633;B4_BR16_NIRRIG_REPROD00001.asd;B4;BR16;NIRRIG;D03T;tarde;D03
svm;agrupado;todos;3;treino;634;B4_BR16_NIRRIG_REPROD00002.asd;B4;BR16;NIRRIG;D03T;tarde;D03
svm;agrupado;todos;3;treino;635;B4_BR16_NIRRIG_REPROD00003.asd;B4;BR16;NIRRIG;D03T;tarde;D03
svm;agrupado;todos;3;treino;636;B4_BR16_NIRRIG_REPROD00004.asd;B4;BR16;NIRRIG;D03T;tarde;D03
svm;agrupado;todos;3;treino;637;B4_BR16_NIRRIG_REPROD00005.asd;B4;BR16;NIRRIG;D03T;tarde;D03
svm;agrupado;todos;3;treino;638;B4_BR16_NIRRIG_REPROD00006.asd;B4;BR16;NIRRIG;D03T;tarde;D03
svm;agrupado;todos;3;treino;639;B4_BR16_NIRRIG_REPROD00007.asd;B4;BR16;NIRRIG;D03T;tarde;D03
svm;agrupado;todos;3;treino;640;B1_CD202_IRRIG_REPROD00000.asd;B1;CD202;IRRIG;D03T;tarde;D03
svm;agrupado;todos;3;treino;642;B1_CD202_IRRIG_REPROD00002.asd;B1;CD202;IRRIG;D03T;tarde;D03
svm;agrupado;todos;3;treino;643;B1_CD202_IRRIG_REPROD00003.asd;B1;CD202;IRRIG;D03T;tarde;D03
svm;agrupado;todos;3;treino;644;B1_CD202_IRRIG_REPROD00004.asd;B1;CD202;IRRIG;D03T;tarde;D03
svm;agrupado;todos;3;treino;646;B1_CD202_IRRIG_REPROD00006.asd;B1;CD202;IRRIG;D03T;tarde;D03
svm;agrupado;todos;3;treino;647;B1_CD202_IRRIG_REPROD00007.asd;B1;CD202;IRRIG;D03T;tarde;D03
svm;agrupado;todos;3;treino;648;B1_CD202_NIRRIG_REPROD00000.asd;B1;CD202;NIRRIG;D03T;tarde;D03
svm;agrupado;todos;3;treino;649;B1_CD202_NIRRIG_REPROD00001.asd;B1;CD202;NIRRIG;D03T;tarde;D03
svm;agrupado;todos;3;treino;650;B1_CD202_NIRRIG_REPROD00002.asd;B1;CD202;NIRRIG;D03T;tarde;D03
svm;agrupado;todos;3;treino;651;B1_CD202_NIRRIG_REPROD00003.asd;B1;CD202;NIRRIG;D03T;tarde;D03
svm;agrupado;todos;3;treino;653;B1_CD202_NIRRIG_REPROD00005.asd;B1;CD202;NIRRIG;D03T;tarde;D03
svm;agrupado;todos;3;treino;654;B1_CD202_NIRRIG_REPROD00006.asd;B1;CD202;NIRRIG;D03T;tarde;D03
svm;agrupado;todos;3;treino;656;B2_CD202_IRRIG_REPROD00000.asd;B2;CD202;IRRIG;D03T;tarde;D03
svm;agrupado;todos;3;treino;657;B2_CD202_IRRIG_REPROD00001.asd;B2;CD202;IRRIG;D03T;tarde;D03
svm;agrupado;todos;3;treino;658;B2_CD202_IRRIG_REPROD00002.asd;B2;CD202;IRRIG;D03T;tarde;D03
svm;agrupado;todos;3;treino;659;B2_CD202_IRRIG_REPROD00003.asd;B2;CD202;IRRIG;D03T;tarde;D03
svm;agrupado;todos;3;treino;660;B2_CD202_IRRIG_REPROD00004.asd;B2;CD202;IRRIG;D03T;tarde;D03
svm;agrupado;todos;3;treino;661;B2_CD202_IRRIG_REPROD00005.asd;B2;CD202;IRRIG;D03T;tarde;D03
svm;agrupado;todos;3;treino;662;B2_CD202_IRRIG_REPROD00006.asd;B2;CD202;IRRIG;D03T;tarde;D03
svm;agrupado;todos;3;treino;663;B2_CD202_IRRIG_REPROD00007.asd;B2;CD202;IRRIG;D03T;tarde;D03
svm;agrupado;todos;3;treino;664;B2_CD202_NIRRIG_REPROD00000.asd;B2;CD202;NIRRIG;D03T;tarde;D03
svm;agrupado;todos;3;treino;665;B2_CD202_NIRRIG_REPROD00001.asd;B2;CD202;NIRRIG;D03T;tarde;D03
svm;agrupado;todos;3;treino;667;B2_CD202_NIRRIG_REPROD00003.asd;B2;CD202;NIRRIG;D03T;tarde;D03
svm;agrupado;todos;3;treino;668;B2_CD202_NIRRIG_REPROD00004.asd;B2;CD202;NIRRIG;D03T;tarde;D03
svm;agrupado;todos;3;treino;669;B2_CD202_NIRRIG_REPROD00005.asd;B2;CD202;NIRRIG;D03T;tarde;D03
svm;agrupado;todos;3;treino;670;B2_CD202_NIRRIG_REPROD00006.asd;B2;CD202;NIRRIG;D03T;tarde;D03
svm;agrupado;todos;3;treino;673;B3_CD202_IRRIG_REPROD00001.asd;B3;CD202;IRRIG;D03T;tarde;D03
svm;agrupado;todos;3;treino;674;B3_CD202_IRRIG_REPROD00002.asd;B3;CD202;IRRIG;D03T;tarde;D03
svm;agrupado;todos;3;treino;675;B3_CD202_IRRIG_REPROD00003.asd;B3;CD202;IRRIG;D03T;tarde;D03
svm;agrupado;todos;3;treino;676;B3_CD202_IRRIG_REPROD00004.asd;B3;CD202;IRRIG;D03T;tarde;D03
svm;agrupado;todos;3;treino;677;B3_CD202_IRRIG_REPROD00005.asd;B3;CD202;IRRIG;D03T;tarde;D03
svm;agrupado;todos;3;treino;678;B3_CD202_IRRIG_REPROD00006.asd;B3;CD202;IRRIG;D03T;tarde;D03
svm;agrupado;todos;3;treino;679;B3_CD202_IRRIG_REPROD00007.asd;B3;CD202;IRRIG;D03T;tarde;D03
svm;agrupado;todos;3;treino;680;B3_CD202_NIRRIG_REPROD00000.asd;B3;CD202;NIRRIG;D03T;tarde;D03
svm;agrupado;todos;3;treino;681;B3_CD202_NIRRIG_REPROD00001.asd;B3;CD202;NIRRIG;D03T;tarde;D03
svm;agrupado;todos;3;treino;682;B3_CD202_NIRRIG_REPROD00002.asd;B3;CD202;NIRRIG;D03T;tarde;D03
svm;agrupado;todos;3;treino;684;B3_CD202_NIRRIG_REPROD00004.asd;B3;CD202;NIRRIG;D03T;tarde;D03
svm;agrupado;todos;3;treino;686;B3_CD202_NIRRIG_REPROD00006.asd;B3;CD202;NIRRIG;D03T;tarde;D03
svm;agrupado;todos;3;treino;688;B4_CD202_IRRIG_REPROD00000.asd;B4;CD202;IRRIG;D03T;tarde;D03
svm;agrupado;todos;3;treino;690;B4_CD202_IRRIG_REPROD00002.asd;B4;CD202;IRRIG;D03T;tarde;D03
svm;agrupado;todos;3;treino;691;B4_CD202_IRRIG_REPROD00003.asd;B4;CD202;IRRIG;D03T;tarde;D03
svm;agrupado;todos;3;treino;692;B4_CD202_IRRIG_REPROD00004.asd;B4;CD202;IRRIG;D03T;tarde;D03
svm;agrupado;todos;3;treino;693;B4_CD202_IRRIG_REPROD00005.asd;B4;CD202;IRRIG;D03T;tarde;D03
svm;agrupado;todos;3;treino;695;B4_CD202_IRRIG_REPROD00007.asd;B4;CD202;IRRIG;D03T;tarde;D03
svm;agrupado;todos;3;treino;696;B4_CD202_NIRRIG_REPROD00000.asd;B4;CD202;NIRRIG;D03T;tarde;D03
svm;agrupado;todos;3;treino;698;B4_CD202_NIRRIG_REPROD00002.asd;B4;CD202;NIRRIG;D03T;tarde;D03
svm;agrupado;todos;3;treino;699;B4_CD202_NIRRIG_REPROD00003.asd;B4;CD202;NIRRIG;D03T;tarde;D03
svm;agrupado;todos;3;treino;700;B4_CD202_NIRRIG_REPROD00004.asd;B4;CD202;NIRRIG;D03T;tarde;D03
svm;agrupado;todos;3;treino;701;B4_CD202_NIRRIG_REPROD00005.asd;B4;CD202;NIRRIG;D03T;tarde;D03
svm;agrupado;todos;3;treino;702;B4_CD202_NIRRIG_REPROD00006.asd;B4;CD202;NIRRIG;D03T;tarde;D03
svm;agrupado;todos;3;treino;703;B4_CD202_NIRRIG_REPROD00007.asd;B4;CD202;NIRRIG;D03T;tarde;D03
svm;agrupado;todos;3;treino;704;B1_EMB48_IRRIG_REPROD00000.asd;B1;EMB48;IRRIG;D03T;tarde;D03
svm;agrupado;todos;3;treino;705;B1_EMB48_IRRIG_REPROD00001.asd;B1;EMB48;IRRIG;D03T;tarde;D03
svm;agrupado;todos;3;treino;706;B1_EMB48_IRRIG_REPROD00002.asd;B1;EMB48;IRRIG;D03T;tarde;D03
svm;agrupado;todos;3;treino;707;B1_EMB48_IRRIG_REPROD00003.asd;B1;EMB48;IRRIG;D03T;tarde;D03
svm;agrupado;todos;3;treino;708;B1_EMB48_IRRIG_REPROD00004.asd;B1;EMB48;IRRIG;D03T;tarde;D03
svm;agrupado;todos;3;treino;709;B1_EMB48_IRRIG_REPROD00005.asd;B1;EMB48;IRRIG;D03T;tarde;D03
svm;agrupado;todos;3;treino;711;B1_EMB48_IRRIG_REPROD00007.asd;B1;EMB48;IRRIG;D03T;tarde;D03
svm;agrupado;todos;3;treino;712;B1_EMB48_NIRRIG_REPROD00000.asd;B1;EMB48;NIRRIG;D03T;tarde;D03
svm;agrupado;todos;3;treino;717;B1_EMB48_NIRRIG_REPROD00005.asd;B1;EMB48;NIRRIG;D03T;tarde;D03
svm;agrupado;todos;3;treino;718;B1_EMB48_NIRRIG_REPROD00006.asd;B1;EMB48;NIRRIG;D03T;tarde;D03
svm;agrupado;todos;3;treino;719;B1_EMB48_NIRRIG_REPROD00007.asd;B1;EMB48;NIRRIG;D03T;tarde;D03
svm;agrupado;todos;3;treino;720;B2_EMB48_IRRIG_REPROD00000.asd;B2;EMB48;IRRIG;D03T;tarde;D03
svm;agrupado;todos;3;treino;721;B2_EMB48_IRRIG_REPROD00001.asd;B2;EMB48;IRRIG;D03T;tarde;D03
svm;agrupado;todos;3;treino;722;B2_EMB48_IRRIG_REPROD00002.asd;B2;EMB48;IRRIG;D03T;tarde;D03
svm;agrupado;todos;3;treino;723;B2_EMB48_IRRIG_REPROD00003.asd;B2;EMB48;IRRIG;D03T;tarde;D03
svm;agrupado;todos;3;treino;724;B2_EMB48_IRRIG_REPROD00004.asd;B2;EMB48;IRRIG;D03T;tarde;D03
svm;agrupado;todos;3;treino;726;B2_EMB48_IRRIG_REPROD00006.asd;B2;EMB48;IRRIG;D03T;tarde;D03
svm;agrupado;todos;3;treino;727;B2_EMB48_IRRIG_REPROD00007.asd;B2;EMB48;IRRIG;D03T;tarde;D03
svm;agrupado;todos;3;treino;728;B2_EMB48_NIRRIG_REPROD00000.asd;B2;EMB48;NIRRIG;D03T;tarde;D03
svm;agrupado;todos;3;treino;729;B2_EMB48_NIRRIG_REPROD00001.asd;B2;EMB48;NIRRIG;D03T;tarde;D03
svm;agrupado;todos;3;treino;730;B2_EMB48_NIRRIG_REPROD00002.asd;B2;EMB48;NIRRIG;D03T;tarde;D03
svm;agrupado;todos;3;treino;732;B2_EMB48_NIRRIG_REPROD00004.asd;B2;EMB48;NIRRIG;D03T;tarde;D03
svm;agrupado;todos;3;treino;733;B2_EMB48_NIRRIG_REPROD00005.asd;B2;EMB48;NIRRIG;D03T;tarde;D03
svm;agrupado;todos;3;treino;734;B2_EMB48_NIRRIG_REPROD00006.asd;B2;EMB48;NIRRIG;D03T;tarde;D03
svm;agrupado;todos;3;treino;735;B2_EMB48_NIRRIG_REPROD00007.asd;B2;EMB48;NIRRIG;D03T;tarde;D03
svm;agrupado;todos;3;treino;736;B3_EMB48_IRRIG_REPROD00000.asd;B3;EMB48;IRRIG;D03T;tarde;D03
svm;agrupado;todos;3;treino;737;B3_EMB48_IRRIG_REPROD00001.asd;B3;EMB48;IRRIG;D03T;tarde;D03
svm;agrupado;todos;3;treino;738;B3_EMB48_IRRIG_REPROD00002.asd;B3;EMB48;IRRIG;D03T;tarde;D03
svm;agrupado;todos;3;treino;739;B3_EMB48_IRRIG_REPROD00003.asd;B3;EMB48;IRRIG;D03T;tarde;D03
svm;agrupado;todos;3;treino;740;B3_EMB48_IRRIG_REPROD00004.asd;B3;EMB48;IRRIG;D03T;tarde;D03
svm;agrupado;todos;3;treino;741;B3_EMB48_IRRIG_REPROD00005.asd;B3;EMB48;IRRIG;D03T;tarde;D03
svm;agrupado;todos;3;treino;743;B3_EMB48_IRRIG_REPROD00007.asd;B3;EMB48;IRRIG;D03T;tarde;D03
svm;agrupado;todos;3;treino;744;B3_EMB48_NIRRIG_REPROD00000.asd;B3;EMB48;NIRRIG;D03T;tarde;D03
svm;agrupado;todos;3;treino;745;B3_EMB48_NIRRIG_REPROD00001.asd;B3;EMB48;NIRRIG;D03T;tarde;D03
svm;agrupado;todos;3;treino;746;B3_EMB48_NIRRIG_REPROD00002.asd;B3;EMB48;NIRRIG;D03T;tarde;D03
svm;agrupado;todos;3;treino;747;B3_EMB48_NIRRIG_REPROD00003.asd;B3;EMB48;NIRRIG;D03T;tarde;D03
svm;agrupado;todos;3;treino;748;B3_EMB48_NIRRIG_REPROD00004.asd;B3;EMB48;NIRRIG;D03T;tarde;D03
svm;agrupado;todos;3;treino;749;B3_EMB48_NIRRIG_REPROD00005.asd;B3;EMB48;NIRRIG;D03T;tarde;D03
svm;agrupado;todos;3;treino;750;B3_EMB48_NIRRIG_REPROD00006.asd;B3;EMB48;NIRRIG;D03T;tarde;D03
svm;agrupado;todos;3;treino;751;B3_EMB48_NIRRIG_REPROD00007.asd;B3;EMB48;NIRRIG;D03T;tarde;D03
svm;agrupado;todos;3;treino;752;B4_EMB48_IRRIG_REPROD00000.asd;B4;EMB48;IRRIG;D03T;tarde;D03
svm;agrupado;todos;3;treino;754;B4_EMB48_IRRIG_REPROD00002.asd;B4;EMB48;IRRIG;D03T;tarde;D03
svm;agrupado;todos;3;treino;757;B4_EMB48_IRRIG_REPROD00005.asd;B4;EMB48;IRRIG;D03T;tarde;D03
svm;agrupado;todos;3;treino;758;B4_EMB48_IRRIG_REPROD00006.asd;B4;EMB48;IRRIG;D03T;tarde;D03
svm;agrupado;todos;3;treino;760;B4_EMB48_NIRRIG_REPROD00000.asd;B4;EMB48;NIRRIG;D03T;tarde;D03
svm;agrupado;todos;3;treino;761;B4_EMB48_NIRRIG_REPROD00001.asd;B4;EMB48;NIRRIG;D03T;tarde;D03
svm;agrupado;todos;3;treino;762;B4_EMB48_NIRRIG_REPROD00002.asd;B4;EMB48;NIRRIG;D03T;tarde;D03
svm;agrupado;todos;3;treino;763;B4_EMB48_NIRRIG_REPROD00003.asd;B4;EMB48;NIRRIG;D03T;tarde;D03
svm;agrupado;todos;3;treino;764;B4_EMB48_NIRRIG_REPROD00004.asd;B4;EMB48;NIRRIG;D03T;tarde;D03
svm;agrupado;todos;3;treino;765;B4_EMB48_NIRRIG_REPROD00005.asd;B4;EMB48;NIRRIG;D03T;tarde;D03
svm;agrupado;todos;3;treino;767;B4_EMB48_NIRRIG_REPROD00007.asd;B4;EMB48;NIRRIG;D03T;tarde;D03
svm;agrupado;todos;3;treino;768;B1_BR16_IRRIG_REPROD00000.asd;B1;BR16;IRRIG;D04M;manha;D04
svm;agrupado;todos;3;treino;769;B1_BR16_IRRIG_REPROD00001.asd;B1;BR16;IRRIG;D04M;manha;D04
svm;agrupado;todos;3;treino;770;B1_BR16_IRRIG_REPROD00002.asd;B1;BR16;IRRIG;D04M;manha;D04
svm;agrupado;todos;3;treino;771;B1_BR16_IRRIG_REPROD00003.asd;B1;BR16;IRRIG;D04M;manha;D04
svm;agrupado;todos;3;treino;773;B1_BR16_IRRIG_REPROD00005.asd;B1;BR16;IRRIG;D04M;manha;D04
svm;agrupado;todos;3;treino;774;B1_BR16_IRRIG_REPROD00006.asd;B1;BR16;IRRIG;D04M;manha;D04
svm;agrupado;todos;3;treino;775;B1_BR16_IRRIG_REPROD00007.asd;B1;BR16;IRRIG;D04M;manha;D04
svm;agrupado;todos;3;treino;776;B1_BR16_NIRRIG_REPROD00000.asd;B1;BR16;NIRRIG;D04M;manha;D04
svm;agrupado;todos;3;treino;777;B1_BR16_NIRRIG_REPROD00001.asd;B1;BR16;NIRRIG;D04M;manha;D04
svm;agrupado;todos;3;treino;779;B1_BR16_NIRRIG_REPROD00003.asd;B1;BR16;NIRRIG;D04M;manha;D04
svm;agrupado;todos;3;treino;780;B1_BR16_NIRRIG_REPROD00004.asd;B1;BR16;NIRRIG;D04M;manha;D04
svm;agrupado;todos;3;treino;781;B1_BR16_NIRRIG_REPROD00005.asd;B1;BR16;NIRRIG;D04M;manha;D04
svm;agrupado;todos;3;treino;782;B1_BR16_NIRRIG_REPROD00006.asd;B1;BR16;NIRRIG;D04M;manha;D04
svm;agrupado;todos;3;treino;783;B1_BR16_NIRRIG_REPROD00007.asd;B1;BR16;NIRRIG;D04M;manha;D04
svm;agrupado;todos;3;treino;784;B2_BR16_IRRIG_REPROD00000.asd;B2;BR16;IRRIG;D04M;manha;D04
svm;agrupado;todos;3;treino;785;B2_BR16_IRRIG_REPROD00001.asd;B2;BR16;IRRIG;D04M;manha;D04
svm;agrupado;todos;3;treino;786;B2_BR16_IRRIG_REPROD00002.asd;B2;BR16;IRRIG;D04M;manha;D04
svm;agrupado;todos;3;treino;787;B2_BR16_IRRIG_REPROD00003.asd;B2;BR16;IRRIG;D04M;manha;D04
svm;agrupado;todos;3;treino;791;B2_BR16_IRRIG_REPROD00007.asd;B2;BR16;IRRIG;D04M;manha;D04
svm;agrupado;todos;3;treino;793;B2_BR16_NIRRIG_REPROD00001.asd;B2;BR16;NIRRIG;D04M;manha;D04
svm;agrupado;todos;3;treino;794;B2_BR16_NIRRIG_REPROD00002.asd;B2;BR16;NIRRIG;D04M;manha;D04
svm;agrupado;todos;3;treino;795;B2_BR16_NIRRIG_REPROD00003.asd;B2;BR16;NIRRIG;D04M;manha;D04
svm;agrupado;todos;3;treino;796;B2_BR16_NIRRIG_REPROD00004.asd;B2;BR16;NIRRIG;D04M;manha;D04
svm;agrupado;todos;3;treino;797;B2_BR16_NIRRIG_REPROD00005.asd;B2;BR16;NIRRIG;D04M;manha;D04
svm;agrupado;todos;3;treino;798;B2_BR16_NIRRIG_REPROD00006.asd;B2;BR16;NIRRIG;D04M;manha;D04
svm;agrupado;todos;3;treino;799;B2_BR16_NIRRIG_REPROD00007.asd;B2;BR16;NIRRIG;D04M;manha;D04
svm;agrupado;todos;3;treino;800;B3_BR16_IRRIG_REPROD00000.asd;B3;BR16;IRRIG;D04M;manha;D04
svm;agrupado;todos;3;treino;801;B3_BR16_IRRIG_REPROD00001.asd;B3;BR16;IRRIG;D04M;manha;D04
svm;agrupado;todos;3;treino;802;B3_BR16_IRRIG_REPROD00002.asd;B3;BR16;IRRIG;D04M;manha;D04
svm;agrupado;todos;3;treino;803;B3_BR16_IRRIG_REPROD00003.asd;B3;BR16;IRRIG;D04M;manha;D04
svm;agrupado;todos;3;treino;804;B3_BR16_IRRIG_REPROD00004.asd;B3;BR16;IRRIG;D04M;manha;D04
svm;agrupado;todos;3;treino;805;B3_BR16_IRRIG_REPROD00005.asd;B3;BR16;IRRIG;D04M;manha;D04
svm;agrupado;todos;3;treino;807;B3_BR16_IRRIG_REPROD00007.asd;B3;BR16;IRRIG;D04M;manha;D04
svm;agrupado;todos;3;treino;808;B3_BR16_NIRRIG_REPROD00000.asd;B3;BR16;NIRRIG;D04M;manha;D04
svm;agrupado;todos;3;treino;809;B3_BR16_NIRRIG_REPROD00001.asd;B3;BR16;NIRRIG;D04M;manha;D04
svm;agrupado;todos;3;treino;812;B3_BR16_NIRRIG_REPROD00004.asd;B3;BR16;NIRRIG;D04M;manha;D04
svm;agrupado;todos;3;treino;813;B3_BR16_NIRRIG_REPROD00005.asd;B3;BR16;NIRRIG;D04M;manha;D04
svm;agrupado;todos;3;treino;815;B3_BR16_NIRRIG_REPROD00007.asd;B3;BR16;NIRRIG;D04M;manha;D04
svm;agrupado;todos;3;treino;816;B4_BR16_IRRIG_REPROD00000.asd;B4;BR16;IRRIG;D04M;manha;D04
svm;agrupado;todos;3;treino;817;B4_BR16_IRRIG_REPROD00001.asd;B4;BR16;IRRIG;D04M;manha;D04
svm;agrupado;todos;3;treino;818;B4_BR16_IRRIG_REPROD00002.asd;B4;BR16;IRRIG;D04M;manha;D04
svm;agrupado;todos;3;treino;819;B4_BR16_IRRIG_REPROD00003.asd;B4;BR16;IRRIG;D04M;manha;D04
svm;agrupado;todos;3;treino;820;B4_BR16_IRRIG_REPROD00004.asd;B4;BR16;IRRIG;D04M;manha;D04
svm;agrupado;todos;3;treino;823;B4_BR16_IRRIG_REPROD00007.asd;B4;BR16;IRRIG;D04M;manha;D04
svm;agrupado;todos;3;treino;824;B4_BR16_NIRRIG_REPROD00000.asd;B4;BR16;NIRRIG;D04M;manha;D04
svm;agrupado;todos;3;treino;825;B4_BR16_NIRRIG_REPROD00001.asd;B4;BR16;NIRRIG;D04M;manha;D04
svm;agrupado;todos;3;treino;826;B4_BR16_NIRRIG_REPROD00002.asd;B4;BR16;NIRRIG;D04M;manha;D04
svm;agrupado;todos;3;treino;827;B4_BR16_NIRRIG_REPROD00003.asd;B4;BR16;NIRRIG;D04M;manha;D04
svm;agrupado;todos;3;treino;828;B4_BR16_NIRRIG_REPROD00004.asd;B4;BR16;NIRRIG;D04M;manha;D04
svm;agrupado;todos;3;treino;829;B4_BR16_NIRRIG_REPROD00005.asd;B4;BR16;NIRRIG;D04M;manha;D04
svm;agrupado;todos;3;treino;830;B4_BR16_NIRRIG_REPROD00006.asd;B4;BR16;NIRRIG;D04M;manha;D04
svm;agrupado;todos;3;treino;831;B4_BR16_NIRRIG_REPROD00007.asd;B4;BR16;NIRRIG;D04M;manha;D04
svm;agrupado;todos;3;treino;832;B1_CD202_IRRIG_REPROD00000.asd;B1;CD202;IRRIG;D04M;manha;D04
svm;agrupado;todos;3;treino;834;B1_CD202_IRRIG_REPROD00002.asd;B1;CD202;IRRIG;D04M;manha;D04
svm;agrupado;todos;3;treino;835;B1_CD202_IRRIG_REPROD00003.asd;B1;CD202;IRRIG;D04M;manha;D04
svm;agrupado;todos;3;treino;836;B1_CD202_IRRIG_REPROD00004.asd;B1;CD202;IRRIG;D04M;manha;D04
svm;agrupado;todos;3;treino;838;B1_CD202_IRRIG_REPROD00006.asd;B1;CD202;IRRIG;D04M;manha;D04
svm;agrupado;todos;3;treino;839;B1_CD202_IRRIG_REPROD00007.asd;B1;CD202;IRRIG;D04M;manha;D04
svm;agrupado;todos;3;treino;840;B1_CD202_NIRRIG_REPROD00000.asd;B1;CD202;NIRRIG;D04M;manha;D04
svm;agrupado;todos;3;treino;841;B1_CD202_NIRRIG_REPROD00001.asd;B1;CD202;NIRRIG;D04M;manha;D04
svm;agrupado;todos;3;treino;842;B1_CD202_NIRRIG_REPROD00002.asd;B1;CD202;NIRRIG;D04M;manha;D04
svm;agrupado;todos;3;treino;843;B1_CD202_NIRRIG_REPROD00003.asd;B1;CD202;NIRRIG;D04M;manha;D04
svm;agrupado;todos;3;treino;845;B1_CD202_NIRRIG_REPROD00005.asd;B1;CD202;NIRRIG;D04M;manha;D04
svm;agrupado;todos;3;treino;846;B1_CD202_NIRRIG_REPROD00006.asd;B1;CD202;NIRRIG;D04M;manha;D04
svm;agrupado;todos;3;treino;848;B2_CD202_IRRIG_REPROD00000.asd;B2;CD202;IRRIG;D04M;manha;D04
svm;agrupado;todos;3;treino;849;B2_CD202_IRRIG_REPROD00001.asd;B2;CD202;IRRIG;D04M;manha;D04
svm;agrupado;todos;3;treino;850;B2_CD202_IRRIG_REPROD00002.asd;B2;CD202;IRRIG;D04M;manha;D04
svm;agrupado;todos;3;treino;851;B2_CD202_IRRIG_REPROD00003.asd;B2;CD202;IRRIG;D04M;manha;D04
svm;agrupado;todos;3;treino;852;B2_CD202_IRRIG_REPROD00004.asd;B2;CD202;IRRIG;D04M;manha;D04
svm;agrupado;todos;3;treino;853;B2_CD202_IRRIG_REPROD00005.asd;B2;CD202;IRRIG;D04M;manha;D04
svm;agrupado;todos;3;treino;854;B2_CD202_IRRIG_REPROD00006.asd;B2;CD202;IRRIG;D04M;manha;D04
svm;agrupado;todos;3;treino;855;B2_CD202_IRRIG_REPROD00007.asd;B2;CD202;IRRIG;D04M;manha;D04
svm;agrupado;todos;3;treino;856;B2_CD202_NIRRIG_REPROD00000.asd;B2;CD202;NIRRIG;D04M;manha;D04
svm;agrupado;todos;3;treino;857;B2_CD202_NIRRIG_REPROD00001.asd;B2;CD202;NIRRIG;D04M;manha;D04
svm;agrupado;todos;3;treino;859;B2_CD202_NIRRIG_REPROD00003.asd;B2;CD202;NIRRIG;D04M;manha;D04
svm;agrupado;todos;3;treino;860;B2_CD202_NIRRIG_REPROD00004.asd;B2;CD202;NIRRIG;D04M;manha;D04
svm;agrupado;todos;3;treino;861;B2_CD202_NIRRIG_REPROD00005.asd;B2;CD202;NIRRIG;D04M;manha;D04
svm;agrupado;todos;3;treino;862;B2_CD202_NIRRIG_REPROD00006.asd;B2;CD202;NIRRIG;D04M;manha;D04
svm;agrupado;todos;3;treino;865;B3_CD202_IRRIG_REPROD00001.asd;B3;CD202;IRRIG;D04M;manha;D04
svm;agrupado;todos;3;treino;866;B3_CD202_IRRIG_REPROD00002.asd;B3;CD202;IRRIG;D04M;manha;D04
svm;agrupado;todos;3;treino;867;B3_CD202_IRRIG_REPROD00003.asd;B3;CD202;IRRIG;D04M;manha;D04
svm;agrupado;todos;3;treino;868;B3_CD202_IRRIG_REPROD00004.asd;B3;CD202;IRRIG;D04M;manha;D04
svm;agrupado;todos;3;treino;869;B3_CD202_IRRIG_REPROD00005.asd;B3;CD202;IRRIG;D04M;manha;D04
svm;agrupado;todos;3;treino;870;B3_CD202_IRRIG_REPROD00006.asd;B3;CD202;IRRIG;D04M;manha;D04
svm;agrupado;todos;3;treino;871;B3_CD202_IRRIG_REPROD00007.asd;B3;CD202;IRRIG;D04M;manha;D04
svm;agrupado;todos;3;treino;872;B3_CD202_NIRRIG_REPROD00000.asd;B3;CD202;NIRRIG;D04M;manha;D04
svm;agrupado;todos;3;treino;873;B3_CD202_NIRRIG_REPROD00001.asd;B3;CD202;NIRRIG;D04M;manha;D04
svm;agrupado;todos;3;treino;874;B3_CD202_NIRRIG_REPROD00002.asd;B3;CD202;NIRRIG;D04M;manha;D04
svm;agrupado;todos;3;treino;876;B3_CD202_NIRRIG_REPROD00004.asd;B3;CD202;NIRRIG;D04M;manha;D04
svm;agrupado;todos;3;treino;878;B3_CD202_NIRRIG_REPROD00006.asd;B3;CD202;NIRRIG;D04M;manha;D04
svm;agrupado;todos;3;treino;880;B4_CD202_IRRIG_REPROD00000.asd;B4;CD202;IRRIG;D04M;manha;D04
svm;agrupado;todos;3;treino;882;B4_CD202_IRRIG_REPROD00002.asd;B4;CD202;IRRIG;D04M;manha;D04
svm;agrupado;todos;3;treino;883;B4_CD202_IRRIG_REPROD00003.asd;B4;CD202;IRRIG;D04M;manha;D04
svm;agrupado;todos;3;treino;884;B4_CD202_IRRIG_REPROD00004.asd;B4;CD202;IRRIG;D04M;manha;D04
svm;agrupado;todos;3;treino;885;B4_CD202_IRRIG_REPROD00005.asd;B4;CD202;IRRIG;D04M;manha;D04
svm;agrupado;todos;3;treino;887;B4_CD202_IRRIG_REPROD00007.asd;B4;CD202;IRRIG;D04M;manha;D04
svm;agrupado;todos;3;treino;888;B4_CD202_NIRRIG_REPROD00000.asd;B4;CD202;NIRRIG;D04M;manha;D04
svm;agrupado;todos;3;treino;890;B4_CD202_NIRRIG_REPROD00002.asd;B4;CD202;NIRRIG;D04M;manha;D04
svm;agrupado;todos;3;treino;891;B4_CD202_NIRRIG_REPROD00003.asd;B4;CD202;NIRRIG;D04M;manha;D04
svm;agrupado;todos;3;treino;892;B4_CD202_NIRRIG_REPROD00004.asd;B4;CD202;NIRRIG;D04M;manha;D04
svm;agrupado;todos;3;treino;893;B4_CD202_NIRRIG_REPROD00005.asd;B4;CD202;NIRRIG;D04M;manha;D04
svm;agrupado;todos;3;treino;894;B4_CD202_NIRRIG_REPROD00006.asd;B4;CD202;NIRRIG;D04M;manha;D04
svm;agrupado;todos;3;treino;895;B4_CD202_NIRRIG_REPROD00007.asd;B4;CD202;NIRRIG;D04M;manha;D04
svm;agrupado;todos;3;treino;896;B1_EMB48_IRRIG_REPROD00000.asd;B1;EMB48;IRRIG;D04M;manha;D04
svm;agrupado;todos;3;treino;897;B1_EMB48_IRRIG_REPROD00001.asd;B1;EMB48;IRRIG;D04M;manha;D04
svm;agrupado;todos;3;treino;898;B1_EMB48_IRRIG_REPROD00002.asd;B1;EMB48;IRRIG;D04M;manha;D04
svm;agrupado;todos;3;treino;899;B1_EMB48_IRRIG_REPROD00003.asd;B1;EMB48;IRRIG;D04M;manha;D04
svm;agrupado;todos;3;treino;900;B1_EMB48_IRRIG_REPROD00004.asd;B1;EMB48;IRRIG;D04M;manha;D04
svm;agrupado;todos;3;treino;901;B1_EMB48_IRRIG_REPROD00005.asd;B1;EMB48;IRRIG;D04M;manha;D04
svm;agrupado;todos;3;treino;903;B1_EMB48_IRRIG_REPROD00007.asd;B1;EMB48;IRRIG;D04M;manha;D04
svm;agrupado;todos;3;treino;904;B1_EMB48_NIRRIG_REPROD00000.asd;B1;EMB48;NIRRIG;D04M;manha;D04
svm;agrupado;todos;3;treino;909;B1_EMB48_NIRRIG_REPROD00005.asd;B1;EMB48;NIRRIG;D04M;manha;D04
svm;agrupado;todos;3;treino;910;B1_EMB48_NIRRIG_REPROD00006.asd;B1;EMB48;NIRRIG;D04M;manha;D04
svm;agrupado;todos;3;treino;911;B1_EMB48_NIRRIG_REPROD00007.asd;B1;EMB48;NIRRIG;D04M;manha;D04
svm;agrupado;todos;3;treino;912;B2_EMB48_IRRIG_REPROD00000.asd;B2;EMB48;IRRIG;D04M;manha;D04
svm;agrupado;todos;3;treino;913;B2_EMB48_IRRIG_REPROD00001.asd;B2;EMB48;IRRIG;D04M;manha;D04
svm;agrupado;todos;3;treino;914;B2_EMB48_IRRIG_REPROD00002.asd;B2;EMB48;IRRIG;D04M;manha;D04
svm;agrupado;todos;3;treino;915;B2_EMB48_IRRIG_REPROD00003.asd;B2;EMB48;IRRIG;D04M;manha;D04
svm;agrupado;todos;3;treino;916;B2_EMB48_IRRIG_REPROD00004.asd;B2;EMB48;IRRIG;D04M;manha;D04
svm;agrupado;todos;3;treino;918;B2_EMB48_IRRIG_REPROD00006.asd;B2;EMB48;IRRIG;D04M;manha;D04
svm;agrupado;todos;3;treino;919;B2_EMB48_IRRIG_REPROD00007.asd;B2;EMB48;IRRIG;D04M;manha;D04
svm;agrupado;todos;3;treino;920;B2_EMB48_NIRRIG_REPROD00000.asd;B2;EMB48;NIRRIG;D04M;manha;D04
svm;agrupado;todos;3;treino;921;B2_EMB48_NIRRIG_REPROD00001.asd;B2;EMB48;NIRRIG;D04M;manha;D04
svm;agrupado;todos;3;treino;922;B2_EMB48_NIRRIG_REPROD00002.asd;B2;EMB48;NIRRIG;D04M;manha;D04
svm;agrupado;todos;3;treino;924;B2_EMB48_NIRRIG_REPROD00004.asd;B2;EMB48;NIRRIG;D04M;manha;D04
svm;agrupado;todos;3;treino;925;B2_EMB48_NIRRIG_REPROD00005.asd;B2;EMB48;NIRRIG;D04M;manha;D04
svm;agrupado;todos;3;treino;926;B2_EMB48_NIRRIG_REPROD00006.asd;B2;EMB48;NIRRIG;D04M;manha;D04
svm;agrupado;todos;3;treino;927;B2_EMB48_NIRRIG_REPROD00007.asd;B2;EMB48;NIRRIG;D04M;manha;D04
svm;agrupado;todos;3;treino;928;B3_EMB48_IRRIG_REPROD00000.asd;B3;EMB48;IRRIG;D04M;manha;D04
svm;agrupado;todos;3;treino;929;B3_EMB48_IRRIG_REPROD00001.asd;B3;EMB48;IRRIG;D04M;manha;D04
svm;agrupado;todos;3;treino;930;B3_EMB48_IRRIG_REPROD00002.asd;B3;EMB48;IRRIG;D04M;manha;D04
svm;agrupado;todos;3;treino;931;B3_EMB48_IRRIG_REPROD00003.asd;B3;EMB48;IRRIG;D04M;manha;D04
svm;agrupado;todos;3;treino;932;B3_EMB48_IRRIG_REPROD00004.asd;B3;EMB48;IRRIG;D04M;manha;D04
svm;agrupado;todos;3;treino;933;B3_EMB48_IRRIG_REPROD00005.asd;B3;EMB48;IRRIG;D04M;manha;D04
svm;agrupado;todos;3;treino;935;B3_EMB48_IRRIG_REPROD00007.asd;B3;EMB48;IRRIG;D04M;manha;D04
svm;agrupado;todos;3;treino;936;B3_EMB48_NIRRIG_REPROD00000.asd;B3;EMB48;NIRRIG;D04M;manha;D04
svm;agrupado;todos;3;treino;937;B3_EMB48_NIRRIG_REPROD00001.asd;B3;EMB48;NIRRIG;D04M;manha;D04
svm;agrupado;todos;3;treino;938;B3_EMB48_NIRRIG_REPROD00002.asd;B3;EMB48;NIRRIG;D04M;manha;D04
svm;agrupado;todos;3;treino;939;B3_EMB48_NIRRIG_REPROD00003.asd;B3;EMB48;NIRRIG;D04M;manha;D04
svm;agrupado;todos;3;treino;940;B3_EMB48_NIRRIG_REPROD00004.asd;B3;EMB48;NIRRIG;D04M;manha;D04
svm;agrupado;todos;3;treino;941;B3_EMB48_NIRRIG_REPROD00005.asd;B3;EMB48;NIRRIG;D04M;manha;D04
svm;agrupado;todos;3;treino;942;B3_EMB48_NIRRIG_REPROD00006.asd;B3;EMB48;NIRRIG;D04M;manha;D04
svm;agrupado;todos;3;treino;943;B3_EMB48_NIRRIG_REPROD00007.asd;B3;EMB48;NIRRIG;D04M;manha;D04
svm;agrupado;todos;3;treino;944;B4_EMB48_IRRIG_REPROD00000.asd;B4;EMB48;IRRIG;D04M;manha;D04
svm;agrupado;todos;3;treino;946;B4_EMB48_IRRIG_REPROD00002.asd;B4;EMB48;IRRIG;D04M;manha;D04
svm;agrupado;todos;3;treino;949;B4_EMB48_IRRIG_REPROD00005.asd;B4;EMB48;IRRIG;D04M;manha;D04
svm;agrupado;todos;3;treino;950;B4_EMB48_IRRIG_REPROD00006.asd;B4;EMB48;IRRIG;D04M;manha;D04
svm;agrupado;todos;3;treino;952;B4_EMB48_NIRRIG_REPROD00000.asd;B4;EMB48;NIRRIG;D04M;manha;D04
svm;agrupado;todos;3;treino;953;B4_EMB48_NIRRIG_REPROD00001.asd;B4;EMB48;NIRRIG;D04M;manha;D04
svm;agrupado;todos;3;treino;954;B4_EMB48_NIRRIG_REPROD00002.asd;B4;EMB48;NIRRIG;D04M;manha;D04
svm;agrupado;todos;3;treino;955;B4_EMB48_NIRRIG_REPROD00003.asd;B4;EMB48;NIRRIG;D04M;manha;D04
svm;agrupado;todos;3;treino;956;B4_EMB48_NIRRIG_REPROD00004.asd;B4;EMB48;NIRRIG;D04M;manha;D04
svm;agrupado;todos;3;treino;957;B4_EMB48_NIRRIG_REPROD00005.asd;B4;EMB48;NIRRIG;D04M;manha;D04
svm;agrupado;todos;3;treino;959;B4_EMB48_NIRRIG_REPROD00007.asd;B4;EMB48;NIRRIG;D04M;manha;D04
svm;agrupado;todos;3;treino;960;B1_BR16_IRRIG_REPROD00000.asd;B1;BR16;IRRIG;D05M;manha;D05
svm;agrupado;todos;3;treino;961;B1_BR16_IRRIG_REPROD00001.asd;B1;BR16;IRRIG;D05M;manha;D05
svm;agrupado;todos;3;treino;962;B1_BR16_IRRIG_REPROD00002.asd;B1;BR16;IRRIG;D05M;manha;D05
svm;agrupado;todos;3;treino;963;B1_BR16_IRRIG_REPROD00003.asd;B1;BR16;IRRIG;D05M;manha;D05
svm;agrupado;todos;3;treino;965;B1_BR16_IRRIG_REPROD00005.asd;B1;BR16;IRRIG;D05M;manha;D05
svm;agrupado;todos;3;treino;966;B1_BR16_IRRIG_REPROD00006.asd;B1;BR16;IRRIG;D05M;manha;D05
svm;agrupado;todos;3;treino;967;B1_BR16_IRRIG_REPROD00007.asd;B1;BR16;IRRIG;D05M;manha;D05
svm;agrupado;todos;3;treino;968;B1_BR16_NIRRIG_REPROD00000.asd;B1;BR16;NIRRIG;D05M;manha;D05
svm;agrupado;todos;3;treino;969;B1_BR16_NIRRIG_REPROD00001.asd;B1;BR16;NIRRIG;D05M;manha;D05
svm;agrupado;todos;3;treino;971;B1_BR16_NIRRIG_REPROD00003.asd;B1;BR16;NIRRIG;D05M;manha;D05
svm;agrupado;todos;3;treino;972;B1_BR16_NIRRIG_REPROD00004.asd;B1;BR16;NIRRIG;D05M;manha;D05
svm;agrupado;todos;3;treino;973;B1_BR16_NIRRIG_REPROD00005.asd;B1;BR16;NIRRIG;D05M;manha;D05
svm;agrupado;todos;3;treino;974;B1_BR16_NIRRIG_REPROD00006.asd;B1;BR16;NIRRIG;D05M;manha;D05
svm;agrupado;todos;3;treino;975;B1_BR16_NIRRIG_REPROD00007.asd;B1;BR16;NIRRIG;D05M;manha;D05
svm;agrupado;todos;3;treino;976;B2_BR16_IRRIG_REPROD00000.asd;B2;BR16;IRRIG;D05M;manha;D05
svm;agrupado;todos;3;treino;977;B2_BR16_IRRIG_REPROD00001.asd;B2;BR16;IRRIG;D05M;manha;D05
svm;agrupado;todos;3;treino;978;B2_BR16_IRRIG_REPROD00002.asd;B2;BR16;IRRIG;D05M;manha;D05
svm;agrupado;todos;3;treino;979;B2_BR16_IRRIG_REPROD00003.asd;B2;BR16;IRRIG;D05M;manha;D05
svm;agrupado;todos;3;treino;983;B2_BR16_IRRIG_REPROD00007.asd;B2;BR16;IRRIG;D05M;manha;D05
svm;agrupado;todos;3;treino;985;B2_BR16_NIRRIG_REPROD00001.asd;B2;BR16;NIRRIG;D05M;manha;D05
svm;agrupado;todos;3;treino;986;B2_BR16_NIRRIG_REPROD00002.asd;B2;BR16;NIRRIG;D05M;manha;D05
svm;agrupado;todos;3;treino;987;B2_BR16_NIRRIG_REPROD00003.asd;B2;BR16;NIRRIG;D05M;manha;D05
svm;agrupado;todos;3;treino;988;B2_BR16_NIRRIG_REPROD00004.asd;B2;BR16;NIRRIG;D05M;manha;D05
svm;agrupado;todos;3;treino;989;B2_BR16_NIRRIG_REPROD00005.asd;B2;BR16;NIRRIG;D05M;manha;D05
svm;agrupado;todos;3;treino;990;B2_BR16_NIRRIG_REPROD00006.asd;B2;BR16;NIRRIG;D05M;manha;D05
svm;agrupado;todos;3;treino;991;B2_BR16_NIRRIG_REPROD00007.asd;B2;BR16;NIRRIG;D05M;manha;D05
svm;agrupado;todos;3;treino;992;B3_BR16_IRRIG_REPROD00000.asd;B3;BR16;IRRIG;D05M;manha;D05
svm;agrupado;todos;3;treino;993;B3_BR16_IRRIG_REPROD00001.asd;B3;BR16;IRRIG;D05M;manha;D05
svm;agrupado;todos;3;treino;994;B3_BR16_IRRIG_REPROD00002.asd;B3;BR16;IRRIG;D05M;manha;D05
svm;agrupado;todos;3;treino;995;B3_BR16_IRRIG_REPROD00003.asd;B3;BR16;IRRIG;D05M;manha;D05
svm;agrupado;todos;3;treino;996;B3_BR16_IRRIG_REPROD00004.asd;B3;BR16;IRRIG;D05M;manha;D05
svm;agrupado;todos;3;treino;997;B3_BR16_IRRIG_REPROD00005.asd;B3;BR16;IRRIG;D05M;manha;D05
svm;agrupado;todos;3;treino;999;B3_BR16_IRRIG_REPROD00007.asd;B3;BR16;IRRIG;D05M;manha;D05
svm;agrupado;todos;3;treino;1000;B3_BR16_NIRRIG_REPROD00000.asd;B3;BR16;NIRRIG;D05M;manha;D05
svm;agrupado;todos;3;treino;1001;B3_BR16_NIRRIG_REPROD00001.asd;B3;BR16;NIRRIG;D05M;manha;D05
svm;agrupado;todos;3;treino;1004;B3_BR16_NIRRIG_REPROD00004.asd;B3;BR16;NIRRIG;D05M;manha;D05
svm;agrupado;todos;3;treino;1005;B3_BR16_NIRRIG_REPROD00005.asd;B3;BR16;NIRRIG;D05M;manha;D05
svm;agrupado;todos;3;treino;1007;B3_BR16_NIRRIG_REPROD00007.asd;B3;BR16;NIRRIG;D05M;manha;D05
svm;agrupado;todos;3;treino;1008;B4_BR16_IRRIG_REPROD00000.asd;B4;BR16;IRRIG;D05M;manha;D05
svm;agrupado;todos;3;treino;1009;B4_BR16_IRRIG_REPROD00001.asd;B4;BR16;IRRIG;D05M;manha;D05
svm;agrupado;todos;3;treino;1010;B4_BR16_IRRIG_REPROD00002.asd;B4;BR16;IRRIG;D05M;manha;D05
svm;agrupado;todos;3;treino;1011;B4_BR16_IRRIG_REPROD00003.asd;B4;BR16;IRRIG;D05M;manha;D05
svm;agrupado;todos;3;treino;1012;B4_BR16_IRRIG_REPROD00004.asd;B4;BR16;IRRIG;D05M;manha;D05
svm;agrupado;todos;3;treino;1015;B4_BR16_IRRIG_REPROD00007.asd;B4;BR16;IRRIG;D05M;manha;D05
svm;agrupado;todos;3;treino;1016;B4_BR16_NIRRIG_REPROD00000.asd;B4;BR16;NIRRIG;D05M;manha;D05
svm;agrupado;todos;3;treino;1017;B4_BR16_NIRRIG_REPROD00001.asd;B4;BR16;NIRRIG;D05M;manha;D05
svm;agrupado;todos;3;treino;1018;B4_BR16_NIRRIG_REPROD00002.asd;B4;BR16;NIRRIG;D05M;manha;D05
svm;agrupado;todos;3;treino;1019;B4_BR16_NIRRIG_REPROD00003.asd;B4;BR16;NIRRIG;D05M;manha;D05
svm;agrupado;todos;3;treino;1020;B4_BR16_NIRRIG_REPROD00004.asd;B4;BR16;NIRRIG;D05M;manha;D05
svm;agrupado;todos;3;treino;1021;B4_BR16_NIRRIG_REPROD00005.asd;B4;BR16;NIRRIG;D05M;manha;D05
svm;agrupado;todos;3;treino;1022;B4_BR16_NIRRIG_REPROD00006.asd;B4;BR16;NIRRIG;D05M;manha;D05
svm;agrupado;todos;3;treino;1023;B4_BR16_NIRRIG_REPROD00007.asd;B4;BR16;NIRRIG;D05M;manha;D05
svm;agrupado;todos;3;treino;1024;B1_CD202_IRRIG_REPROD00000.asd;B1;CD202;IRRIG;D05M;manha;D05
svm;agrupado;todos;3;treino;1026;B1_CD202_IRRIG_REPROD00002.asd;B1;CD202;IRRIG;D05M;manha;D05
svm;agrupado;todos;3;treino;1027;B1_CD202_IRRIG_REPROD00003.asd;B1;CD202;IRRIG;D05M;manha;D05
svm;agrupado;todos;3;treino;1028;B1_CD202_IRRIG_REPROD00004.asd;B1;CD202;IRRIG;D05M;manha;D05
svm;agrupado;todos;3;treino;1030;B1_CD202_IRRIG_REPROD00006.asd;B1;CD202;IRRIG;D05M;manha;D05
svm;agrupado;todos;3;treino;1031;B1_CD202_IRRIG_REPROD00007.asd;B1;CD202;IRRIG;D05M;manha;D05
svm;agrupado;todos;3;treino;1032;B1_CD202_NIRRIG_REPROD00000.asd;B1;CD202;NIRRIG;D05M;manha;D05
svm;agrupado;todos;3;treino;1033;B1_CD202_NIRRIG_REPROD00001.asd;B1;CD202;NIRRIG;D05M;manha;D05
svm;agrupado;todos;3;treino;1034;B1_CD202_NIRRIG_REPROD00002.asd;B1;CD202;NIRRIG;D05M;manha;D05
svm;agrupado;todos;3;treino;1035;B1_CD202_NIRRIG_REPROD00003.asd;B1;CD202;NIRRIG;D05M;manha;D05
svm;agrupado;todos;3;treino;1037;B1_CD202_NIRRIG_REPROD00005.asd;B1;CD202;NIRRIG;D05M;manha;D05
svm;agrupado;todos;3;treino;1038;B1_CD202_NIRRIG_REPROD00006.asd;B1;CD202;NIRRIG;D05M;manha;D05
svm;agrupado;todos;3;treino;1040;B2_CD202_IRRIG_REPROD00000.asd;B2;CD202;IRRIG;D05M;manha;D05
svm;agrupado;todos;3;treino;1041;B2_CD202_IRRIG_REPROD00001.asd;B2;CD202;IRRIG;D05M;manha;D05
svm;agrupado;todos;3;treino;1042;B2_CD202_IRRIG_REPROD00002.asd;B2;CD202;IRRIG;D05M;manha;D05
svm;agrupado;todos;3;treino;1043;B2_CD202_IRRIG_REPROD00003.asd;B2;CD202;IRRIG;D05M;manha;D05
svm;agrupado;todos;3;treino;1044;B2_CD202_IRRIG_REPROD00004.asd;B2;CD202;IRRIG;D05M;manha;D05
svm;agrupado;todos;3;treino;1045;B2_CD202_IRRIG_REPROD00005.asd;B2;CD202;IRRIG;D05M;manha;D05
svm;agrupado;todos;3;treino;1046;B2_CD202_IRRIG_REPROD00006.asd;B2;CD202;IRRIG;D05M;manha;D05
svm;agrupado;todos;3;treino;1047;B2_CD202_IRRIG_REPROD00007.asd;B2;CD202;IRRIG;D05M;manha;D05
svm;agrupado;todos;3;treino;1048;B2_CD202_NIRRIG_REPROD00000.asd;B2;CD202;NIRRIG;D05M;manha;D05
svm;agrupado;todos;3;treino;1049;B2_CD202_NIRRIG_REPROD00001.asd;B2;CD202;NIRRIG;D05M;manha;D05
svm;agrupado;todos;3;treino;1051;B2_CD202_NIRRIG_REPROD00003.asd;B2;CD202;NIRRIG;D05M;manha;D05
svm;agrupado;todos;3;treino;1052;B2_CD202_NIRRIG_REPROD00004.asd;B2;CD202;NIRRIG;D05M;manha;D05
svm;agrupado;todos;3;treino;1053;B2_CD202_NIRRIG_REPROD00005.asd;B2;CD202;NIRRIG;D05M;manha;D05
svm;agrupado;todos;3;treino;1054;B2_CD202_NIRRIG_REPROD00006.asd;B2;CD202;NIRRIG;D05M;manha;D05
svm;agrupado;todos;3;treino;1057;B3_CD202_IRRIG_REPROD00001.asd;B3;CD202;IRRIG;D05M;manha;D05
svm;agrupado;todos;3;treino;1058;B3_CD202_IRRIG_REPROD00002.asd;B3;CD202;IRRIG;D05M;manha;D05
svm;agrupado;todos;3;treino;1059;B3_CD202_IRRIG_REPROD00003.asd;B3;CD202;IRRIG;D05M;manha;D05
svm;agrupado;todos;3;treino;1060;B3_CD202_IRRIG_REPROD00004.asd;B3;CD202;IRRIG;D05M;manha;D05
svm;agrupado;todos;3;treino;1061;B3_CD202_IRRIG_REPROD00005.asd;B3;CD202;IRRIG;D05M;manha;D05
svm;agrupado;todos;3;treino;1062;B3_CD202_IRRIG_REPROD00006.asd;B3;CD202;IRRIG;D05M;manha;D05
svm;agrupado;todos;3;treino;1063;B3_CD202_IRRIG_REPROD00007.asd;B3;CD202;IRRIG;D05M;manha;D05
svm;agrupado;todos;3;treino;1064;B3_CD202_NIRRIG_REPROD00000.asd;B3;CD202;NIRRIG;D05M;manha;D05
svm;agrupado;todos;3;treino;1065;B3_CD202_NIRRIG_REPROD00001.asd;B3;CD202;NIRRIG;D05M;manha;D05
svm;agrupado;todos;3;treino;1066;B3_CD202_NIRRIG_REPROD00002.asd;B3;CD202;NIRRIG;D05M;manha;D05
svm;agrupado;todos;3;treino;1068;B3_CD202_NIRRIG_REPROD00004.asd;B3;CD202;NIRRIG;D05M;manha;D05
svm;agrupado;todos;3;treino;1070;B3_CD202_NIRRIG_REPROD00006.asd;B3;CD202;NIRRIG;D05M;manha;D05
svm;agrupado;todos;3;treino;1072;B4_CD202_IRRIG_REPROD00000.asd;B4;CD202;IRRIG;D05M;manha;D05
svm;agrupado;todos;3;treino;1074;B4_CD202_IRRIG_REPROD00002.asd;B4;CD202;IRRIG;D05M;manha;D05
svm;agrupado;todos;3;treino;1075;B4_CD202_IRRIG_REPROD00003.asd;B4;CD202;IRRIG;D05M;manha;D05
svm;agrupado;todos;3;treino;1076;B4_CD202_IRRIG_REPROD00004.asd;B4;CD202;IRRIG;D05M;manha;D05
svm;agrupado;todos;3;treino;1077;B4_CD202_IRRIG_REPROD00005.asd;B4;CD202;IRRIG;D05M;manha;D05
svm;agrupado;todos;3;treino;1079;B4_CD202_IRRIG_REPROD00007.asd;B4;CD202;IRRIG;D05M;manha;D05
svm;agrupado;todos;3;treino;1080;B4_CD202_NIRRIG_REPROD00000.asd;B4;CD202;NIRRIG;D05M;manha;D05
svm;agrupado;todos;3;treino;1082;B4_CD202_NIRRIG_REPROD00002.asd;B4;CD202;NIRRIG;D05M;manha;D05
svm;agrupado;todos;3;treino;1083;B4_CD202_NIRRIG_REPROD00003.asd;B4;CD202;NIRRIG;D05M;manha;D05
svm;agrupado;todos;3;treino;1084;B4_CD202_NIRRIG_REPROD00004.asd;B4;CD202;NIRRIG;D05M;manha;D05
svm;agrupado;todos;3;treino;1085;B4_CD202_NIRRIG_REPROD00005.asd;B4;CD202;NIRRIG;D05M;manha;D05
svm;agrupado;todos;3;treino;1086;B4_CD202_NIRRIG_REPROD00006.asd;B4;CD202;NIRRIG;D05M;manha;D05
svm;agrupado;todos;3;treino;1087;B4_CD202_NIRRIG_REPROD00007.asd;B4;CD202;NIRRIG;D05M;manha;D05
svm;agrupado;todos;3;treino;1088;B1_EMB48_IRRIG_REPROD00000.asd;B1;EMB48;IRRIG;D05M;manha;D05
svm;agrupado;todos;3;treino;1089;B1_EMB48_IRRIG_REPROD00001.asd;B1;EMB48;IRRIG;D05M;manha;D05
svm;agrupado;todos;3;treino;1090;B1_EMB48_IRRIG_REPROD00002.asd;B1;EMB48;IRRIG;D05M;manha;D05
svm;agrupado;todos;3;treino;1091;B1_EMB48_IRRIG_REPROD00003.asd;B1;EMB48;IRRIG;D05M;manha;D05
svm;agrupado;todos;3;treino;1092;B1_EMB48_IRRIG_REPROD00004.asd;B1;EMB48;IRRIG;D05M;manha;D05
svm;agrupado;todos;3;treino;1093;B1_EMB48_IRRIG_REPROD00005.asd;B1;EMB48;IRRIG;D05M;manha;D05
svm;agrupado;todos;3;treino;1095;B1_EMB48_IRRIG_REPROD00007.asd;B1;EMB48;IRRIG;D05M;manha;D05
svm;agrupado;todos;3;treino;1096;B1_EMB48_NIRRIG_REPROD00000.asd;B1;EMB48;NIRRIG;D05M;manha;D05
svm;agrupado;todos;3;treino;1101;B1_EMB48_NIRRIG_REPROD00005.asd;B1;EMB48;NIRRIG;D05M;manha;D05
svm;agrupado;todos;3;treino;1102;B1_EMB48_NIRRIG_REPROD00006.asd;B1;EMB48;NIRRIG;D05M;manha;D05
svm;agrupado;todos;3;treino;1103;B1_EMB48_NIRRIG_REPROD00007.asd;B1;EMB48;NIRRIG;D05M;manha;D05
svm;agrupado;todos;3;treino;1104;B2_EMB48_IRRIG_REPROD00000.asd;B2;EMB48;IRRIG;D05M;manha;D05
svm;agrupado;todos;3;treino;1105;B2_EMB48_IRRIG_REPROD00001.asd;B2;EMB48;IRRIG;D05M;manha;D05
svm;agrupado;todos;3;treino;1106;B2_EMB48_IRRIG_REPROD00002.asd;B2;EMB48;IRRIG;D05M;manha;D05
svm;agrupado;todos;3;treino;1107;B2_EMB48_IRRIG_REPROD00003.asd;B2;EMB48;IRRIG;D05M;manha;D05
svm;agrupado;todos;3;treino;1108;B2_EMB48_IRRIG_REPROD00004.asd;B2;EMB48;IRRIG;D05M;manha;D05
svm;agrupado;todos;3;treino;1110;B2_EMB48_IRRIG_REPROD00006.asd;B2;EMB48;IRRIG;D05M;manha;D05
svm;agrupado;todos;3;treino;1111;B2_EMB48_IRRIG_REPROD00007.asd;B2;EMB48;IRRIG;D05M;manha;D05
svm;agrupado;todos;3;treino;1112;B2_EMB48_NIRRIG_REPROD00000.asd;B2;EMB48;NIRRIG;D05M;manha;D05
svm;agrupado;todos;3;treino;1113;B2_EMB48_NIRRIG_REPROD00001.asd;B2;EMB48;NIRRIG;D05M;manha;D05
svm;agrupado;todos;3;treino;1114;B2_EMB48_NIRRIG_REPROD00002.asd;B2;EMB48;NIRRIG;D05M;manha;D05
svm;agrupado;todos;3;treino;1116;B2_EMB48_NIRRIG_REPROD00004.asd;B2;EMB48;NIRRIG;D05M;manha;D05
svm;agrupado;todos;3;treino;1117;B2_EMB48_NIRRIG_REPROD00005.asd;B2;EMB48;NIRRIG;D05M;manha;D05
svm;agrupado;todos;3;treino;1118;B2_EMB48_NIRRIG_REPROD00006.asd;B2;EMB48;NIRRIG;D05M;manha;D05
svm;agrupado;todos;3;treino;1119;B2_EMB48_NIRRIG_REPROD00007.asd;B2;EMB48;NIRRIG;D05M;manha;D05
svm;agrupado;todos;3;treino;1120;B3_EMB48_IRRIG_REPROD00000.asd;B3;EMB48;IRRIG;D05M;manha;D05
svm;agrupado;todos;3;treino;1121;B3_EMB48_IRRIG_REPROD00001.asd;B3;EMB48;IRRIG;D05M;manha;D05
svm;agrupado;todos;3;treino;1122;B3_EMB48_IRRIG_REPROD00002.asd;B3;EMB48;IRRIG;D05M;manha;D05
svm;agrupado;todos;3;treino;1123;B3_EMB48_IRRIG_REPROD00003.asd;B3;EMB48;IRRIG;D05M;manha;D05
svm;agrupado;todos;3;treino;1124;B3_EMB48_IRRIG_REPROD00004.asd;B3;EMB48;IRRIG;D05M;manha;D05
svm;agrupado;todos;3;treino;1125;B3_EMB48_IRRIG_REPROD00005.asd;B3;EMB48;IRRIG;D05M;manha;D05
svm;agrupado;todos;3;treino;1127;B3_EMB48_IRRIG_REPROD00007.asd;B3;EMB48;IRRIG;D05M;manha;D05
svm;agrupado;todos;3;treino;1128;B3_EMB48_NIRRIG_REPROD00000.asd;B3;EMB48;NIRRIG;D05M;manha;D05
svm;agrupado;todos;3;treino;1129;B3_EMB48_NIRRIG_REPROD00001.asd;B3;EMB48;NIRRIG;D05M;manha;D05
svm;agrupado;todos;3;treino;1130;B3_EMB48_NIRRIG_REPROD00002.asd;B3;EMB48;NIRRIG;D05M;manha;D05
svm;agrupado;todos;3;treino;1131;B3_EMB48_NIRRIG_REPROD00003.asd;B3;EMB48;NIRRIG;D05M;manha;D05
svm;agrupado;todos;3;treino;1132;B3_EMB48_NIRRIG_REPROD00004.asd;B3;EMB48;NIRRIG;D05M;manha;D05
svm;agrupado;todos;3;treino;1133;B3_EMB48_NIRRIG_REPROD00005.asd;B3;EMB48;NIRRIG;D05M;manha;D05
svm;agrupado;todos;3;treino;1134;B3_EMB48_NIRRIG_REPROD00006.asd;B3;EMB48;NIRRIG;D05M;manha;D05
svm;agrupado;todos;3;treino;1135;B3_EMB48_NIRRIG_REPROD00007.asd;B3;EMB48;NIRRIG;D05M;manha;D05
svm;agrupado;todos;3;treino;1136;B4_EMB48_IRRIG_REPROD00000.asd;B4;EMB48;IRRIG;D05M;manha;D05
svm;agrupado;todos;3;treino;1138;B4_EMB48_IRRIG_REPROD00002.asd;B4;EMB48;IRRIG;D05M;manha;D05
svm;agrupado;todos;3;treino;1141;B4_EMB48_IRRIG_REPROD00005.asd;B4;EMB48;IRRIG;D05M;manha;D05
svm;agrupado;todos;3;treino;1142;B4_EMB48_IRRIG_REPROD00006.asd;B4;EMB48;IRRIG;D05M;manha;D05
svm;agrupado;todos;3;treino;1144;B4_EMB48_NIRRIG_REPROD00000.asd;B4;EMB48;NIRRIG;D05M;manha;D05
svm;agrupado;todos;3;treino;1145;B4_EMB48_NIRRIG_REPROD00001.asd;B4;EMB48;NIRRIG;D05M;manha;D05
svm;agrupado;todos;3;treino;1146;B4_EMB48_NIRRIG_REPROD00002.asd;B4;EMB48;NIRRIG;D05M;manha;D05
svm;agrupado;todos;3;treino;1147;B4_EMB48_NIRRIG_REPROD00003.asd;B4;EMB48;NIRRIG;D05M;manha;D05
svm;agrupado;todos;3;treino;1148;B4_EMB48_NIRRIG_REPROD00004.asd;B4;EMB48;NIRRIG;D05M;manha;D05
svm;agrupado;todos;3;treino;1149;B4_EMB48_NIRRIG_REPROD00005.asd;B4;EMB48;NIRRIG;D05M;manha;D05
svm;agrupado;todos;3;treino;1151;B4_EMB48_NIRRIG_REPROD00007.asd;B4;EMB48;NIRRIG;D05M;manha;D05
svm;agrupado;todos;3;treino;1152;B1_BR16_IRRIG_REPROD00000.asd;B1;BR16;IRRIG;D06M;manha;D06
svm;agrupado;todos;3;treino;1153;B1_BR16_IRRIG_REPROD00001.asd;B1;BR16;IRRIG;D06M;manha;D06
svm;agrupado;todos;3;treino;1154;B1_BR16_IRRIG_REPROD00002.asd;B1;BR16;IRRIG;D06M;manha;D06
svm;agrupado;todos;3;treino;1155;B1_BR16_IRRIG_REPROD00003.asd;B1;BR16;IRRIG;D06M;manha;D06
svm;agrupado;todos;3;treino;1157;B1_BR16_IRRIG_REPROD00005.asd;B1;BR16;IRRIG;D06M;manha;D06
svm;agrupado;todos;3;treino;1158;B1_BR16_IRRIG_REPROD00006.asd;B1;BR16;IRRIG;D06M;manha;D06
svm;agrupado;todos;3;treino;1159;B1_BR16_IRRIG_REPROD00007.asd;B1;BR16;IRRIG;D06M;manha;D06
svm;agrupado;todos;3;treino;1160;B1_BR16_NIRRIG_REPROD00000.asd;B1;BR16;NIRRIG;D06M;manha;D06
svm;agrupado;todos;3;treino;1161;B1_BR16_NIRRIG_REPROD00001.asd;B1;BR16;NIRRIG;D06M;manha;D06
svm;agrupado;todos;3;treino;1163;B1_BR16_NIRRIG_REPROD00003.asd;B1;BR16;NIRRIG;D06M;manha;D06
svm;agrupado;todos;3;treino;1164;B1_BR16_NIRRIG_REPROD00004.asd;B1;BR16;NIRRIG;D06M;manha;D06
svm;agrupado;todos;3;treino;1165;B1_BR16_NIRRIG_REPROD00005.asd;B1;BR16;NIRRIG;D06M;manha;D06
svm;agrupado;todos;3;treino;1166;B1_BR16_NIRRIG_REPROD00006.asd;B1;BR16;NIRRIG;D06M;manha;D06
svm;agrupado;todos;3;treino;1167;B1_BR16_NIRRIG_REPROD00007.asd;B1;BR16;NIRRIG;D06M;manha;D06
svm;agrupado;todos;3;treino;1168;B2_BR16_IRRIG_REPROD00000.asd;B2;BR16;IRRIG;D06M;manha;D06
svm;agrupado;todos;3;treino;1169;B2_BR16_IRRIG_REPROD00001.asd;B2;BR16;IRRIG;D06M;manha;D06
svm;agrupado;todos;3;treino;1170;B2_BR16_IRRIG_REPROD00002.asd;B2;BR16;IRRIG;D06M;manha;D06
svm;agrupado;todos;3;treino;1171;B2_BR16_IRRIG_REPROD00003.asd;B2;BR16;IRRIG;D06M;manha;D06
svm;agrupado;todos;3;treino;1175;B2_BR16_IRRIG_REPROD00007.asd;B2;BR16;IRRIG;D06M;manha;D06
svm;agrupado;todos;3;treino;1177;B2_BR16_NIRRIG_REPROD00001.asd;B2;BR16;NIRRIG;D06M;manha;D06
svm;agrupado;todos;3;treino;1178;B2_BR16_NIRRIG_REPROD00002.asd;B2;BR16;NIRRIG;D06M;manha;D06
svm;agrupado;todos;3;treino;1179;B2_BR16_NIRRIG_REPROD00003.asd;B2;BR16;NIRRIG;D06M;manha;D06
svm;agrupado;todos;3;treino;1180;B2_BR16_NIRRIG_REPROD00004.asd;B2;BR16;NIRRIG;D06M;manha;D06
svm;agrupado;todos;3;treino;1181;B2_BR16_NIRRIG_REPROD00005.asd;B2;BR16;NIRRIG;D06M;manha;D06
svm;agrupado;todos;3;treino;1182;B2_BR16_NIRRIG_REPROD00006.asd;B2;BR16;NIRRIG;D06M;manha;D06
svm;agrupado;todos;3;treino;1183;B2_BR16_NIRRIG_REPROD00007.asd;B2;BR16;NIRRIG;D06M;manha;D06
svm;agrupado;todos;3;treino;1184;B3_BR16_IRRIG_REPROD00000.asd;B3;BR16;IRRIG;D06M;manha;D06
svm;agrupado;todos;3;treino;1185;B3_BR16_IRRIG_REPROD00001.asd;B3;BR16;IRRIG;D06M;manha;D06
svm;agrupado;todos;3;treino;1186;B3_BR16_IRRIG_REPROD00002.asd;B3;BR16;IRRIG;D06M;manha;D06
svm;agrupado;todos;3;treino;1187;B3_BR16_IRRIG_REPROD00003.asd;B3;BR16;IRRIG;D06M;manha;D06
svm;agrupado;todos;3;treino;1188;B3_BR16_IRRIG_REPROD00004.asd;B3;BR16;IRRIG;D06M;manha;D06
svm;agrupado;todos;3;treino;1189;B3_BR16_IRRIG_REPROD00005.asd;B3;BR16;IRRIG;D06M;manha;D06
svm;agrupado;todos;3;treino;1191;B3_BR16_IRRIG_REPROD00007.asd;B3;BR16;IRRIG;D06M;manha;D06
svm;agrupado;todos;3;treino;1192;B3_BR16_NIRRIG_REPROD00000.asd;B3;BR16;NIRRIG;D06M;manha;D06
svm;agrupado;todos;3;treino;1193;B3_BR16_NIRRIG_REPROD00001.asd;B3;BR16;NIRRIG;D06M;manha;D06
svm;agrupado;todos;3;treino;1196;B3_BR16_NIRRIG_REPROD00004.asd;B3;BR16;NIRRIG;D06M;manha;D06
svm;agrupado;todos;3;treino;1197;B3_BR16_NIRRIG_REPROD00005.asd;B3;BR16;NIRRIG;D06M;manha;D06
svm;agrupado;todos;3;treino;1199;B3_BR16_NIRRIG_REPROD00007.asd;B3;BR16;NIRRIG;D06M;manha;D06
svm;agrupado;todos;3;treino;1200;B4_BR16_IRRIG_REPROD00000.asd;B4;BR16;IRRIG;D06M;manha;D06
svm;agrupado;todos;3;treino;1201;B4_BR16_IRRIG_REPROD00001.asd;B4;BR16;IRRIG;D06M;manha;D06
svm;agrupado;todos;3;treino;1202;B4_BR16_IRRIG_REPROD00002.asd;B4;BR16;IRRIG;D06M;manha;D06
svm;agrupado;todos;3;treino;1203;B4_BR16_IRRIG_REPROD00003.asd;B4;BR16;IRRIG;D06M;manha;D06
svm;agrupado;todos;3;treino;1204;B4_BR16_IRRIG_REPROD00004.asd;B4;BR16;IRRIG;D06M;manha;D06
svm;agrupado;todos;3;treino;1207;B4_BR16_IRRIG_REPROD00007.asd;B4;BR16;IRRIG;D06M;manha;D06
svm;agrupado;todos;3;treino;1208;B4_BR16_NIRRIG_REPROD00000.asd;B4;BR16;NIRRIG;D06M;manha;D06
svm;agrupado;todos;3;treino;1209;B4_BR16_NIRRIG_REPROD00001.asd;B4;BR16;NIRRIG;D06M;manha;D06
svm;agrupado;todos;3;treino;1210;B4_BR16_NIRRIG_REPROD00002.asd;B4;BR16;NIRRIG;D06M;manha;D06
svm;agrupado;todos;3;treino;1211;B4_BR16_NIRRIG_REPROD00003.asd;B4;BR16;NIRRIG;D06M;manha;D06
svm;agrupado;todos;3;treino;1212;B4_BR16_NIRRIG_REPROD00004.asd;B4;BR16;NIRRIG;D06M;manha;D06
svm;agrupado;todos;3;treino;1213;B4_BR16_NIRRIG_REPROD00005.asd;B4;BR16;NIRRIG;D06M;manha;D06
svm;agrupado;todos;3;treino;1214;B4_BR16_NIRRIG_REPROD00006.asd;B4;BR16;NIRRIG;D06M;manha;D06
svm;agrupado;todos;3;treino;1215;B4_BR16_NIRRIG_REPROD00007.asd;B4;BR16;NIRRIG;D06M;manha;D06
svm;agrupado;todos;3;treino;1216;B1_CD202_IRRIG_REPROD00000.asd;B1;CD202;IRRIG;D06M;manha;D06
svm;agrupado;todos;3;treino;1218;B1_CD202_IRRIG_REPROD00002.asd;B1;CD202;IRRIG;D06M;manha;D06
svm;agrupado;todos;3;treino;1219;B1_CD202_IRRIG_REPROD00003.asd;B1;CD202;IRRIG;D06M;manha;D06
svm;agrupado;todos;3;treino;1220;B1_CD202_IRRIG_REPROD00004.asd;B1;CD202;IRRIG;D06M;manha;D06
svm;agrupado;todos;3;treino;1222;B1_CD202_IRRIG_REPROD00006.asd;B1;CD202;IRRIG;D06M;manha;D06
svm;agrupado;todos;3;treino;1223;B1_CD202_IRRIG_REPROD00007.asd;B1;CD202;IRRIG;D06M;manha;D06
svm;agrupado;todos;3;treino;1224;B1_CD202_NIRRIG_REPROD00000.asd;B1;CD202;NIRRIG;D06M;manha;D06
svm;agrupado;todos;3;treino;1225;B1_CD202_NIRRIG_REPROD00001.asd;B1;CD202;NIRRIG;D06M;manha;D06
svm;agrupado;todos;3;treino;1226;B1_CD202_NIRRIG_REPROD00002.asd;B1;CD202;NIRRIG;D06M;manha;D06
svm;agrupado;todos;3;treino;1227;B1_CD202_NIRRIG_REPROD00003.asd;B1;CD202;NIRRIG;D06M;manha;D06
svm;agrupado;todos;3;treino;1229;B1_CD202_NIRRIG_REPROD00005.asd;B1;CD202;NIRRIG;D06M;manha;D06
svm;agrupado;todos;3;treino;1230;B1_CD202_NIRRIG_REPROD00006.asd;B1;CD202;NIRRIG;D06M;manha;D06
svm;agrupado;todos;3;treino;1232;B2_CD202_IRRIG_REPROD00000.asd;B2;CD202;IRRIG;D06M;manha;D06
svm;agrupado;todos;3;treino;1233;B2_CD202_IRRIG_REPROD00001.asd;B2;CD202;IRRIG;D06M;manha;D06
svm;agrupado;todos;3;treino;1234;B2_CD202_IRRIG_REPROD00002.asd;B2;CD202;IRRIG;D06M;manha;D06
svm;agrupado;todos;3;treino;1235;B2_CD202_IRRIG_REPROD00003.asd;B2;CD202;IRRIG;D06M;manha;D06
svm;agrupado;todos;3;treino;1236;B2_CD202_IRRIG_REPROD00004.asd;B2;CD202;IRRIG;D06M;manha;D06
svm;agrupado;todos;3;treino;1237;B2_CD202_IRRIG_REPROD00005.asd;B2;CD202;IRRIG;D06M;manha;D06
svm;agrupado;todos;3;treino;1238;B2_CD202_IRRIG_REPROD00006.asd;B2;CD202;IRRIG;D06M;manha;D06
svm;agrupado;todos;3;treino;1239;B2_CD202_IRRIG_REPROD00007.asd;B2;CD202;IRRIG;D06M;manha;D06
svm;agrupado;todos;3;treino;1240;B2_CD202_NIRRIG_REPROD00000.asd;B2;CD202;NIRRIG;D06M;manha;D06
svm;agrupado;todos;3;treino;1241;B2_CD202_NIRRIG_REPROD00001.asd;B2;CD202;NIRRIG;D06M;manha;D06
svm;agrupado;todos;3;treino;1243;B2_CD202_NIRRIG_REPROD00003.asd;B2;CD202;NIRRIG;D06M;manha;D06
svm;agrupado;todos;3;treino;1244;B2_CD202_NIRRIG_REPROD00004.asd;B2;CD202;NIRRIG;D06M;manha;D06
svm;agrupado;todos;3;treino;1245;B2_CD202_NIRRIG_REPROD00005.asd;B2;CD202;NIRRIG;D06M;manha;D06
svm;agrupado;todos;3;treino;1246;B2_CD202_NIRRIG_REPROD00006.asd;B2;CD202;NIRRIG;D06M;manha;D06
svm;agrupado;todos;3;treino;1249;B3_CD202_IRRIG_REPROD00001.asd;B3;CD202;IRRIG;D06M;manha;D06
svm;agrupado;todos;3;treino;1250;B3_CD202_IRRIG_REPROD00002.asd;B3;CD202;IRRIG;D06M;manha;D06
svm;agrupado;todos;3;treino;1251;B3_CD202_IRRIG_REPROD00003.asd;B3;CD202;IRRIG;D06M;manha;D06
svm;agrupado;todos;3;treino;1252;B3_CD202_IRRIG_REPROD00004.asd;B3;CD202;IRRIG;D06M;manha;D06
svm;agrupado;todos;3;treino;1253;B3_CD202_IRRIG_REPROD00005.asd;B3;CD202;IRRIG;D06M;manha;D06
svm;agrupado;todos;3;treino;1254;B3_CD202_IRRIG_REPROD00006.asd;B3;CD202;IRRIG;D06M;manha;D06
svm;agrupado;todos;3;treino;1255;B3_CD202_IRRIG_REPROD00007.asd;B3;CD202;IRRIG;D06M;manha;D06
svm;agrupado;todos;3;treino;1256;B3_CD202_NIRRIG_REPROD00000.asd;B3;CD202;NIRRIG;D06M;manha;D06
svm;agrupado;todos;3;treino;1257;B3_CD202_NIRRIG_REPROD00001.asd;B3;CD202;NIRRIG;D06M;manha;D06
svm;agrupado;todos;3;treino;1258;B3_CD202_NIRRIG_REPROD00002.asd;B3;CD202;NIRRIG;D06M;manha;D06
svm;agrupado;todos;3;treino;1260;B3_CD202_NIRRIG_REPROD00004.asd;B3;CD202;NIRRIG;D06M;manha;D06
svm;agrupado;todos;3;treino;1262;B3_CD202_NIRRIG_REPROD00006.asd;B3;CD202;NIRRIG;D06M;manha;D06
svm;agrupado;todos;3;treino;1264;B4_CD202_IRRIG_REPROD00000.asd;B4;CD202;IRRIG;D06M;manha;D06
svm;agrupado;todos;3;treino;1266;B4_CD202_IRRIG_REPROD00002.asd;B4;CD202;IRRIG;D06M;manha;D06
svm;agrupado;todos;3;treino;1267;B4_CD202_IRRIG_REPROD00003.asd;B4;CD202;IRRIG;D06M;manha;D06
svm;agrupado;todos;3;treino;1268;B4_CD202_IRRIG_REPROD00004.asd;B4;CD202;IRRIG;D06M;manha;D06
svm;agrupado;todos;3;treino;1269;B4_CD202_IRRIG_REPROD00005.asd;B4;CD202;IRRIG;D06M;manha;D06
svm;agrupado;todos;3;treino;1271;B4_CD202_IRRIG_REPROD00007.asd;B4;CD202;IRRIG;D06M;manha;D06
svm;agrupado;todos;3;treino;1272;B4_CD202_NIRRIG_REPROD00000.asd;B4;CD202;NIRRIG;D06M;manha;D06
svm;agrupado;todos;3;treino;1274;B4_CD202_NIRRIG_REPROD00002.asd;B4;CD202;NIRRIG;D06M;manha;D06
svm;agrupado;todos;3;treino;1275;B4_CD202_NIRRIG_REPROD00003.asd;B4;CD202;NIRRIG;D06M;manha;D06
svm;agrupado;todos;3;treino;1276;B4_CD202_NIRRIG_REPROD00004.asd;B4;CD202;NIRRIG;D06M;manha;D06
svm;agrupado;todos;3;treino;1277;B4_CD202_NIRRIG_REPROD00005.asd;B4;CD202;NIRRIG;D06M;manha;D06
svm;agrupado;todos;3;treino;1278;B4_CD202_NIRRIG_REPROD00006.asd;B4;CD202;NIRRIG;D06M;manha;D06
svm;agrupado;todos;3;treino;1279;B4_CD202_NIRRIG_REPROD00007.asd;B4;CD202;NIRRIG;D06M;manha;D06
svm;agrupado;todos;3;treino;1280;B1_EMB48_IRRIG_REPROD00000.asd;B1;EMB48;IRRIG;D06M;manha;D06
svm;agrupado;todos;3;treino;1281;B1_EMB48_IRRIG_REPROD00001.asd;B1;EMB48;IRRIG;D06M;manha;D06
svm;agrupado;todos;3;treino;1282;B1_EMB48_IRRIG_REPROD00002.asd;B1;EMB48;IRRIG;D06M;manha;D06
svm;agrupado;todos;3;treino;1283;B1_EMB48_IRRIG_REPROD00003.asd;B1;EMB48;IRRIG;D06M;manha;D06
svm;agrupado;todos;3;treino;1284;B1_EMB48_IRRIG_REPROD00004.asd;B1;EMB48;IRRIG;D06M;manha;D06
svm;agrupado;todos;3;treino;1285;B1_EMB48_IRRIG_REPROD00005.asd;B1;EMB48;IRRIG;D06M;manha;D06
svm;agrupado;todos;3;treino;1287;B1_EMB48_IRRIG_REPROD00007.asd;B1;EMB48;IRRIG;D06M;manha;D06
svm;agrupado;todos;3;treino;1288;B1_EMB48_NIRRIG_REPROD00000.asd;B1;EMB48;NIRRIG;D06M;manha;D06
svm;agrupado;todos;3;treino;1293;B1_EMB48_NIRRIG_REPROD00005.asd;B1;EMB48;NIRRIG;D06M;manha;D06
svm;agrupado;todos;3;treino;1294;B1_EMB48_NIRRIG_REPROD00006.asd;B1;EMB48;NIRRIG;D06M;manha;D06
svm;agrupado;todos;3;treino;1295;B1_EMB48_NIRRIG_REPROD00007.asd;B1;EMB48;NIRRIG;D06M;manha;D06
svm;agrupado;todos;3;treino;1296;B2_EMB48_IRRIG_REPROD00000.asd;B2;EMB48;IRRIG;D06M;manha;D06
svm;agrupado;todos;3;treino;1297;B2_EMB48_IRRIG_REPROD00001.asd;B2;EMB48;IRRIG;D06M;manha;D06
svm;agrupado;todos;3;treino;1298;B2_EMB48_IRRIG_REPROD00002.asd;B2;EMB48;IRRIG;D06M;manha;D06
svm;agrupado;todos;3;treino;1299;B2_EMB48_IRRIG_REPROD00003.asd;B2;EMB48;IRRIG;D06M;manha;D06
svm;agrupado;todos;3;treino;1300;B2_EMB48_IRRIG_REPROD00004.asd;B2;EMB48;IRRIG;D06M;manha;D06
svm;agrupado;todos;3;treino;1302;B2_EMB48_IRRIG_REPROD00006.asd;B2;EMB48;IRRIG;D06M;manha;D06
svm;agrupado;todos;3;treino;1303;B2_EMB48_IRRIG_REPROD00007.asd;B2;EMB48;IRRIG;D06M;manha;D06
svm;agrupado;todos;3;treino;1304;B2_EMB48_NIRRIG_REPROD00000.asd;B2;EMB48;NIRRIG;D06M;manha;D06
svm;agrupado;todos;3;treino;1305;B2_EMB48_NIRRIG_REPROD00001.asd;B2;EMB48;NIRRIG;D06M;manha;D06
svm;agrupado;todos;3;treino;1306;B2_EMB48_NIRRIG_REPROD00002.asd;B2;EMB48;NIRRIG;D06M;manha;D06
svm;agrupado;todos;3;treino;1308;B2_EMB48_NIRRIG_REPROD00004.asd;B2;EMB48;NIRRIG;D06M;manha;D06
svm;agrupado;todos;3;treino;1309;B2_EMB48_NIRRIG_REPROD00005.asd;B2;EMB48;NIRRIG;D06M;manha;D06
svm;agrupado;todos;3;treino;1310;B2_EMB48_NIRRIG_REPROD00006.asd;B2;EMB48;NIRRIG;D06M;manha;D06
svm;agrupado;todos;3;treino;1311;B2_EMB48_NIRRIG_REPROD00007.asd;B2;EMB48;NIRRIG;D06M;manha;D06
svm;agrupado;todos;3;treino;1312;B3_EMB48_IRRIG_REPROD00000.asd;B3;EMB48;IRRIG;D06M;manha;D06
svm;agrupado;todos;3;treino;1313;B3_EMB48_IRRIG_REPROD00001.asd;B3;EMB48;IRRIG;D06M;manha;D06
svm;agrupado;todos;3;treino;1314;B3_EMB48_IRRIG_REPROD00002.asd;B3;EMB48;IRRIG;D06M;manha;D06
svm;agrupado;todos;3;treino;1315;B3_EMB48_IRRIG_REPROD00003.asd;B3;EMB48;IRRIG;D06M;manha;D06
svm;agrupado;todos;3;treino;1316;B3_EMB48_IRRIG_REPROD00004.asd;B3;EMB48;IRRIG;D06M;manha;D06
svm;agrupado;todos;3;treino;1317;B3_EMB48_IRRIG_REPROD00005.asd;B3;EMB48;IRRIG;D06M;manha;D06
svm;agrupado;todos;3;treino;1319;B3_EMB48_IRRIG_REPROD00007.asd;B3;EMB48;IRRIG;D06M;manha;D06
svm;agrupado;todos;3;treino;1320;B3_EMB48_NIRRIG_REPROD00000.asd;B3;EMB48;NIRRIG;D06M;manha;D06
svm;agrupado;todos;3;treino;1321;B3_EMB48_NIRRIG_REPROD00001.asd;B3;EMB48;NIRRIG;D06M;manha;D06
svm;agrupado;todos;3;treino;1322;B3_EMB48_NIRRIG_REPROD00002.asd;B3;EMB48;NIRRIG;D06M;manha;D06
svm;agrupado;todos;3;treino;1323;B3_EMB48_NIRRIG_REPROD00003.asd;B3;EMB48;NIRRIG;D06M;manha;D06
svm;agrupado;todos;3;treino;1324;B3_EMB48_NIRRIG_REPROD00004.asd;B3;EMB48;NIRRIG;D06M;manha;D06
svm;agrupado;todos;3;treino;1325;B3_EMB48_NIRRIG_REPROD00005.asd;B3;EMB48;NIRRIG;D06M;manha;D06
svm;agrupado;todos;3;treino;1326;B3_EMB48_NIRRIG_REPROD00006.asd;B3;EMB48;NIRRIG;D06M;manha;D06
svm;agrupado;todos;3;treino;1327;B3_EMB48_NIRRIG_REPROD00007.asd;B3;EMB48;NIRRIG;D06M;manha;D06
svm;agrupado;todos;3;treino;1328;B4_EMB48_IRRIG_REPROD00000.asd;B4;EMB48;IRRIG;D06M;manha;D06
svm;agrupado;todos;3;treino;1330;B4_EMB48_IRRIG_REPROD00002.asd;B4;EMB48;IRRIG;D06M;manha;D06
svm;agrupado;todos;3;treino;1333;B4_EMB48_IRRIG_REPROD00005.asd;B4;EMB48;IRRIG;D06M;manha;D06
svm;agrupado;todos;3;treino;1334;B4_EMB48_IRRIG_REPROD00006.asd;B4;EMB48;IRRIG;D06M;manha;D06
svm;agrupado;todos;3;treino;1336;B4_EMB48_NIRRIG_REPROD00000.asd;B4;EMB48;NIRRIG;D06M;manha;D06
svm;agrupado;todos;3;treino;1337;B4_EMB48_NIRRIG_REPROD00001.asd;B4;EMB48;NIRRIG;D06M;manha;D06
svm;agrupado;todos;3;treino;1338;B4_EMB48_NIRRIG_REPROD00002.asd;B4;EMB48;NIRRIG;D06M;manha;D06
svm;agrupado;todos;3;treino;1339;B4_EMB48_NIRRIG_REPROD00003.asd;B4;EMB48;NIRRIG;D06M;manha;D06
svm;agrupado;todos;3;treino;1340;B4_EMB48_NIRRIG_REPROD00004.asd;B4;EMB48;NIRRIG;D06M;manha;D06
svm;agrupado;todos;3;treino;1341;B4_EMB48_NIRRIG_REPROD00005.asd;B4;EMB48;NIRRIG;D06M;manha;D06
svm;agrupado;todos;3;treino;1343;B4_EMB48_NIRRIG_REPROD00007.asd;B4;EMB48;NIRRIG;D06M;manha;D06
svm;agrupado;todos;3;treino;1344;B1_BR16_IRR_REP_RECUP00000.asd;B1;BR16;IRRIG;D09M;manha;D09
svm;agrupado;todos;3;treino;1345;B1_BR16_IRR_REP_RECUP00001.asd;B1;BR16;IRRIG;D09M;manha;D09
svm;agrupado;todos;3;treino;1346;B1_BR16_IRR_REP_RECUP00002.asd;B1;BR16;IRRIG;D09M;manha;D09
svm;agrupado;todos;3;treino;1350;B1_BR16_IRR_REP_RECUP00006.asd;B1;BR16;IRRIG;D09M;manha;D09
svm;agrupado;todos;3;treino;1351;B1_BR16_IRR_REP_RECUP00007.asd;B1;BR16;IRRIG;D09M;manha;D09
svm;agrupado;todos;3;treino;1352;B1_BR16_NIRR_REP_RECUP00000.asd;B1;BR16;NIRRIG;D09M;manha;D09
svm;agrupado;todos;3;treino;1354;B1_BR16_NIRR_REP_RECUP00002.asd;B1;BR16;NIRRIG;D09M;manha;D09
svm;agrupado;todos;3;treino;1355;B1_BR16_NIRR_REP_RECUP00003.asd;B1;BR16;NIRRIG;D09M;manha;D09
svm;agrupado;todos;3;treino;1356;B1_BR16_NIRR_REP_RECUP00004.asd;B1;BR16;NIRRIG;D09M;manha;D09
svm;agrupado;todos;3;treino;1358;B1_BR16_NIRR_REP_RECUP00006.asd;B1;BR16;NIRRIG;D09M;manha;D09
svm;agrupado;todos;3;treino;1359;B1_BR16_NIRR_REP_RECUP00007.asd;B1;BR16;NIRRIG;D09M;manha;D09
svm;agrupado;todos;3;treino;1360;B2_BR16_IRR_REP_RECUP00000.asd;B2;BR16;IRRIG;D09M;manha;D09
svm;agrupado;todos;3;treino;1361;B2_BR16_IRR_REP_RECUP00001.asd;B2;BR16;IRRIG;D09M;manha;D09
svm;agrupado;todos;3;treino;1362;B2_BR16_IRR_REP_RECUP00002.asd;B2;BR16;IRRIG;D09M;manha;D09
svm;agrupado;todos;3;treino;1363;B2_BR16_IRR_REP_RECUP00003.asd;B2;BR16;IRRIG;D09M;manha;D09
svm;agrupado;todos;3;treino;1364;B2_BR16_IRR_REP_RECUP00004.asd;B2;BR16;IRRIG;D09M;manha;D09
svm;agrupado;todos;3;treino;1366;B2_BR16_IRR_REP_RECUP00006.asd;B2;BR16;IRRIG;D09M;manha;D09
svm;agrupado;todos;3;treino;1367;B2_BR16_IRR_REP_RECUP00007.asd;B2;BR16;IRRIG;D09M;manha;D09
svm;agrupado;todos;3;treino;1368;B2_BR16_NIRR_REP_RECUP00000.asd;B2;BR16;NIRRIG;D09M;manha;D09
svm;agrupado;todos;3;treino;1369;B2_BR16_NIRR_REP_RECUP00001.asd;B2;BR16;NIRRIG;D09M;manha;D09
svm;agrupado;todos;3;treino;1371;B2_BR16_NIRR_REP_RECUP00003.asd;B2;BR16;NIRRIG;D09M;manha;D09
svm;agrupado;todos;3;treino;1372;B2_BR16_NIRR_REP_RECUP00004.asd;B2;BR16;NIRRIG;D09M;manha;D09
svm;agrupado;todos;3;treino;1373;B2_BR16_NIRR_REP_RECUP00005.asd;B2;BR16;NIRRIG;D09M;manha;D09
svm;agrupado;todos;3;treino;1374;B2_BR16_NIRR_REP_RECUP00006.asd;B2;BR16;NIRRIG;D09M;manha;D09
svm;agrupado;todos;3;treino;1375;B2_BR16_NIRR_REP_RECUP00007.asd;B2;BR16;NIRRIG;D09M;manha;D09
svm;agrupado;todos;3;treino;1376;B3_BR16_IRR_REP_RECUP00000.asd;B3;BR16;IRRIG;D09M;manha;D09
svm;agrupado;todos;3;treino;1377;B3_BR16_IRR_REP_RECUP00001.asd;B3;BR16;IRRIG;D09M;manha;D09
svm;agrupado;todos;3;treino;1378;B3_BR16_IRR_REP_RECUP00002.asd;B3;BR16;IRRIG;D09M;manha;D09
svm;agrupado;todos;3;treino;1381;B3_BR16_IRR_REP_RECUP00005.asd;B3;BR16;IRRIG;D09M;manha;D09
svm;agrupado;todos;3;treino;1382;B3_BR16_IRR_REP_RECUP00006.asd;B3;BR16;IRRIG;D09M;manha;D09
svm;agrupado;todos;3;treino;1383;B3_BR16_IRR_REP_RECUP00007.asd;B3;BR16;IRRIG;D09M;manha;D09
svm;agrupado;todos;3;treino;1384;B3_BR16_NIRR_REP_RECUP00000.asd;B3;BR16;NIRRIG;D09M;manha;D09
svm;agrupado;todos;3;treino;1386;B3_BR16_NIRR_REP_RECUP00002.asd;B3;BR16;NIRRIG;D09M;manha;D09
svm;agrupado;todos;3;treino;1387;B3_BR16_NIRR_REP_RECUP00003.asd;B3;BR16;NIRRIG;D09M;manha;D09
svm;agrupado;todos;3;treino;1388;B3_BR16_NIRR_REP_RECUP00004.asd;B3;BR16;NIRRIG;D09M;manha;D09
svm;agrupado;todos;3;treino;1389;B3_BR16_NIRR_REP_RECUP00005.asd;B3;BR16;NIRRIG;D09M;manha;D09
svm;agrupado;todos;3;treino;1390;B3_BR16_NIRR_REP_RECUP00006.asd;B3;BR16;NIRRIG;D09M;manha;D09
svm;agrupado;todos;3;treino;1392;B4_BR16_IRR_REP_RECUP00000.asd;B4;BR16;IRRIG;D09M;manha;D09
svm;agrupado;todos;3;treino;1393;B4_BR16_IRR_REP_RECUP00001.asd;B4;BR16;IRRIG;D09M;manha;D09
svm;agrupado;todos;3;treino;1395;B4_BR16_IRR_REP_RECUP00003.asd;B4;BR16;IRRIG;D09M;manha;D09
svm;agrupado;todos;3;treino;1396;B4_BR16_IRR_REP_RECUP00004.asd;B4;BR16;IRRIG;D09M;manha;D09
svm;agrupado;todos;3;treino;1397;B4_BR16_IRR_REP_RECUP00005.asd;B4;BR16;IRRIG;D09M;manha;D09
svm;agrupado;todos;3;treino;1398;B4_BR16_IRR_REP_RECUP00006.asd;B4;BR16;IRRIG;D09M;manha;D09
svm;agrupado;todos;3;treino;1399;B4_BR16_IRR_REP_RECUP00007.asd;B4;BR16;IRRIG;D09M;manha;D09
svm;agrupado;todos;3;treino;1400;B4_BR16_NIRR_REP_RECUP00000.asd;B4;BR16;NIRRIG;D09M;manha;D09
svm;agrupado;todos;3;treino;1401;B4_BR16_NIRR_REP_RECUP00001.asd;B4;BR16;NIRRIG;D09M;manha;D09
svm;agrupado;todos;3;treino;1402;B4_BR16_NIRR_REP_RECUP00002.asd;B4;BR16;NIRRIG;D09M;manha;D09
svm;agrupado;todos;3;treino;1403;B4_BR16_NIRR_REP_RECUP00003.asd;B4;BR16;NIRRIG;D09M;manha;D09
svm;agrupado;todos;3;treino;1404;B4_BR16_NIRR_REP_RECUP00004.asd;B4;BR16;NIRRIG;D09M;manha;D09
svm;agrupado;todos;3;treino;1405;B4_BR16_NIRR_REP_RECUP00005.asd;B4;BR16;NIRRIG;D09M;manha;D09
svm;agrupado;todos;3;treino;1407;B4_BR16_NIRR_REP_RECUP00007.asd;B4;BR16;NIRRIG;D09M;manha;D09
svm;agrupado;todos;3;treino;1408;B1_CD202_IRR_REP_RECUP00000.asd;B1;CD202;IRRIG;D09M;manha;D09
svm;agrupado;todos;3;treino;1409;B1_CD202_IRR_REP_RECUP00001.asd;B1;CD202;IRRIG;D09M;manha;D09
svm;agrupado;todos;3;treino;1411;B1_CD202_IRR_REP_RECUP00003.asd;B1;CD202;IRRIG;D09M;manha;D09
svm;agrupado;todos;3;treino;1412;B1_CD202_IRR_REP_RECUP00004.asd;B1;CD202;IRRIG;D09M;manha;D09
svm;agrupado;todos;3;treino;1413;B1_CD202_IRR_REP_RECUP00005.asd;B1;CD202;IRRIG;D09M;manha;D09
svm;agrupado;todos;3;treino;1414;B1_CD202_IRR_REP_RECUP00006.asd;B1;CD202;IRRIG;D09M;manha;D09
svm;agrupado;todos;3;treino;1415;B1_CD202_IRR_REP_RECUP00007.asd;B1;CD202;IRRIG;D09M;manha;D09
svm;agrupado;todos;3;treino;1416;B1_CD202_IRR_REP_RECUP00008.asd;B1;CD202;IRRIG;D09M;manha;D09
svm;agrupado;todos;3;treino;1417;B1_CD202_IRR_REP_RECUP00009.asd;B1;CD202;IRRIG;D09M;manha;D09
svm;agrupado;todos;3;treino;1418;B1_CD202_IRR_REP_RECUP00010.asd;B1;CD202;IRRIG;D09M;manha;D09
svm;agrupado;todos;3;treino;1419;B1_CD202_IRR_REP_RECUP00011.asd;B1;CD202;IRRIG;D09M;manha;D09
svm;agrupado;todos;3;treino;1420;B1_CD202_NIRR_REP_RECUP00000.asd;B1;CD202;NIRRIG;D09M;manha;D09
svm;agrupado;todos;3;treino;1421;B1_CD202_NIRR_REP_RECUP00001.asd;B1;CD202;NIRRIG;D09M;manha;D09
svm;agrupado;todos;3;treino;1422;B1_CD202_NIRR_REP_RECUP00002.asd;B1;CD202;NIRRIG;D09M;manha;D09
svm;agrupado;todos;3;treino;1423;B1_CD202_NIRR_REP_RECUP00003.asd;B1;CD202;NIRRIG;D09M;manha;D09
svm;agrupado;todos;3;treino;1425;B1_CD202_NIRR_REP_RECUP00005.asd;B1;CD202;NIRRIG;D09M;manha;D09
svm;agrupado;todos;3;treino;1426;B1_CD202_NIRR_REP_RECUP00006.asd;B1;CD202;NIRRIG;D09M;manha;D09
svm;agrupado;todos;3;treino;1427;B1_CD202_NIRR_REP_RECUP00007.asd;B1;CD202;NIRRIG;D09M;manha;D09
svm;agrupado;todos;3;treino;1428;B2_CD202_IRR_REP_RECUP00000.asd;B2;CD202;IRRIG;D09M;manha;D09
svm;agrupado;todos;3;treino;1429;B2_CD202_IRR_REP_RECUP00001.asd;B2;CD202;IRRIG;D09M;manha;D09
svm;agrupado;todos;3;treino;1430;B2_CD202_IRR_REP_RECUP00002.asd;B2;CD202;IRRIG;D09M;manha;D09
svm;agrupado;todos;3;treino;1431;B2_CD202_IRR_REP_RECUP00003.asd;B2;CD202;IRRIG;D09M;manha;D09
svm;agrupado;todos;3;treino;1432;B2_CD202_IRR_REP_RECUP00004.asd;B2;CD202;IRRIG;D09M;manha;D09
svm;agrupado;todos;3;treino;1435;B2_CD202_IRR_REP_RECUP00007.asd;B2;CD202;IRRIG;D09M;manha;D09
svm;agrupado;todos;3;treino;1437;B2_CD202_NIRR_REP_RECUP00001.asd;B2;CD202;NIRRIG;D09M;manha;D09
svm;agrupado;todos;3;treino;1439;B2_CD202_NIRR_REP_RECUP00003.asd;B2;CD202;NIRRIG;D09M;manha;D09
svm;agrupado;todos;3;treino;1440;B2_CD202_NIRR_REP_RECUP00004.asd;B2;CD202;NIRRIG;D09M;manha;D09
svm;agrupado;todos;3;treino;1441;B2_CD202_NIRR_REP_RECUP00005.asd;B2;CD202;NIRRIG;D09M;manha;D09
svm;agrupado;todos;3;treino;1442;B2_CD202_NIRR_REP_RECUP00006.asd;B2;CD202;NIRRIG;D09M;manha;D09
svm;agrupado;todos;3;treino;1443;B2_CD202_NIRR_REP_RECUP00007.asd;B2;CD202;NIRRIG;D09M;manha;D09
svm;agrupado;todos;3;treino;1444;B3_CD202_IRR_REP_RECUP00000.asd;B3;CD202;IRRIG;D09M;manha;D09
svm;agrupado;todos;3;treino;1445;B3_CD202_IRR_REP_RECUP00001.asd;B3;CD202;IRRIG;D09M;manha;D09
svm;agrupado;todos;3;treino;1446;B3_CD202_IRR_REP_RECUP00002.asd;B3;CD202;IRRIG;D09M;manha;D09
svm;agrupado;todos;3;treino;1447;B3_CD202_IRR_REP_RECUP00003.asd;B3;CD202;IRRIG;D09M;manha;D09
svm;agrupado;todos;3;treino;1448;B3_CD202_IRR_REP_RECUP00004.asd;B3;CD202;IRRIG;D09M;manha;D09
svm;agrupado;todos;3;treino;1449;B3_CD202_IRR_REP_RECUP00005.asd;B3;CD202;IRRIG;D09M;manha;D09
svm;agrupado;todos;3;treino;1450;B3_CD202_IRR_REP_RECUP00006.asd;B3;CD202;IRRIG;D09M;manha;D09
svm;agrupado;todos;3;treino;1451;B3_CD202_IRR_REP_RECUP00007.asd;B3;CD202;IRRIG;D09M;manha;D09
svm;agrupado;todos;3;treino;1453;B3_CD202_NIRR_REP_RECUP00001.asd;B3;CD202;NIRRIG;D09M;manha;D09
svm;agrupado;todos;3;treino;1454;B3_CD202_NIRR_REP_RECUP00002.asd;B3;CD202;NIRRIG;D09M;manha;D09
svm;agrupado;todos;3;treino;1455;B3_CD202_NIRR_REP_RECUP00003.asd;B3;CD202;NIRRIG;D09M;manha;D09
svm;agrupado;todos;3;treino;1458;B3_CD202_NIRR_REP_RECUP00006.asd;B3;CD202;NIRRIG;D09M;manha;D09
svm;agrupado;todos;3;treino;1459;B3_CD202_NIRR_REP_RECUP00007.asd;B3;CD202;NIRRIG;D09M;manha;D09
svm;agrupado;todos;3;treino;1460;B4_CD202_IRR_REP_RECUP00000.asd;B4;CD202;IRRIG;D09M;manha;D09
svm;agrupado;todos;3;treino;1462;B4_CD202_IRR_REP_RECUP00002.asd;B4;CD202;IRRIG;D09M;manha;D09
svm;agrupado;todos;3;treino;1463;B4_CD202_IRR_REP_RECUP00003.asd;B4;CD202;IRRIG;D09M;manha;D09
svm;agrupado;todos;3;treino;1464;B4_CD202_IRR_REP_RECUP00004.asd;B4;CD202;IRRIG;D09M;manha;D09
svm;agrupado;todos;3;treino;1465;B4_CD202_IRR_REP_RECUP00005.asd;B4;CD202;IRRIG;D09M;manha;D09
svm;agrupado;todos;3;treino;1466;B4_CD202_IRR_REP_RECUP00006.asd;B4;CD202;IRRIG;D09M;manha;D09
svm;agrupado;todos;3;treino;1468;B4_CD202_NIRR_REP_RECUP00000.asd;B4;CD202;NIRRIG;D09M;manha;D09
svm;agrupado;todos;3;treino;1469;B4_CD202_NIRR_REP_RECUP00001.asd;B4;CD202;NIRRIG;D09M;manha;D09
svm;agrupado;todos;3;treino;1470;B4_CD202_NIRR_REP_RECUP00002.asd;B4;CD202;NIRRIG;D09M;manha;D09
svm;agrupado;todos;3;treino;1471;B4_CD202_NIRR_REP_RECUP00003.asd;B4;CD202;NIRRIG;D09M;manha;D09
svm;agrupado;todos;3;treino;1472;B4_CD202_NIRR_REP_RECUP00004.asd;B4;CD202;NIRRIG;D09M;manha;D09
svm;agrupado;todos;3;treino;1473;B4_CD202_NIRR_REP_RECUP00005.asd;B4;CD202;NIRRIG;D09M;manha;D09
svm;agrupado;todos;3;treino;1474;B4_CD202_NIRR_REP_RECUP00006.asd;B4;CD202;NIRRIG;D09M;manha;D09
svm;agrupado;todos;3;treino;1475;B4_CD202_NIRR_REP_RECUP00007.asd;B4;CD202;NIRRIG;D09M;manha;D09
svm;agrupado;todos;3;treino;1476;B1_EMB48_IRR_REP_RECUP00000.asd;B1;EMB48;IRRIG;D09M;manha;D09
svm;agrupado;todos;3;treino;1477;B1_EMB48_IRR_REP_RECUP00001.asd;B1;EMB48;IRRIG;D09M;manha;D09
svm;agrupado;todos;3;treino;1478;B1_EMB48_IRR_REP_RECUP00002.asd;B1;EMB48;IRRIG;D09M;manha;D09
svm;agrupado;todos;3;treino;1479;B1_EMB48_IRR_REP_RECUP00003.asd;B1;EMB48;IRRIG;D09M;manha;D09
svm;agrupado;todos;3;treino;1480;B1_EMB48_IRR_REP_RECUP00004.asd;B1;EMB48;IRRIG;D09M;manha;D09
svm;agrupado;todos;3;treino;1481;B1_EMB48_IRR_REP_RECUP00005.asd;B1;EMB48;IRRIG;D09M;manha;D09
svm;agrupado;todos;3;treino;1482;B1_EMB48_IRR_REP_RECUP00006.asd;B1;EMB48;IRRIG;D09M;manha;D09
svm;agrupado;todos;3;treino;1483;B1_EMB48_IRR_REP_RECUP00007.asd;B1;EMB48;IRRIG;D09M;manha;D09
svm;agrupado;todos;3;treino;1484;B1_EMB48_NIRR_REP_RECUP00000.asd;B1;EMB48;NIRRIG;D09M;manha;D09
svm;agrupado;todos;3;treino;1485;B1_EMB48_NIRR_REP_RECUP00001.asd;B1;EMB48;NIRRIG;D09M;manha;D09
svm;agrupado;todos;3;treino;1488;B1_EMB48_NIRR_REP_RECUP00004.asd;B1;EMB48;NIRRIG;D09M;manha;D09
svm;agrupado;todos;3;treino;1490;B1_EMB48_NIRR_REP_RECUP00006.asd;B1;EMB48;NIRRIG;D09M;manha;D09
svm;agrupado;todos;3;treino;1491;B1_EMB48_NIRR_REP_RECUP00007.asd;B1;EMB48;NIRRIG;D09M;manha;D09
svm;agrupado;todos;3;treino;1492;B2_EMB48_IRR_REP_RECUP00000.asd;B2;EMB48;IRRIG;D09M;manha;D09
svm;agrupado;todos;3;treino;1493;B2_EMB48_IRR_REP_RECUP00001.asd;B2;EMB48;IRRIG;D09M;manha;D09
svm;agrupado;todos;3;treino;1495;B2_EMB48_IRR_REP_RECUP00003.asd;B2;EMB48;IRRIG;D09M;manha;D09
svm;agrupado;todos;3;treino;1496;B2_EMB48_IRR_REP_RECUP00004.asd;B2;EMB48;IRRIG;D09M;manha;D09
svm;agrupado;todos;3;treino;1498;B2_EMB48_IRR_REP_RECUP00006.asd;B2;EMB48;IRRIG;D09M;manha;D09
svm;agrupado;todos;3;treino;1500;B2_EMB48_NIRR_REP_RECUP00000.asd;B2;EMB48;NIRRIG;D09M;manha;D09
svm;agrupado;todos;3;treino;1501;B2_EMB48_NIRR_REP_RECUP00001.asd;B2;EMB48;NIRRIG;D09M;manha;D09
svm;agrupado;todos;3;treino;1504;B2_EMB48_NIRR_REP_RECUP00008.asd;B2;EMB48;NIRRIG;D09M;manha;D09
svm;agrupado;todos;3;treino;1505;B2_EMB48_NIRR_REP_RECUP00009.asd;B2;EMB48;NIRRIG;D09M;manha;D09
svm;agrupado;todos;3;treino;1506;B2_EMB48_NIRR_REP_RECUP00010.asd;B2;EMB48;NIRRIG;D09M;manha;D09
svm;agrupado;todos;3;treino;1509;B3_EMB48_IRR_REP_RECUP00001.asd;B3;EMB48;IRRIG;D09M;manha;D09
svm;agrupado;todos;3;treino;1510;B3_EMB48_IRR_REP_RECUP00002.asd;B3;EMB48;IRRIG;D09M;manha;D09
svm;agrupado;todos;3;treino;1511;B3_EMB48_IRR_REP_RECUP00003.asd;B3;EMB48;IRRIG;D09M;manha;D09
svm;agrupado;todos;3;treino;1514;B3_EMB48_IRR_REP_RECUP00006.asd;B3;EMB48;IRRIG;D09M;manha;D09
svm;agrupado;todos;3;treino;1515;B3_EMB48_IRR_REP_RECUP00007.asd;B3;EMB48;IRRIG;D09M;manha;D09
svm;agrupado;todos;3;treino;1516;B3_EMB48_NIRR_REP_RECUP00000.asd;B3;EMB48;NIRRIG;D09M;manha;D09
svm;agrupado;todos;3;treino;1517;B3_EMB48_NIRR_REP_RECUP00001.asd;B3;EMB48;NIRRIG;D09M;manha;D09
svm;agrupado;todos;3;treino;1518;B3_EMB48_NIRR_REP_RECUP00002.asd;B3;EMB48;NIRRIG;D09M;manha;D09
svm;agrupado;todos;3;treino;1519;B3_EMB48_NIRR_REP_RECUP00003.asd;B3;EMB48;NIRRIG;D09M;manha;D09
svm;agrupado;todos;3;treino;1520;B3_EMB48_NIRR_REP_RECUP00004.asd;B3;EMB48;NIRRIG;D09M;manha;D09
svm;agrupado;todos;3;treino;1521;B3_EMB48_NIRR_REP_RECUP00005.asd;B3;EMB48;NIRRIG;D09M;manha;D09
svm;agrupado;todos;3;treino;1522;B3_EMB48_NIRR_REP_RECUP00006.asd;B3;EMB48;NIRRIG;D09M;manha;D09
svm;agrupado;todos;3;treino;1523;B3_EMB48_NIRR_REP_RECUP00007.asd;B3;EMB48;NIRRIG;D09M;manha;D09
svm;agrupado;todos;3;treino;1525;B4_EMB48_IRR_REP_RECUP00001.asd;B4;EMB48;IRRIG;D09M;manha;D09
svm;agrupado;todos;3;treino;1526;B4_EMB48_IRR_REP_RECUP00002.asd;B4;EMB48;IRRIG;D09M;manha;D09
svm;agrupado;todos;3;treino;1527;B4_EMB48_IRR_REP_RECUP00003.asd;B4;EMB48;IRRIG;D09M;manha;D09
svm;agrupado;todos;3;treino;1528;B4_EMB48_IRR_REP_RECUP00004.asd;B4;EMB48;IRRIG;D09M;manha;D09
svm;agrupado;todos;3;treino;1529;B4_EMB48_IRR_REP_RECUP00005.asd;B4;EMB48;IRRIG;D09M;manha;D09
svm;agrupado;todos;3;treino;1531;B4_EMB48_IRR_REP_RECUP00007.asd;B4;EMB48;IRRIG;D09M;manha;D09
svm;agrupado;todos;3;treino;1533;B4_EMB48_NIRR_REP_RECUP00001.asd;B4;EMB48;NIRRIG;D09M;manha;D09
svm;agrupado;todos;3;treino;1534;B4_EMB48_NIRR_REP_RECUP00002.asd;B4;EMB48;NIRRIG;D09M;manha;D09
svm;agrupado;todos;3;treino;1535;B4_EMB48_NIRR_REP_RECUP00003.asd;B4;EMB48;NIRRIG;D09M;manha;D09
svm;agrupado;todos;3;treino;1536;B4_EMB48_NIRR_REP_RECUP00004.asd;B4;EMB48;NIRRIG;D09M;manha;D09
svm;agrupado;todos;3;treino;1537;B4_EMB48_NIRR_REP_RECUP00005.asd;B4;EMB48;NIRRIG;D09M;manha;D09
svm;agrupado;todos;3;treino;1538;B4_EMB48_NIRR_REP_RECUP00006.asd;B4;EMB48;NIRRIG;D09M;manha;D09
svm;agrupado;todos;3;treino;1539;B4_EMB48_NIRR_REP_RECUP00007.asd;B4;EMB48;NIRRIG;D09M;manha;D09
svm;agrupado;todos;3;treino;1540;B1_BR16_IRR_REP_RECUP00000.asd;B1;BR16;IRRIG;D09T;tarde;D09
svm;agrupado;todos;3;treino;1541;B1_BR16_IRR_REP_RECUP00001.asd;B1;BR16;IRRIG;D09T;tarde;D09
svm;agrupado;todos;3;treino;1542;B1_BR16_IRR_REP_RECUP00002.asd;B1;BR16;IRRIG;D09T;tarde;D09
svm;agrupado;todos;3;treino;1546;B1_BR16_IRR_REP_RECUP00006.asd;B1;BR16;IRRIG;D09T;tarde;D09
svm;agrupado;todos;3;treino;1547;B1_BR16_IRR_REP_RECUP00007.asd;B1;BR16;IRRIG;D09T;tarde;D09
svm;agrupado;todos;3;treino;1548;B1_BR16_NIRR_REP_RECUP00000.asd;B1;BR16;NIRRIG;D09T;tarde;D09
svm;agrupado;todos;3;treino;1550;B1_BR16_NIRR_REP_RECUP00002.asd;B1;BR16;NIRRIG;D09T;tarde;D09
svm;agrupado;todos;3;treino;1551;B1_BR16_NIRR_REP_RECUP00003.asd;B1;BR16;NIRRIG;D09T;tarde;D09
svm;agrupado;todos;3;treino;1552;B1_BR16_NIRR_REP_RECUP00004.asd;B1;BR16;NIRRIG;D09T;tarde;D09
svm;agrupado;todos;3;treino;1554;B1_BR16_NIRR_REP_RECUP00006.asd;B1;BR16;NIRRIG;D09T;tarde;D09
svm;agrupado;todos;3;treino;1555;B1_BR16_NIRR_REP_RECUP00007.asd;B1;BR16;NIRRIG;D09T;tarde;D09
svm;agrupado;todos;3;treino;1556;B2_BR16_IRR_REP_RECUP00000.asd;B2;BR16;IRRIG;D09T;tarde;D09
svm;agrupado;todos;3;treino;1557;B2_BR16_IRR_REP_RECUP00001.asd;B2;BR16;IRRIG;D09T;tarde;D09
svm;agrupado;todos;3;treino;1558;B2_BR16_IRR_REP_RECUP00002.asd;B2;BR16;IRRIG;D09T;tarde;D09
svm;agrupado;todos;3;treino;1559;B2_BR16_IRR_REP_RECUP00003.asd;B2;BR16;IRRIG;D09T;tarde;D09
svm;agrupado;todos;3;treino;1560;B2_BR16_IRR_REP_RECUP00004.asd;B2;BR16;IRRIG;D09T;tarde;D09
svm;agrupado;todos;3;treino;1562;B2_BR16_IRR_REP_RECUP00006.asd;B2;BR16;IRRIG;D09T;tarde;D09
svm;agrupado;todos;3;treino;1563;B2_BR16_IRR_REP_RECUP00007.asd;B2;BR16;IRRIG;D09T;tarde;D09
svm;agrupado;todos;3;treino;1565;B2_BR16_NIRR_REP_RECUP00009.asd;B2;BR16;NIRRIG;D09T;tarde;D09
svm;agrupado;todos;3;treino;1566;B2_BR16_NIRR_REP_RECUP00010.asd;B2;BR16;NIRRIG;D09T;tarde;D09
svm;agrupado;todos;3;treino;1567;B2_BR16_NIRR_REP_RECUP00011.asd;B2;BR16;NIRRIG;D09T;tarde;D09
svm;agrupado;todos;3;treino;1568;B2_BR16_NIRR_REP_RECUP00012.asd;B2;BR16;NIRRIG;D09T;tarde;D09
svm;agrupado;todos;3;treino;1569;B2_BR16_NIRR_REP_RECUP00013.asd;B2;BR16;NIRRIG;D09T;tarde;D09
svm;agrupado;todos;3;treino;1570;B2_BR16_NIRR_REP_RECUP00014.asd;B2;BR16;NIRRIG;D09T;tarde;D09
svm;agrupado;todos;3;treino;1571;B2_BR16_NIRR_REP_RECUP00015.asd;B2;BR16;NIRRIG;D09T;tarde;D09
svm;agrupado;todos;3;treino;1572;B3_BR16_IRR_REP_RECUP00000.asd;B3;BR16;IRRIG;D09T;tarde;D09
svm;agrupado;todos;3;treino;1573;B3_BR16_IRR_REP_RECUP00001.asd;B3;BR16;IRRIG;D09T;tarde;D09
svm;agrupado;todos;3;treino;1574;B3_BR16_IRR_REP_RECUP00002.asd;B3;BR16;IRRIG;D09T;tarde;D09
svm;agrupado;todos;3;treino;1577;B3_BR16_IRR_REP_RECUP00005.asd;B3;BR16;IRRIG;D09T;tarde;D09
svm;agrupado;todos;3;treino;1578;B3_BR16_IRR_REP_RECUP00006.asd;B3;BR16;IRRIG;D09T;tarde;D09
svm;agrupado;todos;3;treino;1579;B3_BR16_IRR_REP_RECUP00007.asd;B3;BR16;IRRIG;D09T;tarde;D09
svm;agrupado;todos;3;treino;1580;B3_BR16_NIRR_REP_RECUP00000.asd;B3;BR16;NIRRIG;D09T;tarde;D09
svm;agrupado;todos;3;treino;1582;B3_BR16_NIRR_REP_RECUP00002.asd;B3;BR16;NIRRIG;D09T;tarde;D09
svm;agrupado;todos;3;treino;1583;B3_BR16_NIRR_REP_RECUP00003.asd;B3;BR16;NIRRIG;D09T;tarde;D09
svm;agrupado;todos;3;treino;1584;B3_BR16_NIRR_REP_RECUP00004.asd;B3;BR16;NIRRIG;D09T;tarde;D09
svm;agrupado;todos;3;treino;1585;B3_BR16_NIRR_REP_RECUP00005.asd;B3;BR16;NIRRIG;D09T;tarde;D09
svm;agrupado;todos;3;treino;1586;B3_BR16_NIRR_REP_RECUP00006.asd;B3;BR16;NIRRIG;D09T;tarde;D09
svm;agrupado;todos;3;treino;1588;B4_BR16_IRR_REP_RECUP00000.asd;B4;BR16;IRRIG;D09T;tarde;D09
svm;agrupado;todos;3;treino;1589;B4_BR16_IRR_REP_RECUP00001.asd;B4;BR16;IRRIG;D09T;tarde;D09
svm;agrupado;todos;3;treino;1591;B4_BR16_IRR_REP_RECUP00003.asd;B4;BR16;IRRIG;D09T;tarde;D09
svm;agrupado;todos;3;treino;1592;B4_BR16_IRR_REP_RECUP00004.asd;B4;BR16;IRRIG;D09T;tarde;D09
svm;agrupado;todos;3;treino;1593;B4_BR16_IRR_REP_RECUP00005.asd;B4;BR16;IRRIG;D09T;tarde;D09
svm;agrupado;todos;3;treino;1594;B4_BR16_IRR_REP_RECUP00006.asd;B4;BR16;IRRIG;D09T;tarde;D09
svm;agrupado;todos;3;treino;1595;B4_BR16_IRR_REP_RECUP00007.asd;B4;BR16;IRRIG;D09T;tarde;D09
svm;agrupado;todos;3;treino;1596;B4_BR16_NIRR_REP_RECUP00000.asd;B4;BR16;NIRRIG;D09T;tarde;D09
svm;agrupado;todos;3;treino;1597;B4_BR16_NIRR_REP_RECUP00001.asd;B4;BR16;NIRRIG;D09T;tarde;D09
svm;agrupado;todos;3;treino;1598;B4_BR16_NIRR_REP_RECUP00002.asd;B4;BR16;NIRRIG;D09T;tarde;D09
svm;agrupado;todos;3;treino;1599;B4_BR16_NIRR_REP_RECUP00003.asd;B4;BR16;NIRRIG;D09T;tarde;D09
svm;agrupado;todos;3;treino;1600;B4_BR16_NIRR_REP_RECUP00004.asd;B4;BR16;NIRRIG;D09T;tarde;D09
svm;agrupado;todos;3;treino;1601;B4_BR16_NIRR_REP_RECUP00005.asd;B4;BR16;NIRRIG;D09T;tarde;D09
svm;agrupado;todos;3;treino;1603;B4_BR16_NIRR_REP_RECUP00007.asd;B4;BR16;NIRRIG;D09T;tarde;D09
svm;agrupado;todos;3;treino;1604;B1_CD202_IRR_REP_RECUP00000.asd;B1;CD202;IRRIG;D09T;tarde;D09
svm;agrupado;todos;3;treino;1605;B1_CD202_IRR_REP_RECUP00001.asd;B1;CD202;IRRIG;D09T;tarde;D09
svm;agrupado;todos;3;treino;1607;B1_CD202_IRR_REP_RECUP00003.asd;B1;CD202;IRRIG;D09T;tarde;D09
svm;agrupado;todos;3;treino;1608;B1_CD202_IRR_REP_RECUP00004.asd;B1;CD202;IRRIG;D09T;tarde;D09
svm;agrupado;todos;3;treino;1609;B1_CD202_IRR_REP_RECUP00005.asd;B1;CD202;IRRIG;D09T;tarde;D09
svm;agrupado;todos;3;treino;1610;B1_CD202_IRR_REP_RECUP00006.asd;B1;CD202;IRRIG;D09T;tarde;D09
svm;agrupado;todos;3;treino;1611;B1_CD202_IRR_REP_RECUP00007.asd;B1;CD202;IRRIG;D09T;tarde;D09
svm;agrupado;todos;3;treino;1612;B1_CD202_NIRR_REP_RECUP00000.asd;B1;CD202;NIRRIG;D09T;tarde;D09
svm;agrupado;todos;3;treino;1613;B1_CD202_NIRR_REP_RECUP00001.asd;B1;CD202;NIRRIG;D09T;tarde;D09
svm;agrupado;todos;3;treino;1614;B1_CD202_NIRR_REP_RECUP00002.asd;B1;CD202;NIRRIG;D09T;tarde;D09
svm;agrupado;todos;3;treino;1615;B1_CD202_NIRR_REP_RECUP00003.asd;B1;CD202;NIRRIG;D09T;tarde;D09
svm;agrupado;todos;3;treino;1617;B1_CD202_NIRR_REP_RECUP00005.asd;B1;CD202;NIRRIG;D09T;tarde;D09
svm;agrupado;todos;3;treino;1618;B1_CD202_NIRR_REP_RECUP00006.asd;B1;CD202;NIRRIG;D09T;tarde;D09
svm;agrupado;todos;3;treino;1619;B1_CD202_NIRR_REP_RECUP00007.asd;B1;CD202;NIRRIG;D09T;tarde;D09
svm;agrupado;todos;3;treino;1620;B2_CD202_IRR_REP_RECUP00000.asd;B2;CD202;IRRIG;D09T;tarde;D09
svm;agrupado;todos;3;treino;1621;B2_CD202_IRR_REP_RECUP00001.asd;B2;CD202;IRRIG;D09T;tarde;D09
svm;agrupado;todos;3;treino;1622;B2_CD202_IRR_REP_RECUP00002.asd;B2;CD202;IRRIG;D09T;tarde;D09
svm;agrupado;todos;3;treino;1623;B2_CD202_IRR_REP_RECUP00003.asd;B2;CD202;IRRIG;D09T;tarde;D09
svm;agrupado;todos;3;treino;1624;B2_CD202_IRR_REP_RECUP00004.asd;B2;CD202;IRRIG;D09T;tarde;D09
svm;agrupado;todos;3;treino;1627;B2_CD202_IRR_REP_RECUP00007.asd;B2;CD202;IRRIG;D09T;tarde;D09
svm;agrupado;todos;3;treino;1629;B2_CD202_NIRR_REP_RECUP00001.asd;B2;CD202;NIRRIG;D09T;tarde;D09
svm;agrupado;todos;3;treino;1631;B2_CD202_NIRR_REP_RECUP00003.asd;B2;CD202;NIRRIG;D09T;tarde;D09
svm;agrupado;todos;3;treino;1632;B2_CD202_NIRR_REP_RECUP00004.asd;B2;CD202;NIRRIG;D09T;tarde;D09
svm;agrupado;todos;3;treino;1633;B2_CD202_NIRR_REP_RECUP00005.asd;B2;CD202;NIRRIG;D09T;tarde;D09
svm;agrupado;todos;3;treino;1634;B2_CD202_NIRR_REP_RECUP00006.asd;B2;CD202;NIRRIG;D09T;tarde;D09
svm;agrupado;todos;3;treino;1635;B2_CD202_NIRR_REP_RECUP00007.asd;B2;CD202;NIRRIG;D09T;tarde;D09
svm;agrupado;todos;3;treino;1636;B3_CD202_IRR_REP_RECUP00000.asd;B3;CD202;IRRIG;D09T;tarde;D09
svm;agrupado;todos;3;treino;1637;B3_CD202_IRR_REP_RECUP00001.asd;B3;CD202;IRRIG;D09T;tarde;D09
svm;agrupado;todos;3;treino;1638;B3_CD202_IRR_REP_RECUP00002.asd;B3;CD202;IRRIG;D09T;tarde;D09
svm;agrupado;todos;3;treino;1639;B3_CD202_IRR_REP_RECUP00003.asd;B3;CD202;IRRIG;D09T;tarde;D09
svm;agrupado;todos;3;treino;1640;B3_CD202_IRR_REP_RECUP00004.asd;B3;CD202;IRRIG;D09T;tarde;D09
svm;agrupado;todos;3;treino;1641;B3_CD202_IRR_REP_RECUP00005.asd;B3;CD202;IRRIG;D09T;tarde;D09
svm;agrupado;todos;3;treino;1642;B3_CD202_IRR_REP_RECUP00006.asd;B3;CD202;IRRIG;D09T;tarde;D09
svm;agrupado;todos;3;treino;1643;B3_CD202_IRR_REP_RECUP00007.asd;B3;CD202;IRRIG;D09T;tarde;D09
svm;agrupado;todos;3;treino;1645;B3_CD202_NIRR_REP_RECUP00001.asd;B3;CD202;NIRRIG;D09T;tarde;D09
svm;agrupado;todos;3;treino;1646;B3_CD202_NIRR_REP_RECUP00002.asd;B3;CD202;NIRRIG;D09T;tarde;D09
svm;agrupado;todos;3;treino;1647;B3_CD202_NIRR_REP_RECUP00003.asd;B3;CD202;NIRRIG;D09T;tarde;D09
svm;agrupado;todos;3;treino;1650;B3_CD202_NIRR_REP_RECUP00006.asd;B3;CD202;NIRRIG;D09T;tarde;D09
svm;agrupado;todos;3;treino;1651;B3_CD202_NIRR_REP_RECUP00007.asd;B3;CD202;NIRRIG;D09T;tarde;D09
svm;agrupado;todos;3;treino;1652;B4_CD202_IRR_REP_RECUP00000.asd;B4;CD202;IRRIG;D09T;tarde;D09
svm;agrupado;todos;3;treino;1654;B4_CD202_IRR_REP_RECUP00002.asd;B4;CD202;IRRIG;D09T;tarde;D09
svm;agrupado;todos;3;treino;1655;B4_CD202_IRR_REP_RECUP00003.asd;B4;CD202;IRRIG;D09T;tarde;D09
svm;agrupado;todos;3;treino;1656;B4_CD202_IRR_REP_RECUP00004.asd;B4;CD202;IRRIG;D09T;tarde;D09
svm;agrupado;todos;3;treino;1657;B4_CD202_IRR_REP_RECUP00005.asd;B4;CD202;IRRIG;D09T;tarde;D09
svm;agrupado;todos;3;treino;1658;B4_CD202_IRR_REP_RECUP00006.asd;B4;CD202;IRRIG;D09T;tarde;D09
svm;agrupado;todos;3;treino;1660;B4_CD202_NIRR_REP_RECUP00000.asd;B4;CD202;NIRRIG;D09T;tarde;D09
svm;agrupado;todos;3;treino;1661;B4_CD202_NIRR_REP_RECUP00001.asd;B4;CD202;NIRRIG;D09T;tarde;D09
svm;agrupado;todos;3;treino;1662;B4_CD202_NIRR_REP_RECUP00002.asd;B4;CD202;NIRRIG;D09T;tarde;D09
svm;agrupado;todos;3;treino;1663;B4_CD202_NIRR_REP_RECUP00003.asd;B4;CD202;NIRRIG;D09T;tarde;D09
svm;agrupado;todos;3;treino;1664;B4_CD202_NIRR_REP_RECUP00004.asd;B4;CD202;NIRRIG;D09T;tarde;D09
svm;agrupado;todos;3;treino;1665;B4_CD202_NIRR_REP_RECUP00005.asd;B4;CD202;NIRRIG;D09T;tarde;D09
svm;agrupado;todos;3;treino;1666;B4_CD202_NIRR_REP_RECUP00006.asd;B4;CD202;NIRRIG;D09T;tarde;D09
svm;agrupado;todos;3;treino;1667;B4_CD202_NIRR_REP_RECUP00007.asd;B4;CD202;NIRRIG;D09T;tarde;D09
svm;agrupado;todos;3;treino;1668;B1_EMB48_IRR_REP_RECUP00000.asd;B1;EMB48;IRRIG;D09T;tarde;D09
svm;agrupado;todos;3;treino;1669;B1_EMB48_IRR_REP_RECUP00001.asd;B1;EMB48;IRRIG;D09T;tarde;D09
svm;agrupado;todos;3;treino;1670;B1_EMB48_IRR_REP_RECUP00002.asd;B1;EMB48;IRRIG;D09T;tarde;D09
svm;agrupado;todos;3;treino;1671;B1_EMB48_IRR_REP_RECUP00003.asd;B1;EMB48;IRRIG;D09T;tarde;D09
svm;agrupado;todos;3;treino;1672;B1_EMB48_IRR_REP_RECUP00004.asd;B1;EMB48;IRRIG;D09T;tarde;D09
svm;agrupado;todos;3;treino;1673;B1_EMB48_IRR_REP_RECUP00005.asd;B1;EMB48;IRRIG;D09T;tarde;D09
svm;agrupado;todos;3;treino;1674;B1_EMB48_IRR_REP_RECUP00006.asd;B1;EMB48;IRRIG;D09T;tarde;D09
svm;agrupado;todos;3;treino;1675;B1_EMB48_IRR_REP_RECUP00007.asd;B1;EMB48;IRRIG;D09T;tarde;D09
svm;agrupado;todos;3;treino;1676;B1_EMB48_NIRR_REP_RECUP00000.asd;B1;EMB48;NIRRIG;D09T;tarde;D09
svm;agrupado;todos;3;treino;1677;B1_EMB48_NIRR_REP_RECUP00001.asd;B1;EMB48;NIRRIG;D09T;tarde;D09
svm;agrupado;todos;3;treino;1680;B1_EMB48_NIRR_REP_RECUP00004.asd;B1;EMB48;NIRRIG;D09T;tarde;D09
svm;agrupado;todos;3;treino;1682;B1_EMB48_NIRR_REP_RECUP00006.asd;B1;EMB48;NIRRIG;D09T;tarde;D09
svm;agrupado;todos;3;treino;1683;B1_EMB48_NIRR_REP_RECUP00007.asd;B1;EMB48;NIRRIG;D09T;tarde;D09
svm;agrupado;todos;3;treino;1684;B2_EMB48_IRR_REP_RECUP00000.asd;B2;EMB48;IRRIG;D09T;tarde;D09
svm;agrupado;todos;3;treino;1685;B2_EMB48_IRR_REP_RECUP00001.asd;B2;EMB48;IRRIG;D09T;tarde;D09
svm;agrupado;todos;3;treino;1687;B2_EMB48_IRR_REP_RECUP00003.asd;B2;EMB48;IRRIG;D09T;tarde;D09
svm;agrupado;todos;3;treino;1688;B2_EMB48_IRR_REP_RECUP00004.asd;B2;EMB48;IRRIG;D09T;tarde;D09
svm;agrupado;todos;3;treino;1690;B2_EMB48_IRR_REP_RECUP00006.asd;B2;EMB48;IRRIG;D09T;tarde;D09
svm;agrupado;todos;3;treino;1692;B2_EMB48_NIRR_REP_RECUP00000.asd;B2;EMB48;NIRRIG;D09T;tarde;D09
svm;agrupado;todos;3;treino;1693;B2_EMB48_NIRR_REP_RECUP00001.asd;B2;EMB48;NIRRIG;D09T;tarde;D09
svm;agrupado;todos;3;treino;1698;B2_EMB48_NIRR_REP_RECUP00006.asd;B2;EMB48;NIRRIG;D09T;tarde;D09
svm;agrupado;todos;3;treino;1699;B2_EMB48_NIRR_REP_RECUP00007.asd;B2;EMB48;NIRRIG;D09T;tarde;D09
svm;agrupado;todos;3;treino;1701;B3_EMB48_IRR_REP_RECUP00001.asd;B3;EMB48;IRRIG;D09T;tarde;D09
svm;agrupado;todos;3;treino;1702;B3_EMB48_IRR_REP_RECUP00002.asd;B3;EMB48;IRRIG;D09T;tarde;D09
svm;agrupado;todos;3;treino;1703;B3_EMB48_IRR_REP_RECUP00003.asd;B3;EMB48;IRRIG;D09T;tarde;D09
svm;agrupado;todos;3;treino;1706;B3_EMB48_IRR_REP_RECUP00006.asd;B3;EMB48;IRRIG;D09T;tarde;D09
svm;agrupado;todos;3;treino;1707;B3_EMB48_IRR_REP_RECUP00007.asd;B3;EMB48;IRRIG;D09T;tarde;D09
svm;agrupado;todos;3;treino;1708;B3_EMB48_NIRR_REP_RECUP00000.asd;B3;EMB48;NIRRIG;D09T;tarde;D09
svm;agrupado;todos;3;treino;1709;B3_EMB48_NIRR_REP_RECUP00001.asd;B3;EMB48;NIRRIG;D09T;tarde;D09
svm;agrupado;todos;3;treino;1710;B3_EMB48_NIRR_REP_RECUP00002.asd;B3;EMB48;NIRRIG;D09T;tarde;D09
svm;agrupado;todos;3;treino;1711;B3_EMB48_NIRR_REP_RECUP00003.asd;B3;EMB48;NIRRIG;D09T;tarde;D09
svm;agrupado;todos;3;treino;1712;B3_EMB48_NIRR_REP_RECUP00004.asd;B3;EMB48;NIRRIG;D09T;tarde;D09
svm;agrupado;todos;3;treino;1713;B3_EMB48_NIRR_REP_RECUP00005.asd;B3;EMB48;NIRRIG;D09T;tarde;D09
svm;agrupado;todos;3;treino;1714;B3_EMB48_NIRR_REP_RECUP00006.asd;B3;EMB48;NIRRIG;D09T;tarde;D09
svm;agrupado;todos;3;treino;1715;B3_EMB48_NIRR_REP_RECUP00007.asd;B3;EMB48;NIRRIG;D09T;tarde;D09
svm;agrupado;todos;3;treino;1717;B4_EMB48_IRR_REP_RECUP00001.asd;B4;EMB48;IRRIG;D09T;tarde;D09
svm;agrupado;todos;3;treino;1718;B4_EMB48_IRR_REP_RECUP00002.asd;B4;EMB48;IRRIG;D09T;tarde;D09
svm;agrupado;todos;3;treino;1719;B4_EMB48_IRR_REP_RECUP00003.asd;B4;EMB48;IRRIG;D09T;tarde;D09
svm;agrupado;todos;3;treino;1720;B4_EMB48_IRR_REP_RECUP00004.asd;B4;EMB48;IRRIG;D09T;tarde;D09
svm;agrupado;todos;3;treino;1721;B4_EMB48_IRR_REP_RECUP00005.asd;B4;EMB48;IRRIG;D09T;tarde;D09
svm;agrupado;todos;3;treino;1723;B4_EMB48_IRR_REP_RECUP00007.asd;B4;EMB48;IRRIG;D09T;tarde;D09
svm;agrupado;todos;3;treino;1725;B4_EMB48_NIRR_REP_RECUP00001.asd;B4;EMB48;NIRRIG;D09T;tarde;D09
svm;agrupado;todos;3;treino;1726;B4_EMB48_NIRR_REP_RECUP00002.asd;B4;EMB48;NIRRIG;D09T;tarde;D09
svm;agrupado;todos;3;treino;1727;B4_EMB48_NIRR_REP_RECUP00003.asd;B4;EMB48;NIRRIG;D09T;tarde;D09
svm;agrupado;todos;3;treino;1728;B4_EMB48_NIRR_REP_RECUP00004.asd;B4;EMB48;NIRRIG;D09T;tarde;D09
svm;agrupado;todos;3;treino;1729;B4_EMB48_NIRR_REP_RECUP00005.asd;B4;EMB48;NIRRIG;D09T;tarde;D09
svm;agrupado;todos;3;treino;1730;B4_EMB48_NIRR_REP_RECUP00006.asd;B4;EMB48;NIRRIG;D09T;tarde;D09
svm;agrupado;todos;3;treino;1731;B4_EMB48_NIRR_REP_RECUP00007.asd;B4;EMB48;NIRRIG;D09T;tarde;D09
svm;agrupado;todos;3;treino;1732;B1_BR16_IRR_REP_RECUP00000.asd;B1;BR16;IRRIG;D10M;manha;D10
svm;agrupado;todos;3;treino;1733;B1_BR16_IRR_REP_RECUP00001.asd;B1;BR16;IRRIG;D10M;manha;D10
svm;agrupado;todos;3;treino;1734;B1_BR16_IRR_REP_RECUP00002.asd;B1;BR16;IRRIG;D10M;manha;D10
svm;agrupado;todos;3;treino;1738;B1_BR16_IRR_REP_RECUP00006.asd;B1;BR16;IRRIG;D10M;manha;D10
svm;agrupado;todos;3;treino;1739;B1_BR16_IRR_REP_RECUP00007.asd;B1;BR16;IRRIG;D10M;manha;D10
svm;agrupado;todos;3;treino;1740;B1_BR16_NIRR_REP_RECUP00000.asd;B1;BR16;NIRRIG;D10M;manha;D10
svm;agrupado;todos;3;treino;1742;B1_BR16_NIRR_REP_RECUP00002.asd;B1;BR16;NIRRIG;D10M;manha;D10
svm;agrupado;todos;3;treino;1743;B1_BR16_NIRR_REP_RECUP00003.asd;B1;BR16;NIRRIG;D10M;manha;D10
svm;agrupado;todos;3;treino;1744;B1_BR16_NIRR_REP_RECUP00004.asd;B1;BR16;NIRRIG;D10M;manha;D10
svm;agrupado;todos;3;treino;1746;B1_BR16_NIRR_REP_RECUP00006.asd;B1;BR16;NIRRIG;D10M;manha;D10
svm;agrupado;todos;3;treino;1747;B1_BR16_NIRR_REP_RECUP00007.asd;B1;BR16;NIRRIG;D10M;manha;D10
svm;agrupado;todos;3;treino;1748;B1_CD202_IRR_REP_RECUP00000.asd;B1;CD202;IRRIG;D10M;manha;D10
svm;agrupado;todos;3;treino;1749;B1_CD202_IRR_REP_RECUP00001.asd;B1;CD202;IRRIG;D10M;manha;D10
svm;agrupado;todos;3;treino;1751;B1_CD202_IRR_REP_RECUP00003.asd;B1;CD202;IRRIG;D10M;manha;D10
svm;agrupado;todos;3;treino;1752;B1_CD202_IRR_REP_RECUP00004.asd;B1;CD202;IRRIG;D10M;manha;D10
svm;agrupado;todos;3;treino;1753;B1_CD202_IRR_REP_RECUP00005.asd;B1;CD202;IRRIG;D10M;manha;D10
svm;agrupado;todos;3;treino;1754;B1_CD202_IRR_REP_RECUP00006.asd;B1;CD202;IRRIG;D10M;manha;D10
svm;agrupado;todos;3;treino;1755;B1_CD202_IRR_REP_RECUP00007.asd;B1;CD202;IRRIG;D10M;manha;D10
svm;agrupado;todos;3;treino;1756;B1_CD202_NIRR_REP_RECUP00000.asd;B1;CD202;NIRRIG;D10M;manha;D10
svm;agrupado;todos;3;treino;1757;B1_CD202_NIRR_REP_RECUP00001.asd;B1;CD202;NIRRIG;D10M;manha;D10
svm;agrupado;todos;3;treino;1758;B1_CD202_NIRR_REP_RECUP00002.asd;B1;CD202;NIRRIG;D10M;manha;D10
svm;agrupado;todos;3;treino;1759;B1_CD202_NIRR_REP_RECUP00003.asd;B1;CD202;NIRRIG;D10M;manha;D10
svm;agrupado;todos;3;treino;1761;B1_CD202_NIRR_REP_RECUP00005.asd;B1;CD202;NIRRIG;D10M;manha;D10
svm;agrupado;todos;3;treino;1762;B1_CD202_NIRR_REP_RECUP00006.asd;B1;CD202;NIRRIG;D10M;manha;D10
svm;agrupado;todos;3;treino;1763;B1_CD202_NIRR_REP_RECUP00007.asd;B1;CD202;NIRRIG;D10M;manha;D10
svm;agrupado;todos;3;treino;1764;B1_EMB48_IRR_REP_RECUP00000.asd;B1;EMB48;IRRIG;D10M;manha;D10
svm;agrupado;todos;3;treino;1765;B1_EMB48_IRR_REP_RECUP00001.asd;B1;EMB48;IRRIG;D10M;manha;D10
svm;agrupado;todos;3;treino;1766;B1_EMB48_IRR_REP_RECUP00002.asd;B1;EMB48;IRRIG;D10M;manha;D10
svm;agrupado;todos;3;treino;1767;B1_EMB48_IRR_REP_RECUP00003.asd;B1;EMB48;IRRIG;D10M;manha;D10
svm;agrupado;todos;3;treino;1768;B1_EMB48_IRR_REP_RECUP00004.asd;B1;EMB48;IRRIG;D10M;manha;D10
svm;agrupado;todos;3;treino;1769;B1_EMB48_IRR_REP_RECUP00005.asd;B1;EMB48;IRRIG;D10M;manha;D10
svm;agrupado;todos;3;treino;1770;B1_EMB48_IRR_REP_RECUP00006.asd;B1;EMB48;IRRIG;D10M;manha;D10
svm;agrupado;todos;3;treino;1771;B1_EMB48_IRR_REP_RECUP00007.asd;B1;EMB48;IRRIG;D10M;manha;D10
svm;agrupado;todos;3;treino;1772;B1_EMB48_NIRR_REP_RECUP00000.asd;B1;EMB48;NIRRIG;D10M;manha;D10
svm;agrupado;todos;3;treino;1773;B1_EMB48_NIRR_REP_RECUP00001.asd;B1;EMB48;NIRRIG;D10M;manha;D10
svm;agrupado;todos;3;treino;1776;B1_EMB48_NIRR_REP_RECUP00004.asd;B1;EMB48;NIRRIG;D10M;manha;D10
svm;agrupado;todos;3;treino;1778;B1_EMB48_NIRR_REP_RECUP00006.asd;B1;EMB48;NIRRIG;D10M;manha;D10
svm;agrupado;todos;3;treino;1779;B1_EMB48_NIRR_REP_RECUP00007.asd;B1;EMB48;NIRRIG;D10M;manha;D10
svm;agrupado;todos;3;treino;1780;B2_BR16_IRR_REP_RECUP00000.asd;B2;BR16;IRRIG;D10M;manha;D10
svm;agrupado;todos;3;treino;1781;B2_BR16_IRR_REP_RECUP00001.asd;B2;BR16;IRRIG;D10M;manha;D10
svm;agrupado;todos;3;treino;1782;B2_BR16_IRR_REP_RECUP00002.asd;B2;BR16;IRRIG;D10M;manha;D10
svm;agrupado;todos;3;treino;1783;B2_BR16_IRR_REP_RECUP00003.asd;B2;BR16;IRRIG;D10M;manha;D10
svm;agrupado;todos;3;treino;1784;B2_BR16_IRR_REP_RECUP00004.asd;B2;BR16;IRRIG;D10M;manha;D10
svm;agrupado;todos;3;treino;1786;B2_BR16_IRR_REP_RECUP00006.asd;B2;BR16;IRRIG;D10M;manha;D10
svm;agrupado;todos;3;treino;1787;B2_BR16_IRR_REP_RECUP00007.asd;B2;BR16;IRRIG;D10M;manha;D10
svm;agrupado;todos;3;treino;1788;B2_BR16_NIRR_REP_RECUP00000.asd;B2;BR16;NIRRIG;D10M;manha;D10
svm;agrupado;todos;3;treino;1789;B2_BR16_NIRR_REP_RECUP00001.asd;B2;BR16;NIRRIG;D10M;manha;D10
svm;agrupado;todos;3;treino;1791;B2_BR16_NIRR_REP_RECUP00003.asd;B2;BR16;NIRRIG;D10M;manha;D10
svm;agrupado;todos;3;treino;1792;B2_BR16_NIRR_REP_RECUP00004.asd;B2;BR16;NIRRIG;D10M;manha;D10
svm;agrupado;todos;3;treino;1793;B2_BR16_NIRR_REP_RECUP00005.asd;B2;BR16;NIRRIG;D10M;manha;D10
svm;agrupado;todos;3;treino;1794;B2_BR16_NIRR_REP_RECUP00006.asd;B2;BR16;NIRRIG;D10M;manha;D10
svm;agrupado;todos;3;treino;1795;B2_BR16_NIRR_REP_RECUP00007.asd;B2;BR16;NIRRIG;D10M;manha;D10
svm;agrupado;todos;3;treino;1796;B2_CD202_IRR_REP_RECUP00000.asd;B2;CD202;IRRIG;D10M;manha;D10
svm;agrupado;todos;3;treino;1797;B2_CD202_IRR_REP_RECUP00001.asd;B2;CD202;IRRIG;D10M;manha;D10
svm;agrupado;todos;3;treino;1798;B2_CD202_IRR_REP_RECUP00002.asd;B2;CD202;IRRIG;D10M;manha;D10
svm;agrupado;todos;3;treino;1799;B2_CD202_IRR_REP_RECUP00003.asd;B2;CD202;IRRIG;D10M;manha;D10
svm;agrupado;todos;3;treino;1800;B2_CD202_IRR_REP_RECUP00004.asd;B2;CD202;IRRIG;D10M;manha;D10
svm;agrupado;todos;3;treino;1803;B2_CD202_IRR_REP_RECUP00007.asd;B2;CD202;IRRIG;D10M;manha;D10
svm;agrupado;todos;3;treino;1804;B2_CD202_NIRR_REP_RECUP00008.asd;B2;CD202;NIRRIG;D10M;manha;D10
svm;agrupado;todos;3;treino;1805;B2_CD202_NIRR_REP_RECUP00009.asd;B2;CD202;NIRRIG;D10M;manha;D10
svm;agrupado;todos;3;treino;1807;B2_CD202_NIRR_REP_RECUP00011.asd;B2;CD202;NIRRIG;D10M;manha;D10
svm;agrupado;todos;3;treino;1808;B2_CD202_NIRR_REP_RECUP00012.asd;B2;CD202;NIRRIG;D10M;manha;D10
svm;agrupado;todos;3;treino;1809;B2_CD202_NIRR_REP_RECUP00013.asd;B2;CD202;NIRRIG;D10M;manha;D10
svm;agrupado;todos;3;treino;1810;B2_CD202_NIRR_REP_RECUP00014.asd;B2;CD202;NIRRIG;D10M;manha;D10
svm;agrupado;todos;3;treino;1812;B2_EMB48_IRR_REP_RECUP00000.asd;B2;EMB48;IRRIG;D10M;manha;D10
svm;agrupado;todos;3;treino;1813;B2_EMB48_IRR_REP_RECUP00001.asd;B2;EMB48;IRRIG;D10M;manha;D10
svm;agrupado;todos;3;treino;1815;B2_EMB48_IRR_REP_RECUP00003.asd;B2;EMB48;IRRIG;D10M;manha;D10
svm;agrupado;todos;3;treino;1816;B2_EMB48_IRR_REP_RECUP00004.asd;B2;EMB48;IRRIG;D10M;manha;D10
svm;agrupado;todos;3;treino;1818;B2_EMB48_IRR_REP_RECUP00006.asd;B2;EMB48;IRRIG;D10M;manha;D10
svm;agrupado;todos;3;treino;1820;B2_EMB48_NIRR_REP_RECUP00000.asd;B2;EMB48;NIRRIG;D10M;manha;D10
svm;agrupado;todos;3;treino;1821;B2_EMB48_NIRR_REP_RECUP00001.asd;B2;EMB48;NIRRIG;D10M;manha;D10
svm;agrupado;todos;3;treino;1826;B2_EMB48_NIRR_REP_RECUP00006.asd;B2;EMB48;NIRRIG;D10M;manha;D10
svm;agrupado;todos;3;treino;1827;B2_EMB48_NIRR_REP_RECUP00007.asd;B2;EMB48;NIRRIG;D10M;manha;D10
svm;agrupado;todos;3;treino;1828;B3_BR16_IRR_REP_RECUP00000.asd;B3;BR16;IRRIG;D10M;manha;D10
svm;agrupado;todos;3;treino;1829;B3_BR16_IRR_REP_RECUP00001.asd;B3;BR16;IRRIG;D10M;manha;D10
svm;agrupado;todos;3;treino;1830;B3_BR16_IRR_REP_RECUP00002.asd;B3;BR16;IRRIG;D10M;manha;D10
svm;agrupado;todos;3;treino;1833;B3_BR16_IRR_REP_RECUP00005.asd;B3;BR16;IRRIG;D10M;manha;D10
svm;agrupado;todos;3;treino;1834;B3_BR16_IRR_REP_RECUP00006.asd;B3;BR16;IRRIG;D10M;manha;D10
svm;agrupado;todos;3;treino;1835;B3_BR16_IRR_REP_RECUP00007.asd;B3;BR16;IRRIG;D10M;manha;D10
svm;agrupado;todos;3;treino;1836;B3_BR16_NIRR_REP_RECUP00000.asd;B3;BR16;NIRRIG;D10M;manha;D10
svm;agrupado;todos;3;treino;1838;B3_BR16_NIRR_REP_RECUP00002.asd;B3;BR16;NIRRIG;D10M;manha;D10
svm;agrupado;todos;3;treino;1839;B3_BR16_NIRR_REP_RECUP00003.asd;B3;BR16;NIRRIG;D10M;manha;D10
svm;agrupado;todos;3;treino;1840;B3_BR16_NIRR_REP_RECUP00004.asd;B3;BR16;NIRRIG;D10M;manha;D10
svm;agrupado;todos;3;treino;1841;B3_BR16_NIRR_REP_RECUP00005.asd;B3;BR16;NIRRIG;D10M;manha;D10
svm;agrupado;todos;3;treino;1842;B3_BR16_NIRR_REP_RECUP00006.asd;B3;BR16;NIRRIG;D10M;manha;D10
svm;agrupado;todos;3;treino;1844;B3_CD202_IRR_REP_RECUP00000.asd;B3;CD202;IRRIG;D10M;manha;D10
svm;agrupado;todos;3;treino;1845;B3_CD202_IRR_REP_RECUP00001.asd;B3;CD202;IRRIG;D10M;manha;D10
svm;agrupado;todos;3;treino;1846;B3_CD202_IRR_REP_RECUP00002.asd;B3;CD202;IRRIG;D10M;manha;D10
svm;agrupado;todos;3;treino;1847;B3_CD202_IRR_REP_RECUP00003.asd;B3;CD202;IRRIG;D10M;manha;D10
svm;agrupado;todos;3;treino;1848;B3_CD202_IRR_REP_RECUP00004.asd;B3;CD202;IRRIG;D10M;manha;D10
svm;agrupado;todos;3;treino;1849;B3_CD202_IRR_REP_RECUP00005.asd;B3;CD202;IRRIG;D10M;manha;D10
svm;agrupado;todos;3;treino;1850;B3_CD202_IRR_REP_RECUP00006.asd;B3;CD202;IRRIG;D10M;manha;D10
svm;agrupado;todos;3;treino;1851;B3_CD202_IRR_REP_RECUP00007.asd;B3;CD202;IRRIG;D10M;manha;D10
svm;agrupado;todos;3;treino;1853;B3_CD202_NIRR_REP_RECUP00001.asd;B3;CD202;NIRRIG;D10M;manha;D10
svm;agrupado;todos;3;treino;1854;B3_CD202_NIRR_REP_RECUP00002.asd;B3;CD202;NIRRIG;D10M;manha;D10
svm;agrupado;todos;3;treino;1855;B3_CD202_NIRR_REP_RECUP00003.asd;B3;CD202;NIRRIG;D10M;manha;D10
svm;agrupado;todos;3;treino;1858;B3_CD202_NIRR_REP_RECUP00006.asd;B3;CD202;NIRRIG;D10M;manha;D10
svm;agrupado;todos;3;treino;1859;B3_CD202_NIRR_REP_RECUP00007.asd;B3;CD202;NIRRIG;D10M;manha;D10
svm;agrupado;todos;3;treino;1861;B3_EMB48_IRR_REP_RECUP00001.asd;B3;EMB48;IRRIG;D10M;manha;D10
svm;agrupado;todos;3;treino;1862;B3_EMB48_IRR_REP_RECUP00002.asd;B3;EMB48;IRRIG;D10M;manha;D10
svm;agrupado;todos;3;treino;1863;B3_EMB48_IRR_REP_RECUP00003.asd;B3;EMB48;IRRIG;D10M;manha;D10
svm;agrupado;todos;3;treino;1866;B3_EMB48_IRR_REP_RECUP00006.asd;B3;EMB48;IRRIG;D10M;manha;D10
svm;agrupado;todos;3;treino;1867;B3_EMB48_IRR_REP_RECUP00007.asd;B3;EMB48;IRRIG;D10M;manha;D10
svm;agrupado;todos;3;treino;1868;B3_EMB48_NIRR_REP_RECUP00000.asd;B3;EMB48;NIRRIG;D10M;manha;D10
svm;agrupado;todos;3;treino;1869;B3_EMB48_NIRR_REP_RECUP00001.asd;B3;EMB48;NIRRIG;D10M;manha;D10
svm;agrupado;todos;3;treino;1870;B3_EMB48_NIRR_REP_RECUP00002.asd;B3;EMB48;NIRRIG;D10M;manha;D10
svm;agrupado;todos;3;treino;1871;B3_EMB48_NIRR_REP_RECUP00003.asd;B3;EMB48;NIRRIG;D10M;manha;D10
svm;agrupado;todos;3;treino;1872;B3_EMB48_NIRR_REP_RECUP00004.asd;B3;EMB48;NIRRIG;D10M;manha;D10
svm;agrupado;todos;3;treino;1873;B3_EMB48_NIRR_REP_RECUP00005.asd;B3;EMB48;NIRRIG;D10M;manha;D10
svm;agrupado;todos;3;treino;1874;B3_EMB48_NIRR_REP_RECUP00006.asd;B3;EMB48;NIRRIG;D10M;manha;D10
svm;agrupado;todos;3;treino;1875;B3_EMB48_NIRR_REP_RECUP00007.asd;B3;EMB48;NIRRIG;D10M;manha;D10
svm;agrupado;todos;3;treino;1876;B4_BR16_IRR_REP_RECUP00000.asd;B4;BR16;IRRIG;D10M;manha;D10
svm;agrupado;todos;3;treino;1877;B4_BR16_IRR_REP_RECUP00001.asd;B4;BR16;IRRIG;D10M;manha;D10
svm;agrupado;todos;3;treino;1879;B4_BR16_IRR_REP_RECUP00003.asd;B4;BR16;IRRIG;D10M;manha;D10
svm;agrupado;todos;3;treino;1880;B4_BR16_IRR_REP_RECUP00004.asd;B4;BR16;IRRIG;D10M;manha;D10
svm;agrupado;todos;3;treino;1881;B4_BR16_IRR_REP_RECUP00005.asd;B4;BR16;IRRIG;D10M;manha;D10
svm;agrupado;todos;3;treino;1882;B4_BR16_IRR_REP_RECUP00006.asd;B4;BR16;IRRIG;D10M;manha;D10
svm;agrupado;todos;3;treino;1883;B4_BR16_IRR_REP_RECUP00007.asd;B4;BR16;IRRIG;D10M;manha;D10
svm;agrupado;todos;3;treino;1884;B4_BR16_NIRR_REP_RECUP00000.asd;B4;BR16;NIRRIG;D10M;manha;D10
svm;agrupado;todos;3;treino;1885;B4_BR16_NIRR_REP_RECUP00001.asd;B4;BR16;NIRRIG;D10M;manha;D10
svm;agrupado;todos;3;treino;1886;B4_BR16_NIRR_REP_RECUP00002.asd;B4;BR16;NIRRIG;D10M;manha;D10
svm;agrupado;todos;3;treino;1887;B4_BR16_NIRR_REP_RECUP00003.asd;B4;BR16;NIRRIG;D10M;manha;D10
svm;agrupado;todos;3;treino;1888;B4_BR16_NIRR_REP_RECUP00004.asd;B4;BR16;NIRRIG;D10M;manha;D10
svm;agrupado;todos;3;treino;1889;B4_BR16_NIRR_REP_RECUP00005.asd;B4;BR16;NIRRIG;D10M;manha;D10
svm;agrupado;todos;3;treino;1891;B4_BR16_NIRR_REP_RECUP00007.asd;B4;BR16;NIRRIG;D10M;manha;D10
svm;agrupado;todos;3;treino;1892;B4_CD202_IRR_REP_RECUP00000.asd;B4;CD202;IRRIG;D10M;manha;D10
svm;agrupado;todos;3;treino;1894;B4_CD202_IRR_REP_RECUP00002.asd;B4;CD202;IRRIG;D10M;manha;D10
svm;agrupado;todos;3;treino;1895;B4_CD202_IRR_REP_RECUP00003.asd;B4;CD202;IRRIG;D10M;manha;D10
svm;agrupado;todos;3;treino;1896;B4_CD202_IRR_REP_RECUP00004.asd;B4;CD202;IRRIG;D10M;manha;D10
svm;agrupado;todos;3;treino;1897;B4_CD202_IRR_REP_RECUP00005.asd;B4;CD202;IRRIG;D10M;manha;D10
svm;agrupado;todos;3;treino;1898;B4_CD202_IRR_REP_RECUP00006.asd;B4;CD202;IRRIG;D10M;manha;D10
svm;agrupado;todos;3;treino;1900;B4_CD202_NIRR_REP_RECUP00000.asd;B4;CD202;NIRRIG;D10M;manha;D10
svm;agrupado;todos;3;treino;1901;B4_CD202_NIRR_REP_RECUP00001.asd;B4;CD202;NIRRIG;D10M;manha;D10
svm;agrupado;todos;3;treino;1902;B4_CD202_NIRR_REP_RECUP00002.asd;B4;CD202;NIRRIG;D10M;manha;D10
svm;agrupado;todos;3;treino;1903;B4_CD202_NIRR_REP_RECUP00003.asd;B4;CD202;NIRRIG;D10M;manha;D10
svm;agrupado;todos;3;treino;1904;B4_CD202_NIRR_REP_RECUP00004.asd;B4;CD202;NIRRIG;D10M;manha;D10
svm;agrupado;todos;3;treino;1905;B4_CD202_NIRR_REP_RECUP00005.asd;B4;CD202;NIRRIG;D10M;manha;D10
svm;agrupado;todos;3;treino;1906;B4_CD202_NIRR_REP_RECUP00006.asd;B4;CD202;NIRRIG;D10M;manha;D10
svm;agrupado;todos;3;treino;1907;B4_CD202_NIRR_REP_RECUP00007.asd;B4;CD202;NIRRIG;D10M;manha;D10
svm;agrupado;todos;3;treino;1909;B4_EMB48_IRR_REP_RECUP00001.asd;B4;EMB48;IRRIG;D10M;manha;D10
svm;agrupado;todos;3;treino;1910;B4_EMB48_IRR_REP_RECUP00002.asd;B4;EMB48;IRRIG;D10M;manha;D10
svm;agrupado;todos;3;treino;1911;B4_EMB48_IRR_REP_RECUP00003.asd;B4;EMB48;IRRIG;D10M;manha;D10
svm;agrupado;todos;3;treino;1912;B4_EMB48_IRR_REP_RECUP00004.asd;B4;EMB48;IRRIG;D10M;manha;D10
svm;agrupado;todos;3;treino;1913;B4_EMB48_IRR_REP_RECUP00005.asd;B4;EMB48;IRRIG;D10M;manha;D10
svm;agrupado;todos;3;treino;1915;B4_EMB48_IRR_REP_RECUP00007.asd;B4;EMB48;IRRIG;D10M;manha;D10
svm;agrupado;todos;3;treino;1917;B4_EMB48_NIRR_REP_RECUP00001.asd;B4;EMB48;NIRRIG;D10M;manha;D10
svm;agrupado;todos;3;treino;1918;B4_EMB48_NIRR_REP_RECUP00002.asd;B4;EMB48;NIRRIG;D10M;manha;D10
svm;agrupado;todos;3;treino;1919;B4_EMB48_NIRR_REP_RECUP00003.asd;B4;EMB48;NIRRIG;D10M;manha;D10
svm;agrupado;todos;3;treino;1920;B4_EMB48_NIRR_REP_RECUP00004.asd;B4;EMB48;NIRRIG;D10M;manha;D10
svm;agrupado;todos;3;treino;1921;B4_EMB48_NIRR_REP_RECUP00005.asd;B4;EMB48;NIRRIG;D10M;manha;D10
svm;agrupado;todos;3;treino;1922;B4_EMB48_NIRR_REP_RECUP00006.asd;B4;EMB48;NIRRIG;D10M;manha;D10
svm;agrupado;todos;3;treino;1923;B4_EMB48_NIRR_REP_RECUP00007.asd;B4;EMB48;NIRRIG;D10M;manha;D10
svm;agrupado;todos;3;teste;4;B1_BR16_IRRIG_REPROD00004.asd;B1;BR16;IRRIG;D02M;manha;D02
svm;agrupado;todos;3;teste;10;B1_BR16_NIRRIG_REPROD00002.asd;B1;BR16;NIRRIG;D02M;manha;D02
svm;agrupado;todos;3;teste;20;B2_BR16_IRRIG_REPROD00004.asd;B2;BR16;IRRIG;D02M;manha;D02
svm;agrupado;todos;3;teste;21;B2_BR16_IRRIG_REPROD00005.asd;B2;BR16;IRRIG;D02M;manha;D02
svm;agrupado;todos;3;teste;22;B2_BR16_IRRIG_REPROD00006.asd;B2;BR16;IRRIG;D02M;manha;D02
svm;agrupado;todos;3;teste;24;B2_BR16_NIRRIG_REPROD00000.asd;B2;BR16;NIRRIG;D02M;manha;D02
svm;agrupado;todos;3;teste;38;B3_BR16_IRRIG_REPROD00006.asd;B3;BR16;IRRIG;D02M;manha;D02
svm;agrupado;todos;3;teste;42;B3_BR16_NIRRIG_REPROD00002.asd;B3;BR16;NIRRIG;D02M;manha;D02
svm;agrupado;todos;3;teste;43;B3_BR16_NIRRIG_REPROD00003.asd;B3;BR16;NIRRIG;D02M;manha;D02
svm;agrupado;todos;3;teste;46;B3_BR16_NIRRIG_REPROD00006.asd;B3;BR16;NIRRIG;D02M;manha;D02
svm;agrupado;todos;3;teste;53;B4_BR16_IRRIG_REPROD00005.asd;B4;BR16;IRRIG;D02M;manha;D02
svm;agrupado;todos;3;teste;54;B4_BR16_IRRIG_REPROD00006.asd;B4;BR16;IRRIG;D02M;manha;D02
svm;agrupado;todos;3;teste;65;B1_CD202_IRRIG_REPROD00001.asd;B1;CD202;IRRIG;D02M;manha;D02
svm;agrupado;todos;3;teste;69;B1_CD202_IRRIG_REPROD00005.asd;B1;CD202;IRRIG;D02M;manha;D02
svm;agrupado;todos;3;teste;76;B1_CD202_NIRRIG_REPROD00004.asd;B1;CD202;NIRRIG;D02M;manha;D02
svm;agrupado;todos;3;teste;79;B1_CD202_NIRRIG_REPROD00007.asd;B1;CD202;NIRRIG;D02M;manha;D02
svm;agrupado;todos;3;teste;90;B2_CD202_NIRRIG_REPROD00002.asd;B2;CD202;NIRRIG;D02M;manha;D02
svm;agrupado;todos;3;teste;95;B2_CD202_NIRRIG_REPROD00007.asd;B2;CD202;NIRRIG;D02M;manha;D02
svm;agrupado;todos;3;teste;96;B3_CD202_IRRIG_REPROD00000.asd;B3;CD202;IRRIG;D02M;manha;D02
svm;agrupado;todos;3;teste;107;B3_CD202_NIRRIG_REPROD00003.asd;B3;CD202;NIRRIG;D02M;manha;D02
svm;agrupado;todos;3;teste;109;B3_CD202_NIRRIG_REPROD00005.asd;B3;CD202;NIRRIG;D02M;manha;D02
svm;agrupado;todos;3;teste;111;B3_CD202_NIRRIG_REPROD00007.asd;B3;CD202;NIRRIG;D02M;manha;D02
svm;agrupado;todos;3;teste;113;B4_CD202_IRRIG_REPROD00001.asd;B4;CD202;IRRIG;D02M;manha;D02
svm;agrupado;todos;3;teste;118;B4_CD202_IRRIG_REPROD00006.asd;B4;CD202;IRRIG;D02M;manha;D02
svm;agrupado;todos;3;teste;121;B4_CD202_NIRRIG_REPROD00001.asd;B4;CD202;NIRRIG;D02M;manha;D02
svm;agrupado;todos;3;teste;130;B4_EMB48_IRRIG_REPROD00001.asd;B4;EMB48;IRRIG;D02M;manha;D02
svm;agrupado;todos;3;teste;132;B4_EMB48_IRRIG_REPROD00003.asd;B4;EMB48;IRRIG;D02M;manha;D02
svm;agrupado;todos;3;teste;133;B4_EMB48_IRRIG_REPROD00004.asd;B4;EMB48;IRRIG;D02M;manha;D02
svm;agrupado;todos;3;teste;136;B4_EMB48_IRRIG_REPROD00007.asd;B4;EMB48;IRRIG;D02M;manha;D02
svm;agrupado;todos;3;teste;147;B3_EMB48_IRRIG_REPROD00006.asd;B3;EMB48;IRRIG;D02M;manha;D02
svm;agrupado;todos;3;teste;150;B4_EMB48_NIRRIG_REPROD00006.asd;B4;EMB48;NIRRIG;D02M;manha;D02
svm;agrupado;todos;3;teste;166;B1_EMB48_IRRIG_REPROD00006.asd;B1;EMB48;IRRIG;D02M;manha;D02
svm;agrupado;todos;3;teste;169;B1_EMB48_NIRRIG_REPROD00001.asd;B1;EMB48;NIRRIG;D02M;manha;D02
svm;agrupado;todos;3;teste;170;B1_EMB48_NIRRIG_REPROD00002.asd;B1;EMB48;NIRRIG;D02M;manha;D02
svm;agrupado;todos;3;teste;171;B1_EMB48_NIRRIG_REPROD00003.asd;B1;EMB48;NIRRIG;D02M;manha;D02
svm;agrupado;todos;3;teste;172;B1_EMB48_NIRRIG_REPROD00004.asd;B1;EMB48;NIRRIG;D02M;manha;D02
svm;agrupado;todos;3;teste;181;B2_EMB48_IRRIG_REPROD00005.asd;B2;EMB48;IRRIG;D02M;manha;D02
svm;agrupado;todos;3;teste;187;B2_EMB48_NIRRIG_REPROD00003.asd;B2;EMB48;NIRRIG;D02M;manha;D02
svm;agrupado;todos;3;teste;196;B1_BR16_IRRIG_REPROD00004.asd;B1;BR16;IRRIG;D02T;tarde;D02
svm;agrupado;todos;3;teste;202;B1_BR16_NIRRIG_REPROD00002.asd;B1;BR16;NIRRIG;D02T;tarde;D02
svm;agrupado;todos;3;teste;212;B2_BR16_IRRIG_REPROD00004.asd;B2;BR16;IRRIG;D02T;tarde;D02
svm;agrupado;todos;3;teste;213;B2_BR16_IRRIG_REPROD00005.asd;B2;BR16;IRRIG;D02T;tarde;D02
svm;agrupado;todos;3;teste;214;B2_BR16_IRRIG_REPROD00006.asd;B2;BR16;IRRIG;D02T;tarde;D02
svm;agrupado;todos;3;teste;216;B2_BR16_NIRRIG_REPROD00000.asd;B2;BR16;NIRRIG;D02T;tarde;D02
svm;agrupado;todos;3;teste;230;B3_BR16_IRRIG_REPROD00006.asd;B3;BR16;IRRIG;D02T;tarde;D02
svm;agrupado;todos;3;teste;234;B3_BR16_NIRRIG_REPROD00002.asd;B3;BR16;NIRRIG;D02T;tarde;D02
svm;agrupado;todos;3;teste;235;B3_BR16_NIRRIG_REPROD00003.asd;B3;BR16;NIRRIG;D02T;tarde;D02
svm;agrupado;todos;3;teste;238;B3_BR16_NIRRIG_REPROD00006.asd;B3;BR16;NIRRIG;D02T;tarde;D02
svm;agrupado;todos;3;teste;245;B4_BR16_IRRIG_REPROD00005.asd;B4;BR16;IRRIG;D02T;tarde;D02
svm;agrupado;todos;3;teste;246;B4_BR16_IRRIG_REPROD00006.asd;B4;BR16;IRRIG;D02T;tarde;D02
svm;agrupado;todos;3;teste;257;B1_CD202_IRRIG_REPROD00001.asd;B1;CD202;IRRIG;D02T;tarde;D02
svm;agrupado;todos;3;teste;261;B1_CD202_IRRIG_REPROD00005.asd;B1;CD202;IRRIG;D02T;tarde;D02
svm;agrupado;todos;3;teste;268;B1_CD202_NIRRIG_REPROD00004.asd;B1;CD202;NIRRIG;D02T;tarde;D02
svm;agrupado;todos;3;teste;271;B1_CD202_NIRRIG_REPROD00007.asd;B1;CD202;NIRRIG;D02T;tarde;D02
svm;agrupado;todos;3;teste;282;B2_CD202_NIRRIG_REPROD00002.asd;B2;CD202;NIRRIG;D02T;tarde;D02
svm;agrupado;todos;3;teste;287;B2_CD202_NIRRIG_REPROD00007.asd;B2;CD202;NIRRIG;D02T;tarde;D02
svm;agrupado;todos;3;teste;288;B3_CD202_IRRIG_REPROD00000.asd;B3;CD202;IRRIG;D02T;tarde;D02
svm;agrupado;todos;3;teste;299;B3_CD202_NIRRIG_REPROD00003.asd;B3;CD202;NIRRIG;D02T;tarde;D02
svm;agrupado;todos;3;teste;301;B3_CD202_NIRRIG_REPROD00005.asd;B3;CD202;NIRRIG;D02T;tarde;D02
svm;agrupado;todos;3;teste;303;B3_CD202_NIRRIG_REPROD00007.asd;B3;CD202;NIRRIG;D02T;tarde;D02
svm;agrupado;todos;3;teste;305;B4_CD202_IRRIG_REPROD00001.asd;B4;CD202;IRRIG;D02T;tarde;D02
svm;agrupado;todos;3;teste;310;B4_CD202_IRRIG_REPROD00006.asd;B4;CD202;IRRIG;D02T;tarde;D02
svm;agrupado;todos;3;teste;313;B4_CD202_NIRRIG_REPROD00001.asd;B4;CD202;NIRRIG;D02T;tarde;D02
svm;agrupado;todos;3;teste;326;B1_EMB48_IRRIG_REPROD00006.asd;B1;EMB48;IRRIG;D02T;tarde;D02
svm;agrupado;todos;3;teste;329;B1_EMB48_NIRRIG_REPROD00001.asd;B1;EMB48;NIRRIG;D02T;tarde;D02
svm;agrupado;todos;3;teste;330;B1_EMB48_NIRRIG_REPROD00002.asd;B1;EMB48;NIRRIG;D02T;tarde;D02
svm;agrupado;todos;3;teste;331;B1_EMB48_NIRRIG_REPROD00003.asd;B1;EMB48;NIRRIG;D02T;tarde;D02
svm;agrupado;todos;3;teste;332;B1_EMB48_NIRRIG_REPROD00004.asd;B1;EMB48;NIRRIG;D02T;tarde;D02
svm;agrupado;todos;3;teste;341;B2_EMB48_IRRIG_REPROD00005.asd;B2;EMB48;IRRIG;D02T;tarde;D02
svm;agrupado;todos;3;teste;347;B2_EMB48_NIRRIG_REPROD00003.asd;B2;EMB48;NIRRIG;D02T;tarde;D02
svm;agrupado;todos;3;teste;358;B3_EMB48_IRRIG_REPROD00006.asd;B3;EMB48;IRRIG;D02T;tarde;D02
svm;agrupado;todos;3;teste;369;B4_EMB48_IRRIG_REPROD00001.asd;B4;EMB48;IRRIG;D02T;tarde;D02
svm;agrupado;todos;3;teste;371;B4_EMB48_IRRIG_REPROD00003.asd;B4;EMB48;IRRIG;D02T;tarde;D02
svm;agrupado;todos;3;teste;372;B4_EMB48_IRRIG_REPROD00004.asd;B4;EMB48;IRRIG;D02T;tarde;D02
svm;agrupado;todos;3;teste;375;B4_EMB48_IRRIG_REPROD00007.asd;B4;EMB48;IRRIG;D02T;tarde;D02
svm;agrupado;todos;3;teste;382;B4_EMB48_NIRRIG_REPROD00006.asd;B4;EMB48;NIRRIG;D02T;tarde;D02
svm;agrupado;todos;3;teste;388;B1_BR16_IRRIG_REPROD00004.asd;B1;BR16;IRRIG;D03M;manha;D03
svm;agrupado;todos;3;teste;394;B1_BR16_NIRRIG_REPROD00002.asd;B1;BR16;NIRRIG;D03M;manha;D03
svm;agrupado;todos;3;teste;404;B2_BR16_IRRIG_REPROD00004.asd;B2;BR16;IRRIG;D03M;manha;D03
svm;agrupado;todos;3;teste;405;B2_BR16_IRRIG_REPROD00005.asd;B2;BR16;IRRIG;D03M;manha;D03
svm;agrupado;todos;3;teste;406;B2_BR16_IRRIG_REPROD00006.asd;B2;BR16;IRRIG;D03M;manha;D03
svm;agrupado;todos;3;teste;408;B2_BR16_NIRRIG_REPROD00000.asd;B2;BR16;NIRRIG;D03M;manha;D03
svm;agrupado;todos;3;teste;422;B3_BR16_IRRIG_REPROD00006.asd;B3;BR16;IRRIG;D03M;manha;D03
svm;agrupado;todos;3;teste;426;B3_BR16_NIRRIG_REPROD00002.asd;B3;BR16;NIRRIG;D03M;manha;D03
svm;agrupado;todos;3;teste;427;B3_BR16_NIRRIG_REPROD00003.asd;B3;BR16;NIRRIG;D03M;manha;D03
svm;agrupado;todos;3;teste;430;B3_BR16_NIRRIG_REPROD00006.asd;B3;BR16;NIRRIG;D03M;manha;D03
svm;agrupado;todos;3;teste;437;B4_BR16_IRRIG_REPROD00005.asd;B4;BR16;IRRIG;D03M;manha;D03
svm;agrupado;todos;3;teste;438;B4_BR16_IRRIG_REPROD00006.asd;B4;BR16;IRRIG;D03M;manha;D03
svm;agrupado;todos;3;teste;449;B1_CD202_IRRIG_REPROD00001.asd;B1;CD202;IRRIG;D03M;manha;D03
svm;agrupado;todos;3;teste;453;B1_CD202_IRRIG_REPROD00005.asd;B1;CD202;IRRIG;D03M;manha;D03
svm;agrupado;todos;3;teste;460;B1_CD202_NIRRIG_REPROD00004.asd;B1;CD202;NIRRIG;D03M;manha;D03
svm;agrupado;todos;3;teste;463;B1_CD202_NIRRIG_REPROD00007.asd;B1;CD202;NIRRIG;D03M;manha;D03
svm;agrupado;todos;3;teste;474;B2_CD202_NIRRIG_REPROD00002.asd;B2;CD202;NIRRIG;D03M;manha;D03
svm;agrupado;todos;3;teste;479;B2_CD202_NIRRIG_REPROD00007.asd;B2;CD202;NIRRIG;D03M;manha;D03
svm;agrupado;todos;3;teste;480;B3_CD202_IRRIG_REPROD00000.asd;B3;CD202;IRRIG;D03M;manha;D03
svm;agrupado;todos;3;teste;491;B3_CD202_NIRRIG_REPROD00003.asd;B3;CD202;NIRRIG;D03M;manha;D03
svm;agrupado;todos;3;teste;493;B3_CD202_NIRRIG_REPROD00005.asd;B3;CD202;NIRRIG;D03M;manha;D03
svm;agrupado;todos;3;teste;495;B3_CD202_NIRRIG_REPROD00007.asd;B3;CD202;NIRRIG;D03M;manha;D03
svm;agrupado;todos;3;teste;497;B4_CD202_IRRIG_REPROD00001.asd;B4;CD202;IRRIG;D03M;manha;D03
svm;agrupado;todos;3;teste;502;B4_CD202_IRRIG_REPROD00006.asd;B4;CD202;IRRIG;D03M;manha;D03
svm;agrupado;todos;3;teste;505;B4_CD202_NIRRIG_REPROD00001.asd;B4;CD202;NIRRIG;D03M;manha;D03
svm;agrupado;todos;3;teste;518;B1_EMB48_IRRIG_REPROD00006.asd;B1;EMB48;IRRIG;D03M;manha;D03
svm;agrupado;todos;3;teste;521;B1_EMB48_NIRRIG_REPROD00001.asd;B1;EMB48;NIRRIG;D03M;manha;D03
svm;agrupado;todos;3;teste;522;B1_EMB48_NIRRIG_REPROD00002.asd;B1;EMB48;NIRRIG;D03M;manha;D03
svm;agrupado;todos;3;teste;523;B1_EMB48_NIRRIG_REPROD00003.asd;B1;EMB48;NIRRIG;D03M;manha;D03
svm;agrupado;todos;3;teste;524;B1_EMB48_NIRRIG_REPROD00004.asd;B1;EMB48;NIRRIG;D03M;manha;D03
svm;agrupado;todos;3;teste;533;B2_EMB48_IRRIG_REPROD00005.asd;B2;EMB48;IRRIG;D03M;manha;D03
svm;agrupado;todos;3;teste;539;B2_EMB48_NIRRIG_REPROD00003.asd;B2;EMB48;NIRRIG;D03M;manha;D03
svm;agrupado;todos;3;teste;550;B3_EMB48_IRRIG_REPROD00006.asd;B3;EMB48;IRRIG;D03M;manha;D03
svm;agrupado;todos;3;teste;561;B4_EMB48_IRRIG_REPROD00001.asd;B4;EMB48;IRRIG;D03M;manha;D03
svm;agrupado;todos;3;teste;563;B4_EMB48_IRRIG_REPROD00003.asd;B4;EMB48;IRRIG;D03M;manha;D03
svm;agrupado;todos;3;teste;564;B4_EMB48_IRRIG_REPROD00004.asd;B4;EMB48;IRRIG;D03M;manha;D03
svm;agrupado;todos;3;teste;567;B4_EMB48_IRRIG_REPROD00007.asd;B4;EMB48;IRRIG;D03M;manha;D03
svm;agrupado;todos;3;teste;574;B4_EMB48_NIRRIG_REPROD00006.asd;B4;EMB48;NIRRIG;D03M;manha;D03
svm;agrupado;todos;3;teste;580;B1_BR16_IRRIG_REPROD00004.asd;B1;BR16;IRRIG;D03T;tarde;D03
svm;agrupado;todos;3;teste;586;B1_BR16_NIRRIG_REPROD00002.asd;B1;BR16;NIRRIG;D03T;tarde;D03
svm;agrupado;todos;3;teste;596;B2_BR16_IRRIG_REPROD00004.asd;B2;BR16;IRRIG;D03T;tarde;D03
svm;agrupado;todos;3;teste;597;B2_BR16_IRRIG_REPROD00005.asd;B2;BR16;IRRIG;D03T;tarde;D03
svm;agrupado;todos;3;teste;598;B2_BR16_IRRIG_REPROD00006.asd;B2;BR16;IRRIG;D03T;tarde;D03
svm;agrupado;todos;3;teste;600;B2_BR16_NIRRIG_REPROD00000.asd;B2;BR16;NIRRIG;D03T;tarde;D03
svm;agrupado;todos;3;teste;614;B3_BR16_IRRIG_REPROD00006.asd;B3;BR16;IRRIG;D03T;tarde;D03
svm;agrupado;todos;3;teste;618;B3_BR16_NIRRIG_REPROD00002.asd;B3;BR16;NIRRIG;D03T;tarde;D03
svm;agrupado;todos;3;teste;619;B3_BR16_NIRRIG_REPROD00003.asd;B3;BR16;NIRRIG;D03T;tarde;D03
svm;agrupado;todos;3;teste;622;B3_BR16_NIRRIG_REPROD00006.asd;B3;BR16;NIRRIG;D03T;tarde;D03
svm;agrupado;todos;3;teste;629;B4_BR16_IRRIG_REPROD00005.asd;B4;BR16;IRRIG;D03T;tarde;D03
svm;agrupado;todos;3;teste;630;B4_BR16_IRRIG_REPROD00006.asd;B4;BR16;IRRIG;D03T;tarde;D03
svm;agrupado;todos;3;teste;641;B1_CD202_IRRIG_REPROD00001.asd;B1;CD202;IRRIG;D03T;tarde;D03
svm;agrupado;todos;3;teste;645;B1_CD202_IRRIG_REPROD00005.asd;B1;CD202;IRRIG;D03T;tarde;D03
svm;agrupado;todos;3;teste;652;B1_CD202_NIRRIG_REPROD00004.asd;B1;CD202;NIRRIG;D03T;tarde;D03
svm;agrupado;todos;3;teste;655;B1_CD202_NIRRIG_REPROD00007.asd;B1;CD202;NIRRIG;D03T;tarde;D03
svm;agrupado;todos;3;teste;666;B2_CD202_NIRRIG_REPROD00002.asd;B2;CD202;NIRRIG;D03T;tarde;D03
svm;agrupado;todos;3;teste;671;B2_CD202_NIRRIG_REPROD00007.asd;B2;CD202;NIRRIG;D03T;tarde;D03
svm;agrupado;todos;3;teste;672;B3_CD202_IRRIG_REPROD00000.asd;B3;CD202;IRRIG;D03T;tarde;D03
svm;agrupado;todos;3;teste;683;B3_CD202_NIRRIG_REPROD00003.asd;B3;CD202;NIRRIG;D03T;tarde;D03
svm;agrupado;todos;3;teste;685;B3_CD202_NIRRIG_REPROD00005.asd;B3;CD202;NIRRIG;D03T;tarde;D03
svm;agrupado;todos;3;teste;687;B3_CD202_NIRRIG_REPROD00007.asd;B3;CD202;NIRRIG;D03T;tarde;D03
svm;agrupado;todos;3;teste;689;B4_CD202_IRRIG_REPROD00001.asd;B4;CD202;IRRIG;D03T;tarde;D03
svm;agrupado;todos;3;teste;694;B4_CD202_IRRIG_REPROD00006.asd;B4;CD202;IRRIG;D03T;tarde;D03
svm;agrupado;todos;3;teste;697;B4_CD202_NIRRIG_REPROD00001.asd;B4;CD202;NIRRIG;D03T;tarde;D03
svm;agrupado;todos;3;teste;710;B1_EMB48_IRRIG_REPROD00006.asd;B1;EMB48;IRRIG;D03T;tarde;D03
svm;agrupado;todos;3;teste;713;B1_EMB48_NIRRIG_REPROD00001.asd;B1;EMB48;NIRRIG;D03T;tarde;D03
svm;agrupado;todos;3;teste;714;B1_EMB48_NIRRIG_REPROD00002.asd;B1;EMB48;NIRRIG;D03T;tarde;D03
svm;agrupado;todos;3;teste;715;B1_EMB48_NIRRIG_REPROD00003.asd;B1;EMB48;NIRRIG;D03T;tarde;D03
svm;agrupado;todos;3;teste;716;B1_EMB48_NIRRIG_REPROD00004.asd;B1;EMB48;NIRRIG;D03T;tarde;D03
svm;agrupado;todos;3;teste;725;B2_EMB48_IRRIG_REPROD00005.asd;B2;EMB48;IRRIG;D03T;tarde;D03
svm;agrupado;todos;3;teste;731;B2_EMB48_NIRRIG_REPROD00003.asd;B2;EMB48;NIRRIG;D03T;tarde;D03
svm;agrupado;todos;3;teste;742;B3_EMB48_IRRIG_REPROD00006.asd;B3;EMB48;IRRIG;D03T;tarde;D03
svm;agrupado;todos;3;teste;753;B4_EMB48_IRRIG_REPROD00001.asd;B4;EMB48;IRRIG;D03T;tarde;D03
svm;agrupado;todos;3;teste;755;B4_EMB48_IRRIG_REPROD00003.asd;B4;EMB48;IRRIG;D03T;tarde;D03
svm;agrupado;todos;3;teste;756;B4_EMB48_IRRIG_REPROD00004.asd;B4;EMB48;IRRIG;D03T;tarde;D03
svm;agrupado;todos;3;teste;759;B4_EMB48_IRRIG_REPROD00007.asd;B4;EMB48;IRRIG;D03T;tarde;D03
svm;agrupado;todos;3;teste;766;B4_EMB48_NIRRIG_REPROD00006.asd;B4;EMB48;NIRRIG;D03T;tarde;D03
svm;agrupado;todos;3;teste;772;B1_BR16_IRRIG_REPROD00004.asd;B1;BR16;IRRIG;D04M;manha;D04
svm;agrupado;todos;3;teste;778;B1_BR16_NIRRIG_REPROD00002.asd;B1;BR16;NIRRIG;D04M;manha;D04
svm;agrupado;todos;3;teste;788;B2_BR16_IRRIG_REPROD00004.asd;B2;BR16;IRRIG;D04M;manha;D04
svm;agrupado;todos;3;teste;789;B2_BR16_IRRIG_REPROD00005.asd;B2;BR16;IRRIG;D04M;manha;D04
svm;agrupado;todos;3;teste;790;B2_BR16_IRRIG_REPROD00006.asd;B2;BR16;IRRIG;D04M;manha;D04
svm;agrupado;todos;3;teste;792;B2_BR16_NIRRIG_REPROD00000.asd;B2;BR16;NIRRIG;D04M;manha;D04
svm;agrupado;todos;3;teste;806;B3_BR16_IRRIG_REPROD00006.asd;B3;BR16;IRRIG;D04M;manha;D04
svm;agrupado;todos;3;teste;810;B3_BR16_NIRRIG_REPROD00002.asd;B3;BR16;NIRRIG;D04M;manha;D04
svm;agrupado;todos;3;teste;811;B3_BR16_NIRRIG_REPROD00003.asd;B3;BR16;NIRRIG;D04M;manha;D04
svm;agrupado;todos;3;teste;814;B3_BR16_NIRRIG_REPROD00006.asd;B3;BR16;NIRRIG;D04M;manha;D04
svm;agrupado;todos;3;teste;821;B4_BR16_IRRIG_REPROD00005.asd;B4;BR16;IRRIG;D04M;manha;D04
svm;agrupado;todos;3;teste;822;B4_BR16_IRRIG_REPROD00006.asd;B4;BR16;IRRIG;D04M;manha;D04
svm;agrupado;todos;3;teste;833;B1_CD202_IRRIG_REPROD00001.asd;B1;CD202;IRRIG;D04M;manha;D04
svm;agrupado;todos;3;teste;837;B1_CD202_IRRIG_REPROD00005.asd;B1;CD202;IRRIG;D04M;manha;D04
svm;agrupado;todos;3;teste;844;B1_CD202_NIRRIG_REPROD00004.asd;B1;CD202;NIRRIG;D04M;manha;D04
svm;agrupado;todos;3;teste;847;B1_CD202_NIRRIG_REPROD00007.asd;B1;CD202;NIRRIG;D04M;manha;D04
svm;agrupado;todos;3;teste;858;B2_CD202_NIRRIG_REPROD00002.asd;B2;CD202;NIRRIG;D04M;manha;D04
svm;agrupado;todos;3;teste;863;B2_CD202_NIRRIG_REPROD00007.asd;B2;CD202;NIRRIG;D04M;manha;D04
svm;agrupado;todos;3;teste;864;B3_CD202_IRRIG_REPROD00000.asd;B3;CD202;IRRIG;D04M;manha;D04
svm;agrupado;todos;3;teste;875;B3_CD202_NIRRIG_REPROD00003.asd;B3;CD202;NIRRIG;D04M;manha;D04
svm;agrupado;todos;3;teste;877;B3_CD202_NIRRIG_REPROD00005.asd;B3;CD202;NIRRIG;D04M;manha;D04
svm;agrupado;todos;3;teste;879;B3_CD202_NIRRIG_REPROD00007.asd;B3;CD202;NIRRIG;D04M;manha;D04
svm;agrupado;todos;3;teste;881;B4_CD202_IRRIG_REPROD00001.asd;B4;CD202;IRRIG;D04M;manha;D04
svm;agrupado;todos;3;teste;886;B4_CD202_IRRIG_REPROD00006.asd;B4;CD202;IRRIG;D04M;manha;D04
svm;agrupado;todos;3;teste;889;B4_CD202_NIRRIG_REPROD00001.asd;B4;CD202;NIRRIG;D04M;manha;D04
svm;agrupado;todos;3;teste;902;B1_EMB48_IRRIG_REPROD00006.asd;B1;EMB48;IRRIG;D04M;manha;D04
svm;agrupado;todos;3;teste;905;B1_EMB48_NIRRIG_REPROD00001.asd;B1;EMB48;NIRRIG;D04M;manha;D04
svm;agrupado;todos;3;teste;906;B1_EMB48_NIRRIG_REPROD00002.asd;B1;EMB48;NIRRIG;D04M;manha;D04
svm;agrupado;todos;3;teste;907;B1_EMB48_NIRRIG_REPROD00003.asd;B1;EMB48;NIRRIG;D04M;manha;D04
svm;agrupado;todos;3;teste;908;B1_EMB48_NIRRIG_REPROD00004.asd;B1;EMB48;NIRRIG;D04M;manha;D04
svm;agrupado;todos;3;teste;917;B2_EMB48_IRRIG_REPROD00005.asd;B2;EMB48;IRRIG;D04M;manha;D04
svm;agrupado;todos;3;teste;923;B2_EMB48_NIRRIG_REPROD00003.asd;B2;EMB48;NIRRIG;D04M;manha;D04
svm;agrupado;todos;3;teste;934;B3_EMB48_IRRIG_REPROD00006.asd;B3;EMB48;IRRIG;D04M;manha;D04
svm;agrupado;todos;3;teste;945;B4_EMB48_IRRIG_REPROD00001.asd;B4;EMB48;IRRIG;D04M;manha;D04
svm;agrupado;todos;3;teste;947;B4_EMB48_IRRIG_REPROD00003.asd;B4;EMB48;IRRIG;D04M;manha;D04
svm;agrupado;todos;3;teste;948;B4_EMB48_IRRIG_REPROD00004.asd;B4;EMB48;IRRIG;D04M;manha;D04
svm;agrupado;todos;3;teste;951;B4_EMB48_IRRIG_REPROD00007.asd;B4;EMB48;IRRIG;D04M;manha;D04
svm;agrupado;todos;3;teste;958;B4_EMB48_NIRRIG_REPROD00006.asd;B4;EMB48;NIRRIG;D04M;manha;D04
svm;agrupado;todos;3;teste;964;B1_BR16_IRRIG_REPROD00004.asd;B1;BR16;IRRIG;D05M;manha;D05
svm;agrupado;todos;3;teste;970;B1_BR16_NIRRIG_REPROD00002.asd;B1;BR16;NIRRIG;D05M;manha;D05
svm;agrupado;todos;3;teste;980;B2_BR16_IRRIG_REPROD00004.asd;B2;BR16;IRRIG;D05M;manha;D05
svm;agrupado;todos;3;teste;981;B2_BR16_IRRIG_REPROD00005.asd;B2;BR16;IRRIG;D05M;manha;D05
svm;agrupado;todos;3;teste;982;B2_BR16_IRRIG_REPROD00006.asd;B2;BR16;IRRIG;D05M;manha;D05
svm;agrupado;todos;3;teste;984;B2_BR16_NIRRIG_REPROD00000.asd;B2;BR16;NIRRIG;D05M;manha;D05
svm;agrupado;todos;3;teste;998;B3_BR16_IRRIG_REPROD00006.asd;B3;BR16;IRRIG;D05M;manha;D05
svm;agrupado;todos;3;teste;1002;B3_BR16_NIRRIG_REPROD00002.asd;B3;BR16;NIRRIG;D05M;manha;D05
svm;agrupado;todos;3;teste;1003;B3_BR16_NIRRIG_REPROD00003.asd;B3;BR16;NIRRIG;D05M;manha;D05
svm;agrupado;todos;3;teste;1006;B3_BR16_NIRRIG_REPROD00006.asd;B3;BR16;NIRRIG;D05M;manha;D05
svm;agrupado;todos;3;teste;1013;B4_BR16_IRRIG_REPROD00005.asd;B4;BR16;IRRIG;D05M;manha;D05
svm;agrupado;todos;3;teste;1014;B4_BR16_IRRIG_REPROD00006.asd;B4;BR16;IRRIG;D05M;manha;D05
svm;agrupado;todos;3;teste;1025;B1_CD202_IRRIG_REPROD00001.asd;B1;CD202;IRRIG;D05M;manha;D05
svm;agrupado;todos;3;teste;1029;B1_CD202_IRRIG_REPROD00005.asd;B1;CD202;IRRIG;D05M;manha;D05
svm;agrupado;todos;3;teste;1036;B1_CD202_NIRRIG_REPROD00004.asd;B1;CD202;NIRRIG;D05M;manha;D05
svm;agrupado;todos;3;teste;1039;B1_CD202_NIRRIG_REPROD00007.asd;B1;CD202;NIRRIG;D05M;manha;D05
svm;agrupado;todos;3;teste;1050;B2_CD202_NIRRIG_REPROD00002.asd;B2;CD202;NIRRIG;D05M;manha;D05
svm;agrupado;todos;3;teste;1055;B2_CD202_NIRRIG_REPROD00007.asd;B2;CD202;NIRRIG;D05M;manha;D05
svm;agrupado;todos;3;teste;1056;B3_CD202_IRRIG_REPROD00000.asd;B3;CD202;IRRIG;D05M;manha;D05
svm;agrupado;todos;3;teste;1067;B3_CD202_NIRRIG_REPROD00003.asd;B3;CD202;NIRRIG;D05M;manha;D05
svm;agrupado;todos;3;teste;1069;B3_CD202_NIRRIG_REPROD00005.asd;B3;CD202;NIRRIG;D05M;manha;D05
svm;agrupado;todos;3;teste;1071;B3_CD202_NIRRIG_REPROD00007.asd;B3;CD202;NIRRIG;D05M;manha;D05
svm;agrupado;todos;3;teste;1073;B4_CD202_IRRIG_REPROD00001.asd;B4;CD202;IRRIG;D05M;manha;D05
svm;agrupado;todos;3;teste;1078;B4_CD202_IRRIG_REPROD00006.asd;B4;CD202;IRRIG;D05M;manha;D05
svm;agrupado;todos;3;teste;1081;B4_CD202_NIRRIG_REPROD00001.asd;B4;CD202;NIRRIG;D05M;manha;D05
svm;agrupado;todos;3;teste;1094;B1_EMB48_IRRIG_REPROD00006.asd;B1;EMB48;IRRIG;D05M;manha;D05
svm;agrupado;todos;3;teste;1097;B1_EMB48_NIRRIG_REPROD00001.asd;B1;EMB48;NIRRIG;D05M;manha;D05
svm;agrupado;todos;3;teste;1098;B1_EMB48_NIRRIG_REPROD00002.asd;B1;EMB48;NIRRIG;D05M;manha;D05
svm;agrupado;todos;3;teste;1099;B1_EMB48_NIRRIG_REPROD00003.asd;B1;EMB48;NIRRIG;D05M;manha;D05
svm;agrupado;todos;3;teste;1100;B1_EMB48_NIRRIG_REPROD00004.asd;B1;EMB48;NIRRIG;D05M;manha;D05
svm;agrupado;todos;3;teste;1109;B2_EMB48_IRRIG_REPROD00005.asd;B2;EMB48;IRRIG;D05M;manha;D05
svm;agrupado;todos;3;teste;1115;B2_EMB48_NIRRIG_REPROD00003.asd;B2;EMB48;NIRRIG;D05M;manha;D05
svm;agrupado;todos;3;teste;1126;B3_EMB48_IRRIG_REPROD00006.asd;B3;EMB48;IRRIG;D05M;manha;D05
svm;agrupado;todos;3;teste;1137;B4_EMB48_IRRIG_REPROD00001.asd;B4;EMB48;IRRIG;D05M;manha;D05
svm;agrupado;todos;3;teste;1139;B4_EMB48_IRRIG_REPROD00003.asd;B4;EMB48;IRRIG;D05M;manha;D05
svm;agrupado;todos;3;teste;1140;B4_EMB48_IRRIG_REPROD00004.asd;B4;EMB48;IRRIG;D05M;manha;D05
svm;agrupado;todos;3;teste;1143;B4_EMB48_IRRIG_REPROD00007.asd;B4;EMB48;IRRIG;D05M;manha;D05
svm;agrupado;todos;3;teste;1150;B4_EMB48_NIRRIG_REPROD00006.asd;B4;EMB48;NIRRIG;D05M;manha;D05
svm;agrupado;todos;3;teste;1156;B1_BR16_IRRIG_REPROD00004.asd;B1;BR16;IRRIG;D06M;manha;D06
svm;agrupado;todos;3;teste;1162;B1_BR16_NIRRIG_REPROD00002.asd;B1;BR16;NIRRIG;D06M;manha;D06
svm;agrupado;todos;3;teste;1172;B2_BR16_IRRIG_REPROD00004.asd;B2;BR16;IRRIG;D06M;manha;D06
svm;agrupado;todos;3;teste;1173;B2_BR16_IRRIG_REPROD00005.asd;B2;BR16;IRRIG;D06M;manha;D06
svm;agrupado;todos;3;teste;1174;B2_BR16_IRRIG_REPROD00006.asd;B2;BR16;IRRIG;D06M;manha;D06
svm;agrupado;todos;3;teste;1176;B2_BR16_NIRRIG_REPROD00000.asd;B2;BR16;NIRRIG;D06M;manha;D06
svm;agrupado;todos;3;teste;1190;B3_BR16_IRRIG_REPROD00006.asd;B3;BR16;IRRIG;D06M;manha;D06
svm;agrupado;todos;3;teste;1194;B3_BR16_NIRRIG_REPROD00002.asd;B3;BR16;NIRRIG;D06M;manha;D06
svm;agrupado;todos;3;teste;1195;B3_BR16_NIRRIG_REPROD00003.asd;B3;BR16;NIRRIG;D06M;manha;D06
svm;agrupado;todos;3;teste;1198;B3_BR16_NIRRIG_REPROD00006.asd;B3;BR16;NIRRIG;D06M;manha;D06
svm;agrupado;todos;3;teste;1205;B4_BR16_IRRIG_REPROD00005.asd;B4;BR16;IRRIG;D06M;manha;D06
svm;agrupado;todos;3;teste;1206;B4_BR16_IRRIG_REPROD00006.asd;B4;BR16;IRRIG;D06M;manha;D06
svm;agrupado;todos;3;teste;1217;B1_CD202_IRRIG_REPROD00001.asd;B1;CD202;IRRIG;D06M;manha;D06
svm;agrupado;todos;3;teste;1221;B1_CD202_IRRIG_REPROD00005.asd;B1;CD202;IRRIG;D06M;manha;D06
svm;agrupado;todos;3;teste;1228;B1_CD202_NIRRIG_REPROD00004.asd;B1;CD202;NIRRIG;D06M;manha;D06
svm;agrupado;todos;3;teste;1231;B1_CD202_NIRRIG_REPROD00007.asd;B1;CD202;NIRRIG;D06M;manha;D06
svm;agrupado;todos;3;teste;1242;B2_CD202_NIRRIG_REPROD00002.asd;B2;CD202;NIRRIG;D06M;manha;D06
svm;agrupado;todos;3;teste;1247;B2_CD202_NIRRIG_REPROD00007.asd;B2;CD202;NIRRIG;D06M;manha;D06
svm;agrupado;todos;3;teste;1248;B3_CD202_IRRIG_REPROD00000.asd;B3;CD202;IRRIG;D06M;manha;D06
svm;agrupado;todos;3;teste;1259;B3_CD202_NIRRIG_REPROD00003.asd;B3;CD202;NIRRIG;D06M;manha;D06
svm;agrupado;todos;3;teste;1261;B3_CD202_NIRRIG_REPROD00005.asd;B3;CD202;NIRRIG;D06M;manha;D06
svm;agrupado;todos;3;teste;1263;B3_CD202_NIRRIG_REPROD00007.asd;B3;CD202;NIRRIG;D06M;manha;D06
svm;agrupado;todos;3;teste;1265;B4_CD202_IRRIG_REPROD00001.asd;B4;CD202;IRRIG;D06M;manha;D06
svm;agrupado;todos;3;teste;1270;B4_CD202_IRRIG_REPROD00006.asd;B4;CD202;IRRIG;D06M;manha;D06
svm;agrupado;todos;3;teste;1273;B4_CD202_NIRRIG_REPROD00001.asd;B4;CD202;NIRRIG;D06M;manha;D06
svm;agrupado;todos;3;teste;1286;B1_EMB48_IRRIG_REPROD00006.asd;B1;EMB48;IRRIG;D06M;manha;D06
svm;agrupado;todos;3;teste;1289;B1_EMB48_NIRRIG_REPROD00001.asd;B1;EMB48;NIRRIG;D06M;manha;D06
svm;agrupado;todos;3;teste;1290;B1_EMB48_NIRRIG_REPROD00002.asd;B1;EMB48;NIRRIG;D06M;manha;D06
svm;agrupado;todos;3;teste;1291;B1_EMB48_NIRRIG_REPROD00003.asd;B1;EMB48;NIRRIG;D06M;manha;D06
svm;agrupado;todos;3;teste;1292;B1_EMB48_NIRRIG_REPROD00004.asd;B1;EMB48;NIRRIG;D06M;manha;D06
svm;agrupado;todos;3;teste;1301;B2_EMB48_IRRIG_REPROD00005.asd;B2;EMB48;IRRIG;D06M;manha;D06
svm;agrupado;todos;3;teste;1307;B2_EMB48_NIRRIG_REPROD00003.asd;B2;EMB48;NIRRIG;D06M;manha;D06
svm;agrupado;todos;3;teste;1318;B3_EMB48_IRRIG_REPROD00006.asd;B3;EMB48;IRRIG;D06M;manha;D06
svm;agrupado;todos;3;teste;1329;B4_EMB48_IRRIG_REPROD00001.asd;B4;EMB48;IRRIG;D06M;manha;D06
svm;agrupado;todos;3;teste;1331;B4_EMB48_IRRIG_REPROD00003.asd;B4;EMB48;IRRIG;D06M;manha;D06
svm;agrupado;todos;3;teste;1332;B4_EMB48_IRRIG_REPROD00004.asd;B4;EMB48;IRRIG;D06M;manha;D06
svm;agrupado;todos;3;teste;1335;B4_EMB48_IRRIG_REPROD00007.asd;B4;EMB48;IRRIG;D06M;manha;D06
svm;agrupado;todos;3;teste;1342;B4_EMB48_NIRRIG_REPROD00006.asd;B4;EMB48;NIRRIG;D06M;manha;D06
svm;agrupado;todos;3;teste;1347;B1_BR16_IRR_REP_RECUP00003.asd;B1;BR16;IRRIG;D09M;manha;D09
svm;agrupado;todos;3;teste;1348;B1_BR16_IRR_REP_RECUP00004.asd;B1;BR16;IRRIG;D09M;manha;D09
svm;agrupado;todos;3;teste;1349;B1_BR16_IRR_REP_RECUP00005.asd;B1;BR16;IRRIG;D09M;manha;D09
svm;agrupado;todos;3;teste;1353;B1_BR16_NIRR_REP_RECUP00001.asd;B1;BR16;NIRRIG;D09M;manha;D09
svm;agrupado;todos;3;teste;1357;B1_BR16_NIRR_REP_RECUP00005.asd;B1;BR16;NIRRIG;D09M;manha;D09
svm;agrupado;todos;3;teste;1365;B2_BR16_IRR_REP_RECUP00005.asd;B2;BR16;IRRIG;D09M;manha;D09
svm;agrupado;todos;3;teste;1370;B2_BR16_NIRR_REP_RECUP00002.asd;B2;BR16;NIRRIG;D09M;manha;D09
svm;agrupado;todos;3;teste;1379;B3_BR16_IRR_REP_RECUP00003.asd;B3;BR16;IRRIG;D09M;manha;D09
svm;agrupado;todos;3;teste;1380;B3_BR16_IRR_REP_RECUP00004.asd;B3;BR16;IRRIG;D09M;manha;D09
svm;agrupado;todos;3;teste;1385;B3_BR16_NIRR_REP_RECUP00001.asd;B3;BR16;NIRRIG;D09M;manha;D09
svm;agrupado;todos;3;teste;1391;B3_BR16_NIRR_REP_RECUP00007.asd;B3;BR16;NIRRIG;D09M;manha;D09
svm;agrupado;todos;3;teste;1394;B4_BR16_IRR_REP_RECUP00002.asd;B4;BR16;IRRIG;D09M;manha;D09
svm;agrupado;todos;3;teste;1406;B4_BR16_NIRR_REP_RECUP00006.asd;B4;BR16;NIRRIG;D09M;manha;D09
svm;agrupado;todos;3;teste;1410;B1_CD202_IRR_REP_RECUP00002.asd;B1;CD202;IRRIG;D09M;manha;D09
svm;agrupado;todos;3;teste;1424;B1_CD202_NIRR_REP_RECUP00004.asd;B1;CD202;NIRRIG;D09M;manha;D09
svm;agrupado;todos;3;teste;1433;B2_CD202_IRR_REP_RECUP00005.asd;B2;CD202;IRRIG;D09M;manha;D09
svm;agrupado;todos;3;teste;1434;B2_CD202_IRR_REP_RECUP00006.asd;B2;CD202;IRRIG;D09M;manha;D09
svm;agrupado;todos;3;teste;1436;B2_CD202_NIRR_REP_RECUP00000.asd;B2;CD202;NIRRIG;D09M;manha;D09
svm;agrupado;todos;3;teste;1438;B2_CD202_NIRR_REP_RECUP00002.asd;B2;CD202;NIRRIG;D09M;manha;D09
svm;agrupado;todos;3;teste;1452;B3_CD202_NIRR_REP_RECUP00000.asd;B3;CD202;NIRRIG;D09M;manha;D09
svm;agrupado;todos;3;teste;1456;B3_CD202_NIRR_REP_RECUP00004.asd;B3;CD202;NIRRIG;D09M;manha;D09
svm;agrupado;todos;3;teste;1457;B3_CD202_NIRR_REP_RECUP00005.asd;B3;CD202;NIRRIG;D09M;manha;D09
svm;agrupado;todos;3;teste;1461;B4_CD202_IRR_REP_RECUP00001.asd;B4;CD202;IRRIG;D09M;manha;D09
svm;agrupado;todos;3;teste;1467;B4_CD202_IRR_REP_RECUP00007.asd;B4;CD202;IRRIG;D09M;manha;D09
svm;agrupado;todos;3;teste;1486;B1_EMB48_NIRR_REP_RECUP00002.asd;B1;EMB48;NIRRIG;D09M;manha;D09
svm;agrupado;todos;3;teste;1487;B1_EMB48_NIRR_REP_RECUP00003.asd;B1;EMB48;NIRRIG;D09M;manha;D09
svm;agrupado;todos;3;teste;1489;B1_EMB48_NIRR_REP_RECUP00005.asd;B1;EMB48;NIRRIG;D09M;manha;D09
svm;agrupado;todos;3;teste;1494;B2_EMB48_IRR_REP_RECUP00002.asd;B2;EMB48;IRRIG;D09M;manha;D09
svm;agrupado;todos;3;teste;1497;B2_EMB48_IRR_REP_RECUP00005.asd;B2;EMB48;IRRIG;D09M;manha;D09
svm;agrupado;todos;3;teste;1499;B2_EMB48_IRR_REP_RECUP00007.asd;B2;EMB48;IRRIG;D09M;manha;D09
svm;agrupado;todos;3;teste;1502;B2_EMB48_NIRR_REP_RECUP00002.asd;B2;EMB48;NIRRIG;D09M;manha;D09
svm;agrupado;todos;3;teste;1503;B2_EMB48_NIRR_REP_RECUP00003.asd;B2;EMB48;NIRRIG;D09M;manha;D09
svm;agrupado;todos;3;teste;1507;B2_EMB48_NIRR_REP_RECUP00011.asd;B2;EMB48;NIRRIG;D09M;manha;D09
svm;agrupado;todos;3;teste;1508;B3_EMB48_IRR_REP_RECUP00000.asd;B3;EMB48;IRRIG;D09M;manha;D09
svm;agrupado;todos;3;teste;1512;B3_EMB48_IRR_REP_RECUP00004.asd;B3;EMB48;IRRIG;D09M;manha;D09
svm;agrupado;todos;3;teste;1513;B3_EMB48_IRR_REP_RECUP00005.asd;B3;EMB48;IRRIG;D09M;manha;D09
svm;agrupado;todos;3;teste;1524;B4_EMB48_IRR_REP_RECUP00000.asd;B4;EMB48;IRRIG;D09M;manha;D09
svm;agrupado;todos;3;teste;1530;B4_EMB48_IRR_REP_RECUP00006.asd;B4;EMB48;IRRIG;D09M;manha;D09
svm;agrupado;todos;3;teste;1532;B4_EMB48_NIRR_REP_RECUP00000.asd;B4;EMB48;NIRRIG;D09M;manha;D09
svm;agrupado;todos;3;teste;1543;B1_BR16_IRR_REP_RECUP00003.asd;B1;BR16;IRRIG;D09T;tarde;D09
svm;agrupado;todos;3;teste;1544;B1_BR16_IRR_REP_RECUP00004.asd;B1;BR16;IRRIG;D09T;tarde;D09
svm;agrupado;todos;3;teste;1545;B1_BR16_IRR_REP_RECUP00005.asd;B1;BR16;IRRIG;D09T;tarde;D09
svm;agrupado;todos;3;teste;1549;B1_BR16_NIRR_REP_RECUP00001.asd;B1;BR16;NIRRIG;D09T;tarde;D09
svm;agrupado;todos;3;teste;1553;B1_BR16_NIRR_REP_RECUP00005.asd;B1;BR16;NIRRIG;D09T;tarde;D09
svm;agrupado;todos;3;teste;1561;B2_BR16_IRR_REP_RECUP00005.asd;B2;BR16;IRRIG;D09T;tarde;D09
svm;agrupado;todos;3;teste;1564;B2_BR16_NIRR_REP_RECUP00008.asd;B2;BR16;NIRRIG;D09T;tarde;D09
svm;agrupado;todos;3;teste;1575;B3_BR16_IRR_REP_RECUP00003.asd;B3;BR16;IRRIG;D09T;tarde;D09
svm;agrupado;todos;3;teste;1576;B3_BR16_IRR_REP_RECUP00004.asd;B3;BR16;IRRIG;D09T;tarde;D09
svm;agrupado;todos;3;teste;1581;B3_BR16_NIRR_REP_RECUP00001.asd;B3;BR16;NIRRIG;D09T;tarde;D09
svm;agrupado;todos;3;teste;1587;B3_BR16_NIRR_REP_RECUP00007.asd;B3;BR16;NIRRIG;D09T;tarde;D09
svm;agrupado;todos;3;teste;1590;B4_BR16_IRR_REP_RECUP00002.asd;B4;BR16;IRRIG;D09T;tarde;D09
svm;agrupado;todos;3;teste;1602;B4_BR16_NIRR_REP_RECUP00006.asd;B4;BR16;NIRRIG;D09T;tarde;D09
svm;agrupado;todos;3;teste;1606;B1_CD202_IRR_REP_RECUP00002.asd;B1;CD202;IRRIG;D09T;tarde;D09
svm;agrupado;todos;3;teste;1616;B1_CD202_NIRR_REP_RECUP00004.asd;B1;CD202;NIRRIG;D09T;tarde;D09
svm;agrupado;todos;3;teste;1625;B2_CD202_IRR_REP_RECUP00005.asd;B2;CD202;IRRIG;D09T;tarde;D09
svm;agrupado;todos;3;teste;1626;B2_CD202_IRR_REP_RECUP00006.asd;B2;CD202;IRRIG;D09T;tarde;D09
svm;agrupado;todos;3;teste;1628;B2_CD202_NIRR_REP_RECUP00000.asd;B2;CD202;NIRRIG;D09T;tarde;D09
svm;agrupado;todos;3;teste;1630;B2_CD202_NIRR_REP_RECUP00002.asd;B2;CD202;NIRRIG;D09T;tarde;D09
svm;agrupado;todos;3;teste;1644;B3_CD202_NIRR_REP_RECUP00000.asd;B3;CD202;NIRRIG;D09T;tarde;D09
svm;agrupado;todos;3;teste;1648;B3_CD202_NIRR_REP_RECUP00004.asd;B3;CD202;NIRRIG;D09T;tarde;D09
svm;agrupado;todos;3;teste;1649;B3_CD202_NIRR_REP_RECUP00005.asd;B3;CD202;NIRRIG;D09T;tarde;D09
svm;agrupado;todos;3;teste;1653;B4_CD202_IRR_REP_RECUP00001.asd;B4;CD202;IRRIG;D09T;tarde;D09
svm;agrupado;todos;3;teste;1659;B4_CD202_IRR_REP_RECUP00007.asd;B4;CD202;IRRIG;D09T;tarde;D09
svm;agrupado;todos;3;teste;1678;B1_EMB48_NIRR_REP_RECUP00002.asd;B1;EMB48;NIRRIG;D09T;tarde;D09
svm;agrupado;todos;3;teste;1679;B1_EMB48_NIRR_REP_RECUP00003.asd;B1;EMB48;NIRRIG;D09T;tarde;D09
svm;agrupado;todos;3;teste;1681;B1_EMB48_NIRR_REP_RECUP00005.asd;B1;EMB48;NIRRIG;D09T;tarde;D09
svm;agrupado;todos;3;teste;1686;B2_EMB48_IRR_REP_RECUP00002.asd;B2;EMB48;IRRIG;D09T;tarde;D09
svm;agrupado;todos;3;teste;1689;B2_EMB48_IRR_REP_RECUP00005.asd;B2;EMB48;IRRIG;D09T;tarde;D09
svm;agrupado;todos;3;teste;1691;B2_EMB48_IRR_REP_RECUP00007.asd;B2;EMB48;IRRIG;D09T;tarde;D09
svm;agrupado;todos;3;teste;1694;B2_EMB48_NIRR_REP_RECUP00002.asd;B2;EMB48;NIRRIG;D09T;tarde;D09
svm;agrupado;todos;3;teste;1695;B2_EMB48_NIRR_REP_RECUP00003.asd;B2;EMB48;NIRRIG;D09T;tarde;D09
svm;agrupado;todos;3;teste;1696;B2_EMB48_NIRR_REP_RECUP00004.asd;B2;EMB48;NIRRIG;D09T;tarde;D09
svm;agrupado;todos;3;teste;1697;B2_EMB48_NIRR_REP_RECUP00005.asd;B2;EMB48;NIRRIG;D09T;tarde;D09
svm;agrupado;todos;3;teste;1700;B3_EMB48_IRR_REP_RECUP00000.asd;B3;EMB48;IRRIG;D09T;tarde;D09
svm;agrupado;todos;3;teste;1704;B3_EMB48_IRR_REP_RECUP00004.asd;B3;EMB48;IRRIG;D09T;tarde;D09
svm;agrupado;todos;3;teste;1705;B3_EMB48_IRR_REP_RECUP00005.asd;B3;EMB48;IRRIG;D09T;tarde;D09
svm;agrupado;todos;3;teste;1716;B4_EMB48_IRR_REP_RECUP00000.asd;B4;EMB48;IRRIG;D09T;tarde;D09
svm;agrupado;todos;3;teste;1722;B4_EMB48_IRR_REP_RECUP00006.asd;B4;EMB48;IRRIG;D09T;tarde;D09
svm;agrupado;todos;3;teste;1724;B4_EMB48_NIRR_REP_RECUP00000.asd;B4;EMB48;NIRRIG;D09T;tarde;D09
svm;agrupado;todos;3;teste;1735;B1_BR16_IRR_REP_RECUP00003.asd;B1;BR16;IRRIG;D10M;manha;D10
svm;agrupado;todos;3;teste;1736;B1_BR16_IRR_REP_RECUP00004.asd;B1;BR16;IRRIG;D10M;manha;D10
svm;agrupado;todos;3;teste;1737;B1_BR16_IRR_REP_RECUP00005.asd;B1;BR16;IRRIG;D10M;manha;D10
svm;agrupado;todos;3;teste;1741;B1_BR16_NIRR_REP_RECUP00001.asd;B1;BR16;NIRRIG;D10M;manha;D10
svm;agrupado;todos;3;teste;1745;B1_BR16_NIRR_REP_RECUP00005.asd;B1;BR16;NIRRIG;D10M;manha;D10
svm;agrupado;todos;3;teste;1750;B1_CD202_IRR_REP_RECUP00002.asd;B1;CD202;IRRIG;D10M;manha;D10
svm;agrupado;todos;3;teste;1760;B1_CD202_NIRR_REP_RECUP00004.asd;B1;CD202;NIRRIG;D10M;manha;D10
svm;agrupado;todos;3;teste;1774;B1_EMB48_NIRR_REP_RECUP00002.asd;B1;EMB48;NIRRIG;D10M;manha;D10
svm;agrupado;todos;3;teste;1775;B1_EMB48_NIRR_REP_RECUP00003.asd;B1;EMB48;NIRRIG;D10M;manha;D10
svm;agrupado;todos;3;teste;1777;B1_EMB48_NIRR_REP_RECUP00005.asd;B1;EMB48;NIRRIG;D10M;manha;D10
svm;agrupado;todos;3;teste;1785;B2_BR16_IRR_REP_RECUP00005.asd;B2;BR16;IRRIG;D10M;manha;D10
svm;agrupado;todos;3;teste;1790;B2_BR16_NIRR_REP_RECUP00002.asd;B2;BR16;NIRRIG;D10M;manha;D10
svm;agrupado;todos;3;teste;1801;B2_CD202_IRR_REP_RECUP00005.asd;B2;CD202;IRRIG;D10M;manha;D10
svm;agrupado;todos;3;teste;1802;B2_CD202_IRR_REP_RECUP00006.asd;B2;CD202;IRRIG;D10M;manha;D10
svm;agrupado;todos;3;teste;1806;B2_CD202_NIRR_REP_RECUP00010.asd;B2;CD202;NIRRIG;D10M;manha;D10
svm;agrupado;todos;3;teste;1811;B2_CD202_NIRR_REP_RECUP00015.asd;B2;CD202;NIRRIG;D10M;manha;D10
svm;agrupado;todos;3;teste;1814;B2_EMB48_IRR_REP_RECUP00002.asd;B2;EMB48;IRRIG;D10M;manha;D10
svm;agrupado;todos;3;teste;1817;B2_EMB48_IRR_REP_RECUP00005.asd;B2;EMB48;IRRIG;D10M;manha;D10
svm;agrupado;todos;3;teste;1819;B2_EMB48_IRR_REP_RECUP00007.asd;B2;EMB48;IRRIG;D10M;manha;D10
svm;agrupado;todos;3;teste;1822;B2_EMB48_NIRR_REP_RECUP00002.asd;B2;EMB48;NIRRIG;D10M;manha;D10
svm;agrupado;todos;3;teste;1823;B2_EMB48_NIRR_REP_RECUP00003.asd;B2;EMB48;NIRRIG;D10M;manha;D10
svm;agrupado;todos;3;teste;1824;B2_EMB48_NIRR_REP_RECUP00004.asd;B2;EMB48;NIRRIG;D10M;manha;D10
svm;agrupado;todos;3;teste;1825;B2_EMB48_NIRR_REP_RECUP00005.asd;B2;EMB48;NIRRIG;D10M;manha;D10
svm;agrupado;todos;3;teste;1831;B3_BR16_IRR_REP_RECUP00003.asd;B3;BR16;IRRIG;D10M;manha;D10
svm;agrupado;todos;3;teste;1832;B3_BR16_IRR_REP_RECUP00004.asd;B3;BR16;IRRIG;D10M;manha;D10
svm;agrupado;todos;3;teste;1837;B3_BR16_NIRR_REP_RECUP00001.asd;B3;BR16;NIRRIG;D10M;manha;D10
svm;agrupado;todos;3;teste;1843;B3_BR16_NIRR_REP_RECUP00007.asd;B3;BR16;NIRRIG;D10M;manha;D10
svm;agrupado;todos;3;teste;1852;B3_CD202_NIRR_REP_RECUP00000.asd;B3;CD202;NIRRIG;D10M;manha;D10
svm;agrupado;todos;3;teste;1856;B3_CD202_NIRR_REP_RECUP00004.asd;B3;CD202;NIRRIG;D10M;manha;D10
svm;agrupado;todos;3;teste;1857;B3_CD202_NIRR_REP_RECUP00005.asd;B3;CD202;NIRRIG;D10M;manha;D10
svm;agrupado;todos;3;teste;1860;B3_EMB48_IRR_REP_RECUP00000.asd;B3;EMB48;IRRIG;D10M;manha;D10
svm;agrupado;todos;3;teste;1864;B3_EMB48_IRR_REP_RECUP00004.asd;B3;EMB48;IRRIG;D10M;manha;D10
svm;agrupado;todos;3;teste;1865;B3_EMB48_IRR_REP_RECUP00005.asd;B3;EMB48;IRRIG;D10M;manha;D10
svm;agrupado;todos;3;teste;1878;B4_BR16_IRR_REP_RECUP00002.asd;B4;BR16;IRRIG;D10M;manha;D10
svm;agrupado;todos;3;teste;1890;B4_BR16_NIRR_REP_RECUP00006.asd;B4;BR16;NIRRIG;D10M;manha;D10
svm;agrupado;todos;3;teste;1893;B4_CD202_IRR_REP_RECUP00001.asd;B4;CD202;IRRIG;D10M;manha;D10
svm;agrupado;todos;3;teste;1899;B4_CD202_IRR_REP_RECUP00007.asd;B4;CD202;IRRIG;D10M;manha;D10
svm;agrupado;todos;3;teste;1908;B4_EMB48_IRR_REP_RECUP00000.asd;B4;EMB48;IRRIG;D10M;manha;D10
svm;agrupado;todos;3;teste;1914;B4_EMB48_IRR_REP_RECUP00006.asd;B4;EMB48;IRRIG;D10M;manha;D10
svm;agrupado;todos;3;teste;1916;B4_EMB48_NIRR_REP_RECUP00000.asd;B4;EMB48;NIRRIG;D10M;manha;D10
svm;agrupado;todos;4;treino;2;B1_BR16_IRRIG_REPROD00002.asd;B1;BR16;IRRIG;D02M;manha;D02
svm;agrupado;todos;4;treino;3;B1_BR16_IRRIG_REPROD00003.asd;B1;BR16;IRRIG;D02M;manha;D02
svm;agrupado;todos;4;treino;4;B1_BR16_IRRIG_REPROD00004.asd;B1;BR16;IRRIG;D02M;manha;D02
svm;agrupado;todos;4;treino;5;B1_BR16_IRRIG_REPROD00005.asd;B1;BR16;IRRIG;D02M;manha;D02
svm;agrupado;todos;4;treino;7;B1_BR16_IRRIG_REPROD00007.asd;B1;BR16;IRRIG;D02M;manha;D02
svm;agrupado;todos;4;treino;8;B1_BR16_NIRRIG_REPROD00000.asd;B1;BR16;NIRRIG;D02M;manha;D02
svm;agrupado;todos;4;treino;10;B1_BR16_NIRRIG_REPROD00002.asd;B1;BR16;NIRRIG;D02M;manha;D02
svm;agrupado;todos;4;treino;11;B1_BR16_NIRRIG_REPROD00003.asd;B1;BR16;NIRRIG;D02M;manha;D02
svm;agrupado;todos;4;treino;12;B1_BR16_NIRRIG_REPROD00004.asd;B1;BR16;NIRRIG;D02M;manha;D02
svm;agrupado;todos;4;treino;13;B1_BR16_NIRRIG_REPROD00005.asd;B1;BR16;NIRRIG;D02M;manha;D02
svm;agrupado;todos;4;treino;14;B1_BR16_NIRRIG_REPROD00006.asd;B1;BR16;NIRRIG;D02M;manha;D02
svm;agrupado;todos;4;treino;15;B1_BR16_NIRRIG_REPROD00007.asd;B1;BR16;NIRRIG;D02M;manha;D02
svm;agrupado;todos;4;treino;16;B2_BR16_IRRIG_REPROD00000.asd;B2;BR16;IRRIG;D02M;manha;D02
svm;agrupado;todos;4;treino;17;B2_BR16_IRRIG_REPROD00001.asd;B2;BR16;IRRIG;D02M;manha;D02
svm;agrupado;todos;4;treino;18;B2_BR16_IRRIG_REPROD00002.asd;B2;BR16;IRRIG;D02M;manha;D02
svm;agrupado;todos;4;treino;19;B2_BR16_IRRIG_REPROD00003.asd;B2;BR16;IRRIG;D02M;manha;D02
svm;agrupado;todos;4;treino;20;B2_BR16_IRRIG_REPROD00004.asd;B2;BR16;IRRIG;D02M;manha;D02
svm;agrupado;todos;4;treino;21;B2_BR16_IRRIG_REPROD00005.asd;B2;BR16;IRRIG;D02M;manha;D02
svm;agrupado;todos;4;treino;22;B2_BR16_IRRIG_REPROD00006.asd;B2;BR16;IRRIG;D02M;manha;D02
svm;agrupado;todos;4;treino;24;B2_BR16_NIRRIG_REPROD00000.asd;B2;BR16;NIRRIG;D02M;manha;D02
svm;agrupado;todos;4;treino;26;B2_BR16_NIRRIG_REPROD00002.asd;B2;BR16;NIRRIG;D02M;manha;D02
svm;agrupado;todos;4;treino;28;B2_BR16_NIRRIG_REPROD00004.asd;B2;BR16;NIRRIG;D02M;manha;D02
svm;agrupado;todos;4;treino;29;B2_BR16_NIRRIG_REPROD00005.asd;B2;BR16;NIRRIG;D02M;manha;D02
svm;agrupado;todos;4;treino;30;B2_BR16_NIRRIG_REPROD00006.asd;B2;BR16;NIRRIG;D02M;manha;D02
svm;agrupado;todos;4;treino;33;B3_BR16_IRRIG_REPROD00001.asd;B3;BR16;IRRIG;D02M;manha;D02
svm;agrupado;todos;4;treino;34;B3_BR16_IRRIG_REPROD00002.asd;B3;BR16;IRRIG;D02M;manha;D02
svm;agrupado;todos;4;treino;37;B3_BR16_IRRIG_REPROD00005.asd;B3;BR16;IRRIG;D02M;manha;D02
svm;agrupado;todos;4;treino;38;B3_BR16_IRRIG_REPROD00006.asd;B3;BR16;IRRIG;D02M;manha;D02
svm;agrupado;todos;4;treino;39;B3_BR16_IRRIG_REPROD00007.asd;B3;BR16;IRRIG;D02M;manha;D02
svm;agrupado;todos;4;treino;41;B3_BR16_NIRRIG_REPROD00001.asd;B3;BR16;NIRRIG;D02M;manha;D02
svm;agrupado;todos;4;treino;42;B3_BR16_NIRRIG_REPROD00002.asd;B3;BR16;NIRRIG;D02M;manha;D02
svm;agrupado;todos;4;treino;43;B3_BR16_NIRRIG_REPROD00003.asd;B3;BR16;NIRRIG;D02M;manha;D02
svm;agrupado;todos;4;treino;44;B3_BR16_NIRRIG_REPROD00004.asd;B3;BR16;NIRRIG;D02M;manha;D02
svm;agrupado;todos;4;treino;45;B3_BR16_NIRRIG_REPROD00005.asd;B3;BR16;NIRRIG;D02M;manha;D02
svm;agrupado;todos;4;treino;46;B3_BR16_NIRRIG_REPROD00006.asd;B3;BR16;NIRRIG;D02M;manha;D02
svm;agrupado;todos;4;treino;47;B3_BR16_NIRRIG_REPROD00007.asd;B3;BR16;NIRRIG;D02M;manha;D02
svm;agrupado;todos;4;treino;49;B4_BR16_IRRIG_REPROD00001.asd;B4;BR16;IRRIG;D02M;manha;D02
svm;agrupado;todos;4;treino;50;B4_BR16_IRRIG_REPROD00002.asd;B4;BR16;IRRIG;D02M;manha;D02
svm;agrupado;todos;4;treino;51;B4_BR16_IRRIG_REPROD00003.asd;B4;BR16;IRRIG;D02M;manha;D02
svm;agrupado;todos;4;treino;53;B4_BR16_IRRIG_REPROD00005.asd;B4;BR16;IRRIG;D02M;manha;D02
svm;agrupado;todos;4;treino;54;B4_BR16_IRRIG_REPROD00006.asd;B4;BR16;IRRIG;D02M;manha;D02
svm;agrupado;todos;4;treino;55;B4_BR16_IRRIG_REPROD00007.asd;B4;BR16;IRRIG;D02M;manha;D02
svm;agrupado;todos;4;treino;56;B4_BR16_NIRRIG_REPROD00000.asd;B4;BR16;NIRRIG;D02M;manha;D02
svm;agrupado;todos;4;treino;57;B4_BR16_NIRRIG_REPROD00001.asd;B4;BR16;NIRRIG;D02M;manha;D02
svm;agrupado;todos;4;treino;59;B4_BR16_NIRRIG_REPROD00003.asd;B4;BR16;NIRRIG;D02M;manha;D02
svm;agrupado;todos;4;treino;60;B4_BR16_NIRRIG_REPROD00004.asd;B4;BR16;NIRRIG;D02M;manha;D02
svm;agrupado;todos;4;treino;61;B4_BR16_NIRRIG_REPROD00005.asd;B4;BR16;NIRRIG;D02M;manha;D02
svm;agrupado;todos;4;treino;63;B4_BR16_NIRRIG_REPROD00007.asd;B4;BR16;NIRRIG;D02M;manha;D02
svm;agrupado;todos;4;treino;64;B1_CD202_IRRIG_REPROD00000.asd;B1;CD202;IRRIG;D02M;manha;D02
svm;agrupado;todos;4;treino;65;B1_CD202_IRRIG_REPROD00001.asd;B1;CD202;IRRIG;D02M;manha;D02
svm;agrupado;todos;4;treino;66;B1_CD202_IRRIG_REPROD00002.asd;B1;CD202;IRRIG;D02M;manha;D02
svm;agrupado;todos;4;treino;67;B1_CD202_IRRIG_REPROD00003.asd;B1;CD202;IRRIG;D02M;manha;D02
svm;agrupado;todos;4;treino;68;B1_CD202_IRRIG_REPROD00004.asd;B1;CD202;IRRIG;D02M;manha;D02
svm;agrupado;todos;4;treino;69;B1_CD202_IRRIG_REPROD00005.asd;B1;CD202;IRRIG;D02M;manha;D02
svm;agrupado;todos;4;treino;70;B1_CD202_IRRIG_REPROD00006.asd;B1;CD202;IRRIG;D02M;manha;D02
svm;agrupado;todos;4;treino;72;B1_CD202_NIRRIG_REPROD00000.asd;B1;CD202;NIRRIG;D02M;manha;D02
svm;agrupado;todos;4;treino;73;B1_CD202_NIRRIG_REPROD00001.asd;B1;CD202;NIRRIG;D02M;manha;D02
svm;agrupado;todos;4;treino;74;B1_CD202_NIRRIG_REPROD00002.asd;B1;CD202;NIRRIG;D02M;manha;D02
svm;agrupado;todos;4;treino;75;B1_CD202_NIRRIG_REPROD00003.asd;B1;CD202;NIRRIG;D02M;manha;D02
svm;agrupado;todos;4;treino;76;B1_CD202_NIRRIG_REPROD00004.asd;B1;CD202;NIRRIG;D02M;manha;D02
svm;agrupado;todos;4;treino;78;B1_CD202_NIRRIG_REPROD00006.asd;B1;CD202;NIRRIG;D02M;manha;D02
svm;agrupado;todos;4;treino;79;B1_CD202_NIRRIG_REPROD00007.asd;B1;CD202;NIRRIG;D02M;manha;D02
svm;agrupado;todos;4;treino;80;B2_CD202_IRRIG_REPROD00000.asd;B2;CD202;IRRIG;D02M;manha;D02
svm;agrupado;todos;4;treino;81;B2_CD202_IRRIG_REPROD00001.asd;B2;CD202;IRRIG;D02M;manha;D02
svm;agrupado;todos;4;treino;82;B2_CD202_IRRIG_REPROD00002.asd;B2;CD202;IRRIG;D02M;manha;D02
svm;agrupado;todos;4;treino;83;B2_CD202_IRRIG_REPROD00003.asd;B2;CD202;IRRIG;D02M;manha;D02
svm;agrupado;todos;4;treino;86;B2_CD202_IRRIG_REPROD00006.asd;B2;CD202;IRRIG;D02M;manha;D02
svm;agrupado;todos;4;treino;89;B2_CD202_NIRRIG_REPROD00001.asd;B2;CD202;NIRRIG;D02M;manha;D02
svm;agrupado;todos;4;treino;90;B2_CD202_NIRRIG_REPROD00002.asd;B2;CD202;NIRRIG;D02M;manha;D02
svm;agrupado;todos;4;treino;91;B2_CD202_NIRRIG_REPROD00003.asd;B2;CD202;NIRRIG;D02M;manha;D02
svm;agrupado;todos;4;treino;92;B2_CD202_NIRRIG_REPROD00004.asd;B2;CD202;NIRRIG;D02M;manha;D02
svm;agrupado;todos;4;treino;93;B2_CD202_NIRRIG_REPROD00005.asd;B2;CD202;NIRRIG;D02M;manha;D02
svm;agrupado;todos;4;treino;94;B2_CD202_NIRRIG_REPROD00006.asd;B2;CD202;NIRRIG;D02M;manha;D02
svm;agrupado;todos;4;treino;95;B2_CD202_NIRRIG_REPROD00007.asd;B2;CD202;NIRRIG;D02M;manha;D02
svm;agrupado;todos;4;treino;96;B3_CD202_IRRIG_REPROD00000.asd;B3;CD202;IRRIG;D02M;manha;D02
svm;agrupado;todos;4;treino;97;B3_CD202_IRRIG_REPROD00001.asd;B3;CD202;IRRIG;D02M;manha;D02
svm;agrupado;todos;4;treino;98;B3_CD202_IRRIG_REPROD00002.asd;B3;CD202;IRRIG;D02M;manha;D02
svm;agrupado;todos;4;treino;99;B3_CD202_IRRIG_REPROD00003.asd;B3;CD202;IRRIG;D02M;manha;D02
svm;agrupado;todos;4;treino;100;B3_CD202_IRRIG_REPROD00004.asd;B3;CD202;IRRIG;D02M;manha;D02
svm;agrupado;todos;4;treino;101;B3_CD202_IRRIG_REPROD00005.asd;B3;CD202;IRRIG;D02M;manha;D02
svm;agrupado;todos;4;treino;102;B3_CD202_IRRIG_REPROD00006.asd;B3;CD202;IRRIG;D02M;manha;D02
svm;agrupado;todos;4;treino;103;B3_CD202_IRRIG_REPROD00007.asd;B3;CD202;IRRIG;D02M;manha;D02
svm;agrupado;todos;4;treino;105;B3_CD202_NIRRIG_REPROD00001.asd;B3;CD202;NIRRIG;D02M;manha;D02
svm;agrupado;todos;4;treino;106;B3_CD202_NIRRIG_REPROD00002.asd;B3;CD202;NIRRIG;D02M;manha;D02
svm;agrupado;todos;4;treino;107;B3_CD202_NIRRIG_REPROD00003.asd;B3;CD202;NIRRIG;D02M;manha;D02
svm;agrupado;todos;4;treino;108;B3_CD202_NIRRIG_REPROD00004.asd;B3;CD202;NIRRIG;D02M;manha;D02
svm;agrupado;todos;4;treino;109;B3_CD202_NIRRIG_REPROD00005.asd;B3;CD202;NIRRIG;D02M;manha;D02
svm;agrupado;todos;4;treino;111;B3_CD202_NIRRIG_REPROD00007.asd;B3;CD202;NIRRIG;D02M;manha;D02
svm;agrupado;todos;4;treino;113;B4_CD202_IRRIG_REPROD00001.asd;B4;CD202;IRRIG;D02M;manha;D02
svm;agrupado;todos;4;treino;114;B4_CD202_IRRIG_REPROD00002.asd;B4;CD202;IRRIG;D02M;manha;D02
svm;agrupado;todos;4;treino;115;B4_CD202_IRRIG_REPROD00003.asd;B4;CD202;IRRIG;D02M;manha;D02
svm;agrupado;todos;4;treino;117;B4_CD202_IRRIG_REPROD00005.asd;B4;CD202;IRRIG;D02M;manha;D02
svm;agrupado;todos;4;treino;118;B4_CD202_IRRIG_REPROD00006.asd;B4;CD202;IRRIG;D02M;manha;D02
svm;agrupado;todos;4;treino;119;B4_CD202_IRRIG_REPROD00007.asd;B4;CD202;IRRIG;D02M;manha;D02
svm;agrupado;todos;4;treino;120;B4_CD202_NIRRIG_REPROD00000.asd;B4;CD202;NIRRIG;D02M;manha;D02
svm;agrupado;todos;4;treino;121;B4_CD202_NIRRIG_REPROD00001.asd;B4;CD202;NIRRIG;D02M;manha;D02
svm;agrupado;todos;4;treino;122;B4_CD202_NIRRIG_REPROD00002.asd;B4;CD202;NIRRIG;D02M;manha;D02
svm;agrupado;todos;4;treino;125;B4_CD202_NIRRIG_REPROD00005.asd;B4;CD202;NIRRIG;D02M;manha;D02
svm;agrupado;todos;4;treino;127;B4_CD202_NIRRIG_REPROD00007.asd;B4;CD202;NIRRIG;D02M;manha;D02
svm;agrupado;todos;4;treino;128;B3_EMB48_IRRIG_REPROD00000.asd;B3;EMB48;IRRIG;D02M;manha;D02
svm;agrupado;todos;4;treino;129;B4_EMB48_IRRIG_REPROD00000.asd;B4;EMB48;IRRIG;D02M;manha;D02
svm;agrupado;todos;4;treino;130;B4_EMB48_IRRIG_REPROD00001.asd;B4;EMB48;IRRIG;D02M;manha;D02
svm;agrupado;todos;4;treino;131;B4_EMB48_IRRIG_REPROD00002.asd;B4;EMB48;IRRIG;D02M;manha;D02
svm;agrupado;todos;4;treino;132;B4_EMB48_IRRIG_REPROD00003.asd;B4;EMB48;IRRIG;D02M;manha;D02
svm;agrupado;todos;4;treino;133;B4_EMB48_IRRIG_REPROD00004.asd;B4;EMB48;IRRIG;D02M;manha;D02
svm;agrupado;todos;4;treino;134;B4_EMB48_IRRIG_REPROD00005.asd;B4;EMB48;IRRIG;D02M;manha;D02
svm;agrupado;todos;4;treino;135;B4_EMB48_IRRIG_REPROD00006.asd;B4;EMB48;IRRIG;D02M;manha;D02
svm;agrupado;todos;4;treino;136;B4_EMB48_IRRIG_REPROD00007.asd;B4;EMB48;IRRIG;D02M;manha;D02
svm;agrupado;todos;4;treino;137;B3_EMB48_IRRIG_REPROD00001.asd;B3;EMB48;IRRIG;D02M;manha;D02
svm;agrupado;todos;4;treino;138;B4_EMB48_NIRRIG_REPROD00000.asd;B4;EMB48;NIRRIG;D02M;manha;D02
svm;agrupado;todos;4;treino;139;B3_EMB48_IRRIG_REPROD00002.asd;B3;EMB48;IRRIG;D02M;manha;D02
svm;agrupado;todos;4;treino;140;B4_EMB48_NIRRIG_REPROD00001.asd;B4;EMB48;NIRRIG;D02M;manha;D02
svm;agrupado;todos;4;treino;142;B4_EMB48_NIRRIG_REPROD00002.asd;B4;EMB48;NIRRIG;D02M;manha;D02
svm;agrupado;todos;4;treino;143;B3_EMB48_IRRIG_REPROD00004.asd;B3;EMB48;IRRIG;D02M;manha;D02
svm;agrupado;todos;4;treino;144;B4_EMB48_NIRRIG_REPROD00003.asd;B4;EMB48;NIRRIG;D02M;manha;D02
svm;agrupado;todos;4;treino;146;B4_EMB48_NIRRIG_REPROD00004.asd;B4;EMB48;NIRRIG;D02M;manha;D02
svm;agrupado;todos;4;treino;147;B3_EMB48_IRRIG_REPROD00006.asd;B3;EMB48;IRRIG;D02M;manha;D02
svm;agrupado;todos;4;treino;149;B3_EMB48_IRRIG_REPROD00007.asd;B3;EMB48;IRRIG;D02M;manha;D02
svm;agrupado;todos;4;treino;150;B4_EMB48_NIRRIG_REPROD00006.asd;B4;EMB48;NIRRIG;D02M;manha;D02
svm;agrupado;todos;4;treino;151;B3_EMB48_NIRRIG_REPROD00000.asd;B3;EMB48;NIRRIG;D02M;manha;D02
svm;agrupado;todos;4;treino;152;B4_EMB48_NIRRIG_REPROD00007.asd;B4;EMB48;NIRRIG;D02M;manha;D02
svm;agrupado;todos;4;treino;153;B3_EMB48_NIRRIG_REPROD00001.asd;B3;EMB48;NIRRIG;D02M;manha;D02
svm;agrupado;todos;4;treino;154;B3_EMB48_NIRRIG_REPROD00002.asd;B3;EMB48;NIRRIG;D02M;manha;D02
svm;agrupado;todos;4;treino;156;B3_EMB48_NIRRIG_REPROD00004.asd;B3;EMB48;NIRRIG;D02M;manha;D02
svm;agrupado;todos;4;treino;158;B3_EMB48_NIRRIG_REPROD00006.asd;B3;EMB48;NIRRIG;D02M;manha;D02
svm;agrupado;todos;4;treino;159;B3_EMB48_NIRRIG_REPROD00007.asd;B3;EMB48;NIRRIG;D02M;manha;D02
svm;agrupado;todos;4;treino;160;B1_EMB48_IRRIG_REPROD00000.asd;B1;EMB48;IRRIG;D02M;manha;D02
svm;agrupado;todos;4;treino;161;B1_EMB48_IRRIG_REPROD00001.asd;B1;EMB48;IRRIG;D02M;manha;D02
svm;agrupado;todos;4;treino;162;B1_EMB48_IRRIG_REPROD00002.asd;B1;EMB48;IRRIG;D02M;manha;D02
svm;agrupado;todos;4;treino;163;B1_EMB48_IRRIG_REPROD00003.asd;B1;EMB48;IRRIG;D02M;manha;D02
svm;agrupado;todos;4;treino;164;B1_EMB48_IRRIG_REPROD00004.asd;B1;EMB48;IRRIG;D02M;manha;D02
svm;agrupado;todos;4;treino;165;B1_EMB48_IRRIG_REPROD00005.asd;B1;EMB48;IRRIG;D02M;manha;D02
svm;agrupado;todos;4;treino;166;B1_EMB48_IRRIG_REPROD00006.asd;B1;EMB48;IRRIG;D02M;manha;D02
svm;agrupado;todos;4;treino;167;B1_EMB48_IRRIG_REPROD00007.asd;B1;EMB48;IRRIG;D02M;manha;D02
svm;agrupado;todos;4;treino;168;B1_EMB48_NIRRIG_REPROD00000.asd;B1;EMB48;NIRRIG;D02M;manha;D02
svm;agrupado;todos;4;treino;169;B1_EMB48_NIRRIG_REPROD00001.asd;B1;EMB48;NIRRIG;D02M;manha;D02
svm;agrupado;todos;4;treino;170;B1_EMB48_NIRRIG_REPROD00002.asd;B1;EMB48;NIRRIG;D02M;manha;D02
svm;agrupado;todos;4;treino;171;B1_EMB48_NIRRIG_REPROD00003.asd;B1;EMB48;NIRRIG;D02M;manha;D02
svm;agrupado;todos;4;treino;172;B1_EMB48_NIRRIG_REPROD00004.asd;B1;EMB48;NIRRIG;D02M;manha;D02
svm;agrupado;todos;4;treino;173;B1_EMB48_NIRRIG_REPROD00005.asd;B1;EMB48;NIRRIG;D02M;manha;D02
svm;agrupado;todos;4;treino;175;B1_EMB48_NIRRIG_REPROD00007.asd;B1;EMB48;NIRRIG;D02M;manha;D02
svm;agrupado;todos;4;treino;176;B2_EMB48_IRRIG_REPROD00000.asd;B2;EMB48;IRRIG;D02M;manha;D02
svm;agrupado;todos;4;treino;177;B2_EMB48_IRRIG_REPROD00001.asd;B2;EMB48;IRRIG;D02M;manha;D02
svm;agrupado;todos;4;treino;178;B2_EMB48_IRRIG_REPROD00002.asd;B2;EMB48;IRRIG;D02M;manha;D02
svm;agrupado;todos;4;treino;180;B2_EMB48_IRRIG_REPROD00004.asd;B2;EMB48;IRRIG;D02M;manha;D02
svm;agrupado;todos;4;treino;181;B2_EMB48_IRRIG_REPROD00005.asd;B2;EMB48;IRRIG;D02M;manha;D02
svm;agrupado;todos;4;treino;183;B2_EMB48_IRRIG_REPROD00007.asd;B2;EMB48;IRRIG;D02M;manha;D02
svm;agrupado;todos;4;treino;184;B2_EMB48_NIRRIG_REPROD00000.asd;B2;EMB48;NIRRIG;D02M;manha;D02
svm;agrupado;todos;4;treino;185;B2_EMB48_NIRRIG_REPROD00001.asd;B2;EMB48;NIRRIG;D02M;manha;D02
svm;agrupado;todos;4;treino;186;B2_EMB48_NIRRIG_REPROD00002.asd;B2;EMB48;NIRRIG;D02M;manha;D02
svm;agrupado;todos;4;treino;187;B2_EMB48_NIRRIG_REPROD00003.asd;B2;EMB48;NIRRIG;D02M;manha;D02
svm;agrupado;todos;4;treino;190;B2_EMB48_NIRRIG_REPROD00006.asd;B2;EMB48;NIRRIG;D02M;manha;D02
svm;agrupado;todos;4;treino;191;B2_EMB48_NIRRIG_REPROD00007.asd;B2;EMB48;NIRRIG;D02M;manha;D02
svm;agrupado;todos;4;treino;194;B1_BR16_IRRIG_REPROD00002.asd;B1;BR16;IRRIG;D02T;tarde;D02
svm;agrupado;todos;4;treino;195;B1_BR16_IRRIG_REPROD00003.asd;B1;BR16;IRRIG;D02T;tarde;D02
svm;agrupado;todos;4;treino;196;B1_BR16_IRRIG_REPROD00004.asd;B1;BR16;IRRIG;D02T;tarde;D02
svm;agrupado;todos;4;treino;197;B1_BR16_IRRIG_REPROD00005.asd;B1;BR16;IRRIG;D02T;tarde;D02
svm;agrupado;todos;4;treino;199;B1_BR16_IRRIG_REPROD00007.asd;B1;BR16;IRRIG;D02T;tarde;D02
svm;agrupado;todos;4;treino;200;B1_BR16_NIRRIG_REPROD00000.asd;B1;BR16;NIRRIG;D02T;tarde;D02
svm;agrupado;todos;4;treino;202;B1_BR16_NIRRIG_REPROD00002.asd;B1;BR16;NIRRIG;D02T;tarde;D02
svm;agrupado;todos;4;treino;203;B1_BR16_NIRRIG_REPROD00003.asd;B1;BR16;NIRRIG;D02T;tarde;D02
svm;agrupado;todos;4;treino;204;B1_BR16_NIRRIG_REPROD00004.asd;B1;BR16;NIRRIG;D02T;tarde;D02
svm;agrupado;todos;4;treino;205;B1_BR16_NIRRIG_REPROD00005.asd;B1;BR16;NIRRIG;D02T;tarde;D02
svm;agrupado;todos;4;treino;206;B1_BR16_NIRRIG_REPROD00006.asd;B1;BR16;NIRRIG;D02T;tarde;D02
svm;agrupado;todos;4;treino;207;B1_BR16_NIRRIG_REPROD00007.asd;B1;BR16;NIRRIG;D02T;tarde;D02
svm;agrupado;todos;4;treino;208;B2_BR16_IRRIG_REPROD00000.asd;B2;BR16;IRRIG;D02T;tarde;D02
svm;agrupado;todos;4;treino;209;B2_BR16_IRRIG_REPROD00001.asd;B2;BR16;IRRIG;D02T;tarde;D02
svm;agrupado;todos;4;treino;210;B2_BR16_IRRIG_REPROD00002.asd;B2;BR16;IRRIG;D02T;tarde;D02
svm;agrupado;todos;4;treino;211;B2_BR16_IRRIG_REPROD00003.asd;B2;BR16;IRRIG;D02T;tarde;D02
svm;agrupado;todos;4;treino;212;B2_BR16_IRRIG_REPROD00004.asd;B2;BR16;IRRIG;D02T;tarde;D02
svm;agrupado;todos;4;treino;213;B2_BR16_IRRIG_REPROD00005.asd;B2;BR16;IRRIG;D02T;tarde;D02
svm;agrupado;todos;4;treino;214;B2_BR16_IRRIG_REPROD00006.asd;B2;BR16;IRRIG;D02T;tarde;D02
svm;agrupado;todos;4;treino;216;B2_BR16_NIRRIG_REPROD00000.asd;B2;BR16;NIRRIG;D02T;tarde;D02
svm;agrupado;todos;4;treino;218;B2_BR16_NIRRIG_REPROD00002.asd;B2;BR16;NIRRIG;D02T;tarde;D02
svm;agrupado;todos;4;treino;220;B2_BR16_NIRRIG_REPROD00004.asd;B2;BR16;NIRRIG;D02T;tarde;D02
svm;agrupado;todos;4;treino;221;B2_BR16_NIRRIG_REPROD00005.asd;B2;BR16;NIRRIG;D02T;tarde;D02
svm;agrupado;todos;4;treino;222;B2_BR16_NIRRIG_REPROD00006.asd;B2;BR16;NIRRIG;D02T;tarde;D02
svm;agrupado;todos;4;treino;225;B3_BR16_IRRIG_REPROD00001.asd;B3;BR16;IRRIG;D02T;tarde;D02
svm;agrupado;todos;4;treino;226;B3_BR16_IRRIG_REPROD00002.asd;B3;BR16;IRRIG;D02T;tarde;D02
svm;agrupado;todos;4;treino;229;B3_BR16_IRRIG_REPROD00005.asd;B3;BR16;IRRIG;D02T;tarde;D02
svm;agrupado;todos;4;treino;230;B3_BR16_IRRIG_REPROD00006.asd;B3;BR16;IRRIG;D02T;tarde;D02
svm;agrupado;todos;4;treino;231;B3_BR16_IRRIG_REPROD00007.asd;B3;BR16;IRRIG;D02T;tarde;D02
svm;agrupado;todos;4;treino;233;B3_BR16_NIRRIG_REPROD00001.asd;B3;BR16;NIRRIG;D02T;tarde;D02
svm;agrupado;todos;4;treino;234;B3_BR16_NIRRIG_REPROD00002.asd;B3;BR16;NIRRIG;D02T;tarde;D02
svm;agrupado;todos;4;treino;235;B3_BR16_NIRRIG_REPROD00003.asd;B3;BR16;NIRRIG;D02T;tarde;D02
svm;agrupado;todos;4;treino;236;B3_BR16_NIRRIG_REPROD00004.asd;B3;BR16;NIRRIG;D02T;tarde;D02
svm;agrupado;todos;4;treino;237;B3_BR16_NIRRIG_REPROD00005.asd;B3;BR16;NIRRIG;D02T;tarde;D02
svm;agrupado;todos;4;treino;238;B3_BR16_NIRRIG_REPROD00006.asd;B3;BR16;NIRRIG;D02T;tarde;D02
svm;agrupado;todos;4;treino;239;B3_BR16_NIRRIG_REPROD00007.asd;B3;BR16;NIRRIG;D02T;tarde;D02
svm;agrupado;todos;4;treino;241;B4_BR16_IRRIG_REPROD00001.asd;B4;BR16;IRRIG;D02T;tarde;D02
svm;agrupado;todos;4;treino;242;B4_BR16_IRRIG_REPROD00002.asd;B4;BR16;IRRIG;D02T;tarde;D02
svm;agrupado;todos;4;treino;243;B4_BR16_IRRIG_REPROD00003.asd;B4;BR16;IRRIG;D02T;tarde;D02
svm;agrupado;todos;4;treino;245;B4_BR16_IRRIG_REPROD00005.asd;B4;BR16;IRRIG;D02T;tarde;D02
svm;agrupado;todos;4;treino;246;B4_BR16_IRRIG_REPROD00006.asd;B4;BR16;IRRIG;D02T;tarde;D02
svm;agrupado;todos;4;treino;247;B4_BR16_IRRIG_REPROD00007.asd;B4;BR16;IRRIG;D02T;tarde;D02
svm;agrupado;todos;4;treino;248;B4_BR16_NIRRIG_REPROD00000.asd;B4;BR16;NIRRIG;D02T;tarde;D02
svm;agrupado;todos;4;treino;249;B4_BR16_NIRRIG_REPROD00001.asd;B4;BR16;NIRRIG;D02T;tarde;D02
svm;agrupado;todos;4;treino;251;B4_BR16_NIRRIG_REPROD00003.asd;B4;BR16;NIRRIG;D02T;tarde;D02
svm;agrupado;todos;4;treino;252;B4_BR16_NIRRIG_REPROD00004.asd;B4;BR16;NIRRIG;D02T;tarde;D02
svm;agrupado;todos;4;treino;253;B4_BR16_NIRRIG_REPROD00005.asd;B4;BR16;NIRRIG;D02T;tarde;D02
svm;agrupado;todos;4;treino;255;B4_BR16_NIRRIG_REPROD00007.asd;B4;BR16;NIRRIG;D02T;tarde;D02
svm;agrupado;todos;4;treino;256;B1_CD202_IRRIG_REPROD00000.asd;B1;CD202;IRRIG;D02T;tarde;D02
svm;agrupado;todos;4;treino;257;B1_CD202_IRRIG_REPROD00001.asd;B1;CD202;IRRIG;D02T;tarde;D02
svm;agrupado;todos;4;treino;258;B1_CD202_IRRIG_REPROD00002.asd;B1;CD202;IRRIG;D02T;tarde;D02
svm;agrupado;todos;4;treino;259;B1_CD202_IRRIG_REPROD00003.asd;B1;CD202;IRRIG;D02T;tarde;D02
svm;agrupado;todos;4;treino;260;B1_CD202_IRRIG_REPROD00004.asd;B1;CD202;IRRIG;D02T;tarde;D02
svm;agrupado;todos;4;treino;261;B1_CD202_IRRIG_REPROD00005.asd;B1;CD202;IRRIG;D02T;tarde;D02
svm;agrupado;todos;4;treino;262;B1_CD202_IRRIG_REPROD00006.asd;B1;CD202;IRRIG;D02T;tarde;D02
svm;agrupado;todos;4;treino;264;B1_CD202_NIRRIG_REPROD00000.asd;B1;CD202;NIRRIG;D02T;tarde;D02
svm;agrupado;todos;4;treino;265;B1_CD202_NIRRIG_REPROD00001.asd;B1;CD202;NIRRIG;D02T;tarde;D02
svm;agrupado;todos;4;treino;266;B1_CD202_NIRRIG_REPROD00002.asd;B1;CD202;NIRRIG;D02T;tarde;D02
svm;agrupado;todos;4;treino;267;B1_CD202_NIRRIG_REPROD00003.asd;B1;CD202;NIRRIG;D02T;tarde;D02
svm;agrupado;todos;4;treino;268;B1_CD202_NIRRIG_REPROD00004.asd;B1;CD202;NIRRIG;D02T;tarde;D02
svm;agrupado;todos;4;treino;270;B1_CD202_NIRRIG_REPROD00006.asd;B1;CD202;NIRRIG;D02T;tarde;D02
svm;agrupado;todos;4;treino;271;B1_CD202_NIRRIG_REPROD00007.asd;B1;CD202;NIRRIG;D02T;tarde;D02
svm;agrupado;todos;4;treino;272;B2_CD202_IRRIG_REPROD00000.asd;B2;CD202;IRRIG;D02T;tarde;D02
svm;agrupado;todos;4;treino;273;B2_CD202_IRRIG_REPROD00001.asd;B2;CD202;IRRIG;D02T;tarde;D02
svm;agrupado;todos;4;treino;274;B2_CD202_IRRIG_REPROD00002.asd;B2;CD202;IRRIG;D02T;tarde;D02
svm;agrupado;todos;4;treino;275;B2_CD202_IRRIG_REPROD00003.asd;B2;CD202;IRRIG;D02T;tarde;D02
svm;agrupado;todos;4;treino;278;B2_CD202_IRRIG_REPROD00006.asd;B2;CD202;IRRIG;D02T;tarde;D02
svm;agrupado;todos;4;treino;281;B2_CD202_NIRRIG_REPROD00001.asd;B2;CD202;NIRRIG;D02T;tarde;D02
svm;agrupado;todos;4;treino;282;B2_CD202_NIRRIG_REPROD00002.asd;B2;CD202;NIRRIG;D02T;tarde;D02
svm;agrupado;todos;4;treino;283;B2_CD202_NIRRIG_REPROD00003.asd;B2;CD202;NIRRIG;D02T;tarde;D02
svm;agrupado;todos;4;treino;284;B2_CD202_NIRRIG_REPROD00004.asd;B2;CD202;NIRRIG;D02T;tarde;D02
svm;agrupado;todos;4;treino;285;B2_CD202_NIRRIG_REPROD00005.asd;B2;CD202;NIRRIG;D02T;tarde;D02
svm;agrupado;todos;4;treino;286;B2_CD202_NIRRIG_REPROD00006.asd;B2;CD202;NIRRIG;D02T;tarde;D02
svm;agrupado;todos;4;treino;287;B2_CD202_NIRRIG_REPROD00007.asd;B2;CD202;NIRRIG;D02T;tarde;D02
svm;agrupado;todos;4;treino;288;B3_CD202_IRRIG_REPROD00000.asd;B3;CD202;IRRIG;D02T;tarde;D02
svm;agrupado;todos;4;treino;289;B3_CD202_IRRIG_REPROD00001.asd;B3;CD202;IRRIG;D02T;tarde;D02
svm;agrupado;todos;4;treino;290;B3_CD202_IRRIG_REPROD00002.asd;B3;CD202;IRRIG;D02T;tarde;D02
svm;agrupado;todos;4;treino;291;B3_CD202_IRRIG_REPROD00003.asd;B3;CD202;IRRIG;D02T;tarde;D02
svm;agrupado;todos;4;treino;292;B3_CD202_IRRIG_REPROD00004.asd;B3;CD202;IRRIG;D02T;tarde;D02
svm;agrupado;todos;4;treino;293;B3_CD202_IRRIG_REPROD00005.asd;B3;CD202;IRRIG;D02T;tarde;D02
svm;agrupado;todos;4;treino;294;B3_CD202_IRRIG_REPROD00006.asd;B3;CD202;IRRIG;D02T;tarde;D02
svm;agrupado;todos;4;treino;295;B3_CD202_IRRIG_REPROD00007.asd;B3;CD202;IRRIG;D02T;tarde;D02
svm;agrupado;todos;4;treino;297;B3_CD202_NIRRIG_REPROD00001.asd;B3;CD202;NIRRIG;D02T;tarde;D02
svm;agrupado;todos;4;treino;298;B3_CD202_NIRRIG_REPROD00002.asd;B3;CD202;NIRRIG;D02T;tarde;D02
svm;agrupado;todos;4;treino;299;B3_CD202_NIRRIG_REPROD00003.asd;B3;CD202;NIRRIG;D02T;tarde;D02
svm;agrupado;todos;4;treino;300;B3_CD202_NIRRIG_REPROD00004.asd;B3;CD202;NIRRIG;D02T;tarde;D02
svm;agrupado;todos;4;treino;301;B3_CD202_NIRRIG_REPROD00005.asd;B3;CD202;NIRRIG;D02T;tarde;D02
svm;agrupado;todos;4;treino;303;B3_CD202_NIRRIG_REPROD00007.asd;B3;CD202;NIRRIG;D02T;tarde;D02
svm;agrupado;todos;4;treino;305;B4_CD202_IRRIG_REPROD00001.asd;B4;CD202;IRRIG;D02T;tarde;D02
svm;agrupado;todos;4;treino;306;B4_CD202_IRRIG_REPROD00002.asd;B4;CD202;IRRIG;D02T;tarde;D02
svm;agrupado;todos;4;treino;307;B4_CD202_IRRIG_REPROD00003.asd;B4;CD202;IRRIG;D02T;tarde;D02
svm;agrupado;todos;4;treino;309;B4_CD202_IRRIG_REPROD00005.asd;B4;CD202;IRRIG;D02T;tarde;D02
svm;agrupado;todos;4;treino;310;B4_CD202_IRRIG_REPROD00006.asd;B4;CD202;IRRIG;D02T;tarde;D02
svm;agrupado;todos;4;treino;311;B4_CD202_IRRIG_REPROD00007.asd;B4;CD202;IRRIG;D02T;tarde;D02
svm;agrupado;todos;4;treino;312;B4_CD202_NIRRIG_REPROD00000.asd;B4;CD202;NIRRIG;D02T;tarde;D02
svm;agrupado;todos;4;treino;313;B4_CD202_NIRRIG_REPROD00001.asd;B4;CD202;NIRRIG;D02T;tarde;D02
svm;agrupado;todos;4;treino;314;B4_CD202_NIRRIG_REPROD00002.asd;B4;CD202;NIRRIG;D02T;tarde;D02
svm;agrupado;todos;4;treino;317;B4_CD202_NIRRIG_REPROD00005.asd;B4;CD202;NIRRIG;D02T;tarde;D02
svm;agrupado;todos;4;treino;319;B4_CD202_NIRRIG_REPROD00007.asd;B4;CD202;NIRRIG;D02T;tarde;D02
svm;agrupado;todos;4;treino;320;B1_EMB48_IRRIG_REPROD00000.asd;B1;EMB48;IRRIG;D02T;tarde;D02
svm;agrupado;todos;4;treino;321;B1_EMB48_IRRIG_REPROD00001.asd;B1;EMB48;IRRIG;D02T;tarde;D02
svm;agrupado;todos;4;treino;322;B1_EMB48_IRRIG_REPROD00002.asd;B1;EMB48;IRRIG;D02T;tarde;D02
svm;agrupado;todos;4;treino;323;B1_EMB48_IRRIG_REPROD00003.asd;B1;EMB48;IRRIG;D02T;tarde;D02
svm;agrupado;todos;4;treino;324;B1_EMB48_IRRIG_REPROD00004.asd;B1;EMB48;IRRIG;D02T;tarde;D02
svm;agrupado;todos;4;treino;325;B1_EMB48_IRRIG_REPROD00005.asd;B1;EMB48;IRRIG;D02T;tarde;D02
svm;agrupado;todos;4;treino;326;B1_EMB48_IRRIG_REPROD00006.asd;B1;EMB48;IRRIG;D02T;tarde;D02
svm;agrupado;todos;4;treino;327;B1_EMB48_IRRIG_REPROD00007.asd;B1;EMB48;IRRIG;D02T;tarde;D02
svm;agrupado;todos;4;treino;328;B1_EMB48_NIRRIG_REPROD00000.asd;B1;EMB48;NIRRIG;D02T;tarde;D02
svm;agrupado;todos;4;treino;329;B1_EMB48_NIRRIG_REPROD00001.asd;B1;EMB48;NIRRIG;D02T;tarde;D02
svm;agrupado;todos;4;treino;330;B1_EMB48_NIRRIG_REPROD00002.asd;B1;EMB48;NIRRIG;D02T;tarde;D02
svm;agrupado;todos;4;treino;331;B1_EMB48_NIRRIG_REPROD00003.asd;B1;EMB48;NIRRIG;D02T;tarde;D02
svm;agrupado;todos;4;treino;332;B1_EMB48_NIRRIG_REPROD00004.asd;B1;EMB48;NIRRIG;D02T;tarde;D02
svm;agrupado;todos;4;treino;333;B1_EMB48_NIRRIG_REPROD00005.asd;B1;EMB48;NIRRIG;D02T;tarde;D02
svm;agrupado;todos;4;treino;335;B1_EMB48_NIRRIG_REPROD00007.asd;B1;EMB48;NIRRIG;D02T;tarde;D02
svm;agrupado;todos;4;treino;336;B2_EMB48_IRRIG_REPROD00000.asd;B2;EMB48;IRRIG;D02T;tarde;D02
svm;agrupado;todos;4;treino;337;B2_EMB48_IRRIG_REPROD00001.asd;B2;EMB48;IRRIG;D02T;tarde;D02
svm;agrupado;todos;4;treino;338;B2_EMB48_IRRIG_REPROD00002.asd;B2;EMB48;IRRIG;D02T;tarde;D02
svm;agrupado;todos;4;treino;340;B2_EMB48_IRRIG_REPROD00004.asd;B2;EMB48;IRRIG;D02T;tarde;D02
svm;agrupado;todos;4;treino;341;B2_EMB48_IRRIG_REPROD00005.asd;B2;EMB48;IRRIG;D02T;tarde;D02
svm;agrupado;todos;4;treino;343;B2_EMB48_IRRIG_REPROD00007.asd;B2;EMB48;IRRIG;D02T;tarde;D02
svm;agrupado;todos;4;treino;344;B2_EMB48_NIRRIG_REPROD00000.asd;B2;EMB48;NIRRIG;D02T;tarde;D02
svm;agrupado;todos;4;treino;345;B2_EMB48_NIRRIG_REPROD00001.asd;B2;EMB48;NIRRIG;D02T;tarde;D02
svm;agrupado;todos;4;treino;346;B2_EMB48_NIRRIG_REPROD00002.asd;B2;EMB48;NIRRIG;D02T;tarde;D02
svm;agrupado;todos;4;treino;347;B2_EMB48_NIRRIG_REPROD00003.asd;B2;EMB48;NIRRIG;D02T;tarde;D02
svm;agrupado;todos;4;treino;350;B2_EMB48_NIRRIG_REPROD00006.asd;B2;EMB48;NIRRIG;D02T;tarde;D02
svm;agrupado;todos;4;treino;351;B2_EMB48_NIRRIG_REPROD00007.asd;B2;EMB48;NIRRIG;D02T;tarde;D02
svm;agrupado;todos;4;treino;352;B3_EMB48_IRRIG_REPROD00000.asd;B3;EMB48;IRRIG;D02T;tarde;D02
svm;agrupado;todos;4;treino;353;B3_EMB48_IRRIG_REPROD00001.asd;B3;EMB48;IRRIG;D02T;tarde;D02
svm;agrupado;todos;4;treino;354;B3_EMB48_IRRIG_REPROD00002.asd;B3;EMB48;IRRIG;D02T;tarde;D02
svm;agrupado;todos;4;treino;356;B3_EMB48_IRRIG_REPROD00004.asd;B3;EMB48;IRRIG;D02T;tarde;D02
svm;agrupado;todos;4;treino;358;B3_EMB48_IRRIG_REPROD00006.asd;B3;EMB48;IRRIG;D02T;tarde;D02
svm;agrupado;todos;4;treino;359;B3_EMB48_IRRIG_REPROD00007.asd;B3;EMB48;IRRIG;D02T;tarde;D02
svm;agrupado;todos;4;treino;360;B3_EMB48_NIRRIG_REPROD00000.asd;B3;EMB48;NIRRIG;D02T;tarde;D02
svm;agrupado;todos;4;treino;361;B3_EMB48_NIRRIG_REPROD00001.asd;B3;EMB48;NIRRIG;D02T;tarde;D02
svm;agrupado;todos;4;treino;362;B3_EMB48_NIRRIG_REPROD00002.asd;B3;EMB48;NIRRIG;D02T;tarde;D02
svm;agrupado;todos;4;treino;364;B3_EMB48_NIRRIG_REPROD00004.asd;B3;EMB48;NIRRIG;D02T;tarde;D02
svm;agrupado;todos;4;treino;366;B3_EMB48_NIRRIG_REPROD00006.asd;B3;EMB48;NIRRIG;D02T;tarde;D02
svm;agrupado;todos;4;treino;367;B3_EMB48_NIRRIG_REPROD00007.asd;B3;EMB48;NIRRIG;D02T;tarde;D02
svm;agrupado;todos;4;treino;368;B4_EMB48_IRRIG_REPROD00000.asd;B4;EMB48;IRRIG;D02T;tarde;D02
svm;agrupado;todos;4;treino;369;B4_EMB48_IRRIG_REPROD00001.asd;B4;EMB48;IRRIG;D02T;tarde;D02
svm;agrupado;todos;4;treino;370;B4_EMB48_IRRIG_REPROD00002.asd;B4;EMB48;IRRIG;D02T;tarde;D02
svm;agrupado;todos;4;treino;371;B4_EMB48_IRRIG_REPROD00003.asd;B4;EMB48;IRRIG;D02T;tarde;D02
svm;agrupado;todos;4;treino;372;B4_EMB48_IRRIG_REPROD00004.asd;B4;EMB48;IRRIG;D02T;tarde;D02
svm;agrupado;todos;4;treino;373;B4_EMB48_IRRIG_REPROD00005.asd;B4;EMB48;IRRIG;D02T;tarde;D02
svm;agrupado;todos;4;treino;374;B4_EMB48_IRRIG_REPROD00006.asd;B4;EMB48;IRRIG;D02T;tarde;D02
svm;agrupado;todos;4;treino;375;B4_EMB48_IRRIG_REPROD00007.asd;B4;EMB48;IRRIG;D02T;tarde;D02
svm;agrupado;todos;4;treino;376;B4_EMB48_NIRRIG_REPROD00000.asd;B4;EMB48;NIRRIG;D02T;tarde;D02
svm;agrupado;todos;4;treino;377;B4_EMB48_NIRRIG_REPROD00001.asd;B4;EMB48;NIRRIG;D02T;tarde;D02
svm;agrupado;todos;4;treino;378;B4_EMB48_NIRRIG_REPROD00002.asd;B4;EMB48;NIRRIG;D02T;tarde;D02
svm;agrupado;todos;4;treino;379;B4_EMB48_NIRRIG_REPROD00003.asd;B4;EMB48;NIRRIG;D02T;tarde;D02
svm;agrupado;todos;4;treino;380;B4_EMB48_NIRRIG_REPROD00004.asd;B4;EMB48;NIRRIG;D02T;tarde;D02
svm;agrupado;todos;4;treino;382;B4_EMB48_NIRRIG_REPROD00006.asd;B4;EMB48;NIRRIG;D02T;tarde;D02
svm;agrupado;todos;4;treino;383;B4_EMB48_NIRRIG_REPROD00007.asd;B4;EMB48;NIRRIG;D02T;tarde;D02
svm;agrupado;todos;4;treino;386;B1_BR16_IRRIG_REPROD00002.asd;B1;BR16;IRRIG;D03M;manha;D03
svm;agrupado;todos;4;treino;387;B1_BR16_IRRIG_REPROD00003.asd;B1;BR16;IRRIG;D03M;manha;D03
svm;agrupado;todos;4;treino;388;B1_BR16_IRRIG_REPROD00004.asd;B1;BR16;IRRIG;D03M;manha;D03
svm;agrupado;todos;4;treino;389;B1_BR16_IRRIG_REPROD00005.asd;B1;BR16;IRRIG;D03M;manha;D03
svm;agrupado;todos;4;treino;391;B1_BR16_IRRIG_REPROD00007.asd;B1;BR16;IRRIG;D03M;manha;D03
svm;agrupado;todos;4;treino;392;B1_BR16_NIRRIG_REPROD00000.asd;B1;BR16;NIRRIG;D03M;manha;D03
svm;agrupado;todos;4;treino;394;B1_BR16_NIRRIG_REPROD00002.asd;B1;BR16;NIRRIG;D03M;manha;D03
svm;agrupado;todos;4;treino;395;B1_BR16_NIRRIG_REPROD00003.asd;B1;BR16;NIRRIG;D03M;manha;D03
svm;agrupado;todos;4;treino;396;B1_BR16_NIRRIG_REPROD00004.asd;B1;BR16;NIRRIG;D03M;manha;D03
svm;agrupado;todos;4;treino;397;B1_BR16_NIRRIG_REPROD00005.asd;B1;BR16;NIRRIG;D03M;manha;D03
svm;agrupado;todos;4;treino;398;B1_BR16_NIRRIG_REPROD00006.asd;B1;BR16;NIRRIG;D03M;manha;D03
svm;agrupado;todos;4;treino;399;B1_BR16_NIRRIG_REPROD00007.asd;B1;BR16;NIRRIG;D03M;manha;D03
svm;agrupado;todos;4;treino;400;B2_BR16_IRRIG_REPROD00000.asd;B2;BR16;IRRIG;D03M;manha;D03
svm;agrupado;todos;4;treino;401;B2_BR16_IRRIG_REPROD00001.asd;B2;BR16;IRRIG;D03M;manha;D03
svm;agrupado;todos;4;treino;402;B2_BR16_IRRIG_REPROD00002.asd;B2;BR16;IRRIG;D03M;manha;D03
svm;agrupado;todos;4;treino;403;B2_BR16_IRRIG_REPROD00003.asd;B2;BR16;IRRIG;D03M;manha;D03
svm;agrupado;todos;4;treino;404;B2_BR16_IRRIG_REPROD00004.asd;B2;BR16;IRRIG;D03M;manha;D03
svm;agrupado;todos;4;treino;405;B2_BR16_IRRIG_REPROD00005.asd;B2;BR16;IRRIG;D03M;manha;D03
svm;agrupado;todos;4;treino;406;B2_BR16_IRRIG_REPROD00006.asd;B2;BR16;IRRIG;D03M;manha;D03
svm;agrupado;todos;4;treino;408;B2_BR16_NIRRIG_REPROD00000.asd;B2;BR16;NIRRIG;D03M;manha;D03
svm;agrupado;todos;4;treino;410;B2_BR16_NIRRIG_REPROD00002.asd;B2;BR16;NIRRIG;D03M;manha;D03
svm;agrupado;todos;4;treino;412;B2_BR16_NIRRIG_REPROD00004.asd;B2;BR16;NIRRIG;D03M;manha;D03
svm;agrupado;todos;4;treino;413;B2_BR16_NIRRIG_REPROD00005.asd;B2;BR16;NIRRIG;D03M;manha;D03
svm;agrupado;todos;4;treino;414;B2_BR16_NIRRIG_REPROD00006.asd;B2;BR16;NIRRIG;D03M;manha;D03
svm;agrupado;todos;4;treino;417;B3_BR16_IRRIG_REPROD00001.asd;B3;BR16;IRRIG;D03M;manha;D03
svm;agrupado;todos;4;treino;418;B3_BR16_IRRIG_REPROD00002.asd;B3;BR16;IRRIG;D03M;manha;D03
svm;agrupado;todos;4;treino;421;B3_BR16_IRRIG_REPROD00005.asd;B3;BR16;IRRIG;D03M;manha;D03
svm;agrupado;todos;4;treino;422;B3_BR16_IRRIG_REPROD00006.asd;B3;BR16;IRRIG;D03M;manha;D03
svm;agrupado;todos;4;treino;423;B3_BR16_IRRIG_REPROD00007.asd;B3;BR16;IRRIG;D03M;manha;D03
svm;agrupado;todos;4;treino;425;B3_BR16_NIRRIG_REPROD00001.asd;B3;BR16;NIRRIG;D03M;manha;D03
svm;agrupado;todos;4;treino;426;B3_BR16_NIRRIG_REPROD00002.asd;B3;BR16;NIRRIG;D03M;manha;D03
svm;agrupado;todos;4;treino;427;B3_BR16_NIRRIG_REPROD00003.asd;B3;BR16;NIRRIG;D03M;manha;D03
svm;agrupado;todos;4;treino;428;B3_BR16_NIRRIG_REPROD00004.asd;B3;BR16;NIRRIG;D03M;manha;D03
svm;agrupado;todos;4;treino;429;B3_BR16_NIRRIG_REPROD00005.asd;B3;BR16;NIRRIG;D03M;manha;D03
svm;agrupado;todos;4;treino;430;B3_BR16_NIRRIG_REPROD00006.asd;B3;BR16;NIRRIG;D03M;manha;D03
svm;agrupado;todos;4;treino;431;B3_BR16_NIRRIG_REPROD00007.asd;B3;BR16;NIRRIG;D03M;manha;D03
svm;agrupado;todos;4;treino;433;B4_BR16_IRRIG_REPROD00001.asd;B4;BR16;IRRIG;D03M;manha;D03
svm;agrupado;todos;4;treino;434;B4_BR16_IRRIG_REPROD00002.asd;B4;BR16;IRRIG;D03M;manha;D03
svm;agrupado;todos;4;treino;435;B4_BR16_IRRIG_REPROD00003.asd;B4;BR16;IRRIG;D03M;manha;D03
svm;agrupado;todos;4;treino;437;B4_BR16_IRRIG_REPROD00005.asd;B4;BR16;IRRIG;D03M;manha;D03
svm;agrupado;todos;4;treino;438;B4_BR16_IRRIG_REPROD00006.asd;B4;BR16;IRRIG;D03M;manha;D03
svm;agrupado;todos;4;treino;439;B4_BR16_IRRIG_REPROD00007.asd;B4;BR16;IRRIG;D03M;manha;D03
svm;agrupado;todos;4;treino;440;B4_BR16_NIRRIG_REPROD00000.asd;B4;BR16;NIRRIG;D03M;manha;D03
svm;agrupado;todos;4;treino;441;B4_BR16_NIRRIG_REPROD00001.asd;B4;BR16;NIRRIG;D03M;manha;D03
svm;agrupado;todos;4;treino;443;B4_BR16_NIRRIG_REPROD00003.asd;B4;BR16;NIRRIG;D03M;manha;D03
svm;agrupado;todos;4;treino;444;B4_BR16_NIRRIG_REPROD00004.asd;B4;BR16;NIRRIG;D03M;manha;D03
svm;agrupado;todos;4;treino;445;B4_BR16_NIRRIG_REPROD00005.asd;B4;BR16;NIRRIG;D03M;manha;D03
svm;agrupado;todos;4;treino;447;B4_BR16_NIRRIG_REPROD00007.asd;B4;BR16;NIRRIG;D03M;manha;D03
svm;agrupado;todos;4;treino;448;B1_CD202_IRRIG_REPROD00000.asd;B1;CD202;IRRIG;D03M;manha;D03
svm;agrupado;todos;4;treino;449;B1_CD202_IRRIG_REPROD00001.asd;B1;CD202;IRRIG;D03M;manha;D03
svm;agrupado;todos;4;treino;450;B1_CD202_IRRIG_REPROD00002.asd;B1;CD202;IRRIG;D03M;manha;D03
svm;agrupado;todos;4;treino;451;B1_CD202_IRRIG_REPROD00003.asd;B1;CD202;IRRIG;D03M;manha;D03
svm;agrupado;todos;4;treino;452;B1_CD202_IRRIG_REPROD00004.asd;B1;CD202;IRRIG;D03M;manha;D03
svm;agrupado;todos;4;treino;453;B1_CD202_IRRIG_REPROD00005.asd;B1;CD202;IRRIG;D03M;manha;D03
svm;agrupado;todos;4;treino;454;B1_CD202_IRRIG_REPROD00006.asd;B1;CD202;IRRIG;D03M;manha;D03
svm;agrupado;todos;4;treino;456;B1_CD202_NIRRIG_REPROD00000.asd;B1;CD202;NIRRIG;D03M;manha;D03
svm;agrupado;todos;4;treino;457;B1_CD202_NIRRIG_REPROD00001.asd;B1;CD202;NIRRIG;D03M;manha;D03
svm;agrupado;todos;4;treino;458;B1_CD202_NIRRIG_REPROD00002.asd;B1;CD202;NIRRIG;D03M;manha;D03
svm;agrupado;todos;4;treino;459;B1_CD202_NIRRIG_REPROD00003.asd;B1;CD202;NIRRIG;D03M;manha;D03
svm;agrupado;todos;4;treino;460;B1_CD202_NIRRIG_REPROD00004.asd;B1;CD202;NIRRIG;D03M;manha;D03
svm;agrupado;todos;4;treino;462;B1_CD202_NIRRIG_REPROD00006.asd;B1;CD202;NIRRIG;D03M;manha;D03
svm;agrupado;todos;4;treino;463;B1_CD202_NIRRIG_REPROD00007.asd;B1;CD202;NIRRIG;D03M;manha;D03
svm;agrupado;todos;4;treino;464;B2_CD202_IRRIG_REPROD00000.asd;B2;CD202;IRRIG;D03M;manha;D03
svm;agrupado;todos;4;treino;465;B2_CD202_IRRIG_REPROD00001.asd;B2;CD202;IRRIG;D03M;manha;D03
svm;agrupado;todos;4;treino;466;B2_CD202_IRRIG_REPROD00002.asd;B2;CD202;IRRIG;D03M;manha;D03
svm;agrupado;todos;4;treino;467;B2_CD202_IRRIG_REPROD00003.asd;B2;CD202;IRRIG;D03M;manha;D03
svm;agrupado;todos;4;treino;470;B2_CD202_IRRIG_REPROD00006.asd;B2;CD202;IRRIG;D03M;manha;D03
svm;agrupado;todos;4;treino;473;B2_CD202_NIRRIG_REPROD00001.asd;B2;CD202;NIRRIG;D03M;manha;D03
svm;agrupado;todos;4;treino;474;B2_CD202_NIRRIG_REPROD00002.asd;B2;CD202;NIRRIG;D03M;manha;D03
svm;agrupado;todos;4;treino;475;B2_CD202_NIRRIG_REPROD00003.asd;B2;CD202;NIRRIG;D03M;manha;D03
svm;agrupado;todos;4;treino;476;B2_CD202_NIRRIG_REPROD00004.asd;B2;CD202;NIRRIG;D03M;manha;D03
svm;agrupado;todos;4;treino;477;B2_CD202_NIRRIG_REPROD00005.asd;B2;CD202;NIRRIG;D03M;manha;D03
svm;agrupado;todos;4;treino;478;B2_CD202_NIRRIG_REPROD00006.asd;B2;CD202;NIRRIG;D03M;manha;D03
svm;agrupado;todos;4;treino;479;B2_CD202_NIRRIG_REPROD00007.asd;B2;CD202;NIRRIG;D03M;manha;D03
svm;agrupado;todos;4;treino;480;B3_CD202_IRRIG_REPROD00000.asd;B3;CD202;IRRIG;D03M;manha;D03
svm;agrupado;todos;4;treino;481;B3_CD202_IRRIG_REPROD00001.asd;B3;CD202;IRRIG;D03M;manha;D03
svm;agrupado;todos;4;treino;482;B3_CD202_IRRIG_REPROD00002.asd;B3;CD202;IRRIG;D03M;manha;D03
svm;agrupado;todos;4;treino;483;B3_CD202_IRRIG_REPROD00003.asd;B3;CD202;IRRIG;D03M;manha;D03
svm;agrupado;todos;4;treino;484;B3_CD202_IRRIG_REPROD00004.asd;B3;CD202;IRRIG;D03M;manha;D03
svm;agrupado;todos;4;treino;485;B3_CD202_IRRIG_REPROD00005.asd;B3;CD202;IRRIG;D03M;manha;D03
svm;agrupado;todos;4;treino;486;B3_CD202_IRRIG_REPROD00006.asd;B3;CD202;IRRIG;D03M;manha;D03
svm;agrupado;todos;4;treino;487;B3_CD202_IRRIG_REPROD00007.asd;B3;CD202;IRRIG;D03M;manha;D03
svm;agrupado;todos;4;treino;489;B3_CD202_NIRRIG_REPROD00001.asd;B3;CD202;NIRRIG;D03M;manha;D03
svm;agrupado;todos;4;treino;490;B3_CD202_NIRRIG_REPROD00002.asd;B3;CD202;NIRRIG;D03M;manha;D03
svm;agrupado;todos;4;treino;491;B3_CD202_NIRRIG_REPROD00003.asd;B3;CD202;NIRRIG;D03M;manha;D03
svm;agrupado;todos;4;treino;492;B3_CD202_NIRRIG_REPROD00004.asd;B3;CD202;NIRRIG;D03M;manha;D03
svm;agrupado;todos;4;treino;493;B3_CD202_NIRRIG_REPROD00005.asd;B3;CD202;NIRRIG;D03M;manha;D03
svm;agrupado;todos;4;treino;495;B3_CD202_NIRRIG_REPROD00007.asd;B3;CD202;NIRRIG;D03M;manha;D03
svm;agrupado;todos;4;treino;497;B4_CD202_IRRIG_REPROD00001.asd;B4;CD202;IRRIG;D03M;manha;D03
svm;agrupado;todos;4;treino;498;B4_CD202_IRRIG_REPROD00002.asd;B4;CD202;IRRIG;D03M;manha;D03
svm;agrupado;todos;4;treino;499;B4_CD202_IRRIG_REPROD00003.asd;B4;CD202;IRRIG;D03M;manha;D03
svm;agrupado;todos;4;treino;501;B4_CD202_IRRIG_REPROD00005.asd;B4;CD202;IRRIG;D03M;manha;D03
svm;agrupado;todos;4;treino;502;B4_CD202_IRRIG_REPROD00006.asd;B4;CD202;IRRIG;D03M;manha;D03
svm;agrupado;todos;4;treino;503;B4_CD202_IRRIG_REPROD00007.asd;B4;CD202;IRRIG;D03M;manha;D03
svm;agrupado;todos;4;treino;504;B4_CD202_NIRRIG_REPROD00000.asd;B4;CD202;NIRRIG;D03M;manha;D03
svm;agrupado;todos;4;treino;505;B4_CD202_NIRRIG_REPROD00001.asd;B4;CD202;NIRRIG;D03M;manha;D03
svm;agrupado;todos;4;treino;506;B4_CD202_NIRRIG_REPROD00002.asd;B4;CD202;NIRRIG;D03M;manha;D03
svm;agrupado;todos;4;treino;509;B4_CD202_NIRRIG_REPROD00005.asd;B4;CD202;NIRRIG;D03M;manha;D03
svm;agrupado;todos;4;treino;511;B4_CD202_NIRRIG_REPROD00007.asd;B4;CD202;NIRRIG;D03M;manha;D03
svm;agrupado;todos;4;treino;512;B1_EMB48_IRRIG_REPROD00000.asd;B1;EMB48;IRRIG;D03M;manha;D03
svm;agrupado;todos;4;treino;513;B1_EMB48_IRRIG_REPROD00001.asd;B1;EMB48;IRRIG;D03M;manha;D03
svm;agrupado;todos;4;treino;514;B1_EMB48_IRRIG_REPROD00002.asd;B1;EMB48;IRRIG;D03M;manha;D03
svm;agrupado;todos;4;treino;515;B1_EMB48_IRRIG_REPROD00003.asd;B1;EMB48;IRRIG;D03M;manha;D03
svm;agrupado;todos;4;treino;516;B1_EMB48_IRRIG_REPROD00004.asd;B1;EMB48;IRRIG;D03M;manha;D03
svm;agrupado;todos;4;treino;517;B1_EMB48_IRRIG_REPROD00005.asd;B1;EMB48;IRRIG;D03M;manha;D03
svm;agrupado;todos;4;treino;518;B1_EMB48_IRRIG_REPROD00006.asd;B1;EMB48;IRRIG;D03M;manha;D03
svm;agrupado;todos;4;treino;519;B1_EMB48_IRRIG_REPROD00007.asd;B1;EMB48;IRRIG;D03M;manha;D03
svm;agrupado;todos;4;treino;520;B1_EMB48_NIRRIG_REPROD00000.asd;B1;EMB48;NIRRIG;D03M;manha;D03
svm;agrupado;todos;4;treino;521;B1_EMB48_NIRRIG_REPROD00001.asd;B1;EMB48;NIRRIG;D03M;manha;D03
svm;agrupado;todos;4;treino;522;B1_EMB48_NIRRIG_REPROD00002.asd;B1;EMB48;NIRRIG;D03M;manha;D03
svm;agrupado;todos;4;treino;523;B1_EMB48_NIRRIG_REPROD00003.asd;B1;EMB48;NIRRIG;D03M;manha;D03
svm;agrupado;todos;4;treino;524;B1_EMB48_NIRRIG_REPROD00004.asd;B1;EMB48;NIRRIG;D03M;manha;D03
svm;agrupado;todos;4;treino;525;B1_EMB48_NIRRIG_REPROD00005.asd;B1;EMB48;NIRRIG;D03M;manha;D03
svm;agrupado;todos;4;treino;527;B1_EMB48_NIRRIG_REPROD00007.asd;B1;EMB48;NIRRIG;D03M;manha;D03
svm;agrupado;todos;4;treino;528;B2_EMB48_IRRIG_REPROD00000.asd;B2;EMB48;IRRIG;D03M;manha;D03
svm;agrupado;todos;4;treino;529;B2_EMB48_IRRIG_REPROD00001.asd;B2;EMB48;IRRIG;D03M;manha;D03
svm;agrupado;todos;4;treino;530;B2_EMB48_IRRIG_REPROD00002.asd;B2;EMB48;IRRIG;D03M;manha;D03
svm;agrupado;todos;4;treino;532;B2_EMB48_IRRIG_REPROD00004.asd;B2;EMB48;IRRIG;D03M;manha;D03
svm;agrupado;todos;4;treino;533;B2_EMB48_IRRIG_REPROD00005.asd;B2;EMB48;IRRIG;D03M;manha;D03
svm;agrupado;todos;4;treino;535;B2_EMB48_IRRIG_REPROD00007.asd;B2;EMB48;IRRIG;D03M;manha;D03
svm;agrupado;todos;4;treino;536;B2_EMB48_NIRRIG_REPROD00000.asd;B2;EMB48;NIRRIG;D03M;manha;D03
svm;agrupado;todos;4;treino;537;B2_EMB48_NIRRIG_REPROD00001.asd;B2;EMB48;NIRRIG;D03M;manha;D03
svm;agrupado;todos;4;treino;538;B2_EMB48_NIRRIG_REPROD00002.asd;B2;EMB48;NIRRIG;D03M;manha;D03
svm;agrupado;todos;4;treino;539;B2_EMB48_NIRRIG_REPROD00003.asd;B2;EMB48;NIRRIG;D03M;manha;D03
svm;agrupado;todos;4;treino;542;B2_EMB48_NIRRIG_REPROD00006.asd;B2;EMB48;NIRRIG;D03M;manha;D03
svm;agrupado;todos;4;treino;543;B2_EMB48_NIRRIG_REPROD00007.asd;B2;EMB48;NIRRIG;D03M;manha;D03
svm;agrupado;todos;4;treino;544;B3_EMB48_IRRIG_REPROD00000.asd;B3;EMB48;IRRIG;D03M;manha;D03
svm;agrupado;todos;4;treino;545;B3_EMB48_IRRIG_REPROD00001.asd;B3;EMB48;IRRIG;D03M;manha;D03
svm;agrupado;todos;4;treino;546;B3_EMB48_IRRIG_REPROD00002.asd;B3;EMB48;IRRIG;D03M;manha;D03
svm;agrupado;todos;4;treino;548;B3_EMB48_IRRIG_REPROD00004.asd;B3;EMB48;IRRIG;D03M;manha;D03
svm;agrupado;todos;4;treino;550;B3_EMB48_IRRIG_REPROD00006.asd;B3;EMB48;IRRIG;D03M;manha;D03
svm;agrupado;todos;4;treino;551;B3_EMB48_IRRIG_REPROD00007.asd;B3;EMB48;IRRIG;D03M;manha;D03
svm;agrupado;todos;4;treino;552;B3_EMB48_NIRRIG_REPROD00000.asd;B3;EMB48;NIRRIG;D03M;manha;D03
svm;agrupado;todos;4;treino;553;B3_EMB48_NIRRIG_REPROD00001.asd;B3;EMB48;NIRRIG;D03M;manha;D03
svm;agrupado;todos;4;treino;554;B3_EMB48_NIRRIG_REPROD00002.asd;B3;EMB48;NIRRIG;D03M;manha;D03
svm;agrupado;todos;4;treino;556;B3_EMB48_NIRRIG_REPROD00004.asd;B3;EMB48;NIRRIG;D03M;manha;D03
svm;agrupado;todos;4;treino;558;B3_EMB48_NIRRIG_REPROD00006.asd;B3;EMB48;NIRRIG;D03M;manha;D03
svm;agrupado;todos;4;treino;559;B3_EMB48_NIRRIG_REPROD00007.asd;B3;EMB48;NIRRIG;D03M;manha;D03
svm;agrupado;todos;4;treino;560;B4_EMB48_IRRIG_REPROD00000.asd;B4;EMB48;IRRIG;D03M;manha;D03
svm;agrupado;todos;4;treino;561;B4_EMB48_IRRIG_REPROD00001.asd;B4;EMB48;IRRIG;D03M;manha;D03
svm;agrupado;todos;4;treino;562;B4_EMB48_IRRIG_REPROD00002.asd;B4;EMB48;IRRIG;D03M;manha;D03
svm;agrupado;todos;4;treino;563;B4_EMB48_IRRIG_REPROD00003.asd;B4;EMB48;IRRIG;D03M;manha;D03
svm;agrupado;todos;4;treino;564;B4_EMB48_IRRIG_REPROD00004.asd;B4;EMB48;IRRIG;D03M;manha;D03
svm;agrupado;todos;4;treino;565;B4_EMB48_IRRIG_REPROD00005.asd;B4;EMB48;IRRIG;D03M;manha;D03
svm;agrupado;todos;4;treino;566;B4_EMB48_IRRIG_REPROD00006.asd;B4;EMB48;IRRIG;D03M;manha;D03
svm;agrupado;todos;4;treino;567;B4_EMB48_IRRIG_REPROD00007.asd;B4;EMB48;IRRIG;D03M;manha;D03
svm;agrupado;todos;4;treino;568;B4_EMB48_NIRRIG_REPROD00000.asd;B4;EMB48;NIRRIG;D03M;manha;D03
svm;agrupado;todos;4;treino;569;B4_EMB48_NIRRIG_REPROD00001.asd;B4;EMB48;NIRRIG;D03M;manha;D03
svm;agrupado;todos;4;treino;570;B4_EMB48_NIRRIG_REPROD00002.asd;B4;EMB48;NIRRIG;D03M;manha;D03
svm;agrupado;todos;4;treino;571;B4_EMB48_NIRRIG_REPROD00003.asd;B4;EMB48;NIRRIG;D03M;manha;D03
svm;agrupado;todos;4;treino;572;B4_EMB48_NIRRIG_REPROD00004.asd;B4;EMB48;NIRRIG;D03M;manha;D03
svm;agrupado;todos;4;treino;574;B4_EMB48_NIRRIG_REPROD00006.asd;B4;EMB48;NIRRIG;D03M;manha;D03
svm;agrupado;todos;4;treino;575;B4_EMB48_NIRRIG_REPROD00007.asd;B4;EMB48;NIRRIG;D03M;manha;D03
svm;agrupado;todos;4;treino;578;B1_BR16_IRRIG_REPROD00002.asd;B1;BR16;IRRIG;D03T;tarde;D03
svm;agrupado;todos;4;treino;579;B1_BR16_IRRIG_REPROD00003.asd;B1;BR16;IRRIG;D03T;tarde;D03
svm;agrupado;todos;4;treino;580;B1_BR16_IRRIG_REPROD00004.asd;B1;BR16;IRRIG;D03T;tarde;D03
svm;agrupado;todos;4;treino;581;B1_BR16_IRRIG_REPROD00005.asd;B1;BR16;IRRIG;D03T;tarde;D03
svm;agrupado;todos;4;treino;583;B1_BR16_IRRIG_REPROD00007.asd;B1;BR16;IRRIG;D03T;tarde;D03
svm;agrupado;todos;4;treino;584;B1_BR16_NIRRIG_REPROD00000.asd;B1;BR16;NIRRIG;D03T;tarde;D03
svm;agrupado;todos;4;treino;586;B1_BR16_NIRRIG_REPROD00002.asd;B1;BR16;NIRRIG;D03T;tarde;D03
svm;agrupado;todos;4;treino;587;B1_BR16_NIRRIG_REPROD00003.asd;B1;BR16;NIRRIG;D03T;tarde;D03
svm;agrupado;todos;4;treino;588;B1_BR16_NIRRIG_REPROD00004.asd;B1;BR16;NIRRIG;D03T;tarde;D03
svm;agrupado;todos;4;treino;589;B1_BR16_NIRRIG_REPROD00005.asd;B1;BR16;NIRRIG;D03T;tarde;D03
svm;agrupado;todos;4;treino;590;B1_BR16_NIRRIG_REPROD00006.asd;B1;BR16;NIRRIG;D03T;tarde;D03
svm;agrupado;todos;4;treino;591;B1_BR16_NIRRIG_REPROD00007.asd;B1;BR16;NIRRIG;D03T;tarde;D03
svm;agrupado;todos;4;treino;592;B2_BR16_IRRIG_REPROD00000.asd;B2;BR16;IRRIG;D03T;tarde;D03
svm;agrupado;todos;4;treino;593;B2_BR16_IRRIG_REPROD00001.asd;B2;BR16;IRRIG;D03T;tarde;D03
svm;agrupado;todos;4;treino;594;B2_BR16_IRRIG_REPROD00002.asd;B2;BR16;IRRIG;D03T;tarde;D03
svm;agrupado;todos;4;treino;595;B2_BR16_IRRIG_REPROD00003.asd;B2;BR16;IRRIG;D03T;tarde;D03
svm;agrupado;todos;4;treino;596;B2_BR16_IRRIG_REPROD00004.asd;B2;BR16;IRRIG;D03T;tarde;D03
svm;agrupado;todos;4;treino;597;B2_BR16_IRRIG_REPROD00005.asd;B2;BR16;IRRIG;D03T;tarde;D03
svm;agrupado;todos;4;treino;598;B2_BR16_IRRIG_REPROD00006.asd;B2;BR16;IRRIG;D03T;tarde;D03
svm;agrupado;todos;4;treino;600;B2_BR16_NIRRIG_REPROD00000.asd;B2;BR16;NIRRIG;D03T;tarde;D03
svm;agrupado;todos;4;treino;602;B2_BR16_NIRRIG_REPROD00002.asd;B2;BR16;NIRRIG;D03T;tarde;D03
svm;agrupado;todos;4;treino;604;B2_BR16_NIRRIG_REPROD00004.asd;B2;BR16;NIRRIG;D03T;tarde;D03
svm;agrupado;todos;4;treino;605;B2_BR16_NIRRIG_REPROD00005.asd;B2;BR16;NIRRIG;D03T;tarde;D03
svm;agrupado;todos;4;treino;606;B2_BR16_NIRRIG_REPROD00006.asd;B2;BR16;NIRRIG;D03T;tarde;D03
svm;agrupado;todos;4;treino;609;B3_BR16_IRRIG_REPROD00001.asd;B3;BR16;IRRIG;D03T;tarde;D03
svm;agrupado;todos;4;treino;610;B3_BR16_IRRIG_REPROD00002.asd;B3;BR16;IRRIG;D03T;tarde;D03
svm;agrupado;todos;4;treino;613;B3_BR16_IRRIG_REPROD00005.asd;B3;BR16;IRRIG;D03T;tarde;D03
svm;agrupado;todos;4;treino;614;B3_BR16_IRRIG_REPROD00006.asd;B3;BR16;IRRIG;D03T;tarde;D03
svm;agrupado;todos;4;treino;615;B3_BR16_IRRIG_REPROD00007.asd;B3;BR16;IRRIG;D03T;tarde;D03
svm;agrupado;todos;4;treino;617;B3_BR16_NIRRIG_REPROD00001.asd;B3;BR16;NIRRIG;D03T;tarde;D03
svm;agrupado;todos;4;treino;618;B3_BR16_NIRRIG_REPROD00002.asd;B3;BR16;NIRRIG;D03T;tarde;D03
svm;agrupado;todos;4;treino;619;B3_BR16_NIRRIG_REPROD00003.asd;B3;BR16;NIRRIG;D03T;tarde;D03
svm;agrupado;todos;4;treino;620;B3_BR16_NIRRIG_REPROD00004.asd;B3;BR16;NIRRIG;D03T;tarde;D03
svm;agrupado;todos;4;treino;621;B3_BR16_NIRRIG_REPROD00005.asd;B3;BR16;NIRRIG;D03T;tarde;D03
svm;agrupado;todos;4;treino;622;B3_BR16_NIRRIG_REPROD00006.asd;B3;BR16;NIRRIG;D03T;tarde;D03
svm;agrupado;todos;4;treino;623;B3_BR16_NIRRIG_REPROD00007.asd;B3;BR16;NIRRIG;D03T;tarde;D03
svm;agrupado;todos;4;treino;625;B4_BR16_IRRIG_REPROD00001.asd;B4;BR16;IRRIG;D03T;tarde;D03
svm;agrupado;todos;4;treino;626;B4_BR16_IRRIG_REPROD00002.asd;B4;BR16;IRRIG;D03T;tarde;D03
svm;agrupado;todos;4;treino;627;B4_BR16_IRRIG_REPROD00003.asd;B4;BR16;IRRIG;D03T;tarde;D03
svm;agrupado;todos;4;treino;629;B4_BR16_IRRIG_REPROD00005.asd;B4;BR16;IRRIG;D03T;tarde;D03
svm;agrupado;todos;4;treino;630;B4_BR16_IRRIG_REPROD00006.asd;B4;BR16;IRRIG;D03T;tarde;D03
svm;agrupado;todos;4;treino;631;B4_BR16_IRRIG_REPROD00007.asd;B4;BR16;IRRIG;D03T;tarde;D03
svm;agrupado;todos;4;treino;632;B4_BR16_NIRRIG_REPROD00000.asd;B4;BR16;NIRRIG;D03T;tarde;D03
svm;agrupado;todos;4;treino;633;B4_BR16_NIRRIG_REPROD00001.asd;B4;BR16;NIRRIG;D03T;tarde;D03
svm;agrupado;todos;4;treino;635;B4_BR16_NIRRIG_REPROD00003.asd;B4;BR16;NIRRIG;D03T;tarde;D03
svm;agrupado;todos;4;treino;636;B4_BR16_NIRRIG_REPROD00004.asd;B4;BR16;NIRRIG;D03T;tarde;D03
svm;agrupado;todos;4;treino;637;B4_BR16_NIRRIG_REPROD00005.asd;B4;BR16;NIRRIG;D03T;tarde;D03
svm;agrupado;todos;4;treino;639;B4_BR16_NIRRIG_REPROD00007.asd;B4;BR16;NIRRIG;D03T;tarde;D03
svm;agrupado;todos;4;treino;640;B1_CD202_IRRIG_REPROD00000.asd;B1;CD202;IRRIG;D03T;tarde;D03
svm;agrupado;todos;4;treino;641;B1_CD202_IRRIG_REPROD00001.asd;B1;CD202;IRRIG;D03T;tarde;D03
svm;agrupado;todos;4;treino;642;B1_CD202_IRRIG_REPROD00002.asd;B1;CD202;IRRIG;D03T;tarde;D03
svm;agrupado;todos;4;treino;643;B1_CD202_IRRIG_REPROD00003.asd;B1;CD202;IRRIG;D03T;tarde;D03
svm;agrupado;todos;4;treino;644;B1_CD202_IRRIG_REPROD00004.asd;B1;CD202;IRRIG;D03T;tarde;D03
svm;agrupado;todos;4;treino;645;B1_CD202_IRRIG_REPROD00005.asd;B1;CD202;IRRIG;D03T;tarde;D03
svm;agrupado;todos;4;treino;646;B1_CD202_IRRIG_REPROD00006.asd;B1;CD202;IRRIG;D03T;tarde;D03
svm;agrupado;todos;4;treino;648;B1_CD202_NIRRIG_REPROD00000.asd;B1;CD202;NIRRIG;D03T;tarde;D03
svm;agrupado;todos;4;treino;649;B1_CD202_NIRRIG_REPROD00001.asd;B1;CD202;NIRRIG;D03T;tarde;D03
svm;agrupado;todos;4;treino;650;B1_CD202_NIRRIG_REPROD00002.asd;B1;CD202;NIRRIG;D03T;tarde;D03
svm;agrupado;todos;4;treino;651;B1_CD202_NIRRIG_REPROD00003.asd;B1;CD202;NIRRIG;D03T;tarde;D03
svm;agrupado;todos;4;treino;652;B1_CD202_NIRRIG_REPROD00004.asd;B1;CD202;NIRRIG;D03T;tarde;D03
svm;agrupado;todos;4;treino;654;B1_CD202_NIRRIG_REPROD00006.asd;B1;CD202;NIRRIG;D03T;tarde;D03
svm;agrupado;todos;4;treino;655;B1_CD202_NIRRIG_REPROD00007.asd;B1;CD202;NIRRIG;D03T;tarde;D03
svm;agrupado;todos;4;treino;656;B2_CD202_IRRIG_REPROD00000.asd;B2;CD202;IRRIG;D03T;tarde;D03
svm;agrupado;todos;4;treino;657;B2_CD202_IRRIG_REPROD00001.asd;B2;CD202;IRRIG;D03T;tarde;D03
svm;agrupado;todos;4;treino;658;B2_CD202_IRRIG_REPROD00002.asd;B2;CD202;IRRIG;D03T;tarde;D03
svm;agrupado;todos;4;treino;659;B2_CD202_IRRIG_REPROD00003.asd;B2;CD202;IRRIG;D03T;tarde;D03
svm;agrupado;todos;4;treino;662;B2_CD202_IRRIG_REPROD00006.asd;B2;CD202;IRRIG;D03T;tarde;D03
svm;agrupado;todos;4;treino;665;B2_CD202_NIRRIG_REPROD00001.asd;B2;CD202;NIRRIG;D03T;tarde;D03
svm;agrupado;todos;4;treino;666;B2_CD202_NIRRIG_REPROD00002.asd;B2;CD202;NIRRIG;D03T;tarde;D03
svm;agrupado;todos;4;treino;667;B2_CD202_NIRRIG_REPROD00003.asd;B2;CD202;NIRRIG;D03T;tarde;D03
svm;agrupado;todos;4;treino;668;B2_CD202_NIRRIG_REPROD00004.asd;B2;CD202;NIRRIG;D03T;tarde;D03
svm;agrupado;todos;4;treino;669;B2_CD202_NIRRIG_REPROD00005.asd;B2;CD202;NIRRIG;D03T;tarde;D03
svm;agrupado;todos;4;treino;670;B2_CD202_NIRRIG_REPROD00006.asd;B2;CD202;NIRRIG;D03T;tarde;D03
svm;agrupado;todos;4;treino;671;B2_CD202_NIRRIG_REPROD00007.asd;B2;CD202;NIRRIG;D03T;tarde;D03
svm;agrupado;todos;4;treino;672;B3_CD202_IRRIG_REPROD00000.asd;B3;CD202;IRRIG;D03T;tarde;D03
svm;agrupado;todos;4;treino;673;B3_CD202_IRRIG_REPROD00001.asd;B3;CD202;IRRIG;D03T;tarde;D03
svm;agrupado;todos;4;treino;674;B3_CD202_IRRIG_REPROD00002.asd;B3;CD202;IRRIG;D03T;tarde;D03
svm;agrupado;todos;4;treino;675;B3_CD202_IRRIG_REPROD00003.asd;B3;CD202;IRRIG;D03T;tarde;D03
svm;agrupado;todos;4;treino;676;B3_CD202_IRRIG_REPROD00004.asd;B3;CD202;IRRIG;D03T;tarde;D03
svm;agrupado;todos;4;treino;677;B3_CD202_IRRIG_REPROD00005.asd;B3;CD202;IRRIG;D03T;tarde;D03
svm;agrupado;todos;4;treino;678;B3_CD202_IRRIG_REPROD00006.asd;B3;CD202;IRRIG;D03T;tarde;D03
svm;agrupado;todos;4;treino;679;B3_CD202_IRRIG_REPROD00007.asd;B3;CD202;IRRIG;D03T;tarde;D03
svm;agrupado;todos;4;treino;681;B3_CD202_NIRRIG_REPROD00001.asd;B3;CD202;NIRRIG;D03T;tarde;D03
svm;agrupado;todos;4;treino;682;B3_CD202_NIRRIG_REPROD00002.asd;B3;CD202;NIRRIG;D03T;tarde;D03
svm;agrupado;todos;4;treino;683;B3_CD202_NIRRIG_REPROD00003.asd;B3;CD202;NIRRIG;D03T;tarde;D03
svm;agrupado;todos;4;treino;684;B3_CD202_NIRRIG_REPROD00004.asd;B3;CD202;NIRRIG;D03T;tarde;D03
svm;agrupado;todos;4;treino;685;B3_CD202_NIRRIG_REPROD00005.asd;B3;CD202;NIRRIG;D03T;tarde;D03
svm;agrupado;todos;4;treino;687;B3_CD202_NIRRIG_REPROD00007.asd;B3;CD202;NIRRIG;D03T;tarde;D03
svm;agrupado;todos;4;treino;689;B4_CD202_IRRIG_REPROD00001.asd;B4;CD202;IRRIG;D03T;tarde;D03
svm;agrupado;todos;4;treino;690;B4_CD202_IRRIG_REPROD00002.asd;B4;CD202;IRRIG;D03T;tarde;D03
svm;agrupado;todos;4;treino;691;B4_CD202_IRRIG_REPROD00003.asd;B4;CD202;IRRIG;D03T;tarde;D03
svm;agrupado;todos;4;treino;693;B4_CD202_IRRIG_REPROD00005.asd;B4;CD202;IRRIG;D03T;tarde;D03
svm;agrupado;todos;4;treino;694;B4_CD202_IRRIG_REPROD00006.asd;B4;CD202;IRRIG;D03T;tarde;D03
svm;agrupado;todos;4;treino;695;B4_CD202_IRRIG_REPROD00007.asd;B4;CD202;IRRIG;D03T;tarde;D03
svm;agrupado;todos;4;treino;696;B4_CD202_NIRRIG_REPROD00000.asd;B4;CD202;NIRRIG;D03T;tarde;D03
svm;agrupado;todos;4;treino;697;B4_CD202_NIRRIG_REPROD00001.asd;B4;CD202;NIRRIG;D03T;tarde;D03
svm;agrupado;todos;4;treino;698;B4_CD202_NIRRIG_REPROD00002.asd;B4;CD202;NIRRIG;D03T;tarde;D03
svm;agrupado;todos;4;treino;701;B4_CD202_NIRRIG_REPROD00005.asd;B4;CD202;NIRRIG;D03T;tarde;D03
svm;agrupado;todos;4;treino;703;B4_CD202_NIRRIG_REPROD00007.asd;B4;CD202;NIRRIG;D03T;tarde;D03
svm;agrupado;todos;4;treino;704;B1_EMB48_IRRIG_REPROD00000.asd;B1;EMB48;IRRIG;D03T;tarde;D03
svm;agrupado;todos;4;treino;705;B1_EMB48_IRRIG_REPROD00001.asd;B1;EMB48;IRRIG;D03T;tarde;D03
svm;agrupado;todos;4;treino;706;B1_EMB48_IRRIG_REPROD00002.asd;B1;EMB48;IRRIG;D03T;tarde;D03
svm;agrupado;todos;4;treino;707;B1_EMB48_IRRIG_REPROD00003.asd;B1;EMB48;IRRIG;D03T;tarde;D03
svm;agrupado;todos;4;treino;708;B1_EMB48_IRRIG_REPROD00004.asd;B1;EMB48;IRRIG;D03T;tarde;D03
svm;agrupado;todos;4;treino;709;B1_EMB48_IRRIG_REPROD00005.asd;B1;EMB48;IRRIG;D03T;tarde;D03
svm;agrupado;todos;4;treino;710;B1_EMB48_IRRIG_REPROD00006.asd;B1;EMB48;IRRIG;D03T;tarde;D03
svm;agrupado;todos;4;treino;711;B1_EMB48_IRRIG_REPROD00007.asd;B1;EMB48;IRRIG;D03T;tarde;D03
svm;agrupado;todos;4;treino;712;B1_EMB48_NIRRIG_REPROD00000.asd;B1;EMB48;NIRRIG;D03T;tarde;D03
svm;agrupado;todos;4;treino;713;B1_EMB48_NIRRIG_REPROD00001.asd;B1;EMB48;NIRRIG;D03T;tarde;D03
svm;agrupado;todos;4;treino;714;B1_EMB48_NIRRIG_REPROD00002.asd;B1;EMB48;NIRRIG;D03T;tarde;D03
svm;agrupado;todos;4;treino;715;B1_EMB48_NIRRIG_REPROD00003.asd;B1;EMB48;NIRRIG;D03T;tarde;D03
svm;agrupado;todos;4;treino;716;B1_EMB48_NIRRIG_REPROD00004.asd;B1;EMB48;NIRRIG;D03T;tarde;D03
svm;agrupado;todos;4;treino;717;B1_EMB48_NIRRIG_REPROD00005.asd;B1;EMB48;NIRRIG;D03T;tarde;D03
svm;agrupado;todos;4;treino;719;B1_EMB48_NIRRIG_REPROD00007.asd;B1;EMB48;NIRRIG;D03T;tarde;D03
svm;agrupado;todos;4;treino;720;B2_EMB48_IRRIG_REPROD00000.asd;B2;EMB48;IRRIG;D03T;tarde;D03
svm;agrupado;todos;4;treino;721;B2_EMB48_IRRIG_REPROD00001.asd;B2;EMB48;IRRIG;D03T;tarde;D03
svm;agrupado;todos;4;treino;722;B2_EMB48_IRRIG_REPROD00002.asd;B2;EMB48;IRRIG;D03T;tarde;D03
svm;agrupado;todos;4;treino;724;B2_EMB48_IRRIG_REPROD00004.asd;B2;EMB48;IRRIG;D03T;tarde;D03
svm;agrupado;todos;4;treino;725;B2_EMB48_IRRIG_REPROD00005.asd;B2;EMB48;IRRIG;D03T;tarde;D03
svm;agrupado;todos;4;treino;727;B2_EMB48_IRRIG_REPROD00007.asd;B2;EMB48;IRRIG;D03T;tarde;D03
svm;agrupado;todos;4;treino;728;B2_EMB48_NIRRIG_REPROD00000.asd;B2;EMB48;NIRRIG;D03T;tarde;D03
svm;agrupado;todos;4;treino;729;B2_EMB48_NIRRIG_REPROD00001.asd;B2;EMB48;NIRRIG;D03T;tarde;D03
svm;agrupado;todos;4;treino;730;B2_EMB48_NIRRIG_REPROD00002.asd;B2;EMB48;NIRRIG;D03T;tarde;D03
svm;agrupado;todos;4;treino;731;B2_EMB48_NIRRIG_REPROD00003.asd;B2;EMB48;NIRRIG;D03T;tarde;D03
svm;agrupado;todos;4;treino;734;B2_EMB48_NIRRIG_REPROD00006.asd;B2;EMB48;NIRRIG;D03T;tarde;D03
svm;agrupado;todos;4;treino;735;B2_EMB48_NIRRIG_REPROD00007.asd;B2;EMB48;NIRRIG;D03T;tarde;D03
svm;agrupado;todos;4;treino;736;B3_EMB48_IRRIG_REPROD00000.asd;B3;EMB48;IRRIG;D03T;tarde;D03
svm;agrupado;todos;4;treino;737;B3_EMB48_IRRIG_REPROD00001.asd;B3;EMB48;IRRIG;D03T;tarde;D03
svm;agrupado;todos;4;treino;738;B3_EMB48_IRRIG_REPROD00002.asd;B3;EMB48;IRRIG;D03T;tarde;D03
svm;agrupado;todos;4;treino;740;B3_EMB48_IRRIG_REPROD00004.asd;B3;EMB48;IRRIG;D03T;tarde;D03
svm;agrupado;todos;4;treino;742;B3_EMB48_IRRIG_REPROD00006.asd;B3;EMB48;IRRIG;D03T;tarde;D03
svm;agrupado;todos;4;treino;743;B3_EMB48_IRRIG_REPROD00007.asd;B3;EMB48;IRRIG;D03T;tarde;D03
svm;agrupado;todos;4;treino;744;B3_EMB48_NIRRIG_REPROD00000.asd;B3;EMB48;NIRRIG;D03T;tarde;D03
svm;agrupado;todos;4;treino;745;B3_EMB48_NIRRIG_REPROD00001.asd;B3;EMB48;NIRRIG;D03T;tarde;D03
svm;agrupado;todos;4;treino;746;B3_EMB48_NIRRIG_REPROD00002.asd;B3;EMB48;NIRRIG;D03T;tarde;D03
svm;agrupado;todos;4;treino;748;B3_EMB48_NIRRIG_REPROD00004.asd;B3;EMB48;NIRRIG;D03T;tarde;D03
svm;agrupado;todos;4;treino;750;B3_EMB48_NIRRIG_REPROD00006.asd;B3;EMB48;NIRRIG;D03T;tarde;D03
svm;agrupado;todos;4;treino;751;B3_EMB48_NIRRIG_REPROD00007.asd;B3;EMB48;NIRRIG;D03T;tarde;D03
svm;agrupado;todos;4;treino;752;B4_EMB48_IRRIG_REPROD00000.asd;B4;EMB48;IRRIG;D03T;tarde;D03
svm;agrupado;todos;4;treino;753;B4_EMB48_IRRIG_REPROD00001.asd;B4;EMB48;IRRIG;D03T;tarde;D03
svm;agrupado;todos;4;treino;754;B4_EMB48_IRRIG_REPROD00002.asd;B4;EMB48;IRRIG;D03T;tarde;D03
svm;agrupado;todos;4;treino;755;B4_EMB48_IRRIG_REPROD00003.asd;B4;EMB48;IRRIG;D03T;tarde;D03
svm;agrupado;todos;4;treino;756;B4_EMB48_IRRIG_REPROD00004.asd;B4;EMB48;IRRIG;D03T;tarde;D03
svm;agrupado;todos;4;treino;757;B4_EMB48_IRRIG_REPROD00005.asd;B4;EMB48;IRRIG;D03T;tarde;D03
svm;agrupado;todos;4;treino;758;B4_EMB48_IRRIG_REPROD00006.asd;B4;EMB48;IRRIG;D03T;tarde;D03
svm;agrupado;todos;4;treino;759;B4_EMB48_IRRIG_REPROD00007.asd;B4;EMB48;IRRIG;D03T;tarde;D03
svm;agrupado;todos;4;treino;760;B4_EMB48_NIRRIG_REPROD00000.asd;B4;EMB48;NIRRIG;D03T;tarde;D03
svm;agrupado;todos;4;treino;761;B4_EMB48_NIRRIG_REPROD00001.asd;B4;EMB48;NIRRIG;D03T;tarde;D03
svm;agrupado;todos;4;treino;762;B4_EMB48_NIRRIG_REPROD00002.asd;B4;EMB48;NIRRIG;D03T;tarde;D03
svm;agrupado;todos;4;treino;763;B4_EMB48_NIRRIG_REPROD00003.asd;B4;EMB48;NIRRIG;D03T;tarde;D03
svm;agrupado;todos;4;treino;764;B4_EMB48_NIRRIG_REPROD00004.asd;B4;EMB48;NIRRIG;D03T;tarde;D03
svm;agrupado;todos;4;treino;766;B4_EMB48_NIRRIG_REPROD00006.asd;B4;EMB48;NIRRIG;D03T;tarde;D03
svm;agrupado;todos;4;treino;767;B4_EMB48_NIRRIG_REPROD00007.asd;B4;EMB48;NIRRIG;D03T;tarde;D03
svm;agrupado;todos;4;treino;770;B1_BR16_IRRIG_REPROD00002.asd;B1;BR16;IRRIG;D04M;manha;D04
svm;agrupado;todos;4;treino;771;B1_BR16_IRRIG_REPROD00003.asd;B1;BR16;IRRIG;D04M;manha;D04
svm;agrupado;todos;4;treino;772;B1_BR16_IRRIG_REPROD00004.asd;B1;BR16;IRRIG;D04M;manha;D04
svm;agrupado;todos;4;treino;773;B1_BR16_IRRIG_REPROD00005.asd;B1;BR16;IRRIG;D04M;manha;D04
svm;agrupado;todos;4;treino;775;B1_BR16_IRRIG_REPROD00007.asd;B1;BR16;IRRIG;D04M;manha;D04
svm;agrupado;todos;4;treino;776;B1_BR16_NIRRIG_REPROD00000.asd;B1;BR16;NIRRIG;D04M;manha;D04
svm;agrupado;todos;4;treino;778;B1_BR16_NIRRIG_REPROD00002.asd;B1;BR16;NIRRIG;D04M;manha;D04
svm;agrupado;todos;4;treino;779;B1_BR16_NIRRIG_REPROD00003.asd;B1;BR16;NIRRIG;D04M;manha;D04
svm;agrupado;todos;4;treino;780;B1_BR16_NIRRIG_REPROD00004.asd;B1;BR16;NIRRIG;D04M;manha;D04
svm;agrupado;todos;4;treino;781;B1_BR16_NIRRIG_REPROD00005.asd;B1;BR16;NIRRIG;D04M;manha;D04
svm;agrupado;todos;4;treino;782;B1_BR16_NIRRIG_REPROD00006.asd;B1;BR16;NIRRIG;D04M;manha;D04
svm;agrupado;todos;4;treino;783;B1_BR16_NIRRIG_REPROD00007.asd;B1;BR16;NIRRIG;D04M;manha;D04
svm;agrupado;todos;4;treino;784;B2_BR16_IRRIG_REPROD00000.asd;B2;BR16;IRRIG;D04M;manha;D04
svm;agrupado;todos;4;treino;785;B2_BR16_IRRIG_REPROD00001.asd;B2;BR16;IRRIG;D04M;manha;D04
svm;agrupado;todos;4;treino;786;B2_BR16_IRRIG_REPROD00002.asd;B2;BR16;IRRIG;D04M;manha;D04
svm;agrupado;todos;4;treino;787;B2_BR16_IRRIG_REPROD00003.asd;B2;BR16;IRRIG;D04M;manha;D04
svm;agrupado;todos;4;treino;788;B2_BR16_IRRIG_REPROD00004.asd;B2;BR16;IRRIG;D04M;manha;D04
svm;agrupado;todos;4;treino;789;B2_BR16_IRRIG_REPROD00005.asd;B2;BR16;IRRIG;D04M;manha;D04
svm;agrupado;todos;4;treino;790;B2_BR16_IRRIG_REPROD00006.asd;B2;BR16;IRRIG;D04M;manha;D04
svm;agrupado;todos;4;treino;792;B2_BR16_NIRRIG_REPROD00000.asd;B2;BR16;NIRRIG;D04M;manha;D04
svm;agrupado;todos;4;treino;794;B2_BR16_NIRRIG_REPROD00002.asd;B2;BR16;NIRRIG;D04M;manha;D04
svm;agrupado;todos;4;treino;796;B2_BR16_NIRRIG_REPROD00004.asd;B2;BR16;NIRRIG;D04M;manha;D04
svm;agrupado;todos;4;treino;797;B2_BR16_NIRRIG_REPROD00005.asd;B2;BR16;NIRRIG;D04M;manha;D04
svm;agrupado;todos;4;treino;798;B2_BR16_NIRRIG_REPROD00006.asd;B2;BR16;NIRRIG;D04M;manha;D04
svm;agrupado;todos;4;treino;801;B3_BR16_IRRIG_REPROD00001.asd;B3;BR16;IRRIG;D04M;manha;D04
svm;agrupado;todos;4;treino;802;B3_BR16_IRRIG_REPROD00002.asd;B3;BR16;IRRIG;D04M;manha;D04
svm;agrupado;todos;4;treino;805;B3_BR16_IRRIG_REPROD00005.asd;B3;BR16;IRRIG;D04M;manha;D04
svm;agrupado;todos;4;treino;806;B3_BR16_IRRIG_REPROD00006.asd;B3;BR16;IRRIG;D04M;manha;D04
svm;agrupado;todos;4;treino;807;B3_BR16_IRRIG_REPROD00007.asd;B3;BR16;IRRIG;D04M;manha;D04
svm;agrupado;todos;4;treino;809;B3_BR16_NIRRIG_REPROD00001.asd;B3;BR16;NIRRIG;D04M;manha;D04
svm;agrupado;todos;4;treino;810;B3_BR16_NIRRIG_REPROD00002.asd;B3;BR16;NIRRIG;D04M;manha;D04
svm;agrupado;todos;4;treino;811;B3_BR16_NIRRIG_REPROD00003.asd;B3;BR16;NIRRIG;D04M;manha;D04
svm;agrupado;todos;4;treino;812;B3_BR16_NIRRIG_REPROD00004.asd;B3;BR16;NIRRIG;D04M;manha;D04
svm;agrupado;todos;4;treino;813;B3_BR16_NIRRIG_REPROD00005.asd;B3;BR16;NIRRIG;D04M;manha;D04
svm;agrupado;todos;4;treino;814;B3_BR16_NIRRIG_REPROD00006.asd;B3;BR16;NIRRIG;D04M;manha;D04
svm;agrupado;todos;4;treino;815;B3_BR16_NIRRIG_REPROD00007.asd;B3;BR16;NIRRIG;D04M;manha;D04
svm;agrupado;todos;4;treino;817;B4_BR16_IRRIG_REPROD00001.asd;B4;BR16;IRRIG;D04M;manha;D04
svm;agrupado;todos;4;treino;818;B4_BR16_IRRIG_REPROD00002.asd;B4;BR16;IRRIG;D04M;manha;D04
svm;agrupado;todos;4;treino;819;B4_BR16_IRRIG_REPROD00003.asd;B4;BR16;IRRIG;D04M;manha;D04
svm;agrupado;todos;4;treino;821;B4_BR16_IRRIG_REPROD00005.asd;B4;BR16;IRRIG;D04M;manha;D04
svm;agrupado;todos;4;treino;822;B4_BR16_IRRIG_REPROD00006.asd;B4;BR16;IRRIG;D04M;manha;D04
svm;agrupado;todos;4;treino;823;B4_BR16_IRRIG_REPROD00007.asd;B4;BR16;IRRIG;D04M;manha;D04
svm;agrupado;todos;4;treino;824;B4_BR16_NIRRIG_REPROD00000.asd;B4;BR16;NIRRIG;D04M;manha;D04
svm;agrupado;todos;4;treino;825;B4_BR16_NIRRIG_REPROD00001.asd;B4;BR16;NIRRIG;D04M;manha;D04
svm;agrupado;todos;4;treino;827;B4_BR16_NIRRIG_REPROD00003.asd;B4;BR16;NIRRIG;D04M;manha;D04
svm;agrupado;todos;4;treino;828;B4_BR16_NIRRIG_REPROD00004.asd;B4;BR16;NIRRIG;D04M;manha;D04
svm;agrupado;todos;4;treino;829;B4_BR16_NIRRIG_REPROD00005.asd;B4;BR16;NIRRIG;D04M;manha;D04
svm;agrupado;todos;4;treino;831;B4_BR16_NIRRIG_REPROD00007.asd;B4;BR16;NIRRIG;D04M;manha;D04
svm;agrupado;todos;4;treino;832;B1_CD202_IRRIG_REPROD00000.asd;B1;CD202;IRRIG;D04M;manha;D04
svm;agrupado;todos;4;treino;833;B1_CD202_IRRIG_REPROD00001.asd;B1;CD202;IRRIG;D04M;manha;D04
svm;agrupado;todos;4;treino;834;B1_CD202_IRRIG_REPROD00002.asd;B1;CD202;IRRIG;D04M;manha;D04
svm;agrupado;todos;4;treino;835;B1_CD202_IRRIG_REPROD00003.asd;B1;CD202;IRRIG;D04M;manha;D04
svm;agrupado;todos;4;treino;836;B1_CD202_IRRIG_REPROD00004.asd;B1;CD202;IRRIG;D04M;manha;D04
svm;agrupado;todos;4;treino;837;B1_CD202_IRRIG_REPROD00005.asd;B1;CD202;IRRIG;D04M;manha;D04
svm;agrupado;todos;4;treino;838;B1_CD202_IRRIG_REPROD00006.asd;B1;CD202;IRRIG;D04M;manha;D04
svm;agrupado;todos;4;treino;840;B1_CD202_NIRRIG_REPROD00000.asd;B1;CD202;NIRRIG;D04M;manha;D04
svm;agrupado;todos;4;treino;841;B1_CD202_NIRRIG_REPROD00001.asd;B1;CD202;NIRRIG;D04M;manha;D04
svm;agrupado;todos;4;treino;842;B1_CD202_NIRRIG_REPROD00002.asd;B1;CD202;NIRRIG;D04M;manha;D04
svm;agrupado;todos;4;treino;843;B1_CD202_NIRRIG_REPROD00003.asd;B1;CD202;NIRRIG;D04M;manha;D04
svm;agrupado;todos;4;treino;844;B1_CD202_NIRRIG_REPROD00004.asd;B1;CD202;NIRRIG;D04M;manha;D04
svm;agrupado;todos;4;treino;846;B1_CD202_NIRRIG_REPROD00006.asd;B1;CD202;NIRRIG;D04M;manha;D04
svm;agrupado;todos;4;treino;847;B1_CD202_NIRRIG_REPROD00007.asd;B1;CD202;NIRRIG;D04M;manha;D04
svm;agrupado;todos;4;treino;848;B2_CD202_IRRIG_REPROD00000.asd;B2;CD202;IRRIG;D04M;manha;D04
svm;agrupado;todos;4;treino;849;B2_CD202_IRRIG_REPROD00001.asd;B2;CD202;IRRIG;D04M;manha;D04
svm;agrupado;todos;4;treino;850;B2_CD202_IRRIG_REPROD00002.asd;B2;CD202;IRRIG;D04M;manha;D04
svm;agrupado;todos;4;treino;851;B2_CD202_IRRIG_REPROD00003.asd;B2;CD202;IRRIG;D04M;manha;D04
svm;agrupado;todos;4;treino;854;B2_CD202_IRRIG_REPROD00006.asd;B2;CD202;IRRIG;D04M;manha;D04
svm;agrupado;todos;4;treino;857;B2_CD202_NIRRIG_REPROD00001.asd;B2;CD202;NIRRIG;D04M;manha;D04
svm;agrupado;todos;4;treino;858;B2_CD202_NIRRIG_REPROD00002.asd;B2;CD202;NIRRIG;D04M;manha;D04
svm;agrupado;todos;4;treino;859;B2_CD202_NIRRIG_REPROD00003.asd;B2;CD202;NIRRIG;D04M;manha;D04
svm;agrupado;todos;4;treino;860;B2_CD202_NIRRIG_REPROD00004.asd;B2;CD202;NIRRIG;D04M;manha;D04
svm;agrupado;todos;4;treino;861;B2_CD202_NIRRIG_REPROD00005.asd;B2;CD202;NIRRIG;D04M;manha;D04
svm;agrupado;todos;4;treino;862;B2_CD202_NIRRIG_REPROD00006.asd;B2;CD202;NIRRIG;D04M;manha;D04
svm;agrupado;todos;4;treino;863;B2_CD202_NIRRIG_REPROD00007.asd;B2;CD202;NIRRIG;D04M;manha;D04
svm;agrupado;todos;4;treino;864;B3_CD202_IRRIG_REPROD00000.asd;B3;CD202;IRRIG;D04M;manha;D04
svm;agrupado;todos;4;treino;865;B3_CD202_IRRIG_REPROD00001.asd;B3;CD202;IRRIG;D04M;manha;D04
svm;agrupado;todos;4;treino;866;B3_CD202_IRRIG_REPROD00002.asd;B3;CD202;IRRIG;D04M;manha;D04
svm;agrupado;todos;4;treino;867;B3_CD202_IRRIG_REPROD00003.asd;B3;CD202;IRRIG;D04M;manha;D04
svm;agrupado;todos;4;treino;868;B3_CD202_IRRIG_REPROD00004.asd;B3;CD202;IRRIG;D04M;manha;D04
svm;agrupado;todos;4;treino;869;B3_CD202_IRRIG_REPROD00005.asd;B3;CD202;IRRIG;D04M;manha;D04
svm;agrupado;todos;4;treino;870;B3_CD202_IRRIG_REPROD00006.asd;B3;CD202;IRRIG;D04M;manha;D04
svm;agrupado;todos;4;treino;871;B3_CD202_IRRIG_REPROD00007.asd;B3;CD202;IRRIG;D04M;manha;D04
svm;agrupado;todos;4;treino;873;B3_CD202_NIRRIG_REPROD00001.asd;B3;CD202;NIRRIG;D04M;manha;D04
svm;agrupado;todos;4;treino;874;B3_CD202_NIRRIG_REPROD00002.asd;B3;CD202;NIRRIG;D04M;manha;D04
svm;agrupado;todos;4;treino;875;B3_CD202_NIRRIG_REPROD00003.asd;B3;CD202;NIRRIG;D04M;manha;D04
svm;agrupado;todos;4;treino;876;B3_CD202_NIRRIG_REPROD00004.asd;B3;CD202;NIRRIG;D04M;manha;D04
svm;agrupado;todos;4;treino;877;B3_CD202_NIRRIG_REPROD00005.asd;B3;CD202;NIRRIG;D04M;manha;D04
svm;agrupado;todos;4;treino;879;B3_CD202_NIRRIG_REPROD00007.asd;B3;CD202;NIRRIG;D04M;manha;D04
svm;agrupado;todos;4;treino;881;B4_CD202_IRRIG_REPROD00001.asd;B4;CD202;IRRIG;D04M;manha;D04
svm;agrupado;todos;4;treino;882;B4_CD202_IRRIG_REPROD00002.asd;B4;CD202;IRRIG;D04M;manha;D04
svm;agrupado;todos;4;treino;883;B4_CD202_IRRIG_REPROD00003.asd;B4;CD202;IRRIG;D04M;manha;D04
svm;agrupado;todos;4;treino;885;B4_CD202_IRRIG_REPROD00005.asd;B4;CD202;IRRIG;D04M;manha;D04
svm;agrupado;todos;4;treino;886;B4_CD202_IRRIG_REPROD00006.asd;B4;CD202;IRRIG;D04M;manha;D04
svm;agrupado;todos;4;treino;887;B4_CD202_IRRIG_REPROD00007.asd;B4;CD202;IRRIG;D04M;manha;D04
svm;agrupado;todos;4;treino;888;B4_CD202_NIRRIG_REPROD00000.asd;B4;CD202;NIRRIG;D04M;manha;D04
svm;agrupado;todos;4;treino;889;B4_CD202_NIRRIG_REPROD00001.asd;B4;CD202;NIRRIG;D04M;manha;D04
svm;agrupado;todos;4;treino;890;B4_CD202_NIRRIG_REPROD00002.asd;B4;CD202;NIRRIG;D04M;manha;D04
svm;agrupado;todos;4;treino;893;B4_CD202_NIRRIG_REPROD00005.asd;B4;CD202;NIRRIG;D04M;manha;D04
svm;agrupado;todos;4;treino;895;B4_CD202_NIRRIG_REPROD00007.asd;B4;CD202;NIRRIG;D04M;manha;D04
svm;agrupado;todos;4;treino;896;B1_EMB48_IRRIG_REPROD00000.asd;B1;EMB48;IRRIG;D04M;manha;D04
svm;agrupado;todos;4;treino;897;B1_EMB48_IRRIG_REPROD00001.asd;B1;EMB48;IRRIG;D04M;manha;D04
svm;agrupado;todos;4;treino;898;B1_EMB48_IRRIG_REPROD00002.asd;B1;EMB48;IRRIG;D04M;manha;D04
svm;agrupado;todos;4;treino;899;B1_EMB48_IRRIG_REPROD00003.asd;B1;EMB48;IRRIG;D04M;manha;D04
svm;agrupado;todos;4;treino;900;B1_EMB48_IRRIG_REPROD00004.asd;B1;EMB48;IRRIG;D04M;manha;D04
svm;agrupado;todos;4;treino;901;B1_EMB48_IRRIG_REPROD00005.asd;B1;EMB48;IRRIG;D04M;manha;D04
svm;agrupado;todos;4;treino;902;B1_EMB48_IRRIG_REPROD00006.asd;B1;EMB48;IRRIG;D04M;manha;D04
svm;agrupado;todos;4;treino;903;B1_EMB48_IRRIG_REPROD00007.asd;B1;EMB48;IRRIG;D04M;manha;D04
svm;agrupado;todos;4;treino;904;B1_EMB48_NIRRIG_REPROD00000.asd;B1;EMB48;NIRRIG;D04M;manha;D04
svm;agrupado;todos;4;treino;905;B1_EMB48_NIRRIG_REPROD00001.asd;B1;EMB48;NIRRIG;D04M;manha;D04
svm;agrupado;todos;4;treino;906;B1_EMB48_NIRRIG_REPROD00002.asd;B1;EMB48;NIRRIG;D04M;manha;D04
svm;agrupado;todos;4;treino;907;B1_EMB48_NIRRIG_REPROD00003.asd;B1;EMB48;NIRRIG;D04M;manha;D04
svm;agrupado;todos;4;treino;908;B1_EMB48_NIRRIG_REPROD00004.asd;B1;EMB48;NIRRIG;D04M;manha;D04
svm;agrupado;todos;4;treino;909;B1_EMB48_NIRRIG_REPROD00005.asd;B1;EMB48;NIRRIG;D04M;manha;D04
svm;agrupado;todos;4;treino;911;B1_EMB48_NIRRIG_REPROD00007.asd;B1;EMB48;NIRRIG;D04M;manha;D04
svm;agrupado;todos;4;treino;912;B2_EMB48_IRRIG_REPROD00000.asd;B2;EMB48;IRRIG;D04M;manha;D04
svm;agrupado;todos;4;treino;913;B2_EMB48_IRRIG_REPROD00001.asd;B2;EMB48;IRRIG;D04M;manha;D04
svm;agrupado;todos;4;treino;914;B2_EMB48_IRRIG_REPROD00002.asd;B2;EMB48;IRRIG;D04M;manha;D04
svm;agrupado;todos;4;treino;916;B2_EMB48_IRRIG_REPROD00004.asd;B2;EMB48;IRRIG;D04M;manha;D04
svm;agrupado;todos;4;treino;917;B2_EMB48_IRRIG_REPROD00005.asd;B2;EMB48;IRRIG;D04M;manha;D04
svm;agrupado;todos;4;treino;919;B2_EMB48_IRRIG_REPROD00007.asd;B2;EMB48;IRRIG;D04M;manha;D04
svm;agrupado;todos;4;treino;920;B2_EMB48_NIRRIG_REPROD00000.asd;B2;EMB48;NIRRIG;D04M;manha;D04
svm;agrupado;todos;4;treino;921;B2_EMB48_NIRRIG_REPROD00001.asd;B2;EMB48;NIRRIG;D04M;manha;D04
svm;agrupado;todos;4;treino;922;B2_EMB48_NIRRIG_REPROD00002.asd;B2;EMB48;NIRRIG;D04M;manha;D04
svm;agrupado;todos;4;treino;923;B2_EMB48_NIRRIG_REPROD00003.asd;B2;EMB48;NIRRIG;D04M;manha;D04
svm;agrupado;todos;4;treino;926;B2_EMB48_NIRRIG_REPROD00006.asd;B2;EMB48;NIRRIG;D04M;manha;D04
svm;agrupado;todos;4;treino;927;B2_EMB48_NIRRIG_REPROD00007.asd;B2;EMB48;NIRRIG;D04M;manha;D04
svm;agrupado;todos;4;treino;928;B3_EMB48_IRRIG_REPROD00000.asd;B3;EMB48;IRRIG;D04M;manha;D04
svm;agrupado;todos;4;treino;929;B3_EMB48_IRRIG_REPROD00001.asd;B3;EMB48;IRRIG;D04M;manha;D04
svm;agrupado;todos;4;treino;930;B3_EMB48_IRRIG_REPROD00002.asd;B3;EMB48;IRRIG;D04M;manha;D04
svm;agrupado;todos;4;treino;932;B3_EMB48_IRRIG_REPROD00004.asd;B3;EMB48;IRRIG;D04M;manha;D04
svm;agrupado;todos;4;treino;934;B3_EMB48_IRRIG_REPROD00006.asd;B3;EMB48;IRRIG;D04M;manha;D04
svm;agrupado;todos;4;treino;935;B3_EMB48_IRRIG_REPROD00007.asd;B3;EMB48;IRRIG;D04M;manha;D04
svm;agrupado;todos;4;treino;936;B3_EMB48_NIRRIG_REPROD00000.asd;B3;EMB48;NIRRIG;D04M;manha;D04
svm;agrupado;todos;4;treino;937;B3_EMB48_NIRRIG_REPROD00001.asd;B3;EMB48;NIRRIG;D04M;manha;D04
svm;agrupado;todos;4;treino;938;B3_EMB48_NIRRIG_REPROD00002.asd;B3;EMB48;NIRRIG;D04M;manha;D04
svm;agrupado;todos;4;treino;940;B3_EMB48_NIRRIG_REPROD00004.asd;B3;EMB48;NIRRIG;D04M;manha;D04
svm;agrupado;todos;4;treino;942;B3_EMB48_NIRRIG_REPROD00006.asd;B3;EMB48;NIRRIG;D04M;manha;D04
svm;agrupado;todos;4;treino;943;B3_EMB48_NIRRIG_REPROD00007.asd;B3;EMB48;NIRRIG;D04M;manha;D04
svm;agrupado;todos;4;treino;944;B4_EMB48_IRRIG_REPROD00000.asd;B4;EMB48;IRRIG;D04M;manha;D04
svm;agrupado;todos;4;treino;945;B4_EMB48_IRRIG_REPROD00001.asd;B4;EMB48;IRRIG;D04M;manha;D04
svm;agrupado;todos;4;treino;946;B4_EMB48_IRRIG_REPROD00002.asd;B4;EMB48;IRRIG;D04M;manha;D04
svm;agrupado;todos;4;treino;947;B4_EMB48_IRRIG_REPROD00003.asd;B4;EMB48;IRRIG;D04M;manha;D04
svm;agrupado;todos;4;treino;948;B4_EMB48_IRRIG_REPROD00004.asd;B4;EMB48;IRRIG;D04M;manha;D04
svm;agrupado;todos;4;treino;949;B4_EMB48_IRRIG_REPROD00005.asd;B4;EMB48;IRRIG;D04M;manha;D04
svm;agrupado;todos;4;treino;950;B4_EMB48_IRRIG_REPROD00006.asd;B4;EMB48;IRRIG;D04M;manha;D04
svm;agrupado;todos;4;treino;951;B4_EMB48_IRRIG_REPROD00007.asd;B4;EMB48;IRRIG;D04M;manha;D04
svm;agrupado;todos;4;treino;952;B4_EMB48_NIRRIG_REPROD00000.asd;B4;EMB48;NIRRIG;D04M;manha;D04
svm;agrupado;todos;4;treino;953;B4_EMB48_NIRRIG_REPROD00001.asd;B4;EMB48;NIRRIG;D04M;manha;D04
svm;agrupado;todos;4;treino;954;B4_EMB48_NIRRIG_REPROD00002.asd;B4;EMB48;NIRRIG;D04M;manha;D04
svm;agrupado;todos;4;treino;955;B4_EMB48_NIRRIG_REPROD00003.asd;B4;EMB48;NIRRIG;D04M;manha;D04
svm;agrupado;todos;4;treino;956;B4_EMB48_NIRRIG_REPROD00004.asd;B4;EMB48;NIRRIG;D04M;manha;D04
svm;agrupado;todos;4;treino;958;B4_EMB48_NIRRIG_REPROD00006.asd;B4;EMB48;NIRRIG;D04M;manha;D04
svm;agrupado;todos;4;treino;959;B4_EMB48_NIRRIG_REPROD00007.asd;B4;EMB48;NIRRIG;D04M;manha;D04
svm;agrupado;todos;4;treino;962;B1_BR16_IRRIG_REPROD00002.asd;B1;BR16;IRRIG;D05M;manha;D05
svm;agrupado;todos;4;treino;963;B1_BR16_IRRIG_REPROD00003.asd;B1;BR16;IRRIG;D05M;manha;D05
svm;agrupado;todos;4;treino;964;B1_BR16_IRRIG_REPROD00004.asd;B1;BR16;IRRIG;D05M;manha;D05
svm;agrupado;todos;4;treino;965;B1_BR16_IRRIG_REPROD00005.asd;B1;BR16;IRRIG;D05M;manha;D05
svm;agrupado;todos;4;treino;967;B1_BR16_IRRIG_REPROD00007.asd;B1;BR16;IRRIG;D05M;manha;D05
svm;agrupado;todos;4;treino;968;B1_BR16_NIRRIG_REPROD00000.asd;B1;BR16;NIRRIG;D05M;manha;D05
svm;agrupado;todos;4;treino;970;B1_BR16_NIRRIG_REPROD00002.asd;B1;BR16;NIRRIG;D05M;manha;D05
svm;agrupado;todos;4;treino;971;B1_BR16_NIRRIG_REPROD00003.asd;B1;BR16;NIRRIG;D05M;manha;D05
svm;agrupado;todos;4;treino;972;B1_BR16_NIRRIG_REPROD00004.asd;B1;BR16;NIRRIG;D05M;manha;D05
svm;agrupado;todos;4;treino;973;B1_BR16_NIRRIG_REPROD00005.asd;B1;BR16;NIRRIG;D05M;manha;D05
svm;agrupado;todos;4;treino;974;B1_BR16_NIRRIG_REPROD00006.asd;B1;BR16;NIRRIG;D05M;manha;D05
svm;agrupado;todos;4;treino;975;B1_BR16_NIRRIG_REPROD00007.asd;B1;BR16;NIRRIG;D05M;manha;D05
svm;agrupado;todos;4;treino;976;B2_BR16_IRRIG_REPROD00000.asd;B2;BR16;IRRIG;D05M;manha;D05
svm;agrupado;todos;4;treino;977;B2_BR16_IRRIG_REPROD00001.asd;B2;BR16;IRRIG;D05M;manha;D05
svm;agrupado;todos;4;treino;978;B2_BR16_IRRIG_REPROD00002.asd;B2;BR16;IRRIG;D05M;manha;D05
svm;agrupado;todos;4;treino;979;B2_BR16_IRRIG_REPROD00003.asd;B2;BR16;IRRIG;D05M;manha;D05
svm;agrupado;todos;4;treino;980;B2_BR16_IRRIG_REPROD00004.asd;B2;BR16;IRRIG;D05M;manha;D05
svm;agrupado;todos;4;treino;981;B2_BR16_IRRIG_REPROD00005.asd;B2;BR16;IRRIG;D05M;manha;D05
svm;agrupado;todos;4;treino;982;B2_BR16_IRRIG_REPROD00006.asd;B2;BR16;IRRIG;D05M;manha;D05
svm;agrupado;todos;4;treino;984;B2_BR16_NIRRIG_REPROD00000.asd;B2;BR16;NIRRIG;D05M;manha;D05
svm;agrupado;todos;4;treino;986;B2_BR16_NIRRIG_REPROD00002.asd;B2;BR16;NIRRIG;D05M;manha;D05
svm;agrupado;todos;4;treino;988;B2_BR16_NIRRIG_REPROD00004.asd;B2;BR16;NIRRIG;D05M;manha;D05
svm;agrupado;todos;4;treino;989;B2_BR16_NIRRIG_REPROD00005.asd;B2;BR16;NIRRIG;D05M;manha;D05
svm;agrupado;todos;4;treino;990;B2_BR16_NIRRIG_REPROD00006.asd;B2;BR16;NIRRIG;D05M;manha;D05
svm;agrupado;todos;4;treino;993;B3_BR16_IRRIG_REPROD00001.asd;B3;BR16;IRRIG;D05M;manha;D05
svm;agrupado;todos;4;treino;994;B3_BR16_IRRIG_REPROD00002.asd;B3;BR16;IRRIG;D05M;manha;D05
svm;agrupado;todos;4;treino;997;B3_BR16_IRRIG_REPROD00005.asd;B3;BR16;IRRIG;D05M;manha;D05
svm;agrupado;todos;4;treino;998;B3_BR16_IRRIG_REPROD00006.asd;B3;BR16;IRRIG;D05M;manha;D05
svm;agrupado;todos;4;treino;999;B3_BR16_IRRIG_REPROD00007.asd;B3;BR16;IRRIG;D05M;manha;D05
svm;agrupado;todos;4;treino;1001;B3_BR16_NIRRIG_REPROD00001.asd;B3;BR16;NIRRIG;D05M;manha;D05
svm;agrupado;todos;4;treino;1002;B3_BR16_NIRRIG_REPROD00002.asd;B3;BR16;NIRRIG;D05M;manha;D05
svm;agrupado;todos;4;treino;1003;B3_BR16_NIRRIG_REPROD00003.asd;B3;BR16;NIRRIG;D05M;manha;D05
svm;agrupado;todos;4;treino;1004;B3_BR16_NIRRIG_REPROD00004.asd;B3;BR16;NIRRIG;D05M;manha;D05
svm;agrupado;todos;4;treino;1005;B3_BR16_NIRRIG_REPROD00005.asd;B3;BR16;NIRRIG;D05M;manha;D05
svm;agrupado;todos;4;treino;1006;B3_BR16_NIRRIG_REPROD00006.asd;B3;BR16;NIRRIG;D05M;manha;D05
svm;agrupado;todos;4;treino;1007;B3_BR16_NIRRIG_REPROD00007.asd;B3;BR16;NIRRIG;D05M;manha;D05
svm;agrupado;todos;4;treino;1009;B4_BR16_IRRIG_REPROD00001.asd;B4;BR16;IRRIG;D05M;manha;D05
svm;agrupado;todos;4;treino;1010;B4_BR16_IRRIG_REPROD00002.asd;B4;BR16;IRRIG;D05M;manha;D05
svm;agrupado;todos;4;treino;1011;B4_BR16_IRRIG_REPROD00003.asd;B4;BR16;IRRIG;D05M;manha;D05
svm;agrupado;todos;4;treino;1013;B4_BR16_IRRIG_REPROD00005.asd;B4;BR16;IRRIG;D05M;manha;D05
svm;agrupado;todos;4;treino;1014;B4_BR16_IRRIG_REPROD00006.asd;B4;BR16;IRRIG;D05M;manha;D05
svm;agrupado;todos;4;treino;1015;B4_BR16_IRRIG_REPROD00007.asd;B4;BR16;IRRIG;D05M;manha;D05
svm;agrupado;todos;4;treino;1016;B4_BR16_NIRRIG_REPROD00000.asd;B4;BR16;NIRRIG;D05M;manha;D05
svm;agrupado;todos;4;treino;1017;B4_BR16_NIRRIG_REPROD00001.asd;B4;BR16;NIRRIG;D05M;manha;D05
svm;agrupado;todos;4;treino;1019;B4_BR16_NIRRIG_REPROD00003.asd;B4;BR16;NIRRIG;D05M;manha;D05
svm;agrupado;todos;4;treino;1020;B4_BR16_NIRRIG_REPROD00004.asd;B4;BR16;NIRRIG;D05M;manha;D05
svm;agrupado;todos;4;treino;1021;B4_BR16_NIRRIG_REPROD00005.asd;B4;BR16;NIRRIG;D05M;manha;D05
svm;agrupado;todos;4;treino;1023;B4_BR16_NIRRIG_REPROD00007.asd;B4;BR16;NIRRIG;D05M;manha;D05
svm;agrupado;todos;4;treino;1024;B1_CD202_IRRIG_REPROD00000.asd;B1;CD202;IRRIG;D05M;manha;D05
svm;agrupado;todos;4;treino;1025;B1_CD202_IRRIG_REPROD00001.asd;B1;CD202;IRRIG;D05M;manha;D05
svm;agrupado;todos;4;treino;1026;B1_CD202_IRRIG_REPROD00002.asd;B1;CD202;IRRIG;D05M;manha;D05
svm;agrupado;todos;4;treino;1027;B1_CD202_IRRIG_REPROD00003.asd;B1;CD202;IRRIG;D05M;manha;D05
svm;agrupado;todos;4;treino;1028;B1_CD202_IRRIG_REPROD00004.asd;B1;CD202;IRRIG;D05M;manha;D05
svm;agrupado;todos;4;treino;1029;B1_CD202_IRRIG_REPROD00005.asd;B1;CD202;IRRIG;D05M;manha;D05
svm;agrupado;todos;4;treino;1030;B1_CD202_IRRIG_REPROD00006.asd;B1;CD202;IRRIG;D05M;manha;D05
svm;agrupado;todos;4;treino;1032;B1_CD202_NIRRIG_REPROD00000.asd;B1;CD202;NIRRIG;D05M;manha;D05
svm;agrupado;todos;4;treino;1033;B1_CD202_NIRRIG_REPROD00001.asd;B1;CD202;NIRRIG;D05M;manha;D05
svm;agrupado;todos;4;treino;1034;B1_CD202_NIRRIG_REPROD00002.asd;B1;CD202;NIRRIG;D05M;manha;D05
svm;agrupado;todos;4;treino;1035;B1_CD202_NIRRIG_REPROD00003.asd;B1;CD202;NIRRIG;D05M;manha;D05
svm;agrupado;todos;4;treino;1036;B1_CD202_NIRRIG_REPROD00004.asd;B1;CD202;NIRRIG;D05M;manha;D05
svm;agrupado;todos;4;treino;1038;B1_CD202_NIRRIG_REPROD00006.asd;B1;CD202;NIRRIG;D05M;manha;D05
svm;agrupado;todos;4;treino;1039;B1_CD202_NIRRIG_REPROD00007.asd;B1;CD202;NIRRIG;D05M;manha;D05
svm;agrupado;todos;4;treino;1040;B2_CD202_IRRIG_REPROD00000.asd;B2;CD202;IRRIG;D05M;manha;D05
svm;agrupado;todos;4;treino;1041;B2_CD202_IRRIG_REPROD00001.asd;B2;CD202;IRRIG;D05M;manha;D05
svm;agrupado;todos;4;treino;1042;B2_CD202_IRRIG_REPROD00002.asd;B2;CD202;IRRIG;D05M;manha;D05
svm;agrupado;todos;4;treino;1043;B2_CD202_IRRIG_REPROD00003.asd;B2;CD202;IRRIG;D05M;manha;D05
svm;agrupado;todos;4;treino;1046;B2_CD202_IRRIG_REPROD00006.asd;B2;CD202;IRRIG;D05M;manha;D05
svm;agrupado;todos;4;treino;1049;B2_CD202_NIRRIG_REPROD00001.asd;B2;CD202;NIRRIG;D05M;manha;D05
svm;agrupado;todos;4;treino;1050;B2_CD202_NIRRIG_REPROD00002.asd;B2;CD202;NIRRIG;D05M;manha;D05
svm;agrupado;todos;4;treino;1051;B2_CD202_NIRRIG_REPROD00003.asd;B2;CD202;NIRRIG;D05M;manha;D05
svm;agrupado;todos;4;treino;1052;B2_CD202_NIRRIG_REPROD00004.asd;B2;CD202;NIRRIG;D05M;manha;D05
svm;agrupado;todos;4;treino;1053;B2_CD202_NIRRIG_REPROD00005.asd;B2;CD202;NIRRIG;D05M;manha;D05
svm;agrupado;todos;4;treino;1054;B2_CD202_NIRRIG_REPROD00006.asd;B2;CD202;NIRRIG;D05M;manha;D05
svm;agrupado;todos;4;treino;1055;B2_CD202_NIRRIG_REPROD00007.asd;B2;CD202;NIRRIG;D05M;manha;D05
svm;agrupado;todos;4;treino;1056;B3_CD202_IRRIG_REPROD00000.asd;B3;CD202;IRRIG;D05M;manha;D05
svm;agrupado;todos;4;treino;1057;B3_CD202_IRRIG_REPROD00001.asd;B3;CD202;IRRIG;D05M;manha;D05
svm;agrupado;todos;4;treino;1058;B3_CD202_IRRIG_REPROD00002.asd;B3;CD202;IRRIG;D05M;manha;D05
svm;agrupado;todos;4;treino;1059;B3_CD202_IRRIG_REPROD00003.asd;B3;CD202;IRRIG;D05M;manha;D05
svm;agrupado;todos;4;treino;1060;B3_CD202_IRRIG_REPROD00004.asd;B3;CD202;IRRIG;D05M;manha;D05
svm;agrupado;todos;4;treino;1061;B3_CD202_IRRIG_REPROD00005.asd;B3;CD202;IRRIG;D05M;manha;D05
svm;agrupado;todos;4;treino;1062;B3_CD202_IRRIG_REPROD00006.asd;B3;CD202;IRRIG;D05M;manha;D05
svm;agrupado;todos;4;treino;1063;B3_CD202_IRRIG_REPROD00007.asd;B3;CD202;IRRIG;D05M;manha;D05
svm;agrupado;todos;4;treino;1065;B3_CD202_NIRRIG_REPROD00001.asd;B3;CD202;NIRRIG;D05M;manha;D05
svm;agrupado;todos;4;treino;1066;B3_CD202_NIRRIG_REPROD00002.asd;B3;CD202;NIRRIG;D05M;manha;D05
svm;agrupado;todos;4;treino;1067;B3_CD202_NIRRIG_REPROD00003.asd;B3;CD202;NIRRIG;D05M;manha;D05
svm;agrupado;todos;4;treino;1068;B3_CD202_NIRRIG_REPROD00004.asd;B3;CD202;NIRRIG;D05M;manha;D05
svm;agrupado;todos;4;treino;1069;B3_CD202_NIRRIG_REPROD00005.asd;B3;CD202;NIRRIG;D05M;manha;D05
svm;agrupado;todos;4;treino;1071;B3_CD202_NIRRIG_REPROD00007.asd;B3;CD202;NIRRIG;D05M;manha;D05
svm;agrupado;todos;4;treino;1073;B4_CD202_IRRIG_REPROD00001.asd;B4;CD202;IRRIG;D05M;manha;D05
svm;agrupado;todos;4;treino;1074;B4_CD202_IRRIG_REPROD00002.asd;B4;CD202;IRRIG;D05M;manha;D05
svm;agrupado;todos;4;treino;1075;B4_CD202_IRRIG_REPROD00003.asd;B4;CD202;IRRIG;D05M;manha;D05
svm;agrupado;todos;4;treino;1077;B4_CD202_IRRIG_REPROD00005.asd;B4;CD202;IRRIG;D05M;manha;D05
svm;agrupado;todos;4;treino;1078;B4_CD202_IRRIG_REPROD00006.asd;B4;CD202;IRRIG;D05M;manha;D05
svm;agrupado;todos;4;treino;1079;B4_CD202_IRRIG_REPROD00007.asd;B4;CD202;IRRIG;D05M;manha;D05
svm;agrupado;todos;4;treino;1080;B4_CD202_NIRRIG_REPROD00000.asd;B4;CD202;NIRRIG;D05M;manha;D05
svm;agrupado;todos;4;treino;1081;B4_CD202_NIRRIG_REPROD00001.asd;B4;CD202;NIRRIG;D05M;manha;D05
svm;agrupado;todos;4;treino;1082;B4_CD202_NIRRIG_REPROD00002.asd;B4;CD202;NIRRIG;D05M;manha;D05
svm;agrupado;todos;4;treino;1085;B4_CD202_NIRRIG_REPROD00005.asd;B4;CD202;NIRRIG;D05M;manha;D05
svm;agrupado;todos;4;treino;1087;B4_CD202_NIRRIG_REPROD00007.asd;B4;CD202;NIRRIG;D05M;manha;D05
svm;agrupado;todos;4;treino;1088;B1_EMB48_IRRIG_REPROD00000.asd;B1;EMB48;IRRIG;D05M;manha;D05
svm;agrupado;todos;4;treino;1089;B1_EMB48_IRRIG_REPROD00001.asd;B1;EMB48;IRRIG;D05M;manha;D05
svm;agrupado;todos;4;treino;1090;B1_EMB48_IRRIG_REPROD00002.asd;B1;EMB48;IRRIG;D05M;manha;D05
svm;agrupado;todos;4;treino;1091;B1_EMB48_IRRIG_REPROD00003.asd;B1;EMB48;IRRIG;D05M;manha;D05
svm;agrupado;todos;4;treino;1092;B1_EMB48_IRRIG_REPROD00004.asd;B1;EMB48;IRRIG;D05M;manha;D05
svm;agrupado;todos;4;treino;1093;B1_EMB48_IRRIG_REPROD00005.asd;B1;EMB48;IRRIG;D05M;manha;D05
svm;agrupado;todos;4;treino;1094;B1_EMB48_IRRIG_REPROD00006.asd;B1;EMB48;IRRIG;D05M;manha;D05
svm;agrupado;todos;4;treino;1095;B1_EMB48_IRRIG_REPROD00007.asd;B1;EMB48;IRRIG;D05M;manha;D05
svm;agrupado;todos;4;treino;1096;B1_EMB48_NIRRIG_REPROD00000.asd;B1;EMB48;NIRRIG;D05M;manha;D05
svm;agrupado;todos;4;treino;1097;B1_EMB48_NIRRIG_REPROD00001.asd;B1;EMB48;NIRRIG;D05M;manha;D05
svm;agrupado;todos;4;treino;1098;B1_EMB48_NIRRIG_REPROD00002.asd;B1;EMB48;NIRRIG;D05M;manha;D05
svm;agrupado;todos;4;treino;1099;B1_EMB48_NIRRIG_REPROD00003.asd;B1;EMB48;NIRRIG;D05M;manha;D05
svm;agrupado;todos;4;treino;1100;B1_EMB48_NIRRIG_REPROD00004.asd;B1;EMB48;NIRRIG;D05M;manha;D05
svm;agrupado;todos;4;treino;1101;B1_EMB48_NIRRIG_REPROD00005.asd;B1;EMB48;NIRRIG;D05M;manha;D05
svm;agrupado;todos;4;treino;1103;B1_EMB48_NIRRIG_REPROD00007.asd;B1;EMB48;NIRRIG;D05M;manha;D05
svm;agrupado;todos;4;treino;1104;B2_EMB48_IRRIG_REPROD00000.asd;B2;EMB48;IRRIG;D05M;manha;D05
svm;agrupado;todos;4;treino;1105;B2_EMB48_IRRIG_REPROD00001.asd;B2;EMB48;IRRIG;D05M;manha;D05
svm;agrupado;todos;4;treino;1106;B2_EMB48_IRRIG_REPROD00002.asd;B2;EMB48;IRRIG;D05M;manha;D05
svm;agrupado;todos;4;treino;1108;B2_EMB48_IRRIG_REPROD00004.asd;B2;EMB48;IRRIG;D05M;manha;D05
svm;agrupado;todos;4;treino;1109;B2_EMB48_IRRIG_REPROD00005.asd;B2;EMB48;IRRIG;D05M;manha;D05
svm;agrupado;todos;4;treino;1111;B2_EMB48_IRRIG_REPROD00007.asd;B2;EMB48;IRRIG;D05M;manha;D05
svm;agrupado;todos;4;treino;1112;B2_EMB48_NIRRIG_REPROD00000.asd;B2;EMB48;NIRRIG;D05M;manha;D05
svm;agrupado;todos;4;treino;1113;B2_EMB48_NIRRIG_REPROD00001.asd;B2;EMB48;NIRRIG;D05M;manha;D05
svm;agrupado;todos;4;treino;1114;B2_EMB48_NIRRIG_REPROD00002.asd;B2;EMB48;NIRRIG;D05M;manha;D05
svm;agrupado;todos;4;treino;1115;B2_EMB48_NIRRIG_REPROD00003.asd;B2;EMB48;NIRRIG;D05M;manha;D05
svm;agrupado;todos;4;treino;1118;B2_EMB48_NIRRIG_REPROD00006.asd;B2;EMB48;NIRRIG;D05M;manha;D05
svm;agrupado;todos;4;treino;1119;B2_EMB48_NIRRIG_REPROD00007.asd;B2;EMB48;NIRRIG;D05M;manha;D05
svm;agrupado;todos;4;treino;1120;B3_EMB48_IRRIG_REPROD00000.asd;B3;EMB48;IRRIG;D05M;manha;D05
svm;agrupado;todos;4;treino;1121;B3_EMB48_IRRIG_REPROD00001.asd;B3;EMB48;IRRIG;D05M;manha;D05
svm;agrupado;todos;4;treino;1122;B3_EMB48_IRRIG_REPROD00002.asd;B3;EMB48;IRRIG;D05M;manha;D05
svm;agrupado;todos;4;treino;1124;B3_EMB48_IRRIG_REPROD00004.asd;B3;EMB48;IRRIG;D05M;manha;D05
svm;agrupado;todos;4;treino;1126;B3_EMB48_IRRIG_REPROD00006.asd;B3;EMB48;IRRIG;D05M;manha;D05
svm;agrupado;todos;4;treino;1127;B3_EMB48_IRRIG_REPROD00007.asd;B3;EMB48;IRRIG;D05M;manha;D05
svm;agrupado;todos;4;treino;1128;B3_EMB48_NIRRIG_REPROD00000.asd;B3;EMB48;NIRRIG;D05M;manha;D05
svm;agrupado;todos;4;treino;1129;B3_EMB48_NIRRIG_REPROD00001.asd;B3;EMB48;NIRRIG;D05M;manha;D05
svm;agrupado;todos;4;treino;1130;B3_EMB48_NIRRIG_REPROD00002.asd;B3;EMB48;NIRRIG;D05M;manha;D05
svm;agrupado;todos;4;treino;1132;B3_EMB48_NIRRIG_REPROD00004.asd;B3;EMB48;NIRRIG;D05M;manha;D05
svm;agrupado;todos;4;treino;1134;B3_EMB48_NIRRIG_REPROD00006.asd;B3;EMB48;NIRRIG;D05M;manha;D05
svm;agrupado;todos;4;treino;1135;B3_EMB48_NIRRIG_REPROD00007.asd;B3;EMB48;NIRRIG;D05M;manha;D05
svm;agrupado;todos;4;treino;1136;B4_EMB48_IRRIG_REPROD00000.asd;B4;EMB48;IRRIG;D05M;manha;D05
svm;agrupado;todos;4;treino;1137;B4_EMB48_IRRIG_REPROD00001.asd;B4;EMB48;IRRIG;D05M;manha;D05
svm;agrupado;todos;4;treino;1138;B4_EMB48_IRRIG_REPROD00002.asd;B4;EMB48;IRRIG;D05M;manha;D05
svm;agrupado;todos;4;treino;1139;B4_EMB48_IRRIG_REPROD00003.asd;B4;EMB48;IRRIG;D05M;manha;D05
svm;agrupado;todos;4;treino;1140;B4_EMB48_IRRIG_REPROD00004.asd;B4;EMB48;IRRIG;D05M;manha;D05
svm;agrupado;todos;4;treino;1141;B4_EMB48_IRRIG_REPROD00005.asd;B4;EMB48;IRRIG;D05M;manha;D05
svm;agrupado;todos;4;treino;1142;B4_EMB48_IRRIG_REPROD00006.asd;B4;EMB48;IRRIG;D05M;manha;D05
svm;agrupado;todos;4;treino;1143;B4_EMB48_IRRIG_REPROD00007.asd;B4;EMB48;IRRIG;D05M;manha;D05
svm;agrupado;todos;4;treino;1144;B4_EMB48_NIRRIG_REPROD00000.asd;B4;EMB48;NIRRIG;D05M;manha;D05
svm;agrupado;todos;4;treino;1145;B4_EMB48_NIRRIG_REPROD00001.asd;B4;EMB48;NIRRIG;D05M;manha;D05
svm;agrupado;todos;4;treino;1146;B4_EMB48_NIRRIG_REPROD00002.asd;B4;EMB48;NIRRIG;D05M;manha;D05
svm;agrupado;todos;4;treino;1147;B4_EMB48_NIRRIG_REPROD00003.asd;B4;EMB48;NIRRIG;D05M;manha;D05
svm;agrupado;todos;4;treino;1148;B4_EMB48_NIRRIG_REPROD00004.asd;B4;EMB48;NIRRIG;D05M;manha;D05
svm;agrupado;todos;4;treino;1150;B4_EMB48_NIRRIG_REPROD00006.asd;B4;EMB48;NIRRIG;D05M;manha;D05
svm;agrupado;todos;4;treino;1151;B4_EMB48_NIRRIG_REPROD00007.asd;B4;EMB48;NIRRIG;D05M;manha;D05
svm;agrupado;todos;4;treino;1154;B1_BR16_IRRIG_REPROD00002.asd;B1;BR16;IRRIG;D06M;manha;D06
svm;agrupado;todos;4;treino;1155;B1_BR16_IRRIG_REPROD00003.asd;B1;BR16;IRRIG;D06M;manha;D06
svm;agrupado;todos;4;treino;1156;B1_BR16_IRRIG_REPROD00004.asd;B1;BR16;IRRIG;D06M;manha;D06
svm;agrupado;todos;4;treino;1157;B1_BR16_IRRIG_REPROD00005.asd;B1;BR16;IRRIG;D06M;manha;D06
svm;agrupado;todos;4;treino;1159;B1_BR16_IRRIG_REPROD00007.asd;B1;BR16;IRRIG;D06M;manha;D06
svm;agrupado;todos;4;treino;1160;B1_BR16_NIRRIG_REPROD00000.asd;B1;BR16;NIRRIG;D06M;manha;D06
svm;agrupado;todos;4;treino;1162;B1_BR16_NIRRIG_REPROD00002.asd;B1;BR16;NIRRIG;D06M;manha;D06
svm;agrupado;todos;4;treino;1163;B1_BR16_NIRRIG_REPROD00003.asd;B1;BR16;NIRRIG;D06M;manha;D06
svm;agrupado;todos;4;treino;1164;B1_BR16_NIRRIG_REPROD00004.asd;B1;BR16;NIRRIG;D06M;manha;D06
svm;agrupado;todos;4;treino;1165;B1_BR16_NIRRIG_REPROD00005.asd;B1;BR16;NIRRIG;D06M;manha;D06
svm;agrupado;todos;4;treino;1166;B1_BR16_NIRRIG_REPROD00006.asd;B1;BR16;NIRRIG;D06M;manha;D06
svm;agrupado;todos;4;treino;1167;B1_BR16_NIRRIG_REPROD00007.asd;B1;BR16;NIRRIG;D06M;manha;D06
svm;agrupado;todos;4;treino;1168;B2_BR16_IRRIG_REPROD00000.asd;B2;BR16;IRRIG;D06M;manha;D06
svm;agrupado;todos;4;treino;1169;B2_BR16_IRRIG_REPROD00001.asd;B2;BR16;IRRIG;D06M;manha;D06
svm;agrupado;todos;4;treino;1170;B2_BR16_IRRIG_REPROD00002.asd;B2;BR16;IRRIG;D06M;manha;D06
svm;agrupado;todos;4;treino;1171;B2_BR16_IRRIG_REPROD00003.asd;B2;BR16;IRRIG;D06M;manha;D06
svm;agrupado;todos;4;treino;1172;B2_BR16_IRRIG_REPROD00004.asd;B2;BR16;IRRIG;D06M;manha;D06
svm;agrupado;todos;4;treino;1173;B2_BR16_IRRIG_REPROD00005.asd;B2;BR16;IRRIG;D06M;manha;D06
svm;agrupado;todos;4;treino;1174;B2_BR16_IRRIG_REPROD00006.asd;B2;BR16;IRRIG;D06M;manha;D06
svm;agrupado;todos;4;treino;1176;B2_BR16_NIRRIG_REPROD00000.asd;B2;BR16;NIRRIG;D06M;manha;D06
svm;agrupado;todos;4;treino;1178;B2_BR16_NIRRIG_REPROD00002.asd;B2;BR16;NIRRIG;D06M;manha;D06
svm;agrupado;todos;4;treino;1180;B2_BR16_NIRRIG_REPROD00004.asd;B2;BR16;NIRRIG;D06M;manha;D06
svm;agrupado;todos;4;treino;1181;B2_BR16_NIRRIG_REPROD00005.asd;B2;BR16;NIRRIG;D06M;manha;D06
svm;agrupado;todos;4;treino;1182;B2_BR16_NIRRIG_REPROD00006.asd;B2;BR16;NIRRIG;D06M;manha;D06
svm;agrupado;todos;4;treino;1185;B3_BR16_IRRIG_REPROD00001.asd;B3;BR16;IRRIG;D06M;manha;D06
svm;agrupado;todos;4;treino;1186;B3_BR16_IRRIG_REPROD00002.asd;B3;BR16;IRRIG;D06M;manha;D06
svm;agrupado;todos;4;treino;1189;B3_BR16_IRRIG_REPROD00005.asd;B3;BR16;IRRIG;D06M;manha;D06
svm;agrupado;todos;4;treino;1190;B3_BR16_IRRIG_REPROD00006.asd;B3;BR16;IRRIG;D06M;manha;D06
svm;agrupado;todos;4;treino;1191;B3_BR16_IRRIG_REPROD00007.asd;B3;BR16;IRRIG;D06M;manha;D06
svm;agrupado;todos;4;treino;1193;B3_BR16_NIRRIG_REPROD00001.asd;B3;BR16;NIRRIG;D06M;manha;D06
svm;agrupado;todos;4;treino;1194;B3_BR16_NIRRIG_REPROD00002.asd;B3;BR16;NIRRIG;D06M;manha;D06
svm;agrupado;todos;4;treino;1195;B3_BR16_NIRRIG_REPROD00003.asd;B3;BR16;NIRRIG;D06M;manha;D06
svm;agrupado;todos;4;treino;1196;B3_BR16_NIRRIG_REPROD00004.asd;B3;BR16;NIRRIG;D06M;manha;D06
svm;agrupado;todos;4;treino;1197;B3_BR16_NIRRIG_REPROD00005.asd;B3;BR16;NIRRIG;D06M;manha;D06
svm;agrupado;todos;4;treino;1198;B3_BR16_NIRRIG_REPROD00006.asd;B3;BR16;NIRRIG;D06M;manha;D06
svm;agrupado;todos;4;treino;1199;B3_BR16_NIRRIG_REPROD00007.asd;B3;BR16;NIRRIG;D06M;manha;D06
svm;agrupado;todos;4;treino;1201;B4_BR16_IRRIG_REPROD00001.asd;B4;BR16;IRRIG;D06M;manha;D06
svm;agrupado;todos;4;treino;1202;B4_BR16_IRRIG_REPROD00002.asd;B4;BR16;IRRIG;D06M;manha;D06
svm;agrupado;todos;4;treino;1203;B4_BR16_IRRIG_REPROD00003.asd;B4;BR16;IRRIG;D06M;manha;D06
svm;agrupado;todos;4;treino;1205;B4_BR16_IRRIG_REPROD00005.asd;B4;BR16;IRRIG;D06M;manha;D06
svm;agrupado;todos;4;treino;1206;B4_BR16_IRRIG_REPROD00006.asd;B4;BR16;IRRIG;D06M;manha;D06
svm;agrupado;todos;4;treino;1207;B4_BR16_IRRIG_REPROD00007.asd;B4;BR16;IRRIG;D06M;manha;D06
svm;agrupado;todos;4;treino;1208;B4_BR16_NIRRIG_REPROD00000.asd;B4;BR16;NIRRIG;D06M;manha;D06
svm;agrupado;todos;4;treino;1209;B4_BR16_NIRRIG_REPROD00001.asd;B4;BR16;NIRRIG;D06M;manha;D06
svm;agrupado;todos;4;treino;1211;B4_BR16_NIRRIG_REPROD00003.asd;B4;BR16;NIRRIG;D06M;manha;D06
svm;agrupado;todos;4;treino;1212;B4_BR16_NIRRIG_REPROD00004.asd;B4;BR16;NIRRIG;D06M;manha;D06
svm;agrupado;todos;4;treino;1213;B4_BR16_NIRRIG_REPROD00005.asd;B4;BR16;NIRRIG;D06M;manha;D06
svm;agrupado;todos;4;treino;1215;B4_BR16_NIRRIG_REPROD00007.asd;B4;BR16;NIRRIG;D06M;manha;D06
svm;agrupado;todos;4;treino;1216;B1_CD202_IRRIG_REPROD00000.asd;B1;CD202;IRRIG;D06M;manha;D06
svm;agrupado;todos;4;treino;1217;B1_CD202_IRRIG_REPROD00001.asd;B1;CD202;IRRIG;D06M;manha;D06
svm;agrupado;todos;4;treino;1218;B1_CD202_IRRIG_REPROD00002.asd;B1;CD202;IRRIG;D06M;manha;D06
svm;agrupado;todos;4;treino;1219;B1_CD202_IRRIG_REPROD00003.asd;B1;CD202;IRRIG;D06M;manha;D06
svm;agrupado;todos;4;treino;1220;B1_CD202_IRRIG_REPROD00004.asd;B1;CD202;IRRIG;D06M;manha;D06
svm;agrupado;todos;4;treino;1221;B1_CD202_IRRIG_REPROD00005.asd;B1;CD202;IRRIG;D06M;manha;D06
svm;agrupado;todos;4;treino;1222;B1_CD202_IRRIG_REPROD00006.asd;B1;CD202;IRRIG;D06M;manha;D06
svm;agrupado;todos;4;treino;1224;B1_CD202_NIRRIG_REPROD00000.asd;B1;CD202;NIRRIG;D06M;manha;D06
svm;agrupado;todos;4;treino;1225;B1_CD202_NIRRIG_REPROD00001.asd;B1;CD202;NIRRIG;D06M;manha;D06
svm;agrupado;todos;4;treino;1226;B1_CD202_NIRRIG_REPROD00002.asd;B1;CD202;NIRRIG;D06M;manha;D06
svm;agrupado;todos;4;treino;1227;B1_CD202_NIRRIG_REPROD00003.asd;B1;CD202;NIRRIG;D06M;manha;D06
svm;agrupado;todos;4;treino;1228;B1_CD202_NIRRIG_REPROD00004.asd;B1;CD202;NIRRIG;D06M;manha;D06
svm;agrupado;todos;4;treino;1230;B1_CD202_NIRRIG_REPROD00006.asd;B1;CD202;NIRRIG;D06M;manha;D06
svm;agrupado;todos;4;treino;1231;B1_CD202_NIRRIG_REPROD00007.asd;B1;CD202;NIRRIG;D06M;manha;D06
svm;agrupado;todos;4;treino;1232;B2_CD202_IRRIG_REPROD00000.asd;B2;CD202;IRRIG;D06M;manha;D06
svm;agrupado;todos;4;treino;1233;B2_CD202_IRRIG_REPROD00001.asd;B2;CD202;IRRIG;D06M;manha;D06
svm;agrupado;todos;4;treino;1234;B2_CD202_IRRIG_REPROD00002.asd;B2;CD202;IRRIG;D06M;manha;D06
svm;agrupado;todos;4;treino;1235;B2_CD202_IRRIG_REPROD00003.asd;B2;CD202;IRRIG;D06M;manha;D06
svm;agrupado;todos;4;treino;1238;B2_CD202_IRRIG_REPROD00006.asd;B2;CD202;IRRIG;D06M;manha;D06
svm;agrupado;todos;4;treino;1241;B2_CD202_NIRRIG_REPROD00001.asd;B2;CD202;NIRRIG;D06M;manha;D06
svm;agrupado;todos;4;treino;1242;B2_CD202_NIRRIG_REPROD00002.asd;B2;CD202;NIRRIG;D06M;manha;D06
svm;agrupado;todos;4;treino;1243;B2_CD202_NIRRIG_REPROD00003.asd;B2;CD202;NIRRIG;D06M;manha;D06
svm;agrupado;todos;4;treino;1244;B2_CD202_NIRRIG_REPROD00004.asd;B2;CD202;NIRRIG;D06M;manha;D06
svm;agrupado;todos;4;treino;1245;B2_CD202_NIRRIG_REPROD00005.asd;B2;CD202;NIRRIG;D06M;manha;D06
svm;agrupado;todos;4;treino;1246;B2_CD202_NIRRIG_REPROD00006.asd;B2;CD202;NIRRIG;D06M;manha;D06
svm;agrupado;todos;4;treino;1247;B2_CD202_NIRRIG_REPROD00007.asd;B2;CD202;NIRRIG;D06M;manha;D06
svm;agrupado;todos;4;treino;1248;B3_CD202_IRRIG_REPROD00000.asd;B3;CD202;IRRIG;D06M;manha;D06
svm;agrupado;todos;4;treino;1249;B3_CD202_IRRIG_REPROD00001.asd;B3;CD202;IRRIG;D06M;manha;D06
svm;agrupado;todos;4;treino;1250;B3_CD202_IRRIG_REPROD00002.asd;B3;CD202;IRRIG;D06M;manha;D06
svm;agrupado;todos;4;treino;1251;B3_CD202_IRRIG_REPROD00003.asd;B3;CD202;IRRIG;D06M;manha;D06
svm;agrupado;todos;4;treino;1252;B3_CD202_IRRIG_REPROD00004.asd;B3;CD202;IRRIG;D06M;manha;D06
svm;agrupado;todos;4;treino;1253;B3_CD202_IRRIG_REPROD00005.asd;B3;CD202;IRRIG;D06M;manha;D06
svm;agrupado;todos;4;treino;1254;B3_CD202_IRRIG_REPROD00006.asd;B3;CD202;IRRIG;D06M;manha;D06
svm;agrupado;todos;4;treino;1255;B3_CD202_IRRIG_REPROD00007.asd;B3;CD202;IRRIG;D06M;manha;D06
svm;agrupado;todos;4;treino;1257;B3_CD202_NIRRIG_REPROD00001.asd;B3;CD202;NIRRIG;D06M;manha;D06
svm;agrupado;todos;4;treino;1258;B3_CD202_NIRRIG_REPROD00002.asd;B3;CD202;NIRRIG;D06M;manha;D06
svm;agrupado;todos;4;treino;1259;B3_CD202_NIRRIG_REPROD00003.asd;B3;CD202;NIRRIG;D06M;manha;D06
svm;agrupado;todos;4;treino;1260;B3_CD202_NIRRIG_REPROD00004.asd;B3;CD202;NIRRIG;D06M;manha;D06
svm;agrupado;todos;4;treino;1261;B3_CD202_NIRRIG_REPROD00005.asd;B3;CD202;NIRRIG;D06M;manha;D06
svm;agrupado;todos;4;treino;1263;B3_CD202_NIRRIG_REPROD00007.asd;B3;CD202;NIRRIG;D06M;manha;D06
svm;agrupado;todos;4;treino;1265;B4_CD202_IRRIG_REPROD00001.asd;B4;CD202;IRRIG;D06M;manha;D06
svm;agrupado;todos;4;treino;1266;B4_CD202_IRRIG_REPROD00002.asd;B4;CD202;IRRIG;D06M;manha;D06
svm;agrupado;todos;4;treino;1267;B4_CD202_IRRIG_REPROD00003.asd;B4;CD202;IRRIG;D06M;manha;D06
svm;agrupado;todos;4;treino;1269;B4_CD202_IRRIG_REPROD00005.asd;B4;CD202;IRRIG;D06M;manha;D06
svm;agrupado;todos;4;treino;1270;B4_CD202_IRRIG_REPROD00006.asd;B4;CD202;IRRIG;D06M;manha;D06
svm;agrupado;todos;4;treino;1271;B4_CD202_IRRIG_REPROD00007.asd;B4;CD202;IRRIG;D06M;manha;D06
svm;agrupado;todos;4;treino;1272;B4_CD202_NIRRIG_REPROD00000.asd;B4;CD202;NIRRIG;D06M;manha;D06
svm;agrupado;todos;4;treino;1273;B4_CD202_NIRRIG_REPROD00001.asd;B4;CD202;NIRRIG;D06M;manha;D06
svm;agrupado;todos;4;treino;1274;B4_CD202_NIRRIG_REPROD00002.asd;B4;CD202;NIRRIG;D06M;manha;D06
svm;agrupado;todos;4;treino;1277;B4_CD202_NIRRIG_REPROD00005.asd;B4;CD202;NIRRIG;D06M;manha;D06
svm;agrupado;todos;4;treino;1279;B4_CD202_NIRRIG_REPROD00007.asd;B4;CD202;NIRRIG;D06M;manha;D06
svm;agrupado;todos;4;treino;1280;B1_EMB48_IRRIG_REPROD00000.asd;B1;EMB48;IRRIG;D06M;manha;D06
svm;agrupado;todos;4;treino;1281;B1_EMB48_IRRIG_REPROD00001.asd;B1;EMB48;IRRIG;D06M;manha;D06
svm;agrupado;todos;4;treino;1282;B1_EMB48_IRRIG_REPROD00002.asd;B1;EMB48;IRRIG;D06M;manha;D06
svm;agrupado;todos;4;treino;1283;B1_EMB48_IRRIG_REPROD00003.asd;B1;EMB48;IRRIG;D06M;manha;D06
svm;agrupado;todos;4;treino;1284;B1_EMB48_IRRIG_REPROD00004.asd;B1;EMB48;IRRIG;D06M;manha;D06
svm;agrupado;todos;4;treino;1285;B1_EMB48_IRRIG_REPROD00005.asd;B1;EMB48;IRRIG;D06M;manha;D06
svm;agrupado;todos;4;treino;1286;B1_EMB48_IRRIG_REPROD00006.asd;B1;EMB48;IRRIG;D06M;manha;D06
svm;agrupado;todos;4;treino;1287;B1_EMB48_IRRIG_REPROD00007.asd;B1;EMB48;IRRIG;D06M;manha;D06
svm;agrupado;todos;4;treino;1288;B1_EMB48_NIRRIG_REPROD00000.asd;B1;EMB48;NIRRIG;D06M;manha;D06
svm;agrupado;todos;4;treino;1289;B1_EMB48_NIRRIG_REPROD00001.asd;B1;EMB48;NIRRIG;D06M;manha;D06
svm;agrupado;todos;4;treino;1290;B1_EMB48_NIRRIG_REPROD00002.asd;B1;EMB48;NIRRIG;D06M;manha;D06
svm;agrupado;todos;4;treino;1291;B1_EMB48_NIRRIG_REPROD00003.asd;B1;EMB48;NIRRIG;D06M;manha;D06
svm;agrupado;todos;4;treino;1292;B1_EMB48_NIRRIG_REPROD00004.asd;B1;EMB48;NIRRIG;D06M;manha;D06
svm;agrupado;todos;4;treino;1293;B1_EMB48_NIRRIG_REPROD00005.asd;B1;EMB48;NIRRIG;D06M;manha;D06
svm;agrupado;todos;4;treino;1295;B1_EMB48_NIRRIG_REPROD00007.asd;B1;EMB48;NIRRIG;D06M;manha;D06
svm;agrupado;todos;4;treino;1296;B2_EMB48_IRRIG_REPROD00000.asd;B2;EMB48;IRRIG;D06M;manha;D06
svm;agrupado;todos;4;treino;1297;B2_EMB48_IRRIG_REPROD00001.asd;B2;EMB48;IRRIG;D06M;manha;D06
svm;agrupado;todos;4;treino;1298;B2_EMB48_IRRIG_REPROD00002.asd;B2;EMB48;IRRIG;D06M;manha;D06
svm;agrupado;todos;4;treino;1300;B2_EMB48_IRRIG_REPROD00004.asd;B2;EMB48;IRRIG;D06M;manha;D06
svm;agrupado;todos;4;treino;1301;B2_EMB48_IRRIG_REPROD00005.asd;B2;EMB48;IRRIG;D06M;manha;D06
svm;agrupado;todos;4;treino;1303;B2_EMB48_IRRIG_REPROD00007.asd;B2;EMB48;IRRIG;D06M;manha;D06
svm;agrupado;todos;4;treino;1304;B2_EMB48_NIRRIG_REPROD00000.asd;B2;EMB48;NIRRIG;D06M;manha;D06
svm;agrupado;todos;4;treino;1305;B2_EMB48_NIRRIG_REPROD00001.asd;B2;EMB48;NIRRIG;D06M;manha;D06
svm;agrupado;todos;4;treino;1306;B2_EMB48_NIRRIG_REPROD00002.asd;B2;EMB48;NIRRIG;D06M;manha;D06
svm;agrupado;todos;4;treino;1307;B2_EMB48_NIRRIG_REPROD00003.asd;B2;EMB48;NIRRIG;D06M;manha;D06
svm;agrupado;todos;4;treino;1310;B2_EMB48_NIRRIG_REPROD00006.asd;B2;EMB48;NIRRIG;D06M;manha;D06
svm;agrupado;todos;4;treino;1311;B2_EMB48_NIRRIG_REPROD00007.asd;B2;EMB48;NIRRIG;D06M;manha;D06
svm;agrupado;todos;4;treino;1312;B3_EMB48_IRRIG_REPROD00000.asd;B3;EMB48;IRRIG;D06M;manha;D06
svm;agrupado;todos;4;treino;1313;B3_EMB48_IRRIG_REPROD00001.asd;B3;EMB48;IRRIG;D06M;manha;D06
svm;agrupado;todos;4;treino;1314;B3_EMB48_IRRIG_REPROD00002.asd;B3;EMB48;IRRIG;D06M;manha;D06
svm;agrupado;todos;4;treino;1316;B3_EMB48_IRRIG_REPROD00004.asd;B3;EMB48;IRRIG;D06M;manha;D06
svm;agrupado;todos;4;treino;1318;B3_EMB48_IRRIG_REPROD00006.asd;B3;EMB48;IRRIG;D06M;manha;D06
svm;agrupado;todos;4;treino;1319;B3_EMB48_IRRIG_REPROD00007.asd;B3;EMB48;IRRIG;D06M;manha;D06
svm;agrupado;todos;4;treino;1320;B3_EMB48_NIRRIG_REPROD00000.asd;B3;EMB48;NIRRIG;D06M;manha;D06
svm;agrupado;todos;4;treino;1321;B3_EMB48_NIRRIG_REPROD00001.asd;B3;EMB48;NIRRIG;D06M;manha;D06
svm;agrupado;todos;4;treino;1322;B3_EMB48_NIRRIG_REPROD00002.asd;B3;EMB48;NIRRIG;D06M;manha;D06
svm;agrupado;todos;4;treino;1324;B3_EMB48_NIRRIG_REPROD00004.asd;B3;EMB48;NIRRIG;D06M;manha;D06
svm;agrupado;todos;4;treino;1326;B3_EMB48_NIRRIG_REPROD00006.asd;B3;EMB48;NIRRIG;D06M;manha;D06
svm;agrupado;todos;4;treino;1327;B3_EMB48_NIRRIG_REPROD00007.asd;B3;EMB48;NIRRIG;D06M;manha;D06
svm;agrupado;todos;4;treino;1328;B4_EMB48_IRRIG_REPROD00000.asd;B4;EMB48;IRRIG;D06M;manha;D06
svm;agrupado;todos;4;treino;1329;B4_EMB48_IRRIG_REPROD00001.asd;B4;EMB48;IRRIG;D06M;manha;D06
svm;agrupado;todos;4;treino;1330;B4_EMB48_IRRIG_REPROD00002.asd;B4;EMB48;IRRIG;D06M;manha;D06
svm;agrupado;todos;4;treino;1331;B4_EMB48_IRRIG_REPROD00003.asd;B4;EMB48;IRRIG;D06M;manha;D06
svm;agrupado;todos;4;treino;1332;B4_EMB48_IRRIG_REPROD00004.asd;B4;EMB48;IRRIG;D06M;manha;D06
svm;agrupado;todos;4;treino;1333;B4_EMB48_IRRIG_REPROD00005.asd;B4;EMB48;IRRIG;D06M;manha;D06
svm;agrupado;todos;4;treino;1334;B4_EMB48_IRRIG_REPROD00006.asd;B4;EMB48;IRRIG;D06M;manha;D06
svm;agrupado;todos;4;treino;1335;B4_EMB48_IRRIG_REPROD00007.asd;B4;EMB48;IRRIG;D06M;manha;D06
svm;agrupado;todos;4;treino;1336;B4_EMB48_NIRRIG_REPROD00000.asd;B4;EMB48;NIRRIG;D06M;manha;D06
svm;agrupado;todos;4;treino;1337;B4_EMB48_NIRRIG_REPROD00001.asd;B4;EMB48;NIRRIG;D06M;manha;D06
svm;agrupado;todos;4;treino;1338;B4_EMB48_NIRRIG_REPROD00002.asd;B4;EMB48;NIRRIG;D06M;manha;D06
svm;agrupado;todos;4;treino;1339;B4_EMB48_NIRRIG_REPROD00003.asd;B4;EMB48;NIRRIG;D06M;manha;D06
svm;agrupado;todos;4;treino;1340;B4_EMB48_NIRRIG_REPROD00004.asd;B4;EMB48;NIRRIG;D06M;manha;D06
svm;agrupado;todos;4;treino;1342;B4_EMB48_NIRRIG_REPROD00006.asd;B4;EMB48;NIRRIG;D06M;manha;D06
svm;agrupado;todos;4;treino;1343;B4_EMB48_NIRRIG_REPROD00007.asd;B4;EMB48;NIRRIG;D06M;manha;D06
svm;agrupado;todos;4;treino;1344;B1_BR16_IRR_REP_RECUP00000.asd;B1;BR16;IRRIG;D09M;manha;D09
svm;agrupado;todos;4;treino;1346;B1_BR16_IRR_REP_RECUP00002.asd;B1;BR16;IRRIG;D09M;manha;D09
svm;agrupado;todos;4;treino;1347;B1_BR16_IRR_REP_RECUP00003.asd;B1;BR16;IRRIG;D09M;manha;D09
svm;agrupado;todos;4;treino;1348;B1_BR16_IRR_REP_RECUP00004.asd;B1;BR16;IRRIG;D09M;manha;D09
svm;agrupado;todos;4;treino;1349;B1_BR16_IRR_REP_RECUP00005.asd;B1;BR16;IRRIG;D09M;manha;D09
svm;agrupado;todos;4;treino;1350;B1_BR16_IRR_REP_RECUP00006.asd;B1;BR16;IRRIG;D09M;manha;D09
svm;agrupado;todos;4;treino;1351;B1_BR16_IRR_REP_RECUP00007.asd;B1;BR16;IRRIG;D09M;manha;D09
svm;agrupado;todos;4;treino;1352;B1_BR16_NIRR_REP_RECUP00000.asd;B1;BR16;NIRRIG;D09M;manha;D09
svm;agrupado;todos;4;treino;1353;B1_BR16_NIRR_REP_RECUP00001.asd;B1;BR16;NIRRIG;D09M;manha;D09
svm;agrupado;todos;4;treino;1354;B1_BR16_NIRR_REP_RECUP00002.asd;B1;BR16;NIRRIG;D09M;manha;D09
svm;agrupado;todos;4;treino;1355;B1_BR16_NIRR_REP_RECUP00003.asd;B1;BR16;NIRRIG;D09M;manha;D09
svm;agrupado;todos;4;treino;1356;B1_BR16_NIRR_REP_RECUP00004.asd;B1;BR16;NIRRIG;D09M;manha;D09
svm;agrupado;todos;4;treino;1357;B1_BR16_NIRR_REP_RECUP00005.asd;B1;BR16;NIRRIG;D09M;manha;D09
svm;agrupado;todos;4;treino;1358;B1_BR16_NIRR_REP_RECUP00006.asd;B1;BR16;NIRRIG;D09M;manha;D09
svm;agrupado;todos;4;treino;1359;B1_BR16_NIRR_REP_RECUP00007.asd;B1;BR16;NIRRIG;D09M;manha;D09
svm;agrupado;todos;4;treino;1360;B2_BR16_IRR_REP_RECUP00000.asd;B2;BR16;IRRIG;D09M;manha;D09
svm;agrupado;todos;4;treino;1362;B2_BR16_IRR_REP_RECUP00002.asd;B2;BR16;IRRIG;D09M;manha;D09
svm;agrupado;todos;4;treino;1363;B2_BR16_IRR_REP_RECUP00003.asd;B2;BR16;IRRIG;D09M;manha;D09
svm;agrupado;todos;4;treino;1364;B2_BR16_IRR_REP_RECUP00004.asd;B2;BR16;IRRIG;D09M;manha;D09
svm;agrupado;todos;4;treino;1365;B2_BR16_IRR_REP_RECUP00005.asd;B2;BR16;IRRIG;D09M;manha;D09
svm;agrupado;todos;4;treino;1366;B2_BR16_IRR_REP_RECUP00006.asd;B2;BR16;IRRIG;D09M;manha;D09
svm;agrupado;todos;4;treino;1367;B2_BR16_IRR_REP_RECUP00007.asd;B2;BR16;IRRIG;D09M;manha;D09
svm;agrupado;todos;4;treino;1369;B2_BR16_NIRR_REP_RECUP00001.asd;B2;BR16;NIRRIG;D09M;manha;D09
svm;agrupado;todos;4;treino;1370;B2_BR16_NIRR_REP_RECUP00002.asd;B2;BR16;NIRRIG;D09M;manha;D09
svm;agrupado;todos;4;treino;1371;B2_BR16_NIRR_REP_RECUP00003.asd;B2;BR16;NIRRIG;D09M;manha;D09
svm;agrupado;todos;4;treino;1374;B2_BR16_NIRR_REP_RECUP00006.asd;B2;BR16;NIRRIG;D09M;manha;D09
svm;agrupado;todos;4;treino;1375;B2_BR16_NIRR_REP_RECUP00007.asd;B2;BR16;NIRRIG;D09M;manha;D09
svm;agrupado;todos;4;treino;1378;B3_BR16_IRR_REP_RECUP00002.asd;B3;BR16;IRRIG;D09M;manha;D09
svm;agrupado;todos;4;treino;1379;B3_BR16_IRR_REP_RECUP00003.asd;B3;BR16;IRRIG;D09M;manha;D09
svm;agrupado;todos;4;treino;1380;B3_BR16_IRR_REP_RECUP00004.asd;B3;BR16;IRRIG;D09M;manha;D09
svm;agrupado;todos;4;treino;1381;B3_BR16_IRR_REP_RECUP00005.asd;B3;BR16;IRRIG;D09M;manha;D09
svm;agrupado;todos;4;treino;1382;B3_BR16_IRR_REP_RECUP00006.asd;B3;BR16;IRRIG;D09M;manha;D09
svm;agrupado;todos;4;treino;1383;B3_BR16_IRR_REP_RECUP00007.asd;B3;BR16;IRRIG;D09M;manha;D09
svm;agrupado;todos;4;treino;1385;B3_BR16_NIRR_REP_RECUP00001.asd;B3;BR16;NIRRIG;D09M;manha;D09
svm;agrupado;todos;4;treino;1386;B3_BR16_NIRR_REP_RECUP00002.asd;B3;BR16;NIRRIG;D09M;manha;D09
svm;agrupado;todos;4;treino;1387;B3_BR16_NIRR_REP_RECUP00003.asd;B3;BR16;NIRRIG;D09M;manha;D09
svm;agrupado;todos;4;treino;1389;B3_BR16_NIRR_REP_RECUP00005.asd;B3;BR16;NIRRIG;D09M;manha;D09
svm;agrupado;todos;4;treino;1390;B3_BR16_NIRR_REP_RECUP00006.asd;B3;BR16;NIRRIG;D09M;manha;D09
svm;agrupado;todos;4;treino;1391;B3_BR16_NIRR_REP_RECUP00007.asd;B3;BR16;NIRRIG;D09M;manha;D09
svm;agrupado;todos;4;treino;1392;B4_BR16_IRR_REP_RECUP00000.asd;B4;BR16;IRRIG;D09M;manha;D09
svm;agrupado;todos;4;treino;1393;B4_BR16_IRR_REP_RECUP00001.asd;B4;BR16;IRRIG;D09M;manha;D09
svm;agrupado;todos;4;treino;1394;B4_BR16_IRR_REP_RECUP00002.asd;B4;BR16;IRRIG;D09M;manha;D09
svm;agrupado;todos;4;treino;1395;B4_BR16_IRR_REP_RECUP00003.asd;B4;BR16;IRRIG;D09M;manha;D09
svm;agrupado;todos;4;treino;1396;B4_BR16_IRR_REP_RECUP00004.asd;B4;BR16;IRRIG;D09M;manha;D09
svm;agrupado;todos;4;treino;1399;B4_BR16_IRR_REP_RECUP00007.asd;B4;BR16;IRRIG;D09M;manha;D09
svm;agrupado;todos;4;treino;1400;B4_BR16_NIRR_REP_RECUP00000.asd;B4;BR16;NIRRIG;D09M;manha;D09
svm;agrupado;todos;4;treino;1401;B4_BR16_NIRR_REP_RECUP00001.asd;B4;BR16;NIRRIG;D09M;manha;D09
svm;agrupado;todos;4;treino;1402;B4_BR16_NIRR_REP_RECUP00002.asd;B4;BR16;NIRRIG;D09M;manha;D09
svm;agrupado;todos;4;treino;1403;B4_BR16_NIRR_REP_RECUP00003.asd;B4;BR16;NIRRIG;D09M;manha;D09
svm;agrupado;todos;4;treino;1404;B4_BR16_NIRR_REP_RECUP00004.asd;B4;BR16;NIRRIG;D09M;manha;D09
svm;agrupado;todos;4;treino;1406;B4_BR16_NIRR_REP_RECUP00006.asd;B4;BR16;NIRRIG;D09M;manha;D09
svm;agrupado;todos;4;treino;1407;B4_BR16_NIRR_REP_RECUP00007.asd;B4;BR16;NIRRIG;D09M;manha;D09
svm;agrupado;todos;4;treino;1409;B1_CD202_IRR_REP_RECUP00001.asd;B1;CD202;IRRIG;D09M;manha;D09
svm;agrupado;todos;4;treino;1410;B1_CD202_IRR_REP_RECUP00002.asd;B1;CD202;IRRIG;D09M;manha;D09
svm;agrupado;todos;4;treino;1411;B1_CD202_IRR_REP_RECUP00003.asd;B1;CD202;IRRIG;D09M;manha;D09
svm;agrupado;todos;4;treino;1414;B1_CD202_IRR_REP_RECUP00006.asd;B1;CD202;IRRIG;D09M;manha;D09
svm;agrupado;todos;4;treino;1415;B1_CD202_IRR_REP_RECUP00007.asd;B1;CD202;IRRIG;D09M;manha;D09
svm;agrupado;todos;4;treino;1416;B1_CD202_IRR_REP_RECUP00008.asd;B1;CD202;IRRIG;D09M;manha;D09
svm;agrupado;todos;4;treino;1417;B1_CD202_IRR_REP_RECUP00009.asd;B1;CD202;IRRIG;D09M;manha;D09
svm;agrupado;todos;4;treino;1418;B1_CD202_IRR_REP_RECUP00010.asd;B1;CD202;IRRIG;D09M;manha;D09
svm;agrupado;todos;4;treino;1419;B1_CD202_IRR_REP_RECUP00011.asd;B1;CD202;IRRIG;D09M;manha;D09
svm;agrupado;todos;4;treino;1421;B1_CD202_NIRR_REP_RECUP00001.asd;B1;CD202;NIRRIG;D09M;manha;D09
svm;agrupado;todos;4;treino;1422;B1_CD202_NIRR_REP_RECUP00002.asd;B1;CD202;NIRRIG;D09M;manha;D09
svm;agrupado;todos;4;treino;1423;B1_CD202_NIRR_REP_RECUP00003.asd;B1;CD202;NIRRIG;D09M;manha;D09
svm;agrupado;todos;4;treino;1424;B1_CD202_NIRR_REP_RECUP00004.asd;B1;CD202;NIRRIG;D09M;manha;D09
svm;agrupado;todos;4;treino;1425;B1_CD202_NIRR_REP_RECUP00005.asd;B1;CD202;NIRRIG;D09M;manha;D09
svm;agrupado;todos;4;treino;1426;B1_CD202_NIRR_REP_RECUP00006.asd;B1;CD202;NIRRIG;D09M;manha;D09
svm;agrupado;todos;4;treino;1428;B2_CD202_IRR_REP_RECUP00000.asd;B2;CD202;IRRIG;D09M;manha;D09
svm;agrupado;todos;4;treino;1429;B2_CD202_IRR_REP_RECUP00001.asd;B2;CD202;IRRIG;D09M;manha;D09
svm;agrupado;todos;4;treino;1431;B2_CD202_IRR_REP_RECUP00003.asd;B2;CD202;IRRIG;D09M;manha;D09
svm;agrupado;todos;4;treino;1433;B2_CD202_IRR_REP_RECUP00005.asd;B2;CD202;IRRIG;D09M;manha;D09
svm;agrupado;todos;4;treino;1434;B2_CD202_IRR_REP_RECUP00006.asd;B2;CD202;IRRIG;D09M;manha;D09
svm;agrupado;todos;4;treino;1435;B2_CD202_IRR_REP_RECUP00007.asd;B2;CD202;IRRIG;D09M;manha;D09
svm;agrupado;todos;4;treino;1436;B2_CD202_NIRR_REP_RECUP00000.asd;B2;CD202;NIRRIG;D09M;manha;D09
svm;agrupado;todos;4;treino;1438;B2_CD202_NIRR_REP_RECUP00002.asd;B2;CD202;NIRRIG;D09M;manha;D09
svm;agrupado;todos;4;treino;1439;B2_CD202_NIRR_REP_RECUP00003.asd;B2;CD202;NIRRIG;D09M;manha;D09
svm;agrupado;todos;4;treino;1440;B2_CD202_NIRR_REP_RECUP00004.asd;B2;CD202;NIRRIG;D09M;manha;D09
svm;agrupado;todos;4;treino;1441;B2_CD202_NIRR_REP_RECUP00005.asd;B2;CD202;NIRRIG;D09M;manha;D09
svm;agrupado;todos;4;treino;1442;B2_CD202_NIRR_REP_RECUP00006.asd;B2;CD202;NIRRIG;D09M;manha;D09
svm;agrupado;todos;4;treino;1443;B2_CD202_NIRR_REP_RECUP00007.asd;B2;CD202;NIRRIG;D09M;manha;D09
svm;agrupado;todos;4;treino;1445;B3_CD202_IRR_REP_RECUP00001.asd;B3;CD202;IRRIG;D09M;manha;D09
svm;agrupado;todos;4;treino;1446;B3_CD202_IRR_REP_RECUP00002.asd;B3;CD202;IRRIG;D09M;manha;D09
svm;agrupado;todos;4;treino;1447;B3_CD202_IRR_REP_RECUP00003.asd;B3;CD202;IRRIG;D09M;manha;D09
svm;agrupado;todos;4;treino;1448;B3_CD202_IRR_REP_RECUP00004.asd;B3;CD202;IRRIG;D09M;manha;D09
svm;agrupado;todos;4;treino;1449;B3_CD202_IRR_REP_RECUP00005.asd;B3;CD202;IRRIG;D09M;manha;D09
svm;agrupado;todos;4;treino;1450;B3_CD202_IRR_REP_RECUP00006.asd;B3;CD202;IRRIG;D09M;manha;D09
svm;agrupado;todos;4;treino;1451;B3_CD202_IRR_REP_RECUP00007.asd;B3;CD202;IRRIG;D09M;manha;D09
svm;agrupado;todos;4;treino;1452;B3_CD202_NIRR_REP_RECUP00000.asd;B3;CD202;NIRRIG;D09M;manha;D09
svm;agrupado;todos;4;treino;1453;B3_CD202_NIRR_REP_RECUP00001.asd;B3;CD202;NIRRIG;D09M;manha;D09
svm;agrupado;todos;4;treino;1454;B3_CD202_NIRR_REP_RECUP00002.asd;B3;CD202;NIRRIG;D09M;manha;D09
svm;agrupado;todos;4;treino;1455;B3_CD202_NIRR_REP_RECUP00003.asd;B3;CD202;NIRRIG;D09M;manha;D09
svm;agrupado;todos;4;treino;1456;B3_CD202_NIRR_REP_RECUP00004.asd;B3;CD202;NIRRIG;D09M;manha;D09
svm;agrupado;todos;4;treino;1457;B3_CD202_NIRR_REP_RECUP00005.asd;B3;CD202;NIRRIG;D09M;manha;D09
svm;agrupado;todos;4;treino;1458;B3_CD202_NIRR_REP_RECUP00006.asd;B3;CD202;NIRRIG;D09M;manha;D09
svm;agrupado;todos;4;treino;1459;B3_CD202_NIRR_REP_RECUP00007.asd;B3;CD202;NIRRIG;D09M;manha;D09
svm;agrupado;todos;4;treino;1461;B4_CD202_IRR_REP_RECUP00001.asd;B4;CD202;IRRIG;D09M;manha;D09
svm;agrupado;todos;4;treino;1462;B4_CD202_IRR_REP_RECUP00002.asd;B4;CD202;IRRIG;D09M;manha;D09
svm;agrupado;todos;4;treino;1464;B4_CD202_IRR_REP_RECUP00004.asd;B4;CD202;IRRIG;D09M;manha;D09
svm;agrupado;todos;4;treino;1465;B4_CD202_IRR_REP_RECUP00005.asd;B4;CD202;IRRIG;D09M;manha;D09
svm;agrupado;todos;4;treino;1466;B4_CD202_IRR_REP_RECUP00006.asd;B4;CD202;IRRIG;D09M;manha;D09
svm;agrupado;todos;4;treino;1467;B4_CD202_IRR_REP_RECUP00007.asd;B4;CD202;IRRIG;D09M;manha;D09
svm;agrupado;todos;4;treino;1469;B4_CD202_NIRR_REP_RECUP00001.asd;B4;CD202;NIRRIG;D09M;manha;D09
svm;agrupado;todos;4;treino;1470;B4_CD202_NIRR_REP_RECUP00002.asd;B4;CD202;NIRRIG;D09M;manha;D09
svm;agrupado;todos;4;treino;1471;B4_CD202_NIRR_REP_RECUP00003.asd;B4;CD202;NIRRIG;D09M;manha;D09
svm;agrupado;todos;4;treino;1472;B4_CD202_NIRR_REP_RECUP00004.asd;B4;CD202;NIRRIG;D09M;manha;D09
svm;agrupado;todos;4;treino;1475;B4_CD202_NIRR_REP_RECUP00007.asd;B4;CD202;NIRRIG;D09M;manha;D09
svm;agrupado;todos;4;treino;1476;B1_EMB48_IRR_REP_RECUP00000.asd;B1;EMB48;IRRIG;D09M;manha;D09
svm;agrupado;todos;4;treino;1477;B1_EMB48_IRR_REP_RECUP00001.asd;B1;EMB48;IRRIG;D09M;manha;D09
svm;agrupado;todos;4;treino;1479;B1_EMB48_IRR_REP_RECUP00003.asd;B1;EMB48;IRRIG;D09M;manha;D09
svm;agrupado;todos;4;treino;1481;B1_EMB48_IRR_REP_RECUP00005.asd;B1;EMB48;IRRIG;D09M;manha;D09
svm;agrupado;todos;4;treino;1482;B1_EMB48_IRR_REP_RECUP00006.asd;B1;EMB48;IRRIG;D09M;manha;D09
svm;agrupado;todos;4;treino;1483;B1_EMB48_IRR_REP_RECUP00007.asd;B1;EMB48;IRRIG;D09M;manha;D09
svm;agrupado;todos;4;treino;1484;B1_EMB48_NIRR_REP_RECUP00000.asd;B1;EMB48;NIRRIG;D09M;manha;D09
svm;agrupado;todos;4;treino;1485;B1_EMB48_NIRR_REP_RECUP00001.asd;B1;EMB48;NIRRIG;D09M;manha;D09
svm;agrupado;todos;4;treino;1486;B1_EMB48_NIRR_REP_RECUP00002.asd;B1;EMB48;NIRRIG;D09M;manha;D09
svm;agrupado;todos;4;treino;1487;B1_EMB48_NIRR_REP_RECUP00003.asd;B1;EMB48;NIRRIG;D09M;manha;D09
svm;agrupado;todos;4;treino;1488;B1_EMB48_NIRR_REP_RECUP00004.asd;B1;EMB48;NIRRIG;D09M;manha;D09
svm;agrupado;todos;4;treino;1489;B1_EMB48_NIRR_REP_RECUP00005.asd;B1;EMB48;NIRRIG;D09M;manha;D09
svm;agrupado;todos;4;treino;1491;B1_EMB48_NIRR_REP_RECUP00007.asd;B1;EMB48;NIRRIG;D09M;manha;D09
svm;agrupado;todos;4;treino;1493;B2_EMB48_IRR_REP_RECUP00001.asd;B2;EMB48;IRRIG;D09M;manha;D09
svm;agrupado;todos;4;treino;1494;B2_EMB48_IRR_REP_RECUP00002.asd;B2;EMB48;IRRIG;D09M;manha;D09
svm;agrupado;todos;4;treino;1496;B2_EMB48_IRR_REP_RECUP00004.asd;B2;EMB48;IRRIG;D09M;manha;D09
svm;agrupado;todos;4;treino;1497;B2_EMB48_IRR_REP_RECUP00005.asd;B2;EMB48;IRRIG;D09M;manha;D09
svm;agrupado;todos;4;treino;1498;B2_EMB48_IRR_REP_RECUP00006.asd;B2;EMB48;IRRIG;D09M;manha;D09
svm;agrupado;todos;4;treino;1499;B2_EMB48_IRR_REP_RECUP00007.asd;B2;EMB48;IRRIG;D09M;manha;D09
svm;agrupado;todos;4;treino;1502;B2_EMB48_NIRR_REP_RECUP00002.asd;B2;EMB48;NIRRIG;D09M;manha;D09
svm;agrupado;todos;4;treino;1503;B2_EMB48_NIRR_REP_RECUP00003.asd;B2;EMB48;NIRRIG;D09M;manha;D09
svm;agrupado;todos;4;treino;1504;B2_EMB48_NIRR_REP_RECUP00008.asd;B2;EMB48;NIRRIG;D09M;manha;D09
svm;agrupado;todos;4;treino;1505;B2_EMB48_NIRR_REP_RECUP00009.asd;B2;EMB48;NIRRIG;D09M;manha;D09
svm;agrupado;todos;4;treino;1507;B2_EMB48_NIRR_REP_RECUP00011.asd;B2;EMB48;NIRRIG;D09M;manha;D09
svm;agrupado;todos;4;treino;1508;B3_EMB48_IRR_REP_RECUP00000.asd;B3;EMB48;IRRIG;D09M;manha;D09
svm;agrupado;todos;4;treino;1510;B3_EMB48_IRR_REP_RECUP00002.asd;B3;EMB48;IRRIG;D09M;manha;D09
svm;agrupado;todos;4;treino;1511;B3_EMB48_IRR_REP_RECUP00003.asd;B3;EMB48;IRRIG;D09M;manha;D09
svm;agrupado;todos;4;treino;1512;B3_EMB48_IRR_REP_RECUP00004.asd;B3;EMB48;IRRIG;D09M;manha;D09
svm;agrupado;todos;4;treino;1513;B3_EMB48_IRR_REP_RECUP00005.asd;B3;EMB48;IRRIG;D09M;manha;D09
svm;agrupado;todos;4;treino;1515;B3_EMB48_IRR_REP_RECUP00007.asd;B3;EMB48;IRRIG;D09M;manha;D09
svm;agrupado;todos;4;treino;1516;B3_EMB48_NIRR_REP_RECUP00000.asd;B3;EMB48;NIRRIG;D09M;manha;D09
svm;agrupado;todos;4;treino;1517;B3_EMB48_NIRR_REP_RECUP00001.asd;B3;EMB48;NIRRIG;D09M;manha;D09
svm;agrupado;todos;4;treino;1519;B3_EMB48_NIRR_REP_RECUP00003.asd;B3;EMB48;NIRRIG;D09M;manha;D09
svm;agrupado;todos;4;treino;1521;B3_EMB48_NIRR_REP_RECUP00005.asd;B3;EMB48;NIRRIG;D09M;manha;D09
svm;agrupado;todos;4;treino;1522;B3_EMB48_NIRR_REP_RECUP00006.asd;B3;EMB48;NIRRIG;D09M;manha;D09
svm;agrupado;todos;4;treino;1523;B3_EMB48_NIRR_REP_RECUP00007.asd;B3;EMB48;NIRRIG;D09M;manha;D09
svm;agrupado;todos;4;treino;1524;B4_EMB48_IRR_REP_RECUP00000.asd;B4;EMB48;IRRIG;D09M;manha;D09
svm;agrupado;todos;4;treino;1525;B4_EMB48_IRR_REP_RECUP00001.asd;B4;EMB48;IRRIG;D09M;manha;D09
svm;agrupado;todos;4;treino;1526;B4_EMB48_IRR_REP_RECUP00002.asd;B4;EMB48;IRRIG;D09M;manha;D09
svm;agrupado;todos;4;treino;1527;B4_EMB48_IRR_REP_RECUP00003.asd;B4;EMB48;IRRIG;D09M;manha;D09
svm;agrupado;todos;4;treino;1528;B4_EMB48_IRR_REP_RECUP00004.asd;B4;EMB48;IRRIG;D09M;manha;D09
svm;agrupado;todos;4;treino;1529;B4_EMB48_IRR_REP_RECUP00005.asd;B4;EMB48;IRRIG;D09M;manha;D09
svm;agrupado;todos;4;treino;1530;B4_EMB48_IRR_REP_RECUP00006.asd;B4;EMB48;IRRIG;D09M;manha;D09
svm;agrupado;todos;4;treino;1531;B4_EMB48_IRR_REP_RECUP00007.asd;B4;EMB48;IRRIG;D09M;manha;D09
svm;agrupado;todos;4;treino;1532;B4_EMB48_NIRR_REP_RECUP00000.asd;B4;EMB48;NIRRIG;D09M;manha;D09
svm;agrupado;todos;4;treino;1533;B4_EMB48_NIRR_REP_RECUP00001.asd;B4;EMB48;NIRRIG;D09M;manha;D09
svm;agrupado;todos;4;treino;1534;B4_EMB48_NIRR_REP_RECUP00002.asd;B4;EMB48;NIRRIG;D09M;manha;D09
svm;agrupado;todos;4;treino;1535;B4_EMB48_NIRR_REP_RECUP00003.asd;B4;EMB48;NIRRIG;D09M;manha;D09
svm;agrupado;todos;4;treino;1536;B4_EMB48_NIRR_REP_RECUP00004.asd;B4;EMB48;NIRRIG;D09M;manha;D09
svm;agrupado;todos;4;treino;1537;B4_EMB48_NIRR_REP_RECUP00005.asd;B4;EMB48;NIRRIG;D09M;manha;D09
svm;agrupado;todos;4;treino;1538;B4_EMB48_NIRR_REP_RECUP00006.asd;B4;EMB48;NIRRIG;D09M;manha;D09
svm;agrupado;todos;4;treino;1539;B4_EMB48_NIRR_REP_RECUP00007.asd;B4;EMB48;NIRRIG;D09M;manha;D09
svm;agrupado;todos;4;treino;1540;B1_BR16_IRR_REP_RECUP00000.asd;B1;BR16;IRRIG;D09T;tarde;D09
svm;agrupado;todos;4;treino;1542;B1_BR16_IRR_REP_RECUP00002.asd;B1;BR16;IRRIG;D09T;tarde;D09
svm;agrupado;todos;4;treino;1543;B1_BR16_IRR_REP_RECUP00003.asd;B1;BR16;IRRIG;D09T;tarde;D09
svm;agrupado;todos;4;treino;1544;B1_BR16_IRR_REP_RECUP00004.asd;B1;BR16;IRRIG;D09T;tarde;D09
svm;agrupado;todos;4;treino;1545;B1_BR16_IRR_REP_RECUP00005.asd;B1;BR16;IRRIG;D09T;tarde;D09
svm;agrupado;todos;4;treino;1546;B1_BR16_IRR_REP_RECUP00006.asd;B1;BR16;IRRIG;D09T;tarde;D09
svm;agrupado;todos;4;treino;1547;B1_BR16_IRR_REP_RECUP00007.asd;B1;BR16;IRRIG;D09T;tarde;D09
svm;agrupado;todos;4;treino;1548;B1_BR16_NIRR_REP_RECUP00000.asd;B1;BR16;NIRRIG;D09T;tarde;D09
svm;agrupado;todos;4;treino;1549;B1_BR16_NIRR_REP_RECUP00001.asd;B1;BR16;NIRRIG;D09T;tarde;D09
svm;agrupado;todos;4;treino;1550;B1_BR16_NIRR_REP_RECUP00002.asd;B1;BR16;NIRRIG;D09T;tarde;D09
svm;agrupado;todos;4;treino;1551;B1_BR16_NIRR_REP_RECUP00003.asd;B1;BR16;NIRRIG;D09T;tarde;D09
svm;agrupado;todos;4;treino;1552;B1_BR16_NIRR_REP_RECUP00004.asd;B1;BR16;NIRRIG;D09T;tarde;D09
svm;agrupado;todos;4;treino;1553;B1_BR16_NIRR_REP_RECUP00005.asd;B1;BR16;NIRRIG;D09T;tarde;D09
svm;agrupado;todos;4;treino;1554;B1_BR16_NIRR_REP_RECUP00006.asd;B1;BR16;NIRRIG;D09T;tarde;D09
svm;agrupado;todos;4;treino;1555;B1_BR16_NIRR_REP_RECUP00007.asd;B1;BR16;NIRRIG;D09T;tarde;D09
svm;agrupado;todos;4;treino;1556;B2_BR16_IRR_REP_RECUP00000.asd;B2;BR16;IRRIG;D09T;tarde;D09
svm;agrupado;todos;4;treino;1558;B2_BR16_IRR_REP_RECUP00002.asd;B2;BR16;IRRIG;D09T;tarde;D09
svm;agrupado;todos;4;treino;1559;B2_BR16_IRR_REP_RECUP00003.asd;B2;BR16;IRRIG;D09T;tarde;D09
svm;agrupado;todos;4;treino;1560;B2_BR16_IRR_REP_RECUP00004.asd;B2;BR16;IRRIG;D09T;tarde;D09
svm;agrupado;todos;4;treino;1561;B2_BR16_IRR_REP_RECUP00005.asd;B2;BR16;IRRIG;D09T;tarde;D09
svm;agrupado;todos;4;treino;1562;B2_BR16_IRR_REP_RECUP00006.asd;B2;BR16;IRRIG;D09T;tarde;D09
svm;agrupado;todos;4;treino;1563;B2_BR16_IRR_REP_RECUP00007.asd;B2;BR16;IRRIG;D09T;tarde;D09
svm;agrupado;todos;4;treino;1564;B2_BR16_NIRR_REP_RECUP00008.asd;B2;BR16;NIRRIG;D09T;tarde;D09
svm;agrupado;todos;4;treino;1565;B2_BR16_NIRR_REP_RECUP00009.asd;B2;BR16;NIRRIG;D09T;tarde;D09
svm;agrupado;todos;4;treino;1566;B2_BR16_NIRR_REP_RECUP00010.asd;B2;BR16;NIRRIG;D09T;tarde;D09
svm;agrupado;todos;4;treino;1567;B2_BR16_NIRR_REP_RECUP00011.asd;B2;BR16;NIRRIG;D09T;tarde;D09
svm;agrupado;todos;4;treino;1569;B2_BR16_NIRR_REP_RECUP00013.asd;B2;BR16;NIRRIG;D09T;tarde;D09
svm;agrupado;todos;4;treino;1571;B2_BR16_NIRR_REP_RECUP00015.asd;B2;BR16;NIRRIG;D09T;tarde;D09
svm;agrupado;todos;4;treino;1574;B3_BR16_IRR_REP_RECUP00002.asd;B3;BR16;IRRIG;D09T;tarde;D09
svm;agrupado;todos;4;treino;1575;B3_BR16_IRR_REP_RECUP00003.asd;B3;BR16;IRRIG;D09T;tarde;D09
svm;agrupado;todos;4;treino;1576;B3_BR16_IRR_REP_RECUP00004.asd;B3;BR16;IRRIG;D09T;tarde;D09
svm;agrupado;todos;4;treino;1577;B3_BR16_IRR_REP_RECUP00005.asd;B3;BR16;IRRIG;D09T;tarde;D09
svm;agrupado;todos;4;treino;1578;B3_BR16_IRR_REP_RECUP00006.asd;B3;BR16;IRRIG;D09T;tarde;D09
svm;agrupado;todos;4;treino;1579;B3_BR16_IRR_REP_RECUP00007.asd;B3;BR16;IRRIG;D09T;tarde;D09
svm;agrupado;todos;4;treino;1581;B3_BR16_NIRR_REP_RECUP00001.asd;B3;BR16;NIRRIG;D09T;tarde;D09
svm;agrupado;todos;4;treino;1582;B3_BR16_NIRR_REP_RECUP00002.asd;B3;BR16;NIRRIG;D09T;tarde;D09
svm;agrupado;todos;4;treino;1583;B3_BR16_NIRR_REP_RECUP00003.asd;B3;BR16;NIRRIG;D09T;tarde;D09
svm;agrupado;todos;4;treino;1585;B3_BR16_NIRR_REP_RECUP00005.asd;B3;BR16;NIRRIG;D09T;tarde;D09
svm;agrupado;todos;4;treino;1586;B3_BR16_NIRR_REP_RECUP00006.asd;B3;BR16;NIRRIG;D09T;tarde;D09
svm;agrupado;todos;4;treino;1587;B3_BR16_NIRR_REP_RECUP00007.asd;B3;BR16;NIRRIG;D09T;tarde;D09
svm;agrupado;todos;4;treino;1588;B4_BR16_IRR_REP_RECUP00000.asd;B4;BR16;IRRIG;D09T;tarde;D09
svm;agrupado;todos;4;treino;1589;B4_BR16_IRR_REP_RECUP00001.asd;B4;BR16;IRRIG;D09T;tarde;D09
svm;agrupado;todos;4;treino;1590;B4_BR16_IRR_REP_RECUP00002.asd;B4;BR16;IRRIG;D09T;tarde;D09
svm;agrupado;todos;4;treino;1591;B4_BR16_IRR_REP_RECUP00003.asd;B4;BR16;IRRIG;D09T;tarde;D09
svm;agrupado;todos;4;treino;1592;B4_BR16_IRR_REP_RECUP00004.asd;B4;BR16;IRRIG;D09T;tarde;D09
svm;agrupado;todos;4;treino;1595;B4_BR16_IRR_REP_RECUP00007.asd;B4;BR16;IRRIG;D09T;tarde;D09
svm;agrupado;todos;4;treino;1596;B4_BR16_NIRR_REP_RECUP00000.asd;B4;BR16;NIRRIG;D09T;tarde;D09
svm;agrupado;todos;4;treino;1597;B4_BR16_NIRR_REP_RECUP00001.asd;B4;BR16;NIRRIG;D09T;tarde;D09
svm;agrupado;todos;4;treino;1598;B4_BR16_NIRR_REP_RECUP00002.asd;B4;BR16;NIRRIG;D09T;tarde;D09
svm;agrupado;todos;4;treino;1599;B4_BR16_NIRR_REP_RECUP00003.asd;B4;BR16;NIRRIG;D09T;tarde;D09
svm;agrupado;todos;4;treino;1600;B4_BR16_NIRR_REP_RECUP00004.asd;B4;BR16;NIRRIG;D09T;tarde;D09
svm;agrupado;todos;4;treino;1602;B4_BR16_NIRR_REP_RECUP00006.asd;B4;BR16;NIRRIG;D09T;tarde;D09
svm;agrupado;todos;4;treino;1603;B4_BR16_NIRR_REP_RECUP00007.asd;B4;BR16;NIRRIG;D09T;tarde;D09
svm;agrupado;todos;4;treino;1605;B1_CD202_IRR_REP_RECUP00001.asd;B1;CD202;IRRIG;D09T;tarde;D09
svm;agrupado;todos;4;treino;1606;B1_CD202_IRR_REP_RECUP00002.asd;B1;CD202;IRRIG;D09T;tarde;D09
svm;agrupado;todos;4;treino;1607;B1_CD202_IRR_REP_RECUP00003.asd;B1;CD202;IRRIG;D09T;tarde;D09
svm;agrupado;todos;4;treino;1610;B1_CD202_IRR_REP_RECUP00006.asd;B1;CD202;IRRIG;D09T;tarde;D09
svm;agrupado;todos;4;treino;1611;B1_CD202_IRR_REP_RECUP00007.asd;B1;CD202;IRRIG;D09T;tarde;D09
svm;agrupado;todos;4;treino;1613;B1_CD202_NIRR_REP_RECUP00001.asd;B1;CD202;NIRRIG;D09T;tarde;D09
svm;agrupado;todos;4;treino;1614;B1_CD202_NIRR_REP_RECUP00002.asd;B1;CD202;NIRRIG;D09T;tarde;D09
svm;agrupado;todos;4;treino;1615;B1_CD202_NIRR_REP_RECUP00003.asd;B1;CD202;NIRRIG;D09T;tarde;D09
svm;agrupado;todos;4;treino;1616;B1_CD202_NIRR_REP_RECUP00004.asd;B1;CD202;NIRRIG;D09T;tarde;D09
svm;agrupado;todos;4;treino;1617;B1_CD202_NIRR_REP_RECUP00005.asd;B1;CD202;NIRRIG;D09T;tarde;D09
svm;agrupado;todos;4;treino;1618;B1_CD202_NIRR_REP_RECUP00006.asd;B1;CD202;NIRRIG;D09T;tarde;D09
svm;agrupado;todos;4;treino;1620;B2_CD202_IRR_REP_RECUP00000.asd;B2;CD202;IRRIG;D09T;tarde;D09
svm;agrupado;todos;4;treino;1621;B2_CD202_IRR_REP_RECUP00001.asd;B2;CD202;IRRIG;D09T;tarde;D09
svm;agrupado;todos;4;treino;1623;B2_CD202_IRR_REP_RECUP00003.asd;B2;CD202;IRRIG;D09T;tarde;D09
svm;agrupado;todos;4;treino;1625;B2_CD202_IRR_REP_RECUP00005.asd;B2;CD202;IRRIG;D09T;tarde;D09
svm;agrupado;todos;4;treino;1626;B2_CD202_IRR_REP_RECUP00006.asd;B2;CD202;IRRIG;D09T;tarde;D09
svm;agrupado;todos;4;treino;1627;B2_CD202_IRR_REP_RECUP00007.asd;B2;CD202;IRRIG;D09T;tarde;D09
svm;agrupado;todos;4;treino;1628;B2_CD202_NIRR_REP_RECUP00000.asd;B2;CD202;NIRRIG;D09T;tarde;D09
svm;agrupado;todos;4;treino;1630;B2_CD202_NIRR_REP_RECUP00002.asd;B2;CD202;NIRRIG;D09T;tarde;D09
svm;agrupado;todos;4;treino;1631;B2_CD202_NIRR_REP_RECUP00003.asd;B2;CD202;NIRRIG;D09T;tarde;D09
svm;agrupado;todos;4;treino;1632;B2_CD202_NIRR_REP_RECUP00004.asd;B2;CD202;NIRRIG;D09T;tarde;D09
svm;agrupado;todos;4;treino;1633;B2_CD202_NIRR_REP_RECUP00005.asd;B2;CD202;NIRRIG;D09T;tarde;D09
svm;agrupado;todos;4;treino;1634;B2_CD202_NIRR_REP_RECUP00006.asd;B2;CD202;NIRRIG;D09T;tarde;D09
svm;agrupado;todos;4;treino;1635;B2_CD202_NIRR_REP_RECUP00007.asd;B2;CD202;NIRRIG;D09T;tarde;D09
svm;agrupado;todos;4;treino;1637;B3_CD202_IRR_REP_RECUP00001.asd;B3;CD202;IRRIG;D09T;tarde;D09
svm;agrupado;todos;4;treino;1638;B3_CD202_IRR_REP_RECUP00002.asd;B3;CD202;IRRIG;D09T;tarde;D09
svm;agrupado;todos;4;treino;1639;B3_CD202_IRR_REP_RECUP00003.asd;B3;CD202;IRRIG;D09T;tarde;D09
svm;agrupado;todos;4;treino;1640;B3_CD202_IRR_REP_RECUP00004.asd;B3;CD202;IRRIG;D09T;tarde;D09
svm;agrupado;todos;4;treino;1641;B3_CD202_IRR_REP_RECUP00005.asd;B3;CD202;IRRIG;D09T;tarde;D09
svm;agrupado;todos;4;treino;1642;B3_CD202_IRR_REP_RECUP00006.asd;B3;CD202;IRRIG;D09T;tarde;D09
svm;agrupado;todos;4;treino;1643;B3_CD202_IRR_REP_RECUP00007.asd;B3;CD202;IRRIG;D09T;tarde;D09
svm;agrupado;todos;4;treino;1644;B3_CD202_NIRR_REP_RECUP00000.asd;B3;CD202;NIRRIG;D09T;tarde;D09
svm;agrupado;todos;4;treino;1645;B3_CD202_NIRR_REP_RECUP00001.asd;B3;CD202;NIRRIG;D09T;tarde;D09
svm;agrupado;todos;4;treino;1646;B3_CD202_NIRR_REP_RECUP00002.asd;B3;CD202;NIRRIG;D09T;tarde;D09
svm;agrupado;todos;4;treino;1647;B3_CD202_NIRR_REP_RECUP00003.asd;B3;CD202;NIRRIG;D09T;tarde;D09
svm;agrupado;todos;4;treino;1648;B3_CD202_NIRR_REP_RECUP00004.asd;B3;CD202;NIRRIG;D09T;tarde;D09
svm;agrupado;todos;4;treino;1649;B3_CD202_NIRR_REP_RECUP00005.asd;B3;CD202;NIRRIG;D09T;tarde;D09
svm;agrupado;todos;4;treino;1650;B3_CD202_NIRR_REP_RECUP00006.asd;B3;CD202;NIRRIG;D09T;tarde;D09
svm;agrupado;todos;4;treino;1651;B3_CD202_NIRR_REP_RECUP00007.asd;B3;CD202;NIRRIG;D09T;tarde;D09
svm;agrupado;todos;4;treino;1653;B4_CD202_IRR_REP_RECUP00001.asd;B4;CD202;IRRIG;D09T;tarde;D09
svm;agrupado;todos;4;treino;1654;B4_CD202_IRR_REP_RECUP00002.asd;B4;CD202;IRRIG;D09T;tarde;D09
svm;agrupado;todos;4;treino;1656;B4_CD202_IRR_REP_RECUP00004.asd;B4;CD202;IRRIG;D09T;tarde;D09
svm;agrupado;todos;4;treino;1657;B4_CD202_IRR_REP_RECUP00005.asd;B4;CD202;IRRIG;D09T;tarde;D09
svm;agrupado;todos;4;treino;1658;B4_CD202_IRR_REP_RECUP00006.asd;B4;CD202;IRRIG;D09T;tarde;D09
svm;agrupado;todos;4;treino;1659;B4_CD202_IRR_REP_RECUP00007.asd;B4;CD202;IRRIG;D09T;tarde;D09
svm;agrupado;todos;4;treino;1661;B4_CD202_NIRR_REP_RECUP00001.asd;B4;CD202;NIRRIG;D09T;tarde;D09
svm;agrupado;todos;4;treino;1662;B4_CD202_NIRR_REP_RECUP00002.asd;B4;CD202;NIRRIG;D09T;tarde;D09
svm;agrupado;todos;4;treino;1663;B4_CD202_NIRR_REP_RECUP00003.asd;B4;CD202;NIRRIG;D09T;tarde;D09
svm;agrupado;todos;4;treino;1664;B4_CD202_NIRR_REP_RECUP00004.asd;B4;CD202;NIRRIG;D09T;tarde;D09
svm;agrupado;todos;4;treino;1667;B4_CD202_NIRR_REP_RECUP00007.asd;B4;CD202;NIRRIG;D09T;tarde;D09
svm;agrupado;todos;4;treino;1668;B1_EMB48_IRR_REP_RECUP00000.asd;B1;EMB48;IRRIG;D09T;tarde;D09
svm;agrupado;todos;4;treino;1669;B1_EMB48_IRR_REP_RECUP00001.asd;B1;EMB48;IRRIG;D09T;tarde;D09
svm;agrupado;todos;4;treino;1671;B1_EMB48_IRR_REP_RECUP00003.asd;B1;EMB48;IRRIG;D09T;tarde;D09
svm;agrupado;todos;4;treino;1673;B1_EMB48_IRR_REP_RECUP00005.asd;B1;EMB48;IRRIG;D09T;tarde;D09
svm;agrupado;todos;4;treino;1674;B1_EMB48_IRR_REP_RECUP00006.asd;B1;EMB48;IRRIG;D09T;tarde;D09
svm;agrupado;todos;4;treino;1675;B1_EMB48_IRR_REP_RECUP00007.asd;B1;EMB48;IRRIG;D09T;tarde;D09
svm;agrupado;todos;4;treino;1676;B1_EMB48_NIRR_REP_RECUP00000.asd;B1;EMB48;NIRRIG;D09T;tarde;D09
svm;agrupado;todos;4;treino;1677;B1_EMB48_NIRR_REP_RECUP00001.asd;B1;EMB48;NIRRIG;D09T;tarde;D09
svm;agrupado;todos;4;treino;1678;B1_EMB48_NIRR_REP_RECUP00002.asd;B1;EMB48;NIRRIG;D09T;tarde;D09
svm;agrupado;todos;4;treino;1679;B1_EMB48_NIRR_REP_RECUP00003.asd;B1;EMB48;NIRRIG;D09T;tarde;D09
svm;agrupado;todos;4;treino;1680;B1_EMB48_NIRR_REP_RECUP00004.asd;B1;EMB48;NIRRIG;D09T;tarde;D09
svm;agrupado;todos;4;treino;1681;B1_EMB48_NIRR_REP_RECUP00005.asd;B1;EMB48;NIRRIG;D09T;tarde;D09
svm;agrupado;todos;4;treino;1683;B1_EMB48_NIRR_REP_RECUP00007.asd;B1;EMB48;NIRRIG;D09T;tarde;D09
svm;agrupado;todos;4;treino;1685;B2_EMB48_IRR_REP_RECUP00001.asd;B2;EMB48;IRRIG;D09T;tarde;D09
svm;agrupado;todos;4;treino;1686;B2_EMB48_IRR_REP_RECUP00002.asd;B2;EMB48;IRRIG;D09T;tarde;D09
svm;agrupado;todos;4;treino;1688;B2_EMB48_IRR_REP_RECUP00004.asd;B2;EMB48;IRRIG;D09T;tarde;D09
svm;agrupado;todos;4;treino;1689;B2_EMB48_IRR_REP_RECUP00005.asd;B2;EMB48;IRRIG;D09T;tarde;D09
svm;agrupado;todos;4;treino;1690;B2_EMB48_IRR_REP_RECUP00006.asd;B2;EMB48;IRRIG;D09T;tarde;D09
svm;agrupado;todos;4;treino;1691;B2_EMB48_IRR_REP_RECUP00007.asd;B2;EMB48;IRRIG;D09T;tarde;D09
svm;agrupado;todos;4;treino;1694;B2_EMB48_NIRR_REP_RECUP00002.asd;B2;EMB48;NIRRIG;D09T;tarde;D09
svm;agrupado;todos;4;treino;1695;B2_EMB48_NIRR_REP_RECUP00003.asd;B2;EMB48;NIRRIG;D09T;tarde;D09
svm;agrupado;todos;4;treino;1696;B2_EMB48_NIRR_REP_RECUP00004.asd;B2;EMB48;NIRRIG;D09T;tarde;D09
svm;agrupado;todos;4;treino;1697;B2_EMB48_NIRR_REP_RECUP00005.asd;B2;EMB48;NIRRIG;D09T;tarde;D09
svm;agrupado;todos;4;treino;1698;B2_EMB48_NIRR_REP_RECUP00006.asd;B2;EMB48;NIRRIG;D09T;tarde;D09
svm;agrupado;todos;4;treino;1699;B2_EMB48_NIRR_REP_RECUP00007.asd;B2;EMB48;NIRRIG;D09T;tarde;D09
svm;agrupado;todos;4;treino;1700;B3_EMB48_IRR_REP_RECUP00000.asd;B3;EMB48;IRRIG;D09T;tarde;D09
svm;agrupado;todos;4;treino;1702;B3_EMB48_IRR_REP_RECUP00002.asd;B3;EMB48;IRRIG;D09T;tarde;D09
svm;agrupado;todos;4;treino;1703;B3_EMB48_IRR_REP_RECUP00003.asd;B3;EMB48;IRRIG;D09T;tarde;D09
svm;agrupado;todos;4;treino;1704;B3_EMB48_IRR_REP_RECUP00004.asd;B3;EMB48;IRRIG;D09T;tarde;D09
svm;agrupado;todos;4;treino;1705;B3_EMB48_IRR_REP_RECUP00005.asd;B3;EMB48;IRRIG;D09T;tarde;D09
svm;agrupado;todos;4;treino;1707;B3_EMB48_IRR_REP_RECUP00007.asd;B3;EMB48;IRRIG;D09T;tarde;D09
svm;agrupado;todos;4;treino;1708;B3_EMB48_NIRR_REP_RECUP00000.asd;B3;EMB48;NIRRIG;D09T;tarde;D09
svm;agrupado;todos;4;treino;1709;B3_EMB48_NIRR_REP_RECUP00001.asd;B3;EMB48;NIRRIG;D09T;tarde;D09
svm;agrupado;todos;4;treino;1711;B3_EMB48_NIRR_REP_RECUP00003.asd;B3;EMB48;NIRRIG;D09T;tarde;D09
svm;agrupado;todos;4;treino;1713;B3_EMB48_NIRR_REP_RECUP00005.asd;B3;EMB48;NIRRIG;D09T;tarde;D09
svm;agrupado;todos;4;treino;1714;B3_EMB48_NIRR_REP_RECUP00006.asd;B3;EMB48;NIRRIG;D09T;tarde;D09
svm;agrupado;todos;4;treino;1715;B3_EMB48_NIRR_REP_RECUP00007.asd;B3;EMB48;NIRRIG;D09T;tarde;D09
svm;agrupado;todos;4;treino;1716;B4_EMB48_IRR_REP_RECUP00000.asd;B4;EMB48;IRRIG;D09T;tarde;D09
svm;agrupado;todos;4;treino;1717;B4_EMB48_IRR_REP_RECUP00001.asd;B4;EMB48;IRRIG;D09T;tarde;D09
svm;agrupado;todos;4;treino;1718;B4_EMB48_IRR_REP_RECUP00002.asd;B4;EMB48;IRRIG;D09T;tarde;D09
svm;agrupado;todos;4;treino;1719;B4_EMB48_IRR_REP_RECUP00003.asd;B4;EMB48;IRRIG;D09T;tarde;D09
svm;agrupado;todos;4;treino;1720;B4_EMB48_IRR_REP_RECUP00004.asd;B4;EMB48;IRRIG;D09T;tarde;D09
svm;agrupado;todos;4;treino;1721;B4_EMB48_IRR_REP_RECUP00005.asd;B4;EMB48;IRRIG;D09T;tarde;D09
svm;agrupado;todos;4;treino;1722;B4_EMB48_IRR_REP_RECUP00006.asd;B4;EMB48;IRRIG;D09T;tarde;D09
svm;agrupado;todos;4;treino;1723;B4_EMB48_IRR_REP_RECUP00007.asd;B4;EMB48;IRRIG;D09T;tarde;D09
svm;agrupado;todos;4;treino;1724;B4_EMB48_NIRR_REP_RECUP00000.asd;B4;EMB48;NIRRIG;D09T;tarde;D09
svm;agrupado;todos;4;treino;1725;B4_EMB48_NIRR_REP_RECUP00001.asd;B4;EMB48;NIRRIG;D09T;tarde;D09
svm;agrupado;todos;4;treino;1726;B4_EMB48_NIRR_REP_RECUP00002.asd;B4;EMB48;NIRRIG;D09T;tarde;D09
svm;agrupado;todos;4;treino;1727;B4_EMB48_NIRR_REP_RECUP00003.asd;B4;EMB48;NIRRIG;D09T;tarde;D09
svm;agrupado;todos;4;treino;1728;B4_EMB48_NIRR_REP_RECUP00004.asd;B4;EMB48;NIRRIG;D09T;tarde;D09
svm;agrupado;todos;4;treino;1729;B4_EMB48_NIRR_REP_RECUP00005.asd;B4;EMB48;NIRRIG;D09T;tarde;D09
svm;agrupado;todos;4;treino;1730;B4_EMB48_NIRR_REP_RECUP00006.asd;B4;EMB48;NIRRIG;D09T;tarde;D09
svm;agrupado;todos;4;treino;1731;B4_EMB48_NIRR_REP_RECUP00007.asd;B4;EMB48;NIRRIG;D09T;tarde;D09
svm;agrupado;todos;4;treino;1732;B1_BR16_IRR_REP_RECUP00000.asd;B1;BR16;IRRIG;D10M;manha;D10
svm;agrupado;todos;4;treino;1734;B1_BR16_IRR_REP_RECUP00002.asd;B1;BR16;IRRIG;D10M;manha;D10
svm;agrupado;todos;4;treino;1735;B1_BR16_IRR_REP_RECUP00003.asd;B1;BR16;IRRIG;D10M;manha;D10
svm;agrupado;todos;4;treino;1736;B1_BR16_IRR_REP_RECUP00004.asd;B1;BR16;IRRIG;D10M;manha;D10
svm;agrupado;todos;4;treino;1737;B1_BR16_IRR_REP_RECUP00005.asd;B1;BR16;IRRIG;D10M;manha;D10
svm;agrupado;todos;4;treino;1738;B1_BR16_IRR_REP_RECUP00006.asd;B1;BR16;IRRIG;D10M;manha;D10
svm;agrupado;todos;4;treino;1739;B1_BR16_IRR_REP_RECUP00007.asd;B1;BR16;IRRIG;D10M;manha;D10
svm;agrupado;todos;4;treino;1740;B1_BR16_NIRR_REP_RECUP00000.asd;B1;BR16;NIRRIG;D10M;manha;D10
svm;agrupado;todos;4;treino;1741;B1_BR16_NIRR_REP_RECUP00001.asd;B1;BR16;NIRRIG;D10M;manha;D10
svm;agrupado;todos;4;treino;1742;B1_BR16_NIRR_REP_RECUP00002.asd;B1;BR16;NIRRIG;D10M;manha;D10
svm;agrupado;todos;4;treino;1743;B1_BR16_NIRR_REP_RECUP00003.asd;B1;BR16;NIRRIG;D10M;manha;D10
svm;agrupado;todos;4;treino;1744;B1_BR16_NIRR_REP_RECUP00004.asd;B1;BR16;NIRRIG;D10M;manha;D10
svm;agrupado;todos;4;treino;1745;B1_BR16_NIRR_REP_RECUP00005.asd;B1;BR16;NIRRIG;D10M;manha;D10
svm;agrupado;todos;4;treino;1746;B1_BR16_NIRR_REP_RECUP00006.asd;B1;BR16;NIRRIG;D10M;manha;D10
svm;agrupado;todos;4;treino;1747;B1_BR16_NIRR_REP_RECUP00007.asd;B1;BR16;NIRRIG;D10M;manha;D10
svm;agrupado;todos;4;treino;1749;B1_CD202_IRR_REP_RECUP00001.asd;B1;CD202;IRRIG;D10M;manha;D10
svm;agrupado;todos;4;treino;1750;B1_CD202_IRR_REP_RECUP00002.asd;B1;CD202;IRRIG;D10M;manha;D10
svm;agrupado;todos;4;treino;1751;B1_CD202_IRR_REP_RECUP00003.asd;B1;CD202;IRRIG;D10M;manha;D10
svm;agrupado;todos;4;treino;1754;B1_CD202_IRR_REP_RECUP00006.asd;B1;CD202;IRRIG;D10M;manha;D10
svm;agrupado;todos;4;treino;1755;B1_CD202_IRR_REP_RECUP00007.asd;B1;CD202;IRRIG;D10M;manha;D10
svm;agrupado;todos;4;treino;1757;B1_CD202_NIRR_REP_RECUP00001.asd;B1;CD202;NIRRIG;D10M;manha;D10
svm;agrupado;todos;4;treino;1758;B1_CD202_NIRR_REP_RECUP00002.asd;B1;CD202;NIRRIG;D10M;manha;D10
svm;agrupado;todos;4;treino;1759;B1_CD202_NIRR_REP_RECUP00003.asd;B1;CD202;NIRRIG;D10M;manha;D10
svm;agrupado;todos;4;treino;1760;B1_CD202_NIRR_REP_RECUP00004.asd;B1;CD202;NIRRIG;D10M;manha;D10
svm;agrupado;todos;4;treino;1761;B1_CD202_NIRR_REP_RECUP00005.asd;B1;CD202;NIRRIG;D10M;manha;D10
svm;agrupado;todos;4;treino;1762;B1_CD202_NIRR_REP_RECUP00006.asd;B1;CD202;NIRRIG;D10M;manha;D10
svm;agrupado;todos;4;treino;1764;B1_EMB48_IRR_REP_RECUP00000.asd;B1;EMB48;IRRIG;D10M;manha;D10
svm;agrupado;todos;4;treino;1765;B1_EMB48_IRR_REP_RECUP00001.asd;B1;EMB48;IRRIG;D10M;manha;D10
svm;agrupado;todos;4;treino;1767;B1_EMB48_IRR_REP_RECUP00003.asd;B1;EMB48;IRRIG;D10M;manha;D10
svm;agrupado;todos;4;treino;1769;B1_EMB48_IRR_REP_RECUP00005.asd;B1;EMB48;IRRIG;D10M;manha;D10
svm;agrupado;todos;4;treino;1770;B1_EMB48_IRR_REP_RECUP00006.asd;B1;EMB48;IRRIG;D10M;manha;D10
svm;agrupado;todos;4;treino;1771;B1_EMB48_IRR_REP_RECUP00007.asd;B1;EMB48;IRRIG;D10M;manha;D10
svm;agrupado;todos;4;treino;1772;B1_EMB48_NIRR_REP_RECUP00000.asd;B1;EMB48;NIRRIG;D10M;manha;D10
svm;agrupado;todos;4;treino;1773;B1_EMB48_NIRR_REP_RECUP00001.asd;B1;EMB48;NIRRIG;D10M;manha;D10
svm;agrupado;todos;4;treino;1774;B1_EMB48_NIRR_REP_RECUP00002.asd;B1;EMB48;NIRRIG;D10M;manha;D10
svm;agrupado;todos;4;treino;1775;B1_EMB48_NIRR_REP_RECUP00003.asd;B1;EMB48;NIRRIG;D10M;manha;D10
svm;agrupado;todos;4;treino;1776;B1_EMB48_NIRR_REP_RECUP00004.asd;B1;EMB48;NIRRIG;D10M;manha;D10
svm;agrupado;todos;4;treino;1777;B1_EMB48_NIRR_REP_RECUP00005.asd;B1;EMB48;NIRRIG;D10M;manha;D10
svm;agrupado;todos;4;treino;1779;B1_EMB48_NIRR_REP_RECUP00007.asd;B1;EMB48;NIRRIG;D10M;manha;D10
svm;agrupado;todos;4;treino;1780;B2_BR16_IRR_REP_RECUP00000.asd;B2;BR16;IRRIG;D10M;manha;D10
svm;agrupado;todos;4;treino;1782;B2_BR16_IRR_REP_RECUP00002.asd;B2;BR16;IRRIG;D10M;manha;D10
svm;agrupado;todos;4;treino;1783;B2_BR16_IRR_REP_RECUP00003.asd;B2;BR16;IRRIG;D10M;manha;D10
svm;agrupado;todos;4;treino;1784;B2_BR16_IRR_REP_RECUP00004.asd;B2;BR16;IRRIG;D10M;manha;D10
svm;agrupado;todos;4;treino;1785;B2_BR16_IRR_REP_RECUP00005.asd;B2;BR16;IRRIG;D10M;manha;D10
svm;agrupado;todos;4;treino;1786;B2_BR16_IRR_REP_RECUP00006.asd;B2;BR16;IRRIG;D10M;manha;D10
svm;agrupado;todos;4;treino;1787;B2_BR16_IRR_REP_RECUP00007.asd;B2;BR16;IRRIG;D10M;manha;D10
svm;agrupado;todos;4;treino;1789;B2_BR16_NIRR_REP_RECUP00001.asd;B2;BR16;NIRRIG;D10M;manha;D10
svm;agrupado;todos;4;treino;1790;B2_BR16_NIRR_REP_RECUP00002.asd;B2;BR16;NIRRIG;D10M;manha;D10
svm;agrupado;todos;4;treino;1791;B2_BR16_NIRR_REP_RECUP00003.asd;B2;BR16;NIRRIG;D10M;manha;D10
svm;agrupado;todos;4;treino;1794;B2_BR16_NIRR_REP_RECUP00006.asd;B2;BR16;NIRRIG;D10M;manha;D10
svm;agrupado;todos;4;treino;1795;B2_BR16_NIRR_REP_RECUP00007.asd;B2;BR16;NIRRIG;D10M;manha;D10
svm;agrupado;todos;4;treino;1796;B2_CD202_IRR_REP_RECUP00000.asd;B2;CD202;IRRIG;D10M;manha;D10
svm;agrupado;todos;4;treino;1797;B2_CD202_IRR_REP_RECUP00001.asd;B2;CD202;IRRIG;D10M;manha;D10
svm;agrupado;todos;4;treino;1799;B2_CD202_IRR_REP_RECUP00003.asd;B2;CD202;IRRIG;D10M;manha;D10
svm;agrupado;todos;4;treino;1801;B2_CD202_IRR_REP_RECUP00005.asd;B2;CD202;IRRIG;D10M;manha;D10
svm;agrupado;todos;4;treino;1802;B2_CD202_IRR_REP_RECUP00006.asd;B2;CD202;IRRIG;D10M;manha;D10
svm;agrupado;todos;4;treino;1803;B2_CD202_IRR_REP_RECUP00007.asd;B2;CD202;IRRIG;D10M;manha;D10
svm;agrupado;todos;4;treino;1804;B2_CD202_NIRR_REP_RECUP00008.asd;B2;CD202;NIRRIG;D10M;manha;D10
svm;agrupado;todos;4;treino;1806;B2_CD202_NIRR_REP_RECUP00010.asd;B2;CD202;NIRRIG;D10M;manha;D10
svm;agrupado;todos;4;treino;1807;B2_CD202_NIRR_REP_RECUP00011.asd;B2;CD202;NIRRIG;D10M;manha;D10
svm;agrupado;todos;4;treino;1808;B2_CD202_NIRR_REP_RECUP00012.asd;B2;CD202;NIRRIG;D10M;manha;D10
svm;agrupado;todos;4;treino;1810;B2_CD202_NIRR_REP_RECUP00014.asd;B2;CD202;NIRRIG;D10M;manha;D10
svm;agrupado;todos;4;treino;1811;B2_CD202_NIRR_REP_RECUP00015.asd;B2;CD202;NIRRIG;D10M;manha;D10
svm;agrupado;todos;4;treino;1813;B2_EMB48_IRR_REP_RECUP00001.asd;B2;EMB48;IRRIG;D10M;manha;D10
svm;agrupado;todos;4;treino;1814;B2_EMB48_IRR_REP_RECUP00002.asd;B2;EMB48;IRRIG;D10M;manha;D10
svm;agrupado;todos;4;treino;1816;B2_EMB48_IRR_REP_RECUP00004.asd;B2;EMB48;IRRIG;D10M;manha;D10
svm;agrupado;todos;4;treino;1817;B2_EMB48_IRR_REP_RECUP00005.asd;B2;EMB48;IRRIG;D10M;manha;D10
svm;agrupado;todos;4;treino;1818;B2_EMB48_IRR_REP_RECUP00006.asd;B2;EMB48;IRRIG;D10M;manha;D10
svm;agrupado;todos;4;treino;1819;B2_EMB48_IRR_REP_RECUP00007.asd;B2;EMB48;IRRIG;D10M;manha;D10
svm;agrupado;todos;4;treino;1822;B2_EMB48_NIRR_REP_RECUP00002.asd;B2;EMB48;NIRRIG;D10M;manha;D10
svm;agrupado;todos;4;treino;1823;B2_EMB48_NIRR_REP_RECUP00003.asd;B2;EMB48;NIRRIG;D10M;manha;D10
svm;agrupado;todos;4;treino;1824;B2_EMB48_NIRR_REP_RECUP00004.asd;B2;EMB48;NIRRIG;D10M;manha;D10
svm;agrupado;todos;4;treino;1825;B2_EMB48_NIRR_REP_RECUP00005.asd;B2;EMB48;NIRRIG;D10M;manha;D10
svm;agrupado;todos;4;treino;1826;B2_EMB48_NIRR_REP_RECUP00006.asd;B2;EMB48;NIRRIG;D10M;manha;D10
svm;agrupado;todos;4;treino;1827;B2_EMB48_NIRR_REP_RECUP00007.asd;B2;EMB48;NIRRIG;D10M;manha;D10
svm;agrupado;todos;4;treino;1830;B3_BR16_IRR_REP_RECUP00002.asd;B3;BR16;IRRIG;D10M;manha;D10
svm;agrupado;todos;4;treino;1831;B3_BR16_IRR_REP_RECUP00003.asd;B3;BR16;IRRIG;D10M;manha;D10
svm;agrupado;todos;4;treino;1832;B3_BR16_IRR_REP_RECUP00004.asd;B3;BR16;IRRIG;D10M;manha;D10
svm;agrupado;todos;4;treino;1833;B3_BR16_IRR_REP_RECUP00005.asd;B3;BR16;IRRIG;D10M;manha;D10
svm;agrupado;todos;4;treino;1834;B3_BR16_IRR_REP_RECUP00006.asd;B3;BR16;IRRIG;D10M;manha;D10
svm;agrupado;todos;4;treino;1835;B3_BR16_IRR_REP_RECUP00007.asd;B3;BR16;IRRIG;D10M;manha;D10
svm;agrupado;todos;4;treino;1837;B3_BR16_NIRR_REP_RECUP00001.asd;B3;BR16;NIRRIG;D10M;manha;D10
svm;agrupado;todos;4;treino;1838;B3_BR16_NIRR_REP_RECUP00002.asd;B3;BR16;NIRRIG;D10M;manha;D10
svm;agrupado;todos;4;treino;1839;B3_BR16_NIRR_REP_RECUP00003.asd;B3;BR16;NIRRIG;D10M;manha;D10
svm;agrupado;todos;4;treino;1841;B3_BR16_NIRR_REP_RECUP00005.asd;B3;BR16;NIRRIG;D10M;manha;D10
svm;agrupado;todos;4;treino;1842;B3_BR16_NIRR_REP_RECUP00006.asd;B3;BR16;NIRRIG;D10M;manha;D10
svm;agrupado;todos;4;treino;1843;B3_BR16_NIRR_REP_RECUP00007.asd;B3;BR16;NIRRIG;D10M;manha;D10
svm;agrupado;todos;4;treino;1845;B3_CD202_IRR_REP_RECUP00001.asd;B3;CD202;IRRIG;D10M;manha;D10
svm;agrupado;todos;4;treino;1846;B3_CD202_IRR_REP_RECUP00002.asd;B3;CD202;IRRIG;D10M;manha;D10
svm;agrupado;todos;4;treino;1847;B3_CD202_IRR_REP_RECUP00003.asd;B3;CD202;IRRIG;D10M;manha;D10
svm;agrupado;todos;4;treino;1848;B3_CD202_IRR_REP_RECUP00004.asd;B3;CD202;IRRIG;D10M;manha;D10
svm;agrupado;todos;4;treino;1849;B3_CD202_IRR_REP_RECUP00005.asd;B3;CD202;IRRIG;D10M;manha;D10
svm;agrupado;todos;4;treino;1850;B3_CD202_IRR_REP_RECUP00006.asd;B3;CD202;IRRIG;D10M;manha;D10
svm;agrupado;todos;4;treino;1851;B3_CD202_IRR_REP_RECUP00007.asd;B3;CD202;IRRIG;D10M;manha;D10
svm;agrupado;todos;4;treino;1852;B3_CD202_NIRR_REP_RECUP00000.asd;B3;CD202;NIRRIG;D10M;manha;D10
svm;agrupado;todos;4;treino;1853;B3_CD202_NIRR_REP_RECUP00001.asd;B3;CD202;NIRRIG;D10M;manha;D10
svm;agrupado;todos;4;treino;1854;B3_CD202_NIRR_REP_RECUP00002.asd;B3;CD202;NIRRIG;D10M;manha;D10
svm;agrupado;todos;4;treino;1855;B3_CD202_NIRR_REP_RECUP00003.asd;B3;CD202;NIRRIG;D10M;manha;D10
svm;agrupado;todos;4;treino;1856;B3_CD202_NIRR_REP_RECUP00004.asd;B3;CD202;NIRRIG;D10M;manha;D10
svm;agrupado;todos;4;treino;1857;B3_CD202_NIRR_REP_RECUP00005.asd;B3;CD202;NIRRIG;D10M;manha;D10
svm;agrupado;todos;4;treino;1858;B3_CD202_NIRR_REP_RECUP00006.asd;B3;CD202;NIRRIG;D10M;manha;D10
svm;agrupado;todos;4;treino;1859;B3_CD202_NIRR_REP_RECUP00007.asd;B3;CD202;NIRRIG;D10M;manha;D10
svm;agrupado;todos;4;treino;1860;B3_EMB48_IRR_REP_RECUP00000.asd;B3;EMB48;IRRIG;D10M;manha;D10
svm;agrupado;todos;4;treino;1862;B3_EMB48_IRR_REP_RECUP00002.asd;B3;EMB48;IRRIG;D10M;manha;D10
svm;agrupado;todos;4;treino;1863;B3_EMB48_IRR_REP_RECUP00003.asd;B3;EMB48;IRRIG;D10M;manha;D10
svm;agrupado;todos;4;treino;1864;B3_EMB48_IRR_REP_RECUP00004.asd;B3;EMB48;IRRIG;D10M;manha;D10
svm;agrupado;todos;4;treino;1865;B3_EMB48_IRR_REP_RECUP00005.asd;B3;EMB48;IRRIG;D10M;manha;D10
svm;agrupado;todos;4;treino;1867;B3_EMB48_IRR_REP_RECUP00007.asd;B3;EMB48;IRRIG;D10M;manha;D10
svm;agrupado;todos;4;treino;1868;B3_EMB48_NIRR_REP_RECUP00000.asd;B3;EMB48;NIRRIG;D10M;manha;D10
svm;agrupado;todos;4;treino;1869;B3_EMB48_NIRR_REP_RECUP00001.asd;B3;EMB48;NIRRIG;D10M;manha;D10
svm;agrupado;todos;4;treino;1871;B3_EMB48_NIRR_REP_RECUP00003.asd;B3;EMB48;NIRRIG;D10M;manha;D10
svm;agrupado;todos;4;treino;1873;B3_EMB48_NIRR_REP_RECUP00005.asd;B3;EMB48;NIRRIG;D10M;manha;D10
svm;agrupado;todos;4;treino;1874;B3_EMB48_NIRR_REP_RECUP00006.asd;B3;EMB48;NIRRIG;D10M;manha;D10
svm;agrupado;todos;4;treino;1875;B3_EMB48_NIRR_REP_RECUP00007.asd;B3;EMB48;NIRRIG;D10M;manha;D10
svm;agrupado;todos;4;treino;1876;B4_BR16_IRR_REP_RECUP00000.asd;B4;BR16;IRRIG;D10M;manha;D10
svm;agrupado;todos;4;treino;1877;B4_BR16_IRR_REP_RECUP00001.asd;B4;BR16;IRRIG;D10M;manha;D10
svm;agrupado;todos;4;treino;1878;B4_BR16_IRR_REP_RECUP00002.asd;B4;BR16;IRRIG;D10M;manha;D10
svm;agrupado;todos;4;treino;1879;B4_BR16_IRR_REP_RECUP00003.asd;B4;BR16;IRRIG;D10M;manha;D10
svm;agrupado;todos;4;treino;1880;B4_BR16_IRR_REP_RECUP00004.asd;B4;BR16;IRRIG;D10M;manha;D10
svm;agrupado;todos;4;treino;1883;B4_BR16_IRR_REP_RECUP00007.asd;B4;BR16;IRRIG;D10M;manha;D10
svm;agrupado;todos;4;treino;1884;B4_BR16_NIRR_REP_RECUP00000.asd;B4;BR16;NIRRIG;D10M;manha;D10
svm;agrupado;todos;4;treino;1885;B4_BR16_NIRR_REP_RECUP00001.asd;B4;BR16;NIRRIG;D10M;manha;D10
svm;agrupado;todos;4;treino;1886;B4_BR16_NIRR_REP_RECUP00002.asd;B4;BR16;NIRRIG;D10M;manha;D10
svm;agrupado;todos;4;treino;1887;B4_BR16_NIRR_REP_RECUP00003.asd;B4;BR16;NIRRIG;D10M;manha;D10
svm;agrupado;todos;4;treino;1888;B4_BR16_NIRR_REP_RECUP00004.asd;B4;BR16;NIRRIG;D10M;manha;D10
svm;agrupado;todos;4;treino;1890;B4_BR16_NIRR_REP_RECUP00006.asd;B4;BR16;NIRRIG;D10M;manha;D10
svm;agrupado;todos;4;treino;1891;B4_BR16_NIRR_REP_RECUP00007.asd;B4;BR16;NIRRIG;D10M;manha;D10
svm;agrupado;todos;4;treino;1893;B4_CD202_IRR_REP_RECUP00001.asd;B4;CD202;IRRIG;D10M;manha;D10
svm;agrupado;todos;4;treino;1894;B4_CD202_IRR_REP_RECUP00002.asd;B4;CD202;IRRIG;D10M;manha;D10
svm;agrupado;todos;4;treino;1896;B4_CD202_IRR_REP_RECUP00004.asd;B4;CD202;IRRIG;D10M;manha;D10
svm;agrupado;todos;4;treino;1897;B4_CD202_IRR_REP_RECUP00005.asd;B4;CD202;IRRIG;D10M;manha;D10
svm;agrupado;todos;4;treino;1898;B4_CD202_IRR_REP_RECUP00006.asd;B4;CD202;IRRIG;D10M;manha;D10
svm;agrupado;todos;4;treino;1899;B4_CD202_IRR_REP_RECUP00007.asd;B4;CD202;IRRIG;D10M;manha;D10
svm;agrupado;todos;4;treino;1901;B4_CD202_NIRR_REP_RECUP00001.asd;B4;CD202;NIRRIG;D10M;manha;D10
svm;agrupado;todos;4;treino;1902;B4_CD202_NIRR_REP_RECUP00002.asd;B4;CD202;NIRRIG;D10M;manha;D10
svm;agrupado;todos;4;treino;1903;B4_CD202_NIRR_REP_RECUP00003.asd;B4;CD202;NIRRIG;D10M;manha;D10
svm;agrupado;todos;4;treino;1904;B4_CD202_NIRR_REP_RECUP00004.asd;B4;CD202;NIRRIG;D10M;manha;D10
svm;agrupado;todos;4;treino;1907;B4_CD202_NIRR_REP_RECUP00007.asd;B4;CD202;NIRRIG;D10M;manha;D10
svm;agrupado;todos;4;treino;1908;B4_EMB48_IRR_REP_RECUP00000.asd;B4;EMB48;IRRIG;D10M;manha;D10
svm;agrupado;todos;4;treino;1909;B4_EMB48_IRR_REP_RECUP00001.asd;B4;EMB48;IRRIG;D10M;manha;D10
svm;agrupado;todos;4;treino;1910;B4_EMB48_IRR_REP_RECUP00002.asd;B4;EMB48;IRRIG;D10M;manha;D10
svm;agrupado;todos;4;treino;1911;B4_EMB48_IRR_REP_RECUP00003.asd;B4;EMB48;IRRIG;D10M;manha;D10
svm;agrupado;todos;4;treino;1912;B4_EMB48_IRR_REP_RECUP00004.asd;B4;EMB48;IRRIG;D10M;manha;D10
svm;agrupado;todos;4;treino;1913;B4_EMB48_IRR_REP_RECUP00005.asd;B4;EMB48;IRRIG;D10M;manha;D10
svm;agrupado;todos;4;treino;1914;B4_EMB48_IRR_REP_RECUP00006.asd;B4;EMB48;IRRIG;D10M;manha;D10
svm;agrupado;todos;4;treino;1915;B4_EMB48_IRR_REP_RECUP00007.asd;B4;EMB48;IRRIG;D10M;manha;D10
svm;agrupado;todos;4;treino;1916;B4_EMB48_NIRR_REP_RECUP00000.asd;B4;EMB48;NIRRIG;D10M;manha;D10
svm;agrupado;todos;4;treino;1917;B4_EMB48_NIRR_REP_RECUP00001.asd;B4;EMB48;NIRRIG;D10M;manha;D10
svm;agrupado;todos;4;treino;1918;B4_EMB48_NIRR_REP_RECUP00002.asd;B4;EMB48;NIRRIG;D10M;manha;D10
svm;agrupado;todos;4;treino;1919;B4_EMB48_NIRR_REP_RECUP00003.asd;B4;EMB48;NIRRIG;D10M;manha;D10
svm;agrupado;todos;4;treino;1920;B4_EMB48_NIRR_REP_RECUP00004.asd;B4;EMB48;NIRRIG;D10M;manha;D10
svm;agrupado;todos;4;treino;1921;B4_EMB48_NIRR_REP_RECUP00005.asd;B4;EMB48;NIRRIG;D10M;manha;D10
svm;agrupado;todos;4;treino;1922;B4_EMB48_NIRR_REP_RECUP00006.asd;B4;EMB48;NIRRIG;D10M;manha;D10
svm;agrupado;todos;4;treino;1923;B4_EMB48_NIRR_REP_RECUP00007.asd;B4;EMB48;NIRRIG;D10M;manha;D10
svm;agrupado;todos;4;teste;0;B1_BR16_IRRIG_REPROD00000.asd;B1;BR16;IRRIG;D02M;manha;D02
svm;agrupado;todos;4;teste;1;B1_BR16_IRRIG_REPROD00001.asd;B1;BR16;IRRIG;D02M;manha;D02
svm;agrupado;todos;4;teste;6;B1_BR16_IRRIG_REPROD00006.asd;B1;BR16;IRRIG;D02M;manha;D02
svm;agrupado;todos;4;teste;9;B1_BR16_NIRRIG_REPROD00001.asd;B1;BR16;NIRRIG;D02M;manha;D02
svm;agrupado;todos;4;teste;23;B2_BR16_IRRIG_REPROD00007.asd;B2;BR16;IRRIG;D02M;manha;D02
svm;agrupado;todos;4;teste;25;B2_BR16_NIRRIG_REPROD00001.asd;B2;BR16;NIRRIG;D02M;manha;D02
svm;agrupado;todos;4;teste;27;B2_BR16_NIRRIG_REPROD00003.asd;B2;BR16;NIRRIG;D02M;manha;D02
svm;agrupado;todos;4;teste;31;B2_BR16_NIRRIG_REPROD00007.asd;B2;BR16;NIRRIG;D02M;manha;D02
svm;agrupado;todos;4;teste;32;B3_BR16_IRRIG_REPROD00000.asd;B3;BR16;IRRIG;D02M;manha;D02
svm;agrupado;todos;4;teste;35;B3_BR16_IRRIG_REPROD00003.asd;B3;BR16;IRRIG;D02M;manha;D02
svm;agrupado;todos;4;teste;36;B3_BR16_IRRIG_REPROD00004.asd;B3;BR16;IRRIG;D02M;manha;D02
svm;agrupado;todos;4;teste;40;B3_BR16_NIRRIG_REPROD00000.asd;B3;BR16;NIRRIG;D02M;manha;D02
svm;agrupado;todos;4;teste;48;B4_BR16_IRRIG_REPROD00000.asd;B4;BR16;IRRIG;D02M;manha;D02
svm;agrupado;todos;4;teste;52;B4_BR16_IRRIG_REPROD00004.asd;B4;BR16;IRRIG;D02M;manha;D02
svm;agrupado;todos;4;teste;58;B4_BR16_NIRRIG_REPROD00002.asd;B4;BR16;NIRRIG;D02M;manha;D02
svm;agrupado;todos;4;teste;62;B4_BR16_NIRRIG_REPROD00006.asd;B4;BR16;NIRRIG;D02M;manha;D02
svm;agrupado;todos;4;teste;71;B1_CD202_IRRIG_REPROD00007.asd;B1;CD202;IRRIG;D02M;manha;D02
svm;agrupado;todos;4;teste;77;B1_CD202_NIRRIG_REPROD00005.asd;B1;CD202;NIRRIG;D02M;manha;D02
svm;agrupado;todos;4;teste;84;B2_CD202_IRRIG_REPROD00004.asd;B2;CD202;IRRIG;D02M;manha;D02
svm;agrupado;todos;4;teste;85;B2_CD202_IRRIG_REPROD00005.asd;B2;CD202;IRRIG;D02M;manha;D02
svm;agrupado;todos;4;teste;87;B2_CD202_IRRIG_REPROD00007.asd;B2;CD202;IRRIG;D02M;manha;D02
svm;agrupado;todos;4;teste;88;B2_CD202_NIRRIG_REPROD00000.asd;B2;CD202;NIRRIG;D02M;manha;D02
svm;agrupado;todos;4;teste;104;B3_CD202_NIRRIG_REPROD00000.asd;B3;CD202;NIRRIG;D02M;manha;D02
svm;agrupado;todos;4;teste;110;B3_CD202_NIRRIG_REPROD00006.asd;B3;CD202;NIRRIG;D02M;manha;D02
svm;agrupado;todos;4;teste;112;B4_CD202_IRRIG_REPROD00000.asd;B4;CD202;IRRIG;D02M;manha;D02
svm;agrupado;todos;4;teste;116;B4_CD202_IRRIG_REPROD00004.asd;B4;CD202;IRRIG;D02M;manha;D02
svm;agrupado;todos;4;teste;123;B4_CD202_NIRRIG_REPROD00003.asd;B4;CD202;NIRRIG;D02M;manha;D02
svm;agrupado;todos;4;teste;124;B4_CD202_NIRRIG_REPROD00004.asd;B4;CD202;NIRRIG;D02M;manha;D02
svm;agrupado;todos;4;teste;126;B4_CD202_NIRRIG_REPROD00006.asd;B4;CD202;NIRRIG;D02M;manha;D02
svm;agrupado;todos;4;teste;141;B3_EMB48_IRRIG_REPROD00003.asd;B3;EMB48;IRRIG;D02M;manha;D02
svm;agrupado;todos;4;teste;145;B3_EMB48_IRRIG_REPROD00005.asd;B3;EMB48;IRRIG;D02M;manha;D02
svm;agrupado;todos;4;teste;148;B4_EMB48_NIRRIG_REPROD00005.asd;B4;EMB48;NIRRIG;D02M;manha;D02
svm;agrupado;todos;4;teste;155;B3_EMB48_NIRRIG_REPROD00003.asd;B3;EMB48;NIRRIG;D02M;manha;D02
svm;agrupado;todos;4;teste;157;B3_EMB48_NIRRIG_REPROD00005.asd;B3;EMB48;NIRRIG;D02M;manha;D02
svm;agrupado;todos;4;teste;174;B1_EMB48_NIRRIG_REPROD00006.asd;B1;EMB48;NIRRIG;D02M;manha;D02
svm;agrupado;todos;4;teste;179;B2_EMB48_IRRIG_REPROD00003.asd;B2;EMB48;IRRIG;D02M;manha;D02
svm;agrupado;todos;4;teste;182;B2_EMB48_IRRIG_REPROD00006.asd;B2;EMB48;IRRIG;D02M;manha;D02
svm;agrupado;todos;4;teste;188;B2_EMB48_NIRRIG_REPROD00004.asd;B2;EMB48;NIRRIG;D02M;manha;D02
svm;agrupado;todos;4;teste;189;B2_EMB48_NIRRIG_REPROD00005.asd;B2;EMB48;NIRRIG;D02M;manha;D02
svm;agrupado;todos;4;teste;192;B1_BR16_IRRIG_REPROD00000.asd;B1;BR16;IRRIG;D02T;tarde;D02
svm;agrupado;todos;4;teste;193;B1_BR16_IRRIG_REPROD00001.asd;B1;BR16;IRRIG;D02T;tarde;D02
svm;agrupado;todos;4;teste;198;B1_BR16_IRRIG_REPROD00006.asd;B1;BR16;IRRIG;D02T;tarde;D02
svm;agrupado;todos;4;teste;201;B1_BR16_NIRRIG_REPROD00001.asd;B1;BR16;NIRRIG;D02T;tarde;D02
svm;agrupado;todos;4;teste;215;B2_BR16_IRRIG_REPROD00007.asd;B2;BR16;IRRIG;D02T;tarde;D02
svm;agrupado;todos;4;teste;217;B2_BR16_NIRRIG_REPROD00001.asd;B2;BR16;NIRRIG;D02T;tarde;D02
svm;agrupado;todos;4;teste;219;B2_BR16_NIRRIG_REPROD00003.asd;B2;BR16;NIRRIG;D02T;tarde;D02
svm;agrupado;todos;4;teste;223;B2_BR16_NIRRIG_REPROD00007.asd;B2;BR16;NIRRIG;D02T;tarde;D02
svm;agrupado;todos;4;teste;224;B3_BR16_IRRIG_REPROD00000.asd;B3;BR16;IRRIG;D02T;tarde;D02
svm;agrupado;todos;4;teste;227;B3_BR16_IRRIG_REPROD00003.asd;B3;BR16;IRRIG;D02T;tarde;D02
svm;agrupado;todos;4;teste;228;B3_BR16_IRRIG_REPROD00004.asd;B3;BR16;IRRIG;D02T;tarde;D02
svm;agrupado;todos;4;teste;232;B3_BR16_NIRRIG_REPROD00000.asd;B3;BR16;NIRRIG;D02T;tarde;D02
svm;agrupado;todos;4;teste;240;B4_BR16_IRRIG_REPROD00000.asd;B4;BR16;IRRIG;D02T;tarde;D02
svm;agrupado;todos;4;teste;244;B4_BR16_IRRIG_REPROD00004.asd;B4;BR16;IRRIG;D02T;tarde;D02
svm;agrupado;todos;4;teste;250;B4_BR16_NIRRIG_REPROD00002.asd;B4;BR16;NIRRIG;D02T;tarde;D02
svm;agrupado;todos;4;teste;254;B4_BR16_NIRRIG_REPROD00006.asd;B4;BR16;NIRRIG;D02T;tarde;D02
svm;agrupado;todos;4;teste;263;B1_CD202_IRRIG_REPROD00007.asd;B1;CD202;IRRIG;D02T;tarde;D02
svm;agrupado;todos;4;teste;269;B1_CD202_NIRRIG_REPROD00005.asd;B1;CD202;NIRRIG;D02T;tarde;D02
svm;agrupado;todos;4;teste;276;B2_CD202_IRRIG_REPROD00004.asd;B2;CD202;IRRIG;D02T;tarde;D02
svm;agrupado;todos;4;teste;277;B2_CD202_IRRIG_REPROD00005.asd;B2;CD202;IRRIG;D02T;tarde;D02
svm;agrupado;todos;4;teste;279;B2_CD202_IRRIG_REPROD00007.asd;B2;CD202;IRRIG;D02T;tarde;D02
svm;agrupado;todos;4;teste;280;B2_CD202_NIRRIG_REPROD00000.asd;B2;CD202;NIRRIG;D02T;tarde;D02
svm;agrupado;todos;4;teste;296;B3_CD202_NIRRIG_REPROD00000.asd;B3;CD202;NIRRIG;D02T;tarde;D02
svm;agrupado;todos;4;teste;302;B3_CD202_NIRRIG_REPROD00006.asd;B3;CD202;NIRRIG;D02T;tarde;D02
svm;agrupado;todos;4;teste;304;B4_CD202_IRRIG_REPROD00000.asd;B4;CD202;IRRIG;D02T;tarde;D02
svm;agrupado;todos;4;teste;308;B4_CD202_IRRIG_REPROD00004.asd;B4;CD202;IRRIG;D02T;tarde;D02
svm;agrupado;todos;4;teste;315;B4_CD202_NIRRIG_REPROD00003.asd;B4;CD202;NIRRIG;D02T;tarde;D02
svm;agrupado;todos;4;teste;316;B4_CD202_NIRRIG_REPROD00004.asd;B4;CD202;NIRRIG;D02T;tarde;D02
svm;agrupado;todos;4;teste;318;B4_CD202_NIRRIG_REPROD00006.asd;B4;CD202;NIRRIG;D02T;tarde;D02
svm;agrupado;todos;4;teste;334;B1_EMB48_NIRRIG_REPROD00006.asd;B1;EMB48;NIRRIG;D02T;tarde;D02
svm;agrupado;todos;4;teste;339;B2_EMB48_IRRIG_REPROD00003.asd;B2;EMB48;IRRIG;D02T;tarde;D02
svm;agrupado;todos;4;teste;342;B2_EMB48_IRRIG_REPROD00006.asd;B2;EMB48;IRRIG;D02T;tarde;D02
svm;agrupado;todos;4;teste;348;B2_EMB48_NIRRIG_REPROD00004.asd;B2;EMB48;NIRRIG;D02T;tarde;D02
svm;agrupado;todos;4;teste;349;B2_EMB48_NIRRIG_REPROD00005.asd;B2;EMB48;NIRRIG;D02T;tarde;D02
svm;agrupado;todos;4;teste;355;B3_EMB48_IRRIG_REPROD00003.asd;B3;EMB48;IRRIG;D02T;tarde;D02
svm;agrupado;todos;4;teste;357;B3_EMB48_IRRIG_REPROD00005.asd;B3;EMB48;IRRIG;D02T;tarde;D02
svm;agrupado;todos;4;teste;363;B3_EMB48_NIRRIG_REPROD00003.asd;B3;EMB48;NIRRIG;D02T;tarde;D02
svm;agrupado;todos;4;teste;365;B3_EMB48_NIRRIG_REPROD00005.asd;B3;EMB48;NIRRIG;D02T;tarde;D02
svm;agrupado;todos;4;teste;381;B4_EMB48_NIRRIG_REPROD00005.asd;B4;EMB48;NIRRIG;D02T;tarde;D02
svm;agrupado;todos;4;teste;384;B1_BR16_IRRIG_REPROD00000.asd;B1;BR16;IRRIG;D03M;manha;D03
svm;agrupado;todos;4;teste;385;B1_BR16_IRRIG_REPROD00001.asd;B1;BR16;IRRIG;D03M;manha;D03
svm;agrupado;todos;4;teste;390;B1_BR16_IRRIG_REPROD00006.asd;B1;BR16;IRRIG;D03M;manha;D03
svm;agrupado;todos;4;teste;393;B1_BR16_NIRRIG_REPROD00001.asd;B1;BR16;NIRRIG;D03M;manha;D03
svm;agrupado;todos;4;teste;407;B2_BR16_IRRIG_REPROD00007.asd;B2;BR16;IRRIG;D03M;manha;D03
svm;agrupado;todos;4;teste;409;B2_BR16_NIRRIG_REPROD00001.asd;B2;BR16;NIRRIG;D03M;manha;D03
svm;agrupado;todos;4;teste;411;B2_BR16_NIRRIG_REPROD00003.asd;B2;BR16;NIRRIG;D03M;manha;D03
svm;agrupado;todos;4;teste;415;B2_BR16_NIRRIG_REPROD00007.asd;B2;BR16;NIRRIG;D03M;manha;D03
svm;agrupado;todos;4;teste;416;B3_BR16_IRRIG_REPROD00000.asd;B3;BR16;IRRIG;D03M;manha;D03
svm;agrupado;todos;4;teste;419;B3_BR16_IRRIG_REPROD00003.asd;B3;BR16;IRRIG;D03M;manha;D03
svm;agrupado;todos;4;teste;420;B3_BR16_IRRIG_REPROD00004.asd;B3;BR16;IRRIG;D03M;manha;D03
svm;agrupado;todos;4;teste;424;B3_BR16_NIRRIG_REPROD00000.asd;B3;BR16;NIRRIG;D03M;manha;D03
svm;agrupado;todos;4;teste;432;B4_BR16_IRRIG_REPROD00000.asd;B4;BR16;IRRIG;D03M;manha;D03
svm;agrupado;todos;4;teste;436;B4_BR16_IRRIG_REPROD00004.asd;B4;BR16;IRRIG;D03M;manha;D03
svm;agrupado;todos;4;teste;442;B4_BR16_NIRRIG_REPROD00002.asd;B4;BR16;NIRRIG;D03M;manha;D03
svm;agrupado;todos;4;teste;446;B4_BR16_NIRRIG_REPROD00006.asd;B4;BR16;NIRRIG;D03M;manha;D03
svm;agrupado;todos;4;teste;455;B1_CD202_IRRIG_REPROD00007.asd;B1;CD202;IRRIG;D03M;manha;D03
svm;agrupado;todos;4;teste;461;B1_CD202_NIRRIG_REPROD00005.asd;B1;CD202;NIRRIG;D03M;manha;D03
svm;agrupado;todos;4;teste;468;B2_CD202_IRRIG_REPROD00004.asd;B2;CD202;IRRIG;D03M;manha;D03
svm;agrupado;todos;4;teste;469;B2_CD202_IRRIG_REPROD00005.asd;B2;CD202;IRRIG;D03M;manha;D03
svm;agrupado;todos;4;teste;471;B2_CD202_IRRIG_REPROD00007.asd;B2;CD202;IRRIG;D03M;manha;D03
svm;agrupado;todos;4;teste;472;B2_CD202_NIRRIG_REPROD00000.asd;B2;CD202;NIRRIG;D03M;manha;D03
svm;agrupado;todos;4;teste;488;B3_CD202_NIRRIG_REPROD00000.asd;B3;CD202;NIRRIG;D03M;manha;D03
svm;agrupado;todos;4;teste;494;B3_CD202_NIRRIG_REPROD00006.asd;B3;CD202;NIRRIG;D03M;manha;D03
svm;agrupado;todos;4;teste;496;B4_CD202_IRRIG_REPROD00000.asd;B4;CD202;IRRIG;D03M;manha;D03
svm;agrupado;todos;4;teste;500;B4_CD202_IRRIG_REPROD00004.asd;B4;CD202;IRRIG;D03M;manha;D03
svm;agrupado;todos;4;teste;507;B4_CD202_NIRRIG_REPROD00003.asd;B4;CD202;NIRRIG;D03M;manha;D03
svm;agrupado;todos;4;teste;508;B4_CD202_NIRRIG_REPROD00004.asd;B4;CD202;NIRRIG;D03M;manha;D03
svm;agrupado;todos;4;teste;510;B4_CD202_NIRRIG_REPROD00006.asd;B4;CD202;NIRRIG;D03M;manha;D03
svm;agrupado;todos;4;teste;526;B1_EMB48_NIRRIG_REPROD00006.asd;B1;EMB48;NIRRIG;D03M;manha;D03
svm;agrupado;todos;4;teste;531;B2_EMB48_IRRIG_REPROD00003.asd;B2;EMB48;IRRIG;D03M;manha;D03
svm;agrupado;todos;4;teste;534;B2_EMB48_IRRIG_REPROD00006.asd;B2;EMB48;IRRIG;D03M;manha;D03
svm;agrupado;todos;4;teste;540;B2_EMB48_NIRRIG_REPROD00004.asd;B2;EMB48;NIRRIG;D03M;manha;D03
svm;agrupado;todos;4;teste;541;B2_EMB48_NIRRIG_REPROD00005.asd;B2;EMB48;NIRRIG;D03M;manha;D03
svm;agrupado;todos;4;teste;547;B3_EMB48_IRRIG_REPROD00003.asd;B3;EMB48;IRRIG;D03M;manha;D03
svm;agrupado;todos;4;teste;549;B3_EMB48_IRRIG_REPROD00005.asd;B3;EMB48;IRRIG;D03M;manha;D03
svm;agrupado;todos;4;teste;555;B3_EMB48_NIRRIG_REPROD00003.asd;B3;EMB48;NIRRIG;D03M;manha;D03
svm;agrupado;todos;4;teste;557;B3_EMB48_NIRRIG_REPROD00005.asd;B3;EMB48;NIRRIG;D03M;manha;D03
svm;agrupado;todos;4;teste;573;B4_EMB48_NIRRIG_REPROD00005.asd;B4;EMB48;NIRRIG;D03M;manha;D03
svm;agrupado;todos;4;teste;576;B1_BR16_IRRIG_REPROD00000.asd;B1;BR16;IRRIG;D03T;tarde;D03
svm;agrupado;todos;4;teste;577;B1_BR16_IRRIG_REPROD00001.asd;B1;BR16;IRRIG;D03T;tarde;D03
svm;agrupado;todos;4;teste;582;B1_BR16_IRRIG_REPROD00006.asd;B1;BR16;IRRIG;D03T;tarde;D03
svm;agrupado;todos;4;teste;585;B1_BR16_NIRRIG_REPROD00001.asd;B1;BR16;NIRRIG;D03T;tarde;D03
svm;agrupado;todos;4;teste;599;B2_BR16_IRRIG_REPROD00007.asd;B2;BR16;IRRIG;D03T;tarde;D03
svm;agrupado;todos;4;teste;601;B2_BR16_NIRRIG_REPROD00001.asd;B2;BR16;NIRRIG;D03T;tarde;D03
svm;agrupado;todos;4;teste;603;B2_BR16_NIRRIG_REPROD00003.asd;B2;BR16;NIRRIG;D03T;tarde;D03
svm;agrupado;todos;4;teste;607;B2_BR16_NIRRIG_REPROD00007.asd;B2;BR16;NIRRIG;D03T;tarde;D03
svm;agrupado;todos;4;teste;608;B3_BR16_IRRIG_REPROD00000.asd;B3;BR16;IRRIG;D03T;tarde;D03
svm;agrupado;todos;4;teste;611;B3_BR16_IRRIG_REPROD00003.asd;B3;BR16;IRRIG;D03T;tarde;D03
svm;agrupado;todos;4;teste;612;B3_BR16_IRRIG_REPROD00004.asd;B3;BR16;IRRIG;D03T;tarde;D03
svm;agrupado;todos;4;teste;616;B3_BR16_NIRRIG_REPROD00000.asd;B3;BR16;NIRRIG;D03T;tarde;D03
svm;agrupado;todos;4;teste;624;B4_BR16_IRRIG_REPROD00000.asd;B4;BR16;IRRIG;D03T;tarde;D03
svm;agrupado;todos;4;teste;628;B4_BR16_IRRIG_REPROD00004.asd;B4;BR16;IRRIG;D03T;tarde;D03
svm;agrupado;todos;4;teste;634;B4_BR16_NIRRIG_REPROD00002.asd;B4;BR16;NIRRIG;D03T;tarde;D03
svm;agrupado;todos;4;teste;638;B4_BR16_NIRRIG_REPROD00006.asd;B4;BR16;NIRRIG;D03T;tarde;D03
svm;agrupado;todos;4;teste;647;B1_CD202_IRRIG_REPROD00007.asd;B1;CD202;IRRIG;D03T;tarde;D03
svm;agrupado;todos;4;teste;653;B1_CD202_NIRRIG_REPROD00005.asd;B1;CD202;NIRRIG;D03T;tarde;D03
svm;agrupado;todos;4;teste;660;B2_CD202_IRRIG_REPROD00004.asd;B2;CD202;IRRIG;D03T;tarde;D03
svm;agrupado;todos;4;teste;661;B2_CD202_IRRIG_REPROD00005.asd;B2;CD202;IRRIG;D03T;tarde;D03
svm;agrupado;todos;4;teste;663;B2_CD202_IRRIG_REPROD00007.asd;B2;CD202;IRRIG;D03T;tarde;D03
svm;agrupado;todos;4;teste;664;B2_CD202_NIRRIG_REPROD00000.asd;B2;CD202;NIRRIG;D03T;tarde;D03
svm;agrupado;todos;4;teste;680;B3_CD202_NIRRIG_REPROD00000.asd;B3;CD202;NIRRIG;D03T;tarde;D03
svm;agrupado;todos;4;teste;686;B3_CD202_NIRRIG_REPROD00006.asd;B3;CD202;NIRRIG;D03T;tarde;D03
svm;agrupado;todos;4;teste;688;B4_CD202_IRRIG_REPROD00000.asd;B4;CD202;IRRIG;D03T;tarde;D03
svm;agrupado;todos;4;teste;692;B4_CD202_IRRIG_REPROD00004.asd;B4;CD202;IRRIG;D03T;tarde;D03
svm;agrupado;todos;4;teste;699;B4_CD202_NIRRIG_REPROD00003.asd;B4;CD202;NIRRIG;D03T;tarde;D03
svm;agrupado;todos;4;teste;700;B4_CD202_NIRRIG_REPROD00004.asd;B4;CD202;NIRRIG;D03T;tarde;D03
svm;agrupado;todos;4;teste;702;B4_CD202_NIRRIG_REPROD00006.asd;B4;CD202;NIRRIG;D03T;tarde;D03
svm;agrupado;todos;4;teste;718;B1_EMB48_NIRRIG_REPROD00006.asd;B1;EMB48;NIRRIG;D03T;tarde;D03
svm;agrupado;todos;4;teste;723;B2_EMB48_IRRIG_REPROD00003.asd;B2;EMB48;IRRIG;D03T;tarde;D03
svm;agrupado;todos;4;teste;726;B2_EMB48_IRRIG_REPROD00006.asd;B2;EMB48;IRRIG;D03T;tarde;D03
svm;agrupado;todos;4;teste;732;B2_EMB48_NIRRIG_REPROD00004.asd;B2;EMB48;NIRRIG;D03T;tarde;D03
svm;agrupado;todos;4;teste;733;B2_EMB48_NIRRIG_REPROD00005.asd;B2;EMB48;NIRRIG;D03T;tarde;D03
svm;agrupado;todos;4;teste;739;B3_EMB48_IRRIG_REPROD00003.asd;B3;EMB48;IRRIG;D03T;tarde;D03
svm;agrupado;todos;4;teste;741;B3_EMB48_IRRIG_REPROD00005.asd;B3;EMB48;IRRIG;D03T;tarde;D03
svm;agrupado;todos;4;teste;747;B3_EMB48_NIRRIG_REPROD00003.asd;B3;EMB48;NIRRIG;D03T;tarde;D03
svm;agrupado;todos;4;teste;749;B3_EMB48_NIRRIG_REPROD00005.asd;B3;EMB48;NIRRIG;D03T;tarde;D03
svm;agrupado;todos;4;teste;765;B4_EMB48_NIRRIG_REPROD00005.asd;B4;EMB48;NIRRIG;D03T;tarde;D03
svm;agrupado;todos;4;teste;768;B1_BR16_IRRIG_REPROD00000.asd;B1;BR16;IRRIG;D04M;manha;D04
svm;agrupado;todos;4;teste;769;B1_BR16_IRRIG_REPROD00001.asd;B1;BR16;IRRIG;D04M;manha;D04
svm;agrupado;todos;4;teste;774;B1_BR16_IRRIG_REPROD00006.asd;B1;BR16;IRRIG;D04M;manha;D04
svm;agrupado;todos;4;teste;777;B1_BR16_NIRRIG_REPROD00001.asd;B1;BR16;NIRRIG;D04M;manha;D04
svm;agrupado;todos;4;teste;791;B2_BR16_IRRIG_REPROD00007.asd;B2;BR16;IRRIG;D04M;manha;D04
svm;agrupado;todos;4;teste;793;B2_BR16_NIRRIG_REPROD00001.asd;B2;BR16;NIRRIG;D04M;manha;D04
svm;agrupado;todos;4;teste;795;B2_BR16_NIRRIG_REPROD00003.asd;B2;BR16;NIRRIG;D04M;manha;D04
svm;agrupado;todos;4;teste;799;B2_BR16_NIRRIG_REPROD00007.asd;B2;BR16;NIRRIG;D04M;manha;D04
svm;agrupado;todos;4;teste;800;B3_BR16_IRRIG_REPROD00000.asd;B3;BR16;IRRIG;D04M;manha;D04
svm;agrupado;todos;4;teste;803;B3_BR16_IRRIG_REPROD00003.asd;B3;BR16;IRRIG;D04M;manha;D04
svm;agrupado;todos;4;teste;804;B3_BR16_IRRIG_REPROD00004.asd;B3;BR16;IRRIG;D04M;manha;D04
svm;agrupado;todos;4;teste;808;B3_BR16_NIRRIG_REPROD00000.asd;B3;BR16;NIRRIG;D04M;manha;D04
svm;agrupado;todos;4;teste;816;B4_BR16_IRRIG_REPROD00000.asd;B4;BR16;IRRIG;D04M;manha;D04
svm;agrupado;todos;4;teste;820;B4_BR16_IRRIG_REPROD00004.asd;B4;BR16;IRRIG;D04M;manha;D04
svm;agrupado;todos;4;teste;826;B4_BR16_NIRRIG_REPROD00002.asd;B4;BR16;NIRRIG;D04M;manha;D04
svm;agrupado;todos;4;teste;830;B4_BR16_NIRRIG_REPROD00006.asd;B4;BR16;NIRRIG;D04M;manha;D04
svm;agrupado;todos;4;teste;839;B1_CD202_IRRIG_REPROD00007.asd;B1;CD202;IRRIG;D04M;manha;D04
svm;agrupado;todos;4;teste;845;B1_CD202_NIRRIG_REPROD00005.asd;B1;CD202;NIRRIG;D04M;manha;D04
svm;agrupado;todos;4;teste;852;B2_CD202_IRRIG_REPROD00004.asd;B2;CD202;IRRIG;D04M;manha;D04
svm;agrupado;todos;4;teste;853;B2_CD202_IRRIG_REPROD00005.asd;B2;CD202;IRRIG;D04M;manha;D04
svm;agrupado;todos;4;teste;855;B2_CD202_IRRIG_REPROD00007.asd;B2;CD202;IRRIG;D04M;manha;D04
svm;agrupado;todos;4;teste;856;B2_CD202_NIRRIG_REPROD00000.asd;B2;CD202;NIRRIG;D04M;manha;D04
svm;agrupado;todos;4;teste;872;B3_CD202_NIRRIG_REPROD00000.asd;B3;CD202;NIRRIG;D04M;manha;D04
svm;agrupado;todos;4;teste;878;B3_CD202_NIRRIG_REPROD00006.asd;B3;CD202;NIRRIG;D04M;manha;D04
svm;agrupado;todos;4;teste;880;B4_CD202_IRRIG_REPROD00000.asd;B4;CD202;IRRIG;D04M;manha;D04
svm;agrupado;todos;4;teste;884;B4_CD202_IRRIG_REPROD00004.asd;B4;CD202;IRRIG;D04M;manha;D04
svm;agrupado;todos;4;teste;891;B4_CD202_NIRRIG_REPROD00003.asd;B4;CD202;NIRRIG;D04M;manha;D04
svm;agrupado;todos;4;teste;892;B4_CD202_NIRRIG_REPROD00004.asd;B4;CD202;NIRRIG;D04M;manha;D04
svm;agrupado;todos;4;teste;894;B4_CD202_NIRRIG_REPROD00006.asd;B4;CD202;NIRRIG;D04M;manha;D04
svm;agrupado;todos;4;teste;910;B1_EMB48_NIRRIG_REPROD00006.asd;B1;EMB48;NIRRIG;D04M;manha;D04
svm;agrupado;todos;4;teste;915;B2_EMB48_IRRIG_REPROD00003.asd;B2;EMB48;IRRIG;D04M;manha;D04
svm;agrupado;todos;4;teste;918;B2_EMB48_IRRIG_REPROD00006.asd;B2;EMB48;IRRIG;D04M;manha;D04
svm;agrupado;todos;4;teste;924;B2_EMB48_NIRRIG_REPROD00004.asd;B2;EMB48;NIRRIG;D04M;manha;D04
svm;agrupado;todos;4;teste;925;B2_EMB48_NIRRIG_REPROD00005.asd;B2;EMB48;NIRRIG;D04M;manha;D04
svm;agrupado;todos;4;teste;931;B3_EMB48_IRRIG_REPROD00003.asd;B3;EMB48;IRRIG;D04M;manha;D04
svm;agrupado;todos;4;teste;933;B3_EMB48_IRRIG_REPROD00005.asd;B3;EMB48;IRRIG;D04M;manha;D04
svm;agrupado;todos;4;teste;939;B3_EMB48_NIRRIG_REPROD00003.asd;B3;EMB48;NIRRIG;D04M;manha;D04
svm;agrupado;todos;4;teste;941;B3_EMB48_NIRRIG_REPROD00005.asd;B3;EMB48;NIRRIG;D04M;manha;D04
svm;agrupado;todos;4;teste;957;B4_EMB48_NIRRIG_REPROD00005.asd;B4;EMB48;NIRRIG;D04M;manha;D04
svm;agrupado;todos;4;teste;960;B1_BR16_IRRIG_REPROD00000.asd;B1;BR16;IRRIG;D05M;manha;D05
svm;agrupado;todos;4;teste;961;B1_BR16_IRRIG_REPROD00001.asd;B1;BR16;IRRIG;D05M;manha;D05
svm;agrupado;todos;4;teste;966;B1_BR16_IRRIG_REPROD00006.asd;B1;BR16;IRRIG;D05M;manha;D05
svm;agrupado;todos;4;teste;969;B1_BR16_NIRRIG_REPROD00001.asd;B1;BR16;NIRRIG;D05M;manha;D05
svm;agrupado;todos;4;teste;983;B2_BR16_IRRIG_REPROD00007.asd;B2;BR16;IRRIG;D05M;manha;D05
svm;agrupado;todos;4;teste;985;B2_BR16_NIRRIG_REPROD00001.asd;B2;BR16;NIRRIG;D05M;manha;D05
svm;agrupado;todos;4;teste;987;B2_BR16_NIRRIG_REPROD00003.asd;B2;BR16;NIRRIG;D05M;manha;D05
svm;agrupado;todos;4;teste;991;B2_BR16_NIRRIG_REPROD00007.asd;B2;BR16;NIRRIG;D05M;manha;D05
svm;agrupado;todos;4;teste;992;B3_BR16_IRRIG_REPROD00000.asd;B3;BR16;IRRIG;D05M;manha;D05
svm;agrupado;todos;4;teste;995;B3_BR16_IRRIG_REPROD00003.asd;B3;BR16;IRRIG;D05M;manha;D05
svm;agrupado;todos;4;teste;996;B3_BR16_IRRIG_REPROD00004.asd;B3;BR16;IRRIG;D05M;manha;D05
svm;agrupado;todos;4;teste;1000;B3_BR16_NIRRIG_REPROD00000.asd;B3;BR16;NIRRIG;D05M;manha;D05
svm;agrupado;todos;4;teste;1008;B4_BR16_IRRIG_REPROD00000.asd;B4;BR16;IRRIG;D05M;manha;D05
svm;agrupado;todos;4;teste;1012;B4_BR16_IRRIG_REPROD00004.asd;B4;BR16;IRRIG;D05M;manha;D05
svm;agrupado;todos;4;teste;1018;B4_BR16_NIRRIG_REPROD00002.asd;B4;BR16;NIRRIG;D05M;manha;D05
svm;agrupado;todos;4;teste;1022;B4_BR16_NIRRIG_REPROD00006.asd;B4;BR16;NIRRIG;D05M;manha;D05
svm;agrupado;todos;4;teste;1031;B1_CD202_IRRIG_REPROD00007.asd;B1;CD202;IRRIG;D05M;manha;D05
svm;agrupado;todos;4;teste;1037;B1_CD202_NIRRIG_REPROD00005.asd;B1;CD202;NIRRIG;D05M;manha;D05
svm;agrupado;todos;4;teste;1044;B2_CD202_IRRIG_REPROD00004.asd;B2;CD202;IRRIG;D05M;manha;D05
svm;agrupado;todos;4;teste;1045;B2_CD202_IRRIG_REPROD00005.asd;B2;CD202;IRRIG;D05M;manha;D05
svm;agrupado;todos;4;teste;1047;B2_CD202_IRRIG_REPROD00007.asd;B2;CD202;IRRIG;D05M;manha;D05
svm;agrupado;todos;4;teste;1048;B2_CD202_NIRRIG_REPROD00000.asd;B2;CD202;NIRRIG;D05M;manha;D05
svm;agrupado;todos;4;teste;1064;B3_CD202_NIRRIG_REPROD00000.asd;B3;CD202;NIRRIG;D05M;manha;D05
svm;agrupado;todos;4;teste;1070;B3_CD202_NIRRIG_REPROD00006.asd;B3;CD202;NIRRIG;D05M;manha;D05
svm;agrupado;todos;4;teste;1072;B4_CD202_IRRIG_REPROD00000.asd;B4;CD202;IRRIG;D05M;manha;D05
svm;agrupado;todos;4;teste;1076;B4_CD202_IRRIG_REPROD00004.asd;B4;CD202;IRRIG;D05M;manha;D05
svm;agrupado;todos;4;teste;1083;B4_CD202_NIRRIG_REPROD00003.asd;B4;CD202;NIRRIG;D05M;manha;D05
svm;agrupado;todos;4;teste;1084;B4_CD202_NIRRIG_REPROD00004.asd;B4;CD202;NIRRIG;D05M;manha;D05
svm;agrupado;todos;4;teste;1086;B4_CD202_NIRRIG_REPROD00006.asd;B4;CD202;NIRRIG;D05M;manha;D05
svm;agrupado;todos;4;teste;1102;B1_EMB48_NIRRIG_REPROD00006.asd;B1;EMB48;NIRRIG;D05M;manha;D05
svm;agrupado;todos;4;teste;1107;B2_EMB48_IRRIG_REPROD00003.asd;B2;EMB48;IRRIG;D05M;manha;D05
svm;agrupado;todos;4;teste;1110;B2_EMB48_IRRIG_REPROD00006.asd;B2;EMB48;IRRIG;D05M;manha;D05
svm;agrupado;todos;4;teste;1116;B2_EMB48_NIRRIG_REPROD00004.asd;B2;EMB48;NIRRIG;D05M;manha;D05
svm;agrupado;todos;4;teste;1117;B2_EMB48_NIRRIG_REPROD00005.asd;B2;EMB48;NIRRIG;D05M;manha;D05
svm;agrupado;todos;4;teste;1123;B3_EMB48_IRRIG_REPROD00003.asd;B3;EMB48;IRRIG;D05M;manha;D05
svm;agrupado;todos;4;teste;1125;B3_EMB48_IRRIG_REPROD00005.asd;B3;EMB48;IRRIG;D05M;manha;D05
svm;agrupado;todos;4;teste;1131;B3_EMB48_NIRRIG_REPROD00003.asd;B3;EMB48;NIRRIG;D05M;manha;D05
svm;agrupado;todos;4;teste;1133;B3_EMB48_NIRRIG_REPROD00005.asd;B3;EMB48;NIRRIG;D05M;manha;D05
svm;agrupado;todos;4;teste;1149;B4_EMB48_NIRRIG_REPROD00005.asd;B4;EMB48;NIRRIG;D05M;manha;D05
svm;agrupado;todos;4;teste;1152;B1_BR16_IRRIG_REPROD00000.asd;B1;BR16;IRRIG;D06M;manha;D06
svm;agrupado;todos;4;teste;1153;B1_BR16_IRRIG_REPROD00001.asd;B1;BR16;IRRIG;D06M;manha;D06
svm;agrupado;todos;4;teste;1158;B1_BR16_IRRIG_REPROD00006.asd;B1;BR16;IRRIG;D06M;manha;D06
svm;agrupado;todos;4;teste;1161;B1_BR16_NIRRIG_REPROD00001.asd;B1;BR16;NIRRIG;D06M;manha;D06
svm;agrupado;todos;4;teste;1175;B2_BR16_IRRIG_REPROD00007.asd;B2;BR16;IRRIG;D06M;manha;D06
svm;agrupado;todos;4;teste;1177;B2_BR16_NIRRIG_REPROD00001.asd;B2;BR16;NIRRIG;D06M;manha;D06
svm;agrupado;todos;4;teste;1179;B2_BR16_NIRRIG_REPROD00003.asd;B2;BR16;NIRRIG;D06M;manha;D06
svm;agrupado;todos;4;teste;1183;B2_BR16_NIRRIG_REPROD00007.asd;B2;BR16;NIRRIG;D06M;manha;D06
svm;agrupado;todos;4;teste;1184;B3_BR16_IRRIG_REPROD00000.asd;B3;BR16;IRRIG;D06M;manha;D06
svm;agrupado;todos;4;teste;1187;B3_BR16_IRRIG_REPROD00003.asd;B3;BR16;IRRIG;D06M;manha;D06
svm;agrupado;todos;4;teste;1188;B3_BR16_IRRIG_REPROD00004.asd;B3;BR16;IRRIG;D06M;manha;D06
svm;agrupado;todos;4;teste;1192;B3_BR16_NIRRIG_REPROD00000.asd;B3;BR16;NIRRIG;D06M;manha;D06
svm;agrupado;todos;4;teste;1200;B4_BR16_IRRIG_REPROD00000.asd;B4;BR16;IRRIG;D06M;manha;D06
svm;agrupado;todos;4;teste;1204;B4_BR16_IRRIG_REPROD00004.asd;B4;BR16;IRRIG;D06M;manha;D06
svm;agrupado;todos;4;teste;1210;B4_BR16_NIRRIG_REPROD00002.asd;B4;BR16;NIRRIG;D06M;manha;D06
svm;agrupado;todos;4;teste;1214;B4_BR16_NIRRIG_REPROD00006.asd;B4;BR16;NIRRIG;D06M;manha;D06
svm;agrupado;todos;4;teste;1223;B1_CD202_IRRIG_REPROD00007.asd;B1;CD202;IRRIG;D06M;manha;D06
svm;agrupado;todos;4;teste;1229;B1_CD202_NIRRIG_REPROD00005.asd;B1;CD202;NIRRIG;D06M;manha;D06
svm;agrupado;todos;4;teste;1236;B2_CD202_IRRIG_REPROD00004.asd;B2;CD202;IRRIG;D06M;manha;D06
svm;agrupado;todos;4;teste;1237;B2_CD202_IRRIG_REPROD00005.asd;B2;CD202;IRRIG;D06M;manha;D06
svm;agrupado;todos;4;teste;1239;B2_CD202_IRRIG_REPROD00007.asd;B2;CD202;IRRIG;D06M;manha;D06
svm;agrupado;todos;4;teste;1240;B2_CD202_NIRRIG_REPROD00000.asd;B2;CD202;NIRRIG;D06M;manha;D06
svm;agrupado;todos;4;teste;1256;B3_CD202_NIRRIG_REPROD00000.asd;B3;CD202;NIRRIG;D06M;manha;D06
svm;agrupado;todos;4;teste;1262;B3_CD202_NIRRIG_REPROD00006.asd;B3;CD202;NIRRIG;D06M;manha;D06
svm;agrupado;todos;4;teste;1264;B4_CD202_IRRIG_REPROD00000.asd;B4;CD202;IRRIG;D06M;manha;D06
svm;agrupado;todos;4;teste;1268;B4_CD202_IRRIG_REPROD00004.asd;B4;CD202;IRRIG;D06M;manha;D06
svm;agrupado;todos;4;teste;1275;B4_CD202_NIRRIG_REPROD00003.asd;B4;CD202;NIRRIG;D06M;manha;D06
svm;agrupado;todos;4;teste;1276;B4_CD202_NIRRIG_REPROD00004.asd;B4;CD202;NIRRIG;D06M;manha;D06
svm;agrupado;todos;4;teste;1278;B4_CD202_NIRRIG_REPROD00006.asd;B4;CD202;NIRRIG;D06M;manha;D06
svm;agrupado;todos;4;teste;1294;B1_EMB48_NIRRIG_REPROD00006.asd;B1;EMB48;NIRRIG;D06M;manha;D06
svm;agrupado;todos;4;teste;1299;B2_EMB48_IRRIG_REPROD00003.asd;B2;EMB48;IRRIG;D06M;manha;D06
svm;agrupado;todos;4;teste;1302;B2_EMB48_IRRIG_REPROD00006.asd;B2;EMB48;IRRIG;D06M;manha;D06
svm;agrupado;todos;4;teste;1308;B2_EMB48_NIRRIG_REPROD00004.asd;B2;EMB48;NIRRIG;D06M;manha;D06
svm;agrupado;todos;4;teste;1309;B2_EMB48_NIRRIG_REPROD00005.asd;B2;EMB48;NIRRIG;D06M;manha;D06
svm;agrupado;todos;4;teste;1315;B3_EMB48_IRRIG_REPROD00003.asd;B3;EMB48;IRRIG;D06M;manha;D06
svm;agrupado;todos;4;teste;1317;B3_EMB48_IRRIG_REPROD00005.asd;B3;EMB48;IRRIG;D06M;manha;D06
svm;agrupado;todos;4;teste;1323;B3_EMB48_NIRRIG_REPROD00003.asd;B3;EMB48;NIRRIG;D06M;manha;D06
svm;agrupado;todos;4;teste;1325;B3_EMB48_NIRRIG_REPROD00005.asd;B3;EMB48;NIRRIG;D06M;manha;D06
svm;agrupado;todos;4;teste;1341;B4_EMB48_NIRRIG_REPROD00005.asd;B4;EMB48;NIRRIG;D06M;manha;D06
svm;agrupado;todos;4;teste;1345;B1_BR16_IRR_REP_RECUP00001.asd;B1;BR16;IRRIG;D09M;manha;D09
svm;agrupado;todos;4;teste;1361;B2_BR16_IRR_REP_RECUP00001.asd;B2;BR16;IRRIG;D09M;manha;D09
svm;agrupado;todos;4;teste;1368;B2_BR16_NIRR_REP_RECUP00000.asd;B2;BR16;NIRRIG;D09M;manha;D09
svm;agrupado;todos;4;teste;1372;B2_BR16_NIRR_REP_RECUP00004.asd;B2;BR16;NIRRIG;D09M;manha;D09
svm;agrupado;todos;4;teste;1373;B2_BR16_NIRR_REP_RECUP00005.asd;B2;BR16;NIRRIG;D09M;manha;D09
svm;agrupado;todos;4;teste;1376;B3_BR16_IRR_REP_RECUP00000.asd;B3;BR16;IRRIG;D09M;manha;D09
svm;agrupado;todos;4;teste;1377;B3_BR16_IRR_REP_RECUP00001.asd;B3;BR16;IRRIG;D09M;manha;D09
svm;agrupado;todos;4;teste;1384;B3_BR16_NIRR_REP_RECUP00000.asd;B3;BR16;NIRRIG;D09M;manha;D09
svm;agrupado;todos;4;teste;1388;B3_BR16_NIRR_REP_RECUP00004.asd;B3;BR16;NIRRIG;D09M;manha;D09
svm;agrupado;todos;4;teste;1397;B4_BR16_IRR_REP_RECUP00005.asd;B4;BR16;IRRIG;D09M;manha;D09
svm;agrupado;todos;4;teste;1398;B4_BR16_IRR_REP_RECUP00006.asd;B4;BR16;IRRIG;D09M;manha;D09
svm;agrupado;todos;4;teste;1405;B4_BR16_NIRR_REP_RECUP00005.asd;B4;BR16;NIRRIG;D09M;manha;D09
svm;agrupado;todos;4;teste;1408;B1_CD202_IRR_REP_RECUP00000.asd;B1;CD202;IRRIG;D09M;manha;D09
svm;agrupado;todos;4;teste;1412;B1_CD202_IRR_REP_RECUP00004.asd;B1;CD202;IRRIG;D09M;manha;D09
svm;agrupado;todos;4;teste;1413;B1_CD202_IRR_REP_RECUP00005.asd;B1;CD202;IRRIG;D09M;manha;D09
svm;agrupado;todos;4;teste;1420;B1_CD202_NIRR_REP_RECUP00000.asd;B1;CD202;NIRRIG;D09M;manha;D09
svm;agrupado;todos;4;teste;1427;B1_CD202_NIRR_REP_RECUP00007.asd;B1;CD202;NIRRIG;D09M;manha;D09
svm;agrupado;todos;4;teste;1430;B2_CD202_IRR_REP_RECUP00002.asd;B2;CD202;IRRIG;D09M;manha;D09
svm;agrupado;todos;4;teste;1432;B2_CD202_IRR_REP_RECUP00004.asd;B2;CD202;IRRIG;D09M;manha;D09
svm;agrupado;todos;4;teste;1437;B2_CD202_NIRR_REP_RECUP00001.asd;B2;CD202;NIRRIG;D09M;manha;D09
svm;agrupado;todos;4;teste;1444;B3_CD202_IRR_REP_RECUP00000.asd;B3;CD202;IRRIG;D09M;manha;D09
svm;agrupado;todos;4;teste;1460;B4_CD202_IRR_REP_RECUP00000.asd;B4;CD202;IRRIG;D09M;manha;D09
svm;agrupado;todos;4;teste;1463;B4_CD202_IRR_REP_RECUP00003.asd;B4;CD202;IRRIG;D09M;manha;D09
svm;agrupado;todos;4;teste;1468;B4_CD202_NIRR_REP_RECUP00000.asd;B4;CD202;NIRRIG;D09M;manha;D09
svm;agrupado;todos;4;teste;1473;B4_CD202_NIRR_REP_RECUP00005.asd;B4;CD202;NIRRIG;D09M;manha;D09
svm;agrupado;todos;4;teste;1474;B4_CD202_NIRR_REP_RECUP00006.asd;B4;CD202;NIRRIG;D09M;manha;D09
svm;agrupado;todos;4;teste;1478;B1_EMB48_IRR_REP_RECUP00002.asd;B1;EMB48;IRRIG;D09M;manha;D09
svm;agrupado;todos;4;teste;1480;B1_EMB48_IRR_REP_RECUP00004.asd;B1;EMB48;IRRIG;D09M;manha;D09
svm;agrupado;todos;4;teste;1490;B1_EMB48_NIRR_REP_RECUP00006.asd;B1;EMB48;NIRRIG;D09M;manha;D09
svm;agrupado;todos;4;teste;1492;B2_EMB48_IRR_REP_RECUP00000.asd;B2;EMB48;IRRIG;D09M;manha;D09
svm;agrupado;todos;4;teste;1495;B2_EMB48_IRR_REP_RECUP00003.asd;B2;EMB48;IRRIG;D09M;manha;D09
svm;agrupado;todos;4;teste;1500;B2_EMB48_NIRR_REP_RECUP00000.asd;B2;EMB48;NIRRIG;D09M;manha;D09
svm;agrupado;todos;4;teste;1501;B2_EMB48_NIRR_REP_RECUP00001.asd;B2;EMB48;NIRRIG;D09M;manha;D09
svm;agrupado;todos;4;teste;1506;B2_EMB48_NIRR_REP_RECUP00010.asd;B2;EMB48;NIRRIG;D09M;manha;D09
svm;agrupado;todos;4;teste;1509;B3_EMB48_IRR_REP_RECUP00001.asd;B3;EMB48;IRRIG;D09M;manha;D09
svm;agrupado;todos;4;teste;1514;B3_EMB48_IRR_REP_RECUP00006.asd;B3;EMB48;IRRIG;D09M;manha;D09
svm;agrupado;todos;4;teste;1518;B3_EMB48_NIRR_REP_RECUP00002.asd;B3;EMB48;NIRRIG;D09M;manha;D09
svm;agrupado;todos;4;teste;1520;B3_EMB48_NIRR_REP_RECUP00004.asd;B3;EMB48;NIRRIG;D09M;manha;D09
svm;agrupado;todos;4;teste;1541;B1_BR16_IRR_REP_RECUP00001.asd;B1;BR16;IRRIG;D09T;tarde;D09
svm;agrupado;todos;4;teste;1557;B2_BR16_IRR_REP_RECUP00001.asd;B2;BR16;IRRIG;D09T;tarde;D09
svm;agrupado;todos;4;teste;1568;B2_BR16_NIRR_REP_RECUP00012.asd;B2;BR16;NIRRIG;D09T;tarde;D09
svm;agrupado;todos;4;teste;1570;B2_BR16_NIRR_REP_RECUP00014.asd;B2;BR16;NIRRIG;D09T;tarde;D09
svm;agrupado;todos;4;teste;1572;B3_BR16_IRR_REP_RECUP00000.asd;B3;BR16;IRRIG;D09T;tarde;D09
svm;agrupado;todos;4;teste;1573;B3_BR16_IRR_REP_RECUP00001.asd;B3;BR16;IRRIG;D09T;tarde;D09
svm;agrupado;todos;4;teste;1580;B3_BR16_NIRR_REP_RECUP00000.asd;B3;BR16;NIRRIG;D09T;tarde;D09
svm;agrupado;todos;4;teste;1584;B3_BR16_NIRR_REP_RECUP00004.asd;B3;BR16;NIRRIG;D09T;tarde;D09
svm;agrupado;todos;4;teste;1593;B4_BR16_IRR_REP_RECUP00005.asd;B4;BR16;IRRIG;D09T;tarde;D09
svm;agrupado;todos;4;teste;1594;B4_BR16_IRR_REP_RECUP00006.asd;B4;BR16;IRRIG;D09T;tarde;D09
svm;agrupado;todos;4;teste;1601;B4_BR16_NIRR_REP_RECUP00005.asd;B4;BR16;NIRRIG;D09T;tarde;D09
svm;agrupado;todos;4;teste;1604;B1_CD202_IRR_REP_RECUP00000.asd;B1;CD202;IRRIG;D09T;tarde;D09
svm;agrupado;todos;4;teste;1608;B1_CD202_IRR_REP_RECUP00004.asd;B1;CD202;IRRIG;D09T;tarde;D09
svm;agrupado;todos;4;teste;1609;B1_CD202_IRR_REP_RECUP00005.asd;B1;CD202;IRRIG;D09T;tarde;D09
svm;agrupado;todos;4;teste;1612;B1_CD202_NIRR_REP_RECUP00000.asd;B1;CD202;NIRRIG;D09T;tarde;D09
svm;agrupado;todos;4;teste;1619;B1_CD202_NIRR_REP_RECUP00007.asd;B1;CD202;NIRRIG;D09T;tarde;D09
svm;agrupado;todos;4;teste;1622;B2_CD202_IRR_REP_RECUP00002.asd;B2;CD202;IRRIG;D09T;tarde;D09
svm;agrupado;todos;4;teste;1624;B2_CD202_IRR_REP_RECUP00004.asd;B2;CD202;IRRIG;D09T;tarde;D09
svm;agrupado;todos;4;teste;1629;B2_CD202_NIRR_REP_RECUP00001.asd;B2;CD202;NIRRIG;D09T;tarde;D09
svm;agrupado;todos;4;teste;1636;B3_CD202_IRR_REP_RECUP00000.asd;B3;CD202;IRRIG;D09T;tarde;D09
svm;agrupado;todos;4;teste;1652;B4_CD202_IRR_REP_RECUP00000.asd;B4;CD202;IRRIG;D09T;tarde;D09
svm;agrupado;todos;4;teste;1655;B4_CD202_IRR_REP_RECUP00003.asd;B4;CD202;IRRIG;D09T;tarde;D09
svm;agrupado;todos;4;teste;1660;B4_CD202_NIRR_REP_RECUP00000.asd;B4;CD202;NIRRIG;D09T;tarde;D09
svm;agrupado;todos;4;teste;1665;B4_CD202_NIRR_REP_RECUP00005.asd;B4;CD202;NIRRIG;D09T;tarde;D09
svm;agrupado;todos;4;teste;1666;B4_CD202_NIRR_REP_RECUP00006.asd;B4;CD202;NIRRIG;D09T;tarde;D09
svm;agrupado;todos;4;teste;1670;B1_EMB48_IRR_REP_RECUP00002.asd;B1;EMB48;IRRIG;D09T;tarde;D09
svm;agrupado;todos;4;teste;1672;B1_EMB48_IRR_REP_RECUP00004.asd;B1;EMB48;IRRIG;D09T;tarde;D09
svm;agrupado;todos;4;teste;1682;B1_EMB48_NIRR_REP_RECUP00006.asd;B1;EMB48;NIRRIG;D09T;tarde;D09
svm;agrupado;todos;4;teste;1684;B2_EMB48_IRR_REP_RECUP00000.asd;B2;EMB48;IRRIG;D09T;tarde;D09
svm;agrupado;todos;4;teste;1687;B2_EMB48_IRR_REP_RECUP00003.asd;B2;EMB48;IRRIG;D09T;tarde;D09
svm;agrupado;todos;4;teste;1692;B2_EMB48_NIRR_REP_RECUP00000.asd;B2;EMB48;NIRRIG;D09T;tarde;D09
svm;agrupado;todos;4;teste;1693;B2_EMB48_NIRR_REP_RECUP00001.asd;B2;EMB48;NIRRIG;D09T;tarde;D09
svm;agrupado;todos;4;teste;1701;B3_EMB48_IRR_REP_RECUP00001.asd;B3;EMB48;IRRIG;D09T;tarde;D09
svm;agrupado;todos;4;teste;1706;B3_EMB48_IRR_REP_RECUP00006.asd;B3;EMB48;IRRIG;D09T;tarde;D09
svm;agrupado;todos;4;teste;1710;B3_EMB48_NIRR_REP_RECUP00002.asd;B3;EMB48;NIRRIG;D09T;tarde;D09
svm;agrupado;todos;4;teste;1712;B3_EMB48_NIRR_REP_RECUP00004.asd;B3;EMB48;NIRRIG;D09T;tarde;D09
svm;agrupado;todos;4;teste;1733;B1_BR16_IRR_REP_RECUP00001.asd;B1;BR16;IRRIG;D10M;manha;D10
svm;agrupado;todos;4;teste;1748;B1_CD202_IRR_REP_RECUP00000.asd;B1;CD202;IRRIG;D10M;manha;D10
svm;agrupado;todos;4;teste;1752;B1_CD202_IRR_REP_RECUP00004.asd;B1;CD202;IRRIG;D10M;manha;D10
svm;agrupado;todos;4;teste;1753;B1_CD202_IRR_REP_RECUP00005.asd;B1;CD202;IRRIG;D10M;manha;D10
svm;agrupado;todos;4;teste;1756;B1_CD202_NIRR_REP_RECUP00000.asd;B1;CD202;NIRRIG;D10M;manha;D10
svm;agrupado;todos;4;teste;1763;B1_CD202_NIRR_REP_RECUP00007.asd;B1;CD202;NIRRIG;D10M;manha;D10
svm;agrupado;todos;4;teste;1766;B1_EMB48_IRR_REP_RECUP00002.asd;B1;EMB48;IRRIG;D10M;manha;D10
svm;agrupado;todos;4;teste;1768;B1_EMB48_IRR_REP_RECUP00004.asd;B1;EMB48;IRRIG;D10M;manha;D10
svm;agrupado;todos;4;teste;1778;B1_EMB48_NIRR_REP_RECUP00006.asd;B1;EMB48;NIRRIG;D10M;manha;D10
svm;agrupado;todos;4;teste;1781;B2_BR16_IRR_REP_RECUP00001.asd;B2;BR16;IRRIG;D10M;manha;D10
svm;agrupado;todos;4;teste;1788;B2_BR16_NIRR_REP_RECUP00000.asd;B2;BR16;NIRRIG;D10M;manha;D10
svm;agrupado;todos;4;teste;1792;B2_BR16_NIRR_REP_RECUP00004.asd;B2;BR16;NIRRIG;D10M;manha;D10
svm;agrupado;todos;4;teste;1793;B2_BR16_NIRR_REP_RECUP00005.asd;B2;BR16;NIRRIG;D10M;manha;D10
svm;agrupado;todos;4;teste;1798;B2_CD202_IRR_REP_RECUP00002.asd;B2;CD202;IRRIG;D10M;manha;D10
svm;agrupado;todos;4;teste;1800;B2_CD202_IRR_REP_RECUP00004.asd;B2;CD202;IRRIG;D10M;manha;D10
svm;agrupado;todos;4;teste;1805;B2_CD202_NIRR_REP_RECUP00009.asd;B2;CD202;NIRRIG;D10M;manha;D10
svm;agrupado;todos;4;teste;1809;B2_CD202_NIRR_REP_RECUP00013.asd;B2;CD202;NIRRIG;D10M;manha;D10
svm;agrupado;todos;4;teste;1812;B2_EMB48_IRR_REP_RECUP00000.asd;B2;EMB48;IRRIG;D10M;manha;D10
svm;agrupado;todos;4;teste;1815;B2_EMB48_IRR_REP_RECUP00003.asd;B2;EMB48;IRRIG;D10M;manha;D10
svm;agrupado;todos;4;teste;1820;B2_EMB48_NIRR_REP_RECUP00000.asd;B2;EMB48;NIRRIG;D10M;manha;D10
svm;agrupado;todos;4;teste;1821;B2_EMB48_NIRR_REP_RECUP00001.asd;B2;EMB48;NIRRIG;D10M;manha;D10
svm;agrupado;todos;4;teste;1828;B3_BR16_IRR_REP_RECUP00000.asd;B3;BR16;IRRIG;D10M;manha;D10
svm;agrupado;todos;4;teste;1829;B3_BR16_IRR_REP_RECUP00001.asd;B3;BR16;IRRIG;D10M;manha;D10
svm;agrupado;todos;4;teste;1836;B3_BR16_NIRR_REP_RECUP00000.asd;B3;BR16;NIRRIG;D10M;manha;D10
svm;agrupado;todos;4;teste;1840;B3_BR16_NIRR_REP_RECUP00004.asd;B3;BR16;NIRRIG;D10M;manha;D10
svm;agrupado;todos;4;teste;1844;B3_CD202_IRR_REP_RECUP00000.asd;B3;CD202;IRRIG;D10M;manha;D10
svm;agrupado;todos;4;teste;1861;B3_EMB48_IRR_REP_RECUP00001.asd;B3;EMB48;IRRIG;D10M;manha;D10
svm;agrupado;todos;4;teste;1866;B3_EMB48_IRR_REP_RECUP00006.asd;B3;EMB48;IRRIG;D10M;manha;D10
svm;agrupado;todos;4;teste;1870;B3_EMB48_NIRR_REP_RECUP00002.asd;B3;EMB48;NIRRIG;D10M;manha;D10
svm;agrupado;todos;4;teste;1872;B3_EMB48_NIRR_REP_RECUP00004.asd;B3;EMB48;NIRRIG;D10M;manha;D10
svm;agrupado;todos;4;teste;1881;B4_BR16_IRR_REP_RECUP00005.asd;B4;BR16;IRRIG;D10M;manha;D10
svm;agrupado;todos;4;teste;1882;B4_BR16_IRR_REP_RECUP00006.asd;B4;BR16;IRRIG;D10M;manha;D10
svm;agrupado;todos;4;teste;1889;B4_BR16_NIRR_REP_RECUP00005.asd;B4;BR16;NIRRIG;D10M;manha;D10
svm;agrupado;todos;4;teste;1892;B4_CD202_IRR_REP_RECUP00000.asd;B4;CD202;IRRIG;D10M;manha;D10
svm;agrupado;todos;4;teste;1895;B4_CD202_IRR_REP_RECUP00003.asd;B4;CD202;IRRIG;D10M;manha;D10
svm;agrupado;todos;4;teste;1900;B4_CD202_NIRR_REP_RECUP00000.asd;B4;CD202;NIRRIG;D10M;manha;D10
svm;agrupado;todos;4;teste;1905;B4_CD202_NIRR_REP_RECUP00005.asd;B4;CD202;NIRRIG;D10M;manha;D10
svm;agrupado;todos;4;teste;1906;B4_CD202_NIRR_REP_RECUP00006.asd;B4;CD202;NIRRIG;D10M;manha;D10
svm;agrupado;todos;5;treino;0;B1_BR16_IRRIG_REPROD00000.asd;B1;BR16;IRRIG;D02M;manha;D02
svm;agrupado;todos;5;treino;1;B1_BR16_IRRIG_REPROD00001.asd;B1;BR16;IRRIG;D02M;manha;D02
svm;agrupado;todos;5;treino;2;B1_BR16_IRRIG_REPROD00002.asd;B1;BR16;IRRIG;D02M;manha;D02
svm;agrupado;todos;5;treino;3;B1_BR16_IRRIG_REPROD00003.asd;B1;BR16;IRRIG;D02M;manha;D02
svm;agrupado;todos;5;treino;4;B1_BR16_IRRIG_REPROD00004.asd;B1;BR16;IRRIG;D02M;manha;D02
svm;agrupado;todos;5;treino;5;B1_BR16_IRRIG_REPROD00005.asd;B1;BR16;IRRIG;D02M;manha;D02
svm;agrupado;todos;5;treino;6;B1_BR16_IRRIG_REPROD00006.asd;B1;BR16;IRRIG;D02M;manha;D02
svm;agrupado;todos;5;treino;7;B1_BR16_IRRIG_REPROD00007.asd;B1;BR16;IRRIG;D02M;manha;D02
svm;agrupado;todos;5;treino;9;B1_BR16_NIRRIG_REPROD00001.asd;B1;BR16;NIRRIG;D02M;manha;D02
svm;agrupado;todos;5;treino;10;B1_BR16_NIRRIG_REPROD00002.asd;B1;BR16;NIRRIG;D02M;manha;D02
svm;agrupado;todos;5;treino;11;B1_BR16_NIRRIG_REPROD00003.asd;B1;BR16;NIRRIG;D02M;manha;D02
svm;agrupado;todos;5;treino;15;B1_BR16_NIRRIG_REPROD00007.asd;B1;BR16;NIRRIG;D02M;manha;D02
svm;agrupado;todos;5;treino;17;B2_BR16_IRRIG_REPROD00001.asd;B2;BR16;IRRIG;D02M;manha;D02
svm;agrupado;todos;5;treino;18;B2_BR16_IRRIG_REPROD00002.asd;B2;BR16;IRRIG;D02M;manha;D02
svm;agrupado;todos;5;treino;20;B2_BR16_IRRIG_REPROD00004.asd;B2;BR16;IRRIG;D02M;manha;D02
svm;agrupado;todos;5;treino;21;B2_BR16_IRRIG_REPROD00005.asd;B2;BR16;IRRIG;D02M;manha;D02
svm;agrupado;todos;5;treino;22;B2_BR16_IRRIG_REPROD00006.asd;B2;BR16;IRRIG;D02M;manha;D02
svm;agrupado;todos;5;treino;23;B2_BR16_IRRIG_REPROD00007.asd;B2;BR16;IRRIG;D02M;manha;D02
svm;agrupado;todos;5;treino;24;B2_BR16_NIRRIG_REPROD00000.asd;B2;BR16;NIRRIG;D02M;manha;D02
svm;agrupado;todos;5;treino;25;B2_BR16_NIRRIG_REPROD00001.asd;B2;BR16;NIRRIG;D02M;manha;D02
svm;agrupado;todos;5;treino;27;B2_BR16_NIRRIG_REPROD00003.asd;B2;BR16;NIRRIG;D02M;manha;D02
svm;agrupado;todos;5;treino;28;B2_BR16_NIRRIG_REPROD00004.asd;B2;BR16;NIRRIG;D02M;manha;D02
svm;agrupado;todos;5;treino;29;B2_BR16_NIRRIG_REPROD00005.asd;B2;BR16;NIRRIG;D02M;manha;D02
svm;agrupado;todos;5;treino;31;B2_BR16_NIRRIG_REPROD00007.asd;B2;BR16;NIRRIG;D02M;manha;D02
svm;agrupado;todos;5;treino;32;B3_BR16_IRRIG_REPROD00000.asd;B3;BR16;IRRIG;D02M;manha;D02
svm;agrupado;todos;5;treino;33;B3_BR16_IRRIG_REPROD00001.asd;B3;BR16;IRRIG;D02M;manha;D02
svm;agrupado;todos;5;treino;34;B3_BR16_IRRIG_REPROD00002.asd;B3;BR16;IRRIG;D02M;manha;D02
svm;agrupado;todos;5;treino;35;B3_BR16_IRRIG_REPROD00003.asd;B3;BR16;IRRIG;D02M;manha;D02
svm;agrupado;todos;5;treino;36;B3_BR16_IRRIG_REPROD00004.asd;B3;BR16;IRRIG;D02M;manha;D02
svm;agrupado;todos;5;treino;38;B3_BR16_IRRIG_REPROD00006.asd;B3;BR16;IRRIG;D02M;manha;D02
svm;agrupado;todos;5;treino;39;B3_BR16_IRRIG_REPROD00007.asd;B3;BR16;IRRIG;D02M;manha;D02
svm;agrupado;todos;5;treino;40;B3_BR16_NIRRIG_REPROD00000.asd;B3;BR16;NIRRIG;D02M;manha;D02
svm;agrupado;todos;5;treino;42;B3_BR16_NIRRIG_REPROD00002.asd;B3;BR16;NIRRIG;D02M;manha;D02
svm;agrupado;todos;5;treino;43;B3_BR16_NIRRIG_REPROD00003.asd;B3;BR16;NIRRIG;D02M;manha;D02
svm;agrupado;todos;5;treino;44;B3_BR16_NIRRIG_REPROD00004.asd;B3;BR16;NIRRIG;D02M;manha;D02
svm;agrupado;todos;5;treino;46;B3_BR16_NIRRIG_REPROD00006.asd;B3;BR16;NIRRIG;D02M;manha;D02
svm;agrupado;todos;5;treino;48;B4_BR16_IRRIG_REPROD00000.asd;B4;BR16;IRRIG;D02M;manha;D02
svm;agrupado;todos;5;treino;49;B4_BR16_IRRIG_REPROD00001.asd;B4;BR16;IRRIG;D02M;manha;D02
svm;agrupado;todos;5;treino;50;B4_BR16_IRRIG_REPROD00002.asd;B4;BR16;IRRIG;D02M;manha;D02
svm;agrupado;todos;5;treino;52;B4_BR16_IRRIG_REPROD00004.asd;B4;BR16;IRRIG;D02M;manha;D02
svm;agrupado;todos;5;treino;53;B4_BR16_IRRIG_REPROD00005.asd;B4;BR16;IRRIG;D02M;manha;D02
svm;agrupado;todos;5;treino;54;B4_BR16_IRRIG_REPROD00006.asd;B4;BR16;IRRIG;D02M;manha;D02
svm;agrupado;todos;5;treino;55;B4_BR16_IRRIG_REPROD00007.asd;B4;BR16;IRRIG;D02M;manha;D02
svm;agrupado;todos;5;treino;58;B4_BR16_NIRRIG_REPROD00002.asd;B4;BR16;NIRRIG;D02M;manha;D02
svm;agrupado;todos;5;treino;59;B4_BR16_NIRRIG_REPROD00003.asd;B4;BR16;NIRRIG;D02M;manha;D02
svm;agrupado;todos;5;treino;60;B4_BR16_NIRRIG_REPROD00004.asd;B4;BR16;NIRRIG;D02M;manha;D02
svm;agrupado;todos;5;treino;61;B4_BR16_NIRRIG_REPROD00005.asd;B4;BR16;NIRRIG;D02M;manha;D02
svm;agrupado;todos;5;treino;62;B4_BR16_NIRRIG_REPROD00006.asd;B4;BR16;NIRRIG;D02M;manha;D02
svm;agrupado;todos;5;treino;63;B4_BR16_NIRRIG_REPROD00007.asd;B4;BR16;NIRRIG;D02M;manha;D02
svm;agrupado;todos;5;treino;64;B1_CD202_IRRIG_REPROD00000.asd;B1;CD202;IRRIG;D02M;manha;D02
svm;agrupado;todos;5;treino;65;B1_CD202_IRRIG_REPROD00001.asd;B1;CD202;IRRIG;D02M;manha;D02
svm;agrupado;todos;5;treino;67;B1_CD202_IRRIG_REPROD00003.asd;B1;CD202;IRRIG;D02M;manha;D02
svm;agrupado;todos;5;treino;68;B1_CD202_IRRIG_REPROD00004.asd;B1;CD202;IRRIG;D02M;manha;D02
svm;agrupado;todos;5;treino;69;B1_CD202_IRRIG_REPROD00005.asd;B1;CD202;IRRIG;D02M;manha;D02
svm;agrupado;todos;5;treino;70;B1_CD202_IRRIG_REPROD00006.asd;B1;CD202;IRRIG;D02M;manha;D02
svm;agrupado;todos;5;treino;71;B1_CD202_IRRIG_REPROD00007.asd;B1;CD202;IRRIG;D02M;manha;D02
svm;agrupado;todos;5;treino;72;B1_CD202_NIRRIG_REPROD00000.asd;B1;CD202;NIRRIG;D02M;manha;D02
svm;agrupado;todos;5;treino;73;B1_CD202_NIRRIG_REPROD00001.asd;B1;CD202;NIRRIG;D02M;manha;D02
svm;agrupado;todos;5;treino;74;B1_CD202_NIRRIG_REPROD00002.asd;B1;CD202;NIRRIG;D02M;manha;D02
svm;agrupado;todos;5;treino;75;B1_CD202_NIRRIG_REPROD00003.asd;B1;CD202;NIRRIG;D02M;manha;D02
svm;agrupado;todos;5;treino;76;B1_CD202_NIRRIG_REPROD00004.asd;B1;CD202;NIRRIG;D02M;manha;D02
svm;agrupado;todos;5;treino;77;B1_CD202_NIRRIG_REPROD00005.asd;B1;CD202;NIRRIG;D02M;manha;D02
svm;agrupado;todos;5;treino;78;B1_CD202_NIRRIG_REPROD00006.asd;B1;CD202;NIRRIG;D02M;manha;D02
svm;agrupado;todos;5;treino;79;B1_CD202_NIRRIG_REPROD00007.asd;B1;CD202;NIRRIG;D02M;manha;D02
svm;agrupado;todos;5;treino;80;B2_CD202_IRRIG_REPROD00000.asd;B2;CD202;IRRIG;D02M;manha;D02
svm;agrupado;todos;5;treino;81;B2_CD202_IRRIG_REPROD00001.asd;B2;CD202;IRRIG;D02M;manha;D02
svm;agrupado;todos;5;treino;82;B2_CD202_IRRIG_REPROD00002.asd;B2;CD202;IRRIG;D02M;manha;D02
svm;agrupado;todos;5;treino;83;B2_CD202_IRRIG_REPROD00003.asd;B2;CD202;IRRIG;D02M;manha;D02
svm;agrupado;todos;5;treino;84;B2_CD202_IRRIG_REPROD00004.asd;B2;CD202;IRRIG;D02M;manha;D02
svm;agrupado;todos;5;treino;85;B2_CD202_IRRIG_REPROD00005.asd;B2;CD202;IRRIG;D02M;manha;D02
svm;agrupado;todos;5;treino;86;B2_CD202_IRRIG_REPROD00006.asd;B2;CD202;IRRIG;D02M;manha;D02
svm;agrupado;todos;5;treino;87;B2_CD202_IRRIG_REPROD00007.asd;B2;CD202;IRRIG;D02M;manha;D02
svm;agrupado;todos;5;treino;88;B2_CD202_NIRRIG_REPROD00000.asd;B2;CD202;NIRRIG;D02M;manha;D02
svm;agrupado;todos;5;treino;89;B2_CD202_NIRRIG_REPROD00001.asd;B2;CD202;NIRRIG;D02M;manha;D02
svm;agrupado;todos;5;treino;90;B2_CD202_NIRRIG_REPROD00002.asd;B2;CD202;NIRRIG;D02M;manha;D02
svm;agrupado;todos;5;treino;92;B2_CD202_NIRRIG_REPROD00004.asd;B2;CD202;NIRRIG;D02M;manha;D02
svm;agrupado;todos;5;treino;94;B2_CD202_NIRRIG_REPROD00006.asd;B2;CD202;NIRRIG;D02M;manha;D02
svm;agrupado;todos;5;treino;95;B2_CD202_NIRRIG_REPROD00007.asd;B2;CD202;NIRRIG;D02M;manha;D02
svm;agrupado;todos;5;treino;96;B3_CD202_IRRIG_REPROD00000.asd;B3;CD202;IRRIG;D02M;manha;D02
svm;agrupado;todos;5;treino;97;B3_CD202_IRRIG_REPROD00001.asd;B3;CD202;IRRIG;D02M;manha;D02
svm;agrupado;todos;5;treino;98;B3_CD202_IRRIG_REPROD00002.asd;B3;CD202;IRRIG;D02M;manha;D02
svm;agrupado;todos;5;treino;99;B3_CD202_IRRIG_REPROD00003.asd;B3;CD202;IRRIG;D02M;manha;D02
svm;agrupado;todos;5;treino;102;B3_CD202_IRRIG_REPROD00006.asd;B3;CD202;IRRIG;D02M;manha;D02
svm;agrupado;todos;5;treino;104;B3_CD202_NIRRIG_REPROD00000.asd;B3;CD202;NIRRIG;D02M;manha;D02
svm;agrupado;todos;5;treino;105;B3_CD202_NIRRIG_REPROD00001.asd;B3;CD202;NIRRIG;D02M;manha;D02
svm;agrupado;todos;5;treino;107;B3_CD202_NIRRIG_REPROD00003.asd;B3;CD202;NIRRIG;D02M;manha;D02
svm;agrupado;todos;5;treino;108;B3_CD202_NIRRIG_REPROD00004.asd;B3;CD202;NIRRIG;D02M;manha;D02
svm;agrupado;todos;5;treino;109;B3_CD202_NIRRIG_REPROD00005.asd;B3;CD202;NIRRIG;D02M;manha;D02
svm;agrupado;todos;5;treino;110;B3_CD202_NIRRIG_REPROD00006.asd;B3;CD202;NIRRIG;D02M;manha;D02
svm;agrupado;todos;5;treino;111;B3_CD202_NIRRIG_REPROD00007.asd;B3;CD202;NIRRIG;D02M;manha;D02
svm;agrupado;todos;5;treino;112;B4_CD202_IRRIG_REPROD00000.asd;B4;CD202;IRRIG;D02M;manha;D02
svm;agrupado;todos;5;treino;113;B4_CD202_IRRIG_REPROD00001.asd;B4;CD202;IRRIG;D02M;manha;D02
svm;agrupado;todos;5;treino;115;B4_CD202_IRRIG_REPROD00003.asd;B4;CD202;IRRIG;D02M;manha;D02
svm;agrupado;todos;5;treino;116;B4_CD202_IRRIG_REPROD00004.asd;B4;CD202;IRRIG;D02M;manha;D02
svm;agrupado;todos;5;treino;117;B4_CD202_IRRIG_REPROD00005.asd;B4;CD202;IRRIG;D02M;manha;D02
svm;agrupado;todos;5;treino;118;B4_CD202_IRRIG_REPROD00006.asd;B4;CD202;IRRIG;D02M;manha;D02
svm;agrupado;todos;5;treino;120;B4_CD202_NIRRIG_REPROD00000.asd;B4;CD202;NIRRIG;D02M;manha;D02
svm;agrupado;todos;5;treino;121;B4_CD202_NIRRIG_REPROD00001.asd;B4;CD202;NIRRIG;D02M;manha;D02
svm;agrupado;todos;5;treino;123;B4_CD202_NIRRIG_REPROD00003.asd;B4;CD202;NIRRIG;D02M;manha;D02
svm;agrupado;todos;5;treino;124;B4_CD202_NIRRIG_REPROD00004.asd;B4;CD202;NIRRIG;D02M;manha;D02
svm;agrupado;todos;5;treino;126;B4_CD202_NIRRIG_REPROD00006.asd;B4;CD202;NIRRIG;D02M;manha;D02
svm;agrupado;todos;5;treino;127;B4_CD202_NIRRIG_REPROD00007.asd;B4;CD202;NIRRIG;D02M;manha;D02
svm;agrupado;todos;5;treino;128;B3_EMB48_IRRIG_REPROD00000.asd;B3;EMB48;IRRIG;D02M;manha;D02
svm;agrupado;todos;5;treino;130;B4_EMB48_IRRIG_REPROD00001.asd;B4;EMB48;IRRIG;D02M;manha;D02
svm;agrupado;todos;5;treino;132;B4_EMB48_IRRIG_REPROD00003.asd;B4;EMB48;IRRIG;D02M;manha;D02
svm;agrupado;todos;5;treino;133;B4_EMB48_IRRIG_REPROD00004.asd;B4;EMB48;IRRIG;D02M;manha;D02
svm;agrupado;todos;5;treino;135;B4_EMB48_IRRIG_REPROD00006.asd;B4;EMB48;IRRIG;D02M;manha;D02
svm;agrupado;todos;5;treino;136;B4_EMB48_IRRIG_REPROD00007.asd;B4;EMB48;IRRIG;D02M;manha;D02
svm;agrupado;todos;5;treino;138;B4_EMB48_NIRRIG_REPROD00000.asd;B4;EMB48;NIRRIG;D02M;manha;D02
svm;agrupado;todos;5;treino;139;B3_EMB48_IRRIG_REPROD00002.asd;B3;EMB48;IRRIG;D02M;manha;D02
svm;agrupado;todos;5;treino;140;B4_EMB48_NIRRIG_REPROD00001.asd;B4;EMB48;NIRRIG;D02M;manha;D02
svm;agrupado;todos;5;treino;141;B3_EMB48_IRRIG_REPROD00003.asd;B3;EMB48;IRRIG;D02M;manha;D02
svm;agrupado;todos;5;treino;142;B4_EMB48_NIRRIG_REPROD00002.asd;B4;EMB48;NIRRIG;D02M;manha;D02
svm;agrupado;todos;5;treino;144;B4_EMB48_NIRRIG_REPROD00003.asd;B4;EMB48;NIRRIG;D02M;manha;D02
svm;agrupado;todos;5;treino;145;B3_EMB48_IRRIG_REPROD00005.asd;B3;EMB48;IRRIG;D02M;manha;D02
svm;agrupado;todos;5;treino;146;B4_EMB48_NIRRIG_REPROD00004.asd;B4;EMB48;NIRRIG;D02M;manha;D02
svm;agrupado;todos;5;treino;147;B3_EMB48_IRRIG_REPROD00006.asd;B3;EMB48;IRRIG;D02M;manha;D02
svm;agrupado;todos;5;treino;148;B4_EMB48_NIRRIG_REPROD00005.asd;B4;EMB48;NIRRIG;D02M;manha;D02
svm;agrupado;todos;5;treino;149;B3_EMB48_IRRIG_REPROD00007.asd;B3;EMB48;IRRIG;D02M;manha;D02
svm;agrupado;todos;5;treino;150;B4_EMB48_NIRRIG_REPROD00006.asd;B4;EMB48;NIRRIG;D02M;manha;D02
svm;agrupado;todos;5;treino;151;B3_EMB48_NIRRIG_REPROD00000.asd;B3;EMB48;NIRRIG;D02M;manha;D02
svm;agrupado;todos;5;treino;152;B4_EMB48_NIRRIG_REPROD00007.asd;B4;EMB48;NIRRIG;D02M;manha;D02
svm;agrupado;todos;5;treino;153;B3_EMB48_NIRRIG_REPROD00001.asd;B3;EMB48;NIRRIG;D02M;manha;D02
svm;agrupado;todos;5;treino;155;B3_EMB48_NIRRIG_REPROD00003.asd;B3;EMB48;NIRRIG;D02M;manha;D02
svm;agrupado;todos;5;treino;156;B3_EMB48_NIRRIG_REPROD00004.asd;B3;EMB48;NIRRIG;D02M;manha;D02
svm;agrupado;todos;5;treino;157;B3_EMB48_NIRRIG_REPROD00005.asd;B3;EMB48;NIRRIG;D02M;manha;D02
svm;agrupado;todos;5;treino;158;B3_EMB48_NIRRIG_REPROD00006.asd;B3;EMB48;NIRRIG;D02M;manha;D02
svm;agrupado;todos;5;treino;159;B3_EMB48_NIRRIG_REPROD00007.asd;B3;EMB48;NIRRIG;D02M;manha;D02
svm;agrupado;todos;5;treino;160;B1_EMB48_IRRIG_REPROD00000.asd;B1;EMB48;IRRIG;D02M;manha;D02
svm;agrupado;todos;5;treino;161;B1_EMB48_IRRIG_REPROD00001.asd;B1;EMB48;IRRIG;D02M;manha;D02
svm;agrupado;todos;5;treino;162;B1_EMB48_IRRIG_REPROD00002.asd;B1;EMB48;IRRIG;D02M;manha;D02
svm;agrupado;todos;5;treino;163;B1_EMB48_IRRIG_REPROD00003.asd;B1;EMB48;IRRIG;D02M;manha;D02
svm;agrupado;todos;5;treino;164;B1_EMB48_IRRIG_REPROD00004.asd;B1;EMB48;IRRIG;D02M;manha;D02
svm;agrupado;todos;5;treino;166;B1_EMB48_IRRIG_REPROD00006.asd;B1;EMB48;IRRIG;D02M;manha;D02
svm;agrupado;todos;5;treino;167;B1_EMB48_IRRIG_REPROD00007.asd;B1;EMB48;IRRIG;D02M;manha;D02
svm;agrupado;todos;5;treino;168;B1_EMB48_NIRRIG_REPROD00000.asd;B1;EMB48;NIRRIG;D02M;manha;D02
svm;agrupado;todos;5;treino;169;B1_EMB48_NIRRIG_REPROD00001.asd;B1;EMB48;NIRRIG;D02M;manha;D02
svm;agrupado;todos;5;treino;170;B1_EMB48_NIRRIG_REPROD00002.asd;B1;EMB48;NIRRIG;D02M;manha;D02
svm;agrupado;todos;5;treino;171;B1_EMB48_NIRRIG_REPROD00003.asd;B1;EMB48;NIRRIG;D02M;manha;D02
svm;agrupado;todos;5;treino;172;B1_EMB48_NIRRIG_REPROD00004.asd;B1;EMB48;NIRRIG;D02M;manha;D02
svm;agrupado;todos;5;treino;173;B1_EMB48_NIRRIG_REPROD00005.asd;B1;EMB48;NIRRIG;D02M;manha;D02
svm;agrupado;todos;5;treino;174;B1_EMB48_NIRRIG_REPROD00006.asd;B1;EMB48;NIRRIG;D02M;manha;D02
svm;agrupado;todos;5;treino;175;B1_EMB48_NIRRIG_REPROD00007.asd;B1;EMB48;NIRRIG;D02M;manha;D02
svm;agrupado;todos;5;treino;178;B2_EMB48_IRRIG_REPROD00002.asd;B2;EMB48;IRRIG;D02M;manha;D02
svm;agrupado;todos;5;treino;179;B2_EMB48_IRRIG_REPROD00003.asd;B2;EMB48;IRRIG;D02M;manha;D02
svm;agrupado;todos;5;treino;181;B2_EMB48_IRRIG_REPROD00005.asd;B2;EMB48;IRRIG;D02M;manha;D02
svm;agrupado;todos;5;treino;182;B2_EMB48_IRRIG_REPROD00006.asd;B2;EMB48;IRRIG;D02M;manha;D02
svm;agrupado;todos;5;treino;183;B2_EMB48_IRRIG_REPROD00007.asd;B2;EMB48;IRRIG;D02M;manha;D02
svm;agrupado;todos;5;treino;186;B2_EMB48_NIRRIG_REPROD00002.asd;B2;EMB48;NIRRIG;D02M;manha;D02
svm;agrupado;todos;5;treino;187;B2_EMB48_NIRRIG_REPROD00003.asd;B2;EMB48;NIRRIG;D02M;manha;D02
svm;agrupado;todos;5;treino;188;B2_EMB48_NIRRIG_REPROD00004.asd;B2;EMB48;NIRRIG;D02M;manha;D02
svm;agrupado;todos;5;treino;189;B2_EMB48_NIRRIG_REPROD00005.asd;B2;EMB48;NIRRIG;D02M;manha;D02
svm;agrupado;todos;5;treino;190;B2_EMB48_NIRRIG_REPROD00006.asd;B2;EMB48;NIRRIG;D02M;manha;D02
svm;agrupado;todos;5;treino;191;B2_EMB48_NIRRIG_REPROD00007.asd;B2;EMB48;NIRRIG;D02M;manha;D02
svm;agrupado;todos;5;treino;192;B1_BR16_IRRIG_REPROD00000.asd;B1;BR16;IRRIG;D02T;tarde;D02
svm;agrupado;todos;5;treino;193;B1_BR16_IRRIG_REPROD00001.asd;B1;BR16;IRRIG;D02T;tarde;D02
svm;agrupado;todos;5;treino;194;B1_BR16_IRRIG_REPROD00002.asd;B1;BR16;IRRIG;D02T;tarde;D02
svm;agrupado;todos;5;treino;195;B1_BR16_IRRIG_REPROD00003.asd;B1;BR16;IRRIG;D02T;tarde;D02
svm;agrupado;todos;5;treino;196;B1_BR16_IRRIG_REPROD00004.asd;B1;BR16;IRRIG;D02T;tarde;D02
svm;agrupado;todos;5;treino;197;B1_BR16_IRRIG_REPROD00005.asd;B1;BR16;IRRIG;D02T;tarde;D02
svm;agrupado;todos;5;treino;198;B1_BR16_IRRIG_REPROD00006.asd;B1;BR16;IRRIG;D02T;tarde;D02
svm;agrupado;todos;5;treino;199;B1_BR16_IRRIG_REPROD00007.asd;B1;BR16;IRRIG;D02T;tarde;D02
svm;agrupado;todos;5;treino;201;B1_BR16_NIRRIG_REPROD00001.asd;B1;BR16;NIRRIG;D02T;tarde;D02
svm;agrupado;todos;5;treino;202;B1_BR16_NIRRIG_REPROD00002.asd;B1;BR16;NIRRIG;D02T;tarde;D02
svm;agrupado;todos;5;treino;203;B1_BR16_NIRRIG_REPROD00003.asd;B1;BR16;NIRRIG;D02T;tarde;D02
svm;agrupado;todos;5;treino;207;B1_BR16_NIRRIG_REPROD00007.asd;B1;BR16;NIRRIG;D02T;tarde;D02
svm;agrupado;todos;5;treino;209;B2_BR16_IRRIG_REPROD00001.asd;B2;BR16;IRRIG;D02T;tarde;D02
svm;agrupado;todos;5;treino;210;B2_BR16_IRRIG_REPROD00002.asd;B2;BR16;IRRIG;D02T;tarde;D02
svm;agrupado;todos;5;treino;212;B2_BR16_IRRIG_REPROD00004.asd;B2;BR16;IRRIG;D02T;tarde;D02
svm;agrupado;todos;5;treino;213;B2_BR16_IRRIG_REPROD00005.asd;B2;BR16;IRRIG;D02T;tarde;D02
svm;agrupado;todos;5;treino;214;B2_BR16_IRRIG_REPROD00006.asd;B2;BR16;IRRIG;D02T;tarde;D02
svm;agrupado;todos;5;treino;215;B2_BR16_IRRIG_REPROD00007.asd;B2;BR16;IRRIG;D02T;tarde;D02
svm;agrupado;todos;5;treino;216;B2_BR16_NIRRIG_REPROD00000.asd;B2;BR16;NIRRIG;D02T;tarde;D02
svm;agrupado;todos;5;treino;217;B2_BR16_NIRRIG_REPROD00001.asd;B2;BR16;NIRRIG;D02T;tarde;D02
svm;agrupado;todos;5;treino;219;B2_BR16_NIRRIG_REPROD00003.asd;B2;BR16;NIRRIG;D02T;tarde;D02
svm;agrupado;todos;5;treino;220;B2_BR16_NIRRIG_REPROD00004.asd;B2;BR16;NIRRIG;D02T;tarde;D02
svm;agrupado;todos;5;treino;221;B2_BR16_NIRRIG_REPROD00005.asd;B2;BR16;NIRRIG;D02T;tarde;D02
svm;agrupado;todos;5;treino;223;B2_BR16_NIRRIG_REPROD00007.asd;B2;BR16;NIRRIG;D02T;tarde;D02
svm;agrupado;todos;5;treino;224;B3_BR16_IRRIG_REPROD00000.asd;B3;BR16;IRRIG;D02T;tarde;D02
svm;agrupado;todos;5;treino;225;B3_BR16_IRRIG_REPROD00001.asd;B3;BR16;IRRIG;D02T;tarde;D02
svm;agrupado;todos;5;treino;226;B3_BR16_IRRIG_REPROD00002.asd;B3;BR16;IRRIG;D02T;tarde;D02
svm;agrupado;todos;5;treino;227;B3_BR16_IRRIG_REPROD00003.asd;B3;BR16;IRRIG;D02T;tarde;D02
svm;agrupado;todos;5;treino;228;B3_BR16_IRRIG_REPROD00004.asd;B3;BR16;IRRIG;D02T;tarde;D02
svm;agrupado;todos;5;treino;230;B3_BR16_IRRIG_REPROD00006.asd;B3;BR16;IRRIG;D02T;tarde;D02
svm;agrupado;todos;5;treino;231;B3_BR16_IRRIG_REPROD00007.asd;B3;BR16;IRRIG;D02T;tarde;D02
svm;agrupado;todos;5;treino;232;B3_BR16_NIRRIG_REPROD00000.asd;B3;BR16;NIRRIG;D02T;tarde;D02
svm;agrupado;todos;5;treino;234;B3_BR16_NIRRIG_REPROD00002.asd;B3;BR16;NIRRIG;D02T;tarde;D02
svm;agrupado;todos;5;treino;235;B3_BR16_NIRRIG_REPROD00003.asd;B3;BR16;NIRRIG;D02T;tarde;D02
svm;agrupado;todos;5;treino;236;B3_BR16_NIRRIG_REPROD00004.asd;B3;BR16;NIRRIG;D02T;tarde;D02
svm;agrupado;todos;5;treino;238;B3_BR16_NIRRIG_REPROD00006.asd;B3;BR16;NIRRIG;D02T;tarde;D02
svm;agrupado;todos;5;treino;240;B4_BR16_IRRIG_REPROD00000.asd;B4;BR16;IRRIG;D02T;tarde;D02
svm;agrupado;todos;5;treino;241;B4_BR16_IRRIG_REPROD00001.asd;B4;BR16;IRRIG;D02T;tarde;D02
svm;agrupado;todos;5;treino;242;B4_BR16_IRRIG_REPROD00002.asd;B4;BR16;IRRIG;D02T;tarde;D02
svm;agrupado;todos;5;treino;244;B4_BR16_IRRIG_REPROD00004.asd;B4;BR16;IRRIG;D02T;tarde;D02
svm;agrupado;todos;5;treino;245;B4_BR16_IRRIG_REPROD00005.asd;B4;BR16;IRRIG;D02T;tarde;D02
svm;agrupado;todos;5;treino;246;B4_BR16_IRRIG_REPROD00006.asd;B4;BR16;IRRIG;D02T;tarde;D02
svm;agrupado;todos;5;treino;247;B4_BR16_IRRIG_REPROD00007.asd;B4;BR16;IRRIG;D02T;tarde;D02
svm;agrupado;todos;5;treino;250;B4_BR16_NIRRIG_REPROD00002.asd;B4;BR16;NIRRIG;D02T;tarde;D02
svm;agrupado;todos;5;treino;251;B4_BR16_NIRRIG_REPROD00003.asd;B4;BR16;NIRRIG;D02T;tarde;D02
svm;agrupado;todos;5;treino;252;B4_BR16_NIRRIG_REPROD00004.asd;B4;BR16;NIRRIG;D02T;tarde;D02
svm;agrupado;todos;5;treino;253;B4_BR16_NIRRIG_REPROD00005.asd;B4;BR16;NIRRIG;D02T;tarde;D02
svm;agrupado;todos;5;treino;254;B4_BR16_NIRRIG_REPROD00006.asd;B4;BR16;NIRRIG;D02T;tarde;D02
svm;agrupado;todos;5;treino;255;B4_BR16_NIRRIG_REPROD00007.asd;B4;BR16;NIRRIG;D02T;tarde;D02
svm;agrupado;todos;5;treino;256;B1_CD202_IRRIG_REPROD00000.asd;B1;CD202;IRRIG;D02T;tarde;D02
svm;agrupado;todos;5;treino;257;B1_CD202_IRRIG_REPROD00001.asd;B1;CD202;IRRIG;D02T;tarde;D02
svm;agrupado;todos;5;treino;259;B1_CD202_IRRIG_REPROD00003.asd;B1;CD202;IRRIG;D02T;tarde;D02
svm;agrupado;todos;5;treino;260;B1_CD202_IRRIG_REPROD00004.asd;B1;CD202;IRRIG;D02T;tarde;D02
svm;agrupado;todos;5;treino;261;B1_CD202_IRRIG_REPROD00005.asd;B1;CD202;IRRIG;D02T;tarde;D02
svm;agrupado;todos;5;treino;262;B1_CD202_IRRIG_REPROD00006.asd;B1;CD202;IRRIG;D02T;tarde;D02
svm;agrupado;todos;5;treino;263;B1_CD202_IRRIG_REPROD00007.asd;B1;CD202;IRRIG;D02T;tarde;D02
svm;agrupado;todos;5;treino;264;B1_CD202_NIRRIG_REPROD00000.asd;B1;CD202;NIRRIG;D02T;tarde;D02
svm;agrupado;todos;5;treino;265;B1_CD202_NIRRIG_REPROD00001.asd;B1;CD202;NIRRIG;D02T;tarde;D02
svm;agrupado;todos;5;treino;266;B1_CD202_NIRRIG_REPROD00002.asd;B1;CD202;NIRRIG;D02T;tarde;D02
svm;agrupado;todos;5;treino;267;B1_CD202_NIRRIG_REPROD00003.asd;B1;CD202;NIRRIG;D02T;tarde;D02
svm;agrupado;todos;5;treino;268;B1_CD202_NIRRIG_REPROD00004.asd;B1;CD202;NIRRIG;D02T;tarde;D02
svm;agrupado;todos;5;treino;269;B1_CD202_NIRRIG_REPROD00005.asd;B1;CD202;NIRRIG;D02T;tarde;D02
svm;agrupado;todos;5;treino;270;B1_CD202_NIRRIG_REPROD00006.asd;B1;CD202;NIRRIG;D02T;tarde;D02
svm;agrupado;todos;5;treino;271;B1_CD202_NIRRIG_REPROD00007.asd;B1;CD202;NIRRIG;D02T;tarde;D02
svm;agrupado;todos;5;treino;272;B2_CD202_IRRIG_REPROD00000.asd;B2;CD202;IRRIG;D02T;tarde;D02
svm;agrupado;todos;5;treino;273;B2_CD202_IRRIG_REPROD00001.asd;B2;CD202;IRRIG;D02T;tarde;D02
svm;agrupado;todos;5;treino;274;B2_CD202_IRRIG_REPROD00002.asd;B2;CD202;IRRIG;D02T;tarde;D02
svm;agrupado;todos;5;treino;275;B2_CD202_IRRIG_REPROD00003.asd;B2;CD202;IRRIG;D02T;tarde;D02
svm;agrupado;todos;5;treino;276;B2_CD202_IRRIG_REPROD00004.asd;B2;CD202;IRRIG;D02T;tarde;D02
svm;agrupado;todos;5;treino;277;B2_CD202_IRRIG_REPROD00005.asd;B2;CD202;IRRIG;D02T;tarde;D02
svm;agrupado;todos;5;treino;278;B2_CD202_IRRIG_REPROD00006.asd;B2;CD202;IRRIG;D02T;tarde;D02
svm;agrupado;todos;5;treino;279;B2_CD202_IRRIG_REPROD00007.asd;B2;CD202;IRRIG;D02T;tarde;D02
svm;agrupado;todos;5;treino;280;B2_CD202_NIRRIG_REPROD00000.asd;B2;CD202;NIRRIG;D02T;tarde;D02
svm;agrupado;todos;5;treino;281;B2_CD202_NIRRIG_REPROD00001.asd;B2;CD202;NIRRIG;D02T;tarde;D02
svm;agrupado;todos;5;treino;282;B2_CD202_NIRRIG_REPROD00002.asd;B2;CD202;NIRRIG;D02T;tarde;D02
svm;agrupado;todos;5;treino;284;B2_CD202_NIRRIG_REPROD00004.asd;B2;CD202;NIRRIG;D02T;tarde;D02
svm;agrupado;todos;5;treino;286;B2_CD202_NIRRIG_REPROD00006.asd;B2;CD202;NIRRIG;D02T;tarde;D02
svm;agrupado;todos;5;treino;287;B2_CD202_NIRRIG_REPROD00007.asd;B2;CD202;NIRRIG;D02T;tarde;D02
svm;agrupado;todos;5;treino;288;B3_CD202_IRRIG_REPROD00000.asd;B3;CD202;IRRIG;D02T;tarde;D02
svm;agrupado;todos;5;treino;289;B3_CD202_IRRIG_REPROD00001.asd;B3;CD202;IRRIG;D02T;tarde;D02
svm;agrupado;todos;5;treino;290;B3_CD202_IRRIG_REPROD00002.asd;B3;CD202;IRRIG;D02T;tarde;D02
svm;agrupado;todos;5;treino;291;B3_CD202_IRRIG_REPROD00003.asd;B3;CD202;IRRIG;D02T;tarde;D02
svm;agrupado;todos;5;treino;294;B3_CD202_IRRIG_REPROD00006.asd;B3;CD202;IRRIG;D02T;tarde;D02
svm;agrupado;todos;5;treino;296;B3_CD202_NIRRIG_REPROD00000.asd;B3;CD202;NIRRIG;D02T;tarde;D02
svm;agrupado;todos;5;treino;297;B3_CD202_NIRRIG_REPROD00001.asd;B3;CD202;NIRRIG;D02T;tarde;D02
svm;agrupado;todos;5;treino;299;B3_CD202_NIRRIG_REPROD00003.asd;B3;CD202;NIRRIG;D02T;tarde;D02
svm;agrupado;todos;5;treino;300;B3_CD202_NIRRIG_REPROD00004.asd;B3;CD202;NIRRIG;D02T;tarde;D02
svm;agrupado;todos;5;treino;301;B3_CD202_NIRRIG_REPROD00005.asd;B3;CD202;NIRRIG;D02T;tarde;D02
svm;agrupado;todos;5;treino;302;B3_CD202_NIRRIG_REPROD00006.asd;B3;CD202;NIRRIG;D02T;tarde;D02
svm;agrupado;todos;5;treino;303;B3_CD202_NIRRIG_REPROD00007.asd;B3;CD202;NIRRIG;D02T;tarde;D02
svm;agrupado;todos;5;treino;304;B4_CD202_IRRIG_REPROD00000.asd;B4;CD202;IRRIG;D02T;tarde;D02
svm;agrupado;todos;5;treino;305;B4_CD202_IRRIG_REPROD00001.asd;B4;CD202;IRRIG;D02T;tarde;D02
svm;agrupado;todos;5;treino;307;B4_CD202_IRRIG_REPROD00003.asd;B4;CD202;IRRIG;D02T;tarde;D02
svm;agrupado;todos;5;treino;308;B4_CD202_IRRIG_REPROD00004.asd;B4;CD202;IRRIG;D02T;tarde;D02
svm;agrupado;todos;5;treino;309;B4_CD202_IRRIG_REPROD00005.asd;B4;CD202;IRRIG;D02T;tarde;D02
svm;agrupado;todos;5;treino;310;B4_CD202_IRRIG_REPROD00006.asd;B4;CD202;IRRIG;D02T;tarde;D02
svm;agrupado;todos;5;treino;312;B4_CD202_NIRRIG_REPROD00000.asd;B4;CD202;NIRRIG;D02T;tarde;D02
svm;agrupado;todos;5;treino;313;B4_CD202_NIRRIG_REPROD00001.asd;B4;CD202;NIRRIG;D02T;tarde;D02
svm;agrupado;todos;5;treino;315;B4_CD202_NIRRIG_REPROD00003.asd;B4;CD202;NIRRIG;D02T;tarde;D02
svm;agrupado;todos;5;treino;316;B4_CD202_NIRRIG_REPROD00004.asd;B4;CD202;NIRRIG;D02T;tarde;D02
svm;agrupado;todos;5;treino;318;B4_CD202_NIRRIG_REPROD00006.asd;B4;CD202;NIRRIG;D02T;tarde;D02
svm;agrupado;todos;5;treino;319;B4_CD202_NIRRIG_REPROD00007.asd;B4;CD202;NIRRIG;D02T;tarde;D02
svm;agrupado;todos;5;treino;320;B1_EMB48_IRRIG_REPROD00000.asd;B1;EMB48;IRRIG;D02T;tarde;D02
svm;agrupado;todos;5;treino;321;B1_EMB48_IRRIG_REPROD00001.asd;B1;EMB48;IRRIG;D02T;tarde;D02
svm;agrupado;todos;5;treino;322;B1_EMB48_IRRIG_REPROD00002.asd;B1;EMB48;IRRIG;D02T;tarde;D02
svm;agrupado;todos;5;treino;323;B1_EMB48_IRRIG_REPROD00003.asd;B1;EMB48;IRRIG;D02T;tarde;D02
svm;agrupado;todos;5;treino;324;B1_EMB48_IRRIG_REPROD00004.asd;B1;EMB48;IRRIG;D02T;tarde;D02
svm;agrupado;todos;5;treino;326;B1_EMB48_IRRIG_REPROD00006.asd;B1;EMB48;IRRIG;D02T;tarde;D02
svm;agrupado;todos;5;treino;327;B1_EMB48_IRRIG_REPROD00007.asd;B1;EMB48;IRRIG;D02T;tarde;D02
svm;agrupado;todos;5;treino;328;B1_EMB48_NIRRIG_REPROD00000.asd;B1;EMB48;NIRRIG;D02T;tarde;D02
svm;agrupado;todos;5;treino;329;B1_EMB48_NIRRIG_REPROD00001.asd;B1;EMB48;NIRRIG;D02T;tarde;D02
svm;agrupado;todos;5;treino;330;B1_EMB48_NIRRIG_REPROD00002.asd;B1;EMB48;NIRRIG;D02T;tarde;D02
svm;agrupado;todos;5;treino;331;B1_EMB48_NIRRIG_REPROD00003.asd;B1;EMB48;NIRRIG;D02T;tarde;D02
svm;agrupado;todos;5;treino;332;B1_EMB48_NIRRIG_REPROD00004.asd;B1;EMB48;NIRRIG;D02T;tarde;D02
svm;agrupado;todos;5;treino;333;B1_EMB48_NIRRIG_REPROD00005.asd;B1;EMB48;NIRRIG;D02T;tarde;D02
svm;agrupado;todos;5;treino;334;B1_EMB48_NIRRIG_REPROD00006.asd;B1;EMB48;NIRRIG;D02T;tarde;D02
svm;agrupado;todos;5;treino;335;B1_EMB48_NIRRIG_REPROD00007.asd;B1;EMB48;NIRRIG;D02T;tarde;D02
svm;agrupado;todos;5;treino;338;B2_EMB48_IRRIG_REPROD00002.asd;B2;EMB48;IRRIG;D02T;tarde;D02
svm;agrupado;todos;5;treino;339;B2_EMB48_IRRIG_REPROD00003.asd;B2;EMB48;IRRIG;D02T;tarde;D02
svm;agrupado;todos;5;treino;341;B2_EMB48_IRRIG_REPROD00005.asd;B2;EMB48;IRRIG;D02T;tarde;D02
svm;agrupado;todos;5;treino;342;B2_EMB48_IRRIG_REPROD00006.asd;B2;EMB48;IRRIG;D02T;tarde;D02
svm;agrupado;todos;5;treino;343;B2_EMB48_IRRIG_REPROD00007.asd;B2;EMB48;IRRIG;D02T;tarde;D02
svm;agrupado;todos;5;treino;346;B2_EMB48_NIRRIG_REPROD00002.asd;B2;EMB48;NIRRIG;D02T;tarde;D02
svm;agrupado;todos;5;treino;347;B2_EMB48_NIRRIG_REPROD00003.asd;B2;EMB48;NIRRIG;D02T;tarde;D02
svm;agrupado;todos;5;treino;348;B2_EMB48_NIRRIG_REPROD00004.asd;B2;EMB48;NIRRIG;D02T;tarde;D02
svm;agrupado;todos;5;treino;349;B2_EMB48_NIRRIG_REPROD00005.asd;B2;EMB48;NIRRIG;D02T;tarde;D02
svm;agrupado;todos;5;treino;350;B2_EMB48_NIRRIG_REPROD00006.asd;B2;EMB48;NIRRIG;D02T;tarde;D02
svm;agrupado;todos;5;treino;351;B2_EMB48_NIRRIG_REPROD00007.asd;B2;EMB48;NIRRIG;D02T;tarde;D02
svm;agrupado;todos;5;treino;352;B3_EMB48_IRRIG_REPROD00000.asd;B3;EMB48;IRRIG;D02T;tarde;D02
svm;agrupado;todos;5;treino;354;B3_EMB48_IRRIG_REPROD00002.asd;B3;EMB48;IRRIG;D02T;tarde;D02
svm;agrupado;todos;5;treino;355;B3_EMB48_IRRIG_REPROD00003.asd;B3;EMB48;IRRIG;D02T;tarde;D02
svm;agrupado;todos;5;treino;357;B3_EMB48_IRRIG_REPROD00005.asd;B3;EMB48;IRRIG;D02T;tarde;D02
svm;agrupado;todos;5;treino;358;B3_EMB48_IRRIG_REPROD00006.asd;B3;EMB48;IRRIG;D02T;tarde;D02
svm;agrupado;todos;5;treino;359;B3_EMB48_IRRIG_REPROD00007.asd;B3;EMB48;IRRIG;D02T;tarde;D02
svm;agrupado;todos;5;treino;360;B3_EMB48_NIRRIG_REPROD00000.asd;B3;EMB48;NIRRIG;D02T;tarde;D02
svm;agrupado;todos;5;treino;361;B3_EMB48_NIRRIG_REPROD00001.asd;B3;EMB48;NIRRIG;D02T;tarde;D02
svm;agrupado;todos;5;treino;363;B3_EMB48_NIRRIG_REPROD00003.asd;B3;EMB48;NIRRIG;D02T;tarde;D02
svm;agrupado;todos;5;treino;364;B3_EMB48_NIRRIG_REPROD00004.asd;B3;EMB48;NIRRIG;D02T;tarde;D02
svm;agrupado;todos;5;treino;365;B3_EMB48_NIRRIG_REPROD00005.asd;B3;EMB48;NIRRIG;D02T;tarde;D02
svm;agrupado;todos;5;treino;366;B3_EMB48_NIRRIG_REPROD00006.asd;B3;EMB48;NIRRIG;D02T;tarde;D02
svm;agrupado;todos;5;treino;367;B3_EMB48_NIRRIG_REPROD00007.asd;B3;EMB48;NIRRIG;D02T;tarde;D02
svm;agrupado;todos;5;treino;369;B4_EMB48_IRRIG_REPROD00001.asd;B4;EMB48;IRRIG;D02T;tarde;D02
svm;agrupado;todos;5;treino;371;B4_EMB48_IRRIG_REPROD00003.asd;B4;EMB48;IRRIG;D02T;tarde;D02
svm;agrupado;todos;5;treino;372;B4_EMB48_IRRIG_REPROD00004.asd;B4;EMB48;IRRIG;D02T;tarde;D02
svm;agrupado;todos;5;treino;374;B4_EMB48_IRRIG_REPROD00006.asd;B4;EMB48;IRRIG;D02T;tarde;D02
svm;agrupado;todos;5;treino;375;B4_EMB48_IRRIG_REPROD00007.asd;B4;EMB48;IRRIG;D02T;tarde;D02
svm;agrupado;todos;5;treino;376;B4_EMB48_NIRRIG_REPROD00000.asd;B4;EMB48;NIRRIG;D02T;tarde;D02
svm;agrupado;todos;5;treino;377;B4_EMB48_NIRRIG_REPROD00001.asd;B4;EMB48;NIRRIG;D02T;tarde;D02
svm;agrupado;todos;5;treino;378;B4_EMB48_NIRRIG_REPROD00002.asd;B4;EMB48;NIRRIG;D02T;tarde;D02
svm;agrupado;todos;5;treino;379;B4_EMB48_NIRRIG_REPROD00003.asd;B4;EMB48;NIRRIG;D02T;tarde;D02
svm;agrupado;todos;5;treino;380;B4_EMB48_NIRRIG_REPROD00004.asd;B4;EMB48;NIRRIG;D02T;tarde;D02
svm;agrupado;todos;5;treino;381;B4_EMB48_NIRRIG_REPROD00005.asd;B4;EMB48;NIRRIG;D02T;tarde;D02
svm;agrupado;todos;5;treino;382;B4_EMB48_NIRRIG_REPROD00006.asd;B4;EMB48;NIRRIG;D02T;tarde;D02
svm;agrupado;todos;5;treino;383;B4_EMB48_NIRRIG_REPROD00007.asd;B4;EMB48;NIRRIG;D02T;tarde;D02
svm;agrupado;todos;5;treino;384;B1_BR16_IRRIG_REPROD00000.asd;B1;BR16;IRRIG;D03M;manha;D03
svm;agrupado;todos;5;treino;385;B1_BR16_IRRIG_REPROD00001.asd;B1;BR16;IRRIG;D03M;manha;D03
svm;agrupado;todos;5;treino;386;B1_BR16_IRRIG_REPROD00002.asd;B1;BR16;IRRIG;D03M;manha;D03
svm;agrupado;todos;5;treino;387;B1_BR16_IRRIG_REPROD00003.asd;B1;BR16;IRRIG;D03M;manha;D03
svm;agrupado;todos;5;treino;388;B1_BR16_IRRIG_REPROD00004.asd;B1;BR16;IRRIG;D03M;manha;D03
svm;agrupado;todos;5;treino;389;B1_BR16_IRRIG_REPROD00005.asd;B1;BR16;IRRIG;D03M;manha;D03
svm;agrupado;todos;5;treino;390;B1_BR16_IRRIG_REPROD00006.asd;B1;BR16;IRRIG;D03M;manha;D03
svm;agrupado;todos;5;treino;391;B1_BR16_IRRIG_REPROD00007.asd;B1;BR16;IRRIG;D03M;manha;D03
svm;agrupado;todos;5;treino;393;B1_BR16_NIRRIG_REPROD00001.asd;B1;BR16;NIRRIG;D03M;manha;D03
svm;agrupado;todos;5;treino;394;B1_BR16_NIRRIG_REPROD00002.asd;B1;BR16;NIRRIG;D03M;manha;D03
svm;agrupado;todos;5;treino;395;B1_BR16_NIRRIG_REPROD00003.asd;B1;BR16;NIRRIG;D03M;manha;D03
svm;agrupado;todos;5;treino;399;B1_BR16_NIRRIG_REPROD00007.asd;B1;BR16;NIRRIG;D03M;manha;D03
svm;agrupado;todos;5;treino;401;B2_BR16_IRRIG_REPROD00001.asd;B2;BR16;IRRIG;D03M;manha;D03
svm;agrupado;todos;5;treino;402;B2_BR16_IRRIG_REPROD00002.asd;B2;BR16;IRRIG;D03M;manha;D03
svm;agrupado;todos;5;treino;404;B2_BR16_IRRIG_REPROD00004.asd;B2;BR16;IRRIG;D03M;manha;D03
svm;agrupado;todos;5;treino;405;B2_BR16_IRRIG_REPROD00005.asd;B2;BR16;IRRIG;D03M;manha;D03
svm;agrupado;todos;5;treino;406;B2_BR16_IRRIG_REPROD00006.asd;B2;BR16;IRRIG;D03M;manha;D03
svm;agrupado;todos;5;treino;407;B2_BR16_IRRIG_REPROD00007.asd;B2;BR16;IRRIG;D03M;manha;D03
svm;agrupado;todos;5;treino;408;B2_BR16_NIRRIG_REPROD00000.asd;B2;BR16;NIRRIG;D03M;manha;D03
svm;agrupado;todos;5;treino;409;B2_BR16_NIRRIG_REPROD00001.asd;B2;BR16;NIRRIG;D03M;manha;D03
svm;agrupado;todos;5;treino;411;B2_BR16_NIRRIG_REPROD00003.asd;B2;BR16;NIRRIG;D03M;manha;D03
svm;agrupado;todos;5;treino;412;B2_BR16_NIRRIG_REPROD00004.asd;B2;BR16;NIRRIG;D03M;manha;D03
svm;agrupado;todos;5;treino;413;B2_BR16_NIRRIG_REPROD00005.asd;B2;BR16;NIRRIG;D03M;manha;D03
svm;agrupado;todos;5;treino;415;B2_BR16_NIRRIG_REPROD00007.asd;B2;BR16;NIRRIG;D03M;manha;D03
svm;agrupado;todos;5;treino;416;B3_BR16_IRRIG_REPROD00000.asd;B3;BR16;IRRIG;D03M;manha;D03
svm;agrupado;todos;5;treino;417;B3_BR16_IRRIG_REPROD00001.asd;B3;BR16;IRRIG;D03M;manha;D03
svm;agrupado;todos;5;treino;418;B3_BR16_IRRIG_REPROD00002.asd;B3;BR16;IRRIG;D03M;manha;D03
svm;agrupado;todos;5;treino;419;B3_BR16_IRRIG_REPROD00003.asd;B3;BR16;IRRIG;D03M;manha;D03
svm;agrupado;todos;5;treino;420;B3_BR16_IRRIG_REPROD00004.asd;B3;BR16;IRRIG;D03M;manha;D03
svm;agrupado;todos;5;treino;422;B3_BR16_IRRIG_REPROD00006.asd;B3;BR16;IRRIG;D03M;manha;D03
svm;agrupado;todos;5;treino;423;B3_BR16_IRRIG_REPROD00007.asd;B3;BR16;IRRIG;D03M;manha;D03
svm;agrupado;todos;5;treino;424;B3_BR16_NIRRIG_REPROD00000.asd;B3;BR16;NIRRIG;D03M;manha;D03
svm;agrupado;todos;5;treino;426;B3_BR16_NIRRIG_REPROD00002.asd;B3;BR16;NIRRIG;D03M;manha;D03
svm;agrupado;todos;5;treino;427;B3_BR16_NIRRIG_REPROD00003.asd;B3;BR16;NIRRIG;D03M;manha;D03
svm;agrupado;todos;5;treino;428;B3_BR16_NIRRIG_REPROD00004.asd;B3;BR16;NIRRIG;D03M;manha;D03
svm;agrupado;todos;5;treino;430;B3_BR16_NIRRIG_REPROD00006.asd;B3;BR16;NIRRIG;D03M;manha;D03
svm;agrupado;todos;5;treino;432;B4_BR16_IRRIG_REPROD00000.asd;B4;BR16;IRRIG;D03M;manha;D03
svm;agrupado;todos;5;treino;433;B4_BR16_IRRIG_REPROD00001.asd;B4;BR16;IRRIG;D03M;manha;D03
svm;agrupado;todos;5;treino;434;B4_BR16_IRRIG_REPROD00002.asd;B4;BR16;IRRIG;D03M;manha;D03
svm;agrupado;todos;5;treino;436;B4_BR16_IRRIG_REPROD00004.asd;B4;BR16;IRRIG;D03M;manha;D03
svm;agrupado;todos;5;treino;437;B4_BR16_IRRIG_REPROD00005.asd;B4;BR16;IRRIG;D03M;manha;D03
svm;agrupado;todos;5;treino;438;B4_BR16_IRRIG_REPROD00006.asd;B4;BR16;IRRIG;D03M;manha;D03
svm;agrupado;todos;5;treino;439;B4_BR16_IRRIG_REPROD00007.asd;B4;BR16;IRRIG;D03M;manha;D03
svm;agrupado;todos;5;treino;442;B4_BR16_NIRRIG_REPROD00002.asd;B4;BR16;NIRRIG;D03M;manha;D03
svm;agrupado;todos;5;treino;443;B4_BR16_NIRRIG_REPROD00003.asd;B4;BR16;NIRRIG;D03M;manha;D03
svm;agrupado;todos;5;treino;444;B4_BR16_NIRRIG_REPROD00004.asd;B4;BR16;NIRRIG;D03M;manha;D03
svm;agrupado;todos;5;treino;445;B4_BR16_NIRRIG_REPROD00005.asd;B4;BR16;NIRRIG;D03M;manha;D03
svm;agrupado;todos;5;treino;446;B4_BR16_NIRRIG_REPROD00006.asd;B4;BR16;NIRRIG;D03M;manha;D03
svm;agrupado;todos;5;treino;447;B4_BR16_NIRRIG_REPROD00007.asd;B4;BR16;NIRRIG;D03M;manha;D03
svm;agrupado;todos;5;treino;448;B1_CD202_IRRIG_REPROD00000.asd;B1;CD202;IRRIG;D03M;manha;D03
svm;agrupado;todos;5;treino;449;B1_CD202_IRRIG_REPROD00001.asd;B1;CD202;IRRIG;D03M;manha;D03
svm;agrupado;todos;5;treino;451;B1_CD202_IRRIG_REPROD00003.asd;B1;CD202;IRRIG;D03M;manha;D03
svm;agrupado;todos;5;treino;452;B1_CD202_IRRIG_REPROD00004.asd;B1;CD202;IRRIG;D03M;manha;D03
svm;agrupado;todos;5;treino;453;B1_CD202_IRRIG_REPROD00005.asd;B1;CD202;IRRIG;D03M;manha;D03
svm;agrupado;todos;5;treino;454;B1_CD202_IRRIG_REPROD00006.asd;B1;CD202;IRRIG;D03M;manha;D03
svm;agrupado;todos;5;treino;455;B1_CD202_IRRIG_REPROD00007.asd;B1;CD202;IRRIG;D03M;manha;D03
svm;agrupado;todos;5;treino;456;B1_CD202_NIRRIG_REPROD00000.asd;B1;CD202;NIRRIG;D03M;manha;D03
svm;agrupado;todos;5;treino;457;B1_CD202_NIRRIG_REPROD00001.asd;B1;CD202;NIRRIG;D03M;manha;D03
svm;agrupado;todos;5;treino;458;B1_CD202_NIRRIG_REPROD00002.asd;B1;CD202;NIRRIG;D03M;manha;D03
svm;agrupado;todos;5;treino;459;B1_CD202_NIRRIG_REPROD00003.asd;B1;CD202;NIRRIG;D03M;manha;D03
svm;agrupado;todos;5;treino;460;B1_CD202_NIRRIG_REPROD00004.asd;B1;CD202;NIRRIG;D03M;manha;D03
svm;agrupado;todos;5;treino;461;B1_CD202_NIRRIG_REPROD00005.asd;B1;CD202;NIRRIG;D03M;manha;D03
svm;agrupado;todos;5;treino;462;B1_CD202_NIRRIG_REPROD00006.asd;B1;CD202;NIRRIG;D03M;manha;D03
svm;agrupado;todos;5;treino;463;B1_CD202_NIRRIG_REPROD00007.asd;B1;CD202;NIRRIG;D03M;manha;D03
svm;agrupado;todos;5;treino;464;B2_CD202_IRRIG_REPROD00000.asd;B2;CD202;IRRIG;D03M;manha;D03
svm;agrupado;todos;5;treino;465;B2_CD202_IRRIG_REPROD00001.asd;B2;CD202;IRRIG;D03M;manha;D03
svm;agrupado;todos;5;treino;466;B2_CD202_IRRIG_REPROD00002.asd;B2;CD202;IRRIG;D03M;manha;D03
svm;agrupado;todos;5;treino;467;B2_CD202_IRRIG_REPROD00003.asd;B2;CD202;IRRIG;D03M;manha;D03
svm;agrupado;todos;5;treino;468;B2_CD202_IRRIG_REPROD00004.asd;B2;CD202;IRRIG;D03M;manha;D03
svm;agrupado;todos;5;treino;469;B2_CD202_IRRIG_REPROD00005.asd;B2;CD202;IRRIG;D03M;manha;D03
svm;agrupado;todos;5;treino;470;B2_CD202_IRRIG_REPROD00006.asd;B2;CD202;IRRIG;D03M;manha;D03
svm;agrupado;todos;5;treino;471;B2_CD202_IRRIG_REPROD00007.asd;B2;CD202;IRRIG;D03M;manha;D03
svm;agrupado;todos;5;treino;472;B2_CD202_NIRRIG_REPROD00000.asd;B2;CD202;NIRRIG;D03M;manha;D03
svm;agrupado;todos;5;treino;473;B2_CD202_NIRRIG_REPROD00001.asd;B2;CD202;NIRRIG;D03M;manha;D03
svm;agrupado;todos;5;treino;474;B2_CD202_NIRRIG_REPROD00002.asd;B2;CD202;NIRRIG;D03M;manha;D03
svm;agrupado;todos;5;treino;476;B2_CD202_NIRRIG_REPROD00004.asd;B2;CD202;NIRRIG;D03M;manha;D03
svm;agrupado;todos;5;treino;478;B2_CD202_NIRRIG_REPROD00006.asd;B2;CD202;NIRRIG;D03M;manha;D03
svm;agrupado;todos;5;treino;479;B2_CD202_NIRRIG_REPROD00007.asd;B2;CD202;NIRRIG;D03M;manha;D03
svm;agrupado;todos;5;treino;480;B3_CD202_IRRIG_REPROD00000.asd;B3;CD202;IRRIG;D03M;manha;D03
svm;agrupado;todos;5;treino;481;B3_CD202_IRRIG_REPROD00001.asd;B3;CD202;IRRIG;D03M;manha;D03
svm;agrupado;todos;5;treino;482;B3_CD202_IRRIG_REPROD00002.asd;B3;CD202;IRRIG;D03M;manha;D03
svm;agrupado;todos;5;treino;483;B3_CD202_IRRIG_REPROD00003.asd;B3;CD202;IRRIG;D03M;manha;D03
svm;agrupado;todos;5;treino;486;B3_CD202_IRRIG_REPROD00006.asd;B3;CD202;IRRIG;D03M;manha;D03
svm;agrupado;todos;5;treino;488;B3_CD202_NIRRIG_REPROD00000.asd;B3;CD202;NIRRIG;D03M;manha;D03
svm;agrupado;todos;5;treino;489;B3_CD202_NIRRIG_REPROD00001.asd;B3;CD202;NIRRIG;D03M;manha;D03
svm;agrupado;todos;5;treino;491;B3_CD202_NIRRIG_REPROD00003.asd;B3;CD202;NIRRIG;D03M;manha;D03
svm;agrupado;todos;5;treino;492;B3_CD202_NIRRIG_REPROD00004.asd;B3;CD202;NIRRIG;D03M;manha;D03
svm;agrupado;todos;5;treino;493;B3_CD202_NIRRIG_REPROD00005.asd;B3;CD202;NIRRIG;D03M;manha;D03
svm;agrupado;todos;5;treino;494;B3_CD202_NIRRIG_REPROD00006.asd;B3;CD202;NIRRIG;D03M;manha;D03
svm;agrupado;todos;5;treino;495;B3_CD202_NIRRIG_REPROD00007.asd;B3;CD202;NIRRIG;D03M;manha;D03
svm;agrupado;todos;5;treino;496;B4_CD202_IRRIG_REPROD00000.asd;B4;CD202;IRRIG;D03M;manha;D03
svm;agrupado;todos;5;treino;497;B4_CD202_IRRIG_REPROD00001.asd;B4;CD202;IRRIG;D03M;manha;D03
svm;agrupado;todos;5;treino;499;B4_CD202_IRRIG_REPROD00003.asd;B4;CD202;IRRIG;D03M;manha;D03
svm;agrupado;todos;5;treino;500;B4_CD202_IRRIG_REPROD00004.asd;B4;CD202;IRRIG;D03M;manha;D03
svm;agrupado;todos;5;treino;501;B4_CD202_IRRIG_REPROD00005.asd;B4;CD202;IRRIG;D03M;manha;D03
svm;agrupado;todos;5;treino;502;B4_CD202_IRRIG_REPROD00006.asd;B4;CD202;IRRIG;D03M;manha;D03
svm;agrupado;todos;5;treino;504;B4_CD202_NIRRIG_REPROD00000.asd;B4;CD202;NIRRIG;D03M;manha;D03
svm;agrupado;todos;5;treino;505;B4_CD202_NIRRIG_REPROD00001.asd;B4;CD202;NIRRIG;D03M;manha;D03
svm;agrupado;todos;5;treino;507;B4_CD202_NIRRIG_REPROD00003.asd;B4;CD202;NIRRIG;D03M;manha;D03
svm;agrupado;todos;5;treino;508;B4_CD202_NIRRIG_REPROD00004.asd;B4;CD202;NIRRIG;D03M;manha;D03
svm;agrupado;todos;5;treino;510;B4_CD202_NIRRIG_REPROD00006.asd;B4;CD202;NIRRIG;D03M;manha;D03
svm;agrupado;todos;5;treino;511;B4_CD202_NIRRIG_REPROD00007.asd;B4;CD202;NIRRIG;D03M;manha;D03
svm;agrupado;todos;5;treino;512;B1_EMB48_IRRIG_REPROD00000.asd;B1;EMB48;IRRIG;D03M;manha;D03
svm;agrupado;todos;5;treino;513;B1_EMB48_IRRIG_REPROD00001.asd;B1;EMB48;IRRIG;D03M;manha;D03
svm;agrupado;todos;5;treino;514;B1_EMB48_IRRIG_REPROD00002.asd;B1;EMB48;IRRIG;D03M;manha;D03
svm;agrupado;todos;5;treino;515;B1_EMB48_IRRIG_REPROD00003.asd;B1;EMB48;IRRIG;D03M;manha;D03
svm;agrupado;todos;5;treino;516;B1_EMB48_IRRIG_REPROD00004.asd;B1;EMB48;IRRIG;D03M;manha;D03
svm;agrupado;todos;5;treino;518;B1_EMB48_IRRIG_REPROD00006.asd;B1;EMB48;IRRIG;D03M;manha;D03
svm;agrupado;todos;5;treino;519;B1_EMB48_IRRIG_REPROD00007.asd;B1;EMB48;IRRIG;D03M;manha;D03
svm;agrupado;todos;5;treino;520;B1_EMB48_NIRRIG_REPROD00000.asd;B1;EMB48;NIRRIG;D03M;manha;D03
svm;agrupado;todos;5;treino;521;B1_EMB48_NIRRIG_REPROD00001.asd;B1;EMB48;NIRRIG;D03M;manha;D03
svm;agrupado;todos;5;treino;522;B1_EMB48_NIRRIG_REPROD00002.asd;B1;EMB48;NIRRIG;D03M;manha;D03
svm;agrupado;todos;5;treino;523;B1_EMB48_NIRRIG_REPROD00003.asd;B1;EMB48;NIRRIG;D03M;manha;D03
svm;agrupado;todos;5;treino;524;B1_EMB48_NIRRIG_REPROD00004.asd;B1;EMB48;NIRRIG;D03M;manha;D03
svm;agrupado;todos;5;treino;525;B1_EMB48_NIRRIG_REPROD00005.asd;B1;EMB48;NIRRIG;D03M;manha;D03
svm;agrupado;todos;5;treino;526;B1_EMB48_NIRRIG_REPROD00006.asd;B1;EMB48;NIRRIG;D03M;manha;D03
svm;agrupado;todos;5;treino;527;B1_EMB48_NIRRIG_REPROD00007.asd;B1;EMB48;NIRRIG;D03M;manha;D03
svm;agrupado;todos;5;treino;530;B2_EMB48_IRRIG_REPROD00002.asd;B2;EMB48;IRRIG;D03M;manha;D03
svm;agrupado;todos;5;treino;531;B2_EMB48_IRRIG_REPROD00003.asd;B2;EMB48;IRRIG;D03M;manha;D03
svm;agrupado;todos;5;treino;533;B2_EMB48_IRRIG_REPROD00005.asd;B2;EMB48;IRRIG;D03M;manha;D03
svm;agrupado;todos;5;treino;534;B2_EMB48_IRRIG_REPROD00006.asd;B2;EMB48;IRRIG;D03M;manha;D03
svm;agrupado;todos;5;treino;535;B2_EMB48_IRRIG_REPROD00007.asd;B2;EMB48;IRRIG;D03M;manha;D03
svm;agrupado;todos;5;treino;538;B2_EMB48_NIRRIG_REPROD00002.asd;B2;EMB48;NIRRIG;D03M;manha;D03
svm;agrupado;todos;5;treino;539;B2_EMB48_NIRRIG_REPROD00003.asd;B2;EMB48;NIRRIG;D03M;manha;D03
svm;agrupado;todos;5;treino;540;B2_EMB48_NIRRIG_REPROD00004.asd;B2;EMB48;NIRRIG;D03M;manha;D03
svm;agrupado;todos;5;treino;541;B2_EMB48_NIRRIG_REPROD00005.asd;B2;EMB48;NIRRIG;D03M;manha;D03
svm;agrupado;todos;5;treino;542;B2_EMB48_NIRRIG_REPROD00006.asd;B2;EMB48;NIRRIG;D03M;manha;D03
svm;agrupado;todos;5;treino;543;B2_EMB48_NIRRIG_REPROD00007.asd;B2;EMB48;NIRRIG;D03M;manha;D03
svm;agrupado;todos;5;treino;544;B3_EMB48_IRRIG_REPROD00000.asd;B3;EMB48;IRRIG;D03M;manha;D03
svm;agrupado;todos;5;treino;546;B3_EMB48_IRRIG_REPROD00002.asd;B3;EMB48;IRRIG;D03M;manha;D03
svm;agrupado;todos;5;treino;547;B3_EMB48_IRRIG_REPROD00003.asd;B3;EMB48;IRRIG;D03M;manha;D03
svm;agrupado;todos;5;treino;549;B3_EMB48_IRRIG_REPROD00005.asd;B3;EMB48;IRRIG;D03M;manha;D03
svm;agrupado;todos;5;treino;550;B3_EMB48_IRRIG_REPROD00006.asd;B3;EMB48;IRRIG;D03M;manha;D03
svm;agrupado;todos;5;treino;551;B3_EMB48_IRRIG_REPROD00007.asd;B3;EMB48;IRRIG;D03M;manha;D03
svm;agrupado;todos;5;treino;552;B3_EMB48_NIRRIG_REPROD00000.asd;B3;EMB48;NIRRIG;D03M;manha;D03
svm;agrupado;todos;5;treino;553;B3_EMB48_NIRRIG_REPROD00001.asd;B3;EMB48;NIRRIG;D03M;manha;D03
svm;agrupado;todos;5;treino;555;B3_EMB48_NIRRIG_REPROD00003.asd;B3;EMB48;NIRRIG;D03M;manha;D03
svm;agrupado;todos;5;treino;556;B3_EMB48_NIRRIG_REPROD00004.asd;B3;EMB48;NIRRIG;D03M;manha;D03
svm;agrupado;todos;5;treino;557;B3_EMB48_NIRRIG_REPROD00005.asd;B3;EMB48;NIRRIG;D03M;manha;D03
svm;agrupado;todos;5;treino;558;B3_EMB48_NIRRIG_REPROD00006.asd;B3;EMB48;NIRRIG;D03M;manha;D03
svm;agrupado;todos;5;treino;559;B3_EMB48_NIRRIG_REPROD00007.asd;B3;EMB48;NIRRIG;D03M;manha;D03
svm;agrupado;todos;5;treino;561;B4_EMB48_IRRIG_REPROD00001.asd;B4;EMB48;IRRIG;D03M;manha;D03
svm;agrupado;todos;5;treino;563;B4_EMB48_IRRIG_REPROD00003.asd;B4;EMB48;IRRIG;D03M;manha;D03
svm;agrupado;todos;5;treino;564;B4_EMB48_IRRIG_REPROD00004.asd;B4;EMB48;IRRIG;D03M;manha;D03
svm;agrupado;todos;5;treino;566;B4_EMB48_IRRIG_REPROD00006.asd;B4;EMB48;IRRIG;D03M;manha;D03
svm;agrupado;todos;5;treino;567;B4_EMB48_IRRIG_REPROD00007.asd;B4;EMB48;IRRIG;D03M;manha;D03
svm;agrupado;todos;5;treino;568;B4_EMB48_NIRRIG_REPROD00000.asd;B4;EMB48;NIRRIG;D03M;manha;D03
svm;agrupado;todos;5;treino;569;B4_EMB48_NIRRIG_REPROD00001.asd;B4;EMB48;NIRRIG;D03M;manha;D03
svm;agrupado;todos;5;treino;570;B4_EMB48_NIRRIG_REPROD00002.asd;B4;EMB48;NIRRIG;D03M;manha;D03
svm;agrupado;todos;5;treino;571;B4_EMB48_NIRRIG_REPROD00003.asd;B4;EMB48;NIRRIG;D03M;manha;D03
svm;agrupado;todos;5;treino;572;B4_EMB48_NIRRIG_REPROD00004.asd;B4;EMB48;NIRRIG;D03M;manha;D03
svm;agrupado;todos;5;treino;573;B4_EMB48_NIRRIG_REPROD00005.asd;B4;EMB48;NIRRIG;D03M;manha;D03
svm;agrupado;todos;5;treino;574;B4_EMB48_NIRRIG_REPROD00006.asd;B4;EMB48;NIRRIG;D03M;manha;D03
svm;agrupado;todos;5;treino;575;B4_EMB48_NIRRIG_REPROD00007.asd;B4;EMB48;NIRRIG;D03M;manha;D03
svm;agrupado;todos;5;treino;576;B1_BR16_IRRIG_REPROD00000.asd;B1;BR16;IRRIG;D03T;tarde;D03
svm;agrupado;todos;5;treino;577;B1_BR16_IRRIG_REPROD00001.asd;B1;BR16;IRRIG;D03T;tarde;D03
svm;agrupado;todos;5;treino;578;B1_BR16_IRRIG_REPROD00002.asd;B1;BR16;IRRIG;D03T;tarde;D03
svm;agrupado;todos;5;treino;579;B1_BR16_IRRIG_REPROD00003.asd;B1;BR16;IRRIG;D03T;tarde;D03
svm;agrupado;todos;5;treino;580;B1_BR16_IRRIG_REPROD00004.asd;B1;BR16;IRRIG;D03T;tarde;D03
svm;agrupado;todos;5;treino;581;B1_BR16_IRRIG_REPROD00005.asd;B1;BR16;IRRIG;D03T;tarde;D03
svm;agrupado;todos;5;treino;582;B1_BR16_IRRIG_REPROD00006.asd;B1;BR16;IRRIG;D03T;tarde;D03
svm;agrupado;todos;5;treino;583;B1_BR16_IRRIG_REPROD00007.asd;B1;BR16;IRRIG;D03T;tarde;D03
svm;agrupado;todos;5;treino;585;B1_BR16_NIRRIG_REPROD00001.asd;B1;BR16;NIRRIG;D03T;tarde;D03
svm;agrupado;todos;5;treino;586;B1_BR16_NIRRIG_REPROD00002.asd;B1;BR16;NIRRIG;D03T;tarde;D03
svm;agrupado;todos;5;treino;587;B1_BR16_NIRRIG_REPROD00003.asd;B1;BR16;NIRRIG;D03T;tarde;D03
svm;agrupado;todos;5;treino;591;B1_BR16_NIRRIG_REPROD00007.asd;B1;BR16;NIRRIG;D03T;tarde;D03
svm;agrupado;todos;5;treino;593;B2_BR16_IRRIG_REPROD00001.asd;B2;BR16;IRRIG;D03T;tarde;D03
svm;agrupado;todos;5;treino;594;B2_BR16_IRRIG_REPROD00002.asd;B2;BR16;IRRIG;D03T;tarde;D03
svm;agrupado;todos;5;treino;596;B2_BR16_IRRIG_REPROD00004.asd;B2;BR16;IRRIG;D03T;tarde;D03
svm;agrupado;todos;5;treino;597;B2_BR16_IRRIG_REPROD00005.asd;B2;BR16;IRRIG;D03T;tarde;D03
svm;agrupado;todos;5;treino;598;B2_BR16_IRRIG_REPROD00006.asd;B2;BR16;IRRIG;D03T;tarde;D03
svm;agrupado;todos;5;treino;599;B2_BR16_IRRIG_REPROD00007.asd;B2;BR16;IRRIG;D03T;tarde;D03
svm;agrupado;todos;5;treino;600;B2_BR16_NIRRIG_REPROD00000.asd;B2;BR16;NIRRIG;D03T;tarde;D03
svm;agrupado;todos;5;treino;601;B2_BR16_NIRRIG_REPROD00001.asd;B2;BR16;NIRRIG;D03T;tarde;D03
svm;agrupado;todos;5;treino;603;B2_BR16_NIRRIG_REPROD00003.asd;B2;BR16;NIRRIG;D03T;tarde;D03
svm;agrupado;todos;5;treino;604;B2_BR16_NIRRIG_REPROD00004.asd;B2;BR16;NIRRIG;D03T;tarde;D03
svm;agrupado;todos;5;treino;605;B2_BR16_NIRRIG_REPROD00005.asd;B2;BR16;NIRRIG;D03T;tarde;D03
svm;agrupado;todos;5;treino;607;B2_BR16_NIRRIG_REPROD00007.asd;B2;BR16;NIRRIG;D03T;tarde;D03
svm;agrupado;todos;5;treino;608;B3_BR16_IRRIG_REPROD00000.asd;B3;BR16;IRRIG;D03T;tarde;D03
svm;agrupado;todos;5;treino;609;B3_BR16_IRRIG_REPROD00001.asd;B3;BR16;IRRIG;D03T;tarde;D03
svm;agrupado;todos;5;treino;610;B3_BR16_IRRIG_REPROD00002.asd;B3;BR16;IRRIG;D03T;tarde;D03
svm;agrupado;todos;5;treino;611;B3_BR16_IRRIG_REPROD00003.asd;B3;BR16;IRRIG;D03T;tarde;D03
svm;agrupado;todos;5;treino;612;B3_BR16_IRRIG_REPROD00004.asd;B3;BR16;IRRIG;D03T;tarde;D03
svm;agrupado;todos;5;treino;614;B3_BR16_IRRIG_REPROD00006.asd;B3;BR16;IRRIG;D03T;tarde;D03
svm;agrupado;todos;5;treino;615;B3_BR16_IRRIG_REPROD00007.asd;B3;BR16;IRRIG;D03T;tarde;D03
svm;agrupado;todos;5;treino;616;B3_BR16_NIRRIG_REPROD00000.asd;B3;BR16;NIRRIG;D03T;tarde;D03
svm;agrupado;todos;5;treino;618;B3_BR16_NIRRIG_REPROD00002.asd;B3;BR16;NIRRIG;D03T;tarde;D03
svm;agrupado;todos;5;treino;619;B3_BR16_NIRRIG_REPROD00003.asd;B3;BR16;NIRRIG;D03T;tarde;D03
svm;agrupado;todos;5;treino;620;B3_BR16_NIRRIG_REPROD00004.asd;B3;BR16;NIRRIG;D03T;tarde;D03
svm;agrupado;todos;5;treino;622;B3_BR16_NIRRIG_REPROD00006.asd;B3;BR16;NIRRIG;D03T;tarde;D03
svm;agrupado;todos;5;treino;624;B4_BR16_IRRIG_REPROD00000.asd;B4;BR16;IRRIG;D03T;tarde;D03
svm;agrupado;todos;5;treino;625;B4_BR16_IRRIG_REPROD00001.asd;B4;BR16;IRRIG;D03T;tarde;D03
svm;agrupado;todos;5;treino;626;B4_BR16_IRRIG_REPROD00002.asd;B4;BR16;IRRIG;D03T;tarde;D03
svm;agrupado;todos;5;treino;628;B4_BR16_IRRIG_REPROD00004.asd;B4;BR16;IRRIG;D03T;tarde;D03
svm;agrupado;todos;5;treino;629;B4_BR16_IRRIG_REPROD00005.asd;B4;BR16;IRRIG;D03T;tarde;D03
svm;agrupado;todos;5;treino;630;B4_BR16_IRRIG_REPROD00006.asd;B4;BR16;IRRIG;D03T;tarde;D03
svm;agrupado;todos;5;treino;631;B4_BR16_IRRIG_REPROD00007.asd;B4;BR16;IRRIG;D03T;tarde;D03
svm;agrupado;todos;5;treino;634;B4_BR16_NIRRIG_REPROD00002.asd;B4;BR16;NIRRIG;D03T;tarde;D03
svm;agrupado;todos;5;treino;635;B4_BR16_NIRRIG_REPROD00003.asd;B4;BR16;NIRRIG;D03T;tarde;D03
svm;agrupado;todos;5;treino;636;B4_BR16_NIRRIG_REPROD00004.asd;B4;BR16;NIRRIG;D03T;tarde;D03
svm;agrupado;todos;5;treino;637;B4_BR16_NIRRIG_REPROD00005.asd;B4;BR16;NIRRIG;D03T;tarde;D03
svm;agrupado;todos;5;treino;638;B4_BR16_NIRRIG_REPROD00006.asd;B4;BR16;NIRRIG;D03T;tarde;D03
svm;agrupado;todos;5;treino;639;B4_BR16_NIRRIG_REPROD00007.asd;B4;BR16;NIRRIG;D03T;tarde;D03
svm;agrupado;todos;5;treino;640;B1_CD202_IRRIG_REPROD00000.asd;B1;CD202;IRRIG;D03T;tarde;D03
svm;agrupado;todos;5;treino;641;B1_CD202_IRRIG_REPROD00001.asd;B1;CD202;IRRIG;D03T;tarde;D03
svm;agrupado;todos;5;treino;643;B1_CD202_IRRIG_REPROD00003.asd;B1;CD202;IRRIG;D03T;tarde;D03
svm;agrupado;todos;5;treino;644;B1_CD202_IRRIG_REPROD00004.asd;B1;CD202;IRRIG;D03T;tarde;D03
svm;agrupado;todos;5;treino;645;B1_CD202_IRRIG_REPROD00005.asd;B1;CD202;IRRIG;D03T;tarde;D03
svm;agrupado;todos;5;treino;646;B1_CD202_IRRIG_REPROD00006.asd;B1;CD202;IRRIG;D03T;tarde;D03
svm;agrupado;todos;5;treino;647;B1_CD202_IRRIG_REPROD00007.asd;B1;CD202;IRRIG;D03T;tarde;D03
svm;agrupado;todos;5;treino;648;B1_CD202_NIRRIG_REPROD00000.asd;B1;CD202;NIRRIG;D03T;tarde;D03
svm;agrupado;todos;5;treino;649;B1_CD202_NIRRIG_REPROD00001.asd;B1;CD202;NIRRIG;D03T;tarde;D03
svm;agrupado;todos;5;treino;650;B1_CD202_NIRRIG_REPROD00002.asd;B1;CD202;NIRRIG;D03T;tarde;D03
svm;agrupado;todos;5;treino;651;B1_CD202_NIRRIG_REPROD00003.asd;B1;CD202;NIRRIG;D03T;tarde;D03
svm;agrupado;todos;5;treino;652;B1_CD202_NIRRIG_REPROD00004.asd;B1;CD202;NIRRIG;D03T;tarde;D03
svm;agrupado;todos;5;treino;653;B1_CD202_NIRRIG_REPROD00005.asd;B1;CD202;NIRRIG;D03T;tarde;D03
svm;agrupado;todos;5;treino;654;B1_CD202_NIRRIG_REPROD00006.asd;B1;CD202;NIRRIG;D03T;tarde;D03
svm;agrupado;todos;5;treino;655;B1_CD202_NIRRIG_REPROD00007.asd;B1;CD202;NIRRIG;D03T;tarde;D03
svm;agrupado;todos;5;treino;656;B2_CD202_IRRIG_REPROD00000.asd;B2;CD202;IRRIG;D03T;tarde;D03
svm;agrupado;todos;5;treino;657;B2_CD202_IRRIG_REPROD00001.asd;B2;CD202;IRRIG;D03T;tarde;D03
svm;agrupado;todos;5;treino;658;B2_CD202_IRRIG_REPROD00002.asd;B2;CD202;IRRIG;D03T;tarde;D03
svm;agrupado;todos;5;treino;659;B2_CD202_IRRIG_REPROD00003.asd;B2;CD202;IRRIG;D03T;tarde;D03
svm;agrupado;todos;5;treino;660;B2_CD202_IRRIG_REPROD00004.asd;B2;CD202;IRRIG;D03T;tarde;D03
svm;agrupado;todos;5;treino;661;B2_CD202_IRRIG_REPROD00005.asd;B2;CD202;IRRIG;D03T;tarde;D03
svm;agrupado;todos;5;treino;662;B2_CD202_IRRIG_REPROD00006.asd;B2;CD202;IRRIG;D03T;tarde;D03
svm;agrupado;todos;5;treino;663;B2_CD202_IRRIG_REPROD00007.asd;B2;CD202;IRRIG;D03T;tarde;D03
svm;agrupado;todos;5;treino;664;B2_CD202_NIRRIG_REPROD00000.asd;B2;CD202;NIRRIG;D03T;tarde;D03
svm;agrupado;todos;5;treino;665;B2_CD202_NIRRIG_REPROD00001.asd;B2;CD202;NIRRIG;D03T;tarde;D03
svm;agrupado;todos;5;treino;666;B2_CD202_NIRRIG_REPROD00002.asd;B2;CD202;NIRRIG;D03T;tarde;D03
svm;agrupado;todos;5;treino;668;B2_CD202_NIRRIG_REPROD00004.asd;B2;CD202;NIRRIG;D03T;tarde;D03
svm;agrupado;todos;5;treino;670;B2_CD202_NIRRIG_REPROD00006.asd;B2;CD202;NIRRIG;D03T;tarde;D03
svm;agrupado;todos;5;treino;671;B2_CD202_NIRRIG_REPROD00007.asd;B2;CD202;NIRRIG;D03T;tarde;D03
svm;agrupado;todos;5;treino;672;B3_CD202_IRRIG_REPROD00000.asd;B3;CD202;IRRIG;D03T;tarde;D03
svm;agrupado;todos;5;treino;673;B3_CD202_IRRIG_REPROD00001.asd;B3;CD202;IRRIG;D03T;tarde;D03
svm;agrupado;todos;5;treino;674;B3_CD202_IRRIG_REPROD00002.asd;B3;CD202;IRRIG;D03T;tarde;D03
svm;agrupado;todos;5;treino;675;B3_CD202_IRRIG_REPROD00003.asd;B3;CD202;IRRIG;D03T;tarde;D03
svm;agrupado;todos;5;treino;678;B3_CD202_IRRIG_REPROD00006.asd;B3;CD202;IRRIG;D03T;tarde;D03
svm;agrupado;todos;5;treino;680;B3_CD202_NIRRIG_REPROD00000.asd;B3;CD202;NIRRIG;D03T;tarde;D03
svm;agrupado;todos;5;treino;681;B3_CD202_NIRRIG_REPROD00001.asd;B3;CD202;NIRRIG;D03T;tarde;D03
svm;agrupado;todos;5;treino;683;B3_CD202_NIRRIG_REPROD00003.asd;B3;CD202;NIRRIG;D03T;tarde;D03
svm;agrupado;todos;5;treino;684;B3_CD202_NIRRIG_REPROD00004.asd;B3;CD202;NIRRIG;D03T;tarde;D03
svm;agrupado;todos;5;treino;685;B3_CD202_NIRRIG_REPROD00005.asd;B3;CD202;NIRRIG;D03T;tarde;D03
svm;agrupado;todos;5;treino;686;B3_CD202_NIRRIG_REPROD00006.asd;B3;CD202;NIRRIG;D03T;tarde;D03
svm;agrupado;todos;5;treino;687;B3_CD202_NIRRIG_REPROD00007.asd;B3;CD202;NIRRIG;D03T;tarde;D03
svm;agrupado;todos;5;treino;688;B4_CD202_IRRIG_REPROD00000.asd;B4;CD202;IRRIG;D03T;tarde;D03
svm;agrupado;todos;5;treino;689;B4_CD202_IRRIG_REPROD00001.asd;B4;CD202;IRRIG;D03T;tarde;D03
svm;agrupado;todos;5;treino;691;B4_CD202_IRRIG_REPROD00003.asd;B4;CD202;IRRIG;D03T;tarde;D03
svm;agrupado;todos;5;treino;692;B4_CD202_IRRIG_REPROD00004.asd;B4;CD202;IRRIG;D03T;tarde;D03
svm;agrupado;todos;5;treino;693;B4_CD202_IRRIG_REPROD00005.asd;B4;CD202;IRRIG;D03T;tarde;D03
svm;agrupado;todos;5;treino;694;B4_CD202_IRRIG_REPROD00006.asd;B4;CD202;IRRIG;D03T;tarde;D03
svm;agrupado;todos;5;treino;696;B4_CD202_NIRRIG_REPROD00000.asd;B4;CD202;NIRRIG;D03T;tarde;D03
svm;agrupado;todos;5;treino;697;B4_CD202_NIRRIG_REPROD00001.asd;B4;CD202;NIRRIG;D03T;tarde;D03
svm;agrupado;todos;5;treino;699;B4_CD202_NIRRIG_REPROD00003.asd;B4;CD202;NIRRIG;D03T;tarde;D03
svm;agrupado;todos;5;treino;700;B4_CD202_NIRRIG_REPROD00004.asd;B4;CD202;NIRRIG;D03T;tarde;D03
svm;agrupado;todos;5;treino;702;B4_CD202_NIRRIG_REPROD00006.asd;B4;CD202;NIRRIG;D03T;tarde;D03
svm;agrupado;todos;5;treino;703;B4_CD202_NIRRIG_REPROD00007.asd;B4;CD202;NIRRIG;D03T;tarde;D03
svm;agrupado;todos;5;treino;704;B1_EMB48_IRRIG_REPROD00000.asd;B1;EMB48;IRRIG;D03T;tarde;D03
svm;agrupado;todos;5;treino;705;B1_EMB48_IRRIG_REPROD00001.asd;B1;EMB48;IRRIG;D03T;tarde;D03
svm;agrupado;todos;5;treino;706;B1_EMB48_IRRIG_REPROD00002.asd;B1;EMB48;IRRIG;D03T;tarde;D03
svm;agrupado;todos;5;treino;707;B1_EMB48_IRRIG_REPROD00003.asd;B1;EMB48;IRRIG;D03T;tarde;D03
svm;agrupado;todos;5;treino;708;B1_EMB48_IRRIG_REPROD00004.asd;B1;EMB48;IRRIG;D03T;tarde;D03
svm;agrupado;todos;5;treino;710;B1_EMB48_IRRIG_REPROD00006.asd;B1;EMB48;IRRIG;D03T;tarde;D03
svm;agrupado;todos;5;treino;711;B1_EMB48_IRRIG_REPROD00007.asd;B1;EMB48;IRRIG;D03T;tarde;D03
svm;agrupado;todos;5;treino;712;B1_EMB48_NIRRIG_REPROD00000.asd;B1;EMB48;NIRRIG;D03T;tarde;D03
svm;agrupado;todos;5;treino;713;B1_EMB48_NIRRIG_REPROD00001.asd;B1;EMB48;NIRRIG;D03T;tarde;D03
svm;agrupado;todos;5;treino;714;B1_EMB48_NIRRIG_REPROD00002.asd;B1;EMB48;NIRRIG;D03T;tarde;D03
svm;agrupado;todos;5;treino;715;B1_EMB48_NIRRIG_REPROD00003.asd;B1;EMB48;NIRRIG;D03T;tarde;D03
svm;agrupado;todos;5;treino;716;B1_EMB48_NIRRIG_REPROD00004.asd;B1;EMB48;NIRRIG;D03T;tarde;D03
svm;agrupado;todos;5;treino;717;B1_EMB48_NIRRIG_REPROD00005.asd;B1;EMB48;NIRRIG;D03T;tarde;D03
svm;agrupado;todos;5;treino;718;B1_EMB48_NIRRIG_REPROD00006.asd;B1;EMB48;NIRRIG;D03T;tarde;D03
svm;agrupado;todos;5;treino;719;B1_EMB48_NIRRIG_REPROD00007.asd;B1;EMB48;NIRRIG;D03T;tarde;D03
svm;agrupado;todos;5;treino;722;B2_EMB48_IRRIG_REPROD00002.asd;B2;EMB48;IRRIG;D03T;tarde;D03
svm;agrupado;todos;5;treino;723;B2_EMB48_IRRIG_REPROD00003.asd;B2;EMB48;IRRIG;D03T;tarde;D03
svm;agrupado;todos;5;treino;725;B2_EMB48_IRRIG_REPROD00005.asd;B2;EMB48;IRRIG;D03T;tarde;D03
svm;agrupado;todos;5;treino;726;B2_EMB48_IRRIG_REPROD00006.asd;B2;EMB48;IRRIG;D03T;tarde;D03
svm;agrupado;todos;5;treino;727;B2_EMB48_IRRIG_REPROD00007.asd;B2;EMB48;IRRIG;D03T;tarde;D03
svm;agrupado;todos;5;treino;730;B2_EMB48_NIRRIG_REPROD00002.asd;B2;EMB48;NIRRIG;D03T;tarde;D03
svm;agrupado;todos;5;treino;731;B2_EMB48_NIRRIG_REPROD00003.asd;B2;EMB48;NIRRIG;D03T;tarde;D03
svm;agrupado;todos;5;treino;732;B2_EMB48_NIRRIG_REPROD00004.asd;B2;EMB48;NIRRIG;D03T;tarde;D03
svm;agrupado;todos;5;treino;733;B2_EMB48_NIRRIG_REPROD00005.asd;B2;EMB48;NIRRIG;D03T;tarde;D03
svm;agrupado;todos;5;treino;734;B2_EMB48_NIRRIG_REPROD00006.asd;B2;EMB48;NIRRIG;D03T;tarde;D03
svm;agrupado;todos;5;treino;735;B2_EMB48_NIRRIG_REPROD00007.asd;B2;EMB48;NIRRIG;D03T;tarde;D03
svm;agrupado;todos;5;treino;736;B3_EMB48_IRRIG_REPROD00000.asd;B3;EMB48;IRRIG;D03T;tarde;D03
svm;agrupado;todos;5;treino;738;B3_EMB48_IRRIG_REPROD00002.asd;B3;EMB48;IRRIG;D03T;tarde;D03
svm;agrupado;todos;5;treino;739;B3_EMB48_IRRIG_REPROD00003.asd;B3;EMB48;IRRIG;D03T;tarde;D03
svm;agrupado;todos;5;treino;741;B3_EMB48_IRRIG_REPROD00005.asd;B3;EMB48;IRRIG;D03T;tarde;D03
svm;agrupado;todos;5;treino;742;B3_EMB48_IRRIG_REPROD00006.asd;B3;EMB48;IRRIG;D03T;tarde;D03
svm;agrupado;todos;5;treino;743;B3_EMB48_IRRIG_REPROD00007.asd;B3;EMB48;IRRIG;D03T;tarde;D03
svm;agrupado;todos;5;treino;744;B3_EMB48_NIRRIG_REPROD00000.asd;B3;EMB48;NIRRIG;D03T;tarde;D03
svm;agrupado;todos;5;treino;745;B3_EMB48_NIRRIG_REPROD00001.asd;B3;EMB48;NIRRIG;D03T;tarde;D03
svm;agrupado;todos;5;treino;747;B3_EMB48_NIRRIG_REPROD00003.asd;B3;EMB48;NIRRIG;D03T;tarde;D03
svm;agrupado;todos;5;treino;748;B3_EMB48_NIRRIG_REPROD00004.asd;B3;EMB48;NIRRIG;D03T;tarde;D03
svm;agrupado;todos;5;treino;749;B3_EMB48_NIRRIG_REPROD00005.asd;B3;EMB48;NIRRIG;D03T;tarde;D03
svm;agrupado;todos;5;treino;750;B3_EMB48_NIRRIG_REPROD00006.asd;B3;EMB48;NIRRIG;D03T;tarde;D03
svm;agrupado;todos;5;treino;751;B3_EMB48_NIRRIG_REPROD00007.asd;B3;EMB48;NIRRIG;D03T;tarde;D03
svm;agrupado;todos;5;treino;753;B4_EMB48_IRRIG_REPROD00001.asd;B4;EMB48;IRRIG;D03T;tarde;D03
svm;agrupado;todos;5;treino;755;B4_EMB48_IRRIG_REPROD00003.asd;B4;EMB48;IRRIG;D03T;tarde;D03
svm;agrupado;todos;5;treino;756;B4_EMB48_IRRIG_REPROD00004.asd;B4;EMB48;IRRIG;D03T;tarde;D03
svm;agrupado;todos;5;treino;758;B4_EMB48_IRRIG_REPROD00006.asd;B4;EMB48;IRRIG;D03T;tarde;D03
svm;agrupado;todos;5;treino;759;B4_EMB48_IRRIG_REPROD00007.asd;B4;EMB48;IRRIG;D03T;tarde;D03
svm;agrupado;todos;5;treino;760;B4_EMB48_NIRRIG_REPROD00000.asd;B4;EMB48;NIRRIG;D03T;tarde;D03
svm;agrupado;todos;5;treino;761;B4_EMB48_NIRRIG_REPROD00001.asd;B4;EMB48;NIRRIG;D03T;tarde;D03
svm;agrupado;todos;5;treino;762;B4_EMB48_NIRRIG_REPROD00002.asd;B4;EMB48;NIRRIG;D03T;tarde;D03
svm;agrupado;todos;5;treino;763;B4_EMB48_NIRRIG_REPROD00003.asd;B4;EMB48;NIRRIG;D03T;tarde;D03
svm;agrupado;todos;5;treino;764;B4_EMB48_NIRRIG_REPROD00004.asd;B4;EMB48;NIRRIG;D03T;tarde;D03
svm;agrupado;todos;5;treino;765;B4_EMB48_NIRRIG_REPROD00005.asd;B4;EMB48;NIRRIG;D03T;tarde;D03
svm;agrupado;todos;5;treino;766;B4_EMB48_NIRRIG_REPROD00006.asd;B4;EMB48;NIRRIG;D03T;tarde;D03
svm;agrupado;todos;5;treino;767;B4_EMB48_NIRRIG_REPROD00007.asd;B4;EMB48;NIRRIG;D03T;tarde;D03
svm;agrupado;todos;5;treino;768;B1_BR16_IRRIG_REPROD00000.asd;B1;BR16;IRRIG;D04M;manha;D04
svm;agrupado;todos;5;treino;769;B1_BR16_IRRIG_REPROD00001.asd;B1;BR16;IRRIG;D04M;manha;D04
svm;agrupado;todos;5;treino;770;B1_BR16_IRRIG_REPROD00002.asd;B1;BR16;IRRIG;D04M;manha;D04
svm;agrupado;todos;5;treino;771;B1_BR16_IRRIG_REPROD00003.asd;B1;BR16;IRRIG;D04M;manha;D04
svm;agrupado;todos;5;treino;772;B1_BR16_IRRIG_REPROD00004.asd;B1;BR16;IRRIG;D04M;manha;D04
svm;agrupado;todos;5;treino;773;B1_BR16_IRRIG_REPROD00005.asd;B1;BR16;IRRIG;D04M;manha;D04
svm;agrupado;todos;5;treino;774;B1_BR16_IRRIG_REPROD00006.asd;B1;BR16;IRRIG;D04M;manha;D04
svm;agrupado;todos;5;treino;775;B1_BR16_IRRIG_REPROD00007.asd;B1;BR16;IRRIG;D04M;manha;D04
svm;agrupado;todos;5;treino;777;B1_BR16_NIRRIG_REPROD00001.asd;B1;BR16;NIRRIG;D04M;manha;D04
svm;agrupado;todos;5;treino;778;B1_BR16_NIRRIG_REPROD00002.asd;B1;BR16;NIRRIG;D04M;manha;D04
svm;agrupado;todos;5;treino;779;B1_BR16_NIRRIG_REPROD00003.asd;B1;BR16;NIRRIG;D04M;manha;D04
svm;agrupado;todos;5;treino;783;B1_BR16_NIRRIG_REPROD00007.asd;B1;BR16;NIRRIG;D04M;manha;D04
svm;agrupado;todos;5;treino;785;B2_BR16_IRRIG_REPROD00001.asd;B2;BR16;IRRIG;D04M;manha;D04
svm;agrupado;todos;5;treino;786;B2_BR16_IRRIG_REPROD00002.asd;B2;BR16;IRRIG;D04M;manha;D04
svm;agrupado;todos;5;treino;788;B2_BR16_IRRIG_REPROD00004.asd;B2;BR16;IRRIG;D04M;manha;D04
svm;agrupado;todos;5;treino;789;B2_BR16_IRRIG_REPROD00005.asd;B2;BR16;IRRIG;D04M;manha;D04
svm;agrupado;todos;5;treino;790;B2_BR16_IRRIG_REPROD00006.asd;B2;BR16;IRRIG;D04M;manha;D04
svm;agrupado;todos;5;treino;791;B2_BR16_IRRIG_REPROD00007.asd;B2;BR16;IRRIG;D04M;manha;D04
svm;agrupado;todos;5;treino;792;B2_BR16_NIRRIG_REPROD00000.asd;B2;BR16;NIRRIG;D04M;manha;D04
svm;agrupado;todos;5;treino;793;B2_BR16_NIRRIG_REPROD00001.asd;B2;BR16;NIRRIG;D04M;manha;D04
svm;agrupado;todos;5;treino;795;B2_BR16_NIRRIG_REPROD00003.asd;B2;BR16;NIRRIG;D04M;manha;D04
svm;agrupado;todos;5;treino;796;B2_BR16_NIRRIG_REPROD00004.asd;B2;BR16;NIRRIG;D04M;manha;D04
svm;agrupado;todos;5;treino;797;B2_BR16_NIRRIG_REPROD00005.asd;B2;BR16;NIRRIG;D04M;manha;D04
svm;agrupado;todos;5;treino;799;B2_BR16_NIRRIG_REPROD00007.asd;B2;BR16;NIRRIG;D04M;manha;D04
svm;agrupado;todos;5;treino;800;B3_BR16_IRRIG_REPROD00000.asd;B3;BR16;IRRIG;D04M;manha;D04
svm;agrupado;todos;5;treino;801;B3_BR16_IRRIG_REPROD00001.asd;B3;BR16;IRRIG;D04M;manha;D04
svm;agrupado;todos;5;treino;802;B3_BR16_IRRIG_REPROD00002.asd;B3;BR16;IRRIG;D04M;manha;D04
svm;agrupado;todos;5;treino;803;B3_BR16_IRRIG_REPROD00003.asd;B3;BR16;IRRIG;D04M;manha;D04
svm;agrupado;todos;5;treino;804;B3_BR16_IRRIG_REPROD00004.asd;B3;BR16;IRRIG;D04M;manha;D04
svm;agrupado;todos;5;treino;806;B3_BR16_IRRIG_REPROD00006.asd;B3;BR16;IRRIG;D04M;manha;D04
svm;agrupado;todos;5;treino;807;B3_BR16_IRRIG_REPROD00007.asd;B3;BR16;IRRIG;D04M;manha;D04
svm;agrupado;todos;5;treino;808;B3_BR16_NIRRIG_REPROD00000.asd;B3;BR16;NIRRIG;D04M;manha;D04
svm;agrupado;todos;5;treino;810;B3_BR16_NIRRIG_REPROD00002.asd;B3;BR16;NIRRIG;D04M;manha;D04
svm;agrupado;todos;5;treino;811;B3_BR16_NIRRIG_REPROD00003.asd;B3;BR16;NIRRIG;D04M;manha;D04
svm;agrupado;todos;5;treino;812;B3_BR16_NIRRIG_REPROD00004.asd;B3;BR16;NIRRIG;D04M;manha;D04
svm;agrupado;todos;5;treino;814;B3_BR16_NIRRIG_REPROD00006.asd;B3;BR16;NIRRIG;D04M;manha;D04
svm;agrupado;todos;5;treino;816;B4_BR16_IRRIG_REPROD00000.asd;B4;BR16;IRRIG;D04M;manha;D04
svm;agrupado;todos;5;treino;817;B4_BR16_IRRIG_REPROD00001.asd;B4;BR16;IRRIG;D04M;manha;D04
svm;agrupado;todos;5;treino;818;B4_BR16_IRRIG_REPROD00002.asd;B4;BR16;IRRIG;D04M;manha;D04
svm;agrupado;todos;5;treino;820;B4_BR16_IRRIG_REPROD00004.asd;B4;BR16;IRRIG;D04M;manha;D04
svm;agrupado;todos;5;treino;821;B4_BR16_IRRIG_REPROD00005.asd;B4;BR16;IRRIG;D04M;manha;D04
svm;agrupado;todos;5;treino;822;B4_BR16_IRRIG_REPROD00006.asd;B4;BR16;IRRIG;D04M;manha;D04
svm;agrupado;todos;5;treino;823;B4_BR16_IRRIG_REPROD00007.asd;B4;BR16;IRRIG;D04M;manha;D04
svm;agrupado;todos;5;treino;826;B4_BR16_NIRRIG_REPROD00002.asd;B4;BR16;NIRRIG;D04M;manha;D04
svm;agrupado;todos;5;treino;827;B4_BR16_NIRRIG_REPROD00003.asd;B4;BR16;NIRRIG;D04M;manha;D04
svm;agrupado;todos;5;treino;828;B4_BR16_NIRRIG_REPROD00004.asd;B4;BR16;NIRRIG;D04M;manha;D04
svm;agrupado;todos;5;treino;829;B4_BR16_NIRRIG_REPROD00005.asd;B4;BR16;NIRRIG;D04M;manha;D04
svm;agrupado;todos;5;treino;830;B4_BR16_NIRRIG_REPROD00006.asd;B4;BR16;NIRRIG;D04M;manha;D04
svm;agrupado;todos;5;treino;831;B4_BR16_NIRRIG_REPROD00007.asd;B4;BR16;NIRRIG;D04M;manha;D04
svm;agrupado;todos;5;treino;832;B1_CD202_IRRIG_REPROD00000.asd;B1;CD202;IRRIG;D04M;manha;D04
svm;agrupado;todos;5;treino;833;B1_CD202_IRRIG_REPROD00001.asd;B1;CD202;IRRIG;D04M;manha;D04
svm;agrupado;todos;5;treino;835;B1_CD202_IRRIG_REPROD00003.asd;B1;CD202;IRRIG;D04M;manha;D04
svm;agrupado;todos;5;treino;836;B1_CD202_IRRIG_REPROD00004.asd;B1;CD202;IRRIG;D04M;manha;D04
svm;agrupado;todos;5;treino;837;B1_CD202_IRRIG_REPROD00005.asd;B1;CD202;IRRIG;D04M;manha;D04
svm;agrupado;todos;5;treino;838;B1_CD202_IRRIG_REPROD00006.asd;B1;CD202;IRRIG;D04M;manha;D04
svm;agrupado;todos;5;treino;839;B1_CD202_IRRIG_REPROD00007.asd;B1;CD202;IRRIG;D04M;manha;D04
svm;agrupado;todos;5;treino;840;B1_CD202_NIRRIG_REPROD00000.asd;B1;CD202;NIRRIG;D04M;manha;D04
svm;agrupado;todos;5;treino;841;B1_CD202_NIRRIG_REPROD00001.asd;B1;CD202;NIRRIG;D04M;manha;D04
svm;agrupado;todos;5;treino;842;B1_CD202_NIRRIG_REPROD00002.asd;B1;CD202;NIRRIG;D04M;manha;D04
svm;agrupado;todos;5;treino;843;B1_CD202_NIRRIG_REPROD00003.asd;B1;CD202;NIRRIG;D04M;manha;D04
svm;agrupado;todos;5;treino;844;B1_CD202_NIRRIG_REPROD00004.asd;B1;CD202;NIRRIG;D04M;manha;D04
svm;agrupado;todos;5;treino;845;B1_CD202_NIRRIG_REPROD00005.asd;B1;CD202;NIRRIG;D04M;manha;D04
svm;agrupado;todos;5;treino;846;B1_CD202_NIRRIG_REPROD00006.asd;B1;CD202;NIRRIG;D04M;manha;D04
svm;agrupado;todos;5;treino;847;B1_CD202_NIRRIG_REPROD00007.asd;B1;CD202;NIRRIG;D04M;manha;D04
svm;agrupado;todos;5;treino;848;B2_CD202_IRRIG_REPROD00000.asd;B2;CD202;IRRIG;D04M;manha;D04
svm;agrupado;todos;5;treino;849;B2_CD202_IRRIG_REPROD00001.asd;B2;CD202;IRRIG;D04M;manha;D04
svm;agrupado;todos;5;treino;850;B2_CD202_IRRIG_REPROD00002.asd;B2;CD202;IRRIG;D04M;manha;D04
svm;agrupado;todos;5;treino;851;B2_CD202_IRRIG_REPROD00003.asd;B2;CD202;IRRIG;D04M;manha;D04
svm;agrupado;todos;5;treino;852;B2_CD202_IRRIG_REPROD00004.asd;B2;CD202;IRRIG;D04M;manha;D04
svm;agrupado;todos;5;treino;853;B2_CD202_IRRIG_REPROD00005.asd;B2;CD202;IRRIG;D04M;manha;D04
svm;agrupado;todos;5;treino;854;B2_CD202_IRRIG_REPROD00006.asd;B2;CD202;IRRIG;D04M;manha;D04
svm;agrupado;todos;5;treino;855;B2_CD202_IRRIG_REPROD00007.asd;B2;CD202;IRRIG;D04M;manha;D04
svm;agrupado;todos;5;treino;856;B2_CD202_NIRRIG_REPROD00000.asd;B2;CD202;NIRRIG;D04M;manha;D04
svm;agrupado;todos;5;treino;857;B2_CD202_NIRRIG_REPROD00001.asd;B2;CD202;NIRRIG;D04M;manha;D04
svm;agrupado;todos;5;treino;858;B2_CD202_NIRRIG_REPROD00002.asd;B2;CD202;NIRRIG;D04M;manha;D04
svm;agrupado;todos;5;treino;860;B2_CD202_NIRRIG_REPROD00004.asd;B2;CD202;NIRRIG;D04M;manha;D04
svm;agrupado;todos;5;treino;862;B2_CD202_NIRRIG_REPROD00006.asd;B2;CD202;NIRRIG;D04M;manha;D04
svm;agrupado;todos;5;treino;863;B2_CD202_NIRRIG_REPROD00007.asd;B2;CD202;NIRRIG;D04M;manha;D04
svm;agrupado;todos;5;treino;864;B3_CD202_IRRIG_REPROD00000.asd;B3;CD202;IRRIG;D04M;manha;D04
svm;agrupado;todos;5;treino;865;B3_CD202_IRRIG_REPROD00001.asd;B3;CD202;IRRIG;D04M;manha;D04
svm;agrupado;todos;5;treino;866;B3_CD202_IRRIG_REPROD00002.asd;B3;CD202;IRRIG;D04M;manha;D04
svm;agrupado;todos;5;treino;867;B3_CD202_IRRIG_REPROD00003.asd;B3;CD202;IRRIG;D04M;manha;D04
svm;agrupado;todos;5;treino;870;B3_CD202_IRRIG_REPROD00006.asd;B3;CD202;IRRIG;D04M;manha;D04
svm;agrupado;todos;5;treino;872;B3_CD202_NIRRIG_REPROD00000.asd;B3;CD202;NIRRIG;D04M;manha;D04
svm;agrupado;todos;5;treino;873;B3_CD202_NIRRIG_REPROD00001.asd;B3;CD202;NIRRIG;D04M;manha;D04
svm;agrupado;todos;5;treino;875;B3_CD202_NIRRIG_REPROD00003.asd;B3;CD202;NIRRIG;D04M;manha;D04
svm;agrupado;todos;5;treino;876;B3_CD202_NIRRIG_REPROD00004.asd;B3;CD202;NIRRIG;D04M;manha;D04
svm;agrupado;todos;5;treino;877;B3_CD202_NIRRIG_REPROD00005.asd;B3;CD202;NIRRIG;D04M;manha;D04
svm;agrupado;todos;5;treino;878;B3_CD202_NIRRIG_REPROD00006.asd;B3;CD202;NIRRIG;D04M;manha;D04
svm;agrupado;todos;5;treino;879;B3_CD202_NIRRIG_REPROD00007.asd;B3;CD202;NIRRIG;D04M;manha;D04
svm;agrupado;todos;5;treino;880;B4_CD202_IRRIG_REPROD00000.asd;B4;CD202;IRRIG;D04M;manha;D04
svm;agrupado;todos;5;treino;881;B4_CD202_IRRIG_REPROD00001.asd;B4;CD202;IRRIG;D04M;manha;D04
svm;agrupado;todos;5;treino;883;B4_CD202_IRRIG_REPROD00003.asd;B4;CD202;IRRIG;D04M;manha;D04
svm;agrupado;todos;5;treino;884;B4_CD202_IRRIG_REPROD00004.asd;B4;CD202;IRRIG;D04M;manha;D04
svm;agrupado;todos;5;treino;885;B4_CD202_IRRIG_REPROD00005.asd;B4;CD202;IRRIG;D04M;manha;D04
svm;agrupado;todos;5;treino;886;B4_CD202_IRRIG_REPROD00006.asd;B4;CD202;IRRIG;D04M;manha;D04
svm;agrupado;todos;5;treino;888;B4_CD202_NIRRIG_REPROD00000.asd;B4;CD202;NIRRIG;D04M;manha;D04
svm;agrupado;todos;5;treino;889;B4_CD202_NIRRIG_REPROD00001.asd;B4;CD202;NIRRIG;D04M;manha;D04
svm;agrupado;todos;5;treino;891;B4_CD202_NIRRIG_REPROD00003.asd;B4;CD202;NIRRIG;D04M;manha;D04
svm;agrupado;todos;5;treino;892;B4_CD202_NIRRIG_REPROD00004.asd;B4;CD202;NIRRIG;D04M;manha;D04
svm;agrupado;todos;5;treino;894;B4_CD202_NIRRIG_REPROD00006.asd;B4;CD202;NIRRIG;D04M;manha;D04
svm;agrupado;todos;5;treino;895;B4_CD202_NIRRIG_REPROD00007.asd;B4;CD202;NIRRIG;D04M;manha;D04
svm;agrupado;todos;5;treino;896;B1_EMB48_IRRIG_REPROD00000.asd;B1;EMB48;IRRIG;D04M;manha;D04
svm;agrupado;todos;5;treino;897;B1_EMB48_IRRIG_REPROD00001.asd;B1;EMB48;IRRIG;D04M;manha;D04
svm;agrupado;todos;5;treino;898;B1_EMB48_IRRIG_REPROD00002.asd;B1;EMB48;IRRIG;D04M;manha;D04
svm;agrupado;todos;5;treino;899;B1_EMB48_IRRIG_REPROD00003.asd;B1;EMB48;IRRIG;D04M;manha;D04
svm;agrupado;todos;5;treino;900;B1_EMB48_IRRIG_REPROD00004.asd;B1;EMB48;IRRIG;D04M;manha;D04
svm;agrupado;todos;5;treino;902;B1_EMB48_IRRIG_REPROD00006.asd;B1;EMB48;IRRIG;D04M;manha;D04
svm;agrupado;todos;5;treino;903;B1_EMB48_IRRIG_REPROD00007.asd;B1;EMB48;IRRIG;D04M;manha;D04
svm;agrupado;todos;5;treino;904;B1_EMB48_NIRRIG_REPROD00000.asd;B1;EMB48;NIRRIG;D04M;manha;D04
svm;agrupado;todos;5;treino;905;B1_EMB48_NIRRIG_REPROD00001.asd;B1;EMB48;NIRRIG;D04M;manha;D04
svm;agrupado;todos;5;treino;906;B1_EMB48_NIRRIG_REPROD00002.asd;B1;EMB48;NIRRIG;D04M;manha;D04
svm;agrupado;todos;5;treino;907;B1_EMB48_NIRRIG_REPROD00003.asd;B1;EMB48;NIRRIG;D04M;manha;D04
svm;agrupado;todos;5;treino;908;B1_EMB48_NIRRIG_REPROD00004.asd;B1;EMB48;NIRRIG;D04M;manha;D04
svm;agrupado;todos;5;treino;909;B1_EMB48_NIRRIG_REPROD00005.asd;B1;EMB48;NIRRIG;D04M;manha;D04
svm;agrupado;todos;5;treino;910;B1_EMB48_NIRRIG_REPROD00006.asd;B1;EMB48;NIRRIG;D04M;manha;D04
svm;agrupado;todos;5;treino;911;B1_EMB48_NIRRIG_REPROD00007.asd;B1;EMB48;NIRRIG;D04M;manha;D04
svm;agrupado;todos;5;treino;914;B2_EMB48_IRRIG_REPROD00002.asd;B2;EMB48;IRRIG;D04M;manha;D04
svm;agrupado;todos;5;treino;915;B2_EMB48_IRRIG_REPROD00003.asd;B2;EMB48;IRRIG;D04M;manha;D04
svm;agrupado;todos;5;treino;917;B2_EMB48_IRRIG_REPROD00005.asd;B2;EMB48;IRRIG;D04M;manha;D04
svm;agrupado;todos;5;treino;918;B2_EMB48_IRRIG_REPROD00006.asd;B2;EMB48;IRRIG;D04M;manha;D04
svm;agrupado;todos;5;treino;919;B2_EMB48_IRRIG_REPROD00007.asd;B2;EMB48;IRRIG;D04M;manha;D04
svm;agrupado;todos;5;treino;922;B2_EMB48_NIRRIG_REPROD00002.asd;B2;EMB48;NIRRIG;D04M;manha;D04
svm;agrupado;todos;5;treino;923;B2_EMB48_NIRRIG_REPROD00003.asd;B2;EMB48;NIRRIG;D04M;manha;D04
svm;agrupado;todos;5;treino;924;B2_EMB48_NIRRIG_REPROD00004.asd;B2;EMB48;NIRRIG;D04M;manha;D04
svm;agrupado;todos;5;treino;925;B2_EMB48_NIRRIG_REPROD00005.asd;B2;EMB48;NIRRIG;D04M;manha;D04
svm;agrupado;todos;5;treino;926;B2_EMB48_NIRRIG_REPROD00006.asd;B2;EMB48;NIRRIG;D04M;manha;D04
svm;agrupado;todos;5;treino;927;B2_EMB48_NIRRIG_REPROD00007.asd;B2;EMB48;NIRRIG;D04M;manha;D04
svm;agrupado;todos;5;treino;928;B3_EMB48_IRRIG_REPROD00000.asd;B3;EMB48;IRRIG;D04M;manha;D04
svm;agrupado;todos;5;treino;930;B3_EMB48_IRRIG_REPROD00002.asd;B3;EMB48;IRRIG;D04M;manha;D04
svm;agrupado;todos;5;treino;931;B3_EMB48_IRRIG_REPROD00003.asd;B3;EMB48;IRRIG;D04M;manha;D04
svm;agrupado;todos;5;treino;933;B3_EMB48_IRRIG_REPROD00005.asd;B3;EMB48;IRRIG;D04M;manha;D04
svm;agrupado;todos;5;treino;934;B3_EMB48_IRRIG_REPROD00006.asd;B3;EMB48;IRRIG;D04M;manha;D04
svm;agrupado;todos;5;treino;935;B3_EMB48_IRRIG_REPROD00007.asd;B3;EMB48;IRRIG;D04M;manha;D04
svm;agrupado;todos;5;treino;936;B3_EMB48_NIRRIG_REPROD00000.asd;B3;EMB48;NIRRIG;D04M;manha;D04
svm;agrupado;todos;5;treino;937;B3_EMB48_NIRRIG_REPROD00001.asd;B3;EMB48;NIRRIG;D04M;manha;D04
svm;agrupado;todos;5;treino;939;B3_EMB48_NIRRIG_REPROD00003.asd;B3;EMB48;NIRRIG;D04M;manha;D04
svm;agrupado;todos;5;treino;940;B3_EMB48_NIRRIG_REPROD00004.asd;B3;EMB48;NIRRIG;D04M;manha;D04
svm;agrupado;todos;5;treino;941;B3_EMB48_NIRRIG_REPROD00005.asd;B3;EMB48;NIRRIG;D04M;manha;D04
svm;agrupado;todos;5;treino;942;B3_EMB48_NIRRIG_REPROD00006.asd;B3;EMB48;NIRRIG;D04M;manha;D04
svm;agrupado;todos;5;treino;943;B3_EMB48_NIRRIG_REPROD00007.asd;B3;EMB48;NIRRIG;D04M;manha;D04
svm;agrupado;todos;5;treino;945;B4_EMB48_IRRIG_REPROD00001.asd;B4;EMB48;IRRIG;D04M;manha;D04
svm;agrupado;todos;5;treino;947;B4_EMB48_IRRIG_REPROD00003.asd;B4;EMB48;IRRIG;D04M;manha;D04
svm;agrupado;todos;5;treino;948;B4_EMB48_IRRIG_REPROD00004.asd;B4;EMB48;IRRIG;D04M;manha;D04
svm;agrupado;todos;5;treino;950;B4_EMB48_IRRIG_REPROD00006.asd;B4;EMB48;IRRIG;D04M;manha;D04
svm;agrupado;todos;5;treino;951;B4_EMB48_IRRIG_REPROD00007.asd;B4;EMB48;IRRIG;D04M;manha;D04
svm;agrupado;todos;5;treino;952;B4_EMB48_NIRRIG_REPROD00000.asd;B4;EMB48;NIRRIG;D04M;manha;D04
svm;agrupado;todos;5;treino;953;B4_EMB48_NIRRIG_REPROD00001.asd;B4;EMB48;NIRRIG;D04M;manha;D04
svm;agrupado;todos;5;treino;954;B4_EMB48_NIRRIG_REPROD00002.asd;B4;EMB48;NIRRIG;D04M;manha;D04
svm;agrupado;todos;5;treino;955;B4_EMB48_NIRRIG_REPROD00003.asd;B4;EMB48;NIRRIG;D04M;manha;D04
svm;agrupado;todos;5;treino;956;B4_EMB48_NIRRIG_REPROD00004.asd;B4;EMB48;NIRRIG;D04M;manha;D04
svm;agrupado;todos;5;treino;957;B4_EMB48_NIRRIG_REPROD00005.asd;B4;EMB48;NIRRIG;D04M;manha;D04
svm;agrupado;todos;5;treino;958;B4_EMB48_NIRRIG_REPROD00006.asd;B4;EMB48;NIRRIG;D04M;manha;D04
svm;agrupado;todos;5;treino;959;B4_EMB48_NIRRIG_REPROD00007.asd;B4;EMB48;NIRRIG;D04M;manha;D04
svm;agrupado;todos;5;treino;960;B1_BR16_IRRIG_REPROD00000.asd;B1;BR16;IRRIG;D05M;manha;D05
svm;agrupado;todos;5;treino;961;B1_BR16_IRRIG_REPROD00001.asd;B1;BR16;IRRIG;D05M;manha;D05
svm;agrupado;todos;5;treino;962;B1_BR16_IRRIG_REPROD00002.asd;B1;BR16;IRRIG;D05M;manha;D05
svm;agrupado;todos;5;treino;963;B1_BR16_IRRIG_REPROD00003.asd;B1;BR16;IRRIG;D05M;manha;D05
svm;agrupado;todos;5;treino;964;B1_BR16_IRRIG_REPROD00004.asd;B1;BR16;IRRIG;D05M;manha;D05
svm;agrupado;todos;5;treino;965;B1_BR16_IRRIG_REPROD00005.asd;B1;BR16;IRRIG;D05M;manha;D05
svm;agrupado;todos;5;treino;966;B1_BR16_IRRIG_REPROD00006.asd;B1;BR16;IRRIG;D05M;manha;D05
svm;agrupado;todos;5;treino;967;B1_BR16_IRRIG_REPROD00007.asd;B1;BR16;IRRIG;D05M;manha;D05
svm;agrupado;todos;5;treino;969;B1_BR16_NIRRIG_REPROD00001.asd;B1;BR16;NIRRIG;D05M;manha;D05
svm;agrupado;todos;5;treino;970;B1_BR16_NIRRIG_REPROD00002.asd;B1;BR16;NIRRIG;D05M;manha;D05
svm;agrupado;todos;5;treino;971;B1_BR16_NIRRIG_REPROD00003.asd;B1;BR16;NIRRIG;D05M;manha;D05
svm;agrupado;todos;5;treino;975;B1_BR16_NIRRIG_REPROD00007.asd;B1;BR16;NIRRIG;D05M;manha;D05
svm;agrupado;todos;5;treino;977;B2_BR16_IRRIG_REPROD00001.asd;B2;BR16;IRRIG;D05M;manha;D05
svm;agrupado;todos;5;treino;978;B2_BR16_IRRIG_REPROD00002.asd;B2;BR16;IRRIG;D05M;manha;D05
svm;agrupado;todos;5;treino;980;B2_BR16_IRRIG_REPROD00004.asd;B2;BR16;IRRIG;D05M;manha;D05
svm;agrupado;todos;5;treino;981;B2_BR16_IRRIG_REPROD00005.asd;B2;BR16;IRRIG;D05M;manha;D05
svm;agrupado;todos;5;treino;982;B2_BR16_IRRIG_REPROD00006.asd;B2;BR16;IRRIG;D05M;manha;D05
svm;agrupado;todos;5;treino;983;B2_BR16_IRRIG_REPROD00007.asd;B2;BR16;IRRIG;D05M;manha;D05
svm;agrupado;todos;5;treino;984;B2_BR16_NIRRIG_REPROD00000.asd;B2;BR16;NIRRIG;D05M;manha;D05
svm;agrupado;todos;5;treino;985;B2_BR16_NIRRIG_REPROD00001.asd;B2;BR16;NIRRIG;D05M;manha;D05
svm;agrupado;todos;5;treino;987;B2_BR16_NIRRIG_REPROD00003.asd;B2;BR16;NIRRIG;D05M;manha;D05
svm;agrupado;todos;5;treino;988;B2_BR16_NIRRIG_REPROD00004.asd;B2;BR16;NIRRIG;D05M;manha;D05
svm;agrupado;todos;5;treino;989;B2_BR16_NIRRIG_REPROD00005.asd;B2;BR16;NIRRIG;D05M;manha;D05
svm;agrupado;todos;5;treino;991;B2_BR16_NIRRIG_REPROD00007.asd;B2;BR16;NIRRIG;D05M;manha;D05
svm;agrupado;todos;5;treino;992;B3_BR16_IRRIG_REPROD00000.asd;B3;BR16;IRRIG;D05M;manha;D05
svm;agrupado;todos;5;treino;993;B3_BR16_IRRIG_REPROD00001.asd;B3;BR16;IRRIG;D05M;manha;D05
svm;agrupado;todos;5;treino;994;B3_BR16_IRRIG_REPROD00002.asd;B3;BR16;IRRIG;D05M;manha;D05
svm;agrupado;todos;5;treino;995;B3_BR16_IRRIG_REPROD00003.asd;B3;BR16;IRRIG;D05M;manha;D05
svm;agrupado;todos;5;treino;996;B3_BR16_IRRIG_REPROD00004.asd;B3;BR16;IRRIG;D05M;manha;D05
svm;agrupado;todos;5;treino;998;B3_BR16_IRRIG_REPROD00006.asd;B3;BR16;IRRIG;D05M;manha;D05
svm;agrupado;todos;5;treino;999;B3_BR16_IRRIG_REPROD00007.asd;B3;BR16;IRRIG;D05M;manha;D05
svm;agrupado;todos;5;treino;1000;B3_BR16_NIRRIG_REPROD00000.asd;B3;BR16;NIRRIG;D05M;manha;D05
svm;agrupado;todos;5;treino;1002;B3_BR16_NIRRIG_REPROD00002.asd;B3;BR16;NIRRIG;D05M;manha;D05
svm;agrupado;todos;5;treino;1003;B3_BR16_NIRRIG_REPROD00003.asd;B3;BR16;NIRRIG;D05M;manha;D05
svm;agrupado;todos;5;treino;1004;B3_BR16_NIRRIG_REPROD00004.asd;B3;BR16;NIRRIG;D05M;manha;D05
svm;agrupado;todos;5;treino;1006;B3_BR16_NIRRIG_REPROD00006.asd;B3;BR16;NIRRIG;D05M;manha;D05
svm;agrupado;todos;5;treino;1008;B4_BR16_IRRIG_REPROD00000.asd;B4;BR16;IRRIG;D05M;manha;D05
svm;agrupado;todos;5;treino;1009;B4_BR16_IRRIG_REPROD00001.asd;B4;BR16;IRRIG;D05M;manha;D05
svm;agrupado;todos;5;treino;1010;B4_BR16_IRRIG_REPROD00002.asd;B4;BR16;IRRIG;D05M;manha;D05
svm;agrupado;todos;5;treino;1012;B4_BR16_IRRIG_REPROD00004.asd;B4;BR16;IRRIG;D05M;manha;D05
svm;agrupado;todos;5;treino;1013;B4_BR16_IRRIG_REPROD00005.asd;B4;BR16;IRRIG;D05M;manha;D05
svm;agrupado;todos;5;treino;1014;B4_BR16_IRRIG_REPROD00006.asd;B4;BR16;IRRIG;D05M;manha;D05
svm;agrupado;todos;5;treino;1015;B4_BR16_IRRIG_REPROD00007.asd;B4;BR16;IRRIG;D05M;manha;D05
svm;agrupado;todos;5;treino;1018;B4_BR16_NIRRIG_REPROD00002.asd;B4;BR16;NIRRIG;D05M;manha;D05
svm;agrupado;todos;5;treino;1019;B4_BR16_NIRRIG_REPROD00003.asd;B4;BR16;NIRRIG;D05M;manha;D05
svm;agrupado;todos;5;treino;1020;B4_BR16_NIRRIG_REPROD00004.asd;B4;BR16;NIRRIG;D05M;manha;D05
svm;agrupado;todos;5;treino;1021;B4_BR16_NIRRIG_REPROD00005.asd;B4;BR16;NIRRIG;D05M;manha;D05
svm;agrupado;todos;5;treino;1022;B4_BR16_NIRRIG_REPROD00006.asd;B4;BR16;NIRRIG;D05M;manha;D05
svm;agrupado;todos;5;treino;1023;B4_BR16_NIRRIG_REPROD00007.asd;B4;BR16;NIRRIG;D05M;manha;D05
svm;agrupado;todos;5;treino;1024;B1_CD202_IRRIG_REPROD00000.asd;B1;CD202;IRRIG;D05M;manha;D05
svm;agrupado;todos;5;treino;1025;B1_CD202_IRRIG_REPROD00001.asd;B1;CD202;IRRIG;D05M;manha;D05
svm;agrupado;todos;5;treino;1027;B1_CD202_IRRIG_REPROD00003.asd;B1;CD202;IRRIG;D05M;manha;D05
svm;agrupado;todos;5;treino;1028;B1_CD202_IRRIG_REPROD00004.asd;B1;CD202;IRRIG;D05M;manha;D05
svm;agrupado;todos;5;treino;1029;B1_CD202_IRRIG_REPROD00005.asd;B1;CD202;IRRIG;D05M;manha;D05
svm;agrupado;todos;5;treino;1030;B1_CD202_IRRIG_REPROD00006.asd;B1;CD202;IRRIG;D05M;manha;D05
svm;agrupado;todos;5;treino;1031;B1_CD202_IRRIG_REPROD00007.asd;B1;CD202;IRRIG;D05M;manha;D05
svm;agrupado;todos;5;treino;1032;B1_CD202_NIRRIG_REPROD00000.asd;B1;CD202;NIRRIG;D05M;manha;D05
svm;agrupado;todos;5;treino;1033;B1_CD202_NIRRIG_REPROD00001.asd;B1;CD202;NIRRIG;D05M;manha;D05
svm;agrupado;todos;5;treino;1034;B1_CD202_NIRRIG_REPROD00002.asd;B1;CD202;NIRRIG;D05M;manha;D05
svm;agrupado;todos;5;treino;1035;B1_CD202_NIRRIG_REPROD00003.asd;B1;CD202;NIRRIG;D05M;manha;D05
svm;agrupado;todos;5;treino;1036;B1_CD202_NIRRIG_REPROD00004.asd;B1;CD202;NIRRIG;D05M;manha;D05
svm;agrupado;todos;5;treino;1037;B1_CD202_NIRRIG_REPROD00005.asd;B1;CD202;NIRRIG;D05M;manha;D05
svm;agrupado;todos;5;treino;1038;B1_CD202_NIRRIG_REPROD00006.asd;B1;CD202;NIRRIG;D05M;manha;D05
svm;agrupado;todos;5;treino;1039;B1_CD202_NIRRIG_REPROD00007.asd;B1;CD202;NIRRIG;D05M;manha;D05
svm;agrupado;todos;5;treino;1040;B2_CD202_IRRIG_REPROD00000.asd;B2;CD202;IRRIG;D05M;manha;D05
svm;agrupado;todos;5;treino;1041;B2_CD202_IRRIG_REPROD00001.asd;B2;CD202;IRRIG;D05M;manha;D05
svm;agrupado;todos;5;treino;1042;B2_CD202_IRRIG_REPROD00002.asd;B2;CD202;IRRIG;D05M;manha;D05
svm;agrupado;todos;5;treino;1043;B2_CD202_IRRIG_REPROD00003.asd;B2;CD202;IRRIG;D05M;manha;D05
svm;agrupado;todos;5;treino;1044;B2_CD202_IRRIG_REPROD00004.asd;B2;CD202;IRRIG;D05M;manha;D05
svm;agrupado;todos;5;treino;1045;B2_CD202_IRRIG_REPROD00005.asd;B2;CD202;IRRIG;D05M;manha;D05
svm;agrupado;todos;5;treino;1046;B2_CD202_IRRIG_REPROD00006.asd;B2;CD202;IRRIG;D05M;manha;D05
svm;agrupado;todos;5;treino;1047;B2_CD202_IRRIG_REPROD00007.asd;B2;CD202;IRRIG;D05M;manha;D05
svm;agrupado;todos;5;treino;1048;B2_CD202_NIRRIG_REPROD00000.asd;B2;CD202;NIRRIG;D05M;manha;D05
svm;agrupado;todos;5;treino;1049;B2_CD202_NIRRIG_REPROD00001.asd;B2;CD202;NIRRIG;D05M;manha;D05
svm;agrupado;todos;5;treino;1050;B2_CD202_NIRRIG_REPROD00002.asd;B2;CD202;NIRRIG;D05M;manha;D05
svm;agrupado;todos;5;treino;1052;B2_CD202_NIRRIG_REPROD00004.asd;B2;CD202;NIRRIG;D05M;manha;D05
svm;agrupado;todos;5;treino;1054;B2_CD202_NIRRIG_REPROD00006.asd;B2;CD202;NIRRIG;D05M;manha;D05
svm;agrupado;todos;5;treino;1055;B2_CD202_NIRRIG_REPROD00007.asd;B2;CD202;NIRRIG;D05M;manha;D05
svm;agrupado;todos;5;treino;1056;B3_CD202_IRRIG_REPROD00000.asd;B3;CD202;IRRIG;D05M;manha;D05
svm;agrupado;todos;5;treino;1057;B3_CD202_IRRIG_REPROD00001.asd;B3;CD202;IRRIG;D05M;manha;D05
svm;agrupado;todos;5;treino;1058;B3_CD202_IRRIG_REPROD00002.asd;B3;CD202;IRRIG;D05M;manha;D05
svm;agrupado;todos;5;treino;1059;B3_CD202_IRRIG_REPROD00003.asd;B3;CD202;IRRIG;D05M;manha;D05
svm;agrupado;todos;5;treino;1062;B3_CD202_IRRIG_REPROD00006.asd;B3;CD202;IRRIG;D05M;manha;D05
svm;agrupado;todos;5;treino;1064;B3_CD202_NIRRIG_REPROD00000.asd;B3;CD202;NIRRIG;D05M;manha;D05
svm;agrupado;todos;5;treino;1065;B3_CD202_NIRRIG_REPROD00001.asd;B3;CD202;NIRRIG;D05M;manha;D05
svm;agrupado;todos;5;treino;1067;B3_CD202_NIRRIG_REPROD00003.asd;B3;CD202;NIRRIG;D05M;manha;D05
svm;agrupado;todos;5;treino;1068;B3_CD202_NIRRIG_REPROD00004.asd;B3;CD202;NIRRIG;D05M;manha;D05
svm;agrupado;todos;5;treino;1069;B3_CD202_NIRRIG_REPROD00005.asd;B3;CD202;NIRRIG;D05M;manha;D05
svm;agrupado;todos;5;treino;1070;B3_CD202_NIRRIG_REPROD00006.asd;B3;CD202;NIRRIG;D05M;manha;D05
svm;agrupado;todos;5;treino;1071;B3_CD202_NIRRIG_REPROD00007.asd;B3;CD202;NIRRIG;D05M;manha;D05
svm;agrupado;todos;5;treino;1072;B4_CD202_IRRIG_REPROD00000.asd;B4;CD202;IRRIG;D05M;manha;D05
svm;agrupado;todos;5;treino;1073;B4_CD202_IRRIG_REPROD00001.asd;B4;CD202;IRRIG;D05M;manha;D05
svm;agrupado;todos;5;treino;1075;B4_CD202_IRRIG_REPROD00003.asd;B4;CD202;IRRIG;D05M;manha;D05
svm;agrupado;todos;5;treino;1076;B4_CD202_IRRIG_REPROD00004.asd;B4;CD202;IRRIG;D05M;manha;D05
svm;agrupado;todos;5;treino;1077;B4_CD202_IRRIG_REPROD00005.asd;B4;CD202;IRRIG;D05M;manha;D05
svm;agrupado;todos;5;treino;1078;B4_CD202_IRRIG_REPROD00006.asd;B4;CD202;IRRIG;D05M;manha;D05
svm;agrupado;todos;5;treino;1080;B4_CD202_NIRRIG_REPROD00000.asd;B4;CD202;NIRRIG;D05M;manha;D05
svm;agrupado;todos;5;treino;1081;B4_CD202_NIRRIG_REPROD00001.asd;B4;CD202;NIRRIG;D05M;manha;D05
svm;agrupado;todos;5;treino;1083;B4_CD202_NIRRIG_REPROD00003.asd;B4;CD202;NIRRIG;D05M;manha;D05
svm;agrupado;todos;5;treino;1084;B4_CD202_NIRRIG_REPROD00004.asd;B4;CD202;NIRRIG;D05M;manha;D05
svm;agrupado;todos;5;treino;1086;B4_CD202_NIRRIG_REPROD00006.asd;B4;CD202;NIRRIG;D05M;manha;D05
svm;agrupado;todos;5;treino;1087;B4_CD202_NIRRIG_REPROD00007.asd;B4;CD202;NIRRIG;D05M;manha;D05
svm;agrupado;todos;5;treino;1088;B1_EMB48_IRRIG_REPROD00000.asd;B1;EMB48;IRRIG;D05M;manha;D05
svm;agrupado;todos;5;treino;1089;B1_EMB48_IRRIG_REPROD00001.asd;B1;EMB48;IRRIG;D05M;manha;D05
svm;agrupado;todos;5;treino;1090;B1_EMB48_IRRIG_REPROD00002.asd;B1;EMB48;IRRIG;D05M;manha;D05
svm;agrupado;todos;5;treino;1091;B1_EMB48_IRRIG_REPROD00003.asd;B1;EMB48;IRRIG;D05M;manha;D05
svm;agrupado;todos;5;treino;1092;B1_EMB48_IRRIG_REPROD00004.asd;B1;EMB48;IRRIG;D05M;manha;D05
svm;agrupado;todos;5;treino;1094;B1_EMB48_IRRIG_REPROD00006.asd;B1;EMB48;IRRIG;D05M;manha;D05
svm;agrupado;todos;5;treino;1095;B1_EMB48_IRRIG_REPROD00007.asd;B1;EMB48;IRRIG;D05M;manha;D05
svm;agrupado;todos;5;treino;1096;B1_EMB48_NIRRIG_REPROD00000.asd;B1;EMB48;NIRRIG;D05M;manha;D05
svm;agrupado;todos;5;treino;1097;B1_EMB48_NIRRIG_REPROD00001.asd;B1;EMB48;NIRRIG;D05M;manha;D05
svm;agrupado;todos;5;treino;1098;B1_EMB48_NIRRIG_REPROD00002.asd;B1;EMB48;NIRRIG;D05M;manha;D05
svm;agrupado;todos;5;treino;1099;B1_EMB48_NIRRIG_REPROD00003.asd;B1;EMB48;NIRRIG;D05M;manha;D05
svm;agrupado;todos;5;treino;1100;B1_EMB48_NIRRIG_REPROD00004.asd;B1;EMB48;NIRRIG;D05M;manha;D05
svm;agrupado;todos;5;treino;1101;B1_EMB48_NIRRIG_REPROD00005.asd;B1;EMB48;NIRRIG;D05M;manha;D05
svm;agrupado;todos;5;treino;1102;B1_EMB48_NIRRIG_REPROD00006.asd;B1;EMB48;NIRRIG;D05M;manha;D05
svm;agrupado;todos;5;treino;1103;B1_EMB48_NIRRIG_REPROD00007.asd;B1;EMB48;NIRRIG;D05M;manha;D05
svm;agrupado;todos;5;treino;1106;B2_EMB48_IRRIG_REPROD00002.asd;B2;EMB48;IRRIG;D05M;manha;D05
svm;agrupado;todos;5;treino;1107;B2_EMB48_IRRIG_REPROD00003.asd;B2;EMB48;IRRIG;D05M;manha;D05
svm;agrupado;todos;5;treino;1109;B2_EMB48_IRRIG_REPROD00005.asd;B2;EMB48;IRRIG;D05M;manha;D05
svm;agrupado;todos;5;treino;1110;B2_EMB48_IRRIG_REPROD00006.asd;B2;EMB48;IRRIG;D05M;manha;D05
svm;agrupado;todos;5;treino;1111;B2_EMB48_IRRIG_REPROD00007.asd;B2;EMB48;IRRIG;D05M;manha;D05
svm;agrupado;todos;5;treino;1114;B2_EMB48_NIRRIG_REPROD00002.asd;B2;EMB48;NIRRIG;D05M;manha;D05
svm;agrupado;todos;5;treino;1115;B2_EMB48_NIRRIG_REPROD00003.asd;B2;EMB48;NIRRIG;D05M;manha;D05
svm;agrupado;todos;5;treino;1116;B2_EMB48_NIRRIG_REPROD00004.asd;B2;EMB48;NIRRIG;D05M;manha;D05
svm;agrupado;todos;5;treino;1117;B2_EMB48_NIRRIG_REPROD00005.asd;B2;EMB48;NIRRIG;D05M;manha;D05
svm;agrupado;todos;5;treino;1118;B2_EMB48_NIRRIG_REPROD00006.asd;B2;EMB48;NIRRIG;D05M;manha;D05
svm;agrupado;todos;5;treino;1119;B2_EMB48_NIRRIG_REPROD00007.asd;B2;EMB48;NIRRIG;D05M;manha;D05
svm;agrupado;todos;5;treino;1120;B3_EMB48_IRRIG_REPROD00000.asd;B3;EMB48;IRRIG;D05M;manha;D05
svm;agrupado;todos;5;treino;1122;B3_EMB48_IRRIG_REPROD00002.asd;B3;EMB48;IRRIG;D05M;manha;D05
svm;agrupado;todos;5;treino;1123;B3_EMB48_IRRIG_REPROD00003.asd;B3;EMB48;IRRIG;D05M;manha;D05
svm;agrupado;todos;5;treino;1125;B3_EMB48_IRRIG_REPROD00005.asd;B3;EMB48;IRRIG;D05M;manha;D05
svm;agrupado;todos;5;treino;1126;B3_EMB48_IRRIG_REPROD00006.asd;B3;EMB48;IRRIG;D05M;manha;D05
svm;agrupado;todos;5;treino;1127;B3_EMB48_IRRIG_REPROD00007.asd;B3;EMB48;IRRIG;D05M;manha;D05
svm;agrupado;todos;5;treino;1128;B3_EMB48_NIRRIG_REPROD00000.asd;B3;EMB48;NIRRIG;D05M;manha;D05
svm;agrupado;todos;5;treino;1129;B3_EMB48_NIRRIG_REPROD00001.asd;B3;EMB48;NIRRIG;D05M;manha;D05
svm;agrupado;todos;5;treino;1131;B3_EMB48_NIRRIG_REPROD00003.asd;B3;EMB48;NIRRIG;D05M;manha;D05
svm;agrupado;todos;5;treino;1132;B3_EMB48_NIRRIG_REPROD00004.asd;B3;EMB48;NIRRIG;D05M;manha;D05
svm;agrupado;todos;5;treino;1133;B3_EMB48_NIRRIG_REPROD00005.asd;B3;EMB48;NIRRIG;D05M;manha;D05
svm;agrupado;todos;5;treino;1134;B3_EMB48_NIRRIG_REPROD00006.asd;B3;EMB48;NIRRIG;D05M;manha;D05
svm;agrupado;todos;5;treino;1135;B3_EMB48_NIRRIG_REPROD00007.asd;B3;EMB48;NIRRIG;D05M;manha;D05
svm;agrupado;todos;5;treino;1137;B4_EMB48_IRRIG_REPROD00001.asd;B4;EMB48;IRRIG;D05M;manha;D05
svm;agrupado;todos;5;treino;1139;B4_EMB48_IRRIG_REPROD00003.asd;B4;EMB48;IRRIG;D05M;manha;D05
svm;agrupado;todos;5;treino;1140;B4_EMB48_IRRIG_REPROD00004.asd;B4;EMB48;IRRIG;D05M;manha;D05
svm;agrupado;todos;5;treino;1142;B4_EMB48_IRRIG_REPROD00006.asd;B4;EMB48;IRRIG;D05M;manha;D05
svm;agrupado;todos;5;treino;1143;B4_EMB48_IRRIG_REPROD00007.asd;B4;EMB48;IRRIG;D05M;manha;D05
svm;agrupado;todos;5;treino;1144;B4_EMB48_NIRRIG_REPROD00000.asd;B4;EMB48;NIRRIG;D05M;manha;D05
svm;agrupado;todos;5;treino;1145;B4_EMB48_NIRRIG_REPROD00001.asd;B4;EMB48;NIRRIG;D05M;manha;D05
svm;agrupado;todos;5;treino;1146;B4_EMB48_NIRRIG_REPROD00002.asd;B4;EMB48;NIRRIG;D05M;manha;D05
svm;agrupado;todos;5;treino;1147;B4_EMB48_NIRRIG_REPROD00003.asd;B4;EMB48;NIRRIG;D05M;manha;D05
svm;agrupado;todos;5;treino;1148;B4_EMB48_NIRRIG_REPROD00004.asd;B4;EMB48;NIRRIG;D05M;manha;D05
svm;agrupado;todos;5;treino;1149;B4_EMB48_NIRRIG_REPROD00005.asd;B4;EMB48;NIRRIG;D05M;manha;D05
svm;agrupado;todos;5;treino;1150;B4_EMB48_NIRRIG_REPROD00006.asd;B4;EMB48;NIRRIG;D05M;manha;D05
svm;agrupado;todos;5;treino;1151;B4_EMB48_NIRRIG_REPROD00007.asd;B4;EMB48;NIRRIG;D05M;manha;D05
svm;agrupado;todos;5;treino;1152;B1_BR16_IRRIG_REPROD00000.asd;B1;BR16;IRRIG;D06M;manha;D06
svm;agrupado;todos;5;treino;1153;B1_BR16_IRRIG_REPROD00001.asd;B1;BR16;IRRIG;D06M;manha;D06
svm;agrupado;todos;5;treino;1154;B1_BR16_IRRIG_REPROD00002.asd;B1;BR16;IRRIG;D06M;manha;D06
svm;agrupado;todos;5;treino;1155;B1_BR16_IRRIG_REPROD00003.asd;B1;BR16;IRRIG;D06M;manha;D06
svm;agrupado;todos;5;treino;1156;B1_BR16_IRRIG_REPROD00004.asd;B1;BR16;IRRIG;D06M;manha;D06
svm;agrupado;todos;5;treino;1157;B1_BR16_IRRIG_REPROD00005.asd;B1;BR16;IRRIG;D06M;manha;D06
svm;agrupado;todos;5;treino;1158;B1_BR16_IRRIG_REPROD00006.asd;B1;BR16;IRRIG;D06M;manha;D06
svm;agrupado;todos;5;treino;1159;B1_BR16_IRRIG_REPROD00007.asd;B1;BR16;IRRIG;D06M;manha;D06
svm;agrupado;todos;5;treino;1161;B1_BR16_NIRRIG_REPROD00001.asd;B1;BR16;NIRRIG;D06M;manha;D06
svm;agrupado;todos;5;treino;1162;B1_BR16_NIRRIG_REPROD00002.asd;B1;BR16;NIRRIG;D06M;manha;D06
svm;agrupado;todos;5;treino;1163;B1_BR16_NIRRIG_REPROD00003.asd;B1;BR16;NIRRIG;D06M;manha;D06
svm;agrupado;todos;5;treino;1167;B1_BR16_NIRRIG_REPROD00007.asd;B1;BR16;NIRRIG;D06M;manha;D06
svm;agrupado;todos;5;treino;1169;B2_BR16_IRRIG_REPROD00001.asd;B2;BR16;IRRIG;D06M;manha;D06
svm;agrupado;todos;5;treino;1170;B2_BR16_IRRIG_REPROD00002.asd;B2;BR16;IRRIG;D06M;manha;D06
svm;agrupado;todos;5;treino;1172;B2_BR16_IRRIG_REPROD00004.asd;B2;BR16;IRRIG;D06M;manha;D06
svm;agrupado;todos;5;treino;1173;B2_BR16_IRRIG_REPROD00005.asd;B2;BR16;IRRIG;D06M;manha;D06
svm;agrupado;todos;5;treino;1174;B2_BR16_IRRIG_REPROD00006.asd;B2;BR16;IRRIG;D06M;manha;D06
svm;agrupado;todos;5;treino;1175;B2_BR16_IRRIG_REPROD00007.asd;B2;BR16;IRRIG;D06M;manha;D06
svm;agrupado;todos;5;treino;1176;B2_BR16_NIRRIG_REPROD00000.asd;B2;BR16;NIRRIG;D06M;manha;D06
svm;agrupado;todos;5;treino;1177;B2_BR16_NIRRIG_REPROD00001.asd;B2;BR16;NIRRIG;D06M;manha;D06
svm;agrupado;todos;5;treino;1179;B2_BR16_NIRRIG_REPROD00003.asd;B2;BR16;NIRRIG;D06M;manha;D06
svm;agrupado;todos;5;treino;1180;B2_BR16_NIRRIG_REPROD00004.asd;B2;BR16;NIRRIG;D06M;manha;D06
svm;agrupado;todos;5;treino;1181;B2_BR16_NIRRIG_REPROD00005.asd;B2;BR16;NIRRIG;D06M;manha;D06
svm;agrupado;todos;5;treino;1183;B2_BR16_NIRRIG_REPROD00007.asd;B2;BR16;NIRRIG;D06M;manha;D06
svm;agrupado;todos;5;treino;1184;B3_BR16_IRRIG_REPROD00000.asd;B3;BR16;IRRIG;D06M;manha;D06
svm;agrupado;todos;5;treino;1185;B3_BR16_IRRIG_REPROD00001.asd;B3;BR16;IRRIG;D06M;manha;D06
svm;agrupado;todos;5;treino;1186;B3_BR16_IRRIG_REPROD00002.asd;B3;BR16;IRRIG;D06M;manha;D06
svm;agrupado;todos;5;treino;1187;B3_BR16_IRRIG_REPROD00003.asd;B3;BR16;IRRIG;D06M;manha;D06
svm;agrupado;todos;5;treino;1188;B3_BR16_IRRIG_REPROD00004.asd;B3;BR16;IRRIG;D06M;manha;D06
svm;agrupado;todos;5;treino;1190;B3_BR16_IRRIG_REPROD00006.asd;B3;BR16;IRRIG;D06M;manha;D06
svm;agrupado;todos;5;treino;1191;B3_BR16_IRRIG_REPROD00007.asd;B3;BR16;IRRIG;D06M;manha;D06
svm;agrupado;todos;5;treino;1192;B3_BR16_NIRRIG_REPROD00000.asd;B3;BR16;NIRRIG;D06M;manha;D06
svm;agrupado;todos;5;treino;1194;B3_BR16_NIRRIG_REPROD00002.asd;B3;BR16;NIRRIG;D06M;manha;D06
svm;agrupado;todos;5;treino;1195;B3_BR16_NIRRIG_REPROD00003.asd;B3;BR16;NIRRIG;D06M;manha;D06
svm;agrupado;todos;5;treino;1196;B3_BR16_NIRRIG_REPROD00004.asd;B3;BR16;NIRRIG;D06M;manha;D06
svm;agrupado;todos;5;treino;1198;B3_BR16_NIRRIG_REPROD00006.asd;B3;BR16;NIRRIG;D06M;manha;D06
svm;agrupado;todos;5;treino;1200;B4_BR16_IRRIG_REPROD00000.asd;B4;BR16;IRRIG;D06M;manha;D06
svm;agrupado;todos;5;treino;1201;B4_BR16_IRRIG_REPROD00001.asd;B4;BR16;IRRIG;D06M;manha;D06
svm;agrupado;todos;5;treino;1202;B4_BR16_IRRIG_REPROD00002.asd;B4;BR16;IRRIG;D06M;manha;D06
svm;agrupado;todos;5;treino;1204;B4_BR16_IRRIG_REPROD00004.asd;B4;BR16;IRRIG;D06M;manha;D06
svm;agrupado;todos;5;treino;1205;B4_BR16_IRRIG_REPROD00005.asd;B4;BR16;IRRIG;D06M;manha;D06
svm;agrupado;todos;5;treino;1206;B4_BR16_IRRIG_REPROD00006.asd;B4;BR16;IRRIG;D06M;manha;D06
svm;agrupado;todos;5;treino;1207;B4_BR16_IRRIG_REPROD00007.asd;B4;BR16;IRRIG;D06M;manha;D06
svm;agrupado;todos;5;treino;1210;B4_BR16_NIRRIG_REPROD00002.asd;B4;BR16;NIRRIG;D06M;manha;D06
svm;agrupado;todos;5;treino;1211;B4_BR16_NIRRIG_REPROD00003.asd;B4;BR16;NIRRIG;D06M;manha;D06
svm;agrupado;todos;5;treino;1212;B4_BR16_NIRRIG_REPROD00004.asd;B4;BR16;NIRRIG;D06M;manha;D06
svm;agrupado;todos;5;treino;1213;B4_BR16_NIRRIG_REPROD00005.asd;B4;BR16;NIRRIG;D06M;manha;D06
svm;agrupado;todos;5;treino;1214;B4_BR16_NIRRIG_REPROD00006.asd;B4;BR16;NIRRIG;D06M;manha;D06
svm;agrupado;todos;5;treino;1215;B4_BR16_NIRRIG_REPROD00007.asd;B4;BR16;NIRRIG;D06M;manha;D06
svm;agrupado;todos;5;treino;1216;B1_CD202_IRRIG_REPROD00000.asd;B1;CD202;IRRIG;D06M;manha;D06
svm;agrupado;todos;5;treino;1217;B1_CD202_IRRIG_REPROD00001.asd;B1;CD202;IRRIG;D06M;manha;D06
svm;agrupado;todos;5;treino;1219;B1_CD202_IRRIG_REPROD00003.asd;B1;CD202;IRRIG;D06M;manha;D06
svm;agrupado;todos;5;treino;1220;B1_CD202_IRRIG_REPROD00004.asd;B1;CD202;IRRIG;D06M;manha;D06
svm;agrupado;todos;5;treino;1221;B1_CD202_IRRIG_REPROD00005.asd;B1;CD202;IRRIG;D06M;manha;D06
svm;agrupado;todos;5;treino;1222;B1_CD202_IRRIG_REPROD00006.asd;B1;CD202;IRRIG;D06M;manha;D06
svm;agrupado;todos;5;treino;1223;B1_CD202_IRRIG_REPROD00007.asd;B1;CD202;IRRIG;D06M;manha;D06
svm;agrupado;todos;5;treino;1224;B1_CD202_NIRRIG_REPROD00000.asd;B1;CD202;NIRRIG;D06M;manha;D06
svm;agrupado;todos;5;treino;1225;B1_CD202_NIRRIG_REPROD00001.asd;B1;CD202;NIRRIG;D06M;manha;D06
svm;agrupado;todos;5;treino;1226;B1_CD202_NIRRIG_REPROD00002.asd;B1;CD202;NIRRIG;D06M;manha;D06
svm;agrupado;todos;5;treino;1227;B1_CD202_NIRRIG_REPROD00003.asd;B1;CD202;NIRRIG;D06M;manha;D06
svm;agrupado;todos;5;treino;1228;B1_CD202_NIRRIG_REPROD00004.asd;B1;CD202;NIRRIG;D06M;manha;D06
svm;agrupado;todos;5;treino;1229;B1_CD202_NIRRIG_REPROD00005.asd;B1;CD202;NIRRIG;D06M;manha;D06
svm;agrupado;todos;5;treino;1230;B1_CD202_NIRRIG_REPROD00006.asd;B1;CD202;NIRRIG;D06M;manha;D06
svm;agrupado;todos;5;treino;1231;B1_CD202_NIRRIG_REPROD00007.asd;B1;CD202;NIRRIG;D06M;manha;D06
svm;agrupado;todos;5;treino;1232;B2_CD202_IRRIG_REPROD00000.asd;B2;CD202;IRRIG;D06M;manha;D06
svm;agrupado;todos;5;treino;1233;B2_CD202_IRRIG_REPROD00001.asd;B2;CD202;IRRIG;D06M;manha;D06
svm;agrupado;todos;5;treino;1234;B2_CD202_IRRIG_REPROD00002.asd;B2;CD202;IRRIG;D06M;manha;D06
svm;agrupado;todos;5;treino;1235;B2_CD202_IRRIG_REPROD00003.asd;B2;CD202;IRRIG;D06M;manha;D06
svm;agrupado;todos;5;treino;1236;B2_CD202_IRRIG_REPROD00004.asd;B2;CD202;IRRIG;D06M;manha;D06
svm;agrupado;todos;5;treino;1237;B2_CD202_IRRIG_REPROD00005.asd;B2;CD202;IRRIG;D06M;manha;D06
svm;agrupado;todos;5;treino;1238;B2_CD202_IRRIG_REPROD00006.asd;B2;CD202;IRRIG;D06M;manha;D06
svm;agrupado;todos;5;treino;1239;B2_CD202_IRRIG_REPROD00007.asd;B2;CD202;IRRIG;D06M;manha;D06
svm;agrupado;todos;5;treino;1240;B2_CD202_NIRRIG_REPROD00000.asd;B2;CD202;NIRRIG;D06M;manha;D06
svm;agrupado;todos;5;treino;1241;B2_CD202_NIRRIG_REPROD00001.asd;B2;CD202;NIRRIG;D06M;manha;D06
svm;agrupado;todos;5;treino;1242;B2_CD202_NIRRIG_REPROD00002.asd;B2;CD202;NIRRIG;D06M;manha;D06
svm;agrupado;todos;5;treino;1244;B2_CD202_NIRRIG_REPROD00004.asd;B2;CD202;NIRRIG;D06M;manha;D06
svm;agrupado;todos;5;treino;1246;B2_CD202_NIRRIG_REPROD00006.asd;B2;CD202;NIRRIG;D06M;manha;D06
svm;agrupado;todos;5;treino;1247;B2_CD202_NIRRIG_REPROD00007.asd;B2;CD202;NIRRIG;D06M;manha;D06
svm;agrupado;todos;5;treino;1248;B3_CD202_IRRIG_REPROD00000.asd;B3;CD202;IRRIG;D06M;manha;D06
svm;agrupado;todos;5;treino;1249;B3_CD202_IRRIG_REPROD00001.asd;B3;CD202;IRRIG;D06M;manha;D06
svm;agrupado;todos;5;treino;1250;B3_CD202_IRRIG_REPROD00002.asd;B3;CD202;IRRIG;D06M;manha;D06
svm;agrupado;todos;5;treino;1251;B3_CD202_IRRIG_REPROD00003.asd;B3;CD202;IRRIG;D06M;manha;D06
svm;agrupado;todos;5;treino;1254;B3_CD202_IRRIG_REPROD00006.asd;B3;CD202;IRRIG;D06M;manha;D06
svm;agrupado;todos;5;treino;1256;B3_CD202_NIRRIG_REPROD00000.asd;B3;CD202;NIRRIG;D06M;manha;D06
svm;agrupado;todos;5;treino;1257;B3_CD202_NIRRIG_REPROD00001.asd;B3;CD202;NIRRIG;D06M;manha;D06
svm;agrupado;todos;5;treino;1259;B3_CD202_NIRRIG_REPROD00003.asd;B3;CD202;NIRRIG;D06M;manha;D06
svm;agrupado;todos;5;treino;1260;B3_CD202_NIRRIG_REPROD00004.asd;B3;CD202;NIRRIG;D06M;manha;D06
svm;agrupado;todos;5;treino;1261;B3_CD202_NIRRIG_REPROD00005.asd;B3;CD202;NIRRIG;D06M;manha;D06
svm;agrupado;todos;5;treino;1262;B3_CD202_NIRRIG_REPROD00006.asd;B3;CD202;NIRRIG;D06M;manha;D06
svm;agrupado;todos;5;treino;1263;B3_CD202_NIRRIG_REPROD00007.asd;B3;CD202;NIRRIG;D06M;manha;D06
svm;agrupado;todos;5;treino;1264;B4_CD202_IRRIG_REPROD00000.asd;B4;CD202;IRRIG;D06M;manha;D06
svm;agrupado;todos;5;treino;1265;B4_CD202_IRRIG_REPROD00001.asd;B4;CD202;IRRIG;D06M;manha;D06
svm;agrupado;todos;5;treino;1267;B4_CD202_IRRIG_REPROD00003.asd;B4;CD202;IRRIG;D06M;manha;D06
svm;agrupado;todos;5;treino;1268;B4_CD202_IRRIG_REPROD00004.asd;B4;CD202;IRRIG;D06M;manha;D06
svm;agrupado;todos;5;treino;1269;B4_CD202_IRRIG_REPROD00005.asd;B4;CD202;IRRIG;D06M;manha;D06
svm;agrupado;todos;5;treino;1270;B4_CD202_IRRIG_REPROD00006.asd;B4;CD202;IRRIG;D06M;manha;D06
svm;agrupado;todos;5;treino;1272;B4_CD202_NIRRIG_REPROD00000.asd;B4;CD202;NIRRIG;D06M;manha;D06
svm;agrupado;todos;5;treino;1273;B4_CD202_NIRRIG_REPROD00001.asd;B4;CD202;NIRRIG;D06M;manha;D06
svm;agrupado;todos;5;treino;1275;B4_CD202_NIRRIG_REPROD00003.asd;B4;CD202;NIRRIG;D06M;manha;D06
svm;agrupado;todos;5;treino;1276;B4_CD202_NIRRIG_REPROD00004.asd;B4;CD202;NIRRIG;D06M;manha;D06
svm;agrupado;todos;5;treino;1278;B4_CD202_NIRRIG_REPROD00006.asd;B4;CD202;NIRRIG;D06M;manha;D06
svm;agrupado;todos;5;treino;1279;B4_CD202_NIRRIG_REPROD00007.asd;B4;CD202;NIRRIG;D06M;manha;D06
svm;agrupado;todos;5;treino;1280;B1_EMB48_IRRIG_REPROD00000.asd;B1;EMB48;IRRIG;D06M;manha;D06
svm;agrupado;todos;5;treino;1281;B1_EMB48_IRRIG_REPROD00001.asd;B1;EMB48;IRRIG;D06M;manha;D06
svm;agrupado;todos;5;treino;1282;B1_EMB48_IRRIG_REPROD00002.asd;B1;EMB48;IRRIG;D06M;manha;D06
svm;agrupado;todos;5;treino;1283;B1_EMB48_IRRIG_REPROD00003.asd;B1;EMB48;IRRIG;D06M;manha;D06
svm;agrupado;todos;5;treino;1284;B1_EMB48_IRRIG_REPROD00004.asd;B1;EMB48;IRRIG;D06M;manha;D06
svm;agrupado;todos;5;treino;1286;B1_EMB48_IRRIG_REPROD00006.asd;B1;EMB48;IRRIG;D06M;manha;D06
svm;agrupado;todos;5;treino;1287;B1_EMB48_IRRIG_REPROD00007.asd;B1;EMB48;IRRIG;D06M;manha;D06
svm;agrupado;todos;5;treino;1288;B1_EMB48_NIRRIG_REPROD00000.asd;B1;EMB48;NIRRIG;D06M;manha;D06
svm;agrupado;todos;5;treino;1289;B1_EMB48_NIRRIG_REPROD00001.asd;B1;EMB48;NIRRIG;D06M;manha;D06
svm;agrupado;todos;5;treino;1290;B1_EMB48_NIRRIG_REPROD00002.asd;B1;EMB48;NIRRIG;D06M;manha;D06
svm;agrupado;todos;5;treino;1291;B1_EMB48_NIRRIG_REPROD00003.asd;B1;EMB48;NIRRIG;D06M;manha;D06
svm;agrupado;todos;5;treino;1292;B1_EMB48_NIRRIG_REPROD00004.asd;B1;EMB48;NIRRIG;D06M;manha;D06
svm;agrupado;todos;5;treino;1293;B1_EMB48_NIRRIG_REPROD00005.asd;B1;EMB48;NIRRIG;D06M;manha;D06
svm;agrupado;todos;5;treino;1294;B1_EMB48_NIRRIG_REPROD00006.asd;B1;EMB48;NIRRIG;D06M;manha;D06
svm;agrupado;todos;5;treino;1295;B1_EMB48_NIRRIG_REPROD00007.asd;B1;EMB48;NIRRIG;D06M;manha;D06
svm;agrupado;todos;5;treino;1298;B2_EMB48_IRRIG_REPROD00002.asd;B2;EMB48;IRRIG;D06M;manha;D06
svm;agrupado;todos;5;treino;1299;B2_EMB48_IRRIG_REPROD00003.asd;B2;EMB48;IRRIG;D06M;manha;D06
svm;agrupado;todos;5;treino;1301;B2_EMB48_IRRIG_REPROD00005.asd;B2;EMB48;IRRIG;D06M;manha;D06
svm;agrupado;todos;5;treino;1302;B2_EMB48_IRRIG_REPROD00006.asd;B2;EMB48;IRRIG;D06M;manha;D06
svm;agrupado;todos;5;treino;1303;B2_EMB48_IRRIG_REPROD00007.asd;B2;EMB48;IRRIG;D06M;manha;D06
svm;agrupado;todos;5;treino;1306;B2_EMB48_NIRRIG_REPROD00002.asd;B2;EMB48;NIRRIG;D06M;manha;D06
svm;agrupado;todos;5;treino;1307;B2_EMB48_NIRRIG_REPROD00003.asd;B2;EMB48;NIRRIG;D06M;manha;D06
svm;agrupado;todos;5;treino;1308;B2_EMB48_NIRRIG_REPROD00004.asd;B2;EMB48;NIRRIG;D06M;manha;D06
svm;agrupado;todos;5;treino;1309;B2_EMB48_NIRRIG_REPROD00005.asd;B2;EMB48;NIRRIG;D06M;manha;D06
svm;agrupado;todos;5;treino;1310;B2_EMB48_NIRRIG_REPROD00006.asd;B2;EMB48;NIRRIG;D06M;manha;D06
svm;agrupado;todos;5;treino;1311;B2_EMB48_NIRRIG_REPROD00007.asd;B2;EMB48;NIRRIG;D06M;manha;D06
svm;agrupado;todos;5;treino;1312;B3_EMB48_IRRIG_REPROD00000.asd;B3;EMB48;IRRIG;D06M;manha;D06
svm;agrupado;todos;5;treino;1314;B3_EMB48_IRRIG_REPROD00002.asd;B3;EMB48;IRRIG;D06M;manha;D06
svm;agrupado;todos;5;treino;1315;B3_EMB48_IRRIG_REPROD00003.asd;B3;EMB48;IRRIG;D06M;manha;D06
svm;agrupado;todos;5;treino;1317;B3_EMB48_IRRIG_REPROD00005.asd;B3;EMB48;IRRIG;D06M;manha;D06
svm;agrupado;todos;5;treino;1318;B3_EMB48_IRRIG_REPROD00006.asd;B3;EMB48;IRRIG;D06M;manha;D06
svm;agrupado;todos;5;treino;1319;B3_EMB48_IRRIG_REPROD00007.asd;B3;EMB48;IRRIG;D06M;manha;D06
svm;agrupado;todos;5;treino;1320;B3_EMB48_NIRRIG_REPROD00000.asd;B3;EMB48;NIRRIG;D06M;manha;D06
svm;agrupado;todos;5;treino;1321;B3_EMB48_NIRRIG_REPROD00001.asd;B3;EMB48;NIRRIG;D06M;manha;D06
svm;agrupado;todos;5;treino;1323;B3_EMB48_NIRRIG_REPROD00003.asd;B3;EMB48;NIRRIG;D06M;manha;D06
svm;agrupado;todos;5;treino;1324;B3_EMB48_NIRRIG_REPROD00004.asd;B3;EMB48;NIRRIG;D06M;manha;D06
svm;agrupado;todos;5;treino;1325;B3_EMB48_NIRRIG_REPROD00005.asd;B3;EMB48;NIRRIG;D06M;manha;D06
svm;agrupado;todos;5;treino;1326;B3_EMB48_NIRRIG_REPROD00006.asd;B3;EMB48;NIRRIG;D06M;manha;D06
svm;agrupado;todos;5;treino;1327;B3_EMB48_NIRRIG_REPROD00007.asd;B3;EMB48;NIRRIG;D06M;manha;D06
svm;agrupado;todos;5;treino;1329;B4_EMB48_IRRIG_REPROD00001.asd;B4;EMB48;IRRIG;D06M;manha;D06
svm;agrupado;todos;5;treino;1331;B4_EMB48_IRRIG_REPROD00003.asd;B4;EMB48;IRRIG;D06M;manha;D06
svm;agrupado;todos;5;treino;1332;B4_EMB48_IRRIG_REPROD00004.asd;B4;EMB48;IRRIG;D06M;manha;D06
svm;agrupado;todos;5;treino;1334;B4_EMB48_IRRIG_REPROD00006.asd;B4;EMB48;IRRIG;D06M;manha;D06
svm;agrupado;todos;5;treino;1335;B4_EMB48_IRRIG_REPROD00007.asd;B4;EMB48;IRRIG;D06M;manha;D06
svm;agrupado;todos;5;treino;1336;B4_EMB48_NIRRIG_REPROD00000.asd;B4;EMB48;NIRRIG;D06M;manha;D06
svm;agrupado;todos;5;treino;1337;B4_EMB48_NIRRIG_REPROD00001.asd;B4;EMB48;NIRRIG;D06M;manha;D06
svm;agrupado;todos;5;treino;1338;B4_EMB48_NIRRIG_REPROD00002.asd;B4;EMB48;NIRRIG;D06M;manha;D06
svm;agrupado;todos;5;treino;1339;B4_EMB48_NIRRIG_REPROD00003.asd;B4;EMB48;NIRRIG;D06M;manha;D06
svm;agrupado;todos;5;treino;1340;B4_EMB48_NIRRIG_REPROD00004.asd;B4;EMB48;NIRRIG;D06M;manha;D06
svm;agrupado;todos;5;treino;1341;B4_EMB48_NIRRIG_REPROD00005.asd;B4;EMB48;NIRRIG;D06M;manha;D06
svm;agrupado;todos;5;treino;1342;B4_EMB48_NIRRIG_REPROD00006.asd;B4;EMB48;NIRRIG;D06M;manha;D06
svm;agrupado;todos;5;treino;1343;B4_EMB48_NIRRIG_REPROD00007.asd;B4;EMB48;NIRRIG;D06M;manha;D06
svm;agrupado;todos;5;treino;1345;B1_BR16_IRR_REP_RECUP00001.asd;B1;BR16;IRRIG;D09M;manha;D09
svm;agrupado;todos;5;treino;1346;B1_BR16_IRR_REP_RECUP00002.asd;B1;BR16;IRRIG;D09M;manha;D09
svm;agrupado;todos;5;treino;1347;B1_BR16_IRR_REP_RECUP00003.asd;B1;BR16;IRRIG;D09M;manha;D09
svm;agrupado;todos;5;treino;1348;B1_BR16_IRR_REP_RECUP00004.asd;B1;BR16;IRRIG;D09M;manha;D09
svm;agrupado;todos;5;treino;1349;B1_BR16_IRR_REP_RECUP00005.asd;B1;BR16;IRRIG;D09M;manha;D09
svm;agrupado;todos;5;treino;1350;B1_BR16_IRR_REP_RECUP00006.asd;B1;BR16;IRRIG;D09M;manha;D09
svm;agrupado;todos;5;treino;1351;B1_BR16_IRR_REP_RECUP00007.asd;B1;BR16;IRRIG;D09M;manha;D09
svm;agrupado;todos;5;treino;1352;B1_BR16_NIRR_REP_RECUP00000.asd;B1;BR16;NIRRIG;D09M;manha;D09
svm;agrupado;todos;5;treino;1353;B1_BR16_NIRR_REP_RECUP00001.asd;B1;BR16;NIRRIG;D09M;manha;D09
svm;agrupado;todos;5;treino;1354;B1_BR16_NIRR_REP_RECUP00002.asd;B1;BR16;NIRRIG;D09M;manha;D09
svm;agrupado;todos;5;treino;1355;B1_BR16_NIRR_REP_RECUP00003.asd;B1;BR16;NIRRIG;D09M;manha;D09
svm;agrupado;todos;5;treino;1356;B1_BR16_NIRR_REP_RECUP00004.asd;B1;BR16;NIRRIG;D09M;manha;D09
svm;agrupado;todos;5;treino;1357;B1_BR16_NIRR_REP_RECUP00005.asd;B1;BR16;NIRRIG;D09M;manha;D09
svm;agrupado;todos;5;treino;1358;B1_BR16_NIRR_REP_RECUP00006.asd;B1;BR16;NIRRIG;D09M;manha;D09
svm;agrupado;todos;5;treino;1359;B1_BR16_NIRR_REP_RECUP00007.asd;B1;BR16;NIRRIG;D09M;manha;D09
svm;agrupado;todos;5;treino;1361;B2_BR16_IRR_REP_RECUP00001.asd;B2;BR16;IRRIG;D09M;manha;D09
svm;agrupado;todos;5;treino;1362;B2_BR16_IRR_REP_RECUP00002.asd;B2;BR16;IRRIG;D09M;manha;D09
svm;agrupado;todos;5;treino;1365;B2_BR16_IRR_REP_RECUP00005.asd;B2;BR16;IRRIG;D09M;manha;D09
svm;agrupado;todos;5;treino;1366;B2_BR16_IRR_REP_RECUP00006.asd;B2;BR16;IRRIG;D09M;manha;D09
svm;agrupado;todos;5;treino;1367;B2_BR16_IRR_REP_RECUP00007.asd;B2;BR16;IRRIG;D09M;manha;D09
svm;agrupado;todos;5;treino;1368;B2_BR16_NIRR_REP_RECUP00000.asd;B2;BR16;NIRRIG;D09M;manha;D09
svm;agrupado;todos;5;treino;1369;B2_BR16_NIRR_REP_RECUP00001.asd;B2;BR16;NIRRIG;D09M;manha;D09
svm;agrupado;todos;5;treino;1370;B2_BR16_NIRR_REP_RECUP00002.asd;B2;BR16;NIRRIG;D09M;manha;D09
svm;agrupado;todos;5;treino;1372;B2_BR16_NIRR_REP_RECUP00004.asd;B2;BR16;NIRRIG;D09M;manha;D09
svm;agrupado;todos;5;treino;1373;B2_BR16_NIRR_REP_RECUP00005.asd;B2;BR16;NIRRIG;D09M;manha;D09
svm;agrupado;todos;5;treino;1374;B2_BR16_NIRR_REP_RECUP00006.asd;B2;BR16;NIRRIG;D09M;manha;D09
svm;agrupado;todos;5;treino;1375;B2_BR16_NIRR_REP_RECUP00007.asd;B2;BR16;NIRRIG;D09M;manha;D09
svm;agrupado;todos;5;treino;1376;B3_BR16_IRR_REP_RECUP00000.asd;B3;BR16;IRRIG;D09M;manha;D09
svm;agrupado;todos;5;treino;1377;B3_BR16_IRR_REP_RECUP00001.asd;B3;BR16;IRRIG;D09M;manha;D09
svm;agrupado;todos;5;treino;1378;B3_BR16_IRR_REP_RECUP00002.asd;B3;BR16;IRRIG;D09M;manha;D09
svm;agrupado;todos;5;treino;1379;B3_BR16_IRR_REP_RECUP00003.asd;B3;BR16;IRRIG;D09M;manha;D09
svm;agrupado;todos;5;treino;1380;B3_BR16_IRR_REP_RECUP00004.asd;B3;BR16;IRRIG;D09M;manha;D09
svm;agrupado;todos;5;treino;1381;B3_BR16_IRR_REP_RECUP00005.asd;B3;BR16;IRRIG;D09M;manha;D09
svm;agrupado;todos;5;treino;1382;B3_BR16_IRR_REP_RECUP00006.asd;B3;BR16;IRRIG;D09M;manha;D09
svm;agrupado;todos;5;treino;1383;B3_BR16_IRR_REP_RECUP00007.asd;B3;BR16;IRRIG;D09M;manha;D09
svm;agrupado;todos;5;treino;1384;B3_BR16_NIRR_REP_RECUP00000.asd;B3;BR16;NIRRIG;D09M;manha;D09
svm;agrupado;todos;5;treino;1385;B3_BR16_NIRR_REP_RECUP00001.asd;B3;BR16;NIRRIG;D09M;manha;D09
svm;agrupado;todos;5;treino;1386;B3_BR16_NIRR_REP_RECUP00002.asd;B3;BR16;NIRRIG;D09M;manha;D09
svm;agrupado;todos;5;treino;1388;B3_BR16_NIRR_REP_RECUP00004.asd;B3;BR16;NIRRIG;D09M;manha;D09
svm;agrupado;todos;5;treino;1389;B3_BR16_NIRR_REP_RECUP00005.asd;B3;BR16;NIRRIG;D09M;manha;D09
svm;agrupado;todos;5;treino;1390;B3_BR16_NIRR_REP_RECUP00006.asd;B3;BR16;NIRRIG;D09M;manha;D09
svm;agrupado;todos;5;treino;1391;B3_BR16_NIRR_REP_RECUP00007.asd;B3;BR16;NIRRIG;D09M;manha;D09
svm;agrupado;todos;5;treino;1392;B4_BR16_IRR_REP_RECUP00000.asd;B4;BR16;IRRIG;D09M;manha;D09
svm;agrupado;todos;5;treino;1393;B4_BR16_IRR_REP_RECUP00001.asd;B4;BR16;IRRIG;D09M;manha;D09
svm;agrupado;todos;5;treino;1394;B4_BR16_IRR_REP_RECUP00002.asd;B4;BR16;IRRIG;D09M;manha;D09
svm;agrupado;todos;5;treino;1396;B4_BR16_IRR_REP_RECUP00004.asd;B4;BR16;IRRIG;D09M;manha;D09
svm;agrupado;todos;5;treino;1397;B4_BR16_IRR_REP_RECUP00005.asd;B4;BR16;IRRIG;D09M;manha;D09
svm;agrupado;todos;5;treino;1398;B4_BR16_IRR_REP_RECUP00006.asd;B4;BR16;IRRIG;D09M;manha;D09
svm;agrupado;todos;5;treino;1399;B4_BR16_IRR_REP_RECUP00007.asd;B4;BR16;IRRIG;D09M;manha;D09
svm;agrupado;todos;5;treino;1404;B4_BR16_NIRR_REP_RECUP00004.asd;B4;BR16;NIRRIG;D09M;manha;D09
svm;agrupado;todos;5;treino;1405;B4_BR16_NIRR_REP_RECUP00005.asd;B4;BR16;NIRRIG;D09M;manha;D09
svm;agrupado;todos;5;treino;1406;B4_BR16_NIRR_REP_RECUP00006.asd;B4;BR16;NIRRIG;D09M;manha;D09
svm;agrupado;todos;5;treino;1407;B4_BR16_NIRR_REP_RECUP00007.asd;B4;BR16;NIRRIG;D09M;manha;D09
svm;agrupado;todos;5;treino;1408;B1_CD202_IRR_REP_RECUP00000.asd;B1;CD202;IRRIG;D09M;manha;D09
svm;agrupado;todos;5;treino;1409;B1_CD202_IRR_REP_RECUP00001.asd;B1;CD202;IRRIG;D09M;manha;D09
svm;agrupado;todos;5;treino;1410;B1_CD202_IRR_REP_RECUP00002.asd;B1;CD202;IRRIG;D09M;manha;D09
svm;agrupado;todos;5;treino;1411;B1_CD202_IRR_REP_RECUP00003.asd;B1;CD202;IRRIG;D09M;manha;D09
svm;agrupado;todos;5;treino;1412;B1_CD202_IRR_REP_RECUP00004.asd;B1;CD202;IRRIG;D09M;manha;D09
svm;agrupado;todos;5;treino;1413;B1_CD202_IRR_REP_RECUP00005.asd;B1;CD202;IRRIG;D09M;manha;D09
svm;agrupado;todos;5;treino;1414;B1_CD202_IRR_REP_RECUP00006.asd;B1;CD202;IRRIG;D09M;manha;D09
svm;agrupado;todos;5;treino;1416;B1_CD202_IRR_REP_RECUP00008.asd;B1;CD202;IRRIG;D09M;manha;D09
svm;agrupado;todos;5;treino;1417;B1_CD202_IRR_REP_RECUP00009.asd;B1;CD202;IRRIG;D09M;manha;D09
svm;agrupado;todos;5;treino;1420;B1_CD202_NIRR_REP_RECUP00000.asd;B1;CD202;NIRRIG;D09M;manha;D09
svm;agrupado;todos;5;treino;1422;B1_CD202_NIRR_REP_RECUP00002.asd;B1;CD202;NIRRIG;D09M;manha;D09
svm;agrupado;todos;5;treino;1424;B1_CD202_NIRR_REP_RECUP00004.asd;B1;CD202;NIRRIG;D09M;manha;D09
svm;agrupado;todos;5;treino;1426;B1_CD202_NIRR_REP_RECUP00006.asd;B1;CD202;NIRRIG;D09M;manha;D09
svm;agrupado;todos;5;treino;1427;B1_CD202_NIRR_REP_RECUP00007.asd;B1;CD202;NIRRIG;D09M;manha;D09
svm;agrupado;todos;5;treino;1429;B2_CD202_IRR_REP_RECUP00001.asd;B2;CD202;IRRIG;D09M;manha;D09
svm;agrupado;todos;5;treino;1430;B2_CD202_IRR_REP_RECUP00002.asd;B2;CD202;IRRIG;D09M;manha;D09
svm;agrupado;todos;5;treino;1431;B2_CD202_IRR_REP_RECUP00003.asd;B2;CD202;IRRIG;D09M;manha;D09
svm;agrupado;todos;5;treino;1432;B2_CD202_IRR_REP_RECUP00004.asd;B2;CD202;IRRIG;D09M;manha;D09
svm;agrupado;todos;5;treino;1433;B2_CD202_IRR_REP_RECUP00005.asd;B2;CD202;IRRIG;D09M;manha;D09
svm;agrupado;todos;5;treino;1434;B2_CD202_IRR_REP_RECUP00006.asd;B2;CD202;IRRIG;D09M;manha;D09
svm;agrupado;todos;5;treino;1436;B2_CD202_NIRR_REP_RECUP00000.asd;B2;CD202;NIRRIG;D09M;manha;D09
svm;agrupado;todos;5;treino;1437;B2_CD202_NIRR_REP_RECUP00001.asd;B2;CD202;NIRRIG;D09M;manha;D09
svm;agrupado;todos;5;treino;1438;B2_CD202_NIRR_REP_RECUP00002.asd;B2;CD202;NIRRIG;D09M;manha;D09
svm;agrupado;todos;5;treino;1439;B2_CD202_NIRR_REP_RECUP00003.asd;B2;CD202;NIRRIG;D09M;manha;D09
svm;agrupado;todos;5;treino;1442;B2_CD202_NIRR_REP_RECUP00006.asd;B2;CD202;NIRRIG;D09M;manha;D09
svm;agrupado;todos;5;treino;1443;B2_CD202_NIRR_REP_RECUP00007.asd;B2;CD202;NIRRIG;D09M;manha;D09
svm;agrupado;todos;5;treino;1444;B3_CD202_IRR_REP_RECUP00000.asd;B3;CD202;IRRIG;D09M;manha;D09
svm;agrupado;todos;5;treino;1446;B3_CD202_IRR_REP_RECUP00002.asd;B3;CD202;IRRIG;D09M;manha;D09
svm;agrupado;todos;5;treino;1447;B3_CD202_IRR_REP_RECUP00003.asd;B3;CD202;IRRIG;D09M;manha;D09
svm;agrupado;todos;5;treino;1448;B3_CD202_IRR_REP_RECUP00004.asd;B3;CD202;IRRIG;D09M;manha;D09
svm;agrupado;todos;5;treino;1449;B3_CD202_IRR_REP_RECUP00005.asd;B3;CD202;IRRIG;D09M;manha;D09
svm;agrupado;todos;5;treino;1451;B3_CD202_IRR_REP_RECUP00007.asd;B3;CD202;IRRIG;D09M;manha;D09
svm;agrupado;todos;5;treino;1452;B3_CD202_NIRR_REP_RECUP00000.asd;B3;CD202;NIRRIG;D09M;manha;D09
svm;agrupado;todos;5;treino;1453;B3_CD202_NIRR_REP_RECUP00001.asd;B3;CD202;NIRRIG;D09M;manha;D09
svm;agrupado;todos;5;treino;1455;B3_CD202_NIRR_REP_RECUP00003.asd;B3;CD202;NIRRIG;D09M;manha;D09
svm;agrupado;todos;5;treino;1456;B3_CD202_NIRR_REP_RECUP00004.asd;B3;CD202;NIRRIG;D09M;manha;D09
svm;agrupado;todos;5;treino;1457;B3_CD202_NIRR_REP_RECUP00005.asd;B3;CD202;NIRRIG;D09M;manha;D09
svm;agrupado;todos;5;treino;1458;B3_CD202_NIRR_REP_RECUP00006.asd;B3;CD202;NIRRIG;D09M;manha;D09
svm;agrupado;todos;5;treino;1459;B3_CD202_NIRR_REP_RECUP00007.asd;B3;CD202;NIRRIG;D09M;manha;D09
svm;agrupado;todos;5;treino;1460;B4_CD202_IRR_REP_RECUP00000.asd;B4;CD202;IRRIG;D09M;manha;D09
svm;agrupado;todos;5;treino;1461;B4_CD202_IRR_REP_RECUP00001.asd;B4;CD202;IRRIG;D09M;manha;D09
svm;agrupado;todos;5;treino;1463;B4_CD202_IRR_REP_RECUP00003.asd;B4;CD202;IRRIG;D09M;manha;D09
svm;agrupado;todos;5;treino;1465;B4_CD202_IRR_REP_RECUP00005.asd;B4;CD202;IRRIG;D09M;manha;D09
svm;agrupado;todos;5;treino;1466;B4_CD202_IRR_REP_RECUP00006.asd;B4;CD202;IRRIG;D09M;manha;D09
svm;agrupado;todos;5;treino;1467;B4_CD202_IRR_REP_RECUP00007.asd;B4;CD202;IRRIG;D09M;manha;D09
svm;agrupado;todos;5;treino;1468;B4_CD202_NIRR_REP_RECUP00000.asd;B4;CD202;NIRRIG;D09M;manha;D09
svm;agrupado;todos;5;treino;1469;B4_CD202_NIRR_REP_RECUP00001.asd;B4;CD202;NIRRIG;D09M;manha;D09
svm;agrupado;todos;5;treino;1471;B4_CD202_NIRR_REP_RECUP00003.asd;B4;CD202;NIRRIG;D09M;manha;D09
svm;agrupado;todos;5;treino;1472;B4_CD202_NIRR_REP_RECUP00004.asd;B4;CD202;NIRRIG;D09M;manha;D09
svm;agrupado;todos;5;treino;1473;B4_CD202_NIRR_REP_RECUP00005.asd;B4;CD202;NIRRIG;D09M;manha;D09
svm;agrupado;todos;5;treino;1474;B4_CD202_NIRR_REP_RECUP00006.asd;B4;CD202;NIRRIG;D09M;manha;D09
svm;agrupado;todos;5;treino;1475;B4_CD202_NIRR_REP_RECUP00007.asd;B4;CD202;NIRRIG;D09M;manha;D09
svm;agrupado;todos;5;treino;1476;B1_EMB48_IRR_REP_RECUP00000.asd;B1;EMB48;IRRIG;D09M;manha;D09
svm;agrupado;todos;5;treino;1478;B1_EMB48_IRR_REP_RECUP00002.asd;B1;EMB48;IRRIG;D09M;manha;D09
svm;agrupado;todos;5;treino;1479;B1_EMB48_IRR_REP_RECUP00003.asd;B1;EMB48;IRRIG;D09M;manha;D09
svm;agrupado;todos;5;treino;1480;B1_EMB48_IRR_REP_RECUP00004.asd;B1;EMB48;IRRIG;D09M;manha;D09
svm;agrupado;todos;5;treino;1481;B1_EMB48_IRR_REP_RECUP00005.asd;B1;EMB48;IRRIG;D09M;manha;D09
svm;agrupado;todos;5;treino;1485;B1_EMB48_NIRR_REP_RECUP00001.asd;B1;EMB48;NIRRIG;D09M;manha;D09
svm;agrupado;todos;5;treino;1486;B1_EMB48_NIRR_REP_RECUP00002.asd;B1;EMB48;NIRRIG;D09M;manha;D09
svm;agrupado;todos;5;treino;1487;B1_EMB48_NIRR_REP_RECUP00003.asd;B1;EMB48;NIRRIG;D09M;manha;D09
svm;agrupado;todos;5;treino;1488;B1_EMB48_NIRR_REP_RECUP00004.asd;B1;EMB48;NIRRIG;D09M;manha;D09
svm;agrupado;todos;5;treino;1489;B1_EMB48_NIRR_REP_RECUP00005.asd;B1;EMB48;NIRRIG;D09M;manha;D09
svm;agrupado;todos;5;treino;1490;B1_EMB48_NIRR_REP_RECUP00006.asd;B1;EMB48;NIRRIG;D09M;manha;D09
svm;agrupado;todos;5;treino;1492;B2_EMB48_IRR_REP_RECUP00000.asd;B2;EMB48;IRRIG;D09M;manha;D09
svm;agrupado;todos;5;treino;1493;B2_EMB48_IRR_REP_RECUP00001.asd;B2;EMB48;IRRIG;D09M;manha;D09
svm;agrupado;todos;5;treino;1494;B2_EMB48_IRR_REP_RECUP00002.asd;B2;EMB48;IRRIG;D09M;manha;D09
svm;agrupado;todos;5;treino;1495;B2_EMB48_IRR_REP_RECUP00003.asd;B2;EMB48;IRRIG;D09M;manha;D09
svm;agrupado;todos;5;treino;1497;B2_EMB48_IRR_REP_RECUP00005.asd;B2;EMB48;IRRIG;D09M;manha;D09
svm;agrupado;todos;5;treino;1499;B2_EMB48_IRR_REP_RECUP00007.asd;B2;EMB48;IRRIG;D09M;manha;D09
svm;agrupado;todos;5;treino;1500;B2_EMB48_NIRR_REP_RECUP00000.asd;B2;EMB48;NIRRIG;D09M;manha;D09
svm;agrupado;todos;5;treino;1501;B2_EMB48_NIRR_REP_RECUP00001.asd;B2;EMB48;NIRRIG;D09M;manha;D09
svm;agrupado;todos;5;treino;1502;B2_EMB48_NIRR_REP_RECUP00002.asd;B2;EMB48;NIRRIG;D09M;manha;D09
svm;agrupado;todos;5;treino;1503;B2_EMB48_NIRR_REP_RECUP00003.asd;B2;EMB48;NIRRIG;D09M;manha;D09
svm;agrupado;todos;5;treino;1505;B2_EMB48_NIRR_REP_RECUP00009.asd;B2;EMB48;NIRRIG;D09M;manha;D09
svm;agrupado;todos;5;treino;1506;B2_EMB48_NIRR_REP_RECUP00010.asd;B2;EMB48;NIRRIG;D09M;manha;D09
svm;agrupado;todos;5;treino;1507;B2_EMB48_NIRR_REP_RECUP00011.asd;B2;EMB48;NIRRIG;D09M;manha;D09
svm;agrupado;todos;5;treino;1508;B3_EMB48_IRR_REP_RECUP00000.asd;B3;EMB48;IRRIG;D09M;manha;D09
svm;agrupado;todos;5;treino;1509;B3_EMB48_IRR_REP_RECUP00001.asd;B3;EMB48;IRRIG;D09M;manha;D09
svm;agrupado;todos;5;treino;1510;B3_EMB48_IRR_REP_RECUP00002.asd;B3;EMB48;IRRIG;D09M;manha;D09
svm;agrupado;todos;5;treino;1511;B3_EMB48_IRR_REP_RECUP00003.asd;B3;EMB48;IRRIG;D09M;manha;D09
svm;agrupado;todos;5;treino;1512;B3_EMB48_IRR_REP_RECUP00004.asd;B3;EMB48;IRRIG;D09M;manha;D09
svm;agrupado;todos;5;treino;1513;B3_EMB48_IRR_REP_RECUP00005.asd;B3;EMB48;IRRIG;D09M;manha;D09
svm;agrupado;todos;5;treino;1514;B3_EMB48_IRR_REP_RECUP00006.asd;B3;EMB48;IRRIG;D09M;manha;D09
svm;agrupado;todos;5;treino;1516;B3_EMB48_NIRR_REP_RECUP00000.asd;B3;EMB48;NIRRIG;D09M;manha;D09
svm;agrupado;todos;5;treino;1518;B3_EMB48_NIRR_REP_RECUP00002.asd;B3;EMB48;NIRRIG;D09M;manha;D09
svm;agrupado;todos;5;treino;1519;B3_EMB48_NIRR_REP_RECUP00003.asd;B3;EMB48;NIRRIG;D09M;manha;D09
svm;agrupado;todos;5;treino;1520;B3_EMB48_NIRR_REP_RECUP00004.asd;B3;EMB48;NIRRIG;D09M;manha;D09
svm;agrupado;todos;5;treino;1522;B3_EMB48_NIRR_REP_RECUP00006.asd;B3;EMB48;NIRRIG;D09M;manha;D09
svm;agrupado;todos;5;treino;1523;B3_EMB48_NIRR_REP_RECUP00007.asd;B3;EMB48;NIRRIG;D09M;manha;D09
svm;agrupado;todos;5;treino;1524;B4_EMB48_IRR_REP_RECUP00000.asd;B4;EMB48;IRRIG;D09M;manha;D09
svm;agrupado;todos;5;treino;1525;B4_EMB48_IRR_REP_RECUP00001.asd;B4;EMB48;IRRIG;D09M;manha;D09
svm;agrupado;todos;5;treino;1526;B4_EMB48_IRR_REP_RECUP00002.asd;B4;EMB48;IRRIG;D09M;manha;D09
svm;agrupado;todos;5;treino;1527;B4_EMB48_IRR_REP_RECUP00003.asd;B4;EMB48;IRRIG;D09M;manha;D09
svm;agrupado;todos;5;treino;1528;B4_EMB48_IRR_REP_RECUP00004.asd;B4;EMB48;IRRIG;D09M;manha;D09
svm;agrupado;todos;5;treino;1529;B4_EMB48_IRR_REP_RECUP00005.asd;B4;EMB48;IRRIG;D09M;manha;D09
svm;agrupado;todos;5;treino;1530;B4_EMB48_IRR_REP_RECUP00006.asd;B4;EMB48;IRRIG;D09M;manha;D09
svm;agrupado;todos;5;treino;1532;B4_EMB48_NIRR_REP_RECUP00000.asd;B4;EMB48;NIRRIG;D09M;manha;D09
svm;agrupado;todos;5;treino;1533;B4_EMB48_NIRR_REP_RECUP00001.asd;B4;EMB48;NIRRIG;D09M;manha;D09
svm;agrupado;todos;5;treino;1534;B4_EMB48_NIRR_REP_RECUP00002.asd;B4;EMB48;NIRRIG;D09M;manha;D09
svm;agrupado;todos;5;treino;1536;B4_EMB48_NIRR_REP_RECUP00004.asd;B4;EMB48;NIRRIG;D09M;manha;D09
svm;agrupado;todos;5;treino;1537;B4_EMB48_NIRR_REP_RECUP00005.asd;B4;EMB48;NIRRIG;D09M;manha;D09
svm;agrupado;todos;5;treino;1539;B4_EMB48_NIRR_REP_RECUP00007.asd;B4;EMB48;NIRRIG;D09M;manha;D09
svm;agrupado;todos;5;treino;1541;B1_BR16_IRR_REP_RECUP00001.asd;B1;BR16;IRRIG;D09T;tarde;D09
svm;agrupado;todos;5;treino;1542;B1_BR16_IRR_REP_RECUP00002.asd;B1;BR16;IRRIG;D09T;tarde;D09
svm;agrupado;todos;5;treino;1543;B1_BR16_IRR_REP_RECUP00003.asd;B1;BR16;IRRIG;D09T;tarde;D09
svm;agrupado;todos;5;treino;1544;B1_BR16_IRR_REP_RECUP00004.asd;B1;BR16;IRRIG;D09T;tarde;D09
svm;agrupado;todos;5;treino;1545;B1_BR16_IRR_REP_RECUP00005.asd;B1;BR16;IRRIG;D09T;tarde;D09
svm;agrupado;todos;5;treino;1546;B1_BR16_IRR_REP_RECUP00006.asd;B1;BR16;IRRIG;D09T;tarde;D09
svm;agrupado;todos;5;treino;1547;B1_BR16_IRR_REP_RECUP00007.asd;B1;BR16;IRRIG;D09T;tarde;D09
svm;agrupado;todos;5;treino;1548;B1_BR16_NIRR_REP_RECUP00000.asd;B1;BR16;NIRRIG;D09T;tarde;D09
svm;agrupado;todos;5;treino;1549;B1_BR16_NIRR_REP_RECUP00001.asd;B1;BR16;NIRRIG;D09T;tarde;D09
svm;agrupado;todos;5;treino;1550;B1_BR16_NIRR_REP_RECUP00002.asd;B1;BR16;NIRRIG;D09T;tarde;D09
svm;agrupado;todos;5;treino;1551;B1_BR16_NIRR_REP_RECUP00003.asd;B1;BR16;NIRRIG;D09T;tarde;D09
svm;agrupado;todos;5;treino;1552;B1_BR16_NIRR_REP_RECUP00004.asd;B1;BR16;NIRRIG;D09T;tarde;D09
svm;agrupado;todos;5;treino;1553;B1_BR16_NIRR_REP_RECUP00005.asd;B1;BR16;NIRRIG;D09T;tarde;D09
svm;agrupado;todos;5;treino;1554;B1_BR16_NIRR_REP_RECUP00006.asd;B1;BR16;NIRRIG;D09T;tarde;D09
svm;agrupado;todos;5;treino;1555;B1_BR16_NIRR_REP_RECUP00007.asd;B1;BR16;NIRRIG;D09T;tarde;D09
svm;agrupado;todos;5;treino;1557;B2_BR16_IRR_REP_RECUP00001.asd;B2;BR16;IRRIG;D09T;tarde;D09
svm;agrupado;todos;5;treino;1558;B2_BR16_IRR_REP_RECUP00002.asd;B2;BR16;IRRIG;D09T;tarde;D09
svm;agrupado;todos;5;treino;1561;B2_BR16_IRR_REP_RECUP00005.asd;B2;BR16;IRRIG;D09T;tarde;D09
svm;agrupado;todos;5;treino;1562;B2_BR16_IRR_REP_RECUP00006.asd;B2;BR16;IRRIG;D09T;tarde;D09
svm;agrupado;todos;5;treino;1563;B2_BR16_IRR_REP_RECUP00007.asd;B2;BR16;IRRIG;D09T;tarde;D09
svm;agrupado;todos;5;treino;1564;B2_BR16_NIRR_REP_RECUP00008.asd;B2;BR16;NIRRIG;D09T;tarde;D09
svm;agrupado;todos;5;treino;1566;B2_BR16_NIRR_REP_RECUP00010.asd;B2;BR16;NIRRIG;D09T;tarde;D09
svm;agrupado;todos;5;treino;1567;B2_BR16_NIRR_REP_RECUP00011.asd;B2;BR16;NIRRIG;D09T;tarde;D09
svm;agrupado;todos;5;treino;1568;B2_BR16_NIRR_REP_RECUP00012.asd;B2;BR16;NIRRIG;D09T;tarde;D09
svm;agrupado;todos;5;treino;1569;B2_BR16_NIRR_REP_RECUP00013.asd;B2;BR16;NIRRIG;D09T;tarde;D09
svm;agrupado;todos;5;treino;1570;B2_BR16_NIRR_REP_RECUP00014.asd;B2;BR16;NIRRIG;D09T;tarde;D09
svm;agrupado;todos;5;treino;1571;B2_BR16_NIRR_REP_RECUP00015.asd;B2;BR16;NIRRIG;D09T;tarde;D09
svm;agrupado;todos;5;treino;1572;B3_BR16_IRR_REP_RECUP00000.asd;B3;BR16;IRRIG;D09T;tarde;D09
svm;agrupado;todos;5;treino;1573;B3_BR16_IRR_REP_RECUP00001.asd;B3;BR16;IRRIG;D09T;tarde;D09
svm;agrupado;todos;5;treino;1574;B3_BR16_IRR_REP_RECUP00002.asd;B3;BR16;IRRIG;D09T;tarde;D09
svm;agrupado;todos;5;treino;1575;B3_BR16_IRR_REP_RECUP00003.asd;B3;BR16;IRRIG;D09T;tarde;D09
svm;agrupado;todos;5;treino;1576;B3_BR16_IRR_REP_RECUP00004.asd;B3;BR16;IRRIG;D09T;tarde;D09
svm;agrupado;todos;5;treino;1577;B3_BR16_IRR_REP_RECUP00005.asd;B3;BR16;IRRIG;D09T;tarde;D09
svm;agrupado;todos;5;treino;1578;B3_BR16_IRR_REP_RECUP00006.asd;B3;BR16;IRRIG;D09T;tarde;D09
svm;agrupado;todos;5;treino;1579;B3_BR16_IRR_REP_RECUP00007.asd;B3;BR16;IRRIG;D09T;tarde;D09
svm;agrupado;todos;5;treino;1580;B3_BR16_NIRR_REP_RECUP00000.asd;B3;BR16;NIRRIG;D09T;tarde;D09
svm;agrupado;todos;5;treino;1581;B3_BR16_NIRR_REP_RECUP00001.asd;B3;BR16;NIRRIG;D09T;tarde;D09
svm;agrupado;todos;5;treino;1582;B3_BR16_NIRR_REP_RECUP00002.asd;B3;BR16;NIRRIG;D09T;tarde;D09
svm;agrupado;todos;5;treino;1584;B3_BR16_NIRR_REP_RECUP00004.asd;B3;BR16;NIRRIG;D09T;tarde;D09
svm;agrupado;todos;5;treino;1585;B3_BR16_NIRR_REP_RECUP00005.asd;B3;BR16;NIRRIG;D09T;tarde;D09
svm;agrupado;todos;5;treino;1586;B3_BR16_NIRR_REP_RECUP00006.asd;B3;BR16;NIRRIG;D09T;tarde;D09
svm;agrupado;todos;5;treino;1587;B3_BR16_NIRR_REP_RECUP00007.asd;B3;BR16;NIRRIG;D09T;tarde;D09
svm;agrupado;todos;5;treino;1588;B4_BR16_IRR_REP_RECUP00000.asd;B4;BR16;IRRIG;D09T;tarde;D09
svm;agrupado;todos;5;treino;1589;B4_BR16_IRR_REP_RECUP00001.asd;B4;BR16;IRRIG;D09T;tarde;D09
svm;agrupado;todos;5;treino;1590;B4_BR16_IRR_REP_RECUP00002.asd;B4;BR16;IRRIG;D09T;tarde;D09
svm;agrupado;todos;5;treino;1592;B4_BR16_IRR_REP_RECUP00004.asd;B4;BR16;IRRIG;D09T;tarde;D09
svm;agrupado;todos;5;treino;1593;B4_BR16_IRR_REP_RECUP00005.asd;B4;BR16;IRRIG;D09T;tarde;D09
svm;agrupado;todos;5;treino;1594;B4_BR16_IRR_REP_RECUP00006.asd;B4;BR16;IRRIG;D09T;tarde;D09
svm;agrupado;todos;5;treino;1595;B4_BR16_IRR_REP_RECUP00007.asd;B4;BR16;IRRIG;D09T;tarde;D09
svm;agrupado;todos;5;treino;1600;B4_BR16_NIRR_REP_RECUP00004.asd;B4;BR16;NIRRIG;D09T;tarde;D09
svm;agrupado;todos;5;treino;1601;B4_BR16_NIRR_REP_RECUP00005.asd;B4;BR16;NIRRIG;D09T;tarde;D09
svm;agrupado;todos;5;treino;1602;B4_BR16_NIRR_REP_RECUP00006.asd;B4;BR16;NIRRIG;D09T;tarde;D09
svm;agrupado;todos;5;treino;1603;B4_BR16_NIRR_REP_RECUP00007.asd;B4;BR16;NIRRIG;D09T;tarde;D09
svm;agrupado;todos;5;treino;1604;B1_CD202_IRR_REP_RECUP00000.asd;B1;CD202;IRRIG;D09T;tarde;D09
svm;agrupado;todos;5;treino;1605;B1_CD202_IRR_REP_RECUP00001.asd;B1;CD202;IRRIG;D09T;tarde;D09
svm;agrupado;todos;5;treino;1606;B1_CD202_IRR_REP_RECUP00002.asd;B1;CD202;IRRIG;D09T;tarde;D09
svm;agrupado;todos;5;treino;1607;B1_CD202_IRR_REP_RECUP00003.asd;B1;CD202;IRRIG;D09T;tarde;D09
svm;agrupado;todos;5;treino;1608;B1_CD202_IRR_REP_RECUP00004.asd;B1;CD202;IRRIG;D09T;tarde;D09
svm;agrupado;todos;5;treino;1609;B1_CD202_IRR_REP_RECUP00005.asd;B1;CD202;IRRIG;D09T;tarde;D09
svm;agrupado;todos;5;treino;1610;B1_CD202_IRR_REP_RECUP00006.asd;B1;CD202;IRRIG;D09T;tarde;D09
svm;agrupado;todos;5;treino;1612;B1_CD202_NIRR_REP_RECUP00000.asd;B1;CD202;NIRRIG;D09T;tarde;D09
svm;agrupado;todos;5;treino;1614;B1_CD202_NIRR_REP_RECUP00002.asd;B1;CD202;NIRRIG;D09T;tarde;D09
svm;agrupado;todos;5;treino;1616;B1_CD202_NIRR_REP_RECUP00004.asd;B1;CD202;NIRRIG;D09T;tarde;D09
svm;agrupado;todos;5;treino;1618;B1_CD202_NIRR_REP_RECUP00006.asd;B1;CD202;NIRRIG;D09T;tarde;D09
svm;agrupado;todos;5;treino;1619;B1_CD202_NIRR_REP_RECUP00007.asd;B1;CD202;NIRRIG;D09T;tarde;D09
svm;agrupado;todos;5;treino;1621;B2_CD202_IRR_REP_RECUP00001.asd;B2;CD202;IRRIG;D09T;tarde;D09
svm;agrupado;todos;5;treino;1622;B2_CD202_IRR_REP_RECUP00002.asd;B2;CD202;IRRIG;D09T;tarde;D09
svm;agrupado;todos;5;treino;1623;B2_CD202_IRR_REP_RECUP00003.asd;B2;CD202;IRRIG;D09T;tarde;D09
svm;agrupado;todos;5;treino;1624;B2_CD202_IRR_REP_RECUP00004.asd;B2;CD202;IRRIG;D09T;tarde;D09
svm;agrupado;todos;5;treino;1625;B2_CD202_IRR_REP_RECUP00005.asd;B2;CD202;IRRIG;D09T;tarde;D09
svm;agrupado;todos;5;treino;1626;B2_CD202_IRR_REP_RECUP00006.asd;B2;CD202;IRRIG;D09T;tarde;D09
svm;agrupado;todos;5;treino;1628;B2_CD202_NIRR_REP_RECUP00000.asd;B2;CD202;NIRRIG;D09T;tarde;D09
svm;agrupado;todos;5;treino;1629;B2_CD202_NIRR_REP_RECUP00001.asd;B2;CD202;NIRRIG;D09T;tarde;D09
svm;agrupado;todos;5;treino;1630;B2_CD202_NIRR_REP_RECUP00002.asd;B2;CD202;NIRRIG;D09T;tarde;D09
svm;agrupado;todos;5;treino;1631;B2_CD202_NIRR_REP_RECUP00003.asd;B2;CD202;NIRRIG;D09T;tarde;D09
svm;agrupado;todos;5;treino;1634;B2_CD202_NIRR_REP_RECUP00006.asd;B2;CD202;NIRRIG;D09T;tarde;D09
svm;agrupado;todos;5;treino;1635;B2_CD202_NIRR_REP_RECUP00007.asd;B2;CD202;NIRRIG;D09T;tarde;D09
svm;agrupado;todos;5;treino;1636;B3_CD202_IRR_REP_RECUP00000.asd;B3;CD202;IRRIG;D09T;tarde;D09
svm;agrupado;todos;5;treino;1638;B3_CD202_IRR_REP_RECUP00002.asd;B3;CD202;IRRIG;D09T;tarde;D09
svm;agrupado;todos;5;treino;1639;B3_CD202_IRR_REP_RECUP00003.asd;B3;CD202;IRRIG;D09T;tarde;D09
svm;agrupado;todos;5;treino;1640;B3_CD202_IRR_REP_RECUP00004.asd;B3;CD202;IRRIG;D09T;tarde;D09
svm;agrupado;todos;5;treino;1641;B3_CD202_IRR_REP_RECUP00005.asd;B3;CD202;IRRIG;D09T;tarde;D09
svm;agrupado;todos;5;treino;1643;B3_CD202_IRR_REP_RECUP00007.asd;B3;CD202;IRRIG;D09T;tarde;D09
svm;agrupado;todos;5;treino;1644;B3_CD202_NIRR_REP_RECUP00000.asd;B3;CD202;NIRRIG;D09T;tarde;D09
svm;agrupado;todos;5;treino;1645;B3_CD202_NIRR_REP_RECUP00001.asd;B3;CD202;NIRRIG;D09T;tarde;D09
svm;agrupado;todos;5;treino;1647;B3_CD202_NIRR_REP_RECUP00003.asd;B3;CD202;NIRRIG;D09T;tarde;D09
svm;agrupado;todos;5;treino;1648;B3_CD202_NIRR_REP_RECUP00004.asd;B3;CD202;NIRRIG;D09T;tarde;D09
svm;agrupado;todos;5;treino;1649;B3_CD202_NIRR_REP_RECUP00005.asd;B3;CD202;NIRRIG;D09T;tarde;D09
svm;agrupado;todos;5;treino;1650;B3_CD202_NIRR_REP_RECUP00006.asd;B3;CD202;NIRRIG;D09T;tarde;D09
svm;agrupado;todos;5;treino;1651;B3_CD202_NIRR_REP_RECUP00007.asd;B3;CD202;NIRRIG;D09T;tarde;D09
svm;agrupado;todos;5;treino;1652;B4_CD202_IRR_REP_RECUP00000.asd;B4;CD202;IRRIG;D09T;tarde;D09
svm;agrupado;todos;5;treino;1653;B4_CD202_IRR_REP_RECUP00001.asd;B4;CD202;IRRIG;D09T;tarde;D09
svm;agrupado;todos;5;treino;1655;B4_CD202_IRR_REP_RECUP00003.asd;B4;CD202;IRRIG;D09T;tarde;D09
svm;agrupado;todos;5;treino;1657;B4_CD202_IRR_REP_RECUP00005.asd;B4;CD202;IRRIG;D09T;tarde;D09
svm;agrupado;todos;5;treino;1658;B4_CD202_IRR_REP_RECUP00006.asd;B4;CD202;IRRIG;D09T;tarde;D09
svm;agrupado;todos;5;treino;1659;B4_CD202_IRR_REP_RECUP00007.asd;B4;CD202;IRRIG;D09T;tarde;D09
svm;agrupado;todos;5;treino;1660;B4_CD202_NIRR_REP_RECUP00000.asd;B4;CD202;NIRRIG;D09T;tarde;D09
svm;agrupado;todos;5;treino;1661;B4_CD202_NIRR_REP_RECUP00001.asd;B4;CD202;NIRRIG;D09T;tarde;D09
svm;agrupado;todos;5;treino;1663;B4_CD202_NIRR_REP_RECUP00003.asd;B4;CD202;NIRRIG;D09T;tarde;D09
svm;agrupado;todos;5;treino;1664;B4_CD202_NIRR_REP_RECUP00004.asd;B4;CD202;NIRRIG;D09T;tarde;D09
svm;agrupado;todos;5;treino;1665;B4_CD202_NIRR_REP_RECUP00005.asd;B4;CD202;NIRRIG;D09T;tarde;D09
svm;agrupado;todos;5;treino;1666;B4_CD202_NIRR_REP_RECUP00006.asd;B4;CD202;NIRRIG;D09T;tarde;D09
svm;agrupado;todos;5;treino;1667;B4_CD202_NIRR_REP_RECUP00007.asd;B4;CD202;NIRRIG;D09T;tarde;D09
svm;agrupado;todos;5;treino;1668;B1_EMB48_IRR_REP_RECUP00000.asd;B1;EMB48;IRRIG;D09T;tarde;D09
svm;agrupado;todos;5;treino;1670;B1_EMB48_IRR_REP_RECUP00002.asd;B1;EMB48;IRRIG;D09T;tarde;D09
svm;agrupado;todos;5;treino;1671;B1_EMB48_IRR_REP_RECUP00003.asd;B1;EMB48;IRRIG;D09T;tarde;D09
svm;agrupado;todos;5;treino;1672;B1_EMB48_IRR_REP_RECUP00004.asd;B1;EMB48;IRRIG;D09T;tarde;D09
svm;agrupado;todos;5;treino;1673;B1_EMB48_IRR_REP_RECUP00005.asd;B1;EMB48;IRRIG;D09T;tarde;D09
svm;agrupado;todos;5;treino;1677;B1_EMB48_NIRR_REP_RECUP00001.asd;B1;EMB48;NIRRIG;D09T;tarde;D09
svm;agrupado;todos;5;treino;1678;B1_EMB48_NIRR_REP_RECUP00002.asd;B1;EMB48;NIRRIG;D09T;tarde;D09
svm;agrupado;todos;5;treino;1679;B1_EMB48_NIRR_REP_RECUP00003.asd;B1;EMB48;NIRRIG;D09T;tarde;D09
svm;agrupado;todos;5;treino;1680;B1_EMB48_NIRR_REP_RECUP00004.asd;B1;EMB48;NIRRIG;D09T;tarde;D09
svm;agrupado;todos;5;treino;1681;B1_EMB48_NIRR_REP_RECUP00005.asd;B1;EMB48;NIRRIG;D09T;tarde;D09
svm;agrupado;todos;5;treino;1682;B1_EMB48_NIRR_REP_RECUP00006.asd;B1;EMB48;NIRRIG;D09T;tarde;D09
svm;agrupado;todos;5;treino;1684;B2_EMB48_IRR_REP_RECUP00000.asd;B2;EMB48;IRRIG;D09T;tarde;D09
svm;agrupado;todos;5;treino;1685;B2_EMB48_IRR_REP_RECUP00001.asd;B2;EMB48;IRRIG;D09T;tarde;D09
svm;agrupado;todos;5;treino;1686;B2_EMB48_IRR_REP_RECUP00002.asd;B2;EMB48;IRRIG;D09T;tarde;D09
svm;agrupado;todos;5;treino;1687;B2_EMB48_IRR_REP_RECUP00003.asd;B2;EMB48;IRRIG;D09T;tarde;D09
svm;agrupado;todos;5;treino;1689;B2_EMB48_IRR_REP_RECUP00005.asd;B2;EMB48;IRRIG;D09T;tarde;D09
svm;agrupado;todos;5;treino;1691;B2_EMB48_IRR_REP_RECUP00007.asd;B2;EMB48;IRRIG;D09T;tarde;D09
svm;agrupado;todos;5;treino;1692;B2_EMB48_NIRR_REP_RECUP00000.asd;B2;EMB48;NIRRIG;D09T;tarde;D09
svm;agrupado;todos;5;treino;1693;B2_EMB48_NIRR_REP_RECUP00001.asd;B2;EMB48;NIRRIG;D09T;tarde;D09
svm;agrupado;todos;5;treino;1694;B2_EMB48_NIRR_REP_RECUP00002.asd;B2;EMB48;NIRRIG;D09T;tarde;D09
svm;agrupado;todos;5;treino;1695;B2_EMB48_NIRR_REP_RECUP00003.asd;B2;EMB48;NIRRIG;D09T;tarde;D09
svm;agrupado;todos;5;treino;1696;B2_EMB48_NIRR_REP_RECUP00004.asd;B2;EMB48;NIRRIG;D09T;tarde;D09
svm;agrupado;todos;5;treino;1697;B2_EMB48_NIRR_REP_RECUP00005.asd;B2;EMB48;NIRRIG;D09T;tarde;D09
svm;agrupado;todos;5;treino;1699;B2_EMB48_NIRR_REP_RECUP00007.asd;B2;EMB48;NIRRIG;D09T;tarde;D09
svm;agrupado;todos;5;treino;1700;B3_EMB48_IRR_REP_RECUP00000.asd;B3;EMB48;IRRIG;D09T;tarde;D09
svm;agrupado;todos;5;treino;1701;B3_EMB48_IRR_REP_RECUP00001.asd;B3;EMB48;IRRIG;D09T;tarde;D09
svm;agrupado;todos;5;treino;1702;B3_EMB48_IRR_REP_RECUP00002.asd;B3;EMB48;IRRIG;D09T;tarde;D09
svm;agrupado;todos;5;treino;1703;B3_EMB48_IRR_REP_RECUP00003.asd;B3;EMB48;IRRIG;D09T;tarde;D09
svm;agrupado;todos;5;treino;1704;B3_EMB48_IRR_REP_RECUP00004.asd;B3;EMB48;IRRIG;D09T;tarde;D09
svm;agrupado;todos;5;treino;1705;B3_EMB48_IRR_REP_RECUP00005.asd;B3;EMB48;IRRIG;D09T;tarde;D09
svm;agrupado;todos;5;treino;1706;B3_EMB48_IRR_REP_RECUP00006.asd;B3;EMB48;IRRIG;D09T;tarde;D09
svm;agrupado;todos;5;treino;1708;B3_EMB48_NIRR_REP_RECUP00000.asd;B3;EMB48;NIRRIG;D09T;tarde;D09
svm;agrupado;todos;5;treino;1710;B3_EMB48_NIRR_REP_RECUP00002.asd;B3;EMB48;NIRRIG;D09T;tarde;D09
svm;agrupado;todos;5;treino;1711;B3_EMB48_NIRR_REP_RECUP00003.asd;B3;EMB48;NIRRIG;D09T;tarde;D09
svm;agrupado;todos;5;treino;1712;B3_EMB48_NIRR_REP_RECUP00004.asd;B3;EMB48;NIRRIG;D09T;tarde;D09
svm;agrupado;todos;5;treino;1714;B3_EMB48_NIRR_REP_RECUP00006.asd;B3;EMB48;NIRRIG;D09T;tarde;D09
svm;agrupado;todos;5;treino;1715;B3_EMB48_NIRR_REP_RECUP00007.asd;B3;EMB48;NIRRIG;D09T;tarde;D09
svm;agrupado;todos;5;treino;1716;B4_EMB48_IRR_REP_RECUP00000.asd;B4;EMB48;IRRIG;D09T;tarde;D09
svm;agrupado;todos;5;treino;1717;B4_EMB48_IRR_REP_RECUP00001.asd;B4;EMB48;IRRIG;D09T;tarde;D09
svm;agrupado;todos;5;treino;1718;B4_EMB48_IRR_REP_RECUP00002.asd;B4;EMB48;IRRIG;D09T;tarde;D09
svm;agrupado;todos;5;treino;1719;B4_EMB48_IRR_REP_RECUP00003.asd;B4;EMB48;IRRIG;D09T;tarde;D09
svm;agrupado;todos;5;treino;1720;B4_EMB48_IRR_REP_RECUP00004.asd;B4;EMB48;IRRIG;D09T;tarde;D09
svm;agrupado;todos;5;treino;1721;B4_EMB48_IRR_REP_RECUP00005.asd;B4;EMB48;IRRIG;D09T;tarde;D09
svm;agrupado;todos;5;treino;1722;B4_EMB48_IRR_REP_RECUP00006.asd;B4;EMB48;IRRIG;D09T;tarde;D09
svm;agrupado;todos;5;treino;1724;B4_EMB48_NIRR_REP_RECUP00000.asd;B4;EMB48;NIRRIG;D09T;tarde;D09
svm;agrupado;todos;5;treino;1725;B4_EMB48_NIRR_REP_RECUP00001.asd;B4;EMB48;NIRRIG;D09T;tarde;D09
svm;agrupado;todos;5;treino;1726;B4_EMB48_NIRR_REP_RECUP00002.asd;B4;EMB48;NIRRIG;D09T;tarde;D09
svm;agrupado;todos;5;treino;1728;B4_EMB48_NIRR_REP_RECUP00004.asd;B4;EMB48;NIRRIG;D09T;tarde;D09
svm;agrupado;todos;5;treino;1729;B4_EMB48_NIRR_REP_RECUP00005.asd;B4;EMB48;NIRRIG;D09T;tarde;D09
svm;agrupado;todos;5;treino;1731;B4_EMB48_NIRR_REP_RECUP00007.asd;B4;EMB48;NIRRIG;D09T;tarde;D09
svm;agrupado;todos;5;treino;1733;B1_BR16_IRR_REP_RECUP00001.asd;B1;BR16;IRRIG;D10M;manha;D10
svm;agrupado;todos;5;treino;1734;B1_BR16_IRR_REP_RECUP00002.asd;B1;BR16;IRRIG;D10M;manha;D10
svm;agrupado;todos;5;treino;1735;B1_BR16_IRR_REP_RECUP00003.asd;B1;BR16;IRRIG;D10M;manha;D10
svm;agrupado;todos;5;treino;1736;B1_BR16_IRR_REP_RECUP00004.asd;B1;BR16;IRRIG;D10M;manha;D10
svm;agrupado;todos;5;treino;1737;B1_BR16_IRR_REP_RECUP00005.asd;B1;BR16;IRRIG;D10M;manha;D10
svm;agrupado;todos;5;treino;1738;B1_BR16_IRR_REP_RECUP00006.asd;B1;BR16;IRRIG;D10M;manha;D10
svm;agrupado;todos;5;treino;1739;B1_BR16_IRR_REP_RECUP00007.asd;B1;BR16;IRRIG;D10M;manha;D10
svm;agrupado;todos;5;treino;1740;B1_BR16_NIRR_REP_RECUP00000.asd;B1;BR16;NIRRIG;D10M;manha;D10
svm;agrupado;todos;5;treino;1741;B1_BR16_NIRR_REP_RECUP00001.asd;B1;BR16;NIRRIG;D10M;manha;D10
svm;agrupado;todos;5;treino;1742;B1_BR16_NIRR_REP_RECUP00002.asd;B1;BR16;NIRRIG;D10M;manha;D10
svm;agrupado;todos;5;treino;1743;B1_BR16_NIRR_REP_RECUP00003.asd;B1;BR16;NIRRIG;D10M;manha;D10
svm;agrupado;todos;5;treino;1744;B1_BR16_NIRR_REP_RECUP00004.asd;B1;BR16;NIRRIG;D10M;manha;D10
svm;agrupado;todos;5;treino;1745;B1_BR16_NIRR_REP_RECUP00005.asd;B1;BR16;NIRRIG;D10M;manha;D10
svm;agrupado;todos;5;treino;1746;B1_BR16_NIRR_REP_RECUP00006.asd;B1;BR16;NIRRIG;D10M;manha;D10
svm;agrupado;todos;5;treino;1747;B1_BR16_NIRR_REP_RECUP00007.asd;B1;BR16;NIRRIG;D10M;manha;D10
svm;agrupado;todos;5;treino;1748;B1_CD202_IRR_REP_RECUP00000.asd;B1;CD202;IRRIG;D10M;manha;D10
svm;agrupado;todos;5;treino;1749;B1_CD202_IRR_REP_RECUP00001.asd;B1;CD202;IRRIG;D10M;manha;D10
svm;agrupado;todos;5;treino;1750;B1_CD202_IRR_REP_RECUP00002.asd;B1;CD202;IRRIG;D10M;manha;D10
svm;agrupado;todos;5;treino;1751;B1_CD202_IRR_REP_RECUP00003.asd;B1;CD202;IRRIG;D10M;manha;D10
svm;agrupado;todos;5;treino;1752;B1_CD202_IRR_REP_RECUP00004.asd;B1;CD202;IRRIG;D10M;manha;D10
svm;agrupado;todos;5;treino;1753;B1_CD202_IRR_REP_RECUP00005.asd;B1;CD202;IRRIG;D10M;manha;D10
svm;agrupado;todos;5;treino;1754;B1_CD202_IRR_REP_RECUP00006.asd;B1;CD202;IRRIG;D10M;manha;D10
svm;agrupado;todos;5;treino;1756;B1_CD202_NIRR_REP_RECUP00000.asd;B1;CD202;NIRRIG;D10M;manha;D10
svm;agrupado;todos;5;treino;1758;B1_CD202_NIRR_REP_RECUP00002.asd;B1;CD202;NIRRIG;D10M;manha;D10
svm;agrupado;todos;5;treino;1760;B1_CD202_NIRR_REP_RECUP00004.asd;B1;CD202;NIRRIG;D10M;manha;D10
svm;agrupado;todos;5;treino;1762;B1_CD202_NIRR_REP_RECUP00006.asd;B1;CD202;NIRRIG;D10M;manha;D10
svm;agrupado;todos;5;treino;1763;B1_CD202_NIRR_REP_RECUP00007.asd;B1;CD202;NIRRIG;D10M;manha;D10
svm;agrupado;todos;5;treino;1764;B1_EMB48_IRR_REP_RECUP00000.asd;B1;EMB48;IRRIG;D10M;manha;D10
svm;agrupado;todos;5;treino;1766;B1_EMB48_IRR_REP_RECUP00002.asd;B1;EMB48;IRRIG;D10M;manha;D10
svm;agrupado;todos;5;treino;1767;B1_EMB48_IRR_REP_RECUP00003.asd;B1;EMB48;IRRIG;D10M;manha;D10
svm;agrupado;todos;5;treino;1768;B1_EMB48_IRR_REP_RECUP00004.asd;B1;EMB48;IRRIG;D10M;manha;D10
svm;agrupado;todos;5;treino;1769;B1_EMB48_IRR_REP_RECUP00005.asd;B1;EMB48;IRRIG;D10M;manha;D10
svm;agrupado;todos;5;treino;1773;B1_EMB48_NIRR_REP_RECUP00001.asd;B1;EMB48;NIRRIG;D10M;manha;D10
svm;agrupado;todos;5;treino;1774;B1_EMB48_NIRR_REP_RECUP00002.asd;B1;EMB48;NIRRIG;D10M;manha;D10
svm;agrupado;todos;5;treino;1775;B1_EMB48_NIRR_REP_RECUP00003.asd;B1;EMB48;NIRRIG;D10M;manha;D10
svm;agrupado;todos;5;treino;1776;B1_EMB48_NIRR_REP_RECUP00004.asd;B1;EMB48;NIRRIG;D10M;manha;D10
svm;agrupado;todos;5;treino;1777;B1_EMB48_NIRR_REP_RECUP00005.asd;B1;EMB48;NIRRIG;D10M;manha;D10
svm;agrupado;todos;5;treino;1778;B1_EMB48_NIRR_REP_RECUP00006.asd;B1;EMB48;NIRRIG;D10M;manha;D10
svm;agrupado;todos;5;treino;1781;B2_BR16_IRR_REP_RECUP00001.asd;B2;BR16;IRRIG;D10M;manha;D10
svm;agrupado;todos;5;treino;1782;B2_BR16_IRR_REP_RECUP00002.asd;B2;BR16;IRRIG;D10M;manha;D10
svm;agrupado;todos;5;treino;1785;B2_BR16_IRR_REP_RECUP00005.asd;B2;BR16;IRRIG;D10M;manha;D10
svm;agrupado;todos;5;treino;1786;B2_BR16_IRR_REP_RECUP00006.asd;B2;BR16;IRRIG;D10M;manha;D10
svm;agrupado;todos;5;treino;1787;B2_BR16_IRR_REP_RECUP00007.asd;B2;BR16;IRRIG;D10M;manha;D10
svm;agrupado;todos;5;treino;1788;B2_BR16_NIRR_REP_RECUP00000.asd;B2;BR16;NIRRIG;D10M;manha;D10
svm;agrupado;todos;5;treino;1789;B2_BR16_NIRR_REP_RECUP00001.asd;B2;BR16;NIRRIG;D10M;manha;D10
svm;agrupado;todos;5;treino;1790;B2_BR16_NIRR_REP_RECUP00002.asd;B2;BR16;NIRRIG;D10M;manha;D10
svm;agrupado;todos;5;treino;1792;B2_BR16_NIRR_REP_RECUP00004.asd;B2;BR16;NIRRIG;D10M;manha;D10
svm;agrupado;todos;5;treino;1793;B2_BR16_NIRR_REP_RECUP00005.asd;B2;BR16;NIRRIG;D10M;manha;D10
svm;agrupado;todos;5;treino;1794;B2_BR16_NIRR_REP_RECUP00006.asd;B2;BR16;NIRRIG;D10M;manha;D10
svm;agrupado;todos;5;treino;1795;B2_BR16_NIRR_REP_RECUP00007.asd;B2;BR16;NIRRIG;D10M;manha;D10
svm;agrupado;todos;5;treino;1797;B2_CD202_IRR_REP_RECUP00001.asd;B2;CD202;IRRIG;D10M;manha;D10
svm;agrupado;todos;5;treino;1798;B2_CD202_IRR_REP_RECUP00002.asd;B2;CD202;IRRIG;D10M;manha;D10
svm;agrupado;todos;5;treino;1799;B2_CD202_IRR_REP_RECUP00003.asd;B2;CD202;IRRIG;D10M;manha;D10
svm;agrupado;todos;5;treino;1800;B2_CD202_IRR_REP_RECUP00004.asd;B2;CD202;IRRIG;D10M;manha;D10
svm;agrupado;todos;5;treino;1801;B2_CD202_IRR_REP_RECUP00005.asd;B2;CD202;IRRIG;D10M;manha;D10
svm;agrupado;todos;5;treino;1802;B2_CD202_IRR_REP_RECUP00006.asd;B2;CD202;IRRIG;D10M;manha;D10
svm;agrupado;todos;5;treino;1804;B2_CD202_NIRR_REP_RECUP00008.asd;B2;CD202;NIRRIG;D10M;manha;D10
svm;agrupado;todos;5;treino;1805;B2_CD202_NIRR_REP_RECUP00009.asd;B2;CD202;NIRRIG;D10M;manha;D10
svm;agrupado;todos;5;treino;1806;B2_CD202_NIRR_REP_RECUP00010.asd;B2;CD202;NIRRIG;D10M;manha;D10
svm;agrupado;todos;5;treino;1807;B2_CD202_NIRR_REP_RECUP00011.asd;B2;CD202;NIRRIG;D10M;manha;D10
svm;agrupado;todos;5;treino;1809;B2_CD202_NIRR_REP_RECUP00013.asd;B2;CD202;NIRRIG;D10M;manha;D10
svm;agrupado;todos;5;treino;1810;B2_CD202_NIRR_REP_RECUP00014.asd;B2;CD202;NIRRIG;D10M;manha;D10
svm;agrupado;todos;5;treino;1811;B2_CD202_NIRR_REP_RECUP00015.asd;B2;CD202;NIRRIG;D10M;manha;D10
svm;agrupado;todos;5;treino;1812;B2_EMB48_IRR_REP_RECUP00000.asd;B2;EMB48;IRRIG;D10M;manha;D10
svm;agrupado;todos;5;treino;1813;B2_EMB48_IRR_REP_RECUP00001.asd;B2;EMB48;IRRIG;D10M;manha;D10
svm;agrupado;todos;5;treino;1814;B2_EMB48_IRR_REP_RECUP00002.asd;B2;EMB48;IRRIG;D10M;manha;D10
svm;agrupado;todos;5;treino;1815;B2_EMB48_IRR_REP_RECUP00003.asd;B2;EMB48;IRRIG;D10M;manha;D10
svm;agrupado;todos;5;treino;1817;B2_EMB48_IRR_REP_RECUP00005.asd;B2;EMB48;IRRIG;D10M;manha;D10
svm;agrupado;todos;5;treino;1819;B2_EMB48_IRR_REP_RECUP00007.asd;B2;EMB48;IRRIG;D10M;manha;D10
svm;agrupado;todos;5;treino;1820;B2_EMB48_NIRR_REP_RECUP00000.asd;B2;EMB48;NIRRIG;D10M;manha;D10
svm;agrupado;todos;5;treino;1821;B2_EMB48_NIRR_REP_RECUP00001.asd;B2;EMB48;NIRRIG;D10M;manha;D10
svm;agrupado;todos;5;treino;1822;B2_EMB48_NIRR_REP_RECUP00002.asd;B2;EMB48;NIRRIG;D10M;manha;D10
svm;agrupado;todos;5;treino;1823;B2_EMB48_NIRR_REP_RECUP00003.asd;B2;EMB48;NIRRIG;D10M;manha;D10
svm;agrupado;todos;5;treino;1824;B2_EMB48_NIRR_REP_RECUP00004.asd;B2;EMB48;NIRRIG;D10M;manha;D10
svm;agrupado;todos;5;treino;1825;B2_EMB48_NIRR_REP_RECUP00005.asd;B2;EMB48;NIRRIG;D10M;manha;D10
svm;agrupado;todos;5;treino;1827;B2_EMB48_NIRR_REP_RECUP00007.asd;B2;EMB48;NIRRIG;D10M;manha;D10
svm;agrupado;todos;5;treino;1828;B3_BR16_IRR_REP_RECUP00000.asd;B3;BR16;IRRIG;D10M;manha;D10
svm;agrupado;todos;5;treino;1829;B3_BR16_IRR_REP_RECUP00001.asd;B3;BR16;IRRIG;D10M;manha;D10
svm;agrupado;todos;5;treino;1830;B3_BR16_IRR_REP_RECUP00002.asd;B3;BR16;IRRIG;D10M;manha;D10
svm;agrupado;todos;5;treino;1831;B3_BR16_IRR_REP_RECUP00003.asd;B3;BR16;IRRIG;D10M;manha;D10
svm;agrupado;todos;5;treino;1832;B3_BR16_IRR_REP_RECUP00004.asd;B3;BR16;IRRIG;D10M;manha;D10
svm;agrupado;todos;5;treino;1833;B3_BR16_IRR_REP_RECUP00005.asd;B3;BR16;IRRIG;D10M;manha;D10
svm;agrupado;todos;5;treino;1834;B3_BR16_IRR_REP_RECUP00006.asd;B3;BR16;IRRIG;D10M;manha;D10
svm;agrupado;todos;5;treino;1835;B3_BR16_IRR_REP_RECUP00007.asd;B3;BR16;IRRIG;D10M;manha;D10
svm;agrupado;todos;5;treino;1836;B3_BR16_NIRR_REP_RECUP00000.asd;B3;BR16;NIRRIG;D10M;manha;D10
svm;agrupado;todos;5;treino;1837;B3_BR16_NIRR_REP_RECUP00001.asd;B3;BR16;NIRRIG;D10M;manha;D10
svm;agrupado;todos;5;treino;1838;B3_BR16_NIRR_REP_RECUP00002.asd;B3;BR16;NIRRIG;D10M;manha;D10
svm;agrupado;todos;5;treino;1840;B3_BR16_NIRR_REP_RECUP00004.asd;B3;BR16;NIRRIG;D10M;manha;D10
svm;agrupado;todos;5;treino;1841;B3_BR16_NIRR_REP_RECUP00005.asd;B3;BR16;NIRRIG;D10M;manha;D10
svm;agrupado;todos;5;treino;1842;B3_BR16_NIRR_REP_RECUP00006.asd;B3;BR16;NIRRIG;D10M;manha;D10
svm;agrupado;todos;5;treino;1843;B3_BR16_NIRR_REP_RECUP00007.asd;B3;BR16;NIRRIG;D10M;manha;D10
svm;agrupado;todos;5;treino;1844;B3_CD202_IRR_REP_RECUP00000.asd;B3;CD202;IRRIG;D10M;manha;D10
svm;agrupado;todos;5;treino;1846;B3_CD202_IRR_REP_RECUP00002.asd;B3;CD202;IRRIG;D10M;manha;D10
svm;agrupado;todos;5;treino;1847;B3_CD202_IRR_REP_RECUP00003.asd;B3;CD202;IRRIG;D10M;manha;D10
svm;agrupado;todos;5;treino;1848;B3_CD202_IRR_REP_RECUP00004.asd;B3;CD202;IRRIG;D10M;manha;D10
svm;agrupado;todos;5;treino;1849;B3_CD202_IRR_REP_RECUP00005.asd;B3;CD202;IRRIG;D10M;manha;D10
svm;agrupado;todos;5;treino;1851;B3_CD202_IRR_REP_RECUP00007.asd;B3;CD202;IRRIG;D10M;manha;D10
svm;agrupado;todos;5;treino;1852;B3_CD202_NIRR_REP_RECUP00000.asd;B3;CD202;NIRRIG;D10M;manha;D10
svm;agrupado;todos;5;treino;1853;B3_CD202_NIRR_REP_RECUP00001.asd;B3;CD202;NIRRIG;D10M;manha;D10
svm;agrupado;todos;5;treino;1855;B3_CD202_NIRR_REP_RECUP00003.asd;B3;CD202;NIRRIG;D10M;manha;D10
svm;agrupado;todos;5;treino;1856;B3_CD202_NIRR_REP_RECUP00004.asd;B3;CD202;NIRRIG;D10M;manha;D10
svm;agrupado;todos;5;treino;1857;B3_CD202_NIRR_REP_RECUP00005.asd;B3;CD202;NIRRIG;D10M;manha;D10
svm;agrupado;todos;5;treino;1858;B3_CD202_NIRR_REP_RECUP00006.asd;B3;CD202;NIRRIG;D10M;manha;D10
svm;agrupado;todos;5;treino;1859;B3_CD202_NIRR_REP_RECUP00007.asd;B3;CD202;NIRRIG;D10M;manha;D10
svm;agrupado;todos;5;treino;1860;B3_EMB48_IRR_REP_RECUP00000.asd;B3;EMB48;IRRIG;D10M;manha;D10
svm;agrupado;todos;5;treino;1861;B3_EMB48_IRR_REP_RECUP00001.asd;B3;EMB48;IRRIG;D10M;manha;D10
svm;agrupado;todos;5;treino;1862;B3_EMB48_IRR_REP_RECUP00002.asd;B3;EMB48;IRRIG;D10M;manha;D10
svm;agrupado;todos;5;treino;1863;B3_EMB48_IRR_REP_RECUP00003.asd;B3;EMB48;IRRIG;D10M;manha;D10
svm;agrupado;todos;5;treino;1864;B3_EMB48_IRR_REP_RECUP00004.asd;B3;EMB48;IRRIG;D10M;manha;D10
svm;agrupado;todos;5;treino;1865;B3_EMB48_IRR_REP_RECUP00005.asd;B3;EMB48;IRRIG;D10M;manha;D10
svm;agrupado;todos;5;treino;1866;B3_EMB48_IRR_REP_RECUP00006.asd;B3;EMB48;IRRIG;D10M;manha;D10
svm;agrupado;todos;5;treino;1868;B3_EMB48_NIRR_REP_RECUP00000.asd;B3;EMB48;NIRRIG;D10M;manha;D10
svm;agrupado;todos;5;treino;1870;B3_EMB48_NIRR_REP_RECUP00002.asd;B3;EMB48;NIRRIG;D10M;manha;D10
svm;agrupado;todos;5;treino;1871;B3_EMB48_NIRR_REP_RECUP00003.asd;B3;EMB48;NIRRIG;D10M;manha;D10
svm;agrupado;todos;5;treino;1872;B3_EMB48_NIRR_REP_RECUP00004.asd;B3;EMB48;NIRRIG;D10M;manha;D10
svm;agrupado;todos;5;treino;1874;B3_EMB48_NIRR_REP_RECUP00006.asd;B3;EMB48;NIRRIG;D10M;manha;D10
svm;agrupado;todos;5;treino;1875;B3_EMB48_NIRR_REP_RECUP00007.asd;B3;EMB48;NIRRIG;D10M;manha;D10
svm;agrupado;todos;5;treino;1876;B4_BR16_IRR_REP_RECUP00000.asd;B4;BR16;IRRIG;D10M;manha;D10
svm;agrupado;todos;5;treino;1877;B4_BR16_IRR_REP_RECUP00001.asd;B4;BR16;IRRIG;D10M;manha;D10
svm;agrupado;todos;5;treino;1878;B4_BR16_IRR_REP_RECUP00002.asd;B4;BR16;IRRIG;D10M;manha;D10
svm;agrupado;todos;5;treino;1880;B4_BR16_IRR_REP_RECUP00004.asd;B4;BR16;IRRIG;D10M;manha;D10
svm;agrupado;todos;5;treino;1881;B4_BR16_IRR_REP_RECUP00005.asd;B4;BR16;IRRIG;D10M;manha;D10
svm;agrupado;todos;5;treino;1882;B4_BR16_IRR_REP_RECUP00006.asd;B4;BR16;IRRIG;D10M;manha;D10
svm;agrupado;todos;5;treino;1883;B4_BR16_IRR_REP_RECUP00007.asd;B4;BR16;IRRIG;D10M;manha;D10
svm;agrupado;todos;5;treino;1888;B4_BR16_NIRR_REP_RECUP00004.asd;B4;BR16;NIRRIG;D10M;manha;D10
svm;agrupado;todos;5;treino;1889;B4_BR16_NIRR_REP_RECUP00005.asd;B4;BR16;NIRRIG;D10M;manha;D10
svm;agrupado;todos;5;treino;1890;B4_BR16_NIRR_REP_RECUP00006.asd;B4;BR16;NIRRIG;D10M;manha;D10
svm;agrupado;todos;5;treino;1891;B4_BR16_NIRR_REP_RECUP00007.asd;B4;BR16;NIRRIG;D10M;manha;D10
svm;agrupado;todos;5;treino;1892;B4_CD202_IRR_REP_RECUP00000.asd;B4;CD202;IRRIG;D10M;manha;D10
svm;agrupado;todos;5;treino;1893;B4_CD202_IRR_REP_RECUP00001.asd;B4;CD202;IRRIG;D10M;manha;D10
svm;agrupado;todos;5;treino;1895;B4_CD202_IRR_REP_RECUP00003.asd;B4;CD202;IRRIG;D10M;manha;D10
svm;agrupado;todos;5;treino;1897;B4_CD202_IRR_REP_RECUP00005.asd;B4;CD202;IRRIG;D10M;manha;D10
svm;agrupado;todos;5;treino;1898;B4_CD202_IRR_REP_RECUP00006.asd;B4;CD202;IRRIG;D10M;manha;D10
svm;agrupado;todos;5;treino;1899;B4_CD202_IRR_REP_RECUP00007.asd;B4;CD202;IRRIG;D10M;manha;D10
svm;agrupado;todos;5;treino;1900;B4_CD202_NIRR_REP_RECUP00000.asd;B4;CD202;NIRRIG;D10M;manha;D10
svm;agrupado;todos;5;treino;1901;B4_CD202_NIRR_REP_RECUP00001.asd;B4;CD202;NIRRIG;D10M;manha;D10
svm;agrupado;todos;5;treino;1903;B4_CD202_NIRR_REP_RECUP00003.asd;B4;CD202;NIRRIG;D10M;manha;D10
svm;agrupado;todos;5;treino;1904;B4_CD202_NIRR_REP_RECUP00004.asd;B4;CD202;NIRRIG;D10M;manha;D10
svm;agrupado;todos;5;treino;1905;B4_CD202_NIRR_REP_RECUP00005.asd;B4;CD202;NIRRIG;D10M;manha;D10
svm;agrupado;todos;5;treino;1906;B4_CD202_NIRR_REP_RECUP00006.asd;B4;CD202;NIRRIG;D10M;manha;D10
svm;agrupado;todos;5;treino;1907;B4_CD202_NIRR_REP_RECUP00007.asd;B4;CD202;NIRRIG;D10M;manha;D10
svm;agrupado;todos;5;treino;1908;B4_EMB48_IRR_REP_RECUP00000.asd;B4;EMB48;IRRIG;D10M;manha;D10
svm;agrupado;todos;5;treino;1909;B4_EMB48_IRR_REP_RECUP00001.asd;B4;EMB48;IRRIG;D10M;manha;D10
svm;agrupado;todos;5;treino;1910;B4_EMB48_IRR_REP_RECUP00002.asd;B4;EMB48;IRRIG;D10M;manha;D10
svm;agrupado;todos;5;treino;1911;B4_EMB48_IRR_REP_RECUP00003.asd;B4;EMB48;IRRIG;D10M;manha;D10
svm;agrupado;todos;5;treino;1912;B4_EMB48_IRR_REP_RECUP00004.asd;B4;EMB48;IRRIG;D10M;manha;D10
svm;agrupado;todos;5;treino;1913;B4_EMB48_IRR_REP_RECUP00005.asd;B4;EMB48;IRRIG;D10M;manha;D10
svm;agrupado;todos;5;treino;1914;B4_EMB48_IRR_REP_RECUP00006.asd;B4;EMB48;IRRIG;D10M;manha;D10
svm;agrupado;todos;5;treino;1916;B4_EMB48_NIRR_REP_RECUP00000.asd;B4;EMB48;NIRRIG;D10M;manha;D10
svm;agrupado;todos;5;treino;1917;B4_EMB48_NIRR_REP_RECUP00001.asd;B4;EMB48;NIRRIG;D10M;manha;D10
svm;agrupado;todos;5;treino;1918;B4_EMB48_NIRR_REP_RECUP00002.asd;B4;EMB48;NIRRIG;D10M;manha;D10
svm;agrupado;todos;5;treino;1920;B4_EMB48_NIRR_REP_RECUP00004.asd;B4;EMB48;NIRRIG;D10M;manha;D10
svm;agrupado;todos;5;treino;1921;B4_EMB48_NIRR_REP_RECUP00005.asd;B4;EMB48;NIRRIG;D10M;manha;D10
svm;agrupado;todos;5;treino;1923;B4_EMB48_NIRR_REP_RECUP00007.asd;B4;EMB48;NIRRIG;D10M;manha;D10
svm;agrupado;todos;5;teste;8;B1_BR16_NIRRIG_REPROD00000.asd;B1;BR16;NIRRIG;D02M;manha;D02
svm;agrupado;todos;5;teste;12;B1_BR16_NIRRIG_REPROD00004.asd;B1;BR16;NIRRIG;D02M;manha;D02
svm;agrupado;todos;5;teste;13;B1_BR16_NIRRIG_REPROD00005.asd;B1;BR16;NIRRIG;D02M;manha;D02
svm;agrupado;todos;5;teste;14;B1_BR16_NIRRIG_REPROD00006.asd;B1;BR16;NIRRIG;D02M;manha;D02
svm;agrupado;todos;5;teste;16;B2_BR16_IRRIG_REPROD00000.asd;B2;BR16;IRRIG;D02M;manha;D02
svm;agrupado;todos;5;teste;19;B2_BR16_IRRIG_REPROD00003.asd;B2;BR16;IRRIG;D02M;manha;D02
svm;agrupado;todos;5;teste;26;B2_BR16_NIRRIG_REPROD00002.asd;B2;BR16;NIRRIG;D02M;manha;D02
svm;agrupado;todos;5;teste;30;B2_BR16_NIRRIG_REPROD00006.asd;B2;BR16;NIRRIG;D02M;manha;D02
svm;agrupado;todos;5;teste;37;B3_BR16_IRRIG_REPROD00005.asd;B3;BR16;IRRIG;D02M;manha;D02
svm;agrupado;todos;5;teste;41;B3_BR16_NIRRIG_REPROD00001.asd;B3;BR16;NIRRIG;D02M;manha;D02
svm;agrupado;todos;5;teste;45;B3_BR16_NIRRIG_REPROD00005.asd;B3;BR16;NIRRIG;D02M;manha;D02
svm;agrupado;todos;5;teste;47;B3_BR16_NIRRIG_REPROD00007.asd;B3;BR16;NIRRIG;D02M;manha;D02
svm;agrupado;todos;5;teste;51;B4_BR16_IRRIG_REPROD00003.asd;B4;BR16;IRRIG;D02M;manha;D02
svm;agrupado;todos;5;teste;56;B4_BR16_NIRRIG_REPROD00000.asd;B4;BR16;NIRRIG;D02M;manha;D02
svm;agrupado;todos;5;teste;57;B4_BR16_NIRRIG_REPROD00001.asd;B4;BR16;NIRRIG;D02M;manha;D02
svm;agrupado;todos;5;teste;66;B1_CD202_IRRIG_REPROD00002.asd;B1;CD202;IRRIG;D02M;manha;D02
svm;agrupado;todos;5;teste;91;B2_CD202_NIRRIG_REPROD00003.asd;B2;CD202;NIRRIG;D02M;manha;D02
svm;agrupado;todos;5;teste;93;B2_CD202_NIRRIG_REPROD00005.asd;B2;CD202;NIRRIG;D02M;manha;D02
svm;agrupado;todos;5;teste;100;B3_CD202_IRRIG_REPROD00004.asd;B3;CD202;IRRIG;D02M;manha;D02
svm;agrupado;todos;5;teste;101;B3_CD202_IRRIG_REPROD00005.asd;B3;CD202;IRRIG;D02M;manha;D02
svm;agrupado;todos;5;teste;103;B3_CD202_IRRIG_REPROD00007.asd;B3;CD202;IRRIG;D02M;manha;D02
svm;agrupado;todos;5;teste;106;B3_CD202_NIRRIG_REPROD00002.asd;B3;CD202;NIRRIG;D02M;manha;D02
svm;agrupado;todos;5;teste;114;B4_CD202_IRRIG_REPROD00002.asd;B4;CD202;IRRIG;D02M;manha;D02
svm;agrupado;todos;5;teste;119;B4_CD202_IRRIG_REPROD00007.asd;B4;CD202;IRRIG;D02M;manha;D02
svm;agrupado;todos;5;teste;122;B4_CD202_NIRRIG_REPROD00002.asd;B4;CD202;NIRRIG;D02M;manha;D02
svm;agrupado;todos;5;teste;125;B4_CD202_NIRRIG_REPROD00005.asd;B4;CD202;NIRRIG;D02M;manha;D02
svm;agrupado;todos;5;teste;129;B4_EMB48_IRRIG_REPROD00000.asd;B4;EMB48;IRRIG;D02M;manha;D02
svm;agrupado;todos;5;teste;131;B4_EMB48_IRRIG_REPROD00002.asd;B4;EMB48;IRRIG;D02M;manha;D02
svm;agrupado;todos;5;teste;134;B4_EMB48_IRRIG_REPROD00005.asd;B4;EMB48;IRRIG;D02M;manha;D02
svm;agrupado;todos;5;teste;137;B3_EMB48_IRRIG_REPROD00001.asd;B3;EMB48;IRRIG;D02M;manha;D02
svm;agrupado;todos;5;teste;143;B3_EMB48_IRRIG_REPROD00004.asd;B3;EMB48;IRRIG;D02M;manha;D02
svm;agrupado;todos;5;teste;154;B3_EMB48_NIRRIG_REPROD00002.asd;B3;EMB48;NIRRIG;D02M;manha;D02
svm;agrupado;todos;5;teste;165;B1_EMB48_IRRIG_REPROD00005.asd;B1;EMB48;IRRIG;D02M;manha;D02
svm;agrupado;todos;5;teste;176;B2_EMB48_IRRIG_REPROD00000.asd;B2;EMB48;IRRIG;D02M;manha;D02
svm;agrupado;todos;5;teste;177;B2_EMB48_IRRIG_REPROD00001.asd;B2;EMB48;IRRIG;D02M;manha;D02
svm;agrupado;todos;5;teste;180;B2_EMB48_IRRIG_REPROD00004.asd;B2;EMB48;IRRIG;D02M;manha;D02
svm;agrupado;todos;5;teste;184;B2_EMB48_NIRRIG_REPROD00000.asd;B2;EMB48;NIRRIG;D02M;manha;D02
svm;agrupado;todos;5;teste;185;B2_EMB48_NIRRIG_REPROD00001.asd;B2;EMB48;NIRRIG;D02M;manha;D02
svm;agrupado;todos;5;teste;200;B1_BR16_NIRRIG_REPROD00000.asd;B1;BR16;NIRRIG;D02T;tarde;D02
svm;agrupado;todos;5;teste;204;B1_BR16_NIRRIG_REPROD00004.asd;B1;BR16;NIRRIG;D02T;tarde;D02
svm;agrupado;todos;5;teste;205;B1_BR16_NIRRIG_REPROD00005.asd;B1;BR16;NIRRIG;D02T;tarde;D02
svm;agrupado;todos;5;teste;206;B1_BR16_NIRRIG_REPROD00006.asd;B1;BR16;NIRRIG;D02T;tarde;D02
svm;agrupado;todos;5;teste;208;B2_BR16_IRRIG_REPROD00000.asd;B2;BR16;IRRIG;D02T;tarde;D02
svm;agrupado;todos;5;teste;211;B2_BR16_IRRIG_REPROD00003.asd;B2;BR16;IRRIG;D02T;tarde;D02
svm;agrupado;todos;5;teste;218;B2_BR16_NIRRIG_REPROD00002.asd;B2;BR16;NIRRIG;D02T;tarde;D02
svm;agrupado;todos;5;teste;222;B2_BR16_NIRRIG_REPROD00006.asd;B2;BR16;NIRRIG;D02T;tarde;D02
svm;agrupado;todos;5;teste;229;B3_BR16_IRRIG_REPROD00005.asd;B3;BR16;IRRIG;D02T;tarde;D02
svm;agrupado;todos;5;teste;233;B3_BR16_NIRRIG_REPROD00001.asd;B3;BR16;NIRRIG;D02T;tarde;D02
svm;agrupado;todos;5;teste;237;B3_BR16_NIRRIG_REPROD00005.asd;B3;BR16;NIRRIG;D02T;tarde;D02
svm;agrupado;todos;5;teste;239;B3_BR16_NIRRIG_REPROD00007.asd;B3;BR16;NIRRIG;D02T;tarde;D02
svm;agrupado;todos;5;teste;243;B4_BR16_IRRIG_REPROD00003.asd;B4;BR16;IRRIG;D02T;tarde;D02
svm;agrupado;todos;5;teste;248;B4_BR16_NIRRIG_REPROD00000.asd;B4;BR16;NIRRIG;D02T;tarde;D02
svm;agrupado;todos;5;teste;249;B4_BR16_NIRRIG_REPROD00001.asd;B4;BR16;NIRRIG;D02T;tarde;D02
svm;agrupado;todos;5;teste;258;B1_CD202_IRRIG_REPROD00002.asd;B1;CD202;IRRIG;D02T;tarde;D02
svm;agrupado;todos;5;teste;283;B2_CD202_NIRRIG_REPROD00003.asd;B2;CD202;NIRRIG;D02T;tarde;D02
svm;agrupado;todos;5;teste;285;B2_CD202_NIRRIG_REPROD00005.asd;B2;CD202;NIRRIG;D02T;tarde;D02
svm;agrupado;todos;5;teste;292;B3_CD202_IRRIG_REPROD00004.asd;B3;CD202;IRRIG;D02T;tarde;D02
svm;agrupado;todos;5;teste;293;B3_CD202_IRRIG_REPROD00005.asd;B3;CD202;IRRIG;D02T;tarde;D02
svm;agrupado;todos;5;teste;295;B3_CD202_IRRIG_REPROD00007.asd;B3;CD202;IRRIG;D02T;tarde;D02
svm;agrupado;todos;5;teste;298;B3_CD202_NIRRIG_REPROD00002.asd;B3;CD202;NIRRIG;D02T;tarde;D02
svm;agrupado;todos;5;teste;306;B4_CD202_IRRIG_REPROD00002.asd;B4;CD202;IRRIG;D02T;tarde;D02
svm;agrupado;todos;5;teste;311;B4_CD202_IRRIG_REPROD00007.asd;B4;CD202;IRRIG;D02T;tarde;D02
svm;agrupado;todos;5;teste;314;B4_CD202_NIRRIG_REPROD00002.asd;B4;CD202;NIRRIG;D02T;tarde;D02
svm;agrupado;todos;5;teste;317;B4_CD202_NIRRIG_REPROD00005.asd;B4;CD202;NIRRIG;D02T;tarde;D02
svm;agrupado;todos;5;teste;325;B1_EMB48_IRRIG_REPROD00005.asd;B1;EMB48;IRRIG;D02T;tarde;D02
svm;agrupado;todos;5;teste;336;B2_EMB48_IRRIG_REPROD00000.asd;B2;EMB48;IRRIG;D02T;tarde;D02
svm;agrupado;todos;5;teste;337;B2_EMB48_IRRIG_REPROD00001.asd;B2;EMB48;IRRIG;D02T;tarde;D02
svm;agrupado;todos;5;teste;340;B2_EMB48_IRRIG_REPROD00004.asd;B2;EMB48;IRRIG;D02T;tarde;D02
svm;agrupado;todos;5;teste;344;B2_EMB48_NIRRIG_REPROD00000.asd;B2;EMB48;NIRRIG;D02T;tarde;D02
svm;agrupado;todos;5;teste;345;B2_EMB48_NIRRIG_REPROD00001.asd;B2;EMB48;NIRRIG;D02T;tarde;D02
svm;agrupado;todos;5;teste;353;B3_EMB48_IRRIG_REPROD00001.asd;B3;EMB48;IRRIG;D02T;tarde;D02
svm;agrupado;todos;5;teste;356;B3_EMB48_IRRIG_REPROD00004.asd;B3;EMB48;IRRIG;D02T;tarde;D02
svm;agrupado;todos;5;teste;362;B3_EMB48_NIRRIG_REPROD00002.asd;B3;EMB48;NIRRIG;D02T;tarde;D02
svm;agrupado;todos;5;teste;368;B4_EMB48_IRRIG_REPROD00000.asd;B4;EMB48;IRRIG;D02T;tarde;D02
svm;agrupado;todos;5;teste;370;B4_EMB48_IRRIG_REPROD00002.asd;B4;EMB48;IRRIG;D02T;tarde;D02
svm;agrupado;todos;5;teste;373;B4_EMB48_IRRIG_REPROD00005.asd;B4;EMB48;IRRIG;D02T;tarde;D02
svm;agrupado;todos;5;teste;392;B1_BR16_NIRRIG_REPROD00000.asd;B1;BR16;NIRRIG;D03M;manha;D03
svm;agrupado;todos;5;teste;396;B1_BR16_NIRRIG_REPROD00004.asd;B1;BR16;NIRRIG;D03M;manha;D03
svm;agrupado;todos;5;teste;397;B1_BR16_NIRRIG_REPROD00005.asd;B1;BR16;NIRRIG;D03M;manha;D03
svm;agrupado;todos;5;teste;398;B1_BR16_NIRRIG_REPROD00006.asd;B1;BR16;NIRRIG;D03M;manha;D03
svm;agrupado;todos;5;teste;400;B2_BR16_IRRIG_REPROD00000.asd;B2;BR16;IRRIG;D03M;manha;D03
svm;agrupado;todos;5;teste;403;B2_BR16_IRRIG_REPROD00003.asd;B2;BR16;IRRIG;D03M;manha;D03
svm;agrupado;todos;5;teste;410;B2_BR16_NIRRIG_REPROD00002.asd;B2;BR16;NIRRIG;D03M;manha;D03
svm;agrupado;todos;5;teste;414;B2_BR16_NIRRIG_REPROD00006.asd;B2;BR16;NIRRIG;D03M;manha;D03
svm;agrupado;todos;5;teste;421;B3_BR16_IRRIG_REPROD00005.asd;B3;BR16;IRRIG;D03M;manha;D03
svm;agrupado;todos;5;teste;425;B3_BR16_NIRRIG_REPROD00001.asd;B3;BR16;NIRRIG;D03M;manha;D03
svm;agrupado;todos;5;teste;429;B3_BR16_NIRRIG_REPROD00005.asd;B3;BR16;NIRRIG;D03M;manha;D03
svm;agrupado;todos;5;teste;431;B3_BR16_NIRRIG_REPROD00007.asd;B3;BR16;NIRRIG;D03M;manha;D03
svm;agrupado;todos;5;teste;435;B4_BR16_IRRIG_REPROD00003.asd;B4;BR16;IRRIG;D03M;manha;D03
svm;agrupado;todos;5;teste;440;B4_BR16_NIRRIG_REPROD00000.asd;B4;BR16;NIRRIG;D03M;manha;D03
svm;agrupado;todos;5;teste;441;B4_BR16_NIRRIG_REPROD00001.asd;B4;BR16;NIRRIG;D03M;manha;D03
svm;agrupado;todos;5;teste;450;B1_CD202_IRRIG_REPROD00002.asd;B1;CD202;IRRIG;D03M;manha;D03
svm;agrupado;todos;5;teste;475;B2_CD202_NIRRIG_REPROD00003.asd;B2;CD202;NIRRIG;D03M;manha;D03
svm;agrupado;todos;5;teste;477;B2_CD202_NIRRIG_REPROD00005.asd;B2;CD202;NIRRIG;D03M;manha;D03
svm;agrupado;todos;5;teste;484;B3_CD202_IRRIG_REPROD00004.asd;B3;CD202;IRRIG;D03M;manha;D03
svm;agrupado;todos;5;teste;485;B3_CD202_IRRIG_REPROD00005.asd;B3;CD202;IRRIG;D03M;manha;D03
svm;agrupado;todos;5;teste;487;B3_CD202_IRRIG_REPROD00007.asd;B3;CD202;IRRIG;D03M;manha;D03
svm;agrupado;todos;5;teste;490;B3_CD202_NIRRIG_REPROD00002.asd;B3;CD202;NIRRIG;D03M;manha;D03
svm;agrupado;todos;5;teste;498;B4_CD202_IRRIG_REPROD00002.asd;B4;CD202;IRRIG;D03M;manha;D03
svm;agrupado;todos;5;teste;503;B4_CD202_IRRIG_REPROD00007.asd;B4;CD202;IRRIG;D03M;manha;D03
svm;agrupado;todos;5;teste;506;B4_CD202_NIRRIG_REPROD00002.asd;B4;CD202;NIRRIG;D03M;manha;D03
svm;agrupado;todos;5;teste;509;B4_CD202_NIRRIG_REPROD00005.asd;B4;CD202;NIRRIG;D03M;manha;D03
svm;agrupado;todos;5;teste;517;B1_EMB48_IRRIG_REPROD00005.asd;B1;EMB48;IRRIG;D03M;manha;D03
svm;agrupado;todos;5;teste;528;B2_EMB48_IRRIG_REPROD00000.asd;B2;EMB48;IRRIG;D03M;manha;D03
svm;agrupado;todos;5;teste;529;B2_EMB48_IRRIG_REPROD00001.asd;B2;EMB48;IRRIG;D03M;manha;D03
svm;agrupado;todos;5;teste;532;B2_EMB48_IRRIG_REPROD00004.asd;B2;EMB48;IRRIG;D03M;manha;D03
svm;agrupado;todos;5;teste;536;B2_EMB48_NIRRIG_REPROD00000.asd;B2;EMB48;NIRRIG;D03M;manha;D03
svm;agrupado;todos;5;teste;537;B2_EMB48_NIRRIG_REPROD00001.asd;B2;EMB48;NIRRIG;D03M;manha;D03
svm;agrupado;todos;5;teste;545;B3_EMB48_IRRIG_REPROD00001.asd;B3;EMB48;IRRIG;D03M;manha;D03
svm;agrupado;todos;5;teste;548;B3_EMB48_IRRIG_REPROD00004.asd;B3;EMB48;IRRIG;D03M;manha;D03
svm;agrupado;todos;5;teste;554;B3_EMB48_NIRRIG_REPROD00002.asd;B3;EMB48;NIRRIG;D03M;manha;D03
svm;agrupado;todos;5;teste;560;B4_EMB48_IRRIG_REPROD00000.asd;B4;EMB48;IRRIG;D03M;manha;D03
svm;agrupado;todos;5;teste;562;B4_EMB48_IRRIG_REPROD00002.asd;B4;EMB48;IRRIG;D03M;manha;D03
svm;agrupado;todos;5;teste;565;B4_EMB48_IRRIG_REPROD00005.asd;B4;EMB48;IRRIG;D03M;manha;D03
svm;agrupado;todos;5;teste;584;B1_BR16_NIRRIG_REPROD00000.asd;B1;BR16;NIRRIG;D03T;tarde;D03
svm;agrupado;todos;5;teste;588;B1_BR16_NIRRIG_REPROD00004.asd;B1;BR16;NIRRIG;D03T;tarde;D03
svm;agrupado;todos;5;teste;589;B1_BR16_NIRRIG_REPROD00005.asd;B1;BR16;NIRRIG;D03T;tarde;D03
svm;agrupado;todos;5;teste;590;B1_BR16_NIRRIG_REPROD00006.asd;B1;BR16;NIRRIG;D03T;tarde;D03
svm;agrupado;todos;5;teste;592;B2_BR16_IRRIG_REPROD00000.asd;B2;BR16;IRRIG;D03T;tarde;D03
svm;agrupado;todos;5;teste;595;B2_BR16_IRRIG_REPROD00003.asd;B2;BR16;IRRIG;D03T;tarde;D03
svm;agrupado;todos;5;teste;602;B2_BR16_NIRRIG_REPROD00002.asd;B2;BR16;NIRRIG;D03T;tarde;D03
svm;agrupado;todos;5;teste;606;B2_BR16_NIRRIG_REPROD00006.asd;B2;BR16;NIRRIG;D03T;tarde;D03
svm;agrupado;todos;5;teste;613;B3_BR16_IRRIG_REPROD00005.asd;B3;BR16;IRRIG;D03T;tarde;D03
svm;agrupado;todos;5;teste;617;B3_BR16_NIRRIG_REPROD00001.asd;B3;BR16;NIRRIG;D03T;tarde;D03
svm;agrupado;todos;5;teste;621;B3_BR16_NIRRIG_REPROD00005.asd;B3;BR16;NIRRIG;D03T;tarde;D03
svm;agrupado;todos;5;teste;623;B3_BR16_NIRRIG_REPROD00007.asd;B3;BR16;NIRRIG;D03T;tarde;D03
svm;agrupado;todos;5;teste;627;B4_BR16_IRRIG_REPROD00003.asd;B4;BR16;IRRIG;D03T;tarde;D03
svm;agrupado;todos;5;teste;632;B4_BR16_NIRRIG_REPROD00000.asd;B4;BR16;NIRRIG;D03T;tarde;D03
svm;agrupado;todos;5;teste;633;B4_BR16_NIRRIG_REPROD00001.asd;B4;BR16;NIRRIG;D03T;tarde;D03
svm;agrupado;todos;5;teste;642;B1_CD202_IRRIG_REPROD00002.asd;B1;CD202;IRRIG;D03T;tarde;D03
svm;agrupado;todos;5;teste;667;B2_CD202_NIRRIG_REPROD00003.asd;B2;CD202;NIRRIG;D03T;tarde;D03
svm;agrupado;todos;5;teste;669;B2_CD202_NIRRIG_REPROD00005.asd;B2;CD202;NIRRIG;D03T;tarde;D03
svm;agrupado;todos;5;teste;676;B3_CD202_IRRIG_REPROD00004.asd;B3;CD202;IRRIG;D03T;tarde;D03
svm;agrupado;todos;5;teste;677;B3_CD202_IRRIG_REPROD00005.asd;B3;CD202;IRRIG;D03T;tarde;D03
svm;agrupado;todos;5;teste;679;B3_CD202_IRRIG_REPROD00007.asd;B3;CD202;IRRIG;D03T;tarde;D03
svm;agrupado;todos;5;teste;682;B3_CD202_NIRRIG_REPROD00002.asd;B3;CD202;NIRRIG;D03T;tarde;D03
svm;agrupado;todos;5;teste;690;B4_CD202_IRRIG_REPROD00002.asd;B4;CD202;IRRIG;D03T;tarde;D03
svm;agrupado;todos;5;teste;695;B4_CD202_IRRIG_REPROD00007.asd;B4;CD202;IRRIG;D03T;tarde;D03
svm;agrupado;todos;5;teste;698;B4_CD202_NIRRIG_REPROD00002.asd;B4;CD202;NIRRIG;D03T;tarde;D03
svm;agrupado;todos;5;teste;701;B4_CD202_NIRRIG_REPROD00005.asd;B4;CD202;NIRRIG;D03T;tarde;D03
svm;agrupado;todos;5;teste;709;B1_EMB48_IRRIG_REPROD00005.asd;B1;EMB48;IRRIG;D03T;tarde;D03
svm;agrupado;todos;5;teste;720;B2_EMB48_IRRIG_REPROD00000.asd;B2;EMB48;IRRIG;D03T;tarde;D03
svm;agrupado;todos;5;teste;721;B2_EMB48_IRRIG_REPROD00001.asd;B2;EMB48;IRRIG;D03T;tarde;D03
svm;agrupado;todos;5;teste;724;B2_EMB48_IRRIG_REPROD00004.asd;B2;EMB48;IRRIG;D03T;tarde;D03
svm;agrupado;todos;5;teste;728;B2_EMB48_NIRRIG_REPROD00000.asd;B2;EMB48;NIRRIG;D03T;tarde;D03
svm;agrupado;todos;5;teste;729;B2_EMB48_NIRRIG_REPROD00001.asd;B2;EMB48;NIRRIG;D03T;tarde;D03
svm;agrupado;todos;5;teste;737;B3_EMB48_IRRIG_REPROD00001.asd;B3;EMB48;IRRIG;D03T;tarde;D03
svm;agrupado;todos;5;teste;740;B3_EMB48_IRRIG_REPROD00004.asd;B3;EMB48;IRRIG;D03T;tarde;D03
svm;agrupado;todos;5;teste;746;B3_EMB48_NIRRIG_REPROD00002.asd;B3;EMB48;NIRRIG;D03T;tarde;D03
svm;agrupado;todos;5;teste;752;B4_EMB48_IRRIG_REPROD00000.asd;B4;EMB48;IRRIG;D03T;tarde;D03
svm;agrupado;todos;5;teste;754;B4_EMB48_IRRIG_REPROD00002.asd;B4;EMB48;IRRIG;D03T;tarde;D03
svm;agrupado;todos;5;teste;757;B4_EMB48_IRRIG_REPROD00005.asd;B4;EMB48;IRRIG;D03T;tarde;D03
svm;agrupado;todos;5;teste;776;B1_BR16_NIRRIG_REPROD00000.asd;B1;BR16;NIRRIG;D04M;manha;D04
svm;agrupado;todos;5;teste;780;B1_BR16_NIRRIG_REPROD00004.asd;B1;BR16;NIRRIG;D04M;manha;D04
svm;agrupado;todos;5;teste;781;B1_BR16_NIRRIG_REPROD00005.asd;B1;BR16;NIRRIG;D04M;manha;D04
svm;agrupado;todos;5;teste;782;B1_BR16_NIRRIG_REPROD00006.asd;B1;BR16;NIRRIG;D04M;manha;D04
svm;agrupado;todos;5;teste;784;B2_BR16_IRRIG_REPROD00000.asd;B2;BR16;IRRIG;D04M;manha;D04
svm;agrupado;todos;5;teste;787;B2_BR16_IRRIG_REPROD00003.asd;B2;BR16;IRRIG;D04M;manha;D04
svm;agrupado;todos;5;teste;794;B2_BR16_NIRRIG_REPROD00002.asd;B2;BR16;NIRRIG;D04M;manha;D04
svm;agrupado;todos;5;teste;798;B2_BR16_NIRRIG_REPROD00006.asd;B2;BR16;NIRRIG;D04M;manha;D04
svm;agrupado;todos;5;teste;805;B3_BR16_IRRIG_REPROD00005.asd;B3;BR16;IRRIG;D04M;manha;D04
svm;agrupado;todos;5;teste;809;B3_BR16_NIRRIG_REPROD00001.asd;B3;BR16;NIRRIG;D04M;manha;D04
svm;agrupado;todos;5;teste;813;B3_BR16_NIRRIG_REPROD00005.asd;B3;BR16;NIRRIG;D04M;manha;D04
svm;agrupado;todos;5;teste;815;B3_BR16_NIRRIG_REPROD00007.asd;B3;BR16;NIRRIG;D04M;manha;D04
svm;agrupado;todos;5;teste;819;B4_BR16_IRRIG_REPROD00003.asd;B4;BR16;IRRIG;D04M;manha;D04
svm;agrupado;todos;5;teste;824;B4_BR16_NIRRIG_REPROD00000.asd;B4;BR16;NIRRIG;D04M;manha;D04
svm;agrupado;todos;5;teste;825;B4_BR16_NIRRIG_REPROD00001.asd;B4;BR16;NIRRIG;D04M;manha;D04
svm;agrupado;todos;5;teste;834;B1_CD202_IRRIG_REPROD00002.asd;B1;CD202;IRRIG;D04M;manha;D04
svm;agrupado;todos;5;teste;859;B2_CD202_NIRRIG_REPROD00003.asd;B2;CD202;NIRRIG;D04M;manha;D04
svm;agrupado;todos;5;teste;861;B2_CD202_NIRRIG_REPROD00005.asd;B2;CD202;NIRRIG;D04M;manha;D04
svm;agrupado;todos;5;teste;868;B3_CD202_IRRIG_REPROD00004.asd;B3;CD202;IRRIG;D04M;manha;D04
svm;agrupado;todos;5;teste;869;B3_CD202_IRRIG_REPROD00005.asd;B3;CD202;IRRIG;D04M;manha;D04
svm;agrupado;todos;5;teste;871;B3_CD202_IRRIG_REPROD00007.asd;B3;CD202;IRRIG;D04M;manha;D04
svm;agrupado;todos;5;teste;874;B3_CD202_NIRRIG_REPROD00002.asd;B3;CD202;NIRRIG;D04M;manha;D04
svm;agrupado;todos;5;teste;882;B4_CD202_IRRIG_REPROD00002.asd;B4;CD202;IRRIG;D04M;manha;D04
svm;agrupado;todos;5;teste;887;B4_CD202_IRRIG_REPROD00007.asd;B4;CD202;IRRIG;D04M;manha;D04
svm;agrupado;todos;5;teste;890;B4_CD202_NIRRIG_REPROD00002.asd;B4;CD202;NIRRIG;D04M;manha;D04
svm;agrupado;todos;5;teste;893;B4_CD202_NIRRIG_REPROD00005.asd;B4;CD202;NIRRIG;D04M;manha;D04
svm;agrupado;todos;5;teste;901;B1_EMB48_IRRIG_REPROD00005.asd;B1;EMB48;IRRIG;D04M;manha;D04
svm;agrupado;todos;5;teste;912;B2_EMB48_IRRIG_REPROD00000.asd;B2;EMB48;IRRIG;D04M;manha;D04
svm;agrupado;todos;5;teste;913;B2_EMB48_IRRIG_REPROD00001.asd;B2;EMB48;IRRIG;D04M;manha;D04
svm;agrupado;todos;5;teste;916;B2_EMB48_IRRIG_REPROD00004.asd;B2;EMB48;IRRIG;D04M;manha;D04
svm;agrupado;todos;5;teste;920;B2_EMB48_NIRRIG_REPROD00000.asd;B2;EMB48;NIRRIG;D04M;manha;D04
svm;agrupado;todos;5;teste;921;B2_EMB48_NIRRIG_REPROD00001.asd;B2;EMB48;NIRRIG;D04M;manha;D04
svm;agrupado;todos;5;teste;929;B3_EMB48_IRRIG_REPROD00001.asd;B3;EMB48;IRRIG;D04M;manha;D04
svm;agrupado;todos;5;teste;932;B3_EMB48_IRRIG_REPROD00004.asd;B3;EMB48;IRRIG;D04M;manha;D04
svm;agrupado;todos;5;teste;938;B3_EMB48_NIRRIG_REPROD00002.asd;B3;EMB48;NIRRIG;D04M;manha;D04
svm;agrupado;todos;5;teste;944;B4_EMB48_IRRIG_REPROD00000.asd;B4;EMB48;IRRIG;D04M;manha;D04
svm;agrupado;todos;5;teste;946;B4_EMB48_IRRIG_REPROD00002.asd;B4;EMB48;IRRIG;D04M;manha;D04
svm;agrupado;todos;5;teste;949;B4_EMB48_IRRIG_REPROD00005.asd;B4;EMB48;IRRIG;D04M;manha;D04
svm;agrupado;todos;5;teste;968;B1_BR16_NIRRIG_REPROD00000.asd;B1;BR16;NIRRIG;D05M;manha;D05
svm;agrupado;todos;5;teste;972;B1_BR16_NIRRIG_REPROD00004.asd;B1;BR16;NIRRIG;D05M;manha;D05
svm;agrupado;todos;5;teste;973;B1_BR16_NIRRIG_REPROD00005.asd;B1;BR16;NIRRIG;D05M;manha;D05
svm;agrupado;todos;5;teste;974;B1_BR16_NIRRIG_REPROD00006.asd;B1;BR16;NIRRIG;D05M;manha;D05
svm;agrupado;todos;5;teste;976;B2_BR16_IRRIG_REPROD00000.asd;B2;BR16;IRRIG;D05M;manha;D05
svm;agrupado;todos;5;teste;979;B2_BR16_IRRIG_REPROD00003.asd;B2;BR16;IRRIG;D05M;manha;D05
svm;agrupado;todos;5;teste;986;B2_BR16_NIRRIG_REPROD00002.asd;B2;BR16;NIRRIG;D05M;manha;D05
svm;agrupado;todos;5;teste;990;B2_BR16_NIRRIG_REPROD00006.asd;B2;BR16;NIRRIG;D05M;manha;D05
svm;agrupado;todos;5;teste;997;B3_BR16_IRRIG_REPROD00005.asd;B3;BR16;IRRIG;D05M;manha;D05
svm;agrupado;todos;5;teste;1001;B3_BR16_NIRRIG_REPROD00001.asd;B3;BR16;NIRRIG;D05M;manha;D05
svm;agrupado;todos;5;teste;1005;B3_BR16_NIRRIG_REPROD00005.asd;B3;BR16;NIRRIG;D05M;manha;D05
svm;agrupado;todos;5;teste;1007;B3_BR16_NIRRIG_REPROD00007.asd;B3;BR16;NIRRIG;D05M;manha;D05
svm;agrupado;todos;5;teste;1011;B4_BR16_IRRIG_REPROD00003.asd;B4;BR16;IRRIG;D05M;manha;D05
svm;agrupado;todos;5;teste;1016;B4_BR16_NIRRIG_REPROD00000.asd;B4;BR16;NIRRIG;D05M;manha;D05
svm;agrupado;todos;5;teste;1017;B4_BR16_NIRRIG_REPROD00001.asd;B4;BR16;NIRRIG;D05M;manha;D05
svm;agrupado;todos;5;teste;1026;B1_CD202_IRRIG_REPROD00002.asd;B1;CD202;IRRIG;D05M;manha;D05
svm;agrupado;todos;5;teste;1051;B2_CD202_NIRRIG_REPROD00003.asd;B2;CD202;NIRRIG;D05M;manha;D05
svm;agrupado;todos;5;teste;1053;B2_CD202_NIRRIG_REPROD00005.asd;B2;CD202;NIRRIG;D05M;manha;D05
svm;agrupado;todos;5;teste;1060;B3_CD202_IRRIG_REPROD00004.asd;B3;CD202;IRRIG;D05M;manha;D05
svm;agrupado;todos;5;teste;1061;B3_CD202_IRRIG_REPROD00005.asd;B3;CD202;IRRIG;D05M;manha;D05
svm;agrupado;todos;5;teste;1063;B3_CD202_IRRIG_REPROD00007.asd;B3;CD202;IRRIG;D05M;manha;D05
svm;agrupado;todos;5;teste;1066;B3_CD202_NIRRIG_REPROD00002.asd;B3;CD202;NIRRIG;D05M;manha;D05
svm;agrupado;todos;5;teste;1074;B4_CD202_IRRIG_REPROD00002.asd;B4;CD202;IRRIG;D05M;manha;D05
svm;agrupado;todos;5;teste;1079;B4_CD202_IRRIG_REPROD00007.asd;B4;CD202;IRRIG;D05M;manha;D05
svm;agrupado;todos;5;teste;1082;B4_CD202_NIRRIG_REPROD00002.asd;B4;CD202;NIRRIG;D05M;manha;D05
svm;agrupado;todos;5;teste;1085;B4_CD202_NIRRIG_REPROD00005.asd;B4;CD202;NIRRIG;D05M;manha;D05
svm;agrupado;todos;5;teste;1093;B1_EMB48_IRRIG_REPROD00005.asd;B1;EMB48;IRRIG;D05M;manha;D05
svm;agrupado;todos;5;teste;1104;B2_EMB48_IRRIG_REPROD00000.asd;B2;EMB48;IRRIG;D05M;manha;D05
svm;agrupado;todos;5;teste;1105;B2_EMB48_IRRIG_REPROD00001.asd;B2;EMB48;IRRIG;D05M;manha;D05
svm;agrupado;todos;5;teste;1108;B2_EMB48_IRRIG_REPROD00004.asd;B2;EMB48;IRRIG;D05M;manha;D05
svm;agrupado;todos;5;teste;1112;B2_EMB48_NIRRIG_REPROD00000.asd;B2;EMB48;NIRRIG;D05M;manha;D05
svm;agrupado;todos;5;teste;1113;B2_EMB48_NIRRIG_REPROD00001.asd;B2;EMB48;NIRRIG;D05M;manha;D05
svm;agrupado;todos;5;teste;1121;B3_EMB48_IRRIG_REPROD00001.asd;B3;EMB48;IRRIG;D05M;manha;D05
svm;agrupado;todos;5;teste;1124;B3_EMB48_IRRIG_REPROD00004.asd;B3;EMB48;IRRIG;D05M;manha;D05
svm;agrupado;todos;5;teste;1130;B3_EMB48_NIRRIG_REPROD00002.asd;B3;EMB48;NIRRIG;D05M;manha;D05
svm;agrupado;todos;5;teste;1136;B4_EMB48_IRRIG_REPROD00000.asd;B4;EMB48;IRRIG;D05M;manha;D05
svm;agrupado;todos;5;teste;1138;B4_EMB48_IRRIG_REPROD00002.asd;B4;EMB48;IRRIG;D05M;manha;D05
svm;agrupado;todos;5;teste;1141;B4_EMB48_IRRIG_REPROD00005.asd;B4;EMB48;IRRIG;D05M;manha;D05
svm;agrupado;todos;5;teste;1160;B1_BR16_NIRRIG_REPROD00000.asd;B1;BR16;NIRRIG;D06M;manha;D06
svm;agrupado;todos;5;teste;1164;B1_BR16_NIRRIG_REPROD00004.asd;B1;BR16;NIRRIG;D06M;manha;D06
svm;agrupado;todos;5;teste;1165;B1_BR16_NIRRIG_REPROD00005.asd;B1;BR16;NIRRIG;D06M;manha;D06
svm;agrupado;todos;5;teste;1166;B1_BR16_NIRRIG_REPROD00006.asd;B1;BR16;NIRRIG;D06M;manha;D06
svm;agrupado;todos;5;teste;1168;B2_BR16_IRRIG_REPROD00000.asd;B2;BR16;IRRIG;D06M;manha;D06
svm;agrupado;todos;5;teste;1171;B2_BR16_IRRIG_REPROD00003.asd;B2;BR16;IRRIG;D06M;manha;D06
svm;agrupado;todos;5;teste;1178;B2_BR16_NIRRIG_REPROD00002.asd;B2;BR16;NIRRIG;D06M;manha;D06
svm;agrupado;todos;5;teste;1182;B2_BR16_NIRRIG_REPROD00006.asd;B2;BR16;NIRRIG;D06M;manha;D06
svm;agrupado;todos;5;teste;1189;B3_BR16_IRRIG_REPROD00005.asd;B3;BR16;IRRIG;D06M;manha;D06
svm;agrupado;todos;5;teste;1193;B3_BR16_NIRRIG_REPROD00001.asd;B3;BR16;NIRRIG;D06M;manha;D06
svm;agrupado;todos;5;teste;1197;B3_BR16_NIRRIG_REPROD00005.asd;B3;BR16;NIRRIG;D06M;manha;D06
svm;agrupado;todos;5;teste;1199;B3_BR16_NIRRIG_REPROD00007.asd;B3;BR16;NIRRIG;D06M;manha;D06
svm;agrupado;todos;5;teste;1203;B4_BR16_IRRIG_REPROD00003.asd;B4;BR16;IRRIG;D06M;manha;D06
svm;agrupado;todos;5;teste;1208;B4_BR16_NIRRIG_REPROD00000.asd;B4;BR16;NIRRIG;D06M;manha;D06
svm;agrupado;todos;5;teste;1209;B4_BR16_NIRRIG_REPROD00001.asd;B4;BR16;NIRRIG;D06M;manha;D06
svm;agrupado;todos;5;teste;1218;B1_CD202_IRRIG_REPROD00002.asd;B1;CD202;IRRIG;D06M;manha;D06
svm;agrupado;todos;5;teste;1243;B2_CD202_NIRRIG_REPROD00003.asd;B2;CD202;NIRRIG;D06M;manha;D06
svm;agrupado;todos;5;teste;1245;B2_CD202_NIRRIG_REPROD00005.asd;B2;CD202;NIRRIG;D06M;manha;D06
svm;agrupado;todos;5;teste;1252;B3_CD202_IRRIG_REPROD00004.asd;B3;CD202;IRRIG;D06M;manha;D06
svm;agrupado;todos;5;teste;1253;B3_CD202_IRRIG_REPROD00005.asd;B3;CD202;IRRIG;D06M;manha;D06
svm;agrupado;todos;5;teste;1255;B3_CD202_IRRIG_REPROD00007.asd;B3;CD202;IRRIG;D06M;manha;D06
svm;agrupado;todos;5;teste;1258;B3_CD202_NIRRIG_REPROD00002.asd;B3;CD202;NIRRIG;D06M;manha;D06
svm;agrupado;todos;5;teste;1266;B4_CD202_IRRIG_REPROD00002.asd;B4;CD202;IRRIG;D06M;manha;D06
svm;agrupado;todos;5;teste;1271;B4_CD202_IRRIG_REPROD00007.asd;B4;CD202;IRRIG;D06M;manha;D06
svm;agrupado;todos;5;teste;1274;B4_CD202_NIRRIG_REPROD00002.asd;B4;CD202;NIRRIG;D06M;manha;D06
svm;agrupado;todos;5;teste;1277;B4_CD202_NIRRIG_REPROD00005.asd;B4;CD202;NIRRIG;D06M;manha;D06
svm;agrupado;todos;5;teste;1285;B1_EMB48_IRRIG_REPROD00005.asd;B1;EMB48;IRRIG;D06M;manha;D06
svm;agrupado;todos;5;teste;1296;B2_EMB48_IRRIG_REPROD00000.asd;B2;EMB48;IRRIG;D06M;manha;D06
svm;agrupado;todos;5;teste;1297;B2_EMB48_IRRIG_REPROD00001.asd;B2;EMB48;IRRIG;D06M;manha;D06
svm;agrupado;todos;5;teste;1300;B2_EMB48_IRRIG_REPROD00004.asd;B2;EMB48;IRRIG;D06M;manha;D06
svm;agrupado;todos;5;teste;1304;B2_EMB48_NIRRIG_REPROD00000.asd;B2;EMB48;NIRRIG;D06M;manha;D06
svm;agrupado;todos;5;teste;1305;B2_EMB48_NIRRIG_REPROD00001.asd;B2;EMB48;NIRRIG;D06M;manha;D06
svm;agrupado;todos;5;teste;1313;B3_EMB48_IRRIG_REPROD00001.asd;B3;EMB48;IRRIG;D06M;manha;D06
svm;agrupado;todos;5;teste;1316;B3_EMB48_IRRIG_REPROD00004.asd;B3;EMB48;IRRIG;D06M;manha;D06
svm;agrupado;todos;5;teste;1322;B3_EMB48_NIRRIG_REPROD00002.asd;B3;EMB48;NIRRIG;D06M;manha;D06
svm;agrupado;todos;5;teste;1328;B4_EMB48_IRRIG_REPROD00000.asd;B4;EMB48;IRRIG;D06M;manha;D06
svm;agrupado;todos;5;teste;1330;B4_EMB48_IRRIG_REPROD00002.asd;B4;EMB48;IRRIG;D06M;manha;D06
svm;agrupado;todos;5;teste;1333;B4_EMB48_IRRIG_REPROD00005.asd;B4;EMB48;IRRIG;D06M;manha;D06
svm;agrupado;todos;5;teste;1344;B1_BR16_IRR_REP_RECUP00000.asd;B1;BR16;IRRIG;D09M;manha;D09
svm;agrupado;todos;5;teste;1360;B2_BR16_IRR_REP_RECUP00000.asd;B2;BR16;IRRIG;D09M;manha;D09
svm;agrupado;todos;5;teste;1363;B2_BR16_IRR_REP_RECUP00003.asd;B2;BR16;IRRIG;D09M;manha;D09
svm;agrupado;todos;5;teste;1364;B2_BR16_IRR_REP_RECUP00004.asd;B2;BR16;IRRIG;D09M;manha;D09
svm;agrupado;todos;5;teste;1371;B2_BR16_NIRR_REP_RECUP00003.asd;B2;BR16;NIRRIG;D09M;manha;D09
svm;agrupado;todos;5;teste;1387;B3_BR16_NIRR_REP_RECUP00003.asd;B3;BR16;NIRRIG;D09M;manha;D09
svm;agrupado;todos;5;teste;1395;B4_BR16_IRR_REP_RECUP00003.asd;B4;BR16;IRRIG;D09M;manha;D09
svm;agrupado;todos;5;teste;1400;B4_BR16_NIRR_REP_RECUP00000.asd;B4;BR16;NIRRIG;D09M;manha;D09
svm;agrupado;todos;5;teste;1401;B4_BR16_NIRR_REP_RECUP00001.asd;B4;BR16;NIRRIG;D09M;manha;D09
svm;agrupado;todos;5;teste;1402;B4_BR16_NIRR_REP_RECUP00002.asd;B4;BR16;NIRRIG;D09M;manha;D09
svm;agrupado;todos;5;teste;1403;B4_BR16_NIRR_REP_RECUP00003.asd;B4;BR16;NIRRIG;D09M;manha;D09
svm;agrupado;todos;5;teste;1415;B1_CD202_IRR_REP_RECUP00007.asd;B1;CD202;IRRIG;D09M;manha;D09
svm;agrupado;todos;5;teste;1418;B1_CD202_IRR_REP_RECUP00010.asd;B1;CD202;IRRIG;D09M;manha;D09
svm;agrupado;todos;5;teste;1419;B1_CD202_IRR_REP_RECUP00011.asd;B1;CD202;IRRIG;D09M;manha;D09
svm;agrupado;todos;5;teste;1421;B1_CD202_NIRR_REP_RECUP00001.asd;B1;CD202;NIRRIG;D09M;manha;D09
svm;agrupado;todos;5;teste;1423;B1_CD202_NIRR_REP_RECUP00003.asd;B1;CD202;NIRRIG;D09M;manha;D09
svm;agrupado;todos;5;teste;1425;B1_CD202_NIRR_REP_RECUP00005.asd;B1;CD202;NIRRIG;D09M;manha;D09
svm;agrupado;todos;5;teste;1428;B2_CD202_IRR_REP_RECUP00000.asd;B2;CD202;IRRIG;D09M;manha;D09
svm;agrupado;todos;5;teste;1435;B2_CD202_IRR_REP_RECUP00007.asd;B2;CD202;IRRIG;D09M;manha;D09
svm;agrupado;todos;5;teste;1440;B2_CD202_NIRR_REP_RECUP00004.asd;B2;CD202;NIRRIG;D09M;manha;D09
svm;agrupado;todos;5;teste;1441;B2_CD202_NIRR_REP_RECUP00005.asd;B2;CD202;NIRRIG;D09M;manha;D09
svm;agrupado;todos;5;teste;1445;B3_CD202_IRR_REP_RECUP00001.asd;B3;CD202;IRRIG;D09M;manha;D09
svm;agrupado;todos;5;teste;1450;B3_CD202_IRR_REP_RECUP00006.asd;B3;CD202;IRRIG;D09M;manha;D09
svm;agrupado;todos;5;teste;1454;B3_CD202_NIRR_REP_RECUP00002.asd;B3;CD202;NIRRIG;D09M;manha;D09
svm;agrupado;todos;5;teste;1462;B4_CD202_IRR_REP_RECUP00002.asd;B4;CD202;IRRIG;D09M;manha;D09
svm;agrupado;todos;5;teste;1464;B4_CD202_IRR_REP_RECUP00004.asd;B4;CD202;IRRIG;D09M;manha;D09
svm;agrupado;todos;5;teste;1470;B4_CD202_NIRR_REP_RECUP00002.asd;B4;CD202;NIRRIG;D09M;manha;D09
svm;agrupado;todos;5;teste;1477;B1_EMB48_IRR_REP_RECUP00001.asd;B1;EMB48;IRRIG;D09M;manha;D09
svm;agrupado;todos;5;teste;1482;B1_EMB48_IRR_REP_RECUP00006.asd;B1;EMB48;IRRIG;D09M;manha;D09
svm;agrupado;todos;5;teste;1483;B1_EMB48_IRR_REP_RECUP00007.asd;B1;EMB48;IRRIG;D09M;manha;D09
svm;agrupado;todos;5;teste;1484;B1_EMB48_NIRR_REP_RECUP00000.asd;B1;EMB48;NIRRIG;D09M;manha;D09
svm;agrupado;todos;5;teste;1491;B1_EMB48_NIRR_REP_RECUP00007.asd;B1;EMB48;NIRRIG;D09M;manha;D09
svm;agrupado;todos;5;teste;1496;B2_EMB48_IRR_REP_RECUP00004.asd;B2;EMB48;IRRIG;D09M;manha;D09
svm;agrupado;todos;5;teste;1498;B2_EMB48_IRR_REP_RECUP00006.asd;B2;EMB48;IRRIG;D09M;manha;D09
svm;agrupado;todos;5;teste;1504;B2_EMB48_NIRR_REP_RECUP00008.asd;B2;EMB48;NIRRIG;D09M;manha;D09
svm;agrupado;todos;5;teste;1515;B3_EMB48_IRR_REP_RECUP00007.asd;B3;EMB48;IRRIG;D09M;manha;D09
svm;agrupado;todos;5;teste;1517;B3_EMB48_NIRR_REP_RECUP00001.asd;B3;EMB48;NIRRIG;D09M;manha;D09
svm;agrupado;todos;5;teste;1521;B3_EMB48_NIRR_REP_RECUP00005.asd;B3;EMB48;NIRRIG;D09M;manha;D09
svm;agrupado;todos;5;teste;1531;B4_EMB48_IRR_REP_RECUP00007.asd;B4;EMB48;IRRIG;D09M;manha;D09
svm;agrupado;todos;5;teste;1535;B4_EMB48_NIRR_REP_RECUP00003.asd;B4;EMB48;NIRRIG;D09M;manha;D09
svm;agrupado;todos;5;teste;1538;B4_EMB48_NIRR_REP_RECUP00006.asd;B4;EMB48;NIRRIG;D09M;manha;D09
svm;agrupado;todos;5;teste;1540;B1_BR16_IRR_REP_RECUP00000.asd;B1;BR16;IRRIG;D09T;tarde;D09
svm;agrupado;todos;5;teste;1556;B2_BR16_IRR_REP_RECUP00000.asd;B2;BR16;IRRIG;D09T;tarde;D09
svm;agrupado;todos;5;teste;1559;B2_BR16_IRR_REP_RECUP00003.asd;B2;BR16;IRRIG;D09T;tarde;D09
svm;agrupado;todos;5;teste;1560;B2_BR16_IRR_REP_RECUP00004.asd;B2;BR16;IRRIG;D09T;tarde;D09
svm;agrupado;todos;5;teste;1565;B2_BR16_NIRR_REP_RECUP00009.asd;B2;BR16;NIRRIG;D09T;tarde;D09
svm;agrupado;todos;5;teste;1583;B3_BR16_NIRR_REP_RECUP00003.asd;B3;BR16;NIRRIG;D09T;tarde;D09
svm;agrupado;todos;5;teste;1591;B4_BR16_IRR_REP_RECUP00003.asd;B4;BR16;IRRIG;D09T;tarde;D09
svm;agrupado;todos;5;teste;1596;B4_BR16_NIRR_REP_RECUP00000.asd;B4;BR16;NIRRIG;D09T;tarde;D09
svm;agrupado;todos;5;teste;1597;B4_BR16_NIRR_REP_RECUP00001.asd;B4;BR16;NIRRIG;D09T;tarde;D09
svm;agrupado;todos;5;teste;1598;B4_BR16_NIRR_REP_RECUP00002.asd;B4;BR16;NIRRIG;D09T;tarde;D09
svm;agrupado;todos;5;teste;1599;B4_BR16_NIRR_REP_RECUP00003.asd;B4;BR16;NIRRIG;D09T;tarde;D09
svm;agrupado;todos;5;teste;1611;B1_CD202_IRR_REP_RECUP00007.asd;B1;CD202;IRRIG;D09T;tarde;D09
svm;agrupado;todos;5;teste;1613;B1_CD202_NIRR_REP_RECUP00001.asd;B1;CD202;NIRRIG;D09T;tarde;D09
svm;agrupado;todos;5;teste;1615;B1_CD202_NIRR_REP_RECUP00003.asd;B1;CD202;NIRRIG;D09T;tarde;D09
svm;agrupado;todos;5;teste;1617;B1_CD202_NIRR_REP_RECUP00005.asd;B1;CD202;NIRRIG;D09T;tarde;D09
svm;agrupado;todos;5;teste;1620;B2_CD202_IRR_REP_RECUP00000.asd;B2;CD202;IRRIG;D09T;tarde;D09
svm;agrupado;todos;5;teste;1627;B2_CD202_IRR_REP_RECUP00007.asd;B2;CD202;IRRIG;D09T;tarde;D09
svm;agrupado;todos;5;teste;1632;B2_CD202_NIRR_REP_RECUP00004.asd;B2;CD202;NIRRIG;D09T;tarde;D09
svm;agrupado;todos;5;teste;1633;B2_CD202_NIRR_REP_RECUP00005.asd;B2;CD202;NIRRIG;D09T;tarde;D09
svm;agrupado;todos;5;teste;1637;B3_CD202_IRR_REP_RECUP00001.asd;B3;CD202;IRRIG;D09T;tarde;D09
svm;agrupado;todos;5;teste;1642;B3_CD202_IRR_REP_RECUP00006.asd;B3;CD202;IRRIG;D09T;tarde;D09
svm;agrupado;todos;5;teste;1646;B3_CD202_NIRR_REP_RECUP00002.asd;B3;CD202;NIRRIG;D09T;tarde;D09
svm;agrupado;todos;5;teste;1654;B4_CD202_IRR_REP_RECUP00002.asd;B4;CD202;IRRIG;D09T;tarde;D09
svm;agrupado;todos;5;teste;1656;B4_CD202_IRR_REP_RECUP00004.asd;B4;CD202;IRRIG;D09T;tarde;D09
svm;agrupado;todos;5;teste;1662;B4_CD202_NIRR_REP_RECUP00002.asd;B4;CD202;NIRRIG;D09T;tarde;D09
svm;agrupado;todos;5;teste;1669;B1_EMB48_IRR_REP_RECUP00001.asd;B1;EMB48;IRRIG;D09T;tarde;D09
svm;agrupado;todos;5;teste;1674;B1_EMB48_IRR_REP_RECUP00006.asd;B1;EMB48;IRRIG;D09T;tarde;D09
svm;agrupado;todos;5;teste;1675;B1_EMB48_IRR_REP_RECUP00007.asd;B1;EMB48;IRRIG;D09T;tarde;D09
svm;agrupado;todos;5;teste;1676;B1_EMB48_NIRR_REP_RECUP00000.asd;B1;EMB48;NIRRIG;D09T;tarde;D09
svm;agrupado;todos;5;teste;1683;B1_EMB48_NIRR_REP_RECUP00007.asd;B1;EMB48;NIRRIG;D09T;tarde;D09
svm;agrupado;todos;5;teste;1688;B2_EMB48_IRR_REP_RECUP00004.asd;B2;EMB48;IRRIG;D09T;tarde;D09
svm;agrupado;todos;5;teste;1690;B2_EMB48_IRR_REP_RECUP00006.asd;B2;EMB48;IRRIG;D09T;tarde;D09
svm;agrupado;todos;5;teste;1698;B2_EMB48_NIRR_REP_RECUP00006.asd;B2;EMB48;NIRRIG;D09T;tarde;D09
svm;agrupado;todos;5;teste;1707;B3_EMB48_IRR_REP_RECUP00007.asd;B3;EMB48;IRRIG;D09T;tarde;D09
svm;agrupado;todos;5;teste;1709;B3_EMB48_NIRR_REP_RECUP00001.asd;B3;EMB48;NIRRIG;D09T;tarde;D09
svm;agrupado;todos;5;teste;1713;B3_EMB48_NIRR_REP_RECUP00005.asd;B3;EMB48;NIRRIG;D09T;tarde;D09
svm;agrupado;todos;5;teste;1723;B4_EMB48_IRR_REP_RECUP00007.asd;B4;EMB48;IRRIG;D09T;tarde;D09
svm;agrupado;todos;5;teste;1727;B4_EMB48_NIRR_REP_RECUP00003.asd;B4;EMB48;NIRRIG;D09T;tarde;D09
svm;agrupado;todos;5;teste;1730;B4_EMB48_NIRR_REP_RECUP00006.asd;B4;EMB48;NIRRIG;D09T;tarde;D09
svm;agrupado;todos;5;teste;1732;B1_BR16_IRR_REP_RECUP00000.asd;B1;BR16;IRRIG;D10M;manha;D10
svm;agrupado;todos;5;teste;1755;B1_CD202_IRR_REP_RECUP00007.asd;B1;CD202;IRRIG;D10M;manha;D10
svm;agrupado;todos;5;teste;1757;B1_CD202_NIRR_REP_RECUP00001.asd;B1;CD202;NIRRIG;D10M;manha;D10
svm;agrupado;todos;5;teste;1759;B1_CD202_NIRR_REP_RECUP00003.asd;B1;CD202;NIRRIG;D10M;manha;D10
svm;agrupado;todos;5;teste;1761;B1_CD202_NIRR_REP_RECUP00005.asd;B1;CD202;NIRRIG;D10M;manha;D10
svm;agrupado;todos;5;teste;1765;B1_EMB48_IRR_REP_RECUP00001.asd;B1;EMB48;IRRIG;D10M;manha;D10
svm;agrupado;todos;5;teste;1770;B1_EMB48_IRR_REP_RECUP00006.asd;B1;EMB48;IRRIG;D10M;manha;D10
svm;agrupado;todos;5;teste;1771;B1_EMB48_IRR_REP_RECUP00007.asd;B1;EMB48;IRRIG;D10M;manha;D10
svm;agrupado;todos;5;teste;1772;B1_EMB48_NIRR_REP_RECUP00000.asd;B1;EMB48;NIRRIG;D10M;manha;D10
svm;agrupado;todos;5;teste;1779;B1_EMB48_NIRR_REP_RECUP00007.asd;B1;EMB48;NIRRIG;D10M;manha;D10
svm;agrupado;todos;5;teste;1780;B2_BR16_IRR_REP_RECUP00000.asd;B2;BR16;IRRIG;D10M;manha;D10
svm;agrupado;todos;5;teste;1783;B2_BR16_IRR_REP_RECUP00003.asd;B2;BR16;IRRIG;D10M;manha;D10
svm;agrupado;todos;5;teste;1784;B2_BR16_IRR_REP_RECUP00004.asd;B2;BR16;IRRIG;D10M;manha;D10
svm;agrupado;todos;5;teste;1791;B2_BR16_NIRR_REP_RECUP00003.asd;B2;BR16;NIRRIG;D10M;manha;D10
svm;agrupado;todos;5;teste;1796;B2_CD202_IRR_REP_RECUP00000.asd;B2;CD202;IRRIG;D10M;manha;D10
svm;agrupado;todos;5;teste;1803;B2_CD202_IRR_REP_RECUP00007.asd;B2;CD202;IRRIG;D10M;manha;D10
svm;agrupado;todos;5;teste;1808;B2_CD202_NIRR_REP_RECUP00012.asd;B2;CD202;NIRRIG;D10M;manha;D10
svm;agrupado;todos;5;teste;1816;B2_EMB48_IRR_REP_RECUP00004.asd;B2;EMB48;IRRIG;D10M;manha;D10
svm;agrupado;todos;5;teste;1818;B2_EMB48_IRR_REP_RECUP00006.asd;B2;EMB48;IRRIG;D10M;manha;D10
svm;agrupado;todos;5;teste;1826;B2_EMB48_NIRR_REP_RECUP00006.asd;B2;EMB48;NIRRIG;D10M;manha;D10
svm;agrupado;todos;5;teste;1839;B3_BR16_NIRR_REP_RECUP00003.asd;B3;BR16;NIRRIG;D10M;manha;D10
svm;agrupado;todos;5;teste;1845;B3_CD202_IRR_REP_RECUP00001.asd;B3;CD202;IRRIG;D10M;manha;D10
svm;agrupado;todos;5;teste;1850;B3_CD202_IRR_REP_RECUP00006.asd;B3;CD202;IRRIG;D10M;manha;D10
svm;agrupado;todos;5;teste;1854;B3_CD202_NIRR_REP_RECUP00002.asd;B3;CD202;NIRRIG;D10M;manha;D10
svm;agrupado;todos;5;teste;1867;B3_EMB48_IRR_REP_RECUP00007.asd;B3;EMB48;IRRIG;D10M;manha;D10
svm;agrupado;todos;5;teste;1869;B3_EMB48_NIRR_REP_RECUP00001.asd;B3;EMB48;NIRRIG;D10M;manha;D10
svm;agrupado;todos;5;teste;1873;B3_EMB48_NIRR_REP_RECUP00005.asd;B3;EMB48;NIRRIG;D10M;manha;D10
svm;agrupado;todos;5;teste;1879;B4_BR16_IRR_REP_RECUP00003.asd;B4;BR16;IRRIG;D10M;manha;D10
svm;agrupado;todos;5;teste;1884;B4_BR16_NIRR_REP_RECUP00000.asd;B4;BR16;NIRRIG;D10M;manha;D10
svm;agrupado;todos;5;teste;1885;B4_BR16_NIRR_REP_RECUP00001.asd;B4;BR16;NIRRIG;D10M;manha;D10
svm;agrupado;todos;5;teste;1886;B4_BR16_NIRR_REP_RECUP00002.asd;B4;BR16;NIRRIG;D10M;manha;D10
svm;agrupado;todos;5;teste;1887;B4_BR16_NIRR_REP_RECUP00003.asd;B4;BR16;NIRRIG;D10M;manha;D10
svm;agrupado;todos;5;teste;1894;B4_CD202_IRR_REP_RECUP00002.asd;B4;CD202;IRRIG;D10M;manha;D10
svm;agrupado;todos;5;teste;1896;B4_CD202_IRR_REP_RECUP00004.asd;B4;CD202;IRRIG;D10M;manha;D10
svm;agrupado;todos;5;teste;1902;B4_CD202_NIRR_REP_RECUP00002.asd;B4;CD202;NIRRIG;D10M;manha;D10
svm;agrupado;todos;5;teste;1915;B4_EMB48_IRR_REP_RECUP00007.asd;B4;EMB48;IRRIG;D10M;manha;D10
svm;agrupado;todos;5;teste;1919;B4_EMB48_NIRR_REP_RECUP00003.asd;B4;EMB48;NIRRIG;D10M;manha;D10
svm;agrupado;todos;5;teste;1922;B4_EMB48_NIRR_REP_RECUP00006.asd;B4;EMB48;NIRRIG;D10M;manha;D10
