modelo;modo;genotipo_avaliado;fold;indice_amostra;nomenclaura;bloco;genotipo;condicao;data_coleta;turno;dia;classe_real;classe_predita;score_NIRRIG;acerto;1560;400;719;2039;520
pls_da;por_genotipo;BR16;1;6;B1_BR16_IRRIG_REPROD00006.asd;B1;BR16;IRRIG;D02M;manha;D02;IRRIG;IRRIG;0.42390571132716537;True;0.37851213520548616;-1.4443337450998426;0.008963920156054003;-0.8162600877936902;-1.4541577460319157
pls_da;por_genotipo;BR16;1;12;B1_BR16_NIRRIG_REPROD00004.asd;B1;BR16;NIRRIG;D02M;manha;D02;NIRRIG;IRRIG;0.4568718340941852;False;0.4094015573357596;-1.521457398528606;-0.0695555628640555;-0.739779728719248;-1.5327738224312872
pls_da;por_genotipo;BR16;1;13;B1_BR16_NIRRIG_REPROD00005.asd;B1;BR16;NIRRIG;D02M;manha;D02;NIRRIG;IRRIG;0.4621314557728708;False;0.4111856627337101;-1.534054702686668;-0.07123195215381765;-0.7353100046679674;-1.536928295505472
pls_da;por_genotipo;BR16;1;14;B1_BR16_NIRRIG_REPROD00006.asd;B1;BR16;NIRRIG;D02M;manha;D02;NIRRIG;IRRIG;0.4639622354468676;False;0.41304785082267087;-1.5347749413155134;-0.07161025418937787;-0.7323467737492037;-1.540125278846647
pls_da;por_genotipo;BR16;1;17;B2_BR16_IRRIG_REPROD00001.asd;B2;BR16;IRRIG;D02M;manha;D02;IRRIG;IRRIG;0.4459962335952311;True;0.4014170254344711;-1.5096816766955934;-0.06675336071593889;-0.7559875036710972;-1.5169741973642135
pls_da;por_genotipo;BR16;1;21;B2_BR16_IRRIG_REPROD00005.asd;B2;BR16;IRRIG;D02M;manha;D02;IRRIG;IRRIG;0.4975351602703481;True;0.42088588599063076;-1.5467009127240583;0.0003393118869301359;-0.7203975000047241;-1.5816852807401216
pls_da;por_genotipo;BR16;1;25;B2_BR16_NIRRIG_REPROD00001.asd;B2;BR16;NIRRIG;D02M;manha;D02;NIRRIG;IRRIG;0.4853397728366031;False;0.4019335056465706;-1.499466921579009;0.07455228709292867;-0.7683200432323101;-1.5167038960162775
pls_da;por_genotipo;BR16;1;26;B2_BR16_NIRRIG_REPROD00002.asd;B2;BR16;NIRRIG;D02M;manha;D02;NIRRIG;IRRIG;0.486694415360997;False;0.4024572519552764;-1.5043144685727976;0.07093655365977497;-0.7650762952335508;-1.5210272288723798
pls_da;por_genotipo;BR16;1;33;B3_BR16_IRRIG_REPROD00001.asd;B3;BR16;IRRIG;D02M;manha;D02;IRRIG;IRRIG;0.4721879898922861;True;0.4119325569771249;-1.509552778352121;0.0003462481090860976;-0.7588230127354688;-1.5365770347435308
pls_da;por_genotipo;BR16;1;42;B3_BR16_NIRRIG_REPROD00002.asd;B3;BR16;NIRRIG;D02M;manha;D02;NIRRIG;NIRRIG;0.5493908730340193;True;0.44287542111323464;-1.5877827569845908;0.08273143862223006;-0.7165783874983287;-1.5579206374990326
pls_da;por_genotipo;BR16;1;54;B4_BR16_IRRIG_REPROD00006.asd;B4;BR16;IRRIG;D02M;manha;D02;IRRIG;IRRIG;0.4749055110263149;True;0.4154269206201804;-1.5427805677317223;-0.05297681650927809;-0.7261043606895495;-1.5690101392142635
pls_da;por_genotipo;BR16;1;55;B4_BR16_IRRIG_REPROD00007.asd;B4;BR16;IRRIG;D02M;manha;D02;IRRIG;IRRIG;0.4766908247866558;True;0.41360212471327595;-1.546297546542507;-0.04799648846832749;-0.7255788260959994;-1.5687944493665191
pls_da;por_genotipo;BR16;1;56;B4_BR16_NIRRIG_REPROD00000.asd;B4;BR16;NIRRIG;D02M;manha;D02;NIRRIG;NIRRIG;0.5171946754936098;True;0.47317559110996427;-1.5919223333739316;-0.09465381663271553;-0.6875842164304249;-1.6081557123916426
pls_da;por_genotipo;BR16;1;198;B1_BR16_IRRIG_REPROD00006.asd;B1;BR16;IRRIG;D02T;tarde;D02;IRRIG;IRRIG;0.45722204344497436;True;0.39330589694730467;-1.4879927714845766;0.027679161541757733;-0.7894144295680872;-1.475282421092528
pls_da;por_genotipo;BR16;1;204;B1_BR16_NIRRIG_REPROD00004.asd;B1;BR16;NIRRIG;D02T;tarde;D02;NIRRIG;NIRRIG;0.5086995625777359;True;0.4580612241840537;-1.6470589996335463;-0.15891115674095002;-0.6720193183669104;-1.6057280578030897
pls_da;por_genotipo;BR16;1;205;B1_BR16_NIRRIG_REPROD00005.asd;B1;BR16;NIRRIG;D02T;tarde;D02;NIRRIG;NIRRIG;0.5094310789420299;True;0.4590501838083951;-1.6458054951571903;-0.15858949173490802;-0.6701726611075807;-1.6071688156845634
pls_da;por_genotipo;BR16;1;206;B1_BR16_NIRRIG_REPROD00006.asd;B1;BR16;NIRRIG;D02T;tarde;D02;NIRRIG;NIRRIG;0.5093954170170041;True;0.45812563966636666;-1.6427153055464694;-0.15497897101105665;-0.6693086887727059;-1.6066482424342527
pls_da;por_genotipo;BR16;1;209;B2_BR16_IRRIG_REPROD00001.asd;B2;BR16;IRRIG;D02T;tarde;D02;IRRIG;IRRIG;0.49956481827597893;True;0.4348506423546687;-1.540487044337826;-0.025965621427255284;-0.7035652602911294;-1.5466234148241378
pls_da;por_genotipo;BR16;1;213;B2_BR16_IRRIG_REPROD00005.asd;B2;BR16;IRRIG;D02T;tarde;D02;IRRIG;NIRRIG;0.5790689306292798;False;0.4616136846193507;-1.6183421917552325;0.07583666056465525;-0.6646516829971727;-1.5881317823059928
pls_da;por_genotipo;BR16;1;217;B2_BR16_NIRRIG_REPROD00001.asd;B2;BR16;NIRRIG;D02T;tarde;D02;NIRRIG;NIRRIG;0.5851414973663176;True;0.4793497793496843;-1.6283085294852386;0.06264177061144463;-0.6724424244163649;-1.6047331630421737
pls_da;por_genotipo;BR16;1;218;B2_BR16_NIRRIG_REPROD00002.asd;B2;BR16;NIRRIG;D02T;tarde;D02;NIRRIG;NIRRIG;0.5872109738804266;True;0.48014866312388127;-1.62895752038551;0.06670100436318349;-0.6717576892300895;-1.6028820458291189
pls_da;por_genotipo;BR16;1;225;B3_BR16_IRRIG_REPROD00001.asd;B3;BR16;IRRIG;D02T;tarde;D02;IRRIG;IRRIG;0.4929649045647033;True;0.3795629214619151;-1.5143888871121807;0.08316295289667922;-0.7195440642686416;-1.5082073098016722
pls_da;por_genotipo;BR16;1;234;B3_BR16_NIRRIG_REPROD00002.asd;B3;BR16;NIRRIG;D02T;tarde;D02;NIRRIG;NIRRIG;0.6005642100688736;True;0.43629157036589217;-1.6631950409262586;0.11731374171520875;-0.6283975886505686;-1.5856130902935328
pls_da;por_genotipo;BR16;1;246;B4_BR16_IRRIG_REPROD00006.asd;B4;BR16;IRRIG;D02T;tarde;D02;IRRIG;NIRRIG;0.5387750312558265;False;0.4036905464837715;-1.5595482030920162;0.11869719909925854;-0.6893811107856832;-1.5047734409616313
pls_da;por_genotipo;BR16;1;247;B4_BR16_IRRIG_REPROD00007.asd;B4;BR16;IRRIG;D02T;tarde;D02;IRRIG;NIRRIG;0.5414218408647137;False;0.40859235591350107;-1.5551110407775168;0.12155836086828319;-0.6877088708596486;-1.5093377280416758
pls_da;por_genotipo;BR16;1;248;B4_BR16_NIRRIG_REPROD00000.asd;B4;BR16;NIRRIG;D02T;tarde;D02;NIRRIG;NIRRIG;0.5836895919317907;True;0.48391791314513016;-1.6785623697656769;-0.03923515078491384;-0.6171892989403978;-1.6420903552563066
pls_da;por_genotipo;BR16;1;390;B1_BR16_IRRIG_REPROD00006.asd;B1;BR16;IRRIG;D03M;manha;D03;IRRIG;IRRIG;0.4421567675472923;True;0.42040035842687995;-1.5127829354751665;-0.12889260494370197;-0.7348442059804228;-1.5775641948979122
pls_da;por_genotipo;BR16;1;396;B1_BR16_NIRRIG_REPROD00004.asd;B1;BR16;NIRRIG;D03M;manha;D03;NIRRIG;NIRRIG;0.588627925832413;True;0.45084100080904893;-1.76256650022302;-0.05856529507561457;-0.600496480795146;-1.6329429177559367
pls_da;por_genotipo;BR16;1;397;B1_BR16_NIRRIG_REPROD00005.asd;B1;BR16;NIRRIG;D03M;manha;D03;NIRRIG;NIRRIG;0.5947112974919132;True;0.45976262670603796;-1.771409361639698;-0.07050482788875666;-0.5897263314039126;-1.6470774258826115
pls_da;por_genotipo;BR16;1;398;B1_BR16_NIRRIG_REPROD00006.asd;B1;BR16;NIRRIG;D03M;manha;D03;NIRRIG;NIRRIG;0.6008263099918261;True;0.4621401099310137;-1.7876026926312991;-0.0742082473633104;-0.5839544775713045;-1.6525938736869081
pls_da;por_genotipo;BR16;1;401;B2_BR16_IRRIG_REPROD00001.asd;B2;BR16;IRRIG;D03M;manha;D03;IRRIG;NIRRIG;0.5272366851906632;False;0.44174874286981786;-1.5933605652309646;-0.01513202018161148;-0.6826611008418549;-1.6116569132679182
pls_da;por_genotipo;BR16;1;405;B2_BR16_IRRIG_REPROD00005.asd;B2;BR16;IRRIG;D03M;manha;D03;IRRIG;IRRIG;0.4930694666909212;True;0.40500715845840185;-1.5490425029926012;0.013841969971051096;-0.726663701015726;-1.5069415802004826
pls_da;por_genotipo;BR16;1;409;B2_BR16_NIRRIG_REPROD00001.asd;B2;BR16;NIRRIG;D03M;manha;D03;NIRRIG;NIRRIG;0.5233178579096397;True;0.4358557982664945;-1.5991548628843018;0.014412857250202643;-0.7322141649270862;-1.5339048043759003
pls_da;por_genotipo;BR16;1;410;B2_BR16_NIRRIG_REPROD00002.asd;B2;BR16;NIRRIG;D03M;manha;D03;NIRRIG;NIRRIG;0.5273599883916789;True;0.441843239736822;-1.606116107928979;0.005589011361059824;-0.7258457566799085;-1.542952572336428
pls_da;por_genotipo;BR16;1;417;B3_BR16_IRRIG_REPROD00001.asd;B3;BR16;IRRIG;D03M;manha;D03;IRRIG;IRRIG;0.4335158264783247;True;0.42602341471710015;-1.4214983273673882;-0.033178310042729926;-0.7983171930601709;-1.495799138668589
pls_da;por_genotipo;BR16;1;426;B3_BR16_NIRRIG_REPROD00002.asd;B3;BR16;NIRRIG;D03M;manha;D03;NIRRIG;NIRRIG;0.6077596085929975;True;0.48251857178037627;-1.6863388494696978;0.043083617220544095;-0.6296213584189361;-1.6281775165001273
pls_da;por_genotipo;BR16;1;438;B4_BR16_IRRIG_REPROD00006.asd;B4;BR16;IRRIG;D03M;manha;D03;IRRIG;IRRIG;0.4366627656421336;True;0.38789856020007224;-1.378348928065737;0.0679757977833147;-0.7817173539996212;-1.489113228223308
pls_da;por_genotipo;BR16;1;439;B4_BR16_IRRIG_REPROD00007.asd;B4;BR16;IRRIG;D03M;manha;D03;IRRIG;IRRIG;0.4350244097486507;True;0.38825127832245165;-1.3688727120474922;0.07191959061995347;-0.7830216856540287;-1.4863567107145617
pls_da;por_genotipo;BR16;1;440;B4_BR16_NIRRIG_REPROD00000.asd;B4;BR16;NIRRIG;D03M;manha;D03;NIRRIG;NIRRIG;0.5519883176962525;True;0.452887302278564;-1.6786001928335479;-0.09162233343927809;-0.6109307513634475;-1.6507908599786723
pls_da;por_genotipo;BR16;1;582;B1_BR16_IRRIG_REPROD00006.asd;B1;BR16;IRRIG;D03T;tarde;D03;IRRIG;IRRIG;0.49122163018675397;True;0.43211388099270354;-1.5693864811684648;-0.07816778452368674;-0.6971153539711468;-1.575877196909808
pls_da;por_genotipo;BR16;1;588;B1_BR16_NIRRIG_REPROD00004.asd;B1;BR16;NIRRIG;D03T;tarde;D03;NIRRIG;NIRRIG;0.562358604533755;True;0.44990462047860336;-1.6225089726267992;0.06170983590973217;-0.6951131864501091;-1.540424919560226
pls_da;por_genotipo;BR16;1;589;B1_BR16_NIRRIG_REPROD00005.asd;B1;BR16;NIRRIG;D03T;tarde;D03;NIRRIG;NIRRIG;0.5637891017179639;True;0.44783832790912437;-1.626107980679307;0.06615582038397143;-0.6949067542600211;-1.537753823700909
pls_da;por_genotipo;BR16;1;590;B1_BR16_NIRRIG_REPROD00006.asd;B1;BR16;NIRRIG;D03T;tarde;D03;NIRRIG;NIRRIG;0.5628031982994318;True;0.44699147194056277;-1.6214452511137263;0.0682403390736075;-0.6942452236052193;-1.536974342566015
pls_da;por_genotipo;BR16;1;593;B2_BR16_IRRIG_REPROD00001.asd;B2;BR16;IRRIG;D03T;tarde;D03;IRRIG;IRRIG;0.499838664422571;True;0.4348485551973148;-1.4862975418711868;0.05698381558157218;-0.7454240033526549;-1.5002531206786187
pls_da;por_genotipo;BR16;1;597;B2_BR16_IRRIG_REPROD00005.asd;B2;BR16;IRRIG;D03T;tarde;D03;IRRIG;NIRRIG;0.5352162430822496;False;0.46099474629984993;-1.5675361485699246;0.020461764691616566;-0.7103043812823118;-1.5329277263522012
pls_da;por_genotipo;BR16;1;601;B2_BR16_NIRRIG_REPROD00001.asd;B2;BR16;NIRRIG;D03T;tarde;D03;NIRRIG;IRRIG;0.4725690026026753;False;0.39995573624596387;-1.4807095124049738;0.0793701186368146;-0.8014253847258954;-1.436555012577292
pls_da;por_genotipo;BR16;1;602;B2_BR16_NIRRIG_REPROD00002.asd;B2;BR16;NIRRIG;D03T;tarde;D03;NIRRIG;IRRIG;0.475347908328151;False;0.403938235123698;-1.4839059365531395;0.07610542993437011;-0.7984907031237551;-1.4411867480806921
pls_da;por_genotipo;BR16;1;609;B3_BR16_IRRIG_REPROD00001.asd;B3;BR16;IRRIG;D03T;tarde;D03;IRRIG;IRRIG;0.49821930542843884;True;0.44257825146619384;-1.4991804464415053;0.03201429505083912;-0.7523532396081376;-1.4872222409031666
pls_da;por_genotipo;BR16;1;618;B3_BR16_NIRRIG_REPROD00002.asd;B3;BR16;NIRRIG;D03T;tarde;D03;NIRRIG;NIRRIG;0.6249310576930867;True;0.47940906922245385;-1.6612201087837597;0.14771404075805022;-0.6565034585452441;-1.5731800394048643
pls_da;por_genotipo;BR16;1;630;B4_BR16_IRRIG_REPROD00006.asd;B4;BR16;IRRIG;D03T;tarde;D03;IRRIG;IRRIG;0.45758918110574803;True;0.4252222690387783;-1.4036260851567057;0.030297777768682036;-0.7597652859786124;-1.5179520847929415
pls_da;por_genotipo;BR16;1;631;B4_BR16_IRRIG_REPROD00007.asd;B4;BR16;IRRIG;D03T;tarde;D03;IRRIG;IRRIG;0.45223291199141874;True;0.4202018386858842;-1.3877324607793502;0.038506327494980036;-0.7621514076493988;-1.5131435512831481
pls_da;por_genotipo;BR16;1;632;B4_BR16_NIRRIG_REPROD00000.asd;B4;BR16;NIRRIG;D03T;tarde;D03;NIRRIG;NIRRIG;0.5439177105470164;True;0.46300434292684844;-1.6105298406145199;-0.02295377338575339;-0.6746422562650806;-1.566413513475739
pls_da;por_genotipo;BR16;1;774;B1_BR16_IRRIG_REPROD00006.asd;B1;BR16;IRRIG;D04M;manha;D04;IRRIG;IRRIG;0.42958522176115915;True;0.3857406799980981;-1.3714044396501297;0.06564002191530625;-0.7953260365763875;-1.4609181509307798
pls_da;por_genotipo;BR16;1;780;B1_BR16_NIRRIG_REPROD00004.asd;B1;BR16;NIRRIG;D04M;manha;D04;NIRRIG;NIRRIG;0.5008941055339454;True;0.39886097801397663;-1.511117235892842;0.09681383964532694;-0.7441457949480406;-1.4809429360606716
pls_da;por_genotipo;BR16;1;781;B1_BR16_NIRRIG_REPROD00005.asd;B1;BR16;NIRRIG;D04M;manha;D04;NIRRIG;NIRRIG;0.5024074612130001;True;0.40021806737593557;-1.5120709772043626;0.09789544235368601;-0.7435733436208213;-1.4817576384713376
pls_da;por_genotipo;BR16;1;782;B1_BR16_NIRRIG_REPROD00006.asd;B1;BR16;NIRRIG;D04M;manha;D04;NIRRIG;NIRRIG;0.5036314689629066;True;0.401325940587631;-1.5142220091101306;0.09744614373849002;-0.743061907226796;-1.4826643241047222
pls_da;por_genotipo;BR16;1;785;B2_BR16_IRRIG_REPROD00001.asd;B2;BR16;IRRIG;D04M;manha;D04;IRRIG;IRRIG;0.48881853198542047;True;0.37482765064074014;-1.5185342335674226;0.10371687085539281;-0.7580301021824961;-1.4604656494464614
pls_da;por_genotipo;BR16;1;789;B2_BR16_IRRIG_REPROD00005.asd;B2;BR16;IRRIG;D04M;manha;D04;IRRIG;IRRIG;0.44846215516936916;True;0.41478177518702125;-1.3848738959125173;0.041829980985584436;-0.7668074721211502;-1.5001627087215657
pls_da;por_genotipo;BR16;1;793;B2_BR16_NIRRIG_REPROD00001.asd;B2;BR16;NIRRIG;D04M;manha;D04;NIRRIG;NIRRIG;0.5232792319041084;True;0.39829016254188504;-1.5344856787345065;0.14164494094387173;-0.7385090000624364;-1.492781525561121
pls_da;por_genotipo;BR16;1;794;B2_BR16_NIRRIG_REPROD00002.asd;B2;BR16;NIRRIG;D04M;manha;D04;NIRRIG;NIRRIG;0.5222089535382897;True;0.3986664173527548;-1.5309942121416862;0.13949820727611809;-0.7366496670793011;-1.495305508646949
pls_da;por_genotipo;BR16;1;801;B3_BR16_IRRIG_REPROD00001.asd;B3;BR16;IRRIG;D04M;manha;D04;IRRIG;IRRIG;0.49064067357921937;True;0.40132344186922025;-1.558424650611808;0.009094664337507056;-0.7318833332626805;-1.5385793178874112
pls_da;por_genotipo;BR16;1;810;B3_BR16_NIRRIG_REPROD00002.asd;B3;BR16;NIRRIG;D04M;manha;D04;NIRRIG;NIRRIG;0.5407013819773633;True;0.410122220884051;-1.56147559872732;0.1508736760230779;-0.7382449229198264;-1.4976941115360245
pls_da;por_genotipo;BR16;1;822;B4_BR16_IRRIG_REPROD00006.asd;B4;BR16;IRRIG;D04M;manha;D04;IRRIG;IRRIG;0.4236677552892882;True;0.3806962844327979;-1.3598555199572466;0.03971008136507439;-0.7611835392608931;-1.488992007610029
pls_da;por_genotipo;BR16;1;823;B4_BR16_IRRIG_REPROD00007.asd;B4;BR16;IRRIG;D04M;manha;D04;IRRIG;IRRIG;0.41534954637681365;True;0.37617216942615417;-1.3358027551406646;0.045569932499494835;-0.7645769359269465;-1.4810035817335805
pls_da;por_genotipo;BR16;1;824;B4_BR16_NIRRIG_REPROD00000.asd;B4;BR16;NIRRIG;D04M;manha;D04;NIRRIG;NIRRIG;0.5185139052115926;True;0.4145374245020452;-1.5570193245543191;0.07965515432378256;-0.7388532239898259;-1.5239100556033733
pls_da;por_genotipo;BR16;1;966;B1_BR16_IRRIG_REPROD00006.asd;B1;BR16;IRRIG;D05M;manha;D05;IRRIG;IRRIG;0.39270795296337585;True;0.37659632998862774;-1.2441748949512828;0.11980972626229526;-0.8479064338975062;-1.376819581828645
pls_da;por_genotipo;BR16;1;972;B1_BR16_NIRRIG_REPROD00004.asd;B1;BR16;NIRRIG;D05M;manha;D05;NIRRIG;NIRRIG;0.5192815701426869;True;0.43428510549529803;-1.5603882381349456;0.039338847802017546;-0.7316895758052808;-1.5150551312749736
pls_da;por_genotipo;BR16;1;973;B1_BR16_NIRRIG_REPROD00005.asd;B1;BR16;NIRRIG;D05M;manha;D05;NIRRIG;NIRRIG;0.5191543061723668;True;0.435319002090256;-1.558377407158943;0.037244537714640036;-0.729350747664933;-1.5171974515968814
pls_da;por_genotipo;BR16;1;974;B1_BR16_NIRRIG_REPROD00006.asd;B1;BR16;NIRRIG;D05M;manha;D05;NIRRIG;NIRRIG;0.5206604201643256;True;0.4368134140572994;-1.5612587571240841;0.03376699990630988;-0.7254738540111321;-1.521557759360409
pls_da;por_genotipo;BR16;1;977;B2_BR16_IRRIG_REPROD00001.asd;B2;BR16;IRRIG;D05M;manha;D05;IRRIG;IRRIG;0.45340506933156866;True;0.3589459193877149;-1.4783804248546486;0.05899597860170139;-0.7612675260775326;-1.4297504259177232
pls_da;por_genotipo;BR16;1;981;B2_BR16_IRRIG_REPROD00005.asd;B2;BR16;IRRIG;D05M;manha;D05;IRRIG;IRRIG;0.452176731690935;True;0.39843591703047526;-1.420471984768606;0.061571988625862;-0.7842334705417704;-1.4785074485102494
pls_da;por_genotipo;BR16;1;985;B2_BR16_NIRRIG_REPROD00001.asd;B2;BR16;NIRRIG;D05M;manha;D05;NIRRIG;NIRRIG;0.6035524836162707;True;0.4450424003361828;-1.7283848222466018;0.0400590907200839;-0.6123278285937361;-1.618767587014312
pls_da;por_genotipo;BR16;1;986;B2_BR16_NIRRIG_REPROD00002.asd;B2;BR16;NIRRIG;D05M;manha;D05;NIRRIG;NIRRIG;0.6024781209968902;True;0.4464624531467982;-1.719767555998947;0.040720561656363154;-0.6105267017456126;-1.6197161470083996
pls_da;por_genotipo;BR16;1;993;B3_BR16_IRRIG_REPROD00001.asd;B3;BR16;IRRIG;D05M;manha;D05;IRRIG;IRRIG;0.4791938702047236;True;0.3598418065747416;-1.527564945558054;0.07169715106360464;-0.7333428546252069;-1.4772012785882025
pls_da;por_genotipo;BR16;1;1002;B3_BR16_NIRRIG_REPROD00002.asd;B3;BR16;NIRRIG;D05M;manha;D05;NIRRIG;NIRRIG;0.6500108383449109;True;0.47108624442215263;-1.7685559789602934;0.08364899744709019;-0.5740171957776004;-1.6572540489928638
pls_da;por_genotipo;BR16;1;1014;B4_BR16_IRRIG_REPROD00006.asd;B4;BR16;IRRIG;D05M;manha;D05;IRRIG;IRRIG;0.4269033548670287;True;0.3891805969256566;-1.3908555245320828;0.023017490286762643;-0.7821514908701016;-1.4690009469175929
pls_da;por_genotipo;BR16;1;1015;B4_BR16_IRRIG_REPROD00007.asd;B4;BR16;IRRIG;D05M;manha;D05;IRRIG;IRRIG;0.42480155865713015;True;0.3927751764932984;-1.3794693060480918;0.0226073813523503;-0.7844918570756104;-1.4681246215141461
pls_da;por_genotipo;BR16;1;1016;B4_BR16_NIRRIG_REPROD00000.asd;B4;BR16;NIRRIG;D05M;manha;D05;NIRRIG;NIRRIG;0.624960288067708;True;0.44402725413227806;-1.6978993643725844;0.16067854117122685;-0.6397242093165327;-1.5757634952268371
pls_da;por_genotipo;BR16;1;1158;B1_BR16_IRRIG_REPROD00006.asd;B1;BR16;IRRIG;D06M;manha;D06;IRRIG;IRRIG;0.3840557627075348;True;0.33874580521153075;-1.3333574581201593;0.062196082066743576;-0.8324068787887128;-1.4145101983595685
pls_da;por_genotipo;BR16;1;1164;B1_BR16_NIRRIG_REPROD00004.asd;B1;BR16;NIRRIG;D06M;manha;D06;NIRRIG;NIRRIG;0.5443627234908782;True;0.4245617270017105;-1.5864004701559633;0.07452627422821304;-0.6856415358620941;-1.5550250066095868
pls_da;por_genotipo;BR16;1;1165;B1_BR16_NIRRIG_REPROD00005.asd;B1;BR16;NIRRIG;D06M;manha;D06;NIRRIG;NIRRIG;0.5497702636260825;True;0.42705323669718537;-1.5999203178236814;0.07114539868852157;-0.6809510127750505;-1.5599714122906938
pls_da;por_genotipo;BR16;1;1166;B1_BR16_NIRRIG_REPROD00006.asd;B1;BR16;NIRRIG;D06M;manha;D06;NIRRIG;NIRRIG;0.5539488355233211;True;0.42890839113202733;-1.6097912363808686;0.06856034533242325;-0.6764918869792038;-1.564341783123056
pls_da;por_genotipo;BR16;1;1169;B2_BR16_IRRIG_REPROD00001.asd;B2;BR16;IRRIG;D06M;manha;D06;IRRIG;IRRIG;0.3755483200121884;True;0.3831898853998437;-1.2699087345274966;0.016187280926387552;-0.8303930253856122;-1.4298951068880041
pls_da;por_genotipo;BR16;1;1173;B2_BR16_IRRIG_REPROD00005.asd;B2;BR16;IRRIG;D06M;manha;D06;IRRIG;IRRIG;0.33537773362547885;True;0.36301013340180044;-1.2262975917390482;-0.013702331894888503;-0.8728545638705497;-1.3625064660522979
pls_da;por_genotipo;BR16;1;1177;B2_BR16_NIRRIG_REPROD00001.asd;B2;BR16;NIRRIG;D06M;manha;D06;NIRRIG;NIRRIG;0.5069897493058557;True;0.4256120001389908;-1.588999986125741;-0.01583555725055724;-0.72520167258263;-1.5137683056941873
pls_da;por_genotipo;BR16;1;1178;B2_BR16_NIRRIG_REPROD00002.asd;B2;BR16;NIRRIG;D06M;manha;D06;NIRRIG;NIRRIG;0.5085006843398007;True;0.42798705789523334;-1.5867739582867961;-0.016322935515766603;-0.7210352897941046;-1.517692405250994
pls_da;por_genotipo;BR16;1;1185;B3_BR16_IRRIG_REPROD00001.asd;B3;BR16;IRRIG;D06M;manha;D06;IRRIG;IRRIG;0.3971600125643269;True;0.3715829819069756;-1.331103101110206;0.04843568406500892;-0.8293833189869954;-1.403105770618656
pls_da;por_genotipo;BR16;1;1194;B3_BR16_NIRRIG_REPROD00002.asd;B3;BR16;NIRRIG;D06M;manha;D06;NIRRIG;NIRRIG;0.5881194337462687;True;0.44570840505068404;-1.6518229693719297;0.10374964479394522;-0.6695674574601879;-1.5573671421446946
pls_da;por_genotipo;BR16;1;1206;B4_BR16_IRRIG_REPROD00006.asd;B4;BR16;IRRIG;D06M;manha;D06;IRRIG;IRRIG;0.41850702345403046;True;0.36427286558563715;-1.336933664762299;0.11225250474030724;-0.8144911251924112;-1.4042251259906637
pls_da;por_genotipo;BR16;1;1207;B4_BR16_IRRIG_REPROD00007.asd;B4;BR16;IRRIG;D06M;manha;D06;IRRIG;IRRIG;0.4188231096680356;True;0.36799213440979484;-1.3301380364767914;0.1142638287156187;-0.8158368708826444;-1.403051362323946
pls_da;por_genotipo;BR16;1;1208;B4_BR16_NIRRIG_REPROD00000.asd;B4;BR16;NIRRIG;D06M;manha;D06;NIRRIG;NIRRIG;0.6237664305689542;True;0.47571969044174;-1.7956563420647604;-0.0833936274156868;-0.5143240275190403;-1.7131260760179232
pls_da;por_genotipo;BR16;1;1346;B1_BR16_IRR_REP_RECUP00002.asd;B1;BR16;IRRIG;D09M;manha;D09;IRRIG;IRRIG;0.3968931785497078;True;0.42107084074425294;-1.398398188996351;-0.13375381543070294;-0.781018071117682;-1.516764938586492
pls_da;por_genotipo;BR16;1;1350;B1_BR16_IRR_REP_RECUP00006.asd;B1;BR16;IRRIG;D09M;manha;D09;IRRIG;IRRIG;0.45972481382531927;True;0.4095037461725055;-1.530124992662836;-0.058601491765893854;-0.7523108122344049;-1.5386127766079243
pls_da;por_genotipo;BR16;1;1351;B1_BR16_IRR_REP_RECUP00007.asd;B1;BR16;IRRIG;D09M;manha;D09;IRRIG;IRRIG;0.46402579830264634;True;0.4107520562553657;-1.5409851174545077;-0.05820377688437832;-0.7511516330410886;-1.540199512421472
pls_da;por_genotipo;BR16;1;1362;B2_BR16_IRR_REP_RECUP00002.asd;B2;BR16;IRRIG;D09M;manha;D09;IRRIG;IRRIG;0.4306597191709468;True;0.37568307771963355;-1.3882862626658832;0.055296365524069385;-0.7758023818072624;-1.4729403763225917
pls_da;por_genotipo;BR16;1;1364;B2_BR16_IRR_REP_RECUP00004.asd;B2;BR16;IRRIG;D09M;manha;D09;IRRIG;NIRRIG;0.5497999576043592;False;0.427034312965665;-1.6090906057207377;0.06746218946616032;-0.6853514176977158;-1.5950058685278186
pls_da;por_genotipo;BR16;1;1371;B2_BR16_NIRR_REP_RECUP00003.asd;B2;BR16;NIRRIG;D09M;manha;D09;NIRRIG;NIRRIG;0.5037213309269989;True;0.42278301796411405;-1.615275883455787;-0.08571569121928017;-0.6717804056826214;-1.5903653601625103
pls_da;por_genotipo;BR16;1;1374;B2_BR16_NIRR_REP_RECUP00006.asd;B2;BR16;NIRRIG;D09M;manha;D09;NIRRIG;IRRIG;0.4904028926366538;False;0.41818325305703896;-1.5484538339294043;-0.010327916891765699;-0.7342751536525832;-1.5031932114979802
pls_da;por_genotipo;BR16;1;1384;B3_BR16_NIRR_REP_RECUP00000.asd;B3;BR16;NIRRIG;D09M;manha;D09;NIRRIG;IRRIG;0.47271525473786347;False;0.4153174478143403;-1.5755231838827497;-0.08595239170544057;-0.7331795928040896;-1.5169401465418946
pls_da;por_genotipo;BR16;1;1391;B3_BR16_NIRR_REP_RECUP00007.asd;B3;BR16;NIRRIG;D09M;manha;D09;NIRRIG;IRRIG;0.49659575762972785;False;0.3779616804360019;-1.5633243071930725;0.08068280990022822;-0.7574287516493485;-1.4615884973070958
pls_da;por_genotipo;BR16;1;1394;B4_BR16_IRR_REP_RECUP00002.asd;B4;BR16;IRRIG;D09M;manha;D09;IRRIG;IRRIG;0.4271511580924119;True;0.38807861228132273;-1.364235863113176;0.06134755228032637;-0.7962627132032047;-1.4615676845539705
pls_da;por_genotipo;BR16;1;1395;B4_BR16_IRR_REP_RECUP00003.asd;B4;BR16;IRRIG;D09M;manha;D09;IRRIG;IRRIG;0.42472396995737477;True;0.3875040589151671;-1.3528654250424903;0.06709089499422848;-0.7988793101000411;-1.4574720665321206
pls_da;por_genotipo;BR16;1;1398;B4_BR16_IRR_REP_RECUP00006.asd;B4;BR16;IRRIG;D09M;manha;D09;IRRIG;IRRIG;0.4283306402824065;True;0.36009950630380366;-1.3850971753574488;0.10654461437110928;-0.8142884083962512;-1.4242248103133435
pls_da;por_genotipo;BR16;1;1403;B4_BR16_NIRR_REP_RECUP00003.asd;B4;BR16;NIRRIG;D09M;manha;D09;NIRRIG;NIRRIG;0.5273907220352064;True;0.4346752911843661;-1.6186988440184602;-0.01276836010188425;-0.7022336094706294;-1.5398301687147797
pls_da;por_genotipo;BR16;1;1542;B1_BR16_IRR_REP_RECUP00002.asd;B1;BR16;IRRIG;D09T;tarde;D09;IRRIG;IRRIG;0.4226314516133075;True;0.3764932554418976;-1.4935875308843074;-0.07424659633205222;-0.7688986932691777;-1.4806267008415062
pls_da;por_genotipo;BR16;1;1546;B1_BR16_IRR_REP_RECUP00006.asd;B1;BR16;IRRIG;D09T;tarde;D09;IRRIG;IRRIG;0.4789783940456147;True;0.42424278124431325;-1.5175043734339921;-0.01691613784980147;-0.7470339937209781;-1.5153902835721587
pls_da;por_genotipo;BR16;1;1547;B1_BR16_IRR_REP_RECUP00007.asd;B1;BR16;IRRIG;D09T;tarde;D09;IRRIG;IRRIG;0.4817757220793427;True;0.4251484616720933;-1.528005524606824;-0.019977885091460187;-0.7462840291180427;-1.5180402126175883
pls_da;por_genotipo;BR16;1;1558;B2_BR16_IRR_REP_RECUP00002.asd;B2;BR16;IRRIG;D09T;tarde;D09;IRRIG;NIRRIG;0.52774617974613;False;0.4529152002382442;-1.5943664943715916;-0.00498719374538052;-0.7201994730298256;-1.563892700878176
pls_da;por_genotipo;BR16;1;1560;B2_BR16_IRR_REP_RECUP00004.asd;B2;BR16;IRRIG;D09T;tarde;D09;IRRIG;NIRRIG;0.5700866943221765;False;0.44432352717088486;-1.6001214777575197;0.11639799479097342;-0.6943670581459345;-1.5602485657429273
pls_da;por_genotipo;BR16;1;1568;B2_BR16_NIRR_REP_RECUP00012.asd;B2;BR16;NIRRIG;D09T;tarde;D09;NIRRIG;IRRIG;0.4828968961181902;False;0.43695213793889304;-1.5434701505324881;-0.028263544631625667;-0.7762262322123087;-1.4765197564063606
pls_da;por_genotipo;BR16;1;1571;B2_BR16_NIRR_REP_RECUP00015.asd;B2;BR16;NIRRIG;D09T;tarde;D09;NIRRIG;IRRIG;0.4826027179491058;False;0.4350923068867516;-1.5404162859305213;-0.021751202849906656;-0.7780720331485924;-1.475438473276116
pls_da;por_genotipo;BR16;1;1580;B3_BR16_NIRR_REP_RECUP00000.asd;B3;BR16;NIRRIG;D09T;tarde;D09;NIRRIG;IRRIG;0.44925439293526725;False;0.4129401296268345;-1.502426045316651;-0.050772313789624796;-0.7810685171177534;-1.4729174338940438
pls_da;por_genotipo;BR16;1;1587;B3_BR16_NIRR_REP_RECUP00007.asd;B3;BR16;NIRRIG;D09T;tarde;D09;NIRRIG;IRRIG;0.4692249175180929;False;0.3983163958501127;-1.5004305511631373;0.04530426153756117;-0.7916821403170028;-1.4247301308738654
pls_da;por_genotipo;BR16;1;1590;B4_BR16_IRR_REP_RECUP00002.asd;B4;BR16;IRRIG;D09T;tarde;D09;IRRIG;IRRIG;0.49941176930308606;True;0.4419818156832745;-1.4980863964999573;0.041174514000963135;-0.7558484043038218;-1.5064581058992161
pls_da;por_genotipo;BR16;1;1591;B4_BR16_IRR_REP_RECUP00003.asd;B4;BR16;IRRIG;D09T;tarde;D09;IRRIG;IRRIG;0.4933971380372728;True;0.4394662712804874;-1.4823154200397761;0.04386145254528606;-0.759125719328243;-1.5030527502489612
pls_da;por_genotipo;BR16;1;1594;B4_BR16_IRR_REP_RECUP00006.asd;B4;BR16;IRRIG;D09T;tarde;D09;IRRIG;IRRIG;0.464688632312843;True;0.42969707792186224;-1.417006693088199;0.048458714626394436;-0.781736841352858;-1.4684429480928018
pls_da;por_genotipo;BR16;1;1599;B4_BR16_NIRR_REP_RECUP00003.asd;B4;BR16;NIRRIG;D09T;tarde;D09;NIRRIG;NIRRIG;0.5078256394757237;True;0.4057821745768533;-1.5137937726285589;0.10995472551455807;-0.7512881224253192;-1.484847835437599
pls_da;por_genotipo;BR16;1;1734;B1_BR16_IRR_REP_RECUP00002.asd;B1;BR16;IRRIG;D10M;manha;D10;IRRIG;IRRIG;0.409142326523219;True;0.3462388464023902;-1.4471603448949613;0.004039365017383017;-0.8043153000731392;-1.441379864608366
pls_da;por_genotipo;BR16;1;1738;B1_BR16_IRR_REP_RECUP00006.asd;B1;BR16;IRRIG;D10M;manha;D10;IRRIG;IRRIG;0.454352729227873;True;0.4050947767616494;-1.5287472000984323;-0.06539690801083121;-0.7544690800409319;-1.5241258453765962
pls_da;por_genotipo;BR16;1;1739;B1_BR16_IRR_REP_RECUP00007.asd;B1;BR16;IRRIG;D10M;manha;D10;IRRIG;IRRIG;0.45875524091786746;True;0.4070989783959025;-1.539521561922981;-0.06661948275123206;-0.7522959390629668;-1.527390049501391
pls_da;por_genotipo;BR16;1;1782;B2_BR16_IRR_REP_RECUP00002.asd;B2;BR16;IRRIG;D10M;manha;D10;IRRIG;NIRRIG;0.5562254693564679;False;0.4490814560944156;-1.5894204833224583;0.0721565041474894;-0.6909076086348346;-1.5748439616079584
pls_da;por_genotipo;BR16;1;1784;B2_BR16_IRR_REP_RECUP00004.asd;B2;BR16;IRRIG;D10M;manha;D10;IRRIG;IRRIG;0.4654246590571692;True;0.4314169143304398;-1.4062001032271794;0.05116108116276631;-0.7735956548270904;-1.4637697254127862
pls_da;por_genotipo;BR16;1;1791;B2_BR16_NIRR_REP_RECUP00003.asd;B2;BR16;NIRRIG;D10M;manha;D10;NIRRIG;IRRIG;0.44689436343835326;False;0.37048582184103696;-1.452350683549048;0.09130028472147117;-0.8234443962576611;-1.3846829146505784
pls_da;por_genotipo;BR16;1;1794;B2_BR16_NIRR_REP_RECUP00006.asd;B2;BR16;NIRRIG;D10M;manha;D10;NIRRIG;NIRRIG;0.5031320166759783;True;0.4313133809745983;-1.5777010421577904;-0.036718044514539444;-0.7114249119424257;-1.5553225008708922
pls_da;por_genotipo;BR16;1;1836;B3_BR16_NIRR_REP_RECUP00000.asd;B3;BR16;NIRRIG;D10M;manha;D10;NIRRIG;IRRIG;0.4323245158720682;False;0.39737534613596864;-1.4205983930957773;0.023189951720308348;-0.8139544878308803;-1.4380270307929623
pls_da;por_genotipo;BR16;1;1843;B3_BR16_NIRR_REP_RECUP00007.asd;B3;BR16;NIRRIG;D10M;manha;D10;NIRRIG;IRRIG;0.4495319924789465;False;0.39876109769769497;-1.5031041076735292;-0.03207060655732827;-0.7732021038302651;-1.4927503532252329
pls_da;por_genotipo;BR16;1;1878;B4_BR16_IRR_REP_RECUP00002.asd;B4;BR16;IRRIG;D10M;manha;D10;IRRIG;IRRIG;0.47953700857436066;True;0.3980256736208911;-1.4770995784376142;0.08548208801705089;-0.7728155173253409;-1.4574678923687403
pls_da;por_genotipo;BR16;1;1879;B4_BR16_IRR_REP_RECUP00003.asd;B4;BR16;IRRIG;D10M;manha;D10;IRRIG;IRRIG;0.48105890656691136;True;0.39798302235509564;-1.4868625709709027;0.080180993826074;-0.7713283806754557;-1.4608603395127815
pls_da;por_genotipo;BR16;1;1882;B4_BR16_IRR_REP_RECUP00006.asd;B4;BR16;IRRIG;D10M;manha;D10;IRRIG;IRRIG;0.49573392936767585;True;0.42960168971048823;-1.4313488901165419;0.12916523831434312;-0.7783797306651073;-1.464312943557595
pls_da;por_genotipo;BR16;1;1887;B4_BR16_NIRR_REP_RECUP00003.asd;B4;BR16;NIRRIG;D10M;manha;D10;NIRRIG;IRRIG;0.4665650605951873;False;0.3864201962685878;-1.483683300124931;0.08152683680881881;-0.802858977784504;-1.4206490507425664
pls_da;por_genotipo;BR16;2;0;B1_BR16_IRRIG_REPROD00000.asd;B1;BR16;IRRIG;D02M;manha;D02;IRRIG;IRRIG;0.4600780951392243;True;0.37742455791841184;-1.4964899886157763;0.03654652065930173;-0.7783521821318315;-1.4752547714213367
pls_da;por_genotipo;BR16;2;3;B1_BR16_IRRIG_REPROD00003.asd;B1;BR16;IRRIG;D02M;manha;D02;IRRIG;IRRIG;0.4603064381740796;True;0.3774864290525232;-1.4926845765006127;0.03835573538948014;-0.7730707340198967;-1.4819622495608387
pls_da;por_genotipo;BR16;2;4;B1_BR16_IRRIG_REPROD00004.asd;B1;BR16;IRRIG;D02M;manha;D02;IRRIG;IRRIG;0.42706302456122314;True;0.37672972737892196;-1.4519111220182066;0.00894831377027176;-0.8169422470851335;-1.450149677818883
pls_da;por_genotipo;BR16;2;11;B1_BR16_NIRRIG_REPROD00003.asd;B1;BR16;NIRRIG;D02M;manha;D02;NIRRIG;IRRIG;0.4458655629091788;False;0.4213192288782773;-1.494291871590982;-0.08001997855446079;-0.7524164361721354;-1.5248100442057246
pls_da;por_genotipo;BR16;2;19;B2_BR16_IRRIG_REPROD00003.asd;B2;BR16;IRRIG;D02M;manha;D02;IRRIG;IRRIG;0.4428154708638054;True;0.39613467879803144;-1.5059984759885359;-0.062088231035801536;-0.7574034675236846;-1.5134810022416556
pls_da;por_genotipo;BR16;2;24;B2_BR16_NIRRIG_REPROD00000.asd;B2;BR16;NIRRIG;D02M;manha;D02;NIRRIG;IRRIG;0.4843443959840034;False;0.40159232853199955;-1.4950816158035087;0.07485149631204391;-0.7698899131769971;-1.515263180656622
pls_da;por_genotipo;BR16;2;29;B2_BR16_NIRRIG_REPROD00005.asd;B2;BR16;NIRRIG;D02M;manha;D02;NIRRIG;IRRIG;0.44712564807852084;False;0.3579098638367101;-1.4462194603037595;0.10387649693785309;-0.8203452625364627;-1.4370751700376974
pls_da;por_genotipo;BR16;2;39;B3_BR16_IRRIG_REPROD00007.asd;B3;BR16;IRRIG;D02M;manha;D02;IRRIG;IRRIG;0.4724304648470329;True;0.43285275910467047;-1.5214304109809706;-0.0382604586198157;-0.7559876482806103;-1.55545316295855
pls_da;por_genotipo;BR16;2;41;B3_BR16_NIRRIG_REPROD00001.asd;B3;BR16;NIRRIG;D02M;manha;D02;NIRRIG;NIRRIG;0.5476177275733538;True;0.4424428937828361;-1.5786719253981194;0.08393726142798771;-0.7183770127283858;-1.5559830780065336
pls_da;por_genotipo;BR16;2;50;B4_BR16_IRRIG_REPROD00002.asd;B4;BR16;IRRIG;D02M;manha;D02;IRRIG;NIRRIG;0.5036048910744791;False;0.4394900084704073;-1.5880550263235207;-0.05941547481704727;-0.6947530852027397;-1.6191931760405098
pls_da;por_genotipo;BR16;2;51;B4_BR16_IRRIG_REPROD00003.asd;B4;BR16;IRRIG;D02M;manha;D02;IRRIG;NIRRIG;0.5072718658248947;False;0.44229793766013376;-1.5918476736921099;-0.05876120951131552;-0.6911223631484272;-1.6226521471781525
pls_da;por_genotipo;BR16;2;61;B4_BR16_NIRRIG_REPROD00005.asd;B4;BR16;NIRRIG;D02M;manha;D02;NIRRIG;NIRRIG;0.5789085178852541;True;0.5044221897392013;-1.699389238692087;-0.10638292379891612;-0.6063833918412723;-1.6527236200313689
pls_da;por_genotipo;BR16;2;63;B4_BR16_NIRRIG_REPROD00007.asd;B4;BR16;NIRRIG;D02M;manha;D02;NIRRIG;NIRRIG;0.5880657576567611;True;0.507386360690408;-1.7140204767385592;-0.10339898436792737;-0.5987490537935889;-1.6546778240511824
pls_da;por_genotipo;BR16;2;192;B1_BR16_IRRIG_REPROD00000.asd;B1;BR16;IRRIG;D02T;tarde;D02;IRRIG;IRRIG;0.46429852489079104;True;0.41642207954648613;-1.541913515537922;-0.07825403114656296;-0.7277222304781755;-1.5672882303612845
pls_da;por_genotipo;BR16;2;195;B1_BR16_IRRIG_REPROD00003.asd;B1;BR16;IRRIG;D02T;tarde;D02;IRRIG;IRRIG;0.464219280499751;True;0.4114430223596687;-1.5367460437180571;-0.06364286851387069;-0.7318143815480558;-1.56137723640523
pls_da;por_genotipo;BR16;2;196;B1_BR16_IRRIG_REPROD00004.asd;B1;BR16;IRRIG;D02T;tarde;D02;IRRIG;IRRIG;0.46363010426681955;True;0.39223514701274564;-1.496881319702483;0.030940058901051365;-0.7875610493991831;-1.4722793915146344
pls_da;por_genotipo;BR16;2;203;B1_BR16_NIRRIG_REPROD00003.asd;B1;BR16;NIRRIG;D02T;tarde;D02;NIRRIG;NIRRIG;0.5096656813970475;True;0.4418303596154014;-1.608040122168353;-0.09105271111427658;-0.6662538138086002;-1.5940988386500599
pls_da;por_genotipo;BR16;2;211;B2_BR16_IRRIG_REPROD00003.asd;B2;BR16;IRRIG;D02T;tarde;D02;IRRIG;NIRRIG;0.5009411900707185;False;0.43344501265186824;-1.5409225907664728;-0.01609810067303573;-0.701910767681639;-1.5464968374316899
pls_da;por_genotipo;BR16;2;216;B2_BR16_NIRRIG_REPROD00000.asd;B2;BR16;NIRRIG;D02T;tarde;D02;NIRRIG;NIRRIG;0.5802738500740765;True;0.47893691829783996;-1.6207337415733896;0.06037081990234733;-0.6750345354299359;-1.6038531551867827
pls_da;por_genotipo;BR16;2;221;B2_BR16_NIRRIG_REPROD00005.asd;B2;BR16;NIRRIG;D02T;tarde;D02;NIRRIG;NIRRIG;0.5481203665312339;True;0.4300060934381191;-1.5530835323187915;0.1375959338364115;-0.741073371479253;-1.4976242791960293
pls_da;por_genotipo;BR16;2;231;B3_BR16_IRRIG_REPROD00007.asd;B3;BR16;IRRIG;D02T;tarde;D02;IRRIG;NIRRIG;0.5301192693050598;False;0.4232872032432736;-1.5583055510364017;0.0804538761780244;-0.728456908330701;-1.5060699262899244
pls_da;por_genotipo;BR16;2;233;B3_BR16_NIRRIG_REPROD00001.asd;B3;BR16;NIRRIG;D02T;tarde;D02;NIRRIG;NIRRIG;0.6026795058358309;True;0.4374312790554145;-1.6590994658524747;0.11423975330965781;-0.6288401145327079;-1.5872005242425875
pls_da;por_genotipo;BR16;2;242;B4_BR16_IRRIG_REPROD00002.asd;B4;BR16;IRRIG;D02T;tarde;D02;IRRIG;NIRRIG;0.611955415507333;False;0.42688753927505907;-1.5883573433256597;0.2711052555732665;-0.7000224043621989;-1.5033887419290954
pls_da;por_genotipo;BR16;2;243;B4_BR16_IRRIG_REPROD00003.asd;B4;BR16;IRRIG;D02T;tarde;D02;IRRIG;NIRRIG;0.6126352292365345;False;0.4281655771190495;-1.584812379367321;0.2740584792862694;-0.6984485375325489;-1.5045029139583177
pls_da;por_genotipo;BR16;2;253;B4_BR16_NIRRIG_REPROD00005.asd;B4;BR16;NIRRIG;D02T;tarde;D02;NIRRIG;NIRRIG;0.5333587996349963;True;0.44534654578645777;-1.662645407929907;-0.10182662460905105;-0.6345871017286665;-1.619662942685054
pls_da;por_genotipo;BR16;2;255;B4_BR16_NIRRIG_REPROD00007.asd;B4;BR16;NIRRIG;D02T;tarde;D02;NIRRIG;NIRRIG;0.5345038432334859;True;0.4463835353895237;-1.658517351620375;-0.09802819731383781;-0.6313393257217437;-1.619712794794036
pls_da;por_genotipo;BR16;2;384;B1_BR16_IRRIG_REPROD00000.asd;B1;BR16;IRRIG;D03M;manha;D03;IRRIG;IRRIG;0.4349130116855627;True;0.3850285280294797;-1.504835795266389;-0.05209966494040382;-0.779818124453187;-1.510586762844495
pls_da;por_genotipo;BR16;2;387;B1_BR16_IRRIG_REPROD00003.asd;B1;BR16;IRRIG;D03M;manha;D03;IRRIG;IRRIG;0.4326092767033364;True;0.39328197761215883;-1.4958452863311051;-0.060164708633780366;-0.7804171689019479;-1.5187556599898313
pls_da;por_genotipo;BR16;2;388;B1_BR16_IRRIG_REPROD00004.asd;B1;BR16;IRRIG;D03M;manha;D03;IRRIG;IRRIG;0.43758858835192627;True;0.4278213150390215;-1.5236218216691855;-0.14737030401393508;-0.7372597014690361;-1.5786406210897255
pls_da;por_genotipo;BR16;2;395;B1_BR16_NIRRIG_REPROD00003.asd;B1;BR16;NIRRIG;D03M;manha;D03;NIRRIG;NIRRIG;0.5714670089737439;True;0.48812340156199246;-1.7701079611980906;-0.21161967327333409;-0.5437442473260294;-1.7304493372383176
pls_da;por_genotipo;BR16;2;403;B2_BR16_IRRIG_REPROD00003.asd;B2;BR16;IRRIG;D03M;manha;D03;IRRIG;NIRRIG;0.5181263377480384;False;0.43841555565846313;-1.5775667625871639;-0.012864873089809352;-0.6844770931189871;-1.6096453232214825
pls_da;por_genotipo;BR16;2;408;B2_BR16_NIRRIG_REPROD00000.asd;B2;BR16;NIRRIG;D03M;manha;D03;NIRRIG;NIRRIG;0.5189508523554356;True;0.4205038596952545;-1.5795940151736807;0.03780287426582903;-0.7375845792054556;-1.517789905372152
pls_da;por_genotipo;BR16;2;413;B2_BR16_NIRRIG_REPROD00005.asd;B2;BR16;NIRRIG;D03M;manha;D03;NIRRIG;NIRRIG;0.612536840377517;True;0.46893428164758794;-1.7055072760456278;0.05127758027152589;-0.6209320881679444;-1.6324230125559769
pls_da;por_genotipo;BR16;2;423;B3_BR16_IRRIG_REPROD00007.asd;B3;BR16;IRRIG;D03M;manha;D03;IRRIG;NIRRIG;0.5062556619567037;False;0.44563537728283137;-1.5920252330937914;-0.05902244382963043;-0.7055677005988747;-1.606557889263165
pls_da;por_genotipo;BR16;2;425;B3_BR16_NIRRIG_REPROD00001.asd;B3;BR16;NIRRIG;D03M;manha;D03;NIRRIG;NIRRIG;0.6052314261749924;True;0.4777961315868668;-1.685105936975707;0.04675026507251735;-0.6373950363892672;-1.6207987326366966
pls_da;por_genotipo;BR16;2;434;B4_BR16_IRRIG_REPROD00002.asd;B4;BR16;IRRIG;D03M;manha;D03;IRRIG;IRRIG;0.4117922225424646;True;0.3828256389011924;-1.4043380724427608;-0.022105235261384165;-0.7718423704011096;-1.4984831663737008
pls_da;por_genotipo;BR16;2;435;B4_BR16_IRRIG_REPROD00003.asd;B4;BR16;IRRIG;D03M;manha;D03;IRRIG;IRRIG;0.415971427654073;True;0.38735192591935924;-1.4106578619832626;-0.02262249360486056;-0.7714536612312765;-1.5004199446030573
pls_da;por_genotipo;BR16;2;445;B4_BR16_NIRRIG_REPROD00005.asd;B4;BR16;NIRRIG;D03M;manha;D03;NIRRIG;NIRRIG;0.5785526386781017;True;0.4285419581893746;-1.635386592584581;0.1004793367686711;-0.6681165767487177;-1.5481650150952282
pls_da;por_genotipo;BR16;2;447;B4_BR16_NIRRIG_REPROD00007.asd;B4;BR16;NIRRIG;D03M;manha;D03;NIRRIG;NIRRIG;0.5875859030250236;True;0.433021276377822;-1.6505401740458;0.09919582767236315;-0.6572722919031281;-1.5577544515871617
pls_da;por_genotipo;BR16;2;576;B1_BR16_IRRIG_REPROD00000.asd;B1;BR16;IRRIG;D03T;tarde;D03;IRRIG;IRRIG;0.44450668200954574;True;0.37971082404874534;-1.4595692612968567;0.03650498219951069;-0.8054453595087726;-1.4251876848914402
pls_da;por_genotipo;BR16;2;579;B1_BR16_IRRIG_REPROD00003.asd;B1;BR16;IRRIG;D03T;tarde;D03;IRRIG;IRRIG;0.4484965371696892;True;0.38672083940033974;-1.462521518586787;0.0353262831575094;-0.8054057422546562;-1.4275601468680137
pls_da;por_genotipo;BR16;2;580;B1_BR16_IRRIG_REPROD00004.asd;B1;BR16;IRRIG;D03T;tarde;D03;IRRIG;IRRIG;0.4796566372653009;True;0.4155160777735018;-1.5624327502959185;-0.07133420869222934;-0.7027369447440164;-1.565201764365917
pls_da;por_genotipo;BR16;2;587;B1_BR16_NIRRIG_REPROD00003.asd;B1;BR16;NIRRIG;D03T;tarde;D03;NIRRIG;NIRRIG;0.5473810525848243;True;0.48162777973513177;-1.6559861747803655;-0.0960005477276001;-0.6461474940545164;-1.6346201279229742
pls_da;por_genotipo;BR16;2;595;B2_BR16_IRRIG_REPROD00003.asd;B2;BR16;IRRIG;D03T;tarde;D03;IRRIG;IRRIG;0.4958329790322386;True;0.43320470920024307;-1.4802301040962929;0.058359193348151144;-0.7482250736286062;-1.4974872257226763
pls_da;por_genotipo;BR16;2;600;B2_BR16_NIRRIG_REPROD00000.asd;B2;BR16;NIRRIG;D03T;tarde;D03;NIRRIG;IRRIG;0.47072429741773525;False;0.3995505552568963;-1.4671154422790411;0.07842311357195557;-0.8041837163737645;-1.4360354956500756
pls_da;por_genotipo;BR16;2;605;B2_BR16_NIRRIG_REPROD00005.asd;B2;BR16;NIRRIG;D03T;tarde;D03;NIRRIG;NIRRIG;0.5713597863545564;True;0.4541239965465082;-1.5908479204476411;0.10906468211313751;-0.6998111642078133;-1.5405681140937628
pls_da;por_genotipo;BR16;2;615;B3_BR16_IRRIG_REPROD00007.asd;B3;BR16;IRRIG;D03T;tarde;D03;IRRIG;NIRRIG;0.5388692813603394;False;0.4406815901704797;-1.5875265628421877;0.029655271773142207;-0.6907351480631798;-1.549674977118584
pls_da;por_genotipo;BR16;2;617;B3_BR16_NIRRIG_REPROD00001.asd;B3;BR16;NIRRIG;D03T;tarde;D03;NIRRIG;NIRRIG;0.6254358648654673;True;0.4812870415525895;-1.6534675297490058;0.14570699102792697;-0.6587347255140764;-1.5731638624846171
pls_da;por_genotipo;BR16;2;626;B4_BR16_IRRIG_REPROD00002.asd;B4;BR16;IRRIG;D03T;tarde;D03;IRRIG;IRRIG;0.41407279114843143;True;0.388852976846057;-1.4011042027966498;-0.017658038500582018;-0.7794885438522606;-1.4833426201086324
pls_da;por_genotipo;BR16;2;627;B4_BR16_IRRIG_REPROD00003.asd;B4;BR16;IRRIG;D03T;tarde;D03;IRRIG;IRRIG;0.4097580963675585;True;0.38648220347329;-1.387051585536773;-0.010626850140047333;-0.783885960015692;-1.4762530218054677
pls_da;por_genotipo;BR16;2;637;B4_BR16_NIRRIG_REPROD00005.asd;B4;BR16;NIRRIG;D03T;tarde;D03;NIRRIG;NIRRIG;0.5818681392345177;True;0.4528135799879771;-1.5842650681174204;0.16163111704159927;-0.7285095520770165;-1.4849916951630506
pls_da;por_genotipo;BR16;2;639;B4_BR16_NIRRIG_REPROD00007.asd;B4;BR16;NIRRIG;D03T;tarde;D03;NIRRIG;NIRRIG;0.578797726478108;True;0.4468612274410295;-1.573004191260975;0.17465888399494375;-0.7335866197684922;-1.4731842110441702
pls_da;por_genotipo;BR16;2;768;B1_BR16_IRRIG_REPROD00000.asd;B1;BR16;IRRIG;D04M;manha;D04;IRRIG;IRRIG;0.43437908152393356;True;0.41048805032831304;-1.453266618632179;-0.07245323634292991;-0.7195745369652728;-1.5683940636568672
pls_da;por_genotipo;BR16;2;771;B1_BR16_IRRIG_REPROD00003.asd;B1;BR16;IRRIG;D04M;manha;D04;IRRIG;IRRIG;0.4329457789666791;True;0.412577894567549;-1.4436137758799683;-0.07072020355505529;-0.7186364362112756;-1.5671693812527738
pls_da;por_genotipo;BR16;2;772;B1_BR16_IRRIG_REPROD00004.asd;B1;BR16;IRRIG;D04M;manha;D04;IRRIG;IRRIG;0.4221653856629227;True;0.3787723819742515;-1.366600766668268;0.0667260946941473;-0.7967830589515184;-1.458611112200461
pls_da;por_genotipo;BR16;2;779;B1_BR16_NIRRIG_REPROD00003.asd;B1;BR16;NIRRIG;D04M;manha;D04;NIRRIG;IRRIG;0.48539240511541476;False;0.39420335171974835;-1.5196723282784188;0.05864729145030566;-0.7750489790169269;-1.4653865809999373
pls_da;por_genotipo;BR16;2;787;B2_BR16_IRRIG_REPROD00003.asd;B2;BR16;IRRIG;D04M;manha;D04;IRRIG;IRRIG;0.49524944773459834;True;0.3737853007115769;-1.52288662698118;0.10158232502022933;-0.7576048581925688;-1.4617192473784815
pls_da;por_genotipo;BR16;2;792;B2_BR16_NIRRIG_REPROD00000.asd;B2;BR16;NIRRIG;D04M;manha;D04;NIRRIG;NIRRIG;0.5277208814100858;True;0.399112435154639;-1.5346196297500243;0.13954606648756404;-0.7384563595228114;-1.4944768985903207
pls_da;por_genotipo;BR16;2;797;B2_BR16_NIRRIG_REPROD00005.asd;B2;BR16;NIRRIG;D04M;manha;D04;NIRRIG;IRRIG;0.49510956956780494;False;0.3887638263788743;-1.4983742583618658;0.12698494671235364;-0.7941395647018397;-1.4358138781898127
pls_da;por_genotipo;BR16;2;807;B3_BR16_IRRIG_REPROD00007.asd;B3;BR16;IRRIG;D04M;manha;D04;IRRIG;IRRIG;0.3850745087796148;True;0.38588754806516284;-1.3493882170026035;-0.023655730545840227;-0.8139398452565008;-1.4831066091175422
pls_da;por_genotipo;BR16;2;809;B3_BR16_NIRRIG_REPROD00001.asd;B3;BR16;NIRRIG;D04M;manha;D04;NIRRIG;NIRRIG;0.5446960619813944;True;0.4142511880758707;-1.5556131475055897;0.14730940534190332;-0.7391504881218792;-1.5007365344693677
pls_da;por_genotipo;BR16;2;818;B4_BR16_IRRIG_REPROD00002.asd;B4;BR16;IRRIG;D04M;manha;D04;IRRIG;IRRIG;0.42254782172053695;True;0.40771178810892084;-1.302383839696946;0.08440462172499268;-0.7813488877659847;-1.482071961956112
pls_da;por_genotipo;BR16;2;819;B4_BR16_IRRIG_REPROD00003.asd;B4;BR16;IRRIG;D04M;manha;D04;IRRIG;IRRIG;0.41753307985363214;True;0.4074651762718703;-1.2829936228838312;0.09149748442297713;-0.7860201286280983;-1.472109132630295
pls_da;por_genotipo;BR16;2;829;B4_BR16_NIRRIG_REPROD00005.asd;B4;BR16;NIRRIG;D04M;manha;D04;NIRRIG;NIRRIG;0.5577209801986158;True;0.3949479160866487;-1.5747688055029598;0.183758581958801;-0.7265496598886056;-1.4879225066773456
pls_da;por_genotipo;BR16;2;831;B4_BR16_NIRRIG_REPROD00007.asd;B4;BR16;NIRRIG;D04M;manha;D04;NIRRIG;NIRRIG;0.5548609048705201;True;0.39511741348173623;-1.571345550075905;0.17837155908008143;-0.7253316081040466;-1.492621560578104
pls_da;por_genotipo;BR16;2;960;B1_BR16_IRRIG_REPROD00000.asd;B1;BR16;IRRIG;D05M;manha;D05;IRRIG;IRRIG;0.31583537886794194;True;0.38196090641454267;-1.0785305761709603;0.05865078281046614;-0.8745226911809881;-1.33715337596754
pls_da;por_genotipo;BR16;2;963;B1_BR16_IRRIG_REPROD00003.asd;B1;BR16;IRRIG;D05M;manha;D05;IRRIG;IRRIG;0.3171247539252821;True;0.3779408680867563;-1.0872169831363432;0.058011918693578975;-0.8702309168407846;-1.3440899916185471
pls_da;por_genotipo;BR16;2;964;B1_BR16_IRRIG_REPROD00004.asd;B1;BR16;IRRIG;D05M;manha;D05;IRRIG;IRRIG;0.40562496489248556;True;0.38218122194135973;-1.2960929147685696;0.10178439957121048;-0.8320758514786483;-1.4060932322693283
pls_da;por_genotipo;BR16;2;971;B1_BR16_NIRRIG_REPROD00003.asd;B1;BR16;NIRRIG;D05M;manha;D05;NIRRIG;NIRRIG;0.5415036974680657;True;0.43265648192532;-1.5921533585132113;0.060354651868231725;-0.7190002696505416;-1.5191686464637402
pls_da;por_genotipo;BR16;2;979;B2_BR16_IRRIG_REPROD00003.asd;B2;BR16;IRRIG;D05M;manha;D05;IRRIG;IRRIG;0.45560556795553747;True;0.3511642489300513;-1.4776740348428767;0.06426973701091242;-0.7662711878883328;-1.4231420601377587
pls_da;por_genotipo;BR16;2;984;B2_BR16_NIRRIG_REPROD00000.asd;B2;BR16;NIRRIG;D05M;manha;D05;NIRRIG;NIRRIG;0.6048831854261556;True;0.44814000013808436;-1.724121888609932;0.030902825460712626;-0.6119751903649192;-1.623740314542597
pls_da;por_genotipo;BR16;2;989;B2_BR16_NIRRIG_REPROD00005.asd;B2;BR16;NIRRIG;D05M;manha;D05;NIRRIG;NIRRIG;0.5815654407568951;True;0.43263949169629384;-1.671402111982303;0.0746020173516054;-0.6794559015724423;-1.550072659376574
pls_da;por_genotipo;BR16;2;999;B3_BR16_IRRIG_REPROD00007.asd;B3;BR16;IRRIG;D05M;manha;D05;IRRIG;IRRIG;0.37120059604791034;True;0.362992914800391;-1.2646563359192369;0.06644242114098149;-0.8512312787881567;-1.3870419815199753
pls_da;por_genotipo;BR16;2;1001;B3_BR16_NIRRIG_REPROD00001.asd;B3;BR16;NIRRIG;D05M;manha;D05;NIRRIG;NIRRIG;0.6510814675658225;True;0.46776278642717767;-1.765093877183154;0.08693790411914233;-0.5797442767721113;-1.652251174601334
pls_da;por_genotipo;BR16;2;1010;B4_BR16_IRRIG_REPROD00002.asd;B4;BR16;IRRIG;D05M;manha;D05;IRRIG;IRRIG;0.43702277879804496;True;0.40772403355277387;-1.2721889294047035;0.1853056165249404;-0.8322968306294981;-1.4106553656184475
pls_da;por_genotipo;BR16;2;1011;B4_BR16_IRRIG_REPROD00003.asd;B4;BR16;IRRIG;D05M;manha;D05;IRRIG;IRRIG;0.43393554374943977;True;0.40765268937064847;-1.259072467293695;0.19192271046469858;-0.8376442182300319;-1.3999780280460021
pls_da;por_genotipo;BR16;2;1021;B4_BR16_NIRRIG_REPROD00005.asd;B4;BR16;NIRRIG;D05M;manha;D05;NIRRIG;NIRRIG;0.605025342254568;True;0.448879217835725;-1.6804066046780417;0.0794349045966806;-0.6252841230849168;-1.5865230042672116
pls_da;por_genotipo;BR16;2;1023;B4_BR16_NIRRIG_REPROD00007.asd;B4;BR16;NIRRIG;D05M;manha;D05;NIRRIG;NIRRIG;0.6194186536936346;True;0.44818028546742794;-1.7040531108677264;0.09367133552532679;-0.6146238906352601;-1.590745164279053
pls_da;por_genotipo;BR16;2;1152;B1_BR16_IRRIG_REPROD00000.asd;B1;BR16;IRRIG;D06M;manha;D06;IRRIG;IRRIG;0.349426893049335;True;0.3606290989506781;-1.295771732244889;-0.03393215551609225;-0.8404270197564639;-1.4271254187013125
pls_da;por_genotipo;BR16;2;1155;B1_BR16_IRRIG_REPROD00003.asd;B1;BR16;IRRIG;D06M;manha;D06;IRRIG;IRRIG;0.3508867979021331;True;0.3645919212814371;-1.286934400604243;-0.022391279195067254;-0.8480445475017853;-1.414346778311372
pls_da;por_genotipo;BR16;2;1156;B1_BR16_IRRIG_REPROD00004.asd;B1;BR16;IRRIG;D06M;manha;D06;IRRIG;IRRIG;0.38720548915624703;True;0.3431287405072365;-1.3441913185098378;0.0518132583495003;-0.8268927217726683;-1.4240421982464504
pls_da;por_genotipo;BR16;2;1163;B1_BR16_NIRRIG_REPROD00003.asd;B1;BR16;NIRRIG;D06M;manha;D06;NIRRIG;NIRRIG;0.5752509926963228;True;0.4677347536337195;-1.7015742711037456;-0.06593369906125103;-0.6033870547857233;-1.6605265048034439
pls_da;por_genotipo;BR16;2;1171;B2_BR16_IRRIG_REPROD00003.asd;B2;BR16;IRRIG;D06M;manha;D06;IRRIG;IRRIG;0.36396930134472444;True;0.3809205704789067;-1.2470617570486926;0.03364743739533407;-0.8437822252736633;-1.4117148920005231
pls_da;por_genotipo;BR16;2;1176;B2_BR16_NIRRIG_REPROD00000.asd;B2;BR16;NIRRIG;D06M;manha;D06;NIRRIG;NIRRIG;0.5070053318635573;True;0.42584101288747683;-1.5861537162123258;-0.021764953110637905;-0.7253173331345167;-1.5167972001262935
pls_da;por_genotipo;BR16;2;1181;B2_BR16_NIRRIG_REPROD00005.asd;B2;BR16;NIRRIG;D06M;manha;D06;NIRRIG;NIRRIG;0.5848779510443166;True;0.43749111324035983;-1.6853653943529574;0.02195428041136136;-0.6078937202789714;-1.619936413570682
pls_da;por_genotipo;BR16;2;1191;B3_BR16_IRRIG_REPROD00007.asd;B3;BR16;IRRIG;D06M;manha;D06;IRRIG;IRRIG;0.3646953899188747;True;0.376396945246839;-1.2952833484581399;-0.0103743187427769;-0.8438261194607619;-1.3955565737090803
pls_da;por_genotipo;BR16;2;1193;B3_BR16_NIRRIG_REPROD00001.asd;B3;BR16;NIRRIG;D06M;manha;D06;NIRRIG;NIRRIG;0.5908878544562133;True;0.4504201325835466;-1.6478823431822003;0.0969624419258982;-0.6714382143133518;-1.5599415514465695
pls_da;por_genotipo;BR16;2;1202;B4_BR16_IRRIG_REPROD00002.asd;B4;BR16;IRRIG;D06M;manha;D06;IRRIG;IRRIG;0.3914010122326281;True;0.3883590052250346;-1.2655013066119474;0.07235082636780768;-0.8225141602948394;-1.3999889490796207
pls_da;por_genotipo;BR16;2;1203;B4_BR16_IRRIG_REPROD00003.asd;B4;BR16;IRRIG;D06M;manha;D06;IRRIG;IRRIG;0.38883592949156837;True;0.3820571901870747;-1.257946650398123;0.08176241499855996;-0.8245000903103258;-1.3920669452015735
pls_da;por_genotipo;BR16;2;1213;B4_BR16_NIRRIG_REPROD00005.asd;B4;BR16;NIRRIG;D06M;manha;D06;NIRRIG;NIRRIG;0.6019812983981853;True;0.4590674299994272;-1.7089937163181903;0.018190780691647;-0.6077681376557624;-1.623153331823566
pls_da;por_genotipo;BR16;2;1215;B4_BR16_NIRRIG_REPROD00007.asd;B4;BR16;NIRRIG;D06M;manha;D06;NIRRIG;NIRRIG;0.6120534882798458;True;0.4671460559468019;-1.717114650338606;0.021124778264734512;-0.5940702082136078;-1.6361700170692288
pls_da;por_genotipo;BR16;2;1344;B1_BR16_IRR_REP_RECUP00000.asd;B1;BR16;IRRIG;D09M;manha;D09;IRRIG;IRRIG;0.3877291710069135;True;0.41353800886084485;-1.3990909956814395;-0.12542068245373902;-0.7853237526302266;-1.5080831587869972
pls_da;por_genotipo;BR16;2;1354;B1_BR16_NIRR_REP_RECUP00002.asd;B1;BR16;NIRRIG;D09M;manha;D09;NIRRIG;NIRRIG;0.5189552170310008;True;0.4711159046777739;-1.647697932714594;-0.14904732429173506;-0.6551072551839366;-1.6397978177354458
pls_da;por_genotipo;BR16;2;1355;B1_BR16_NIRR_REP_RECUP00003.asd;B1;BR16;NIRRIG;D09M;manha;D09;NIRRIG;NIRRIG;0.5208955835715839;True;0.4757217227762753;-1.6495114086267968;-0.15453344950619344;-0.6501274512173377;-1.6467581254930854
pls_da;por_genotipo;BR16;2;1356;B1_BR16_NIRR_REP_RECUP00004.asd;B1;BR16;NIRRIG;D09M;manha;D09;NIRRIG;NIRRIG;0.6498510665177362;True;0.483381861538153;-1.7656028668621166;0.06384700976488866;-0.5810863133505693;-1.6745689191263688
pls_da;por_genotipo;BR16;2;1358;B1_BR16_NIRR_REP_RECUP00006.asd;B1;BR16;NIRRIG;D09M;manha;D09;NIRRIG;NIRRIG;0.6620110508707104;True;0.4871939770322721;-1.798781826942298;0.05821370401506321;-0.5720563688987147;-1.6825484969842883
pls_da;por_genotipo;BR16;2;1361;B2_BR16_IRR_REP_RECUP00001.asd;B2;BR16;IRRIG;D09M;manha;D09;IRRIG;IRRIG;0.42597547965643623;True;0.37271460506426096;-1.3803924025131293;0.06156612537506205;-0.7792839568901494;-1.4676235175332986
pls_da;por_genotipo;BR16;2;1367;B2_BR16_IRR_REP_RECUP00007.asd;B2;BR16;IRRIG;D09M;manha;D09;IRRIG;NIRRIG;0.5615726286193311;False;0.4311010447978662;-1.631622763854818;0.06743328820911942;-0.6810642699212995;-1.5999177460967926
pls_da;por_genotipo;BR16;2;1370;B2_BR16_NIRR_REP_RECUP00002.asd;B2;BR16;NIRRIG;D09M;manha;D09;NIRRIG;IRRIG;0.49535698043172277;False;0.4222126001673618;-1.5927730996036062;-0.08274490958057161;-0.6760050195352842;-1.5847375949285982
pls_da;por_genotipo;BR16;2;1380;B3_BR16_IRR_REP_RECUP00004.asd;B3;BR16;IRRIG;D09M;manha;D09;IRRIG;NIRRIG;0.5028511657133308;False;0.38058779298025047;-1.5272554043322089;0.1042700485359624;-0.7432119806590571;-1.4937361037477737
pls_da;por_genotipo;BR16;2;1382;B3_BR16_IRR_REP_RECUP00006.asd;B3;BR16;IRRIG;D09M;manha;D09;IRRIG;IRRIG;0.4881783105941595;True;0.37703663243518576;-1.4856914943551285;0.10881637339763141;-0.7429027191594727;-1.4916936653737458
pls_da;por_genotipo;BR16;2;1406;B4_BR16_NIRR_REP_RECUP00006.asd;B4;BR16;NIRRIG;D09M;manha;D09;NIRRIG;NIRRIG;0.5400840565928503;True;0.43843250136060863;-1.6319489894849575;-0.012052757272186932;-0.687088216632208;-1.5521366397906662
pls_da;por_genotipo;BR16;2;1407;B4_BR16_NIRR_REP_RECUP00007.asd;B4;BR16;NIRRIG;D09M;manha;D09;NIRRIG;NIRRIG;0.5481245630701714;True;0.43844345782075606;-1.6478196974235935;-0.0076235695479298605;-0.6825274834816859;-1.5539644562333892
pls_da;por_genotipo;BR16;2;1540;B1_BR16_IRR_REP_RECUP00000.asd;B1;BR16;IRRIG;D09T;tarde;D09;IRRIG;IRRIG;0.41813479984986995;True;0.3767381437853027;-1.477965177333049;-0.07401793458852127;-0.7728641087911018;-1.4736015385620411
pls_da;por_genotipo;BR16;2;1550;B1_BR16_NIRR_REP_RECUP00002.asd;B1;BR16;NIRRIG;D09T;tarde;D09;NIRRIG;IRRIG;0.4800677173442894;False;0.45565515798445533;-1.5327827907444962;-0.08026944775267966;-0.7334196566279633;-1.5423731040131765
pls_da;por_genotipo;BR16;2;1551;B1_BR16_NIRR_REP_RECUP00003.asd;B1;BR16;NIRRIG;D09T;tarde;D09;NIRRIG;IRRIG;0.48538747194273163;False;0.45749039392405944;-1.5507461267068445;-0.08804375579459318;-0.7286942384969612;-1.5505901581448664
pls_da;por_genotipo;BR16;2;1552;B1_BR16_NIRR_REP_RECUP00004.asd;B1;BR16;NIRRIG;D09T;tarde;D09;NIRRIG;NIRRIG;0.5666055801456842;True;0.442992324928575;-1.5884654832586154;0.11655034801165932;-0.7046535551781756;-1.535937327361309
pls_da;por_genotipo;BR16;2;1554;B1_BR16_NIRR_REP_RECUP00006.asd;B1;BR16;NIRRIG;D09T;tarde;D09;NIRRIG;NIRRIG;0.572979262247699;True;0.4445374650881429;-1.6029020543676444;0.1163751944748183;-0.7009878348426168;-1.5394863717996914
pls_da;por_genotipo;BR16;2;1557;B2_BR16_IRR_REP_RECUP00001.asd;B2;BR16;IRRIG;D09T;tarde;D09;IRRIG;NIRRIG;0.5363730420258951;False;0.45588395189552006;-1.6120849190071151;-0.0031101489809496085;-0.7182574992699838;-1.5659000465994939
pls_da;por_genotipo;BR16;2;1563;B2_BR16_IRR_REP_RECUP00007.asd;B2;BR16;IRRIG;D09T;tarde;D09;IRRIG;NIRRIG;0.5752616036449424;False;0.4368616913626955;-1.6270065832809506;0.10666730383268046;-0.6896704496701859;-1.5715691635022262
pls_da;por_genotipo;BR16;2;1565;B2_BR16_NIRR_REP_RECUP00009.asd;B2;BR16;NIRRIG;D09T;tarde;D09;NIRRIG;NIRRIG;0.5237373473956305;True;0.4723150359153439;-1.6170549422687535;-0.08361640850238337;-0.6946777578749865;-1.591248990436125
pls_da;por_genotipo;BR16;2;1566;B2_BR16_NIRR_REP_RECUP00010.asd;B2;BR16;NIRRIG;D09T;tarde;D09;NIRRIG;NIRRIG;0.517869127899889;True;0.4671350613876977;-1.6048216667446291;-0.07863313005552558;-0.6986630641717595;-1.585349227742379
pls_da;por_genotipo;BR16;2;1576;B3_BR16_IRR_REP_RECUP00004.asd;B3;BR16;IRRIG;D09T;tarde;D09;IRRIG;NIRRIG;0.5466278588378068;False;0.428185808804817;-1.5949764591485587;0.07633856830022724;-0.7143936850976216;-1.5209988991821755
pls_da;por_genotipo;BR16;2;1578;B3_BR16_IRR_REP_RECUP00006.asd;B3;BR16;IRRIG;D09T;tarde;D09;IRRIG;NIRRIG;0.5649943026120434;False;0.43765548303237695;-1.620134758460391;0.08620351462860247;-0.7070010870648833;-1.5237101198905623
pls_da;por_genotipo;BR16;2;1602;B4_BR16_NIRR_REP_RECUP00006.asd;B4;BR16;NIRRIG;D09T;tarde;D09;NIRRIG;IRRIG;0.49478077189911623;False;0.4012107939683002;-1.4904847373013173;0.1147997383591845;-0.7955984520224826;-1.4242987623304828
pls_da;por_genotipo;BR16;2;1603;B4_BR16_NIRR_REP_RECUP00007.asd;B4;BR16;NIRRIG;D09T;tarde;D09;NIRRIG;NIRRIG;0.5001341414113265;True;0.4036295636434397;-1.4983718005664286;0.11781563118877866;-0.7940206061506765;-1.4250096611065202
pls_da;por_genotipo;BR16;2;1732;B1_BR16_IRR_REP_RECUP00000.asd;B1;BR16;IRRIG;D10M;manha;D10;IRRIG;IRRIG;0.4084018968907072;True;0.34288179775997;-1.437459137360227;0.0066145354408229315;-0.8051238795172613;-1.4370411144555704
pls_da;por_genotipo;BR16;2;1742;B1_BR16_NIRR_REP_RECUP00002.asd;B1;BR16;NIRRIG;D10M;manha;D10;NIRRIG;NIRRIG;0.5239978546237029;True;0.4159299235442551;-1.5490125127024499;0.09836960948939896;-0.7484102120378546;-1.5105129033542386
pls_da;por_genotipo;BR16;2;1743;B1_BR16_NIRR_REP_RECUP00003.asd;B1;BR16;NIRRIG;D10M;manha;D10;NIRRIG;NIRRIG;0.5251918647672864;True;0.41672388859001813;-1.5537942705462118;0.09550387265246932;-0.7474491696466685;-1.5132735353541809
pls_da;por_genotipo;BR16;2;1744;B1_BR16_NIRR_REP_RECUP00004.asd;B1;BR16;NIRRIG;D10M;manha;D10;NIRRIG;IRRIG;0.4570481294906216;False;0.4139858599800414;-1.52227290517975;-0.06359746735689344;-0.7535708622456233;-1.5266628452624036
pls_da;por_genotipo;BR16;2;1746;B1_BR16_NIRR_REP_RECUP00006.asd;B1;BR16;NIRRIG;D10M;manha;D10;NIRRIG;IRRIG;0.4589649736142911;False;0.4160379902536421;-1.5259988790875392;-0.06697990307212313;-0.7492403481539042;-1.5327428855054783
pls_da;por_genotipo;BR16;2;1781;B2_BR16_IRR_REP_RECUP00001.asd;B2;BR16;IRRIG;D10M;manha;D10;IRRIG;NIRRIG;0.55937447179879;False;0.4526944887755268;-1.5929853983582605;0.07353302054008606;-0.6931905086491814;-1.5741668264639845
pls_da;por_genotipo;BR16;2;1787;B2_BR16_IRR_REP_RECUP00007.asd;B2;BR16;IRRIG;D10M;manha;D10;IRRIG;IRRIG;0.45827736329080565;True;0.43375270435380225;-1.3922138840198097;0.05379039502034818;-0.7796684756914907;-1.4560993576131638
pls_da;por_genotipo;BR16;2;1790;B2_BR16_NIRR_REP_RECUP00002.asd;B2;BR16;NIRRIG;D10M;manha;D10;NIRRIG;IRRIG;0.4500820509718565;False;0.36058157262694807;-1.4337903757268355;0.11784565948828542;-0.8326471011686811;-1.3604680021310083
pls_da;por_genotipo;BR16;2;1832;B3_BR16_IRR_REP_RECUP00004.asd;B3;BR16;IRRIG;D10M;manha;D10;IRRIG;IRRIG;0.4730416442042795;True;0.42977748033003577;-1.532073234283096;-0.05388531751196867;-0.7503974571148918;-1.5153984790343205
pls_da;por_genotipo;BR16;2;1834;B3_BR16_IRR_REP_RECUP00006.asd;B3;BR16;IRRIG;D10M;manha;D10;IRRIG;IRRIG;0.464196238317412;True;0.42924438526982434;-1.5080787451650723;-0.05161550318638307;-0.7552772620369288;-1.5106411962023754
pls_da;por_genotipo;BR16;2;1890;B4_BR16_NIRR_REP_RECUP00006.asd;B4;BR16;NIRRIG;D10M;manha;D10;NIRRIG;IRRIG;0.4990191120694942;False;0.4173878470542003;-1.5329966945837183;0.05043645729120231;-0.7709911643429241;-1.4818805461660625
pls_da;por_genotipo;BR16;2;1891;B4_BR16_NIRR_REP_RECUP00007.asd;B4;BR16;NIRRIG;D10M;manha;D10;NIRRIG;NIRRIG;0.5009778029219474;True;0.4173948577665456;-1.5373994923812866;0.050529260351770175;-0.7694913249351628;-1.4818170062572191
pls_da;por_genotipo;BR16;3;5;B1_BR16_IRRIG_REPROD00005.asd;B1;BR16;IRRIG;D02M;manha;D02;IRRIG;IRRIG;0.4237528461461963;True;0.3763531757624346;-1.449897621235802;0.011563895639162025;-0.8172335209016779;-1.4500293519103853
pls_da;por_genotipo;BR16;3;10;B1_BR16_NIRRIG_REPROD00002.asd;B1;BR16;NIRRIG;D02M;manha;D02;NIRRIG;IRRIG;0.4492260471849397;False;0.4191960585950994;-1.5042042071224306;-0.07896192121527149;-0.7558981797473083;-1.521803020794374
pls_da;por_genotipo;BR16;3;16;B2_BR16_IRRIG_REPROD00000.asd;B2;BR16;IRRIG;D02M;manha;D02;IRRIG;IRRIG;0.4402805668318183;True;0.395250734768412;-1.4981910282314117;-0.05711971325311381;-0.7603941729737488;-1.5072334677335781
pls_da;por_genotipo;BR16;3;23;B2_BR16_IRRIG_REPROD00007.asd;B2;BR16;IRRIG;D02M;manha;D02;IRRIG;NIRRIG;0.5015965314694689;False;0.4241710699038975;-1.5576927467156236;-0.0018574686878820514;-0.7156013245962484;-1.5911039474813071
pls_da;por_genotipo;BR16;3;27;B2_BR16_NIRRIG_REPROD00003.asd;B2;BR16;NIRRIG;D02M;manha;D02;NIRRIG;IRRIG;0.4904326271541204;False;0.40481688171301844;-1.5170222441773729;0.06826783057460767;-0.7621816693168955;-1.5251902985950303
pls_da;por_genotipo;BR16;3;34;B3_BR16_IRRIG_REPROD00002.asd;B3;BR16;IRRIG;D02M;manha;D02;IRRIG;IRRIG;0.47079307839782075;True;0.4111340102714105;-1.5088061871269038;0.002878661679587424;-0.7593921585947812;-1.53557594290191
pls_da;por_genotipo;BR16;3;36;B3_BR16_IRRIG_REPROD00004.asd;B3;BR16;IRRIG;D02M;manha;D02;IRRIG;IRRIG;0.47510519420150593;True;0.4328468655771776;-1.5271844715504572;-0.040708256379494594;-0.7562784015696957;-1.5513831955209145
pls_da;por_genotipo;BR16;3;38;B3_BR16_IRRIG_REPROD00006.asd;B3;BR16;IRRIG;D02M;manha;D02;IRRIG;IRRIG;0.47584313214403856;True;0.4331190633112248;-1.528700711997263;-0.040677770837515226;-0.7553340931552632;-1.555440351058156
pls_da;por_genotipo;BR16;3;45;B3_BR16_NIRRIG_REPROD00005.asd;B3;BR16;NIRRIG;D02M;manha;D02;NIRRIG;NIRRIG;0.5800872722812532;True;0.4418762636671477;-1.6346502160906005;0.11407341475051429;-0.6908265698366494;-1.5641471574666277
pls_da;por_genotipo;BR16;3;53;B4_BR16_IRRIG_REPROD00005.asd;B4;BR16;IRRIG;D02M;manha;D02;IRRIG;IRRIG;0.4683342168028658;True;0.4152915419531996;-1.5310482896563364;-0.05658051200494829;-0.7276555840443135;-1.5672906457728786
pls_da;por_genotipo;BR16;3;57;B4_BR16_NIRRIG_REPROD00001.asd;B4;BR16;NIRRIG;D02M;manha;D02;NIRRIG;NIRRIG;0.523863749239544;True;0.47616469863528954;-1.6062500099986485;-0.09556667017972739;-0.6841451770248093;-1.6106796911558003
pls_da;por_genotipo;BR16;3;58;B4_BR16_NIRRIG_REPROD00002.asd;B4;BR16;NIRRIG;D02M;manha;D02;NIRRIG;NIRRIG;0.5244365490640931;True;0.47609754069685545;-1.6051555250192577;-0.0947103375950593;-0.6813984206105198;-1.6118476660769654
pls_da;por_genotipo;BR16;3;59;B4_BR16_NIRRIG_REPROD00003.asd;B4;BR16;NIRRIG;D02M;manha;D02;NIRRIG;NIRRIG;0.5263344295985269;True;0.4754046282550299;-1.608848170735544;-0.09243326079744614;-0.6799510207794071;-1.6116112792237465
pls_da;por_genotipo;BR16;3;197;B1_BR16_IRRIG_REPROD00005.asd;B1;BR16;IRRIG;D02T;tarde;D02;IRRIG;IRRIG;0.4595299369628731;True;0.3921373343636397;-1.4972944330886344;0.029137514298625867;-0.7885035035176963;-1.4738447973646083
pls_da;por_genotipo;BR16;3;202;B1_BR16_NIRRIG_REPROD00002.asd;B1;BR16;NIRRIG;D02T;tarde;D02;NIRRIG;NIRRIG;0.5091760173890698;True;0.4390345827089968;-1.599864734269375;-0.08311437822434238;-0.6713631951035478;-1.5871480063284742
pls_da;por_genotipo;BR16;3;208;B2_BR16_IRRIG_REPROD00000.asd;B2;BR16;IRRIG;D02T;tarde;D02;IRRIG;IRRIG;0.49820508466292207;True;0.43500792312614484;-1.5444510500331623;-0.033288543892160155;-0.7038600438995842;-1.5477713625738811
pls_da;por_genotipo;BR16;3;215;B2_BR16_IRRIG_REPROD00007.asd;B2;BR16;IRRIG;D02T;tarde;D02;IRRIG;NIRRIG;0.5821251381451338;False;0.4598641795827627;-1.622721508544937;0.07966052062624925;-0.661887428208505;-1.5882880623312015
pls_da;por_genotipo;BR16;3;219;B2_BR16_NIRRIG_REPROD00003.asd;B2;BR16;NIRRIG;D02T;tarde;D02;NIRRIG;NIRRIG;0.5823155456530351;True;0.47430039146959885;-1.613772506315355;0.07428775564794243;-0.6733818180135006;-1.5973426635512489
pls_da;por_genotipo;BR16;3;226;B3_BR16_IRRIG_REPROD00002.asd;B3;BR16;IRRIG;D02T;tarde;D02;IRRIG;IRRIG;0.48878732593903823;True;0.3763056124004884;-1.5073243310357272;0.087011291616854;-0.7218580870182439;-1.5038679034247298
pls_da;por_genotipo;BR16;3;228;B3_BR16_IRRIG_REPROD00004.asd;B3;BR16;IRRIG;D02T;tarde;D02;IRRIG;NIRRIG;0.531040949634129;False;0.42511505034833097;-1.5655335997500104;0.07881302881008037;-0.7251983338477087;-1.5090854140392553
pls_da;por_genotipo;BR16;3;230;B3_BR16_IRRIG_REPROD00006.asd;B3;BR16;IRRIG;D02T;tarde;D02;IRRIG;NIRRIG;0.5270830037742116;False;0.42431255052643074;-1.5532468276176425;0.08087699914218272;-0.7262874823197637;-1.5090056362246103
pls_da;por_genotipo;BR16;3;237;B3_BR16_NIRRIG_REPROD00005.asd;B3;BR16;NIRRIG;D02T;tarde;D02;NIRRIG;NIRRIG;0.6449739833860088;True;0.44178153041627016;-1.7584717418722915;0.10996233820050043;-0.5638993072067713;-1.6448665212875047
pls_da;por_genotipo;BR16;3;245;B4_BR16_IRRIG_REPROD00005.asd;B4;BR16;IRRIG;D02T;tarde;D02;IRRIG;NIRRIG;0.5358573967063773;False;0.40156757082926314;-1.5583402210901638;0.11389562733094297;-0.6916285983090706;-1.502490929993033
pls_da;por_genotipo;BR16;3;249;B4_BR16_NIRRIG_REPROD00001.asd;B4;BR16;NIRRIG;D02T;tarde;D02;NIRRIG;NIRRIG;0.5883096245382157;True;0.48507645212374745;-1.686221121719198;-0.04078615855015199;-0.6135693756330141;-1.645200730695902
pls_da;por_genotipo;BR16;3;250;B4_BR16_NIRRIG_REPROD00002.asd;B4;BR16;NIRRIG;D02T;tarde;D02;NIRRIG;NIRRIG;0.5890044713903037;True;0.4862761023997153;-1.6834662784128323;-0.03980355032208233;-0.6111299915187098;-1.6464928593990389
pls_da;por_genotipo;BR16;3;251;B4_BR16_NIRRIG_REPROD00003.asd;B4;BR16;NIRRIG;D02T;tarde;D02;NIRRIG;NIRRIG;0.5951481934410838;True;0.4856744269473836;-1.7018055800508043;-0.04031397964947904;-0.6067994671399124;-1.6490850460269588
pls_da;por_genotipo;BR16;3;389;B1_BR16_IRRIG_REPROD00005.asd;B1;BR16;IRRIG;D03M;manha;D03;IRRIG;IRRIG;0.43956749108169796;True;0.4225458863789345;-1.5134073472753429;-0.13427562621328742;-0.7360225232142928;-1.5772325213573806
pls_da;por_genotipo;BR16;3;394;B1_BR16_NIRRIG_REPROD00002.asd;B1;BR16;NIRRIG;D03M;manha;D03;NIRRIG;NIRRIG;0.5780727873100916;True;0.49061724649444854;-1.7699034080156044;-0.21173695569105241;-0.5460774416741183;-1.730203658171088
pls_da;por_genotipo;BR16;3;400;B2_BR16_IRRIG_REPROD00000.asd;B2;BR16;IRRIG;D03M;manha;D03;IRRIG;NIRRIG;0.5268324678528019;False;0.44125583172892274;-1.5958704951028535;-0.015071909195308755;-0.683373147636595;-1.612016460284999
pls_da;por_genotipo;BR16;3;407;B2_BR16_IRRIG_REPROD00007.asd;B2;BR16;IRRIG;D03M;manha;D03;IRRIG;NIRRIG;0.5036774550234683;False;0.41796881635835853;-1.572435129023766;-0.004914643259197903;-0.7179226448049948;-1.5254462718025328
pls_da;por_genotipo;BR16;3;411;B2_BR16_NIRRIG_REPROD00003.asd;B2;BR16;NIRRIG;D03M;manha;D03;NIRRIG;NIRRIG;0.5290726669944427;True;0.4448720396056359;-1.6051744169747586;0.0006426385046828506;-0.7218745158038677;-1.5483546801588892
pls_da;por_genotipo;BR16;3;418;B3_BR16_IRRIG_REPROD00002.asd;B3;BR16;IRRIG;D03M;manha;D03;IRRIG;IRRIG;0.42984950898540364;True;0.4236001100042855;-1.4135651953964348;-0.02437315502679101;-0.8020088044180355;-1.4878173802238537
pls_da;por_genotipo;BR16;3;420;B3_BR16_IRRIG_REPROD00004.asd;B3;BR16;IRRIG;D03M;manha;D03;IRRIG;NIRRIG;0.5035443500931381;False;0.43301176068487746;-1.5911878076214616;-0.05035752734729643;-0.707531595505403;-1.597450022893505
pls_da;por_genotipo;BR16;3;422;B3_BR16_IRRIG_REPROD00006.asd;B3;BR16;IRRIG;D03M;manha;D03;IRRIG;NIRRIG;0.5093407848164871;False;0.44417857142236067;-1.596203335721536;-0.056354780345146224;-0.7073435966942787;-1.603306671353783
pls_da;por_genotipo;BR16;3;429;B3_BR16_NIRRIG_REPROD00005.asd;B3;BR16;NIRRIG;D03M;manha;D03;NIRRIG;NIRRIG;0.5963018127180999;True;0.4757507320748766;-1.6420387446777132;0.08848992605443592;-0.6753284838001123;-1.5808390857120211
pls_da;por_genotipo;BR16;3;437;B4_BR16_IRRIG_REPROD00005.asd;B4;BR16;IRRIG;D03M;manha;D03;IRRIG;IRRIG;0.43320309094286774;True;0.3867841997775651;-1.382494861827732;0.06331416795503474;-0.7789547536203106;-1.4929148843104922
pls_da;por_genotipo;BR16;3;441;B4_BR16_NIRRIG_REPROD00001.asd;B4;BR16;NIRRIG;D03M;manha;D03;NIRRIG;NIRRIG;0.544918348931454;True;0.43932025085192516;-1.6643000620431458;-0.07631277763473647;-0.6144939201803281;-1.6393755902363472
pls_da;por_genotipo;BR16;3;442;B4_BR16_NIRRIG_REPROD00002.asd;B4;BR16;NIRRIG;D03M;manha;D03;NIRRIG;NIRRIG;0.5458545233496077;True;0.4398537888217631;-1.6638476219591989;-0.07663826673562078;-0.6108783679184722;-1.641178977925863
pls_da;por_genotipo;BR16;3;443;B4_BR16_NIRRIG_REPROD00003.asd;B4;BR16;NIRRIG;D03M;manha;D03;NIRRIG;NIRRIG;0.5510552809663468;True;0.4436963158234611;-1.671481547918719;-0.07759394589278563;-0.606682198626012;-1.6450060769542725
pls_da;por_genotipo;BR16;3;581;B1_BR16_IRRIG_REPROD00005.asd;B1;BR16;IRRIG;D03T;tarde;D03;IRRIG;IRRIG;0.4919073319473283;True;0.43166598723063626;-1.5756555344574532;-0.07932713640942432;-0.6981229065116749;-1.57538010316223
pls_da;por_genotipo;BR16;3;586;B1_BR16_NIRRIG_REPROD00002.asd;B1;BR16;NIRRIG;D03T;tarde;D03;NIRRIG;NIRRIG;0.5459664709932956;True;0.47238998415382977;-1.638606412419773;-0.07444856286718952;-0.6555969455442416;-1.6174852392561407
pls_da;por_genotipo;BR16;3;592;B2_BR16_IRRIG_REPROD00000.asd;B2;BR16;IRRIG;D03T;tarde;D03;IRRIG;IRRIG;0.4996184706468539;True;0.43460581550140304;-1.4868448114118005;0.056156500752390655;-0.7437291652718132;-1.5010823020159247
pls_da;por_genotipo;BR16;3;599;B2_BR16_IRRIG_REPROD00007.asd;B2;BR16;IRRIG;D03T;tarde;D03;IRRIG;NIRRIG;0.5338408235405812;False;0.45279525492280237;-1.5572854491347528;0.039799408445369444;-0.7145655636097388;-1.5224155930429877
pls_da;por_genotipo;BR16;3;603;B2_BR16_NIRRIG_REPROD00003.asd;B2;BR16;NIRRIG;D03T;tarde;D03;NIRRIG;IRRIG;0.4739259757054775;False;0.4044010871071796;-1.4772838669437254;0.07506341573518881;-0.7962156883880226;-1.4426492486610132
pls_da;por_genotipo;BR16;3;610;B3_BR16_IRRIG_REPROD00002.asd;B3;BR16;IRRIG;D03T;tarde;D03;IRRIG;IRRIG;0.496255345391971;True;0.4417594784546039;-1.4922636230323851;0.03429585903680831;-0.7540184743955228;-1.4847571672829283
pls_da;por_genotipo;BR16;3;612;B3_BR16_IRRIG_REPROD00004.asd;B3;BR16;IRRIG;D03T;tarde;D03;IRRIG;NIRRIG;0.5390602581545699;False;0.45390913325896465;-1.587941682023667;0.007020879231839189;-0.6885186100344629;-1.5615388952618092
pls_da;por_genotipo;BR16;3;614;B3_BR16_IRRIG_REPROD00006.asd;B3;BR16;IRRIG;D03T;tarde;D03;IRRIG;NIRRIG;0.5363142166611672;False;0.4424557405647255;-1.5819729041876105;0.025161008079020858;-0.6907771360654713;-1.5516644958381325
pls_da;por_genotipo;BR16;3;621;B3_BR16_NIRRIG_REPROD00005.asd;B3;BR16;NIRRIG;D03T;tarde;D03;NIRRIG;NIRRIG;0.6055486359713423;True;0.45425326091153995;-1.626906951549381;0.18658157123080743;-0.7023475204828822;-1.5212703851015072
pls_da;por_genotipo;BR16;3;629;B4_BR16_IRRIG_REPROD00005.asd;B4;BR16;IRRIG;D03T;tarde;D03;IRRIG;IRRIG;0.45302191883356796;True;0.4221117611682708;-1.4072836086397558;0.025038778270084133;-0.7580977144709262;-1.5185443012382476
pls_da;por_genotipo;BR16;3;633;B4_BR16_NIRRIG_REPROD00001.asd;B4;BR16;NIRRIG;D03T;tarde;D03;NIRRIG;NIRRIG;0.5494658779952587;True;0.4645535014714868;-1.6175553782404322;-0.021488019291863662;-0.671611606989336;-1.5680526797678105
pls_da;por_genotipo;BR16;3;634;B4_BR16_NIRRIG_REPROD00002.asd;B4;BR16;NIRRIG;D03T;tarde;D03;NIRRIG;NIRRIG;0.5555198819501084;True;0.47266936584974945;-1.6238479112254984;-0.02664827592576099;-0.6657470423612857;-1.577384168689424
pls_da;por_genotipo;BR16;3;635;B4_BR16_NIRRIG_REPROD00003.asd;B4;BR16;NIRRIG;D03T;tarde;D03;NIRRIG;NIRRIG;0.5565933874401312;True;0.47238007234514273;-1.6235095818084622;-0.023130666259768232;-0.6651080249641053;-1.575821218151425
pls_da;por_genotipo;BR16;3;773;B1_BR16_IRRIG_REPROD00005.asd;B1;BR16;IRRIG;D04M;manha;D04;IRRIG;IRRIG;0.4248592836674422;True;0.3821430712066808;-1.3711954750878996;0.0667101474280691;-0.7967121069913535;-1.4586360682104131
pls_da;por_genotipo;BR16;3;778;B1_BR16_NIRRIG_REPROD00002.asd;B1;BR16;NIRRIG;D04M;manha;D04;NIRRIG;IRRIG;0.4795253550173209;False;0.39396897602672043;-1.5145348142955595;0.060323698188762036;-0.7765496789726508;-1.4634533021252307
pls_da;por_genotipo;BR16;3;784;B2_BR16_IRRIG_REPROD00000.asd;B2;BR16;IRRIG;D04M;manha;D04;IRRIG;IRRIG;0.4900229434263052;True;0.37551548006923996;-1.5201122572087649;0.10511151036710366;-0.7591478404820808;-1.4589072759617479
pls_da;por_genotipo;BR16;3;791;B2_BR16_IRRIG_REPROD00007.asd;B2;BR16;IRRIG;D04M;manha;D04;IRRIG;IRRIG;0.44226070634870246;True;0.4169848937238939;-1.36794516007086;0.04783060743249812;-0.7724249339700103;-1.4930785729151697
pls_da;por_genotipo;BR16;3;795;B2_BR16_NIRRIG_REPROD00003.asd;B2;BR16;NIRRIG;D04M;manha;D04;NIRRIG;NIRRIG;0.5248165056376309;True;0.3986505641007093;-1.5394959111478808;0.13842636448815324;-0.7350564099266242;-1.4974784864961572
pls_da;por_genotipo;BR16;3;802;B3_BR16_IRRIG_REPROD00002.asd;B3;BR16;IRRIG;D04M;manha;D04;IRRIG;IRRIG;0.4905557914153168;True;0.400732483475848;-1.5617554595268313;0.008628716853919924;-0.7322568263931821;-1.5397574828749825
pls_da;por_genotipo;BR16;3;804;B3_BR16_IRRIG_REPROD00004.asd;B3;BR16;IRRIG;D04M;manha;D04;IRRIG;IRRIG;0.40755495305997935;True;0.4020362483349513;-1.3914836135201014;-0.030514516272953134;-0.8072712134506079;-1.4973036791105154
pls_da;por_genotipo;BR16;3;806;B3_BR16_IRRIG_REPROD00006.asd;B3;BR16;IRRIG;D04M;manha;D04;IRRIG;IRRIG;0.39061808106056356;True;0.3872696775800342;-1.360992172971314;-0.0293064330294802;-0.8082063817592361;-1.4919283476189145
pls_da;por_genotipo;BR16;3;813;B3_BR16_NIRRIG_REPROD00005.asd;B3;BR16;NIRRIG;D04M;manha;D04;NIRRIG;NIRRIG;0.5961567647935357;True;0.44148392070213033;-1.6529205326366418;0.13129672247959503;-0.667859245581993;-1.5799397182033206
pls_da;por_genotipo;BR16;3;821;B4_BR16_IRRIG_REPROD00005.asd;B4;BR16;IRRIG;D04M;manha;D04;IRRIG;IRRIG;0.4318171919743262;True;0.3914894947065703;-1.3887951279291262;0.025446757308787427;-0.7540927461395954;-1.5063732186463261
pls_da;por_genotipo;BR16;3;825;B4_BR16_NIRRIG_REPROD00001.asd;B4;BR16;NIRRIG;D04M;manha;D04;NIRRIG;NIRRIG;0.5174763621146874;True;0.41201018105291004;-1.5549333922084858;0.0825511516498349;-0.7385488232455535;-1.5220340487481778
pls_da;por_genotipo;BR16;3;826;B4_BR16_NIRRIG_REPROD00002.asd;B4;BR16;NIRRIG;D04M;manha;D04;NIRRIG;NIRRIG;0.5115340128910646;True;0.41118662160098624;-1.538095263076753;0.08278434323946339;-0.7395581877518579;-1.5207852167476876
pls_da;por_genotipo;BR16;3;827;B4_BR16_NIRRIG_REPROD00003.asd;B4;BR16;NIRRIG;D04M;manha;D04;NIRRIG;NIRRIG;0.5130324817890922;True;0.41093919143370494;-1.541887936341108;0.08328568683517512;-0.7385720995094024;-1.5204065765932682
pls_da;por_genotipo;BR16;3;965;B1_BR16_IRRIG_REPROD00005.asd;B1;BR16;IRRIG;D05M;manha;D05;IRRIG;IRRIG;0.39561473658258867;True;0.3779682456934013;-1.2637787025546021;0.11466744107038081;-0.8416563770035348;-1.3875078431124563
pls_da;por_genotipo;BR16;3;970;B1_BR16_NIRRIG_REPROD00002.asd;B1;BR16;NIRRIG;D05M;manha;D05;NIRRIG;NIRRIG;0.5369548069815583;True;0.42783222430787154;-1.5919509498619866;0.06549671762610179;-0.7235070384049165;-1.5128263456152726
pls_da;por_genotipo;BR16;3;976;B2_BR16_IRRIG_REPROD00000.asd;B2;BR16;IRRIG;D05M;manha;D05;IRRIG;IRRIG;0.4567617654971978;True;0.35979206027301935;-1.4852593422434928;0.05982594719850546;-0.7590657949671052;-1.4310383938595197
pls_da;por_genotipo;BR16;3;983;B2_BR16_IRRIG_REPROD00007.asd;B2;BR16;IRRIG;D05M;manha;D05;IRRIG;IRRIG;0.44819155362866925;True;0.3999194682300758;-1.4103883508244008;0.06388018407244232;-0.7863146972983569;-1.4741471902637455
pls_da;por_genotipo;BR16;3;987;B2_BR16_NIRRIG_REPROD00003.asd;B2;BR16;NIRRIG;D05M;manha;D05;NIRRIG;NIRRIG;0.6099034678467903;True;0.44743918963859913;-1.7345229165575118;0.03947159250266286;-0.6067695005021311;-1.6223867563238719
pls_da;por_genotipo;BR16;3;994;B3_BR16_IRRIG_REPROD00002.asd;B3;BR16;IRRIG;D05M;manha;D05;IRRIG;IRRIG;0.4774854032503553;True;0.35666098683156644;-1.5266562503833743;0.07299733875341305;-0.7329224816477323;-1.4755392000093823
pls_da;por_genotipo;BR16;3;996;B3_BR16_IRRIG_REPROD00004.asd;B3;BR16;IRRIG;D05M;manha;D05;IRRIG;IRRIG;0.3839183332892106;True;0.36502805990776677;-1.3093067176180533;0.05415760751564566;-0.8388146624740439;-1.4074035956135489
pls_da;por_genotipo;BR16;3;998;B3_BR16_IRRIG_REPROD00006.asd;B3;BR16;IRRIG;D05M;manha;D05;IRRIG;IRRIG;0.3742857601230364;True;0.36148134195423803;-1.2802015455188676;0.06278516645511605;-0.8475791548203946;-1.3928806957940376
pls_da;por_genotipo;BR16;3;1005;B3_BR16_NIRRIG_REPROD00005.asd;B3;BR16;NIRRIG;D05M;manha;D05;NIRRIG;NIRRIG;0.6174331538589164;True;0.4387756014323399;-1.649827434212284;0.1951071863208523;-0.6553233253671367;-1.553508756435432
pls_da;por_genotipo;BR16;3;1013;B4_BR16_IRRIG_REPROD00005.asd;B4;BR16;IRRIG;D05M;manha;D05;IRRIG;IRRIG;0.4227621130396622;True;0.3878734942866805;-1.3888880413108335;0.01984126012714519;-0.7794579281529649;-1.472582240764206
pls_da;por_genotipo;BR16;3;1017;B4_BR16_NIRRIG_REPROD00001.asd;B4;BR16;NIRRIG;D05M;manha;D05;NIRRIG;NIRRIG;0.6336643536904446;True;0.4460406340312799;-1.7148949924450396;0.15812814812503112;-0.6346326871196305;-1.5804135047832237
pls_da;por_genotipo;BR16;3;1018;B4_BR16_NIRRIG_REPROD00002.asd;B4;BR16;NIRRIG;D05M;manha;D05;NIRRIG;NIRRIG;0.632224496244727;True;0.4467499804602403;-1.7060015027347442;0.1580882972378864;-0.6310040989537868;-1.5825369816667192
pls_da;por_genotipo;BR16;3;1019;B4_BR16_NIRRIG_REPROD00003.asd;B4;BR16;NIRRIG;D05M;manha;D05;NIRRIG;NIRRIG;0.6369332942455971;True;0.4488815793533366;-1.7168608386926405;0.15584489982212976;-0.6260509745818655;-1.5868209461602323
pls_da;por_genotipo;BR16;3;1157;B1_BR16_IRRIG_REPROD00005.asd;B1;BR16;IRRIG;D06M;manha;D06;IRRIG;IRRIG;0.38575558445914426;True;0.3409673806938476;-1.348020105281963;0.05801904996748665;-0.8295487398132638;-1.4189727629127327
pls_da;por_genotipo;BR16;3;1162;B1_BR16_NIRRIG_REPROD00002.asd;B1;BR16;NIRRIG;D06M;manha;D06;NIRRIG;NIRRIG;0.5751863206773217;True;0.46677614135198475;-1.696703789564931;-0.06466685355483406;-0.6072665275034892;-1.6578940196308658
pls_da;por_genotipo;BR16;3;1168;B2_BR16_IRRIG_REPROD00000.asd;B2;BR16;IRRIG;D06M;manha;D06;IRRIG;IRRIG;0.374732284757793;True;0.38333828491530625;-1.2864343260903628;0.0035383411509715937;-0.8205453413076398;-1.4454309240802816
pls_da;por_genotipo;BR16;3;1175;B2_BR16_IRRIG_REPROD00007.asd;B2;BR16;IRRIG;D06M;manha;D06;IRRIG;IRRIG;0.33194243635747905;True;0.36564689968187486;-1.218930279813851;-0.010317289218256724;-0.8745769825733171;-1.3588249001877675
pls_da;por_genotipo;BR16;3;1179;B2_BR16_NIRRIG_REPROD00003.asd;B2;BR16;NIRRIG;D06M;manha;D06;NIRRIG;NIRRIG;0.512810984223614;True;0.4262612650773299;-1.5906839235003032;-0.008902442345399804;-0.7195039803534203;-1.515793735893998
pls_da;por_genotipo;BR16;3;1186;B3_BR16_IRRIG_REPROD00002.asd;B3;BR16;IRRIG;D06M;manha;D06;IRRIG;IRRIG;0.39522965479705113;True;0.3789111919918032;-1.3232119859431541;0.04692715406644676;-0.8322832613978582;-1.4013338470333165
pls_da;por_genotipo;BR16;3;1188;B3_BR16_IRRIG_REPROD00004.asd;B3;BR16;IRRIG;D06M;manha;D06;IRRIG;IRRIG;0.37158190973407573;True;0.3753528160743863;-1.3261519596909355;-0.02651625840526414;-0.8319620703953513;-1.413362341228797
pls_da;por_genotipo;BR16;3;1190;B3_BR16_IRRIG_REPROD00006.asd;B3;BR16;IRRIG;D06M;manha;D06;IRRIG;IRRIG;0.3689348400371556;True;0.3740698193025088;-1.3115013500072932;-0.013270184239520302;-0.8405329456306011;-1.3988377009464725
pls_da;por_genotipo;BR16;3;1197;B3_BR16_NIRRIG_REPROD00005.asd;B3;BR16;NIRRIG;D06M;manha;D06;NIRRIG;NIRRIG;0.6567775588537058;True;0.4686865300040976;-1.7553232615068364;0.11672682741476585;-0.5799183651597479;-1.622005436272337
pls_da;por_genotipo;BR16;3;1205;B4_BR16_IRRIG_REPROD00005.asd;B4;BR16;IRRIG;D06M;manha;D06;IRRIG;IRRIG;0.4157812301058234;True;0.36334977150263514;-1.3416221207370616;0.10629473913822612;-0.8115293642392531;-1.4088035886362915
pls_da;por_genotipo;BR16;3;1209;B4_BR16_NIRRIG_REPROD00001.asd;B4;BR16;NIRRIG;D06M;manha;D06;NIRRIG;NIRRIG;0.6297207752089151;True;0.474659036816412;-1.8040436701260005;-0.08019531073908942;-0.5107113006734549;-1.7133800446937435
pls_da;por_genotipo;BR16;3;1210;B4_BR16_NIRRIG_REPROD00002.asd;B4;BR16;NIRRIG;D06M;manha;D06;NIRRIG;NIRRIG;0.6338291506790328;True;0.475604539547318;-1.8108837484643971;-0.0777802774986615;-0.5070486418451282;-1.7142582779722222
pls_da;por_genotipo;BR16;3;1211;B4_BR16_NIRRIG_REPROD00003.asd;B4;BR16;NIRRIG;D06M;manha;D06;NIRRIG;NIRRIG;0.6352056874665737;True;0.47600371773307154;-1.8085588315257115;-0.07477928849890626;-0.5028345991605488;-1.7164974901865022
pls_da;por_genotipo;BR16;3;1345;B1_BR16_IRR_REP_RECUP00001.asd;B1;BR16;IRRIG;D09M;manha;D09;IRRIG;IRRIG;0.3931551849267838;True;0.4166563651478805;-1.3989952640892271;-0.12700003310545574;-0.785527789365904;-1.5090367808023102
pls_da;por_genotipo;BR16;3;1349;B1_BR16_IRR_REP_RECUP00005.asd;B1;BR16;IRRIG;D09M;manha;D09;IRRIG;IRRIG;0.46177616569200547;True;0.4141831346621082;-1.537045871266408;-0.06370078630856703;-0.7526525690197924;-1.5397479586831304
pls_da;por_genotipo;BR16;3;1359;B1_BR16_NIRR_REP_RECUP00007.asd;B1;BR16;NIRRIG;D09M;manha;D09;NIRRIG;NIRRIG;0.6552502806304311;True;0.48763650459480046;-1.7719071375049023;0.06124297313708228;-0.570976141410698;-1.6801781618023424
pls_da;por_genotipo;BR16;3;1369;B2_BR16_NIRR_REP_RECUP00001.asd;B2;BR16;NIRRIG;D09M;manha;D09;NIRRIG;IRRIG;0.49686970309116546;False;0.4242685166628362;-1.5943366269023262;-0.08561958311713086;-0.6768912732259924;-1.5857523607553332
pls_da;por_genotipo;BR16;3;1378;B3_BR16_IRR_REP_RECUP00002.asd;B3;BR16;IRRIG;D09M;manha;D09;IRRIG;IRRIG;0.36186761270607926;True;0.3338527522097022;-1.326517119717025;0.01715782173691741;-0.8414612024114804;-1.3775046466463343
pls_da;por_genotipo;BR16;3;1386;B3_BR16_NIRR_REP_RECUP00002.asd;B3;BR16;NIRRIG;D09M;manha;D09;NIRRIG;IRRIG;0.4837367612892678;False;0.41737757457711555;-1.5932426435896907;-0.07959123782873162;-0.7271905557469049;-1.5199698944543505
pls_da;por_genotipo;BR16;3;1389;B3_BR16_NIRR_REP_RECUP00005.asd;B3;BR16;NIRRIG;D09M;manha;D09;NIRRIG;IRRIG;0.4931798848490858;False;0.3812077440458397;-1.5585894820133919;0.0664494690715289;-0.7571462159707879;-1.4688532082201649
pls_da;por_genotipo;BR16;3;1390;B3_BR16_NIRR_REP_RECUP00006.asd;B3;BR16;NIRRIG;D09M;manha;D09;NIRRIG;NIRRIG;0.5019392668838901;True;0.3842176641809779;-1.5756743405277187;0.06982203980029797;-0.754886434996536;-1.4698132658313967
pls_da;por_genotipo;BR16;3;1397;B4_BR16_IRR_REP_RECUP00005.asd;B4;BR16;IRRIG;D09M;manha;D09;IRRIG;IRRIG;0.4300136925129325;True;0.3590962257907032;-1.3986764327464163;0.10730681349882015;-0.8144363758318817;-1.4259653145612274
pls_da;por_genotipo;BR16;3;1399;B4_BR16_IRR_REP_RECUP00007.asd;B4;BR16;IRRIG;D09M;manha;D09;IRRIG;IRRIG;0.4209416620492203;True;0.3608958744325198;-1.3679448628320603;0.10680915567637178;-0.816605494971789;-1.4212157924131552
pls_da;por_genotipo;BR16;3;1401;B4_BR16_NIRR_REP_RECUP00001.asd;B4;BR16;NIRRIG;D09M;manha;D09;NIRRIG;NIRRIG;0.5154036506820745;True;0.42829083884585145;-1.596759747019413;-0.014533624536689202;-0.7122797253517241;-1.531177587880626
pls_da;por_genotipo;BR16;3;1405;B4_BR16_NIRR_REP_RECUP00005.asd;B4;BR16;NIRRIG;D09M;manha;D09;NIRRIG;NIRRIG;0.5399624702396072;True;0.4272515481949381;-1.6525970161893502;-0.0031421913888657104;-0.6964613369344584;-1.5396642410405093
pls_da;por_genotipo;BR16;3;1541;B1_BR16_IRR_REP_RECUP00001.asd;B1;BR16;IRRIG;D09T;tarde;D09;IRRIG;IRRIG;0.41580544840349015;True;0.3742471443243658;-1.4756041495317265;-0.06886324531729217;-0.7737878790955593;-1.4720767651987938
pls_da;por_genotipo;BR16;3;1545;B1_BR16_IRR_REP_RECUP00005.asd;B1;BR16;IRRIG;D09T;tarde;D09;IRRIG;IRRIG;0.4887392697884947;True;0.42722028218045643;-1.5490332844176846;-0.02378918678329987;-0.7439371517202701;-1.5199059306858982
pls_da;por_genotipo;BR16;3;1555;B1_BR16_NIRR_REP_RECUP00007.asd;B1;BR16;NIRRIG;D09T;tarde;D09;NIRRIG;NIRRIG;0.5739020254009934;True;0.4464501800112551;-1.6106064716622204;0.11480312918107984;-0.6997621455550342;-1.5421601806946446
pls_da;por_genotipo;BR16;3;1569;B2_BR16_NIRR_REP_RECUP00013.asd;B2;BR16;NIRRIG;D09T;tarde;D09;NIRRIG;IRRIG;0.48338803690577825;False;0.43780756061100584;-1.5316088122936755;-0.019455435555095636;-0.7778817800839462;-1.4726123449013795
pls_da;por_genotipo;BR16;3;1570;B2_BR16_NIRR_REP_RECUP00014.asd;B2;BR16;NIRRIG;D09T;tarde;D09;NIRRIG;IRRIG;0.48311538097370943;False;0.43744878483792854;-1.5326488552730717;-0.02094011910446633;-0.7771342325977653;-1.4758091517978227
pls_da;por_genotipo;BR16;3;1574;B3_BR16_IRR_REP_RECUP00002.asd;B3;BR16;IRRIG;D09T;tarde;D09;IRRIG;IRRIG;0.40209906864622236;True;0.3670502010139317;-1.4009584640507393;-0.002437897965185325;-0.809948577725034;-1.424131866299571
pls_da;por_genotipo;BR16;3;1582;B3_BR16_NIRR_REP_RECUP00002.asd;B3;BR16;NIRRIG;D09T;tarde;D09;NIRRIG;IRRIG;0.45524505032274304;False;0.41021106606064917;-1.4959811027813972;-0.02199162897647309;-0.7816974764777149;-1.4609683973692638
pls_da;por_genotipo;BR16;3;1585;B3_BR16_NIRR_REP_RECUP00005.asd;B3;BR16;NIRRIG;D09T;tarde;D09;NIRRIG;IRRIG;0.46439789247402696;False;0.39143880015451044;-1.51400667541877;0.029134043074026537;-0.7954406511480397;-1.425777258806227
pls_da;por_genotipo;BR16;3;1586;B3_BR16_NIRR_REP_RECUP00006.asd;B3;BR16;NIRRIG;D09T;tarde;D09;NIRRIG;IRRIG;0.4678222147271981;False;0.3969633996554228;-1.5045389387786605;0.0372821959616455;-0.7926163155147571;-1.426877568550522
pls_da;por_genotipo;BR16;3;1593;B4_BR16_IRR_REP_RECUP00005.asd;B4;BR16;IRRIG;D09T;tarde;D09;IRRIG;IRRIG;0.4740175106709422;True;0.4315990443880392;-1.446740740972288;0.046900878298968225;-0.7788198161958136;-1.4731788265152435
pls_da;por_genotipo;BR16;3;1595;B4_BR16_IRR_REP_RECUP00007.asd;B4;BR16;IRRIG;D09T;tarde;D09;IRRIG;IRRIG;0.4561251982241445;True;0.42530087475025746;-1.3996190226106229;0.05418196382926625;-0.7875510805535075;-1.4603190383242353
pls_da;por_genotipo;BR16;3;1597;B4_BR16_NIRR_REP_RECUP00001.asd;B4;BR16;NIRRIG;D09T;tarde;D09;NIRRIG;NIRRIG;0.5090250169433169;True;0.404711059494764;-1.5114163603774229;0.11788635863337782;-0.7518854628758512;-1.4785635264279617
pls_da;por_genotipo;BR16;3;1601;B4_BR16_NIRR_REP_RECUP00005.asd;B4;BR16;NIRRIG;D09T;tarde;D09;NIRRIG;IRRIG;0.4903714122677604;False;0.40374216934263196;-1.4970569681378323;0.10565684174154301;-0.7952419381555674;-1.4295739030134642
pls_da;por_genotipo;BR16;3;1733;B1_BR16_IRR_REP_RECUP00001.asd;B1;BR16;IRRIG;D10M;manha;D10;IRRIG;IRRIG;0.4072841095324987;True;0.3452590894782406;-1.447149004988794;0.004197624447150506;-0.8040473606566253;-1.4411553389499927
pls_da;por_genotipo;BR16;3;1737;B1_BR16_IRR_REP_RECUP00005.asd;B1;BR16;IRRIG;D10M;manha;D10;IRRIG;IRRIG;0.45271117071018885;True;0.4034335327948634;-1.5312261928153639;-0.06723444702816375;-0.7555825727953999;-1.5215822604641343
pls_da;por_genotipo;BR16;3;1747;B1_BR16_NIRR_REP_RECUP00007.asd;B1;BR16;NIRRIG;D10M;manha;D10;NIRRIG;IRRIG;0.4587203816479433;False;0.4140492427479974;-1.5258530330813649;-0.06560606616562037;-0.7494749599155146;-1.5314681502528098
pls_da;por_genotipo;BR16;3;1789;B2_BR16_NIRR_REP_RECUP00001.asd;B2;BR16;NIRRIG;D10M;manha;D10;NIRRIG;IRRIG;0.4380173202453938;False;0.35410919434788035;-1.42080354103867;0.1288661110634401;-0.8367605023441962;-1.34857448846821
pls_da;por_genotipo;BR16;3;1830;B3_BR16_IRR_REP_RECUP00002.asd;B3;BR16;IRRIG;D10M;manha;D10;IRRIG;IRRIG;0.3953793965725149;True;0.4110907592228905;-1.3123102511491107;-0.01835597888617881;-0.8038851104848752;-1.4314468060957386
pls_da;por_genotipo;BR16;3;1838;B3_BR16_NIRR_REP_RECUP00002.asd;B3;BR16;NIRRIG;D10M;manha;D10;NIRRIG;IRRIG;0.40619243507599306;False;0.39382240004398356;-1.3374881113779906;0.04188484316871052;-0.8306352946246248;-1.4105279896690248
pls_da;por_genotipo;BR16;3;1841;B3_BR16_NIRR_REP_RECUP00005.asd;B3;BR16;NIRRIG;D10M;manha;D10;NIRRIG;IRRIG;0.4496831947863785;False;0.3958432854114582;-1.5054137286903968;-0.02378230240509009;-0.7779503426324424;-1.4847796482028655
pls_da;por_genotipo;BR16;3;1842;B3_BR16_NIRR_REP_RECUP00006.asd;B3;BR16;NIRRIG;D10M;manha;D10;NIRRIG;IRRIG;0.4502395453903193;False;0.3968845664518544;-1.5070200009994326;-0.02692525873414951;-0.775662329341829;-1.488286706669212
pls_da;por_genotipo;BR16;3;1881;B4_BR16_IRR_REP_RECUP00005.asd;B4;BR16;IRRIG;D10M;manha;D10;IRRIG;IRRIG;0.4993108079876481;True;0.43517544683534665;-1.4432421691736892;0.11850994938953754;-0.7730783877174243;-1.4755602863673736
pls_da;por_genotipo;BR16;3;1883;B4_BR16_IRR_REP_RECUP00007.asd;B4;BR16;IRRIG;D10M;manha;D10;IRRIG;IRRIG;0.48900026656929946;True;0.42808961529998263;-1.4132579248241346;0.13390447320756477;-0.7826274322767435;-1.4549337761272287
pls_da;por_genotipo;BR16;3;1885;B4_BR16_NIRR_REP_RECUP00001.asd;B4;BR16;NIRRIG;D10M;manha;D10;NIRRIG;IRRIG;0.4699719771249698;False;0.3879677777208934;-1.4909301662642893;0.08154435730027704;-0.8034334349366175;-1.4210846305930736
pls_da;por_genotipo;BR16;3;1889;B4_BR16_NIRR_REP_RECUP00005.asd;B4;BR16;NIRRIG;D10M;manha;D10;NIRRIG;IRRIG;0.49470699094639015;False;0.416786208097384;-1.5268733214224859;0.055402285819520676;-0.7746385316730334;-1.4773407947550212
pls_da;por_genotipo;BR16;4;1;B1_BR16_IRRIG_REPROD00001.asd;B1;BR16;IRRIG;D02M;manha;D02;IRRIG;IRRIG;0.4624122381981768;True;0.37666984133825004;-1.4987781909309557;0.03797283783464223;-0.7769435020233947;-1.477722116405934
pls_da;por_genotipo;BR16;4;9;B1_BR16_NIRRIG_REPROD00001.asd;B1;BR16;NIRRIG;D02M;manha;D02;NIRRIG;IRRIG;0.4433985741689792;False;0.41892374094330803;-1.4921213080772944;-0.08103223315078831;-0.7580463179795738;-1.52090045332851
pls_da;por_genotipo;BR16;4;15;B1_BR16_NIRRIG_REPROD00007.asd;B1;BR16;NIRRIG;D02M;manha;D02;NIRRIG;IRRIG;0.465806557277286;False;0.4183359281424116;-1.5378595904097467;-0.07695313263831571;-0.7274550832316167;-1.5475298559471875
pls_da;por_genotipo;BR16;4;18;B2_BR16_IRRIG_REPROD00002.asd;B2;BR16;IRRIG;D02M;manha;D02;IRRIG;IRRIG;0.4441274911154799;True;0.3981370074616868;-1.5072836567983956;-0.06370260163214116;-0.7568007907725369;-1.5148031468129066
pls_da;por_genotipo;BR16;4;32;B3_BR16_IRRIG_REPROD00000.asd;B3;BR16;IRRIG;D02M;manha;D02;IRRIG;IRRIG;0.4681980583626455;True;0.40510960839234017;-1.5030572895732541;0.00310698680358451;-0.7604321604830454;-1.5325358770709923
pls_da;por_genotipo;BR16;4;40;B3_BR16_NIRRIG_REPROD00000.asd;B3;BR16;NIRRIG;D02M;manha;D02;NIRRIG;NIRRIG;0.5494927965428851;True;0.4416725770811427;-1.5767005068798143;0.08574133857798409;-0.7221850885794169;-1.55208280320505
pls_da;por_genotipo;BR16;4;44;B3_BR16_NIRRIG_REPROD00004.asd;B3;BR16;NIRRIG;D02M;manha;D02;NIRRIG;NIRRIG;0.5832055120020031;True;0.4415553188240869;-1.6312002790898386;0.11426606041663943;-0.6952615070707525;-1.5601239412751235
pls_da;por_genotipo;BR16;4;46;B3_BR16_NIRRIG_REPROD00006.asd;B3;BR16;NIRRIG;D02M;manha;D02;NIRRIG;NIRRIG;0.5899730772728248;True;0.44651994513158727;-1.6438213328355586;0.10879476519820863;-0.6847612431998782;-1.570684150501551
pls_da;por_genotipo;BR16;4;48;B4_BR16_IRRIG_REPROD00000.asd;B4;BR16;IRRIG;D02M;manha;D02;IRRIG;NIRRIG;0.5014164245733544;False;0.4425662228383319;-1.5839368762118036;-0.06790187263609711;-0.6969174385026474;-1.6207982336636182
pls_da;por_genotipo;BR16;4;49;B4_BR16_IRRIG_REPROD00001.asd;B4;BR16;IRRIG;D02M;manha;D02;IRRIG;NIRRIG;0.5024746711922456;False;0.4404609934457299;-1.5849795622647218;-0.06363959140450594;-0.6958290382386183;-1.6192957347162509
pls_da;por_genotipo;BR16;4;52;B4_BR16_IRRIG_REPROD00004.asd;B4;BR16;IRRIG;D02M;manha;D02;IRRIG;IRRIG;0.47034811009609245;True;0.4160933303404668;-1.5410092172377867;-0.06103247039205152;-0.7279032379821814;-1.5672161458188714
pls_da;por_genotipo;BR16;4;60;B4_BR16_NIRRIG_REPROD00004.asd;B4;BR16;NIRRIG;D02M;manha;D02;NIRRIG;NIRRIG;0.5746550488233649;True;0.5020321169281592;-1.6961173632542637;-0.10845794190012131;-0.6119771742576454;-1.6480373651919678
pls_da;por_genotipo;BR16;4;62;B4_BR16_NIRRIG_REPROD00006.asd;B4;BR16;NIRRIG;D02M;manha;D02;NIRRIG;NIRRIG;0.5850980037757262;True;0.5065503833340731;-1.7111688705369918;-0.10497592678594778;-0.6022469355041923;-1.6542550652760784
pls_da;por_genotipo;BR16;4;193;B1_BR16_IRRIG_REPROD00001.asd;B1;BR16;IRRIG;D02T;tarde;D02;IRRIG;IRRIG;0.46230909567924106;True;0.4153519574739528;-1.5331918162874156;-0.07490242304534375;-0.7288269637545073;-1.5658500301319964
pls_da;por_genotipo;BR16;4;201;B1_BR16_NIRRIG_REPROD00001.asd;B1;BR16;NIRRIG;D02T;tarde;D02;NIRRIG;NIRRIG;0.5069490104039608;True;0.44115251272297873;-1.6019326023598013;-0.08859235886400715;-0.6701270540146448;-1.5916353565835166
pls_da;por_genotipo;BR16;4;207;B1_BR16_NIRRIG_REPROD00007.asd;B1;BR16;NIRRIG;D02T;tarde;D02;NIRRIG;NIRRIG;0.5081717390853321;True;0.45965203497628404;-1.6466975904904486;-0.15547886305691758;-0.6672199496675875;-1.608338638918982
pls_da;por_genotipo;BR16;4;210;B2_BR16_IRRIG_REPROD00002.asd;B2;BR16;IRRIG;D02T;tarde;D02;IRRIG;NIRRIG;0.5001912891540231;False;0.4339068478760568;-1.538987931451417;-0.020244020080543868;-0.7031294006279845;-1.5464396245514602
pls_da;por_genotipo;BR16;4;224;B3_BR16_IRRIG_REPROD00000.asd;B3;BR16;IRRIG;D02T;tarde;D02;IRRIG;IRRIG;0.49691398077930965;True;0.37698851387792676;-1.513021401327174;0.08772209640830442;-0.7212587940103923;-1.5036141678011679
pls_da;por_genotipo;BR16;4;232;B3_BR16_NIRRIG_REPROD00000.asd;B3;BR16;NIRRIG;D02T;tarde;D02;NIRRIG;NIRRIG;0.6018724802123412;True;0.4352226929273632;-1.655325612860197;0.11787655954302986;-0.6349555708819983;-1.5821461775715724
pls_da;por_genotipo;BR16;4;236;B3_BR16_NIRRIG_REPROD00004.asd;B3;BR16;NIRRIG;D02T;tarde;D02;NIRRIG;NIRRIG;0.6465722244230192;True;0.44303402997950797;-1.7582462236005572;0.10460283292833705;-0.5653775874246159;-1.6482810756673314
pls_da;por_genotipo;BR16;4;238;B3_BR16_NIRRIG_REPROD00006.asd;B3;BR16;NIRRIG;D02T;tarde;D02;NIRRIG;NIRRIG;0.6489012981230307;True;0.43705512942118446;-1.7589180894556946;0.11916269515706975;-0.5658454913194372;-1.6371062715861304
pls_da;por_genotipo;BR16;4;240;B4_BR16_IRRIG_REPROD00000.asd;B4;BR16;IRRIG;D02T;tarde;D02;IRRIG;NIRRIG;0.6079400843039576;False;0.4237470505343099;-1.579491287177135;0.2613633687704851;-0.703085181345297;-1.5023968927019802
pls_da;por_genotipo;BR16;4;241;B4_BR16_IRRIG_REPROD00001.asd;B4;BR16;IRRIG;D02T;tarde;D02;IRRIG;NIRRIG;0.612653757079653;False;0.42562250833391274;-1.5837549996760076;0.2674248553951875;-0.7014686504494783;-1.5022257817897124
pls_da;por_genotipo;BR16;4;244;B4_BR16_IRRIG_REPROD00004.asd;B4;BR16;IRRIG;D02T;tarde;D02;IRRIG;NIRRIG;0.5346696739267397;False;0.3978875482111336;-1.5489110585040928;0.10971585895285955;-0.6923378487637415;-1.501534718970411
pls_da;por_genotipo;BR16;4;252;B4_BR16_NIRRIG_REPROD00004.asd;B4;BR16;NIRRIG;D02T;tarde;D02;NIRRIG;NIRRIG;0.5271867056121791;True;0.4462993062408729;-1.6508900965282118;-0.1041224426877678;-0.6374405157445059;-1.6189476600932122
pls_da;por_genotipo;BR16;4;254;B4_BR16_NIRRIG_REPROD00006.asd;B4;BR16;NIRRIG;D02T;tarde;D02;NIRRIG;NIRRIG;0.5313325252282313;True;0.4447286796270408;-1.656094845345151;-0.09721003629923887;-0.6343177812045152;-1.617330945420343
pls_da;por_genotipo;BR16;4;385;B1_BR16_IRRIG_REPROD00001.asd;B1;BR16;IRRIG;D03M;manha;D03;IRRIG;IRRIG;0.43490964230929796;True;0.387619814313714;-1.5030304698442065;-0.05460053706734591;-0.7807816604388422;-1.5125072541536282
pls_da;por_genotipo;BR16;4;393;B1_BR16_NIRRIG_REPROD00001.asd;B1;BR16;NIRRIG;D03M;manha;D03;NIRRIG;NIRRIG;0.5729034877935387;True;0.4934642562442189;-1.7788866387997866;-0.213317366432176;-0.546656724946302;-1.7306149397882273
pls_da;por_genotipo;BR16;4;399;B1_BR16_NIRRIG_REPROD00007.asd;B1;BR16;NIRRIG;D03M;manha;D03;NIRRIG;NIRRIG;0.6035214313370231;True;0.46451515730557996;-1.7907844673711248;-0.07821747670032232;-0.5797281328943109;-1.6569113538862958
pls_da;por_genotipo;BR16;4;402;B2_BR16_IRRIG_REPROD00002.asd;B2;BR16;IRRIG;D03M;manha;D03;IRRIG;NIRRIG;0.5195534470419608;False;0.43868528953151525;-1.5749803559807602;-0.011143450243759663;-0.6858089109583688;-1.6074782427164385
pls_da;por_genotipo;BR16;4;416;B3_BR16_IRRIG_REPROD00000.asd;B3;BR16;IRRIG;D03M;manha;D03;IRRIG;IRRIG;0.4405736045149854;True;0.42831782875551;-1.451212859335122;-0.042132640499301814;-0.7946314592543963;-1.501763580720105
pls_da;por_genotipo;BR16;4;424;B3_BR16_NIRRIG_REPROD00000.asd;B3;BR16;NIRRIG;D03M;manha;D03;NIRRIG;NIRRIG;0.6027698600284832;True;0.48019442801848156;-1.674865644362327;0.04220213873306087;-0.6393345233376904;-1.623416946905326
pls_da;por_genotipo;BR16;4;428;B3_BR16_NIRRIG_REPROD00004.asd;B3;BR16;NIRRIG;D03M;manha;D03;NIRRIG;NIRRIG;0.596937771692238;True;0.4723136528704697;-1.641042820424977;0.09070758612820282;-0.6802737269123665;-1.575460540799237
pls_da;por_genotipo;BR16;4;430;B3_BR16_NIRRIG_REPROD00006.asd;B3;BR16;NIRRIG;D03M;manha;D03;NIRRIG;NIRRIG;0.5997883016570067;True;0.4757888996271384;-1.6407480476620637;0.09039533316878755;-0.6734810935472977;-1.5819428442551786
pls_da;por_genotipo;BR16;4;432;B4_BR16_IRRIG_REPROD00000.asd;B4;BR16;IRRIG;D03M;manha;D03;IRRIG;IRRIG;0.41479925949853763;True;0.385479283772892;-1.4125582618303547;-0.03245150454974998;-0.7687567978457378;-1.5055401659649745
pls_da;por_genotipo;BR16;4;433;B4_BR16_IRRIG_REPROD00001.asd;B4;BR16;IRRIG;D03M;manha;D03;IRRIG;IRRIG;0.41543530363171194;True;0.38306981941027596;-1.4116615067654803;-0.025659792553033783;-0.7702612314004971;-1.5009646332222983
pls_da;por_genotipo;BR16;4;436;B4_BR16_IRRIG_REPROD00004.asd;B4;BR16;IRRIG;D03M;manha;D03;IRRIG;IRRIG;0.43560558261410054;True;0.38783581291342173;-1.3835789796630529;0.055585322446309766;-0.7756270011318676;-1.4979693907655922
pls_da;por_genotipo;BR16;4;444;B4_BR16_NIRRIG_REPROD00004.asd;B4;BR16;NIRRIG;D03M;manha;D03;NIRRIG;NIRRIG;0.5746771424680563;True;0.4266544540750098;-1.62847685731193;0.09725216572494634;-0.6719393465604501;-1.5464760506274233
pls_da;por_genotipo;BR16;4;446;B4_BR16_NIRRIG_REPROD00006.asd;B4;BR16;NIRRIG;D03M;manha;D03;NIRRIG;NIRRIG;0.5835079957410958;True;0.4298974054295058;-1.640594629771871;0.10107077969444685;-0.6627218863881972;-1.552581532782668
pls_da;por_genotipo;BR16;4;577;B1_BR16_IRRIG_REPROD00001.asd;B1;BR16;IRRIG;D03T;tarde;D03;IRRIG;IRRIG;0.4458909017383684;True;0.3818071309788977;-1.456840536725961;0.03577795138884919;-0.8051724785142548;-1.426597460304121
pls_da;por_genotipo;BR16;4;585;B1_BR16_NIRRIG_REPROD00001.asd;B1;BR16;NIRRIG;D03T;tarde;D03;NIRRIG;NIRRIG;0.5336501639070641;True;0.4582966506451959;-1.620678511969808;-0.058598597686915097;-0.665183748682049;-1.600938739038391
pls_da;por_genotipo;BR16;4;591;B1_BR16_NIRRIG_REPROD00007.asd;B1;BR16;NIRRIG;D03T;tarde;D03;NIRRIG;NIRRIG;0.5689682047604522;True;0.4489142399138014;-1.6203368254545825;0.06814540036620155;-0.6928850936303859;-1.5388112705187245
pls_da;por_genotipo;BR16;4;594;B2_BR16_IRRIG_REPROD00002.asd;B2;BR16;IRRIG;D03T;tarde;D03;IRRIG;IRRIG;0.4983752193288391;True;0.433849388020622;-1.4772293241717482;0.05701098484250318;-0.7467557319700981;-1.4989532837778718
pls_da;por_genotipo;BR16;4;608;B3_BR16_IRRIG_REPROD00000.asd;B3;BR16;IRRIG;D03T;tarde;D03;IRRIG;NIRRIG;0.5054902180833103;False;0.45760317425060604;-1.506095397586369;0.015277162814217038;-0.7486535669876272;-1.4988522120633638
pls_da;por_genotipo;BR16;4;616;B3_BR16_NIRRIG_REPROD00000.asd;B3;BR16;NIRRIG;D03T;tarde;D03;NIRRIG;NIRRIG;0.6210201878129791;True;0.46519822536009503;-1.6432595167575272;0.1612375516725326;-0.6692569008272969;-1.555804560679226
pls_da;por_genotipo;BR16;4;620;B3_BR16_NIRRIG_REPROD00004.asd;B3;BR16;NIRRIG;D03T;tarde;D03;NIRRIG;NIRRIG;0.6086220146810111;True;0.453075027987646;-1.6168318837041085;0.18717020606654214;-0.7053071505741637;-1.5182666367059325
pls_da;por_genotipo;BR16;4;622;B3_BR16_NIRRIG_REPROD00006.asd;B3;BR16;NIRRIG;D03T;tarde;D03;NIRRIG;NIRRIG;0.6128169989483994;True;0.457928439533119;-1.6219629883927318;0.18423839542061515;-0.6992715894150255;-1.5248432124084457
pls_da;por_genotipo;BR16;4;624;B4_BR16_IRRIG_REPROD00000.asd;B4;BR16;IRRIG;D03T;tarde;D03;IRRIG;IRRIG;0.42527125303129615;True;0.39631532676253595;-1.4316351142195174;-0.036580748958842134;-0.7690676969498863;-1.5025494595786246
pls_da;por_genotipo;BR16;4;625;B4_BR16_IRRIG_REPROD00001.asd;B4;BR16;IRRIG;D03T;tarde;D03;IRRIG;IRRIG;0.42228182259558134;True;0.39095781834764476;-1.4198877938968335;-0.02342449138986309;-0.7752007445230622;-1.4898869229468454
pls_da;por_genotipo;BR16;4;628;B4_BR16_IRRIG_REPROD00004.asd;B4;BR16;IRRIG;D03T;tarde;D03;IRRIG;IRRIG;0.463194725995218;True;0.4292087201836967;-1.4352606538741766;0.011448363189581392;-0.7522787468576732;-1.53011850581525
pls_da;por_genotipo;BR16;4;636;B4_BR16_NIRRIG_REPROD00004.asd;B4;BR16;NIRRIG;D03T;tarde;D03;NIRRIG;NIRRIG;0.5838635009767965;True;0.4541569226432784;-1.5812654306883627;0.1557962630756098;-0.72377361992087;-1.4922244950894015
pls_da;por_genotipo;BR16;4;638;B4_BR16_NIRRIG_REPROD00006.asd;B4;BR16;NIRRIG;D03T;tarde;D03;NIRRIG;NIRRIG;0.5781214588630974;True;0.437718062126324;-1.5675136235068696;0.18199300162349713;-0.7362013341454559;-1.4653373912478322
pls_da;por_genotipo;BR16;4;769;B1_BR16_IRRIG_REPROD00001.asd;B1;BR16;IRRIG;D04M;manha;D04;IRRIG;IRRIG;0.4361996728415885;True;0.4142174365287511;-1.4496558059733673;-0.07410608105241485;-0.7198914834141981;-1.5686030956708488
pls_da;por_genotipo;BR16;4;777;B1_BR16_NIRRIG_REPROD00001.asd;B1;BR16;NIRRIG;D04M;manha;D04;NIRRIG;IRRIG;0.48596059042143713;False;0.39409855493723606;-1.514666952345839;0.061857618068859706;-0.7771111551927411;-1.462253600120712
pls_da;por_genotipo;BR16;4;783;B1_BR16_NIRRIG_REPROD00007.asd;B1;BR16;NIRRIG;D04M;manha;D04;NIRRIG;NIRRIG;0.5135967972798648;True;0.40187624634282465;-1.52593520361327;0.09676101465249458;-0.741742228481967;-1.4845627811025044
pls_da;por_genotipo;BR16;4;786;B2_BR16_IRRIG_REPROD00002.asd;B2;BR16;IRRIG;D04M;manha;D04;IRRIG;IRRIG;0.49536512879319866;True;0.3742540868210524;-1.5174553415434502;0.10232598773173933;-0.7572604341980288;-1.461692787325275
pls_da;por_genotipo;BR16;4;800;B3_BR16_IRRIG_REPROD00000.asd;B3;BR16;IRRIG;D04M;manha;D04;IRRIG;IRRIG;0.49017289268131375;True;0.4005057051878831;-1.550758715288108;0.00835134573115931;-0.7314367150123909;-1.5387465644672695
pls_da;por_genotipo;BR16;4;808;B3_BR16_NIRRIG_REPROD00000.asd;B3;BR16;NIRRIG;D04M;manha;D04;NIRRIG;NIRRIG;0.543503502816306;True;0.4059681291792897;-1.5494997315405368;0.15538888100854023;-0.743680488385056;-1.4919531050029646
pls_da;por_genotipo;BR16;4;812;B3_BR16_NIRRIG_REPROD00004.asd;B3;BR16;NIRRIG;D04M;manha;D04;NIRRIG;NIRRIG;0.5955513430951039;True;0.4377445910951106;-1.6433815050075926;0.13011374105876927;-0.6706546664904706;-1.577305468098327
pls_da;por_genotipo;BR16;4;814;B3_BR16_NIRRIG_REPROD00006.asd;B3;BR16;NIRRIG;D04M;manha;D04;NIRRIG;NIRRIG;0.5963771631806555;True;0.4375135330707191;-1.6373107556618318;0.1361149581011326;-0.6669497724259472;-1.576671846916049
pls_da;por_genotipo;BR16;4;816;B4_BR16_IRRIG_REPROD00000.asd;B4;BR16;IRRIG;D04M;manha;D04;IRRIG;IRRIG;0.44336630280888534;True;0.4081644916710655;-1.3585402466378689;0.06453189371283116;-0.7633551035408179;-1.5110076996144208
pls_da;por_genotipo;BR16;4;817;B4_BR16_IRRIG_REPROD00001.asd;B4;BR16;IRRIG;D04M;manha;D04;IRRIG;IRRIG;0.43797506102280753;True;0.40851174805253926;-1.3358164952615854;0.07475757972512298;-0.7729286268790658;-1.4959255291489142
pls_da;por_genotipo;BR16;4;820;B4_BR16_IRRIG_REPROD00004.asd;B4;BR16;IRRIG;D04M;manha;D04;IRRIG;IRRIG;0.44345270920489666;True;0.3976554437767261;-1.4182712544043168;0.014255198731144964;-0.7475914730782806;-1.5200491579554065
pls_da;por_genotipo;BR16;4;828;B4_BR16_NIRRIG_REPROD00004.asd;B4;BR16;NIRRIG;D04M;manha;D04;NIRRIG;NIRRIG;0.5575308764771822;True;0.3956761204294877;-1.566633405846792;0.18254776947901488;-0.7259072469673805;-1.4897192758849
pls_da;por_genotipo;BR16;4;830;B4_BR16_NIRRIG_REPROD00006.asd;B4;BR16;NIRRIG;D04M;manha;D04;NIRRIG;NIRRIG;0.557530222055728;True;0.3925451055427739;-1.5701375902957975;0.18441103482732818;-0.7270293569805382;-1.4875813969212675
pls_da;por_genotipo;BR16;4;961;B1_BR16_IRRIG_REPROD00001.asd;B1;BR16;IRRIG;D05M;manha;D05;IRRIG;IRRIG;0.31874315759288707;True;0.3804600062086343;-1.068139607073227;0.059007450981643284;-0.8736809980694805;-1.338470210294901
pls_da;por_genotipo;BR16;4;969;B1_BR16_NIRRIG_REPROD00001.asd;B1;BR16;NIRRIG;D05M;manha;D05;NIRRIG;NIRRIG;0.537933748033324;True;0.42428777071880935;-1.5849422547025334;0.0696946396537532;-0.7281552355141475;-1.5072668750464167
pls_da;por_genotipo;BR16;4;975;B1_BR16_NIRRIG_REPROD00007.asd;B1;BR16;NIRRIG;D05M;manha;D05;NIRRIG;NIRRIG;0.5265980462263089;True;0.4372672220754028;-1.5681220209970055;0.03291919713283673;-0.7237175494719174;-1.5235594888697743
pls_da;por_genotipo;BR16;4;978;B2_BR16_IRRIG_REPROD00002.asd;B2;BR16;IRRIG;D05M;manha;D05;IRRIG;IRRIG;0.4570239669465414;True;0.3532832358263493;-1.476855882798582;0.06426062690543093;-0.7652102900748233;-1.4228979313273753
pls_da;por_genotipo;BR16;4;992;B3_BR16_IRRIG_REPROD00000.asd;B3;BR16;IRRIG;D05M;manha;D05;IRRIG;IRRIG;0.48977971845205326;True;0.36901166149086206;-1.5321823805038561;0.0646872323268295;-0.7298519563127108;-1.4840901489274727
pls_da;por_genotipo;BR16;4;1000;B3_BR16_NIRRIG_REPROD00000.asd;B3;BR16;NIRRIG;D05M;manha;D05;NIRRIG;NIRRIG;0.6437766414660998;True;0.4642148085773324;-1.7481219605544684;0.0873306900854714;-0.5856572168368036;-1.648265955110689
pls_da;por_genotipo;BR16;4;1004;B3_BR16_NIRRIG_REPROD00004.asd;B3;BR16;NIRRIG;D05M;manha;D05;NIRRIG;NIRRIG;0.6158735550922997;True;0.435860308366002;-1.6368571728880437;0.1902652438058033;-0.6618000754361905;-1.5499093988681272
pls_da;por_genotipo;BR16;4;1006;B3_BR16_NIRRIG_REPROD00006.asd;B3;BR16;NIRRIG;D05M;manha;D05;NIRRIG;NIRRIG;0.6326902923066755;True;0.4413651925133324;-1.6640500951550068;0.19857411427140806;-0.6476009415990677;-1.5597249174126724
pls_da;por_genotipo;BR16;4;1008;B4_BR16_IRRIG_REPROD00000.asd;B4;BR16;IRRIG;D05M;manha;D05;IRRIG;IRRIG;0.45006803966655395;True;0.4035913531062617;-1.3074833247606674;0.16711724113875964;-0.8189990426613566;-1.4326847119917905
pls_da;por_genotipo;BR16;4;1009;B4_BR16_IRRIG_REPROD00001.asd;B4;BR16;IRRIG;D05M;manha;D05;IRRIG;IRRIG;0.44809389227893404;True;0.40586504384354144;-1.2922703122644623;0.1756301769616836;-0.8254304213541102;-1.4225733869179105
pls_da;por_genotipo;BR16;4;1012;B4_BR16_IRRIG_REPROD00004.asd;B4;BR16;IRRIG;D05M;manha;D05;IRRIG;IRRIG;0.42686070986825275;True;0.384942062037022;-1.4000407103465229;0.01792799133002181;-0.7780633931303577;-1.4750415532200605
pls_da;por_genotipo;BR16;4;1020;B4_BR16_NIRRIG_REPROD00004.asd;B4;BR16;NIRRIG;D05M;manha;D05;NIRRIG;NIRRIG;0.6008663372710578;True;0.44819155568263924;-1.6751091218928047;0.07248535315918411;-0.6279817869582628;-1.586784366749655
pls_da;por_genotipo;BR16;4;1022;B4_BR16_NIRRIG_REPROD00006.asd;B4;BR16;NIRRIG;D05M;manha;D05;NIRRIG;NIRRIG;0.6136975265063371;True;0.45425376251646804;-1.6906568608101764;0.08055166030024334;-0.6175931458867002;-1.5935855978326339
pls_da;por_genotipo;BR16;4;1153;B1_BR16_IRRIG_REPROD00001.asd;B1;BR16;IRRIG;D06M;manha;D06;IRRIG;IRRIG;0.3474797910324146;True;0.36183561490603233;-1.277437981765112;-0.030966979202758507;-0.8428700194112169;-1.4243022391266444
pls_da;por_genotipo;BR16;4;1161;B1_BR16_NIRRIG_REPROD00001.asd;B1;BR16;NIRRIG;D06M;manha;D06;NIRRIG;NIRRIG;0.5711029485660284;True;0.4647811510588482;-1.695713174156918;-0.06189281276623982;-0.6117133816161469;-1.653841772088731
pls_da;por_genotipo;BR16;4;1167;B1_BR16_NIRRIG_REPROD00007.asd;B1;BR16;NIRRIG;D06M;manha;D06;NIRRIG;NIRRIG;0.559128840467014;True;0.43112908713052894;-1.609886194992262;0.066369146128289;-0.6725293291727888;-1.5684911429988542
pls_da;por_genotipo;BR16;4;1170;B2_BR16_IRRIG_REPROD00002.asd;B2;BR16;IRRIG;D06M;manha;D06;IRRIG;IRRIG;0.37158031561272226;True;0.3841324153418175;-1.2568891817327075;0.02665617236053631;-0.8403013859510166;-1.4169389438025788
pls_da;por_genotipo;BR16;4;1184;B3_BR16_IRRIG_REPROD00000.asd;B3;BR16;IRRIG;D06M;manha;D06;IRRIG;IRRIG;0.40330519085827427;True;0.37283813353686984;-1.3459535088829668;0.04154972261178723;-0.8231163142668351;-1.4123804727267206
pls_da;por_genotipo;BR16;4;1192;B3_BR16_NIRRIG_REPROD00000.asd;B3;BR16;NIRRIG;D06M;manha;D06;NIRRIG;NIRRIG;0.590702663416434;True;0.4491506004560256;-1.6487791365774507;0.09424591612847609;-0.6748804550442438;-1.5587714609607692
pls_da;por_genotipo;BR16;4;1196;B3_BR16_NIRRIG_REPROD00004.asd;B3;BR16;NIRRIG;D06M;manha;D06;NIRRIG;NIRRIG;0.6604199903338169;True;0.4698388276101717;-1.7644967271961782;0.10775418711848238;-0.5780554450898767;-1.6277449894926905
pls_da;por_genotipo;BR16;4;1198;B3_BR16_NIRRIG_REPROD00006.asd;B3;BR16;NIRRIG;D06M;manha;D06;NIRRIG;NIRRIG;0.6657166365643642;True;0.4701298128209623;-1.766167325427858;0.11993542244693103;-0.5748466546948497;-1.6240444771520612
pls_da;por_genotipo;BR16;4;1200;B4_BR16_IRRIG_REPROD00000.asd;B4;BR16;IRRIG;D06M;manha;D06;IRRIG;IRRIG;0.39859602356883667;True;0.3961663251048418;-1.2739280825716037;0.05757437834088883;-0.8178480444276904;-1.4117944674289764
pls_da;por_genotipo;BR16;4;1201;B4_BR16_IRRIG_REPROD00001.asd;B4;BR16;IRRIG;D06M;manha;D06;IRRIG;IRRIG;0.4028718647192137;True;0.3976916443948198;-1.2818215573433578;0.06112365193185648;-0.8192268925806225;-1.410271601986065
pls_da;por_genotipo;BR16;4;1204;B4_BR16_IRRIG_REPROD00004.asd;B4;BR16;IRRIG;D06M;manha;D06;IRRIG;IRRIG;0.4240604619872553;True;0.36419274661722356;-1.3527929886450383;0.0986198986508322;-0.8079298667909627;-1.4134860482364509
pls_da;por_genotipo;BR16;4;1212;B4_BR16_NIRRIG_REPROD00004.asd;B4;BR16;NIRRIG;D06M;manha;D06;NIRRIG;NIRRIG;0.5959002820518599;True;0.4547988099857969;-1.699923716450469;0.019548974845115842;-0.6156697975871462;-1.6160737728517214
pls_da;por_genotipo;BR16;4;1214;B4_BR16_NIRRIG_REPROD00006.asd;B4;BR16;NIRRIG;D06M;manha;D06;NIRRIG;NIRRIG;0.6115571148472597;True;0.4675611421196978;-1.7255731223025397;0.012484186435017423;-0.5973857024930487;-1.6361864976602505
pls_da;por_genotipo;BR16;4;1347;B1_BR16_IRR_REP_RECUP00003.asd;B1;BR16;IRRIG;D09M;manha;D09;IRRIG;IRRIG;0.39339937967019045;True;0.42057598434627064;-1.407163679676603;-0.13587590491725338;-0.7759565947631034;-1.524929282209416
pls_da;por_genotipo;BR16;4;1348;B1_BR16_IRR_REP_RECUP00004.asd;B1;BR16;IRRIG;D09M;manha;D09;IRRIG;IRRIG;0.45775262379921056;True;0.4128575608460115;-1.529711999080221;-0.06722553356544209;-0.7539487089563466;-1.5389567768693824
pls_da;por_genotipo;BR16;4;1353;B1_BR16_NIRR_REP_RECUP00001.asd;B1;BR16;NIRRIG;D09M;manha;D09;NIRRIG;NIRRIG;0.5105743414650693;True;0.46961513326228577;-1.6286224959316737;-0.1479144211603028;-0.6604437039180525;-1.6340927559903289
pls_da;por_genotipo;BR16;4;1357;B1_BR16_NIRR_REP_RECUP00005.asd;B1;BR16;NIRRIG;D09M;manha;D09;NIRRIG;NIRRIG;0.649622521491493;True;0.48563493533756746;-1.7595274593506696;0.05998733017871011;-0.5768013667684362;-1.6776753197791192
pls_da;por_genotipo;BR16;4;1360;B2_BR16_IRR_REP_RECUP00000.asd;B2;BR16;IRRIG;D09M;manha;D09;IRRIG;IRRIG;0.4387454435522115;True;0.37304393958316967;-1.4099969375947599;0.061777395700853874;-0.7816149180716694;-1.4648112005857719
pls_da;por_genotipo;BR16;4;1363;B2_BR16_IRR_REP_RECUP00003.asd;B2;BR16;IRRIG;D09M;manha;D09;IRRIG;IRRIG;0.42788205628557135;True;0.37080508987494704;-1.3747137961231573;0.06822819516351403;-0.7839395196123038;-1.4588323860489911
pls_da;por_genotipo;BR16;4;1366;B2_BR16_IRR_REP_RECUP00006.asd;B2;BR16;IRRIG;D09M;manha;D09;IRRIG;NIRRIG;0.5575182599045054;False;0.4221991850561824;-1.6214100087202366;0.07558799381504727;-0.685428068668051;-1.5919244965478687
pls_da;por_genotipo;BR16;4;1368;B2_BR16_NIRR_REP_RECUP00000.asd;B2;BR16;NIRRIG;D09M;manha;D09;NIRRIG;IRRIG;0.49051482557612014;False;0.42480840365869754;-1.5814582222518319;-0.08528434622168657;-0.6804447506530389;-1.582679053598883
pls_da;por_genotipo;BR16;4;1372;B2_BR16_NIRR_REP_RECUP00004.asd;B2;BR16;NIRRIG;D09M;manha;D09;NIRRIG;IRRIG;0.49924970265466456;False;0.43402768887085486;-1.569891572968294;-0.03658653018646876;-0.7319238027940027;-1.518275377408449
pls_da;por_genotipo;BR16;4;1375;B2_BR16_NIRR_REP_RECUP00007.asd;B2;BR16;NIRRIG;D09M;manha;D09;NIRRIG;IRRIG;0.48570171185824135;False;0.40083644847912453;-1.5286641717184657;0.015872106442157276;-0.7405338484456598;-1.4845659767422619
pls_da;por_genotipo;BR16;4;1379;B3_BR16_IRR_REP_RECUP00003.asd;B3;BR16;IRRIG;D09M;manha;D09;IRRIG;IRRIG;0.3730591580659462;True;0.3500521049505308;-1.3337525001960249;0.0016349645462691723;-0.8323321943000103;-1.3981986478699937
pls_da;por_genotipo;BR16;4;1385;B3_BR16_NIRR_REP_RECUP00001.asd;B3;BR16;NIRRIG;D09M;manha;D09;NIRRIG;IRRIG;0.4727777175582113;False;0.4134681134236647;-1.569336700321647;-0.08109962562096834;-0.7307130786727748;-1.5179229148895237
pls_da;por_genotipo;BR16;4;1396;B4_BR16_IRR_REP_RECUP00004.asd;B4;BR16;IRRIG;D09M;manha;D09;IRRIG;IRRIG;0.43168299179759256;True;0.358695660408138;-1.3824036668439847;0.10693313302573859;-0.8147357463480692;-1.4272603158147474
pls_da;por_genotipo;BR16;4;1543;B1_BR16_IRR_REP_RECUP00003.asd;B1;BR16;IRRIG;D09T;tarde;D09;IRRIG;IRRIG;0.42877898251714835;True;0.3809862335644932;-1.504827671888111;-0.07656531161462884;-0.7666581718200072;-1.486504263110504
pls_da;por_genotipo;BR16;4;1544;B1_BR16_IRR_REP_RECUP00004.asd;B1;BR16;IRRIG;D09T;tarde;D09;IRRIG;IRRIG;0.47704526931727353;True;0.42636167249845475;-1.5096593986244997;-0.021572076444587356;-0.7460816725618951;-1.515462022311334
pls_da;por_genotipo;BR16;4;1549;B1_BR16_NIRR_REP_RECUP00001.asd;B1;BR16;NIRRIG;D09T;tarde;D09;NIRRIG;IRRIG;0.48197181743606143;False;0.45805367646833894;-1.5350620770281687;-0.08472724100650093;-0.7330048360318349;-1.5440229284751692
pls_da;por_genotipo;BR16;4;1553;B1_BR16_NIRR_REP_RECUP00005.asd;B1;BR16;NIRRIG;D09T;tarde;D09;NIRRIG;NIRRIG;0.5730789578674311;True;0.4438608568539254;-1.5966150889419348;0.11625678806116266;-0.702183339639863;-1.5375054173572198
pls_da;por_genotipo;BR16;4;1556;B2_BR16_IRR_REP_RECUP00000.asd;B2;BR16;IRRIG;D09T;tarde;D09;IRRIG;NIRRIG;0.5381368606059104;False;0.454651998352199;-1.6069215495441709;0.002650284908683612;-0.7163767952211728;-1.5644752941590205
pls_da;por_genotipo;BR16;4;1559;B2_BR16_IRR_REP_RECUP00003.asd;B2;BR16;IRRIG;D09T;tarde;D09;IRRIG;NIRRIG;0.5283595373548141;False;0.45324336962597483;-1.5956732492544505;-0.00913149213332252;-0.721044339470405;-1.5653251016805152
pls_da;por_genotipo;BR16;4;1562;B2_BR16_IRR_REP_RECUP00006.asd;B2;BR16;IRRIG;D09T;tarde;D09;IRRIG;NIRRIG;0.5766199098871662;False;0.4383645321047848;-1.6181049033875718;0.10970888267465909;-0.6896850007963393;-1.5690979624970491
pls_da;por_genotipo;BR16;4;1575;B3_BR16_IRR_REP_RECUP00003.asd;B3;BR16;IRRIG;D09T;tarde;D09;IRRIG;IRRIG;0.3975811136026082;True;0.3655348663061867;-1.3775578623984994;-0.0003380389528205389;-0.8131406901211812;-1.418908020573754
pls_da;por_genotipo;BR16;4;1581;B3_BR16_NIRR_REP_RECUP00001.asd;B3;BR16;NIRRIG;D09T;tarde;D09;NIRRIG;IRRIG;0.45368046920678085;False;0.41175722084254596;-1.4962689425775382;-0.03548060715072299;-0.7814985574590978;-1.4669764733057429
pls_da;por_genotipo;BR16;4;1592;B4_BR16_IRR_REP_RECUP00004.asd;B4;BR16;IRRIG;D09T;tarde;D09;IRRIG;IRRIG;0.4796385606590331;True;0.4348758575862934;-1.4540654990282484;0.03926675486567569;-0.7718390039315693;-1.482885966479855
pls_da;por_genotipo;BR16;4;1735;B1_BR16_IRR_REP_RECUP00003.asd;B1;BR16;IRRIG;D10M;manha;D10;IRRIG;IRRIG;0.41304686370508825;True;0.34775743716462476;-1.4477392684959534;0.0019059489213616868;-0.8040958085527204;-1.443629616354235
pls_da;por_genotipo;BR16;4;1736;B1_BR16_IRR_REP_RECUP00004.asd;B1;BR16;IRRIG;D10M;manha;D10;IRRIG;IRRIG;0.4565102948497956;True;0.40838383783756144;-1.541146220516935;-0.07606915345699626;-0.7545512322105065;-1.5259568331828204
pls_da;por_genotipo;BR16;4;1741;B1_BR16_NIRR_REP_RECUP00001.asd;B1;BR16;NIRRIG;D10M;manha;D10;NIRRIG;NIRRIG;0.527318134047342;True;0.4163455085387786;-1.5497799831523837;0.09862654671187229;-0.7481629616537548;-1.5103825935601662
pls_da;por_genotipo;BR16;4;1745;B1_BR16_NIRR_REP_RECUP00005.asd;B1;BR16;NIRRIG;D10M;manha;D10;NIRRIG;IRRIG;0.45759134211084684;False;0.4172210531401844;-1.5193951751528756;-0.06729050367623159;-0.7509716142690024;-1.5315402380007281
pls_da;por_genotipo;BR16;4;1780;B2_BR16_IRR_REP_RECUP00000.asd;B2;BR16;IRRIG;D10M;manha;D10;IRRIG;NIRRIG;0.5683117563697423;False;0.4590596485503413;-1.6062031172102598;0.06800725122029315;-0.6910692607374337;-1.5790065965473234
pls_da;por_genotipo;BR16;4;1783;B2_BR16_IRR_REP_RECUP00003.asd;B2;BR16;IRRIG;D10M;manha;D10;IRRIG;NIRRIG;0.5612283645597185;False;0.4524518904977626;-1.5971226992172731;0.06412748760762457;-0.6876260540286934;-1.5812529506928092
pls_da;por_genotipo;BR16;4;1786;B2_BR16_IRR_REP_RECUP00006.asd;B2;BR16;IRRIG;D10M;manha;D10;IRRIG;IRRIG;0.4607282492635168;True;0.4312303319813367;-1.3879553423841533;0.05517480082474802;-0.7788365430984113;-1.4542777925430237
pls_da;por_genotipo;BR16;4;1788;B2_BR16_NIRR_REP_RECUP00000.asd;B2;BR16;NIRRIG;D10M;manha;D10;NIRRIG;IRRIG;0.44457525186367947;False;0.3528753566056286;-1.4136177153753409;0.1293305085155316;-0.8385643756398218;-1.3456440145688677
pls_da;por_genotipo;BR16;4;1792;B2_BR16_NIRR_REP_RECUP00004.asd;B2;BR16;NIRRIG;D10M;manha;D10;NIRRIG;NIRRIG;0.5010656329841084;True;0.42884952041903573;-1.5706481675649366;-0.03191122247150491;-0.7150539208206346;-1.5499553148036571
pls_da;por_genotipo;BR16;4;1795;B2_BR16_NIRR_REP_RECUP00007.asd;B2;BR16;NIRRIG;D10M;manha;D10;NIRRIG;NIRRIG;0.5017372624562426;True;0.43357616233685253;-1.570667029921833;-0.03922916142868515;-0.7104805552313112;-1.5580132696389544
pls_da;por_genotipo;BR16;4;1831;B3_BR16_IRR_REP_RECUP00003.asd;B3;BR16;IRRIG;D10M;manha;D10;IRRIG;IRRIG;0.39250327278159963;True;0.4122795240622607;-1.301851050191362;-0.018043789575216632;-0.8040816537593556;-1.4321275956152324
pls_da;por_genotipo;BR16;4;1837;B3_BR16_NIRR_REP_RECUP00001.asd;B3;BR16;NIRRIG;D10M;manha;D10;NIRRIG;IRRIG;0.42218345143943903;False;0.3960847733435575;-1.377513905429275;0.032818272986045435;-0.8227722052998031;-1.4231877189471054
pls_da;por_genotipo;BR16;4;1880;B4_BR16_IRR_REP_RECUP00004.asd;B4;BR16;IRRIG;D10M;manha;D10;IRRIG;NIRRIG;0.5135097676965044;False;0.4373431721617045;-1.473050818599266;0.11158122672468954;-0.7691135755485866;-1.482144350354359
pls_da;por_genotipo;BR16;5;2;B1_BR16_IRRIG_REPROD00002.asd;B1;BR16;IRRIG;D02M;manha;D02;IRRIG;IRRIG;0.4531127205930723;True;0.3774480463950091;-1.492056972768846;0.03732330064180724;-0.7743997245106814;-1.4805318236422218
pls_da;por_genotipo;BR16;5;7;B1_BR16_IRRIG_REPROD00007.asd;B1;BR16;IRRIG;D02M;manha;D02;IRRIG;IRRIG;0.4214524964054905;True;0.38040868150207785;-1.4474810226081503;0.006024479332728408;-0.8140324095299775;-1.459266902225383
pls_da;por_genotipo;BR16;5;8;B1_BR16_NIRRIG_REPROD00000.asd;B1;BR16;NIRRIG;D02M;manha;D02;NIRRIG;IRRIG;0.4435504804821247;False;0.4176388853646664;-1.493019198488137;-0.0833197107969811;-0.7608313232646782;-1.518519597796544
pls_da;por_genotipo;BR16;5;20;B2_BR16_IRRIG_REPROD00004.asd;B2;BR16;IRRIG;D02M;manha;D02;IRRIG;IRRIG;0.49300755237714844;True;0.42179179949359535;-1.5368344941619054;-0.002415415914592809;-0.7218182143386905;-1.5790279452745892
pls_da;por_genotipo;BR16;5;22;B2_BR16_IRRIG_REPROD00006.asd;B2;BR16;IRRIG;D02M;manha;D02;IRRIG;IRRIG;0.4987837490536892;True;0.4217239799966611;-1.5496240134079609;-0.00015745993741842764;-0.717219375105067;-1.5872388728103703
pls_da;por_genotipo;BR16;5;28;B2_BR16_NIRRIG_REPROD00004.asd;B2;BR16;NIRRIG;D02M;manha;D02;NIRRIG;IRRIG;0.4371179961637808;False;0.36220173955314666;-1.4447239624075505;0.10181782474952528;-0.8214259496906448;-1.438583703854205
pls_da;por_genotipo;BR16;5;30;B2_BR16_NIRRIG_REPROD00006.asd;B2;BR16;NIRRIG;D02M;manha;D02;NIRRIG;IRRIG;0.4385443383290258;False;0.3593119600083381;-1.4512391386467132;0.10275240296837182;-0.8182834285715193;-1.4397704214591809
pls_da;por_genotipo;BR16;5;31;B2_BR16_NIRRIG_REPROD00007.asd;B2;BR16;NIRRIG;D02M;manha;D02;NIRRIG;IRRIG;0.4396643676784138;False;0.3598040380088154;-1.4537060750001094;0.10130943422792868;-0.8162015929646877;-1.4421546250875525
pls_da;por_genotipo;BR16;5;35;B3_BR16_IRRIG_REPROD00003.asd;B3;BR16;IRRIG;D02M;manha;D02;IRRIG;IRRIG;0.4676747330897617;True;0.40953611784315935;-1.5001065588318605;0.007520285428227871;-0.7616725607240229;-1.5319860931049216
pls_da;por_genotipo;BR16;5;37;B3_BR16_IRRIG_REPROD00005.asd;B3;BR16;IRRIG;D02M;manha;D02;IRRIG;IRRIG;0.47525886615231644;True;0.4317665334706763;-1.523103370500768;-0.03905743818615922;-0.7567273693873598;-1.5523932505450493
pls_da;por_genotipo;BR16;5;43;B3_BR16_NIRRIG_REPROD00003.asd;B3;BR16;NIRRIG;D02M;manha;D02;NIRRIG;NIRRIG;0.5505869270213136;True;0.4418683978255032;-1.5867695980614716;0.0836534120337774;-0.715529466608132;-1.5589360350236445
pls_da;por_genotipo;BR16;5;47;B3_BR16_NIRRIG_REPROD00007.asd;B3;BR16;NIRRIG;D02M;manha;D02;NIRRIG;NIRRIG;0.5914467532827521;True;0.44668375981975483;-1.6544475311344518;0.10911753950155874;-0.6813420429241832;-1.5726641172891336
pls_da;por_genotipo;BR16;5;194;B1_BR16_IRRIG_REPROD00002.asd;B1;BR16;IRRIG;D02T;tarde;D02;IRRIG;IRRIG;0.46506220802772985;True;0.41312958059195565;-1.5341967990278516;-0.06859925556079495;-0.7300611313337005;-1.5636878361444964
pls_da;por_genotipo;BR16;5;199;B1_BR16_IRRIG_REPROD00007.asd;B1;BR16;IRRIG;D02T;tarde;D02;IRRIG;IRRIG;0.4568717933985838;True;0.39520427367813854;-1.4916384293698235;0.02714822187402759;-0.7896801868373892;-1.4773799988795204
pls_da;por_genotipo;BR16;5;200;B1_BR16_NIRRIG_REPROD00000.asd;B1;BR16;NIRRIG;D02T;tarde;D02;NIRRIG;NIRRIG;0.5125350457060022;True;0.44054946945450946;-1.6026606076163825;-0.08996045123317299;-0.671559057537071;-1.591292629785287
pls_da;por_genotipo;BR16;5;212;B2_BR16_IRRIG_REPROD00004.asd;B2;BR16;IRRIG;D02T;tarde;D02;IRRIG;NIRRIG;0.5796375351087559;False;0.4574326329343518;-1.6159947567423518;0.0779224470354868;-0.66622067945783;-1.5856181915075316
pls_da;por_genotipo;BR16;5;214;B2_BR16_IRRIG_REPROD00006.asd;B2;BR16;IRRIG;D02T;tarde;D02;IRRIG;NIRRIG;0.5864257481322284;False;0.46799338654224154;-1.6217601568788953;0.07015421166236689;-0.6614615369183574;-1.5940428999114826
pls_da;por_genotipo;BR16;5;220;B2_BR16_NIRRIG_REPROD00004.asd;B2;BR16;NIRRIG;D02T;tarde;D02;NIRRIG;NIRRIG;0.5410294965834215;True;0.4338062139712705;-1.5498504532225907;0.12254256729226266;-0.7400055502367586;-1.5049585873918874
pls_da;por_genotipo;BR16;5;222;B2_BR16_NIRRIG_REPROD00006.asd;B2;BR16;NIRRIG;D02T;tarde;D02;NIRRIG;NIRRIG;0.5480489719139949;True;0.4297129725901976;-1.5505274924561392;0.15172536018954502;-0.7399025179731102;-1.4942897625453058
pls_da;por_genotipo;BR16;5;223;B2_BR16_NIRRIG_REPROD00007.asd;B2;BR16;NIRRIG;D02T;tarde;D02;NIRRIG;NIRRIG;0.5552231574981399;True;0.43310499098471833;-1.5537402910730147;0.1625714328772117;-0.7368501817710849;-1.4950942545008934
pls_da;por_genotipo;BR16;5;227;B3_BR16_IRRIG_REPROD00003.asd;B3;BR16;IRRIG;D02T;tarde;D02;IRRIG;IRRIG;0.486245338367869;True;0.376380870764479;-1.5106883116610557;0.08527117887599003;-0.7211995255215351;-1.5056874263850393
pls_da;por_genotipo;BR16;5;229;B3_BR16_IRRIG_REPROD00005.asd;B3;BR16;IRRIG;D02T;tarde;D02;IRRIG;NIRRIG;0.528408338378463;False;0.4248618469584378;-1.5574800991728954;0.07978486605201614;-0.7267497154946463;-1.508630090000644
pls_da;por_genotipo;BR16;5;235;B3_BR16_NIRRIG_REPROD00003.asd;B3;BR16;NIRRIG;D02T;tarde;D02;NIRRIG;NIRRIG;0.6020549776409508;True;0.4362148752781563;-1.6548792583288452;0.12066532879338375;-0.6275609911590752;-1.5840542539716407
pls_da;por_genotipo;BR16;5;239;B3_BR16_NIRRIG_REPROD00007.asd;B3;BR16;NIRRIG;D02T;tarde;D02;NIRRIG;NIRRIG;0.6573798539793276;True;0.44506110359058537;-1.7778598717696066;0.10983600340961262;-0.5556352691346765;-1.6490733229579282
pls_da;por_genotipo;BR16;5;386;B1_BR16_IRRIG_REPROD00002.asd;B1;BR16;IRRIG;D03M;manha;D03;IRRIG;IRRIG;0.4363076119130974;True;0.3931923708850227;-1.5107531108916954;-0.061252493917883274;-0.7791475200044641;-1.5188336979658998
pls_da;por_genotipo;BR16;5;391;B1_BR16_IRRIG_REPROD00007.asd;B1;BR16;IRRIG;D03M;manha;D03;IRRIG;IRRIG;0.4471681415198545;True;0.4167243853169991;-1.5275086337123598;-0.12158633068281448;-0.7353022167541795;-1.5748651236144091
pls_da;por_genotipo;BR16;5;392;B1_BR16_NIRRIG_REPROD00000.asd;B1;BR16;NIRRIG;D03M;manha;D03;NIRRIG;NIRRIG;0.5877044461360758;True;0.4928240890536108;-1.767280786531543;-0.21229996630560158;-0.5503836912605194;-1.7288347327134608
pls_da;por_genotipo;BR16;5;404;B2_BR16_IRRIG_REPROD00004.asd;B2;BR16;IRRIG;D03M;manha;D03;IRRIG;IRRIG;0.48906871249759853;True;0.403201164602562;-1.5366427248259005;0.0180668022281581;-0.7284955131958228;-1.5028761215675985
pls_da;por_genotipo;BR16;5;406;B2_BR16_IRRIG_REPROD00006.asd;B2;BR16;IRRIG;D03M;manha;D03;IRRIG;IRRIG;0.4963301132311343;True;0.4104017980248222;-1.5540221517959756;0.005275139818315018;-0.7228946235013499;-1.5158311273734084
pls_da;por_genotipo;BR16;5;412;B2_BR16_NIRRIG_REPROD00004.asd;B2;BR16;NIRRIG;D03M;manha;D03;NIRRIG;NIRRIG;0.6140498812688314;True;0.46748467288923684;-1.7023395016441996;0.051002081129903384;-0.6248739721141312;-1.6306787104738156
pls_da;por_genotipo;BR16;5;414;B2_BR16_NIRRIG_REPROD00006.asd;B2;BR16;NIRRIG;D03M;manha;D03;NIRRIG;NIRRIG;0.6207804185151011;True;0.4717909920260818;-1.7124304657998088;0.04896989692659854;-0.6174639597348142;-1.6363302155077204
pls_da;por_genotipo;BR16;5;415;B2_BR16_NIRRIG_REPROD00007.asd;B2;BR16;NIRRIG;D03M;manha;D03;NIRRIG;NIRRIG;0.624797921921896;True;0.4750505815790184;-1.7195354721129614;0.04539900945672617;-0.6131012166983637;-1.6403118179187943
pls_da;por_genotipo;BR16;5;419;B3_BR16_IRRIG_REPROD00003.asd;B3;BR16;IRRIG;D03M;manha;D03;IRRIG;IRRIG;0.42178921992814666;True;0.42022238578782906;-1.3919206857378508;-0.01647785128768577;-0.8067170622388598;-1.4806074797290403
pls_da;por_genotipo;BR16;5;421;B3_BR16_IRRIG_REPROD00005.asd;B3;BR16;IRRIG;D03M;manha;D03;IRRIG;NIRRIG;0.5098149959091011;False;0.441162467102352;-1.590749959140995;-0.05390558267687497;-0.7085006765101013;-1.5998408284804075
pls_da;por_genotipo;BR16;5;427;B3_BR16_NIRRIG_REPROD00003.asd;B3;BR16;NIRRIG;D03M;manha;D03;NIRRIG;NIRRIG;0.620830534457668;True;0.48917533953915715;-1.6956858579278988;0.03662140416574586;-0.6226205483485944;-1.6359612958712282
pls_da;por_genotipo;BR16;5;431;B3_BR16_NIRRIG_REPROD00007.asd;B3;BR16;NIRRIG;D03M;manha;D03;NIRRIG;NIRRIG;0.6021993241391489;True;0.47738560015392506;-1.6411577829877138;0.08982216964829264;-0.670011488762676;-1.5847053257616233
pls_da;por_genotipo;BR16;5;578;B1_BR16_IRRIG_REPROD00002.asd;B1;BR16;IRRIG;D03T;tarde;D03;IRRIG;IRRIG;0.4420320024462019;True;0.3832752306128187;-1.4670349361117951;0.03487307847167425;-0.8041744672623781;-1.427930904377593
pls_da;por_genotipo;BR16;5;583;B1_BR16_IRRIG_REPROD00007.asd;B1;BR16;IRRIG;D03T;tarde;D03;IRRIG;IRRIG;0.49702254665792056;True;0.4321224434685582;-1.5782031560517706;-0.0774752555905982;-0.6963913409142407;-1.5769959008609362
pls_da;por_genotipo;BR16;5;584;B1_BR16_NIRRIG_REPROD00000.asd;B1;BR16;NIRRIG;D03T;tarde;D03;NIRRIG;NIRRIG;0.534952825922347;True;0.4557385585406787;-1.6121513206114013;-0.060125200891324886;-0.6671141475620977;-1.5998673855963197
pls_da;por_genotipo;BR16;5;596;B2_BR16_IRRIG_REPROD00004.asd;B2;BR16;IRRIG;D03T;tarde;D03;IRRIG;NIRRIG;0.5363679748452405;False;0.4605795194147977;-1.572434635735165;0.006842744753956932;-0.7101508524577995;-1.5367918162371668
pls_da;por_genotipo;BR16;5;598;B2_BR16_IRRIG_REPROD00006.asd;B2;BR16;IRRIG;D03T;tarde;D03;IRRIG;NIRRIG;0.5404349137858051;False;0.4598050778813911;-1.5684352227925293;0.02575316935409612;-0.7105060925784152;-1.5315607416057402
pls_da;por_genotipo;BR16;5;604;B2_BR16_NIRRIG_REPROD00004.asd;B2;BR16;NIRRIG;D03T;tarde;D03;NIRRIG;NIRRIG;0.5728703117482512;True;0.45630064372102036;-1.5931662405838354;0.10671876777760786;-0.7011372950563554;-1.541150712092662
pls_da;por_genotipo;BR16;5;606;B2_BR16_NIRRIG_REPROD00006.asd;B2;BR16;NIRRIG;D03T;tarde;D03;NIRRIG;NIRRIG;0.5740183701408382;True;0.4564149817747638;-1.5940596361541977;0.10542896438755936;-0.6960516045852513;-1.5448184427658012
pls_da;por_genotipo;BR16;5;607;B2_BR16_NIRRIG_REPROD00007.asd;B2;BR16;NIRRIG;D03T;tarde;D03;NIRRIG;NIRRIG;0.5781873199704716;True;0.4591572132186582;-1.6020753421327867;0.10231525929851203;-0.6921592289134734;-1.5489210813854857
pls_da;por_genotipo;BR16;5;611;B3_BR16_IRRIG_REPROD00003.asd;B3;BR16;IRRIG;D03T;tarde;D03;IRRIG;NIRRIG;0.506598655926109;False;0.45388103954165665;-1.509931626930758;0.0191756725999616;-0.7492131479501835;-1.4965137966422386
pls_da;por_genotipo;BR16;5;613;B3_BR16_IRRIG_REPROD00005.asd;B3;BR16;IRRIG;D03T;tarde;D03;IRRIG;NIRRIG;0.5385124831527822;False;0.4425410480631957;-1.5854235147492792;0.02211921628149703;-0.6915525753281568;-1.5518985173906494
pls_da;por_genotipo;BR16;5;619;B3_BR16_NIRRIG_REPROD00003.asd;B3;BR16;NIRRIG;D03T;tarde;D03;NIRRIG;NIRRIG;0.6337371952516117;True;0.47968525036802895;-1.6703257196160197;0.14738947506015662;-0.6536738155267793;-1.5752216373622776
pls_da;por_genotipo;BR16;5;623;B3_BR16_NIRRIG_REPROD00007.asd;B3;BR16;NIRRIG;D03T;tarde;D03;NIRRIG;NIRRIG;0.6078345377032905;True;0.4547213449447612;-1.6271794408676425;0.1861323235535364;-0.6976767551749564;-1.5247231545819804
pls_da;por_genotipo;BR16;5;770;B1_BR16_IRRIG_REPROD00002.asd;B1;BR16;IRRIG;D04M;manha;D04;IRRIG;IRRIG;0.4358941523343481;True;0.4132160631056422;-1.440965052512254;-0.07325134609171585;-0.7184132276227013;-1.569881500976487
pls_da;por_genotipo;BR16;5;775;B1_BR16_IRRIG_REPROD00007.asd;B1;BR16;IRRIG;D04M;manha;D04;IRRIG;IRRIG;0.4242960254623904;True;0.3885426729603464;-1.3699292695798497;0.06845457027953;-0.7968867593140397;-1.45925556388185
pls_da;por_genotipo;BR16;5;776;B1_BR16_NIRRIG_REPROD00000.asd;B1;BR16;NIRRIG;D04M;manha;D04;NIRRIG;IRRIG;0.4795881026006718;False;0.3953899848506919;-1.5170934173545643;0.06187968148771854;-0.7784603120769499;-1.4612304117151007
pls_da;por_genotipo;BR16;5;788;B2_BR16_IRRIG_REPROD00004.asd;B2;BR16;IRRIG;D04M;manha;D04;IRRIG;IRRIG;0.44743422860466225;True;0.41570373172128455;-1.3983732683227494;0.03707578792267836;-0.7639454935686053;-1.5042935853650654
pls_da;por_genotipo;BR16;5;790;B2_BR16_IRRIG_REPROD00006.asd;B2;BR16;IRRIG;D04M;manha;D04;IRRIG;IRRIG;0.4419473284277209;True;0.41571282937895215;-1.3780809170849948;0.045349798444895825;-0.7703054722364252;-1.4961248458870078
pls_da;por_genotipo;BR16;5;796;B2_BR16_NIRRIG_REPROD00004.asd;B2;BR16;NIRRIG;D04M;manha;D04;NIRRIG;IRRIG;0.48631119245260884;False;0.39037138083914186;-1.4960187813932693;0.12782341762683505;-0.7949974744036967;-1.4350739956114607
pls_da;por_genotipo;BR16;5;798;B2_BR16_NIRRIG_REPROD00006.asd;B2;BR16;NIRRIG;D04M;manha;D04;NIRRIG;IRRIG;0.4883103124020393;False;0.3872082953268406;-1.5069916847722844;0.12730388821244445;-0.7931607054787994;-1.435475822710113
pls_da;por_genotipo;BR16;5;799;B2_BR16_NIRRIG_REPROD00007.asd;B2;BR16;NIRRIG;D04M;manha;D04;NIRRIG;IRRIG;0.48403692795247427;False;0.38671889494680683;-1.4942566889680924;0.1278079327282052;-0.7928576086041254;-1.43506037180334
pls_da;por_genotipo;BR16;5;803;B3_BR16_IRRIG_REPROD00003.asd;B3;BR16;IRRIG;D04M;manha;D04;IRRIG;IRRIG;0.4900653834772605;True;0.3986991864366892;-1.5617083477588725;0.011554318147746054;-0.7327411942567822;-1.5376047271591136
pls_da;por_genotipo;BR16;5;805;B3_BR16_IRRIG_REPROD00005.asd;B3;BR16;IRRIG;D04M;manha;D04;IRRIG;IRRIG;0.39810379557040965;True;0.39478211638402505;-1.3789030973475715;-0.03201545387072326;-0.8021679570138515;-1.502955559431753
pls_da;por_genotipo;BR16;5;811;B3_BR16_NIRRIG_REPROD00003.asd;B3;BR16;NIRRIG;D04M;manha;D04;NIRRIG;NIRRIG;0.5373622659691346;True;0.4047900249575963;-1.5605710836691387;0.15333792086935186;-0.7365086623310498;-1.4967476849548313
pls_da;por_genotipo;BR16;5;815;B3_BR16_NIRRIG_REPROD00007.asd;B3;BR16;NIRRIG;D04M;manha;D04;NIRRIG;NIRRIG;0.592153438736072;True;0.4356890367686442;-1.6381504076923707;0.13880411425210798;-0.666298015738427;-1.5759369882826368
pls_da;por_genotipo;BR16;5;962;B1_BR16_IRRIG_REPROD00002.asd;B1;BR16;IRRIG;D05M;manha;D05;IRRIG;IRRIG;0.31047445486334363;True;0.378301448742517;-1.0722734373882266;0.05885586105087111;-0.8723420536933807;-1.3401061392505542
pls_da;por_genotipo;BR16;5;967;B1_BR16_IRRIG_REPROD00007.asd;B1;BR16;IRRIG;D05M;manha;D05;IRRIG;IRRIG;0.3701942335353756;True;0.37315936131872357;-1.2086593202382832;0.12748043925978905;-0.8551189952229293;-1.3642321691372628
pls_da;por_genotipo;BR16;5;968;B1_BR16_NIRRIG_REPROD00000.asd;B1;BR16;NIRRIG;D05M;manha;D05;NIRRIG;NIRRIG;0.5329564622142612;True;0.4278092424214598;-1.5810802125646082;0.06374805352922594;-0.7267990525519312;-1.512886927840779
pls_da;por_genotipo;BR16;5;980;B2_BR16_IRRIG_REPROD00004.asd;B2;BR16;IRRIG;D05M;manha;D05;IRRIG;IRRIG;0.4447966519033876;True;0.3994046316556919;-1.4140575351639968;0.05766151011833951;-0.7829565641229944;-1.4810358241762946
pls_da;por_genotipo;BR16;5;982;B2_BR16_IRRIG_REPROD00006.asd;B2;BR16;IRRIG;D05M;manha;D05;IRRIG;IRRIG;0.44397507554911475;True;0.39897563305417105;-1.4077663545806034;0.06438342617643396;-0.7857789655884533;-1.4757424449043735
pls_da;por_genotipo;BR16;5;988;B2_BR16_NIRRIG_REPROD00004.asd;B2;BR16;NIRRIG;D05M;manha;D05;NIRRIG;NIRRIG;0.5710734882479797;True;0.423438866300492;-1.6584970456187207;0.08315978110314176;-0.6862809768817536;-1.540383764907383
pls_da;por_genotipo;BR16;5;990;B2_BR16_NIRRIG_REPROD00006.asd;B2;BR16;NIRRIG;D05M;manha;D05;NIRRIG;NIRRIG;0.583593024142094;True;0.43525170761399556;-1.6761338461524362;0.07505556725991035;-0.6763210729475627;-1.5523434139792185
pls_da;por_genotipo;BR16;5;991;B2_BR16_NIRRIG_REPROD00007.asd;B2;BR16;NIRRIG;D05M;manha;D05;NIRRIG;NIRRIG;0.5830089182267483;True;0.43158190263736323;-1.6761873115908632;0.07961472261177609;-0.6758344357925072;-1.5492707322475294
pls_da;por_genotipo;BR16;5;995;B3_BR16_IRRIG_REPROD00003.asd;B3;BR16;IRRIG;D05M;manha;D05;IRRIG;IRRIG;0.4739085399350525;True;0.35709342661836885;-1.5283482789958538;0.07022268662233874;-0.7318347270112605;-1.4784775127890062
pls_da;por_genotipo;BR16;5;997;B3_BR16_IRRIG_REPROD00005.asd;B3;BR16;IRRIG;D05M;manha;D05;IRRIG;IRRIG;0.37550771672319017;True;0.36211834010545624;-1.3044734017497122;0.05836784121521449;-0.8425868772026947;-1.4011182143326786
pls_da;por_genotipo;BR16;5;1003;B3_BR16_NIRRIG_REPROD00003.asd;B3;BR16;NIRRIG;D05M;manha;D05;NIRRIG;NIRRIG;0.6607877999597486;True;0.46963270294316894;-1.778975441318954;0.08586777919020111;-0.5710511744945608;-1.6573090855735888
pls_da;por_genotipo;BR16;5;1007;B3_BR16_NIRRIG_REPROD00007.asd;B3;BR16;NIRRIG;D05M;manha;D05;NIRRIG;NIRRIG;0.6321136670732598;True;0.4421539793761095;-1.6703871698899324;0.2042603271017343;-0.6402967629509757;-1.5633596245756756
pls_da;por_genotipo;BR16;5;1154;B1_BR16_IRRIG_REPROD00002.asd;B1;BR16;IRRIG;D06M;manha;D06;IRRIG;IRRIG;0.34804812374174526;True;0.36436097415433555;-1.2944970064556678;-0.028208010575361594;-0.8446893449305423;-1.4209491845413609
pls_da;por_genotipo;BR16;5;1159;B1_BR16_IRRIG_REPROD00007.asd;B1;BR16;IRRIG;D06M;manha;D06;IRRIG;IRRIG;0.3713764219814807;True;0.3378874936063373;-1.3246127733752655;0.06466215607204708;-0.8335624675667743;-1.4121510136720798
pls_da;por_genotipo;BR16;5;1160;B1_BR16_NIRRIG_REPROD00000.asd;B1;BR16;NIRRIG;D06M;manha;D06;NIRRIG;NIRRIG;0.5793253444767038;True;0.46365456525760806;-1.6975057240405265;-0.058908811466893016;-0.6164485258090637;-1.6498378374169782
pls_da;por_genotipo;BR16;5;1172;B2_BR16_IRRIG_REPROD00004.asd;B2;BR16;IRRIG;D06M;manha;D06;IRRIG;IRRIG;0.32279922591665744;True;0.3531279969378721;-1.2291528144356056;-0.010676894904105273;-0.873243355586201;-1.3594191568586667
pls_da;por_genotipo;BR16;5;1174;B2_BR16_IRRIG_REPROD00006.asd;B2;BR16;IRRIG;D06M;manha;D06;IRRIG;IRRIG;0.32687494121330574;True;0.36495806929379776;-1.223291162449122;-0.0128144986144128;-0.8732030981116944;-1.361189621583672
pls_da;por_genotipo;BR16;5;1180;B2_BR16_NIRRIG_REPROD00004.asd;B2;BR16;NIRRIG;D06M;manha;D06;NIRRIG;NIRRIG;0.5780774068768787;True;0.43180129610171597;-1.6697015706481293;0.02617600087245088;-0.6162010284594401;-1.6117206001796722
pls_da;por_genotipo;BR16;5;1182;B2_BR16_NIRRIG_REPROD00006.asd;B2;BR16;NIRRIG;D06M;manha;D06;NIRRIG;NIRRIG;0.5937145779139135;True;0.4397638617331406;-1.6989936382528792;0.02159529490496227;-0.6034897682474707;-1.623917427614304
pls_da;por_genotipo;BR16;5;1183;B2_BR16_NIRRIG_REPROD00007.asd;B2;BR16;NIRRIG;D06M;manha;D06;NIRRIG;NIRRIG;0.5959233609762704;True;0.4417245878191861;-1.6975629884399903;0.02116531395168391;-0.5961134932725372;-1.6305671573465559
pls_da;por_genotipo;BR16;5;1187;B3_BR16_IRRIG_REPROD00003.asd;B3;BR16;IRRIG;D06M;manha;D06;IRRIG;IRRIG;0.39003181776912627;True;0.378907483143272;-1.3202318761321599;0.05175222654928178;-0.8367786610512044;-1.3949941627599078
pls_da;por_genotipo;BR16;5;1189;B3_BR16_IRRIG_REPROD00005.asd;B3;BR16;IRRIG;D06M;manha;D06;IRRIG;IRRIG;0.3686810444591407;True;0.3735487965604271;-1.3273755114515684;-0.017655632463919754;-0.837477105519543;-1.4035161172169057
pls_da;por_genotipo;BR16;5;1195;B3_BR16_NIRRIG_REPROD00003.asd;B3;BR16;NIRRIG;D06M;manha;D06;NIRRIG;NIRRIG;0.5957818255241178;True;0.44517215048013975;-1.65860071288494;0.1076863690146998;-0.6668572603211782;-1.557089890538375
pls_da;por_genotipo;BR16;5;1199;B3_BR16_NIRRIG_REPROD00007.asd;B3;BR16;NIRRIG;D06M;manha;D06;NIRRIG;NIRRIG;0.6702931478129698;True;0.4715216375534861;-1.7683121354248046;0.12417497448016913;-0.5708684375061248;-1.625640296160543
pls_da;por_genotipo;BR16;5;1352;B1_BR16_NIRR_REP_RECUP00000.asd;B1;BR16;NIRRIG;D09M;manha;D09;NIRRIG;NIRRIG;0.5178060532317139;True;0.4666864040983191;-1.6230314914252981;-0.1537430767268372;-0.6571549176217443;-1.6392908798861603
pls_da;por_genotipo;BR16;5;1365;B2_BR16_IRR_REP_RECUP00005.asd;B2;BR16;IRRIG;D09M;manha;D09;IRRIG;NIRRIG;0.5461530214810156;False;0.4281962943205829;-1.5934943656092915;0.06717912408413712;-0.6842086328075729;-1.5967415801958265
pls_da;por_genotipo;BR16;5;1373;B2_BR16_NIRR_REP_RECUP00005.asd;B2;BR16;NIRRIG;D09M;manha;D09;NIRRIG;IRRIG;0.4973247216289809;False;0.43173940146170675;-1.5550482036914524;-0.028712259005475835;-0.7309299559816896;-1.516011433003931
pls_da;por_genotipo;BR16;5;1376;B3_BR16_IRR_REP_RECUP00000.asd;B3;BR16;IRRIG;D09M;manha;D09;IRRIG;IRRIG;0.3480963246684908;True;0.33284700745145385;-1.308951681603201;0.007650107306745515;-0.8359447034516092;-1.3857460537507185
pls_da;por_genotipo;BR16;5;1377;B3_BR16_IRR_REP_RECUP00001.asd;B3;BR16;IRRIG;D09M;manha;D09;IRRIG;IRRIG;0.34851236437815736;True;0.3371322151808275;-1.3034502060124098;0.007571426399957418;-0.8370172369076913;-1.3870571124846154
pls_da;por_genotipo;BR16;5;1381;B3_BR16_IRR_REP_RECUP00005.asd;B3;BR16;IRRIG;D09M;manha;D09;IRRIG;IRRIG;0.48643620621488265;True;0.3761347096361548;-1.5061195934812395;0.1066269418961737;-0.7406734460954308;-1.4933071970810816
pls_da;por_genotipo;BR16;5;1383;B3_BR16_IRR_REP_RECUP00007.asd;B3;BR16;IRRIG;D09M;manha;D09;IRRIG;NIRRIG;0.5091794226799066;False;0.3955445800921393;-1.5398275275526618;0.0950820418815589;-0.7249044656751752;-1.519806625201313
pls_da;por_genotipo;BR16;5;1387;B3_BR16_NIRR_REP_RECUP00003.asd;B3;BR16;NIRRIG;D09M;manha;D09;NIRRIG;IRRIG;0.4930466833314285;False;0.42310534101336816;-1.5999419374361328;-0.08195674320993074;-0.7197339748155472;-1.5294981460532457
pls_da;por_genotipo;BR16;5;1388;B3_BR16_NIRR_REP_RECUP00004.asd;B3;BR16;NIRRIG;D09M;manha;D09;NIRRIG;IRRIG;0.49124501206797405;False;0.38518783229689174;-1.5604833413037875;0.057796771855898;-0.7583379520083738;-1.474093426351264
pls_da;por_genotipo;BR16;5;1392;B4_BR16_IRR_REP_RECUP00000.asd;B4;BR16;IRRIG;D09M;manha;D09;IRRIG;IRRIG;0.4183846087446669;True;0.3873961473933464;-1.3661931449720393;0.05564567987779678;-0.7971165184963264;-1.4626713386381827
pls_da;por_genotipo;BR16;5;1393;B4_BR16_IRR_REP_RECUP00001.asd;B4;BR16;IRRIG;D09M;manha;D09;IRRIG;IRRIG;0.41604802529004514;True;0.3879534999123259;-1.3555891620179488;0.057751283227675976;-0.7967682244502483;-1.4617819694294014
pls_da;por_genotipo;BR16;5;1400;B4_BR16_NIRR_REP_RECUP00000.asd;B4;BR16;NIRRIG;D09M;manha;D09;NIRRIG;NIRRIG;0.5132624496275939;True;0.4279149503145306;-1.5904268802093422;-0.019548454635349412;-0.7143391998363625;-1.5316861476737078
pls_da;por_genotipo;BR16;5;1402;B4_BR16_NIRR_REP_RECUP00002.asd;B4;BR16;NIRRIG;D09M;manha;D09;NIRRIG;NIRRIG;0.5318056532631086;True;0.43014823228773924;-1.6300819761659693;-0.011369838618800877;-0.7082687173775094;-1.533284981416201
pls_da;por_genotipo;BR16;5;1404;B4_BR16_NIRR_REP_RECUP00004.asd;B4;BR16;NIRRIG;D09M;manha;D09;NIRRIG;NIRRIG;0.5307799646902848;True;0.42508455376282867;-1.6263502095453737;-0.006053377984071157;-0.7013375617009743;-1.5364305809592702
pls_da;por_genotipo;BR16;5;1548;B1_BR16_NIRR_REP_RECUP00000.asd;B1;BR16;NIRRIG;D09T;tarde;D09;NIRRIG;IRRIG;0.4777640783358031;False;0.4547089709138892;-1.5109588741515554;-0.08281729121606063;-0.7373319976695778;-1.53803831566336
pls_da;por_genotipo;BR16;5;1561;B2_BR16_IRR_REP_RECUP00005.asd;B2;BR16;IRRIG;D09T;tarde;D09;IRRIG;NIRRIG;0.571258013063952;False;0.43787422007405213;-1.6067120707968623;0.12115809984889318;-0.6955767834948904;-1.5569928477715642
pls_da;por_genotipo;BR16;5;1564;B2_BR16_NIRR_REP_RECUP00008.asd;B2;BR16;NIRRIG;D09T;tarde;D09;NIRRIG;NIRRIG;0.520682785604676;True;0.45427293059342216;-1.6006309336002933;-0.06595745950613045;-0.7002544999517071;-1.5755818195849176
pls_da;por_genotipo;BR16;5;1567;B2_BR16_NIRR_REP_RECUP00011.asd;B2;BR16;NIRRIG;D09T;tarde;D09;NIRRIG;NIRRIG;0.5190454687639856;True;0.44736488305893024;-1.6174994324308258;-0.07607933406153611;-0.6988255188230487;-1.5818989211959507
pls_da;por_genotipo;BR16;5;1572;B3_BR16_IRR_REP_RECUP00000.asd;B3;BR16;IRRIG;D09T;tarde;D09;IRRIG;IRRIG;0.4261470266262018;True;0.39142466823980504;-1.462096477752727;-0.03721321660893789;-0.7899434677223739;-1.460162073334837
pls_da;por_genotipo;BR16;5;1573;B3_BR16_IRR_REP_RECUP00001.asd;B3;BR16;IRRIG;D09T;tarde;D09;IRRIG;IRRIG;0.4111747899368878;True;0.3750355018929257;-1.4330010897477248;-0.01615431867170723;-0.8008445010795936;-1.439226538745869
pls_da;por_genotipo;BR16;5;1577;B3_BR16_IRR_REP_RECUP00005.asd;B3;BR16;IRRIG;D09T;tarde;D09;IRRIG;NIRRIG;0.5542793518314947;False;0.4339765809131331;-1.6041254397553195;0.08299051700481114;-0.7096355533684089;-1.5227009284619353
pls_da;por_genotipo;BR16;5;1579;B3_BR16_IRR_REP_RECUP00007.asd;B3;BR16;IRRIG;D09T;tarde;D09;IRRIG;NIRRIG;0.5601494847645392;False;0.4256696789327809;-1.618546657248617;0.10314905562707097;-0.7109457694032528;-1.51091802837958
pls_da;por_genotipo;BR16;5;1583;B3_BR16_NIRR_REP_RECUP00003.asd;B3;BR16;NIRRIG;D09T;tarde;D09;NIRRIG;IRRIG;0.4603648487994964;False;0.41679090348474834;-1.4965003672891999;-0.020090457115863995;-0.7805792025880015;-1.4631001062934366
pls_da;por_genotipo;BR16;5;1584;B3_BR16_NIRR_REP_RECUP00004.asd;B3;BR16;NIRRIG;D09T;tarde;D09;NIRRIG;IRRIG;0.44614358949939376;False;0.38461751613549106;-1.4905737759297524;0.016872312850366916;-0.8006513677648158;-1.4258173659214652
pls_da;por_genotipo;BR16;5;1588;B4_BR16_IRR_REP_RECUP00000.asd;B4;BR16;IRRIG;D09T;tarde;D09;IRRIG;NIRRIG;0.5113145988133123;False;0.44484984394885285;-1.524149210433547;0.037142170966900735;-0.7459198954160937;-1.5156842747567478
pls_da;por_genotipo;BR16;5;1589;B4_BR16_IRR_REP_RECUP00001.asd;B4;BR16;IRRIG;D09T;tarde;D09;IRRIG;NIRRIG;0.5052219021387069;False;0.4436182592375984;-1.5102682952889468;0.03861420170287438;-0.7510742519380353;-1.5110109861079037
pls_da;por_genotipo;BR16;5;1596;B4_BR16_NIRR_REP_RECUP00000.asd;B4;BR16;NIRRIG;D09T;tarde;D09;NIRRIG;NIRRIG;0.5150684830563811;True;0.4128231054108834;-1.5219740692456685;0.11728513091639163;-0.7525105775570984;-1.4784393235628588
pls_da;por_genotipo;BR16;5;1598;B4_BR16_NIRR_REP_RECUP00002.asd;B4;BR16;NIRRIG;D09T;tarde;D09;NIRRIG;NIRRIG;0.5031533555115466;True;0.40432181739398837;-1.5028933029799465;0.11588883194869828;-0.7520917095925511;-1.4789895010796739
pls_da;por_genotipo;BR16;5;1600;B4_BR16_NIRR_REP_RECUP00004.asd;B4;BR16;NIRRIG;D09T;tarde;D09;NIRRIG;IRRIG;0.4729788515054011;False;0.38995568213851817;-1.4787199984456543;0.10593938583621207;-0.7996734071947387;-1.4212063754071655
pls_da;por_genotipo;BR16;5;1740;B1_BR16_NIRR_REP_RECUP00000.asd;B1;BR16;NIRRIG;D10M;manha;D10;NIRRIG;NIRRIG;0.5210674360789589;True;0.4168487565012814;-1.55035885073068;0.09812488319623912;-0.7478580918411314;-1.509696865889974
pls_da;por_genotipo;BR16;5;1785;B2_BR16_IRR_REP_RECUP00005.asd;B2;BR16;IRRIG;D10M;manha;D10;IRRIG;IRRIG;0.4605249126976157;True;0.4306066036324544;-1.3992194722001448;0.05421509612622141;-0.7767744639425173;-1.4581681347507627
pls_da;por_genotipo;BR16;5;1793;B2_BR16_NIRR_REP_RECUP00005.asd;B2;BR16;NIRRIG;D10M;manha;D10;NIRRIG;NIRRIG;0.5022705946343621;True;0.42705771545024057;-1.5714604692819154;-0.02938248071132951;-0.7161949445268614;-1.548155553904184
pls_da;por_genotipo;BR16;5;1828;B3_BR16_IRR_REP_RECUP00000.asd;B3;BR16;IRRIG;D10M;manha;D10;IRRIG;IRRIG;0.393920951861936;True;0.41044935148312744;-1.3167727972675412;-0.01888473823568548;-0.8033966380811555;-1.4325713369283968
pls_da;por_genotipo;BR16;5;1829;B3_BR16_IRR_REP_RECUP00001.asd;B3;BR16;IRRIG;D10M;manha;D10;IRRIG;IRRIG;0.39186202174104406;True;0.4109575536964768;-1.309392793802999;-0.0181674225833677;-0.804872388490842;-1.4289129431473702
pls_da;por_genotipo;BR16;5;1833;B3_BR16_IRR_REP_RECUP00005.asd;B3;BR16;IRRIG;D10M;manha;D10;IRRIG;IRRIG;0.4714926289089165;True;0.4296698448925015;-1.5203386126334597;-0.05259468169354139;-0.7530286570731282;-1.5136446830084076
pls_da;por_genotipo;BR16;5;1835;B3_BR16_IRR_REP_RECUP00007.asd;B3;BR16;IRRIG;D10M;manha;D10;IRRIG;IRRIG;0.46592691308045203;True;0.4274754346532383;-1.507567556642748;-0.0490320498512831;-0.7582875036793092;-1.5059888015349994
pls_da;por_genotipo;BR16;5;1839;B3_BR16_NIRR_REP_RECUP00003.asd;B3;BR16;NIRRIG;D10M;manha;D10;NIRRIG;IRRIG;0.3961294145212424;False;0.3905143750018849;-1.319414801398343;0.04903804306829787;-0.8348598668624128;-1.399569659788184
pls_da;por_genotipo;BR16;5;1840;B3_BR16_NIRR_REP_RECUP00004.asd;B3;BR16;NIRRIG;D10M;manha;D10;NIRRIG;IRRIG;0.44897951513982753;False;0.3950102108934923;-1.5062220369624304;-0.022329864714882797;-0.7796382722412392;-1.4831293579887679
pls_da;por_genotipo;BR16;5;1876;B4_BR16_IRR_REP_RECUP00000.asd;B4;BR16;IRRIG;D10M;manha;D10;IRRIG;IRRIG;0.4778116836879061;True;0.4013542892837073;-1.4723767270789754;0.08703866514772725;-0.7729548753792189;-1.4556593911638236
pls_da;por_genotipo;BR16;5;1877;B4_BR16_IRR_REP_RECUP00001.asd;B4;BR16;IRRIG;D10M;manha;D10;IRRIG;IRRIG;0.4839215664495766;True;0.404775546084414;-1.4866443612151863;0.08339478487752729;-0.7706474965392631;-1.4612261030822569
pls_da;por_genotipo;BR16;5;1884;B4_BR16_NIRR_REP_RECUP00000.asd;B4;BR16;NIRRIG;D10M;manha;D10;NIRRIG;IRRIG;0.47238297909391785;False;0.3909796434892733;-1.5014591017340966;0.08000706858652751;-0.8025340356359655;-1.4235141802000575
pls_da;por_genotipo;BR16;5;1886;B4_BR16_NIRR_REP_RECUP00002.asd;B4;BR16;NIRRIG;D10M;manha;D10;NIRRIG;IRRIG;0.4655987910520386;False;0.384694730771801;-1.4904375944926191;0.08317826740052288;-0.8041757611801922;-1.4187437844268709
pls_da;por_genotipo;BR16;5;1888;B4_BR16_NIRR_REP_RECUP00004.asd;B4;BR16;NIRRIG;D10M;manha;D10;NIRRIG;IRRIG;0.4934230558569663;False;0.41616308709675653;-1.525846901738162;0.056295076472999375;-0.7768754303956599;-1.4759333489562916
