seed;fold;banda_nm;vip
42;1;405;1.1112420749848888
42;1;415;1.0787852062064005
42;1;425;1.0542416883664343
42;1;435;1.0242098641759525
42;1;445;1.0049349910418264
42;1;455;0.9852342584837658
42;1;465;0.9697246571313536
42;1;475;0.957039976949782
42;1;485;0.944456512304755
42;1;495;0.9363488161688682
42;1;505;0.9381049410884468
42;1;515;0.9774766655931642
42;1;525;1.0735221544115172
42;1;535;1.1394789374570178
42;1;545;1.1398903368050566
42;1;555;1.1295407196090574
42;1;565;1.0787655759725951
42;1;575;1.0123476893229402
42;1;585;0.9744277104867316
42;1;595;0.9556493930226097
42;1;605;0.9465075431757618
42;1;615;0.9279767062672828
42;1;625;0.9182351441519769
42;1;635;0.9129826501107353
42;1;645;0.9019782777409435
42;1;655;0.8979120071337889
42;1;665;0.8951748931361327
42;1;675;0.9000837022203153
42;1;685;0.9162817271302164
42;1;695;1.024020413343216
42;1;705;1.204842427613329
42;1;715;0.9851946774738154
42;1;725;1.1500103694721522
42;1;735;1.3387677610667224
42;1;745;1.2266016254663965
42;1;755;1.0960148806355345
42;1;765;1.0253508943509342
42;1;775;0.9865499929719133
42;1;785;0.9681549921343692
42;1;795;0.9600969367657648
42;1;805;0.9554168688575275
42;1;815;0.9470029254522977
42;1;825;0.934841389966074
42;1;835;0.9218668131920078
42;1;845;0.9085178323755343
42;1;855;0.8990595302822323
42;1;865;0.8944326759237438
42;1;875;0.8925184952731384
42;1;885;0.8918199500623247
42;1;895;0.8915673109080056
42;1;905;0.891959280297657
42;1;915;0.8923252611651519
42;1;925;0.8932116408201994
42;1;935;0.8941601633742702
42;1;945;0.8971184403455656
42;1;955;0.8996961958678875
42;1;965;0.8997070844435421
42;1;975;0.9055060150953821
42;1;985;0.9086192174391196
42;1;995;0.9152172146700476
42;1;1005;0.9140963497809294
42;1;1015;0.9154728535458336
42;1;1025;0.9129136504600992
42;1;1035;0.9150333640506979
42;1;1045;0.9147607037968326
42;1;1055;0.9167971493697875
42;1;1065;0.9164634430938478
42;1;1075;0.9142252748306291
42;1;1085;0.9091799024392534
42;1;1095;0.9018069199967716
42;1;1105;0.8950918880299669
42;1;1115;0.8934145595007746
42;1;1125;0.8949138503964441
42;1;1135;0.8958899556880058
42;1;1145;0.8952549060560561
42;1;1155;0.8943396068092481
42;1;1165;0.8913639848122151
42;1;1175;0.8867646001669647
42;1;1185;0.8825737055151028
42;1;1195;0.8776542347178293
42;1;1205;0.8736597219717999
42;1;1215;0.8713669250354875
42;1;1225;0.869379093592684
42;1;1235;0.8690091703918233
42;1;1245;0.8700521305549159
42;1;1255;0.8697883791406085
42;1;1265;0.8731543744861167
42;1;1275;0.8775626261327325
42;1;1285;0.8837926184141452
42;1;1295;0.8997641098398533
42;1;1305;0.9159720625951686
42;1;1315;0.9152904712861456
42;1;1325;0.9019743581766015
42;1;1335;0.880776548759559
42;1;1345;0.7996576337810353
42;1;1355;0.572112712146149
42;1;1365;0.4015923382482736
42;1;1375;0.647076163401143
42;1;1385;0.8233503699604531
42;1;1395;0.8804510958146017
42;1;1405;0.9035343169986787
42;1;1415;0.9251545918709487
42;1;1425;0.9587926172522538
42;1;1435;0.997556370402318
42;1;1445;1.0301045411742689
42;1;1455;1.0487761191845704
42;1;1465;1.0544406453549595
42;1;1475;1.0521312655954995
42;1;1485;1.044240230187502
42;1;1495;1.032459252625181
42;1;1505;1.016455406773952
42;1;1515;0.9997610239304211
42;1;1525;0.9801007038987688
42;1;1535;0.95875207885667
42;1;1545;0.9361124427505576
42;1;1555;0.9144266144765241
42;1;1565;0.8939157915112698
42;1;1575;0.8749635875860505
42;1;1585;0.8595630316688132
42;1;1595;0.8455906513248089
42;1;1605;0.8318384681530628
42;1;1615;0.8189160848367015
42;1;1625;0.8071539507823362
42;1;1635;0.795924114841841
42;1;1645;0.7899471244215357
42;1;1655;0.7877069448833334
42;1;1665;0.8051305209905093
42;1;1675;0.8567654217779939
42;1;1685;0.933104863248403
42;1;1695;1.0071385583278452
42;1;1705;1.068787686677343
42;1;1715;1.1159257704562533
42;1;1725;1.1259012713922383
42;1;1735;1.0906083316279178
42;1;1745;1.0424172716747862
42;1;1755;1.0027530256500394
42;1;1765;0.9650214757896818
42;1;1775;0.9412513452097205
42;1;1785;0.9405335179320088
42;1;1795;0.9462219779806905
42;1;1805;0.9548291961332892
42;1;1815;0.9602662358556975
42;1;1825;0.9605374178839553
42;1;1835;0.9183972256434101
42;1;1845;0.9040136946396918
42;1;1855;0.8848644006503322
42;1;1865;0.8880465081112126
42;1;1875;0.9394684533068824
42;1;1885;1.0739460849755122
42;1;1895;1.3668934968244775
42;1;1905;1.6785979886266007
42;1;1915;1.8108621095243218
42;1;1925;1.8327713459843116
42;1;1935;1.8043524025162698
42;1;1945;1.7314961673929268
42;1;1955;1.6401823388747598
42;1;1965;1.5494427602472385
42;1;1975;1.4668533441591487
42;1;1985;1.3956514353518836
42;1;1995;1.336834051332308
42;1;2005;1.2845867350426536
42;1;2015;1.236720313072735
42;1;2025;1.191269912332936
42;1;2035;1.1435674726181435
42;1;2045;1.093624487953566
42;1;2055;1.049105289941257
42;1;2065;1.0120284752129907
42;1;2075;0.9779692819913478
42;1;2085;0.9471062100797164
42;1;2095;0.9227944668648749
42;1;2105;0.9037107970898505
42;1;2115;0.8905609075449762
42;1;2125;0.8846256200351933
42;1;2135;0.8848142552408865
42;1;2145;0.8904516164753127
42;1;2155;0.9004137285340434
42;1;2165;0.910409765575643
42;1;2175;0.9178687909980459
42;1;2185;0.9197075679535885
42;1;2195;0.9204606463900075
42;1;2205;0.9161995328757057
42;1;2215;0.9139454036777552
42;1;2225;0.9147450350032948
42;1;2235;0.9162880686717313
42;1;2245;0.92501904866689
42;1;2255;0.9371679627647089
42;1;2265;0.945262958691478
42;1;2275;0.9391698089175465
42;1;2285;0.9280736177958318
42;1;2295;0.9226496196801348
42;1;2305;0.9124727453553995
42;1;2315;0.8950307697614331
42;1;2325;0.887222001304215
42;1;2335;0.8869128333608947
42;1;2345;0.8892701969248098
42;1;2355;0.8998489571526402
42;1;2365;0.9172150856439583
42;1;2375;0.9389086606054626
42;1;2385;0.9615744177074704
42;1;2395;0.9911071307486121
42;1;2405;1.0199268972266269
42;1;2415;1.0492240556962251
42;1;2425;1.085771393625651
42;1;2435;1.1341191667754713
42;1;2445;1.1878054538407745
42;1;2450;1.200345255847008
42;2;405;1.1399256083021054
42;2;415;1.1101335951078208
42;2;425;1.0891472023041189
42;2;435;1.0598732836049527
42;2;445;1.039564128541749
42;2;455;1.02089071286888
42;2;465;1.004871684473962
42;2;475;0.9918419502246241
42;2;485;0.9784940506187322
42;2;495;0.9695135815737044
42;2;505;0.969539704482091
42;2;515;1.0010115913404498
42;2;525;1.0426388489671117
42;2;535;1.053011092465779
42;2;545;1.0323419562310736
42;2;555;1.0165705096835518
42;2;565;1.003565352138247
42;2;575;0.9883630331106859
42;2;585;0.9762549062402799
42;2;595;0.9672001668138583
42;2;605;0.9641491897382379
42;2;615;0.9530375624217643
42;2;625;0.9449188249858906
42;2;635;0.9396054151246946
42;2;645;0.9270438928182173
42;2;655;0.9211764845476843
42;2;665;0.9167846032638053
42;2;675;0.9229187092124721
42;2;685;0.943309454397654
42;2;695;1.0332182437699406
42;2;705;0.9423010726306528
42;2;715;0.7263360500972814
42;2;725;0.9162223456071649
42;2;735;1.2432153921561393
42;2;745;1.2458241367206475
42;2;755;1.1392542200902283
42;2;765;1.0681286346672492
42;2;775;1.025876248848093
42;2;785;1.0044368070433833
42;2;795;0.9945833842487655
42;2;805;0.9888059012897016
42;2;815;0.9781078973839693
42;2;825;0.9637863824624163
42;2;835;0.9484434686270197
42;2;845;0.9313794823002892
42;2;855;0.918960922824638
42;2;865;0.9116259418542491
42;2;875;0.9081502999082045
42;2;885;0.9058277576466501
42;2;895;0.9045642483054198
42;2;905;0.904153614761311
42;2;915;0.9036405124160721
42;2;925;0.903921038684386
42;2;935;0.9040881747608285
42;2;945;0.9059033627344979
42;2;955;0.9083293996254143
42;2;965;0.9085510133728095
42;2;975;0.9135967643363738
42;2;985;0.916778460588481
42;2;995;0.9221512761896054
42;2;1005;0.920219735785825
42;2;1015;0.9207763903978701
42;2;1025;0.9208529544890699
42;2;1035;0.920878424243883
42;2;1045;0.9218134600668288
42;2;1055;0.9225936668497304
42;2;1065;0.9230625934097755
42;2;1075;0.9208679950737273
42;2;1085;0.9160944540231843
42;2;1095;0.9072116002114717
42;2;1105;0.9011924626879725
42;2;1115;0.9015335863745285
42;2;1125;0.9060613606996292
42;2;1135;0.9107082758523816
42;2;1145;0.9138231183046108
42;2;1155;0.916179609919267
42;2;1165;0.9150947636911179
42;2;1175;0.9114613805758088
42;2;1185;0.9088583746833758
42;2;1195;0.9047216286189067
42;2;1205;0.8999469374570983
42;2;1215;0.8959928827539124
42;2;1225;0.8922739367121426
42;2;1235;0.8900600483564243
42;2;1245;0.8897838944079902
42;2;1255;0.8895552431067691
42;2;1265;0.8903119453949587
42;2;1275;0.8923437289568975
42;2;1285;0.8952165970469093
42;2;1295;0.9069732782822302
42;2;1305;0.9241192181492834
42;2;1315;0.9274195812666528
42;2;1325;0.9165976391058129
42;2;1335;0.8989202821838378
42;2;1345;0.8303595169668521
42;2;1355;0.6562543374174125
42;2;1365;0.38506343037900587
42;2;1375;0.5000021912053114
42;2;1385;0.8416215257932429
42;2;1395;0.9336829054064067
42;2;1405;0.958649977556205
42;2;1415;0.9776330645955906
42;2;1425;1.0074450262375452
42;2;1435;1.041515985364937
42;2;1445;1.069715129541014
42;2;1455;1.086055595239865
42;2;1465;1.0905764676469367
42;2;1475;1.0878138254329368
42;2;1485;1.080769884686763
42;2;1495;1.0695353468327298
42;2;1505;1.0536882105653471
42;2;1515;1.0358836030535612
42;2;1525;1.0139695604926342
42;2;1535;0.9902334425962739
42;2;1545;0.9628665766614031
42;2;1555;0.9360545437889108
42;2;1565;0.90956670156142
42;2;1575;0.8847706004502183
42;2;1585;0.8639465527806409
42;2;1595;0.8442323420157494
42;2;1605;0.8259218441641223
42;2;1615;0.8082140325292736
42;2;1625;0.7928212781766877
42;2;1635;0.7779803795280459
42;2;1645;0.774277900375019
42;2;1655;0.7738599243399046
42;2;1665;0.8011901806423417
42;2;1675;0.8776937743275423
42;2;1685;0.9744715234854596
42;2;1695;1.067226157638213
42;2;1705;1.1327014315957031
42;2;1715;1.1805161444610481
42;2;1725;1.178592753615145
42;2;1735;1.1382026979775846
42;2;1745;1.0755857185733069
42;2;1755;1.0262773476131115
42;2;1765;0.9767634490814808
42;2;1775;0.9483984541808345
42;2;1785;0.9435181316199358
42;2;1795;0.9463187275768213
42;2;1805;0.9573683701730301
42;2;1815;0.9590442518519038
42;2;1825;0.9572470709935851
42;2;1835;0.9295542073380653
42;2;1845;0.9131244301299205
42;2;1855;0.8997732335449536
42;2;1865;0.918317787331915
42;2;1875;0.9833011438415745
42;2;1885;1.1068740810878406
42;2;1895;1.3262128200970575
42;2;1905;1.5410808365425461
42;2;1915;1.6398860926018575
42;2;1925;1.6633563472661748
42;2;1935;1.6483536984171017
42;2;1945;1.5997631050695453
42;2;1955;1.537056952501537
42;2;1965;1.47279581142893
42;2;1975;1.4133133484402842
42;2;1985;1.361105397799154
42;2;1995;1.316480084532458
42;2;2005;1.2766375279693185
42;2;2015;1.2374242856622208
42;2;2025;1.19946600181484
42;2;2035;1.157084446363031
42;2;2045;1.1115643935079507
42;2;2055;1.0701637164734308
42;2;2065;1.0346285415296528
42;2;2075;1.0027794870625755
42;2;2085;0.9720604885940879
42;2;2095;0.9472205726002472
42;2;2105;0.9272159176529113
42;2;2115;0.9121347298204993
42;2;2125;0.9037482009286504
42;2;2135;0.9003533115187049
42;2;2145;0.9019726237223405
42;2;2155;0.9074020415847378
42;2;2165;0.9140351221935132
42;2;2175;0.918625825675196
42;2;2185;0.9203064062246606
42;2;2195;0.9218197211701743
42;2;2205;0.9178500526082561
42;2;2215;0.9157614615823415
42;2;2225;0.9168975255314213
42;2;2235;0.9179525972714792
42;2;2245;0.9236531548892499
42;2;2255;0.9328398283636774
42;2;2265;0.9385450067412741
42;2;2275;0.9328039210324677
42;2;2285;0.9253045214569426
42;2;2295;0.9206570956581652
42;2;2305;0.9131704462366577
42;2;2315;0.9030864123954498
42;2;2325;0.9016410750067704
42;2;2335;0.9058791203952017
42;2;2345;0.9119288142265838
42;2;2355;0.9257559571972775
42;2;2365;0.9447889139455783
42;2;2375;0.9673419716926704
42;2;2385;0.9879662237123327
42;2;2395;1.0127249372004266
42;2;2405;1.0342791121207366
42;2;2415;1.0593606648529468
42;2;2425;1.0855847193323425
42;2;2435;1.1161081213503654
42;2;2445;1.1500850841946344
42;2;2450;1.165153712820054
42;3;405;1.1699453873219077
42;3;415;1.1501821364364744
42;3;425;1.133753277862822
42;3;435;1.1093090027985537
42;3;445;1.0944519670591484
42;3;455;1.076916917288907
42;3;465;1.0627532116238552
42;3;475;1.0498594216848447
42;3;485;1.0353635356227178
42;3;495;1.0252644337059875
42;3;505;1.0186366732419727
42;3;515;1.0230289069845075
42;3;525;1.0099358804871057
42;3;535;0.9833040103340939
42;3;545;0.9533447541899127
42;3;555;0.9365831376010663
42;3;565;0.9482524612710812
42;3;575;0.9676925112177456
42;3;585;0.9727882821400162
42;3;595;0.9728416139170659
42;3;605;0.9747222516642999
42;3;615;0.9729215050055662
42;3;625;0.9687619157503744
42;3;635;0.9649216274520439
42;3;645;0.9585953623127729
42;3;655;0.9565729309003221
42;3;665;0.9556799055596992
42;3;675;0.9648991877521368
42;3;685;0.9836692239022442
42;3;695;1.0081104533150966
42;3;705;0.6859502577362809
42;3;715;0.3501030785467492
42;3;725;0.5811828847283603
42;3;735;1.0377320144265536
42;3;745;1.144854518827177
42;3;755;1.0974581063643567
42;3;765;1.0531747779549279
42;3;775;1.023371889029032
42;3;785;1.0070237867014356
42;3;795;0.9993826982250139
42;3;805;0.9938698559603141
42;3;815;0.9857390035067668
42;3;825;0.9737176153818039
42;3;835;0.9609399325662291
42;3;845;0.947315931666274
42;3;855;0.936483618974105
42;3;865;0.9301365913021005
42;3;875;0.926777498666174
42;3;885;0.9242784657150468
42;3;895;0.9228636135441121
42;3;905;0.922094564238101
42;3;915;0.9213444651081434
42;3;925;0.9211230117227579
42;3;935;0.9207056977647927
42;3;945;0.9209542679859752
42;3;955;0.9210431417388324
42;3;965;0.9209039895744298
42;3;975;0.9233869314315394
42;3;985;0.9251426425364243
42;3;995;0.9288084238337938
42;3;1005;0.927305527718155
42;3;1015;0.9281844839063965
42;3;1025;0.927215125294252
42;3;1035;0.9273331128933062
42;3;1045;0.9283375577683532
42;3;1055;0.9289226166136424
42;3;1065;0.9269408473887164
42;3;1075;0.9235082955795046
42;3;1085;0.9204290375372826
42;3;1095;0.9155925641786202
42;3;1105;0.9127933407171306
42;3;1115;0.9145495680498277
42;3;1125;0.9207604382754958
42;3;1135;0.9280897468644491
42;3;1145;0.9361741896938895
42;3;1155;0.9453857006078584
42;3;1165;0.9492268502406789
42;3;1175;0.9475575610821211
42;3;1185;0.9471446797727584
42;3;1195;0.9454950275426056
42;3;1205;0.9401803903967011
42;3;1215;0.9349614982278177
42;3;1225;0.9289863705829369
42;3;1235;0.92461519467265
42;3;1245;0.9228145916351949
42;3;1255;0.9222041940481646
42;3;1265;0.9200218590545992
42;3;1275;0.9201357166892625
42;3;1285;0.9185458019971253
42;3;1295;0.9196620231831513
42;3;1305;0.9252445138639015
42;3;1315;0.9233683079377413
42;3;1325;0.9133791771221867
42;3;1335;0.9058997666105557
42;3;1345;0.9117318986859893
42;3;1355;0.9535502256214456
42;3;1365;0.9555920015385438
42;3;1375;0.8821835836810873
42;3;1385;0.8814772912063736
42;3;1395;0.9222493374583619
42;3;1405;0.9491129768652453
42;3;1415;0.9705279700169837
42;3;1425;0.9985432537693856
42;3;1435;1.028817891203991
42;3;1445;1.0537073227115104
42;3;1455;1.067674896508912
42;3;1465;1.0718439152585422
42;3;1475;1.0696228243350183
42;3;1485;1.0623219995537578
42;3;1495;1.0514080776163208
42;3;1505;1.0366163395715753
42;3;1515;1.020139167297897
42;3;1525;1.0004785136042715
42;3;1535;0.9793253110100434
42;3;1545;0.9577379942700514
42;3;1555;0.9373674130331634
42;3;1565;0.9188208337912435
42;3;1575;0.9027483387895079
42;3;1585;0.8897982580048713
42;3;1595;0.8780566222892129
42;3;1605;0.8678700390233791
42;3;1615;0.8580429328503623
42;3;1625;0.8499876106915625
42;3;1635;0.8419652805232692
42;3;1645;0.8390425613218248
42;3;1655;0.8390031573141791
42;3;1665;0.8528428656987708
42;3;1675;0.8898910170907697
42;3;1685;0.9486808943670553
42;3;1695;1.0031463480046334
42;3;1705;1.0440591773398433
42;3;1715;1.0768084762185715
42;3;1725;1.0730806881052075
42;3;1735;1.0474505122800697
42;3;1745;1.0116270982497788
42;3;1755;0.9806533532404361
42;3;1765;0.9551588519660379
42;3;1775;0.9396472740447469
42;3;1785;0.9396343942531755
42;3;1795;0.9407840763036254
42;3;1805;0.9457692556413255
42;3;1815;0.9459112992065954
42;3;1825;0.9466744742463434
42;3;1835;0.9182035923262787
42;3;1845;0.9170349037463031
42;3;1855;0.9205028114844591
42;3;1865;0.948601794828357
42;3;1875;1.0120428903263603
42;3;1885;1.1226466859428408
42;3;1895;1.3017899978286933
42;3;1905;1.4590553073289616
42;3;1915;1.5234433159372927
42;3;1925;1.5463432702017843
42;3;1935;1.5424795615000237
42;3;1945;1.5145473775696958
42;3;1955;1.4746154305847283
42;3;1965;1.4287449215067325
42;3;1975;1.3848317374577734
42;3;1985;1.3436711822938077
42;3;1995;1.3093331124612104
42;3;2005;1.2761031848168007
42;3;2015;1.243755965918604
42;3;2025;1.213649634403085
42;3;2035;1.180274983599991
42;3;2045;1.1439917439428469
42;3;2055;1.1098284610591334
42;3;2065;1.0775693984279007
42;3;2075;1.045460524169195
42;3;2085;1.015161510742012
42;3;2095;0.9888914762683143
42;3;2105;0.9665118922577929
42;3;2115;0.9472992840919172
42;3;2125;0.9330621610930462
42;3;2135;0.9228371882259735
42;3;2145;0.91629770537037
42;3;2155;0.9126745620881633
42;3;2165;0.9119928990051741
42;3;2175;0.9122308520103684
42;3;2185;0.9132818993321382
42;3;2195;0.9154365656262917
42;3;2205;0.9163264896450523
42;3;2215;0.9173187381370157
42;3;2225;0.9186638483168238
42;3;2235;0.9188311583309883
42;3;2245;0.9195894847234719
42;3;2255;0.9208038013409382
42;3;2265;0.9218579667573418
42;3;2275;0.9189771488472659
42;3;2285;0.9161733318432085
42;3;2295;0.9152773595214335
42;3;2305;0.9132633275161356
42;3;2315;0.9131161605729289
42;3;2325;0.9190099939699172
42;3;2335;0.9269170696563035
42;3;2345;0.9342386704736656
42;3;2355;0.9482040259390867
42;3;2365;0.9639199955064716
42;3;2375;0.9817252792492271
42;3;2385;0.9956181911703258
42;3;2395;1.012576009916275
42;3;2405;1.0262105665885843
42;3;2415;1.041472469448259
42;3;2425;1.0542476028895131
42;3;2435;1.072546766032217
42;3;2445;1.0972493788100008
42;3;2450;1.1005675582871786
42;4;405;1.1744139044120614
42;4;415;1.1517352085831805
42;4;425;1.1231195811917334
42;4;435;1.0910875932017496
42;4;445;1.0689585153731354
42;4;455;1.0482153550152804
42;4;465;1.0291128365499334
42;4;475;1.0132528588326073
42;4;485;0.9967065459133606
42;4;495;0.9851361103028771
42;4;505;0.9822581413032443
42;4;515;1.0075724190522566
42;4;525;1.0363311033514224
42;4;535;1.0320059092265557
42;4;545;1.0011486819627375
42;4;555;0.9791678197878749
42;4;565;0.971834066249692
42;4;575;0.9675995985965936
42;4;585;0.9602827185650917
42;4;595;0.9540103010962847
42;4;605;0.9526989706738823
42;4;615;0.944597329565956
42;4;625;0.9378742240827214
42;4;635;0.9329114200837807
42;4;645;0.9224798146314862
42;4;655;0.9190939328824316
42;4;665;0.9178287345953574
42;4;675;0.9289620844310565
42;4;685;0.9547236647489601
42;4;695;1.0290424976867807
42;4;705;0.8507016747142782
42;4;715;0.5948086570985016
42;4;725;0.8237156013469373
42;4;735;1.211066930269751
42;4;745;1.2349543443484883
42;4;755;1.1344721502599904
42;4;765;1.0626235372121675
42;4;775;1.0184189913533854
42;4;785;0.9952691707978912
42;4;795;0.9850741407641902
42;4;805;0.9781881189650818
42;4;815;0.9670875975645431
42;4;825;0.9515048797784833
42;4;835;0.9348397091214178
42;4;845;0.9171816070699373
42;4;855;0.9041137861962804
42;4;865;0.8969230216430324
42;4;875;0.8934004904263024
42;4;885;0.8914661792470456
42;4;895;0.890470667850964
42;4;905;0.8903302741208249
42;4;915;0.8901211925419066
42;4;925;0.8909312588554688
42;4;935;0.8915570548451967
42;4;945;0.8943607890775302
42;4;955;0.8979201650871512
42;4;965;0.8984847452294863
42;4;975;0.904045152445568
42;4;985;0.9076153969081524
42;4;995;0.9143830174590533
42;4;1005;0.9114256150138491
42;4;1015;0.9103014335994405
42;4;1025;0.9101307662344351
42;4;1035;0.9104465483722545
42;4;1045;0.9111455041508681
42;4;1055;0.9113402654622009
42;4;1065;0.9132920359668519
42;4;1075;0.9127750875380392
42;4;1085;0.910541848783635
42;4;1095;0.9018394519413262
42;4;1105;0.8948448121396342
42;4;1115;0.8913591612561923
42;4;1125;0.893768000896129
42;4;1135;0.8966832775684012
42;4;1145;0.8997771850131451
42;4;1155;0.9040413196987936
42;4;1165;0.9050810960695569
42;4;1175;0.9024221376403117
42;4;1185;0.901728701878537
42;4;1195;0.8989322360475414
42;4;1205;0.8934274822591767
42;4;1215;0.8886487359996157
42;4;1225;0.8837779024405552
42;4;1235;0.8800339866665602
42;4;1245;0.87852190029069
42;4;1255;0.8779651208677237
42;4;1265;0.8774664621849396
42;4;1275;0.8784691625312674
42;4;1285;0.8789684334913127
42;4;1295;0.8875432389767847
42;4;1305;0.9039920467791319
42;4;1315;0.9114026770511793
42;4;1325;0.902651132419645
42;4;1335;0.8793517679399786
42;4;1345;0.8178164971888232
42;4;1355;0.7365703641807251
42;4;1365;0.6487024653258406
42;4;1375;0.5895092249513639
42;4;1385;0.7932435427287571
42;4;1395;0.9000669357309421
42;4;1405;0.9378691105184581
42;4;1415;0.9629199189977639
42;4;1425;0.9964268365061474
42;4;1435;1.033728901376667
42;4;1445;1.064236694716356
42;4;1455;1.0816633828080073
42;4;1465;1.086389109335172
42;4;1475;1.0825497456128634
42;4;1485;1.0731792188525886
42;4;1495;1.060125410293525
42;4;1505;1.0412614349857248
42;4;1515;1.0200191841409876
42;4;1525;0.9942082064628498
42;4;1535;0.9655730301918021
42;4;1545;0.9346393887486217
42;4;1555;0.9053384137080325
42;4;1565;0.8779883438289312
42;4;1575;0.8552822235230597
42;4;1585;0.8375314028874624
42;4;1595;0.8224091145996405
42;4;1605;0.811028865214777
42;4;1615;0.8016094748639656
42;4;1625;0.7961844969105137
42;4;1635;0.7925580078328941
42;4;1645;0.7978303909114043
42;4;1655;0.8100201606091081
42;4;1665;0.8503108823890934
42;4;1675;0.9416178826454854
42;4;1685;1.0481678149579265
42;4;1695;1.1422418632292775
42;4;1705;1.2080498453105302
42;4;1715;1.255525678192949
42;4;1725;1.2515736387704597
42;4;1735;1.1999904771678875
42;4;1745;1.1262315554814601
42;4;1755;1.0606856305819268
42;4;1765;0.9971065600763497
42;4;1775;0.9607556314548928
42;4;1785;0.9535552442866193
42;4;1795;0.956248836054799
42;4;1805;0.9650154375825024
42;4;1815;0.970253345638813
42;4;1825;0.966919489300463
42;4;1835;0.9059362986154567
42;4;1845;0.8943055064088966
42;4;1855;0.8877499305264763
42;4;1865;0.9184648985378132
42;4;1875;1.0012400373196457
42;4;1885;1.1443428193629064
42;4;1895;1.3752558503331025
42;4;1905;1.5677301663523353
42;4;1915;1.643083031815986
42;4;1925;1.6581460793037104
42;4;1935;1.6471259894916013
42;4;1945;1.6084159275872332
42;4;1955;1.5555339466653586
42;4;1965;1.4988252550896992
42;4;1975;1.443674809552527
42;4;1985;1.3933887961584246
42;4;1995;1.349853641044482
42;4;2005;1.308945478011337
42;4;2015;1.2689488459838507
42;4;2025;1.2296956650445003
42;4;2035;1.1862544981118808
42;4;2045;1.1383474992915281
42;4;2055;1.0928474968660447
42;4;2065;1.0521089764158826
42;4;2075;1.0136064947821142
42;4;2085;0.9764426056467596
42;4;2095;0.9460156466026236
42;4;2105;0.9212566665908448
42;4;2115;0.9016452483471119
42;4;2125;0.8899275356600378
42;4;2135;0.8840389572941364
42;4;2145;0.8835918941607788
42;4;2155;0.88719169862314
42;4;2165;0.8924130380845233
42;4;2175;0.8966180102143473
42;4;2185;0.8986740300626092
42;4;2195;0.90010663780527
42;4;2205;0.8981189807130839
42;4;2215;0.8962806045420534
42;4;2225;0.8975856265906049
42;4;2235;0.8990808747480622
42;4;2245;0.904611040306423
42;4;2255;0.9128341614950131
42;4;2265;0.9191729724086268
42;4;2275;0.9147828142392702
42;4;2285;0.9078996370634619
42;4;2295;0.9032939821405778
42;4;2305;0.8955235789871208
42;4;2315;0.8860299636001683
42;4;2325;0.8855991906877635
42;4;2335;0.891326961993815
42;4;2345;0.8986057566182039
42;4;2355;0.9155554426730065
42;4;2365;0.9359258295878263
42;4;2375;0.9607427257662954
42;4;2385;0.9823835385454581
42;4;2395;1.0092235070885465
42;4;2405;1.0317464932760423
42;4;2415;1.0591847217035149
42;4;2425;1.0873936357246488
42;4;2435;1.1166808955761824
42;4;2445;1.1545013188660331
42;4;2450;1.164992443803786
43;1;405;1.169332856520138
43;1;415;1.1449549552180187
43;1;425;1.1207037901692978
43;1;435;1.0907381228957944
43;1;445;1.0718067992764773
43;1;455;1.0519065797707967
43;1;465;1.0347782687840827
43;1;475;1.0196382261064394
43;1;485;1.0034254517213195
43;1;495;0.9928570540993092
43;1;505;0.9902816582324384
43;1;515;1.0132071365110171
43;1;525;1.04454178860842
43;1;535;1.0446639061428011
43;1;545;1.0185974301692524
43;1;555;0.9991696995568671
43;1;565;0.990177325085938
43;1;575;0.9809353658912643
43;1;585;0.9696736602280868
43;1;595;0.9622620277607699
43;1;605;0.9591340118802625
43;1;615;0.9496252896503384
43;1;625;0.942386779676962
43;1;635;0.9373405772375477
43;1;645;0.9277036881939209
43;1;655;0.9237270744331333
43;1;665;0.9212795145692361
43;1;675;0.9291256094057121
43;1;685;0.9493024507967533
43;1;695;1.0127397738019566
43;1;705;0.8407048248224442
43;1;715;0.5539301202985022
43;1;725;0.7737925880004054
43;1;735;1.1624110236004532
43;1;745;1.1909208476275603
43;1;755;1.1040902568617934
43;1;765;1.0437254057838465
43;1;775;1.0071568002949556
43;1;785;0.9879986411819471
43;1;795;0.9795659101562241
43;1;805;0.9738753733386339
43;1;815;0.9646478939220812
43;1;825;0.951727708115441
43;1;835;0.9381044422061459
43;1;845;0.9238726498232315
43;1;855;0.9131917922011799
43;1;865;0.9074573160070948
43;1;875;0.9046423939728159
43;1;885;0.9029805777662668
43;1;895;0.902092955644939
43;1;905;0.9018827459623542
43;1;915;0.9017544419695501
43;1;925;0.9021650565458205
43;1;935;0.9024309381480152
43;1;945;0.9042324372567702
43;1;955;0.9061026543051734
43;1;965;0.9059522729819005
43;1;975;0.9102517389182138
43;1;985;0.9126734647096195
43;1;995;0.9177801773309404
43;1;1005;0.9160861376482814
43;1;1015;0.915772030487099
43;1;1025;0.9141252157906604
43;1;1035;0.9154035887626996
43;1;1045;0.9145350706728369
43;1;1055;0.9161797580599547
43;1;1065;0.9144744887606131
43;1;1075;0.9124671829062765
43;1;1085;0.9092830889686386
43;1;1095;0.9032454207341691
43;1;1105;0.89852446641895
43;1;1115;0.8983719892808936
43;1;1125;0.9021736992771022
43;1;1135;0.9057517668993336
43;1;1145;0.9094857091873731
43;1;1155;0.913484875801842
43;1;1165;0.9140727130478501
43;1;1175;0.9106117747313837
43;1;1185;0.9087768053131943
43;1;1195;0.9051059728295883
43;1;1205;0.9002424883813823
43;1;1215;0.8959830014703917
43;1;1225;0.8916526784834218
43;1;1235;0.8886340210596383
43;1;1245;0.8880965380224277
43;1;1255;0.88788888509151
43;1;1265;0.8874207320797576
43;1;1275;0.8889246990533958
43;1;1285;0.889751569601941
43;1;1295;0.8963591924418486
43;1;1305;0.9077048323258801
43;1;1315;0.9099152364623481
43;1;1325;0.9010320453424816
43;1;1335;0.8862415073933115
43;1;1345;0.8495073908837629
43;1;1355;0.7892722862237774
43;1;1365;0.7367878442094172
43;1;1375;0.7420649965698076
43;1;1385;0.8394517080644063
43;1;1395;0.8998292835595396
43;1;1405;0.9298855865080208
43;1;1415;0.9538744383324304
43;1;1425;0.9856791386484199
43;1;1435;1.0203659171073785
43;1;1445;1.048832570413305
43;1;1455;1.0650680778070805
43;1;1465;1.0694767671248486
43;1;1475;1.0661988447036566
43;1;1485;1.0578997469140063
43;1;1495;1.0456042226516573
43;1;1505;1.0288920475115262
43;1;1515;1.0107512460986017
43;1;1525;0.9892247208544224
43;1;1535;0.9656778004136509
43;1;1545;0.9408644000167666
43;1;1555;0.9175544694295908
43;1;1565;0.8968442931856264
43;1;1575;0.8790462606391389
43;1;1585;0.8647167394439358
43;1;1595;0.8520044206819738
43;1;1605;0.8411325069592328
43;1;1615;0.8308160229684426
43;1;1625;0.8221080352072768
43;1;1635;0.8146760668499051
43;1;1645;0.813938730232527
43;1;1655;0.815607922893489
43;1;1665;0.8373376948241082
43;1;1675;0.8980580463761467
43;1;1685;0.9798319456286956
43;1;1695;1.0524369528012343
43;1;1705;1.1113626326347599
43;1;1715;1.1516539572520597
43;1;1725;1.1470217391327233
43;1;1735;1.1104164506676475
43;1;1745;1.0600547177066544
43;1;1755;1.0152577981987865
43;1;1765;0.9745309931000588
43;1;1775;0.9483758749402369
43;1;1785;0.9458668045756985
43;1;1795;0.9480318081136202
43;1;1805;0.9546840015715778
43;1;1815;0.9562773415816835
43;1;1825;0.9584821296704252
43;1;1835;0.9203829010794259
43;1;1845;0.9069433356381211
43;1;1855;0.8965183486321775
43;1;1865;0.9167092695934916
43;1;1875;0.9860292366161292
43;1;1885;1.1256923161771224
43;1;1895;1.3733024757178973
43;1;1905;1.5969107571689805
43;1;1915;1.6839028734608248
43;1;1925;1.7012190085033732
43;1;1935;1.6841515243101806
43;1;1945;1.637179850285465
43;1;1955;1.5759109738402497
43;1;1965;1.510677022034035
43;1;1975;1.448857487026913
43;1;1985;1.3931822667157596
43;1;1995;1.3461293815458868
43;1;2005;1.3027011220299247
43;1;2015;1.2611808384596155
43;1;2025;1.2222408017740287
43;1;2035;1.1799416226577135
43;1;2045;1.1347574171023789
43;1;2055;1.0929693983766589
43;1;2065;1.0550102105254433
43;1;2075;1.0188719076551818
43;1;2085;0.9845146188747732
43;1;2095;0.9563675944828228
43;1;2105;0.9338718020345336
43;1;2115;0.9156038618558648
43;1;2125;0.9037539169811606
43;1;2135;0.8970873859504201
43;1;2145;0.8949820734753638
43;1;2155;0.8963210699778428
43;1;2165;0.8992136104825641
43;1;2175;0.9019541074787157
43;1;2185;0.9039988574426705
43;1;2195;0.9057056601653466
43;1;2205;0.9049268636970537
43;1;2215;0.9048508045087326
43;1;2225;0.9058027694223452
43;1;2235;0.9069678012217847
43;1;2245;0.9105912506235452
43;1;2255;0.916726147172554
43;1;2265;0.9219060145412263
43;1;2275;0.9186416028295259
43;1;2285;0.9126626624858449
43;1;2295;0.909670138021953
43;1;2305;0.903813813730716
43;1;2315;0.896730534276416
43;1;2325;0.8969869046004334
43;1;2335;0.9016153852662193
43;1;2345;0.907305344266367
43;1;2355;0.9210547946238795
43;1;2365;0.9385187579459887
43;1;2375;0.9585458706146109
43;1;2385;0.9785368602551852
43;1;2395;1.002223603413479
43;1;2405;1.0222609947785604
43;1;2415;1.044215754656958
43;1;2425;1.0660860995872048
43;1;2435;1.0959631250003647
43;1;2445;1.1304814918116903
43;1;2450;1.143814626581197
43;2;405;1.1589274675570667
43;2;415;1.1309371725386574
43;2;425;1.1073366946716725
43;2;435;1.0757224185427978
43;2;445;1.054572270541223
43;2;455;1.0325325085140862
43;2;465;1.0137254865055079
43;2;475;0.9988019495162119
43;2;485;0.98262346752312
43;2;495;0.9713500341008943
43;2;505;0.9682031380471103
43;2;515;0.9967087998210746
43;2;525;1.0450472162503546
43;2;535;1.0623639471795248
43;2;545;1.0403917161645815
43;2;555;1.0220660172989036
43;2;565;1.0013776135394143
43;2;575;0.978405202330426
43;2;585;0.9614776642593694
43;2;595;0.9510634034217997
43;2;605;0.9471471318699627
43;2;615;0.9359773042301262
43;2;625;0.9283412179284476
43;2;635;0.9234186964636567
43;2;645;0.9132823094619764
43;2;655;0.9100893696377143
43;2;665;0.908657340672444
43;2;675;0.9180325348470985
43;2;685;0.9404608207375434
43;2;695;1.0196517473167546
43;2;705;0.9153444032572436
43;2;715;0.6414863841603575
43;2;725;0.8605068659095924
43;2;735;1.23473324058747
43;2;745;1.231448396712795
43;2;755;1.122823778347813
43;2;765;1.0510598506397781
43;2;775;1.0081948247877257
43;2;785;0.986119676544548
43;2;795;0.9765271817973081
43;2;805;0.969993116134122
43;2;815;0.9596741519454709
43;2;825;0.9446085157221871
43;2;835;0.928548790866454
43;2;845;0.9117630660767564
43;2;855;0.8996145941252073
43;2;865;0.893281483390158
43;2;875;0.8905075350476289
43;2;885;0.8891801665201192
43;2;895;0.8885702913745498
43;2;905;0.8888933875400867
43;2;915;0.8890385461105441
43;2;925;0.8902255403176651
43;2;935;0.8911902501019916
43;2;945;0.8948156253227696
43;2;955;0.898434199980804
43;2;965;0.8991301685856252
43;2;975;0.9054557420357229
43;2;985;0.9093787174071521
43;2;995;0.9168594739226937
43;2;1005;0.9149749271907325
43;2;1015;0.9137591547869169
43;2;1025;0.9127573648252613
43;2;1035;0.912792501303102
43;2;1045;0.9144614398416869
43;2;1055;0.9159699548636671
43;2;1065;0.9184166997697537
43;2;1075;0.917929112419508
43;2;1085;0.9157202138389743
43;2;1095;0.9077608579304274
43;2;1105;0.898867000057119
43;2;1115;0.8938089461047719
43;2;1125;0.89365310903413
43;2;1135;0.894461143555227
43;2;1145;0.8959572953992337
43;2;1155;0.8990724937334346
43;2;1165;0.8991180989427907
43;2;1175;0.8963249898163095
43;2;1185;0.8944522396376728
43;2;1195;0.8911360887609385
43;2;1205;0.8859586890581308
43;2;1215;0.8816449727754198
43;2;1225;0.8769976678888933
43;2;1235;0.8737717905875315
43;2;1245;0.8726159788539398
43;2;1255;0.8721787702409793
43;2;1265;0.872389221423504
43;2;1275;0.8742487384178341
43;2;1285;0.875735219331086
43;2;1295;0.8860326020173827
43;2;1305;0.9032413761019367
43;2;1315;0.9086476347903869
43;2;1325;0.8973497874049319
43;2;1335;0.8732951037210981
43;2;1345;0.8225859380547423
43;2;1355;0.7643798310041853
43;2;1365;0.7200444494170891
43;2;1375;0.7019879272751524
43;2;1385;0.807144752363605
43;2;1395;0.8788985394148755
43;2;1405;0.9115807194955782
43;2;1415;0.9369399184363124
43;2;1425;0.9723928166388045
43;2;1435;1.01251973025917
43;2;1445;1.0458918855147548
43;2;1455;1.0652461568946352
43;2;1465;1.07135905062128
43;2;1475;1.068664050439792
43;2;1485;1.0599985523839646
43;2;1495;1.0470989865966682
43;2;1505;1.0292508299802254
43;2;1515;1.0092717408723992
43;2;1525;0.9849923042859224
43;2;1535;0.9586076197583869
43;2;1545;0.9307064212443286
43;2;1555;0.9043164468380337
43;2;1565;0.8797684046787082
43;2;1575;0.8592592010266162
43;2;1585;0.8431304496477329
43;2;1595;0.8289643068514058
43;2;1605;0.8177520257972304
43;2;1615;0.8080019119235732
43;2;1625;0.8017432576695833
43;2;1635;0.7958836580798514
43;2;1645;0.7981377658333312
43;2;1655;0.8058779798085203
43;2;1665;0.8433677870347195
43;2;1675;0.9233812589157937
43;2;1685;1.0267120077575325
43;2;1695;1.1189978108788827
43;2;1705;1.184207762825963
43;2;1715;1.232129941487991
43;2;1725;1.2311051403487627
43;2;1735;1.1798781227651638
43;2;1745;1.111039041977179
43;2;1755;1.0521098884189795
43;2;1765;0.9951173703296626
43;2;1775;0.961072886466787
43;2;1785;0.9558847647053359
43;2;1795;0.9598760244322802
43;2;1805;0.970355651000808
43;2;1815;0.9762507185098483
43;2;1825;0.9745815049891182
43;2;1835;0.9009217057950097
43;2;1845;0.8927537421675636
43;2;1855;0.8851879908401943
43;2;1865;0.9068693138524879
43;2;1875;0.9782816830796601
43;2;1885;1.118889567081935
43;2;1895;1.3719823032422565
43;2;1905;1.5980819234081902
43;2;1915;1.6874242747699555
43;2;1925;1.7095030561085958
43;2;1935;1.6976779907676474
43;2;1945;1.654462928247223
43;2;1955;1.5936289152923815
43;2;1965;1.5285301684617911
43;2;1975;1.4654969388563517
43;2;1985;1.4082223032793166
43;2;1995;1.35923996701967
43;2;2005;1.313989047620707
43;2;2015;1.2707568406131426
43;2;2025;1.2285932142535967
43;2;2035;1.1825135380442113
43;2;2045;1.132801035688789
43;2;2055;1.086310508640872
43;2;2065;1.0457482017634347
43;2;2075;1.0071657620030035
43;2;2085;0.9706631828303349
43;2;2095;0.9407989204761427
43;2;2105;0.9166959606028133
43;2;2115;0.8975365161379524
43;2;2125;0.8861829741227674
43;2;2135;0.8808076605204209
43;2;2145;0.8809611260929981
43;2;2155;0.8855555142107293
43;2;2165;0.8919137458384199
43;2;2175;0.8971628009831921
43;2;2185;0.8991650813780724
43;2;2195;0.9012118044809044
43;2;2205;0.898931685419161
43;2;2215;0.8973347565941802
43;2;2225;0.8988441890027907
43;2;2235;0.9002245313205847
43;2;2245;0.9057165631748421
43;2;2255;0.9148735606358203
43;2;2265;0.921601616346497
43;2;2275;0.9165016537243279
43;2;2285;0.9090046499772262
43;2;2295;0.904257743700233
43;2;2305;0.8961603191504195
43;2;2315;0.8851658730285024
43;2;2325;0.8831037663257069
43;2;2335;0.8872435358545455
43;2;2345;0.8928846110960128
43;2;2355;0.9077482617995166
43;2;2365;0.926564710426448
43;2;2375;0.9521340282946893
43;2;2385;0.972355187425431
43;2;2395;0.999894122839539
43;2;2405;1.0249100237819153
43;2;2415;1.0530221074840334
43;2;2425;1.081449881951573
43;2;2435;1.1176565786827735
43;2;2445;1.163808079005245
43;2;2450;1.171542015338939
43;3;405;1.1448035399443472
43;3;415;1.1105733667851372
43;3;425;1.083765840253117
43;3;435;1.0519383313672812
43;3;445;1.0307596084287869
43;3;455;1.0112600886777916
43;3;465;0.9948877218719241
43;3;475;0.9812817982371556
43;3;485;0.9685135107140537
43;3;495;0.9596603904490482
43;3;505;0.9609126275990665
43;3;515;0.9937956634233743
43;3;525;1.0468749978903653
43;3;535;1.0681136836459757
43;3;545;1.048611353160319
43;3;555;1.032493014075441
43;3;565;1.0129786217703391
43;3;575;0.9897764930543317
43;3;585;0.9734322977097462
43;3;595;0.9636312231816474
43;3;605;0.9602755208988609
43;3;615;0.9488677262283426
43;3;625;0.9408164818020163
43;3;635;0.9358257903831821
43;3;645;0.9237574868271937
43;3;655;0.9190731644322946
43;3;665;0.9162313873101045
43;3;675;0.9251908552458056
43;3;685;0.9488927044589631
43;3;695;1.050417454269599
43;3;705;1.023911957310334
43;3;715;0.823617212189608
43;3;725;1.02100765471178
43;3;735;1.2922127837111366
43;3;745;1.241915773978381
43;3;755;1.1221341535803482
43;3;765;1.048920087800222
43;3;775;1.0068523549833022
43;3;785;0.9863689570924087
43;3;795;0.9775840502560688
43;3;805;0.9722405502112029
43;3;815;0.9631370658981532
43;3;825;0.9502233645659778
43;3;835;0.9362011579746619
43;3;845;0.9216068827870709
43;3;855;0.9109651292211108
43;3;865;0.9052019895653088
43;3;875;0.9025731575005347
43;3;885;0.9011674543470738
43;3;895;0.9004802632815644
43;3;905;0.9005007649085902
43;3;915;0.9004072495602254
43;3;925;0.9009269286732878
43;3;935;0.9013916103062974
43;3;945;0.9037526867745419
43;3;955;0.9058574050828573
43;3;965;0.9060693057621778
43;3;975;0.9106648577721635
43;3;985;0.9129357219097504
43;3;995;0.9184498704324197
43;3;1005;0.9148818080947705
43;3;1015;0.9154059592369845
43;3;1025;0.9145661692892638
43;3;1035;0.9149396859772903
43;3;1045;0.9153372508994739
43;3;1055;0.916205104957097
43;3;1065;0.9151492725327716
43;3;1075;0.9112908955495634
43;3;1085;0.9060800694791474
43;3;1095;0.8986640176359395
43;3;1105;0.8940738397785389
43;3;1115;0.8954609251787227
43;3;1125;0.9009213099083876
43;3;1135;0.9061402190591269
43;3;1145;0.9091380574095144
43;3;1155;0.9110274363252214
43;3;1165;0.909557887258231
43;3;1175;0.9057875520195179
43;3;1185;0.9028533718537295
43;3;1195;0.8984479042602845
43;3;1205;0.8936276726135772
43;3;1215;0.8900172186044762
43;3;1225;0.8861317136988023
43;3;1235;0.8843051422858671
43;3;1245;0.8840388793662858
43;3;1255;0.8838853103716612
43;3;1265;0.8854957047018313
43;3;1275;0.8881523905843843
43;3;1285;0.8912829637647238
43;3;1295;0.9032588688244259
43;3;1305;0.9201553529156921
43;3;1315;0.9234735113382239
43;3;1325;0.9141907524119433
43;3;1335;0.9013210906278982
43;3;1345;0.8291833327371148
43;3;1355;0.6057322312291036
43;3;1365;0.29691216768859807
43;3;1375;0.537088825726835
43;3;1385;0.8442107611508026
43;3;1395;0.9333976731012853
43;3;1405;0.9588783081702429
43;3;1415;0.9781721699495893
43;3;1425;1.0085007573934603
43;3;1435;1.0427461177592197
43;3;1445;1.0711035998774834
43;3;1455;1.0873760801855097
43;3;1465;1.0910082760417363
43;3;1475;1.0873733791101678
43;3;1485;1.0784932592519318
43;3;1495;1.0659958953105944
43;3;1505;1.0488839823553715
43;3;1515;1.0298922633228844
43;3;1525;1.006939616355483
43;3;1535;0.9816597164293795
43;3;1545;0.9544229469031897
43;3;1555;0.9273394015861417
43;3;1565;0.9009666464453391
43;3;1575;0.8774401418808385
43;3;1585;0.8574783297608244
43;3;1595;0.8393664568792994
43;3;1605;0.8225657938042887
43;3;1615;0.8068798079073485
43;3;1625;0.7926967747772115
43;3;1635;0.7788299559196895
43;3;1645;0.7734410148162243
43;3;1655;0.7728455815908752
43;3;1665;0.7944276340909123
43;3;1675;0.8546641458099267
43;3;1685;0.9384552071898132
43;3;1695;1.023236832151883
43;3;1705;1.0835148585286973
43;3;1715;1.1289243252528993
43;3;1725;1.1372628603829642
43;3;1735;1.1025014254265761
43;3;1745;1.0467242813939746
43;3;1755;0.9999155976683259
43;3;1765;0.9596441886453193
43;3;1775;0.9346363592795855
43;3;1785;0.9312462517967107
43;3;1795;0.933760913417808
43;3;1805;0.9409992736615806
43;3;1815;0.9428749066183206
43;3;1825;0.9405552792160892
43;3;1835;0.9282854114472584
43;3;1845;0.909717650387447
43;3;1855;0.8949889343937412
43;3;1865;0.9149667320361853
43;3;1875;0.9852932074246619
43;3;1885;1.1197314496641149
43;3;1895;1.3586187036957733
43;3;1905;1.5960674493074696
43;3;1915;1.703983029711075
43;3;1925;1.722039340552034
43;3;1935;1.696885627328757
43;3;1945;1.6375198119061987
43;3;1955;1.5649996827513493
43;3;1965;1.4930814593143718
43;3;1975;1.4278613470700618
43;3;1985;1.372170498477064
43;3;1995;1.324734415922947
43;3;2005;1.2818893169779744
43;3;2015;1.2405226465116377
43;3;2025;1.200763379766032
43;3;2035;1.1572855676976683
43;3;2045;1.1099735561037216
43;3;2055;1.0656980766150919
43;3;2065;1.028265774561174
43;3;2075;0.9937518495994518
43;3;2085;0.9619908865808634
43;3;2095;0.9366214440242464
43;3;2105;0.9166394892443059
43;3;2115;0.9032109009621794
43;3;2125;0.8969026565363425
43;3;2135;0.8967670970885917
43;3;2145;0.901803480826026
43;3;2155;0.9105327048114922
43;3;2165;0.9196638656175093
43;3;2175;0.9256064260458257
43;3;2185;0.9278394530527704
43;3;2195;0.9283230574655073
43;3;2205;0.9238721448329268
43;3;2215;0.9204055270560421
43;3;2225;0.920964389313998
43;3;2235;0.9221040435867572
43;3;2245;0.930164731645742
43;3;2255;0.9417573801620786
43;3;2265;0.9498520588344158
43;3;2275;0.9443730952851849
43;3;2285;0.9340002241532163
43;3;2295;0.9277145889093354
43;3;2305;0.9172477614553607
43;3;2315;0.9021026544772792
43;3;2325;0.8963830048318453
43;3;2335;0.8987793591666149
43;3;2345;0.9040003388715259
43;3;2355;0.917846967573268
43;3;2365;0.9377647544427145
43;3;2375;0.9608404066797868
43;3;2385;0.9843601168635745
43;3;2395;1.0089544989459942
43;3;2405;1.0347838846098945
43;3;2415;1.0608098756244602
43;3;2425;1.09243402009884
43;3;2435;1.128059616329757
43;3;2445;1.1680311793349298
43;3;2450;1.184547227766952
43;4;405;1.135089803266568
43;4;415;1.1165593725737784
43;4;425;1.099158636988342
43;4;435;1.0755452938505543
43;4;445;1.0588381701224672
43;4;455;1.0424562238907937
43;4;465;1.0289618451783955
43;4;475;1.0173447075964612
43;4;485;1.0046883181215787
43;4;495;0.9964852058532031
43;4;505;0.9942763553414001
43;4;515;1.013467342346725
43;4;525;1.0258726910317397
43;4;535;1.0183754692700497
43;4;545;0.9963733189171423
43;4;555;0.9818265133813012
43;4;565;0.9822989620288373
43;4;575;0.9856233637851143
43;4;585;0.9835347477205044
43;4;595;0.9790374446664222
43;4;605;0.978773297377409
43;4;615;0.9716802842214933
43;4;625;0.9653746568167803
43;4;635;0.9605483355668502
43;4;645;0.9499504067283546
43;4;655;0.9449462689379786
43;4;665;0.9410904275630967
43;4;675;0.946644648812684
43;4;685;0.9638492281188898
43;4;695;1.0187325627411714
43;4;705;0.805653023875713
43;4;715;0.5372706786652137
43;4;725;0.7342233955564813
43;4;735;1.123627912173717
43;4;745;1.1931247702329335
43;4;755;1.1246797553001262
43;4;765;1.071633946201842
43;4;775;1.0378537219922144
43;4;785;1.020143939564705
43;4;795;1.0110443032179048
43;4;805;1.0056538001114317
43;4;815;0.9959007855299279
43;4;825;0.9826189201405958
43;4;835;0.9686172927760821
43;4;845;0.9525715917947978
43;4;855;0.9403359549620053
43;4;865;0.9327229926374999
43;4;875;0.9287265154309232
43;4;885;0.9255688224616282
43;4;895;0.9239410345084603
43;4;905;0.9228804116343318
43;4;915;0.9218606672437673
43;4;925;0.9214507575737926
43;4;935;0.9209246465820105
43;4;945;0.9210245269617726
43;4;955;0.9217656100055271
43;4;965;0.9217810428916937
43;4;975;0.9251701251796927
43;4;985;0.9279280950277518
43;4;995;0.9321789716163303
43;4;1005;0.9317411691274812
43;4;1015;0.9340162289232388
43;4;1025;0.9337995116261798
43;4;1035;0.9341665752925749
43;4;1045;0.9358726938050979
43;4;1055;0.9358038119859503
43;4;1065;0.9368620336908376
43;4;1075;0.9350805069497204
43;4;1085;0.9314720536485274
43;4;1095;0.9241115097724444
43;4;1105;0.919234509425745
43;4;1115;0.9191912284727626
43;4;1125;0.9236649743250391
43;4;1135;0.9286410067751997
43;4;1145;0.9330847474465457
43;4;1155;0.938019047086437
43;4;1165;0.9387409360811168
43;4;1175;0.9354864650681038
43;4;1185;0.9333803187755652
43;4;1195;0.9297532082800422
43;4;1205;0.923740908951127
43;4;1215;0.9187715988407822
43;4;1225;0.9138053029054607
43;4;1235;0.9103897491594994
43;4;1245;0.9092063548866958
43;4;1255;0.9086611450059434
43;4;1265;0.9078506842457575
43;4;1275;0.9085176077067594
43;4;1285;0.908589202309648
43;4;1295;0.9165218028081586
43;4;1305;0.9308700934265846
43;4;1315;0.93296496687363
43;4;1325;0.9209928197752969
43;4;1335;0.9002760557975688
43;4;1345;0.8383978305769049
43;4;1355;0.7129363582423418
43;4;1365;0.6138937606587621
43;4;1375;0.6984635950987438
43;4;1385;0.8612864677382266
43;4;1395;0.9302178826014916
43;4;1405;0.9556449356972091
43;4;1415;0.974680660785311
43;4;1425;1.0028188217204532
43;4;1435;1.0347867906101793
43;4;1445;1.0611296750417034
43;4;1455;1.075811641893706
43;4;1465;1.0804950050302236
43;4;1475;1.0784927951215484
43;4;1485;1.0719029093178138
43;4;1495;1.0617192964817992
43;4;1505;1.0468965240976826
43;4;1515;1.0307991407714396
43;4;1525;1.0116009067209004
43;4;1535;0.991137134217119
43;4;1545;0.9683425444077484
43;4;1555;0.9470483719763408
43;4;1565;0.9260712003669757
43;4;1575;0.9062065579859774
43;4;1585;0.8899669525706232
43;4;1595;0.8747845846049626
43;4;1605;0.8606139311584242
43;4;1615;0.8470649350717645
43;4;1625;0.8360149447060582
43;4;1635;0.8260391137071884
43;4;1645;0.8225198589570819
43;4;1655;0.8223223155792131
43;4;1665;0.8401826035100571
43;4;1675;0.8928160399445519
43;4;1685;0.9611079413014207
43;4;1695;1.025581974121138
43;4;1705;1.0751139583227187
43;4;1715;1.1160480316485253
43;4;1725;1.1120348599218048
43;4;1735;1.080356690980506
43;4;1745;1.0358044881367034
43;4;1755;1.0011880015235788
43;4;1765;0.9661232659596543
43;4;1775;0.9488722435918228
43;4;1785;0.9479563091341006
43;4;1795;0.9514889398010944
43;4;1805;0.959635237244202
43;4;1815;0.962215970736317
43;4;1825;0.9613656962421419
43;4;1835;0.9236777831612436
43;4;1845;0.9199678549917418
43;4;1855;0.9174113489515097
43;4;1865;0.938347255057893
43;4;1875;0.9954098227682235
43;4;1885;1.0991794929101282
43;4;1895;1.2798626063551322
43;4;1905;1.4525854337927395
43;4;1915;1.5328167189263182
43;4;1925;1.5608826526344837
43;4;1935;1.5612835498975608
43;4;1945;1.5278013347146047
43;4;1955;1.4808350340881031
43;4;1965;1.4291968354941034
43;4;1975;1.380355911405027
43;4;1985;1.3349644035002828
43;4;1995;1.297674163999136
43;4;2005;1.262836836204577
43;4;2015;1.2291758177917222
43;4;2025;1.1966401539983071
43;4;2035;1.1610447427087058
43;4;2045;1.1225012544008712
43;4;2055;1.0881390675840077
43;4;2065;1.057240920841872
43;4;2075;1.0290448824419924
43;4;2085;1.0014234180194177
43;4;2095;0.9779314176665692
43;4;2105;0.9572724412500943
43;4;2115;0.9396727525639403
43;4;2125;0.9277640778651358
43;4;2135;0.9188894061374322
43;4;2145;0.91478756173767
43;4;2155;0.9143795729571167
43;4;2165;0.9164432517935024
43;4;2175;0.9186419195760828
43;4;2185;0.9199491220376196
43;4;2195;0.922010112996971
43;4;2205;0.9214623037783687
43;4;2215;0.9214619501600035
43;4;2225;0.923264274540468
43;4;2235;0.923995511668143
43;4;2245;0.9268273539504536
43;4;2255;0.9301420668801983
43;4;2265;0.9318504082831347
43;4;2275;0.9269835494306334
43;4;2285;0.9228401187716947
43;4;2295;0.9209493536799845
43;4;2305;0.9178856363514443
43;4;2315;0.9154252512987341
43;4;2325;0.9203341632543864
43;4;2335;0.927519667631673
43;4;2345;0.9345634693240099
43;4;2355;0.9487855804896483
43;4;2365;0.9665193646900812
43;4;2375;0.9853852473819038
43;4;2385;1.001252714964697
43;4;2395;1.0235124246662388
43;4;2405;1.0385796571593635
43;4;2415;1.0598947673852213
43;4;2425;1.080726498064545
43;4;2435;1.1038903968260776
43;4;2445;1.1316789199329766
43;4;2450;1.136715215019732
44;1;405;1.082841799501479
44;1;415;1.0557574659338322
44;1;425;1.0336795713984546
44;1;435;1.0083376335524852
44;1;445;0.9914923475227564
44;1;455;0.9759818727321647
44;1;465;0.9631638639079857
44;1;475;0.9531560358755853
44;1;485;0.94372901692134
44;1;495;0.9380834036454648
44;1;505;0.9414734945081926
44;1;515;0.9785363197058887
44;1;525;1.0650795137525837
44;1;535;1.1252859758569238
44;1;545;1.125412416519087
44;1;555;1.1170329886243824
44;1;565;1.0749665970442595
44;1;575;1.0166589134103134
44;1;585;0.9836871518277949
44;1;595;0.9669072970701547
44;1;605;0.959049916838901
44;1;615;0.9419662778883289
44;1;625;0.9327985810675216
44;1;635;0.9281079799088966
44;1;645;0.9167566493381569
44;1;655;0.9119879827056802
44;1;665;0.9086020091749717
44;1;675;0.9124734368316793
44;1;685;0.9284791630995234
44;1;695;1.0466724858316199
44;1;705;1.2321463276686726
44;1;715;1.0381114534106544
44;1;725;1.1896233565144334
44;1;735;1.3572541148505894
44;1;745;1.2348101613896136
44;1;755;1.10165575222821
44;1;765;1.031387787855362
44;1;775;0.9941452855747919
44;1;785;0.9770016186703951
44;1;795;0.9699826387082244
44;1;805;0.9657242173446885
44;1;815;0.9586825157634695
44;1;825;0.9477399851623463
44;1;835;0.9355439517419679
44;1;845;0.9231096795120622
44;1;855;0.91376747145711
44;1;865;0.9087527643591921
44;1;875;0.9063592319250999
44;1;885;0.9051115525650227
44;1;895;0.9043558875987838
44;1;905;0.904217143662628
44;1;915;0.9039394451267669
44;1;925;0.9041354920590833
44;1;935;0.90438591404953
44;1;945;0.9055568275142409
44;1;955;0.9064245817999563
44;1;965;0.9064786712572673
44;1;975;0.9097551899205462
44;1;985;0.9111822164264333
44;1;995;0.915713629354006
44;1;1005;0.9145989751262656
44;1;1015;0.9147216296654936
44;1;1025;0.9137087729647851
44;1;1035;0.9150908338220518
44;1;1045;0.9150050240790212
44;1;1055;0.916608214382782
44;1;1065;0.9147748164564652
44;1;1075;0.9116300829807885
44;1;1085;0.9075440011136018
44;1;1095;0.9015803590335404
44;1;1105;0.8987634521533351
44;1;1115;0.9004285332453953
44;1;1125;0.9047229099495686
44;1;1135;0.908506982483303
44;1;1145;0.9100765392196083
44;1;1155;0.9102617319719943
44;1;1165;0.9083377248564116
44;1;1175;0.9049643719476533
44;1;1185;0.9017721997434361
44;1;1195;0.8982144756982273
44;1;1205;0.8949273587928053
44;1;1215;0.8928783063531343
44;1;1225;0.8908996973377775
44;1;1235;0.8903135283513707
44;1;1245;0.8910791392146661
44;1;1255;0.8910283136724656
44;1;1265;0.8927467961068172
44;1;1275;0.8953802149375818
44;1;1285;0.8989360450885752
44;1;1295;0.9083427583760562
44;1;1305;0.9182700426932257
44;1;1315;0.9157217263008663
44;1;1325;0.9054519512697445
44;1;1335;0.8901033043806563
44;1;1345;0.819610570722525
44;1;1355;0.5755456015216575
44;1;1365;0.18336718878050678
44;1;1375;0.5951678255455372
44;1;1385;0.8475025309879493
44;1;1395;0.9151044037569394
44;1;1405;0.9358189768593099
44;1;1415;0.9543314350740669
44;1;1425;0.9835506232019642
44;1;1435;1.0172350740032043
44;1;1445;1.0460825307287709
44;1;1455;1.0630779757669064
44;1;1465;1.0688671118176842
44;1;1475;1.067229449415633
44;1;1485;1.0608246641439185
44;1;1495;1.0508808359445272
44;1;1505;1.0370889654357307
44;1;1515;1.0224085173776762
44;1;1525;1.0049613293674926
44;1;1535;0.9850103121318263
44;1;1545;0.9639626964953731
44;1;1555;0.9423387096039673
44;1;1565;0.9212166464101837
44;1;1575;0.9016358826678684
44;1;1585;0.8853476090357777
44;1;1595;0.8702140478812674
44;1;1605;0.8543606681756167
44;1;1615;0.8387848726096081
44;1;1625;0.8229930156161025
44;1;1635;0.8064736062669623
44;1;1645;0.7935733207289271
44;1;1655;0.7834651523292787
44;1;1665;0.7878017973357434
44;1;1675;0.8243882519447954
44;1;1685;0.8915823084360196
44;1;1695;0.9695808656783089
44;1;1705;1.0271758108455304
44;1;1715;1.0710230971340553
44;1;1725;1.0800379691053363
44;1;1735;1.0509950389292284
44;1;1745;1.007773898259876
44;1;1755;0.9725625660358879
44;1;1765;0.9435670318423643
44;1;1775;0.924972180299251
44;1;1785;0.9238661441643616
44;1;1795;0.9257250811521116
44;1;1805;0.9307554976625837
44;1;1815;0.9334117052965338
44;1;1825;0.9322792011798994
44;1;1835;0.915658196637125
44;1;1845;0.907281842475097
44;1;1855;0.8987361254896875
44;1;1865;0.9117950664523613
44;1;1875;0.9646334469436402
44;1;1885;1.0825475310085266
44;1;1895;1.3312456267531851
44;1;1905;1.6126446661961218
44;1;1915;1.7442335250625003
44;1;1925;1.7667091106533697
44;1;1935;1.7356872411711444
44;1;1945;1.663575998140868
44;1;1955;1.578329388045217
44;1;1965;1.4941430674806628
44;1;1975;1.4199070737139736
44;1;1985;1.3573734277824083
44;1;1995;1.3056691683798878
44;1;2005;1.2593398976505306
44;1;2015;1.2157785813844553
44;1;2025;1.1744578527431606
44;1;2035;1.1305087008008643
44;1;2045;1.083648371420577
44;1;2055;1.0415328823403218
44;1;2065;1.00724100962437
44;1;2075;0.9765060112403453
44;1;2085;0.9496626997218758
44;1;2095;0.9284535345690322
44;1;2105;0.913104847789602
44;1;2115;0.9040585721236881
44;1;2125;0.9015437348082549
44;1;2135;0.9047530718900347
44;1;2145;0.9126356293290538
44;1;2155;0.9235044151046493
44;1;2165;0.9340720840041334
44;1;2175;0.941663666363903
44;1;2185;0.942078423458964
44;1;2195;0.941114200110261
44;1;2205;0.9361585353033419
44;1;2215;0.9329094144644786
44;1;2225;0.9322883729929932
44;1;2235;0.9347199381077379
44;1;2245;0.9440633415024066
44;1;2255;0.9593498961108013
44;1;2265;0.9705127191670844
44;1;2275;0.9659973453056507
44;1;2285;0.9539456277449734
44;1;2295;0.9471654355558904
44;1;2305;0.9364074625896192
44;1;2315;0.9173560066841495
44;1;2325;0.9066260247813577
44;1;2335;0.9044632209884776
44;1;2345;0.9055917931070131
44;1;2355;0.9136358389046688
44;1;2365;0.9277572829352922
44;1;2375;0.9479621972963671
44;1;2385;0.9669331428638944
44;1;2395;0.9928811749742964
44;1;2405;1.0152120458821106
44;1;2415;1.0398021940875644
44;1;2425;1.0701919068749963
44;1;2435;1.1119907765438386
44;1;2445;1.1567910202387217
44;1;2450;1.172920075396097
44;2;405;1.1569154379941622
44;2;415;1.134044775288465
44;2;425;1.1165032644761346
44;2;435;1.0909569466550353
44;2;445;1.0744486281072787
44;2;455;1.058035812130874
44;2;465;1.0427957914381527
44;2;475;1.0301485456743578
44;2;485;1.0172162480845928
44;2;495;1.0080609335635378
44;2;505;1.005777373605198
44;2;515;1.0245187141942664
44;2;525;1.0371034980417608
44;2;535;1.0255315694500298
44;2;545;0.9997447470569997
44;2;555;0.9822032826029103
44;2;565;0.9825961112815974
44;2;575;0.986992237091274
44;2;585;0.9839036726933972
44;2;595;0.9796058573538345
44;2;605;0.9787561135143056
44;2;615;0.9720250261135033
44;2;625;0.9657858720463971
44;2;635;0.9613762810899631
44;2;645;0.9515918501581313
44;2;655;0.9471426749231197
44;2;665;0.9439829897541971
44;2;675;0.9508762520397195
44;2;685;0.9688885867221553
44;2;695;1.0210597200472218
44;2;705;0.7755606211786772
44;2;715;0.4954391412730507
44;2;725;0.7095344088292774
44;2;735;1.122424271454229
44;2;745;1.187504463626026
44;2;755;1.1152345395930308
44;2;765;1.0608681028365288
44;2;775;1.0275253822787456
44;2;785;1.0097704830311398
44;2;795;1.001795428613536
44;2;805;0.9964401118992827
44;2;815;0.9875493215233772
44;2;825;0.9752366281319057
44;2;835;0.9622663389333728
44;2;845;0.9478936633555244
44;2;855;0.937042578850625
44;2;865;0.9304872434455618
44;2;875;0.9272123579151688
44;2;885;0.9248563161772866
44;2;895;0.9235845241192605
44;2;905;0.9228953456264504
44;2;915;0.9222791323550377
44;2;925;0.9222294669461691
44;2;935;0.9220340583920974
44;2;945;0.9227336364777553
44;2;955;0.9234278472857075
44;2;965;0.9234788489544095
44;2;975;0.9266367046028904
44;2;985;0.928956602809022
44;2;995;0.9334908511660859
44;2;1005;0.9307528860287109
44;2;1015;0.9316961398865923
44;2;1025;0.9319243644969408
44;2;1035;0.9314755019460802
44;2;1045;0.932898352523255
44;2;1055;0.9332960660107361
44;2;1065;0.9337036096942548
44;2;1075;0.9312028447821332
44;2;1085;0.9273438215186787
44;2;1095;0.9207846384223235
44;2;1105;0.9162487637496054
44;2;1115;0.9172199139375993
44;2;1125;0.922399421657705
44;2;1135;0.9279685107697229
44;2;1145;0.9332618591927229
44;2;1155;0.9395505262680437
44;2;1165;0.9406304202457929
44;2;1175;0.9379406873046501
44;2;1185;0.9367056022030659
44;2;1195;0.9333119605315956
44;2;1205;0.9279049199082896
44;2;1215;0.9228014066532727
44;2;1225;0.9184098853123263
44;2;1235;0.9149434679930534
44;2;1245;0.9136532958886394
44;2;1255;0.9134589244806214
44;2;1265;0.9126408772884341
44;2;1275;0.9131319138622656
44;2;1285;0.9128404077263412
44;2;1295;0.9183553776043247
44;2;1305;0.9292317571237643
44;2;1315;0.931264252561663
44;2;1325;0.9218240641571285
44;2;1335;0.9074309871512615
44;2;1345;0.8773017410210043
44;2;1355;0.8339609196886473
44;2;1365;0.7671845170272944
44;2;1375;0.7413715168718888
44;2;1385;0.854901587900284
44;2;1395;0.9171175706553641
44;2;1405;0.9439481653688149
44;2;1415;0.9646020780069835
44;2;1425;0.9924871777229403
44;2;1435;1.023292072267243
44;2;1445;1.0487861650984183
44;2;1455;1.0632301465884662
44;2;1465;1.0681675958417414
44;2;1475;1.066739678319394
44;2;1485;1.0606476914873615
44;2;1495;1.0513850840839651
44;2;1505;1.0381558636573243
44;2;1515;1.0232428897103947
44;2;1525;1.0048865353827345
44;2;1535;0.9848484900861488
44;2;1545;0.9627147338378488
44;2;1555;0.9415543800436666
44;2;1565;0.920416513308936
44;2;1575;0.9001524180992507
44;2;1585;0.8820222447697612
44;2;1595;0.8640341570411776
44;2;1605;0.8468048443652388
44;2;1615;0.8294869489922738
44;2;1625;0.8132712733395538
44;2;1635;0.7986171447612019
44;2;1645;0.7906201046960689
44;2;1655;0.7876262747386015
44;2;1665;0.8071904643278811
44;2;1675;0.8640724397514492
44;2;1685;0.9420355125077373
44;2;1695;1.0144658074046742
44;2;1705;1.0699419644364117
44;2;1715;1.1121427283990637
44;2;1725;1.112977237618747
44;2;1735;1.0776809284937998
44;2;1745;1.0311208297598327
44;2;1755;0.9941589101646332
44;2;1765;0.9591393070009643
44;2;1775;0.9424874801958267
44;2;1785;0.9420682046611787
44;2;1795;0.9465567036718051
44;2;1805;0.9534444587115296
44;2;1815;0.9564680767167879
44;2;1825;0.9561262756348012
44;2;1835;0.9234582430104774
44;2;1845;0.9198855610844173
44;2;1855;0.9182894565231131
44;2;1865;0.938543149625038
44;2;1875;0.9932740850954
44;2;1885;1.0996321160206255
44;2;1895;1.2955387238564875
44;2;1905;1.487219407875923
44;2;1915;1.5705709832167065
44;2;1925;1.5927219795153262
44;2;1935;1.5812656129693656
44;2;1945;1.5408889754676511
44;2;1955;1.4873203342776355
44;2;1965;1.4309848474572457
44;2;1975;1.379011524935871
44;2;1985;1.3326929142293793
44;2;1995;1.293731303713424
44;2;2005;1.258387566939487
44;2;2015;1.2252681550904239
44;2;2025;1.1937653808031876
44;2;2035;1.1588441822003108
44;2;2045;1.1229932016546256
44;2;2055;1.0891089407973913
44;2;2065;1.0592859409423356
44;2;2075;1.0314584383471879
44;2;2085;1.0042514762827077
44;2;2095;0.9819218087766949
44;2;2105;0.9615720378286111
44;2;2115;0.9443238641449588
44;2;2125;0.9321043143278633
44;2;2135;0.9224640952113946
44;2;2145;0.9169099542310708
44;2;2155;0.9141624187315175
44;2;2165;0.9140134129322828
44;2;2175;0.914661817473063
44;2;2185;0.9158074324185733
44;2;2195;0.9177257039650848
44;2;2205;0.9177330201709994
44;2;2215;0.9178469592949127
44;2;2225;0.9193823746799963
44;2;2235;0.9193101361596928
44;2;2245;0.9205285317252596
44;2;2255;0.9219454726920083
44;2;2265;0.9225103382296106
44;2;2275;0.9195200925076025
44;2;2285;0.9175340241757513
44;2;2295;0.9165487161310784
44;2;2305;0.9147088321495742
44;2;2315;0.9146019924223743
44;2;2325;0.9205640563582353
44;2;2335;0.9280124171305691
44;2;2345;0.9352662154215331
44;2;2355;0.9491658686154916
44;2;2365;0.964803988165021
44;2;2375;0.9843158875064475
44;2;2385;0.9977717952569565
44;2;2395;1.0168961466564925
44;2;2405;1.0353991576118429
44;2;2415;1.0532423284492411
44;2;2425;1.0724375743649062
44;2;2435;1.0929216378252304
44;2;2445;1.1198081596959022
44;2;2450;1.1245721279850007
44;3;405;1.1829265885792268
44;3;415;1.1560137236054007
44;3;425;1.1263640045313759
44;3;435;1.0920213422687588
44;3;445;1.0696634554535667
44;3;455;1.0449402535273016
44;3;465;1.026123799287049
44;3;475;1.0090394809186902
44;3;485;0.9912540373116755
44;3;495;0.9787822474894784
44;3;505;0.9751799242310263
44;3;515;1.001256255207822
44;3;525;1.0388149063221641
44;3;535;1.0454910495496899
44;3;545;1.0197606187289812
44;3;555;1.001077762496413
44;3;565;0.9883079338721001
44;3;575;0.9751039068112285
44;3;585;0.9619360501206959
44;3;595;0.953557653414129
44;3;605;0.9503097960762134
44;3;615;0.9397999060436071
44;3;625;0.931923626435832
44;3;635;0.9264721066747373
44;3;645;0.9153757208993263
44;3;655;0.9115563844451785
44;3;665;0.9096742645366911
44;3;675;0.9202913585128613
44;3;685;0.9461865663496556
44;3;695;1.0212333403542726
44;3;705;0.8808560000073306
44;3;715;0.6276201458389865
44;3;725;0.8389803928292517
44;3;735;1.2129097345905093
44;3;745;1.2400299624887348
44;3;755;1.1379208657050899
44;3;765;1.0638206203303375
44;3;775;1.0182798570821892
44;3;785;0.9943930772187342
44;3;795;0.9833501101533227
44;3;805;0.9762377178575224
44;3;815;0.9649094595467546
44;3;825;0.9491704369429981
44;3;835;0.9330093452855331
44;3;845;0.9155980373955267
44;3;855;0.9028632371577965
44;3;865;0.8960404550043609
44;3;875;0.8927701439336013
44;3;885;0.8908252688225742
44;3;895;0.8899255781590183
44;3;905;0.889834230697668
44;3;915;0.889802013898125
44;3;925;0.8904457724814846
44;3;935;0.8909166242222928
44;3;945;0.8937801001123017
44;3;955;0.8963872452166681
44;3;965;0.8961875412418495
44;3;975;0.901402702024313
44;3;985;0.9057250189547984
44;3;995;0.9122961294549585
44;3;1005;0.9099193761102626
44;3;1015;0.9120432306198766
44;3;1025;0.9097871876707836
44;3;1035;0.9111833105417992
44;3;1045;0.910973462941554
44;3;1055;0.911295320411737
44;3;1065;0.9109737741435614
44;3;1075;0.9093424148174265
44;3;1085;0.9058999897018034
44;3;1095;0.8970143255588098
44;3;1105;0.8908804128814393
44;3;1115;0.8897466991970152
44;3;1125;0.893530420657741
44;3;1135;0.8962350005406895
44;3;1145;0.8983890748988657
44;3;1155;0.9008279517970861
44;3;1165;0.8995207539198258
44;3;1175;0.8942484335712881
44;3;1185;0.8906738389574556
44;3;1195;0.8860039926950174
44;3;1205;0.8799522230458557
44;3;1215;0.8753914849989498
44;3;1225;0.8710247415876285
44;3;1235;0.868669940282644
44;3;1245;0.8683576433002436
44;3;1255;0.8679654197965129
44;3;1265;0.8694980501345496
44;3;1275;0.8724728050261618
44;3;1285;0.875387976634886
44;3;1295;0.8886620293484633
44;3;1305;0.9090385008952312
44;3;1315;0.9169984391190311
44;3;1325;0.907039425172527
44;3;1335;0.8854463129993341
44;3;1345;0.8038593500270861
44;3;1355;0.6492417694203332
44;3;1365;0.5590912237400116
44;3;1375;0.6582120633423458
44;3;1385;0.8265043456702619
44;3;1395;0.8951183511488948
44;3;1405;0.9243956379073708
44;3;1415;0.9490016125382362
44;3;1425;0.9846306522709923
44;3;1435;1.0242670278151096
44;3;1445;1.0562299616903044
44;3;1455;1.0743654492524155
44;3;1465;1.0786130800573306
44;3;1475;1.0744951345769065
44;3;1485;1.0649917256892498
44;3;1495;1.0509127441209287
44;3;1505;1.0320567125235407
44;3;1515;1.0118352217556505
44;3;1525;0.9874401963788217
44;3;1535;0.9614556302128098
44;3;1545;0.9333097514554991
44;3;1555;0.9068185722544696
44;3;1565;0.8819323537342635
44;3;1575;0.8599376767368746
44;3;1585;0.8417430990518516
44;3;1595;0.8250600169314376
44;3;1605;0.8103008930760978
44;3;1615;0.7958249987025503
44;3;1625;0.7852135412012128
44;3;1635;0.7740960643123249
44;3;1645;0.7731367645168508
44;3;1655;0.776417520008246
44;3;1665;0.8032449069785441
44;3;1675;0.8746660859439551
44;3;1685;0.9673995483755212
44;3;1695;1.048994801326048
44;3;1705;1.1134609531103277
44;3;1715;1.1630535625096965
44;3;1725;1.1662077883645479
44;3;1735;1.1271147418425322
44;3;1745;1.0723554517152865
44;3;1755;1.026875647544965
44;3;1765;0.9795646609222636
44;3;1775;0.9507415015279104
44;3;1785;0.945947364848765
44;3;1795;0.9494761679625772
44;3;1805;0.9598187296198094
44;3;1815;0.9617844779209374
44;3;1825;0.9650029085647901
44;3;1835;0.9324175535113903
44;3;1845;0.9082973454659489
44;3;1855;0.8858212906270345
44;3;1865;0.8984689365589197
44;3;1875;0.9716344391263757
44;3;1885;1.1270034195602914
44;3;1895;1.4026342492392871
44;3;1905;1.6369853843643087
44;3;1915;1.7249478804977223
44;3;1925;1.744093217985627
44;3;1935;1.7333536932070888
44;3;1945;1.6902255889645725
44;3;1955;1.6285496810282707
44;3;1965;1.5609905594704614
44;3;1975;1.4938935410990344
44;3;1985;1.432262518471883
44;3;1995;1.3788917821330715
44;3;2005;1.330796880292808
44;3;2015;1.2847366612558155
44;3;2025;1.2405407852323165
44;3;2035;1.1936268491423976
44;3;2045;1.1426938658044739
44;3;2055;1.0958133308865936
44;3;2065;1.053011240264116
44;3;2075;1.0129695525625533
44;3;2085;0.97470691793185
44;3;2095;0.9434573057149784
44;3;2105;0.9186015147116248
44;3;2115;0.8989661027215101
44;3;2125;0.8873312725335971
44;3;2135;0.8820748287742025
44;3;2145;0.8825639305395041
44;3;2155;0.8875388814014284
44;3;2165;0.8934771077554958
44;3;2175;0.8982095919996874
44;3;2185;0.9009630969259069
44;3;2195;0.9034699696602674
44;3;2205;0.9013799543700948
44;3;2215;0.900387072895349
44;3;2225;0.9020103000670103
44;3;2235;0.9037268507280445
44;3;2245;0.909545963396019
44;3;2255;0.9182681624112384
44;3;2265;0.9247337075308071
44;3;2275;0.9187197931835512
44;3;2285;0.9104708086845555
44;3;2295;0.9058275642187008
44;3;2305;0.8973096653081833
44;3;2315;0.8856382830681043
44;3;2325;0.8833109300344751
44;3;2335;0.8874591502641291
44;3;2345;0.8931256792198908
44;3;2355;0.9082025342536387
44;3;2365;0.9289489552167732
44;3;2375;0.9518043897468857
44;3;2385;0.9757466261001864
44;3;2395;1.0018641161672408
44;3;2405;1.026908429320214
44;3;2415;1.0561727492721347
44;3;2425;1.0870924503610413
44;3;2435;1.1219972328986583
44;3;2445;1.1698219571599375
44;3;2450;1.1783608878362652
44;4;405;1.175114588309777
44;4;415;1.1499499142769503
44;4;425;1.1279810831335215
44;4;435;1.0992195358552252
44;4;445;1.0787833097223996
44;4;455;1.059548675098809
44;4;465;1.0422598229526552
44;4;475;1.0278065580130595
44;4;485;1.0115209960225724
44;4;495;1.000388391514088
44;4;505;0.9957219468489146
44;4;515;1.014740480498906
44;4;525;1.0240128974990834
44;4;535;1.0052687598055023
44;4;545;0.9717975274222593
44;4;555;0.9507787959100223
44;4;565;0.9531294880264782
44;4;575;0.9626952310463328
44;4;585;0.9632797738764132
44;4;595;0.9601183193656229
44;4;605;0.9609786303874617
44;4;615;0.9558050458189197
44;4;625;0.9499417076227982
44;4;635;0.944806245227496
44;4;645;0.9353818490903335
44;4;655;0.9322142232802872
44;4;665;0.9306851602426452
44;4;675;0.940571012538394
44;4;685;0.9620231981742582
44;4;695;1.0148139483034324
44;4;705;0.759272512992042
44;4;715;0.47499134735963167
44;4;725;0.7118144946917233
44;4;735;1.1299207446467237
44;4;745;1.1891244601408653
44;4;755;1.1137808365293163
44;4;765;1.0562880864213928
44;4;775;1.01862391412423
44;4;785;0.9986365259138789
44;4;795;0.9891390114365963
44;4;805;0.9831003611041482
44;4;815;0.9722971419603842
44;4;825;0.9575537731910951
44;4;835;0.9415826864269451
44;4;845;0.9243308117773366
44;4;855;0.9112852435387949
44;4;865;0.9038673068223777
44;4;875;0.9001996792999147
44;4;885;0.8978891849722924
44;4;895;0.8967101523983689
44;4;905;0.8963428026728031
44;4;915;0.8959211669913635
44;4;925;0.8965616336328676
44;4;935;0.8969309314159898
44;4;945;0.899275801292896
44;4;955;0.9029988994494249
44;4;965;0.903448025669099
44;4;975;0.9097556485191025
44;4;985;0.9129857376436826
44;4;995;0.9188454976721504
44;4;1005;0.9185339823661471
44;4;1015;0.9178361223799902
44;4;1025;0.9169868940069545
44;4;1035;0.91679469263198
44;4;1045;0.9184954262461315
44;4;1055;0.9193201472241598
44;4;1065;0.9210069576022388
44;4;1075;0.9195603207220617
44;4;1085;0.9164323555487683
44;4;1095;0.9093433273188177
44;4;1105;0.9017116216258887
44;4;1115;0.8978727611466049
44;4;1125;0.8991222767465196
44;4;1135;0.9029742690747908
44;4;1145;0.9077872164225675
44;4;1155;0.9142854886319902
44;4;1165;0.9172423943604812
44;4;1175;0.9164910703886407
44;4;1185;0.9170452868385784
44;4;1195;0.9146892275152162
44;4;1205;0.9097284676875408
44;4;1215;0.9046948220033131
44;4;1225;0.8982108449252776
44;4;1235;0.8935931409318774
44;4;1245;0.8916472035082471
44;4;1255;0.8910604242026059
44;4;1265;0.8883877489880265
44;4;1275;0.8883119226403823
44;4;1285;0.8867131112597985
44;4;1295;0.8920022700361508
44;4;1305;0.9057270390492069
44;4;1315;0.9089995269940171
44;4;1325;0.8973706012837296
44;4;1335;0.8762722531634911
44;4;1345;0.8342599585755045
44;4;1355;0.7960580949015592
44;4;1365;0.7544551159246945
44;4;1375;0.6904558687279088
44;4;1385;0.8095349657781016
44;4;1395;0.9110163015462219
44;4;1405;0.9517723083684817
44;4;1415;0.9769582039159387
44;4;1425;1.009710195700311
44;4;1435;1.0453592912449552
44;4;1445;1.0740312051188785
44;4;1455;1.0899484864265885
44;4;1465;1.0934877701555064
44;4;1475;1.0889952494818496
44;4;1485;1.0787506115198866
44;4;1495;1.0644771693367758
44;4;1505;1.0445048838769346
44;4;1515;1.0219071502788413
44;4;1525;0.9951812206370896
44;4;1535;0.9664267611280938
44;4;1545;0.9362169474446791
44;4;1555;0.9084279890850832
44;4;1565;0.884313364232912
44;4;1575;0.8658056122002895
44;4;1585;0.8532894027793625
44;4;1595;0.8448020292919487
44;4;1605;0.8408518435501533
44;4;1615;0.8393127290369284
44;4;1625;0.8419581100601018
44;4;1635;0.8465566628991976
44;4;1645;0.8580338672713492
44;4;1655;0.8712454720685626
44;4;1665;0.9068204793918406
44;4;1675;0.976950332907589
44;4;1685;1.0586979940067494
44;4;1695;1.1311594709772768
44;4;1705;1.1844677728160642
44;4;1715;1.2222365516420854
44;4;1725;1.2140911325669912
44;4;1735;1.1720386664758857
44;4;1745;1.1091260506882437
44;4;1755;1.0526241510278185
44;4;1765;0.9981935399402242
44;4;1775;0.964853841633572
44;4;1785;0.960244152190593
44;4;1795;0.9621386621050991
44;4;1805;0.9713900686919638
44;4;1815;0.9747318775900509
44;4;1825;0.9696823071634291
44;4;1835;0.901749535325687
44;4;1845;0.8951194049722677
44;4;1855;0.8950508784120083
44;4;1865;0.9333507539122382
44;4;1875;1.0187927955691087
44;4;1885;1.1513523521743887
44;4;1895;1.343501623979097
44;4;1905;1.4984083883201202
44;4;1915;1.5627120409536117
44;4;1925;1.5818108962404227
44;4;1935;1.5778914224959442
44;4;1945;1.547569952280667
44;4;1955;1.5051235728914905
44;4;1965;1.4587734414969542
44;4;1975;1.4135467368123147
44;4;1985;1.3708988741253088
44;4;1995;1.3351852116082046
44;4;2005;1.2998208129745827
44;4;2015;1.2644382325159707
44;4;2025;1.2297635184145286
44;4;2035;1.1901071705155783
44;4;2045;1.1454760643976631
44;4;2055;1.1037482228226065
44;4;2065;1.065572710111471
44;4;2075;1.0283149854804272
44;4;2085;0.9917284076025946
44;4;2095;0.960724482133306
44;4;2105;0.9351254909797264
44;4;2115;0.9134718422675765
44;4;2125;0.8992409114634533
44;4;2135;0.8903703274492789
44;4;2145;0.8870885970239759
44;4;2155;0.8881277080737091
44;4;2165;0.8917286473846783
44;4;2175;0.8951218086605542
44;4;2185;0.8969226359302316
44;4;2195;0.8991084130540505
44;4;2205;0.8979879017463775
44;4;2215;0.8977659538211268
44;4;2225;0.8993164334233876
44;4;2235;0.900185682566842
44;4;2245;0.9039033304871558
44;4;2255;0.9094935851824918
44;4;2265;0.9135319211024997
44;4;2275;0.9088210900001059
44;4;2285;0.9026956213170227
44;4;2295;0.8997258048789772
44;4;2305;0.8938872955793287
44;4;2315;0.8886845614581833
44;4;2325;0.8926331593755589
44;4;2335;0.9012787038915222
44;4;2345;0.9109417287864906
44;4;2355;0.9296893640594971
44;4;2365;0.9518730813790587
44;4;2375;0.9754683163608863
44;4;2385;0.9980775021328865
44;4;2395;1.0248519906497031
44;4;2405;1.0439457425412249
44;4;2415;1.0697528964282756
44;4;2425;1.090823190638275
44;4;2435;1.117516507043371
44;4;2445;1.1465321229653767
44;4;2450;1.1585081066984562
45;1;405;1.1546424234394617
45;1;415;1.126655661222028
45;1;425;1.099987272664225
45;1;435;1.0673174849797162
45;1;445;1.046950220159207
45;1;455;1.0264715209893167
45;1;465;1.0094859682381174
45;1;475;0.9948194178972561
45;1;485;0.9808747062470121
45;1;495;0.9712212685562144
45;1;505;0.9720079062523712
45;1;515;1.0046665317109233
45;1;525;1.057113110982125
45;1;535;1.0785099997532088
45;1;545;1.0611966528153691
45;1;555;1.0457884766752357
45;1;565;1.0244208569989357
45;1;575;0.9976929051533717
45;1;585;0.9775999249451484
45;1;595;0.9665237300861221
45;1;605;0.9617109693847771
45;1;615;0.9483348387987388
45;1;625;0.9393273376461382
45;1;635;0.9340090359632188
45;1;645;0.9220446657888792
45;1;655;0.9167622543371695
45;1;665;0.9129734031399128
45;1;675;0.9200508204165628
45;1;685;0.94155918246619
45;1;695;1.0337487448525589
45;1;705;0.9846087185121429
45;1;715;0.7448617494582057
45;1;725;0.9350207418101415
45;1;735;1.2324811526987154
45;1;745;1.2160095193354006
45;1;755;1.1112827913595658
45;1;765;1.0435435897065881
45;1;775;1.0038890440056414
45;1;785;0.9840586555206813
45;1;795;0.9755095338374556
45;1;805;0.9701635174659027
45;1;815;0.9611890443437922
45;1;825;0.9480370168056956
45;1;835;0.9336812353008489
45;1;845;0.9191275448390634
45;1;855;0.9082485707409013
45;1;865;0.9025060213971833
45;1;875;0.8998935183242219
45;1;885;0.8985223622044276
45;1;895;0.8977822968034594
45;1;905;0.8979670081213477
45;1;915;0.8978009553200215
45;1;925;0.8984800657783931
45;1;935;0.8988266564397822
45;1;945;0.9012056173883366
45;1;955;0.9029141733944576
45;1;965;0.9030141029457931
45;1;975;0.9073450747519526
45;1;985;0.9094991539029303
45;1;995;0.9158196437256565
45;1;1005;0.9121493933249836
45;1;1015;0.913182516759795
45;1;1025;0.9128178139762781
45;1;1035;0.9120602871286412
45;1;1045;0.9143251224070247
45;1;1055;0.9147975263218645
45;1;1065;0.9145335084377868
45;1;1075;0.9110010824786876
45;1;1085;0.9066192512891688
45;1;1095;0.8996972308363105
45;1;1105;0.8952954987731954
45;1;1115;0.8952559181594244
45;1;1125;0.8994191448743666
45;1;1135;0.9033604129287355
45;1;1145;0.9061357881176506
45;1;1155;0.9084899261698157
45;1;1165;0.907768510471208
45;1;1175;0.9046447791084002
45;1;1185;0.9021450112614963
45;1;1195;0.8988120121186618
45;1;1205;0.8944315038026582
45;1;1215;0.8911757834692355
45;1;1225;0.8877334630514957
45;1;1235;0.8861608901040469
45;1;1245;0.8860029143224631
45;1;1255;0.8859356187230962
45;1;1265;0.8870084456164626
45;1;1275;0.8891477831373152
45;1;1285;0.8913855460076491
45;1;1295;0.9000435923206022
45;1;1305;0.9118069508670847
45;1;1315;0.9118352283482343
45;1;1325;0.9009993577327929
45;1;1335;0.8843159784631267
45;1;1345;0.8284313231936844
45;1;1355;0.6992732064542841
45;1;1365;0.5592345800668445
45;1;1375;0.6388064211239921
45;1;1385;0.81769091907554
45;1;1395;0.8931264092936771
45;1;1405;0.9235669408948375
45;1;1415;0.9474596442779429
45;1;1425;0.9811806050011417
45;1;1435;1.0189461745679782
45;1;1445;1.0510228609210501
45;1;1455;1.0694534717017914
45;1;1465;1.075821580909127
45;1;1475;1.0741138198377445
45;1;1485;1.0666357096867316
45;1;1495;1.0552738966610955
45;1;1505;1.0392783979547469
45;1;1515;1.0217182335166433
45;1;1525;0.9998499216384555
45;1;1535;0.9761257828827682
45;1;1545;0.9511734117186008
45;1;1555;0.9262617793919804
45;1;1565;0.902991039185253
45;1;1575;0.8825689452459287
45;1;1585;0.8656091140991364
45;1;1595;0.8505435583833946
45;1;1605;0.8362923686884942
45;1;1615;0.8225024154669516
45;1;1625;0.8095426977298388
45;1;1635;0.7970763834183305
45;1;1645;0.78979356019844
45;1;1655;0.7861397798891295
45;1;1665;0.8021135257301232
45;1;1675;0.8546011801714481
45;1;1685;0.9377963278517781
45;1;1695;1.0180039308454811
45;1;1705;1.0798120345524158
45;1;1715;1.1280654655707825
45;1;1725;1.1320551164922723
45;1;1735;1.096212233848145
45;1;1745;1.0436969143535306
45;1;1755;1.0001120044261846
45;1;1765;0.960397845522195
45;1;1775;0.9367161361770758
45;1;1785;0.9342736998537086
45;1;1795;0.9383583117357115
45;1;1805;0.9462016514893256
45;1;1815;0.9478456178901138
45;1;1825;0.9482709238604313
45;1;1835;0.9157664094281666
45;1;1845;0.9046350651420251
45;1;1855;0.8935172637164926
45;1;1865;0.9117884321012721
45;1;1875;0.9801762161297349
45;1;1885;1.117642295650736
45;1;1895;1.363018180876205
45;1;1905;1.5964359249602893
45;1;1915;1.6978356210179397
45;1;1925;1.7188430781330806
45;1;1935;1.6999192479458345
45;1;1945;1.6486021688406773
45;1;1955;1.5833305880885467
45;1;1965;1.5151041505194625
45;1;1975;1.4523468308269327
45;1;1985;1.3963299060666607
45;1;1995;1.3488092230144701
45;1;2005;1.3044145653961388
45;1;2015;1.2617592676624083
45;1;2025;1.2209158184555013
45;1;2035;1.175411242177059
45;1;2045;1.1274372114542988
45;1;2055;1.0820418439713273
45;1;2065;1.0422490875473054
45;1;2075;1.0050663876191308
45;1;2085;0.9709181567633842
45;1;2095;0.9431507779720458
45;1;2105;0.9211157090133636
45;1;2115;0.9056934545782774
45;1;2125;0.8975369291675103
45;1;2135;0.8954445311134314
45;1;2145;0.8989819903359001
45;1;2155;0.9066364225833996
45;1;2165;0.9151853473979074
45;1;2175;0.9224527193708528
45;1;2185;0.9249486960289646
45;1;2195;0.9248989900029956
45;1;2205;0.9230178657051025
45;1;2215;0.920494740269095
45;1;2225;0.921938991277508
45;1;2235;0.9238832839900972
45;1;2245;0.9322900721312376
45;1;2255;0.9450127148679863
45;1;2265;0.9560373848176645
45;1;2275;0.9504820185585112
45;1;2285;0.9401367191736776
45;1;2295;0.9335819003590132
45;1;2305;0.923145236883814
45;1;2315;0.9068664314454685
45;1;2325;0.8988686006962838
45;1;2335;0.8994219804319762
45;1;2345;0.902887239290838
45;1;2355;0.9144904001850147
45;1;2365;0.9313780217906955
45;1;2375;0.9533279550720766
45;1;2385;0.9718965677313659
45;1;2395;0.9987982313463166
45;1;2405;1.0206157216338692
45;1;2415;1.0466357230550707
45;1;2425;1.073492445571052
45;1;2435;1.1074059542788073
45;1;2445;1.147159343295043
45;1;2450;1.1555730604598415
45;2;405;1.1725827515572749
45;2;415;1.156826145340078
45;2;425;1.1381743616779738
45;2;435;1.1144959238645344
45;2;445;1.0992798466266553
45;2;455;1.0831400191288927
45;2;465;1.0687379307227183
45;2;475;1.0554462450802806
45;2;485;1.0409040755170478
45;2;495;1.0312174660780797
45;2;505;1.0260886053324754
45;2;515;1.0320999861808067
45;2;525;1.0221874575586614
45;2;535;0.9935321079324805
45;2;545;0.9604479983836814
45;2;555;0.9423243054855786
45;2;565;0.9545298540608073
45;2;575;0.9741864799591539
45;2;585;0.9791634669942655
45;2;595;0.9790624057905867
45;2;605;0.9808780306322425
45;2;615;0.9784877559343477
45;2;625;0.9745868049868429
45;2;635;0.9708558187447031
45;2;645;0.9645519472033335
45;2;655;0.9623597965821626
45;2;665;0.9616916845084839
45;2;675;0.9714240101782077
45;2;685;0.9919008453376635
45;2;695;1.0207302241795264
45;2;705;0.6684218398586792
45;2;715;0.31992126196650694
45;2;725;0.5781658681218147
45;2;735;1.0765703941436868
45;2;745;1.183693226894351
45;2;755;1.129282699195683
45;2;765;1.0792372550526128
45;2;775;1.045816328034121
45;2;785;1.0271404600499412
45;2;795;1.0188995705917552
45;2;805;1.0127102496537834
45;2;815;1.0034294824396264
45;2;825;0.9899741438972474
45;2;835;0.9757856732614224
45;2;845;0.9601296351340974
45;2;855;0.9472216463624604
45;2;865;0.9392592084150528
45;2;875;0.9345304122559155
45;2;885;0.9314568066043545
45;2;895;0.9293712896955936
45;2;905;0.928104536697386
45;2;915;0.9267165888839741
45;2;925;0.92592159903363
45;2;935;0.9250155446970999
45;2;945;0.9240159286511131
45;2;955;0.9232598662162799
45;2;965;0.9228658321546799
45;2;975;0.9246487419687485
45;2;985;0.9264690890833072
45;2;995;0.9291900758389484
45;2;1005;0.929497312534678
45;2;1015;0.9299149141404808
45;2;1025;0.9284113728767577
45;2;1035;0.9297726695284082
45;2;1045;0.9299117799813545
45;2;1055;0.9301680051749903
45;2;1065;0.9276572834324598
45;2;1075;0.9242062419434187
45;2;1085;0.9200320416979461
45;2;1095;0.913548565250031
45;2;1105;0.9116258388868438
45;2;1115;0.9148840690007188
45;2;1125;0.9225420948612131
45;2;1135;0.9309105359511617
45;2;1145;0.9388691286192618
45;2;1155;0.9468879372708643
45;2;1165;0.9502535184711978
45;2;1175;0.9477485317026301
45;2;1185;0.9469030159843348
45;2;1195;0.9438419889122268
45;2;1205;0.9385155029285807
45;2;1215;0.933784618301341
45;2;1225;0.9290575204680539
45;2;1235;0.9249107955876624
45;2;1245;0.923592510936839
45;2;1255;0.9230138612032736
45;2;1265;0.9209160929898115
45;2;1275;0.9214184129721199
45;2;1285;0.9207689229672995
45;2;1295;0.9229225775396142
45;2;1305;0.9279763839886959
45;2;1315;0.9249656917159036
45;2;1325;0.913812238680012
45;2;1335;0.9069922758800675
45;2;1345;0.9119990102059321
45;2;1355;0.9322313762448113
45;2;1365;0.9278888127615686
45;2;1375;0.8356901359589238
45;2;1385;0.8583518933320843
45;2;1395;0.9171762869469304
45;2;1405;0.9471512467199852
45;2;1415;0.9698481818971246
45;2;1425;0.9984625436190692
45;2;1435;1.0293834816664567
45;2;1445;1.0548590159477311
45;2;1455;1.069929062765077
45;2;1465;1.075373394874325
45;2;1475;1.0744777124335059
45;2;1485;1.0690516995203645
45;2;1495;1.0597653947825805
45;2;1505;1.0462323883331208
45;2;1515;1.0308007688653216
45;2;1525;1.0112897704090391
45;2;1535;0.9891045518647567
45;2;1545;0.964777622043237
45;2;1555;0.9411991801196363
45;2;1565;0.9181327960938818
45;2;1575;0.8964284014643402
45;2;1585;0.8772830029232284
45;2;1595;0.8585277515545432
45;2;1605;0.8406147431664552
45;2;1615;0.823424445988098
45;2;1625;0.8075664821073214
45;2;1635;0.7913340706188683
45;2;1645;0.7836158379768593
45;2;1655;0.7784766394563782
45;2;1665;0.7951306056695261
45;2;1675;0.8485183530191456
45;2;1685;0.921790709390945
45;2;1695;0.9913790090986131
45;2;1705;1.0435927367294615
45;2;1715;1.0842261755738476
45;2;1725;1.0833099735655605
45;2;1735;1.0510775928732414
45;2;1745;1.0143694204058882
45;2;1755;0.9798840587667264
45;2;1765;0.9512838826373932
45;2;1775;0.937060738195251
45;2;1785;0.937753840878375
45;2;1795;0.9384636408465876
45;2;1805;0.9431659673422496
45;2;1815;0.9453134876864523
45;2;1825;0.9490529906750312
45;2;1835;0.917084425254147
45;2;1845;0.9170727143822148
45;2;1855;0.9228235941822591
45;2;1865;0.9514817368372508
45;2;1875;1.0115629996745223
45;2;1885;1.1178357608440395
45;2;1895;1.2940581802983724
45;2;1905;1.4455896768163194
45;2;1915;1.5047843768547644
45;2;1925;1.5212969840360304
45;2;1935;1.5189309546573033
45;2;1945;1.4932834626310096
45;2;1955;1.454982465533246
45;2;1965;1.4127460326117651
45;2;1975;1.3714815957704762
45;2;1985;1.3329707973199192
45;2;1995;1.299777731483989
45;2;2005;1.2690160723563904
45;2;2015;1.238162588152446
45;2;2025;1.208416618167634
45;2;2035;1.1759999710388123
45;2;2045;1.1412900517975795
45;2;2055;1.1080620843736424
45;2;2065;1.07639762367303
45;2;2075;1.0459622555245305
45;2;2085;1.0172726656408908
45;2;2095;0.992407011578218
45;2;2105;0.9723735258371557
45;2;2115;0.9539484498456994
45;2;2125;0.9401204367148888
45;2;2135;0.9302060125823685
45;2;2145;0.9234982919001656
45;2;2155;0.9190971410279707
45;2;2165;0.917153461685396
45;2;2175;0.916449507490123
45;2;2185;0.9166048797086342
45;2;2195;0.9180468397547843
45;2;2205;0.9184021361667974
45;2;2215;0.9191118218292001
45;2;2225;0.9201094248458555
45;2;2235;0.9195640136766283
45;2;2245;0.9194903759018295
45;2;2255;0.9198706534430069
45;2;2265;0.9203343114881277
45;2;2275;0.9189135876296975
45;2;2285;0.9181993622757407
45;2;2295;0.9180540508627005
45;2;2305;0.9172641137961873
45;2;2315;0.9189371899225887
45;2;2325;0.925212059420616
45;2;2335;0.9334173378365175
45;2;2345;0.9410042299488579
45;2;2355;0.9543982344658639
45;2;2365;0.9694105987076096
45;2;2375;0.9857790517146501
45;2;2385;1.000617668154409
45;2;2395;1.01701810619181
45;2;2405;1.0290183654469232
45;2;2415;1.0454262094899642
45;2;2425;1.0573098451454868
45;2;2435;1.076318075784113
45;2;2445;1.0972185097193095
45;2;2450;1.0985859278196173
45;3;405;1.1262211237959405
45;3;415;1.0967240021881797
45;3;425;1.0789305380654723
45;3;435;1.051865740944056
45;3;445;1.032432552027609
45;3;455;1.0132540459663875
45;3;465;0.9976315208642866
45;3;475;0.985791937476507
45;3;485;0.9718227682876105
45;3;495;0.9622269458819996
45;3;505;0.9600408471694843
45;3;515;0.9880914205139245
45;3;525;1.0271370175273629
45;3;535;1.0372842221636127
45;3;545;1.0163155252760636
45;3;555;1.0002338551401273
45;3;565;0.9877082428575104
45;3;575;0.974062059157511
45;3;585;0.963610428324676
45;3;595;0.954453254504948
45;3;605;0.9518558043965931
45;3;615;0.9418814121106838
45;3;625;0.9345741184394784
45;3;635;0.9294961664626262
45;3;645;0.918450480796103
45;3;655;0.9143054222679222
45;3;665;0.9114351913526649
45;3;675;0.9177277615666101
45;3;685;0.9352345108809342
45;3;695;1.00894037866685
45;3;705;0.8804512786118479
45;3;715;0.6277049905951214
45;3;725;0.8189965021058405
45;3;735;1.1897243546044822
45;3;745;1.2073516621229947
45;3;755;1.1092054497448165
45;3;765;1.045494382119512
45;3;775;1.007118980782269
45;3;785;0.9879135029235379
45;3;795;0.9786275771199405
45;3;805;0.9731847519360675
45;3;815;0.9628917257397683
45;3;825;0.94942486300481
45;3;835;0.9347607686891037
45;3;845;0.9189650261409708
45;3;855;0.9079215796676209
45;3;865;0.9019386592670079
45;3;875;0.8994628094177194
45;3;885;0.8979868776563292
45;3;895;0.8974439456748168
45;3;905;0.8975530139791159
45;3;915;0.8977513258045491
45;3;925;0.8988592513337874
45;3;935;0.8997781782713934
45;3;945;0.9031343029055179
45;3;955;0.9078164526424162
45;3;965;0.9085781487899478
45;3;975;0.9154815713684702
45;3;985;0.9192965402998021
45;3;995;0.9265718499309568
45;3;1005;0.9232781579030154
45;3;1015;0.9245528895766227
45;3;1025;0.9249433781850147
45;3;1035;0.9235876145084875
45;3;1045;0.9245702372978628
45;3;1055;0.9266728380000661
45;3;1065;0.9285660282905812
45;3;1075;0.928452300987096
45;3;1085;0.9246270643112541
45;3;1095;0.9156994829968939
45;3;1105;0.9071944804628267
45;3;1115;0.9033398977520266
45;3;1125;0.903697754080503
45;3;1135;0.9049989151412857
45;3;1145;0.9061845402469098
45;3;1155;0.9084686888154292
45;3;1165;0.9072180855741462
45;3;1175;0.9035035008023916
45;3;1185;0.9009784196080678
45;3;1195;0.8961675780061276
45;3;1205;0.890793680920805
45;3;1215;0.8860756165860767
45;3;1225;0.8807519499093128
45;3;1235;0.8776842662750362
45;3;1245;0.8768112806621319
45;3;1255;0.8762053880979294
45;3;1265;0.8764169280728866
45;3;1275;0.8786190827919554
45;3;1285;0.8810516181899531
45;3;1295;0.8959920986996327
45;3;1305;0.9189424384545622
45;3;1315;0.9254550715080381
45;3;1325;0.9124838632823188
45;3;1335;0.8867325818605355
45;3;1345;0.7959197160126361
45;3;1355;0.5972555705387601
45;3;1365;0.49569399021545635
45;3;1375;0.6619932281984068
45;3;1385;0.849849296278653
45;3;1395;0.9228899900270329
45;3;1405;0.9487335623375375
45;3;1415;0.9685796000339406
45;3;1425;1.0001679075344938
45;3;1435;1.0362044094743947
45;3;1445;1.0653923560798493
45;3;1455;1.0815666270106272
45;3;1465;1.084953364389778
45;3;1475;1.080359384369085
45;3;1485;1.0705074990143475
45;3;1495;1.0566127629620543
45;3;1505;1.037767464876584
45;3;1515;1.017366696422011
45;3;1525;0.9941717641377013
45;3;1535;0.969621390397924
45;3;1545;0.9431386618998023
45;3;1555;0.9189770812469068
45;3;1565;0.8962881298487964
45;3;1575;0.8769628049438035
45;3;1585;0.8625591097026929
45;3;1595;0.8504061651374701
45;3;1605;0.8412395199352184
45;3;1615;0.8340276687219771
45;3;1625;0.8305677336993361
45;3;1635;0.828342800162219
45;3;1645;0.8343854995227461
45;3;1655;0.8440475135474662
45;3;1665;0.8770985455462126
45;3;1675;0.948576069962142
45;3;1685;1.0314890414163136
45;3;1695;1.1064172721999272
45;3;1705;1.1612889436607832
45;3;1715;1.2019695596037103
45;3;1725;1.199406122202426
45;3;1735;1.1609219937075332
45;3;1745;1.098395738869397
45;3;1755;1.048793130326807
45;3;1765;0.9979210869316684
45;3;1775;0.9678747246751873
45;3;1785;0.9636345771538921
45;3;1795;0.9687884805501754
45;3;1805;0.9797669293875333
45;3;1815;0.984697721914014
45;3;1825;0.977599316250843
45;3;1835;0.9193457545182174
45;3;1845;0.9063552322361023
45;3;1855;0.8927363074877251
45;3;1865;0.9098866133579667
45;3;1875;0.975551499487293
45;3;1885;1.102824449162211
45;3;1895;1.3379196362323216
45;3;1905;1.5737878675966355
45;3;1915;1.679742717697973
45;3;1925;1.7112355579827025
45;3;1935;1.700283849568121
45;3;1945;1.648842780218701
45;3;1955;1.5793179502114247
45;3;1965;1.5074107215691932
45;3;1975;1.4407825450222744
45;3;1985;1.3817082504774094
45;3;1995;1.3331113839266229
45;3;2005;1.28867357730404
45;3;2015;1.246708897056821
45;3;2025;1.2065408606114865
45;3;2035;1.1623026297867394
45;3;2045;1.1140149731071824
45;3;2055;1.0711109688968528
45;3;2065;1.034558689679979
45;3;2075;1.000814713319254
45;3;2085;0.9680325095974154
45;3;2095;0.9421096761345558
45;3;2105;0.9196560383392947
45;3;2115;0.9023853682672892
45;3;2125;0.8926052914319602
45;3;2135;0.8879990067317353
45;3;2145;0.8891385435367675
45;3;2155;0.89450533307184
45;3;2165;0.9023698330178761
45;3;2175;0.907175302953429
45;3;2185;0.9094569252101171
45;3;2195;0.9114598558030471
45;3;2205;0.9079411765539993
45;3;2215;0.9062488466149259
45;3;2225;0.907764941776256
45;3;2235;0.9085678826004813
45;3;2245;0.913687468177436
45;3;2255;0.9213855835217089
45;3;2265;0.9250854080121289
45;3;2275;0.9180248455587832
45;3;2285;0.9103846100829472
45;3;2295;0.9062845549949881
45;3;2305;0.8983376173360681
45;3;2315;0.8897203761647009
45;3;2325;0.8905636457300709
45;3;2335;0.8961590957746962
45;3;2345;0.9031835019179496
45;3;2355;0.918994334838924
45;3;2365;0.9403849625944326
45;3;2375;0.964784478896137
45;3;2385;0.9870404073724038
45;3;2395;1.0157889737338959
45;3;2405;1.040243827589021
45;3;2415;1.0652759271807803
45;3;2425;1.097212478804503
45;3;2435;1.1304591178155448
45;3;2445;1.1701678167936846
45;3;2450;1.184896061797125
45;4;405;1.1451101217583348
45;4;415;1.1126126955069597
45;4;425;1.0830997530097146
45;4;435;1.0494862854697413
45;4;445;1.0267331494876324
45;4;455;1.0051167417084659
45;4;465;0.9869017912641616
45;4;475;0.9717946879369014
45;4;485;0.9571735648919476
45;4;495;0.947456108783928
45;4;505;0.9477744788961773
45;4;515;0.9844557931377982
45;4;525;1.0520877842720393
45;4;535;1.0844569617774478
45;4;545;1.0687781789786048
45;4;555;1.0513161547133745
45;4;565;1.0228357142747677
45;4;575;0.9873182880361004
45;4;585;0.9639324244750161
45;4;595;0.9511181903271761
45;4;605;0.9454890595219576
45;4;615;0.9314498621233382
45;4;625;0.9224986709839362
45;4;635;0.9171125927296194
45;4;645;0.9050259969918992
45;4;655;0.9000979042761966
45;4;665;0.8969355669619826
45;4;675;0.9045168663628861
45;4;685;0.9270017448999365
45;4;695;1.0325540775758302
45;4;705;1.0543403577706292
45;4;715;0.8565897954910459
45;4;725;1.050955394996294
45;4;735;1.3159991242674738
45;4;745;1.2558881876058423
45;4;755;1.126675339521866
45;4;765;1.0478309677066007
45;4;775;1.0026897555716958
45;4;785;0.9803949878637531
45;4;795;0.9704757026241155
45;4;805;0.9643680419892765
45;4;815;0.9543325496421361
45;4;825;0.9399640474514277
45;4;835;0.9251640446138581
45;4;845;0.9093870500744053
45;4;855;0.8983005543607866
45;4;865;0.892481784774313
45;4;875;0.8899337153900406
45;4;885;0.8886210712583965
45;4;895;0.8880326416603592
45;4;905;0.8882497936483713
45;4;915;0.8883472364252132
45;4;925;0.8892661752381346
45;4;935;0.890234528418665
45;4;945;0.8934090677900963
45;4;955;0.8967251930511946
45;4;965;0.8967003139942504
45;4;975;0.9027492133233105
45;4;985;0.9062078177887886
45;4;995;0.9123169026652315
45;4;1005;0.9107904287520527
45;4;1015;0.9100755632550978
45;4;1025;0.9086819924701638
45;4;1035;0.9104150932858959
45;4;1045;0.9102839783106679
45;4;1055;0.9114111835304735
45;4;1065;0.9119727954326676
45;4;1075;0.9097747068204461
45;4;1085;0.906043504388081
45;4;1095;0.8984108300962695
45;4;1105;0.8907068078250707
45;4;1115;0.889092303879591
45;4;1125;0.8919989854225752
45;4;1135;0.8943712222498189
45;4;1145;0.8956426233897898
45;4;1155;0.8959206830393526
45;4;1165;0.8939994666163046
45;4;1175;0.8899144637727582
45;4;1185;0.8868830589948579
45;4;1195;0.8829452932601931
45;4;1205;0.8780894012913093
45;4;1215;0.8747612399997154
45;4;1225;0.8716689740109151
45;4;1235;0.8702424365819534
45;4;1245;0.8703232730820484
45;4;1255;0.8702809811301878
45;4;1265;0.8725069865542867
45;4;1275;0.8759484792054452
45;4;1285;0.880370330097769
45;4;1295;0.8952631024583181
45;4;1305;0.916071742804651
45;4;1315;0.9217390149165401
45;4;1325;0.9143922381010451
45;4;1335;0.8962547074646191
45;4;1345;0.8067955544423173
45;4;1355;0.5752464668250097
45;4;1365;0.3435492080257009
45;4;1375;0.5555047717797582
45;4;1385;0.8172246522460102
45;4;1395;0.9027457441574515
45;4;1405;0.9309998890351169
45;4;1415;0.9529508944445144
45;4;1425;0.9856837272699429
45;4;1435;1.0228730529739192
45;4;1445;1.053306933671839
45;4;1455;1.070685454761201
45;4;1465;1.0745676361774543
45;4;1475;1.0704459435788654
45;4;1485;1.061052348154095
45;4;1495;1.0480326939424005
45;4;1505;1.0302916490315837
45;4;1515;1.0109376364626923
45;4;1525;0.9880013197873351
45;4;1535;0.9631984606035274
45;4;1545;0.9363159508614303
45;4;1555;0.9106958844633469
45;4;1565;0.8864956864230109
45;4;1575;0.8651326860992359
45;4;1585;0.8473869238103275
45;4;1595;0.831367139463522
45;4;1605;0.8168409867848494
45;4;1615;0.8026887362440672
45;4;1625;0.7912065695000966
45;4;1635;0.7803713965199606
45;4;1645;0.7774318943340142
45;4;1655;0.7800754102450285
45;4;1665;0.8066451711617594
45;4;1675;0.8786263729341427
45;4;1685;0.9759550067397703
45;4;1695;1.0689325915829215
45;4;1705;1.137773606577118
45;4;1715;1.1863116894394965
45;4;1725;1.1876199916109444
45;4;1735;1.1426336452699186
45;4;1745;1.0780787634459437
45;4;1755;1.0248216649160422
45;4;1765;0.974036026924916
45;4;1775;0.9422061048787923
45;4;1785;0.9374658617455386
45;4;1795;0.939884459394326
45;4;1805;0.9488108412042286
45;4;1815;0.9520881009612444
45;4;1825;0.9506807687914148
45;4;1835;0.9278979730950158
45;4;1845;0.9058798248779643
45;4;1855;0.8856181515360685
45;4;1865;0.8983208031540145
45;4;1875;0.9680433982617216
45;4;1885;1.1161258670997207
45;4;1895;1.3904075678322478
45;4;1905;1.651870923945906
45;4;1915;1.7615987874549361
45;4;1925;1.7799228578703972
45;4;1935;1.75493657979341
45;4;1945;1.6934279128835203
45;4;1955;1.6171239052039696
45;4;1965;1.5388312001067974
45;4;1975;1.4655955341764657
45;4;1985;1.4014335417740515
45;4;1995;1.3473964245032526
45;4;2005;1.2986112237082783
45;4;2015;1.25239355825281
45;4;2025;1.2082147826006129
45;4;2035;1.16108667774445
45;4;2045;1.1096025753297496
45;4;2055;1.0628371446389093
45;4;2065;1.0231530137367753
45;4;2075;0.9868578114051915
45;4;2085;0.952539949813663
45;4;2095;0.925029726761898
45;4;2105;0.9038678486470171
45;4;2115;0.8892051500074848
45;4;2125;0.8824345067576254
45;4;2135;0.8824691117002111
45;4;2145;0.8883022789860495
45;4;2155;0.8984757148671798
45;4;2165;0.9081641522573918
45;4;2175;0.9145957469018735
45;4;2185;0.917437305563989
45;4;2195;0.9189089079187572
45;4;2205;0.9143998659544273
45;4;2215;0.9112012828524662
45;4;2225;0.9116135156709761
45;4;2235;0.914432502136544
45;4;2245;0.9227503271998992
45;4;2255;0.9351947787774954
45;4;2265;0.9441453190632123
45;4;2275;0.937204046317175
45;4;2285;0.9257819567538627
45;4;2295;0.9196662898353012
45;4;2305;0.9085643043076252
45;4;2315;0.8903509297901014
45;4;2325;0.8832781471229987
45;4;2335;0.8845937317012166
45;4;2345;0.8885010381687185
45;4;2355;0.901981086512984
45;4;2365;0.9213234464179332
45;4;2375;0.9457845191825118
45;4;2385;0.9694369028692398
45;4;2395;0.9968273876881567
45;4;2405;1.0257155314437587
45;4;2415;1.0562134256270435
45;4;2425;1.0907169768216736
45;4;2435;1.1300411285041254
45;4;2445;1.180240422541364
45;4;2450;1.1999127873089133
46;1;405;1.1743104158419988
46;1;415;1.1487346505539655
46;1;425;1.121065659957414
46;1;435;1.087199319727153
46;1;445;1.0651134153962036
46;1;455;1.042526152164546
46;1;465;1.0227838635645172
46;1;475;1.0061337426621628
46;1;485;0.9888257285211528
46;1;495;0.9762123179004384
46;1;505;0.9727071977295082
46;1;515;0.9990567509324585
46;1;525;1.0345587129425151
46;1;535;1.0367916845089766
46;1;545;1.0088929328895457
46;1;555;0.9879248162756771
46;1;565;0.9772621672529785
46;1;575;0.966612157069529
46;1;585;0.955629693823463
46;1;595;0.9471670262038986
46;1;605;0.94448167842195
46;1;615;0.934537954165117
46;1;625;0.9268146452629761
46;1;635;0.921427714665602
46;1;645;0.9104081252709737
46;1;655;0.9065464481082598
46;1;665;0.9045408239219455
46;1;675;0.9140693049695872
46;1;685;0.9382189830390915
46;1;695;1.0146353187442998
46;1;705;0.8508499866685513
46;1;715;0.5798914892695173
46;1;725;0.7926583241500545
46;1;735;1.1934255075067643
46;1;745;1.2251608907909082
46;1;755;1.1213452058787963
46;1;765;1.0476479522268953
46;1;775;1.002858422446125
46;1;785;0.9797756678025603
46;1;795;0.9695553014998817
46;1;805;0.962830930096162
46;1;815;0.9515294711191
46;1;825;0.9362706979338388
46;1;835;0.9199092769082572
46;1;845;0.903378954988974
46;1;855;0.8918240702284903
46;1;865;0.8861028869225568
46;1;875;0.8839473880853237
46;1;885;0.8832672679014454
46;1;895;0.8830067852748303
46;1;905;0.8837532863425649
46;1;915;0.8843534480573568
46;1;925;0.8859416840519491
46;1;935;0.8874038038616953
46;1;945;0.8916310811205597
46;1;955;0.8964764559875026
46;1;965;0.8968236546004956
46;1;975;0.9040083377232778
46;1;985;0.9079939875957062
46;1;995;0.9166112777142196
46;1;1005;0.9124689453310542
46;1;1015;0.9123804526235161
46;1;1025;0.9114334674618483
46;1;1035;0.9120681883356212
46;1;1045;0.9118170990370641
46;1;1055;0.9132051170643644
46;1;1065;0.9142249708764711
46;1;1075;0.9133903378903645
46;1;1085;0.9096606079119988
46;1;1095;0.9009193466004841
46;1;1105;0.893279143628447
46;1;1115;0.8891594722471381
46;1;1125;0.8908319579586155
46;1;1135;0.8916495114170064
46;1;1145;0.892683095722169
46;1;1155;0.8947466269367892
46;1;1165;0.8938729178822596
46;1;1175;0.8896433246457343
46;1;1185;0.8867089542729695
46;1;1195;0.8824539868681022
46;1;1205;0.8766343392091734
46;1;1215;0.8719120074247274
46;1;1225;0.8674747053459919
46;1;1235;0.864597207587956
46;1;1245;0.8639955665069059
46;1;1255;0.8636818773251562
46;1;1265;0.8642859189892678
46;1;1275;0.866775893539143
46;1;1285;0.8694022311468158
46;1;1295;0.8821708908798854
46;1;1305;0.9022303956864387
46;1;1315;0.9087970922557023
46;1;1325;0.8981286543203729
46;1;1335;0.8741047813824018
46;1;1345;0.806699052785487
46;1;1355;0.7077583038492452
46;1;1365;0.6373193397522992
46;1;1375;0.6573473585197294
46;1;1385;0.8128376393532103
46;1;1395;0.8920037458895302
46;1;1405;0.9253308448415398
46;1;1415;0.9514657821934778
46;1;1425;0.9880348163734565
46;1;1435;1.028603284857383
46;1;1445;1.0616942668760803
46;1;1455;1.0803020952550004
46;1;1465;1.085203227213252
46;1;1475;1.0806657849085581
46;1;1485;1.0704317363832778
46;1;1495;1.0557436503706754
46;1;1505;1.035320250648894
46;1;1515;1.012916091973685
46;1;1525;0.986522650534832
46;1;1535;0.9577930852722544
46;1;1545;0.9270438962394285
46;1;1555;0.8987669510945413
46;1;1565;0.8733861392144503
46;1;1575;0.8526977928055594
46;1;1585;0.8369941285492665
46;1;1595;0.8234296597057738
46;1;1605;0.8132420577692934
46;1;1615;0.804137326646905
46;1;1625;0.7987237477095916
46;1;1635;0.7945528309614364
46;1;1645;0.7994537628625719
46;1;1655;0.8085461108988575
46;1;1665;0.8430072710968641
46;1;1675;0.9243784558350141
46;1;1685;1.0224587398305938
46;1;1695;1.111342048428604
46;1;1705;1.1764831383197278
46;1;1715;1.223474765178128
46;1;1725;1.2234997273421473
46;1;1735;1.1799490931732453
46;1;1745;1.1169991710342015
46;1;1755;1.0610214011514616
46;1;1765;1.0011648623016958
46;1;1775;0.9654233293981979
46;1;1785;0.9602629199899358
46;1;1795;0.9645768788284409
46;1;1805;0.9752862754882585
46;1;1815;0.9818915497536883
46;1;1825;0.9800671025279701
46;1;1835;0.9155937526476303
46;1;1845;0.8971620069210647
46;1;1855;0.878672876978618
46;1;1865;0.8986801106143604
46;1;1875;0.9790188466042206
46;1;1885;1.1347032715184422
46;1;1895;1.3973423093832136
46;1;1905;1.627077235869665
46;1;1915;1.7146638809678891
46;1;1925;1.7357444538615125
46;1;1935;1.7241644681354649
46;1;1945;1.68035889474157
46;1;1955;1.6195678736134553
46;1;1965;1.5532439209343651
46;1;1975;1.4897889653096235
46;1;1985;1.4313264022309269
46;1;1995;1.3815115916398475
46;1;2005;1.3342356029230984
46;1;2015;1.289474457006036
46;1;2025;1.2453732551957095
46;1;2035;1.1960180243643146
46;1;2045;1.1432983562492163
46;1;2055;1.0937968442823316
46;1;2065;1.0486102334019065
46;1;2075;1.0068081621280494
46;1;2085;0.9672691170723229
46;1;2095;0.9355813705714427
46;1;2105;0.9097318418638425
46;1;2115;0.8907501017728481
46;1;2125;0.8799643295187581
46;1;2135;0.8758967715230945
46;1;2145;0.8777338255455952
46;1;2155;0.8837798173807577
46;1;2165;0.8912686915977474
46;1;2175;0.8966609139654301
46;1;2185;0.8994514597781118
46;1;2195;0.90121588793202
46;1;2205;0.8985409671083577
46;1;2215;0.8962680843811092
46;1;2225;0.8979253716841828
46;1;2235;0.8994489985057775
46;1;2245;0.9062963064267232
46;1;2255;0.9165629356660602
46;1;2265;0.9237795623925149
46;1;2275;0.918862111194455
46;1;2285;0.9102525020365192
46;1;2295;0.9041940452727935
46;1;2305;0.8949204074877076
46;1;2315;0.8811135934795966
46;1;2325;0.8779886847019581
46;1;2335;0.8816041541721694
46;1;2345;0.88742576680558
46;1;2355;0.9028595258242764
46;1;2365;0.9239758383962369
46;1;2375;0.9501151386558208
46;1;2385;0.9725775047897722
46;1;2395;1.0035185591694848
46;1;2405;1.0268791227628777
46;1;2415;1.053237135587103
46;1;2425;1.085478611505374
46;1;2435;1.1206690199370581
46;1;2445;1.1585872124660663
46;1;2450;1.1761869498041424
46;2;405;1.1407763771418689
46;2;415;1.1085063516884495
46;2;425;1.0792015753189814
46;2;435;1.0457618895821235
46;2;445;1.0227971851364028
46;2;455;1.001560398645402
46;2;465;0.9832449838640299
46;2;475;0.9679133221843934
46;2;485;0.9536577320579687
46;2;495;0.9442000679304919
46;2;505;0.9463251287947813
46;2;515;0.987535304818614
46;2;525;1.0647862505218018
46;2;535;1.103367102046195
46;2;545;1.0906138709448492
46;2;555;1.0757017169119854
46;2;565;1.0421637150244998
46;2;575;0.9984374921872134
46;2;585;0.9695482117251325
46;2;595;0.9545463416648627
46;2;605;0.9472386675730491
46;2;615;0.9305709285828551
46;2;625;0.9205874354397859
46;2;635;0.9149998571867756
46;2;645;0.9020652062537055
46;2;655;0.8965159866616405
46;2;665;0.8925413232862154
46;2;675;0.8989148065013709
46;2;685;0.9205029983015058
46;2;695;1.0372778870849153
46;2;705;1.098646547396534
46;2;715;0.9058525629222378
46;2;725;1.0757908076153466
46;2;735;1.314184546848819
46;2;745;1.2535907042775767
46;2;755;1.1230105312036722
46;2;765;1.0429603925609188
46;2;775;0.9979355384654017
46;2;785;0.9756232087901768
46;2;795;0.9665298859945951
46;2;805;0.9608465983703758
46;2;815;0.9512298287867397
46;2;825;0.9371343366964526
46;2;835;0.9217350843033307
46;2;845;0.9059322048076125
46;2;855;0.8945748003512364
46;2;865;0.8887324533932827
46;2;875;0.8862874548199557
46;2;885;0.8851623627481431
46;2;895;0.8846204900718546
46;2;905;0.8849595535454786
46;2;915;0.8851618950756653
46;2;925;0.8861866704111361
46;2;935;0.8869597894097133
46;2;945;0.8902126436808433
46;2;955;0.892855016647794
46;2;965;0.8931007958399315
46;2;975;0.8984581985428605
46;2;985;0.9014430084508214
46;2;995;0.9088310363432126
46;2;1005;0.9065020124887778
46;2;1015;0.9077636764794911
46;2;1025;0.9065415191504204
46;2;1035;0.9066807971357324
46;2;1045;0.9069743774746012
46;2;1055;0.909880770427174
46;2;1065;0.9099786298148159
46;2;1075;0.9071609194349551
46;2;1085;0.9019106863074241
46;2;1095;0.8937188085535486
46;2;1105;0.8871824937384932
46;2;1115;0.8862954149797191
46;2;1125;0.8888745528574579
46;2;1135;0.8910155461407222
46;2;1145;0.8918754644843739
46;2;1155;0.8918419263857985
46;2;1165;0.8898468381709874
46;2;1175;0.8864436478458031
46;2;1185;0.8838923759359002
46;2;1195;0.8805727457333035
46;2;1205;0.8769239903874141
46;2;1215;0.8747724292131572
46;2;1225;0.873059309642621
46;2;1235;0.8729329678247022
46;2;1245;0.8736572399573562
46;2;1255;0.8735643621148725
46;2;1265;0.8763007355997177
46;2;1275;0.8796070803272695
46;2;1285;0.8843799772200568
46;2;1295;0.8967414122957957
46;2;1305;0.9106023956172604
46;2;1315;0.910905082361771
46;2;1325;0.8979882148362244
46;2;1335;0.8775563144889759
46;2;1345;0.8033570195386109
46;2;1355;0.6207968581475111
46;2;1365;0.3854562595982015
46;2;1375;0.5383724301131332
46;2;1385;0.8004386789328535
46;2;1395;0.8836666582867889
46;2;1405;0.9127664126591151
46;2;1415;0.9359716965373253
46;2;1425;0.9705194308045877
46;2;1435;1.0105333072267557
46;2;1445;1.0444487425258397
46;2;1455;1.0644282888451762
46;2;1465;1.0710205133276713
46;2;1475;1.0691158442455606
46;2;1485;1.0616020333502112
46;2;1495;1.0500083699266392
46;2;1505;1.0339404598098063
46;2;1515;1.0159696063795243
46;2;1525;0.9941883348766122
46;2;1535;0.9699195466766134
46;2;1545;0.9437433420712764
46;2;1555;0.9178281502482639
46;2;1565;0.8930294425865597
46;2;1575;0.8710970648317025
46;2;1585;0.8526598483239513
46;2;1595;0.8361414049526318
46;2;1605;0.8199045372218507
46;2;1615;0.8044036957339679
46;2;1625;0.7895571419973714
46;2;1635;0.774168703168604
46;2;1645;0.7658033397074018
46;2;1655;0.7613912664380016
46;2;1665;0.7830532450439124
46;2;1675;0.8541941471615899
46;2;1685;0.9565528774391691
46;2;1695;1.055887433310418
46;2;1705;1.1307488152785672
46;2;1715;1.1840377806357787
46;2;1725;1.1892068906450934
46;2;1735;1.1418836028268764
46;2;1745;1.0744072875614692
46;2;1755;1.0217411852947649
46;2;1765;0.9730355691860226
46;2;1775;0.9422844295081719
46;2;1785;0.9373723107965821
46;2;1795;0.9422804992653719
46;2;1805;0.9514372995076178
46;2;1815;0.9535563724334546
46;2;1825;0.9519312672926374
46;2;1835;0.9148412547819198
46;2;1845;0.8995329031158297
46;2;1855;0.8822766116344177
46;2;1865;0.8950012411709427
46;2;1875;0.96086927282558
46;2;1885;1.1058288706093176
46;2;1895;1.3815635071794818
46;2;1905;1.645437162171198
46;2;1915;1.7592286714024625
46;2;1925;1.779891854821979
46;2;1935;1.7581227422094157
46;2;1945;1.6996051178870974
46;2;1955;1.6254576650010453
46;2;1965;1.5483661549011907
46;2;1975;1.4759735396358553
46;2;1985;1.4130825721359133
46;2;1995;1.3587769089849808
46;2;2005;1.3100141543337145
46;2;2015;1.2621947198161763
46;2;2025;1.2168793605916315
46;2;2035;1.16693114671552
46;2;2045;1.1138674058557259
46;2;2055;1.0645317300785722
46;2;2065;1.0224166775531387
46;2;2075;0.9844635089590328
46;2;2085;0.9488887215818471
46;2;2095;0.9213859072924891
46;2;2105;0.9006516908832576
46;2;2115;0.8869676068853332
46;2;2125;0.8816610011707848
46;2;2135;0.8836021274057514
46;2;2145;0.8913701489501896
46;2;2155;0.9035933195034315
46;2;2165;0.9158942991419339
46;2;2175;0.9246935700310566
46;2;2185;0.9272450593334592
46;2;2195;0.9262645365116586
46;2;2205;0.9221885778775608
46;2;2215;0.9183419798639277
46;2;2225;0.9186024480346343
46;2;2235;0.9213538067760314
46;2;2245;0.932206948603491
46;2;2255;0.9488858314583298
46;2;2265;0.9614719849415693
46;2;2275;0.9550590014258165
46;2;2285;0.9426918706099584
46;2;2295;0.9344482528631338
46;2;2305;0.9216006587955297
46;2;2315;0.8996205578087166
46;2;2325;0.887377403018821
46;2;2335;0.8852146062721392
46;2;2345;0.8872182862583349
46;2;2355;0.8978037173109129
46;2;2365;0.9151243198529134
46;2;2375;0.938896696972218
46;2;2385;0.9612257469967095
46;2;2395;0.9897432327478959
46;2;2405;1.0174865084103413
46;2;2415;1.0476611167317222
46;2;2425;1.08117374436303
46;2;2435;1.1208545278927395
46;2;2445;1.1675624852968203
46;2;2450;1.1793984605320822
46;3;405;1.1348824279752405
46;3;415;1.1084291966748658
46;3;425;1.093139278979675
46;3;435;1.0697616150873033
46;3;445;1.0540763826648198
46;3;455;1.0389980104566447
46;3;465;1.0261788459340822
46;3;475;1.0156067232305384
46;3;485;1.0036712184687762
46;3;495;0.9956238035285568
46;3;505;0.9926458374055627
46;3;515;1.0088712633371983
46;3;525;1.0201901932795978
46;3;535;1.0096195998721178
46;3;545;0.9839069808055688
46;3;555;0.967724973282192
46;3;565;0.9704958839257986
46;3;575;0.9779289713639507
46;3;585;0.9785091128042454
46;3;595;0.9754823022038035
46;3;605;0.9762901242935562
46;3;615;0.9719892754217305
46;3;625;0.9672610934697873
46;3;635;0.9633776704276331
46;3;645;0.9553634019489394
46;3;655;0.9527135773446678
46;3;665;0.9515493331475321
46;3;675;0.9595882670763165
46;3;685;0.9769552935019238
46;3;695;1.0248398310688425
46;3;705;0.79416785151676
46;3;715;0.5223319715841274
46;3;725;0.758843037878405
46;3;735;1.1521413261788842
46;3;745;1.1866586259504563
46;3;755;1.1139989148514604
46;3;765;1.064286840734905
46;3;775;1.0328817277256148
46;3;785;1.0169620834798427
46;3;795;1.008955982749788
46;3;805;1.0042133071060586
46;3;815;0.9957891600940577
46;3;825;0.9841057919594631
46;3;835;0.9714638378393412
46;3;845;0.9573838554537456
46;3;855;0.9465036757630871
46;3;865;0.9397405560650809
46;3;875;0.935921838482797
46;3;885;0.9329458183286663
46;3;895;0.9316192326896936
46;3;905;0.9304014632143476
46;3;915;0.9292841549087927
46;3;925;0.9286629799577382
46;3;935;0.928023069051603
46;3;945;0.9277647917498191
46;3;955;0.9278450275691518
46;3;965;0.927892567859595
46;3;975;0.9306436425418035
46;3;985;0.9324405327354308
46;3;995;0.9354973597322608
46;3;1005;0.9358111095400073
46;3;1015;0.9361292190173827
46;3;1025;0.935063265817586
46;3;1035;0.935879506664312
46;3;1045;0.9373208757216916
46;3;1055;0.9371233755024984
46;3;1065;0.9367965312919411
46;3;1075;0.932976741098495
46;3;1085;0.9287273434797159
46;3;1095;0.9230145922639652
46;3;1105;0.91928165018621
46;3;1115;0.92106367714846
46;3;1125;0.9271352715553506
46;3;1135;0.9344322658226188
46;3;1145;0.9402722105720535
46;3;1155;0.946092763754512
46;3;1165;0.9483170718304443
46;3;1175;0.9466416658865042
46;3;1185;0.9453995848761519
46;3;1195;0.9423136499420112
46;3;1205;0.9377286322578411
46;3;1215;0.9329294509885543
46;3;1225;0.9269525363135465
46;3;1235;0.9232405681429113
46;3;1245;0.9219432366731652
46;3;1255;0.9207786620238259
46;3;1265;0.9191161831495488
46;3;1275;0.919138530252227
46;3;1285;0.9173314382952732
46;3;1295;0.9219617724459935
46;3;1305;0.9343404729632927
46;3;1315;0.9364720991429172
46;3;1325;0.9273126483353151
46;3;1335;0.9138103236808995
46;3;1345;0.858083166505148
46;3;1355;0.69805766952208
46;3;1365;0.5424520884127445
46;3;1375;0.6575273575474045
46;3;1385;0.8716652034229784
46;3;1395;0.9552445715670297
46;3;1405;0.981968401257326
46;3;1415;0.9994261899017388
46;3;1425;1.024380491375237
46;3;1435;1.0519041253211805
46;3;1445;1.0739869859357112
46;3;1455;1.0862468627198947
46;3;1465;1.0881182376694292
46;3;1475;1.0844633145955622
46;3;1485;1.0765958952953172
46;3;1495;1.0653816530396305
46;3;1505;1.0497083837780659
46;3;1515;1.0326104456119756
46;3;1525;1.0127040595495675
46;3;1535;0.9911905292506051
46;3;1545;0.9683652626997609
46;3;1555;0.9461900190519439
46;3;1565;0.9248585102296587
46;3;1575;0.9055343135194382
46;3;1585;0.8896123585851007
46;3;1595;0.8753478825766197
46;3;1605;0.8628210683160736
46;3;1615;0.8514903698034613
46;3;1625;0.8429779728971993
46;3;1635;0.8349339693149398
46;3;1645;0.8339205480873535
46;3;1655;0.8357142456478419
46;3;1665;0.8543887658090172
46;3;1675;0.900625644777027
46;3;1685;0.9584037067881543
46;3;1695;1.0151894275980002
46;3;1705;1.0584554633277665
46;3;1715;1.0925664336926895
46;3;1725;1.0876341455328633
46;3;1735;1.061912902291797
46;3;1745;1.021436266102325
46;3;1755;0.9857538496005005
46;3;1765;0.9568430366464222
46;3;1775;0.9408609369826698
46;3;1785;0.9400894563424136
46;3;1795;0.9406701983104765
46;3;1805;0.945010543681582
46;3;1815;0.9459499397907711
46;3;1825;0.942523308200475
46;3;1835;0.9305044615893289
46;3;1845;0.924717851605927
46;3;1855;0.9248330803801689
46;3;1865;0.9510148538162017
46;3;1875;1.01158770602001
46;3;1885;1.1142169394642731
46;3;1895;1.2856160935844643
46;3;1905;1.4522233535579683
46;3;1915;1.5319867843583186
46;3;1925;1.5533943705358164
46;3;1935;1.5441747509668122
46;3;1945;1.5028597433197943
46;3;1955;1.4516881025326738
46;3;1965;1.400263531309197
46;3;1975;1.3525487468711201
46;3;1985;1.3099143943215088
46;3;1995;1.2749735370626032
46;3;2005;1.2429248867121085
46;3;2015;1.2115952968000985
46;3;2025;1.1816114808490683
46;3;2035;1.1488638661550437
46;3;2045;1.1127888281437877
46;3;2055;1.0803282128394505
46;3;2065;1.0520201132227078
46;3;2075;1.0246124968723613
46;3;2085;0.9983968109771485
46;3;2095;0.9759459801414379
46;3;2105;0.9568048713742594
46;3;2115;0.9405737997583028
46;3;2125;0.9296495577661883
46;3;2135;0.9220415641082275
46;3;2145;0.9184992394440246
46;3;2155;0.9181296925419331
46;3;2165;0.9200184409431952
46;3;2175;0.9218717678115679
46;3;2185;0.9232109593057762
46;3;2195;0.9256205445801655
46;3;2205;0.9249857151596694
46;3;2215;0.9253180452044248
46;3;2225;0.92657944320788
46;3;2235;0.9268376758463371
46;3;2245;0.928572703375071
46;3;2255;0.9308944626723936
46;3;2265;0.9310802263117487
46;3;2275;0.9269716573092424
46;3;2285;0.9226476519121137
46;3;2295;0.9213378021433893
46;3;2305;0.9186943699331325
46;3;2315;0.9175940840694234
46;3;2325;0.9231985424066264
46;3;2335;0.9311108079780868
46;3;2345;0.9391113736287351
46;3;2355;0.9541093050269441
46;3;2365;0.9717231182053733
46;3;2375;0.9893670956616882
46;3;2385;1.0078288184776225
46;3;2395;1.0277510189255323
46;3;2405;1.0436098174607968
46;3;2415;1.064158636684906
46;3;2425;1.0833945796183606
46;3;2435;1.1072517766751844
46;3;2445;1.1331680304184246
46;3;2450;1.14924033730363
46;4;405;1.1546044186519162
46;4;415;1.1341236081485622
46;4;425;1.1139966231868705
46;4;435;1.0882543169314027
46;4;445;1.071311388736353
46;4;455;1.0525955494000012
46;4;465;1.0378955271258314
46;4;475;1.0254164249320787
46;4;485;1.0114913900140938
46;4;495;1.0027107551752592
46;4;505;1.0006368585470231
46;4;515;1.020519531888758
46;4;525;1.039929640179639
46;4;535;1.0362064529374175
46;4;545;1.0120427395049822
46;4;555;0.9958880108961212
46;4;565;0.992648625757148
46;4;575;0.9908605643440294
46;4;585;0.9841715744890497
46;4;595;0.9786978561591572
46;4;605;0.9771330166751041
46;4;615;0.9688148698480942
46;4;625;0.9621425720414434
46;4;635;0.9574411613915856
46;4;645;0.9475713539433392
46;4;655;0.9431933554422103
46;4;665;0.9401967876319156
46;4;675;0.947494914129651
46;4;685;0.9667756437283077
46;4;695;1.0237021265918531
46;4;705;0.8083658125753048
46;4;715;0.507721250526465
46;4;725;0.7245991820342058
46;4;735;1.1408870890595462
46;4;745;1.1958423533281846
46;4;755;1.1204634919565983
46;4;765;1.0641923641793267
46;4;775;1.029148754703465
46;4;785;1.0104871899469017
46;4;795;1.0018980124508288
46;4;805;0.9960119784555892
46;4;815;0.9869204512595224
46;4;825;0.9736866186764869
46;4;835;0.9602456047684816
46;4;845;0.9450362591425301
46;4;855;0.9331736389930047
46;4;865;0.9262194091744059
46;4;875;0.9225271596988778
46;4;885;0.9199813140226089
46;4;895;0.918435158585272
46;4;905;0.9177401715945981
46;4;915;0.9168361688396529
46;4;925;0.9166596434345141
46;4;935;0.9163509448666912
46;4;945;0.9168920175558225
46;4;955;0.9175805387062272
46;4;965;0.9175667158145668
46;4;975;0.9206581561973862
46;4;985;0.9231039948773466
46;4;995;0.9271481676067098
46;4;1005;0.9249108790897258
46;4;1015;0.9255129477170981
46;4;1025;0.9252072084038042
46;4;1035;0.9257423697101774
46;4;1045;0.9263810174509735
46;4;1055;0.926545790770932
46;4;1065;0.9258452439021888
46;4;1075;0.9241551714625971
46;4;1085;0.9220212368985865
46;4;1095;0.9152348999699829
46;4;1105;0.9109919911698022
46;4;1115;0.9115052014121258
46;4;1125;0.9163141565467222
46;4;1135;0.9216940337901979
46;4;1145;0.9270661274669967
46;4;1155;0.932952195520455
46;4;1165;0.9344952531415808
46;4;1175;0.9317790810453871
46;4;1185;0.9302889511347651
46;4;1195;0.927043011021495
46;4;1205;0.9220259907230074
46;4;1215;0.9175990227573937
46;4;1225;0.9128059643997057
46;4;1235;0.9090809677311713
46;4;1245;0.9078512724934924
46;4;1255;0.9077001519266142
46;4;1265;0.9067077064534695
46;4;1275;0.9073611213270347
46;4;1285;0.9070858559549042
46;4;1295;0.912270528825973
46;4;1305;0.921694580599476
46;4;1315;0.9228381308326389
46;4;1325;0.9127473478293646
46;4;1335;0.89694472355102
46;4;1345;0.8646697483322815
46;4;1355;0.8221882410043918
46;4;1365;0.7770124836320602
46;4;1375;0.7623551030351703
46;4;1385;0.8517037366773261
46;4;1395;0.9103079870255713
46;4;1405;0.9375239284693025
46;4;1415;0.9587466113054665
46;4;1425;0.9880563890823467
46;4;1435;1.0207005672663245
46;4;1445;1.0479853029193469
46;4;1455;1.0637496698707747
46;4;1465;1.0694497141337669
46;4;1475;1.0681804702109552
46;4;1485;1.0617943805789247
46;4;1495;1.0518738975001174
46;4;1505;1.0380113005355527
46;4;1515;1.0227200148181623
46;4;1525;1.0033638245199008
46;4;1535;0.9824125217254446
46;4;1545;0.9594365979487925
46;4;1555;0.9376152857348321
46;4;1565;0.9163915138701735
46;4;1575;0.8964284404900001
46;4;1585;0.8794309176080282
46;4;1595;0.8634058886512188
46;4;1605;0.8483804761011301
46;4;1615;0.8337185350862285
46;4;1625;0.8205562410074629
46;4;1635;0.8085354785838293
46;4;1645;0.8021111201469147
46;4;1655;0.8007334637391615
46;4;1665;0.8194441147066679
46;4;1675;0.8714279863066329
46;4;1685;0.9524122440302732
46;4;1695;1.0247519679932928
46;4;1705;1.0776125244129244
46;4;1715;1.1192785587423595
46;4;1725;1.1192802220431586
46;4;1735;1.0824603774337833
46;4;1745;1.0358109235926773
46;4;1755;0.9980749199993236
46;4;1765;0.9632824510320536
46;4;1775;0.9445905677492691
46;4;1785;0.9436972786157115
46;4;1795;0.9465533366339282
46;4;1805;0.954730630777317
46;4;1815;0.9568897651741024
46;4;1825;0.9607284535273031
46;4;1835;0.9175049799247238
46;4;1845;0.9135693714567817
46;4;1855;0.91249357042524
46;4;1865;0.9340652961882708
46;4;1875;0.992922342241032
46;4;1885;1.1052787442146101
46;4;1895;1.3088372891120574
46;4;1905;1.4984792148305126
46;4;1915;1.5777910529729828
46;4;1925;1.6005508881661377
46;4;1935;1.5916019647265716
46;4;1945;1.5558221461588801
46;4;1955;1.5041600508963429
46;4;1965;1.4485816002728804
46;4;1975;1.3963952793471135
46;4;1985;1.348527406411159
46;4;1995;1.308284779973031
46;4;2005;1.2711949973761745
46;4;2015;1.2361195416783695
46;4;2025;1.2026018243436098
46;4;2035;1.1671091817733017
46;4;2045;1.12816896727569
46;4;2055;1.0923997514517885
46;4;2065;1.0606258111835807
46;4;2075;1.0301625607500968
46;4;2085;1.001413462886154
46;4;2095;0.976603286061626
46;4;2105;0.9560537052997922
46;4;2115;0.93818032937199
46;4;2125;0.9259041089715894
46;4;2135;0.9170183729470359
46;4;2145;0.912226985959471
46;4;2155;0.9104415759309497
46;4;2165;0.9108435618392495
46;4;2175;0.9119383307826774
46;4;2185;0.9130352204151133
46;4;2195;0.9148738929652432
46;4;2205;0.9144146682257879
46;4;2215;0.9146330708797239
46;4;2225;0.9159147096968699
46;4;2235;0.9164446750790213
46;4;2245;0.918132945044224
46;4;2255;0.9208071194380234
46;4;2265;0.9238011690363896
46;4;2275;0.9202458594829004
46;4;2285;0.9173069194556538
46;4;2295;0.9162238602733686
46;4;2305;0.9130307122836899
46;4;2315;0.91100919753314
46;4;2325;0.9151996598091131
46;4;2335;0.9218888928400891
46;4;2345;0.9285186864828638
46;4;2355;0.9421032090988344
46;4;2365;0.9584419324254078
46;4;2375;0.977239788412627
46;4;2385;0.9931686765089309
46;4;2395;1.011757122805329
46;4;2405;1.0298227659611647
46;4;2415;1.0495098774253409
46;4;2425;1.066744561436075
46;4;2435;1.0910684451699904
46;4;2445;1.1274739028597676
46;4;2450;1.123763791939707
