banda_nm;rho_spearman;p_valor;significativa;vip
400;0.6099071207430341;0.0071966585949820045;True;0.9441938488076042
401;0.6099071207430341;0.0071966585949820045;True;0.939265232415592
402;0.5975232198142414;0.008827374421547778;True;0.9353546607339273
403;0.6037151702786379;0.007978467211182628;True;0.9324574027084587
404;0.6037151702786379;0.007978467211182628;True;0.9305646993723187
405;0.6037151702786379;0.007978467211182628;True;0.9296664173962801
406;0.6037151702786379;0.007978467211182628;True;0.9282227090226488
407;0.6119711042311662;0.006950274712161287;True;0.929271913678653
408;0.6243550051599587;0.005611272629892071;True;0.9323038737693157
409;0.6243550051599587;0.005611272629892071;True;0.9360023603002396
410;0.6243550051599587;0.005611272629892071;True;0.9382060143043638
411;0.6222910216718266;0.005818551360831044;True;0.9397810476546331
412;0.6346749226006192;0.004662842748871135;True;0.941348420086444
413;0.6491228070175438;0.003558373943300947;True;0.9408914714120048
414;0.6264189886480908;0.005410032721793995;True;0.9361895576449273
415;0.6140350877192982;0.0067107587733592385;True;0.9320453825284787
416;0.6140350877192982;0.0067107587733592385;True;0.93017464816508
417;0.6140350877192982;0.0067107587733592385;True;0.9300700884277694
418;0.6264189886480908;0.005410032721793995;True;0.9308106639427545
419;0.6264189886480908;0.005410032721793995;True;0.9317650709396709
420;0.6388028895768835;0.004322124802950012;True;0.9330763338786996
421;0.6388028895768835;0.004322124802950012;True;0.93480509388797
422;0.6388028895768835;0.004322124802950012;True;0.936498862939048
423;0.6388028895768835;0.004322124802950012;True;0.9365145485959785
424;0.6388028895768835;0.004322124802950012;True;0.9346216509471565
425;0.6140350877192982;0.0067107587733592385;True;0.9328986983180695
426;0.6140350877192982;0.0067107587733592385;True;0.9317750085832284
427;0.6284829721362228;0.005214699418213291;True;0.9316833505055526
428;0.6284829721362228;0.005214699418213291;True;0.932507754851168
429;0.6284829721362228;0.005214699418213291;True;0.9336218100705026
430;0.6408668730650156;0.004159550994391519;True;0.9350560099741381
431;0.6408668730650156;0.004159550994391519;True;0.9362105499139524
432;0.6408668730650156;0.004159550994391519;True;0.9364812843337024
433;0.6408668730650156;0.004159550994391519;True;0.9366615871385027
434;0.6408668730650156;0.004159550994391519;True;0.9365631757986315
435;0.6635706914344685;0.002677983974457382;True;0.9361840842739579
436;0.6635706914344685;0.002677983974457382;True;0.9355978539158526
437;0.6635706914344685;0.002677983974457382;True;0.9354745706372549
438;0.6635706914344685;0.002677983974457382;True;0.935818106657865
439;0.6635706914344685;0.002677983974457382;True;0.9361314795061277
440;0.6635706914344685;0.002677983974457382;True;0.9358224378764864
441;0.6800825593395253;0.0018996026438905017;True;0.9355825692290362
442;0.6800825593395253;0.0018996026438905017;True;0.9356959156979795
443;0.6800825593395253;0.0018996026438905017;True;0.9362877343755327
444;0.6718266253869969;0.002261304519717512;True;0.9367480483246832
445;0.6718266253869969;0.002261304519717512;True;0.9370843865151116
446;0.6718266253869969;0.002261304519717512;True;0.9375886636127214
447;0.6718266253869969;0.002261304519717512;True;0.9385400710465234
448;0.6718266253869969;0.002261304519717512;True;0.9392165358203007
449;0.6718266253869969;0.002261304519717512;True;0.9393942078031987
450;0.6718266253869969;0.002261304519717512;True;0.9392471777170591
451;0.6718266253869969;0.002261304519717512;True;0.9394867874196235
452;0.6718266253869969;0.002261304519717512;True;0.9395026869158986
453;0.6718266253869969;0.002261304519717512;True;0.939141034026769
454;0.6883384932920537;0.001587100243984537;True;0.9387874320417061
455;0.6883384932920537;0.001587100243984537;True;0.9386910125649531
456;0.6883384932920537;0.001587100243984537;True;0.9388720937476112
457;0.6883384932920537;0.001587100243984537;True;0.9391174548473376
458;0.6883384932920537;0.001587100243984537;True;0.9391704179114682
459;0.6883384932920537;0.001587100243984537;True;0.939543078656737
460;0.6883384932920537;0.001587100243984537;True;0.9402109314360386
461;0.6883384932920537;0.001587100243984537;True;0.9408605665984856
462;0.6924664602683178;0.0014476080524246143;True;0.9411789886059663
463;0.6924664602683178;0.0014476080524246143;True;0.9413956609556554
464;0.6924664602683178;0.0014476080524246143;True;0.9416228689997186
465;0.6924664602683178;0.0014476080524246143;True;0.9419120038351679
466;0.717234262125903;0.000807070648534508;True;0.94230552613368
467;0.717234262125903;0.000807070648534508;True;0.9424947852406362
468;0.717234262125903;0.000807070648534508;True;0.94249205340821
469;0.717234262125903;0.000807070648534508;True;0.9426032561242245
470;0.717234262125903;0.000807070648534508;True;0.9428412227511798
471;0.717234262125903;0.000807070648534508;True;0.943154616432163
472;0.7110423116615068;0.0009391049276515936;True;0.9433210742505904
473;0.7358101135190918;0.0005000834138759303;True;0.9433774197802421
474;0.7358101135190918;0.0005000834138759303;True;0.9435447624951095
475;0.7358101135190918;0.0005000834138759303;True;0.943947243483768
476;0.7358101135190918;0.0005000834138759303;True;0.9444620648555945
477;0.7358101135190918;0.0005000834138759303;True;0.9447411717487945
478;0.7358101135190918;0.0005000834138759303;True;0.9447840946681597
479;0.7358101135190918;0.0005000834138759303;True;0.9446760150214737
480;0.7358101135190918;0.0005000834138759303;True;0.9444373360427912
481;0.7358101135190918;0.0005000834138759303;True;0.9443575676628361
482;0.7358101135190918;0.0005000834138759303;True;0.9443060064769332
483;0.7358101135190918;0.0005000834138759303;True;0.9441403159355997
484;0.7358101135190918;0.0005000834138759303;True;0.9444066170274856
485;0.7358101135190918;0.0005000834138759303;True;0.9447789990840805
486;0.7358101135190918;0.0005000834138759303;True;0.9449237031192298
487;0.7358101135190918;0.0005000834138759303;True;0.9449448846956645
488;0.7358101135190918;0.0005000834138759303;True;0.9450995039082098
489;0.7358101135190918;0.0005000834138759303;True;0.9452160632704776
490;0.7420020639834881;0.00042266515033981364;True;0.9451806954563529
491;0.7420020639834881;0.00042266515033981364;True;0.9451504891034077
492;0.7420020639834881;0.00042266515033981364;True;0.9449529737840919
493;0.7420020639834881;0.00042266515033981364;True;0.9448429106699405
494;0.7420020639834881;0.00042266515033981364;True;0.9451773559178853
495;0.7420020639834881;0.00042266515033981364;True;0.9451930490466437
496;0.7420020639834881;0.00042266515033981364;True;0.9450695788044323
497;0.7420020639834881;0.00042266515033981364;True;0.9451456001651648
498;0.760577915376677;0.00024790654537860496;True;0.9454787600494953
499;0.7647058823529412;0.00021879309769392644;True;0.9455965197810973
500;0.7647058823529412;0.00021879309769392644;True;0.9455923980519945
501;0.7647058823529412;0.00021879309769392644;True;0.9456135173841244
502;0.7585139318885449;0.00026364612959071287;True;0.945507962377116
503;0.7647058823529412;0.00021879309769392644;True;0.9453770969493672
504;0.7481940144478844;0.00035556828754260204;True;0.9452687613735365
505;0.7358101135190918;0.0005000834138759303;True;0.9449624919389918
506;0.7358101135190918;0.0005000834138759303;True;0.944653405570485
507;0.7316821465428276;0.0005580324697729894;True;0.9445220645069111
508;0.7440660474716203;0.000399210544126666;True;0.9444506131357224
509;0.7440660474716203;0.000399210544126666;True;0.9441479960571187
510;0.7296181630546955;0.0005890520866511481;True;0.9439173110466452
511;0.7316821465428276;0.0005580324697729894;True;0.9438319523115111
512;0.7316821465428276;0.0005580324697729894;True;0.9437478530375427
513;0.7316821465428276;0.0005580324697729894;True;0.9436296667054687
514;0.7316821465428276;0.0005580324697729894;True;0.9435400777259664
515;0.7337461300309597;0.000528392671394729;True;0.9434513907387833
516;0.7337461300309597;0.000528392671394729;True;0.9433999553511596
517;0.7131062951496387;0.0008932304748108607;True;0.9438169215931804
518;0.7131062951496387;0.0008932304748108607;True;0.9444393946519191
519;0.7131062951496387;0.0008932304748108607;True;0.9450781486295691
520;0.7131062951496387;0.0008932304748108607;True;0.9462987303874452
521;0.7131062951496387;0.0008932304748108607;True;0.9480436757560409
522;0.6800825593395253;0.0018996026438905017;True;0.9501276358973475
523;0.6862745098039216;0.001660913534899664;True;0.9525721650394497
524;0.6842105263157895;0.0017375461568507394;True;0.9552604188556385
525;0.6759545923632612;0.0020739524486674096;True;0.9581478992775582
526;0.6470588235294118;0.0037015338197611434;True;0.9611999442669423
527;0.6346749226006192;0.004662842748871135;True;0.9643801423069948
528;0.6202270381836945;0.006032002847171182;True;0.9677836801492019
529;0.5954592363261093;0.009125961400493128;True;0.9711972864349916
530;0.5954592363261093;0.009125961400493128;True;0.9744195799319244
531;0.587203302373581;0.01040255772715195;True;0.9774668513113579
532;0.587203302373581;0.01040255772715195;True;0.980402536539396
533;0.587203302373581;0.01040255772715195;True;0.9832373143640106
534;0.587203302373581;0.01040255772715195;True;0.9858644502450168
535;0.5583075335397317;0.01603820039772077;True;0.9881612632807403
536;0.5583075335397317;0.01603820039772077;True;0.9902301501933294
537;0.5583075335397317;0.01603820039772077;True;0.9922391492445871
538;0.541795665634675;0.020206828397558985;True;0.9943587890706395
539;0.541795665634675;0.020206828397558985;True;0.9963234376914382
540;0.541795665634675;0.020206828397558985;True;0.9980081133863079
541;0.5149638802889577;0.028748754882630345;True;0.9995364749190789
542;0.5149638802889577;0.028748754882630345;True;1.0012729515017065
543;0.5273477812177503;0.024513917732196123;True;1.0032259142322975
544;0.49638802889576883;0.03614032375695943;True;1.0051820464986774
545;0.49638802889576883;0.03614032375695943;True;1.0069624951283778
546;0.49638802889576883;0.03614032375695943;True;1.008675602205816
547;0.49638802889576883;0.03614032375695943;True;1.0104025957017535
548;0.49638802889576883;0.03614032375695943;True;1.01205076167693
549;0.49638802889576883;0.03614032375695943;True;1.0133560403569262
550;0.49638802889576883;0.03614032375695943;True;1.0142929178740367
551;0.4674922600619195;0.050437519451044396;False;
552;0.4674922600619195;0.050437519451044396;False;
553;0.49638802889576883;0.03614032375695943;True;1.0157593488449346
554;0.49638802889576883;0.03614032375695943;True;1.0155787667762521
555;0.49638802889576883;0.03614032375695943;True;1.0148978422190864
556;0.49638802889576883;0.03614032375695943;True;1.0139197724905782
557;0.5170278637770898;0.02800614736378716;True;1.0127202790799437
558;0.5170278637770898;0.02800614736378716;True;1.0111929434844862
559;0.5046439628482973;0.032693733377739086;True;1.0092734446492513
560;0.5314757481940144;0.02321633430784389;True;1.0072837733492304
561;0.5479876160990712;0.018554135699121704;True;1.0052972393586137
562;0.5479876160990712;0.018554135699121704;True;1.0032532777155319
563;0.5706914344685242;0.013384281348823385;True;1.00122418299518
564;0.5995872033023736;0.008536698768223005;True;0.9990261524787748
565;0.5995872033023736;0.008536698768223005;True;0.9967083882591088
566;0.6140350877192982;0.0067107587733592385;True;0.9943844588577297
567;0.6140350877192982;0.0067107587733592385;True;0.9920585430716032
568;0.6222910216718266;0.005818551360831044;True;0.9895900165946734
569;0.6119711042311662;0.006950274712161287;True;0.9871350651298263
570;0.6160990712074303;0.00647796835824065;True;0.9848693904431502
571;0.6367389060887513;0.004489848099432234;True;0.982664739621968
572;0.6367389060887513;0.004489848099432234;True;0.9807105618722208
573;0.6408668730650156;0.004159550994391519;True;0.9790421721183208
574;0.6470588235294118;0.0037015338197611434;True;0.977371410612199
575;0.6470588235294118;0.0037015338197611434;True;0.9758115021268147
576;0.653250773993808;0.0032856411027831498;True;0.9742807410366833
577;0.6656346749226005;0.002568327960293709;True;0.9729384185323295
578;0.6656346749226005;0.002568327960293709;True;0.9717700110739872
579;0.6656346749226005;0.002568327960293709;True;0.9707613394973116
580;0.6800825593395253;0.0018996026438905017;True;0.9699455813439396
581;0.6759545923632612;0.0020739524486674096;True;0.9692503559594855
582;0.6759545923632612;0.0020739524486674096;True;0.9686880552749947
583;0.6883384932920537;0.001587100243984537;True;0.968275055702141
584;0.6883384932920537;0.001587100243984537;True;0.9679684061189071
585;0.6800825593395253;0.0018996026438905017;True;0.9678160760875951
586;0.6800825593395253;0.0018996026438905017;True;0.967642726827263
587;0.6800825593395253;0.0018996026438905017;True;0.9676372292562421
588;0.696594427244582;0.0013184382796678938;True;0.9677550554966015
589;0.696594427244582;0.0013184382796678938;True;0.9679429471553465
590;0.696594427244582;0.0013184382796678938;True;0.9682649103687853
591;0.696594427244582;0.0013184382796678938;True;0.9686255022820919
592;0.696594427244582;0.0013184382796678938;True;0.9689987233713617
593;0.696594427244582;0.0013184382796678938;True;0.9694852183413432
594;0.696594427244582;0.0013184382796678938;True;0.9700517022895403
595;0.696594427244582;0.0013184382796678938;True;0.9705559696450263
596;0.696594427244582;0.0013184382796678938;True;0.9709175310428979
597;0.7069143446852425;0.001036757704756385;True;0.9711866652355166
598;0.7089783281733747;0.0009869258677951257;True;0.9711296459086336
599;0.7296181630546955;0.0005890520866511481;True;0.9708373924724479
600;0.7440660474716203;0.000399210544126666;True;0.9702407360769358
601;0.7440660474716203;0.000399210544126666;True;0.9694265867843361
602;0.7440660474716203;0.000399210544126666;True;0.9685279662060519
603;0.7440660474716203;0.000399210544126666;True;0.9675227698059665
604;0.7440660474716203;0.000399210544126666;True;0.966618415438808
605;0.7481940144478844;0.00035556828754260204;True;0.9658257386103231
606;0.7481940144478844;0.00035556828754260204;True;0.9651314302723619
607;0.7481940144478844;0.00035556828754260204;True;0.9645722121358162
608;0.7481940144478844;0.00035556828754260204;True;0.9639787333639088
609;0.7461300309597524;0.00037685888459937714;True;0.9634774732422317
610;0.7461300309597524;0.00037685888459937714;True;0.9629215184608418
611;0.7461300309597524;0.00037685888459937714;True;0.9624349712119522
612;0.7461300309597524;0.00037685888459937714;True;0.9619860019216923
613;0.7461300309597524;0.00037685888459937714;True;0.9615409056719897
614;0.7440660474716203;0.000399210544126666;True;0.9611757856708597
615;0.7440660474716203;0.000399210544126666;True;0.9608810563397652
616;0.7440660474716203;0.000399210544126666;True;0.960602152784718
617;0.7440660474716203;0.000399210544126666;True;0.9604329706725218
618;0.7420020639834881;0.00042266515033981364;True;0.9603152685377813
619;0.7420020639834881;0.00042266515033981364;True;0.9602784432923189
620;0.7420020639834881;0.00042266515033981364;True;0.960242692066021
621;0.7420020639834881;0.00042266515033981364;True;0.9602287683189332
622;0.7420020639834881;0.00042266515033981364;True;0.9602385979612688
623;0.7543859649122806;0.00029766146155802033;True;0.960229469146446
624;0.7543859649122806;0.00029766146155802033;True;0.9601920559305979
625;0.7543859649122806;0.00029766146155802033;True;0.9601620426021515
626;0.7543859649122806;0.00029766146155802033;True;0.9601638146224066
627;0.7543859649122806;0.00029766146155802033;True;0.9602378578491133
628;0.7543859649122806;0.00029766146155802033;True;0.9603513601147763
629;0.7543859649122806;0.00029766146155802033;True;0.9605192602346548
630;0.7543859649122806;0.00029766146155802033;True;0.960711005858484
631;0.7543859649122806;0.00029766146155802033;True;0.9608655343104536
632;0.7543859649122806;0.00029766146155802033;True;0.9611167661181932
633;0.7564499484004128;0.0002802193872136038;True;0.9614054050553212
634;0.7564499484004128;0.0002802193872136038;True;0.9617086804730289
635;0.7502579979360166;0.0003352980382239196;True;0.9620618502210918
636;0.7358101135190918;0.0005000834138759303;True;0.962417252635702
637;0.7358101135190918;0.0005000834138759303;True;0.9627618163174477
638;0.7358101135190918;0.0005000834138759303;True;0.9630009237982489
639;0.7358101135190918;0.0005000834138759303;True;0.963135369553938
640;0.7358101135190918;0.0005000834138759303;True;0.9631521883062077
641;0.7254901960784313;0.0006554343714426358;True;0.9629806291690108
642;0.7254901960784313;0.0006554343714426358;True;0.9627723711712409
643;0.7254901960784313;0.0006554343714426358;True;0.9624716875321173
644;0.7378740970072238;0.00047305669590900703;True;0.9620666514280841
645;0.7378740970072238;0.00047305669590900703;True;0.961642678521326
646;0.7502579979360166;0.0003352980382239196;True;0.9611583044515909
647;0.7729618163054695;0.0001691391622832597;True;0.960619747435989
648;0.7729618163054695;0.0001691391622832597;True;0.9600282856358933
649;0.7708978328173374;0.00018055675377341658;True;0.9594216138738751
650;0.7708978328173374;0.00018055675377341658;True;0.9588123554858027
651;0.7708978328173374;0.00018055675377341658;True;0.9581439122740667
652;0.7708978328173374;0.00018055675377341658;True;0.9575285521740631
653;0.762641898864809;0.00023296654976518366;True;0.9569393678363876
654;0.762641898864809;0.00023296654976518366;True;0.9563572282267251
655;0.762641898864809;0.00023296654976518366;True;0.9557973613882211
656;0.762641898864809;0.00023296654976518366;True;0.955211110140212
657;0.7564499484004128;0.0002802193872136038;True;0.9545868079131477
658;0.7564499484004128;0.0002802193872136038;True;0.9539713110632388
659;0.7564499484004128;0.0002802193872136038;True;0.9533727116800557
660;0.7564499484004128;0.0002802193872136038;True;0.9527805777269711
661;0.7564499484004128;0.0002802193872136038;True;0.9522147794371936
662;0.7564499484004128;0.0002802193872136038;True;0.9516912890691612
663;0.7564499484004128;0.0002802193872136038;True;0.9511976465728382
664;0.7564499484004128;0.0002802193872136038;True;0.9507287120420984
665;0.7564499484004128;0.0002802193872136038;True;0.9502946211547553
666;0.7564499484004128;0.0002802193872136038;True;0.9498702014256559
667;0.7564499484004128;0.0002802193872136038;True;0.9494478654778443
668;0.7564499484004128;0.0002802193872136038;True;0.9490569454793303
669;0.7564499484004128;0.0002802193872136038;True;0.9486887949259294
670;0.7564499484004128;0.0002802193872136038;True;0.9483205272364661
671;0.7564499484004128;0.0002802193872136038;True;0.9479787376550709
672;0.7564499484004128;0.0002802193872136038;True;0.947684857803405
673;0.7564499484004128;0.0002802193872136038;True;0.9474365178649067
674;0.7337461300309597;0.000528392671394729;True;0.9472367645696841
675;0.7213622291021672;0.0007279599242661503;True;0.9470798560424727
676;0.7213622291021672;0.0007279599242661503;True;0.9469385428945459
677;0.7316821465428276;0.0005580324697729894;True;0.9468390771059547
678;0.7316821465428276;0.0005580324697729894;True;0.946806853901636
679;0.7316821465428276;0.0005580324697729894;True;0.9468260408439343
680;0.7316821465428276;0.0005580324697729894;True;0.9469273835693752
681;0.7316821465428276;0.0005580324697729894;True;0.9472055217957257
682;0.7069143446852425;0.001036757704756385;True;0.9476872143421892
683;0.7069143446852425;0.001036757704756385;True;0.9483246643460547
684;0.7069143446852425;0.001036757704756385;True;0.9491929469626407
685;0.7069143446852425;0.001036757704756385;True;0.9502787086095648
686;0.6862745098039216;0.001660913534899664;True;0.9515864341657738
687;0.6883384932920537;0.001587100243984537;True;0.9531412159456613
688;0.6883384932920537;0.001587100243984537;True;0.9548799550031711
689;0.6883384932920537;0.001587100243984537;True;0.9567603971233497
690;0.6842105263157895;0.0017375461568507394;True;0.9587634622631728
691;0.7192982456140351;0.0007666636665897192;True;0.9606751786407414
692;0.7275541795665634;0.0006215020932519377;True;0.9622562048006621
693;0.7378740970072238;0.00047305669590900703;True;0.9633120289888384
694;0.7192982456140351;0.0007666636665897192;True;0.9636924428936967
695;0.7089783281733747;0.0009869258677951257;True;0.9632273643175073
696;0.6883384932920537;0.001587100243984537;True;0.9623961218114702
697;0.5995872033023736;0.008536698768223005;True;0.9618896219681089
698;0.5603715170278638;0.0155691221165936;True;0.9624817269702995
699;0.48194014447884415;0.042835831246999204;True;0.9649818020136769
700;0.37048503611971106;0.13016560662863327;False;
701;0.3003095975232198;0.2259599242270975;False;
702;0.2507739938080495;0.3155133959594858;False;
703;0.17647058823529413;0.4836281454935329;False;
704;0.12280701754385966;0.627346145423968;False;
705;0.10629514963880288;0.6746395315456968;False;
706;0.07120743034055728;0.7788829476841139;False;
707;0.054695562435500514;0.8293348337875046;False;
708;0.027863777089783277;0.9126078919940869;False;
709;0.034055727554179564;0.8932828188388959;False;
710;0.04850361197110423;0.848430360162973;False;
711;0.05882352941176471;0.816654203568489;False;
712;0.05882352941176471;0.816654203568489;False;
713;0.05882352941176471;0.816654203568489;False;
714;0.05882352941176471;0.816654203568489;False;
715;0.04643962848297213;0.8548139516870751;False;
716;0.04643962848297213;0.8548139516870751;False;
717;0.04643962848297213;0.8548139516870751;False;
718;0.04643962848297213;0.8548139516870751;False;
719;0.04643962848297213;0.8548139516870751;False;
720;0.04643962848297213;0.8548139516870751;False;
721;0.034055727554179564;0.8932828188388959;False;
722;0.04850361197110423;0.848430360162973;False;
723;0.04437564499484004;0.8612061336731367;False;
724;0.017543859649122806;0.9449151835129638;False;
725;0.0196078431372549;0.9384456264028495;False;
726;0.027863777089783277;0.9126078919940869;False;
727;0.027863777089783277;0.9126078919940869;False;
728;0.05056759545923632;0.8420557303322882;False;
729;0.052631578947368425;0.8356904320597222;False;
730;0.0608875128998968;0.8103299008966292;False;
731;0.0608875128998968;0.8103299008966292;False;
732;0.1042311661506708;0.6806381463141873;False;
733;0.1042311661506708;0.6806381463141873;False;
734;0.1475748194014448;0.5589695952802587;False;
735;0.1475748194014448;0.5589695952802587;False;
736;0.23219814241486067;0.3538383254251315;False;
737;0.25902992776057787;0.29930484205263064;False;
738;0.32507739938080493;0.188084781422369;False;
739;0.32714138286893707;0.18513284759128776;False;
740;0.38080495356037153;0.11898433684768547;False;
741;0.38906088751289986;0.11054194705770325;False;
742;0.4055727554179567;0.09495342479222924;False;
743;0.4179566563467492;0.08435264811978462;False;
744;0.40763673890608876;0.09312305169960107;False;
745;0.40763673890608876;0.09312305169960107;False;
746;0.42002063983488136;0.08267356720316325;False;
747;0.39938080495356043;0.10060038374584022;False;
748;0.42002063983488136;0.08267356720316325;False;
749;0.4984520123839009;0.03525363586497097;True;1.167577928050064
750;0.5087719298245614;0.031068538407296186;True;1.1656959488024246
751;0.49638802889576883;0.03614032375695943;True;1.163405458194028
752;0.48813209494324045;0.03985953090099978;True;1.1611153719801544
753;0.48813209494324045;0.03985953090099978;True;1.1590187503167433
754;0.4901960784313726;0.038903445723445826;True;1.1569544289378784
755;0.4901960784313726;0.038903445723445826;True;1.1545772749532575
756;0.4901960784313726;0.038903445723445826;True;1.1516546584595837
757;0.5025799793601652;0.03353054708616265;True;1.148451806202955
758;0.49226006191950467;0.037965021283152614;True;1.1455616691217996
759;0.49226006191950467;0.037965021283152614;True;1.1431705731816866
760;0.5128998968008256;0.029506553722099392;True;1.1412409940996502
761;0.48813209494324045;0.03985953090099978;True;1.139336911282364
762;0.5128998968008256;0.029506553722099392;True;1.1371841347035814
763;0.5356037151702786;0.021973121639608077;True;1.1345326766654493
764;0.5356037151702786;0.021973121639608077;True;1.1315700821218144
765;0.5356037151702786;0.021973121639608077;True;1.128763432197874
766;0.5356037151702786;0.021973121639608077;True;1.1257708662161443
767;0.5356037151702786;0.021973121639608077;True;1.1226042404294794
768;0.5356037151702786;0.021973121639608077;True;1.1194822925086665
769;0.5356037151702786;0.021973121639608077;True;1.1156839246779975
770;0.5356037151702786;0.021973121639608077;True;1.1111900263664576
771;0.5500515995872033;0.01802759336113747;True;1.1064237057094397
772;0.5500515995872033;0.01802759336113747;True;1.10195632106501
773;0.5768833849329206;0.012195441748364505;True;1.0983448006280432
774;0.5768833849329206;0.012195441748364505;True;1.0953582105224942
775;0.5706914344685242;0.013384281348823385;True;1.0926817087807956
776;0.5706914344685242;0.013384281348823385;True;1.0899481517055485
777;0.5810113519091847;0.011450854006919304;True;1.0875602856129007
778;0.5810113519091847;0.011450854006919304;True;1.0855674384376595
779;0.5810113519091847;0.011450854006919304;True;1.0833392393254082
780;0.5810113519091847;0.011450854006919304;True;1.0807914486448842
781;0.5810113519091847;0.011450854006919304;True;1.0776477642734457
782;0.5810113519091847;0.011450854006919304;True;1.0740048469294363
783;0.5810113519091847;0.011450854006919304;True;1.0703970316212663
784;0.5933952528379773;0.009432615271958465;True;1.0666317455743473
785;0.5810113519091847;0.011450854006919304;True;1.0632335475122188
786;0.5810113519091847;0.011450854006919304;True;1.0608341506154175
787;0.5810113519091847;0.011450854006919304;True;1.059382003895834
788;0.5810113519091847;0.011450854006919304;True;1.0586982668706828
789;0.5810113519091847;0.011450854006919304;True;1.058469169122753
790;0.5810113519091847;0.011450854006919304;True;1.0582879700063363
791;0.5933952528379773;0.009432615271958465;True;1.0575760769451636
792;0.5933952528379773;0.009432615271958465;True;1.0560556023737389
793;0.5933952528379773;0.009432615271958465;True;1.054077836934253
794;0.5933952528379773;0.009432615271958465;True;1.0519621701917594
795;0.5810113519091847;0.011450854006919304;True;1.0497989067747446
796;0.5810113519091847;0.011450854006919304;True;1.0476174082666727
797;0.5810113519091847;0.011450854006919304;True;1.045430154879123
798;0.5810113519091847;0.011450854006919304;True;1.043626762435419
799;0.5810113519091847;0.011450854006919304;True;1.0424453298373522
800;0.5810113519091847;0.011450854006919304;True;1.0413067087724006
801;0.5810113519091847;0.011450854006919304;True;1.0397536197230661
802;0.6057791537667698;0.0077106082493158725;True;1.0377985075038039
803;0.6057791537667698;0.0077106082493158725;True;1.0356251478333611
804;0.6057791537667698;0.0077106082493158725;True;1.0333307402823197
805;0.6057791537667698;0.0077106082493158725;True;1.0307691122064961
806;0.6057791537667698;0.0077106082493158725;True;1.0281912051171938
807;0.6057791537667698;0.0077106082493158725;True;1.0258995098708856
808;0.6057791537667698;0.0077106082493158725;True;1.0240423315651226
809;0.6057791537667698;0.0077106082493158725;True;1.022548983766208
810;0.6057791537667698;0.0077106082493158725;True;1.0209111557602362
811;0.6057791537667698;0.0077106082493158725;True;1.0191734376348782
812;0.6057791537667698;0.0077106082493158725;True;1.0174753464327684
813;0.6057791537667698;0.0077106082493158725;True;1.01570272016911
814;0.6057791537667698;0.0077106082493158725;True;1.0139919949019132
815;0.6057791537667698;0.0077106082493158725;True;1.0121371707524691
816;0.6057791537667698;0.0077106082493158725;True;1.0099721206648833
817;0.6057791537667698;0.0077106082493158725;True;1.0075460441818263
818;0.6057791537667698;0.0077106082493158725;True;1.0049312938438166
819;0.6057791537667698;0.0077106082493158725;True;1.0023648793715954
820;0.6057791537667698;0.0077106082493158725;True;1.0000435799376763
821;0.6057791537667698;0.0077106082493158725;True;0.9981711959325955
822;0.6057791537667698;0.0077106082493158725;True;0.9970144374467785
823;0.6057791537667698;0.0077106082493158725;True;0.9962515329712935
824;0.6057791537667698;0.0077106082493158725;True;0.9956001594932342
825;0.6057791537667698;0.0077106082493158725;True;0.9948760853983201
826;0.6140350877192982;0.0067107587733592385;True;0.9940146288398899
827;0.6181630546955624;0.0062517627309340825;True;0.992890661433947
828;0.6181630546955624;0.0062517627309340825;True;0.9914816474095294
829;0.6181630546955624;0.0062517627309340825;True;0.9900525223744336
830;0.6181630546955624;0.0062517627309340825;True;0.9886393421857623
831;0.6181630546955624;0.0062517627309340825;True;0.9870694476101016
832;0.6181630546955624;0.0062517627309340825;True;0.9853078335826875
833;0.6181630546955624;0.0062517627309340825;True;0.9832762715788007
834;0.6181630546955624;0.0062517627309340825;True;0.9809936084364222
835;0.6181630546955624;0.0062517627309340825;True;0.9788106148714059
836;0.6181630546955624;0.0062517627309340825;True;0.9768463191310481
837;0.6222910216718266;0.005818551360831044;True;0.9749041441370254
838;0.6222910216718266;0.005818551360831044;True;0.973134148859701
839;0.6222910216718266;0.005818551360831044;True;0.971692399712632
840;0.6635706914344685;0.002677983974457382;True;0.9704616281807998
841;0.6635706914344685;0.002677983974457382;True;0.9692866641528057
842;0.6635706914344685;0.002677983974457382;True;0.9680223264522876
843;0.6635706914344685;0.002677983974457382;True;0.9668835047050335
844;0.6635706914344685;0.002677983974457382;True;0.9659342833402429
845;0.6800825593395253;0.0018996026438905017;True;0.9649941336827126
846;0.6800825593395253;0.0018996026438905017;True;0.9641042802689971
847;0.6800825593395253;0.0018996026438905017;True;0.9631709194849184
848;0.6800825593395253;0.0018996026438905017;True;0.9621960785141696
849;0.6800825593395253;0.0018996026438905017;True;0.9612861443443295
850;0.6759545923632612;0.0020739524486674096;True;0.9604555589545276
851;0.6759545923632612;0.0020739524486674096;True;0.959617927820056
852;0.6759545923632612;0.0020739524486674096;True;0.9586234258457599
853;0.6759545923632612;0.0020739524486674096;True;0.9577571063432999
854;0.6759545923632612;0.0020739524486674096;True;0.9569765314778377
855;0.6759545923632612;0.0020739524486674096;True;0.9561395736701019
856;0.6883384932920537;0.001587100243984537;True;0.9555519832981061
857;0.6945304437564499;0.0013817713318639618;True;0.9550732897396772
858;0.6945304437564499;0.0013817713318639618;True;0.9546334310201712
859;0.6945304437564499;0.0013817713318639618;True;0.9543062196391654
860;0.6945304437564499;0.0013817713318639618;True;0.9540655390914747
861;0.6945304437564499;0.0013817713318639618;True;0.9539460758700034
862;0.6945304437564499;0.0013817713318639618;True;0.9538255660810496
863;0.7131062951496387;0.0008932304748108607;True;0.9536592735039305
864;0.7131062951496387;0.0008932304748108607;True;0.9534866326369745
865;0.7131062951496387;0.0008932304748108607;True;0.9533175065722252
866;0.7131062951496387;0.0008932304748108607;True;0.9533082495106115
867;0.7131062951496387;0.0008932304748108607;True;0.9533883858105605
868;0.7131062951496387;0.0008932304748108607;True;0.9536614043878803
869;0.7131062951496387;0.0008932304748108607;True;0.954091899548677
870;0.7131062951496387;0.0008932304748108607;True;0.95446158760788
871;0.7131062951496387;0.0008932304748108607;True;0.9546157138110042
872;0.7131062951496387;0.0008932304748108607;True;0.9544263871849573
873;0.7131062951496387;0.0008932304748108607;True;0.9541883511993222
874;0.7131062951496387;0.0008932304748108607;True;0.9541368179818588
875;0.7131062951496387;0.0008932304748108607;True;0.9539563989580615
876;0.7131062951496387;0.0008932304748108607;True;0.9540570333036154
877;0.7131062951496387;0.0008932304748108607;True;0.9544873465145868
878;0.7131062951496387;0.0008932304748108607;True;0.9550951328215235
879;0.7131062951496387;0.0008932304748108607;True;0.9557838900008812
880;0.7131062951496387;0.0008932304748108607;True;0.9564427365900516
881;0.7192982456140351;0.0007666636665897192;True;0.956814778799726
882;0.7192982456140351;0.0007666636665897192;True;0.9568274439011425
883;0.7192982456140351;0.0007666636665897192;True;0.9567171977454857
884;0.7192982456140351;0.0007666636665897192;True;0.9565334950238774
885;0.7192982456140351;0.0007666636665897192;True;0.9563648282811427
886;0.7192982456140351;0.0007666636665897192;True;0.9565688792162446
887;0.7192982456140351;0.0007666636665897192;True;0.9569206466388925
888;0.7192982456140351;0.0007666636665897192;True;0.9574693597867505
889;0.7192982456140351;0.0007666636665897192;True;0.9581290766730164
890;0.7192982456140351;0.0007666636665897192;True;0.9588786038825996
891;0.7048503611971104;0.0010886663167765575;True;0.9596317979775231
892;0.7048503611971104;0.0010886663167765575;True;0.9601017202405273
893;0.7192982456140351;0.0007666636665897192;True;0.9602020413444764
894;0.7192982456140351;0.0007666636665897192;True;0.9602084187264454
895;0.7192982456140351;0.0007666636665897192;True;0.9604387369546324
896;0.7192982456140351;0.0007666636665897192;True;0.9609992317863469
897;0.7192982456140351;0.0007666636665897192;True;0.961636205968419
898;0.7192982456140351;0.0007666636665897192;True;0.9621738066347578
899;0.7192982456140351;0.0007666636665897192;True;0.9625205171618478
900;0.7192982456140351;0.0007666636665897192;True;0.9630331597492781
901;0.7192982456140351;0.0007666636665897192;True;0.9636500840475253
902;0.7192982456140351;0.0007666636665897192;True;0.9639402914837074
903;0.7192982456140351;0.0007666636665897192;True;0.9640550419333587
904;0.7192982456140351;0.0007666636665897192;True;0.9640751970073715
905;0.7192982456140351;0.0007666636665897192;True;0.9643343037246918
906;0.7192982456140351;0.0007666636665897192;True;0.9647816071692874
907;0.7192982456140351;0.0007666636665897192;True;0.9649836488684591
908;0.7192982456140351;0.0007666636665897192;True;0.965177124470874
909;0.7192982456140351;0.0007666636665897192;True;0.9653546527956799
910;0.7192982456140351;0.0007666636665897192;True;0.9653920226539912
911;0.7192982456140351;0.0007666636665897192;True;0.9651449228471619
912;0.7192982456140351;0.0007666636665897192;True;0.9648102129819126
913;0.7192982456140351;0.0007666636665897192;True;0.9648953574256568
914;0.7192982456140351;0.0007666636665897192;True;0.9653663666302672
915;0.7192982456140351;0.0007666636665897192;True;0.9661951489775042
916;0.7192982456140351;0.0007666636665897192;True;0.9671903539666342
917;0.7192982456140351;0.0007666636665897192;True;0.9685950556168774
918;0.7192982456140351;0.0007666636665897192;True;0.970599294163858
919;0.7192982456140351;0.0007666636665897192;True;0.972275626485307
920;0.7192982456140351;0.0007666636665897192;True;0.9733918394638752
921;0.7192982456140351;0.0007666636665897192;True;0.9739021017363867
922;0.7192982456140351;0.0007666636665897192;True;0.9739121849606076
923;0.7192982456140351;0.0007666636665897192;True;0.9740177948617513
924;0.7192982456140351;0.0007666636665897192;True;0.9743003303155401
925;0.7192982456140351;0.0007666636665897192;True;0.9746614795689729
926;0.7192982456140351;0.0007666636665897192;True;0.9753589305554309
927;0.7192982456140351;0.0007666636665897192;True;0.9769469296266238
928;0.7440660474716203;0.000399210544126666;True;0.9790605201584808
929;0.7440660474716203;0.000399210544126666;True;0.9807944339023699
930;0.7440660474716203;0.000399210544126666;True;0.9819874659781442
931;0.7440660474716203;0.000399210544126666;True;0.9824914072955931
932;0.7440660474716203;0.000399210544126666;True;0.9823003881076408
933;0.7275541795665634;0.0006215020932519377;True;0.9827659049149087
934;0.7275541795665634;0.0006215020932519377;True;0.9838711265429524
935;0.7275541795665634;0.0006215020932519377;True;0.9847363529216014
936;0.7275541795665634;0.0006215020932519377;True;0.9858618324541648
937;0.7275541795665634;0.0006215020932519377;True;0.9877210856702682
938;0.7275541795665634;0.0006215020932519377;True;0.9901639650003979
939;0.7275541795665634;0.0006215020932519377;True;0.9924699818695613
940;0.7378740970072238;0.00047305669590900703;True;0.9935523810178023
941;0.7378740970072238;0.00047305669590900703;True;0.9943333997209184
942;0.7378740970072238;0.00047305669590900703;True;0.9954176669450351
943;0.7647058823529412;0.00021879309769392644;True;0.9975479092114632
944;0.7647058823529412;0.00021879309769392644;True;0.9994123562500048
945;0.7647058823529412;0.00021879309769392644;True;0.9995852571988498
946;0.7647058823529412;0.00021879309769392644;True;0.999524317904743
947;0.7647058823529412;0.00021879309769392644;True;1.0006101979191593
948;0.7647058823529412;0.00021879309769392644;True;1.00305456356893
949;0.7647058823529412;0.00021879309769392644;True;1.004904639552758
950;0.7647058823529412;0.00021879309769392644;True;1.0054446477042185
951;0.7647058823529412;0.00021879309769392644;True;1.006950897276021
952;0.7647058823529412;0.00021879309769392644;True;1.0106519008789567
953;0.7647058823529412;0.00021879309769392644;True;1.0149869591154317
954;0.7647058823529412;0.00021879309769392644;True;1.0185113662666223
955;0.7647058823529412;0.00021879309769392644;True;1.0208108718814817
956;0.7647058823529412;0.00021879309769392644;True;1.0230425031431176
957;0.7647058823529412;0.00021879309769392644;True;1.025491381996929
958;0.7647058823529412;0.00021879309769392644;True;1.0281682854766878
959;0.7585139318885449;0.00026364612959071287;True;1.0302384046550188
960;0.7585139318885449;0.00026364612959071287;True;1.032382247107817
961;0.7585139318885449;0.00026364612959071287;True;1.0344272582026137
962;0.7585139318885449;0.00026364612959071287;True;1.0367142878694726
963;0.7585139318885449;0.00026364612959071287;True;1.0383141888382679
964;0.7585139318885449;0.00026364612959071287;True;1.0396213766251512
965;0.7585139318885449;0.00026364612959071287;True;1.0409557515269494
966;0.7585139318885449;0.00026364612959071287;True;1.042218380046924
967;0.7647058823529412;0.00021879309769392644;True;1.0427573706606261
968;0.7647058823529412;0.00021879309769392644;True;1.0433337946096626
969;0.7647058823529412;0.00021879309769392644;True;1.044932927217066
970;0.7647058823529412;0.00021879309769392644;True;1.046858759690875
971;0.7647058823529412;0.00021879309769392644;True;1.0474778344956
972;0.7647058823529412;0.00021879309769392644;True;1.047159886746715
973;0.7647058823529412;0.00021879309769392644;True;1.0466379979435048
974;0.7647058823529412;0.00021879309769392644;True;1.04642307659005
975;0.7647058823529412;0.00021879309769392644;True;1.0469111436707341
976;0.7647058823529412;0.00021879309769392644;True;1.0479622700435767
977;0.7647058823529412;0.00021879309769392644;True;1.048365326940223
978;0.7647058823529412;0.00021879309769392644;True;1.049656449065488
979;0.7647058823529412;0.00021879309769392644;True;1.0518249729124645
980;0.7647058823529412;0.00021879309769392644;True;1.053674079983164
981;0.7874097007223942;0.00010501039271078109;True;1.055207810239275
982;0.7874097007223942;0.00010501039271078109;True;1.0563972399964148
983;0.7874097007223942;0.00010501039271078109;True;1.0559492186029273
984;0.7874097007223942;0.00010501039271078109;True;1.0539440534083548
985;0.7874097007223942;0.00010501039271078109;True;1.0522170600835368
986;0.7874097007223942;0.00010501039271078109;True;1.050494404207957
987;0.7874097007223942;0.00010501039271078109;True;1.048877238907057
988;0.7874097007223942;0.00010501039271078109;True;1.0490979732318217
989;0.7874097007223942;0.00010501039271078109;True;1.0500586347750098
990;0.7874097007223942;0.00010501039271078109;True;1.0511337120954534
991;0.7956656346749225;7.866871839732887e-05;True;1.0539181530399115
992;0.7874097007223942;0.00010501039271078109;True;1.0568198847432086
993;0.7874097007223942;0.00010501039271078109;True;1.0576952022829993
994;0.7874097007223942;0.00010501039271078109;True;1.0593949680271473
995;0.7874097007223942;0.00010501039271078109;True;1.0601665876458926
996;0.7874097007223942;0.00010501039271078109;True;1.0607468078860198
997;0.7874097007223942;0.00010501039271078109;True;1.0615570826231522
998;0.7874097007223942;0.00010501039271078109;True;1.0620856461763042
999;0.7956656346749225;7.866871839732887e-05;True;1.0629781995367837
1000;0.7956656346749225;7.866871839732887e-05;True;1.0642517853334976
1001;0.78328173374613;0.00012076451611540729;True;1.066320958329514
1002;0.78328173374613;0.00012076451611540729;True;1.0679820283804884
1003;0.7997936016511867;6.775961943481652e-05;True;1.0688349273069813
1004;0.7997936016511867;6.775961943481652e-05;True;1.0705401673409358
1005;0.7997936016511867;6.775961943481652e-05;True;1.0702610970006394
1006;0.7997936016511867;6.775961943481652e-05;True;1.0703717201300542
1007;0.7997936016511867;6.775961943481652e-05;True;1.0703397275465574
1008;0.7997936016511867;6.775961943481652e-05;True;1.0695390254826564
1009;0.7853457172342622;0.00011265431029256776;True;1.0690034826717814
1010;0.7853457172342622;0.00011265431029256776;True;1.06887119509846
1011;0.7997936016511867;6.775961943481652e-05;True;1.0688432140200812
1012;0.7997936016511867;6.775961943481652e-05;True;1.0689197698195687
1013;0.7997936016511867;6.775961943481652e-05;True;1.0686486489784017
1014;0.7997936016511867;6.775961943481652e-05;True;1.067763826340185
1015;0.7997936016511867;6.775961943481652e-05;True;1.0661793587716342
1016;0.7997936016511867;6.775961943481652e-05;True;1.0645150984345417
1017;0.7997936016511867;6.775961943481652e-05;True;1.0629894433187788
1018;0.7915376676986584;9.10340755405878e-05;True;1.0614386444338446
1019;0.8039215686274509;5.816363864327561e-05;True;1.0602344937371984
1020;0.8039215686274509;5.816363864327561e-05;True;1.0597102943217065
1021;0.8039215686274509;5.816363864327561e-05;True;1.0592243148386222
1022;0.8039215686274509;5.816363864327561e-05;True;1.058716841307926
1023;0.8039215686274509;5.816363864327561e-05;True;1.0581210103514673
1024;0.8039215686274509;5.816363864327561e-05;True;1.0568343981570607
1025;0.8039215686274509;5.816363864327561e-05;True;1.0547249944827564
1026;0.8039215686274509;5.816363864327561e-05;True;1.0522841528243247
1027;0.8039215686274509;5.816363864327561e-05;True;1.0497577349191458
1028;0.8039215686274509;5.816363864327561e-05;True;1.0473305539281321
1029;0.8039215686274509;5.816363864327561e-05;True;1.0452729967827536
1030;0.8039215686274509;5.816363864327561e-05;True;1.043834650687583
1031;0.8039215686274509;5.816363864327561e-05;True;1.0426050630281996
1032;0.8039215686274509;5.816363864327561e-05;True;1.0416223125405115
1033;0.8039215686274509;5.816363864327561e-05;True;1.0408841096333343
1034;0.8039215686274509;5.816363864327561e-05;True;1.039803453304598
1035;0.8039215686274509;5.816363864327561e-05;True;1.038256939063922
1036;0.8039215686274509;5.816363864327561e-05;True;1.0363632057088827
1037;0.8039215686274509;5.816363864327561e-05;True;1.0340292897702887
1038;0.8039215686274509;5.816363864327561e-05;True;1.0319923273756653
1039;0.8039215686274509;5.816363864327561e-05;True;1.0305769777004965
1040;0.8039215686274509;5.816363864327561e-05;True;1.0296870911969611
1041;0.8039215686274509;5.816363864327561e-05;True;1.0292359630659236
1042;0.8039215686274509;5.816363864327561e-05;True;1.028990872752386
1043;0.8039215686274509;5.816363864327561e-05;True;1.0286032068710127
1044;0.8039215686274509;5.816363864327561e-05;True;1.0278882305405865
1045;0.8039215686274509;5.816363864327561e-05;True;1.026891820376964
1046;0.8039215686274509;5.816363864327561e-05;True;1.0256317885819428
1047;0.8039215686274509;5.816363864327561e-05;True;1.0242442147914992
1048;0.8039215686274509;5.816363864327561e-05;True;1.0233032330567113
1049;0.8039215686274509;5.816363864327561e-05;True;1.022898682477364
1050;0.7812177502579979;0.00012936386013196713;True;1.0228046875702754
1051;0.7812177502579979;0.00012936386013196713;True;1.0233792605782401
1052;0.7812177502579979;0.00012936386013196713;True;1.0243704143624253
1053;0.7812177502579979;0.00012936386013196713;True;1.0253978624791407
1054;0.8039215686274509;5.816363864327561e-05;True;1.0265901746677029
1055;0.8039215686274509;5.816363864327561e-05;True;1.027350941250169
1056;0.8039215686274509;5.816363864327561e-05;True;1.0275074879384267
1057;0.8039215686274509;5.816363864327561e-05;True;1.0270709769533375
1058;0.8039215686274509;5.816363864327561e-05;True;1.0260545958225735
1059;0.8039215686274509;5.816363864327561e-05;True;1.0249823512650142
1060;0.8039215686274509;5.816363864327561e-05;True;1.0237737945893004
1061;0.8039215686274509;5.816363864327561e-05;True;1.0227661567661932
1062;0.8039215686274509;5.816363864327561e-05;True;1.0221744144409304
1063;0.8039215686274509;5.816363864327561e-05;True;1.0218600829583129
1064;0.8039215686274509;5.816363864327561e-05;True;1.0218046769526665
1065;0.8039215686274509;5.816363864327561e-05;True;1.0218255233724518
1066;0.8039215686274509;5.816363864327561e-05;True;1.0215629647046713
1067;0.8039215686274509;5.816363864327561e-05;True;1.0209493857976868
1068;0.8039215686274509;5.816363864327561e-05;True;1.0201691901515537
1069;0.8039215686274509;5.816363864327561e-05;True;1.0192978056397968
1070;0.8039215686274509;5.816363864327561e-05;True;1.0185221829452207
1071;0.8059855521155831;5.3816356061133154e-05;True;1.01814335484777
1072;0.8039215686274509;5.816363864327561e-05;True;1.0179788519970523
1073;0.8039215686274509;5.816363864327561e-05;True;1.0178621569728035
1074;0.8039215686274509;5.816363864327561e-05;True;1.0178796686787965
1075;0.8059855521155831;5.3816356061133154e-05;True;1.0176659597452233
1076;0.8059855521155831;5.3816356061133154e-05;True;1.0167570017915757
1077;0.8059855521155831;5.3816356061133154e-05;True;1.0157843509438218
1078;0.8059855521155831;5.3816356061133154e-05;True;1.0149739178620099
1079;0.8059855521155831;5.3816356061133154e-05;True;1.0144315831149315
1080;0.8059855521155831;5.3816356061133154e-05;True;1.0145673630214187
1081;0.8059855521155831;5.3816356061133154e-05;True;1.0152196964510758
1082;0.8059855521155831;5.3816356061133154e-05;True;1.0158450515278918
1083;0.7812177502579979;0.00012936386013196713;True;1.0161862622167839
1084;0.7812177502579979;0.00012936386013196713;True;1.0162075256781113
1085;0.7502579979360166;0.0003352980382239196;True;1.0150592575030812
1086;0.7502579979360166;0.0003352980382239196;True;1.0128317422394753
1087;0.7502579979360166;0.0003352980382239196;True;1.010391879115489
1088;0.7502579979360166;0.0003352980382239196;True;1.0076941653943803
1089;0.7502579979360166;0.0003352980382239196;True;1.005441343211391
1090;0.7502579979360166;0.0003352980382239196;True;1.0038465709472442
1091;0.7502579979360166;0.0003352980382239196;True;1.0030722467450137
1092;0.7502579979360166;0.0003352980382239196;True;1.0026040447342683
1093;0.7502579979360166;0.0003352980382239196;True;1.0022776801777264
1094;0.7502579979360166;0.0003352980382239196;True;1.0021491226509358
1095;0.7502579979360166;0.0003352980382239196;True;1.001547437889029
1096;0.7502579979360166;0.0003352980382239196;True;1.0010700313625958
1097;0.7502579979360166;0.0003352980382239196;True;1.0010053247610564
1098;0.7502579979360166;0.0003352980382239196;True;1.0010507033706701
1099;0.7585139318885449;0.00026364612959071287;True;1.0015082669036934
1100;0.7523219814241485;0.0003160085731232911;True;1.0019478383327083
1101;0.7523219814241485;0.0003160085731232911;True;1.0021072675108396
1102;0.7378740970072238;0.00047305669590900703;True;1.0013032697449513
1103;0.7378740970072238;0.00047305669590900703;True;0.9997008803470186
1104;0.7378740970072238;0.00047305669590900703;True;0.9974592065813842
1105;0.7378740970072238;0.00047305669590900703;True;0.9947981692711725
1106;0.7378740970072238;0.00047305669590900703;True;0.9921286205561455
1107;0.7378740970072238;0.00047305669590900703;True;0.9897634359454961
1108;0.7378740970072238;0.00047305669590900703;True;0.9876191047369599
1109;0.7378740970072238;0.00047305669590900703;True;0.9854628880345987
1110;0.7378740970072238;0.00047305669590900703;True;0.9832519487418456
1111;0.7296181630546955;0.0005890520866511481;True;0.981098742463288
1112;0.7296181630546955;0.0005890520866511481;True;0.9788041074792786
1113;0.7296181630546955;0.0005890520866511481;True;0.9769718194898095
1114;0.7358101135190918;0.0005000834138759303;True;0.9757444148333595
1115;0.7358101135190918;0.0005000834138759303;True;0.9746309321164202
1116;0.7358101135190918;0.0005000834138759303;True;0.9734496695134414
1117;0.7358101135190918;0.0005000834138759303;True;0.9722144931696969
1118;0.7358101135190918;0.0005000834138759303;True;0.9705289030725903
1119;0.7358101135190918;0.0005000834138759303;True;0.9686582518632239
1120;0.7358101135190918;0.0005000834138759303;True;0.9669031172221002
1121;0.7502579979360166;0.0003352980382239196;True;0.9650653045921147
1122;0.7647058823529412;0.00021879309769392644;True;0.9632690739652457
1123;0.7378740970072238;0.00047305669590900703;True;0.9619197087264981
1124;0.7378740970072238;0.00047305669590900703;True;0.960807601869992
1125;0.7378740970072238;0.00047305669590900703;True;0.9595103406189688
1126;0.7234262125902993;0.0006909021305997826;True;0.9583979475833749
1127;0.7523219814241485;0.0003160085731232911;True;0.9573398870514163
1128;0.7461300309597524;0.00037685888459937714;True;0.9561521032473443
1129;0.7461300309597524;0.00037685888459937714;True;0.955269385771045
1130;0.7461300309597524;0.00037685888459937714;True;0.954659328278518
1131;0.7461300309597524;0.00037685888459937714;True;0.9541292241364302
1132;0.7688338493292053;0.00019261872998026163;True;0.9538916894863003
1133;0.7688338493292053;0.00019261872998026163;True;0.9538250402535704
1134;0.7688338493292053;0.00019261872998026163;True;0.9538793060165488
1135;0.7688338493292053;0.00019261872998026163;True;0.9539900057121133
1136;0.7564499484004128;0.0002802193872136038;True;0.9542451020059342
1137;0.7564499484004128;0.0002802193872136038;True;0.9545361573983693
1138;0.7564499484004128;0.0002802193872136038;True;0.9547145157682353
1139;0.7564499484004128;0.0002802193872136038;True;0.9548136310786295
1140;0.7481940144478844;0.00035556828754260204;True;0.9549154438974372
1141;0.7481940144478844;0.00035556828754260204;True;0.9550673994969485
1142;0.7481940144478844;0.00035556828754260204;True;0.9553494941892757
1143;0.7481940144478844;0.00035556828754260204;True;0.9557210246863855
1144;0.7481940144478844;0.00035556828754260204;True;0.956188260604658
1145;0.7481940144478844;0.00035556828754260204;True;0.9566455342776634
1146;0.7481940144478844;0.00035556828754260204;True;0.9569827733505162
1147;0.7481940144478844;0.00035556828754260204;True;0.9573312339107288
1148;0.7481940144478844;0.00035556828754260204;True;0.9577406107682831
1149;0.7481940144478844;0.00035556828754260204;True;0.9581526577462676
1150;0.7461300309597524;0.00037685888459937714;True;0.958680901335645
1151;0.7461300309597524;0.00037685888459937714;True;0.9593349880069433
1152;0.7440660474716203;0.000399210544126666;True;0.9600480980870003
1153;0.7440660474716203;0.000399210544126666;True;0.9606165223868888
1154;0.7440660474716203;0.000399210544126666;True;0.9610950768142853
1155;0.7543859649122806;0.00029766146155802033;True;0.9613711999911695
1156;0.7543859649122806;0.00029766146155802033;True;0.9616207062905424
1157;0.7667698658410733;0.0002053541650777991;True;0.9620605473284196
1158;0.7667698658410733;0.0002053541650777991;True;0.962598183734447
1159;0.7667698658410733;0.0002053541650777991;True;0.9632874530304261
1160;0.7667698658410733;0.0002053541650777991;True;0.964032325236656
1161;0.7667698658410733;0.0002053541650777991;True;0.9646973698535347
1162;0.7667698658410733;0.0002053541650777991;True;0.9652641424029141
1163;0.7667698658410733;0.0002053541650777991;True;0.9657500922347794
1164;0.7667698658410733;0.0002053541650777991;True;0.9661917523230868
1165;0.7667698658410733;0.0002053541650777991;True;0.966553769667142
1166;0.7667698658410733;0.0002053541650777991;True;0.9671195730880274
1167;0.7667698658410733;0.0002053541650777991;True;0.9679149881762917
1168;0.7667698658410733;0.0002053541650777991;True;0.9687919637696961
1169;0.7667698658410733;0.0002053541650777991;True;0.9697911490960562
1170;0.7667698658410733;0.0002053541650777991;True;0.9708219694446356
1171;0.7667698658410733;0.0002053541650777991;True;0.9718598351417722
1172;0.7543859649122806;0.00029766146155802033;True;0.9728399320266639
1173;0.7543859649122806;0.00029766146155802033;True;0.9736576113884378
1174;0.7543859649122806;0.00029766146155802033;True;0.97443953565806
1175;0.7543859649122806;0.00029766146155802033;True;0.9750881909166528
1176;0.7543859649122806;0.00029766146155802033;True;0.9756454825355125
1177;0.7543859649122806;0.00029766146155802033;True;0.9763902566064799
1178;0.7564499484004128;0.0002802193872136038;True;0.9770442585474173
1179;0.760577915376677;0.00024790654537860496;True;0.977448080642755
1180;0.760577915376677;0.00024790654537860496;True;0.9777780664266287
1181;0.760577915376677;0.00024790654537860496;True;0.9780413476430183
1182;0.760577915376677;0.00024790654537860496;True;0.978111788332578
1183;0.7750257997936018;0.0001583378269319435;True;0.9783167546632988
1184;0.7750257997936018;0.0001583378269319435;True;0.9789282962347526
1185;0.7750257997936018;0.0001583378269319435;True;0.9796397799239189
1186;0.7750257997936018;0.0001583378269319435;True;0.9804811340465366
1187;0.7750257997936018;0.0001583378269319435;True;0.9814815456095641
1188;0.7750257997936018;0.0001583378269319435;True;0.9822319919466181
1189;0.7750257997936018;0.0001583378269319435;True;0.9826489541657721
1190;0.7750257997936018;0.0001583378269319435;True;0.9827581678644498
1191;0.7750257997936018;0.0001583378269319435;True;0.9827923069062195
1192;0.7750257997936018;0.0001583378269319435;True;0.9828618803088978
1193;0.7750257997936018;0.0001583378269319435;True;0.9833120067058417
1194;0.7750257997936018;0.0001583378269319435;True;0.9840397568026417
1195;0.7750257997936018;0.0001583378269319435;True;0.9848200643515059
1196;0.7750257997936018;0.0001583378269319435;True;0.9855321798100902
1197;0.7750257997936018;0.0001583378269319435;True;0.985937120556592
1198;0.7750257997936018;0.0001583378269319435;True;0.9862247041534729
1199;0.7750257997936018;0.0001583378269319435;True;0.9865034824985122
1200;0.7750257997936018;0.0001583378269319435;True;0.9865617335741235
1201;0.7750257997936018;0.0001583378269319435;True;0.9867078548258018
1202;0.7750257997936018;0.0001583378269319435;True;0.986772216994732
1203;0.7750257997936018;0.0001583378269319435;True;0.9865596840165765
1204;0.7750257997936018;0.0001583378269319435;True;0.9865233286961097
1205;0.7750257997936018;0.0001583378269319435;True;0.9867117345468686
1206;0.7750257997936018;0.0001583378269319435;True;0.9868721704291488
1207;0.7750257997936018;0.0001583378269319435;True;0.9871496717378592
1208;0.7750257997936018;0.0001583378269319435;True;0.9875558372535082
1209;0.7750257997936018;0.0001583378269319435;True;0.9879582233472639
1210;0.7750257997936018;0.0001583378269319435;True;0.988078831365188
1211;0.7750257997936018;0.0001583378269319435;True;0.988094137409401
1212;0.7750257997936018;0.0001583378269319435;True;0.9881463871312575
1213;0.7750257997936018;0.0001583378269319435;True;0.9882121452641754
1214;0.7750257997936018;0.0001583378269319435;True;0.9887022499435209
1215;0.7750257997936018;0.0001583378269319435;True;0.9896216888047039
1216;0.7750257997936018;0.0001583378269319435;True;0.9904316040781203
1217;0.7750257997936018;0.0001583378269319435;True;0.9910188293734172
1218;0.7750257997936018;0.0001583378269319435;True;0.9912016479182315
1219;0.7750257997936018;0.0001583378269319435;True;0.991159439395836
1220;0.7750257997936018;0.0001583378269319435;True;0.9909114271997567
1221;0.7750257997936018;0.0001583378269319435;True;0.9906478806785813
1222;0.7750257997936018;0.0001583378269319435;True;0.99064305004245
1223;0.7750257997936018;0.0001583378269319435;True;0.9907122797734035
1224;0.7750257997936018;0.0001583378269319435;True;0.9907751203946604
1225;0.7750257997936018;0.0001583378269319435;True;0.9913057894450654
1226;0.7750257997936018;0.0001583378269319435;True;0.9921785074673688
1227;0.7750257997936018;0.0001583378269319435;True;0.9926116919524538
1228;0.7750257997936018;0.0001583378269319435;True;0.9925847176101169
1229;0.7750257997936018;0.0001583378269319435;True;0.9924027912407584
1230;0.7750257997936018;0.0001583378269319435;True;0.9919354594871985
1231;0.7750257997936018;0.0001583378269319435;True;0.9914595541294267
1232;0.7750257997936018;0.0001583378269319435;True;0.991453342222083
1233;0.7750257997936018;0.0001583378269319435;True;0.9916898294701698
1234;0.7750257997936018;0.0001583378269319435;True;0.9917949057862824
1235;0.7750257997936018;0.0001583378269319435;True;0.9921739415607892
1236;0.7750257997936018;0.0001583378269319435;True;0.992850077666159
1237;0.7750257997936018;0.0001583378269319435;True;0.9931226381402997
1238;0.7750257997936018;0.0001583378269319435;True;0.9932109949893616
1239;0.7750257997936018;0.0001583378269319435;True;0.9933575892577459
1240;0.7750257997936018;0.0001583378269319435;True;0.993253143485099
1241;0.7750257997936018;0.0001583378269319435;True;0.9930185487348911
1242;0.7750257997936018;0.0001583378269319435;True;0.9931739744580839
1243;0.7750257997936018;0.0001583378269319435;True;0.9934246635889582
1244;0.7750257997936018;0.0001583378269319435;True;0.9934306825686287
1245;0.7750257997936018;0.0001583378269319435;True;0.9934466980392336
1246;0.7750257997936018;0.0001583378269319435;True;0.9934464532412209
1247;0.7750257997936018;0.0001583378269319435;True;0.9933089577177832
1248;0.7750257997936018;0.0001583378269319435;True;0.9929741402444072
1249;0.7750257997936018;0.0001583378269319435;True;0.992683062844199
1250;0.7750257997936018;0.0001583378269319435;True;0.9923106127743212
1251;0.7750257997936018;0.0001583378269319435;True;0.9918298308199193
1252;0.7750257997936018;0.0001583378269319435;True;0.9915732690065868
1253;0.7750257997936018;0.0001583378269319435;True;0.9914490854484791
1254;0.7750257997936018;0.0001583378269319435;True;0.9911353547372287
1255;0.7750257997936018;0.0001583378269319435;True;0.9907776225636158
1256;0.7750257997936018;0.0001583378269319435;True;0.9904491130449282
1257;0.7750257997936018;0.0001583378269319435;True;0.9900282602703051
1258;0.7750257997936018;0.0001583378269319435;True;0.9895529238404277
1259;0.7750257997936018;0.0001583378269319435;True;0.9893729439987525
1260;0.7750257997936018;0.0001583378269319435;True;0.9894359518250083
1261;0.8018575851393188;6.280599966390895e-05;True;0.9896356366260375
1262;0.8018575851393188;6.280599966390895e-05;True;0.9900402450107456
1263;0.8018575851393188;6.280599966390895e-05;True;0.990438038348137
1264;0.8018575851393188;6.280599966390895e-05;True;0.9906353745913062
1265;0.8018575851393188;6.280599966390895e-05;True;0.9908200567680825
1266;0.8018575851393188;6.280599966390895e-05;True;0.9910245599679087
1267;0.8018575851393188;6.280599966390895e-05;True;0.9911216164645963
1268;0.8018575851393188;6.280599966390895e-05;True;0.9912612394262524
1269;0.8018575851393188;6.280599966390895e-05;True;0.9916181241894233
1270;0.8018575851393188;6.280599966390895e-05;True;0.9921509193659734
1271;0.8018575851393188;6.280599966390895e-05;True;0.9928534077391229
1272;0.8018575851393188;6.280599966390895e-05;True;0.9937131876171765
1273;0.8142414860681115;3.9076829456376904e-05;True;0.994495630832141
1274;0.8142414860681115;3.9076829456376904e-05;True;0.9950976800274884
1275;0.8142414860681115;3.9076829456376904e-05;True;0.9956591013697288
1276;0.8142414860681115;3.9076829456376904e-05;True;0.9962258924454598
1277;0.8142414860681115;3.9076829456376904e-05;True;0.9967623691283339
1278;0.8142414860681115;3.9076829456376904e-05;True;0.9973594146435305
1279;0.8142414860681115;3.9076829456376904e-05;True;0.9980964928460535
1280;0.8142414860681115;3.9076829456376904e-05;True;0.9988785124539624
1281;0.8142414860681115;3.9076829456376904e-05;True;0.9997051155532278
1282;0.8142414860681115;3.9076829456376904e-05;True;1.0006268807739074
1283;0.8142414860681115;3.9076829456376904e-05;True;1.0014768965570175
1284;0.8142414860681115;3.9076829456376904e-05;True;1.002324003834166
1285;0.8142414860681115;3.9076829456376904e-05;True;1.0033991319272342
1286;0.8142414860681115;3.9076829456376904e-05;True;1.0046711729383735
1287;0.8163054695562436;3.598441737777744e-05;True;1.0059676372264785
1288;0.8163054695562436;3.598441737777744e-05;True;1.0073469534568817
1289;0.8163054695562436;3.598441737777744e-05;True;1.0087336853331557
1290;0.8163054695562436;3.598441737777744e-05;True;1.010087603926597
1291;0.8163054695562436;3.598441737777744e-05;True;1.0115009866661882
1292;0.8286893704850361;2.1461184426396115e-05;True;1.01317498653975
1293;0.8142414860681115;3.9076829456376904e-05;True;1.014887860558438
1294;0.8224974200206397;2.792617066610629e-05;True;1.0165978871330161
1295;0.8224974200206397;2.792617066610629e-05;True;1.0181884519490079
1296;0.8183694530443757;3.3103070471624655e-05;True;1.0194534675926732
1297;0.8183694530443757;3.3103070471624655e-05;True;1.020596140485684
1298;0.8204334365325078;3.042080527777152e-05;True;1.0218807678811328
1299;0.8204334365325078;3.042080527777152e-05;True;1.0232026907753986
1300;0.8204334365325078;3.042080527777152e-05;True;1.0248749686203484
1301;0.8204334365325078;3.042080527777152e-05;True;1.026887159875534
1302;0.8163054695562436;3.598441737777744e-05;True;1.0289980112891297
1303;0.8163054695562436;3.598441737777744e-05;True;1.0309975779234726
1304;0.8142414860681115;3.9076829456376904e-05;True;1.0328938173032394
1305;0.8142414860681115;3.9076829456376904e-05;True;1.0343780395497988
1306;0.7894736842105263;9.781072774060511e-05;True;1.0357190086103083
1307;0.7894736842105263;9.781072774060511e-05;True;1.0374060609604547
1308;0.7894736842105263;9.781072774060511e-05;True;1.039075123331927
1309;0.7894736842105263;9.781072774060511e-05;True;1.0405056756083624
1310;0.7894736842105263;9.781072774060511e-05;True;1.04191987389869
1311;0.7874097007223942;0.00010501039271078109;True;1.0432036513700382
1312;0.7874097007223942;0.00010501039271078109;True;1.044205347374542
1313;0.7977296181630547;7.304134709663047e-05;True;1.0454560618996631
1314;0.7977296181630547;7.304134709663047e-05;True;1.046958136760218
1315;0.7853457172342622;0.00011265431029256776;True;1.0483377770362703
1316;0.7688338493292053;0.00019261872998026163;True;1.0499468005295807
1317;0.7585139318885449;0.00026364612959071287;True;1.051507423430067
1318;0.7564499484004128;0.0002802193872136038;True;1.0531072757725228
1319;0.7564499484004128;0.0002802193872136038;True;1.0548222624062544
1320;0.760577915376677;0.00024790654537860496;True;1.0561639244649736
1321;0.7543859649122806;0.00029766146155802033;True;1.0575664268975402
1322;0.7543859649122806;0.00029766146155802033;True;1.0589604196690137
1323;0.7275541795665634;0.0006215020932519377;True;1.0598739659776648
1324;0.7275541795665634;0.0006215020932519377;True;1.0606683395660192
1325;0.7337461300309597;0.000528392671394729;True;1.0614277139286068
1326;0.739938080495356;0.0004472657750928332;True;1.0619211311401993
1327;0.7358101135190918;0.0005000834138759303;True;1.0625006248669093
1328;0.7358101135190918;0.0005000834138759303;True;1.0639467042616781
1329;0.7358101135190918;0.0005000834138759303;True;1.0652910290546929
1330;0.717234262125903;0.000807070648534508;True;1.0661665382636292
1331;0.6904024767801857;0.0015160249841227739;True;1.0673658750723962
1332;0.6904024767801857;0.0015160249841227739;True;1.0685254771210166
1333;0.6904024767801857;0.0015160249841227739;True;1.070110712865947
1334;0.696594427244582;0.0013184382796678938;True;1.072378082142414
1335;0.696594427244582;0.0013184382796678938;True;1.0743793663646037
1336;0.696594427244582;0.0013184382796678938;True;1.076597448319401
1337;0.696594427244582;0.0013184382796678938;True;1.0796122661669703
1338;0.6883384932920537;0.001587100243984537;True;1.082378697036256
1339;0.6883384932920537;0.001587100243984537;True;1.0841489431238094
1340;0.6821465428276574;0.0018170810177521768;True;1.0850320940073634
1341;0.6904024767801857;0.0015160249841227739;True;1.084953015318914
1342;0.6904024767801857;0.0015160249841227739;True;1.0841217101280456
1343;0.6842105263157895;0.0017375461568507394;True;1.0839350476422287
1344;0.6800825593395253;0.0018996026438905017;True;1.0833853817873769
1345;0.7007223942208461;0.0011989848082819953;True;1.0818055579581818
1346;0.7007223942208461;0.0011989848082819953;True;1.0797873676551686
1347;0.6862745098039216;0.001660913534899664;True;1.0772028244478526
1348;0.6718266253869969;0.002261304519717512;True;1.0743222341856498
1349;0.6594427244582043;0.0029088627228155838;True;1.0717761906070262
1350;0.6491228070175438;0.003558373943300947;True;1.0695933566520912
1351;0.6491228070175438;0.003558373943300947;True;1.0676070049099262
1352;0.6573787409700722;0.0030302895427941692;True;1.0654936360633975
1353;0.6842105263157895;0.0017375461568507394;True;1.063930305424712
1354;0.6656346749226005;0.002568327960293709;True;1.0627352740803948
1355;0.6243550051599587;0.005611272629892071;True;1.0616932177332994
1356;0.6119711042311662;0.006950274712161287;True;1.0608210189087353
1357;0.5954592363261093;0.009125961400493128;True;1.0602362053783891
1358;0.5995872033023736;0.008536698768223005;True;1.0600836771226307
1359;0.5665634674922602;0.014226822697300032;True;1.0601479854718554
1360;0.5665634674922602;0.014226822697300032;True;1.060541725743566
1361;0.5521155830753354;0.017512914698683393;True;1.0615024542705076
1362;0.5356037151702786;0.021973121639608077;True;1.062733208833645
1363;0.5252837977296182;0.02518359155961345;True;1.0638005765701302
1364;0.4943240454076367;0.03704404980744616;True;1.0645578975029495
1365;0.479876160990712;0.04386464036882086;True;1.0650226658636817
1366;0.43446852425180604;0.0715970112602687;False;
1367;0.38493292053663575;0.11470802686534462;False;
1368;0.3663570691434469;0.13483747906980886;False;
1369;0.32507739938080493;0.188084781422369;False;
1370;0.29205366357069146;0.23960176390544208;False;
1371;0.24871001031991744;0.31964521777772903;False;
1372;0.16615067079463364;0.5099504603438955;False;
1373;0.16615067079463364;0.5099504603438955;False;
1374;0.021671826625386997;0.9319797351987382;False;
1375;-0.0010319917440660476;0.9967573972800612;False;
1376;-0.1331269349845201;0.5984607651208831;False;
1377;-0.1331269349845201;0.5984607651208831;False;
1378;-0.14344685242518057;0.5701354475609234;False;
1379;-0.20743034055727552;0.4088537259590215;False;
1380;-0.283797729618163;0.25375641790875597;False;
1381;-0.29411764705882354;0.23614329729664102;False;
1382;-0.37254901960784315;0.12787268607330352;False;
1383;-0.38493292053663575;0.11470802686534462;False;
1384;-0.4324045407636739;0.07310819207072548;False;
1385;-0.47781217750258;0.04491215118822409;True;0.8944918238039602
1386;-0.47781217750258;0.04491215118822409;True;0.8899159725138679
1387;-0.49638802889576883;0.03614032375695943;True;0.8863673371921924
1388;-0.500515995872033;0.034383779176359076;True;0.883733741863083
1389;-0.5128998968008256;0.029506553722099392;True;0.8815064095353148
1390;-0.5128998968008256;0.029506553722099392;True;0.8796747306611897
1391;-0.5149638802889577;0.028748754882630345;True;0.8782345865202529
1392;-0.5727554179566564;0.012978178834505884;True;0.8770684890552976
1393;-0.5954592363261093;0.009125961400493128;True;0.8762404996896928
1394;-0.6078431372549019;0.007450054518883102;True;0.8758458318976123
1395;-0.6222910216718266;0.005818551360831044;True;0.8756325764288
1396;-0.6202270381836945;0.006032002847171182;True;0.8753447484446498
1397;-0.6470588235294118;0.0037015338197611434;True;0.8751420017391053
1398;-0.6408668730650156;0.004159550994391519;True;0.8752278643493993
1399;-0.6388028895768835;0.004322124802950012;True;0.8754747255306603
1400;-0.653250773993808;0.0032856411027831498;True;0.8758825337870534
1401;-0.653250773993808;0.0032856411027831498;True;0.8764751691846574
1402;-0.653250773993808;0.0032856411027831498;True;0.8772530638263163
1403;-0.653250773993808;0.0032856411027831498;True;0.8781886755549043
1404;-0.653250773993808;0.0032856411027831498;True;0.8793799327051856
1405;-0.653250773993808;0.0032856411027831498;True;0.8807835060932909
1406;-0.651186790505676;0.003419780198798568;True;0.8821469339589503
1407;-0.651186790505676;0.003419780198798568;True;0.8835041941744908
1408;-0.651186790505676;0.003419780198798568;True;0.885018460269316
1409;-0.651186790505676;0.003419780198798568;True;0.886581232530844
1410;-0.6491228070175438;0.003558373943300947;True;0.8882523238387157
1411;-0.6491228070175438;0.003558373943300947;True;0.8900866029918355
1412;-0.6491228070175438;0.003558373943300947;True;0.891927915545449
1413;-0.6491228070175438;0.003558373943300947;True;0.893772433126543
1414;-0.653250773993808;0.0032856411027831498;True;0.895803775513907
1415;-0.6594427244582043;0.0029088627228155838;True;0.897917086003188
1416;-0.6594427244582043;0.0029088627228155838;True;0.9000242298666541
1417;-0.6594427244582043;0.0029088627228155838;True;0.9022379606390509
1418;-0.6594427244582043;0.0029088627228155838;True;0.9044638261139656
1419;-0.6697626418988648;0.0023600851881755394;True;0.9066799039303985
1420;-0.6697626418988648;0.0023600851881755394;True;0.9090259485085419
1421;-0.6697626418988648;0.0023600851881755394;True;0.9113539154313077
1422;-0.653250773993808;0.0032856411027831498;True;0.9135433191396981
1423;-0.6615067079463364;0.002791461831762224;True;0.9157637381210837
1424;-0.6615067079463364;0.002791461831762224;True;0.9179699624445482
1425;-0.6615067079463364;0.002791461831762224;True;0.9200706554907397
1426;-0.6615067079463364;0.002791461831762224;True;0.9221917410121884
1427;-0.6615067079463364;0.002791461831762224;True;0.9242380731435401
1428;-0.6635706914344685;0.002677983974457382;True;0.9260982932728803
1429;-0.6780185758513931;0.0019851971899574553;True;0.9279307857656895
1430;-0.6780185758513931;0.0019851971899574553;True;0.9297583719612071
1431;-0.6780185758513931;0.0019851971899574553;True;0.931499101260979
1432;-0.6780185758513931;0.0019851971899574553;True;0.9332215800369884
1433;-0.6780185758513931;0.0019851971899574553;True;0.934915640701895
1434;-0.6780185758513931;0.0019851971899574553;True;0.9364624575499017
1435;-0.6780185758513931;0.0019851971899574553;True;0.938013309772487
1436;-0.6676986584107326;0.002462394297708647;True;0.9396282705435297
1437;-0.6676986584107326;0.002462394297708647;True;0.9411647686931376
1438;-0.6491228070175438;0.003558373943300947;True;0.9426690199044963
1439;-0.6491228070175438;0.003558373943300947;True;0.9442493926165597
1440;-0.6491228070175438;0.003558373943300947;True;0.9457825537311948
1441;-0.6408668730650156;0.004159550994391519;True;0.9472439620509527
1442;-0.6408668730650156;0.004159550994391519;True;0.9487128909917687
1443;-0.6408668730650156;0.004159550994391519;True;0.9500753801531701
1444;-0.6408668730650156;0.004159550994391519;True;0.9512557745608743
1445;-0.6408668730650156;0.004159550994391519;True;0.9523738964414035
1446;-0.6408668730650156;0.004159550994391519;True;0.9534220469252414
1447;-0.6388028895768835;0.004322124802950012;True;0.954328578175682
1448;-0.6388028895768835;0.004322124802950012;True;0.9551458830823004
1449;-0.6388028895768835;0.004322124802950012;True;0.9559576520223655
1450;-0.6388028895768835;0.004322124802950012;True;0.9566978616301173
1451;-0.6388028895768835;0.004322124802950012;True;0.957421843679635
1452;-0.6388028895768835;0.004322124802950012;True;0.9582637373967655
1453;-0.6388028895768835;0.004322124802950012;True;0.9591316299380277
1454;-0.6388028895768835;0.004322124802950012;True;0.9599191359897291
1455;-0.6388028895768835;0.004322124802950012;True;0.9606618357173504
1456;-0.6388028895768835;0.004322124802950012;True;0.9613897131269508
1457;-0.6388028895768835;0.004322124802950012;True;0.9620696029456964
1458;-0.632610939112487;0.004841232347066897;True;0.962743858035878
1459;-0.632610939112487;0.004841232347066897;True;0.9634181574966942
1460;-0.6305469556243549;0.005025142219255446;True;0.9639892137993203
1461;-0.6305469556243549;0.005025142219255446;True;0.9645592564345996
1462;-0.6305469556243549;0.005025142219255446;True;0.9652604586603645
1463;-0.6305469556243549;0.005025142219255446;True;0.9659760424044653
1464;-0.6305469556243549;0.005025142219255446;True;0.9666388008135023
1465;-0.6305469556243549;0.005025142219255446;True;0.9673187834545964
1466;-0.6305469556243549;0.005025142219255446;True;0.9680013273210208
1467;-0.6408668730650156;0.004159550994391519;True;0.9686698655857765
1468;-0.6429308565531475;0.004002006540262527;True;0.9694121776390302
1469;-0.6429308565531475;0.004002006540262527;True;0.9702078828912144
1470;-0.6429308565531475;0.004002006540262527;True;0.9709643020286358
1471;-0.6429308565531475;0.004002006540262527;True;0.9717758368865497
1472;-0.6429308565531475;0.004002006540262527;True;0.9726939113793601
1473;-0.6284829721362228;0.005214699418213291;True;0.9735986913673264
1474;-0.6099071207430341;0.0071966585949820045;True;0.9744899893804453
1475;-0.6099071207430341;0.0071966585949820045;True;0.9754765506745838
1476;-0.6099071207430341;0.0071966585949820045;True;0.9765586499820759
1477;-0.6140350877192982;0.0067107587733592385;True;0.9776767308224575
1478;-0.6140350877192982;0.0067107587733592385;True;0.9788592644183498
1479;-0.6140350877192982;0.0067107587733592385;True;0.9800587731475835
1480;-0.6140350877192982;0.0067107587733592385;True;0.9811194557299426
1481;-0.6140350877192982;0.0067107587733592385;True;0.9820303599270732
1482;-0.6140350877192982;0.0067107587733592385;True;0.9828481295943632
1483;-0.6140350877192982;0.0067107587733592385;True;0.9835485998256299
1484;-0.6078431372549019;0.007450054518883102;True;0.9842006601394561
1485;-0.587203302373581;0.01040255772715195;True;0.9849005750537853
1486;-0.587203302373581;0.01040255772715195;True;0.9856257254466926
1487;-0.587203302373581;0.01040255772715195;True;0.9863175987501528
1488;-0.587203302373581;0.01040255772715195;True;0.9870164879596832
1489;-0.587203302373581;0.01040255772715195;True;0.9876929338396161
1490;-0.6016511867905057;0.008253780479294344;True;0.9882753044600742
1491;-0.6016511867905057;0.008253780479294344;True;0.9887866843116715
1492;-0.6016511867905057;0.008253780479294344;True;0.989254263594386
1493;-0.6016511867905057;0.008253780479294344;True;0.9897339751457969
1494;-0.6016511867905057;0.008253780479294344;True;0.990305094122795
1495;-0.6016511867905057;0.008253780479294344;True;0.9909190194531639
1496;-0.6016511867905057;0.008253780479294344;True;0.9915542633297465
1497;-0.6016511867905057;0.008253780479294344;True;0.9922155065147455
1498;-0.6016511867905057;0.008253780479294344;True;0.9928766814510172
1499;-0.6016511867905057;0.008253780479294344;True;0.9935870937006915
1500;-0.6016511867905057;0.008253780479294344;True;0.9944129207163981
1501;-0.5975232198142414;0.008827374421547778;True;0.9952182374431013
1502;-0.5975232198142414;0.008827374421547778;True;0.9958878772470068
1503;-0.5459236326109391;0.01909272950987518;True;0.9965859364284056
1504;-0.5459236326109391;0.01909272950987518;True;0.9973605658801539
1505;-0.5459236326109391;0.01909272950987518;True;0.998147450850132
1506;-0.5232198142414861;0.02586745150014201;True;0.9989667317882439
1507;-0.5232198142414861;0.02586745150014201;True;0.9996785071568571
1508;-0.5232198142414861;0.02586745150014201;True;1.0002235058919309
1509;-0.5232198142414861;0.02586745150014201;True;1.000755484767348
1510;-0.5232198142414861;0.02586745150014201;True;1.0012707688748321
1511;-0.5232198142414861;0.02586745150014201;True;1.0016629694365426
1512;-0.5087719298245614;0.031068538407296186;True;1.0018924876281703
1513;-0.5087719298245614;0.031068538407296186;True;1.0020387233239976
1514;-0.5087719298245614;0.031068538407296186;True;1.002285724957259
1515;-0.5087719298245614;0.031068538407296186;True;1.0026191638098232
1516;-0.5087719298245614;0.031068538407296186;True;1.0028732427480567
1517;-0.5087719298245614;0.031068538407296186;True;1.0030560392555854
1518;-0.5087719298245614;0.031068538407296186;True;1.0031755725629565
1519;-0.5087719298245614;0.031068538407296186;True;1.003215949800673
1520;-0.5087719298245614;0.031068538407296186;True;1.0033689027753372
1521;-0.5087719298245614;0.031068538407296186;True;1.0036197772140558
1522;-0.5087719298245614;0.031068538407296186;True;1.003694947757695
1523;-0.5087719298245614;0.031068538407296186;True;1.0037522755664463
1524;-0.5087719298245614;0.031068538407296186;True;1.0039756627706353
1525;-0.5087719298245614;0.031068538407296186;True;1.0041166538009452
1526;-0.5087719298245614;0.031068538407296186;True;1.004199907306739
1527;-0.5087719298245614;0.031068538407296186;True;1.0043584084888666
1528;-0.5046439628482973;0.032693733377739086;True;1.0043665008583038
1529;-0.5046439628482973;0.032693733377739086;True;1.0043303742225294
1530;-0.5046439628482973;0.032693733377739086;True;1.0045324197171401
1531;-0.5046439628482973;0.032693733377739086;True;1.0046804762889354
1532;-0.5046439628482973;0.032693733377739086;True;1.0047450890300496
1533;-0.5046439628482973;0.032693733377739086;True;1.00502707014946
1534;-0.5046439628482973;0.032693733377739086;True;1.0052417029788074
1535;-0.5046439628482973;0.032693733377739086;True;1.0053308696072414
1536;-0.5046439628482973;0.032693733377739086;True;1.0055940090742348
1537;-0.5046439628482973;0.032693733377739086;True;1.005724740163395
1538;-0.5046439628482973;0.032693733377739086;True;1.0054795797300666
1539;-0.5046439628482973;0.032693733377739086;True;1.005255774405553
1540;-0.5046439628482973;0.032693733377739086;True;1.0051546062504317
1541;-0.5046439628482973;0.032693733377739086;True;1.005012387145454
1542;-0.5046439628482973;0.032693733377739086;True;1.0049977585116754
1543;-0.48813209494324045;0.03985953090099978;True;1.0048557906280944
1544;-0.4901960784313726;0.038903445723445826;True;1.0043093591930086
1545;-0.4901960784313726;0.038903445723445826;True;1.0037741688118242
1546;-0.5108359133126935;0.030279746991202998;True;1.0033365556179517
1547;-0.5108359133126935;0.030279746991202998;True;1.0028292984120792
1548;-0.4984520123839009;0.03525363586497097;True;1.002389653960164
1549;-0.4984520123839009;0.03525363586497097;True;1.0018347921520752
1550;-0.4984520123839009;0.03525363586497097;True;1.0010033631672428
1551;-0.5108359133126935;0.030279746991202998;True;1.0001589665481971
1552;-0.5108359133126935;0.030279746991202998;True;0.999301129112706
1553;-0.5108359133126935;0.030279746991202998;True;0.9983015554101344
1554;-0.5108359133126935;0.030279746991202998;True;0.9973175264717655
1555;-0.4901960784313726;0.038903445723445826;True;0.9964019125758322
1556;-0.4901960784313726;0.038903445723445826;True;0.9954635924769909
1557;-0.4901960784313726;0.038903445723445826;True;0.9943996508550688
1558;-0.4901960784313726;0.038903445723445826;True;0.9931103855371043
1559;-0.4901960784313726;0.038903445723445826;True;0.9914668800045863
1560;-0.4901960784313726;0.038903445723445826;True;0.9895997769600159
1561;-0.4901960784313726;0.038903445723445826;True;0.9879222821207833
1562;-0.4901960784313726;0.038903445723445826;True;0.9865681418881374
1563;-0.4901960784313726;0.038903445723445826;True;0.9852442850320352
1564;-0.4901960784313726;0.038903445723445826;True;0.98381810382358
1565;-0.5108359133126935;0.030279746991202998;True;0.9824593742775841
1566;-0.5108359133126935;0.030279746991202998;True;0.9811760648776008
1567;-0.5108359133126935;0.030279746991202998;True;0.9798682340196029
1568;-0.5108359133126935;0.030279746991202998;True;0.9787647950672789
1569;-0.4901960784313726;0.038903445723445826;True;0.9777959819940705
1570;-0.4901960784313726;0.038903445723445826;True;0.9767763276845153
1571;-0.4901960784313726;0.038903445723445826;True;0.9759967347656615
1572;-0.48194014447884415;0.042835831246999204;True;0.9754419079740538
1573;-0.48194014447884415;0.042835831246999204;True;0.9748965384265778
1574;-0.4901960784313726;0.038903445723445826;True;0.9746174353341113
1575;-0.45510835913312697;0.05772857159967156;False;
1576;-0.45510835913312697;0.05772857159967156;False;
1577;-0.45510835913312697;0.05772857159967156;False;
1578;-0.4220846233230134;0.0810190486949893;False;
1579;-0.40763673890608876;0.09312305169960107;False;
1580;-0.40763673890608876;0.09312305169960107;False;
1581;-0.4097007223942208;0.09131835313137278;False;
1582;-0.4097007223942208;0.09131835313137278;False;
1583;-0.4097007223942208;0.09131835313137278;False;
1584;-0.4097007223942208;0.09131835313137278;False;
1585;-0.3952528379772961;0.104496652622016;False;
1586;-0.3952528379772961;0.104496652622016;False;
1587;-0.3952528379772961;0.104496652622016;False;
1588;-0.3952528379772961;0.104496652622016;False;
1589;-0.3952528379772961;0.104496652622016;False;
1590;-0.3869969040247678;0.11261128878276387;False;
1591;-0.3869969040247678;0.11261128878276387;False;
1592;-0.3869969040247678;0.11261128878276387;False;
1593;-0.3869969040247678;0.11261128878276387;False;
1594;-0.3869969040247678;0.11261128878276387;False;
1595;-0.3869969040247678;0.11261128878276387;False;
1596;-0.3869969040247678;0.11261128878276387;False;
1597;-0.3869969040247678;0.11261128878276387;False;
1598;-0.3869969040247678;0.11261128878276387;False;
1599;-0.38493292053663575;0.11470802686534462;False;
1600;-0.3498452012383901;0.15469232181385817;False;
1601;-0.3498452012383901;0.15469232181385817;False;
1602;-0.3560371517027864;0.1470255476478887;False;
1603;-0.3457172342621259;0.15995306278645874;False;
1604;-0.3457172342621259;0.15995306278645874;False;
1605;-0.32094943240454077;0.19408223512614609;False;
1606;-0.32094943240454077;0.19408223512614609;False;
1607;-0.32094943240454077;0.19408223512614609;False;
1608;-0.32094943240454077;0.19408223512614609;False;
1609;-0.32094943240454077;0.19408223512614609;False;
1610;-0.3003095975232198;0.2259599242270975;False;
1611;-0.3003095975232198;0.2259599242270975;False;
1612;-0.27347781217750256;0.2721726853194867;False;
1613;-0.2528379772961816;0.31141340050989863;False;
1614;-0.24045407636738902;0.3364896473643954;False;
1615;-0.2239422084623323;0.3716861637562172;False;
1616;-0.2239422084623323;0.3716861637562172;False;
1617;-0.2239422084623323;0.3716861637562172;False;
1618;-0.2239422084623323;0.3716861637562172;False;
1619;-0.2280701754385965;0.36270020849471035;False;
1620;-0.2280701754385965;0.36270020849471035;False;
1621;-0.2280701754385965;0.36270020849471035;False;
1622;-0.1991744066047472;0.42815803191920493;False;
1623;-0.1475748194014448;0.5589695952802587;False;
1624;-0.13106295149638802;0.6041941281040611;False;
1625;-0.12074303405572755;0.6331873816566363;False;
1626;-0.12487100103199174;0.62152591689147;False;
1627;-0.12487100103199174;0.62152591689147;False;
1628;-0.12487100103199174;0.62152591689147;False;
1629;-0.12487100103199174;0.62152591689147;False;
1630;-0.12487100103199174;0.62152591689147;False;
1631;-0.1001031991744066;0.6926899392518375;False;
1632;-0.1001031991744066;0.6926899392518375;False;
1633;-0.07327141382868937;0.7726309674360764;False;
1634;-0.023735810113519093;0.9255178937138382;False;
1635;-0.023735810113519093;0.9255178937138382;False;
1636;-0.023735810113519093;0.9255178937138382;False;
1637;-0.023735810113519093;0.9255178937138382;False;
1638;-0.023735810113519093;0.9255178937138382;False;
1639;-0.023735810113519093;0.9255178937138382;False;
1640;-0.023735810113519093;0.9255178937138382;False;
1641;0.005159958720330237;0.9837879533049655;False;
1642;0.038183694530443756;0.8804304907652737;False;
1643;0.038183694530443756;0.8804304907652737;False;
1644;0.05056759545923632;0.8420557303322882;False;
1645;0.05882352941176471;0.816654203568489;False;
1646;0.052631578947368425;0.8356904320597222;False;
1647;0.04231166150670795;0.8676065335789527;False;
1648;0.04231166150670795;0.8676065335789527;False;
1649;0.04231166150670795;0.8676065335789527;False;
1650;0.04231166150670795;0.8676065335789527;False;
1651;0.09391124871001032;0.7108992592881784;False;
1652;0.09391124871001032;0.7108992592881784;False;
1653;0.09391124871001032;0.7108992592881784;False;
1654;0.11867905056759545;0.6390493358496443;False;
1655;0.10216718266253869;0.6866550541678015;False;
1656;0.10216718266253869;0.6866550541678015;False;
1657;0.12693498452012383;0.6157269826949076;False;
1658;0.12693498452012383;0.6157269826949076;False;
1659;0.13519091847265222;0.5927498112228585;False;
1660;0.13725490196078433;0.5870615369663565;False;
1661;0.13725490196078433;0.5870615369663565;False;
1662;0.16821465428276572;0.504632511085031;False;
1663;0.19504643962848298;0.43798642970216684;False;
1664;0.19504643962848298;0.43798642970216684;False;
1665;0.19504643962848298;0.43798642970216684;False;
1666;0.19504643962848298;0.43798642970216684;False;
1667;0.19504643962848298;0.43798642970216684;False;
1668;0.19091847265221878;0.4479306707266413;False;
1669;0.19504643962848298;0.43798642970216684;False;
1670;0.19504643962848298;0.43798642970216684;False;
1671;0.1826625386996904;0.46816133789331493;False;
1672;0.19504643962848298;0.43798642970216684;False;
1673;0.19504643962848298;0.43798642970216684;False;
1674;0.19504643962848298;0.43798642970216684;False;
1675;0.1929824561403509;0.44294415082481003;False;
1676;0.1929824561403509;0.44294415082481003;False;
1677;0.18885448916408668;0.4529458223784956;False;
1678;0.17647058823529413;0.4836281454935329;False;
1679;0.1826625386996904;0.46816133789331493;False;
1680;0.11042311661506708;0.6626984309773882;False;
1681;0.11661506707946334;0.6449317151979074;False;
1682;0.04437564499484004;0.8612061336731367;False;
1683;0.04643962848297213;0.8548139516870751;False;
1684;0.04643962848297213;0.8548139516870751;False;
1685;0.003095975232198142;0.990272385227047;False;
1686;-0.025799793601651185;0.9190604851409846;False;
1687;-0.08565531475748193;0.7354104124232368;False;
1688;-0.09803921568627451;0.6987424830235278;False;
1689;-0.09803921568627451;0.6987424830235278;False;
1690;-0.1455108359133127;0.5645405304670835;False;
1691;-0.15583075335397317;0.5369306230900768;False;
1692;-0.15583075335397317;0.5369306230900768;False;
1693;-0.15995872033023736;0.5260613631447345;False;
1694;-0.15995872033023736;0.5260613631447345;False;
1695;-0.1867905056759546;0.45798943476882836;False;
1696;-0.2115583075335397;0.39938013616939916;False;
1697;-0.2115583075335397;0.39938013616939916;False;
1698;-0.2115583075335397;0.39938013616939916;False;
1699;-0.2115583075335397;0.39938013616939916;False;
1700;-0.2115583075335397;0.39938013616939916;False;
1701;-0.2115583075335397;0.39938013616939916;False;
1702;-0.2115583075335397;0.39938013616939916;False;
1703;-0.2115583075335397;0.39938013616939916;False;
1704;-0.2115583075335397;0.39938013616939916;False;
1705;-0.2115583075335397;0.39938013616939916;False;
1706;-0.2115583075335397;0.39938013616939916;False;
1707;-0.2115583075335397;0.39938013616939916;False;
1708;-0.2115583075335397;0.39938013616939916;False;
1709;-0.2115583075335397;0.39938013616939916;False;
1710;-0.2115583075335397;0.39938013616939916;False;
1711;-0.2115583075335397;0.39938013616939916;False;
1712;-0.2115583075335397;0.39938013616939916;False;
1713;-0.2115583075335397;0.39938013616939916;False;
1714;-0.2115583075335397;0.39938013616939916;False;
1715;-0.20743034055727552;0.4088537259590215;False;
1716;-0.19711042311661509;0.4330576703920279;False;
1717;-0.20123839009287925;0.42328766928815764;False;
1718;-0.20949432404540763;0.40410193596361965;False;
1719;-0.20949432404540763;0.40410193596361965;False;
1720;-0.20949432404540763;0.40410193596361965;False;
1721;-0.21362229102167182;0.3946884572555505;False;
1722;-0.21362229102167182;0.3946884572555505;False;
1723;-0.2198142414860681;0.3807953913501374;False;
1724;-0.2198142414860681;0.3807953913501374;False;
1725;-0.2198142414860681;0.3807953913501374;False;
1726;-0.2198142414860681;0.3807953913501374;False;
1727;-0.23013415892672856;0.35825371050744315;False;
1728;-0.2549019607843137;0.30734528041254605;False;
1729;-0.26109391124871;0.29533260163380953;False;
1730;-0.26109391124871;0.29533260163380953;False;
1731;-0.28792569659442724;0.24661488879554866;False;
1732;-0.28792569659442724;0.24661488879554866;False;
1733;-0.28792569659442724;0.24661488879554866;False;
1734;-0.28792569659442724;0.24661488879554866;False;
1735;-0.32920536635706915;0.18221199775917413;False;
1736;-0.32920536635706915;0.18221199775917413;False;
1737;-0.3622291021671827;0.13962500641700296;False;
1738;-0.3828689370485036;0.11683232301276776;False;
1739;-0.3931888544891641;0.10648479569520816;False;
1740;-0.41589267285861714;0.08605648033750414;False;
1741;-0.41589267285861714;0.08605648033750414;False;
1742;-0.413828689370485;0.08778525139466073;False;
1743;-0.45098039215686275;0.06032623578568477;False;
1744;-0.45098039215686275;0.06032623578568477;False;
1745;-0.4716202270381837;0.048168976789553265;True;1.0108056656452684
1746;-0.4716202270381837;0.048168976789553265;True;1.0103359112433004
1747;-0.4674922600619195;0.050437519451044396;False;
1748;-0.4674922600619195;0.050437519451044396;False;
1749;-0.4674922600619195;0.050437519451044396;False;
1750;-0.48606811145510836;0.040833484782080244;True;1.0064047570334418
1751;-0.48606811145510836;0.040833484782080244;True;1.004902126439931
1752;-0.48606811145510836;0.040833484782080244;True;1.0036613195351927
1753;-0.48606811145510836;0.040833484782080244;True;1.0027747942338587
1754;-0.5190918472652218;0.027278528700016978;True;1.001981540067982
1755;-0.5190918472652218;0.027278528700016978;True;1.0012501288854532
1756;-0.5190918472652218;0.027278528700016978;True;1.000662679144912
1757;-0.5521155830753354;0.017512914698683393;True;1.0000720390811604
1758;-0.5706914344685242;0.013384281348823385;True;0.9992944903904577
1759;-0.5706914344685242;0.013384281348823385;True;0.9984282113081177
1760;-0.5706914344685242;0.013384281348823385;True;0.9971066050043216
1761;-0.5562435500515995;0.01651840305440491;True;0.9954651207351457
1762;-0.5500515995872033;0.01802759336113747;True;0.9936730479653475
1763;-0.5500515995872033;0.01802759336113747;True;0.9920190051811694
1764;-0.5583075335397317;0.01603820039772077;True;0.9905281658386369
1765;-0.5665634674922602;0.014226822697300032;True;0.9890518835540968
1766;-0.5665634674922602;0.014226822697300032;True;0.9877037438445528
1767;-0.5892672858617131;0.010070753912334255;True;0.9864738271435879
1768;-0.5892672858617131;0.010070753912334255;True;0.9853081611959649
1769;-0.587203302373581;0.01040255772715195;True;0.9844345061329577
1770;-0.587203302373581;0.01040255772715195;True;0.9835554470377291
1771;-0.587203302373581;0.01040255772715195;True;0.9827490567538225
1772;-0.6057791537667698;0.0077106082493158725;True;0.981997986162602
1773;-0.6057791537667698;0.0077106082493158725;True;0.9811135979740833
1774;-0.6057791537667698;0.0077106082493158725;True;0.9799745393299842
1775;-0.6016511867905057;0.008253780479294344;True;0.9785077440052411
1776;-0.6160990712074303;0.00647796835824065;True;0.9767767080118641
1777;-0.6160990712074303;0.00647796835824065;True;0.9752095020524025
1778;-0.6140350877192982;0.0067107587733592385;True;0.9739976203121438
1779;-0.6181630546955624;0.0062517627309340825;True;0.9730466838673353
1780;-0.6202270381836945;0.006032002847171182;True;0.9723261890228783
1781;-0.6202270381836945;0.006032002847171182;True;0.9717953873500836
1782;-0.6202270381836945;0.006032002847171182;True;0.9713338122989631
1783;-0.6099071207430341;0.0071966585949820045;True;0.9710504397161139
1784;-0.6099071207430341;0.0071966585949820045;True;0.9710785502729868
1785;-0.6119711042311662;0.006950274712161287;True;0.9714961651355016
1786;-0.6119711042311662;0.006950274712161287;True;0.9722504469740835
1787;-0.6119711042311662;0.006950274712161287;True;0.9731440336675787
1788;-0.6119711042311662;0.006950274712161287;True;0.9739797372179678
1789;-0.6119711042311662;0.006950274712161287;True;0.9740973528389366
1790;-0.6119711042311662;0.006950274712161287;True;0.9735275048006397
1791;-0.6119711042311662;0.006950274712161287;True;0.9728642706350262
1792;-0.6016511867905057;0.008253780479294344;True;0.9721966890308085
1793;-0.6016511867905057;0.008253780479294344;True;0.9721870024272923
1794;-0.6016511867905057;0.008253780479294344;True;0.9726592511136869
1795;-0.6016511867905057;0.008253780479294344;True;0.9732401371257076
1796;-0.5913312693498451;0.00974749319593869;True;0.9735323581283095
1797;-0.5913312693498451;0.00974749319593869;True;0.9731029128828719
1798;-0.5913312693498451;0.00974749319593869;True;0.9720953437088398
1799;-0.5913312693498451;0.00974749319593869;True;0.9708061868015306
1800;-0.5913312693498451;0.00974749319593869;True;0.9694789656493598
1801;-0.5913312693498451;0.00974749319593869;True;0.9687512173756079
1802;-0.5913312693498451;0.00974749319593869;True;0.9683482703471158
1803;-0.5913312693498451;0.00974749319593869;True;0.9682567516436342
1804;-0.5913312693498451;0.00974749319593869;True;0.9682553012398648
1805;-0.5913312693498451;0.00974749319593869;True;0.9679858978648985
1806;-0.5913312693498451;0.00974749319593869;True;0.9674209187452025
1807;-0.587203302373581;0.01040255772715195;True;0.9667619337333693
1808;-0.587203302373581;0.01040255772715195;True;0.966255501565896
1809;-0.587203302373581;0.01040255772715195;True;0.966136145884746
1810;-0.5603715170278638;0.0155691221165936;True;0.9663008259198448
1811;-0.5603715170278638;0.0155691221165936;True;0.9667890861116002
1812;-0.5603715170278638;0.0155691221165936;True;0.9667072229451747
1813;-0.587203302373581;0.01040255772715195;True;0.9658883521289633
1814;-0.587203302373581;0.01040255772715195;True;0.9643154542162591
1815;-0.6016511867905057;0.008253780479294344;True;0.9619902254437014
1816;-0.5892672858617131;0.010070753912334255;True;0.959577650619609
1817;-0.5892672858617131;0.010070753912334255;True;0.9573627272117756
1818;-0.5892672858617131;0.010070753912334255;True;0.9559719196962446
1819;-0.5892672858617131;0.010070753912334255;True;0.9555335114835661
1820;-0.5892672858617131;0.010070753912334255;True;0.956119426944072
1821;-0.5892672858617131;0.010070753912334255;True;0.9577317121406427
1822;-0.5892672858617131;0.010070753912334255;True;0.95946492836583
1823;-0.5706914344685242;0.013384281348823385;True;0.961135971920996
1824;-0.5706914344685242;0.013384281348823385;True;0.962603835540031
1825;-0.5706914344685242;0.013384281348823385;True;0.9640725858167651
1826;-0.5706914344685242;0.013384281348823385;True;0.9736025765842016
1827;-0.5706914344685242;0.013384281348823385;True;0.9719548323060995
1828;-0.5789473684210527;0.011818464080461803;True;0.9688711083135596
1829;-0.6449948400412797;0.003849373038824423;True;0.9884925569747154
1830;-0.6904024767801857;0.0015160249841227739;True;1.0413796005931222
1831;-0.762641898864809;0.00023296654976518366;True;1.1151809680009848
1832;-0.8163054695562436;3.598441737777744e-05;True;1.188572332459432
1833;-0.826625386996904;2.3456553098215347e-05;True;1.2458695364087973
1834;-0.8431372549019607;1.1129003812786902e-05;True;1.278008542397231
1835;-0.8431372549019607;1.1129003812786902e-05;True;1.2792653104798184
1836;-0.826625386996904;2.3456553098215347e-05;True;1.2424108396181364
1837;-0.8142414860681115;3.9076829456376904e-05;True;1.2363079899844427
1838;-0.8142414860681115;3.9076829456376904e-05;True;1.230497572296955
1839;-0.8142414860681115;3.9076829456376904e-05;True;1.2246555166719006
1840;-0.8142414860681115;3.9076829456376904e-05;True;1.2184996210010128
1841;-0.8142414860681115;3.9076829456376904e-05;True;1.211754822496805
1842;-0.8142414860681115;3.9076829456376904e-05;True;1.204455325680801
1843;-0.8142414860681115;3.9076829456376904e-05;True;1.1962148618895592
1844;-0.8142414860681115;3.9076829456376904e-05;True;1.1869352088028522
1845;-0.8142414860681115;3.9076829456376904e-05;True;1.1762616923930345
1846;-0.8142414860681115;3.9076829456376904e-05;True;1.1645533531645937
1847;-0.7812177502579979;0.00012936386013196713;True;1.1518087497223723
1848;-0.7750257997936018;0.0001583378269319435;True;1.1388138671890151
1849;-0.7729618163054695;0.0001691391622832597;True;1.1259866436329966
1850;-0.78328173374613;0.00012076451611540729;True;1.1134088057556333
1851;-0.7853457172342622;0.00011265431029256776;True;1.101105120803234
1852;-0.7853457172342622;0.00011265431029256776;True;1.089211375488602
1853;-0.7853457172342622;0.00011265431029256776;True;1.0773548936526012
1854;-0.7853457172342622;0.00011265431029256776;True;1.065638054889612
1855;-0.7853457172342622;0.00011265431029256776;True;1.053768986976111
1856;-0.7750257997936018;0.0001583378269319435;True;1.0420874193318992
1857;-0.7502579979360166;0.0003352980382239196;True;1.0305506273899852
1858;-0.7502579979360166;0.0003352980382239196;True;1.019372112868783
1859;-0.7502579979360166;0.0003352980382239196;True;1.0087516863956838
1860;-0.7502579979360166;0.0003352980382239196;True;0.9985966326303333
1861;-0.7502579979360166;0.0003352980382239196;True;0.9886452331411152
1862;-0.7440660474716203;0.000399210544126666;True;0.9790206589166842
1863;-0.7440660474716203;0.000399210544126666;True;0.9695663259479366
1864;-0.7440660474716203;0.000399210544126666;True;0.9605498293420405
1865;-0.7440660474716203;0.000399210544126666;True;0.9521464952988128
1866;-0.7440660474716203;0.000399210544126666;True;0.9446507710446207
1867;-0.7564499484004128;0.0002802193872136038;True;0.9380392070184831
1868;-0.7523219814241485;0.0003160085731232911;True;0.9324177787796778
1869;-0.7523219814241485;0.0003160085731232911;True;0.9280137753931048
1870;-0.7523219814241485;0.0003160085731232911;True;0.924676135969246
1871;-0.7378740970072238;0.00047305669590900703;True;0.9222609534419006
1872;-0.7378740970072238;0.00047305669590900703;True;0.9206346202879759
1873;-0.7378740970072238;0.00047305669590900703;True;0.919584319482251
1874;-0.7481940144478844;0.00035556828754260204;True;0.9189114610762639
1875;-0.7585139318885449;0.00026364612959071287;True;0.9185194054586675
1876;-0.7420020639834881;0.00042266515033981364;True;0.9183975201956803
1877;-0.7440660474716203;0.000399210544126666;True;0.9184553559853856
1878;-0.7502579979360166;0.0003352980382239196;True;0.9189290466729798
1879;-0.7502579979360166;0.0003352980382239196;True;0.9199730190059304
1880;-0.7502579979360166;0.0003352980382239196;True;0.9216193205629052
1881;-0.7481940144478844;0.00035556828754260204;True;0.924161825275672
1882;-0.7585139318885449;0.00026364612959071287;True;0.9277042404454793
1883;-0.7502579979360166;0.0003352980382239196;True;0.9323612119047806
1884;-0.7502579979360166;0.0003352980382239196;True;0.938158066202275
1885;-0.7523219814241485;0.0003160085731232911;True;0.9452809032087333
1886;-0.7523219814241485;0.0003160085731232911;True;0.9538674954049993
1887;-0.7337461300309597;0.000528392671394729;True;0.964108636521211
1888;-0.7337461300309597;0.000528392671394729;True;0.9763320441102942
1889;-0.7337461300309597;0.000528392671394729;True;0.990571758842738
1890;-0.7069143446852425;0.001036757704756385;True;1.0070208744516846
1891;-0.7151702786377709;0.0008492395538531117;True;1.0256489314250437
1892;-0.6904024767801857;0.0015160249841227739;True;1.046375508170333
1893;-0.6862745098039216;0.001660913534899664;True;1.0689826046766422
1894;-0.6470588235294118;0.0037015338197611434;True;1.0935368559926635
1895;-0.6449948400412797;0.003849373038824423;True;1.1199033733677268
1896;-0.6491228070175438;0.003558373943300947;True;1.147730558419515
1897;-0.6346749226006192;0.004662842748871135;True;1.177046219909147
1898;-0.6016511867905057;0.008253780479294344;True;1.2078850400499719
1899;-0.5933952528379773;0.009432615271958465;True;1.2395615247196856
1900;-0.5892672858617131;0.010070753912334255;True;1.2714021307124563
1901;-0.5479876160990712;0.018554135699121704;True;1.3026775902757288
1902;-0.5541795665634675;0.017009913077973258;True;1.3323874647396072
1903;-0.5356037151702786;0.021973121639608077;True;1.359371992584434
1904;-0.5211558307533539;0.026565697103864788;True;1.3836163779509931
1905;-0.5149638802889577;0.028748754882630345;True;1.4052222929356666
1906;-0.5128998968008256;0.029506553722099392;True;1.4230187886210865
1907;-0.4840041279669762;0.04182551548646379;True;1.4381352484253358
1908;-0.4840041279669762;0.04182551548646379;True;1.4507325714841512
1909;-0.4840041279669762;0.04182551548646379;True;1.460600396311101
1910;-0.4633642930856553;0.05278586195356667;False;
1911;-0.47368421052631576;0.047064111171724266;True;1.4740524806447102
1912;-0.4716202270381837;0.048168976789553265;True;1.4774799744943077
1913;-0.4716202270381837;0.048168976789553265;True;1.4784933958118578
1914;-0.4716202270381837;0.048168976789553265;True;1.478259971783575
1915;-0.44272445820433437;0.06578236404039446;False;
1916;-0.44272445820433437;0.06578236404039446;False;
1917;-0.44272445820433437;0.06578236404039446;False;
1918;-0.44272445820433437;0.06578236404039446;False;
1919;-0.44272445820433437;0.06578236404039446;False;
1920;-0.44272445820433437;0.06578236404039446;False;
1921;-0.44272445820433437;0.06578236404039446;False;
1922;-0.44272445820433437;0.06578236404039446;False;
1923;-0.44272445820433437;0.06578236404039446;False;
1924;-0.44272445820433437;0.06578236404039446;False;
1925;-0.43446852425180604;0.0715970112602687;False;
1926;-0.43446852425180604;0.0715970112602687;False;
1927;-0.43446852425180604;0.0715970112602687;False;
1928;-0.43446852425180604;0.0715970112602687;False;
1929;-0.42002063983488136;0.08267356720316325;False;
1930;-0.42002063983488136;0.08267356720316325;False;
1931;-0.43859649122807015;0.06864406996213136;False;
1932;-0.43859649122807015;0.06864406996213136;False;
1933;-0.43859649122807015;0.06864406996213136;False;
1934;-0.43859649122807015;0.06864406996213136;False;
1935;-0.4592363261093911;0.05521566198726718;False;
1936;-0.43653250773993807;0.07010903657780523;False;
1937;-0.43653250773993807;0.07010903657780523;False;
1938;-0.43653250773993807;0.07010903657780523;False;
1939;-0.44685242518059853;0.06301029106386721;False;
1940;-0.44685242518059853;0.06301029106386721;False;
1941;-0.4489164086687306;0.06165736262614077;False;
1942;-0.4489164086687306;0.06165736262614077;False;
1943;-0.4633642930856553;0.05278586195356667;False;
1944;-0.4633642930856553;0.05278586195356667;False;
1945;-0.4633642930856553;0.05278586195356667;False;
1946;-0.4633642930856553;0.05278586195356667;False;
1947;-0.4633642930856553;0.05278586195356667;False;
1948;-0.4633642930856553;0.05278586195356667;False;
1949;-0.4633642930856553;0.05278586195356667;False;
1950;-0.4633642930856553;0.05278586195356667;False;
1951;-0.4633642930856553;0.05278586195356667;False;
1952;-0.4633642930856553;0.05278586195356667;False;
1953;-0.4633642930856553;0.05278586195356667;False;
1954;-0.45510835913312697;0.05772857159967156;False;
1955;-0.45717234262125905;0.0564616251020334;False;
1956;-0.45717234262125905;0.0564616251020334;False;
1957;-0.45717234262125905;0.0564616251020334;False;
1958;-0.46955624355005166;0.049293376927968195;True;1.1034683185281302
1959;-0.47781217750258;0.04491215118822409;True;1.0965493899276044
1960;-0.47781217750258;0.04491215118822409;True;1.0900487643818748
1961;-0.4716202270381837;0.048168976789553265;True;1.0837393071455554
1962;-0.4716202270381837;0.048168976789553265;True;1.0775572743628248
1963;-0.47781217750258;0.04491215118822409;True;1.0712897231931984
1964;-0.47781217750258;0.04491215118822409;True;1.065026986056987
1965;-0.46955624355005166;0.049293376927968195;True;1.059009889499615
1966;-0.46955624355005166;0.049293376927968195;True;1.0530975754442118
1967;-0.46955624355005166;0.049293376927968195;True;1.0473764943133375
1968;-0.4943240454076367;0.03704404980744616;True;1.0418548754236963
1969;-0.4943240454076367;0.03704404980744616;True;1.0366267552182213
1970;-0.49638802889576883;0.03614032375695943;True;1.0318050393140343
1971;-0.5087719298245614;0.031068538407296186;True;1.0271243644165164
1972;-0.5087719298245614;0.031068538407296186;True;1.0225674410492513
1973;-0.5087719298245614;0.031068538407296186;True;1.0180432696070945
1974;-0.5087719298245614;0.031068538407296186;True;1.0136423616405073
1975;-0.5067079463364293;0.03187313226051144;True;1.009418492263558
1976;-0.5067079463364293;0.03187313226051144;True;1.0052765997053457
1977;-0.5067079463364293;0.03187313226051144;True;1.0013369933760297
1978;-0.5067079463364293;0.03187313226051144;True;0.9976864040464948
1979;-0.5232198142414861;0.02586745150014201;True;0.9942639859746667
1980;-0.5232198142414861;0.02586745150014201;True;0.9911676617777101
1981;-0.5376676986584108;0.021371414657806467;True;0.9882732059722852
1982;-0.5562435500515995;0.01651840305440491;True;0.9855880886535154
1983;-0.5500515995872033;0.01802759336113747;True;0.982968449635962
1984;-0.5500515995872033;0.01802759336113747;True;0.9803292779167008
1985;-0.5500515995872033;0.01802759336113747;True;0.9776737165702201
1986;-0.5500515995872033;0.01802759336113747;True;0.9750668890266835
1987;-0.5500515995872033;0.01802759336113747;True;0.9725710896391698
1988;-0.5500515995872033;0.01802759336113747;True;0.9702214347594198
1989;-0.5500515995872033;0.01802759336113747;True;0.9680508443833808
1990;-0.541795665634675;0.020206828397558985;True;0.9660581382771197
1991;-0.541795665634675;0.020206828397558985;True;0.9642184060047582
1992;-0.541795665634675;0.020206828397558985;True;0.9624641931989409
1993;-0.541795665634675;0.020206828397558985;True;0.9607154902507968
1994;-0.541795665634675;0.020206828397558985;True;0.9589813125305086
1995;-0.541795665634675;0.020206828397558985;True;0.9572724353517752
1996;-0.541795665634675;0.020206828397558985;True;0.9556154026826248
1997;-0.541795665634675;0.020206828397558985;True;0.9540824599052138
1998;-0.541795665634675;0.020206828397558985;True;0.9526519362796515
1999;-0.541795665634675;0.020206828397558985;True;0.9513225232629696
2000;-0.5706914344685242;0.013384281348823385;True;0.9500702932336337
2001;-0.5810113519091847;0.011450854006919304;True;0.9489019865224565
2002;-0.5810113519091847;0.011450854006919304;True;0.9477698056142034
2003;-0.587203302373581;0.01040255772715195;True;0.9466464792944494
2004;-0.587203302373581;0.01040255772715195;True;0.9455591671937362
2005;-0.587203302373581;0.01040255772715195;True;0.9444918204574368
2006;-0.5851393188854489;0.010743066498094608;True;0.9434743060276398
2007;-0.5851393188854489;0.010743066498094608;True;0.9425481502765599
2008;-0.5851393188854489;0.010743066498094608;True;0.9416656035310852
2009;-0.5995872033023736;0.008536698768223005;True;0.940814775190707
2010;-0.5995872033023736;0.008536698768223005;True;0.939992958417932
2011;-0.5913312693498451;0.00974749319593869;True;0.9392051463533472
2012;-0.5913312693498451;0.00974749319593869;True;0.9384285896108562
2013;-0.5995872033023736;0.008536698768223005;True;0.9376780025488447
2014;-0.6140350877192982;0.0067107587733592385;True;0.9369514214878507
2015;-0.6140350877192982;0.0067107587733592385;True;0.9362598321787007
2016;-0.6140350877192982;0.0067107587733592385;True;0.9356120122208457
2017;-0.6140350877192982;0.0067107587733592385;True;0.9350103092993391
2018;-0.6140350877192982;0.0067107587733592385;True;0.9344696961096471
2019;-0.6388028895768835;0.004322124802950012;True;0.9339712836542999
2020;-0.6388028895768835;0.004322124802950012;True;0.9334902319911395
2021;-0.6388028895768835;0.004322124802950012;True;0.9330262010054431
2022;-0.6388028895768835;0.004322124802950012;True;0.9325484074339977
2023;-0.6388028895768835;0.004322124802950012;True;0.9320527194209057
2024;-0.6388028895768835;0.004322124802950012;True;0.9315468731001311
2025;-0.6594427244582043;0.0029088627228155838;True;0.931041208344469
2026;-0.6594427244582043;0.0029088627228155838;True;0.9305447535514232
2027;-0.6635706914344685;0.002677983974457382;True;0.9300792320077551
2028;-0.6635706914344685;0.002677983974457382;True;0.9296657522734224
2029;-0.6635706914344685;0.002677983974457382;True;0.9292915692106579
2030;-0.6635706914344685;0.002677983974457382;True;0.9289543669106125
2031;-0.6635706914344685;0.002677983974457382;True;0.9286625689299245
2032;-0.6635706914344685;0.002677983974457382;True;0.9284037205222071
2033;-0.6635706914344685;0.002677983974457382;True;0.9281753245109009
2034;-0.6635706914344685;0.002677983974457382;True;0.9279806078155581
2035;-0.6635706914344685;0.002677983974457382;True;0.9278107726987066
2036;-0.6635706914344685;0.002677983974457382;True;0.9276629184893842
2037;-0.6635706914344685;0.002677983974457382;True;0.9275247354871035
2038;-0.6635706914344685;0.002677983974457382;True;0.9273873634619271
2039;-0.6615067079463364;0.002791461831762224;True;0.9272597542606371
2040;-0.6615067079463364;0.002791461831762224;True;0.9271461071940109
2041;-0.6615067079463364;0.002791461831762224;True;0.9270593998349141
2042;-0.6615067079463364;0.002791461831762224;True;0.9270132855446527
2043;-0.6615067079463364;0.002791461831762224;True;0.9270111779281752
2044;-0.6615067079463364;0.002791461831762224;True;0.9270506944334895
2045;-0.6615067079463364;0.002791461831762224;True;0.9271328647679783
2046;-0.6615067079463364;0.002791461831762224;True;0.9272475177379315
2047;-0.6615067079463364;0.002791461831762224;True;0.9273895348941806
2048;-0.6615067079463364;0.002791461831762224;True;0.9275518622314856
2049;-0.6615067079463364;0.002791461831762224;True;0.9277351851861202
2050;-0.6594427244582043;0.0029088627228155838;True;0.9279457718743365
2051;-0.6594427244582043;0.0029088627228155838;True;0.9281981199897418
2052;-0.6594427244582043;0.0029088627228155838;True;0.9285004724726917
2053;-0.6594427244582043;0.0029088627228155838;True;0.928850909766654
2054;-0.6594427244582043;0.0029088627228155838;True;0.9292315078488248
2055;-0.6594427244582043;0.0029088627228155838;True;0.9296351698978438
2056;-0.6594427244582043;0.0029088627228155838;True;0.9300463004977066
2057;-0.6553147574819401;0.0031558468964774404;True;0.9304906399063454
2058;-0.6553147574819401;0.0031558468964774404;True;0.9309622964012031
2059;-0.6759545923632612;0.0020739524486674096;True;0.9314808075759436
2060;-0.6759545923632612;0.0020739524486674096;True;0.9320712539059639
2061;-0.6759545923632612;0.0020739524486674096;True;0.9327190467031083
2062;-0.6759545923632612;0.0020739524486674096;True;0.9334152828264866
2063;-0.6759545923632612;0.0020739524486674096;True;0.934152543231731
2064;-0.6759545923632612;0.0020739524486674096;True;0.9348912254671933
2065;-0.6759545923632612;0.0020739524486674096;True;0.935629579007405
2066;-0.6697626418988648;0.0023600851881755394;True;0.9363705005614219
2067;-0.6697626418988648;0.0023600851881755394;True;0.937144767435952
2068;-0.6697626418988648;0.0023600851881755394;True;0.9379384199119467
2069;-0.6697626418988648;0.0023600851881755394;True;0.9387721328575136
2070;-0.6883384932920537;0.001587100243984537;True;0.9396477476545383
2071;-0.6945304437564499;0.0013817713318639618;True;0.9405355779973968
2072;-0.6945304437564499;0.0013817713318639618;True;0.94143996699083
2073;-0.7110423116615068;0.0009391049276515936;True;0.9423833986554053
2074;-0.7110423116615068;0.0009391049276515936;True;0.9433602482813763
2075;-0.7110423116615068;0.0009391049276515936;True;0.9443610482399242
2076;-0.7337461300309597;0.000528392671394729;True;0.9453901214190282
2077;-0.7337461300309597;0.000528392671394729;True;0.9464505614085715
2078;-0.7337461300309597;0.000528392671394729;True;0.9475140609151501
2079;-0.7337461300309597;0.000528392671394729;True;0.9485812668338206
2080;-0.7337461300309597;0.000528392671394729;True;0.9496621513678486
2081;-0.7337461300309597;0.000528392671394729;True;0.9507723237433843
2082;-0.7337461300309597;0.000528392671394729;True;0.951903207039814
2083;-0.7337461300309597;0.000528392671394729;True;0.9530979772456284
2084;-0.7337461300309597;0.000528392671394729;True;0.9543645234332113
2085;-0.7337461300309597;0.000528392671394729;True;0.955674706228925
2086;-0.7337461300309597;0.000528392671394729;True;0.9570069368272588
2087;-0.7316821465428276;0.0005580324697729894;True;0.9583744865882804
2088;-0.7316821465428276;0.0005580324697729894;True;0.9597447031316838
2089;-0.7316821465428276;0.0005580324697729894;True;0.9611020396002203
2090;-0.7316821465428276;0.0005580324697729894;True;0.9624679037017194
2091;-0.7358101135190918;0.0005000834138759303;True;0.9638416686494519
2092;-0.7440660474716203;0.000399210544126666;True;0.9652028124078642
2093;-0.7440660474716203;0.000399210544126666;True;0.9665769606042766
2094;-0.7440660474716203;0.000399210544126666;True;0.9679447097823262
2095;-0.7440660474716203;0.000399210544126666;True;0.9692842947442297
2096;-0.7440660474716203;0.000399210544126666;True;0.9705239142592895
2097;-0.7440660474716203;0.000399210544126666;True;0.9716877446961958
2098;-0.7440660474716203;0.000399210544126666;True;0.9728207292690172
2099;-0.7440660474716203;0.000399210544126666;True;0.9739318485350417
2100;-0.7440660474716203;0.000399210544126666;True;0.9750814486341021
2101;-0.7564499484004128;0.0002802193872136038;True;0.9762715396865222
2102;-0.7564499484004128;0.0002802193872136038;True;0.9774869194444253
2103;-0.7523219814241485;0.0003160085731232911;True;0.9786917178506391
2104;-0.7523219814241485;0.0003160085731232911;True;0.9799059996294213
2105;-0.7770897832817338;0.00014812554588688426;True;0.9811507903593036
2106;-0.7770897832817338;0.00014812554588688426;True;0.9823704730175792
2107;-0.7770897832817338;0.00014812554588688426;True;0.9835715959822093
2108;-0.7770897832817338;0.00014812554588688426;True;0.9848081450705943
2109;-0.7770897832817338;0.00014812554588688426;True;0.9860012737150333
2110;-0.7770897832817338;0.00014812554588688426;True;0.9871532407510898
2111;-0.7770897832817338;0.00014812554588688426;True;0.9882837258431878
2112;-0.7770897832817338;0.00014812554588688426;True;0.9893603536115709
2113;-0.7770897832817338;0.00014812554588688426;True;0.9903901126334349
2114;-0.7770897832817338;0.00014812554588688426;True;0.9914313663309879
2115;-0.7770897832817338;0.00014812554588688426;True;0.9925077362004914
2116;-0.7770897832817338;0.00014812554588688426;True;0.9935849773077869
2117;-0.7770897832817338;0.00014812554588688426;True;0.9946789154045984
2118;-0.7770897832817338;0.00014812554588688426;True;0.9958247624809572
2119;-0.7770897832817338;0.00014812554588688426;True;0.9969591784335875
2120;-0.7770897832817338;0.00014812554588688426;True;0.9980605648208237
2121;-0.7770897832817338;0.00014812554588688426;True;0.9991756731788131
2122;-0.78328173374613;0.00012076451611540729;True;1.0002854537935006
2123;-0.8101135190918473;4.594554343625324e-05;True;1.0013742804893964
2124;-0.8101135190918473;4.594554343625324e-05;True;1.002504845401685
2125;-0.8101135190918473;4.594554343625324e-05;True;1.0036858781893967
2126;-0.8224974200206397;2.792617066610629e-05;True;1.0048158280562864
2127;-0.8224974200206397;2.792617066610629e-05;True;1.0059082352601918
2128;-0.8224974200206397;2.792617066610629e-05;True;1.0070030049284078
2129;-0.8224974200206397;2.792617066610629e-05;True;1.0080629452044347
2130;-0.8224974200206397;2.792617066610629e-05;True;1.009071476151581
2131;-0.8224974200206397;2.792617066610629e-05;True;1.010057606676503
2132;-0.8224974200206397;2.792617066610629e-05;True;1.0109442063250318
2133;-0.8224974200206397;2.792617066610629e-05;True;1.0117404962879117
2134;-0.8224974200206397;2.792617066610629e-05;True;1.0125387292657908
2135;-0.8224974200206397;2.792617066610629e-05;True;1.013405819692044
2136;-0.8224974200206397;2.792617066610629e-05;True;1.0142819703607402
2137;-0.8204334365325078;3.042080527777152e-05;True;1.0151985791345266
2138;-0.8204334365325078;3.042080527777152e-05;True;1.0161970306158332
2139;-0.8204334365325078;3.042080527777152e-05;True;1.0172496757898235
2140;-0.8204334365325078;3.042080527777152e-05;True;1.0183433825017492
2141;-0.8204334365325078;3.042080527777152e-05;True;1.0194883486745805
2142;-0.8286893704850361;2.1461184426396115e-05;True;1.0206355638253894
2143;-0.8286893704850361;2.1461184426396115e-05;True;1.0217530169861377
2144;-0.8286893704850361;2.1461184426396115e-05;True;1.0227926404830294
2145;-0.8286893704850361;2.1461184426396115e-05;True;1.0237912087246122
2146;-0.8286893704850361;2.1461184426396115e-05;True;1.0247311707531883
2147;-0.8390092879256965;1.3512662470958443e-05;True;1.0256312139096895
2148;-0.8390092879256965;1.3512662470958443e-05;True;1.0264878640009516
2149;-0.8390092879256965;1.3512662470958443e-05;True;1.027312562584062
2150;-0.8390092879256965;1.3512662470958443e-05;True;1.0280711204783688
2151;-0.8472652218782251;9.114947353087219e-06;True;1.0287909301752332
2152;-0.8472652218782251;9.114947353087219e-06;True;1.029587418064305
2153;-0.8452012383900928;1.0078952744608453e-05;True;1.0304417065131926
2154;-0.8452012383900928;1.0078952744608453e-05;True;1.0312577422668203
2155;-0.8452012383900928;1.0078952744608453e-05;True;1.0320556770835396
2156;-0.8452012383900928;1.0078952744608453e-05;True;1.0328214717365383
2157;-0.8452012383900928;1.0078952744608453e-05;True;1.033517102264906
2158;-0.8452012383900928;1.0078952744608453e-05;True;1.034202324890069
2159;-0.8452012383900928;1.0078952744608453e-05;True;1.0349519700040901
2160;-0.8452012383900928;1.0078952744608453e-05;True;1.0356373289849437
2161;-0.8452012383900928;1.0078952744608453e-05;True;1.0362279300441481
2162;-0.8452012383900928;1.0078952744608453e-05;True;1.0368323337605625
2163;-0.8452012383900928;1.0078952744608453e-05;True;1.0374253988898756
2164;-0.8452012383900928;1.0078952744608453e-05;True;1.037907010758292
2165;-0.8452012383900928;1.0078952744608453e-05;True;1.0383524193499962
2166;-0.8452012383900928;1.0078952744608453e-05;True;1.0387639473651673
2167;-0.8452012383900928;1.0078952744608453e-05;True;1.0390839184656584
2168;-0.8452012383900928;1.0078952744608453e-05;True;1.0394047245521643
2169;-0.8452012383900928;1.0078952744608453e-05;True;1.039745331177787
2170;-0.8452012383900928;1.0078952744608453e-05;True;1.0400140808606957
2171;-0.8452012383900928;1.0078952744608453e-05;True;1.0402363082276818
2172;-0.8452012383900928;1.0078952744608453e-05;True;1.040447734080455
2173;-0.8452012383900928;1.0078952744608453e-05;True;1.0406569808027668
2174;-0.8452012383900928;1.0078952744608453e-05;True;1.0408887014880956
2175;-0.8452012383900928;1.0078952744608453e-05;True;1.041188457437955
2176;-0.8452012383900928;1.0078952744608453e-05;True;1.0415210801310435
2177;-0.8452012383900928;1.0078952744608453e-05;True;1.0418199993627892
2178;-0.8452012383900928;1.0078952744608453e-05;True;1.042101439764298
2179;-0.8452012383900928;1.0078952744608453e-05;True;1.0423968689490215
2180;-0.8452012383900928;1.0078952744608453e-05;True;1.042713849791907
2181;-0.8369453044375645;1.4859874205555088e-05;True;1.0430823941195484
2182;-0.8369453044375645;1.4859874205555088e-05;True;1.0433608180538547
2183;-0.8369453044375645;1.4859874205555088e-05;True;1.0435170875622268
2184;-0.8369453044375645;1.4859874205555088e-05;True;1.043645385737899
2185;-0.8369453044375645;1.4859874205555088e-05;True;1.043698906534409
2186;-0.8369453044375645;1.4859874205555088e-05;True;1.0436153905711456
2187;-0.8369453044375645;1.4859874205555088e-05;True;1.0434834121013976
2188;-0.8369453044375645;1.4859874205555088e-05;True;1.0432711232610719
2189;-0.8369453044375645;1.4859874205555088e-05;True;1.0429910812389804
2190;-0.8369453044375645;1.4859874205555088e-05;True;1.0427120358048394
2191;-0.8513931888544891;7.421687625621961e-06;True;1.0425186724238478
2192;-0.8513931888544891;7.421687625621961e-06;True;1.0423081584337806
2193;-0.8513931888544891;7.421687625621961e-06;True;1.0421559492693333
2194;-0.8513931888544891;7.421687625621961e-06;True;1.0421202365974631
2195;-0.8513931888544891;7.421687625621961e-06;True;1.0421705207026335
2196;-0.8513931888544891;7.421687625621961e-06;True;1.0422337074280552
2197;-0.8513931888544891;7.421687625621961e-06;True;1.0422255767714224
2198;-0.8513931888544891;7.421687625621961e-06;True;1.0420233537038697
2199;-0.8452012383900928;1.0078952744608453e-05;True;1.041727316180586
2200;-0.8452012383900928;1.0078952744608453e-05;True;1.0413927463686037
2201;-0.8452012383900928;1.0078952744608453e-05;True;1.0411578062515843
2202;-0.8452012383900928;1.0078952744608453e-05;True;1.0410466822057132
2203;-0.8452012383900928;1.0078952744608453e-05;True;1.0409368642548757
2204;-0.8452012383900928;1.0078952744608453e-05;True;1.0407756340245402
2205;-0.8452012383900928;1.0078952744608453e-05;True;1.0405766816855724
2206;-0.8452012383900928;1.0078952744608453e-05;True;1.0402664430302309
2207;-0.8452012383900928;1.0078952744608453e-05;True;1.0398265955456543
2208;-0.8452012383900928;1.0078952744608453e-05;True;1.03932425708896
2209;-0.8452012383900928;1.0078952744608453e-05;True;1.038883857043033
2210;-0.8493292053663571;8.23105971317053e-06;True;1.0384612512379443
2211;-0.8493292053663571;8.23105971317053e-06;True;1.038133741791701
2212;-0.8493292053663571;8.23105971317053e-06;True;1.037890177945804
2213;-0.8493292053663571;8.23105971317053e-06;True;1.037583773992119
2214;-0.8493292053663571;8.23105971317053e-06;True;1.0372706080909075
2215;-0.8493292053663571;8.23105971317053e-06;True;1.0369877101648732
2216;-0.8493292053663571;8.23105971317053e-06;True;1.036662685478713
2217;-0.8534571723426212;6.681541734969326e-06;True;1.036346363665942
2218;-0.8534571723426212;6.681541734969326e-06;True;1.0360439441560574
2219;-0.8534571723426212;6.681541734969326e-06;True;1.0357504317826218
2220;-0.8534571723426212;6.681541734969326e-06;True;1.035427603916626
2221;-0.8534571723426212;6.681541734969326e-06;True;1.0351041538539687
2222;-0.8534571723426212;6.681541734969326e-06;True;1.0348460714344612
2223;-0.8534571723426212;6.681541734969326e-06;True;1.0346601174064092
2224;-0.8534571723426212;6.681541734969326e-06;True;1.0346473785653918
2225;-0.8534571723426212;6.681541734969326e-06;True;1.0348218397917472
2226;-0.8534571723426212;6.681541734969326e-06;True;1.0350407595117377
2227;-0.8534571723426212;6.681541734969326e-06;True;1.035298195758314
2228;-0.8534571723426212;6.681541734969326e-06;True;1.0355725048049653
2229;-0.8555211558307534;6.005632918162659e-06;True;1.0358372641260916
2230;-0.8555211558307534;6.005632918162659e-06;True;1.0361151807364264
2231;-0.8555211558307534;6.005632918162659e-06;True;1.0363712023139968
2232;-0.8555211558307534;6.005632918162659e-06;True;1.0366125334699454
2233;-0.8555211558307534;6.005632918162659e-06;True;1.03689318737984
2234;-0.8555211558307534;6.005632918162659e-06;True;1.0373538624065972
2235;-0.8555211558307534;6.005632918162659e-06;True;1.0380293335875284
2236;-0.8555211558307534;6.005632918162659e-06;True;1.0388803047831274
2237;-0.8534571723426212;6.681541734969326e-06;True;1.0399045557851176
2238;-0.8534571723426212;6.681541734969326e-06;True;1.0411034014665577
2239;-0.8534571723426212;6.681541734969326e-06;True;1.042395097996663
2240;-0.8534571723426212;6.681541734969326e-06;True;1.0437617300528925
2241;-0.8513931888544891;7.421687625621961e-06;True;1.0451889734936866
2242;-0.8513931888544891;7.421687625621961e-06;True;1.0466472243702059
2243;-0.8513931888544891;7.421687625621961e-06;True;1.048219024929203
2244;-0.8513931888544891;7.421687625621961e-06;True;1.0499540088096093
2245;-0.8513931888544891;7.421687625621961e-06;True;1.0518387615356324
2246;-0.8472652218782251;9.114947353087219e-06;True;1.0537929092584202
2247;-0.8472652218782251;9.114947353087219e-06;True;1.0558512556549537
2248;-0.8472652218782251;9.114947353087219e-06;True;1.0579333993554296
2249;-0.8431372549019607;1.1129003812786902e-05;True;1.0599333036083352
2250;-0.8431372549019607;1.1129003812786902e-05;True;1.0618883148035407
2251;-0.8410732714138286;1.2271367358194716e-05;True;1.0638348323614881
2252;-0.8410732714138286;1.2271367358194716e-05;True;1.06578460690081
2253;-0.8410732714138286;1.2271367358194716e-05;True;1.0677655400304191
2254;-0.8410732714138286;1.2271367358194716e-05;True;1.069709775679519
2255;-0.8410732714138286;1.2271367358194716e-05;True;1.0715604615933367
2256;-0.8410732714138286;1.2271367358194716e-05;True;1.0732162333504276
2257;-0.8410732714138286;1.2271367358194716e-05;True;1.0747094586332906
2258;-0.8410732714138286;1.2271367358194716e-05;True;1.076016447769184
2259;-0.8410732714138286;1.2271367358194716e-05;True;1.0771508408813915
2260;-0.8431372549019607;1.1129003812786902e-05;True;1.0782042296862466
2261;-0.8245614035087718;2.5608231598810926e-05;True;1.0792200451898326
2262;-0.8328173374613003;1.790190142315921e-05;True;1.0802107804273253
2263;-0.8224974200206397;2.792617066610629e-05;True;1.0811743771344013
2264;-0.8224974200206397;2.792617066610629e-05;True;1.0820551705445323
2265;-0.8224974200206397;2.792617066610629e-05;True;1.0828307955919516
2266;-0.8080495356037152;4.974862279747088e-05;True;1.0835062538215963
2267;-0.8080495356037152;4.974862279747088e-05;True;1.0841514823422103
2268;-0.8080495356037152;4.974862279747088e-05;True;1.0848132109310151
2269;-0.8080495356037152;4.974862279747088e-05;True;1.0854806589130042
2270;-0.8080495356037152;4.974862279747088e-05;True;1.0861043347853492
2271;-0.8183694530443757;3.3103070471624655e-05;True;1.086615270598916
2272;-0.8183694530443757;3.3103070471624655e-05;True;1.0869760208063906
2273;-0.8183694530443757;3.3103070471624655e-05;True;1.0871429119744314
2274;-0.8183694530443757;3.3103070471624655e-05;True;1.0871270726050266
2275;-0.8286893704850361;2.1461184426396115e-05;True;1.0870147494956197
2276;-0.8286893704850361;2.1461184426396115e-05;True;1.0867877061996243
2277;-0.8286893704850361;2.1461184426396115e-05;True;1.086505845360414
2278;-0.8286893704850361;2.1461184426396115e-05;True;1.0862201886740952
2279;-0.8286893704850361;2.1461184426396115e-05;True;1.0858900919881052
2280;-0.8286893704850361;2.1461184426396115e-05;True;1.0854433464017275
2281;-0.8286893704850361;2.1461184426396115e-05;True;1.0850226822647235
2282;-0.826625386996904;2.3456553098215347e-05;True;1.0846803501313762
2283;-0.826625386996904;2.3456553098215347e-05;True;1.0842631928349657
2284;-0.8224974200206397;2.792617066610629e-05;True;1.0838330292051717
2285;-0.8224974200206397;2.792617066610629e-05;True;1.0834033243947538
2286;-0.8224974200206397;2.792617066610629e-05;True;1.0828329958376364
2287;-0.8224974200206397;2.792617066610629e-05;True;1.082207738720884
2288;-0.8224974200206397;2.792617066610629e-05;True;1.0816101560961133
2289;-0.8224974200206397;2.792617066610629e-05;True;1.0808976722325332
2290;-0.8224974200206397;2.792617066610629e-05;True;1.0800938448435555
2291;-0.8224974200206397;2.792617066610629e-05;True;1.079342350099243
2292;-0.8224974200206397;2.792617066610629e-05;True;1.078682051758286
2293;-0.8224974200206397;2.792617066610629e-05;True;1.0780321941364777
2294;-0.8224974200206397;2.792617066610629e-05;True;1.0773577931679663
2295;-0.8224974200206397;2.792617066610629e-05;True;1.0767226449348843
2296;-0.8224974200206397;2.792617066610629e-05;True;1.0761450523834475
2297;-0.8224974200206397;2.792617066610629e-05;True;1.0756235165400392
2298;-0.8224974200206397;2.792617066610629e-05;True;1.075233992877003
2299;-0.8224974200206397;2.792617066610629e-05;True;1.0748904438283982
2300;-0.8224974200206397;2.792617066610629e-05;True;1.0744851976740202
2301;-0.8224974200206397;2.792617066610629e-05;True;1.073991778537598
2302;-0.8224974200206397;2.792617066610629e-05;True;1.0734677025371393
2303;-0.8224974200206397;2.792617066610629e-05;True;1.0728229854584317
2304;-0.8224974200206397;2.792617066610629e-05;True;1.071977037540751
2305;-0.8224974200206397;2.792617066610629e-05;True;1.0709804678175285
2306;-0.8224974200206397;2.792617066610629e-05;True;1.0699383911201945
2307;-0.826625386996904;2.3456553098215347e-05;True;1.0688487776935744
2308;-0.8452012383900928;1.0078952744608453e-05;True;1.0677502207204561
2309;-0.8452012383900928;1.0078952744608453e-05;True;1.0666408341085152
2310;-0.8369453044375645;1.4859874205555088e-05;True;1.0653731981538719
2311;-0.8369453044375645;1.4859874205555088e-05;True;1.0639288908923705
2312;-0.8369453044375645;1.4859874205555088e-05;True;1.0624178848206045
2313;-0.8369453044375645;1.4859874205555088e-05;True;1.0608482358129787
2314;-0.8390092879256965;1.3512662470958443e-05;True;1.0591276530746556
2315;-0.8410732714138286;1.2271367358194716e-05;True;1.057273103903395
2316;-0.8410732714138286;1.2271367358194716e-05;True;1.0554429086544541
2317;-0.8410732714138286;1.2271367358194716e-05;True;1.053551536463326
2318;-0.8410732714138286;1.2271367358194716e-05;True;1.0515985254911093
2319;-0.8410732714138286;1.2271367358194716e-05;True;1.0497488523884224
2320;-0.8410732714138286;1.2271367358194716e-05;True;1.0478861136236761
2321;-0.8410732714138286;1.2271367358194716e-05;True;1.0460690868219138
2322;-0.8410732714138286;1.2271367358194716e-05;True;1.0444821505323285
2323;-0.8410732714138286;1.2271367358194716e-05;True;1.043030634128015
2324;-0.8328173374613003;1.790190142315921e-05;True;1.0415326904573603
2325;-0.8328173374613003;1.790190142315921e-05;True;1.0399390422856973
2326;-0.8328173374613003;1.790190142315921e-05;True;1.0382259004996115
2327;-0.8328173374613003;1.790190142315921e-05;True;1.0364161972764037
2328;-0.8328173374613003;1.790190142315921e-05;True;1.0346294770799942
2329;-0.8328173374613003;1.790190142315921e-05;True;1.032898026499491
2330;-0.8328173374613003;1.790190142315921e-05;True;1.0311315196850277
2331;-0.8224974200206397;2.792617066610629e-05;True;1.0294102935386165
2332;-0.8224974200206397;2.792617066610629e-05;True;1.0277516510421285
2333;-0.8224974200206397;2.792617066610629e-05;True;1.026144277399648
2334;-0.8224974200206397;2.792617066610629e-05;True;1.0246008304841276
2335;-0.8224974200206397;2.792617066610629e-05;True;1.0229993225299465
2336;-0.8224974200206397;2.792617066610629e-05;True;1.0213233448525512
2337;-0.8224974200206397;2.792617066610629e-05;True;1.0197912822793878
2338;-0.8101135190918473;4.594554343625324e-05;True;1.018404484157262
2339;-0.8245614035087718;2.5608231598810926e-05;True;1.01698699918255
2340;-0.8245614035087718;2.5608231598810926e-05;True;1.0155703195496535
2341;-0.8245614035087718;2.5608231598810926e-05;True;1.0141128447918697
2342;-0.8245614035087718;2.5608231598810926e-05;True;1.0125573812875874
2343;-0.8245614035087718;2.5608231598810926e-05;True;1.0111701790354306
2344;-0.8245614035087718;2.5608231598810926e-05;True;1.0099641783076219
2345;-0.8245614035087718;2.5608231598810926e-05;True;1.0088162962328153
2346;-0.8245614035087718;2.5608231598810926e-05;True;1.0077720576707851
2347;-0.8245614035087718;2.5608231598810926e-05;True;1.0068927273442478
2348;-0.8245614035087718;2.5608231598810926e-05;True;1.0059752778222966
2349;-0.8245614035087718;2.5608231598810926e-05;True;1.004818447817744
2350;-0.8245614035087718;2.5608231598810926e-05;True;1.0033950283629984
2351;-0.8245614035087718;2.5608231598810926e-05;True;1.0016638368338389
2352;-0.8245614035087718;2.5608231598810926e-05;True;0.9997570254417465
2353;-0.8245614035087718;2.5608231598810926e-05;True;0.9979437244791985
2354;-0.8245614035087718;2.5608231598810926e-05;True;0.9962366557450023
2355;-0.8245614035087718;2.5608231598810926e-05;True;0.9946754048899005
2356;-0.8121775025799793;4.239283893458813e-05;True;0.9932027345542559
2357;-0.8121775025799793;4.239283893458813e-05;True;0.9917545134914619
2358;-0.8121775025799793;4.239283893458813e-05;True;0.9903374266963016
2359;-0.8121775025799793;4.239283893458813e-05;True;0.9888649161029619
2360;-0.8121775025799793;4.239283893458813e-05;True;0.9873625612886827
2361;-0.8121775025799793;4.239283893458813e-05;True;0.986015560911639
2362;-0.8121775025799793;4.239283893458813e-05;True;0.9847618434757509
2363;-0.8121775025799793;4.239283893458813e-05;True;0.9835319335900604
2364;-0.8121775025799793;4.239283893458813e-05;True;0.9824619401402039
2365;-0.8121775025799793;4.239283893458813e-05;True;0.9815138898458057
2366;-0.8121775025799793;4.239283893458813e-05;True;0.9805071937430165
2367;-0.8121775025799793;4.239283893458813e-05;True;0.9795077458643041
2368;-0.7853457172342622;0.00011265431029256776;True;0.9785568379048604
2369;-0.7791537667698658;0.00013847602522646006;True;0.9774933721070136
2370;-0.7543859649122806;0.00029766146155802033;True;0.9764206781186909
2371;-0.7543859649122806;0.00029766146155802033;True;0.9754534472587083
2372;-0.7543859649122806;0.00029766146155802033;True;0.9743736106838634
2373;-0.7564499484004128;0.0002802193872136038;True;0.973210802225296
2374;-0.7523219814241485;0.0003160085731232911;True;0.9721473026273031
2375;-0.7523219814241485;0.0003160085731232911;True;0.9711639774922438
2376;-0.7523219814241485;0.0003160085731232911;True;0.9702295550190377
2377;-0.7523219814241485;0.0003160085731232911;True;0.9693722009175471
2378;-0.7523219814241485;0.0003160085731232911;True;0.9685307133619744
2379;-0.7543859649122806;0.00029766146155802033;True;0.9676218720119182
2380;-0.7543859649122806;0.00029766146155802033;True;0.9668533488045924
2381;-0.7543859649122806;0.00029766146155802033;True;0.9662471144689679
2382;-0.7543859649122806;0.00029766146155802033;True;0.965630995362575
2383;-0.7543859649122806;0.00029766146155802033;True;0.9649051541075206
2384;-0.7543859649122806;0.00029766146155802033;True;0.9640539791105305
2385;-0.7543859649122806;0.00029766146155802033;True;0.9631233624327118
2386;-0.7316821465428276;0.0005580324697729894;True;0.9622635037026369
2387;-0.7316821465428276;0.0005580324697729894;True;0.9615668117769478
2388;-0.7316821465428276;0.0005580324697729894;True;0.9609953258781246
2389;-0.7316821465428276;0.0005580324697729894;True;0.9604943789970126
2390;-0.7358101135190918;0.0005000834138759303;True;0.9600398022746296
2391;-0.7358101135190918;0.0005000834138759303;True;0.959564965058664
2392;-0.7358101135190918;0.0005000834138759303;True;0.9590616687541401
2393;-0.7358101135190918;0.0005000834138759303;True;0.9584017513103391
2394;-0.7358101135190918;0.0005000834138759303;True;0.9576878808661793
2395;-0.7358101135190918;0.0005000834138759303;True;0.9571384946490734
2396;-0.7358101135190918;0.0005000834138759303;True;0.9567984229136458
2397;-0.7358101135190918;0.0005000834138759303;True;0.9566691194237616
2398;-0.7358101135190918;0.0005000834138759303;True;0.9566779473142014
2399;-0.7131062951496387;0.0008932304748108607;True;0.9566770976160083
2400;-0.7110423116615068;0.0009391049276515936;True;0.9565306875120688
2401;-0.7110423116615068;0.0009391049276515936;True;0.956301625397678
2402;-0.717234262125903;0.000807070648534508;True;0.9560321471280764
2403;-0.717234262125903;0.000807070648534508;True;0.9555941126929987
2404;-0.717234262125903;0.000807070648534508;True;0.9551457092914869
2405;-0.717234262125903;0.000807070648534508;True;0.9547785210143315
2406;-0.717234262125903;0.000807070648534508;True;0.954430146060734
2407;-0.717234262125903;0.000807070648534508;True;0.9541721710339927
2408;-0.717234262125903;0.000807070648534508;True;0.9539645634658788
2409;-0.717234262125903;0.000807070648534508;True;0.9537790381234593
2410;-0.717234262125903;0.000807070648534508;True;0.9535253652495604
2411;-0.7192982456140351;0.0007666636665897192;True;0.9531543585933933
2412;-0.7192982456140351;0.0007666636665897192;True;0.9528330164584139
2413;-0.7192982456140351;0.0007666636665897192;True;0.9525491704825183
2414;-0.7192982456140351;0.0007666636665897192;True;0.9523169784368876
2415;-0.7192982456140351;0.0007666636665897192;True;0.9523230886514817
2416;-0.7192982456140351;0.0007666636665897192;True;0.9524293718242073
2417;-0.7275541795665634;0.0006215020932519377;True;0.9524747431338874
2418;-0.7275541795665634;0.0006215020932519377;True;0.9525415443472629
2419;-0.7275541795665634;0.0006215020932519377;True;0.9525592634967326
2420;-0.7089783281733747;0.0009869258677951257;True;0.9524162415632097
2421;-0.7089783281733747;0.0009869258677951257;True;0.9523436742694725
2422;-0.6986584107327141;0.001257533915333636;True;0.9523709235973982
2423;-0.6986584107327141;0.001257533915333636;True;0.9522604441121972
2424;-0.6945304437564499;0.0013817713318639618;True;0.9521245830045912
2425;-0.6945304437564499;0.0013817713318639618;True;0.9519648551372727
2426;-0.696594427244582;0.0013184382796678938;True;0.9516258017329703
2427;-0.696594427244582;0.0013184382796678938;True;0.9512868144854981
2428;-0.696594427244582;0.0013184382796678938;True;0.9510826168225187
2429;-0.696594427244582;0.0013184382796678938;True;0.9508731922784989
2430;-0.696594427244582;0.0013184382796678938;True;0.9507845020818878
2431;-0.7192982456140351;0.0007666636665897192;True;0.9509291319082135
2432;-0.7316821465428276;0.0005580324697729894;True;0.9510968811414263
2433;-0.7192982456140351;0.0007666636665897192;True;0.9512082916938737
2434;-0.7192982456140351;0.0007666636665897192;True;0.9511412527935783
2435;-0.7192982456140351;0.0007666636665897192;True;0.9506433846850926
2436;-0.696594427244582;0.0013184382796678938;True;0.9500000749088879
2437;-0.6738906088751291;0.002165957859951128;True;0.9495553348684701
2438;-0.6738906088751291;0.002165957859951128;True;0.9494684480512662
2439;-0.696594427244582;0.0013184382796678938;True;0.9499072374719312
2440;-0.696594427244582;0.0013184382796678938;True;0.9506070235900531
2441;-0.696594427244582;0.0013184382796678938;True;0.9511421898778587
2442;-0.7027863777089782;0.0011427190651563906;True;0.9515218718049367
2443;-0.7027863777089782;0.0011427190651563906;True;0.9516467062813762
2444;-0.696594427244582;0.0013184382796678938;True;0.9516742352912952
2445;-0.6821465428276574;0.0018170810177521768;True;0.951897067881031
2446;-0.6738906088751291;0.002165957859951128;True;0.9522078451586208
2447;-0.653250773993808;0.0032856411027831498;True;0.9525425376123954
2448;-0.653250773993808;0.0032856411027831498;True;0.9528880600456255
2449;-0.653250773993808;0.0032856411027831498;True;0.9532365360491627
2450;-0.653250773993808;0.0032856411027831498;True;0.9535855639953298
