seed;fold;banda_nm;vip
42;1;405;1.390271375941988
42;1;415;1.3178981934901932
42;1;425;1.27595467288479
42;1;435;1.2308036441821018
42;1;445;1.1901090525040372
42;1;455;1.1463609313268792
42;1;465;1.1109269101875119
42;1;475;1.0797077137258977
42;1;485;1.048578436754874
42;1;495;1.0042943957946033
42;1;505;0.9279476187874826
42;1;515;0.8126271822378498
42;1;525;0.7860427391249497
42;1;535;0.8226729493169
42;1;545;0.8761687731542781
42;1;555;0.9141367582975062
42;1;565;0.9026989026916344
42;1;575;0.8572110737818448
42;1;585;0.8330264475109529
42;1;595;0.8225661076991099
42;1;605;0.8113738191681044
42;1;615;0.808120200108764
42;1;625;0.8135388066787138
42;1;635;0.8152198298437197
42;1;645;0.8427299284366834
42;1;655;0.8871430048176859
42;1;665;0.9416869449989789
42;1;675;0.9924993345254962
42;1;685;1.0196061994432166
42;1;693;0.8498053936944155
42;1;700;0.8008107328117
42;1;709;1.2180810450925872
42;1;719;1.1427179140317398
42;1;729;0.621765407642709
42;1;739;0.7789947414604863
42;1;749;0.9344908542178134
42;1;759;0.9235414306163341
42;1;769;0.8879156206569553
42;1;779;0.861547718743536
42;1;789;0.8501651484756666
42;1;799;0.8454049476501441
42;1;809;0.8418990897642302
42;1;819;0.8362435037789908
42;1;829;0.8265648666520261
42;1;839;0.8160378253017158
42;1;849;0.8089790142308318
42;1;859;0.8061702989170468
42;1;869;0.8063064540431665
42;1;879;0.8073809487467887
42;1;889;0.8083179797116219
42;1;899;0.8096128574681299
42;1;909;0.8104291834105393
42;1;919;0.8115915570898268
42;1;929;0.811824621275526
42;1;939;0.8137457492269188
42;1;949;0.8142900324887055
42;1;959;0.8161986848854548
42;1;969;0.8170901282198519
42;1;979;0.8182072027217155
42;1;989;0.8222942077122687
42;1;999;0.8277254767862258
42;1;1009;0.8274918419994225
42;1;1019;0.8308385133423646
42;1;1029;0.8298575958895514
42;1;1039;0.8257737885198894
42;1;1049;0.8269607804971277
42;1;1059;0.8257693283080169
42;1;1069;0.8266408255260684
42;1;1079;0.8279959576004925
42;1;1089;0.8280531748190443
42;1;1099;0.8247014224871961
42;1;1109;0.8175304503589451
42;1;1119;0.8111678068778054
42;1;1129;0.8045325256667538
42;1;1139;0.7992285769090126
42;1;1149;0.7970399238175291
42;1;1159;0.8013123653551716
42;1;1169;0.8025073717957159
42;1;1179;0.8014769758117911
42;1;1189;0.8009468987413045
42;1;1199;0.8012259309815897
42;1;1209;0.799532724704364
42;1;1219;0.7964404558455371
42;1;1229;0.7935507900673724
42;1;1239;0.7916060188411973
42;1;1249;0.7911006811724216
42;1;1259;0.7923747302016738
42;1;1269;0.7931508450312094
42;1;1279;0.7948244717838632
42;1;1289;0.7954574860566318
42;1;1299;0.7920999833011186
42;1;1309;0.7861977434957764
42;1;1319;0.7798717182007072
42;1;1329;0.7788798741476508
42;1;1339;0.8102077788178008
42;1;1349;0.9456888443777878
42;1;1359;1.2006079158203127
42;1;1369;1.5808659349926366
42;1;1376;1.7934574497903983
42;1;1381;1.5199299021113013
42;1;1389;0.9305383899213657
42;1;1399;0.7866683367807233
42;1;1409;0.7814864285659843
42;1;1419;0.7886254751283218
42;1;1429;0.8110194985034562
42;1;1439;0.8516930478852605
42;1;1449;0.8940956106675018
42;1;1459;0.9229575163100081
42;1;1469;0.9396952868061332
42;1;1479;0.9483977274118345
42;1;1489;0.9483622626367888
42;1;1499;0.9395750899023935
42;1;1509;0.9209413824633697
42;1;1519;0.8895521195300049
42;1;1529;0.8504483792931489
42;1;1539;0.8071093464264694
42;1;1549;0.7760458332352289
42;1;1559;0.7721210437088761
42;1;1569;0.8065971836967958
42;1;1579;0.8634240895091099
42;1;1589;0.9422935079113495
42;1;1599;1.0138783235358835
42;1;1609;1.0695444442601367
42;1;1619;1.1280126372582087
42;1;1629;1.171508449345492
42;1;1639;1.2082538886114687
42;1;1649;1.247593904160185
42;1;1659;1.279529502585872
42;1;1669;1.3535648163682077
42;1;1679;1.4478017642832473
42;1;1689;1.6017439950109247
42;1;1699;1.7491766443308012
42;1;1709;1.8201578200495427
42;1;1719;1.8235015311188068
42;1;1729;1.7437358824654383
42;1;1739;1.624062550387195
42;1;1749;1.4917093570652364
42;1;1759;1.3562715057495838
42;1;1769;1.233183331887946
42;1;1779;1.171253970081186
42;1;1789;1.1575149210839397
42;1;1799;1.1467437056843408
42;1;1809;1.1463647962685926
42;1;1819;1.1648153256057545
42;1;1829;1.1216491070827053
42;1;1839;0.9074184591636709
42;1;1849;0.8344541098517477
42;1;1859;0.7780094864935065
42;1;1869;0.775221599182034
42;1;1879;0.8477189397876156
42;1;1889;0.9859497336609971
42;1;1899;1.1757637370050165
42;1;1909;1.3312559873125411
42;1;1919;1.422650957955323
42;1;1929;1.4698410252582361
42;1;1939;1.4781694084937707
42;1;1949;1.4620076690268036
42;1;1959;1.42860898170376
42;1;1969;1.394310241515189
42;1;1979;1.360247981943488
42;1;1989;1.3299952051489847
42;1;1999;1.2983489953263125
42;1;2009;1.265963468687389
42;1;2019;1.2298004160824603
42;1;2029;1.1868563564723034
42;1;2039;1.1383836218601693
42;1;2049;1.0830903454401188
42;1;2059;1.0222188826606493
42;1;2069;0.9538810365920073
42;1;2079;0.8926494409331118
42;1;2089;0.8457762717284025
42;1;2099;0.8165809047950463
42;1;2109;0.803769252634097
42;1;2119;0.8033217934478586
42;1;2129;0.8097216856987911
42;1;2139;0.8175969687342615
42;1;2149;0.8217479081134988
42;1;2159;0.824918675484485
42;1;2169;0.8252413963926198
42;1;2179;0.824829717990595
42;1;2189;0.8270508851992617
42;1;2199;0.8277644727347209
42;1;2209;0.8276198616276166
42;1;2219;0.8271212197328386
42;1;2229;0.8279568239651174
42;1;2239;0.8394059060225387
42;1;2249;0.86443250841705
42;1;2259;0.8965205080607103
42;1;2269;0.9170858180960003
42;1;2279;0.9218414274183557
42;1;2289;0.9054409908412429
42;1;2299;0.8845836960636936
42;1;2309;0.8680497477050669
42;1;2319;0.8407954890489676
42;1;2329;0.8191651882125757
42;1;2339;0.8087509217182117
42;1;2349;0.8084184103110499
42;1;2359;0.8171676033204275
42;1;2369;0.8301015523568565
42;1;2379;0.848031094676343
42;1;2389;0.8675591600741825
42;1;2399;0.8841053778334136
42;1;2409;0.8983200383264424
42;1;2419;0.9159709139619301
42;1;2429;0.9297491668672584
42;1;2439;0.9559332633703196
42;1;2447;0.9778471793716766
42;2;405;1.4440265230005875
42;2;415;1.364169527968539
42;2;425;1.3166297543103578
42;2;435;1.2712392484812987
42;2;445;1.224761661394787
42;2;455;1.1752004083696141
42;2;465;1.13569348429154
42;2;475;1.1000839842963204
42;2;485;1.0636302146959662
42;2;495;1.0131964725503644
42;2;505;0.9288821763860544
42;2;515;0.8007598670903622
42;2;525;0.7813572423443358
42;2;535;0.8516488216642855
42;2;545;0.9303410836165835
42;2;555;0.9855740185460728
42;2;565;0.959807308855077
42;2;575;0.8826933173488212
42;2;585;0.84141545831719
42;2;595;0.8233492804265955
42;2;605;0.8058255737756352
42;2;615;0.7934175784701872
42;2;625;0.7951681718802852
42;2;635;0.7961769456788563
42;2;645;0.8184882861837346
42;2;655;0.8565683950273717
42;2;665;0.9040052530833464
42;2;675;0.944460412947165
42;2;685;0.9553020281745638
42;2;693;0.7955775872577805
42;2;700;1.0200898167874028
42;2;709;1.4573436146553873
42;2;719;1.3758559986286978
42;2;729;0.7949198182379934
42;2;739;0.7091444632682125
42;2;749;0.8919131694564202
42;2;759;0.8999531367198582
42;2;769;0.8713845065891606
42;2;779;0.8468877734363898
42;2;789;0.8348061192277846
42;2;799;0.8286936740662824
42;2;809;0.823661356643278
42;2;819;0.8173448468898602
42;2;829;0.807907628983517
42;2;839;0.7981476380246739
42;2;849;0.7921659168601888
42;2;859;0.7904912991338161
42;2;869;0.7915499341841188
42;2;879;0.7932933805235977
42;2;889;0.7948705148981323
42;2;899;0.7967499014898025
42;2;909;0.798263121280167
42;2;919;0.7999858965903234
42;2;929;0.801034124905515
42;2;939;0.803599701615195
42;2;949;0.8045694253688103
42;2;959;0.8073670443335167
42;2;969;0.809901983418692
42;2;979;0.8121420127210899
42;2;989;0.8183694900076367
42;2;999;0.8256387346460066
42;2;1009;0.8248288492973606
42;2;1019;0.8280974840785225
42;2;1029;0.8294573311906028
42;2;1039;0.8274204887172077
42;2;1049;0.8280173257096721
42;2;1059;0.830450819797596
42;2;1069;0.8366764656923895
42;2;1079;0.8400561366732276
42;2;1089;0.847477733043664
42;2;1099;0.8465259089976197
42;2;1109;0.8353042071415034
42;2;1119;0.8183212236097495
42;2;1129;0.8049988477753766
42;2;1139;0.7913543974261066
42;2;1149;0.7835652192123332
42;2;1159;0.7863403784859043
42;2;1169;0.7875005155008021
42;2;1179;0.7865708658149878
42;2;1189;0.7861557890922809
42;2;1199;0.7866940179313832
42;2;1209;0.785149084978435
42;2;1219;0.7825436111350146
42;2;1229;0.7807171102816944
42;2;1239;0.7787178962522425
42;2;1249;0.7784234281926165
42;2;1259;0.7790006825420143
42;2;1269;0.7792538552864524
42;2;1279;0.7802290018832782
42;2;1289;0.7803995377951284
42;2;1299;0.7768460492090373
42;2;1309;0.7716353673252817
42;2;1319;0.7657586886256542
42;2;1329;0.7631235540742424
42;2;1339;0.8059056209977098
42;2;1349;0.9919587750227143
42;2;1359;1.3298340289184944
42;2;1369;1.8071327954325216
42;2;1376;2.064199269367501
42;2;1381;1.8163675940456334
42;2;1389;1.1510919762846799
42;2;1399;0.8768787430103743
42;2;1409;0.820896311488414
42;2;1419;0.7945689207763122
42;2;1429;0.7850149114082421
42;2;1439;0.8030944687651723
42;2;1449;0.833485499697095
42;2;1459;0.858217746942282
42;2;1469;0.8745188902143163
42;2;1479;0.8844842799841616
42;2;1489;0.8874233867651821
42;2;1499;0.8829807482718919
42;2;1509;0.8699215907241032
42;2;1519;0.8453149261071935
42;2;1529;0.8149191055345218
42;2;1539;0.7817372332430395
42;2;1549;0.7615768628168337
42;2;1559;0.7702479026887835
42;2;1569;0.8143563678595532
42;2;1579;0.884541898289266
42;2;1589;0.974258929354204
42;2;1599;1.0591132190842885
42;2;1609;1.127833179735198
42;2;1619;1.1853696687437678
42;2;1629;1.2318652316466197
42;2;1639;1.2614154234814086
42;2;1649;1.2997957523977308
42;2;1659;1.3187636289259645
42;2;1669;1.3645705259340162
42;2;1679;1.4116821780045077
42;2;1689;1.5142799824856739
42;2;1699;1.619888131539653
42;2;1709;1.669335488662811
42;2;1719;1.6669224325359018
42;2;1729;1.601101650333437
42;2;1739;1.4992025894817276
42;2;1749;1.4082603138774148
42;2;1759;1.3100223622661755
42;2;1769;1.2058086073277403
42;2;1779;1.1650504636847268
42;2;1789;1.1510138203072697
42;2;1799;1.16204044111489
42;2;1809;1.1618623730350686
42;2;1819;1.1883024161641271
42;2;1829;1.1622612731790387
42;2;1839;0.9841727994665259
42;2;1849;0.9003912625064403
42;2;1859;0.8164993313301442
42;2;1869;0.7703409666891067
42;2;1879;0.7991811609775796
42;2;1889;0.9163956042298758
42;2;1899;1.1333136624012756
42;2;1909;1.3464818788733632
42;2;1919;1.4697202287246205
42;2;1929;1.519078151060695
42;2;1939;1.5096594633992118
42;2;1949;1.469697722302547
42;2;1959;1.4172168274194787
42;2;1969;1.3655245552665747
42;2;1979;1.319950716021955
42;2;1989;1.2800731568514592
42;2;1999;1.2428355001792204
42;2;2009;1.2094117936466735
42;2;2019;1.173972909834785
42;2;2029;1.1369026263950244
42;2;2039;1.098501909481845
42;2;2049;1.055848406816275
42;2;2059;1.005017837741186
42;2;2069;0.9444634031875395
42;2;2079;0.8876407566164313
42;2;2089;0.8416543084147579
42;2;2099;0.8117550030166909
42;2;2109;0.7943698404345495
42;2;2119;0.7877277728195139
42;2;2129;0.7881744031371298
42;2;2139;0.7904867145993633
42;2;2149;0.791120588894154
42;2;2159;0.7912922054913039
42;2;2169;0.7911538160742916
42;2;2179;0.7919069454048384
42;2;2189;0.7950781112481676
42;2;2199;0.7989922026285198
42;2;2209;0.8025182712640667
42;2;2219;0.805681270116656
42;2;2229;0.80868698565462
42;2;2239;0.8158350575197972
42;2;2249;0.8297772538563818
42;2;2259;0.8446865702293801
42;2;2269;0.8533493824904079
42;2;2279;0.853299936022463
42;2;2289;0.8417557406666285
42;2;2299;0.8307654039646509
42;2;2309;0.8224463481064604
42;2;2319;0.8074171271174999
42;2;2329;0.7967198616581339
42;2;2339;0.7931510857755505
42;2;2349;0.7960352842097222
42;2;2359;0.8050685876588506
42;2;2369;0.815224566376469
42;2;2379;0.8301989912609725
42;2;2389;0.8454610968301135
42;2;2399;0.8609605199133684
42;2;2409;0.8766957974631894
42;2;2419;0.8949201383887367
42;2;2429;0.9162679253127513
42;2;2439;0.9459149869771553
42;2;2447;0.9744973092877102
42;3;405;1.445474288302418
42;3;415;1.3673668017302776
42;3;425;1.3187294830012692
42;3;435;1.2755298611420454
42;3;445;1.2309083848245281
42;3;455;1.183434968672954
42;3;465;1.147412394545602
42;3;475;1.1160559460445245
42;3;485;1.081622424459563
42;3;495;1.0303009629646522
42;3;505;0.9347187901985052
42;3;515;0.804811679688482
42;3;525;0.8316019349139602
42;3;535;0.9149799959081153
42;3;545;0.9921955985465297
42;3;555;1.0380611940160105
42;3;565;1.0014401725262236
42;3;575;0.9160331749302344
42;3;585;0.8658321507522639
42;3;595;0.8419664939080641
42;3;605;0.8196845660858554
42;3;615;0.8064557070812808
42;3;625;0.8096651130615621
42;3;635;0.8119819885946402
42;3;645;0.8484171776679
42;3;655;0.9045414930047609
42;3;665;0.9716845166716047
42;3;675;1.026832595732668
42;3;685;1.0410167042299436
42;3;693;0.8234822120411395
42;3;700;1.034987676333442
42;3;709;1.6414446848079496
42;3;719;1.5753253858749638
42;3;729;0.8809515284214842
42;3;739;0.7478478334346133
42;3;749;0.9310525358458402
42;3;759;0.9427422882449245
42;3;769;0.9143518215149822
42;3;779;0.8881265491976553
42;3;789;0.8768093186694832
42;3;799;0.8714807384905233
42;3;809;0.8667894111627488
42;3;819;0.8596014352393727
42;3;829;0.8457460444832796
42;3;839;0.8301354510799804
42;3;849;0.8172930929331732
42;3;859;0.8103129908871277
42;3;869;0.8074665241041264
42;3;879;0.8065141058095141
42;3;889;0.806517251354102
42;3;899;0.8068293764620619
42;3;909;0.8071570536798901
42;3;919;0.8077121259765027
42;3;929;0.8079433001838014
42;3;939;0.8090718602414237
42;3;949;0.8096510768854478
42;3;959;0.8109256090855186
42;3;969;0.8125021624399744
42;3;979;0.8141034822916228
42;3;989;0.8188253680750447
42;3;999;0.8238248978843842
42;3;1009;0.8275849366954043
42;3;1019;0.8281254611301897
42;3;1029;0.8264332785951098
42;3;1039;0.824633092764806
42;3;1049;0.8257510808380295
42;3;1059;0.8248195836858208
42;3;1069;0.8247436582206665
42;3;1079;0.8260254441471392
42;3;1089;0.8267660985365354
42;3;1099;0.8220263871734724
42;3;1109;0.8127418361211706
42;3;1119;0.8062933166923614
42;3;1129;0.8015364468517359
42;3;1139;0.7971785700940449
42;3;1149;0.7972540592497386
42;3;1159;0.8013198243783195
42;3;1169;0.800862906550946
42;3;1179;0.7982441416203881
42;3;1189;0.7963306313947229
42;3;1199;0.7955596350193984
42;3;1209;0.7936650235114575
42;3;1219;0.7908799014696615
42;3;1229;0.7882154057567938
42;3;1239;0.7862919090838469
42;3;1249;0.7860389735942956
42;3;1259;0.7871407691478911
42;3;1269;0.7879112063534308
42;3;1279;0.7891700366902552
42;3;1289;0.7903086150697551
42;3;1299;0.7882025936464564
42;3;1309;0.7842295352064425
42;3;1319;0.7786400372937653
42;3;1329;0.7785347615623722
42;3;1339;0.8152835478457555
42;3;1349;0.9687478023601638
42;3;1359;1.2671747564952838
42;3;1369;1.7246526557074515
42;3;1376;1.945179518162768
42;3;1381;1.6241839338172541
42;3;1389;1.018560566269476
42;3;1399;0.8331906346025717
42;3;1409;0.8074603954515038
42;3;1419;0.794330536286687
42;3;1429;0.797141265390867
42;3;1439;0.8289821258520091
42;3;1449;0.8712531914160582
42;3;1459;0.9039850768569674
42;3;1469;0.9268034772450651
42;3;1479;0.9438883132207291
42;3;1489;0.9542157772843863
42;3;1499;0.9552524640829384
42;3;1509;0.9454262140793621
42;3;1519;0.9209577737459413
42;3;1529;0.8862926688961502
42;3;1539;0.8404891084996022
42;3;1549;0.7974271669736671
42;3;1559;0.7694351687029529
42;3;1569;0.7712862317198409
42;3;1579;0.7999653060321399
42;3;1589;0.855586315756323
42;3;1599;0.9182444691810677
42;3;1609;0.9736141260401191
42;3;1619;1.030920997834354
42;3;1629;1.0819536721867782
42;3;1639;1.1307510623756678
42;3;1649;1.1819062371025155
42;3;1659;1.2336460668738358
42;3;1669;1.300488656635624
42;3;1679;1.394355735001452
42;3;1689;1.526748978839544
42;3;1699;1.6679034363036132
42;3;1709;1.7409728207218418
42;3;1719;1.7398563396248214
42;3;1729;1.6531716024145362
42;3;1739;1.5274724607982662
42;3;1749;1.4094142773257707
42;3;1759;1.3021976172399348
42;3;1769;1.1988034518940178
42;3;1779;1.1578822823351165
42;3;1789;1.1509514045124678
42;3;1799;1.1591485646770772
42;3;1809;1.1625714243948249
42;3;1819;1.1961645380218062
42;3;1829;1.1644814969557924
42;3;1839;0.9584040098779967
42;3;1849;0.8801802367908115
42;3;1859;0.8074735966348991
42;3;1869;0.7760270661370483
42;3;1879;0.8079702651023344
42;3;1889;0.8988709231971478
42;3;1899;1.0484161982597018
42;3;1909;1.196014678709305
42;3;1919;1.3020229612330287
42;3;1929;1.366909138001213
42;3;1939;1.3892483898080021
42;3;1949;1.3827680606566126
42;3;1959;1.359265778841867
42;3;1969;1.3316626408062224
42;3;1979;1.3067654037411698
42;3;1989;1.282301353488826
42;3;1999;1.25658405427525
42;3;2009;1.2320003959188992
42;3;2019;1.2019415322981226
42;3;2029;1.16924483144182
42;3;2039;1.1287883867721693
42;3;2049;1.085011471260788
42;3;2059;1.0305527414327722
42;3;2069;0.9665859471135765
42;3;2079;0.9069608115076397
42;3;2089;0.857809666694937
42;3;2099;0.8256900072735319
42;3;2109;0.8075987498844371
42;3;2119;0.800350100438567
42;3;2129;0.8007931753872353
42;3;2139;0.8032400652242704
42;3;2149;0.8038164684887892
42;3;2159;0.8037049040594918
42;3;2169;0.8031399474218917
42;3;2179;0.8029826291039226
42;3;2189;0.8058159719694646
42;3;2199;0.8092370412308807
42;3;2209;0.8118032722124126
42;3;2219;0.8140767555478166
42;3;2229;0.816518534043752
42;3;2239;0.8253568927961267
42;3;2249;0.8419969537880483
42;3;2259;0.8643689588063661
42;3;2269;0.8745042080679337
42;3;2279;0.8753008246420306
42;3;2289;0.861983808362476
42;3;2299;0.8486114765499017
42;3;2309;0.838648992321356
42;3;2319;0.8222507401182445
42;3;2329;0.8092629488127634
42;3;2339;0.8048754855298829
42;3;2349;0.8077211180832238
42;3;2359;0.8169934127401655
42;3;2369;0.8274874126020878
42;3;2379;0.8435796572369565
42;3;2389;0.8572263103517636
42;3;2399;0.870610668019449
42;3;2409;0.8790179781436915
42;3;2419;0.8940819852716454
42;3;2429;0.9081896717945416
42;3;2439;0.9268793080317249
42;3;2447;0.9491180841242863
42;4;405;1.4957339963152305
42;4;415;1.407292281632133
42;4;425;1.3514626087133474
42;4;435;1.2973979250232273
42;4;445;1.2440754473579705
42;4;455;1.1911220536941298
42;4;465;1.148110379563788
42;4;475;1.1107305709126187
42;4;485;1.0710821860632258
42;4;495;1.0158567125104287
42;4;505;0.9189902612786988
42;4;515;0.7891300393304396
42;4;525;0.839562930099527
42;4;535;0.9493706302738375
42;4;545;1.0469455011415163
42;4;555;1.1043930180143953
42;4;565;1.061505109008692
42;4;575;0.9520518962905375
42;4;585;0.885377032444365
42;4;595;0.8543749067120474
42;4;605;0.8225265584678312
42;4;615;0.7970557650750181
42;4;625;0.7946348428875302
42;4;635;0.7952316364306744
42;4;645;0.8185767746247531
42;4;655;0.8640710046509988
42;4;665;0.9204154464528629
42;4;675;0.9657929933821667
42;4;685;0.9749188555310707
42;4;693;0.7902752222488553
42;4;700;1.1613271293447636
42;4;709;1.6931638053518931
42;4;719;1.6402440758765322
42;4;729;0.9897989707091817
42;4;739;0.7032601646652686
42;4;749;0.8815243603729572
42;4;759;0.891642001898247
42;4;769;0.8646090037403397
42;4;779;0.8424968075733001
42;4;789;0.8330223884227634
42;4;799;0.8293933768421068
42;4;809;0.8271103490303536
42;4;819;0.8219251167656629
42;4;829;0.8129125445026071
42;4;839;0.8023669254877432
42;4;849;0.795132072351444
42;4;859;0.7922762029894864
42;4;869;0.7920687637315726
42;4;879;0.7925853263391976
42;4;889;0.7932186991655384
42;4;899;0.7938858225961174
42;4;909;0.7944042391088738
42;4;919;0.7949078191784322
42;4;929;0.7947966587209953
42;4;939;0.7953065598748935
42;4;949;0.7947049600228207
42;4;959;0.7947340417715453
42;4;969;0.7957045082431528
42;4;979;0.7961936628418286
42;4;989;0.7993094033719704
42;4;999;0.8048127371876812
42;4;1009;0.8085634569020418
42;4;1019;0.8100036755256607
42;4;1029;0.8091369448903744
42;4;1039;0.8081633701370158
42;4;1049;0.807168792602747
42;4;1059;0.805748139258676
42;4;1069;0.8031469518973375
42;4;1079;0.8004783280680962
42;4;1089;0.8001390038451213
42;4;1099;0.7963161775199148
42;4;1109;0.7917968563973738
42;4;1119;0.791962184234438
42;4;1129;0.7902373272776488
42;4;1139;0.7865291322863296
42;4;1149;0.7841118140043981
42;4;1159;0.7856911026062209
42;4;1169;0.7841672105474442
42;4;1179;0.7816098670818663
42;4;1189;0.7791744433397401
42;4;1199;0.7773315803369866
42;4;1209;0.7759629858255651
42;4;1219;0.7744377940594541
42;4;1229;0.773257702516916
42;4;1239;0.7727102853159075
42;4;1249;0.7720744748921259
42;4;1259;0.7722639393198737
42;4;1269;0.7732840311199479
42;4;1279;0.7744118428554134
42;4;1289;0.7762562250947911
42;4;1299;0.7764519704647539
42;4;1309;0.7743298992378889
42;4;1319;0.7701994822685981
42;4;1329;0.7746724460552795
42;4;1339;0.8139055606306855
42;4;1349;0.954264964942187
42;4;1359;1.2304651428116131
42;4;1369;1.6792449892895056
42;4;1376;2.013379540963487
42;4;1381;1.8135216328999528
42;4;1389;1.1632990838775523
42;4;1399;0.8995839754463195
42;4;1409;0.8400228883700415
42;4;1419;0.8022155143392222
42;4;1429;0.7832703067350886
42;4;1439;0.8012790116200217
42;4;1449;0.8372355119522428
42;4;1459;0.8678626995638788
42;4;1469;0.8898454106975082
42;4;1479;0.9054584540542386
42;4;1489;0.9149886145267433
42;4;1499;0.9156490391181
42;4;1509;0.9074880874282062
42;4;1519;0.8869137545102752
42;4;1529;0.8558593064133087
42;4;1539;0.8150754538338589
42;4;1549;0.7760906353010419
42;4;1559;0.7471695526792085
42;4;1569;0.7427434087060641
42;4;1579;0.7606361386545987
42;4;1589;0.7994651513835601
42;4;1599;0.8461662351158191
42;4;1609;0.8870552701608516
42;4;1619;0.9265313505055668
42;4;1629;0.9684304111853768
42;4;1639;1.0103882424058241
42;4;1649;1.0588545236231817
42;4;1659;1.1137767031599972
42;4;1669;1.1821870401931993
42;4;1679;1.2600190760338177
42;4;1689;1.388444351678123
42;4;1699;1.5347369175949122
42;4;1709;1.6156235196137407
42;4;1719;1.6428723381622554
42;4;1729;1.59038134530432
42;4;1739;1.496112177517169
42;4;1749;1.409033671477342
42;4;1759;1.3256580628276626
42;4;1769;1.2281211306386943
42;4;1779;1.192941076683983
42;4;1789;1.1965434401433193
42;4;1799;1.206249691844234
42;4;1809;1.2186330923144524
42;4;1819;1.258298755811044
42;4;1829;1.2652085203140715
42;4;1839;1.1532298148621305
42;4;1849;1.0365308503952142
42;4;1859;0.8996353901347764
42;4;1869;0.7959748118761729
42;4;1879;0.7790550581396612
42;4;1889;0.8794940818077917
42;4;1899;1.1118838117697416
42;4;1909;1.3543462060437002
42;4;1919;1.5000642037182983
42;4;1929;1.5599198799463692
42;4;1939;1.556192730990276
42;4;1949;1.5151150808266123
42;4;1959;1.4583158114734156
42;4;1969;1.4009025119569087
42;4;1979;1.3507929729934662
42;4;1989;1.3060557882211423
42;4;1999;1.2641581630331975
42;4;2009;1.2268728435179979
42;4;2019;1.1863737967747494
42;4;2029;1.1456838939140384
42;4;2039;1.1026992851450115
42;4;2049;1.0568775141572442
42;4;2059;1.0023475499279544
42;4;2069;0.9381958066839474
42;4;2079;0.8793814789833196
42;4;2089;0.832602339623613
42;4;2099;0.8041910363373556
42;4;2109;0.7906681295525216
42;4;2119;0.7885162018395125
42;4;2129;0.7933717792792278
42;4;2139;0.7994095380009233
42;4;2149;0.8016969130785507
42;4;2159;0.8018101987753653
42;4;2169;0.8013789547662254
42;4;2179;0.8026943406728673
42;4;2189;0.8099471978540524
42;4;2199;0.8167716924189801
42;4;2209;0.8223386741547098
42;4;2219;0.8285445430555678
42;4;2229;0.8343893982797904
42;4;2239;0.8463040987178058
42;4;2249;0.8669341296588388
42;4;2259;0.8872670785459426
42;4;2269;0.8934794880052006
42;4;2279;0.888044243463778
42;4;2289;0.8714729752821059
42;4;2299;0.8587018789116603
42;4;2309;0.8452804537648105
42;4;2319;0.8213183395642984
42;4;2329;0.8049997856354753
42;4;2339;0.7959203882963521
42;4;2349;0.7935622046787022
42;4;2359;0.7988015970178423
42;4;2369;0.8086667000043889
42;4;2379;0.8235543068542012
42;4;2389;0.838876343285825
42;4;2399;0.8561945706614571
42;4;2409;0.87658889120457
42;4;2419;0.8978529487178517
42;4;2429;0.9253340324728322
42;4;2439;0.9583964701487192
42;4;2447;0.997778079268976
43;1;405;1.5575326357162758
43;1;415;1.4542608534703176
43;1;425;1.3847911104875976
43;1;435;1.3219269191138168
43;1;445;1.2626763321145786
43;1;455;1.1974363490710305
43;1;465;1.147720535092039
43;1;475;1.1029452171531557
43;1;485;1.0558971777186106
43;1;495;0.9908348464739958
43;1;505;0.8773845686334157
43;1;515;0.744885342666862
43;1;525;0.8646977254861284
43;1;535;0.9993223048890986
43;1;545;1.1021490669001384
43;1;555;1.1590162268259743
43;1;565;1.1047410229360244
43;1;575;0.97698850983893
43;1;585;0.895583237138424
43;1;595;0.8538197411109906
43;1;605;0.8098634750400806
43;1;615;0.7659238989697328
43;1;625;0.755660634601356
43;1;635;0.7542437599705466
43;1;645;0.7676130267301724
43;1;655;0.8137358721343606
43;1;665;0.8768546874385499
43;1;675;0.9312190322509187
43;1;685;0.9452330930044007
43;1;693;0.7448506015846708
43;1;700;1.2505229672344813
43;1;709;1.899784494637026
43;1;719;1.8516399169631212
43;1;729;1.1098734389371006
43;1;739;0.6606314237989168
43;1;749;0.855455743145206
43;1;759;0.8690642618342969
43;1;769;0.836601016479163
43;1;779;0.8086014255934373
43;1;789;0.7962226231569958
43;1;799;0.7905739975433644
43;1;809;0.7858118724786677
43;1;819;0.7792345241456006
43;1;829;0.767800769307793
43;1;839;0.7565402329646107
43;1;849;0.7505608532419196
43;1;859;0.7503152142980246
43;1;869;0.7531563139590676
43;1;879;0.7563570591220363
43;1;889;0.7586046402955015
43;1;899;0.7609973918005684
43;1;909;0.7627033246444127
43;1;919;0.7646183771104066
43;1;929;0.7653822505652031
43;1;939;0.7681960628664577
43;1;949;0.7685435478160476
43;1;959;0.7702362345119598
43;1;969;0.7727175455968257
43;1;979;0.7754495275608182
43;1;989;0.7833464004682889
43;1;999;0.7935939613435534
43;1;1009;0.7986359484700263
43;1;1019;0.8023404472365344
43;1;1029;0.8008926483068853
43;1;1039;0.798298530255836
43;1;1049;0.7998303146603811
43;1;1059;0.7984070633879528
43;1;1069;0.798655191384634
43;1;1079;0.7967613357194109
43;1;1089;0.7976734651589171
43;1;1099;0.7919059570474267
43;1;1109;0.7821155315340755
43;1;1119;0.7756979493474037
43;1;1129;0.7684280153164812
43;1;1139;0.7568371536324873
43;1;1149;0.7456856495072867
43;1;1159;0.7435783541013102
43;1;1169;0.741995272225292
43;1;1179;0.7396855785974442
43;1;1189;0.7375409967213501
43;1;1199;0.7350410082138207
43;1;1209;0.7335809312303676
43;1;1219;0.7326316095386436
43;1;1229;0.7321957510104504
43;1;1239;0.7324213971312166
43;1;1249;0.7315434233022972
43;1;1259;0.7310949572697848
43;1;1269;0.731755516815954
43;1;1279;0.7321151250445014
43;1;1289;0.7338669312839496
43;1;1299;0.7359292448144494
43;1;1309;0.7362070799396018
43;1;1319;0.7315579226856751
43;1;1329;0.7304256474690208
43;1;1339;0.7660540211653487
43;1;1349;0.930679998388259
43;1;1359;1.2584690587990301
43;1;1369;1.766552023896128
43;1;1376;2.088646737028832
43;1;1381;1.8898165051969569
43;1;1389;1.241689370581768
43;1;1399;0.9357643417642115
43;1;1409;0.8554247024148712
43;1;1419;0.7949296255112567
43;1;1429;0.749470059971789
43;1;1439;0.751389635010099
43;1;1449;0.7840232085506088
43;1;1459;0.8160159936829284
43;1;1469;0.8403843183671549
43;1;1479;0.8592360116395238
43;1;1489;0.8714241499264164
43;1;1499;0.8750552497479904
43;1;1509;0.8672681977105112
43;1;1519;0.8450881689915779
43;1;1529;0.8127653941126429
43;1;1539;0.7707492321561543
43;1;1549;0.7340094575557532
43;1;1559;0.7141574716281649
43;1;1569;0.7242342280135432
43;1;1579;0.7544410304697297
43;1;1589;0.8055046951895256
43;1;1599;0.8609144490630674
43;1;1609;0.9002769438916349
43;1;1619;0.9400225072533596
43;1;1629;0.9774981378301982
43;1;1639;1.008750640988794
43;1;1649;1.0510297086506506
43;1;1659;1.0962304673786067
43;1;1669;1.1679717762887603
43;1;1679;1.2512609450937424
43;1;1689;1.3962020840860472
43;1;1699;1.5588957987155558
43;1;1709;1.6572673977662662
43;1;1719;1.68760164172167
43;1;1729;1.6338527430518974
43;1;1739;1.5454902471460645
43;1;1749;1.457825819955569
43;1;1759;1.3721276129226518
43;1;1769;1.274471220121912
43;1;1779;1.241343524234873
43;1;1789;1.2468094891205708
43;1;1799;1.2585148740412175
43;1;1809;1.2662852176029504
43;1;1819;1.309525704126767
43;1;1829;1.3028903178467022
43;1;1839;1.176979110478393
43;1;1849;1.0571698198093245
43;1;1859;0.9093949549276097
43;1;1869;0.7796741024474093
43;1;1879;0.7330360344469988
43;1;1889;0.822737557541977
43;1;1899;1.0816447072288788
43;1;1909;1.362361136067825
43;1;1919;1.530018453784787
43;1;1929;1.5990483450923525
43;1;1939;1.5953249915826282
43;1;1949;1.5511125449716487
43;1;1959;1.4871629099721873
43;1;1969;1.4241771033724773
43;1;1979;1.368474294503786
43;1;1989;1.3198549319034445
43;1;1999;1.2730042948275513
43;1;2009;1.231663915752704
43;1;2019;1.187288072366133
43;1;2029;1.1419000859147497
43;1;2039;1.0918669998635369
43;1;2049;1.0381388377459246
43;1;2059;0.9741105846744371
43;1;2069;0.8997244916722709
43;1;2079;0.8323962817908387
43;1;2089;0.7825724963332155
43;1;2099;0.7554672988709809
43;1;2109;0.7465490664753207
43;1;2119;0.7515188217050748
43;1;2129;0.7624965642710334
43;1;2139;0.7730386226763256
43;1;2149;0.7768954944959251
43;1;2159;0.7780456253644733
43;1;2169;0.7775149078252861
43;1;2179;0.7795530115115983
43;1;2189;0.7898280625603997
43;1;2199;0.7999456900800187
43;1;2209;0.8093907756395474
43;1;2219;0.8179015994142693
43;1;2229;0.8259962621998539
43;1;2239;0.8435610539663655
43;1;2249;0.8722938302654203
43;1;2259;0.9012864605055692
43;1;2269;0.9129374246430155
43;1;2279;0.9060457406428214
43;1;2289;0.884595746566449
43;1;2299;0.8662917025758662
43;1;2309;0.8473074062803405
43;1;2319;0.8123137474827065
43;1;2329;0.7832117523222624
43;1;2339;0.7639749640835394
43;1;2349;0.7539530607330044
43;1;2359;0.7535993454018454
43;1;2369;0.7596645191872259
43;1;2379;0.7724566091048034
43;1;2389;0.7872848316952499
43;1;2399;0.8049172525481477
43;1;2409;0.8237634076781201
43;1;2419;0.8460101453987785
43;1;2429;0.8740383326380715
43;1;2439;0.9134998422164177
43;1;2447;0.9512417084868471
43;2;405;1.4939070709470688
43;2;415;1.4046113952943402
43;2;425;1.3525799497253643
43;2;435;1.29861306335818
43;2;445;1.2469166090086847
43;2;455;1.194226741252317
43;2;465;1.1517564327043674
43;2;475;1.1140838239724733
43;2;485;1.075002262811719
43;2;495;1.020487760759252
43;2;505;0.9245946982223171
43;2;515;0.7940289849518969
43;2;525;0.8105108190748201
43;2;535;0.8849142628336834
43;2;545;0.9623051547408147
43;2;555;1.0129298756333904
43;2;565;0.9850813940364549
43;2;575;0.9067781279123402
43;2;585;0.8596124549926929
43;2;595;0.8374762212449358
43;2;605;0.8134389837100705
43;2;615;0.7949859585349127
43;2;625;0.7944097967105848
43;2;635;0.7951057278981057
43;2;645;0.8181336953759308
43;2;655;0.8626814025617252
43;2;665;0.9182094744052768
43;2;675;0.9642504344824302
43;2;685;0.9756580318012816
43;2;693;0.7971163864058015
43;2;700;1.0763160709364712
43;2;709;1.666517234179632
43;2;719;1.6089793021961052
43;2;729;0.9123006659805133
43;2;739;0.7281484890369544
43;2;749;0.8860944773512877
43;2;759;0.8933500341400405
43;2;769;0.8669361960007921
43;2;779;0.8450733965738643
43;2;789;0.8356426246785273
43;2;799;0.831940072656001
43;2;809;0.82943218365974
43;2;819;0.8241507121456455
43;2;829;0.81464732699803
43;2;839;0.8039706383087954
43;2;849;0.7959133666472521
43;2;859;0.7927046390855318
43;2;869;0.7921646197072906
43;2;879;0.7925444740085797
43;2;889;0.7930850273618784
43;2;899;0.7936886156093912
43;2;909;0.7941234177627513
43;2;919;0.7945090795236807
43;2;929;0.7943965883101227
43;2;939;0.7948054871760579
43;2;949;0.7942848821334771
43;2;959;0.7941511035295805
43;2;969;0.7949605819485241
43;2;979;0.795412906758599
43;2;989;0.7985416427583589
43;2;999;0.8038034905207795
43;2;1009;0.8055273828238758
43;2;1019;0.80841005677943
43;2;1029;0.8076778539732026
43;2;1039;0.8055037698496113
43;2;1049;0.8049764069059798
43;2;1059;0.8025695326810036
43;2;1069;0.8008639570375684
43;2;1079;0.7992383191957131
43;2;1089;0.7979379178874875
43;2;1099;0.7937695815875406
43;2;1109;0.7903639341955485
43;2;1119;0.7894713295338908
43;2;1129;0.7881642548602102
43;2;1139;0.7845155314552879
43;2;1149;0.7823829379368434
43;2;1159;0.7843022159497073
43;2;1169;0.7828994706719429
43;2;1179;0.7805925317657665
43;2;1189;0.778221040257031
43;2;1199;0.7764429337095465
43;2;1209;0.7749493054992952
43;2;1219;0.7731144916375676
43;2;1229;0.7716783357621579
43;2;1239;0.7707989468493652
43;2;1249;0.770120760382107
43;2;1259;0.7701875654965477
43;2;1269;0.7710357266424853
43;2;1279;0.7723333066262429
43;2;1289;0.7742184721492407
43;2;1299;0.7741315919156915
43;2;1309;0.7719718373447869
43;2;1319;0.7683344142384048
43;2;1329;0.7743463440168794
43;2;1339;0.8179902074992742
43;2;1349;0.9685590871287602
43;2;1359;1.2558016792764728
43;2;1369;1.721936173547983
43;2;1376;2.0450154573454915
43;2;1381;1.8069848144877283
43;2;1389;1.1504962913545196
43;2;1399;0.8918319549091597
43;2;1409;0.8340723770025853
43;2;1419;0.7992392924575826
43;2;1429;0.7843756057059493
43;2;1439;0.8046455759768752
43;2;1449;0.8407939855931974
43;2;1459;0.8703204652298976
43;2;1469;0.8911172349935602
43;2;1479;0.9053426049994816
43;2;1489;0.9136461225618445
43;2;1499;0.9127100649178315
43;2;1509;0.903767941626011
43;2;1519;0.8830648207801088
43;2;1529;0.8514796436478173
43;2;1539;0.8119378472706387
43;2;1549;0.7756692044210945
43;2;1559;0.750233410763645
43;2;1569;0.7499016949399149
43;2;1579;0.7707929470902708
43;2;1589;0.8129291547358849
43;2;1599;0.8613713941672843
43;2;1609;0.9022156210106548
43;2;1619;0.9446227616168092
43;2;1629;0.9903342121417263
43;2;1639;1.0335466345003
43;2;1649;1.08472173977937
43;2;1659;1.1370713107347619
43;2;1669;1.2143383495124085
43;2;1679;1.3066011329021407
43;2;1689;1.4514534145148312
43;2;1699;1.6049347098474025
43;2;1709;1.6850698799200878
43;2;1719;1.706181368582793
43;2;1729;1.633151306308619
43;2;1739;1.5181197525626893
43;2;1749;1.4104956480583368
43;2;1759;1.30937561558725
43;2;1769;1.2075534134493358
43;2;1779;1.1649116101652406
43;2;1789;1.1624250532178044
43;2;1799;1.1695887384809447
43;2;1809;1.1819924283215175
43;2;1819;1.213814491279914
43;2;1829;1.2255233631325715
43;2;1839;1.1171274744960666
43;2;1849;1.0084533743574262
43;2;1859;0.8824664254502907
43;2;1869;0.7906558655829827
43;2;1879;0.7842119163744216
43;2;1889;0.8941541394663768
43;2;1899;1.1304341839537608
43;2;1909;1.3676124955593334
43;2;1919;1.5078169072302927
43;2;1929;1.5644196246075786
43;2;1939;1.5575270980060496
43;2;1949;1.515820442767922
43;2;1959;1.4587834942586706
43;2;1969;1.4024726340673184
43;2;1979;1.3528858529381507
43;2;1989;1.3088412879289697
43;2;1999;1.267118622064412
43;2;2009;1.229566144162932
43;2;2019;1.1907968827100694
43;2;2029;1.1504275706159448
43;2;2039;1.1079941216757927
43;2;2049;1.0613318441272903
43;2;2059;1.007444834321441
43;2;2069;0.943088267661996
43;2;2079;0.884267660651026
43;2;2089;0.8374123910589241
43;2;2099;0.807058156932877
43;2;2109;0.7915939375311892
43;2;2119;0.7874886597246306
43;2;2129;0.7911127548304652
43;2;2139;0.7963851323367724
43;2;2149;0.799059253712748
43;2;2159;0.7997321882500662
43;2;2169;0.7994989970591572
43;2;2179;0.8011964405703181
43;2;2189;0.8069524694830563
43;2;2199;0.814007379129937
43;2;2209;0.8190484866017296
43;2;2219;0.8247099277166348
43;2;2229;0.829574050932561
43;2;2239;0.8411843085134346
43;2;2249;0.8623026133683166
43;2;2259;0.8834076412385692
43;2;2269;0.8922052024138692
43;2;2279;0.8883618151189927
43;2;2289;0.8706511829584258
43;2;2299;0.8580931509432513
43;2;2309;0.8440286557996264
43;2;2319;0.8188290062006179
43;2;2329;0.8017795474466655
43;2;2339;0.793570799929897
43;2;2349;0.7929574928348092
43;2;2359;0.7999037799196124
43;2;2369;0.8117837862769995
43;2;2379;0.8280874410893682
43;2;2389;0.844930624544993
43;2;2399;0.8632605337684711
43;2;2409;0.8829152079505536
43;2;2419;0.905802397847394
43;2;2429;0.9322665115565484
43;2;2439;0.9732625793906665
43;2;2447;1.008258898200493
43;3;405;1.294636658010546
43;3;415;1.2456672437339347
43;3;425;1.2164861123056678
43;3;435;1.1895955060018377
43;3;445;1.1616154809799324
43;3;455;1.1354792529194264
43;3;465;1.112987934268361
43;3;475;1.0937169770678454
43;3;485;1.0736770381410312
43;3;495;1.0459623605466604
43;3;505;0.9960860547844771
43;3;515;0.9044144762755741
43;3;525;0.806923790777227
43;3;535;0.7832652240698641
43;3;545;0.8099987339910388
43;3;555;0.839529342640367
43;3;565;0.8535930897564296
43;3;575;0.8562346590418227
43;3;585;0.863906538299151
43;3;595;0.8698789628390324
43;3;605;0.8756648990124596
43;3;615;0.890990842749225
43;3;625;0.9021959825234048
43;3;635;0.9054519298927876
43;3;645;0.9346671543813472
43;3;655;0.9689744860339544
43;3;665;1.0073817305920327
43;3;675;1.0412650464568742
43;3;685;1.0579514969734614
43;3;693;0.9299252773900116
43;3;700;0.7004962231110566
43;3;709;0.9247193018600085
43;3;719;0.8478364668337365
43;3;729;0.46808442114114424
43;3;739;0.8240654365818909
43;3;749;0.9807816374914526
43;3;759;0.9797674900437002
43;3;769;0.9566305739915452
43;3;779;0.9387077425087228
43;3;789;0.930907437987374
43;3;799;0.9276518366309586
43;3;809;0.9256809793239718
43;3;819;0.9215869969645614
43;3;829;0.9145912229903161
43;3;839;0.905026874778215
43;3;849;0.8972044231049818
43;3;859;0.8917458667265703
43;3;869;0.888743708695559
43;3;879;0.8868247401258331
43;3;889;0.8862152164919623
43;3;899;0.8855128917239038
43;3;909;0.8852438119403003
43;3;919;0.8845508666550116
43;3;929;0.8842570265571983
43;3;939;0.8830839499935592
43;3;949;0.8821024130347428
43;3;959;0.8810206917248906
43;3;969;0.8809791841440778
43;3;979;0.8808687811499559
43;3;989;0.8809968545167487
43;3;999;0.8821191114263316
43;3;1009;0.8828179047574329
43;3;1019;0.8817515552367883
43;3;1029;0.8821215263011672
43;3;1039;0.8807506805259577
43;3;1049;0.880308919110979
43;3;1059;0.8795263398077153
43;3;1069;0.8770304187328768
43;3;1079;0.8756103504680086
43;3;1089;0.8748009401981398
43;3;1099;0.8727546886603029
43;3;1109;0.8701092216422371
43;3;1119;0.8708991020679716
43;3;1129;0.8722186126991863
43;3;1139;0.8746483423197581
43;3;1149;0.8803199549603553
43;3;1159;0.8881569829355634
43;3;1169;0.8912802334700739
43;3;1179;0.8923484892933313
43;3;1189;0.8936934015643064
43;3;1199;0.8955013946786056
43;3;1209;0.8951913963566829
43;3;1219;0.892558243123103
43;3;1229;0.8904782572240519
43;3;1239;0.8892492212020808
43;3;1249;0.8891640377299096
43;3;1259;0.8912196216506391
43;3;1269;0.8923793825432528
43;3;1279;0.8942007191213428
43;3;1289;0.8948942154597701
43;3;1299;0.8885157642342051
43;3;1309;0.8763527852694435
43;3;1319;0.8650282218531936
43;3;1329;0.8653669733249372
43;3;1339;0.8949876056504791
43;3;1349;0.9911712702522089
43;3;1359;1.158792029359438
43;3;1369;1.414968481695084
43;3;1376;1.5675481179620667
43;3;1381;1.2928712703172383
43;3;1389;0.8515807388055198
43;3;1399;0.8349186769699554
43;3;1409;0.8564548458924409
43;3;1419;0.8777600860343868
43;3;1429;0.9077466589161317
43;3;1439;0.9431891747255019
43;3;1449;0.9743468639215308
43;3;1459;0.9950317958262537
43;3;1469;1.0058073389937654
43;3;1479;1.010183507245776
43;3;1489;1.0083252323292433
43;3;1499;1.0004700440222587
43;3;1509;0.9852659773255078
43;3;1519;0.9599333920847387
43;3;1529;0.9285484256170933
43;3;1539;0.8913241953844298
43;3;1549;0.8580058175757426
43;3;1559;0.8381050029834413
43;3;1569;0.8420868151911061
43;3;1579;0.8683955722499246
43;3;1589;0.9180457127782412
43;3;1599;0.9653665453623329
43;3;1609;1.0104990719973352
43;3;1619;1.0562037649272742
43;3;1629;1.0930276470328264
43;3;1639;1.1265274873780808
43;3;1649;1.16462860030468
43;3;1659;1.187557369809279
43;3;1669;1.2406224807611919
43;3;1679;1.3147202242969755
43;3;1689;1.4284165663250554
43;3;1699;1.5358980279114673
43;3;1709;1.5829495828731166
43;3;1719;1.5733241722484588
43;3;1729;1.5014403807803283
43;3;1739;1.398429342153228
43;3;1749;1.2942426138400365
43;3;1759;1.1942356486651702
43;3;1769;1.0993030317528643
43;3;1779;1.0594454887089293
43;3;1789;1.0469892532034044
43;3;1799;1.0453323902668032
43;3;1809;1.0395544237656607
43;3;1819;1.0546861499509679
43;3;1829;1.01746496880027
43;3;1839;0.8628232610935953
43;3;1849;0.8373984142063714
43;3;1859;0.840299999552891
43;3;1869;0.8796155924802501
43;3;1879;0.9550261498283137
43;3;1889;1.051285192698866
43;3;1899;1.166977308034635
43;3;1909;1.2591189072792335
43;3;1919;1.3160690398895138
43;3;1929;1.349800078401923
43;3;1939;1.3590481842269817
43;3;1949;1.3506900131136983
43;3;1959;1.3310653925674172
43;3;1969;1.3095960340943695
43;3;1979;1.2895457462191484
43;3;1989;1.2695672348191487
43;3;1999;1.2491252360560603
43;3;2009;1.2284558428164227
43;3;2019;1.2027163008020332
43;3;2029;1.1740254524720677
43;3;2039;1.1403955728080055
43;3;2049;1.102986540821833
43;3;2059;1.0607221288483035
43;3;2069;1.0134032934867223
43;3;2079;0.96932097684131
43;3;2089;0.9318950247604143
43;3;2099;0.9059932257092992
43;3;2109;0.8893391088653003
43;3;2119;0.88101658352599
43;3;2129;0.8783164200118857
43;3;2139;0.878182957559057
43;3;2149;0.8780503003560033
43;3;2159;0.8777903385829732
43;3;2169;0.8776776837724597
43;3;2179;0.8774966407506187
43;3;2189;0.8783617250235012
43;3;2199;0.8789809814926541
43;3;2209;0.8790174696529709
43;3;2219;0.8788560794120798
43;3;2229;0.8788431080792475
43;3;2239;0.8803354851944716
43;3;2249;0.8862857289918351
43;3;2259;0.8973787731780114
43;3;2269;0.9042963168098818
43;3;2279;0.9068819720610846
43;3;2289;0.901087260936872
43;3;2299;0.8930415840632436
43;3;2309;0.8890729842189805
43;3;2319;0.8838129288445378
43;3;2329;0.8813255321396289
43;3;2339;0.8846002919111382
43;3;2349;0.8929554247521452
43;3;2359;0.9053728909470138
43;3;2369;0.9169822492728643
43;3;2379;0.9323424247692502
43;3;2389;0.9453645754535371
43;3;2399;0.9572852010255474
43;3;2409;0.9645028700483002
43;3;2419;0.9756636895858641
43;3;2429;0.9814651870163559
43;3;2439;0.9885360896781294
43;3;2447;1.0054058907816916
43;4;405;1.40993457310954
43;4;415;1.3377382945628011
43;4;425;1.294828250309913
43;4;435;1.251935572482825
43;4;445;1.206833983646609
43;4;455;1.1576574641465924
43;4;465;1.118848349426974
43;4;475;1.0852331436697031
43;4;485;1.0497645204878476
43;4;495;0.995975160650438
43;4;505;0.9042544211064482
43;4;515;0.7747593498617777
43;4;525;0.7843234458959258
43;4;535;0.8593965843279796
43;4;545;0.9335222137651229
43;4;555;0.983232330125436
43;4;565;0.9578157448372123
43;4;575;0.8815440481448076
43;4;585;0.8364013628502158
43;4;595;0.8142088981264961
43;4;605;0.7925231386064523
43;4;615;0.7761373379253026
43;4;625;0.7773709007287738
43;4;635;0.778602283815604
43;4;645;0.806918872689877
43;4;655;0.856651092117452
43;4;665;0.9196460060576387
43;4;675;0.9748650047637508
43;4;685;0.993079495645463
43;4;693;0.7895846181187299
43;4;700;0.9486429692175983
43;4;709;1.4091093849764997
43;4;719;1.3223755105375414
43;4;729;0.7408242044281268
43;4;739;0.7288213000283867
43;4;749;0.905376463465522
43;4;759;0.906578283848672
43;4;769;0.8711973632264709
43;4;779;0.8412501828580349
43;4;789;0.8270283526937245
43;4;799;0.8198796731145176
43;4;809;0.8137423445871095
43;4;819;0.8059053358806201
43;4;829;0.793815305542586
43;4;839;0.7817150462188504
43;4;849;0.7745160846223463
43;4;859;0.7728093437334033
43;4;869;0.7746534541147648
43;4;879;0.7776596085042348
43;4;889;0.7800637889719011
43;4;899;0.783179104529995
43;4;909;0.785462234933028
43;4;919;0.7884246055739751
43;4;929;0.7902559575903301
43;4;939;0.7955751111067673
43;4;949;0.7991776264737221
43;4;959;0.8054310152197904
43;4;969;0.8090838337390096
43;4;979;0.8123856866531561
43;4;989;0.8216559218125487
43;4;999;0.830043696715569
43;4;1009;0.8284242697119043
43;4;1019;0.8336742431216276
43;4;1029;0.8323857103040444
43;4;1039;0.8300253827647026
43;4;1049;0.8324591827876249
43;4;1059;0.835373166659092
43;4;1069;0.8448890667103952
43;4;1079;0.8527473649425226
43;4;1089;0.8625334026176648
43;4;1099;0.8606418970689962
43;4;1109;0.8419129031166908
43;4;1119;0.8160116540708001
43;4;1129;0.7938853422291113
43;4;1139;0.7750030951940176
43;4;1149;0.7631064109068323
43;4;1159;0.7657273603404718
43;4;1169;0.7682172330044205
43;4;1179;0.7676995950104021
43;4;1189;0.767902960184464
43;4;1199;0.7694453638343015
43;4;1209;0.7678372652759747
43;4;1219;0.7642406295381853
43;4;1229;0.7612526925656433
43;4;1239;0.7581490498639673
43;4;1249;0.7577376426230353
43;4;1259;0.7582428388456682
43;4;1269;0.7574235460789885
43;4;1279;0.7572685619031381
43;4;1289;0.7563112969697335
43;4;1299;0.7519106624235214
43;4;1309;0.7487994378075584
43;4;1319;0.744474898149742
43;4;1329;0.7341385152710479
43;4;1339;0.7634355145431507
43;4;1349;0.9671004126924876
43;4;1359;1.3515815531199622
43;4;1369;1.8378485993549867
43;4;1376;1.994234411909854
43;4;1381;1.6751237783533288
43;4;1389;1.043057305127743
43;4;1399;0.8128928823962409
43;4;1409;0.7771043889823837
43;4;1419;0.7631528783649753
43;4;1429;0.7642002726687722
43;4;1439;0.7923408330651833
43;4;1449;0.8308710217557337
43;4;1459;0.8601343246088252
43;4;1469;0.8787988990953142
43;4;1479;0.8903244534133442
43;4;1489;0.8929912796559448
43;4;1499;0.8859664971888086
43;4;1509;0.868446795654926
43;4;1519;0.8370446955761895
43;4;1529;0.7997434032692667
43;4;1539;0.7608581437163778
43;4;1549;0.7429617153941357
43;4;1559;0.7667051303178234
43;4;1569;0.83535866241661
43;4;1579;0.931999019689253
43;4;1589;1.0444830829021814
43;4;1599;1.1469201545815413
43;4;1609;1.2294911813563925
43;4;1619;1.3018976361172103
43;4;1629;1.3536124525724316
43;4;1639;1.3917888162713472
43;4;1649;1.4309070037355076
43;4;1659;1.458624452962475
43;4;1669;1.5060259649773657
43;4;1679;1.5625548631123205
43;4;1689;1.6703054974279155
43;4;1699;1.7773341746618871
43;4;1709;1.821003189916709
43;4;1719;1.8039288184988203
43;4;1729;1.7241176192516094
43;4;1739;1.600486323703393
43;4;1749;1.4888479831593247
43;4;1759;1.3681989224247266
43;4;1769;1.2508586056431703
43;4;1779;1.1967387072709328
43;4;1789;1.1771184491361222
43;4;1799;1.176960919627564
43;4;1809;1.1767777517721651
43;4;1819;1.1994158549973089
43;4;1829;1.1501406531700673
43;4;1839;0.8965616983452775
43;4;1849;0.8242323002389859
43;4;1859;0.7617081360326527
43;4;1869;0.7435887149112543
43;4;1879;0.7946881782987889
43;4;1889;0.9089784076889916
43;4;1899;1.0762396192717703
43;4;1909;1.2226523040566988
43;4;1919;1.3185627191402192
43;4;1929;1.3759566340309795
43;4;1939;1.3937865728616334
43;4;1949;1.3846101663395312
43;4;1959;1.3601375078463263
43;4;1969;1.3306189465368292
43;4;1979;1.3017188000085425
43;4;1989;1.2751491589357937
43;4;1999;1.2478446707031845
43;4;2009;1.2201180024971483
43;4;2019;1.1876951841058156
43;4;2029;1.149987997325303
43;4;2039;1.107961547281934
43;4;2049;1.0607241273072474
43;4;2059;1.0030295349913445
43;4;2069;0.9354311241678492
43;4;2079;0.8727092121919492
43;4;2089;0.8224931061247976
43;4;2099;0.7907775906807538
43;4;2109;0.774204805099692
43;4;2119;0.7696888025883685
43;4;2129;0.7724329677122904
43;4;2139;0.7763493218545151
43;4;2149;0.7772287168279752
43;4;2159;0.7776323581847673
43;4;2169;0.7770494501806122
43;4;2179;0.7770062755411853
43;4;2189;0.7799109380011762
43;4;2199;0.7827340502327284
43;4;2209;0.7852830321960375
43;4;2219;0.786958918845375
43;4;2229;0.788795411329243
43;4;2239;0.7982015944537895
43;4;2249;0.8163011869260273
43;4;2259;0.8399176604803822
43;4;2269;0.8543395156611692
43;4;2279;0.8583906745283703
43;4;2289;0.8449078596418583
43;4;2299;0.8284773708671526
43;4;2309;0.8171362886791463
43;4;2319;0.7976473603183747
43;4;2329;0.7821350703016858
43;4;2339;0.7756713838032014
43;4;2349;0.7773013811000471
43;4;2359;0.7862165615752006
43;4;2369;0.7969644868692998
43;4;2379;0.8129644833702048
43;4;2389;0.8293951555005502
43;4;2399;0.842345276841018
43;4;2409;0.8545185952383105
43;4;2419;0.8688691387214911
43;4;2429;0.8849658738312695
43;4;2439;0.9052522422695057
43;4;2447;0.9272972937182934
44;1;405;1.272268040116162
44;1;415;1.2169271546868121
44;1;425;1.1829922948622162
44;1;435;1.150533663809844
44;1;445;1.1168292452813091
44;1;455;1.080581181157712
44;1;465;1.051478843406902
44;1;475;1.0265350286971089
44;1;485;1.0023624624473466
44;1;495;0.968737657778381
44;1;505;0.9152949473232782
44;1;515;0.8293346595806848
44;1;525;0.7632458523139027
44;1;535;0.7461226228494596
44;1;545;0.7646095084001173
44;1;555;0.7888499091392481
44;1;565;0.801196917548056
44;1;575;0.8033136490083274
44;1;585;0.8074413218171625
44;1;595;0.809916493373775
44;1;605;0.8114640176505717
44;1;615;0.8205478133325419
44;1;625;0.8280010127944567
44;1;635;0.8288367366010265
44;1;645;0.848861303762498
44;1;655;0.8808890921286746
44;1;665;0.9209478191672504
44;1;675;0.9611980298859473
44;1;685;0.987653822006013
44;1;693;0.8809815591359882
44;1;700;0.6926477843062433
44;1;709;0.915142286813618
44;1;719;0.8443862924462531
44;1;729;0.5205207385947425
44;1;739;0.8277344429048373
44;1;749;0.9334684407367614
44;1;759;0.9149472960529375
44;1;769;0.8833269726199633
44;1;779;0.8611128680296495
44;1;789;0.8515645964801094
44;1;799;0.8474074005911155
44;1;809;0.8440583995942221
44;1;819;0.8393913595160631
44;1;829;0.8312575738145801
44;1;839;0.8227444779751234
44;1;849;0.8171371113021244
44;1;859;0.8148173067575141
44;1;869;0.815044998920941
44;1;879;0.8161135280981181
44;1;889;0.8170530542360812
44;1;899;0.8182373586823551
44;1;909;0.8189420149301743
44;1;919;0.8199272259500735
44;1;929;0.8204899765623752
44;1;939;0.8225409422004732
44;1;949;0.8242061337356668
44;1;959;0.8265098379761101
44;1;969;0.8270677994560018
44;1;979;0.8275904493869376
44;1;989;0.830816758222664
44;1;999;0.8331838065758213
44;1;1009;0.8324261132989339
44;1;1019;0.8341507342945063
44;1;1029;0.831702095568549
44;1;1039;0.8294105717712766
44;1;1049;0.8300271086176949
44;1;1059;0.8305191435260421
44;1;1069;0.8348964634025733
44;1;1079;0.8384189845602629
44;1;1089;0.8407550822240348
44;1;1099;0.8380049992788154
44;1;1109;0.8282997681727937
44;1;1119;0.8161565303083023
44;1;1129;0.8081919641374792
44;1;1139;0.8048975115575806
44;1;1149;0.8089527252823574
44;1;1159;0.8202731918595071
44;1;1169;0.8266151684987257
44;1;1179;0.8298908953556959
44;1;1189;0.8329096675240504
44;1;1199;0.837395833428628
44;1;1209;0.8372817713736057
44;1;1219;0.8333866415758208
44;1;1229;0.8300847067917937
44;1;1239;0.8265995313137132
44;1;1249;0.8266793300384297
44;1;1259;0.8267278981825972
44;1;1269;0.825103246867862
44;1;1279;0.8245917016898175
44;1;1289;0.8212459298833942
44;1;1299;0.8113831870397433
44;1;1309;0.7988810353765126
44;1;1319;0.790481481155295
44;1;1329;0.79049935138918
44;1;1339;0.8301006517798656
44;1;1349;0.98530153859957
44;1;1359;1.2608871575025744
44;1;1369;1.6689047373149408
44;1;1376;1.816797631475223
44;1;1381;1.4178764944919509
44;1;1389;0.8710074276691697
44;1;1399;0.7849651131811746
44;1;1409;0.7940238025332068
44;1;1419;0.8098918000502744
44;1;1429;0.8371103258449046
44;1;1439;0.8736788718261626
44;1;1449;0.9074123175327364
44;1;1459;0.9286170849416856
44;1;1469;0.9393681889430554
44;1;1479;0.9429830072373189
44;1;1489;0.9373973011095126
44;1;1499;0.9252803479285459
44;1;1509;0.9056211294773355
44;1;1519;0.8750447123788873
44;1;1529;0.8409205133176754
44;1;1539;0.8055381624442428
44;1;1549;0.7856025019595974
44;1;1559;0.7963501249260904
44;1;1569;0.8480935194241103
44;1;1579;0.9273515225088066
44;1;1589;1.029888435435466
44;1;1599;1.1314352374621937
44;1;1609;1.2177846067642004
44;1;1619;1.3045175543717102
44;1;1629;1.3741836430287124
44;1;1639;1.4315240811011007
44;1;1649;1.483149406640347
44;1;1659;1.531126314110767
44;1;1669;1.604655266881974
44;1;1679;1.684021179998659
44;1;1689;1.803838049087168
44;1;1699;1.8920904030408188
44;1;1709;1.9295971542292878
44;1;1719;1.8952233939601448
44;1;1729;1.8026989689847435
44;1;1739;1.657046973487354
44;1;1749;1.492611915010582
44;1;1759;1.3381971058317486
44;1;1769;1.2026687076569944
44;1;1779;1.1368426527128905
44;1;1789;1.1115909745789745
44;1;1799;1.1006828347920046
44;1;1809;1.097933439091494
44;1;1819;1.1000854494435361
44;1;1829;1.0319005944183364
44;1;1839;0.8157010969242232
44;1;1849;0.7873903698326996
44;1;1859;0.7801601570560375
44;1;1869;0.8128097928118058
44;1;1879;0.8865021014743177
44;1;1889;0.9936124391120971
44;1;1899;1.127159164788116
44;1;1909;1.2322045582555137
44;1;1919;1.2974231553836073
44;1;1929;1.3350430853348774
44;1;1939;1.3446050824998095
44;1;1949;1.3349614471442788
44;1;1959;1.3126336653742348
44;1;1969;1.2877394278202123
44;1;1979;1.2634286727412
44;1;1989;1.2415214728417223
44;1;1999;1.218530510292775
44;1;2009;1.1954284593188833
44;1;2019;1.1687405591378695
44;1;2029;1.13681167242983
44;1;2039;1.100907045893718
44;1;2049;1.0598380035611783
44;1;2059;1.0146578297338626
44;1;2069;0.9632285242367541
44;1;2079;0.9151587426109076
44;1;2089;0.8736026029692865
44;1;2099;0.8439705964821228
44;1;2109;0.8244814061699234
44;1;2119;0.8141038559572192
44;1;2129;0.8108710055922117
44;1;2139;0.8111941623923533
44;1;2149;0.8119546203144684
44;1;2159;0.8132525926735628
44;1;2169;0.8140848520416454
44;1;2179;0.8139950459179449
44;1;2189;0.8144739097417241
44;1;2199;0.8149027889368468
44;1;2209;0.815296200117271
44;1;2219;0.8150718528813355
44;1;2229;0.8148960367993942
44;1;2239;0.8190524205367311
44;1;2249;0.8289908823287715
44;1;2259;0.8446947377197841
44;1;2269;0.854862578243034
44;1;2279;0.8569934719406038
44;1;2289;0.8484396680439789
44;1;2299;0.8376875253455609
44;1;2309;0.8294846935526669
44;1;2319;0.8189564803814695
44;1;2329;0.8140129422508658
44;1;2339;0.8167110352724792
44;1;2349;0.8252298819347561
44;1;2359;0.8393157245518774
44;1;2369;0.8537158529661085
44;1;2379;0.8718076886669587
44;1;2389;0.8895063836578753
44;1;2399;0.9036670051855543
44;1;2409;0.9163316659072476
44;1;2419;0.9309991531632188
44;1;2429;0.9441375604199025
44;1;2439;0.9625184205880616
44;1;2447;0.9825111312373085
44;2;405;1.4206930092581822
44;2;415;1.3456663581512844
44;2;425;1.303821362405298
44;2;435;1.2613965640069882
44;2;445;1.2212867013299817
44;2;455;1.1832225284459053
44;2;465;1.153126702850143
44;2;475;1.1269464419489186
44;2;485;1.099253803166131
44;2;495;1.0608270492081755
44;2;505;0.991504671959021
44;2;515;0.8804223613507678
44;2;525;0.8134127092244017
44;2;535;0.8276568058617514
44;2;545;0.8846092928137983
44;2;555;0.9335131300807372
44;2;565;0.9392145653918742
44;2;575;0.9063094849897374
44;2;585;0.8875610874098137
44;2;595;0.8795950627040052
44;2;605;0.8709228490825001
44;2;615;0.8709643779147127
44;2;625;0.8772721087468097
44;2;635;0.8799831528779941
44;2;645;0.9102864831821587
44;2;655;0.9516331917909027
44;2;665;1.0000125714141646
44;2;675;1.0429388415150098
44;2;685;1.0610713164057233
44;2;693;0.8913560290572896
44;2;700;0.8877776990493706
44;2;709;1.2691976451214528
44;2;719;1.1691520504020383
44;2;729;0.6055264485155524
44;2;739;0.8360690391275738
44;2;749;1.028681399274855
44;2;759;1.023516882545161
44;2;769;0.9892179939374843
44;2;779;0.9616351790328206
44;2;789;0.9491399598231761
44;2;799;0.9437409160949418
44;2;809;0.9395928211399232
44;2;819;0.9324955927447747
44;2;829;0.9203684675215749
44;2;839;0.9045944363399983
44;2;849;0.8914096078801675
44;2;859;0.8833577183443005
44;2;869;0.8787115218383913
44;2;879;0.8764782628883331
44;2;889;0.8756295555180097
44;2;899;0.8747465288077303
44;2;909;0.8743453008703503
44;2;919;0.8736292912628544
44;2;929;0.8733407346263178
44;2;939;0.8723774611179659
44;2;949;0.8714650670125313
44;2;959;0.870523320419425
44;2;969;0.870504725864381
44;2;979;0.870360783311183
44;2;989;0.8715662843158621
44;2;999;0.8743970381336253
44;2;1009;0.8765431393835241
44;2;1019;0.876444537880974
44;2;1029;0.8767684905133334
44;2;1039;0.8757050788247658
44;2;1049;0.8751570964360552
44;2;1059;0.8739346114308121
44;2;1069;0.870666862275348
44;2;1079;0.86846677515402
44;2;1089;0.8670986335982037
44;2;1099;0.8640215613575265
44;2;1109;0.8612982586582666
44;2;1119;0.8633047874533918
44;2;1129;0.8634909956290825
44;2;1139;0.8617206786999985
44;2;1149;0.8590925011090269
44;2;1159;0.8595854401075836
44;2;1169;0.8585417911644709
44;2;1179;0.856315764856023
44;2;1189;0.8541760032991917
44;2;1199;0.8520742347255776
44;2;1209;0.8503264713437166
44;2;1219;0.8483201398256666
44;2;1229;0.8471023537525165
44;2;1239;0.8462324484755084
44;2;1249;0.8454565707333465
44;2;1259;0.8451845601770701
44;2;1269;0.8458295207922873
44;2;1279;0.8463850094475726
44;2;1289;0.8476071042189852
44;2;1299;0.8472540074182963
44;2;1309;0.8439090673310138
44;2;1319;0.8365688409444535
44;2;1329;0.8307044046899803
44;2;1339;0.8385975523096786
44;2;1349;0.9028039977130164
44;2;1359;1.0698116623396683
44;2;1369;1.3786542440888911
44;2;1376;1.6821611692737723
44;2;1381;1.5064978585522528
44;2;1389;0.9643211555176388
44;2;1399;0.8551001615418158
44;2;1409;0.8505460635119771
44;2;1419;0.8524769020320401
44;2;1429;0.86636242028646
44;2;1439;0.8999878939372111
44;2;1449;0.9387653283197452
44;2;1459;0.9682692394864724
44;2;1469;0.9881012560103803
44;2;1479;1.0015616008663486
44;2;1489;1.010156721945687
44;2;1499;1.0099646996270806
44;2;1509;1.00175106911574
44;2;1519;0.9816860421377918
44;2;1529;0.9502905346238693
44;2;1539;0.9088092569347882
44;2;1549;0.865772768713159
44;2;1559;0.8267985704796954
44;2;1569;0.8075572247771173
44;2;1579;0.8037358871779866
44;2;1589;0.8154813922827038
44;2;1599;0.8225529934546253
44;2;1609;0.8138478024223659
44;2;1619;0.8135233190963121
44;2;1629;0.8094500071122205
44;2;1639;0.8037257817447616
44;2;1649;0.8182483215657755
44;2;1659;0.82870772416395
44;2;1669;0.9005766729277287
44;2;1679;1.0127365183072805
44;2;1689;1.196752006651889
44;2;1699;1.3982038793553577
44;2;1709;1.5080848064009607
44;2;1719;1.5421369127007458
44;2;1729;1.4730935568056838
44;2;1739;1.3759981549222706
44;2;1749;1.304442635133159
44;2;1759;1.2226597608505165
44;2;1769;1.132012172405346
44;2;1779;1.096316912494766
44;2;1789;1.0867084273438214
44;2;1799;1.0889416589965388
44;2;1809;1.0906627693154023
44;2;1819;1.1189259687011033
44;2;1829;1.1239258353385118
44;2;1839;0.9871849687042547
44;2;1849;0.9044711695260236
44;2;1859;0.8451235116967944
44;2;1869;0.8343475704899078
44;2;1879;0.8870676460101097
44;2;1889;0.9982649334142528
44;2;1899;1.17141476111197
44;2;1909;1.3341153519131188
44;2;1919;1.4378863822124526
44;2;1929;1.489796166074071
44;2;1939;1.497589093958827
44;2;1949;1.4761911621554586
44;2;1959;1.440741289739365
44;2;1969;1.4039501520127704
44;2;1979;1.3709436158160622
44;2;1989;1.3403727041848263
44;2;1999;1.3104757284611575
44;2;2009;1.2806900615177788
44;2;2019;1.2456042281203081
44;2;2029;1.2067226909491575
44;2;2039;1.162978549512653
44;2;2049;1.1146271158825245
44;2;2059;1.0590818783690314
44;2;2069;0.9993898131231154
44;2;2079;0.9460241767376982
44;2;2089;0.9039527370145839
44;2;2099;0.8790655501885392
44;2;2109;0.8682397396331925
44;2;2119;0.8678890473880552
44;2;2129;0.8737044258076528
44;2;2139;0.8795173954581851
44;2;2149;0.8814317371152873
44;2;2159;0.8812334354886467
44;2;2169;0.8799633438187017
44;2;2179;0.8786491318167066
44;2;2189;0.8815387791465717
44;2;2199;0.882819427251505
44;2;2209;0.8829802359589131
44;2;2219;0.882881871611351
44;2;2229;0.8846155060270287
44;2;2239;0.8930015418631856
44;2;2249;0.9136206272479613
44;2;2259;0.9414064466577023
44;2;2269;0.9575999330821957
44;2;2279;0.9644106237732647
44;2;2289;0.9491648497222058
44;2;2299;0.9334565568341026
44;2;2309;0.9216539344473167
44;2;2319;0.8997617179973717
44;2;2329;0.8824080461558573
44;2;2339;0.8731249325032593
44;2;2349;0.8717136341355151
44;2;2359;0.8773647033394901
44;2;2369;0.8873542415446359
44;2;2379;0.9016581521118479
44;2;2389;0.9152368532735887
44;2;2399;0.9286951950936808
44;2;2409;0.9394488564188165
44;2;2419;0.9516504672129464
44;2;2429;0.9652189690696802
44;2;2439;0.9843945530683437
44;2;2447;1.0031057136544224
44;3;405;1.573044737096059
44;3;415;1.4741637793342008
44;3;425;1.4052328195706139
44;3;435;1.3410903229614854
44;3;445;1.2783302678706647
44;3;455;1.2132929256012805
44;3;465;1.1605425167332062
44;3;475;1.1138155805952685
44;3;485;1.0645166903280092
44;3;495;0.9951998401021706
44;3;505;0.8738356965868349
44;3;515;0.7342872231149598
44;3;525;0.8675178719683906
44;3;535;1.0197849159400276
44;3;545;1.130260478191589
44;3;555;1.1892544380873082
44;3;565;1.1323153229451626
44;3;575;0.9958267624606962
44;3;585;0.9067894382676647
44;3;595;0.8612817669497239
44;3;605;0.8122273332346479
44;3;615;0.7604483391025234
44;3;625;0.746833214252268
44;3;635;0.7447198676325736
44;3;645;0.7547624987788607
44;3;655;0.8012331447049336
44;3;665;0.8660753319816689
44;3;675;0.9190153993614336
44;3;685;0.9272455622564129
44;3;693;0.728572689986408
44;3;700;1.2577261394587196
44;3;709;1.8420733482929783
44;3;719;1.8013288771962992
44;3;729;1.1383250237351792
44;3;739;0.6431234504885194
44;3;749;0.8031005211216221
44;3;759;0.820817921543084
44;3;769;0.7947932249203462
44;3;779;0.7726466977475951
44;3;789;0.7633254827995004
44;3;799;0.7595933766824065
44;3;809;0.7569448806844838
44;3;819;0.752390194926356
44;3;829;0.7448335008141296
44;3;839;0.7384009353991161
44;3;849;0.7372314746314012
44;3;859;0.7404333533584785
44;3;869;0.7456506984850594
44;3;879;0.7500592187592537
44;3;889;0.7530589839452807
44;3;899;0.7561025649168182
44;3;909;0.7581275866504896
44;3;919;0.7601874547575457
44;3;929;0.7609688505439256
44;3;939;0.7640748960399208
44;3;949;0.7641481949169066
44;3;959;0.7659774444584037
44;3;969;0.7694869398107915
44;3;979;0.7725517020899938
44;3;989;0.7811968928706665
44;3;999;0.7939523155798265
44;3;1009;0.7966778416286476
44;3;1019;0.8015144626049353
44;3;1029;0.8029053450875927
44;3;1039;0.7994375507150335
44;3;1049;0.8012764462541191
44;3;1059;0.7995550340544034
44;3;1069;0.7997204738565972
44;3;1079;0.79918481646288
44;3;1089;0.803527153405287
44;3;1099;0.7997912870784758
44;3;1109;0.7890429193848757
44;3;1119;0.7809188133885165
44;3;1129;0.7707344846765113
44;3;1139;0.7551879167993585
44;3;1149;0.738398513550467
44;3;1159;0.7337676322809327
44;3;1169;0.7326481213070897
44;3;1179;0.7307214775254757
44;3;1189;0.7286529399256462
44;3;1199;0.7258645464061586
44;3;1209;0.7244527773651082
44;3;1219;0.7235757555370345
44;3;1229;0.7231688123772314
44;3;1239;0.7230802496659003
44;3;1249;0.722014787063133
44;3;1259;0.7209130653491541
44;3;1269;0.7212758590127808
44;3;1279;0.7210190083654044
44;3;1289;0.7220778521934493
44;3;1299;0.7241394796932284
44;3;1309;0.724391114297742
44;3;1319;0.7192271512947761
44;3;1329;0.71596135028824
44;3;1339;0.7550482727309917
44;3;1349;0.9370768391120236
44;3;1359;1.2787196261364546
44;3;1369;1.75183964492317
44;3;1376;2.0248918946528436
44;3;1381;1.8818725841245876
44;3;1389;1.287558024082627
44;3;1399;0.9580161444430803
44;3;1409;0.8632393575961855
44;3;1419;0.7942494456324034
44;3;1429;0.7409493035575895
44;3;1439;0.735873473586166
44;3;1449;0.7637439653971942
44;3;1459;0.7929378418010105
44;3;1469;0.8149125351251187
44;3;1479;0.8306481662242858
44;3;1489;0.8399256855151056
44;3;1499;0.8400947213695857
44;3;1509;0.8299515758956795
44;3;1519;0.8067535376267402
44;3;1529;0.7751942120409993
44;3;1539;0.7384059491464782
44;3;1549;0.7118765346315793
44;3;1559;0.7084846569660161
44;3;1569;0.7364694614520099
44;3;1579;0.784983574496997
44;3;1589;0.8478035493463458
44;3;1599;0.910084406833759
44;3;1609;0.9585225473176111
44;3;1619;0.9995192115134156
44;3;1629;1.0381572637144312
44;3;1639;1.0683469590300219
44;3;1649;1.1091966429242823
44;3;1659;1.1491063220511912
44;3;1669;1.2052886747474558
44;3;1679;1.2765521180976227
44;3;1689;1.3973074257985105
44;3;1699;1.5350278672433701
44;3;1709;1.615294900607379
44;3;1719;1.644614511331946
44;3;1729;1.5986003828702586
44;3;1739;1.5236879540709514
44;3;1749;1.4462972966072316
44;3;1759;1.3746759453724857
44;3;1769;1.2874754254960072
44;3;1779;1.2547565716423044
44;3;1789;1.2595254044166435
44;3;1799;1.2759299099959274
44;3;1809;1.2856062799266892
44;3;1819;1.3319074718484238
44;3;1829;1.3419828314760622
44;3;1839;1.2379185406458624
44;3;1849;1.1081964018614843
44;3;1859;0.9403570868134361
44;3;1869;0.7854274190502111
44;3;1879;0.7190665337102502
44;3;1889;0.8188771070075201
44;3;1899;1.1117915840886488
44;3;1909;1.412680748353158
44;3;1919;1.579601985753264
44;3;1929;1.6406825233013582
44;3;1939;1.6268993329443435
44;3;1949;1.5743116890400308
44;3;1959;1.5032561933145683
44;3;1969;1.4338827995289358
44;3;1979;1.3723554936140046
44;3;1989;1.3174077579957877
44;3;1999;1.265904204175466
44;3;2009;1.2204562052233385
44;3;2019;1.1733852023127085
44;3;2029;1.1253744463434057
44;3;2039;1.0747286560151241
44;3;2049;1.0205489491384396
44;3;2059;0.9564629312858921
44;3;2069;0.8809799780469814
44;3;2079;0.8139880302312201
44;3;2089;0.7661270794123556
44;3;2099;0.7414661479005633
44;3;2109;0.7355549604462036
44;3;2119;0.7434871190141938
44;3;2129;0.7569453547034543
44;3;2139;0.7687596007451959
44;3;2149;0.7727490910915061
44;3;2159;0.773184927841717
44;3;2169;0.7727319896681291
44;3;2179;0.7763296954495834
44;3;2189;0.7882827966245143
44;3;2199;0.8009210692945586
44;3;2209;0.8109916705858787
44;3;2219;0.8216980995596298
44;3;2229;0.8300193177973082
44;3;2239;0.8478677266115449
44;3;2249;0.8775735076744571
44;3;2259;0.9054935765118213
44;3;2269;0.9140272470343533
44;3;2279;0.9067129251969379
44;3;2289;0.8853040904293222
44;3;2299;0.8657952234621716
44;3;2309;0.845727968258106
44;3;2319;0.8090725566721224
44;3;2329;0.778294978730959
44;3;2339;0.7574735967673407
44;3;2349;0.7448544062546067
44;3;2359;0.7424350707028371
44;3;2369;0.7480354418852688
44;3;2379;0.7608598651033356
44;3;2389;0.7753469881256232
44;3;2399;0.7948339215010906
44;3;2409;0.815583102573097
44;3;2419;0.8420183625827006
44;3;2429;0.8713734424626564
44;3;2439;0.9174498831978337
44;3;2447;0.9646879465724092
44;4;405;1.4819610025781196
44;4;415;1.3929775849357404
44;4;425;1.3433320733882879
44;4;435;1.293404745998068
44;4;445;1.244576220695989
44;4;455;1.191225283206503
44;4;465;1.1494186766462062
44;4;475;1.1119758020430783
44;4;485;1.071484825063021
44;4;495;1.0124769499276869
44;4;505;0.9060282856878226
44;4;515;0.7685928259202619
44;4;525;0.8614560089247225
44;4;535;0.9900923372959772
44;4;545;1.0857618817734882
44;4;555;1.137632420423957
44;4;565;1.0822584678547278
44;4;575;0.9595773770079689
44;4;585;0.8841421037514264
44;4;595;0.8475334040350064
44;4;605;0.8115034752631225
44;4;615;0.7805482988067719
44;4;625;0.776772805112239
44;4;635;0.7771650761147851
44;4;645;0.8033861079026471
44;4;655;0.8553014488015676
44;4;665;0.9196090896748748
44;4;675;0.9703189744755869
44;4;685;0.9768389686458359
44;4;693;0.7700946643010175
44;4;700;1.198304279129612
44;4;709;1.7837228430009842
44;4;719;1.7211379454462978
44;4;729;1.0280369369074869
44;4;739;0.6755648961091357
44;4;749;0.8584534899857873
44;4;759;0.8795540432004579
44;4;769;0.8553320646470929
44;4;779;0.8321614418531849
44;4;789;0.8215050712050426
44;4;799;0.8163404476115586
44;4;809;0.812217203217542
44;4;819;0.805859878301421
44;4;829;0.7954440410713495
44;4;839;0.7842943994213261
44;4;849;0.7768064505414927
44;4;859;0.7740866379030814
44;4;869;0.7743856344962283
44;4;879;0.7756492781082065
44;4;889;0.7768189895001176
44;4;899;0.7782979634910554
44;4;909;0.7794993863303229
44;4;919;0.7808798788546346
44;4;929;0.7814967424657101
44;4;939;0.7837069888599443
44;4;949;0.784181919360835
44;4;959;0.7863446654601013
44;4;969;0.7886098752713435
44;4;979;0.7908331822804952
44;4;989;0.796760776516425
44;4;999;0.8042321652637332
44;4;1009;0.807506356490602
44;4;1019;0.810695771461461
44;4;1029;0.80907947927226
44;4;1039;0.8063965427167932
44;4;1049;0.8064716553564655
44;4;1059;0.8061183662339804
44;4;1069;0.8073417673338514
44;4;1079;0.8076237349832719
44;4;1089;0.8091136479060301
44;4;1099;0.8043743953672301
44;4;1109;0.7941527665722868
44;4;1119;0.7852585707818243
44;4;1129;0.7772380325532379
44;4;1139;0.7690226532269985
44;4;1149;0.7657077329084286
44;4;1159;0.7691835004627154
44;4;1169;0.7686440656729732
44;4;1179;0.7657921779284003
44;4;1189;0.7637127740799471
44;4;1199;0.7626414634802193
44;4;1209;0.7611190509271739
44;4;1219;0.7587250010927101
44;4;1229;0.7566501319349429
44;4;1239;0.7551640162548637
44;4;1249;0.7549218165495556
44;4;1259;0.7558126243350354
44;4;1269;0.7566931329382176
44;4;1279;0.7580756011772998
44;4;1289;0.7594154788119685
44;4;1299;0.7577405694184144
44;4;1309;0.7542943658859034
44;4;1319;0.7502685789296017
44;4;1329;0.7559141040028919
44;4;1339;0.8131098815492269
44;4;1349;1.008982590330361
44;4;1359;1.3541506007616282
44;4;1369;1.8468468503616164
44;4;1376;2.098347567247758
44;4;1381;1.840181316326663
44;4;1389;1.1869112078210329
44;4;1399;0.9014195968501708
44;4;1409;0.8347008512220417
44;4;1419;0.7914923208503686
44;4;1429;0.765934158602694
44;4;1439;0.7802210335856619
44;4;1449;0.8155803380745147
44;4;1459;0.8464217046919532
44;4;1469;0.868825785056937
44;4;1479;0.8855102217930066
44;4;1489;0.895555821978262
44;4;1499;0.8966868465686808
44;4;1509;0.8869849205361237
44;4;1519;0.8636699763251829
44;4;1529;0.8304951745728969
44;4;1539;0.788648121758485
44;4;1549;0.7534023682990836
44;4;1559;0.7372066067734278
44;4;1569;0.7523634403231478
44;4;1579;0.792441954051873
44;4;1589;0.8602889705906346
44;4;1599;0.9288473920500676
44;4;1609;0.9926114234942154
44;4;1619;1.0510175011747376
44;4;1629;1.1040429725933374
44;4;1639;1.1558082846673603
44;4;1649;1.2102415485717761
44;4;1659;1.2583163314174455
44;4;1669;1.3175350986698227
44;4;1679;1.3828691507577437
44;4;1689;1.4968472008615175
44;4;1699;1.6280285812041815
44;4;1709;1.6877722356107054
44;4;1719;1.697407942187151
44;4;1729;1.630304877788378
44;4;1739;1.5226411540124447
44;4;1749;1.4318003634285383
44;4;1759;1.3345270017786455
44;4;1769;1.2355116255636835
44;4;1779;1.1993241872858058
44;4;1789;1.2014053168080434
44;4;1799;1.2127720405230014
44;4;1809;1.2188380146690556
44;4;1819;1.2587106336303278
44;4;1829;1.236330866237877
44;4;1839;1.0496120929719135
44;4;1849;0.955231738992879
44;4;1859;0.8469234118835197
44;4;1869;0.7681070787989762
44;4;1879;0.7624472533419593
44;4;1889;0.8503346124079668
44;4;1899;1.0414283806159845
44;4;1909;1.2419043039577813
44;4;1919;1.3736807510066391
44;4;1929;1.4418795784590757
44;4;1939;1.4538545308622983
44;4;1949;1.4312674343066099
44;4;1959;1.3914244044913984
44;4;1969;1.3490938790373643
44;4;1979;1.310783153397156
44;4;1989;1.2763065801980191
44;4;1999;1.2421951673155973
44;4;2009;1.2110809633898334
44;4;2019;1.1760066372821425
44;4;2029;1.1401390972718703
44;4;2039;1.099288545434167
44;4;2049;1.0551292360342317
44;4;2059;1.0003150183384704
44;4;2069;0.9334732735200447
44;4;2079;0.8710195167220409
44;4;2089;0.8216645616054707
44;4;2099;0.7904793864854529
44;4;2109;0.7743346296105722
44;4;2119;0.7696354607664387
44;4;2129;0.77223447789328
44;4;2139;0.7759265486155718
44;4;2149;0.7766894900131119
44;4;2159;0.7765388332022641
44;4;2169;0.7755328577982402
44;4;2179;0.7762489102577238
44;4;2189;0.7815675410288375
44;4;2199;0.7880516087928735
44;4;2209;0.7933833156274831
44;4;2219;0.7990056475974907
44;4;2229;0.804692283151569
44;4;2239;0.8155508498093675
44;4;2249;0.8343169051206227
44;4;2259;0.8530510681030653
44;4;2269;0.8616453032127221
44;4;2279;0.8585467511939415
44;4;2289;0.8430645521178773
44;4;2299;0.830095809672895
44;4;2309;0.8199209920135423
44;4;2319;0.7998406141782283
44;4;2329;0.784492527220998
44;4;2339;0.7763025966098933
44;4;2349;0.7757948544882968
44;4;2359;0.7820265652766966
44;4;2369;0.789657781556418
44;4;2379;0.8030844700394767
44;4;2389;0.817636787558513
44;4;2399;0.8307917820053298
44;4;2409;0.8445697860726984
44;4;2419;0.86242002655472
44;4;2429;0.8834587001657076
44;4;2439;0.9083907142021083
44;4;2447;0.9363730514321739
45;1;405;1.3672914698567291
45;1;415;1.2966066622429373
45;1;425;1.251072414079907
45;1;435;1.206835656334952
45;1;445;1.1673702749965156
45;1;455;1.131201742829436
45;1;465;1.1000663672553554
45;1;475;1.0730041050631407
45;1;485;1.047202347569371
45;1;495;1.014263345781852
45;1;505;0.9587241005801816
45;1;515;0.8712676832284231
45;1;525;0.7974792668370162
45;1;535;0.7714870770321532
45;1;545;0.7900917451207082
45;1;555;0.8151264993338587
45;1;565;0.8359709769322344
45;1;575;0.8435763157673057
45;1;585;0.8488461391626363
45;1;595;0.8518702299320584
45;1;605;0.8529025003979619
45;1;615;0.8612318440225186
45;1;625;0.8684651645483765
45;1;635;0.8697193272264064
45;1;645;0.8901811520461461
45;1;655;0.9223660722943919
45;1;665;0.9613710165125604
45;1;675;1.000167353537218
45;1;685;1.0291469818751933
45;1;693;0.9221752308771479
45;1;700;0.6968530323606994
45;1;709;0.9289174845184447
45;1;719;0.8600963515168081
45;1;729;0.5117540202825429
45;1;739;0.8735277607976603
45;1;749;0.989483037102058
45;1;759;0.9675425749150933
45;1;769;0.9339375328083838
45;1;779;0.9119140259976707
45;1;789;0.9033055484255712
45;1;799;0.9005214259475872
45;1;809;0.8989778655859603
45;1;819;0.8947322875809944
45;1;829;0.8859137133428353
45;1;839;0.8750704834487826
45;1;849;0.8663207504449277
45;1;859;0.8614560363688509
45;1;869;0.8593171163700962
45;1;879;0.8584847063887582
45;1;889;0.8583441570804323
45;1;899;0.8582154843763381
45;1;909;0.8581783525990913
45;1;919;0.8579382033701677
45;1;929;0.8576991184756959
45;1;939;0.8570509100099064
45;1;949;0.8562344219020513
45;1;959;0.8552556325437493
45;1;969;0.854930122980243
45;1;979;0.8545216334104168
45;1;989;0.8548691240541347
45;1;999;0.8564632907144573
45;1;1009;0.8571186222503262
45;1;1019;0.8566210193483453
45;1;1029;0.8571117602895977
45;1;1039;0.8547301199671241
45;1;1049;0.8545811695890881
45;1;1059;0.8513016994416758
45;1;1069;0.8473024137021679
45;1;1079;0.8441023274701622
45;1;1089;0.8404496281686678
45;1;1099;0.8370412324822447
45;1;1109;0.8372904680532666
45;1;1119;0.8411347862836266
45;1;1129;0.8441372190955612
45;1;1139;0.8456277661091709
45;1;1149;0.846940724362891
45;1;1159;0.8488719547675344
45;1;1169;0.8476341677592666
45;1;1179;0.8451538743960069
45;1;1189;0.8427470936938659
45;1;1199;0.840732018052927
45;1;1209;0.8387415210045686
45;1;1219;0.8362893645664674
45;1;1229;0.8346088995681515
45;1;1239;0.8336891834339877
45;1;1249;0.8331017532949297
45;1;1259;0.833156109729499
45;1;1269;0.834151357490756
45;1;1279;0.8349440542289109
45;1;1289;0.836471732109497
45;1;1299;0.8365012737107469
45;1;1309;0.833632776104876
45;1;1319;0.8273126828341641
45;1;1329;0.8246955241967366
45;1;1339;0.8348818359946827
45;1;1349;0.8868554195053865
45;1;1359;1.0068907979557804
45;1;1369;1.2543519828961411
45;1;1376;1.4525262812948985
45;1;1381;1.2087642615855396
45;1;1389;0.857027593426118
45;1;1399;0.8247541117575882
45;1;1409;0.8344861321409849
45;1;1419;0.8483073216159402
45;1;1429;0.8751507391097247
45;1;1439;0.9146296647044645
45;1;1449;0.9535955115153039
45;1;1459;0.9796853389311629
45;1;1469;0.9941024522664286
45;1;1479;1.0014638784483418
45;1;1489;1.0015263823347684
45;1;1499;0.9944274433172798
45;1;1509;0.9797871815449288
45;1;1519;0.954675556538181
45;1;1529;0.9203858427027986
45;1;1539;0.8792528646093284
45;1;1549;0.8399111368116116
45;1;1559;0.8102614733009743
45;1;1569;0.8036977972550234
45;1;1579;0.8151759700835712
45;1;1589;0.8482602796064918
45;1;1599;0.8764090105227164
45;1;1609;0.8920642292343287
45;1;1619;0.914433445763292
45;1;1629;0.9381459967607414
45;1;1639;0.9564634921746984
45;1;1649;0.9822931504506864
45;1;1659;1.0295094826044773
45;1;1669;1.1327983614375146
45;1;1679;1.2632467051866518
45;1;1689;1.4782789605056104
45;1;1699;1.6766327489626776
45;1;1709;1.7760947846903323
45;1;1719;1.7943806276399994
45;1;1729;1.715640254875936
45;1;1739;1.59017091549054
45;1;1749;1.4613221035126946
45;1;1759;1.3207778203579037
45;1;1769;1.195044151584638
45;1;1779;1.1417267444385237
45;1;1789;1.1293228486620819
45;1;1799;1.115211911594763
45;1;1809;1.114886099430682
45;1;1819;1.137026264048754
45;1;1829;1.1010087965708466
45;1;1839;0.9446245274971017
45;1;1849;0.8761257241976727
45;1;1859;0.827487302930571
45;1;1869;0.8296081293861352
45;1;1879;0.8983831358670379
45;1;1889;1.0314350998754278
45;1;1899;1.228321863156651
45;1;1909;1.3989445745475182
45;1;1919;1.4973540146796822
45;1;1929;1.5390058799061508
45;1;1939;1.5338498246915877
45;1;1949;1.50593292240277
45;1;1959;1.4624203992286648
45;1;1969;1.4190495765473254
45;1;1979;1.380729768411763
45;1;1989;1.346342816135506
45;1;1999;1.3118502909755392
45;1;2009;1.277349217266431
45;1;2019;1.2409067362361388
45;1;2029;1.1986104678418539
45;1;2039;1.1509386250647209
45;1;2049;1.0969282244140648
45;1;2059;1.042076623165392
45;1;2069;0.9839401093310182
45;1;2079;0.9326957731353688
45;1;2089;0.8918416309365083
45;1;2099;0.8660582826716245
45;1;2109;0.8542118206713568
45;1;2119;0.8529881165037138
45;1;2129;0.8586383812845879
45;1;2139;0.8661570712626429
45;1;2149;0.8713567505026337
45;1;2159;0.8751061171080081
45;1;2169;0.8753245574235354
45;1;2179;0.874767366432145
45;1;2189;0.8753686726664888
45;1;2199;0.873786865138804
45;1;2209;0.8725866820535275
45;1;2219;0.870358342161569
45;1;2229;0.869354314508553
45;1;2239;0.878181970783703
45;1;2249;0.8994517816426233
45;1;2259;0.9308715118730159
45;1;2269;0.948050499221841
45;1;2279;0.9539486464204529
45;1;2289;0.9381639488189213
45;1;2299;0.9201517000192333
45;1;2309;0.9045676050376986
45;1;2319;0.8796333908389743
45;1;2329;0.8631703456021262
45;1;2339;0.8562796035997385
45;1;2349;0.85810753711446
45;1;2359;0.8685107276194004
45;1;2369;0.8830454203284408
45;1;2379;0.9039749632699924
45;1;2389;0.9237089628693022
45;1;2399;0.9428482470531321
45;1;2409;0.9559653677238721
45;1;2419;0.9765464105388442
45;1;2429;0.9950653331584375
45;1;2439;1.016296497190139
45;1;2447;1.0493702402871634
45;2;405;1.4639303660463376
45;2;415;1.3766972847197578
45;2;425;1.3197183787647613
45;2;435;1.2670844690690357
45;2;445;1.2164203433166374
45;2;455;1.1613479804977758
45;2;465;1.1190987719342753
45;2;475;1.0826601642947566
45;2;485;1.0440190511009437
45;2;495;0.9933734196186766
45;2;505;0.9105886563110271
45;2;515;0.7945636559272324
45;2;525;0.761330435860354
45;2;535;0.7905260169119398
45;2;545;0.8579434741194151
45;2;555;0.9126961946977035
45;2;565;0.9161156840822025
45;2;575;0.8721599537551193
45;2;585;0.8444319797248527
45;2;595;0.8298686997505047
45;2;605;0.8121425328190456
45;2;615;0.7975140436666486
45;2;625;0.7969912703951181
45;2;635;0.797645888993313
45;2;645;0.8134480324070565
45;2;655;0.8476550150797652
45;2;665;0.8937350946350168
45;2;675;0.934383380783601
45;2;685;0.9449400925629441
45;2;693;0.7866596776920283
45;2;700;1.0122298166528023
45;2;709;1.3680373962720656
45;2;719;1.2903161378743369
45;2;729;0.7540487183691263
45;2;739;0.67521960136869
45;2;749;0.8996718034441586
45;2;759;0.9064702342853322
45;2;769;0.8767620756773666
45;2;779;0.8524642905280122
45;2;789;0.8422510322702642
45;2;799;0.8379725315842369
45;2;809;0.8343833534594556
45;2;819;0.8283126807240476
45;2;829;0.816844044680693
45;2;839;0.8045190162414798
45;2;849;0.7966432011205176
45;2;859;0.7942059953264409
45;2;869;0.7950186435234255
45;2;879;0.7964647814457134
45;2;889;0.7976711830146338
45;2;899;0.7990847217794412
45;2;909;0.8000528194734001
45;2;919;0.8011867636648758
45;2;929;0.8014954622615448
45;2;939;0.803158581041977
45;2;949;0.802786389906835
45;2;959;0.8037257539810916
45;2;969;0.8059993141521972
45;2;979;0.8084710739178078
45;2;989;0.8144604779454597
45;2;999;0.823508684979032
45;2;1009;0.8246886191593441
45;2;1019;0.8296616639970007
45;2;1029;0.8324203566577607
45;2;1039;0.8283878557462457
45;2;1049;0.8308417035642897
45;2;1059;0.8306591438055048
45;2;1069;0.8326052948734619
45;2;1079;0.8329395978182658
45;2;1089;0.8353730109905819
45;2;1099;0.8302528356642213
45;2;1109;0.8209332915142287
45;2;1119;0.8142317562235424
45;2;1129;0.8070440946919116
45;2;1139;0.7954790066466434
45;2;1149;0.785410242261186
45;2;1159;0.7842779628899742
45;2;1169;0.7840190996835861
45;2;1179;0.782484538976791
45;2;1189;0.7810282337807074
45;2;1199;0.7790259170437654
45;2;1209;0.7778958543558466
45;2;1219;0.7769731745920281
45;2;1229;0.7763759536586463
45;2;1239;0.7764241923658036
45;2;1249;0.7757131477740635
45;2;1259;0.7750887410096273
45;2;1269;0.7754796169068301
45;2;1279;0.7756843962662134
45;2;1289;0.7765716653035394
45;2;1299;0.7770810361659416
45;2;1309;0.774442146251204
45;2;1319;0.7655212313170371
45;2;1329;0.7581647833227823
45;2;1339;0.7836645798482365
45;2;1349;0.9164414754126889
45;2;1359;1.178511913119358
45;2;1369;1.5972217457499605
45;2;1376;1.9583336670400793
45;2;1381;1.9102287227814678
45;2;1389;1.2952799682482348
45;2;1399;0.9768406592540062
45;2;1409;0.8963882647617512
45;2;1419;0.8374546315167195
45;2;1429;0.7939821515353748
45;2;1439;0.7950046060549385
45;2;1449;0.8236150405678117
45;2;1459;0.8516289446673337
45;2;1469;0.8736082066643681
45;2;1479;0.8906770048225912
45;2;1489;0.902034218774451
45;2;1499;0.9050881846250891
45;2;1509;0.898574527519578
45;2;1519;0.8791890812306038
45;2;1529;0.8512034477874069
45;2;1539;0.81164057590123
45;2;1549;0.7746081259782681
45;2;1559;0.7474558269330762
45;2;1569;0.7469223573217872
45;2;1579;0.7698692800174692
45;2;1589;0.8188179878361099
45;2;1599;0.8852474788995945
45;2;1609;0.9425736165853584
45;2;1619;1.004260256877423
45;2;1629;1.0657853030882576
45;2;1639;1.115491237136929
45;2;1649;1.1691462889123436
45;2;1659;1.2182156050424036
45;2;1669;1.285995769120438
45;2;1679;1.3653696013241778
45;2;1689;1.483091453648229
45;2;1699;1.6254304966177624
45;2;1709;1.715587983692677
45;2;1719;1.750273193154144
45;2;1729;1.6909595806835935
45;2;1739;1.5880183115247142
45;2;1749;1.4832127022328616
45;2;1759;1.3917605064799656
45;2;1769;1.287013588726785
45;2;1779;1.2442939137118831
45;2;1789;1.245211776529501
45;2;1799;1.266395257346553
45;2;1809;1.2722173421592016
45;2;1819;1.3214310968133023
45;2;1829;1.295137207638604
45;2;1839;1.0704038990225577
45;2;1849;0.9794241765400441
45;2;1859;0.8731353080624014
45;2;1869;0.7891988437346366
45;2;1879;0.7708635368821846
45;2;1889;0.8568129240295821
45;2;1899;1.0873146228422073
45;2;1909;1.3475397164086578
45;2;1919;1.5061281706817709
45;2;1929;1.5706142286369789
45;2;1939;1.5641539410370107
45;2;1949;1.5191419221648097
45;2;1959;1.4565753361066764
45;2;1969;1.3953145733568653
45;2;1979;1.3415602282807195
45;2;1989;1.296197266412527
45;2;1999;1.2541982879017861
45;2;2009;1.2177069414615782
45;2;2019;1.1802208934860399
45;2;2029;1.1434517133231779
45;2;2039;1.1035948801638866
45;2;2049;1.0621827973815243
45;2;2059;1.0139229430511318
45;2;2069;0.956730194348185
45;2;2079;0.9016373945355447
45;2;2089;0.8554113333605149
45;2;2099;0.8225830062950796
45;2;2109;0.8021212291087335
45;2;2119;0.7917989427117579
45;2;2129;0.7906828333394439
45;2;2139;0.7931729324234017
45;2;2149;0.7948576351613726
45;2;2159;0.796741258425556
45;2;2169;0.7979380362828611
45;2;2179;0.7997745207529164
45;2;2189;0.8049015102051931
45;2;2199;0.8109043872024025
45;2;2209;0.815986017699807
45;2;2219;0.8212553787383184
45;2;2229;0.8269913216933961
45;2;2239;0.8377158369993669
45;2;2249;0.8554618801689088
45;2;2259;0.8722804067877659
45;2;2269;0.8765977766688364
45;2;2279;0.8685425956543906
45;2;2289;0.8573566768774808
45;2;2299;0.8485381739711696
45;2;2309;0.8364561799746741
45;2;2319;0.8165946830599734
45;2;2329;0.8034502284001672
45;2;2339;0.7978498179913674
45;2;2349;0.7972994930181602
45;2;2359;0.8027661916119516
45;2;2369;0.8115151554397233
45;2;2379;0.82534921001078
45;2;2389;0.8394561526304849
45;2;2399;0.8556380894633111
45;2;2409;0.8734744513992007
45;2;2419;0.8997705677786036
45;2;2429;0.9286606382890552
45;2;2439;0.9695567803912177
45;2;2447;1.0086382704193573
45;3;405;1.4077764546546259
45;3;415;1.3424941049892707
45;3;425;1.3091178885853911
45;3;435;1.273912068174608
45;3;445;1.2346935091525015
45;3;455;1.1904388050733414
45;3;465;1.15601301948326
45;3;475;1.1239458472543253
45;3;485;1.0900086976137797
45;3;495;1.0338620270915395
45;3;505;0.9303462013395001
45;3;515;0.7769974558869256
45;3;525;0.8419419797926434
45;3;535;0.9784425421079825
45;3;545;1.0733681522987069
45;3;555;1.1270654199183303
45;3;565;1.0668507998182843
45;3;575;0.9410522550919932
45;3;585;0.8674079787570138
45;3;595;0.8324787924362979
45;3;605;0.8017955654957621
45;3;615;0.7782661349173979
45;3;625;0.7790691472977251
45;3;635;0.7808654409403106
45;3;645;0.819419487880625
45;3;655;0.8786454339295423
45;3;665;0.9483353123629299
45;3;675;1.003648965130597
45;3;685;1.0126304255943026
45;3;693;0.7803330132880403
45;3;700;1.142247945040776
45;3;709;1.741191575673836
45;3;719;1.6717935657290626
45;3;729;0.9651145057988496
45;3;739;0.7111655719381191
45;3;749;0.8937680378202489
45;3;759;0.9144192266786022
45;3;769;0.8856763281702887
45;3;779;0.8558990381483833
45;3;789;0.8397784685586888
45;3;799;0.8305410176649952
45;3;809;0.8224039853199869
45;3;819;0.8131309601373966
45;3;829;0.8004368948346753
45;3;839;0.7874054523458788
45;3;849;0.7784717760568641
45;3;859;0.774584602633978
45;3;869;0.7745720636439921
45;3;879;0.7762158311935783
45;3;889;0.7781451776462234
45;3;899;0.7809875090376556
45;3;909;0.7836965712099803
45;3;919;0.7868770535326218
45;3;929;0.789277000614493
45;3;939;0.7949269513154554
45;3;949;0.7991363205865907
45;3;959;0.8064596499025158
45;3;969;0.8113810462870384
45;3;979;0.8154730711019476
45;3;989;0.8247107017072192
45;3;999;0.8334042346745714
45;3;1009;0.8325205048955411
45;3;1019;0.8370183035934727
45;3;1029;0.8345010313304639
45;3;1039;0.8338934780249091
45;3;1049;0.8349666264466634
45;3;1059;0.8413417195604761
45;3;1069;0.8537282141238987
45;3;1079;0.8639688150633393
45;3;1089;0.8759971476150457
45;3;1099;0.8758143232487144
45;3;1109;0.8530501399445534
45;3;1119;0.8226267515222778
45;3;1129;0.7948016253677782
45;3;1139;0.7742123970657022
45;3;1149;0.7667582688960728
45;3;1159;0.7763916498292984
45;3;1169;0.7830581722620866
45;3;1179;0.7856877602996492
45;3;1189;0.790416723348949
45;3;1199;0.7975750167538838
45;3;1209;0.7972093530874764
45;3;1219;0.7943999602927491
45;3;1229;0.7907118024424761
45;3;1239;0.7862575881124408
45;3;1249;0.7856066338605127
45;3;1259;0.7867105324016278
45;3;1269;0.7847832864372277
45;3;1279;0.7848526242499352
45;3;1289;0.7809399562449404
45;3;1299;0.7687500145987943
45;3;1309;0.7561910785290985
45;3;1319;0.7513075402065117
45;3;1329;0.7512106036082905
45;3;1339;0.8191038522563475
45;3;1349;1.0900088334249725
45;3;1359;1.5239301068791176
45;3;1369;2.0306665913993367
45;3;1376;2.170916411014736
45;3;1381;1.8247979430222403
45;3;1389;1.1057923178922782
45;3;1399;0.8233753711176051
45;3;1409;0.7779765636870323
45;3;1419;0.7632460216526172
45;3;1429;0.7648170906498448
45;3;1439;0.791658648997811
45;3;1449;0.8273954095470948
45;3;1459;0.8549968591897362
45;3;1469;0.873141407226221
45;3;1479;0.8842901943616874
45;3;1489;0.887674844389467
45;3;1499;0.8820389423430783
45;3;1509;0.8659879273430829
45;3;1519;0.8369135030773356
45;3;1529;0.8023377522725622
45;3;1539;0.7674127943270751
45;3;1549;0.7536165490505253
45;3;1559;0.7795843610098049
45;3;1569;0.843630518722789
45;3;1579;0.934512551017567
45;3;1589;1.039937106324302
45;3;1599;1.1324747685468775
45;3;1609;1.2100236889464409
45;3;1619;1.2717270558550222
45;3;1629;1.313592176481037
45;3;1639;1.3442039701810347
45;3;1649;1.3811476353513037
45;3;1659;1.3867064668215394
45;3;1669;1.4118103567264415
45;3;1679;1.44447921715773
45;3;1689;1.527950209178951
45;3;1699;1.6178843970377061
45;3;1709;1.6483673316578327
45;3;1719;1.6239326975959112
45;3;1729;1.5452042401189099
45;3;1739;1.4434226550684652
45;3;1749;1.3554572646379641
45;3;1759;1.2627101532642837
45;3;1769;1.165587146651565
45;3;1779;1.128529378211767
45;3;1789;1.1112022175305736
45;3;1799;1.1162734710274969
45;3;1809;1.1137297268843338
45;3;1819;1.1374590080881828
45;3;1829;1.1093769325096727
45;3;1839;0.907248510345792
45;3;1849;0.8324780003942492
45;3;1859;0.7693197699649802
45;3;1869;0.7531347667661957
45;3;1879;0.8051447144288875
45;3;1889;0.906805902427826
45;3;1899;1.0392332182702881
45;3;1909;1.147984021276163
45;3;1919;1.223753354623298
45;3;1929;1.2761212798692168
45;3;1939;1.2992484083475062
45;3;1949;1.299858540016298
45;3;1959;1.2868872256747335
45;3;1969;1.2693370163669044
45;3;1979;1.2517135486668465
45;3;1989;1.2326781885845404
45;3;1999;1.2121407152898422
45;3;2009;1.1909270638469602
45;3;2019;1.1635570920985239
45;3;2029;1.131489560254494
45;3;2039;1.0953171199346856
45;3;2049;1.054141230307605
45;3;2059;0.9995499957052759
45;3;2069;0.9312619521570673
45;3;2079;0.8681944249166642
45;3;2089;0.8192095864985562
45;3;2099;0.7899033440923168
45;3;2109;0.7748848994332664
45;3;2119;0.7710725074820078
45;3;2129;0.7729521575769309
45;3;2139;0.7747177437632569
45;3;2149;0.7737152951640547
45;3;2159;0.7721557565586422
45;3;2169;0.7710280372207898
45;3;2179;0.7710389515443131
45;3;2189;0.7736044960884425
45;3;2199;0.7769378357220535
45;3;2209;0.7795814680801371
45;3;2219;0.7824041268633289
45;3;2229;0.7847167191740266
45;3;2239;0.7916416201684903
45;3;2249;0.8048045227814219
45;3;2259;0.8217364486815917
45;3;2269;0.8336101287001629
45;3;2279;0.8390682452645882
45;3;2289;0.8267380340290462
45;3;2299;0.8119124332510165
45;3;2309;0.8053019463544878
45;3;2319;0.7925086164856592
45;3;2329;0.7802660275509585
45;3;2339;0.7760440680042899
45;3;2349;0.7799980941442918
45;3;2359;0.7893619305770939
45;3;2369;0.7988075903213707
45;3;2379;0.8121953784859252
45;3;2389;0.8253524272591849
45;3;2399;0.8370427716136093
45;3;2409;0.8464266016142633
45;3;2419;0.8539703241230957
45;3;2429;0.8625527593414722
45;3;2439;0.8762052655593521
45;3;2447;0.8891506645973106
45;4;405;1.497423131767373
45;4;415;1.4060353154035754
45;4;425;1.347762194031599
45;4;435;1.294324846466317
45;4;445;1.2403851010271236
45;4;455;1.184976194940492
45;4;465;1.141049462310599
45;4;475;1.1030900681277598
45;4;485;1.0625305685695847
45;4;495;1.0053541289432204
45;4;505;0.9033287998113887
45;4;515;0.7741575377221198
45;4;525;0.8556759167915478
45;4;535;0.9789217657218942
45;4;545;1.0757644158370365
45;4;555;1.1282019434193333
45;4;565;1.0761663223639644
45;4;575;0.9579711370187689
45;4;585;0.8845861527401394
45;4;595;0.8495610100097531
45;4;605;0.8140234922006815
45;4;615;0.7840146798771256
45;4;625;0.780656011765565
45;4;635;0.7810675538360188
45;4;645;0.8057905467860557
45;4;655;0.856262380023425
45;4;665;0.919188913689681
45;4;675;0.9712203983273623
45;4;685;0.9852983630544276
45;4;693;0.7849531798364828
45;4;700;1.1008651976897208
45;4;709;1.711328238463398
45;4;719;1.6695499839183432
45;4;729;0.9835125130801545
45;4;739;0.7032071150793779
45;4;749;0.8653619150673296
45;4;759;0.872713483859837
45;4;769;0.844478380781559
45;4;779;0.8219314344697933
45;4;789;0.8126320934865822
45;4;799;0.8089931848148193
45;4;809;0.8066658746400666
45;4;819;0.8020684115003515
45;4;829;0.7937477043199365
45;4;839;0.7846604767756118
45;4;849;0.7789298383643714
45;4;859;0.7774194773142339
45;4;869;0.7782722343884011
45;4;879;0.7796504640229254
45;4;889;0.7806439422220796
45;4;899;0.7817199511430472
45;4;909;0.7824113341701711
45;4;919;0.7832026514106214
45;4;929;0.7831765910213329
45;4;939;0.7843950417771253
45;4;949;0.7842226580428145
45;4;959;0.7849579250217599
45;4;969;0.7857681377980916
45;4;979;0.7864161732197523
45;4;989;0.7905273089722992
45;4;999;0.7957005997512855
45;4;1009;0.8012284014584797
45;4;1019;0.8017206092097475
45;4;1029;0.798128557580217
45;4;1039;0.7978595682744278
45;4;1049;0.7970917632054417
45;4;1059;0.7959394180715456
45;4;1069;0.794312520403533
45;4;1079;0.7921754700477778
45;4;1089;0.7911824552873908
45;4;1099;0.7881857282446041
45;4;1109;0.7824209402772206
45;4;1119;0.7797794377626166
45;4;1129;0.7769778654399584
45;4;1139;0.7734560180118129
45;4;1149;0.7719320464687074
45;4;1159;0.7745277146808369
45;4;1169;0.7731745712492607
45;4;1179;0.7707915281860176
45;4;1189;0.7683955578006788
45;4;1199;0.7673067617757116
45;4;1209;0.7659794077639582
45;4;1219;0.7636839793820506
45;4;1229;0.762076995599588
45;4;1239;0.7611077527323074
45;4;1249;0.7609712139134608
45;4;1259;0.762022533690263
45;4;1269;0.7635050036490002
45;4;1279;0.7657862805965964
45;4;1289;0.7684011876828029
45;4;1299;0.7677719858044707
45;4;1309;0.7651185496111342
45;4;1319;0.7614394153253187
45;4;1329;0.7681069813433967
45;4;1339;0.8154503493942463
45;4;1349;0.9760792083209637
45;4;1359;1.2801368319575928
45;4;1369;1.7328316888149091
45;4;1376;1.9562965967487314
45;4;1381;1.6546608039089485
45;4;1389;1.0516815615244837
45;4;1399;0.8364314655128553
45;4;1409;0.795520215829094
45;4;1419;0.7738873454410262
45;4;1429;0.7706454098905521
45;4;1439;0.7989843946717048
45;4;1449;0.8396274018633533
45;4;1459;0.8714176633956998
45;4;1469;0.8924063598253231
45;4;1479;0.9061259946752022
45;4;1489;0.9125737775219378
45;4;1499;0.9098408311334969
45;4;1509;0.8977786617204552
45;4;1519;0.8720861899408447
45;4;1529;0.8365418945863597
45;4;1539;0.7937099832587016
45;4;1549;0.7570800069319585
45;4;1559;0.7391237415641454
45;4;1569;0.7527932240875138
45;4;1579;0.7913894185755684
45;4;1589;0.8520259417270815
45;4;1599;0.9150937816513791
45;4;1609;0.9689299880975052
45;4;1619;1.0203455675246607
45;4;1629;1.0645826770122815
45;4;1639;1.109080483186615
45;4;1649;1.1573602030300207
45;4;1659;1.2080095947507796
45;4;1669;1.2775684787209654
45;4;1679;1.3634713960019558
45;4;1689;1.4955286679495339
45;4;1699;1.6308292340500965
45;4;1709;1.6995416876494809
45;4;1719;1.7076430415334976
45;4;1729;1.6443308645373444
45;4;1739;1.5371646436440658
45;4;1749;1.4315558095115708
45;4;1759;1.3293881993608767
45;4;1769;1.227634915841032
45;4;1779;1.1826067153361008
45;4;1789;1.1799321755827292
45;4;1799;1.185228588937342
45;4;1809;1.1959398935623222
45;4;1819;1.2190428227674253
45;4;1829;1.2165192508802896
45;4;1839;1.0918304348471235
45;4;1849;0.9793405283146165
45;4;1859;0.8535321323343199
45;4;1869;0.7677085598408346
45;4;1879;0.7752574647509605
45;4;1889;0.8928094736318396
45;4;1899;1.1237365551679865
45;4;1909;1.3504319123547501
45;4;1919;1.4854679243628484
45;4;1929;1.5448169401192628
45;4;1939;1.5459621690860668
45;4;1949;1.5105509409304498
45;4;1959;1.4589543984215685
45;4;1969;1.4065669221336377
45;4;1979;1.3587722193321874
45;4;1989;1.3163322377818667
45;4;1999;1.275262515870889
45;4;2009;1.2380274397038549
45;4;2019;1.19633627555539
45;4;2029;1.153042008108889
45;4;2039;1.1057456454238426
45;4;2049;1.0544269533664126
45;4;2059;0.9929924656842385
45;4;2069;0.9234466467140886
45;4;2079;0.8606212004138847
45;4;2089;0.8125292310921542
45;4;2099;0.7853151640646772
45;4;2109;0.7749472898163321
45;4;2119;0.7771294995979077
45;4;2129;0.7859509197016118
45;4;2139;0.7948328177652986
45;4;2149;0.7984271962962638
45;4;2159;0.7990902463787838
45;4;2169;0.7983061228665754
45;4;2179;0.7990707772840704
45;4;2189;0.8064717801818126
45;4;2199;0.8129042561622569
45;4;2209;0.817922395007534
45;4;2219;0.8230651051481316
45;4;2229;0.8282169270993635
45;4;2239;0.8424165068205931
45;4;2249;0.8689575192221692
45;4;2259;0.8963103871631551
45;4;2269;0.9095349178516641
45;4;2279;0.9063082550573441
45;4;2289;0.8861369159941153
45;4;2299;0.868238110698656
45;4;2309;0.8516679595940362
45;4;2319;0.8218909191997574
45;4;2329;0.7985904207433113
45;4;2339;0.7845867410307806
45;4;2349;0.7796315802715189
45;4;2359;0.7837950651802941
45;4;2369;0.7932872778338993
45;4;2379;0.8084370498395164
45;4;2389;0.8246757032886229
45;4;2399;0.8407863496451093
45;4;2409;0.8597999842457995
45;4;2419;0.8786049424201227
45;4;2429;0.9025595432764861
45;4;2439;0.9370086285146794
45;4;2447;0.9686589749641387
46;1;405;1.5365795521519925
46;1;415;1.4571671290537576
46;1;425;1.4041209727459247
46;1;435;1.3530012546881924
46;1;445;1.3066948042504087
46;1;455;1.2564749081898066
46;1;465;1.21793763402675
46;1;475;1.1812002226318892
46;1;485;1.142667894391713
46;1;495;1.0877553003093545
46;1;505;0.9874849137103586
46;1;515;0.8323201238045588
46;1;525;0.8574765435431697
46;1;535;0.9751533157664838
46;1;545;1.0728483067606447
46;1;555;1.1307089658114229
46;1;565;1.0813680683234215
46;1;575;0.9666471541358066
46;1;585;0.9008093112150161
46;1;595;0.8713822358414319
46;1;605;0.8441877474682264
46;1;615;0.8249552618314347
46;1;625;0.8259773015723506
46;1;635;0.8274902418145028
46;1;645;0.8600311446925755
46;1;655;0.9098929508478457
46;1;665;0.966837899616669
46;1;675;1.0117199889203137
46;1;685;1.020522388999375
46;1;693;0.8219895727181653
46;1;700;1.1995737270814308
46;1;709;1.8016739051036292
46;1;719;1.734808913358043
46;1;729;1.0079915481492288
46;1;739;0.7453970090744568
46;1;749;0.9460489065145711
46;1;759;0.9684431138789106
46;1;769;0.9413162214702225
46;1;779;0.9144004433922355
46;1;789;0.8996189105250023
46;1;799;0.8917883827902349
46;1;809;0.8851953140154165
46;1;819;0.8764493207175923
46;1;829;0.863629837202263
46;1;839;0.8487819005412335
46;1;849;0.8361918344976333
46;1;859;0.829450167945159
46;1;869;0.8258689563986421
46;1;879;0.8245240089237722
46;1;889;0.8242541435457654
46;1;899;0.8242988746194941
46;1;909;0.8245789333895217
46;1;919;0.8249220445093992
46;1;929;0.8250507504226063
46;1;939;0.8254215463551946
46;1;949;0.8251124026278076
46;1;959;0.8252615326290547
46;1;969;0.8260401575180271
46;1;979;0.8272280741992378
46;1;989;0.8300773943723536
46;1;999;0.8363937831231365
46;1;1009;0.8352493064754615
46;1;1019;0.8390489698951639
46;1;1029;0.8400242274436214
46;1;1039;0.8379254156421234
46;1;1049;0.8373047034383782
46;1;1059;0.837055322854175
46;1;1069;0.836227931106431
46;1;1079;0.83454557338233
46;1;1089;0.834324180560625
46;1;1099;0.8328756568405672
46;1;1109;0.8290486986850149
46;1;1119;0.8266133181429288
46;1;1129;0.8232928708680763
46;1;1139;0.8180041641742023
46;1;1149;0.8139446785879089
46;1;1159;0.8150561037695471
46;1;1169;0.8131227759925131
46;1;1179;0.810208406530956
46;1;1189;0.8080702116551104
46;1;1199;0.8062405765389382
46;1;1209;0.8041006602814285
46;1;1219;0.8019245542139439
46;1;1229;0.8001209691564232
46;1;1239;0.7989750359550394
46;1;1249;0.797986847481318
46;1;1259;0.7978630792730114
46;1;1269;0.7987088684178963
46;1;1279;0.799881410819734
46;1;1289;0.801948899431562
46;1;1299;0.8028253973841432
46;1;1309;0.8020697192363913
46;1;1319;0.7994128063736193
46;1;1329;0.8018219998359473
46;1;1339;0.835481773088911
46;1;1349;0.9723325830704808
46;1;1359;1.2510542278511212
46;1;1369;1.6994438376216796
46;1;1376;2.05572550461109
46;1;1381;1.8927232201989836
46;1;1389;1.208614454034041
46;1;1399;0.9251217200718779
46;1;1409;0.8646814630265472
46;1;1419;0.8310418489303114
46;1;1429;0.8139042976994346
46;1;1439;0.8297654560964084
46;1;1449;0.8623998607551726
46;1;1459;0.8907848638259699
46;1;1469;0.9112912004106427
46;1;1479;0.9259414797002801
46;1;1489;0.9363193397919979
46;1;1499;0.9388169636540907
46;1;1509;0.9319703653327148
46;1;1519;0.9136094083178051
46;1;1529;0.8846614775643895
46;1;1539;0.8474153874147445
46;1;1549;0.812537748203717
46;1;1559;0.7855244018531168
46;1;1569;0.7772678416794385
46;1;1579;0.781218426604296
46;1;1589;0.7967345096191993
46;1;1599;0.8055007632949662
46;1;1609;0.7990792065554206
46;1;1619;0.7874328015258582
46;1;1629;0.7747433072523946
46;1;1639;0.7605230708599277
46;1;1649;0.7642914201973192
46;1;1659;0.7634590089696965
46;1;1669;0.8062563442572632
46;1;1679;0.866413722026071
46;1;1689;1.0139078149190734
46;1;1699;1.2012600840525829
46;1;1709;1.3079884213773343
46;1;1719;1.3489634533736126
46;1;1729;1.3105497173615543
46;1;1739;1.2589690932902844
46;1;1749;1.2215171764884167
46;1;1759;1.1764700970330972
46;1;1769;1.112614926888294
46;1;1779;1.0951481002965806
46;1;1789;1.1004735085330846
46;1;1799;1.1087007985488666
46;1;1809;1.1137981121250038
46;1;1819;1.1528335300828296
46;1;1829;1.178584596984993
46;1;1839;1.111216821651194
46;1;1849;1.0008868537087037
46;1;1859;0.884993678060155
46;1;1869;0.808168642407424
46;1;1879;0.8157157473333663
46;1;1889;0.9356121644802884
46;1;1899;1.1714945240007133
46;1;1909;1.4004046062533082
46;1;1919;1.5296253628305452
46;1;1929;1.5792600822637002
46;1;1939;1.5705984336545034
46;1;1949;1.5311056691169382
46;1;1959;1.476304042337473
46;1;1969;1.4249558388814392
46;1;1979;1.378229975275726
46;1;1989;1.3378617592617965
46;1;1999;1.298372307423735
46;1;2009;1.2620788308805242
46;1;2019;1.223562990710997
46;1;2029;1.1814112312259608
46;1;2039;1.1375763050495133
46;1;2049;1.0885147020401114
46;1;2059;1.0294217375673025
46;1;2069;0.9596778046091136
46;1;2079;0.8976114985743336
46;1;2089;0.8526627207308458
46;1;2099;0.8272091225779022
46;1;2109;0.8180808502646796
46;1;2119;0.8202038571731575
46;1;2129;0.8272695592329244
46;1;2139;0.8320367524092815
46;1;2149;0.8320112641957401
46;1;2159;0.8297142481245369
46;1;2169;0.8271912037147244
46;1;2179;0.8269087261615586
46;1;2189;0.8323628981685177
46;1;2199;0.8371969753014559
46;1;2209;0.8415405124042397
46;1;2219;0.8448843520870112
46;1;2229;0.8494353165582968
46;1;2239;0.859256678838987
46;1;2249;0.8782615511122983
46;1;2259;0.900904338360606
46;1;2269;0.9166622235250066
46;1;2279;0.9206841879590365
46;1;2289;0.9040019109448648
46;1;2299;0.8869941532961799
46;1;2309;0.8754269990193182
46;1;2319;0.8545031063822148
46;1;2329;0.8362819786901711
46;1;2339;0.8251323475672631
46;1;2349;0.8232184232236869
46;1;2359;0.8297318041527963
46;1;2369;0.839088355310019
46;1;2379;0.8536346248226853
46;1;2389;0.8690075939982891
46;1;2399;0.8843610728107534
46;1;2409;0.8999705852857468
46;1;2419;0.9154712518927298
46;1;2429;0.9388375410017858
46;1;2439;0.9667669138170639
46;1;2447;0.991855320377452
46;2;405;1.4403604117391269
46;2;415;1.3590898631646382
46;2;425;1.3053824519269266
46;2;435;1.2560835535112924
46;2;445;1.2078661161468267
46;2;455;1.1625032525530732
46;2;465;1.1245320800158023
46;2;475;1.0914988418728258
46;2;485;1.0579214157676233
46;2;495;1.0153282857922872
46;2;505;0.9447124562040803
46;2;515;0.8392568934721376
46;2;525;0.7852621001001661
46;2;535;0.7894001788866895
46;2;545;0.8266953721045456
46;2;555;0.85969540662242
46;2;565;0.863113781278213
46;2;575;0.8429029568835843
46;2;585;0.8336060137853227
46;2;595;0.8304171063298867
46;2;605;0.8250727328432854
46;2;615;0.8266149240775545
46;2;625;0.8319389427844958
46;2;635;0.8329155684345889
46;2;645;0.8535922729324463
46;2;655;0.8884924706251865
46;2;665;0.9309984077787963
46;2;675;0.9707487613233413
46;2;685;0.99315298804995
46;2;693;0.8659612963104916
46;2;700;0.7937502862613357
46;2;709;1.2009387295134726
46;2;719;1.1359480244766085
46;2;729;0.6314276631656798
46;2;739;0.8128664781106264
46;2;749;0.9353158993828895
46;2;759;0.9224805887604469
46;2;769;0.8918816585195943
46;2;779;0.8708598914437189
46;2;789;0.8621696439310953
46;2;799;0.8589502640858285
46;2;809;0.857028480775942
46;2;819;0.8529652802036716
46;2;829;0.8450841148716515
46;2;839;0.8355351576213169
46;2;849;0.8287636297888855
46;2;859;0.8255487090230643
46;2;869;0.824824677483562
46;2;879;0.8248398939428478
46;2;889;0.8251159211171776
46;2;899;0.8254422666183804
46;2;909;0.8255384777035434
46;2;919;0.8256628857502468
46;2;929;0.8254648530233725
46;2;939;0.8253076677482808
46;2;949;0.824410547936604
46;2;959;0.8238404882230892
46;2;969;0.8236935077579143
46;2;979;0.8234419634819189
46;2;989;0.8246860956433817
46;2;999;0.8270767037652826
46;2;1009;0.8290653063195984
46;2;1019;0.828524459881576
46;2;1029;0.8288568221030352
46;2;1039;0.8272178840018342
46;2;1049;0.8267926531389989
46;2;1059;0.8246626681342771
46;2;1069;0.8217345204607417
46;2;1079;0.8186944309493669
46;2;1089;0.8167392356308008
46;2;1099;0.8141582367013241
46;2;1109;0.8128563130454787
46;2;1119;0.8146969332944416
46;2;1129;0.8158719588757714
46;2;1139;0.8156174719568893
46;2;1149;0.8160056086325783
46;2;1159;0.8185773269252579
46;2;1169;0.8174681764211117
46;2;1179;0.815098645802575
46;2;1189;0.8127122071331313
46;2;1199;0.8111862105819259
46;2;1209;0.8093168545841615
46;2;1219;0.8070025470806089
46;2;1229;0.8052308635423471
46;2;1239;0.804254034292583
46;2;1249;0.8036438245257225
46;2;1259;0.8038013950959584
46;2;1269;0.8049208864329787
46;2;1279;0.8061600330059109
46;2;1289;0.8079620300739516
46;2;1299;0.8079317087796983
46;2;1309;0.805112756705075
46;2;1319;0.7995329319195644
46;2;1329;0.8001650985171295
46;2;1339;0.8244221785926125
46;2;1349;0.9215458537111924
46;2;1359;1.128915070813431
46;2;1369;1.5161697500416362
46;2;1376;1.7882973239984914
46;2;1381;1.5012251242972323
46;2;1389;0.9610450885092854
46;2;1399;0.8276201496913919
46;2;1409;0.8138958552204617
46;2;1419;0.8139853795383627
46;2;1429;0.8307136117694105
46;2;1439;0.8662154120642154
46;2;1449;0.904376711264606
46;2;1459;0.9313809379624982
46;2;1469;0.9467567585674124
46;2;1479;0.9546061439680843
46;2;1489;0.9547320725607706
46;2;1499;0.948067668320477
46;2;1509;0.9338543544426832
46;2;1519;0.9084202888175097
46;2;1529;0.8751830936619068
46;2;1539;0.8360188809787019
46;2;1549;0.8007328859955134
46;2;1559;0.7791024008326731
46;2;1569;0.7843948698892244
46;2;1579;0.809633549185732
46;2;1589;0.8564445926569946
46;2;1599;0.8994117981266971
46;2;1609;0.932593792781902
46;2;1619;0.9691989951818359
46;2;1629;1.0094776497099973
46;2;1639;1.0345820522141174
46;2;1649;1.0740910956781948
46;2;1659;1.1203389336380647
46;2;1669;1.205132386145564
46;2;1679;1.3164787490012024
46;2;1689;1.495109211900719
46;2;1699;1.653302239392821
46;2;1709;1.736279358331866
46;2;1719;1.7463954302776488
46;2;1729;1.675525643036515
46;2;1739;1.5575141026987136
46;2;1749;1.4398240217959304
46;2;1759;1.3184814673158496
46;2;1769;1.2029949485209617
46;2;1779;1.1501616343288832
46;2;1789;1.1374908600054452
46;2;1799;1.1338879840407423
46;2;1809;1.1382635003506525
46;2;1819;1.1552022245516955
46;2;1829;1.1396642872769922
46;2;1839;1.0211725805955483
46;2;1849;0.9285929174292156
46;2;1859;0.8406673345916252
46;2;1869;0.8009131446327047
46;2;1879;0.8477620518453369
46;2;1889;0.9888586011259918
46;2;1899;1.2280765555544677
46;2;1909;1.4475912187803082
46;2;1919;1.5667171551197059
46;2;1929;1.606720511146586
46;2;1939;1.591270214105896
46;2;1949;1.5465260932861729
46;2;1959;1.4890203623388258
46;2;1969;1.4333182255091275
46;2;1979;1.384947263180064
46;2;1989;1.3406867436016374
46;2;1999;1.299781300630078
46;2;2009;1.261349759313926
46;2;2019;1.220696257035435
46;2;2029;1.1779160009640512
46;2;2039;1.1309984225809506
46;2;2049;1.0800396236747327
46;2;2059;1.0243900608737129
46;2;2069;0.9647745629227725
46;2;2079;0.9100626469207834
46;2;2089;0.8655726478342514
46;2;2099;0.8376663659049189
46;2;2109;0.8234903822090724
46;2;2119;0.8204221766814004
46;2;2129;0.8245964148569148
46;2;2139;0.8314926226827265
46;2;2149;0.8355868310419843
46;2;2159;0.8383972295414874
46;2;2169;0.8391443753767805
46;2;2179;0.8394018982240368
46;2;2189;0.8422039386163602
46;2;2199;0.8447825280223642
46;2;2209;0.8457694843999087
46;2;2219;0.8464101712111465
46;2;2229;0.8477560437822201
46;2;2239;0.8562942697955598
46;2;2249;0.8780489967668372
46;2;2259;0.9056425208130593
46;2;2269;0.9178599839301442
46;2;2279;0.9175367591531229
46;2;2289;0.9015872051482534
46;2;2299;0.8863804975966377
46;2;2309;0.8722777080214882
46;2;2319;0.8465237963003999
46;2;2329;0.8302068807978058
46;2;2339;0.8244228730849239
46;2;2349;0.826722137183556
46;2;2359;0.8379371125192386
46;2;2369;0.8530549048965494
46;2;2379;0.8748666890202064
46;2;2389;0.8936460708034059
46;2;2399;0.9145940447308432
46;2;2409;0.9353579669899277
46;2;2419;0.9602259387569523
46;2;2429;0.9853146576849495
46;2;2439;1.0168466005631351
46;2;2447;1.0585664556195378
46;3;405;1.3716942138655879
46;3;415;1.3030504140624117
46;3;425;1.2671090949119095
46;3;435;1.228973922475285
46;3;445;1.189156800928726
46;3;455;1.1447534392788898
46;3;465;1.110166764123238
46;3;475;1.0804302055105313
46;3;485;1.0480288935697863
46;3;495;0.9978652625875353
46;3;505;0.9076322100591815
46;3;515;0.7813407439890391
46;3;525;0.8289705704279069
46;3;535;0.9361856758680684
46;3;545;1.0201351446302176
46;3;555;1.066661111049181
46;3;565;1.0199840698655795
46;3;575;0.9165950047015422
46;3;585;0.8564674396310556
46;3;595;0.8283336959204838
46;3;605;0.8034294535267903
46;3;615;0.7866109236320501
46;3;625;0.788879530701003
46;3;635;0.7909234609599505
46;3;645;0.8246575471677541
46;3;655;0.8769495131972768
46;3;665;0.9398039786485833
46;3;675;0.9898501664331567
46;3;685;0.9976082953793624
46;3;693;0.7898780394780344
46;3;700;1.0481271159360832
46;3;709;1.5290536527965148
46;3;719;1.4581910922376402
46;3;729;0.8754264150134174
46;3;739;0.6772433085843302
46;3;749;0.8594644409608111
46;3;759;0.8795878802506936
46;3;769;0.8586623812925203
46;3;779;0.8377373007114592
46;3;789;0.8283612166383203
46;3;799;0.8237950719398938
46;3;809;0.8199205698924767
46;3;819;0.8143167589667277
46;3;829;0.8048799141192112
46;3;839;0.7948810947646665
46;3;849;0.7881163481090133
46;3;859;0.7853728907827932
46;3;869;0.7854433492432343
46;3;879;0.7865647464821538
46;3;889;0.7875988002309962
46;3;899;0.7891719240222561
46;3;909;0.7903658731126321
46;3;919;0.7921311861528557
46;3;929;0.793074825741938
46;3;939;0.7962970842476822
46;3;949;0.7986229211242476
46;3;959;0.8028825811153316
46;3;969;0.8059228139767639
46;3;979;0.8082633257632991
46;3;989;0.8144682732590289
46;3;999;0.8196976438895177
46;3;1009;0.8214302699561764
46;3;1019;0.823056264486567
46;3;1029;0.8200753888562945
46;3;1039;0.8192211254282283
46;3;1049;0.8200090677143317
46;3;1059;0.8208327661370455
46;3;1069;0.8282030147425378
46;3;1079;0.8336094090661456
46;3;1089;0.8395877514331785
46;3;1099;0.8355534610452164
46;3;1109;0.8187611055746531
46;3;1119;0.80157976047377
46;3;1129;0.7870776471672613
46;3;1139;0.778236461648612
46;3;1149;0.7792632163220973
46;3;1159;0.7893435091466579
46;3;1169;0.7948856240956489
46;3;1179;0.7964159409695931
46;3;1189;0.7987535858562005
46;3;1199;0.8027930758249949
46;3;1209;0.8035766034427564
46;3;1219;0.8010241276159932
46;3;1229;0.7987180988843985
46;3;1239;0.795938704326456
46;3;1249;0.7965414923958793
46;3;1259;0.7985054011990201
46;3;1269;0.7971728243701403
46;3;1279;0.7972742404497558
46;3;1289;0.7943598569325665
46;3;1299;0.7833022096861666
46;3;1309;0.7702580624852898
46;3;1319;0.7624116209941506
46;3;1329;0.7665003628521155
46;3;1339;0.8319262599771534
46;3;1349;1.0565120418847835
46;3;1359;1.4187817298221017
46;3;1369;1.8649298557280929
46;3;1376;2.000749682684658
46;3;1381;1.669549836347596
46;3;1389;1.0335152521371056
46;3;1399;0.8127158992557965
46;3;1409;0.7813274857065645
46;3;1419;0.7706211572911943
46;3;1429;0.7760571814957594
46;3;1439;0.8061537929909341
46;3;1449;0.8436449561888688
46;3;1459;0.8715943671645329
46;3;1469;0.8900791110092611
46;3;1479;0.9024254257130553
46;3;1489;0.90695628723589
46;3;1499;0.9023606550892415
46;3;1509;0.8874570799447364
46;3;1519;0.8596155207287542
46;3;1529;0.8251554777176561
46;3;1539;0.7855875092627836
46;3;1549;0.7588215539198292
46;3;1559;0.7617387905392742
46;3;1569;0.8019588589185285
46;3;1579;0.874863091548791
46;3;1589;0.9735351150360834
46;3;1599;1.077039077395338
46;3;1609;1.1782582969796733
46;3;1619;1.2694982655664913
46;3;1629;1.3427812563181933
46;3;1639;1.4168915587240338
46;3;1649;1.4786740104230338
46;3;1659;1.528626417054225
46;3;1669;1.5796611018256728
46;3;1679;1.6301418210374878
46;3;1689;1.7027600613600626
46;3;1699;1.7778048077432014
46;3;1709;1.8035919220127392
46;3;1719;1.7772886334568478
46;3;1729;1.6864730472467533
46;3;1739;1.5564701708708457
46;3;1749;1.4356562638676131
46;3;1759;1.3161245234823993
46;3;1769;1.2053041850993345
46;3;1779;1.1602955382998388
46;3;1789;1.1508776312033262
46;3;1799;1.1600173945456667
46;3;1809;1.1598891178164767
46;3;1819;1.1867286213338495
46;3;1829;1.1386672387191654
46;3;1839;0.8943823470655548
46;3;1849;0.8295519172796907
46;3;1859;0.7727236917991884
46;3;1869;0.7567445853804265
46;3;1879;0.7978393391836155
46;3;1889;0.8842124794615018
46;3;1899;1.0099058894731414
46;3;1909;1.1289328236145018
46;3;1919;1.2184706113672914
46;3;1929;1.2798383200106331
46;3;1939;1.3050907335843323
46;3;1949;1.3031582908253474
46;3;1959;1.2868211641315095
46;3;1969;1.2643642485211182
46;3;1979;1.2426882765747247
46;3;1989;1.2219765064951817
46;3;1999;1.2003394850191247
46;3;2009;1.1789659385709295
46;3;2019;1.1532515674260186
46;3;2029;1.124236208740797
46;3;2039;1.0907509039701866
46;3;2049;1.0537294969314477
46;3;2059;1.0063911180291238
46;3;2069;0.947682197872509
46;3;2079;0.8917624265199247
46;3;2089;0.8453168082096273
46;3;2099;0.813429498667454
46;3;2109;0.7934208464670086
46;3;2119;0.7833914318649126
46;3;2129;0.7807107871130615
46;3;2139;0.7808433265432612
46;3;2149;0.7805851415212933
46;3;2159;0.7801518369973423
46;3;2169;0.779901997121991
46;3;2179;0.7802141060141544
46;3;2189;0.7825141613665147
46;3;2199;0.7854293557241927
46;3;2209;0.7876793837487949
46;3;2219;0.7901394160742483
46;3;2229;0.7924440690974996
46;3;2239;0.7992330464120556
46;3;2249;0.8110937186708018
46;3;2259;0.8233929739695078
46;3;2269;0.8291344418236885
46;3;2279;0.8286022754724821
46;3;2289;0.818726740953554
46;3;2299;0.809273610729645
46;3;2309;0.8029298225438248
46;3;2319;0.7934331098547738
46;3;2329;0.7864983410439237
46;3;2339;0.7857037583309687
46;3;2349;0.7905280167737458
46;3;2359;0.7991806486335811
46;3;2369;0.8083415463509656
46;3;2379;0.8203836626532219
46;3;2389;0.8338474231502502
46;3;2399;0.8437600336282809
46;3;2409;0.8521610475128061
46;3;2419;0.8635037298713217
46;3;2429;0.8736185043496677
46;3;2439;0.8892843461689486
46;3;2447;0.9046421737061502
46;4;405;1.4041190644080972
46;4;415;1.3172930302069448
46;4;425;1.2659200513865514
46;4;435;1.2170200205338808
46;4;445;1.1672445099330422
46;4;455;1.1150512912502764
46;4;465;1.0735783413525275
46;4;475;1.0382277126526378
46;4;485;1.0022412615224379
46;4;495;0.9505409793835432
46;4;505;0.8629844704831667
46;4;515;0.7552310982815894
46;4;525;0.7871894354454618
46;4;535;0.8599370624499735
46;4;545;0.9384190508708354
46;4;555;0.9916826992279575
46;4;565;0.9725023368955703
46;4;575;0.8978002682122886
46;4;585;0.8492234249158599
46;4;595;0.823651058557598
46;4;605;0.7951964465848416
46;4;615;0.7693877015977778
46;4;625;0.7656141429966444
46;4;635;0.7656445772959555
46;4;645;0.782361205930173
46;4;655;0.8238636274936599
46;4;665;0.8813221135355174
46;4;675;0.9335758731239375
46;4;685;0.9533207198031692
46;4;693;0.7673664376541715
46;4;700;0.9688798012400363
46;4;709;1.4071188766032254
46;4;719;1.3361961118848693
46;4;729;0.7727371795836869
46;4;739;0.6817607081199666
46;4;749;0.8725917451498185
46;4;759;0.8687949263108015
46;4;769;0.8330583008317413
46;4;779;0.8061993541637874
46;4;789;0.7958247622341584
46;4;799;0.7917600456620336
46;4;809;0.7886049956000624
46;4;819;0.7833022705777009
46;4;829;0.7736042313617012
46;4;839;0.7646340423685006
46;4;849;0.7610352167869222
46;4;859;0.7625052496591663
46;4;869;0.7665420335410805
46;4;879;0.7705780385280689
46;4;889;0.7731095027643037
46;4;899;0.7758562425940931
46;4;909;0.7776755296276452
46;4;919;0.7797527067050952
46;4;929;0.7805693300992737
46;4;939;0.7846423979221906
46;4;949;0.7869624899618278
46;4;959;0.7902874496875385
46;4;969;0.7938025193304725
46;4;979;0.7961290201333701
46;4;989;0.8047409002618137
46;4;999;0.8139517986499876
46;4;1009;0.8187523967802297
46;4;1019;0.8224162223182395
46;4;1029;0.8204750002563587
46;4;1039;0.8152223081796276
46;4;1049;0.8188581209664545
46;4;1059;0.8197553588319362
46;4;1069;0.8219700545533092
46;4;1079;0.8263862730938983
46;4;1089;0.8310956297649639
46;4;1099;0.8246386103414153
46;4;1109;0.8106058075953704
46;4;1119;0.7953308376712153
46;4;1129;0.7823406360779138
46;4;1139;0.7666583969960308
46;4;1149;0.754571379917574
46;4;1159;0.7532523671762968
46;4;1169;0.7527051622879197
46;4;1179;0.7507012446682889
46;4;1189;0.7484143088558988
46;4;1199;0.7466893300072902
46;4;1209;0.7451340799687743
46;4;1219;0.7432554697998387
46;4;1229;0.7418585114699457
46;4;1239;0.7410151811312304
46;4;1249;0.7404816526654642
46;4;1259;0.7408320644922924
46;4;1269;0.7416376668517123
46;4;1279;0.7425214813985174
46;4;1289;0.7437624663100886
46;4;1299;0.7439243334265363
46;4;1309;0.7423243438308239
46;4;1319;0.7357650601888337
46;4;1329;0.7274571234282238
46;4;1339;0.7532219000748149
46;4;1349;0.9078742777909637
46;4;1359;1.2102904208675997
46;4;1369;1.6622487723370745
46;4;1376;1.9433325665123564
46;4;1381;1.7365382896442685
46;4;1389;1.1012601645002151
46;4;1399;0.8460442934163145
46;4;1409;0.7970981000975417
46;4;1419;0.7672379642044098
46;4;1429;0.7524104901707146
46;4;1439;0.7731647958312238
46;4;1449;0.8116783200989246
46;4;1459;0.8432801296893837
46;4;1469;0.8654615367123734
46;4;1479;0.880845539373861
46;4;1489;0.8876211848672918
46;4;1499;0.8844772682561977
46;4;1509;0.8708827258855382
46;4;1519;0.8422033263689824
46;4;1529;0.8048847911212188
46;4;1539;0.7606851165973373
46;4;1549;0.7307925691094802
46;4;1559;0.7346861687888323
46;4;1569;0.7869501192371539
46;4;1579;0.8710232888714263
46;4;1589;0.9780365545187879
46;4;1599;1.0869219041868492
46;4;1609;1.1698449732748712
46;4;1619;1.249513813148372
46;4;1629;1.3140213562721874
46;4;1639;1.3636412868659935
46;4;1649;1.414025814585761
46;4;1659;1.457855320948373
46;4;1669;1.522321825019496
46;4;1679;1.5977283592767635
46;4;1689;1.7108763729385799
46;4;1699;1.8296748411570807
46;4;1709;1.8931778196007982
46;4;1719;1.9049317801497672
46;4;1729;1.838326204477315
46;4;1739;1.7238474131972727
46;4;1749;1.5966465788373403
46;4;1759;1.4744059192793368
46;4;1769;1.3461221253516682
46;4;1779;1.2866243718057164
46;4;1789;1.2697521811225798
46;4;1799;1.2727559311356054
46;4;1809;1.2787947770362063
46;4;1819;1.3112469104480255
46;4;1829;1.2602520451933632
46;4;1839;0.9860100594316021
46;4;1849;0.8955325725226506
46;4;1859;0.7980444304216381
46;4;1869;0.7374513351398255
46;4;1879;0.7532406739298195
46;4;1889;0.8553213296702642
46;4;1899;1.0474385850712618
46;4;1909;1.2356936351759842
46;4;1919;1.3588894991590217
46;4;1929;1.4250080236431224
46;4;1939;1.4402073324389137
46;4;1949;1.422789703476838
46;4;1959;1.3856023610456214
46;4;1969;1.3448092329086212
46;4;1979;1.3071447984574875
46;4;1989;1.2730375317549838
46;4;1999;1.2384096652146415
46;4;2009;1.206521155141731
46;4;2019;1.1691740304359213
46;4;2029;1.1296727382877667
46;4;2039;1.084371351443708
46;4;2049;1.0350451478757108
46;4;2059;0.9782022863936425
46;4;2069;0.9122803720529037
46;4;2079;0.8525333395431205
46;4;2089;0.8046910977012001
46;4;2099;0.7755423699359311
46;4;2109;0.7616966691489719
46;4;2119;0.7603127111726253
46;4;2129;0.7665396276183785
46;4;2139;0.7743531640468684
46;4;2149;0.7781901393167939
46;4;2159;0.7808985667729154
46;4;2169;0.7820247138419998
46;4;2179;0.7833609872877578
46;4;2189;0.7883704656413322
46;4;2199;0.79335102750918
46;4;2209;0.7978422899906304
46;4;2219;0.8021685650337258
46;4;2229;0.8054899338770887
46;4;2239;0.8203717429790198
46;4;2249;0.8449748427358345
46;4;2259;0.873842704407072
46;4;2269;0.8862113527753331
46;4;2279;0.8834100166957435
46;4;2289;0.8672293890396615
46;4;2299;0.8507973701109712
46;4;2309;0.8343668250879155
46;4;2319;0.8058915946851073
46;4;2329;0.7832619112995409
46;4;2339;0.7708571322173214
46;4;2349;0.7658105387206203
46;4;2359;0.7686905704327103
46;4;2369;0.7768585365623969
46;4;2379;0.790576224546731
46;4;2389;0.8050901741043944
46;4;2399;0.8214093329881097
46;4;2409;0.8360237549255705
46;4;2419;0.8553085934264152
46;4;2429;0.873962211635122
46;4;2439;0.9053411674238058
46;4;2447;0.9342673129000911
