seed;fold;banda_nm;vip
42;1;405;1.0989029713688883
42;1;415;1.0877303793146038
42;1;425;1.0777841203694052
42;1;435;1.0654028360921979
42;1;445;1.0598718095514983
42;1;455;1.0513065149920489
42;1;465;1.0426925925825503
42;1;475;1.033757716152323
42;1;485;1.0274331878829799
42;1;495;1.0202525483689302
42;1;505;1.0164422708972116
42;1;515;1.0170789881809665
42;1;525;1.035438102369732
42;1;535;1.064415327251432
42;1;545;1.066281514857693
42;1;555;1.061099771185941
42;1;565;1.0451442960018775
42;1;575;1.0262410417099892
42;1;585;1.0180947087815486
42;1;595;1.0146788689027237
42;1;605;1.0141569849500642
42;1;615;1.0101212608826518
42;1;625;1.0084923642047106
42;1;635;1.0077640955614673
42;1;645;1.0060384784344711
42;1;655;1.0054435006728182
42;1;665;1.0051222025873687
42;1;675;1.0073850361210837
42;1;685;1.015089651606584
42;1;695;1.0314369999442643
42;1;705;0.6120471196539043
42;1;715;0.19665589183504545
42;1;725;0.4798848385884703
42;1;735;1.1890450257951688
42;1;745;1.2394686888280448
42;1;755;1.1729568372318762
42;1;765;1.1269449754174754
42;1;775;1.0941625960089856
42;1;785;1.0814587540648524
42;1;795;1.0746225637255293
42;1;805;1.07132888033289
42;1;815;1.0689286909248998
42;1;825;1.0583052042800973
42;1;835;1.044690054687572
42;1;845;1.027613293164659
42;1;855;1.0160306291142511
42;1;865;1.0091848238327195
42;1;875;1.0049219069304105
42;1;885;1.0025141658244952
42;1;895;1.0012098687929225
42;1;905;1.0001797753734862
42;1;915;0.9990748844956768
42;1;925;0.9981269748780539
42;1;935;0.9974944879343797
42;1;945;0.9957872974189453
42;1;955;0.9941609653316769
42;1;965;0.9939306362655791
42;1;975;0.9952302231365511
42;1;985;0.9945196461579536
42;1;995;0.9959011245050878
42;1;1005;0.9903441932054386
42;1;1015;0.9903724421109488
42;1;1025;0.9895761667611978
42;1;1035;0.9885524963056175
42;1;1045;0.9835618244922076
42;1;1055;0.9802719787202911
42;1;1065;0.9765375988695811
42;1;1075;0.9705104358104033
42;1;1085;0.9639107492016373
42;1;1095;0.9621326222271409
42;1;1105;0.9672872339919503
42;1;1115;0.9752328934731209
42;1;1125;0.9815673799679998
42;1;1135;0.9890517656456099
42;1;1145;0.9935032174746151
42;1;1155;0.9929515937747405
42;1;1165;0.9881056403269768
42;1;1175;0.9844552705781954
42;1;1185;0.9815928361907547
42;1;1195;0.9767789579321784
42;1;1205;0.9739372121354232
42;1;1215;0.9730934098236647
42;1;1225;0.9744174460546827
42;1;1235;0.9718916554426377
42;1;1245;0.969925300906067
42;1;1255;0.9653519602435449
42;1;1265;0.9634325246974146
42;1;1275;0.962344514649123
42;1;1285;0.9607356808258162
42;1;1295;0.9589607771309212
42;1;1305;0.9617657982131523
42;1;1315;0.9645336028269336
42;1;1325;0.9727327064341103
42;1;1335;0.9876631208661927
42;1;1345;0.9853897283972005
42;1;1355;0.9198854947706255
42;1;1365;0.7812970644872095
42;1;1375;0.48231578542278314
42;1;1385;0.4562190128320095
42;1;1395;0.7101954213310006
42;1;1405;0.8125455556274657
42;1;1415;0.8875933984557589
42;1;1425;0.9533498449413967
42;1;1435;1.0072604307259665
42;1;1445;1.0455326599343637
42;1;1455;1.0691090005381465
42;1;1465;1.0841057978342699
42;1;1475;1.0985739378929111
42;1;1485;1.1132451885446553
42;1;1495;1.1263760615160447
42;1;1505;1.1392243471038257
42;1;1515;1.1506058263662988
42;1;1525;1.1593686316146614
42;1;1535;1.1634314588850532
42;1;1545;1.160655079479382
42;1;1555;1.1537334303890954
42;1;1565;1.13923037976025
42;1;1575;1.1253901551431238
42;1;1585;1.1112521251153717
42;1;1595;1.1102062597942104
42;1;1605;1.1015589140273223
42;1;1615;1.09090082341329
42;1;1625;1.0762058608395537
42;1;1635;1.0526288640640284
42;1;1645;1.0126720459304845
42;1;1655;0.9442821108632297
42;1;1665;0.8557620438386236
42;1;1675;0.733438070818227
42;1;1685;0.6127453832611558
42;1;1695;0.5479530301404562
42;1;1705;0.559597080670033
42;1;1715;0.6013320300619429
42;1;1725;0.640108604794915
42;1;1735;0.7152919879031586
42;1;1745;0.7863425756125657
42;1;1755;0.8459474818926745
42;1;1765;0.8761316947256158
42;1;1775;0.8948475096242997
42;1;1785;0.8946766313421269
42;1;1795;0.8807472682925312
42;1;1805;0.8651138335423941
42;1;1815;0.8597675542245959
42;1;1825;0.8488524306813019
42;1;1835;1.1871535036815235
42;1;1845;1.1124535327815148
42;1;1855;1.031444203851005
42;1;1865;0.9596869677802895
42;1;1875;0.9274664589785055
42;1;1885;0.9477829396794949
42;1;1895;1.0023609611736537
42;1;1905;1.0472557838895122
42;1;1915;1.0806844517954373
42;1;1925;1.1092346790626515
42;1;1935;1.1260274839144946
42;1;1945;1.1337732078846998
42;1;1955;1.133653509755725
42;1;1965;1.1271815186059728
42;1;1975;1.1215846628329287
42;1;1985;1.1143932245850634
42;1;1995;1.1059502764442593
42;1;2005;1.0963933276457902
42;1;2015;1.088237350933784
42;1;2025;1.0769424030886976
42;1;2035;1.0654616759833626
42;1;2045;1.0537583624487425
42;1;2055;1.0404488441983597
42;1;2065;1.026934401455034
42;1;2075;1.0123991261099434
42;1;2085;1.0000115290054161
42;1;2095;0.9903369579969199
42;1;2105;0.9844868083416919
42;1;2115;0.9817359879119412
42;1;2125;0.9828739333014229
42;1;2135;0.9878544823341516
42;1;2145;0.9939652959698124
42;1;2155;1.0012489785553644
42;1;2165;1.00727021233109
42;1;2175;1.0117902143910953
42;1;2185;1.0151845095596665
42;1;2195;1.0194143609445858
42;1;2205;1.02139152082423
42;1;2215;1.0256986548127267
42;1;2225;1.0282483152665423
42;1;2235;1.0332669928154543
42;1;2245;1.037877928436548
42;1;2255;1.0399268014259202
42;1;2265;1.033188148624305
42;1;2275;1.0208295626508161
42;1;2285;1.0146878648240398
42;1;2295;1.0174989797792702
42;1;2305;1.0132114624805606
42;1;2315;0.9962844436161217
42;1;2325;0.9878004604299546
42;1;2335;0.9884523294442886
42;1;2345;0.9892481312410237
42;1;2355;0.9900107660898113
42;1;2365;0.9914911913382297
42;1;2375;0.9958936071316213
42;1;2385;0.9990541122301823
42;1;2395;1.0031981598834974
42;1;2405;1.0083276924920443
42;1;2415;1.0138043870900078
42;1;2425;1.0228946266430272
42;1;2435;1.0316174992455167
42;1;2445;1.0413973295363197
42;1;2450;1.0480028179112943
42;2;405;1.1058168500376775
42;2;415;1.0909567127920101
42;2;425;1.07092084658999
42;2;435;1.0577772699990045
42;2;445;1.0536451552190786
42;2;455;1.041571077885181
42;2;465;1.0327594036710515
42;2;475;1.0225528555985661
42;2;485;1.0165772716987715
42;2;495;1.0103242000334893
42;2;505;1.007030721536987
42;2;515;1.0069322338071374
42;2;525;1.021957159383117
42;2;535;1.0501268433497168
42;2;545;1.0512742635081251
42;2;555;1.0489903864736474
42;2;565;1.0378849249487339
42;2;575;1.023124120144598
42;2;585;1.0168236315683037
42;2;595;1.0142099932139221
42;2;605;1.014862464734141
42;2;615;1.0123210346282299
42;2;625;1.011577235554231
42;2;635;1.0112580163359397
42;2;645;1.0101620483572311
42;2;655;1.0100048242474464
42;2;665;1.0098969653564613
42;2;675;1.0113519637144415
42;2;685;1.0178810845814035
42;2;695;1.033435991314169
42;2;705;0.5041481658803064
42;2;715;0.2295950973825222
42;2;725;0.19413164325753746
42;2;735;1.0408381894083194
42;2;745;1.189836416960906
42;2;755;1.1466913334975242
42;2;765;1.1080665819437132
42;2;775;1.0780910295196922
42;2;785;1.0673873219577252
42;2;795;1.0611961573478288
42;2;805;1.058415129232232
42;2;815;1.0578540919495965
42;2;825;1.0499105782249318
42;2;835;1.0398722840579404
42;2;845;1.026196639708073
42;2;855;1.017497807737725
42;2;865;1.0118710013810825
42;2;875;1.0083030813093896
42;2;885;1.0059459066183978
42;2;895;1.0046419914614402
42;2;905;1.0036919377243942
42;2;915;1.0024740655212
42;2;925;1.0010062843660923
42;2;935;1.0000286068629909
42;2;945;0.9974383565014402
42;2;955;0.9952235855364298
42;2;965;0.9947002091115051
42;2;975;0.9962458438033222
42;2;985;0.9953104294415182
42;2;995;0.9967549800413589
42;2;1005;0.9912930862218606
42;2;1015;0.9898344872381849
42;2;1025;0.9896970448985949
42;2;1035;0.9891829511918098
42;2;1045;0.9846280640222451
42;2;1055;0.9819471657435158
42;2;1065;0.980653273734553
42;2;1075;0.9725090892503379
42;2;1085;0.9637485113900094
42;2;1095;0.9589119027604204
42;2;1105;0.962788640619412
42;2;1115;0.9731434318692034
42;2;1125;0.9809812473145928
42;2;1135;0.9893408133653976
42;2;1145;0.9945401730323595
42;2;1155;0.9951623385403363
42;2;1165;0.9896870844540984
42;2;1175;0.9857868628870728
42;2;1185;0.9831599486447961
42;2;1195;0.9792741582267294
42;2;1205;0.9771061827753671
42;2;1215;0.9764182991494259
42;2;1225;0.9772384652175484
42;2;1235;0.9740688776432108
42;2;1245;0.9726641075726683
42;2;1255;0.9684410735159417
42;2;1265;0.9676186650104251
42;2;1275;0.966431136507047
42;2;1285;0.9642628868804382
42;2;1295;0.9631012000082787
42;2;1305;0.9647079899466618
42;2;1315;0.9607504869116265
42;2;1325;0.9614827398034197
42;2;1335;0.9806906432586269
42;2;1345;0.9905176027668959
42;2;1355;0.9101422357837375
42;2;1365;0.7405888462825444
42;2;1375;0.4261694502175103
42;2;1385;0.515923685752487
42;2;1395;0.7418622939029254
42;2;1405;0.8291648734797198
42;2;1415;0.8926757520357331
42;2;1425;0.9480787283273564
42;2;1435;0.998976555964289
42;2;1445;1.040229237228586
42;2;1455;1.0658104728467483
42;2;1465;1.085917425698808
42;2;1475;1.1071128092993292
42;2;1485;1.1304902229783684
42;2;1495;1.1515251870240648
42;2;1505;1.1739349200964304
42;2;1515;1.193550092748813
42;2;1525;1.2121227909923276
42;2;1535;1.2239137565837956
42;2;1545;1.2270104242077835
42;2;1555;1.223345494854773
42;2;1565;1.207765327417525
42;2;1575;1.197325743148042
42;2;1585;1.18469826060481
42;2;1595;1.1899257079524463
42;2;1605;1.1838690620506132
42;2;1615;1.1795650880848787
42;2;1625;1.179647131810217
42;2;1635;1.1608592999268894
42;2;1645;1.1372033459560513
42;2;1655;1.085197106335134
42;2;1665;0.9964531519855433
42;2;1675;0.8814820111150304
42;2;1685;0.7405171045744328
42;2;1695;0.6447192799182904
42;2;1705;0.6112423075396306
42;2;1715;0.6288464178543853
42;2;1725;0.6581671097608482
42;2;1735;0.7264048080565549
42;2;1745;0.7887368959434392
42;2;1755;0.843777113958194
42;2;1765;0.8787063092103499
42;2;1775;0.9013188721821529
42;2;1785;0.902294608650851
42;2;1795;0.8903428289822063
42;2;1805;0.8760026241125366
42;2;1815;0.8714962528422667
42;2;1825;0.8640756858040983
42;2;1835;1.3310498360082397
42;2;1845;1.2352247471131306
42;2;1855;1.1282372274985368
42;2;1865;1.0225148703466511
42;2;1875;0.9355103383864675
42;2;1885;0.8768643026045505
42;2;1895;0.8308618733372679
42;2;1905;0.8513241852329745
42;2;1915;0.9109248625797391
42;2;1925;0.9649221852456932
42;2;1935;0.992533008509763
42;2;1945;1.0075012557742873
42;2;1955;1.0093721697040692
42;2;1965;1.0082737759747948
42;2;1975;1.011923575234663
42;2;1985;1.0123380902055714
42;2;1995;1.011820182919685
42;2;2005;1.0117988032428957
42;2;2015;1.0147972589786163
42;2;2025;1.015823658597002
42;2;2035;1.0170276578703716
42;2;2045;1.0184885068406653
42;2;2055;1.0176284679891445
42;2;2065;1.0163480602044115
42;2;2075;1.0107321873624617
42;2;2085;1.0033867213163934
42;2;2095;0.9955393052240122
42;2;2105;0.9891125339406047
42;2;2115;0.9844830362155038
42;2;2125;0.9827626359208891
42;2;2135;0.9854576900042253
42;2;2145;0.9909746157924751
42;2;2155;0.9967595079623226
42;2;2165;1.001976104875578
42;2;2175;1.0058431550993043
42;2;2185;1.0101588869028604
42;2;2195;1.0158328918303847
42;2;2205;1.019221816059001
42;2;2215;1.027891790460728
42;2;2225;1.0329663381341734
42;2;2235;1.0391483711266836
42;2;2245;1.043791820045278
42;2;2255;1.0401264848330518
42;2;2265;1.0272496267621765
42;2;2275;1.0096845517833561
42;2;2285;1.0028651161341904
42;2;2295;1.0124881511820605
42;2;2305;1.0106962438760787
42;2;2315;0.9947236276288406
42;2;2325;0.9892877540561033
42;2;2335;0.992656253388838
42;2;2345;0.994803602365316
42;2;2355;0.9950654663670732
42;2;2365;0.995441952216856
42;2;2375;0.9977039500414815
42;2;2385;0.99801212402572
42;2;2395;1.000599025991271
42;2;2405;1.0037094220611917
42;2;2415;1.015462856762162
42;2;2425;1.0232253711945007
42;2;2435;1.0414601918819795
42;2;2445;1.058740300142154
42;2;2450;1.0615555853957375
42;3;405;1.0890980237461814
42;3;415;1.0714642144670805
42;3;425;1.0561612560372833
42;3;435;1.0446330690536219
42;3;445;1.0406655937757874
42;3;455;1.0315397888749227
42;3;465;1.0219635764548018
42;3;475;1.0126383616043293
42;3;485;1.0060458436857287
42;3;495;1.0000093798007599
42;3;505;0.9969198088864074
42;3;515;0.9965685516684049
42;3;525;1.0137739110865567
42;3;535;1.0471322836492505
42;3;545;1.0514270539838062
42;3;555;1.0488804789742137
42;3;565;1.0327093723044865
42;3;575;1.0140423028491212
42;3;585;1.0069530885390339
42;3;595;1.0041024489477541
42;3;605;1.0046252026337048
42;3;615;1.0018237913127601
42;3;625;1.001045086131675
42;3;635;1.0007269259807556
42;3;645;0.9996176404551159
42;3;655;0.9993974287755375
42;3;665;0.9992018764078461
42;3;675;1.0005323908838644
42;3;685;1.0073610895277685
42;3;695;1.0253151979067543
42;3;705;0.6172438161513304
42;3;715;0.11756219280111634
42;3;725;0.39912957652286146
42;3;735;1.1211245738265492
42;3;745;1.2163423183908275
42;3;755;1.1622808578283756
42;3;765;1.1186645712449874
42;3;775;1.0849878948099432
42;3;785;1.0721724204921423
42;3;795;1.0658350972538337
42;3;805;1.0629265655980917
42;3;815;1.0611152821143952
42;3;825;1.0514645560352485
42;3;835;1.0381763330798641
42;3;845;1.0209188324961966
42;3;855;1.0096941970358155
42;3;865;1.0028381139199398
42;3;875;0.9981430693723682
42;3;885;0.9952391468635817
42;3;895;0.9932270443086225
42;3;905;0.9917282761357014
42;3;915;0.9902000803190958
42;3;925;0.9884670712412095
42;3;935;0.9870559301141643
42;3;945;0.9844485545642512
42;3;955;0.9822470751960267
42;3;965;0.9814135581021015
42;3;975;0.9830098894231772
42;3;985;0.9819457369616666
42;3;995;0.9833965144152192
42;3;1005;0.9779684038176328
42;3;1015;0.9768597442322422
42;3;1025;0.9767681352576093
42;3;1035;0.9749503308648588
42;3;1045;0.9692102511476984
42;3;1055;0.9667311031524985
42;3;1065;0.9640337755974215
42;3;1075;0.9582365317672598
42;3;1085;0.9531473979813933
42;3;1095;0.9510579000246943
42;3;1105;0.9571147158969602
42;3;1115;0.9648724874919732
42;3;1125;0.9688138484251527
42;3;1135;0.9767502506565846
42;3;1145;0.9840269163719249
42;3;1155;0.9875304033457678
42;3;1165;0.986058289243774
42;3;1175;0.9864074900018801
42;3;1185;0.9874199219857172
42;3;1195;0.9843372839070682
42;3;1205;0.9822152613524837
42;3;1215;0.9826331720305811
42;3;1225;0.9850108280920641
42;3;1235;0.9806449737430567
42;3;1245;0.9761629255976776
42;3;1255;0.9694065574234512
42;3;1265;0.9663674790599459
42;3;1275;0.9646250522701036
42;3;1285;0.9606534132817698
42;3;1295;0.9555153187336725
42;3;1305;0.9531452580434203
42;3;1315;0.9486742419405947
42;3;1325;0.9516638186276796
42;3;1335;0.9734261128187411
42;3;1345;1.0015690032245406
42;3;1355;0.9637577301926149
42;3;1365;0.8717462231343042
42;3;1375;0.6776739423071836
42;3;1385;0.5221508517477296
42;3;1395;0.7327761322590503
42;3;1405;0.8250250055633764
42;3;1415;0.8937897507972887
42;3;1425;0.9549584130922832
42;3;1435;1.0102148113028402
42;3;1445;1.0546313551994424
42;3;1455;1.0823683199842244
42;3;1465;1.1032033971276403
42;3;1475;1.1245804874925904
42;3;1485;1.1485465922124967
42;3;1495;1.1715400671944247
42;3;1505;1.1946519509749067
42;3;1515;1.2142026806854969
42;3;1525;1.2301325371341851
42;3;1535;1.2368493827691263
42;3;1545;1.233887791836321
42;3;1555;1.2244108917690184
42;3;1565;1.2048906035154283
42;3;1575;1.189962727882129
42;3;1585;1.1740256433011156
42;3;1595;1.1776572510642698
42;3;1605;1.174250461140045
42;3;1615;1.174321712071908
42;3;1625;1.1774136730679816
42;3;1635;1.163796142947475
42;3;1645;1.139916134534905
42;3;1655;1.0893087763851743
42;3;1665;0.9970931871103629
42;3;1675;0.8695898635567857
42;3;1685;0.7131994597941065
42;3;1695;0.6004539199716494
42;3;1705;0.5667862992329051
42;3;1715;0.5805129166864569
42;3;1725;0.6050668610905158
42;3;1735;0.6734027378466912
42;3;1745;0.745869566363998
42;3;1755;0.8046327928025514
42;3;1765;0.8442950959891258
42;3;1775;0.8681831711229125
42;3;1785;0.8688133551296705
42;3;1795;0.8561970538820197
42;3;1805;0.8404226823495007
42;3;1815;0.8364804397985083
42;3;1825;0.8336444710764511
42;3;1835;1.3291679315310831
42;3;1845;1.2453735703592534
42;3;1855;1.1396624540713831
42;3;1865;1.0233475180022873
42;3;1875;0.9285439033334222
42;3;1885;0.8724157405811722
42;3;1895;0.8531339666528095
42;3;1905;0.894280711124971
42;3;1915;0.9528325406948188
42;3;1925;1.0000191646058538
42;3;1935;1.0230400572257976
42;3;1945;1.033186341081177
42;3;1955;1.032950865286905
42;3;1965;1.029620021828756
42;3;1975;1.0300429854374673
42;3;1985;1.0278963768616525
42;3;1995;1.0250769566843976
42;3;2005;1.0218235649436163
42;3;2015;1.0215273477892621
42;3;2025;1.0191797348791503
42;3;2035;1.0166658279040754
42;3;2045;1.0146509754648432
42;3;2055;1.0106076356854181
42;3;2065;1.0077657022667232
42;3;2075;1.0024921311607395
42;3;2085;0.9973518665370369
42;3;2095;0.9934635734681331
42;3;2105;0.9913139878656133
42;3;2115;0.9910467153703055
42;3;2125;0.9921826966996548
42;3;2135;0.9964113002572488
42;3;2145;1.0026843688940295
42;3;2155;1.0089427801481021
42;3;2165;1.0149008418957197
42;3;2175;1.01835568728123
42;3;2185;1.021125201103097
42;3;2195;1.02570366315047
42;3;2205;1.028682113614139
42;3;2215;1.0363613906642226
42;3;2225;1.0422009815837932
42;3;2235;1.0484869165121022
42;3;2245;1.0555828980284838
42;3;2255;1.056405251130624
42;3;2265;1.047950948044273
42;3;2275;1.033113188121014
42;3;2285;1.026769453320451
42;3;2295;1.0314222808623181
42;3;2305;1.0263216902537684
42;3;2315;1.0087779077237524
42;3;2325;0.9983543632980685
42;3;2335;0.9947056863563579
42;3;2345;0.9920474725099593
42;3;2355;0.9880185672074219
42;3;2365;0.9852453756904229
42;3;2375;0.9846350246255622
42;3;2385;0.9836320767043644
42;3;2395;0.9832688865924002
42;3;2405;0.9877567050110211
42;3;2415;0.9945350589213053
42;3;2425;1.0052261295042468
42;3;2435;1.019873119059513
42;3;2445;1.0354311445833821
42;3;2450;1.038127064521168
42;4;405;1.1324251341683473
42;4;415;1.1134414794637169
42;4;425;1.095421663245657
42;4;435;1.0812551592366306
42;4;445;1.0736058777059196
42;4;455;1.0615129672348804
42;4;465;1.048856665014123
42;4;475;1.0365540783966964
42;4;485;1.0271712058475173
42;4;495;1.0185685447985642
42;4;505;1.0128712017233983
42;4;515;1.012106609399723
42;4;525;1.0294991724506413
42;4;535;1.0639720459158757
42;4;545;1.0676808286661557
42;4;555;1.0655038089465232
42;4;565;1.0493290342756079
42;4;575;1.0272076704031772
42;4;585;1.0160142536677517
42;4;595;1.0112716428118111
42;4;605;1.0104141985765294
42;4;615;1.0050500799527025
42;4;625;1.002725227713471
42;4;635;1.0015754152733916
42;4;645;0.9996065433747163
42;4;655;0.9989812191356289
42;4;665;0.9984510907398111
42;4;675;1.0007375017929245
42;4;685;1.0094858425514122
42;4;695;1.0246015608350627
42;4;705;0.39631156676812807
42;4;715;0.28394352394919176
42;4;725;0.2056141445433682
42;4;735;1.0575246845511705
42;4;745;1.2233545333384703
42;4;755;1.1766833198522029
42;4;765;1.1338816686903956
42;4;775;1.1000669546415502
42;4;785;1.0867535830610826
42;4;795;1.0794885125761318
42;4;805;1.0755142324219986
42;4;815;1.0732182531896848
42;4;825;1.0620160309872975
42;4;835;1.0467974943828082
42;4;845;1.0268225577145234
42;4;855;1.013392162700253
42;4;865;1.004822463210201
42;4;875;0.9992468648804732
42;4;885;0.9955972553758722
42;4;895;0.9934800248903112
42;4;905;0.9918221057627254
42;4;915;0.989951542267818
42;4;925;0.9883304051053555
42;4;935;0.9870885412559629
42;4;945;0.983970825390545
42;4;955;0.9820270213836384
42;4;965;0.9806601325122355
42;4;975;0.9818706842806856
42;4;985;0.9801477982811817
42;4;995;0.9803912888396131
42;4;1005;0.9750598589631037
42;4;1015;0.9739495849032185
42;4;1025;0.974090440849003
42;4;1035;0.9734657492276767
42;4;1045;0.9698306321911736
42;4;1055;0.9689262755455006
42;4;1065;0.9688834703857454
42;4;1075;0.9650437136779789
42;4;1085;0.9593381057068062
42;4;1095;0.9577190552015282
42;4;1105;0.9625315223755714
42;4;1115;0.9693629462601887
42;4;1125;0.972580281067842
42;4;1135;0.9767265870351136
42;4;1145;0.9785783495066828
42;4;1155;0.978111532637882
42;4;1165;0.9738185704149412
42;4;1175;0.9712525141000826
42;4;1185;0.97088612265435
42;4;1195;0.969676232499857
42;4;1205;0.9694785612707452
42;4;1215;0.969701473467799
42;4;1225;0.9712084534353015
42;4;1235;0.9684183875537717
42;4;1245;0.9669893156234355
42;4;1255;0.9636866722228141
42;4;1265;0.9627677847295018
42;4;1275;0.962281629321856
42;4;1285;0.9601587147257993
42;4;1295;0.9587436480154892
42;4;1305;0.9598385811214706
42;4;1315;0.9560628337198942
42;4;1325;0.9550201411092877
42;4;1335;0.966548474876335
42;4;1345;0.9742678513738452
42;4;1355;0.9022661965833262
42;4;1365;0.7452795233804909
42;4;1375;0.48741316017349123
42;4;1385;0.61065925235909
42;4;1395;0.7952197165944911
42;4;1405;0.8602870787623514
42;4;1415;0.911841931478919
42;4;1425;0.9637979103965898
42;4;1435;1.0153415776891304
42;4;1445;1.057950352961933
42;4;1455;1.0847617863921242
42;4;1465;1.1041456806365928
42;4;1475;1.123699457429658
42;4;1485;1.1441589877040754
42;4;1495;1.1631335433231964
42;4;1505;1.1821849691853232
42;4;1515;1.197746542801934
42;4;1525;1.2109281548505524
42;4;1535;1.216479123702345
42;4;1545;1.2129243459274588
42;4;1555;1.2011898949565083
42;4;1565;1.1792800724853618
42;4;1575;1.1615309770785565
42;4;1585;1.1443780356575386
42;4;1595;1.1444245450172872
42;4;1605;1.1430820714166412
42;4;1615;1.1380088386342895
42;4;1625;1.134342662980772
42;4;1635;1.1221815949023781
42;4;1645;1.0966433372866407
42;4;1655;1.0420172570206476
42;4;1665;0.9520156168709135
42;4;1675;0.837775774645848
42;4;1685;0.7009871674724922
42;4;1695;0.6046420514548903
42;4;1705;0.5861389379186914
42;4;1715;0.610610116518349
42;4;1725;0.6451571576383935
42;4;1735;0.7118230922356423
42;4;1745;0.7770297929050736
42;4;1755;0.833015167146666
42;4;1765;0.8711961202247246
42;4;1775;0.893045702318159
42;4;1785;0.8964215743802213
42;4;1795;0.8877291535075726
42;4;1805;0.8785252628967996
42;4;1815;0.8749427790886337
42;4;1825;0.8716750935311052
42;4;1835;1.3117840117413966
42;4;1845;1.2178876209166556
42;4;1855;1.1119063633005957
42;4;1865;1.003027101256953
42;4;1875;0.9161745454088285
42;4;1885;0.8635235885029133
42;4;1895;0.8532924157927213
42;4;1905;0.9182730020863032
42;4;1915;0.9935414306839796
42;4;1925;1.0518288113464078
42;4;1935;1.0796296533505614
42;4;1945;1.0908121782882254
42;4;1955;1.0881023514783819
42;4;1965;1.08005075406822
42;4;1975;1.0750258072065646
42;4;1985;1.067680502926829
42;4;1995;1.0598090665815154
42;4;2005;1.0522951677766772
42;4;2015;1.0486024333623363
42;4;2025;1.0430965097714027
42;4;2035;1.038442300723159
42;4;2045;1.0329604798197802
42;4;2055;1.0265517055091447
42;4;2065;1.0194146701034983
42;4;2075;1.0073800212167392
42;4;2085;0.9950124081699041
42;4;2095;0.9834899715299131
42;4;2105;0.9747010024377053
42;4;2115;0.9692613213978561
42;4;2125;0.9675336439966153
42;4;2135;0.9711133840494035
42;4;2145;0.977943944775729
42;4;2155;0.985454001377755
42;4;2165;0.9921390483903193
42;4;2175;0.9973621257473745
42;4;2185;1.0015125294008875
42;4;2195;1.0070112602654673
42;4;2205;1.0093779326952619
42;4;2215;1.0175910383440103
42;4;2225;1.022604138280407
42;4;2235;1.026974966461808
42;4;2245;1.0314137421996052
42;4;2255;1.0294518861146216
42;4;2265;1.015558063378912
42;4;2275;0.9977482621101869
42;4;2285;0.9913049570960973
42;4;2295;0.998859034194726
42;4;2305;0.9955116940707808
42;4;2315;0.9802870263752249
42;4;2325;0.9751157752132233
42;4;2335;0.9784036681659626
42;4;2345;0.9813396138456879
42;4;2355;0.982600457284599
42;4;2365;0.9851503685532073
42;4;2375;0.9896957154006023
42;4;2385;0.993413448417783
42;4;2395;0.9972656234826366
42;4;2405;1.0051079634471187
42;4;2415;1.0183210105470772
42;4;2425;1.036966825692391
42;4;2435;1.053921687371527
42;4;2445;1.0791013117312536
42;4;2450;1.088297831663533
43;1;405;1.0930569379268809
43;1;415;1.0812595247701184
43;1;425;1.069143807501078
43;1;435;1.0574258818533038
43;1;445;1.0532645725909735
43;1;455;1.0437504773723152
43;1;465;1.0340133488981242
43;1;475;1.0238911505798034
43;1;485;1.0165041433168003
43;1;495;1.0088187121644159
43;1;505;1.0051407470225227
43;1;515;1.0075869007977107
43;1;525;1.0346641353839037
43;1;535;1.0750426666977655
43;1;545;1.0799905522186788
43;1;555;1.0756744976774726
43;1;565;1.0514274591465076
43;1;575;1.023841271378738
43;1;585;1.0124578093235035
43;1;595;1.0077501031765612
43;1;605;1.0069498716703995
43;1;615;1.0024367756406647
43;1;625;1.0007407736016347
43;1;635;1.0000220025466038
43;1;645;0.9983195911411634
43;1;655;0.9977477232952539
43;1;665;0.9974116312371362
43;1;675;0.9992407015076938
43;1;685;1.0064118509848854
43;1;695;1.0234761296672599
43;1;705;0.605935652604147
43;1;715;0.2667880308144924
43;1;725;0.5786720325595411
43;1;735;1.2096002484434178
43;1;745;1.2669786306552921
43;1;755;1.199252118054583
43;1;765;1.1510987131119275
43;1;775;1.1151801829830494
43;1;785;1.1012822992127398
43;1;795;1.0928110234984982
43;1;805;1.0893779980784812
43;1;815;1.0874677500785326
43;1;825;1.0754922845153878
43;1;835;1.0593244048436545
43;1;845;1.0374172927713046
43;1;855;1.0220264600289757
43;1;865;1.012079209429107
43;1;875;1.0052276983505344
43;1;885;1.0005686963348273
43;1;895;0.9980017352471359
43;1;905;0.995678736888274
43;1;915;0.9931626738439423
43;1;925;0.9910427029624456
43;1;935;0.9892972648938977
43;1;945;0.9854913227563572
43;1;955;0.9829151935315477
43;1;965;0.9813943315806293
43;1;975;0.9822422920774894
43;1;985;0.9791847687932229
43;1;995;0.9793064754201685
43;1;1005;0.9732543788812343
43;1;1015;0.9711551331857258
43;1;1025;0.9711424879276847
43;1;1035;0.9707262331508518
43;1;1045;0.9658024222375282
43;1;1055;0.9635854784887523
43;1;1065;0.9625741763916275
43;1;1075;0.9566017842361924
43;1;1085;0.9505175648423203
43;1;1095;0.9481468049013914
43;1;1105;0.9534484667640111
43;1;1115;0.9601786090314488
43;1;1125;0.9639402836224108
43;1;1135;0.9712964584824982
43;1;1145;0.9781443004642734
43;1;1155;0.9818870337318458
43;1;1165;0.980674803891362
43;1;1175;0.9807129612697841
43;1;1185;0.9813843964487007
43;1;1195;0.977782205278347
43;1;1205;0.9756223249308266
43;1;1215;0.9762575785927191
43;1;1225;0.9789929153924016
43;1;1235;0.9753742352006087
43;1;1245;0.9722386299200435
43;1;1255;0.9655681323580085
43;1;1265;0.9622567300769692
43;1;1275;0.9593664969508618
43;1;1285;0.9553082288865425
43;1;1295;0.9494699419735851
43;1;1305;0.9462289118280276
43;1;1315;0.9393456440196812
43;1;1325;0.941457088383689
43;1;1335;0.9672628509604547
43;1;1345;1.0017235789345134
43;1;1355;0.9505298015460644
43;1;1365;0.8424868456143292
43;1;1375;0.6597907748588023
43;1;1385;0.5550713575503309
43;1;1395;0.719279525874752
43;1;1405;0.8026231799264477
43;1;1415;0.87550970966694
43;1;1425;0.9431327981080389
43;1;1435;1.0005384094234921
43;1;1445;1.043173740354957
43;1;1455;1.0691647364499623
43;1;1465;1.0880705358836227
43;1;1475;1.1071035986877726
43;1;1485;1.1286015688222504
43;1;1495;1.1487748487132965
43;1;1505;1.1686537326126683
43;1;1515;1.1868827992918909
43;1;1525;1.201992152333367
43;1;1535;1.2091171336082651
43;1;1545;1.2063566299232968
43;1;1555;1.1952689315466247
43;1;1565;1.1732966687981177
43;1;1575;1.1550209446493078
43;1;1585;1.1403665847914704
43;1;1595;1.1440270633674203
43;1;1605;1.1438956636009758
43;1;1615;1.1508934535616737
43;1;1625;1.1588830673064197
43;1;1635;1.1548180586658021
43;1;1645;1.1464506411195048
43;1;1655;1.113514446194494
43;1;1665;1.046832764412882
43;1;1675;0.9367356844489664
43;1;1685;0.7809438044380713
43;1;1695;0.6273472909159281
43;1;1705;0.5594223352946985
43;1;1715;0.5614187683906358
43;1;1725;0.5877898744760675
43;1;1735;0.6648694558802536
43;1;1745;0.7413415039670189
43;1;1755;0.8070758629757648
43;1;1765;0.8532504039563054
43;1;1775;0.8789540547921565
43;1;1785;0.8823013611405338
43;1;1795;0.8676175377930545
43;1;1805;0.85191485520985
43;1;1815;0.8378801280331039
43;1;1825;0.8286055770844386
43;1;1835;1.2579710155432744
43;1;1845;1.1662443237186981
43;1;1855;1.0619567721976808
43;1;1865;0.9593401980153464
43;1;1875;0.8910334661706306
43;1;1885;0.875674785322961
43;1;1895;0.9020500374200453
43;1;1905;0.9531313929648063
43;1;1915;1.002521885666735
43;1;1925;1.0411203656193424
43;1;1935;1.0596213446070666
43;1;1945;1.0693780490514206
43;1;1955;1.0677699538318475
43;1;1965;1.0629055633057167
43;1;1975;1.0616866856630687
43;1;1985;1.0562163094288686
43;1;1995;1.050819896407151
43;1;2005;1.0449573477224467
43;1;2015;1.042280343670139
43;1;2025;1.037318524036221
43;1;2035;1.0332820590707272
43;1;2045;1.0293541274582763
43;1;2055;1.022490750650761
43;1;2065;1.015122656869489
43;1;2075;1.0046541031333929
43;1;2085;0.9948740888785477
43;1;2095;0.9866921307630684
43;1;2105;0.9810773160949695
43;1;2115;0.9780658080848673
43;1;2125;0.9779734357296828
43;1;2135;0.9813009814162408
43;1;2145;0.986713200775622
43;1;2155;0.9926324107925467
43;1;2165;0.9968158263205427
43;1;2175;1.0005675603923168
43;1;2185;1.0032248230915166
43;1;2195;1.0078140111863012
43;1;2205;1.0107377161324078
43;1;2215;1.0165301703942735
43;1;2225;1.0206244508962985
43;1;2235;1.026567209733772
43;1;2245;1.0318348534756767
43;1;2255;1.0330708234820944
43;1;2265;1.0258158903171737
43;1;2275;1.0126582673879572
43;1;2285;1.0079535303177165
43;1;2295;1.0135943972159491
43;1;2305;1.0105644985734514
43;1;2315;0.9934594004117779
43;1;2325;0.9845627790676682
43;1;2335;0.9843386669761675
43;1;2345;0.983917601240138
43;1;2355;0.9823960029516589
43;1;2365;0.9817077153905589
43;1;2375;0.9833871167447003
43;1;2385;0.9841884242864432
43;1;2395;0.9860365196253957
43;1;2405;0.9888441111553743
43;1;2415;0.9942745818377385
43;1;2425;1.004562670856864
43;1;2435;1.0150186413221884
43;1;2445;1.0295890594300492
43;1;2450;1.0392771572319224
43;2;405;1.1598137765823313
43;2;415;1.1396104874758803
43;2;425;1.1194918983853936
43;2;435;1.1010918634392428
43;2;445;1.0916107355870404
43;2;455;1.0760413200163457
43;2;465;1.0632260770696527
43;2;475;1.0482840764894765
43;2;485;1.0374864008114
43;2;495;1.0267919612008378
43;2;505;1.0190286481018187
43;2;515;1.0169961900342221
43;2;525;1.035715559725581
43;2;535;1.0701649453246933
43;2;545;1.072030412205797
43;2;555;1.0662112232230814
43;2;565;1.0471410471645233
43;2;575;1.0246726103386858
43;2;585;1.0139779249681236
43;2;595;1.009626585679935
43;2;605;1.0088518650467109
43;2;615;1.0037401103388823
43;2;625;1.0013706752614375
43;2;635;1.000284753231414
43;2;645;0.9984047631679408
43;2;655;0.9979624225252377
43;2;665;0.997681514196101
43;2;675;1.0011355206958656
43;2;685;1.01172204960776
43;2;695;1.02395060272394
43;2;705;0.42489711096225263
43;2;715;0.2411807292183099
43;2;725;0.28464904127187585
43;2;735;1.1290719411293255
43;2;745;1.2591741924590427
43;2;755;1.1973658247316625
43;2;765;1.1467974274055428
43;2;775;1.1083713676399398
43;2;785;1.0929254787335239
43;2;795;1.084163031048319
43;2;805;1.0795538940513678
43;2;815;1.0764232833487979
43;2;825;1.0630423994663778
43;2;835;1.045865783532423
43;2;845;1.0239459616907347
43;2;855;1.009174648412481
43;2;865;0.9999617095376534
43;2;875;0.9943552806753951
43;2;885;0.9909349359342222
43;2;895;0.9889779033367662
43;2;905;0.9877592716021388
43;2;915;0.9861284653687459
43;2;925;0.9846845811679424
43;2;935;0.9836436845140205
43;2;945;0.980898297515331
43;2;955;0.9788428810115514
43;2;965;0.9779598916005857
43;2;975;0.9796633896303698
43;2;985;0.9785144255314651
43;2;995;0.9793740183063914
43;2;1005;0.9745053899794079
43;2;1015;0.9741099514997016
43;2;1025;0.973458796056329
43;2;1035;0.9726188382933322
43;2;1045;0.9686161051777075
43;2;1055;0.9662415440074477
43;2;1065;0.9644909006659043
43;2;1075;0.9584937021385929
43;2;1085;0.9502181376662515
43;2;1095;0.9458203473824192
43;2;1105;0.9510931598426668
43;2;1115;0.9596972640128497
43;2;1125;0.9668226379912431
43;2;1135;0.9742029248326871
43;2;1145;0.9783348949049511
43;2;1155;0.9784366197658634
43;2;1165;0.9735029572404494
43;2;1175;0.9698873211142403
43;2;1185;0.96742771116268
43;2;1195;0.9637749121598981
43;2;1205;0.9619423711555488
43;2;1215;0.9616761807092851
43;2;1225;0.96362136971243
43;2;1235;0.9614775284590109
43;2;1245;0.961196443234486
43;2;1255;0.9577197358146103
43;2;1265;0.9571508997937498
43;2;1275;0.9567495088067111
43;2;1285;0.9557049809251194
43;2;1295;0.9552496998316136
43;2;1305;0.9577021556577047
43;2;1315;0.9559811722967492
43;2;1325;0.9564917052045653
43;2;1335;0.9701416503251786
43;2;1345;0.9729119196686544
43;2;1355;0.893508023551081
43;2;1365;0.7232333049075159
43;2;1375;0.41870210624572046
43;2;1385;0.5976496467226605
43;2;1395;0.8001650050174747
43;2;1405;0.8636599002248002
43;2;1415;0.9155035832699476
43;2;1425;0.9698079390930199
43;2;1435;1.022982908765158
43;2;1445;1.0657249486379587
43;2;1455;1.092634856724969
43;2;1465;1.1109689792539872
43;2;1475;1.1284937185536306
43;2;1485;1.1460881639254812
43;2;1495;1.1618821161887456
43;2;1505;1.1762994707836552
43;2;1515;1.1872621084937156
43;2;1525;1.1946503755049946
43;2;1535;1.1949617992523824
43;2;1545;1.1840237870161503
43;2;1555;1.164831324910639
43;2;1565;1.1356050866806353
43;2;1575;1.1093526619195202
43;2;1585;1.0842113673317757
43;2;1595;1.0749299163697987
43;2;1605;1.0611119253504924
43;2;1615;1.0476645628241252
43;2;1625;1.0335295491962044
43;2;1635;1.0090200155015177
43;2;1645;0.9770587017562627
43;2;1655;0.9206165238753079
43;2;1665;0.8269687673427863
43;2;1675;0.7119495796530877
43;2;1685;0.5840362331917981
43;2;1695;0.5191162017931662
43;2;1705;0.5359093714170342
43;2;1715;0.5806729656225343
43;2;1725;0.6200909456943251
43;2;1735;0.6886521114161147
43;2;1745;0.7559903466400433
43;2;1755;0.8151826494453547
43;2;1765;0.8533082736771205
43;2;1775;0.8764493115324495
43;2;1785;0.8830647898641666
43;2;1795;0.8777448340579669
43;2;1805;0.8684693887653521
43;2;1815;0.869263332643757
43;2;1825;0.8683569920597763
43;2;1835;1.2542257622807516
43;2;1845;1.162103154402186
43;2;1855;1.0592962502380059
43;2;1865;0.9654752878543752
43;2;1875;0.9098005949995562
43;2;1885;0.9093316844398074
43;2;1895;0.9632791884550512
43;2;1905;1.0455147701722072
43;2;1915;1.1134392192512905
43;2;1925;1.160321172822404
43;2;1935;1.1801404535078663
43;2;1945;1.1847050557147387
43;2;1955;1.1763859794985017
43;2;1965;1.1619179664488095
43;2;1975;1.150136024156946
43;2;1985;1.136629477045571
43;2;1995;1.1232757499520412
43;2;2005;1.1101267822570002
43;2;2015;1.0995493215327614
43;2;2025;1.0864706327557334
43;2;2035;1.0736051937110465
43;2;2045;1.0603486688680863
43;2;2055;1.0446964195926183
43;2;2065;1.0288333778775591
43;2;2075;1.0101439237598053
43;2;2085;0.9946432393175368
43;2;2095;0.9825385164588983
43;2;2105;0.9751007963330239
43;2;2115;0.9718641779088455
43;2;2125;0.9723686296232396
43;2;2135;0.9772176499988507
43;2;2145;0.9838016099906353
43;2;2155;0.9902457504829815
43;2;2165;0.9958389894045522
43;2;2175;0.9991403885545089
43;2;2185;1.0024837570048415
43;2;2195;1.0077279053896822
43;2;2205;1.009191755898473
43;2;2215;1.0155758045340242
43;2;2225;1.0199124711388379
43;2;2235;1.0261280800509487
43;2;2245;1.0321663954986349
43;2;2255;1.0361100954621971
43;2;2265;1.0276933503683046
43;2;2275;1.01463159070098
43;2;2285;1.0075743723329462
43;2;2295;1.0116365482723912
43;2;2305;1.005882408907079
43;2;2315;0.9877286057936131
43;2;2325;0.9788598384509981
43;2;2335;0.978331823976214
43;2;2345;0.9794488717618857
43;2;2355;0.9808342256997648
43;2;2365;0.9841575046919177
43;2;2375;0.9904118326845448
43;2;2385;0.9963858012672635
43;2;2395;1.0029744551502477
43;2;2405;1.0130623901412938
43;2;2415;1.0279184037760807
43;2;2425;1.0449272987329423
43;2;2435;1.0653071117157416
43;2;2445;1.0865647655574706
43;2;2450;1.098269162236363
43;3;405;1.069055434203986
43;3;415;1.0592166674777426
43;3;425;1.0535876421705215
43;3;435;1.0482409244369257
43;3;445;1.0474056384738228
43;3;455;1.0444596437041256
43;3;465;1.0380755104491872
43;3;475;1.0326281258556056
43;3;485;1.0289733809355708
43;3;495;1.0252782513591114
43;3;505;1.0234917200176634
43;3;515;1.022552081904257
43;3;525;1.0283643447623392
43;3;535;1.0425179843895234
43;3;545;1.0397611609058854
43;3;555;1.040031656664541
43;3;565;1.0439545896718834
43;3;575;1.0401878065588346
43;3;585;1.0366166704416828
43;3;595;1.0341166216169795
43;3;605;1.034888671760289
43;3;615;1.0314391333252795
43;3;625;1.029903659915834
43;3;635;1.028923283916721
43;3;645;1.0267062752803673
43;3;655;1.0262804610959888
43;3;665;1.0258047698952704
43;3;675;1.0273557049441722
43;3;685;1.0341663812139306
43;3;695;1.0528692631427226
43;3;705;0.49940888691189467
43;3;715;0.3682410095656486
43;3;725;0.06189603330474927
43;3;735;0.9180501301978772
43;3;745;1.1158745105951688
43;3;755;1.1023985981687145
43;3;765;1.0802253340042813
43;3;775;1.0616094602622446
43;3;785;1.055380399904536
43;3;795;1.053037944605861
43;3;805;1.0519124019388655
43;3;815;1.051872600394545
43;3;825;1.0475901142848256
43;3;835;1.0408160406219356
43;3;845;1.0324536941504074
43;3;855;1.0271394388297344
43;3;865;1.0239546077260204
43;3;875;1.0215055984433694
43;3;885;1.0201520340073693
43;3;895;1.0191269694444354
43;3;905;1.0183585569573712
43;3;915;1.0175339619032195
43;3;925;1.0164689245858076
43;3;935;1.0156672327268057
43;3;945;1.0140525441546764
43;3;955;1.0125972923404554
43;3;965;1.012370747408407
43;3;975;1.0136283470385858
43;3;985;1.0125913221402256
43;3;995;1.0132431085836595
43;3;1005;1.0084954821936079
43;3;1015;1.0071583667747286
43;3;1025;1.0066998002610203
43;3;1035;1.0056850838272737
43;3;1045;1.0016955762823816
43;3;1055;1.0000241876768432
43;3;1065;0.9971441226155853
43;3;1075;0.9921243521491374
43;3;1085;0.9863027169282169
43;3;1095;0.9836627281784542
43;3;1105;0.9894843582578579
43;3;1115;0.9985631305977088
43;3;1125;1.004193270756621
43;3;1135;1.0111451102415905
43;3;1145;1.0151158645782021
43;3;1155;1.013935377416128
43;3;1165;1.0069215756208112
43;3;1175;1.0008959095569974
43;3;1185;0.9964550999136719
43;3;1195;0.9926062285954838
43;3;1205;0.9898574392299169
43;3;1215;0.9877127641312007
43;3;1225;0.986487413431213
43;3;1235;0.9832417619654751
43;3;1245;0.9814050984325963
43;3;1255;0.9792924486581023
43;3;1265;0.978928021880826
43;3;1275;0.9791411879762681
43;3;1285;0.978385190454777
43;3;1295;0.979050455149221
43;3;1305;0.983411922974418
43;3;1315;0.9853987206276684
43;3;1325;0.9913915294648469
43;3;1335;1.0022354167827041
43;3;1345;0.9952640338241275
43;3;1355;0.9297364847172283
43;3;1365;0.7703027767169001
43;3;1375;0.3895939219517426
43;3;1385;0.45907718636039624
43;3;1395;0.7382064082113666
43;3;1405;0.8421367013816099
43;3;1415;0.913910911132411
43;3;1425;0.9761388957908016
43;3;1435;1.0285520985192391
43;3;1445;1.0675172086895912
43;3;1455;1.0903243539904963
43;3;1465;1.1070342210907693
43;3;1475;1.1240409729015453
43;3;1485;1.1413682115040569
43;3;1495;1.1563959504699204
43;3;1505;1.1734440350788993
43;3;1515;1.1877664050496368
43;3;1525;1.1999085082478307
43;3;1535;1.2057587495372863
43;3;1545;1.207865781684406
43;3;1555;1.2040680498883565
43;3;1565;1.19142523169814
43;3;1575;1.1788757744432268
43;3;1585;1.1646776468187443
43;3;1595;1.160886860090653
43;3;1605;1.1513623275936644
43;3;1615;1.1332162102076548
43;3;1625;1.1094394700216448
43;3;1635;1.0715395405090398
43;3;1645;1.0147971121613033
43;3;1655;0.9257747180035117
43;3;1665;0.8114358438860786
43;3;1675;0.6943711429737519
43;3;1685;0.6123360670215547
43;3;1695;0.6141214951160595
43;3;1705;0.645827689523204
43;3;1715;0.6879641037258035
43;3;1725;0.7168445411701373
43;3;1735;0.7728004567500456
43;3;1745;0.8257656508402391
43;3;1755;0.8738023969131519
43;3;1765;0.9000575074632566
43;3;1775;0.9159234257012236
43;3;1785;0.9150337060399288
43;3;1795;0.9051553959666845
43;3;1805;0.8938376438816745
43;3;1815;0.8938977187378097
43;3;1825;0.888121682213948
43;3;1835;1.2844144332326435
43;3;1845;1.2107442694304476
43;3;1855;1.1242156407811892
43;3;1865;1.033912410769473
43;3;1875;0.9659270118026635
43;3;1885;0.9155592813240814
43;3;1895;0.8437517894274528
43;3;1905;0.8032919048525203
43;3;1915;0.8275228032164635
43;3;1925;0.8741565938491739
43;3;1935;0.9122602212493329
43;3;1945;0.9432777313922798
43;3;1955;0.9657153648461082
43;3;1965;0.9818422800109569
43;3;1975;0.9973568074640231
43;3;1985;1.0088702858195457
43;3;1995;1.016394818944333
43;3;2005;1.020909965965774
43;3;2015;1.0262346840583896
43;3;2025;1.0297163983646156
43;3;2035;1.0317749328878372
43;3;2045;1.0328741327282365
43;3;2055;1.0328569907367207
43;3;2065;1.032822005105113
43;3;2075;1.028458131357869
43;3;2085;1.021048860636553
43;3;2095;1.0124409613806689
43;3;2105;1.00470618540893
43;3;2115;0.9985740540469369
43;3;2125;0.9956596074094342
43;3;2135;0.9969526523340424
43;3;2145;1.0015289278878075
43;3;2155;1.0080859463363592
43;3;2165;1.014778461241188
43;3;2175;1.0201421246042952
43;3;2185;1.0238050726833232
43;3;2195;1.0279024114160824
43;3;2205;1.030028320685574
43;3;2215;1.0369002339460618
43;3;2225;1.0394113183687943
43;3;2235;1.0407155490481064
43;3;2245;1.0428760802249375
43;3;2255;1.0362655955934994
43;3;2265;1.0220216908304707
43;3;2275;1.0051355068010897
43;3;2285;1.0005034080863089
43;3;2295;1.0086170901740497
43;3;2305;1.0070345200469544
43;3;2315;0.9985381901234475
43;3;2325;0.9981554292196431
43;3;2335;1.0042122480788824
43;3;2345;1.0084963749430724
43;3;2355;1.0112502870181495
43;3;2365;1.0131169206637942
43;3;2375;1.016342474512117
43;3;2385;1.0168732366284714
43;3;2395;1.0175799873824583
43;3;2405;1.021298973369438
43;3;2415;1.0263254611785626
43;3;2425;1.0324086348011665
43;3;2435;1.0354914200094636
43;3;2445;1.0410622933941795
43;3;2450;1.038417062723706
43;4;405;1.0916901003291877
43;4;415;1.0752818060265878
43;4;425;1.0546814452729156
43;4;435;1.040896299292847
43;4;445;1.035746101544199
43;4;455;1.023953257229393
43;4;465;1.01496075020916
43;4;475;1.005780432160345
43;4;485;0.9999890390022489
43;4;495;0.9942837598159738
43;4;505;0.9915897830000948
43;4;515;0.9914156872040576
43;4;525;1.007074064028656
43;4;535;1.0370391916530424
43;4;545;1.040986094024626
43;4;555;1.0377538065371796
43;4;565;1.0221000856873144
43;4;575;1.0054642150502213
43;4;585;0.9997537483221843
43;4;595;0.9978842177054982
43;4;605;0.9988112739792853
43;4;615;0.9972244365482528
43;4;625;0.9971535567770308
43;4;635;0.9972203267974619
43;4;645;0.996691166304731
43;4;655;0.99648447926952
43;4;665;0.996273503011844
43;4;675;0.9969809878501728
43;4;685;1.0024985403265851
43;4;695;1.0160108212001924
43;4;705;0.5972058539473423
43;4;715;0.13340187478004667
43;4;725;0.3226345829897438
43;4;735;1.1042520732221617
43;4;745;1.203027004049271
43;4;755;1.1535553204144577
43;4;765;1.112038368620155
43;4;775;1.079356804508264
43;4;785;1.0670533683865426
43;4;795;1.060194257389874
43;4;805;1.0568657571472866
43;4;815;1.0552913500429006
43;4;825;1.0458014539170595
43;4;835;1.0341308409552963
43;4;845;1.0179348470833558
43;4;855;1.007422472599684
43;4;865;1.0006087966731125
43;4;875;0.9963479652190231
43;4;885;0.993444654604656
43;4;895;0.991682040192397
43;4;905;0.9902901164388491
43;4;915;0.9888525604176571
43;4;925;0.9872269712198868
43;4;935;0.9861423927962364
43;4;945;0.9835676145584341
43;4;955;0.9812791141318926
43;4;965;0.9805287770157911
43;4;975;0.9821472614926637
43;4;985;0.9818152567995568
43;4;995;0.9839241991754327
43;4;1005;0.9779808217235191
43;4;1015;0.9781610900403761
43;4;1025;0.9781690689946821
43;4;1035;0.9769768152103288
43;4;1045;0.9708937598687315
43;4;1055;0.9683162415971697
43;4;1065;0.9655578498484155
43;4;1075;0.957754896264733
43;4;1085;0.9511118068435559
43;4;1095;0.9497134247274724
43;4;1105;0.9534170285043665
43;4;1115;0.9631645109125586
43;4;1125;0.9695042361834365
43;4;1135;0.9779338803230211
43;4;1145;0.983653683191309
43;4;1155;0.9848780946538749
43;4;1165;0.9821152110576719
43;4;1175;0.9816209128609069
43;4;1185;0.9824643567609693
43;4;1195;0.9800995390521374
43;4;1205;0.9785358335861523
43;4;1215;0.9792776558933278
43;4;1225;0.9814074477495612
43;4;1235;0.9778279565196285
43;4;1245;0.9747817655369073
43;4;1255;0.9682597029364575
43;4;1265;0.965842218769754
43;4;1275;0.9640390807617264
43;4;1285;0.9604604662846641
43;4;1295;0.9555873270729007
43;4;1305;0.9538411192450822
43;4;1315;0.9491110956039159
43;4;1325;0.9509487379744214
43;4;1335;0.9708786926224178
43;4;1345;0.987421563418692
43;4;1355;0.9320024862993741
43;4;1365;0.8057281089925241
43;4;1375;0.5296132455161734
43;4;1385;0.4551857969431407
43;4;1395;0.7117585765566612
43;4;1405;0.8164109238885069
43;4;1415;0.8824967198589175
43;4;1425;0.9343082212317141
43;4;1435;0.9829003764048297
43;4;1445;1.0236478506514999
43;4;1455;1.050195227986661
43;4;1465;1.070583424315972
43;4;1475;1.0925730296348872
43;4;1485;1.117216912551921
43;4;1495;1.1409627927510184
43;4;1505;1.1661882313917138
43;4;1515;1.1888522629566467
43;4;1525;1.211172830838601
43;4;1535;1.227835335522861
43;4;1545;1.236218265380352
43;4;1555;1.240541314203682
43;4;1565;1.2342456193286582
43;4;1575;1.2347238282770296
43;4;1585;1.2278225396068787
43;4;1595;1.2413463284762896
43;4;1605;1.241388909717857
43;4;1615;1.2401048745999848
43;4;1625;1.247783668780186
43;4;1635;1.2374369287732647
43;4;1645;1.2112183287333356
43;4;1655;1.155730811170996
43;4;1665;1.0677355571560956
43;4;1675;0.9462801069977121
43;4;1685;0.796970152963115
43;4;1695;0.6813002856904471
43;4;1705;0.6244250087273999
43;4;1715;0.623474649755249
43;4;1725;0.6425914751575795
43;4;1735;0.7108270743826666
43;4;1745;0.7762887625730206
43;4;1755;0.8299292282083007
43;4;1765;0.863988068706854
43;4;1775;0.8854617732204825
43;4;1785;0.8825862397503693
43;4;1795;0.8676192360965179
43;4;1805;0.852495745294831
43;4;1815;0.8477957764668769
43;4;1825;0.841898200690129
43;4;1835;1.3328461201057327
43;4;1845;1.2492542013516568
43;4;1855;1.1500338035133788
43;4;1865;1.0428264649854815
43;4;1875;0.9492053373666978
43;4;1885;0.888088927478949
43;4;1895;0.8554504763717854
43;4;1905;0.8950922529280125
43;4;1915;0.9595198997604227
43;4;1925;1.0103065373251776
43;4;1935;1.0317864815668143
43;4;1945;1.036464355441357
43;4;1955;1.0304621131559706
43;4;1965;1.021850263271395
43;4;1975;1.0181035733423767
43;4;1985;1.0136844795889477
43;4;1995;1.008785045725247
43;4;2005;1.0056265465467955
43;4;2015;1.0062203954968496
43;4;2025;1.0045601432582778
43;4;2035;1.0037964344995451
43;4;2045;1.003635581835981
43;4;2055;1.0021041099964456
43;4;2065;1.0004302280491901
43;4;2075;0.9958137415741618
43;4;2085;0.990323410960157
43;4;2095;0.9849670817730821
43;4;2105;0.9809687997537552
43;4;2115;0.9787472082395072
43;4;2125;0.9788743758632537
43;4;2135;0.9828565714716363
43;4;2145;0.9891667110783567
43;4;2155;0.9958341985720957
43;4;2165;1.0022156821507546
43;4;2175;1.006530716153166
43;4;2185;1.0120818535927938
43;4;2195;1.0182602810372074
43;4;2205;1.0231854423097135
43;4;2215;1.0331321984536221
43;4;2225;1.0407646742663275
43;4;2235;1.0491974137258473
43;4;2245;1.0549824873367746
43;4;2255;1.0521081770506129
43;4;2265;1.0394645275364107
43;4;2275;1.0203460814715624
43;4;2285;1.0114793405000995
43;4;2295;1.0189003753502206
43;4;2305;1.0166331658532726
43;4;2315;0.9972143803536614
43;4;2325;0.9884864100713416
43;4;2335;0.9886883252351513
43;4;2345;0.9879080490246974
43;4;2355;0.9847801218547555
43;4;2365;0.9827730556893538
43;4;2375;0.9823505647640768
43;4;2385;0.9812218697472306
43;4;2395;0.9814160759071505
43;4;2405;0.9843870768384841
43;4;2415;0.9942695526305555
43;4;2425;1.0037265693583275
43;4;2435;1.0237213160407357
43;4;2445;1.043921971628125
43;4;2450;1.043988666149899
44;1;405;1.0918518206333474
44;1;415;1.0912762615524425
44;1;425;1.087193822795037
44;1;435;1.0824532386595767
44;1;445;1.0834934157538771
44;1;455;1.07934141404683
44;1;465;1.0756038924023552
44;1;475;1.070514779800567
44;1;485;1.067077582492704
44;1;495;1.0615433987451153
44;1;505;1.0571469179075883
44;1;515;1.0546709542550479
44;1;525;1.0579941969430995
44;1;535;1.0658213014078972
44;1;545;1.0583478967499786
44;1;555;1.0547315173907446
44;1;565;1.0605384630588879
44;1;575;1.060585901216738
44;1;585;1.0581273061797931
44;1;595;1.0560681184489067
44;1;605;1.0571693530631214
44;1;615;1.0537618859203306
44;1;625;1.0515142327989166
44;1;635;1.0503191178853677
44;1;645;1.0490404294209348
44;1;655;1.0492837914046957
44;1;665;1.049331008772761
44;1;675;1.053842771920607
44;1;685;1.0635491433363167
44;1;695;1.0612984421814708
44;1;705;0.4571917276155455
44;1;715;0.3902965432829128
44;1;725;0.08034077621031595
44;1;735;0.9500249856835038
44;1;745;1.166789539051338
44;1;755;1.1625899136660887
44;1;765;1.1392101724189443
44;1;775;1.118111684583238
44;1;785;1.1092387101925607
44;1;795;1.103992683194964
44;1;805;1.1010972436649935
44;1;815;1.0987329768171696
44;1;825;1.0907377892045502
44;1;835;1.0802493063655563
44;1;845;1.0674257694547904
44;1;855;1.0569235952169664
44;1;865;1.049362597806747
44;1;875;1.0436690518272185
44;1;885;1.0400850871902696
44;1;895;1.0378020020623795
44;1;905;1.0360124796544283
44;1;915;1.0340810265742575
44;1;925;1.0323982937023797
44;1;935;1.0309811777619917
44;1;945;1.028118440673081
44;1;955;1.0256235750319098
44;1;965;1.024785091792147
44;1;975;1.025842928444572
44;1;985;1.0233556868502756
44;1;995;1.0228766179166913
44;1;1005;1.016971780109634
44;1;1015;1.0172519540171876
44;1;1025;1.0174526131575352
44;1;1035;1.0186704541704186
44;1;1045;1.0151397951002283
44;1;1055;1.0136487759305604
44;1;1065;1.0089323576083098
44;1;1075;0.9991733213098918
44;1;1085;0.9873809749174035
44;1;1095;0.9810978511653795
44;1;1105;0.985759707513554
44;1;1115;1.0001995565754496
44;1;1125;1.0141868981576836
44;1;1135;1.0275028284757473
44;1;1145;1.0359600056202143
44;1;1155;1.0393010345206348
44;1;1165;1.033618050439018
44;1;1175;1.025144645224161
44;1;1185;1.0194950152208109
44;1;1195;1.0151272015971324
44;1;1205;1.0107005632178414
44;1;1215;1.0072253424852462
44;1;1225;1.0036867516619343
44;1;1235;1.0010363013523713
44;1;1245;0.9998389423918008
44;1;1255;1.0002686491164168
44;1;1265;1.000612832721394
44;1;1275;1.001499826824894
44;1;1285;1.0004265227221658
44;1;1295;1.0002025742091125
44;1;1305;1.001910094164167
44;1;1315;0.9990620245748643
44;1;1325;1.0015735747832348
44;1;1335;1.011751052430191
44;1;1345;0.9982352292387439
44;1;1355;0.9327954037062816
44;1;1365;0.7685043067746079
44;1;1375;0.3034962962970021
44;1;1385;0.48058452002805147
44;1;1395;0.7883179243993329
44;1;1405;0.8853435693997839
44;1;1415;0.9495046269041727
44;1;1425;1.0062452043045245
44;1;1435;1.0523669649749285
44;1;1445;1.0841711816695871
44;1;1455;1.1028226737186426
44;1;1465;1.1157203027086597
44;1;1475;1.1282166147312749
44;1;1485;1.140178983389044
44;1;1495;1.1499096960136899
44;1;1505;1.1583279916172595
44;1;1515;1.164232640613357
44;1;1525;1.166737429841429
44;1;1535;1.1636804315316582
44;1;1545;1.152206029061559
44;1;1555;1.1342486173444668
44;1;1565;1.1077934450496612
44;1;1575;1.0812564763624635
44;1;1585;1.0524172470886273
44;1;1595;1.0251891442942533
44;1;1605;0.985836063052277
44;1;1615;0.9412907160118396
44;1;1625;0.879975832614652
44;1;1635;0.8109525978810822
44;1;1645;0.7312857353220654
44;1;1655;0.6267023809511215
44;1;1665;0.5269851667715053
44;1;1675;0.4575542871950999
44;1;1685;0.47749114762852035
44;1;1695;0.5598399789642451
44;1;1705;0.6300255840709653
44;1;1715;0.683995546410031
44;1;1725;0.7163652683194652
44;1;1735;0.76144315161502
44;1;1745;0.8142628548391232
44;1;1755;0.8668752419593961
44;1;1765;0.8969714639964151
44;1;1775;0.9160674769511802
44;1;1785;0.9191608409506721
44;1;1795;0.9108779903268519
44;1;1805;0.8978534167546323
44;1;1815;0.8956966609669773
44;1;1825;0.8875973834708578
44;1;1835;1.0206461819813821
44;1;1845;1.0048445876983765
44;1;1855;0.9888387411821029
44;1;1865;0.975570974779176
44;1;1875;0.9705192406290689
44;1;1885;0.9621579624664025
44;1;1895;0.9164915627636104
44;1;1905;0.8525393887913412
44;1;1915;0.8448068122521134
44;1;1925;0.8797053329682141
44;1;1935;0.9203509239252317
44;1;1945;0.9618557563529042
44;1;1955;0.994205423265303
44;1;1965;1.020623274822331
44;1;1975;1.043279467605377
44;1;1985;1.0604153382776793
44;1;1995;1.0716624394311978
44;1;2005;1.0794514749177642
44;1;2015;1.0861948316843646
44;1;2025;1.088975068062382
44;1;2035;1.0903668542539768
44;1;2045;1.0895894323598465
44;1;2055;1.0854653780345451
44;1;2065;1.078749925349431
44;1;2075;1.0671080092424132
44;1;2085;1.0533817236049572
44;1;2095;1.0391702735831028
44;1;2105;1.0261129570269574
44;1;2115;1.0148764321345447
44;1;2125;1.0079464139606107
44;1;2135;1.0042236824766244
44;1;2145;1.0034360562738958
44;1;2155;1.0051266296190475
44;1;2165;1.0066812808438572
44;1;2175;1.0086401686720583
44;1;2185;1.0114640887707798
44;1;2195;1.0128581010652433
44;1;2205;1.015057010977957
44;1;2215;1.0169998240912925
44;1;2225;1.0183792452528737
44;1;2235;1.0175332432929212
44;1;2245;1.0142902613778861
44;1;2255;1.006851064496349
44;1;2265;0.9965865117517575
44;1;2275;0.9860718580535026
44;1;2285;0.9849889144527776
44;1;2295;0.9942774482076763
44;1;2305;0.9981874733783929
44;1;2315;0.9991031138148266
44;1;2325;1.006812132271239
44;1;2335;1.0179749044700186
44;1;2345;1.0260760788282075
44;1;2355;1.0327624689752606
44;1;2365;1.0370857323380631
44;1;2375;1.041064993995645
44;1;2385;1.042600248845602
44;1;2395;1.04115774901426
44;1;2405;1.0398484710211044
44;1;2415;1.0371868265918462
44;1;2425;1.035908746531271
44;1;2435;1.029680053002457
44;1;2445;1.0244796631227682
44;1;2450;1.017474207409954
44;2;405;1.1011901025260926
44;2;415;1.0847348400158894
44;2;425;1.0700421232146216
44;2;435;1.056721948697386
44;2;445;1.050360750692301
44;2;455;1.039603054485783
44;2;465;1.028586974073022
44;2;475;1.0172141771125236
44;2;485;1.0095749104059848
44;2;495;1.002629480811691
44;2;505;0.9990885369652125
44;2;515;0.9973109883327312
44;2;525;1.005299620029505
44;2;535;1.0248233458672926
44;2;545;1.0225092412077834
44;2;555;1.020672857044505
44;2;565;1.0194830868774842
44;2;575;1.0116175058254886
44;2;585;1.0065725201552362
44;2;595;1.003506297679447
44;2;605;1.003957337021983
44;2;615;1.0002304321650506
44;2;625;0.9986958452959489
44;2;635;0.9978116384996152
44;2;645;0.9955241418103057
44;2;655;0.994957752697255
44;2;665;0.9945135733060975
44;2;675;0.9959233008302713
44;2;685;1.0043127081324965
44;2;695;1.033206482884358
44;2;705;0.5608301550089929
44;2;715;0.13475596353930325
44;2;725;0.25377688658133674
44;2;735;1.0339479832019767
44;2;745;1.186111902692368
44;2;755;1.1383038644764676
44;2;765;1.0953003793705975
44;2;775;1.0626451672229227
44;2;785;1.051001270370284
44;2;795;1.0453619554134839
44;2;805;1.0429143685340925
44;2;815;1.042354263365225
44;2;825;1.034064331466921
44;2;835;1.0224290470367612
44;2;845;1.0075751459137845
44;2;855;0.9985370618977952
44;2;865;0.9933328431702451
44;2;875;0.9898936811676651
44;2;885;0.9877702220441522
44;2;895;0.9862375461061814
44;2;905;0.9853034080706026
44;2;915;0.9840287362290633
44;2;925;0.9823447871672324
44;2;935;0.9810749325009134
44;2;945;0.9783952506524708
44;2;955;0.9758846357280941
44;2;965;0.9749911070249498
44;2;975;0.9770149405112758
44;2;985;0.9770693182879399
44;2;995;0.9797730119190003
44;2;1005;0.973620289359004
44;2;1015;0.9727107387205025
44;2;1025;0.9724770823773096
44;2;1035;0.9710103183663106
44;2;1045;0.965794858070903
44;2;1055;0.9631541961183515
44;2;1065;0.9605581138099114
44;2;1075;0.9547617646243206
44;2;1085;0.9477304550463977
44;2;1095;0.9461794462013956
44;2;1105;0.9527224551486585
44;2;1115;0.9627016369282579
44;2;1125;0.9683971237200808
44;2;1135;0.9757937723443117
44;2;1145;0.9807987765057641
44;2;1155;0.98166062573806
44;2;1165;0.9775777346139345
44;2;1175;0.9752562204473512
44;2;1185;0.974461765363164
44;2;1195;0.9710826314177539
44;2;1205;0.9691852483697996
44;2;1215;0.96929698088793
44;2;1225;0.9711302523472648
44;2;1235;0.967696919275138
44;2;1245;0.9645529763854028
44;2;1255;0.9588170328404263
44;2;1265;0.9569188442071472
44;2;1275;0.9551553229163967
44;2;1285;0.9516430877904981
44;2;1295;0.9494252650887669
44;2;1305;0.9509121127957477
44;2;1315;0.9493373253854116
44;2;1325;0.9525109892978797
44;2;1335;0.9676292525197822
44;2;1345;0.9789414739597365
44;2;1355;0.9211459048608525
44;2;1365;0.7997174287472092
44;2;1375;0.5557154436158728
44;2;1385;0.4716970766083832
44;2;1395;0.7310321467728023
44;2;1405;0.8232722672455051
44;2;1415;0.8904823991157014
44;2;1425;0.9530956114439176
44;2;1435;1.010599053177922
44;2;1445;1.0564181802894974
44;2;1455;1.0840045312398419
44;2;1465;1.104441358731822
44;2;1475;1.1247406225105192
44;2;1485;1.1468928945212873
44;2;1495;1.1672145324082372
44;2;1505;1.188916093762325
44;2;1515;1.20816329319172
44;2;1525;1.2245505956082707
44;2;1535;1.2332346261854754
44;2;1545;1.2343701165636674
44;2;1555;1.2274326317568744
44;2;1565;1.206705280929611
44;2;1575;1.188743494770606
44;2;1585;1.169781765446528
44;2;1595;1.1708055917447486
44;2;1605;1.1653692777090847
44;2;1615;1.1551723374980383
44;2;1625;1.152694743510804
44;2;1635;1.1310006203881704
44;2;1645;1.0993395903028225
44;2;1655;1.0391695635801972
44;2;1665;0.9378995462047129
44;2;1675;0.8131291778741444
44;2;1685;0.6518157640189312
44;2;1695;0.5387883814517628
44;2;1705;0.5154406548521964
44;2;1715;0.5398916470514149
44;2;1725;0.5726064215917063
44;2;1735;0.6500570986962018
44;2;1745;0.7262682647575666
44;2;1755;0.7962351592122902
44;2;1765;0.8408843674210862
44;2;1775;0.8669224147795673
44;2;1785;0.8705617542924389
44;2;1795;0.855771610034067
44;2;1805;0.841352213582048
44;2;1815;0.8371876851191455
44;2;1825;0.8325179514527034
44;2;1835;1.4798325335609062
44;2;1845;1.361698682819972
44;2;1855;1.2094290866979618
44;2;1865;1.0534152527999234
44;2;1875;0.9313568080877881
44;2;1885;0.8752941831742377
44;2;1895;0.8829293588187814
44;2;1905;0.9516722581816548
44;2;1915;1.02154102009625
44;2;1925;1.070731236665401
44;2;1935;1.0910735696274159
44;2;1945;1.0944735273018518
44;2;1955;1.0876651676653484
44;2;1965;1.0754845897265477
44;2;1975;1.067771953429509
44;2;1985;1.0585369831459133
44;2;1995;1.0498117502847015
44;2;2005;1.0412659879203816
44;2;2015;1.0361577049064532
44;2;2025;1.029485719374028
44;2;2035;1.0222277590230016
44;2;2045;1.015487118876954
44;2;2055;1.0086285820251502
44;2;2065;1.0040651647005698
44;2;2075;0.9971710204226736
44;2;2085;0.9906194940757946
44;2;2095;0.9852985196822404
44;2;2105;0.9830891102998377
44;2;2115;0.9835308984001618
44;2;2125;0.9864302943117176
44;2;2135;0.9954516597030326
44;2;2145;1.0072077937487944
44;2;2155;1.0195612405167598
44;2;2165;1.03099322198068
44;2;2175;1.0387786733644568
44;2;2185;1.0433934270337577
44;2;2195;1.0510050094888883
44;2;2205;1.0539428569849874
44;2;2215;1.0636372273919734
44;2;2225;1.0671795452675017
44;2;2235;1.0721212193600045
44;2;2245;1.0802569419534425
44;2;2255;1.0797596490079298
44;2;2265;1.0650768138545892
44;2;2275;1.0453096007748373
44;2;2285;1.0348067798775957
44;2;2295;1.0381330006575915
44;2;2305;1.0286127107161671
44;2;2315;1.0064597440648626
44;2;2325;0.9933744678198527
44;2;2335;0.9884782080296979
44;2;2345;0.9859697217317928
44;2;2355;0.9823939495015535
44;2;2365;0.9812681659758308
44;2;2375;0.9835958468514852
44;2;2385;0.9855779531946404
44;2;2395;0.9907633557377027
44;2;2405;0.999633375084976
44;2;2415;1.0154820765266763
44;2;2425;1.0316901615278669
44;2;2435;1.051217593709837
44;2;2445;1.078357991404142
44;2;2450;1.0843391520569954
44;3;405;1.1169075003455908
44;3;415;1.089939827957381
44;3;425;1.067728193990432
44;3;435;1.0495986591541866
44;3;445;1.0390332849977408
44;3;455;1.0249816314143627
44;3;465;1.0106228353029583
44;3;475;0.997826457820982
44;3;485;0.9885124579976192
44;3;495;0.9803061681503962
44;3;505;0.9764197232902699
44;3;515;0.9813669954349195
44;3;525;1.0253513830939038
44;3;535;1.0955161297009486
44;3;545;1.1171010032976294
44;3;555;1.1153143115743998
44;3;565;1.063130062601604
44;3;575;1.0089525020837722
44;3;585;0.9878502503742357
44;3;595;0.9805939108425542
44;3;605;0.9778429775194525
44;3;615;0.972216470207178
44;3;625;0.9705358282785121
44;3;635;0.9699603695136549
44;3;645;0.9687938058069241
44;3;655;0.968457188915551
44;3;665;0.9682019283240544
44;3;675;0.9686757309648507
44;3;685;0.97357644962157
44;3;695;1.0014445769188864
44;3;705;0.8506427728194859
44;3;715;0.4936008026218635
44;3;725;0.8762664450634673
44;3;735;1.3224919000158246
44;3;745;1.268236979095418
44;3;755;1.1674841476276308
44;3;765;1.1085932477346467
44;3;775;1.069099936050347
44;3;785;1.053348129335136
44;3;795;1.0447306446006424
44;3;805;1.039871386033039
44;3;815;1.036660630183006
44;3;825;1.0251960946065861
44;3;835;1.010133517287737
44;3;845;0.9908813022246511
44;3;855;0.9788400225745704
44;3;865;0.9717239224451193
44;3;875;0.9673732226266846
44;3;885;0.9647251057696347
44;3;895;0.9632816088824635
44;3;905;0.9621862342574625
44;3;915;0.9610425172686075
44;3;925;0.9597756756431057
44;3;935;0.9589800320126229
44;3;945;0.9566805057190453
44;3;955;0.9550453292729453
44;3;965;0.9545103077259693
44;3;975;0.9561777740447481
44;3;985;0.9556596956446275
44;3;995;0.9577229872571817
44;3;1005;0.9522463905095147
44;3;1015;0.9507837798727344
44;3;1025;0.9520864404923999
44;3;1035;0.9503108432017181
44;3;1045;0.9440893342077614
44;3;1055;0.940597932072344
44;3;1065;0.9391437688995653
44;3;1075;0.9359646130593556
44;3;1085;0.9339296403098661
44;3;1095;0.9337230469332353
44;3;1105;0.9392176174001762
44;3;1115;0.9400555995094485
44;3;1125;0.9398713489339968
44;3;1135;0.9459172408763259
44;3;1145;0.9540296808152524
44;3;1155;0.9600612940385633
44;3;1165;0.9656209333447856
44;3;1175;0.9737902598830908
44;3;1185;0.9828997834174651
44;3;1195;0.9844212595979445
44;3;1205;0.9860674122787644
44;3;1215;0.9904185020299433
44;3;1225;0.9960920888973155
44;3;1235;0.9926109868615094
44;3;1245;0.98783011126062
44;3;1255;0.9782575401280553
44;3;1265;0.9731283033648551
44;3;1275;0.9692565555866296
44;3;1285;0.9626524779455775
44;3;1295;0.9512582272818358
44;3;1305;0.9387009302633378
44;3;1315;0.926030985685444
44;3;1325;0.925747104805133
44;3;1335;0.9518483791382207
44;3;1345;1.003535166533224
44;3;1355;0.984175098748411
44;3;1365;0.9126914281460584
44;3;1375;0.7485180838883816
44;3;1385;0.5967433868723857
44;3;1395;0.7219162510204545
44;3;1405;0.7978011481069782
44;3;1415;0.8593816584811399
44;3;1425;0.9140894360656501
44;3;1435;0.9654171429014038
44;3;1445;1.007909701415999
44;3;1455;1.0355174927665267
44;3;1465;1.0556682216436417
44;3;1475;1.0763166333087104
44;3;1485;1.0992953256847398
44;3;1495;1.1207863786263257
44;3;1505;1.142735850315038
44;3;1515;1.1614711840595
44;3;1525;1.1782006474386542
44;3;1535;1.1872040893515596
44;3;1545;1.1864441342788514
44;3;1555;1.1801627742604823
44;3;1565;1.1650128878003079
44;3;1575;1.1542531064367298
44;3;1585;1.1451105186804535
44;3;1595;1.1598711638111696
44;3;1605;1.1731130505339933
44;3;1615;1.1892975092362663
44;3;1625;1.211418836569387
44;3;1635;1.2231385595242066
44;3;1645;1.2273860409210287
44;3;1655;1.2005400947470752
44;3;1665;1.1355732310338942
44;3;1675;1.0287740381990995
44;3;1685;0.868208898165989
44;3;1695;0.7203022379686084
44;3;1705;0.6535205949576555
44;3;1715;0.6529442881321335
44;3;1725;0.6754293824313418
44;3;1735;0.7306695592962846
44;3;1745;0.7842424008897625
44;3;1755;0.828692296435759
44;3;1765;0.8594685561437265
44;3;1775;0.8778153935245073
44;3;1785;0.8781882479345148
44;3;1795;0.8680088838803204
44;3;1805;0.858657757719669
44;3;1815;0.8512447211409674
44;3;1825;0.8448848880646547
44;3;1835;1.3168814663989197
44;3;1845;1.2139916496899503
44;3;1855;1.1000727410673803
44;3;1865;0.9830871405122561
44;3;1875;0.8903548349945049
44;3;1885;0.857495405337902
44;3;1895;0.9109611643676291
44;3;1905;1.021412701682276
44;3;1915;1.0998332413488519
44;3;1925;1.1432483120784092
44;3;1935;1.1538174808795814
44;3;1945;1.14750706078701
44;3;1955;1.1277129404821467
44;3;1965;1.1044182778561906
44;3;1975;1.0864739711497782
44;3;1985;1.0681340221271185
44;3;1995;1.0519217434323644
44;3;2005;1.037758027891451
44;3;2015;1.0281525913999978
44;3;2025;1.0175188497927514
44;3;2035;1.0085698613891325
44;3;2045;0.9998717955660393
44;3;2055;0.9905147904639405
44;3;2065;0.9816470970870418
44;3;2075;0.9710570867616757
44;3;2085;0.9625180075878376
44;3;2095;0.9566879650921216
44;3;2105;0.9542695699737119
44;3;2115;0.9544719298348064
44;3;2125;0.9572127642170439
44;3;2135;0.9638095423716578
44;3;2145;0.9723086964379082
44;3;2155;0.9804347386040351
44;3;2165;0.9865758864820582
44;3;2175;0.9906814156357336
44;3;2185;0.9932659091815075
44;3;2195;0.9992438897003215
44;3;2205;1.0006280734941062
44;3;2215;1.0081892668721673
44;3;2225;1.0147820649961776
44;3;2235;1.0217875089756983
44;3;2245;1.0285863658209695
44;3;2255;1.030595525678111
44;3;2265;1.0213420165251406
44;3;2275;1.0058757665034719
44;3;2285;1.0000688290245485
44;3;2295;1.0042113513643636
44;3;2305;0.9988296876521624
44;3;2315;0.9757650095437871
44;3;2325;0.9622088692943139
44;3;2335;0.9588545268950572
44;3;2345;0.9571451197930582
44;3;2355;0.9541042579309735
44;3;2365;0.9538733143316518
44;3;2375;0.9567288737039685
44;3;2385;0.9606493030392357
44;3;2395;0.9662540605533337
44;3;2405;0.9753516089304504
44;3;2415;0.9912722011233109
44;3;2425;1.0117567641768426
44;3;2435;1.03979911379524
44;3;2445;1.0675418432456485
44;3;2450;1.0848780596053225
44;4;405;1.0640853945943842
44;4;415;1.0539831627547862
44;4;425;1.041535094999602
44;4;435;1.0329568293645661
44;4;445;1.031682467326439
44;4;455;1.0243825824903057
44;4;465;1.017826667124781
44;4;475;1.0100038182666131
44;4;485;1.0047858742958524
44;4;495;0.9996708951700735
44;4;505;0.9967000403540732
44;4;515;0.9950424859817754
44;4;525;1.0024685693476216
44;4;535;1.0178376640391005
44;4;545;1.0142115349025822
44;4;555;1.0101752582074226
44;4;565;1.0079088914296317
44;4;575;1.0040711996726488
44;4;585;1.003369558404101
44;4;595;1.002936689215907
44;4;605;1.0046831972099068
44;4;615;1.0034234227795995
44;4;625;1.00333640836661
44;4;635;1.0032812357049963
44;4;645;1.002433486501384
44;4;655;1.0022067361278029
44;4;665;1.0021023341455686
44;4;675;1.0039827597644415
44;4;685;1.0104333141904673
44;4;695;1.017854361556975
44;4;705;0.36550379500839
44;4;715;0.4164479328380274
44;4;725;0.11645393791612331
44;4;735;1.0296368009143113
44;4;745;1.1872818248982047
44;4;755;1.153635928248637
44;4;765;1.122697986331414
44;4;775;1.0951969940441313
44;4;785;1.0859623189605705
44;4;795;1.0809417596052162
44;4;805;1.0797347071807553
44;4;815;1.0802300105796876
44;4;825;1.070829539245667
44;4;835;1.0586319176247074
44;4;845;1.0396313828238057
44;4;855;1.0267904072702443
44;4;865;1.018146118231782
44;4;875;1.0124826610839455
44;4;885;1.0084715959588575
44;4;895;1.0061886288028117
44;4;905;1.0041472873435984
44;4;915;1.0019347079491725
44;4;925;1.0001089448140483
44;4;935;0.998917186130862
44;4;945;0.9958386279633448
44;4;955;0.9939453967928729
44;4;965;0.9928901551054288
44;4;975;0.992891350438594
44;4;985;0.9895963229942151
44;4;995;0.988760696684549
44;4;1005;0.9831486704885638
44;4;1015;0.9823950809612583
44;4;1025;0.981933520399436
44;4;1035;0.9812564446162892
44;4;1045;0.9776918848033687
44;4;1055;0.9766317767657484
44;4;1065;0.9782755771922393
44;4;1075;0.974348757364989
44;4;1085;0.9714460261278762
44;4;1095;0.9718984645584298
44;4;1105;0.975492951510383
44;4;1115;0.9801439568870538
44;4;1125;0.9793619133342606
44;4;1135;0.9824317111295141
44;4;1145;0.9853916215649846
44;4;1155;0.9854447879861133
44;4;1165;0.9813216412858662
44;4;1175;0.9794847519445014
44;4;1185;0.9795682187938201
44;4;1195;0.9764527750968859
44;4;1205;0.9745516349751995
44;4;1215;0.9733373465330338
44;4;1225;0.97474655774512
44;4;1235;0.9691922490328796
44;4;1245;0.966080956988992
44;4;1255;0.9606120007739256
44;4;1265;0.9578149960098734
44;4;1275;0.9561304250970633
44;4;1285;0.9522869487702996
44;4;1295;0.9485577292354438
44;4;1305;0.949721273480837
44;4;1315;0.9502927158811633
44;4;1325;0.955088912062769
44;4;1335;0.9696781637573185
44;4;1345;0.9818753758991677
44;4;1355;0.916120990862346
44;4;1365;0.7791005535160198
44;4;1375;0.5530064358040762
44;4;1385;0.5295844810526761
44;4;1395;0.7153930513895446
44;4;1405;0.8053226666060431
44;4;1415;0.8780426998381327
44;4;1425;0.9430255081081743
44;4;1435;0.9986861480125323
44;4;1445;1.040364814678389
44;4;1455;1.0657384630905768
44;4;1465;1.0843682757827597
44;4;1475;1.1044622223252107
44;4;1485;1.1261206042425675
44;4;1495;1.147484297951399
44;4;1505;1.1698773682684704
44;4;1515;1.1904326428815555
44;4;1525;1.2101755828601215
44;4;1535;1.2246460225436704
44;4;1545;1.2325243799265229
44;4;1555;1.2338184549050515
44;4;1565;1.2269346564038368
44;4;1575;1.2251771379246519
44;4;1585;1.2229603058263667
44;4;1595;1.2370106075544656
44;4;1605;1.2480825364729642
44;4;1615;1.2591353823296947
44;4;1625;1.2756217403432886
44;4;1635;1.2750216451680954
44;4;1645;1.254826872964061
44;4;1655;1.2203668363620865
44;4;1665;1.1447303794664374
44;4;1675;1.03711028696335
44;4;1685;0.8899944854018064
44;4;1695;0.7489446127655207
44;4;1705;0.6799044675084669
44;4;1715;0.6638081213793044
44;4;1725;0.6783274767588241
44;4;1735;0.7416391754952294
44;4;1745;0.8052015058550067
44;4;1755;0.8530538232687725
44;4;1765;0.8844628966404415
44;4;1775;0.903290508248758
44;4;1785;0.8987126020797349
44;4;1795;0.8794503219522524
44;4;1805;0.8580268728394984
44;4;1815;0.8482640143485183
44;4;1825;0.8373637351034854
44;4;1835;1.3087224019933583
44;4;1845;1.222081600461929
44;4;1855;1.121505952676221
44;4;1865;1.0155830829069803
44;4;1875;0.9267476552660974
44;4;1885;0.8675798800679072
44;4;1895;0.8185958247158303
44;4;1905;0.8298688108292779
44;4;1915;0.8784812464069894
44;4;1925;0.9253310643461523
44;4;1935;0.953744384458549
44;4;1945;0.9706141451319074
44;4;1955;0.9786120302079654
44;4;1965;0.9821178817848714
44;4;1975;0.9885102645268674
44;4;1985;0.9910503063326016
44;4;1995;0.9921041126094865
44;4;2005;0.9925783839890387
44;4;2015;0.9962396650584168
44;4;2025;0.9982122604480089
44;4;2035;1.0011073771242156
44;4;2045;1.0047476087506435
44;4;2055;1.0055821780841019
44;4;2065;1.0055852257752498
44;4;2075;1.001183299970414
44;4;2085;0.9951264205495858
44;4;2095;0.9884820003974027
44;4;2105;0.9827593414654344
44;4;2115;0.9788203752764513
44;4;2125;0.9775890943722102
44;4;2135;0.9799361964905715
44;4;2145;0.9852377622124454
44;4;2155;0.9906386130845296
44;4;2165;0.9959379026178186
44;4;2175;1.0005567441047327
44;4;2185;1.0054585803425602
44;4;2195;1.0111367155506983
44;4;2205;1.015853222568639
44;4;2215;1.0253607614978826
44;4;2225;1.031738717847797
44;4;2235;1.0383381363640203
44;4;2245;1.0407239512320223
44;4;2255;1.0357999302172647
44;4;2265;1.0206445143038092
44;4;2275;1.0020814384923147
44;4;2285;0.9956359322605354
44;4;2295;1.0045356917513417
44;4;2305;1.0031769583364083
44;4;2315;0.9892078261163924
44;4;2325;0.9836622979675222
44;4;2335;0.987034431437354
44;4;2345;0.9884679031177009
44;4;2355;0.9877828862554261
44;4;2365;0.9861966038486677
44;4;2375;0.986610836479322
44;4;2385;0.9841253741728364
44;4;2395;0.9824718399999169
44;4;2405;0.9833349295608969
44;4;2415;0.9873109577178705
44;4;2425;0.9925007460167682
44;4;2435;1.0008600332056117
44;4;2445;1.0078823435760542
44;4;2450;1.0089935195525261
45;1;405;1.0696349222142747
45;1;415;1.0624464348706166
45;1;425;1.06009633857209
45;1;435;1.0552070146397134
45;1;445;1.0536162791948958
45;1;455;1.0502714169219807
45;1;465;1.0439665321682812
45;1;475;1.037317914099146
45;1;485;1.0317070259384453
45;1;495;1.0262791951681605
45;1;505;1.0217229878122775
45;1;515;1.0179009475633316
45;1;525;1.0196708726388917
45;1;535;1.0341303252433043
45;1;545;1.0299260136485051
45;1;555;1.0276245625275262
45;1;565;1.0306424466030257
45;1;575;1.0283491481345746
45;1;585;1.026006118924439
45;1;595;1.0244236630090076
45;1;605;1.0257722981221602
45;1;615;1.0230611816966753
45;1;625;1.021818098552711
45;1;635;1.0213166407919985
45;1;645;1.020021971907971
45;1;655;1.0196075643398024
45;1;665;1.0192795393886263
45;1;675;1.0209420490165353
45;1;685;1.0278452043220316
45;1;695;1.032279968437517
45;1;705;0.4132963317833158
45;1;715;0.5206541712557844
45;1;725;0.11010323513435012
45;1;735;0.9864065082187584
45;1;745;1.2125758034868566
45;1;755;1.1843153081847988
45;1;765;1.1459465794866353
45;1;775;1.114468144175714
45;1;785;1.101866292421789
45;1;795;1.0954549843375594
45;1;805;1.0923991845432526
45;1;815;1.088921205989782
45;1;825;1.07859946814194
45;1;835;1.0634370391271541
45;1;845;1.0456670345556647
45;1;855;1.0330728597502
45;1;865;1.0253920892216692
45;1;875;1.0201957992307056
45;1;885;1.0171999386255528
45;1;895;1.0152807433369166
45;1;905;1.0139107587561087
45;1;915;1.0125530620961332
45;1;925;1.0112601471993594
45;1;935;1.0102408818655069
45;1;945;1.0078611883456057
45;1;955;1.006185679070925
45;1;965;1.005431750700518
45;1;975;1.0064995277482094
45;1;985;1.0052615809067058
45;1;995;1.0054725002561862
45;1;1005;0.9996360666495444
45;1;1015;0.9996844344761923
45;1;1025;0.9993425924326693
45;1;1035;0.999016309085375
45;1;1045;0.9958256261052368
45;1;1055;0.9944541249728438
45;1;1065;0.9921537476554324
45;1;1075;0.9868904871650206
45;1;1085;0.9799324689240034
45;1;1095;0.9783404317259476
45;1;1105;0.9833170204661352
45;1;1115;0.9928881002611547
45;1;1125;0.998584534410557
45;1;1135;1.0050786772123843
45;1;1145;1.0085396816659016
45;1;1155;1.0073150437598455
45;1;1165;1.0005104325125218
45;1;1175;0.9954028235120586
45;1;1185;0.9923651748431835
45;1;1195;0.9886703700650239
45;1;1205;0.9862527620438467
45;1;1215;0.9845319540090244
45;1;1225;0.9844144297506586
45;1;1235;0.9814846651857628
45;1;1245;0.9801046146635136
45;1;1255;0.9771251980421676
45;1;1265;0.9762437686896518
45;1;1275;0.9760614586368707
45;1;1285;0.9752388165604431
45;1;1295;0.9756367517846256
45;1;1305;0.9801554874130575
45;1;1315;0.981747666532787
45;1;1325;0.9866101445480363
45;1;1335;0.9984632577158362
45;1;1345;0.993033093731771
45;1;1355;0.9243384876439504
45;1;1365;0.7645443296751255
45;1;1375;0.38945416102704505
45;1;1385;0.4811831922824674
45;1;1395;0.7580442226789444
45;1;1405;0.8515583299346158
45;1;1415;0.9157931110165758
45;1;1425;0.9735643989303392
45;1;1435;1.0260055125360277
45;1;1445;1.0673233016632124
45;1;1455;1.0926763898079763
45;1;1465;1.1115040217975838
45;1;1475;1.1301387069895557
45;1;1485;1.1489960772773375
45;1;1495;1.1662021697360656
45;1;1505;1.1819843583779208
45;1;1515;1.195621791696046
45;1;1525;1.205731562106663
45;1;1535;1.2080637184789669
45;1;1545;1.202810728557693
45;1;1555;1.1912601770885058
45;1;1565;1.1693876170055304
45;1;1575;1.1487628691502285
45;1;1585;1.1290799856519125
45;1;1595;1.1175873385303343
45;1;1605;1.1000143054636409
45;1;1615;1.0793704536895226
45;1;1625;1.052580645229694
45;1;1635;1.0228880179091844
45;1;1645;0.9751273181151229
45;1;1655;0.8987804380524688
45;1;1665;0.8035135432989506
45;1;1675;0.691488195215737
45;1;1685;0.5968393387522741
45;1;1695;0.5559471915335041
45;1;1705;0.5746268572222764
45;1;1715;0.6084531192359248
45;1;1725;0.6450809123957213
45;1;1735;0.7134760947985537
45;1;1745;0.7832980585898079
45;1;1755;0.8424048487265064
45;1;1765;0.8795143893465645
45;1;1775;0.9011321980833017
45;1;1785;0.9019517958654437
45;1;1795;0.8910619164058091
45;1;1805;0.8774524730693052
45;1;1815;0.8733469934078557
45;1;1825;0.8673502065051343
45;1;1835;1.2319615164247484
45;1;1845;1.1602423301767444
45;1;1855;1.0808166982336946
45;1;1865;1.0005124816747577
45;1;1875;0.9446317582208746
45;1;1885;0.9113678476219602
45;1;1895;0.8709481385289711
45;1;1905;0.854242474908398
45;1;1915;0.8887852372068384
45;1;1925;0.9400418453247561
45;1;1935;0.9804244946431792
45;1;1945;1.0119211059989435
45;1;1955;1.0318559734383252
45;1;1965;1.0448369053942013
45;1;1975;1.0570047547437018
45;1;1985;1.064155164526172
45;1;1995;1.067762696758843
45;1;2005;1.0688256878368716
45;1;2015;1.0686392185446336
45;1;2025;1.0657987114067495
45;1;2035;1.0615878005256778
45;1;2045;1.055860228605785
45;1;2055;1.0485338783048013
45;1;2065;1.041453803325726
45;1;2075;1.0305902607171313
45;1;2085;1.0198301124137108
45;1;2095;1.0098266449732998
45;1;2105;1.0022746357189836
45;1;2115;0.9973376701880738
45;1;2125;0.9956937599085929
45;1;2135;0.9982967465980873
45;1;2145;1.0039138046208869
45;1;2155;1.0106316629087158
45;1;2165;1.0178255030143115
45;1;2175;1.023056169181459
45;1;2185;1.027134018832732
45;1;2195;1.031443565190584
45;1;2205;1.0342097433094641
45;1;2215;1.0409197691049654
45;1;2225;1.0441956465785152
45;1;2235;1.0476602640308608
45;1;2245;1.0523960832695882
45;1;2255;1.0528434905842368
45;1;2265;1.0417193098148516
45;1;2275;1.0277748223994327
45;1;2285;1.0210808437180519
45;1;2295;1.0279869152268637
45;1;2305;1.0242985721212507
45;1;2315;1.0105031364579067
45;1;2325;1.0057087095240933
45;1;2335;1.0064321379712393
45;1;2345;1.0071540719292102
45;1;2355;1.006033433642139
45;1;2365;1.0042740632296303
45;1;2375;1.003569557626061
45;1;2385;1.0014163003852488
45;1;2395;0.9980422791394388
45;1;2405;0.996058032585637
45;1;2415;0.9949121589488088
45;1;2425;0.9943587812056561
45;1;2435;0.992694402668639
45;1;2445;0.9935880024656247
45;1;2450;0.9835510036901496
45;2;405;1.0984675821225771
45;2;415;1.0824914593809472
45;2;425;1.0683186301153889
45;2;435;1.0555826285965002
45;2;445;1.0504948179847649
45;2;455;1.039031006279949
45;2;465;1.0278770731723061
45;2;475;1.0161008446474689
45;2;485;1.0075300487298617
45;2;495;0.9990206180659261
45;2;505;0.9936738678318214
45;2;515;0.9927530785709959
45;2;525;1.008283650359946
45;2;535;1.0384169163737254
45;2;545;1.0377986512489281
45;2;555;1.0333265976798374
45;2;565;1.0203154757485464
45;2;575;1.003909904601502
45;2;585;0.9977242972751282
45;2;595;0.9953767433870843
45;2;605;0.9964971822591697
45;2;615;0.9938051936602789
45;2;625;0.9930465376448514
45;2;635;0.9928324184741809
45;2;645;0.9918463284658887
45;2;655;0.9918206518904831
45;2;665;0.9920657382339468
45;2;675;0.9951265870709797
45;2;685;1.0058229169223796
45;2;695;1.0231151219649617
45;2;705;0.4555044982328442
45;2;715;0.16388395461646374
45;2;725;0.3489119227569946
45;2;735;1.1495238346692995
45;2;745;1.2895338140211654
45;2;755;1.2169967618380706
45;2;765;1.157733096558444
45;2;775;1.1123103562334375
45;2;785;1.095892473104351
45;2;795;1.0871935617673647
45;2;805;1.0835918895855046
45;2;815;1.0823372880835171
45;2;825;1.0684846288778167
45;2;835;1.0501019374319849
45;2;845;1.0259202303747208
45;2;855;1.009892825928401
45;2;865;1.0002633675068906
45;2;875;0.9942330646535616
45;2;885;0.990240609437093
45;2;895;0.9879304250115555
45;2;905;0.9863476363669154
45;2;915;0.9839297989201506
45;2;925;0.9818478177964138
45;2;935;0.9803472301096484
45;2;945;0.9768039689549839
45;2;955;0.9739293040982829
45;2;965;0.9727730184277678
45;2;975;0.9745714944193851
45;2;985;0.9728650970626924
45;2;995;0.9748329581545881
45;2;1005;0.9673099958680852
45;2;1015;0.9656208271106278
45;2;1025;0.9660763607325494
45;2;1035;0.9642018519659526
45;2;1045;0.956899222358397
45;2;1055;0.9531260552894036
45;2;1065;0.9505213553447611
45;2;1075;0.942346502842028
45;2;1085;0.9325472702273162
45;2;1095;0.9282825339258328
45;2;1105;0.9339691119757776
45;2;1115;0.9429532985247528
45;2;1125;0.950320417145471
45;2;1135;0.9614587594204956
45;2;1145;0.9715521159146345
45;2;1155;0.9773111780984806
45;2;1165;0.9767171690414206
45;2;1175;0.9762394591110558
45;2;1185;0.9758662486077013
45;2;1195;0.9708729770584407
45;2;1205;0.9681522417905357
45;2;1215;0.9683090245461003
45;2;1225;0.9710945901192626
45;2;1235;0.9667519530747851
45;2;1245;0.9634314072840927
45;2;1255;0.9556527622500702
45;2;1265;0.9514922728054291
45;2;1275;0.9484083925444856
45;2;1285;0.9430078486031899
45;2;1295;0.936775177646898
45;2;1305;0.9332470589045051
45;2;1315;0.9252079659104804
45;2;1325;0.9281920489054686
45;2;1335;0.9652473346965473
45;2;1345;1.0104995425600116
45;2;1355;0.9614964049636869
45;2;1365;0.8775859265703997
45;2;1375;0.7629829840305097
45;2;1385;0.6099648239230983
45;2;1395;0.7300707882495261
45;2;1405;0.799612903089343
45;2;1415;0.8743543057280211
45;2;1425;0.9503367766555644
45;2;1435;1.017725150187916
45;2;1445;1.0691158625870945
45;2;1455;1.1010678798770388
45;2;1465;1.123038519963674
45;2;1475;1.14555237528595
45;2;1485;1.1698169320072567
45;2;1495;1.1928691306174581
45;2;1505;1.215548559123999
45;2;1515;1.2336273029180944
45;2;1525;1.246896413365239
45;2;1535;1.247640229220381
45;2;1545;1.2358247207923359
45;2;1555;1.2153008716766993
45;2;1565;1.18340917780123
45;2;1575;1.1567231964716378
45;2;1585;1.1331552907092908
45;2;1595;1.1336366489128742
45;2;1605;1.1308567066568342
45;2;1615;1.133829569848329
45;2;1625;1.1416195410034484
45;2;1635;1.1349387589291777
45;2;1645;1.123050836464251
45;2;1655;1.0819167778672207
45;2;1665;1.0028088541763864
45;2;1675;0.8687751221524778
45;2;1685;0.6761475895015477
45;2;1695;0.5187931115219723
45;2;1705;0.48067174801719337
45;2;1715;0.5058928783244263
45;2;1725;0.5376990307300963
45;2;1735;0.6202330827414942
45;2;1745;0.7003967552127621
45;2;1755;0.7702448607459125
45;2;1765;0.8164200336720461
45;2;1775;0.8456870325920085
45;2;1785;0.8504771651509566
45;2;1795;0.8358069497910832
45;2;1805;0.8169172673350461
45;2;1815;0.8045245177355489
45;2;1825;0.7919177400989188
45;2;1835;1.3690828030484365
45;2;1845;1.2502240195453593
45;2;1855;1.107710571306674
45;2;1865;0.9681242430135223
45;2;1875;0.882658809889796
45;2;1885;0.8739155673866003
45;2;1895;0.9077532651514877
45;2;1905;0.9546689507534278
45;2;1915;1.0010688195788189
45;2;1925;1.0417333623817335
45;2;1935;1.065333932616295
45;2;1945;1.0791910001675
45;2;1955;1.082769847423039
45;2;1965;1.0807853297776262
45;2;1975;1.0820467459228613
45;2;1985;1.0782648990363728
45;2;1995;1.0736739973507297
45;2;2005;1.066966350462275
45;2;2015;1.0623286011392843
45;2;2025;1.0523158335181229
45;2;2035;1.0414851187599137
45;2;2045;1.0305870373767256
45;2;2055;1.018097447695678
45;2;2065;1.0066145567616287
45;2;2075;0.995238846852614
45;2;2085;0.9881293443390258
45;2;2095;0.985422238644797
45;2;2105;0.9869204086488556
45;2;2115;0.9913542466925295
45;2;2125;0.9966945109827855
45;2;2135;1.0056541256030025
45;2;2145;1.0146979587553546
45;2;2155;1.0218319984780855
45;2;2165;1.0260464466941959
45;2;2175;1.0296192882181538
45;2;2185;1.0312488587807866
45;2;2195;1.0368545710851083
45;2;2205;1.0381605464229384
45;2;2215;1.044888598629336
45;2;2225;1.0491577181228915
45;2;2235;1.0583052684902137
45;2;2245;1.0704650480124533
45;2;2255;1.0783470312227885
45;2;2265;1.07441441691702
45;2;2275;1.0627964190548622
45;2;2285;1.055961410650821
45;2;2295;1.0568283620183923
45;2;2305;1.0478502146376902
45;2;2315;1.0223311470961465
45;2;2325;1.0025452359795377
45;2;2335;0.9929200649686759
45;2;2345;0.9858379210460524
45;2;2355;0.97890076663105
45;2;2365;0.9752562546980762
45;2;2375;0.975616422463891
45;2;2385;0.9759367128887457
45;2;2395;0.9784136385095988
45;2;2405;0.9839666314706456
45;2;2415;0.992099094143455
45;2;2425;1.0031307800026377
45;2;2435;1.0178523931976173
45;2;2445;1.0297208151891535
45;2;2450;1.0418672202268358
45;3;405;1.1043466163383249
45;3;415;1.0893791769680699
45;3;425;1.0644840430118105
45;3;435;1.0497247870086759
45;3;445;1.0448580458520753
45;3;455;1.0318894990412222
45;3;465;1.0242057730848073
45;3;475;1.0153767535640275
45;3;485;1.0105803675717346
45;3;495;1.0055639550199236
45;3;505;1.0047632056551201
45;3;515;1.0082163949755836
45;3;525;1.0296578426624656
45;3;535;1.054765103573083
45;3;545;1.0576471767288906
45;3;555;1.05428739910449
45;3;565;1.0398079016573853
45;3;575;1.0237519483330897
45;3;585;1.016497817762645
45;3;595;1.0132627962315783
45;3;605;1.0127999896873976
45;3;615;1.0094573303472862
45;3;625;1.0083322149697271
45;3;635;1.0075035465142574
45;3;645;1.0053065219710946
45;3;655;1.004734023970169
45;3;665;1.0043021614630707
45;3;675;1.0059284395906343
45;3;685;1.0126978502694695
45;3;695;1.0436522013110265
45;3;705;0.8620778748196851
45;3;715;0.41613515600136336
45;3;725;0.6042057157485319
45;3;735;1.1084709288233083
45;3;745;1.139442276234034
45;3;755;1.094171195225558
45;3;765;1.0659360477336264
45;3;775;1.0454627748516563
45;3;785;1.0386950342913188
45;3;795;1.0351288873616504
45;3;805;1.0339614941760638
45;3;815;1.0348838540057206
45;3;825;1.0302044115179048
45;3;835;1.0244746312813986
45;3;845;1.0150006853492548
45;3;855;1.0090635058336366
45;3;865;1.0050212328319874
45;3;875;1.0021395381070721
45;3;885;1.0003045083603885
45;3;895;0.998956527811583
45;3;905;0.9979151764082489
45;3;915;0.9969938045260177
45;3;925;0.9955780826909431
45;3;935;0.994481095606794
45;3;945;0.9924216593036556
45;3;955;0.990641972657269
45;3;965;0.9901250511137337
45;3;975;0.9916162369480923
45;3;985;0.9908387793541145
45;3;995;0.9919041986732645
45;3;1005;0.9878246824001509
45;3;1015;0.9862765090296698
45;3;1025;0.9857853311296343
45;3;1035;0.98377623069078
45;3;1045;0.9790017745286725
45;3;1055;0.9758192509235062
45;3;1065;0.9729170218078134
45;3;1075;0.9661623308106928
45;3;1085;0.9608454580671877
45;3;1095;0.956789504368412
45;3;1105;0.9614773284809314
45;3;1115;0.9699848599248373
45;3;1125;0.9762138555739011
45;3;1135;0.9849829483306836
45;3;1145;0.9910135568577555
45;3;1155;0.9928488169834027
45;3;1165;0.988381772499275
45;3;1175;0.9845869717038295
45;3;1185;0.9823122181262182
45;3;1195;0.9783089176077058
45;3;1205;0.9758812251539869
45;3;1215;0.9752944029410116
45;3;1225;0.9759959807093239
45;3;1235;0.9724213881467882
45;3;1245;0.9701958998382277
45;3;1255;0.9663152685510676
45;3;1265;0.9649317198766055
45;3;1275;0.9644205445470687
45;3;1285;0.9621497716816985
45;3;1295;0.9599687771482518
45;3;1305;0.9612989208387013
45;3;1315;0.9601513194458711
45;3;1325;0.9626234802524403
45;3;1335;0.9731188791833417
45;3;1345;0.9728065691265494
45;3;1355;0.9030644194260997
45;3;1365;0.7290889902385213
45;3;1375;0.3506495326920134
45;3;1385;0.47328819867838456
45;3;1395;0.7213657189741637
45;3;1405;0.8198909298980092
45;3;1415;0.8869981174788126
45;3;1425;0.9432796491156158
45;3;1435;0.990978822396552
45;3;1445;1.0263425447293646
45;3;1455;1.0474054521020724
45;3;1465;1.0628226734511674
45;3;1475;1.0792560484382583
45;3;1485;1.0976543117560884
45;3;1495;1.1144743965264914
45;3;1505;1.1337910854840305
45;3;1515;1.1515439396695324
45;3;1525;1.1701016070720547
45;3;1535;1.1857279956385272
45;3;1545;1.1954804846765428
45;3;1555;1.2005305181312955
45;3;1565;1.1970166796017032
45;3;1575;1.196130227592998
45;3;1585;1.1920258226854221
45;3;1595;1.206616988599361
45;3;1605;1.210416341266425
45;3;1615;1.2132308554027589
45;3;1625;1.2207320520218794
45;3;1635;1.2054587236665129
45;3;1645;1.179834234492635
45;3;1655;1.135851257036102
45;3;1665;1.046900365875386
45;3;1675;0.9312192174477444
45;3;1685;0.7918735080154168
45;3;1695;0.6981648720294278
45;3;1705;0.646980188626587
45;3;1715;0.6469693420434094
45;3;1725;0.6691055427105402
45;3;1735;0.7356339873043448
45;3;1745;0.7996242090296619
45;3;1755;0.8516534643168925
45;3;1765;0.8824101471160685
45;3;1775;0.9003752920885395
45;3;1785;0.8980504183981634
45;3;1795;0.8854492379580108
45;3;1805;0.8721268553063751
45;3;1815;0.8684908628252084
45;3;1825;0.8658884418625051
45;3;1835;1.3008857194460763
45;3;1845;1.2235242704787848
45;3;1855;1.1323442811403261
45;3;1865;1.0333382955960426
45;3;1875;0.9446319800010311
45;3;1885;0.8903917812400286
45;3;1895;0.8757772877590853
45;3;1905;0.9305173331848328
45;3;1915;0.9896206119860816
45;3;1925;1.027995017056992
45;3;1935;1.0392219446257907
45;3;1945;1.036577067947588
45;3;1955;1.0259881847195451
45;3;1965;1.0130164985618695
45;3;1975;1.0067922680117583
45;3;1985;1.0002636638977005
45;3;1995;0.9948374996467564
45;3;2005;0.9917827040114653
45;3;2015;0.9936756870759011
45;3;2025;0.9954359792445447
45;3;2035;0.9984298723528273
45;3;2045;1.0020606209383087
45;3;2055;1.0042876291820007
45;3;2065;1.0056856315969467
45;3;2075;1.0030185860196783
45;3;2085;0.9975344077853346
45;3;2095;0.990150968184436
45;3;2105;0.9828930861318148
45;3;2115;0.9771218409015126
45;3;2125;0.9745270994541969
45;3;2135;0.9756889655909812
45;3;2145;0.9800938930161129
45;3;2155;0.9857487010180336
45;3;2165;0.9918452718933762
45;3;2175;0.9961299046132197
45;3;2185;1.0002262915474442
45;3;2195;1.005466091464452
45;3;2205;1.0084245311197013
45;3;2215;1.0164309981899358
45;3;2225;1.0211769716570203
45;3;2235;1.0265871989970725
45;3;2245;1.0259848714430884
45;3;2255;1.018361168266775
45;3;2265;1.0028303629878388
45;3;2275;0.984499013645366
45;3;2285;0.9789152069984872
45;3;2295;0.9882039064249937
45;3;2305;0.988432424619038
45;3;2315;0.9777337120091106
45;3;2325;0.9774870710958803
45;3;2335;0.9845824789665376
45;3;2345;0.9891323240198001
45;3;2355;0.9928749183008648
45;3;2365;0.996895850097512
45;3;2375;1.003242791100345
45;3;2385;1.006367364460051
45;3;2395;1.0136883842689763
45;3;2405;1.0228869205340954
45;3;2415;1.0416530188745188
45;3;2425;1.0582524299232035
45;3;2435;1.088787778799552
45;3;2445;1.108479551688127
45;3;2450;1.1232883978762924
45;4;405;1.13129001838942
45;4;415;1.1125357699392802
45;4;425;1.0956178145731543
45;4;435;1.079491679412596
45;4;445;1.071917642480287
45;4;455;1.0604372879168007
45;4;465;1.047666596857888
45;4;475;1.0355709367274397
45;4;485;1.0270698287817877
45;4;495;1.0183677684637147
45;4;505;1.013146729078625
45;4;515;1.0134835027556213
45;4;525;1.040396223514698
45;4;535;1.0891908858112824
45;4;545;1.0996790058539165
45;4;555;1.0980072617078762
45;4;565;1.0689029979857325
45;4;575;1.03425973320489
45;4;585;1.0189192261788216
45;4;595;1.0127503377122153
45;4;605;1.010894155587398
45;4;615;1.0049258190944188
45;4;625;1.0024662514417026
45;4;635;1.0013677217934012
45;4;645;0.9995982695605261
45;4;655;0.9989987397543159
45;4;665;0.9983938429791871
45;4;675;1.0000319389779737
45;4;685;1.0071216721401937
45;4;695;1.0223340062009563
45;4;705;0.5677124522247962
45;4;715;0.16521757226123465
45;4;725;0.3558951152153922
45;4;735;1.1365980445795014
45;4;745;1.2258020058314727
45;4;755;1.1704166545436694
45;4;765;1.1264342185590257
45;4;775;1.0936275462899576
45;4;785;1.0799873134935407
45;4;795;1.072401248675646
45;4;805;1.067740022666154
45;4;815;1.0642295431628979
45;4;825;1.0532407075173569
45;4;835;1.0386846933172842
45;4;845;1.020828348366412
45;4;855;1.0088851322236174
45;4;865;1.0013677036050705
45;4;875;0.9965629809062828
45;4;885;0.9936280813068271
45;4;895;0.9920193578558043
45;4;905;0.9906238123692132
45;4;915;0.9893470823693443
45;4;925;0.9880964361906482
45;4;935;0.9870382312437042
45;4;945;0.984721646229603
45;4;955;0.9828072132860441
45;4;965;0.9821714740476756
45;4;975;0.9836224843758832
45;4;985;0.9826241475860109
45;4;995;0.9839446082863502
45;4;1005;0.9790285931679823
45;4;1015;0.9782828201423271
45;4;1025;0.9780427371363285
45;4;1035;0.9778066834107876
45;4;1045;0.9736388712425519
45;4;1055;0.9723951701134272
45;4;1065;0.9709536093261049
45;4;1075;0.9664562655203891
45;4;1085;0.9608475451786692
45;4;1095;0.9597052745880071
45;4;1105;0.9647236967455685
45;4;1115;0.9712188823363216
45;4;1125;0.9752767201031082
45;4;1135;0.9796054384977964
45;4;1145;0.9818411250366571
45;4;1155;0.9812449530189415
45;4;1165;0.9773538434032776
45;4;1175;0.9760652931616738
45;4;1185;0.9760380761342533
45;4;1195;0.9749731091705969
45;4;1205;0.9746010049457835
45;4;1215;0.9752258237517545
45;4;1225;0.9775394510187455
45;4;1235;0.9755887829278048
45;4;1245;0.9738501710393761
45;4;1255;0.9700669507187802
45;4;1265;0.9694758544930894
45;4;1275;0.9685989903839061
45;4;1285;0.9668936892437722
45;4;1295;0.9649277423694513
45;4;1305;0.9645057236068754
45;4;1315;0.9602619351161887
45;4;1325;0.960484600238774
45;4;1335;0.9742256420991118
45;4;1345;0.9846237985347227
45;4;1355;0.9205067319211976
45;4;1365;0.7704361367386408
45;4;1375;0.48793876528227736
45;4;1385;0.5966501518311937
45;4;1395;0.7875365866075043
45;4;1405;0.8579168175153555
45;4;1415;0.9099394197541513
45;4;1425;0.9583265403593996
45;4;1435;1.005311154438868
45;4;1445;1.0444856737898416
45;4;1455;1.069680973291558
45;4;1465;1.0884739949714894
45;4;1475;1.107163452572301
45;4;1485;1.1269540654491912
45;4;1495;1.1448914299924549
45;4;1505;1.1628583729517397
45;4;1515;1.1782058898298335
45;4;1525;1.1905192873681898
45;4;1535;1.197096749996743
45;4;1545;1.1949276268627949
45;4;1555;1.186002239359437
45;4;1565;1.1675186437215033
45;4;1575;1.1533029032456548
45;4;1585;1.137449279829559
45;4;1595;1.1370371012227318
45;4;1605;1.1307044629799974
45;4;1615;1.1226979520641978
45;4;1625;1.1156618889845678
45;4;1635;1.098156747806065
45;4;1645;1.0718438035874727
45;4;1655;1.01096297619582
45;4;1665;0.9192025370027481
45;4;1675;0.8079070254374955
45;4;1685;0.6898252190585019
45;4;1695;0.6152863569937203
45;4;1705;0.6078078880949822
45;4;1715;0.6401886960315665
45;4;1725;0.6716020156996161
45;4;1735;0.7333121213325402
45;4;1745;0.7912734171747623
45;4;1755;0.8425958917910901
45;4;1765;0.874982644155258
45;4;1775;0.8950827784621981
45;4;1785;0.8989396474415053
45;4;1795;0.8910090920500731
45;4;1805;0.8821325628368641
45;4;1815;0.8833827095645063
45;4;1825;0.8805870515698059
45;4;1835;1.2451638265007479
45;4;1845;1.1666607743494275
45;4;1855;1.077285049210218
45;4;1865;0.9906486151199518
45;4;1875;0.9267255069449142
45;4;1885;0.8926399772996394
45;4;1895;0.8931034667452353
45;4;1905;0.9501505179233017
45;4;1915;1.0209090567243877
45;4;1925;1.0763078424966874
45;4;1935;1.1003834203694054
45;4;1945;1.1087852429258078
45;4;1955;1.1029728035617827
45;4;1965;1.093982342627656
45;4;1975;1.087042878574012
45;4;1985;1.0798814038128461
45;4;1995;1.0715689342014727
45;4;2005;1.063582002520759
45;4;2015;1.058990904419593
45;4;2025;1.0523007903118342
45;4;2035;1.0460463411496395
45;4;2045;1.039661882763995
45;4;2055;1.0306921257650823
45;4;2065;1.0217557326949498
45;4;2075;1.0084781544437782
45;4;2085;0.9950320801260981
45;4;2095;0.9830330857835206
45;4;2105;0.974013936958167
45;4;2115;0.9679793745012143
45;4;2125;0.9659933508394551
45;4;2135;0.9686252344516745
45;4;2145;0.973723967196727
45;4;2155;0.9804391828624485
45;4;2165;0.985796893726047
45;4;2175;0.9897000374646862
45;4;2185;0.9942967264813889
45;4;2195;0.9989351224572687
45;4;2205;1.002192638348955
45;4;2215;1.0089604624244937
45;4;2225;1.0140677210238755
45;4;2235;1.0178083101968696
45;4;2245;1.0228529643878124
45;4;2255;1.0206113650621633
45;4;2265;1.01023623629084
45;4;2275;0.993172173224506
45;4;2285;0.9870862126476352
45;4;2295;0.9944118828458957
45;4;2305;0.9920293727051366
45;4;2315;0.9779712055169427
45;4;2325;0.9735033708083544
45;4;2335;0.9774881243862261
45;4;2345;0.9812109872244763
45;4;2355;0.9833046834204565
45;4;2365;0.9860179055877937
45;4;2375;0.9905855942189656
45;4;2385;0.9948879396788289
45;4;2395;0.9989294681916353
45;4;2405;1.0063342381725082
45;4;2415;1.0162129849010106
45;4;2425;1.032962471693323
45;4;2435;1.0443293708502743
45;4;2445;1.0724260232218508
45;4;2450;1.0776460871972162
46;1;405;1.0943988423464919
46;1;415;1.0789150847958207
46;1;425;1.0636339639370904
46;1;435;1.051053016690254
46;1;445;1.0474846594978557
46;1;455;1.0373117121622841
46;1;465;1.0286236838487552
46;1;475;1.0193303912000262
46;1;485;1.0134124105581948
46;1;495;1.0077136337445602
46;1;505;1.0065634262823635
46;1;515;1.0106356214688874
46;1;525;1.0330850207045952
46;1;535;1.0646172524793505
46;1;545;1.068839312010264
46;1;555;1.06657249624006
46;1;565;1.0510226533659115
46;1;575;1.0306756017305443
46;1;585;1.020478419898539
46;1;595;1.0155342537178218
46;1;605;1.014029443976861
46;1;615;1.0089417904924185
46;1;625;1.0066252400852884
46;1;635;1.0053827905634773
46;1;645;1.002086755455548
46;1;655;1.0010303605625819
46;1;665;1.000231937461649
46;1;675;1.0018301751415637
46;1;685;1.009048321272705
46;1;695;1.0442686551608074
46;1;705;0.7757483525814832
46;1;715;0.38333268417763944
46;1;725;0.5742960688672473
46;1;735;1.120668539443317
46;1;745;1.174877738581945
46;1;755;1.1199544594401385
46;1;765;1.0844051335327813
46;1;775;1.05889243569684
46;1;785;1.0504648316558864
46;1;795;1.0457993687458476
46;1;805;1.04403562148055
46;1;815;1.0446400958399373
46;1;825;1.0382215216305797
46;1;835;1.0295139801190465
46;1;845;1.0165800831297507
46;1;855;1.00838458079945
46;1;865;1.00307626191451
46;1;875;0.9994382111133218
46;1;885;0.9969976063151066
46;1;895;0.9956984859733765
46;1;905;0.9945280197240703
46;1;915;0.9931485269937809
46;1;925;0.9917958806266721
46;1;935;0.9909733033756379
46;1;945;0.9882617084899696
46;1;955;0.9866009523436203
46;1;965;0.9858116199925294
46;1;975;0.9868586584024844
46;1;985;0.984679590921659
46;1;995;0.984681551152323
46;1;1005;0.9802365068824085
46;1;1015;0.9788541975177386
46;1;1025;0.978055448247471
46;1;1035;0.9776290492211925
46;1;1045;0.9740316819227725
46;1;1055;0.9723582589499273
46;1;1065;0.9731637184374613
46;1;1075;0.96902406388781
46;1;1085;0.9661893722556568
46;1;1095;0.9649114688077509
46;1;1105;0.9683002690342145
46;1;1115;0.9731687827136991
46;1;1125;0.9745270567596982
46;1;1135;0.9791542767720424
46;1;1145;0.9831766544825159
46;1;1155;0.9844852696868455
46;1;1165;0.980350939725589
46;1;1175;0.9773698599437808
46;1;1185;0.976443213714085
46;1;1195;0.9728949501398328
46;1;1205;0.9711227752509876
46;1;1215;0.9713899176818473
46;1;1225;0.9726850154083855
46;1;1235;0.9690768735359777
46;1;1245;0.9663126210723357
46;1;1255;0.9615341735488898
46;1;1265;0.9598147704777449
46;1;1275;0.9584994598893579
46;1;1285;0.9556673395230803
46;1;1295;0.9533327720156397
46;1;1305;0.9556620182774044
46;1;1315;0.9569055552137248
46;1;1325;0.9615347257097305
46;1;1335;0.9738055997042101
46;1;1345;0.9832956415775208
46;1;1355;0.9178568194511363
46;1;1365;0.7624702461779329
46;1;1375;0.4719589597450973
46;1;1385;0.5317751065540243
46;1;1395;0.7416936054793016
46;1;1405;0.8258528072775596
46;1;1415;0.889504113534968
46;1;1425;0.9468131803571103
46;1;1435;0.9963967932731893
46;1;1445;1.0333450901603982
46;1;1455;1.055579493773959
46;1;1465;1.0725115775884826
46;1;1475;1.0893562402967352
46;1;1485;1.1084707652796157
46;1;1495;1.126038639882943
46;1;1505;1.1446111241370405
46;1;1515;1.1625933587963635
46;1;1525;1.1790579352243014
46;1;1535;1.1901312570536644
46;1;1545;1.1933956138834327
46;1;1555;1.1911750094489446
46;1;1565;1.178382087887825
46;1;1575;1.168247384024529
46;1;1585;1.15814975716415
46;1;1595;1.1698699302174693
46;1;1605;1.1714385635478692
46;1;1615;1.1789969029518343
46;1;1625;1.1902557869360857
46;1;1635;1.1836596941145325
46;1;1645;1.1715050072134248
46;1;1655;1.1336562439416777
46;1;1665;1.0628249493931754
46;1;1675;0.9580769841326426
46;1;1685;0.8201435355148421
46;1;1695;0.70610266549488
46;1;1705;0.656633935494367
46;1;1715;0.6551939368934758
46;1;1725;0.6785542138791346
46;1;1735;0.7442097669352112
46;1;1745;0.8064623627257078
46;1;1755;0.8573668682060195
46;1;1765;0.8924626706582764
46;1;1775;0.910632479933019
46;1;1785;0.9113373276336927
46;1;1795;0.8974858675854498
46;1;1805;0.8841220381186968
46;1;1815;0.8738228590194698
46;1;1825;0.8655421544193308
46;1;1835;1.3297303699541312
46;1;1845;1.2360274675843743
46;1;1855;1.12979031791936
46;1;1865;1.0170074530588304
46;1;1875;0.920648338603645
46;1;1885;0.8653638942439172
46;1;1895;0.8618360073063627
46;1;1905;0.9233362607876355
46;1;1915;0.9846571456394494
46;1;1925;1.0265120146579563
46;1;1935;1.0412460086781845
46;1;1945;1.0438921913530859
46;1;1955;1.0358419610634293
46;1;1965;1.0248913447501136
46;1;1975;1.01948884813748
46;1;1985;1.01221073667197
46;1;1995;1.0060656167657265
46;1;2005;1.0019489884975918
46;1;2015;1.002239959490831
46;1;2025;1.0028001892969252
46;1;2035;1.0045503685436215
46;1;2045;1.0069136750385281
46;1;2055;1.0070901319273584
46;1;2065;1.0077188238076564
46;1;2075;1.0038319529028974
46;1;2085;0.9970968812801922
46;1;2095;0.9890957690540476
46;1;2105;0.9817689987398992
46;1;2115;0.97644047329502
46;1;2125;0.9737483239405245
46;1;2135;0.9754795946875344
46;1;2145;0.9806235470049458
46;1;2155;0.9870399839876067
46;1;2165;0.9940059245474563
46;1;2175;0.9983911628061781
46;1;2185;1.0016868090845614
46;1;2195;1.0066330883447023
46;1;2205;1.009011073937655
46;1;2215;1.015622300018239
46;1;2225;1.0185973193558533
46;1;2235;1.0217399997955043
46;1;2245;1.0230325906337623
46;1;2255;1.0175986285089862
46;1;2265;1.00325370090668
46;1;2275;0.9867033846990014
46;1;2285;0.9823066179915055
46;1;2295;0.9906248279043847
46;1;2305;0.9888471902085562
46;1;2315;0.9779695923781793
46;1;2325;0.9759680252726504
46;1;2335;0.981589137450768
46;1;2345;0.9853731472455389
46;1;2355;0.9880799703881534
46;1;2365;0.9916206933074511
46;1;2375;0.9967764175333528
46;1;2385;1.0007499088913314
46;1;2395;1.0064791511940008
46;1;2405;1.016811604111684
46;1;2415;1.0295832412111907
46;1;2425;1.046562086792429
46;1;2435;1.069181647809682
46;1;2445;1.0918611245296201
46;1;2450;1.099443382075033
46;2;405;1.1077035576365106
46;2;415;1.097651994690107
46;2;425;1.0908841830616425
46;2;435;1.0831360201198519
46;2;445;1.0782135210494475
46;2;455;1.0717812819173969
46;2;465;1.0636890603371856
46;2;475;1.055062940180886
46;2;485;1.0479466842841345
46;2;495;1.0410171101291537
46;2;505;1.0348590017104282
46;2;515;1.0304111260947886
46;2;525;1.0353047591582576
46;2;535;1.0533364884070833
46;2;545;1.0503463543111475
46;2;555;1.047403268540452
46;2;565;1.0460012868923858
46;2;575;1.039098431396414
46;2;585;1.0339842235109438
46;2;595;1.0313470104817053
46;2;605;1.0318160187297254
46;2;615;1.0279691285253785
46;2;625;1.0259105911361706
46;2;635;1.0249085452426805
46;2;645;1.0233108436233704
46;2;655;1.0229691403558647
46;2;665;1.022622514608106
46;2;675;1.0251757707803912
46;2;685;1.03345909914297
46;2;695;1.0352515958363055
46;2;705;0.3825578270530724
46;2;715;0.4094571332602925
46;2;725;0.01585105106121191
46;2;735;1.006990409011365
46;2;745;1.2189111932311847
46;2;755;1.1913615772120092
46;2;765;1.1548849280390499
46;2;775;1.1246783180779791
46;2;785;1.1119877278613308
46;2;795;1.1045551204823427
46;2;805;1.100499979097251
46;2;815;1.0968490641079855
46;2;825;1.086007902335596
46;2;835;1.0708977394085948
46;2;845;1.0524320298756136
46;2;855;1.0386020232860733
46;2;865;1.0296727996654365
46;2;875;1.0236824423744384
46;2;885;1.0198092295869965
46;2;895;1.0175188651004976
46;2;905;1.0159630631248764
46;2;915;1.0141423730972654
46;2;925;1.0127417637394756
46;2;935;1.0115258089671064
46;2;945;1.0086626562492795
46;2;955;1.0065332770507824
46;2;965;1.0054130349950439
46;2;975;1.006315506050882
46;2;985;1.0043583905927698
46;2;995;1.0039547584958766
46;2;1005;0.999430601929987
46;2;1015;0.9984492131832496
46;2;1025;0.9985772285507988
46;2;1035;0.9989822625425101
46;2;1045;0.996431048104333
46;2;1055;0.9948839766905491
46;2;1065;0.9927175292667761
46;2;1075;0.9873626163132123
46;2;1085;0.9781069163509858
46;2;1095;0.974429776250984
46;2;1105;0.9785368724894683
46;2;1115;0.9889730507355174
46;2;1125;0.9966662977973572
46;2;1135;1.004448788107701
46;2;1145;1.007693480257523
46;2;1155;1.0063629148520397
46;2;1165;0.9992094314364585
46;2;1175;0.9933563371365518
46;2;1185;0.9892846515262225
46;2;1195;0.9860565633429882
46;2;1205;0.9841848491517909
46;2;1215;0.9827595067287472
46;2;1225;0.9829474074364446
46;2;1235;0.9808505441155893
46;2;1245;0.9811118921647958
46;2;1255;0.9796006365702051
46;2;1265;0.9799634480499273
46;2;1275;0.9803742150726665
46;2;1285;0.9803326957539767
46;2;1295;0.9817489977863886
46;2;1305;0.9858190381309847
46;2;1315;0.9846503507570714
46;2;1325;0.9848926999319654
46;2;1335;0.9924561568848649
46;2;1345;0.9803376203218827
46;2;1355;0.8961098824553234
46;2;1365;0.6971876621116075
46;2;1375;0.22753108346984866
46;2;1385;0.5792013202387507
46;2;1395;0.8114054554620372
46;2;1405;0.8834116645018266
46;2;1415;0.9335050147643872
46;2;1425;0.9807435953593231
46;2;1435;1.026118747453166
46;2;1445;1.0630265871501514
46;2;1455;1.0857751251848962
46;2;1465;1.1023793483388433
46;2;1475;1.1192526090063755
46;2;1485;1.1360759010077826
46;2;1495;1.150908773548748
46;2;1505;1.164535769167832
46;2;1515;1.1755074566363553
46;2;1525;1.1833448705747278
46;2;1535;1.1846532290975451
46;2;1545;1.1779575710144632
46;2;1555;1.1632283907125158
46;2;1565;1.1374593247850615
46;2;1575;1.1137243764352107
46;2;1585;1.0909429051724013
46;2;1595;1.075572131214129
46;2;1605;1.0575874178482607
46;2;1615;1.0332851081436625
46;2;1625;1.004596709754857
46;2;1635;0.9739991015261628
46;2;1645;0.9301514114106338
46;2;1655;0.86276368278109
46;2;1665;0.7722683690771788
46;2;1675;0.6748682258492477
46;2;1685;0.5909752755167194
46;2;1695;0.5569328700724745
46;2;1705;0.5764381254339023
46;2;1715;0.616193310930951
46;2;1725;0.654590955198829
46;2;1735;0.7238395424791122
46;2;1745;0.7908340115342477
46;2;1755;0.8498238160990281
46;2;1765;0.8873735408440928
46;2;1775;0.9099120621677983
46;2;1785;0.9144275287991812
46;2;1795;0.9081062275226149
46;2;1805;0.8990779029323446
46;2;1815;0.8978948821178977
46;2;1825;0.8946502611761322
46;2;1835;1.1753034929877606
46;2;1845;1.1160481465234406
46;2;1855;1.0505762977737423
46;2;1865;0.9866992460122763
46;2;1875;0.9398809881648104
46;2;1885;0.9105485625704028
46;2;1895;0.8824973831413516
46;2;1905;0.8925129873387047
46;2;1915;0.9425310275009559
46;2;1925;0.9960648376487858
46;2;1935;1.033189220653797
46;2;1945;1.0571408487383498
46;2;1955;1.0695700180683887
46;2;1965;1.0749183285878194
46;2;1975;1.0805112132070762
46;2;1985;1.0822774064713594
46;2;1995;1.0825532472699522
46;2;2005;1.0801659885201484
46;2;2015;1.0796477065754837
46;2;2025;1.0766043485300352
46;2;2035;1.0729692984161987
46;2;2045;1.0680915565038727
46;2;2055;1.061763663593296
46;2;2065;1.0535074106887063
46;2;2075;1.0397410801803635
46;2;2085;1.025495168450009
46;2;2095;1.0109958420229337
46;2;2105;0.9987992379611381
46;2;2115;0.9895570991944078
46;2;2125;0.9849668609700563
46;2;2135;0.9849546425577127
46;2;2145;0.9885974649166903
46;2;2155;0.9939262064304897
46;2;2165;0.9987135527717107
46;2;2175;1.003237838637798
46;2;2185;1.007437648735771
46;2;2195;1.0119216716787383
46;2;2205;1.0141276109569344
46;2;2215;1.0205402275500737
46;2;2225;1.0233598645101463
46;2;2235;1.025776797212472
46;2;2245;1.0279560873866291
46;2;2255;1.025138722686147
46;2;2265;1.0126471852693872
46;2;2275;0.9986988619576702
46;2;2285;0.9933342756413568
46;2;2295;1.0026432915372272
46;2;2305;1.0015788563198498
46;2;2315;0.992685017433782
46;2;2325;0.992275952187656
46;2;2335;0.9986270359837937
46;2;2345;1.003024088469407
46;2;2355;1.005571535023738
46;2;2365;1.0071390765279304
46;2;2375;1.0093081370512764
46;2;2385;1.0100677026543226
46;2;2395;1.0097299936105781
46;2;2405;1.009438417614089
46;2;2415;1.0145406293870438
46;2;2425;1.0178531193207312
46;2;2435;1.0205836317351968
46;2;2445;1.027181878105286
46;2;2450;1.0269805969444352
46;3;405;1.0980643547237425
46;3;415;1.0834190752794663
46;3;425;1.0653217275200073
46;3;435;1.052805445110432
46;3;445;1.0491707151017258
46;3;455;1.0392652171547934
46;3;465;1.0300665800494777
46;3;475;1.0207935304625477
46;3;485;1.0146110979476932
46;3;495;1.008306208364629
46;3;505;1.0050403963500876
46;3;515;1.0047424488194392
46;3;525;1.0219168609444162
46;3;535;1.0483174117969407
46;3;545;1.048306114176963
46;3;555;1.0451887314276023
46;3;565;1.0337203988277546
46;3;575;1.0193331680796305
46;3;585;1.0137814841082187
46;3;595;1.0113742450917542
46;3;605;1.0124455400684778
46;3;615;1.0099292552171728
46;3;625;1.0094244816454878
46;3;635;1.009127927776328
46;3;645;1.0083061085658904
46;3;655;1.0084448666312842
46;3;665;1.0084816732805915
46;3;675;1.010727724203703
46;3;685;1.0186660420783562
46;3;695;1.032715792092352
46;3;705;0.5712626620075575
46;3;715;0.23032091703262886
46;3;725;0.20358655835034029
46;3;735;1.0496484508854482
46;3;745;1.178038575674769
46;3;755;1.1402462929885098
46;3;765;1.1050111581875441
46;3;775;1.07595006437062
46;3;785;1.0653814135585284
46;3;795;1.0600964796088568
46;3;805;1.0580486752494225
46;3;815;1.057273941447264
46;3;825;1.0490554596796757
46;3;835;1.0384531821226224
46;3;845;1.0243053147379269
46;3;855;1.0152753263521088
46;3;865;1.0097381428618863
46;3;875;1.0060263956087299
46;3;885;1.0039355750170773
46;3;895;1.0024323770761014
46;3;905;1.0012560234830092
46;3;915;1.0001659871068649
46;3;925;0.9988285799106214
46;3;935;0.9978043322149209
46;3;945;0.9960716043293038
46;3;955;0.9944875472596844
46;3;965;0.9941972810119103
46;3;975;0.9961207096249971
46;3;985;0.9955618294611537
46;3;995;0.997246478090655
46;3;1005;0.9921188717813674
46;3;1015;0.9898721509932643
46;3;1025;0.989378560366959
46;3;1035;0.9868337325423356
46;3;1045;0.9803042082512735
46;3;1055;0.9771338027280312
46;3;1065;0.9731953525673503
46;3;1075;0.9653852503284838
46;3;1085;0.9571225871896392
46;3;1095;0.9534718374256249
46;3;1105;0.9593036716994152
46;3;1115;0.9701774165678709
46;3;1125;0.9774902649530222
46;3;1135;0.9864573926645456
46;3;1145;0.9925946175715179
46;3;1155;0.9939167359579527
46;3;1165;0.9891189610901976
46;3;1175;0.9854469554313933
46;3;1185;0.9823146733534661
46;3;1195;0.9778228291906391
46;3;1205;0.974673182700305
46;3;1215;0.9730078295154574
46;3;1225;0.97341127766653
46;3;1235;0.9688328715476204
46;3;1245;0.965599260984389
46;3;1255;0.9605281791489111
46;3;1265;0.9587096855461109
46;3;1275;0.9576176083605622
46;3;1285;0.9546748771357512
46;3;1295;0.9521665654763621
46;3;1305;0.9532550808675988
46;3;1315;0.9509662598684604
46;3;1325;0.9559504509982546
46;3;1335;0.9790501465414565
46;3;1345;0.9949511346096579
46;3;1355;0.9357054942737427
46;3;1365;0.8130938930169979
46;3;1375;0.5704431171377927
46;3;1385;0.45566386267802467
46;3;1395;0.6807308045444822
46;3;1405;0.7905634318017872
46;3;1415;0.8755079523610513
46;3;1425;0.9504021962644645
46;3;1435;1.0134843157790014
46;3;1445;1.06059283234816
46;3;1455;1.0891332708142036
46;3;1465;1.1092003686506886
46;3;1475;1.129887244064227
46;3;1485;1.1517707207125427
46;3;1495;1.1721225358831637
46;3;1505;1.1940693972239012
46;3;1515;1.212514104621743
46;3;1525;1.2290311177905073
46;3;1535;1.237522282933952
46;3;1545;1.238978709928623
46;3;1555;1.2341245154613052
46;3;1565;1.2211103204066833
46;3;1575;1.21169109316315
46;3;1585;1.1998418875608337
46;3;1595;1.202414723697243
46;3;1605;1.1967980246001497
46;3;1615;1.1900985011926553
46;3;1625;1.1850819294035733
46;3;1635;1.1561661353014425
46;3;1645;1.110953186322301
46;3;1655;1.041710001842552
46;3;1665;0.9355126984472081
46;3;1675;0.7970205259626476
46;3;1685;0.656494243648755
46;3;1695;0.595420470988056
46;3;1705;0.5954090609914163
46;3;1715;0.6327504081549191
46;3;1725;0.6612800555430264
46;3;1735;0.7196657985479024
46;3;1745;0.7781725021167664
46;3;1755;0.8309511528322581
46;3;1765;0.8595410247287182
46;3;1775;0.8781271140914149
46;3;1785;0.876117450957502
46;3;1795;0.8634118607078431
46;3;1805;0.8489224840501379
46;3;1815;0.8488064215707192
46;3;1825;0.844952061319843
46;3;1835;1.338747156770908
46;3;1845;1.2453650732154202
46;3;1855;1.1315086511203134
46;3;1865;1.0175438960733705
46;3;1875;0.9354247158093888
46;3;1885;0.8951432344037916
46;3;1895;0.8676783853356144
46;3;1905;0.8783797135553284
46;3;1915;0.9188791028609535
46;3;1925;0.9640237141730231
46;3;1935;0.9911189338144432
46;3;1945;1.008289867680521
46;3;1955;1.0158524244869045
46;3;1965;1.0196649951172654
46;3;1975;1.025421393491031
46;3;1985;1.0282609124780624
46;3;1995;1.0286368066787057
46;3;2005;1.0279862990227755
46;3;2015;1.0290386949641444
46;3;2025;1.0271659488173455
46;3;2035;1.0249408386413958
46;3;2045;1.0231801943264454
46;3;2055;1.018843953646377
46;3;2065;1.0148080447307175
46;3;2075;1.0078938867114455
46;3;2085;1.0005389904259376
46;3;2095;0.9940098003428839
46;3;2105;0.9893167746997614
46;3;2115;0.986614163302378
46;3;2125;0.9865571036459199
46;3;2135;0.990195412825026
46;3;2145;0.9962782165483727
46;3;2155;1.0023839022278913
46;3;2165;1.0077322349789701
46;3;2175;1.0118074124990453
46;3;2185;1.015840571609195
46;3;2195;1.0201390141797242
46;3;2205;1.0239685848112976
46;3;2215;1.032030756804316
46;3;2225;1.0378392111720596
46;3;2235;1.0447950648303208
46;3;2245;1.0505267579243334
46;3;2255;1.0480296666562057
46;3;2265;1.0368554873172182
46;3;2275;1.0186618501292048
46;3;2285;1.0114652570435032
46;3;2295;1.0178393932741763
46;3;2305;1.0151610436969454
46;3;2315;0.9977593213638634
46;3;2325;0.989955996205881
46;3;2335;0.9916678060342209
46;3;2345;0.9927460172662194
46;3;2355;0.9926972173772152
46;3;2365;0.9936147129115863
46;3;2375;0.9966336047146452
46;3;2385;0.9972399652666882
46;3;2395;1.00001903324284
46;3;2405;1.0062553713820384
46;3;2415;1.014509293731084
46;3;2425;1.0239084453827807
46;3;2435;1.0385730087342653
46;3;2445;1.0505158547875253
46;3;2450;1.053975934023258
46;4;405;1.1203667876279206
46;4;415;1.1008055256138396
46;4;425;1.080538652703325
46;4;435;1.062994585179011
46;4;445;1.0547540766404029
46;4;455;1.0406987387034594
46;4;465;1.0279502862927659
46;4;475;1.0149992000787775
46;4;485;1.0063577997624242
46;4;495;0.9972288945548968
46;4;505;0.9915658933371432
46;4;515;0.9912758522435179
46;4;525;1.013707831802303
46;4;535;1.0581090556023194
46;4;545;1.0654287290121767
46;4;555;1.0610717682431068
46;4;565;1.033586703460713
46;4;575;1.0041490944339446
46;4;585;0.9932762555316433
46;4;595;0.9897688975888196
46;4;605;0.9897083367973026
46;4;615;0.9865980336128343
46;4;625;0.9858912230165294
46;4;635;0.9857577561384065
46;4;645;0.9851527086618035
46;4;655;0.9848314153344607
46;4;665;0.9847039642731025
46;4;675;0.9858242385627894
46;4;685;0.9924002415162233
46;4;695;1.0048449172604876
46;4;705;0.49079956661538005
46;4;715;0.1566099074603551
46;4;725;0.3867993100324475
46;4;735;1.1983168356185319
46;4;745;1.2847076891376614
46;4;755;1.2073799519315216
46;4;765;1.1485787439357467
46;4;775;1.1054219149605795
46;4;785;1.087842096405683
46;4;795;1.0784801614445718
46;4;805;1.0731881843408961
46;4;815;1.0691960410070536
46;4;825;1.0548589356337432
46;4;835;1.0365991612988363
46;4;845;1.0139302021785381
46;4;855;0.9991764017698648
46;4;865;0.990192941877395
46;4;875;0.9848023016792475
46;4;885;0.9814263422884019
46;4;895;0.9794643677060932
46;4;905;0.9781421654829777
46;4;915;0.9765831110780763
46;4;925;0.9748870738841263
46;4;935;0.9737248793772663
46;4;945;0.971254888667324
46;4;955;0.9689811683553273
46;4;965;0.9684206327157123
46;4;975;0.9703678293142208
46;4;985;0.9705957051575186
46;4;995;0.9738580532490672
46;4;1005;0.9658802374879845
46;4;1015;0.9664145220737491
46;4;1025;0.9670617987144583
46;4;1035;0.9651752055846725
46;4;1045;0.9583747568225385
46;4;1055;0.9551409930028425
46;4;1065;0.9513453593117165
46;4;1075;0.9433945715261804
46;4;1085;0.9367695918961259
46;4;1095;0.9338423339502795
46;4;1105;0.9408563830040435
46;4;1115;0.9488154379160993
46;4;1125;0.9557577001128887
46;4;1135;0.9642896269397796
46;4;1145;0.9714328816301174
46;4;1155;0.97407777576409
46;4;1165;0.9736066155591834
46;4;1175;0.9755005371440721
46;4;1185;0.9778473579330179
46;4;1195;0.9753694075723534
46;4;1205;0.974387514973884
46;4;1215;0.9758832840133521
46;4;1225;0.9793544431139354
46;4;1235;0.9770246807409332
46;4;1245;0.973993797022228
46;4;1255;0.9669919087406178
46;4;1265;0.9640243483087079
46;4;1275;0.9616454183582518
46;4;1285;0.9579496779059238
46;4;1295;0.9522042899103734
46;4;1305;0.9476261228533814
46;4;1315;0.9398383675443093
46;4;1325;0.9417374248963098
46;4;1335;0.9701801295486782
46;4;1345;1.0019388631030564
46;4;1355;0.9583762479015545
46;4;1365;0.8657681591780737
46;4;1375;0.6897288992474777
46;4;1385;0.5627428968019661
46;4;1395;0.7383948308528362
46;4;1405;0.8181025370132332
46;4;1415;0.8814392029749543
46;4;1425;0.9399620020938884
46;4;1435;0.9955201479118776
46;4;1445;1.04138431853785
46;4;1455;1.071276924997106
46;4;1465;1.0927612142932828
46;4;1475;1.1148639171904742
46;4;1485;1.1389730129776985
46;4;1495;1.1619132578858917
46;4;1505;1.1848807942073167
46;4;1515;1.2034611636710357
46;4;1525;1.2190369027853554
46;4;1535;1.226786392134056
46;4;1545;1.2234234023205417
46;4;1555;1.2130229171591145
46;4;1565;1.1927103068212939
46;4;1575;1.1771666367876037
46;4;1585;1.1596939034610148
46;4;1595;1.1637424836156782
46;4;1605;1.1619306749386258
46;4;1615;1.1595395694789221
46;4;1625;1.160255024154224
46;4;1635;1.1500684718105272
46;4;1645;1.130703017854941
46;4;1655;1.0739173771414254
46;4;1665;0.9762529377358511
46;4;1675;0.8445616136443838
46;4;1685;0.6732795144743039
46;4;1695;0.5424137875201093
46;4;1705;0.5088567125436518
46;4;1715;0.5350907203085453
46;4;1725;0.5690325940299407
46;4;1735;0.645724244737254
46;4;1745;0.720340311120295
46;4;1755;0.7860191145615749
46;4;1765;0.827102781237244
46;4;1775;0.8531981963638229
46;4;1785;0.8568557731903055
46;4;1795;0.8451833693637752
46;4;1805;0.8307787379147438
46;4;1815;0.8260536792621093
46;4;1825;0.8202811498942985
46;4;1835;1.2881032015437957
46;4;1845;1.1957488155166083
46;4;1855;1.0874433711969058
46;4;1865;0.9798372493537783
46;4;1875;0.909188713333611
46;4;1885;0.8920667963975305
46;4;1895;0.9290303393549674
46;4;1905;1.0009658083603872
46;4;1915;1.0663963841935318
46;4;1925;1.1128331396426918
46;4;1935;1.1321208880782625
46;4;1945;1.136462318114847
46;4;1955;1.1281815465500356
46;4;1965;1.1152668993914532
46;4;1975;1.1061226814032161
46;4;1985;1.095822063456688
46;4;1995;1.0843769929742786
46;4;2005;1.0734128078307328
46;4;2015;1.0651792388375354
46;4;2025;1.0530660081139531
46;4;2035;1.0410243685888159
46;4;2045;1.0287002775071719
46;4;2055;1.0153930794762942
46;4;2065;1.0025548729138665
46;4;2075;0.9893220067186846
46;4;2085;0.9800298328387637
46;4;2095;0.9751195193983818
46;4;2105;0.9746189685354772
46;4;2115;0.9771430142576646
46;4;2125;0.981724718371064
46;4;2135;0.9901144859656841
46;4;2145;0.9981020940748992
46;4;2155;1.0060711135030493
46;4;2165;1.011632703439016
46;4;2175;1.015228601092867
46;4;2185;1.0187583473751811
46;4;2195;1.0248329016290887
46;4;2205;1.028033749674615
46;4;2215;1.035145143138116
46;4;2225;1.0421395189358624
46;4;2235;1.0519638047926756
46;4;2245;1.062229909596227
46;4;2255;1.0688829601632992
46;4;2265;1.0651649873377476
46;4;2275;1.0511430587707695
46;4;2285;1.0430870309813867
46;4;2295;1.0440348983408712
46;4;2305;1.0371387131789966
46;4;2315;1.0108390157192275
46;4;2325;0.9944144718460783
46;4;2335;0.9857578312106058
46;4;2345;0.9801942756953378
46;4;2355;0.9739411030014868
46;4;2365;0.9704073339848446
46;4;2375;0.9705923502981099
46;4;2385;0.9713480585836114
46;4;2395;0.9732867898529441
46;4;2405;0.9776847643953169
46;4;2415;0.9868340392596342
46;4;2425;1.0011580384744798
46;4;2435;1.0164865126755858
46;4;2445;1.0378927982530495
46;4;2450;1.04695227868281
