seed;fold;banda_nm;vip
42;1;405;1.1054624876627832
42;1;415;1.1123253859885953
42;1;425;1.109144789865654
42;1;435;1.1035272838375272
42;1;445;1.1014391359367175
42;1;455;1.0998762830508875
42;1;465;1.096432633523141
42;1;475;1.093472719443592
42;1;485;1.0909517315795219
42;1;495;1.0863695539036253
42;1;505;1.0821257834514217
42;1;515;1.0717046826028314
42;1;525;1.027629608674539
42;1;535;0.9603518029184721
42;1;545;0.9171123192704472
42;1;555;0.9058724127639657
42;1;565;0.9730510281802643
42;1;575;1.0364163602396816
42;1;585;1.0624292408641105
42;1;595;1.070147443524261
42;1;605;1.080542353432054
42;1;615;1.0889994945149035
42;1;625;1.0929376606842673
42;1;635;1.0947411603283217
42;1;645;1.0982256215907253
42;1;655;1.1046239286922033
42;1;665;1.11279728327797
42;1;675;1.1252684527141108
42;1;685;1.1408286453532763
42;1;695;1.14295727760267
42;1;705;0.2913632023664314
42;1;715;0.5140556740333536
42;1;725;0.3725032842585648
42;1;735;0.3486017095806843
42;1;745;0.8933478227669185
42;1;755;1.0028358026495483
42;1;765;1.02267612918719
42;1;775;1.0254985657679243
42;1;785;1.0281967640515193
42;1;795;1.031260252094111
42;1;805;1.034390021503786
42;1;815;1.0359849984911629
42;1;825;1.0345140048551218
42;1;835;1.030786731930642
42;1;845;1.0262240906437914
42;1;855;1.0228414532284043
42;1;865;1.0210908780045596
42;1;875;1.0200338888862897
42;1;885;1.0202523905325527
42;1;895;1.0213835354595797
42;1;905;1.0225736130718104
42;1;915;1.0232118513399195
42;1;925;1.024132988230563
42;1;935;1.0218392009385844
42;1;945;1.0187901477092134
42;1;955;1.0121188003916755
42;1;965;1.008166996827219
42;1;975;1.0079704454548817
42;1;985;1.0090786911096874
42;1;995;1.015601738770125
42;1;1005;1.017445764752544
42;1;1015;1.018056893293685
42;1;1025;1.0255122723116652
42;1;1035;1.0319739562236159
42;1;1045;1.034068077726169
42;1;1055;1.029179049407786
42;1;1065;1.0217994121126441
42;1;1075;1.0019561629956426
42;1;1085;0.9788269056875618
42;1;1095;0.959100879635256
42;1;1105;0.9653311568146626
42;1;1115;1.001911172386655
42;1;1125;1.0447331170821497
42;1;1135;1.0707885211773378
42;1;1145;1.0793664050913887
42;1;1155;1.0809372342711474
42;1;1165;1.0750873517586867
42;1;1175;1.0662153708467217
42;1;1185;1.0604185932487276
42;1;1195;1.0551924025967807
42;1;1205;1.0474472136352881
42;1;1215;1.0406461958152877
42;1;1225;1.0369925973489855
42;1;1235;1.0352327086609092
42;1;1245;1.0364095240186362
42;1;1255;1.0409437869813372
42;1;1265;1.0462663190002492
42;1;1275;1.0495223456815477
42;1;1285;1.051921377912402
42;1;1295;1.0575405647270677
42;1;1305;1.0736342427648147
42;1;1315;1.076615319434847
42;1;1325;1.0689663708347157
42;1;1335;1.1009925183983045
42;1;1345;1.085024249359747
42;1;1355;0.9040079731300527
42;1;1365;0.6724687299593073
42;1;1375;0.3898244679011655
42;1;1385;0.6953371704275123
42;1;1395;0.9968041381482918
42;1;1405;1.056876230970676
42;1;1415;1.087643754656838
42;1;1425;1.119800776753559
42;1;1435;1.1478620862512945
42;1;1445;1.1664899668041897
42;1;1455;1.1768305990315262
42;1;1465;1.1801577786523696
42;1;1475;1.181672678565402
42;1;1485;1.1792417480425998
42;1;1495;1.1717501436790916
42;1;1505;1.1620065480732613
42;1;1515;1.146329152670753
42;1;1525;1.127721455815637
42;1;1535;1.1023593675014793
42;1;1545;1.0681655906973664
42;1;1555;1.0264485380180293
42;1;1565;0.9771381057974261
42;1;1575;0.9212799010957604
42;1;1585;0.8596125634198156
42;1;1595;0.7905920104962649
42;1;1605;0.7080329137898067
42;1;1615;0.6403337344671157
42;1;1625;0.5664923504236037
42;1;1635;0.5150820153151096
42;1;1645;0.4746386313264459
42;1;1655;0.45512671269761934
42;1;1665;0.47074045527981295
42;1;1675;0.5121309539766973
42;1;1685;0.547096863346314
42;1;1695;0.5968228460856159
42;1;1705;0.6294994421528858
42;1;1715;0.6618638664232701
42;1;1725;0.6881992316184026
42;1;1735;0.7163275612447635
42;1;1745;0.7334658138140346
42;1;1755;0.7601119394807856
42;1;1765;0.7995799799222365
42;1;1775;0.8137065131612278
42;1;1785;0.8238730904210192
42;1;1795;0.8073851535780829
42;1;1805;0.8027326400932261
42;1;1815;0.7963149004933122
42;1;1825;0.7628426308937211
42;1;1835;0.9940335959719816
42;1;1845;0.9814161950054607
42;1;1855;0.9709027315180094
42;1;1865;0.9868010093038578
42;1;1875;1.010639476133628
42;1;1885;1.0165021984462557
42;1;1895;0.9369244266427695
42;1;1905;0.6898788988053394
42;1;1915;0.5658377793706408
42;1;1925;0.6472588198909085
42;1;1935;0.8211204200733065
42;1;1945;0.9835553165225893
42;1;1955;1.0954323455658275
42;1;1965;1.1514689083568557
42;1;1975;1.1790149529041682
42;1;1985;1.1918528115694451
42;1;1995;1.1934801726302382
42;1;2005;1.1900314808936356
42;1;2015;1.1848016290588985
42;1;2025;1.1761442735185303
42;1;2035;1.1645897323810446
42;1;2045;1.1490946339955554
42;1;2055;1.1362924390748
42;1;2065;1.1216244852699007
42;1;2075;1.1081857930705223
42;1;2085;1.0938461877592311
42;1;2095;1.0794723912913886
42;1;2105;1.064713878375372
42;1;2115;1.054694788636605
42;1;2125;1.042092447158824
42;1;2135;1.0338859847103623
42;1;2145;1.0236097903931045
42;1;2155;1.0151829447888505
42;1;2165;1.0085064795183973
42;1;2175;1.0051704972367894
42;1;2185;1.0052028249063683
42;1;2195;1.0074403950830897
42;1;2205;1.0113181298826155
42;1;2215;1.0132326974492902
42;1;2225;1.0124027130876472
42;1;2235;1.011254280205454
42;1;2245;1.0063601682633758
42;1;2255;1.0000377911568323
42;1;2265;0.9949429930176814
42;1;2275;0.9978958890781687
42;1;2285;1.0032490269279724
42;1;2295;1.005340075558942
42;1;2305;1.0089570898387161
42;1;2315;1.0204761603305474
42;1;2325;1.035265178219492
42;1;2335;1.0419257349272322
42;1;2345;1.0543931869436345
42;1;2355;1.0647003117235212
42;1;2365;1.0739401972105092
42;1;2375;1.0847742869845496
42;1;2385;1.0955234987286049
42;1;2395;1.096770439892753
42;1;2405;1.1061689000553407
42;1;2415;1.1116512754394343
42;1;2425;1.1191836802564832
42;1;2435;1.122009567528367
42;1;2445;1.1199364920934176
42;1;2450;1.1159117667257208
42;2;405;1.0987817199501995
42;2;415;1.1084303132174562
42;2;425;1.106981491679941
42;2;435;1.097539616159254
42;2;445;1.096089536184122
42;2;455;1.09583726321247
42;2;465;1.0929215023565402
42;2;475;1.091406982161399
42;2;485;1.0884001517188866
42;2;495;1.0832685267678177
42;2;505;1.0786040331835784
42;2;515;1.066911547301541
42;2;525;1.0244524872479461
42;2;535;0.9689892677397969
42;2;545;0.9345634779764245
42;2;555;0.9233738211974377
42;2;565;0.969641613097842
42;2;575;1.0217311817524644
42;2;585;1.0470880690811546
42;2;595;1.056219289895302
42;2;605;1.0675308607172516
42;2;615;1.0793199068160377
42;2;625;1.0853736521045885
42;2;635;1.087876180162487
42;2;645;1.094412402098723
42;2;655;1.103495742784276
42;2;665;1.114172842572426
42;2;675;1.1283626310432646
42;2;685;1.144627734117743
42;2;695;1.129223243778547
42;2;705;0.40682030800009317
42;2;715;0.4215993692196463
42;2;725;0.2688696761740557
42;2;735;0.5695441822585001
42;2;745;0.9662104264243603
42;2;755;1.0212674563484054
42;2;765;1.0258847621393197
42;2;775;1.0241457771332758
42;2;785;1.024708762968298
42;2;795;1.0270727378762134
42;2;805;1.029562124060244
42;2;815;1.0308122707644571
42;2;825;1.0288514732093428
42;2;835;1.0243979469181705
42;2;845;1.0191810155198031
42;2;855;1.0157485927687904
42;2;865;1.013254542840357
42;2;875;1.0119393800730863
42;2;885;1.0118295340275538
42;2;895;1.0124779974488811
42;2;905;1.0131515834440352
42;2;915;1.0138418308372523
42;2;925;1.0145765119477883
42;2;935;1.01236516375099
42;2;945;1.0093332282357976
42;2;955;1.003207373966651
42;2;965;1.000520585238255
42;2;975;1.0004958348981203
42;2;985;1.0010139860428915
42;2;995;1.0070720039336634
42;2;1005;1.0043275455584884
42;2;1015;1.0080435327758164
42;2;1025;1.011120701840776
42;2;1035;1.0200410111505567
42;2;1045;1.0213383008828245
42;2;1055;1.0171524462700279
42;2;1065;1.0116571990166061
42;2;1075;0.9949858187195626
42;2;1085;0.973484543558311
42;2;1095;0.9580819313306531
42;2;1105;0.9611828859728793
42;2;1115;0.9911438864645968
42;2;1125;1.0282161568428114
42;2;1135;1.0548346635888923
42;2;1145;1.0651441316794703
42;2;1155;1.0699568872833225
42;2;1165;1.0681200650195857
42;2;1175;1.0629567703872649
42;2;1185;1.059776233821097
42;2;1195;1.0548093688540037
42;2;1205;1.0467203248934402
42;2;1215;1.041548426409058
42;2;1225;1.038068550806241
42;2;1235;1.0343682429485987
42;2;1245;1.036137643182162
42;2;1255;1.040265509001582
42;2;1265;1.0448015149398049
42;2;1275;1.0475531091228354
42;2;1285;1.0482337802879906
42;2;1295;1.0518145609799663
42;2;1305;1.060513648265956
42;2;1315;1.0553473626110457
42;2;1325;1.0412793407097929
42;2;1335;1.0639239879511615
42;2;1345;1.0605057174506693
42;2;1355;0.8818913474022924
42;2;1365;0.6340116195040156
42;2;1375;0.3333043623363701
42;2;1385;0.7471150093667669
42;2;1395;1.0253619149022464
42;2;1405;1.0787257907577767
42;2;1415;1.10299803466272
42;2;1425;1.12905936772627
42;2;1435;1.1532778242853892
42;2;1445;1.170136760776362
42;2;1455;1.1799043263042954
42;2;1465;1.182147034461019
42;2;1475;1.1823208805239638
42;2;1485;1.1790462064067506
42;2;1495;1.169964891017359
42;2;1505;1.1581935917092705
42;2;1515;1.1405437992768905
42;2;1525;1.1186449107316323
42;2;1535;1.0911447956596718
42;2;1545;1.0537729579461628
42;2;1555;1.010103178965477
42;2;1565;0.9611244041748238
42;2;1575;0.9076235294318764
42;2;1585;0.8486351671551479
42;2;1595;0.7880849444962628
42;2;1605;0.7165747987474778
42;2;1615;0.6572023137650438
42;2;1625;0.5970669573400049
42;2;1635;0.5521445947909293
42;2;1645;0.5166392342937208
42;2;1655;0.4994552983094773
42;2;1665;0.512452087225854
42;2;1675;0.55280261975039
42;2;1685;0.5877563122128767
42;2;1695;0.6372528447903625
42;2;1705;0.6704696990671731
42;2;1715;0.6938201880466053
42;2;1725;0.7189563108859204
42;2;1735;0.7469749715087055
42;2;1745;0.7637458056799558
42;2;1755;0.7877033818962141
42;2;1765;0.8212806096199041
42;2;1775;0.8354160403596481
42;2;1785;0.8459083242169294
42;2;1795;0.8344316116157292
42;2;1805;0.8243745044892933
42;2;1815;0.8214553943158522
42;2;1825;0.7935171919288246
42;2;1835;0.98369732575505
42;2;1845;0.9793230269467106
42;2;1855;0.9780212878690301
42;2;1865;1.0021565372325631
42;2;1875;1.031465734569763
42;2;1885;1.0425630518103022
42;2;1895;0.9890594713054512
42;2;1905;0.7919406054540096
42;2;1915;0.6786577982968169
42;2;1925;0.7460111295887062
42;2;1935;0.8861897792893297
42;2;1945;1.013341202540526
42;2;1955;1.0982110024358822
42;2;1965;1.140644937310755
42;2;1975;1.164915584821095
42;2;1985;1.17756021813076
42;2;1995;1.180891264277176
42;2;2005;1.1790175412114248
42;2;2015;1.175101299204994
42;2;2025;1.1668283813282885
42;2;2035;1.155754846133466
42;2;2045;1.1410846905743606
42;2;2055;1.127803093795585
42;2;2065;1.1124670132341425
42;2;2075;1.098242698351927
42;2;2085;1.0830953639805012
42;2;2095;1.0689134606827662
42;2;2105;1.0547561110387444
42;2;2115;1.0444891374165686
42;2;2125;1.0332555125495249
42;2;2135;1.0272417307668802
42;2;2145;1.017863436044471
42;2;2155;1.0111827885618008
42;2;2165;1.0060281535059346
42;2;2175;1.0027353514880961
42;2;2185;1.0036433777631253
42;2;2195;1.0057832576285084
42;2;2205;1.0101495629021495
42;2;2215;1.0116951814144817
42;2;2225;1.0111073289473385
42;2;2235;1.0110730339212355
42;2;2245;1.0063016776185851
42;2;2255;0.9987744854654237
42;2;2265;0.9928362685184878
42;2;2275;0.994062526763165
42;2;2285;0.9969051759245718
42;2;2295;1.0002714973262457
42;2;2305;1.0051362543784308
42;2;2315;1.0153557470991552
42;2;2325;1.0297227985846538
42;2;2335;1.0354657286908964
42;2;2345;1.0477883305167064
42;2;2355;1.0591991466944886
42;2;2365;1.0680328065839084
42;2;2375;1.0790446563087
42;2;2385;1.0890914888329726
42;2;2395;1.091342372838252
42;2;2405;1.1020599738820185
42;2;2415;1.1034473598039334
42;2;2425;1.1077753185188033
42;2;2435;1.1112785445918378
42;2;2445;1.1094788289389894
42;2;2450;1.1048156367982314
42;3;405;1.0977096932614692
42;3;415;1.1046237907913246
42;3;425;1.106624327361287
42;3;435;1.100962468418879
42;3;445;1.1002718260119853
42;3;455;1.1004328043399008
42;3;465;1.096691268868631
42;3;475;1.0954988119366822
42;3;485;1.0945150559945025
42;3;495;1.090894334352476
42;3;505;1.0871835289721081
42;3;515;1.0729939256037482
42;3;525;1.0171612729986035
42;3;535;0.9393391486366509
42;3;545;0.8939967399526783
42;3;555;0.8800126350968865
42;3;565;0.9413629694610186
42;3;575;1.0100498851951543
42;3;585;1.0431468148298837
42;3;595;1.0555257539802578
42;3;605;1.068939223711788
42;3;615;1.0845891630976148
42;3;625;1.092860668024793
42;3;635;1.0961633456268982
42;3;645;1.104923961392071
42;3;655;1.1155862850955804
42;3;665;1.127924194613607
42;3;675;1.1430345875347243
42;3;685;1.1611464936862452
42;3;695;1.135138416473562
42;3;705;0.2813173290295572
42;3;715;0.43205507030005824
42;3;725;0.2759835722213933
42;3;735;0.5072515494042529
42;3;745;0.9567394044398096
42;3;755;1.0296553792645824
42;3;765;1.0360245615970651
42;3;775;1.0328649779325227
42;3;785;1.032618309563895
42;3;795;1.0338726768787063
42;3;805;1.0361782365885466
42;3;815;1.0367701936618328
42;3;825;1.034188776086553
42;3;835;1.0295103065345435
42;3;845;1.023634236615774
42;3;855;1.0197178495834172
42;3;865;1.0168512019708382
42;3;875;1.0152709289917108
42;3;885;1.0151007429941188
42;3;895;1.0163909886334275
42;3;905;1.0174115598913631
42;3;915;1.0181820553387617
42;3;925;1.018838785403028
42;3;935;1.0158891432180839
42;3;945;1.0122792108812173
42;3;955;1.005299748800962
42;3;965;1.0006747367040862
42;3;975;1.001747591898361
42;3;985;1.0026847194652244
42;3;995;1.0100740252427782
42;3;1005;1.0153129445830356
42;3;1015;1.017464443863449
42;3;1025;1.022424922769179
42;3;1035;1.029094800457525
42;3;1045;1.0312353253278588
42;3;1055;1.0260320731138548
42;3;1065;1.0187789767508435
42;3;1075;0.9974648600281151
42;3;1085;0.9751071075888271
42;3;1095;0.9552773969839389
42;3;1105;0.9612430971754101
42;3;1115;0.9959964036485962
42;3;1125;1.036484024756981
42;3;1135;1.0613799624791458
42;3;1145;1.069413223806512
42;3;1155;1.072033342577011
42;3;1165;1.068909586981159
42;3;1175;1.0638684171983033
42;3;1185;1.0614962280793412
42;3;1195;1.0586205296582318
42;3;1205;1.052112095937884
42;3;1215;1.0460376188889642
42;3;1225;1.0441904694500435
42;3;1235;1.0415501450017857
42;3;1245;1.0422052114974125
42;3;1255;1.0466698409506272
42;3;1265;1.050317262440865
42;3;1275;1.0533436246383594
42;3;1285;1.0533170849615108
42;3;1295;1.0563420659047187
42;3;1305;1.0638640078621602
42;3;1315;1.056732321315773
42;3;1325;1.0423746062828243
42;3;1335;1.0628203940792316
42;3;1345;1.034256953200083
42;3;1355;0.8434211132326483
42;3;1365;0.5922086748804066
42;3;1375;0.21252125817717138
42;3;1385;0.7767977782843718
42;3;1395;1.074974547544059
42;3;1405;1.1224845422392573
42;3;1415;1.1381693647267574
42;3;1425;1.1537924974842964
42;3;1435;1.1688941272587452
42;3;1445;1.1798081563395884
42;3;1455;1.1855679332511813
42;3;1465;1.1858970210941473
42;3;1475;1.1837109583499335
42;3;1485;1.17936766255223
42;3;1495;1.1696510956678978
42;3;1505;1.1578443020543714
42;3;1515;1.1408584710767986
42;3;1525;1.1193072743779913
42;3;1535;1.0911302692643259
42;3;1545;1.054385159643191
42;3;1555;1.0097161785905666
42;3;1565;0.9576101443679897
42;3;1575;0.9010698354458676
42;3;1585;0.8410678839061678
42;3;1595;0.7758516094272478
42;3;1605;0.6996566322133052
42;3;1615;0.6395929948062516
42;3;1625;0.5789078622713779
42;3;1635;0.5358818821511971
42;3;1645;0.5037409619570612
42;3;1655;0.4891251804902537
42;3;1665;0.5034453046452139
42;3;1675;0.5461888286045532
42;3;1685;0.5825126372961337
42;3;1695;0.62782851545053
42;3;1705;0.655737580143851
42;3;1715;0.67371858034227
42;3;1725;0.6919286200707403
42;3;1735;0.7158449917233941
42;3;1745;0.730286649848687
42;3;1755;0.757329643428059
42;3;1765;0.7939612103385463
42;3;1775;0.812465760327027
42;3;1785;0.8228999128666221
42;3;1795;0.8091572839827411
42;3;1805;0.7987059355133583
42;3;1815;0.7924988994245018
42;3;1825;0.7655855666628987
42;3;1835;0.9744498780950613
42;3;1845;0.9815801499028823
42;3;1855;1.0010913639444268
42;3;1865;1.041900225944919
42;3;1875;1.0807137278020722
42;3;1885;1.0936771000985834
42;3;1895;1.0325146715913538
42;3;1905;0.8010167074515436
42;3;1915;0.6370451373857151
42;3;1925;0.6883895537863611
42;3;1935;0.8403380712465487
42;3;1945;0.9817205994160166
42;3;1955;1.0777622184672209
42;3;1965;1.129759243392572
42;3;1975;1.1579899297007994
42;3;1985;1.1740280060267798
42;3;1995;1.179252657450958
42;3;2005;1.178934779068956
42;3;2015;1.1761241784992227
42;3;2025;1.1687287504792565
42;3;2035;1.1576531944651771
42;3;2045;1.1430231531022157
42;3;2055;1.128830350426994
42;3;2065;1.1132743173014596
42;3;2075;1.0987889154734405
42;3;2085;1.0836635182133951
42;3;2095;1.068562911114081
42;3;2105;1.0543638733189153
42;3;2115;1.0439637306721186
42;3;2125;1.032686255167688
42;3;2135;1.0267376733292384
42;3;2145;1.0180214117896398
42;3;2155;1.0118176539153885
42;3;2165;1.0069353630448787
42;3;2175;1.0043654432078684
42;3;2185;1.0063847039129117
42;3;2195;1.0096948782694595
42;3;2205;1.0145234488599815
42;3;2215;1.0170237754598341
42;3;2225;1.0176830772377143
42;3;2235;1.0167851990170886
42;3;2245;1.01106532150872
42;3;2255;1.0020534918831105
42;3;2265;0.9944684207215296
42;3;2275;0.9931508837712499
42;3;2285;0.996157399690111
42;3;2295;0.9999993653509582
42;3;2305;1.0052795126426128
42;3;2315;1.014799918110855
42;3;2325;1.0283732613621437
42;3;2335;1.0374517939618084
42;3;2345;1.0490859826674528
42;3;2355;1.060972879877885
42;3;2365;1.070253129051132
42;3;2375;1.0810281047046928
42;3;2385;1.0916918486138614
42;3;2395;1.094386032399353
42;3;2405;1.1000594894755842
42;3;2415;1.099603304062867
42;3;2425;1.0991648242268601
42;3;2435;1.1046055382746034
42;3;2445;1.0991445205260735
42;3;2450;1.0907386547355018
42;4;405;1.106585709074761
42;4;415;1.1109305641865068
42;4;425;1.1117166911911924
42;4;435;1.1039506169652689
42;4;445;1.1019224934384124
42;4;455;1.101891891426723
42;4;465;1.099535641707539
42;4;475;1.0975052166640413
42;4;485;1.094738082607531
42;4;495;1.0904718472233168
42;4;505;1.0857678730825313
42;4;515;1.0705421704640508
42;4;525;1.0149382958085353
42;4;535;0.9426836191936634
42;4;545;0.8963634839568276
42;4;555;0.8840077201506527
42;4;565;0.9488286519661301
42;4;575;1.0193114169573694
42;4;585;1.0513000312828167
42;4;595;1.0630459203262417
42;4;605;1.0761079245133447
42;4;615;1.088800925610602
42;4;625;1.0951506207600559
42;4;635;1.097557248390885
42;4;645;1.1033021292760736
42;4;655;1.1109676716020966
42;4;665;1.1198235412476474
42;4;675;1.1321758865093214
42;4;685;1.1481712234946424
42;4;695;1.139773668333571
42;4;705;0.3264321041847497
42;4;715;0.511655344169085
42;4;725;0.35866652387730796
42;4;735;0.4711899744051024
42;4;745;0.949445821132174
42;4;755;1.016687314525082
42;4;765;1.0233174558638265
42;4;775;1.021278403990202
42;4;785;1.0220523314945515
42;4;795;1.0248346120227079
42;4;805;1.0274154815483698
42;4;815;1.0282442411339183
42;4;825;1.0255908362460207
42;4;835;1.0207307566770885
42;4;845;1.0143683006346076
42;4;855;1.00984361166292
42;4;865;1.007069431489549
42;4;875;1.005016370196541
42;4;885;1.0048990455061022
42;4;895;1.0052664202062822
42;4;905;1.0059956874304294
42;4;915;1.0067110733786686
42;4;925;1.0065585691187349
42;4;935;1.003689914318769
42;4;945;1.0002354495932626
42;4;955;0.994136446881135
42;4;965;0.9901650446754151
42;4;975;0.9906314164829517
42;4;985;0.9907315968045104
42;4;995;0.9955967549558872
42;4;1005;0.9961314058958165
42;4;1015;0.9965293798383993
42;4;1025;1.0016460361689394
42;4;1035;1.0092631321676087
42;4;1045;1.0118595547780094
42;4;1055;1.007591485125922
42;4;1065;1.0012994026006115
42;4;1075;0.9828215165754858
42;4;1085;0.9594834322367172
42;4;1095;0.9420293662702228
42;4;1105;0.9462893875999224
42;4;1115;0.9775396814476915
42;4;1125;1.0193826286263832
42;4;1135;1.0493952254824075
42;4;1145;1.0646523385268178
42;4;1155;1.070532297057151
42;4;1165;1.0671807449191297
42;4;1175;1.059980827691371
42;4;1185;1.0563196947019124
42;4;1195;1.051325844343467
42;4;1205;1.042675705962768
42;4;1215;1.0361599611936148
42;4;1225;1.0328803742755595
42;4;1235;1.0294341357960775
42;4;1245;1.0302939062563334
42;4;1255;1.035837528905463
42;4;1265;1.0410973716224914
42;4;1275;1.0446447219092478
42;4;1285;1.047138045384816
42;4;1295;1.0514707559734064
42;4;1305;1.061745597050641
42;4;1315;1.0532757804876685
42;4;1325;1.0346814204348618
42;4;1335;1.0601856574247979
42;4;1345;1.0585562332695115
42;4;1355;0.8767595184616722
42;4;1365;0.6571534852461175
42;4;1375;0.429073441812057
42;4;1385;0.6963817417240817
42;4;1395;0.9896681972933077
42;4;1405;1.0588449557663335
42;4;1415;1.0913395324459187
42;4;1425;1.1236580279508812
42;4;1435;1.1526926809384948
42;4;1445;1.1725186907076743
42;4;1455;1.1836504672881154
42;4;1465;1.186983151329107
42;4;1475;1.1877814995565585
42;4;1485;1.1844284765069266
42;4;1495;1.1750564574815434
42;4;1505;1.1633725240914496
42;4;1515;1.1447207986471934
42;4;1525;1.122845494711736
42;4;1535;1.0934710019649891
42;4;1545;1.056056867214228
42;4;1555;1.0115453543639634
42;4;1565;0.9616986057534941
42;4;1575;0.9086068857235519
42;4;1585;0.8488226720000545
42;4;1595;0.7882264999864939
42;4;1605;0.7152781418246045
42;4;1615;0.6574107452910856
42;4;1625;0.5996893100943013
42;4;1635;0.5572556770795318
42;4;1645;0.5234429332650541
42;4;1655;0.509415229118525
42;4;1665;0.5196014223655703
42;4;1675;0.5596150826533787
42;4;1685;0.5915558965057439
42;4;1695;0.6379580223966193
42;4;1705;0.6675466423518973
42;4;1715;0.6893313294768785
42;4;1725;0.7118399617297412
42;4;1735;0.7390647404675736
42;4;1745;0.7527094531787278
42;4;1755;0.7774674670617987
42;4;1765;0.806221036791726
42;4;1775;0.8200786085855304
42;4;1785;0.8265599936960456
42;4;1795;0.8114895997728029
42;4;1805;0.805233433320947
42;4;1815;0.8032581457031952
42;4;1825;0.7732213891694885
42;4;1835;0.9759622099546204
42;4;1845;0.9730450954841298
42;4;1855;0.9739046056799676
42;4;1865;0.9978556358565014
42;4;1875;1.0307441719584272
42;4;1885;1.0431943563017492
42;4;1895;0.9830328998233548
42;4;1905;0.7745741637354725
42;4;1915;0.6650082446373424
42;4;1925;0.7422854358958623
42;4;1935;0.8987775110924178
42;4;1945;1.032383864079624
42;4;1955;1.1219046541752122
42;4;1965;1.1665122930955247
42;4;1975;1.1899315366541168
42;4;1985;1.2002409339872506
42;4;1995;1.2038773884294511
42;4;2005;1.2007043533597201
42;4;2015;1.1953499614625471
42;4;2025;1.1862342114939295
42;4;2035;1.1741894806230744
42;4;2045;1.1582877182957085
42;4;2055;1.1422690906203732
42;4;2065;1.1256256049996796
42;4;2075;1.1096352495480342
42;4;2085;1.0926715183492697
42;4;2095;1.076834625978306
42;4;2105;1.0614846916527805
42;4;2115;1.0500754406682715
42;4;2125;1.0382324401138625
42;4;2135;1.032105907003461
42;4;2145;1.0222780492504633
42;4;2155;1.0155769437326072
42;4;2165;1.0097943016875697
42;4;2175;1.0065808926377116
42;4;2185;1.007886870001982
42;4;2195;1.0109325942409864
42;4;2205;1.0152815674340925
42;4;2215;1.0160920944103984
42;4;2225;1.015850785202765
42;4;2235;1.015501600512435
42;4;2245;1.0110706093067232
42;4;2255;1.0021879481297025
42;4;2265;0.9950662709847278
42;4;2275;0.99533016466502
42;4;2285;0.9994175178345143
42;4;2295;1.002982793431169
42;4;2305;1.0082170320283994
42;4;2315;1.0194401003648412
42;4;2325;1.033669413241853
42;4;2335;1.040247653760266
42;4;2345;1.0538727018455154
42;4;2355;1.0649788621024951
42;4;2365;1.0749350618995175
42;4;2375;1.086157259684435
42;4;2385;1.0964107617572885
42;4;2395;1.09998988772708
42;4;2405;1.1076118524892615
42;4;2415;1.1092625570300005
42;4;2425;1.114533406853687
42;4;2435;1.1188156656107884
42;4;2445;1.1131189058155564
42;4;2450;1.1134308700137547
43;1;405;1.1144837800384635
43;1;415;1.1226903525637968
43;1;425;1.1227840458949303
43;1;435;1.113890429679791
43;1;445;1.1120290131223007
43;1;455;1.1122028475412482
43;1;465;1.1092350808681348
43;1;475;1.1074734927515384
43;1;485;1.104920449922141
43;1;495;1.100180818114685
43;1;505;1.0965226172984712
43;1;515;1.0866525945056935
43;1;525;1.0409015433820985
43;1;535;0.9676191613477186
43;1;545;0.9166656930266048
43;1;555;0.9021139092798779
43;1;565;0.9743426953862703
43;1;575;1.0451886912021564
43;1;585;1.0743227969378628
43;1;595;1.0836861290484947
43;1;605;1.095574136001413
43;1;615;1.1056253196390278
43;1;625;1.1105831065118317
43;1;635;1.1123248299252504
43;1;645;1.1158312108372168
43;1;655;1.122986536278303
43;1;665;1.131815973260651
43;1;675;1.1451210070503481
43;1;685;1.1626953228377472
43;1;695;1.1785856174896248
43;1;705;0.44292405694023035
43;1;715;0.5115830803598196
43;1;725;0.37465829661530037
43;1;735;0.4185363385316684
43;1;745;0.9025894689966184
43;1;755;0.9984782819322656
43;1;765;1.0140069331382835
43;1;775;1.0149122742212502
43;1;785;1.017484392895859
43;1;795;1.0212578972790094
43;1;805;1.0251153885397253
43;1;815;1.0266102529589118
43;1;825;1.0240900040300098
43;1;835;1.0185001570509709
43;1;845;1.0120895323559553
43;1;855;1.007691522555435
43;1;865;1.0046509118164288
43;1;875;1.003027476069407
43;1;885;1.003260130567104
43;1;895;1.0043850527232625
43;1;905;1.0058247927369564
43;1;915;1.0067134316346946
43;1;925;1.0075460477192921
43;1;935;1.0040085789351134
43;1;945;0.9992544792146527
43;1;955;0.9901563558617812
43;1;965;0.9838799688541305
43;1;975;0.9841244491350736
43;1;985;0.9848395896723137
43;1;995;0.9931890751567399
43;1;1005;0.992924273572119
43;1;1015;0.9971964529203576
43;1;1025;1.0029238560897382
43;1;1035;1.013884780947475
43;1;1045;1.0164002601821533
43;1;1055;1.0096613591045072
43;1;1065;0.9991561837876052
43;1;1075;0.9711662568966096
43;1;1085;0.9375403725899246
43;1;1095;0.9108098875144848
43;1;1105;0.916901637044606
43;1;1115;0.9651146761584397
43;1;1125;1.0216046180810214
43;1;1135;1.058867798695754
43;1;1145;1.0718594095845562
43;1;1155;1.0756806333326492
43;1;1165;1.070174938786452
43;1;1175;1.0604334387674006
43;1;1185;1.055697721203324
43;1;1195;1.0499651088411561
43;1;1205;1.0411878756916455
43;1;1215;1.0336129948294026
43;1;1225;1.0295559552695273
43;1;1235;1.0259031364930167
43;1;1245;1.0273935324692893
43;1;1255;1.0331043979954508
43;1;1265;1.0385574646814035
43;1;1275;1.0425448201855976
43;1;1285;1.0454788724667052
43;1;1295;1.0522028591256702
43;1;1305;1.0677352133769091
43;1;1315;1.0599773368630436
43;1;1325;1.0379321577497878
43;1;1335;1.0689021090208046
43;1;1345;1.0537390864808565
43;1;1355;0.878592222967819
43;1;1365;0.6810916001179104
43;1;1375;0.40004300059046716
43;1;1385;0.6201158991195901
43;1;1395;0.9909101851517058
43;1;1405;1.0684134773210123
43;1;1415;1.1043496034812956
43;1;1425;1.1395905857107376
43;1;1435;1.1701098475936547
43;1;1445;1.1901041397108614
43;1;1455;1.20082986820452
43;1;1465;1.20369237560452
43;1;1475;1.2033387258654094
43;1;1485;1.1984498186996593
43;1;1495;1.1877136059246896
43;1;1505;1.1737541777624771
43;1;1515;1.152076358646972
43;1;1525;1.125859910412718
43;1;1535;1.0907191763414925
43;1;1545;1.0438043251168394
43;1;1555;0.9859147740248504
43;1;1565;0.920457017602768
43;1;1575;0.847585878842454
43;1;1585;0.7694473307819608
43;1;1595;0.6877071845429595
43;1;1605;0.5978649232431537
43;1;1615;0.5338549496002154
43;1;1625;0.4714363651588116
43;1;1635;0.4425478465216506
43;1;1645;0.4257817752870631
43;1;1655;0.4280840287441596
43;1;1665;0.4551958061541392
43;1;1675;0.5034713976123724
43;1;1685;0.5366914609672905
43;1;1695;0.581724910659957
43;1;1705;0.6126465049686856
43;1;1715;0.6314090919840468
43;1;1725;0.6529386518064523
43;1;1735;0.6695641539584128
43;1;1745;0.6707722990822624
43;1;1755;0.6881686962562672
43;1;1765;0.7215986405853735
43;1;1775;0.7343597305635851
43;1;1785;0.7419875162819796
43;1;1795;0.7219638323822042
43;1;1805;0.7150432896736328
43;1;1815;0.7099090519053105
43;1;1825;0.6732654353628091
43;1;1835;0.969934135025849
43;1;1845;0.963116521268229
43;1;1855;0.9674883658995377
43;1;1865;1.0042826569261902
43;1;1875;1.0438758562798294
43;1;1885;1.068366849792602
43;1;1895;1.0314809437993615
43;1;1905;0.8400612447363369
43;1;1915;0.7262212198476439
43;1;1925;0.7996104743857905
43;1;1935;0.9553585981526456
43;1;1945;1.0953523984690177
43;1;1955;1.187311125035583
43;1;1965;1.2268251826053407
43;1;1975;1.2450651795269638
43;1;1985;1.2500114949862682
43;1;1995;1.2473544683217956
43;1;2005;1.2392376204674418
43;1;2015;1.230015654883716
43;1;2025;1.218078329381568
43;1;2035;1.2019973822429133
43;1;2045;1.1816567765024066
43;1;2055;1.1630924226515393
43;1;2065;1.1426030121870863
43;1;2075;1.1237638116858366
43;1;2085;1.1038909171367035
43;1;2095;1.0850104055794325
43;1;2105;1.06676267277683
43;1;2115;1.053984204785728
43;1;2125;1.0399137018433442
43;1;2135;1.0321059397519647
43;1;2145;1.0208075905049963
43;1;2155;1.0130379093323967
43;1;2165;1.007022914759593
43;1;2175;1.0038031199671595
43;1;2185;1.0050265771473934
43;1;2195;1.0084062650195176
43;1;2205;1.0141789739941796
43;1;2215;1.0159598883330274
43;1;2225;1.015838304568637
43;1;2235;1.0153197856043241
43;1;2245;1.0094470819832269
43;1;2255;0.998572791090744
43;1;2265;0.9903953421601902
43;1;2275;0.9904805135895663
43;1;2285;0.9948280633822398
43;1;2295;0.9981142510899222
43;1;2305;1.0042114242991842
43;1;2315;1.0164880534642378
43;1;2325;1.033573528091498
43;1;2335;1.0418491508825773
43;1;2345;1.0558596281421162
43;1;2355;1.070557466184919
43;1;2365;1.0815721981318784
43;1;2375;1.094754925247636
43;1;2385;1.107644294524793
43;1;2395;1.1097883320097035
43;1;2405;1.1203310521454044
43;1;2415;1.1224366018274414
43;1;2425;1.126372177730642
43;1;2435;1.1314906852450197
43;1;2445;1.1255193799428949
43;1;2450;1.124413349607174
43;2;405;1.0982154291635267
43;2;415;1.0990332831381606
43;2;425;1.1002258812534653
43;2;435;1.0977740818493027
43;2;445;1.0960828732537342
43;2;455;1.0958993342156012
43;2;465;1.0938347184752317
43;2;475;1.0922277454231983
43;2;485;1.0911191138013394
43;2;495;1.0880066012375362
43;2;505;1.0848766137865262
43;2;515;1.0731892815245774
43;2;525;1.0210096327527005
43;2;535;0.9470604317220215
43;2;545;0.9004143116863614
43;2;555;0.8862514614795067
43;2;565;0.9480342814269781
43;2;575;1.0165105389317064
43;2;585;1.0482420816698208
43;2;595;1.059682211067633
43;2;605;1.0717553889243947
43;2;615;1.0851060316193917
43;2;625;1.0915231358815234
43;2;635;1.0939193736337451
43;2;645;1.1002396392806604
43;2;655;1.10806450998879
43;2;665;1.1172565715988887
43;2;675;1.1292178064971707
43;2;685;1.1438694555059403
43;2;695;1.1255512907915883
43;2;705;0.3018208494499691
43;2;715;0.4674249044689325
43;2;725;0.31314534348102135
43;2;735;0.508581176805142
43;2;745;0.9557309151663523
43;2;755;1.0191483622398814
43;2;765;1.0249639644570334
43;2;775;1.0227757001219349
43;2;785;1.022852251191192
43;2;795;1.024843516540897
43;2;805;1.0269955910293358
43;2;815;1.0276368792003912
43;2;825;1.0253638321978085
43;2;835;1.0209068514481383
43;2;845;1.0151655062198262
43;2;855;1.0111587860109286
43;2;865;1.0084438940250158
43;2;875;1.0066585786191087
43;2;885;1.0065946902736675
43;2;895;1.007198722745491
43;2;905;1.008149435381559
43;2;915;1.0089202144055318
43;2;925;1.009111161365284
43;2;935;1.006237180942624
43;2;945;1.0025264409211525
43;2;955;0.9961106651467521
43;2;965;0.9918552607568007
43;2;975;0.9922959654243241
43;2;985;0.9932828107821512
43;2;995;0.9995734200420943
43;2;1005;1.0005777332238937
43;2;1015;1.0036856448646658
43;2;1025;1.008915673499191
43;2;1035;1.0163945670571959
43;2;1045;1.0190713816510102
43;2;1055;1.0132277566311643
43;2;1065;1.0065270602650036
43;2;1075;0.9884397709075152
43;2;1085;0.9651895400354303
43;2;1095;0.947445446195158
43;2;1105;0.9530131750839392
43;2;1115;0.9852454311942815
43;2;1125;1.0260529229429245
43;2;1135;1.0540202736565107
43;2;1145;1.0674988757296149
43;2;1155;1.0729372777184591
43;2;1165;1.072103398564936
43;2;1175;1.068566369456312
43;2;1185;1.066798883544729
43;2;1195;1.0641814137105767
43;2;1205;1.0579507014530696
43;2;1215;1.0531677765545415
43;2;1225;1.0508825977834981
43;2;1235;1.0483321211953505
43;2;1245;1.0496538839249878
43;2;1255;1.0538022233423543
43;2;1265;1.0583206349521368
43;2;1275;1.0612520157806895
43;2;1285;1.0620746258073723
43;2;1295;1.0643353747853848
43;2;1305;1.0684673498346495
43;2;1315;1.05776733961336
43;2;1325;1.04179450284147
43;2;1335;1.068407349813881
43;2;1345;1.0597463323314769
43;2;1355;0.8810376124823864
43;2;1365;0.6342407456326381
43;2;1375;0.33033479357444956
43;2;1385;0.7426629458235626
43;2;1395;1.0417395672461858
43;2;1405;1.0994946476218388
43;2;1415;1.1207235654047127
43;2;1425;1.139711504667491
43;2;1435;1.1568945922850749
43;2;1445;1.1684075418746525
43;2;1455;1.174235766649593
43;2;1465;1.1742693798317316
43;2;1475;1.1723614123173531
43;2;1485;1.1672284413153104
43;2;1495;1.1571232006714767
43;2;1505;1.1453023744098352
43;2;1515;1.1274799934704844
43;2;1525;1.1065740838732898
43;2;1535;1.0792841504506532
43;2;1545;1.0443356528219079
43;2;1555;1.003054605369294
43;2;1565;0.9557163752148583
43;2;1575;0.9038210267642315
43;2;1585;0.847970831068126
43;2;1595;0.7896849635165946
43;2;1605;0.7215063721605339
43;2;1615;0.6680984187043024
43;2;1625;0.615402976477365
43;2;1635;0.5766143145299506
43;2;1645;0.5472977087101316
43;2;1655;0.5342514868739945
43;2;1665;0.5458506505931255
43;2;1675;0.5806458630019696
43;2;1685;0.6102367899917571
43;2;1695;0.6485308924596249
43;2;1705;0.6715781106524608
43;2;1715;0.6934776176668521
43;2;1725;0.7083614318929555
43;2;1735;0.7350669608015201
43;2;1745;0.7474524272422087
43;2;1755;0.771699656865773
43;2;1765;0.8047198130105392
43;2;1775;0.8193756836072745
43;2;1785;0.8281431746354513
43;2;1795;0.8145430983280959
43;2;1805;0.8067261751162808
43;2;1815;0.8018091045224358
43;2;1825;0.7728931524759974
43;2;1835;0.9668313985232387
43;2;1845;0.9761541180677629
43;2;1855;0.9948373942916869
43;2;1865;1.0300138809582506
43;2;1875;1.067006400781082
43;2;1885;1.0780353415675783
43;2;1895;1.0161908048453479
43;2;1905;0.801259981537223
43;2;1915;0.6651601764875108
43;2;1925;0.7218422746037044
43;2;1935;0.8674354066840876
43;2;1945;0.9976892767601556
43;2;1955;1.0848951311932993
43;2;1965;1.1316297233984873
43;2;1975;1.1564907912509717
43;2;1985;1.1702146716600665
43;2;1995;1.1749126276171542
43;2;2005;1.1741635995263495
43;2;2015;1.1717357793613175
43;2;2025;1.1653813617160207
43;2;2035;1.1559297847866399
43;2;2045;1.1426846292491055
43;2;2055;1.1295813398352936
43;2;2065;1.11650179613582
43;2;2075;1.103233982045615
43;2;2085;1.088831281345558
43;2;2095;1.075163285849431
43;2;2105;1.0615039551994698
43;2;2115;1.0516084807548025
43;2;2125;1.0401209095228283
43;2;2135;1.0336715979741389
43;2;2145;1.02390164742397
43;2;2155;1.016887813287951
43;2;2165;1.0115983589031106
43;2;2175;1.0077946453796076
43;2;2185;1.008956342516127
43;2;2195;1.0118269672084323
43;2;2205;1.0157646319471192
43;2;2215;1.0175837823466252
43;2;2225;1.0174605688826615
43;2;2235;1.0172866278954198
43;2;2245;1.0121977037196717
43;2;2255;1.0042158920665007
43;2;2265;0.9976242144992458
43;2;2275;0.9986622975969902
43;2;2285;1.0018545787505517
43;2;2295;1.0060231347222615
43;2;2305;1.0111208329120356
43;2;2315;1.0217796312442782
43;2;2325;1.034262715624661
43;2;2335;1.042199363677357
43;2;2345;1.054572473462204
43;2;2355;1.0651236157496724
43;2;2365;1.0738489598660343
43;2;2375;1.0840518520882216
43;2;2385;1.0932407294289241
43;2;2395;1.0964286145224036
43;2;2405;1.1014193416380975
43;2;2415;1.105681096829277
43;2;2425;1.1068636708445823
43;2;2435;1.1097052053412937
43;2;2445;1.1057090949828927
43;2;2450;1.0989883016061963
43;3;405;1.0890092910409637
43;3;415;1.1021836076929974
43;3;425;1.1005185869939924
43;3;435;1.092681793628685
43;3;445;1.0921163176583448
43;3;455;1.091674324711207
43;3;465;1.0879040606550407
43;3;475;1.0861339794139995
43;3;485;1.0837537062077334
43;3;495;1.0795270069693759
43;3;505;1.0747437433791334
43;3;515;1.0624887612701863
43;3;525;1.0221509858685365
43;3;535;0.9669777365571708
43;3;545;0.9316853818910955
43;3;555;0.920296331155577
43;3;565;0.9680213566954327
43;3;575;1.0197907329237101
43;3;585;1.044519125319337
43;3;595;1.0531766983136601
43;3;605;1.0646676412496854
43;3;615;1.0763604316760913
43;3;625;1.0826839823276
43;3;635;1.0853423237981923
43;3;645;1.0926189435638458
43;3;655;1.1030572053872538
43;3;665;1.115566192606983
43;3;675;1.1320515291677677
43;3;685;1.1510757764015798
43;3;695;1.1360672690916902
43;3;705;0.37874409867294645
43;3;715;0.43817971461452804
43;3;725;0.29098597620106426
43;3;735;0.5296356809916192
43;3;745;0.960826340060611
43;3;755;1.0257148203744149
43;3;765;1.0313366955007466
43;3;775;1.029241707517431
43;3;785;1.029689090795926
43;3;795;1.0318859130297304
43;3;805;1.0344773570716965
43;3;815;1.0354966751143042
43;3;825;1.0333784947193296
43;3;835;1.0290400148954957
43;3;845;1.0237606146202898
43;3;855;1.020259845365315
43;3;865;1.0178978053956784
43;3;875;1.0163903045640061
43;3;885;1.0163998491323287
43;3;895;1.0173271178959806
43;3;905;1.017949651417185
43;3;915;1.018540265652445
43;3;925;1.019133005593891
43;3;935;1.017119092616524
43;3;945;1.0138965980559256
43;3;955;1.0079631537853964
43;3;965;1.0048252329972809
43;3;975;1.0057066206998655
43;3;985;1.0060313051191812
43;3;995;1.0117376810343475
43;3;1005;1.0137935104540627
43;3;1015;1.0146673863338052
43;3;1025;1.0186774394559708
43;3;1035;1.0254553041580405
43;3;1045;1.0272260125036259
43;3;1055;1.0241767057345836
43;3;1065;1.0183937085532173
43;3;1075;1.0001031727864216
43;3;1085;0.9804092585866835
43;3;1095;0.9632481615155695
43;3;1105;0.9683406283089173
43;3;1115;0.9987824026420982
43;3;1125;1.0353378821100623
43;3;1135;1.0577527627110341
43;3;1145;1.0639859031831118
43;3;1155;1.0656903452042337
43;3;1165;1.061493832916867
43;3;1175;1.0544549399786123
43;3;1185;1.0498524385144787
43;3;1195;1.0452572369445905
43;3;1205;1.038022877752368
43;3;1215;1.0317005114699402
43;3;1225;1.0289022466961755
43;3;1235;1.0259131428959876
43;3;1245;1.0273906216593716
43;3;1255;1.0317376762723542
43;3;1265;1.0354561981175678
43;3;1275;1.0389656300003653
43;3;1285;1.039931344559956
43;3;1295;1.0444865124727174
43;3;1305;1.0568535183228893
43;3;1315;1.0576371602671362
43;3;1325;1.0477036565455575
43;3;1335;1.0672875729281677
43;3;1345;1.0487831052925571
43;3;1355;0.8667138865673861
43;3;1365;0.6250363257232
43;3;1375;0.27757348063840215
43;3;1385;0.7325168663281397
43;3;1395;1.031572561873058
43;3;1405;1.0850135962206153
43;3;1415;1.109114840212147
43;3;1425;1.1349453982306976
43;3;1435;1.1589507839792166
43;3;1445;1.175686598215268
43;3;1455;1.1851090577481076
43;3;1465;1.1869174487692762
43;3;1475;1.1863595159289695
43;3;1485;1.1828326189575875
43;3;1495;1.1729981330360293
43;3;1505;1.161267239865929
43;3;1515;1.144012788436275
43;3;1525;1.1229846141106874
43;3;1535;1.0959039105008568
43;3;1545;1.0597741913134648
43;3;1555;1.0171252694553814
43;3;1565;0.9691486427515569
43;3;1575;0.9170380437528546
43;3;1585;0.8585560640693654
43;3;1595;0.7968369646088851
43;3;1605;0.7212077307713942
43;3;1615;0.6599891973920525
43;3;1625;0.5949367098563
43;3;1635;0.5477714008380498
43;3;1645;0.5094674543372575
43;3;1655;0.4908317492931988
43;3;1665;0.5066289890286025
43;3;1675;0.5561950891887718
43;3;1685;0.5975199075125415
43;3;1695;0.6530381001329889
43;3;1705;0.6885001226429506
43;3;1715;0.7124293452628737
43;3;1725;0.739234320501152
43;3;1735;0.762663465668846
43;3;1745;0.775322371771903
43;3;1755;0.7954054497550379
43;3;1765;0.8278011964361223
43;3;1775;0.8396513141415533
43;3;1785;0.8486824697125336
43;3;1795;0.8325396941041939
43;3;1805;0.8243221780024057
43;3;1815;0.8205029528364558
43;3;1825;0.7890562642021605
43;3;1835;0.9960054017919475
43;3;1845;0.9855575300829778
43;3;1855;0.9776056398071664
43;3;1865;1.0006126509625868
43;3;1875;1.0337490660419675
43;3;1885;1.0507897420648817
43;3;1895;0.995795466094751
43;3;1905;0.777822540492681
43;3;1915;0.6509416213382954
43;3;1925;0.7210901216157665
43;3;1935;0.8787264669059882
43;3;1945;1.0186610976782922
43;3;1955;1.1116186147756393
43;3;1965;1.1577430501990575
43;3;1975;1.181049256409275
43;3;1985;1.1920276748736782
43;3;1995;1.1937367604034077
43;3;2005;1.1899813243144792
43;3;2015;1.1838188393217224
43;3;2025;1.173494504417426
43;3;2035;1.1606554924119188
43;3;2045;1.1428695245624985
43;3;2055;1.1277795372498707
43;3;2065;1.1103646960104323
43;3;2075;1.0952915032479804
43;3;2085;1.079524531539088
43;3;2095;1.063811298752663
43;3;2105;1.0497237262926717
43;3;2115;1.0390621388805585
43;3;2125;1.027622228820637
43;3;2135;1.0210637982744943
43;3;2145;1.0122268806940649
43;3;2155;1.0056950735169723
43;3;2165;1.0005358385306773
43;3;2175;0.9982224489797602
43;3;2185;0.9994832392056439
43;3;2195;1.0021943682549042
43;3;2205;1.0060018282749277
43;3;2215;1.0081997361324881
43;3;2225;1.0078036583665142
43;3;2235;1.0068866895916169
43;3;2245;1.001822588896326
43;3;2255;0.9949818680957753
43;3;2265;0.9884877000174854
43;3;2275;0.9885344943634929
43;3;2285;0.9915853744717638
43;3;2295;0.994307896375429
43;3;2305;0.9983620164914632
43;3;2315;1.007861511783745
43;3;2325;1.0216540658110875
43;3;2335;1.0288697851998754
43;3;2345;1.0407273061683036
43;3;2355;1.0508612293740822
43;3;2365;1.060882595159612
43;3;2375;1.071094472705867
43;3;2385;1.0831834611151914
43;3;2395;1.0855630200137336
43;3;2405;1.0941009547272802
43;3;2415;1.0939595212006674
43;3;2425;1.0973193559218923
43;3;2435;1.1042522112981592
43;3;2445;1.1033666615549367
43;3;2450;1.0963057702378463
43;4;405;1.1017179705036966
43;4;415;1.1084355883710095
43;4;425;1.108420450214453
43;4;435;1.0985481270312558
43;4;445;1.0966411033614012
43;4;455;1.0958637838047482
43;4;465;1.0922460628886708
43;4;475;1.0898857084596465
43;4;485;1.0867879526733986
43;4;495;1.0813237139328638
43;4;505;1.0755922805766178
43;4;515;1.0589138422422524
43;4;525;1.0007484661263841
43;4;535;0.9278322508777289
43;4;545;0.8880786760198526
43;4;555;0.8775275191485341
43;4;565;0.9376598472236033
43;4;575;1.004057152581244
43;4;585;1.0356727929651883
43;4;595;1.0474631258758036
43;4;605;1.0599890102393963
43;4;615;1.0735442823540826
43;4;625;1.080507862995221
43;4;635;1.0836397678028122
43;4;645;1.0912253003213424
43;4;655;1.1000520201274055
43;4;665;1.110399468744182
43;4;675;1.1239048819406074
43;4;685;1.1398730471561986
43;4;695;1.1117475658814646
43;4;705;0.21253933859863317
43;4;715;0.481118024671918
43;4;725;0.3262322560012399
43;4;735;0.47011089247735877
43;4;745;0.949553262772525
43;4;755;1.0263887597183383
43;4;765;1.036305365123449
43;4;775;1.0358048867235745
43;4;785;1.0368691956669898
43;4;795;1.0387719399375448
43;4;805;1.0410360742796043
43;4;815;1.0423032381404682
43;4;825;1.040648671307004
43;4;835;1.0372348662411315
43;4;845;1.0329077106509812
43;4;855;1.0298614741583707
43;4;865;1.028310733170684
43;4;875;1.0273099537040604
43;4;885;1.0271060686571236
43;4;895;1.0280061979330466
43;4;905;1.0287700856057544
43;4;915;1.0292918813235843
43;4;925;1.0298249538783617
43;4;935;1.0279031735794644
43;4;945;1.0260566922760899
43;4;955;1.0211335001973674
43;4;965;1.0188352595443735
43;4;975;1.018586714284139
43;4;985;1.0193569214358686
43;4;995;1.0244184022874143
43;4;1005;1.025833820664644
43;4;1015;1.025423672271919
43;4;1025;1.0303140246949916
43;4;1035;1.0360009699724417
43;4;1045;1.037309641136244
43;4;1055;1.0341125618120384
43;4;1065;1.0298084251795112
43;4;1075;1.0159742457103855
43;4;1085;0.999476068325608
43;4;1095;0.9862715057311756
43;4;1105;0.9895996935482992
43;4;1115;1.015339084085255
43;4;1125;1.0471439939256018
43;4;1135;1.0677357924968411
43;4;1145;1.0752797816099031
43;4;1155;1.0770638474498557
43;4;1165;1.0711053323119386
43;4;1175;1.0637190128300595
43;4;1185;1.0584930481276407
43;4;1195;1.052878133638497
43;4;1205;1.0437687497748758
43;4;1215;1.037686357228552
43;4;1225;1.0344612697889366
43;4;1235;1.0320600783893927
43;4;1245;1.032307877713184
43;4;1255;1.0368637683270243
43;4;1265;1.0422538413123528
43;4;1275;1.0447260662293743
43;4;1285;1.045565345775445
43;4;1295;1.050214128812079
43;4;1305;1.0643645035295566
43;4;1315;1.06682665746788
43;4;1325;1.0594096605700913
43;4;1335;1.080985180506674
43;4;1345;1.0634253145620765
43;4;1355;0.8550806962290317
43;4;1365;0.5764707153363567
43;4;1375;0.332700163692778
43;4;1385;0.7795616404702584
43;4;1395;1.0163101465804063
43;4;1405;1.0605080310525241
43;4;1415;1.083867666464089
43;4;1425;1.1124305784465427
43;4;1435;1.1395504573957913
43;4;1445;1.15940074480937
43;4;1455;1.1718130146434544
43;4;1465;1.1773335710287223
43;4;1475;1.1814215697427906
43;4;1485;1.1824643453965813
43;4;1495;1.1781359611173117
43;4;1505;1.1710165951173783
43;4;1515;1.1589302907681651
43;4;1525;1.1425814608011804
43;4;1535;1.1204512938324018
43;4;1545;1.0901418044736972
43;4;1555;1.053569163082482
43;4;1565;1.0090743339799577
43;4;1575;0.9620468528927145
43;4;1585;0.9098739599666881
43;4;1595;0.8522242052554998
43;4;1605;0.7807745851652497
43;4;1615;0.7168539236899445
43;4;1625;0.6493837133188688
43;4;1635;0.5901588019382659
43;4;1645;0.5366962269288323
43;4;1655;0.5026498117577927
43;4;1665;0.5010880428445308
43;4;1675;0.535188753055129
43;4;1685;0.5718104547722175
43;4;1695;0.6271074840925945
43;4;1705;0.6634633550800333
43;4;1715;0.6942018488969203
43;4;1725;0.7247453729754914
43;4;1735;0.7629690595025937
43;4;1745;0.7901728415934997
43;4;1755;0.8231185062779035
43;4;1765;0.8576088725597459
43;4;1775;0.8753221960086783
43;4;1785;0.8843042537042478
43;4;1795;0.8745929161283781
43;4;1805;0.8672248145394151
43;4;1815;0.8646791877351588
43;4;1825;0.8390189714356304
43;4;1835;1.0231721617247127
43;4;1845;1.005844188260177
43;4;1855;0.9882219260387973
43;4;1865;0.9908538467472766
43;4;1875;1.0030220612564429
43;4;1885;0.9944331815836823
43;4;1895;0.9032458097270167
43;4;1905;0.6584032427481219
43;4;1915;0.5243306550841995
43;4;1925;0.6000097133427786
43;4;1935;0.7616435389637358
43;4;1945;0.913773567845218
43;4;1955;1.0200574639014404
43;4;1965;1.0789347444745871
43;4;1975;1.1139067986143816
43;4;1985;1.1345760343664142
43;4;1995;1.1437592474976261
43;4;2005;1.1466487331276645
43;4;2015;1.1462738073769332
43;4;2025;1.1403649606277806
43;4;2035;1.1317823020865543
43;4;2045;1.121405238886251
43;4;2055;1.1110115288499187
43;4;2065;1.0988988191383684
43;4;2075;1.0875386355240608
43;4;2085;1.0756830923201564
43;4;2095;1.0641418590202107
43;4;2105;1.0520158173955536
43;4;2115;1.0436570055017294
43;4;2125;1.0344678673725367
43;4;2135;1.0299702540082887
43;4;2145;1.022740890352289
43;4;2155;1.0174048133120304
43;4;2165;1.01278888645328
43;4;2175;1.0110804668081017
43;4;2185;1.012451766639544
43;4;2195;1.0146706911811219
43;4;2205;1.0186395739164373
43;4;2215;1.0197649333750387
43;4;2225;1.0197944451574605
43;4;2235;1.0190162783186572
43;4;2245;1.015186434785958
43;4;2255;1.0096009578143699
43;4;2265;1.0042534604903532
43;4;2275;1.0042077730029657
43;4;2285;1.0076810022744225
43;4;2295;1.009523437400407
43;4;2305;1.0130163747533247
43;4;2315;1.0216505180482287
43;4;2325;1.0340428319840578
43;4;2335;1.0387644695434604
43;4;2345;1.049528855279268
43;4;2355;1.0590165400943083
43;4;2365;1.065922466832908
43;4;2375;1.0759107732915054
43;4;2385;1.0834400060299247
43;4;2395;1.0853992535039994
43;4;2405;1.094548900016871
43;4;2415;1.0954847287094336
43;4;2425;1.1035777040779893
43;4;2435;1.104566403805016
43;4;2445;1.0985126418772277
43;4;2450;1.096457142291813
44;1;405;1.1141748454893519
44;1;415;1.1149304226975187
44;1;425;1.1144627201133197
44;1;435;1.1075860338880874
44;1;445;1.1044524287991753
44;1;455;1.1017336412059724
44;1;465;1.0983809804079052
44;1;475;1.0959715649177986
44;1;485;1.0919989332097477
44;1;495;1.0867428490414859
44;1;505;1.0824294365475569
44;1;515;1.071390621712848
44;1;525;1.0246242813556086
44;1;535;0.9589250945136986
44;1;545;0.9171977339448014
44;1;555;0.9061293967904128
44;1;565;0.9689794825600542
44;1;575;1.031390190824042
44;1;585;1.0584693260607703
44;1;595;1.067035135436426
44;1;605;1.0779293398813807
44;1;615;1.086951942282808
44;1;625;1.091240383017
44;1;635;1.0933276519697073
44;1;645;1.0970666332352679
44;1;655;1.103694599117406
44;1;665;1.111922748931122
44;1;675;1.124752013392819
44;1;685;1.1404360261871236
44;1;695;1.1360477598518275
44;1;705;0.29242818826348216
44;1;715;0.4866306553900289
44;1;725;0.35083209137245375
44;1;735;0.36897262079930965
44;1;745;0.8856297480647978
44;1;755;0.9876184666551215
44;1;765;1.006906054287032
44;1;775;1.0101637759446978
44;1;785;1.0131250885593341
44;1;795;1.0163259434949934
44;1;805;1.0196653375491134
44;1;815;1.0211222011031478
44;1;825;1.0195883798327359
44;1;835;1.015747843188266
44;1;845;1.0110484300130564
44;1;855;1.0078915888342943
44;1;865;1.0058862714913497
44;1;875;1.0046710921414856
44;1;885;1.0045402966718424
44;1;895;1.0056921380757924
44;1;905;1.0065972832492611
44;1;915;1.0073009160052402
44;1;925;1.0079352277420974
44;1;935;1.005586659881257
44;1;945;1.0022465415808641
44;1;955;0.9956947739144412
44;1;965;0.9914958379404366
44;1;975;0.9915639498128455
44;1;985;0.9914080238718579
44;1;995;0.99864805923517
44;1;1005;0.99852153343118
44;1;1015;1.0012697082244173
44;1;1025;1.005560917479123
44;1;1035;1.0139815677128976
44;1;1045;1.0169047915358418
44;1;1055;1.011272942737764
44;1;1065;1.0042793345463308
44;1;1075;0.9843350477018739
44;1;1085;0.9606599814752084
44;1;1095;0.9421859103253718
44;1;1105;0.9480858896441355
44;1;1115;0.9843232949244024
44;1;1125;1.0299750058614825
44;1;1135;1.0622911066491714
44;1;1145;1.077038136877738
44;1;1155;1.0841667566344546
44;1;1165;1.0825620368001438
44;1;1175;1.0778974855371237
44;1;1185;1.0750999032482988
44;1;1195;1.0705092625347201
44;1;1205;1.0628844467825527
44;1;1215;1.0569261398487293
44;1;1225;1.0534600178465556
44;1;1235;1.0508051139296224
44;1;1245;1.0525631614271926
44;1;1255;1.0562262563312919
44;1;1265;1.0609728966546963
44;1;1275;1.0635625738509435
44;1;1285;1.064284817973889
44;1;1295;1.0664182333148808
44;1;1305;1.0744542792891294
44;1;1315;1.069138907538429
44;1;1325;1.0576919397339632
44;1;1335;1.1001322962012605
44;1;1345;1.1109758033239974
44;1;1355;0.9412256358103293
44;1;1365;0.7203206499653643
44;1;1375;0.47678408697619645
44;1;1385;0.6928398534010798
44;1;1395;0.9894684100164185
44;1;1405;1.0571350416762761
44;1;1415;1.089964103266992
44;1;1425;1.1231309279571875
44;1;1435;1.1519581873550175
44;1;1445;1.1711372875652815
44;1;1455;1.1816261173995632
44;1;1465;1.1848857716304528
44;1;1475;1.1858908394273813
44;1;1485;1.1825799205989913
44;1;1495;1.1738164456778428
44;1;1505;1.1624846758259704
44;1;1515;1.1442582627618778
44;1;1525;1.123170973007188
44;1;1535;1.0955897855123398
44;1;1545;1.059134023404909
44;1;1555;1.0156361546124903
44;1;1565;0.9655616487561346
44;1;1575;0.9108292861716661
44;1;1585;0.8501474091054435
44;1;1595;0.7858033966402207
44;1;1605;0.7097412243150003
44;1;1615;0.6505329780727169
44;1;1625;0.5923846727351157
44;1;1635;0.5516926494660829
44;1;1645;0.5235126900703679
44;1;1655;0.513788132167948
44;1;1665;0.5303537958645205
44;1;1675;0.5703608385570719
44;1;1685;0.6046587627101233
44;1;1695;0.6446536431789887
44;1;1705;0.6751619603751567
44;1;1715;0.7037629364157113
44;1;1725;0.7235510966404975
44;1;1735;0.7485997251748251
44;1;1745;0.7602826683502402
44;1;1755;0.7794715686789094
44;1;1765;0.8085967037879997
44;1;1775;0.8200701222556372
44;1;1785;0.8291050729372351
44;1;1795;0.8175412659864829
44;1;1805;0.8119482852099266
44;1;1815;0.8109622683976916
44;1;1825;0.7780425969689886
44;1;1835;0.9840477983411486
44;1;1845;0.975259502651381
44;1;1855;0.965177247036619
44;1;1865;0.9828802973272318
44;1;1875;1.0090804629341263
44;1;1885;1.0130834542662248
44;1;1895;0.9274867279165778
44;1;1905;0.680984244317769
44;1;1915;0.5587735771269767
44;1;1925;0.6359864778883013
44;1;1935;0.8041948073178709
44;1;1945;0.9631460612713505
44;1;1955;1.0739976480369158
44;1;1965;1.1327202343184264
44;1;1975;1.1645696437520372
44;1;1985;1.1809638099321516
44;1;1995;1.1859069690638595
44;1;2005;1.1848563807739625
44;1;2015;1.1816912035923295
44;1;2025;1.174519808155208
44;1;2035;1.1644606488478413
44;1;2045;1.1508647373265428
44;1;2055;1.138564304692059
44;1;2065;1.1248882729418932
44;1;2075;1.112285857411042
44;1;2085;1.0986245947647868
44;1;2095;1.0847353771903394
44;1;2105;1.070638777137739
44;1;2115;1.0591842375396183
44;1;2125;1.0463529914646537
44;1;2135;1.0376945144202383
44;1;2145;1.0264568836245571
44;1;2155;1.0168905986748271
44;1;2165;1.0088840374948962
44;1;2175;1.0043300797887649
44;1;2185;1.0039231156056985
44;1;2195;1.0055841984991256
44;1;2205;1.0093055091770509
44;1;2215;1.011155334596926
44;1;2225;1.0090918375723041
44;1;2235;1.009006791941631
44;1;2245;1.004358079575069
44;1;2255;0.9987064920277638
44;1;2265;0.9941407227245077
44;1;2275;0.9994601742594171
44;1;2285;1.0051060886137755
44;1;2295;1.007848740040437
44;1;2305;1.0121320073766606
44;1;2315;1.0252007922229025
44;1;2325;1.0414538150075352
44;1;2335;1.0467297508972047
44;1;2345;1.0592625818948924
44;1;2355;1.0697266436976633
44;1;2365;1.0805663328207564
44;1;2375;1.0910553187151755
44;1;2385;1.1003530134112252
44;1;2395;1.1045179654326949
44;1;2405;1.1149641641590122
44;1;2415;1.1191778218224995
44;1;2425;1.1287854200800822
44;1;2435;1.1299956949761643
44;1;2445;1.1301982115324596
44;1;2450;1.121171155744675
44;2;405;1.0958798822170268
44;2;415;1.108635801714918
44;2;425;1.1091278728167318
44;2;435;1.1026120869721123
44;2;445;1.103550977535041
44;2;455;1.1037627750788572
44;2;465;1.101004816183367
44;2;475;1.0992981248708893
44;2;485;1.0970083461694702
44;2;495;1.0929700306011967
44;2;505;1.0903945464380054
44;2;515;1.0821767957313762
44;2;525;1.0356392335314886
44;2;535;0.9649230232778477
44;2;545;0.9193061660381081
44;2;555;0.906153424433139
44;2;565;0.9697206501996222
44;2;575;1.0358082250724574
44;2;585;1.064248888504215
44;2;595;1.0736168813282598
44;2;605;1.0848078464451458
44;2;615;1.0951690355246229
44;2;625;1.1002536826841671
44;2;635;1.1022210831661756
44;2;645;1.1059048911759466
44;2;655;1.112183401744439
44;2;665;1.1202640535050594
44;2;675;1.1324865515462483
44;2;685;1.1490467124283823
44;2;695;1.1502678452892328
44;2;705;0.38829864219337235
44;2;715;0.44382101591191075
44;2;725;0.26977984959029044
44;2;735;0.5374566197177789
44;2;745;0.9621718579806088
44;2;755;1.030810968732176
44;2;765;1.0381326769880004
44;2;775;1.0358950338541586
44;2;785;1.0363230572566593
44;2;795;1.0382075875182866
44;2;805;1.0405767870087463
44;2;815;1.041575820654871
44;2;825;1.0392404641102817
44;2;835;1.034783123762822
44;2;845;1.0292847180288598
44;2;855;1.0254701001532218
44;2;865;1.022819534462001
44;2;875;1.021221924376486
44;2;885;1.0209020847807428
44;2;895;1.0218852643468304
44;2;905;1.0227597408269893
44;2;915;1.023312660898655
44;2;925;1.0238246252174117
44;2;935;1.0212109889932146
44;2;945;1.0178083211486884
44;2;955;1.0112866800007863
44;2;965;1.0075382087346338
44;2;975;1.0074596060127206
44;2;985;1.0085600664576837
44;2;995;1.0143079756873548
44;2;1005;1.0184274746978341
44;2;1015;1.0189762634698025
44;2;1025;1.0262522848633715
44;2;1035;1.0328503119261765
44;2;1045;1.0348438852413357
44;2;1055;1.0297108469627743
44;2;1065;1.0229151643315446
44;2;1075;1.0033362023245962
44;2;1085;0.9823562151827216
44;2;1095;0.9651063653489572
44;2;1105;0.9687505106938676
44;2;1115;1.000029913124309
44;2;1125;1.0375132383117245
44;2;1135;1.0638378058360924
44;2;1145;1.071899152417357
44;2;1155;1.074209164906358
44;2;1165;1.0684986505244523
44;2;1175;1.0594441577296836
44;2;1185;1.0540827507823642
44;2;1195;1.048722170752381
44;2;1205;1.0396828954109885
44;2;1215;1.0325843228838878
44;2;1225;1.0290374056064546
44;2;1235;1.025253380617643
44;2;1245;1.0263526390158004
44;2;1255;1.0322822266671232
44;2;1265;1.0374340280179457
44;2;1275;1.0403957921587499
44;2;1285;1.0429210735278445
44;2;1295;1.05006240823957
44;2;1305;1.0635001625743394
44;2;1315;1.0588961270504142
44;2;1325;1.0414079915237768
44;2;1335;1.0564792023439589
44;2;1345;1.0238076155462414
44;2;1355;0.8001941952288752
44;2;1365;0.5311761434755816
44;2;1375;0.30453998958760997
44;2;1385;0.7700342486090519
44;2;1395;1.0264199768389428
44;2;1405;1.0793986776337383
44;2;1415;1.1049409671595058
44;2;1425;1.131576081348313
44;2;1435;1.1552796202151232
44;2;1445;1.1713581997116957
44;2;1455;1.1808611586208837
44;2;1465;1.18393072405117
44;2;1475;1.1848760042008997
44;2;1485;1.1825877034756256
44;2;1495;1.1752374805612156
44;2;1505;1.1646436190492864
44;2;1515;1.14888201061418
44;2;1525;1.1284921548366431
44;2;1535;1.1017155902480975
44;2;1545;1.0665890204090696
44;2;1555;1.0239980643563147
44;2;1565;0.9749542551444874
44;2;1575;0.9222031134626928
44;2;1585;0.8658662158156467
44;2;1595;0.804459492752246
44;2;1605;0.7338450995521422
44;2;1615;0.6718970196555648
44;2;1625;0.6061917549309913
44;2;1635;0.5553384014572633
44;2;1645;0.5092330978672304
44;2;1655;0.48129336073729617
44;2;1665;0.4789701628637201
44;2;1675;0.5090103306338359
44;2;1685;0.5408693883170363
44;2;1695;0.594602595317109
44;2;1705;0.6259979510472511
44;2;1715;0.6458112975408143
44;2;1725;0.674073789656167
44;2;1735;0.7078091972613925
44;2;1745;0.7346610348995483
44;2;1755;0.7680797750459634
44;2;1765;0.8090245136639251
44;2;1775;0.8281250074595058
44;2;1785;0.8390829943006645
44;2;1795;0.8246905719610017
44;2;1805;0.8149504160610211
44;2;1815;0.8063862319168967
44;2;1825;0.7837124454700223
44;2;1835;0.9756162388649161
44;2;1845;0.9770545839470004
44;2;1855;0.9820133122319787
44;2;1865;1.0109809683328337
44;2;1875;1.0374156381116948
44;2;1885;1.040465654934642
44;2;1895;0.9631796123935967
44;2;1905;0.7255357736845889
44;2;1915;0.5908542459488997
44;2;1925;0.6558993888847127
44;2;1935;0.8086717407998627
44;2;1945;0.9561940640653702
44;2;1955;1.0631090334795252
44;2;1965;1.1210311521335847
44;2;1975;1.1543660228674444
44;2;1985;1.173391393238483
44;2;1995;1.1803124407733987
44;2;2005;1.180615553113981
44;2;2015;1.1789298943290096
44;2;2025;1.171953879572265
44;2;2035;1.1619072418542888
44;2;2045;1.1472581503456178
44;2;2055;1.1334622722778969
44;2;2065;1.117116967401153
44;2;2075;1.102235465691901
44;2;2085;1.0859443937700561
44;2;2095;1.0701101376802271
44;2;2105;1.0540524714444748
44;2;2115;1.0434293864445527
44;2;2125;1.0311443582109383
44;2;2135;1.0246124072395446
44;2;2145;1.015343348425607
44;2;2155;1.0085270902452719
44;2;2165;1.0037388543875765
44;2;2175;1.0013781387299552
44;2;2185;1.003209424873302
44;2;2195;1.007030762702757
44;2;2205;1.0123338257878776
44;2;2215;1.0156929319527248
44;2;2225;1.0163650196553196
44;2;2235;1.015307727521397
44;2;2245;1.0092111649845832
44;2;2255;0.9987475328724519
44;2;2265;0.990131875830919
44;2;2275;0.9900553644129723
44;2;2285;0.9937569873733381
44;2;2295;0.9980353971689826
44;2;2305;1.0027493226738144
44;2;2315;1.013628768584608
44;2;2325;1.0307003711792573
44;2;2335;1.040807278473833
44;2;2345;1.054163346821483
44;2;2355;1.0680447808092044
44;2;2365;1.0781702466375902
44;2;2375;1.090249825750882
44;2;2385;1.1013811452647355
44;2;2395;1.1018567222320894
44;2;2405;1.1131858792471894
44;2;2415;1.1151749645937203
44;2;2425;1.110940289484604
44;2;2435;1.1181416047174912
44;2;2445;1.1104503243830033
44;2;2450;1.1073121336548664
44;3;405;1.1198110210615633
44;3;415;1.1252652857898993
44;3;425;1.1200430314226164
44;3;435;1.1097440211513008
44;3;445;1.1057173568410483
44;3;455;1.1042306925709027
44;3;465;1.0995449220884133
44;3;475;1.0968394464891704
44;3;485;1.0934355358251684
44;3;495;1.086932283076889
44;3;505;1.0789128429629546
44;3;515;1.0575052855631148
44;3;525;0.999863746071243
44;3;535;0.9300264359971515
44;3;545;0.8906602104942479
44;3;555;0.8791552494551856
44;3;565;0.9378411430385821
44;3;575;1.0023691910567964
44;3;585;1.0340231479597783
44;3;595;1.0456918699798294
44;3;605;1.0593533448872057
44;3;615;1.074425411822749
44;3;625;1.0824651572082558
44;3;635;1.0857602482878246
44;3;645;1.0955491340375747
44;3;655;1.106875191405402
44;3;665;1.1194920387629541
44;3;675;1.1344181468605932
44;3;685;1.1513494539604643
44;3;695;1.122370928878956
44;3;705;0.20777103064805036
44;3;715;0.5283743726115646
44;3;725;0.3908173245574351
44;3;735;0.4080887642726632
44;3;745;0.9350092689883129
44;3;755;1.01468972299737
44;3;765;1.023868748218511
44;3;775;1.0229185422319638
44;3;785;1.024115715425656
44;3;795;1.0265987395079885
44;3;805;1.029458280779811
44;3;815;1.0306189198345832
44;3;825;1.0284408782376444
44;3;835;1.0240057292819438
44;3;845;1.0183615972938407
44;3;855;1.0145987991324867
44;3;865;1.012372619121499
44;3;875;1.0109547767078015
44;3;885;1.010975527171745
44;3;895;1.0119911465214262
44;3;905;1.0126661129875516
44;3;915;1.0135757478816771
44;3;925;1.014327804417735
44;3;935;1.0117059122531114
44;3;945;1.008709569232687
44;3;955;1.0027498779702082
44;3;965;0.9987701138013538
44;3;975;0.9989435502370989
44;3;985;0.9994495643555291
44;3;995;1.0055948520363605
44;3;1005;1.0079250683561467
44;3;1015;1.0075457619274277
44;3;1025;1.0135753653210555
44;3;1035;1.0203462198051336
44;3;1045;1.0224186583104293
44;3;1055;1.0175997887156605
44;3;1065;1.0113894437798197
44;3;1075;0.9934357113493115
44;3;1085;0.9712904392005571
44;3;1095;0.9517494816338153
44;3;1105;0.9588297554333324
44;3;1115;0.9929020504588363
44;3;1125;1.0337410381336611
44;3;1135;1.059363474303014
44;3;1145;1.0715574602362343
44;3;1155;1.0763600492417975
44;3;1165;1.073258721543993
44;3;1175;1.066134218135463
44;3;1185;1.0622001482544847
44;3;1195;1.056653096976844
44;3;1205;1.0490585652414568
44;3;1215;1.0427313175203703
44;3;1225;1.0400660676540403
44;3;1235;1.0375394937905253
44;3;1245;1.0380557115145703
44;3;1255;1.0421902321563874
44;3;1265;1.0463669866034488
44;3;1275;1.0489640853156774
44;3;1285;1.049987496141452
44;3;1295;1.0525661675002391
44;3;1305;1.063184135322342
44;3;1315;1.0622135824352936
44;3;1325;1.0556569189876062
44;3;1335;1.0904798646338618
44;3;1345;1.0962630269307103
44;3;1355;0.942484414288504
44;3;1365;0.7327059757973137
44;3;1375;0.4304857728552701
44;3;1385;0.7024839418248207
44;3;1395;1.0031466567492753
44;3;1405;1.0584616338587718
44;3;1415;1.0861410261752522
44;3;1425;1.1177498626183
44;3;1435;1.148202545163751
44;3;1445;1.1702647429017374
44;3;1455;1.1829936883536603
44;3;1465;1.1878507875498112
44;3;1475;1.1903195404263558
44;3;1485;1.1894819473317635
44;3;1495;1.1819883053112268
44;3;1505;1.1723752345111635
44;3;1515;1.156476951429919
44;3;1525;1.1366280227788563
44;3;1535;1.1087636073080296
44;3;1545;1.0714881639268126
44;3;1555;1.025458966265052
44;3;1565;0.9714840333100544
44;3;1575;0.9116068725496077
44;3;1585;0.8435117386449651
44;3;1595;0.7698105153845708
44;3;1605;0.6813073955375357
44;3;1615;0.6099211512814091
44;3;1625;0.5381495425147865
44;3;1635;0.4897835595458525
44;3;1645;0.4574807277236651
44;3;1655;0.4491322861105882
44;3;1665;0.4754743046729434
44;3;1675;0.5282420159328656
44;3;1685;0.5660405202218923
44;3;1695;0.6136045439553699
44;3;1705;0.6489261278000369
44;3;1715;0.6793172625042336
44;3;1725;0.7094561851099186
44;3;1735;0.7382246588194297
44;3;1745;0.7504228389674086
44;3;1755;0.7777687566389487
44;3;1765;0.8127109670381091
44;3;1775;0.8256578086274762
44;3;1785;0.8363876448053078
44;3;1795;0.8246181256726373
44;3;1805;0.8213951255691908
44;3;1815;0.8220519205434595
44;3;1825;0.7887166637801566
44;3;1835;0.9994108124248398
44;3;1845;0.9862115505863878
44;3;1855;0.9735793411412238
44;3;1865;0.9870077947554173
44;3;1875;1.0141120749787258
44;3;1885;1.0271349718384108
44;3;1895;0.9747018152013406
44;3;1905;0.7690635837588596
44;3;1915;0.6464603619636863
44;3;1925;0.7277945441848124
44;3;1935;0.8899828877592997
44;3;1945;1.0253349301024504
44;3;1955;1.113478473303426
44;3;1965;1.1556312954705719
44;3;1975;1.1775783172811476
44;3;1985;1.1874991912714443
44;3;1995;1.1890761325654458
44;3;2005;1.1857050966596663
44;3;2015;1.1805583874930106
44;3;2025;1.1711124001858662
44;3;2035;1.158816085664583
44;3;2045;1.1434313273350318
44;3;2055;1.1296029002007777
44;3;2065;1.1146808862722317
44;3;2075;1.100526789266801
44;3;2085;1.0861117229627013
44;3;2095;1.0724596168163423
44;3;2105;1.0589275081092278
44;3;2115;1.049572322953509
44;3;2125;1.039334888081567
44;3;2135;1.0335961114769046
44;3;2145;1.0247427203815251
44;3;2155;1.0188884562858969
44;3;2165;1.0136681048372016
44;3;2175;1.0108552180465518
44;3;2185;1.0114733834541925
44;3;2195;1.0126716560582092
44;3;2205;1.016117527924975
44;3;2215;1.0163720005387162
44;3;2225;1.0155830622573823
44;3;2235;1.0151636006695435
44;3;2245;1.0120021372065193
44;3;2255;1.006387634656976
44;3;2265;1.0027637570241201
44;3;2275;1.0030242922505386
44;3;2285;1.00713898575305
44;3;2295;1.0096449888113392
44;3;2305;1.0134299452287228
44;3;2315;1.023040177914531
44;3;2325;1.034742341449309
44;3;2335;1.0397646761099266
44;3;2345;1.0502778183698989
44;3;2355;1.0605766174644926
44;3;2365;1.0675346195726552
44;3;2375;1.0787050604746766
44;3;2385;1.0883197800585935
44;3;2395;1.0899570346523741
44;3;2405;1.0997377161024717
44;3;2415;1.1005378699900483
44;3;2425;1.1081338446995963
44;3;2435;1.1134859809745472
44;3;2445;1.1104341265110813
44;3;2450;1.1136748132895091
44;4;405;1.0800661503974944
44;4;415;1.087560746897775
44;4;425;1.090815039630975
44;4;435;1.0860188522775496
44;4;445;1.086031956464762
44;4;455;1.0881524420547584
44;4;465;1.086384573551633
44;4;475;1.0855416843549037
44;4;485;1.085693598644584
44;4;495;1.08377786229166
44;4;505;1.0814397397429165
44;4;515;1.0714949419795645
44;4;525;1.026262290878485
44;4;535;0.9584889046524581
44;4;545;0.9145605273018965
44;4;555;0.9002165088548758
44;4;565;0.9548871367592154
44;4;575;1.0172943075921714
44;4;585;1.0467794865760671
44;4;595;1.0581619049813895
44;4;605;1.0701370891473674
44;4;615;1.0840729809207126
44;4;625;1.0910599503886473
44;4;635;1.093690714326786
44;4;645;1.1006342556430637
44;4;655;1.1099101046799276
44;4;665;1.12063652882758
44;4;675;1.134026702430712
44;4;685;1.149823838589726
44;4;695;1.133072655837797
44;4;705;0.38265258010078834
44;4;715;0.4464893842394036
44;4;725;0.3174595178631114
44;4;735;0.5908599355838574
44;4;745;0.9846234475247656
44;4;755;1.0352010420821587
44;4;765;1.0359839945503388
44;4;775;1.0318593695265836
44;4;785;1.030897297401247
44;4;795;1.032634605438954
44;4;805;1.0344379405361432
44;4;815;1.035076124653086
44;4;825;1.032412852195179
44;4;835;1.027555843285275
44;4;845;1.0214886712018367
44;4;855;1.0170600678502888
44;4;865;1.0140299086315694
44;4;875;1.012175867362566
44;4;885;1.012320323855085
44;4;895;1.0125440042425762
44;4;905;1.0136295037247594
44;4;915;1.01418912387179
44;4;925;1.0143543504753383
44;4;935;1.0114716948793339
44;4;945;1.0079745903687423
44;4;955;1.0009965889224912
44;4;965;0.997593008819271
44;4;975;0.9985651363527468
44;4;985;0.999778214525533
44;4;995;1.0056613464777897
44;4;1005;1.0044085722250946
44;4;1015;1.0083253588424503
44;4;1025;1.0110576833558877
44;4;1035;1.019270198419012
44;4;1045;1.0206743982176005
44;4;1055;1.0176003132270388
44;4;1065;1.0112486994643861
44;4;1075;0.9920130639169898
44;4;1085;0.9687580066488996
44;4;1095;0.9513562198686288
44;4;1105;0.9543003413583245
44;4;1115;0.9852131616252452
44;4;1125;1.023988740353822
44;4;1135;1.0486913679674068
44;4;1145;1.0574645177512472
44;4;1155;1.059356288028364
44;4;1165;1.0561416341281729
44;4;1175;1.0511149359109113
44;4;1185;1.0486252887196807
44;4;1195;1.0460736129802342
44;4;1205;1.0394999177584408
44;4;1215;1.034245101214095
44;4;1225;1.0318963940495476
44;4;1235;1.0290956691211197
44;4;1245;1.0302126754416292
44;4;1255;1.0349887383330303
44;4;1265;1.0394597147649876
44;4;1275;1.0435552451363403
44;4;1285;1.0447540791710501
44;4;1295;1.049083774066322
44;4;1305;1.0578081395608865
44;4;1315;1.0485898473076145
44;4;1325;1.0295772795649178
44;4;1335;1.0417096246644475
44;4;1345;1.0103200719247178
44;4;1355;0.823661093440803
44;4;1365;0.5801524571973163
44;4;1375;0.21347165741067525
44;4;1385;0.7512270409131526
44;4;1395;1.0645858050228012
44;4;1405;1.1182093824908002
44;4;1415;1.135149541702847
44;4;1425;1.1495787098005927
44;4;1435;1.1627110042149067
44;4;1445;1.1714343401978216
44;4;1455;1.1756891926661153
44;4;1465;1.17406779371683
44;4;1475;1.1702784095964918
44;4;1485;1.163803113465665
44;4;1495;1.1523510191898958
44;4;1505;1.1393001035502106
44;4;1515;1.120786487890976
44;4;1525;1.0987621804854908
44;4;1535;1.0711418064790938
44;4;1545;1.0351828158733183
44;4;1555;0.9935864574605919
44;4;1565;0.9469552678063055
44;4;1575;0.8963457870356659
44;4;1585;0.8424929426474205
44;4;1595;0.7872037683074542
44;4;1605;0.7196952892873183
44;4;1615;0.668560139955593
44;4;1625;0.6149317805974466
44;4;1635;0.575612222919292
44;4;1645;0.5444297383597585
44;4;1655;0.5289817676624636
44;4;1665;0.5410679789109327
44;4;1675;0.5801429224973549
44;4;1685;0.6122538209564492
44;4;1695;0.659044667816848
44;4;1705;0.6834483088607016
44;4;1715;0.6985875650435781
44;4;1725;0.7120242366970809
44;4;1735;0.7321732528784053
44;4;1745;0.7427074689515984
44;4;1755;0.7658345653175261
44;4;1765;0.7968261550296403
44;4;1775;0.8131289134017277
44;4;1785;0.8202756334789936
44;4;1795;0.8035553277745677
44;4;1805;0.791726144002046
44;4;1815;0.7851106190991224
44;4;1825;0.7562513409903887
44;4;1835;0.9776132772208903
44;4;1845;0.9889366978216587
44;4;1855;1.015101316629425
44;4;1865;1.0551574822079959
44;4;1875;1.0954880266377023
44;4;1885;1.1142939569489965
44;4;1895;1.073684277924243
44;4;1905;0.8830217157036423
44;4;1915;0.7458556429833559
44;4;1925;0.7950408451782494
44;4;1935;0.9303463552295093
44;4;1945;1.0493119476946686
44;4;1955;1.124437375515694
44;4;1965;1.1624987649692258
44;4;1975;1.181175407662575
44;4;1985;1.1896710610539187
44;4;1995;1.1917800100335676
44;4;2005;1.1884805556184561
44;4;2015;1.1828591378108706
44;4;2025;1.1739974758431697
44;4;2035;1.161743735323571
44;4;2045;1.1460759896331354
44;4;2055;1.1305868275711382
44;4;2065;1.1141922231726125
44;4;2075;1.098480885057007
44;4;2085;1.081967420208308
44;4;2095;1.066260854430291
44;4;2105;1.0520325038072953
44;4;2115;1.041217756423999
44;4;2125;1.0297740560479751
44;4;2135;1.0243580730224555
44;4;2145;1.0154842496494698
44;4;2155;1.0094260294418753
44;4;2165;1.0047042539336228
44;4;2175;1.0019033871419598
44;4;2185;1.0040007379429274
44;4;2195;1.0081656107690482
44;4;2205;1.0132561747103441
44;4;2215;1.0151752600059687
44;4;2225;1.0160189473993908
44;4;2235;1.0153923954843054
44;4;2245;1.0090522936169721
44;4;2255;0.9987934245553836
44;4;2265;0.9897214478262486
44;4;2275;0.9879933912670108
44;4;2285;0.9899455930673016
44;4;2295;0.993619054911065
44;4;2305;0.9998450606634025
44;4;2315;1.0091295290870057
44;4;2325;1.0214091493484676
44;4;2335;1.0294725147968466
44;4;2345;1.0427187028387952
44;4;2355;1.0532009488483798
44;4;2365;1.062618787644505
44;4;2375;1.0728273283781216
44;4;2385;1.0833893161039454
44;4;2395;1.087007522913974
44;4;2405;1.0895494282679536
44;4;2415;1.0904744760285685
44;4;2425;1.0931504993993297
44;4;2435;1.0960959131448758
44;4;2445;1.0911988159455022
44;4;2450;1.0810735990510238
45;1;405;1.1108789400950243
45;1;415;1.1171089269013714
45;1;425;1.1174471481882007
45;1;435;1.095896632119255
45;1;445;1.0937885731477157
45;1;455;1.0902018727368772
45;1;465;1.0827070389691542
45;1;475;1.078378132848758
45;1;485;1.0737214275738494
45;1;495;1.0661851526431438
45;1;505;1.0570829920013702
45;1;515;1.0426916398523725
45;1;525;1.0031476270368234
45;1;535;0.9487395344931315
45;1;545;0.9205794737226989
45;1;555;0.9128585188367195
45;1;565;0.955142879189138
45;1;575;1.0012739587417576
45;1;585;1.0233551794264157
45;1;595;1.0316439607464893
45;1;605;1.0410952537094507
45;1;615;1.0526055127007063
45;1;625;1.0593422554488698
45;1;635;1.0626735515309014
45;1;645;1.0732703782710444
45;1;655;1.0881516964118056
45;1;665;1.1077415071704733
45;1;675;1.131943117423107
45;1;685;1.156728373611073
45;1;695;1.115707342465166
45;1;705;0.38072720559100837
45;1;715;0.3158135523997463
45;1;725;0.1534734808984345
45;1;735;0.5641248879696469
45;1;745;0.9657095651244006
45;1;755;1.0275875838544277
45;1;765;1.0331743479258777
45;1;775;1.0318483526929054
45;1;785;1.0334513795621396
45;1;795;1.036018929037416
45;1;805;1.038696283197233
45;1;815;1.0399162512171427
45;1;825;1.0382831866323765
45;1;835;1.035571847033057
45;1;845;1.032788771124573
45;1;855;1.0316138129600223
45;1;865;1.031262157400589
45;1;875;1.0306983758281376
45;1;885;1.0312340315349457
45;1;895;1.0315184837420452
45;1;905;1.0319880801207686
45;1;915;1.0319506325505607
45;1;925;1.0316318871773509
45;1;935;1.0301372268102997
45;1;945;1.0286771540663504
45;1;955;1.0249390930846622
45;1;965;1.0215392759231943
45;1;975;1.0219293974313979
45;1;985;1.0228732861607808
45;1;995;1.0257597889393237
45;1;1005;1.0251285609891714
45;1;1015;1.026814508962444
45;1;1025;1.0288007848642622
45;1;1035;1.0325337963613284
45;1;1045;1.0348010260578242
45;1;1055;1.0321940600616044
45;1;1065;1.02840592566144
45;1;1075;1.0156239289768219
45;1;1085;0.9984236191662291
45;1;1095;0.9853616561827235
45;1;1105;0.9907340911195978
45;1;1115;1.0159578782293293
45;1;1125;1.0450944869488716
45;1;1135;1.057464414707289
45;1;1145;1.0562836188838176
45;1;1155;1.053214514737747
45;1;1165;1.040896440353925
45;1;1175;1.0286455608309624
45;1;1185;1.0219872042615656
45;1;1195;1.0159946960747632
45;1;1205;1.0061523936411452
45;1;1215;0.999276840891632
45;1;1225;0.9957617115733455
45;1;1235;0.9930975314849374
45;1;1245;0.9935813078087364
45;1;1255;0.9990294634366641
45;1;1265;1.0039256632977618
45;1;1275;1.007789442099847
45;1;1285;1.0094035375872439
45;1;1295;1.0177375087591272
45;1;1305;1.0400650534283178
45;1;1315;1.0581294021285488
45;1;1325;1.0636999354795902
45;1;1335;1.0775867203202676
45;1;1345;1.0343272274843667
45;1;1355;0.8260081934438123
45;1;1365;0.5676209918707708
45;1;1375;0.20349873871915047
45;1;1385;0.7145055115785154
45;1;1395;0.9922260104466419
45;1;1405;1.0444231999989886
45;1;1415;1.0739776045747593
45;1;1425;1.1129581193509879
45;1;1435;1.1541231157764742
45;1;1445;1.186207472684951
45;1;1455;1.206695037791402
45;1;1465;1.215685880416486
45;1;1475;1.223959011515195
45;1;1485;1.2287523163730778
45;1;1495;1.2240703440203144
45;1;1505;1.2184405531878628
45;1;1515;1.2064368818212523
45;1;1525;1.1882575071504213
45;1;1535;1.162263450154817
45;1;1545;1.1254047509363028
45;1;1555;1.0794103436099793
45;1;1565;1.0234681579302467
45;1;1575;0.9668783697939083
45;1;1585;0.8945877524028533
45;1;1595;0.8156183607037384
45;1;1605;0.7156497323162354
45;1;1615;0.6208181087687583
45;1;1625;0.5227863480800262
45;1;1635;0.435838001597694
45;1;1645;0.3626533141391747
45;1;1655;0.32019759021534144
45;1;1665;0.3321709258410366
45;1;1675;0.4119784972935124
45;1;1685;0.4768935770116964
45;1;1695;0.5792510725745778
45;1;1705;0.6467828056725002
45;1;1715;0.7029148499466252
45;1;1725;0.7501232614050638
45;1;1735;0.8010888612835927
45;1;1745;0.8066196723714789
45;1;1755;0.8284423607978855
45;1;1765;0.8602715516518497
45;1;1775;0.8703153282870248
45;1;1785;0.8744013458972084
45;1;1795;0.8575614865473892
45;1;1805;0.8654585548417231
45;1;1815;0.8755305871246819
45;1;1825;0.8221437545043522
45;1;1835;1.2602587971820773
45;1;1845;1.1631806458911813
45;1;1855;1.0591591169722898
45;1;1865;0.9929885903168189
45;1;1875;0.983376084276398
45;1;1885;0.9867254103848032
45;1;1895;0.9301951014167834
45;1;1905;0.7449009095597781
45;1;1915;0.6630847837152317
45;1;1925;0.7522639260034315
45;1;1935;0.909250208411553
45;1;1945;1.039331896425297
45;1;1955;1.123039013434388
45;1;1965;1.1620415187623008
45;1;1975;1.1833322554454664
45;1;1985;1.193541961129515
45;1;1995;1.1941711027227744
45;1;2005;1.1873547408509622
45;1;2015;1.178875023127459
45;1;2025;1.1638275752436196
45;1;2035;1.1459055225382129
45;1;2045;1.1235657013547058
45;1;2055;1.105181549161656
45;1;2065;1.0841406288878048
45;1;2075;1.0664165748258618
45;1;2085;1.0495395396179985
45;1;2095;1.0341582727152272
45;1;2105;1.0215234265303244
45;1;2115;1.0140432961569523
45;1;2125;1.0067645381281312
45;1;2135;1.004469311209992
45;1;2145;1.001707802038079
45;1;2155;1.0017366062852209
45;1;2165;1.0040299998079154
45;1;2175;1.0090944307945413
45;1;2185;1.0132328637248273
45;1;2195;1.0170666951200027
45;1;2205;1.0203918831525334
45;1;2215;1.0232385409591755
45;1;2225;1.0260669660838528
45;1;2235;1.0252347762041538
45;1;2245;1.0214829980393587
45;1;2255;1.0162419354012653
45;1;2265;1.0059897772054986
45;1;2275;0.9950998362238719
45;1;2285;0.9912885508090992
45;1;2295;0.9900902741669512
45;1;2305;0.992525488568625
45;1;2315;0.9953763354937182
45;1;2325;1.0040627714972015
45;1;2335;1.0102330771731416
45;1;2345;1.0198253417942929
45;1;2355;1.0302230730125155
45;1;2365;1.039120060461591
45;1;2375;1.0498981952931439
45;1;2385;1.0626847526093501
45;1;2395;1.0652099187537294
45;1;2405;1.0770222454042746
45;1;2415;1.0791375566130406
45;1;2425;1.0872808186163867
45;1;2435;1.0991659248739238
45;1;2445;1.096562605801831
45;1;2450;1.0919992466579416
45;2;405;1.1012972121081879
45;2;415;1.1068600194207368
45;2;425;1.1080792624383695
45;2;435;1.104420239802268
45;2;445;1.1027194861855405
45;2;455;1.1027183338923219
45;2;465;1.1008192673111323
45;2;475;1.099010654136971
45;2;485;1.0969932213773161
45;2;495;1.092799812443899
45;2;505;1.0881113531937059
45;2;515;1.0740565614078803
45;2;525;1.0205724659791586
45;2;535;0.9512267526108809
45;2;545;0.9088552476534273
45;2;555;0.895427152002347
45;2;565;0.9541386565446356
45;2;575;1.0201675603653189
45;2;585;1.0513967616718631
45;2;595;1.0628347510785623
45;2;605;1.0751963587224795
45;2;615;1.088569322322863
45;2;625;1.095223377038487
45;2;635;1.0978004432654853
45;2;645;1.104387808148794
45;2;655;1.112370149763743
45;2;665;1.1215630732573838
45;2;675;1.1330715437833414
45;2;685;1.1462816087901615
45;2;695;1.1241725176645194
45;2;705;0.3122738099313473
45;2;715;0.42977887362953165
45;2;725;0.26567228527367903
45;2;735;0.5356829831953984
45;2;745;0.9559878806602777
45;2;755;1.0179682817780429
45;2;765;1.0245041665138532
45;2;775;1.0232816903380442
45;2;785;1.0240456831661737
45;2;795;1.0263060845499852
45;2;805;1.0290121268508317
45;2;815;1.0303511649702555
45;2;825;1.0283765344761526
45;2;835;1.0237950552234114
45;2;845;1.0185498927839334
45;2;855;1.0148858557916645
45;2;865;1.0121648225907058
45;2;875;1.0107634881086272
45;2;885;1.010852653474219
45;2;895;1.0116777455379338
45;2;905;1.0125969897427503
45;2;915;1.0132650925551299
45;2;925;1.013957281392076
45;2;935;1.0115394588946898
45;2;945;1.0073258614666987
45;2;955;1.0003657327559878
45;2;965;0.9965172573444444
45;2;975;0.9974783186021723
45;2;985;0.9976013596684257
45;2;995;1.0045044733446185
45;2;1005;1.0066733477588512
45;2;1015;1.0085042098917985
45;2;1025;1.0136680822526432
45;2;1035;1.021225906208191
45;2;1045;1.0222192663118514
45;2;1055;1.018308899077426
45;2;1065;1.0115092725593364
45;2;1075;0.9913775346662008
45;2;1085;0.9691547720570995
45;2;1095;0.9498585040768783
45;2;1105;0.9543072001938097
45;2;1115;0.9869030324399567
45;2;1125;1.0283721563780492
45;2;1135;1.0570489134434513
45;2;1145;1.0698462718297927
45;2;1155;1.0743847179819492
45;2;1165;1.0723684775991917
45;2;1175;1.0664015207765392
45;2;1185;1.063143274762905
45;2;1195;1.0585055726444577
45;2;1205;1.0511666231446453
45;2;1215;1.0445215880787337
45;2;1225;1.042633468937136
45;2;1235;1.0399247129508027
45;2;1245;1.0415570011811184
45;2;1255;1.0453473839290668
45;2;1265;1.0502033767230738
45;2;1275;1.0527423498004453
45;2;1285;1.0543220204869987
45;2;1295;1.058063376587797
45;2;1305;1.0662954494921826
45;2;1315;1.0566298599005262
45;2;1325;1.0383462774289092
45;2;1335;1.0631560927948256
45;2;1345;1.0549877350169536
45;2;1355;0.8662021294254906
45;2;1365;0.6141568416730883
45;2;1375;0.312293601749476
45;2;1385;0.7585829256435502
45;2;1395;1.0384496898626487
45;2;1405;1.089709979580629
45;2;1415;1.1117025318701934
45;2;1425;1.1341126612576502
45;2;1435;1.154298540379007
45;2;1445;1.167915418792028
45;2;1455;1.1754639324750107
45;2;1465;1.1768402817625214
45;2;1475;1.1762667397146656
45;2;1485;1.1727279284903267
45;2;1495;1.1636677132773086
45;2;1505;1.1518778172357373
45;2;1515;1.1345778446491708
45;2;1525;1.1132506419337755
45;2;1535;1.0852007002006914
45;2;1545;1.0474719083851434
45;2;1555;1.0020599796768832
45;2;1565;0.9501715153853156
45;2;1575;0.8920558203631427
45;2;1585;0.8297124621642005
45;2;1595;0.7647124928587593
45;2;1605;0.6894058079945156
45;2;1615;0.6310503917244893
45;2;1625;0.5732685980710308
45;2;1635;0.533404832035364
45;2;1645;0.5041023804364964
45;2;1655;0.492265881388428
45;2;1665;0.5062534321172849
45;2;1675;0.5447159404291113
45;2;1685;0.5713648774132658
45;2;1695;0.6081183096641284
45;2;1705;0.635669039999106
45;2;1715;0.6567034770034144
45;2;1725;0.6790087127290743
45;2;1735;0.7041116586926662
45;2;1745;0.7259807164317609
45;2;1755;0.7553965936862072
45;2;1765;0.7930751383517392
45;2;1775;0.8127479514635975
45;2;1785;0.8232958987113123
45;2;1795;0.810697623521417
45;2;1805;0.8037373035920236
45;2;1815;0.800002968559473
45;2;1825;0.7736492582899955
45;2;1835;0.9721732468080145
45;2;1845;0.9768478230378931
45;2;1855;0.9896476956795323
45;2;1865;1.0205480641215974
45;2;1875;1.0525936055889817
45;2;1885;1.0639926745267612
45;2;1895;1.0142466301893467
45;2;1905;0.8200119136768284
45;2;1915;0.6896517192360507
45;2;1925;0.7415157539206775
45;2;1935;0.8737935587738656
45;2;1945;0.9968372530907689
45;2;1955;1.0820879657171478
45;2;1965;1.1279414920472797
45;2;1975;1.1534076334765322
45;2;1985;1.166828903149867
45;2;1995;1.1720600772708387
45;2;2005;1.1722008187726802
45;2;2015;1.1702864958898984
45;2;2025;1.1639789155357891
45;2;2035;1.1552782051124768
45;2;2045;1.1434230395036824
45;2;2055;1.1312719277575751
45;2;2065;1.1187083644724802
45;2;2075;1.105873878714901
45;2;2085;1.0924037382479281
45;2;2095;1.0794623093205313
45;2;2105;1.066340181411094
45;2;2115;1.056544926411692
45;2;2125;1.0458396156426784
45;2;2135;1.0398738658409596
45;2;2145;1.0310717349170422
45;2;2155;1.0239400310103728
45;2;2165;1.018203058422324
45;2;2175;1.0150653185740806
45;2;2185;1.0164388731638165
45;2;2195;1.0187996962003865
45;2;2205;1.0238046096912594
45;2;2215;1.0242470703343889
45;2;2225;1.024382666484763
45;2;2235;1.0246432233001141
45;2;2245;1.0201445281954604
45;2;2255;1.0123163915528985
45;2;2265;1.0067840969524122
45;2;2275;1.0070721632254251
45;2;2285;1.0108710788858815
45;2;2295;1.0146684866266966
45;2;2305;1.0199618489457989
45;2;2315;1.0297765326095134
45;2;2325;1.0431461730886875
45;2;2335;1.0491964687453514
45;2;2345;1.0602484584273764
45;2;2355;1.0715313571840979
45;2;2365;1.0798933049371124
45;2;2375;1.0898035108783182
45;2;2385;1.1001734465628281
45;2;2395;1.101306491284477
45;2;2405;1.1083315311878554
45;2;2415;1.109215408683003
45;2;2425;1.1143266178738929
45;2;2435;1.1146668846421048
45;2;2445;1.110040768840353
45;2;2450;1.111016655427216
45;3;405;1.0957799542522515
45;3;415;1.10278789320035
45;3;425;1.1012936446215755
45;3;435;1.0985529372679377
45;3;445;1.0967085902990368
45;3;455;1.0960906647169657
45;3;465;1.0950956435933086
45;3;475;1.0934285427482207
45;3;485;1.0915441964215906
45;3;495;1.0884304238605045
45;3;505;1.0867499900418967
45;3;515;1.078054648843601
45;3;525;1.0345583057704044
45;3;535;0.9610716463689064
45;3;545;0.9114129570333527
45;3;555;0.897454270938711
45;3;565;0.9727667427188571
45;3;575;1.0412486179053926
45;3;585;1.0684655205889284
45;3;595;1.0761485877689765
45;3;605;1.0858926693875293
45;3;615;1.0934321259718152
45;3;625;1.0966710051081219
45;3;635;1.0980403632551843
45;3;645;1.0996201885113872
45;3;655;1.1032133121653027
45;3;665;1.1079372440830553
45;3;675;1.1158096532600037
45;3;685;1.1275452164565143
45;3;695;1.1376609782112557
45;3;705;0.34154411887797387
45;3;715;0.7105646062900497
45;3;725;0.6116764493809935
45;3;735;0.21572495224372654
45;3;745;0.8909319351318318
45;3;755;0.9865885440199643
45;3;765;1.0012914686737016
45;3;775;1.0035135773705988
45;3;785;1.0059029703098923
45;3;795;1.00876410087567
45;3;805;1.0118757381894454
45;3;815;1.0132291545801206
45;3;825;1.0116840129908908
45;3;835;1.0078411784975012
45;3;845;1.003059449618033
45;3;855;0.9997674340197397
45;3;865;0.9976864364883401
45;3;875;0.9964648394005862
45;3;885;0.9964239817234715
45;3;895;0.9978093537397547
45;3;905;0.9989724956471026
45;3;915;0.9997187749475306
45;3;925;1.0005026165444428
45;3;935;0.9976358265731596
45;3;945;0.9940948379859221
45;3;955;0.9865535262850635
45;3;965;0.9810365090783428
45;3;975;0.9808837902856401
45;3;985;0.9814143709496321
45;3;995;0.9890635816393365
45;3;1005;0.9903804655212058
45;3;1015;0.9933354052471838
45;3;1025;0.9988133681938849
45;3;1035;1.008243688517851
45;3;1045;1.0108794346859116
45;3;1055;1.0046041720174306
45;3;1065;0.9950169479870057
45;3;1075;0.9722170816626402
45;3;1085;0.9469395109458603
45;3;1095;0.9260965126634769
45;3;1105;0.9324223543082958
45;3;1115;0.9702833525511896
45;3;1125;1.0187859211583767
45;3;1135;1.0553843360503923
45;3;1145;1.0776402661536184
45;3;1155;1.0888207847448865
45;3;1165;1.0926450737235571
45;3;1175;1.0920826717387968
45;3;1185;1.089455544266766
45;3;1195;1.086598381832261
45;3;1205;1.0812923402357644
45;3;1215;1.0781239972568606
45;3;1225;1.0759063762683372
45;3;1235;1.074051966049394
45;3;1245;1.0757584032460865
45;3;1255;1.078904793762028
45;3;1265;1.0820341616152578
45;3;1275;1.0834571196373903
45;3;1285;1.0842916820529873
45;3;1295;1.0843319070809108
45;3;1305;1.0821848309469917
45;3;1315;1.0610133166554836
45;3;1325;1.0419545709674016
45;3;1335;1.0850924573909002
45;3;1345;1.1156500680182806
45;3;1355;0.9829057743661267
45;3;1365;0.7913533590173085
45;3;1375;0.5415229218278759
45;3;1385;0.708293784883307
45;3;1395;0.9997868462764122
45;3;1405;1.0614307291209837
45;3;1415;1.089568367692535
45;3;1425;1.1161625583623216
45;3;1435;1.138673828472674
45;3;1445;1.152691577506578
45;3;1455;1.159605526457682
45;3;1465;1.1611955640558849
45;3;1475;1.1600344308722577
45;3;1485;1.1555182781061737
45;3;1495;1.1466242670915667
45;3;1505;1.134825010740124
45;3;1515;1.1172406501782353
45;3;1525;1.0967645571595526
45;3;1535;1.070364734722537
45;3;1545;1.036440438211677
45;3;1555;0.9954718607764677
45;3;1565;0.9486955823407186
45;3;1575;0.8969018917448107
45;3;1585;0.8423187404447716
45;3;1595;0.7821355379372853
45;3;1605;0.7132597530341571
45;3;1615;0.6597270460225113
45;3;1625;0.6047501780676463
45;3;1635;0.571012581587676
45;3;1645;0.5472642544140895
45;3;1655;0.5378006889004618
45;3;1665;0.5532158984878296
45;3;1675;0.5784281551314634
45;3;1685;0.6012952110999625
45;3;1695;0.6308121651042874
45;3;1705;0.6522157994995573
45;3;1715;0.6719610357500636
45;3;1725;0.6883206999645478
45;3;1735;0.7104804895063905
45;3;1745;0.7258644647261037
45;3;1755;0.7511842436112381
45;3;1765;0.7838630062345947
45;3;1775;0.7964353914889394
45;3;1785;0.8067742120619906
45;3;1795;0.7955954538941226
45;3;1805;0.7883093617022922
45;3;1815;0.7820514510640504
45;3;1825;0.7613976811761551
45;3;1835;0.9391273427502935
45;3;1845;0.9508111004339889
45;3;1855;0.9670785273193568
45;3;1865;1.0004194738301597
45;3;1875;1.0277648657349445
45;3;1885;1.0265460038930232
45;3;1895;0.9370872973597149
45;3;1905;0.6281261612438174
45;3;1915;0.45092857116221313
45;3;1925;0.5435757659868342
45;3;1935;0.7567907200186739
45;3;1945;0.9497939753606515
45;3;1955;1.0717214763068494
45;3;1965;1.129895645000964
45;3;1975;1.1583123343549495
45;3;1985;1.1709831430809983
45;3;1995;1.174208051592416
45;3;2005;1.1728942809386058
45;3;2015;1.170270496249492
45;3;2025;1.1650632149939746
45;3;2035;1.1565391425907003
45;3;2045;1.1465333247703968
45;3;2055;1.1373978787329921
45;3;2065;1.1276977149045775
45;3;2075;1.1188261896983578
45;3;2085;1.1089176045956726
45;3;2095;1.0989035534282836
45;3;2105;1.0881455719455502
45;3;2115;1.0797201218881025
45;3;2125;1.069922439130366
45;3;2135;1.062509900439407
45;3;2145;1.0527001588493443
45;3;2155;1.0442355687323543
45;3;2165;1.0376717395147126
45;3;2175;1.0323272567415855
45;3;2185;1.0299246480225048
45;3;2195;1.030451437135694
45;3;2205;1.0317149897130156
45;3;2215;1.0319378306146725
45;3;2225;1.0296784308442026
45;3;2235;1.0292915326019496
45;3;2245;1.0262922365290301
45;3;2255;1.02304925881815
45;3;2265;1.0229327360745732
45;3;2275;1.029312567653019
45;3;2285;1.034443285224833
45;3;2295;1.0366314666745136
45;3;2305;1.0396619230140431
45;3;2315;1.0507427881315137
45;3;2325;1.0604507946186004
45;3;2335;1.0641948946728397
45;3;2345;1.0730621456355927
45;3;2355;1.0800776381426562
45;3;2365;1.0869638065794731
45;3;2375;1.0948751641389798
45;3;2385;1.1008711344607516
45;3;2395;1.1042497130084319
45;3;2405;1.110585971271251
45;3;2415;1.1130490930127774
45;3;2425;1.1165992704907193
45;3;2435;1.119064589886565
45;3;2445;1.1142227199829347
45;3;2450;1.1119346440217794
45;4;405;1.0969022080015491
45;4;415;1.1036346817465967
45;4;425;1.1017276990250782
45;4;435;1.0931217323264908
45;4;445;1.0915692619327475
45;4;455;1.092277861224371
45;4;465;1.0880813070543651
45;4;475;1.0868925959567544
45;4;485;1.0850945809871224
45;4;495;1.0807778765965255
45;4;505;1.0773098536245735
45;4;515;1.0660449814965942
45;4;525;1.0171777348604905
45;4;535;0.9465589122690178
45;4;545;0.9025161769781916
45;4;555;0.8892748571211269
45;4;565;0.9483070465447924
45;4;575;1.01304978441892
45;4;585;1.0429723041822685
45;4;595;1.0541257223361125
45;4;605;1.0670481136655565
45;4;615;1.0812297981348702
45;4;625;1.0887523455970638
45;4;635;1.0915534622013947
45;4;645;1.0988769491529178
45;4;655;1.1098463754313512
45;4;665;1.1226222973438456
45;4;675;1.1405939481060057
45;4;685;1.163265705833496
45;4;695;1.154602636889613
45;4;705;0.40840280100777404
45;4;715;0.4063854264080077
45;4;725;0.2625380307409765
45;4;735;0.5634162068574085
45;4;745;0.9653343109895011
45;4;755;1.0269619656063695
45;4;765;1.030212968858032
45;4;775;1.025451384761222
45;4;785;1.0247667236027915
45;4;795;1.0264400501770337
45;4;805;1.0283264771705676
45;4;815;1.028741016310521
45;4;825;1.0256813124956747
45;4;835;1.02026583157916
45;4;845;1.0136322758945637
45;4;855;1.0092856882813719
45;4;865;1.0065452297959194
45;4;875;1.0046574205924121
45;4;885;1.004383288965575
45;4;895;1.0052214912014865
45;4;905;1.005758625663057
45;4;915;1.0065552141827798
45;4;925;1.0067887620101519
45;4;935;1.003803685707609
45;4;945;1.0009207060403287
45;4;955;0.9943810787726559
45;4;965;0.9906107133894394
45;4;975;0.9903888144364528
45;4;985;0.9914996924306798
45;4;995;0.9974063961530775
45;4;1005;0.9986609280044733
45;4;1015;1.0012813483968692
45;4;1025;1.005230413305081
45;4;1035;1.0132185992969729
45;4;1045;1.015141376532327
45;4;1055;1.0098559421855646
45;4;1065;1.0036587749555117
45;4;1075;0.985151690092185
45;4;1085;0.9618736114515924
45;4;1095;0.9444008078268286
45;4;1105;0.9484131438036074
45;4;1115;0.9812906698520305
45;4;1125;1.0199454020351273
45;4;1135;1.046179168237887
45;4;1145;1.053667920358602
45;4;1155;1.056057338437954
45;4;1165;1.0517781676771032
45;4;1175;1.0445244443547956
45;4;1185;1.0422562873273404
45;4;1195;1.0378627411607473
45;4;1205;1.0298252001498918
45;4;1215;1.022388933447094
45;4;1225;1.0180012286374571
45;4;1235;1.0137377057047527
45;4;1245;1.0144597279618308
45;4;1255;1.0202445077684024
45;4;1265;1.0258763731350633
45;4;1275;1.0304126951398356
45;4;1285;1.0319098234730515
45;4;1295;1.036088184398223
45;4;1305;1.0488396315884443
45;4;1315;1.044768345838753
45;4;1325;1.0297441191731176
45;4;1335;1.050596079567861
45;4;1345;1.0214807868003652
45;4;1355;0.8191135921349348
45;4;1365;0.5740160047507213
45;4;1375;0.30176317048254747
45;4;1385;0.723721744174429
45;4;1395;1.0339666310088067
45;4;1405;1.09805080785128
45;4;1415;1.1230293503637667
45;4;1425;1.1474067363469234
45;4;1435;1.169741040940506
45;4;1445;1.1857595543505317
45;4;1455;1.1947623098833515
45;4;1465;1.1955692961084134
45;4;1475;1.1935019014596777
45;4;1485;1.1872203105553387
45;4;1495;1.1752873777658175
45;4;1505;1.1611388766291024
45;4;1515;1.1404295787138041
45;4;1525;1.1161217412272306
45;4;1535;1.085387225230334
45;4;1545;1.0467395810472806
45;4;1555;1.002632871896265
45;4;1565;0.9543108248567563
45;4;1575;0.9047377673567075
45;4;1585;0.8527860910572375
45;4;1595;0.7999345985310398
45;4;1605;0.7375233795536689
45;4;1615;0.6891428914421965
45;4;1625;0.6384541711877955
45;4;1635;0.6010366157017033
45;4;1645;0.5690876304319525
45;4;1655;0.5536261736026207
45;4;1665;0.5641786194036985
45;4;1675;0.6076163913393653
45;4;1685;0.6476972997661026
45;4;1695;0.7019595494088052
45;4;1705;0.7311575491686058
45;4;1715;0.7480492076571205
45;4;1725;0.7678772584423548
45;4;1735;0.7879346170552068
45;4;1745;0.7892183237658591
45;4;1755;0.8031137950819509
45;4;1765;0.8275243478924329
45;4;1775;0.8344823317571944
45;4;1785;0.8407837890589582
45;4;1795;0.825681629163268
45;4;1805;0.8148894820890392
45;4;1815;0.8089315625840603
45;4;1825;0.7779613330859093
45;4;1835;0.9848318540278098
45;4;1845;0.9798394273408225
45;4;1855;0.9889458572171843
45;4;1865;1.0278095590568035
45;4;1875;1.0728101766117526
45;4;1885;1.0973627598283628
45;4;1895;1.0440858977188636
45;4;1905;0.8353238181115202
45;4;1915;0.7075685979259989
45;4;1925;0.766813887321274
45;4;1935;0.9131569312128488
45;4;1945;1.0478533711193803
45;4;1955;1.141311623977051
45;4;1965;1.1875861008495883
45;4;1975;1.2113770357675206
45;4;1985;1.2236383950367795
45;4;1995;1.2250176754937996
45;4;2005;1.2197409495005587
45;4;2015;1.2117411614086586
45;4;2025;1.199293017999731
45;4;2035;1.1830659654904574
45;4;2045;1.1608283807851572
45;4;2055;1.1403328708136478
45;4;2065;1.1182109082055802
45;4;2075;1.098316552279955
45;4;2085;1.0775839181351585
45;4;2095;1.0586150115633117
45;4;2105;1.0405765807781726
45;4;2115;1.0281154989674606
45;4;2125;1.0150408471080967
45;4;2135;1.0083499295110154
45;4;2145;0.9987384470114666
45;4;2155;0.9925444102413583
45;4;2165;0.9876200033519205
45;4;2175;0.9856214663173768
45;4;2185;0.9879921017892054
45;4;2195;0.9919530181219213
45;4;2205;0.9977050736092508
45;4;2215;1.0007758885901574
45;4;2225;1.0015795979240776
45;4;2235;1.000539037570055
45;4;2245;0.9937135104842516
45;4;2255;0.9833896000318512
45;4;2265;0.9738371155807455
45;4;2275;0.9717608231862638
45;4;2285;0.974243435404216
45;4;2295;0.9775471428202309
45;4;2305;0.9830993021249517
45;4;2315;0.993137848257228
45;4;2325;1.009133928900291
45;4;2335;1.0186131679294865
45;4;2345;1.033808858690506
45;4;2355;1.0471011693890966
45;4;2365;1.0578820170250656
45;4;2375;1.071663766239353
45;4;2385;1.083263106320338
45;4;2395;1.0862627582693087
45;4;2405;1.095199386794481
45;4;2415;1.0975857312824477
45;4;2425;1.0978856587468584
45;4;2435;1.1028342237331943
45;4;2445;1.0985886587003553
45;4;2450;1.0872704873635743
46;1;405;1.1010381709000598
46;1;415;1.107494632799587
46;1;425;1.108948552069431
46;1;435;1.1020041348740295
46;1;445;1.0999025666979472
46;1;455;1.1003392772603378
46;1;465;1.0981261361300076
46;1;475;1.0964645300620608
46;1;485;1.0943521658812625
46;1;495;1.0893850548097306
46;1;505;1.0835515113597238
46;1;515;1.0684533844878985
46;1;525;1.020757475665512
46;1;535;0.9569430273634877
46;1;545;0.9147449988548189
46;1;555;0.9013933708918475
46;1;565;0.9576787198740693
46;1;575;1.0189932226899818
46;1;585;1.0479683577817123
46;1;595;1.0584948787713893
46;1;605;1.0711664017940268
46;1;615;1.0847358437862606
46;1;625;1.0918149730237035
46;1;635;1.0945570347023452
46;1;645;1.1021336373454216
46;1;655;1.112059523906078
46;1;665;1.1234548677976484
46;1;675;1.1375447492170663
46;1;685;1.154069558146047
46;1;695;1.1441332206572752
46;1;705;0.35777103047248426
46;1;715;0.5614659298561141
46;1;725;0.4320492180951463
46;1;735;0.478192759990758
46;1;745;0.9596834933755112
46;1;755;1.0148904092130946
46;1;765;1.017491110828675
46;1;775;1.0147178309821216
46;1;785;1.0150913996304078
46;1;795;1.0176182717874696
46;1;805;1.0205365730239948
46;1;815;1.0217338533596536
46;1;825;1.0194309547005842
46;1;835;1.014516411061087
46;1;845;1.0086250254474467
46;1;855;1.0047947139287645
46;1;865;1.0021198131206257
46;1;875;1.000699269566581
46;1;885;1.000910623384784
46;1;895;1.0015990716871972
46;1;905;1.0025454484171235
46;1;915;1.0035258175161181
46;1;925;1.0040899838750952
46;1;935;1.0015701484100499
46;1;945;0.9979614816199245
46;1;955;0.9907848092568569
46;1;965;0.9866860013760972
46;1;975;0.9869549995612356
46;1;985;0.9877552533163676
46;1;995;0.9943921257921849
46;1;1005;0.9944508877480261
46;1;1015;0.9966816447615935
46;1;1025;1.0020461140168333
46;1;1035;1.0104961740661504
46;1;1045;1.0137267386531463
46;1;1055;1.0079891454950116
46;1;1065;1.0000773274554258
46;1;1075;0.9787804366328966
46;1;1085;0.9534631914973255
46;1;1095;0.9329835297389808
46;1;1105;0.9379836509886452
46;1;1115;0.9736538059314149
46;1;1125;1.0192517359324542
46;1;1135;1.050008735145618
46;1;1145;1.0642732101993269
46;1;1155;1.070800721971454
46;1;1165;1.0688373801541164
46;1;1175;1.0628810076694222
46;1;1185;1.060337696987213
46;1;1195;1.0559913437218786
46;1;1205;1.048261213626219
46;1;1215;1.042852533584686
46;1;1225;1.040149829588111
46;1;1235;1.0363157651224606
46;1;1245;1.038160902201845
46;1;1255;1.0430863896477585
46;1;1265;1.0478180332750742
46;1;1275;1.0513686916978586
46;1;1285;1.0531730787400684
46;1;1295;1.0564612816768517
46;1;1305;1.0642985069282842
46;1;1315;1.0530068871551506
46;1;1325;1.0349123046584985
46;1;1335;1.0622030769250268
46;1;1345;1.0633088409529254
46;1;1355;0.904883046204722
46;1;1365;0.698946930686691
46;1;1375;0.38528539075033125
46;1;1385;0.6883407843358826
46;1;1395;1.0213687043978679
46;1;1405;1.0822094296353022
46;1;1415;1.108925917838458
46;1;1425;1.1372666104260383
46;1;1435;1.1633986776170089
46;1;1445;1.1810990017915595
46;1;1455;1.1907527470099049
46;1;1465;1.192723709349567
46;1;1475;1.1917760794049144
46;1;1485;1.1869635110220318
46;1;1495;1.1761077762456267
46;1;1505;1.1622714600973452
46;1;1515;1.1414849394796807
46;1;1525;1.1168393120481905
46;1;1535;1.0845832839435665
46;1;1545;1.0422957993812123
46;1;1555;0.9924717992081639
46;1;1565;0.9369205256245444
46;1;1575;0.87677306889986
46;1;1585;0.812190152538621
46;1;1595;0.7457219530105392
46;1;1605;0.6697888601353548
46;1;1615;0.6113433020789804
46;1;1625;0.5534985095974417
46;1;1635;0.5182342909603227
46;1;1645;0.4919774344230871
46;1;1655;0.48601667926669995
46;1;1665;0.5065684589708854
46;1;1675;0.5511101500846787
46;1;1685;0.5842945971377205
46;1;1695;0.6293548165643013
46;1;1705;0.6589272856908789
46;1;1715;0.6800429947399627
46;1;1725;0.7035457147616049
46;1;1735;0.7249009552987751
46;1;1745;0.7340342387205067
46;1;1755;0.7553567466185965
46;1;1765;0.7874215710187233
46;1;1775;0.8000513159527723
46;1;1785;0.8088833723354274
46;1;1795;0.7959880317947539
46;1;1805;0.7888056541907985
46;1;1815;0.787385662817464
46;1;1825;0.7538853769256727
46;1;1835;0.9717474853080325
46;1;1845;0.9690734663733047
46;1;1855;0.9699350811309414
46;1;1865;1.0006527319383205
46;1;1875;1.037820020067965
46;1;1885;1.0588644265934466
46;1;1895;1.0246120177964566
46;1;1905;0.8417350098640339
46;1;1915;0.723840418616129
46;1;1925;0.7987469673392021
46;1;1935;0.9496820284161241
46;1;1945;1.0763052568089733
46;1;1955;1.1531374216290335
46;1;1965;1.1871671012063225
46;1;1975;1.2036405413516043
46;1;1985;1.210606209826462
46;1;1995;1.2095411016724327
46;1;2005;1.204150863644753
46;1;2015;1.1977255200840573
46;1;2025;1.1869620994873218
46;1;2035;1.1734627241863549
46;1;2045;1.1560992489965534
46;1;2055;1.1403838728339433
46;1;2065;1.123268031193812
46;1;2075;1.1073547007308344
46;1;2085;1.090280504314564
46;1;2095;1.0751376902839413
46;1;2105;1.0597774740726496
46;1;2115;1.048671865580722
46;1;2125;1.0374314717850632
46;1;2135;1.0306292508686141
46;1;2145;1.0208025733361037
46;1;2155;1.014359619447129
46;1;2165;1.009391013284787
46;1;2175;1.0054421588369387
46;1;2185;1.0058591696030628
46;1;2195;1.008552222821953
46;1;2205;1.0117305946137958
46;1;2215;1.0126706923012636
46;1;2225;1.0121637909708843
46;1;2235;1.011697013156874
46;1;2245;1.0076337591472335
46;1;2255;1.0001121983480963
46;1;2265;0.9951267011798989
46;1;2275;0.9958700500376755
46;1;2285;0.9984502820042455
46;1;2295;1.0025837878268957
46;1;2305;1.0074810459275862
46;1;2315;1.0165167897967236
46;1;2325;1.0307718890160913
46;1;2335;1.0365000617177527
46;1;2345;1.0481616133571134
46;1;2355;1.0605532768548274
46;1;2365;1.069185742329817
46;1;2375;1.0801785086214413
46;1;2385;1.0901893027393088
46;1;2395;1.0929858156207537
46;1;2405;1.1017675038713928
46;1;2415;1.1041432766591561
46;1;2425;1.1082627505853155
46;1;2435;1.1121125019433347
46;1;2445;1.1097113550261215
46;1;2450;1.1065796019494174
46;2;405;1.0843742899094126
46;2;415;1.0948631551403483
46;2;425;1.0894348825615563
46;2;435;1.0760904910020694
46;2;445;1.0741463206402428
46;2;455;1.072625009958977
46;2;465;1.0664626191612157
46;2;475;1.063156046272232
46;2;485;1.059642441349076
46;2;495;1.0531293367715724
46;2;505;1.0469897314465253
46;2;515;1.0329347913497098
46;2;525;0.9876851000521086
46;2;535;0.9296193656744693
46;2;545;0.8957367202579454
46;2;555;0.8862356828478483
46;2;565;0.9341762015554376
46;2;575;0.9877423227287497
46;2;585;1.012987371042325
46;2;595;1.022440910338307
46;2;605;1.033535058211884
46;2;615;1.0462558800346649
46;2;625;1.0532715980913676
46;2;635;1.0563939864104814
46;2;645;1.0650643352703713
46;2;655;1.0779422315516674
46;2;665;1.0947663736017545
46;2;675;1.1163591968051036
46;2;685;1.1422490887488745
46;2;695;1.132983396896622
46;2;705;0.5309526085592109
46;2;715;0.3902834842109935
46;2;725;0.26429382594326917
46;2;735;0.6817947152412881
46;2;745;0.9962840991108586
46;2;755;1.0280657935799975
46;2;765;1.0262582856418885
46;2;775;1.0229993090443026
46;2;785;1.0234150930096382
46;2;795;1.0250852533798251
46;2;805;1.027327455802757
46;2;815;1.0282796518884139
46;2;825;1.0266036806837242
46;2;835;1.023728370426157
46;2;845;1.0206493842575743
46;2;855;1.0189772343486543
46;2;865;1.018243427691261
46;2;875;1.017487853006787
46;2;885;1.0175049996125667
46;2;895;1.0179872226860947
46;2;905;1.0182769796410702
46;2;915;1.0183411368292694
46;2;925;1.0182565766283522
46;2;935;1.0168677858750388
46;2;945;1.0152557344137392
46;2;955;1.0113010701816634
46;2;965;1.0085190981811551
46;2;975;1.0089086950971367
46;2;985;1.0094036602997145
46;2;995;1.0134946208479578
46;2;1005;1.0164034467885177
46;2;1015;1.0155071235289856
46;2;1025;1.0200339653818926
46;2;1035;1.0223384134862668
46;2;1045;1.0244855364509098
46;2;1055;1.0221609067033952
46;2;1065;1.0189525195255662
46;2;1075;1.006129537654159
46;2;1085;0.9941855359741304
46;2;1095;0.9824749117752947
46;2;1105;0.9883790418499289
46;2;1115;1.010182311097786
46;2;1125;1.0355022175400146
46;2;1135;1.047505264963649
46;2;1145;1.0472777340201083
46;2;1155;1.0429514984682053
46;2;1165;1.0318199874596696
46;2;1175;1.018964517630198
46;2;1185;1.0112136930806923
46;2;1195;1.0047052169273627
46;2;1205;0.9940107116071534
46;2;1215;0.9860817141457289
46;2;1225;0.9814414295649895
46;2;1235;0.979262603309946
46;2;1245;0.9793459900468345
46;2;1255;0.9856373434623892
46;2;1265;0.9922638198029912
46;2;1275;0.9969575981032327
46;2;1285;0.9997089680445765
46;2;1295;1.0090593356897468
46;2;1305;1.0335418194296009
46;2;1315;1.0499475853987854
46;2;1325;1.0539999464537597
46;2;1335;1.075292266597974
46;2;1345;1.033857605378738
46;2;1355;0.7654953953299389
46;2;1365;0.4170224431558854
46;2;1375;0.2300271666798641
46;2;1385;0.8264017738915534
46;2;1395;1.0349715920679976
46;2;1405;1.0718708692395404
46;2;1415;1.0936586378252031
46;2;1425;1.1261616140271224
46;2;1435;1.160934423231445
46;2;1445;1.1876831295358712
46;2;1455;1.2042053353465123
46;2;1465;1.2100994559675908
46;2;1475;1.2124486055707016
46;2;1485;1.21092126428251
46;2;1495;1.2017537257317426
46;2;1505;1.1904981200795364
46;2;1515;1.1729441977050785
46;2;1525;1.1517828463470319
46;2;1535;1.1241497630055648
46;2;1545;1.0881195319097858
46;2;1555;1.047499845380466
46;2;1565;1.0010203517817817
46;2;1575;0.9553777095609945
46;2;1585;0.9048045588361393
46;2;1595;0.8506624190653153
46;2;1605;0.7840558815010599
46;2;1615;0.7240447372408828
46;2;1625;0.6587758571844761
46;2;1635;0.6004205766790801
46;2;1645;0.5469719703394951
46;2;1655;0.5097976980816076
46;2;1665;0.5087770307744802
46;2;1675;0.5541988996535204
46;2;1685;0.6076455255529362
46;2;1695;0.6815635599760159
46;2;1705;0.7305078372158423
46;2;1715;0.7661712793385429
46;2;1725;0.8002962850121516
46;2;1735;0.8398565602760711
46;2;1745;0.8443164894702758
46;2;1755;0.8617776044595162
46;2;1765;0.886358966302689
46;2;1775;0.8932581644903957
46;2;1785;0.8987643124434186
46;2;1795;0.8870518172255573
46;2;1805;0.8858958221855668
46;2;1815;0.8844802220758355
46;2;1825;0.8499814828378711
46;2;1835;1.1285667806324151
46;2;1845;1.0610311469755305
46;2;1855;0.9982999799723663
46;2;1865;0.9752011637160874
46;2;1875;0.996155940649542
46;2;1885;1.0243048211308599
46;2;1895;0.9957474085794863
46;2;1905;0.8336509330748508
46;2;1915;0.751757051370241
46;2;1925;0.8280290697561444
46;2;1935;0.974952792352927
46;2;1945;1.0981516740811983
46;2;1955;1.1764485143253969
46;2;1965;1.2096685048643752
46;2;1975;1.2246378667274755
46;2;1985;1.2295185186946782
46;2;1995;1.2233288046266855
46;2;2005;1.2108723214670334
46;2;2015;1.1984597855275714
46;2;2025;1.1779455253528663
46;2;2035;1.154717236665715
46;2;2045;1.1267312916094974
46;2;2055;1.1033407139751388
46;2;2065;1.080339589132639
46;2;2075;1.060610492984611
46;2;2085;1.042223867717073
46;2;2095;1.025708067450666
46;2;2105;1.0119928299297416
46;2;2115;1.0040258939577529
46;2;2125;0.9964555031339059
46;2;2135;0.9942975502495698
46;2;2145;0.9917117461458201
46;2;2155;0.9923930255293547
46;2;2165;0.9943679680641512
46;2;2175;0.9989775906606084
46;2;2185;1.002676273475763
46;2;2195;1.0055424889330553
46;2;2205;1.0084518339531585
46;2;2215;1.0096969361542538
46;2;2225;1.0123566947365334
46;2;2235;1.0113765805070989
46;2;2245;1.0095406586382436
46;2;2255;1.0075242564650235
46;2;2265;1.0000845052320597
46;2;2275;0.9908697883348759
46;2;2285;0.9872892377789906
46;2;2295;0.9854697552585806
46;2;2305;0.9863113437419885
46;2;2315;0.9881641179205884
46;2;2325;0.9944357118282586
46;2;2335;0.9998490696154618
46;2;2345;1.0085367020184122
46;2;2355;1.0172350506708328
46;2;2365;1.025409320822516
46;2;2375;1.0361327602517838
46;2;2385;1.0474893994614165
46;2;2395;1.0513205031528587
46;2;2405;1.062545842204407
46;2;2415;1.0646371447882799
46;2;2425;1.0716626230256374
46;2;2435;1.0828728048510023
46;2;2445;1.0770028394297722
46;2;2450;1.0748997891868723
46;3;405;1.102458851656601
46;3;415;1.108183038166444
46;3;425;1.1080430463256086
46;3;435;1.1049042756955347
46;3;445;1.1037862047352538
46;3;455;1.1037763958337168
46;3;465;1.1018486225499653
46;3;475;1.1001359966321715
46;3;485;1.0993046090492193
46;3;495;1.0965516997786273
46;3;505;1.094296310960255
46;3;515;1.0859743358229805
46;3;525;1.0326630601288016
46;3;535;0.9515864083389223
46;3;545;0.9034789821955564
46;3;555;0.8890204720149141
46;3;565;0.9558047173467803
46;3;575;1.0289687830151666
46;3;585;1.062062864840443
46;3;595;1.0734074893196077
46;3;605;1.085085841661637
46;3;615;1.097035312235129
46;3;625;1.1022431007435525
46;3;635;1.1041230674176785
46;3;645;1.1083930350558096
46;3;655;1.114398204631086
46;3;665;1.1214725226186189
46;3;675;1.1323109304574572
46;3;685;1.1457494758377136
46;3;695;1.1261065508657562
46;3;705;0.2863132547151954
46;3;715;0.40099022197126016
46;3;725;0.24594342402569974
46;3;735;0.4719586616340303
46;3;745;0.9234634518621816
46;3;755;1.0091876691974284
46;3;765;1.0226771016709846
46;3;775;1.0231596650348573
46;3;785;1.024678784851164
46;3;795;1.0272574452646575
46;3;805;1.0298389157925407
46;3;815;1.030866900035929
46;3;825;1.028773714467463
46;3;835;1.0240425551247776
46;3;845;1.0183126380073297
46;3;855;1.0141365711483155
46;3;865;1.0111941149488084
46;3;875;1.0094993907194079
46;3;885;1.0095836065530817
46;3;895;1.0101223837522146
46;3;905;1.0110827302798784
46;3;915;1.0115930542772151
46;3;925;1.0121743393268876
46;3;935;1.0087230827674984
46;3;945;1.0043331910318167
46;3;955;0.9967350878679235
46;3;965;0.9925153922043637
46;3;975;0.9929642880376356
46;3;985;0.9939030398065598
46;3;995;1.0001864130656004
46;3;1005;1.0011687735501724
46;3;1015;1.0033124404754927
46;3;1025;1.0090798580030211
46;3;1035;1.017659157572353
46;3;1045;1.0193745882215102
46;3;1055;1.014831465459202
46;3;1065;1.007340270934258
46;3;1075;0.9866661447997198
46;3;1085;0.9611516160225909
46;3;1095;0.9407554823418102
46;3;1105;0.9451487428564536
46;3;1115;0.9805321151982556
46;3;1125;1.0252117426062946
46;3;1135;1.0569350595113365
46;3;1145;1.0708399855395985
46;3;1155;1.0759553746205766
46;3;1165;1.0748737585237742
46;3;1175;1.0704521872498673
46;3;1185;1.0680969558459978
46;3;1195;1.0644889370464345
46;3;1205;1.0580920715854203
46;3;1215;1.0517840974510104
46;3;1225;1.0498708498243001
46;3;1235;1.0465885932337171
46;3;1245;1.0483725362896232
46;3;1255;1.0517830922781082
46;3;1265;1.0560389164422144
46;3;1275;1.0590098232994727
46;3;1285;1.0596463257043782
46;3;1295;1.0627016793909527
46;3;1305;1.0685807306108168
46;3;1315;1.056044068294969
46;3;1325;1.0358792196964381
46;3;1335;1.0583602296390606
46;3;1345;1.0392581038172246
46;3;1355;0.8539291967979566
46;3;1365;0.616872727175031
46;3;1375;0.3251383610031287
46;3;1385;0.7061103347402089
46;3;1395;1.0279463153105266
46;3;1405;1.0946223620843907
46;3;1415;1.1201960804668565
46;3;1425;1.1414268634011409
46;3;1435;1.1592373106248082
46;3;1445;1.1707328166862592
46;3;1455;1.1766365344504286
46;3;1465;1.1768234932067865
46;3;1475;1.1754906680874464
46;3;1485;1.1711009290438015
46;3;1495;1.1612105300537334
46;3;1505;1.1495194668448339
46;3;1515;1.1321195341683314
46;3;1525;1.1107940089841923
46;3;1535;1.0826453512013023
46;3;1545;1.0456930741051937
46;3;1555;1.0007280743711293
46;3;1565;0.9487025428943497
46;3;1575;0.8909379715466913
46;3;1585;0.8278811420180453
46;3;1595;0.7630392404119208
46;3;1605;0.6880296249689787
46;3;1615;0.6328007118001208
46;3;1625;0.5812499597208027
46;3;1635;0.5456256705912816
46;3;1645;0.5221856557093113
46;3;1655;0.5144833483737737
46;3;1665;0.5290366241238356
46;3;1675;0.5651050026050144
46;3;1685;0.5910910473585357
46;3;1695;0.6258480089313314
46;3;1705;0.6481705107057363
46;3;1715;0.6680295841556056
46;3;1725;0.6821845673413646
46;3;1735;0.7010016491789267
46;3;1745;0.7185945761009286
46;3;1755;0.7420526685656768
46;3;1765;0.776690040739684
46;3;1775;0.7936855067072839
46;3;1785;0.8031943645593297
46;3;1795;0.7878364973185076
46;3;1805;0.7784862378798102
46;3;1815;0.7719680627234757
46;3;1825;0.7431936685738284
46;3;1835;0.9671117058632311
46;3;1845;0.9754119625063954
46;3;1855;0.996938929603147
46;3;1865;1.0339280548228837
46;3;1875;1.0682949338204681
46;3;1885;1.0746266443897365
46;3;1895;1.0082157308551727
46;3;1905;0.79891526098375
46;3;1915;0.6715352746884815
46;3;1925;0.7216314262277972
46;3;1935;0.85448886558675
46;3;1945;0.9801242297208002
46;3;1955;1.07097210631062
46;3;1965;1.1220924351423833
46;3;1975;1.1499670524211767
46;3;1985;1.1659917566803926
46;3;1995;1.173828340041259
46;3;2005;1.1751960574420317
46;3;2015;1.1737325492982689
46;3;2025;1.1691350365017674
46;3;2035;1.1612693841772619
46;3;2045;1.1503140162144365
46;3;2055;1.1384608194990153
46;3;2065;1.125625046340808
46;3;2075;1.1126647466954953
46;3;2085;1.098579943455201
46;3;2095;1.0848758373324572
46;3;2105;1.0705061615758242
46;3;2115;1.060266009551629
46;3;2125;1.0477157399749517
46;3;2135;1.0411825379495938
46;3;2145;1.031408841364699
46;3;2155;1.0230653840579054
46;3;2165;1.0169516970852506
46;3;2175;1.013156541993114
46;3;2185;1.0150100767446237
46;3;2195;1.0179380523278534
46;3;2205;1.0238142760418005
46;3;2215;1.0260637006415763
46;3;2225;1.0265662434875964
46;3;2235;1.0262558224129574
46;3;2245;1.0207684892003495
46;3;2255;1.011109898941329
46;3;2265;1.0027041534035266
46;3;2275;1.00343067409916
46;3;2285;1.0074731574739342
46;3;2295;1.0121526056768646
46;3;2305;1.018167595635593
46;3;2315;1.0297668380296097
46;3;2325;1.044853236139344
46;3;2335;1.053261395272367
46;3;2345;1.0665620880396678
46;3;2355;1.0788171770229105
46;3;2365;1.0875345524157636
46;3;2375;1.098924117776212
46;3;2385;1.1093248759996603
46;3;2395;1.1111483200462546
46;3;2405;1.1171990053360594
46;3;2415;1.1206554484136877
46;3;2425;1.1238151283563123
46;3;2435;1.12308453108285
46;3;2445;1.1208511427345136
46;3;2450;1.117514531773067
46;4;405;1.109750639479203
46;4;415;1.1159227562098264
46;4;425;1.117395650811728
46;4;435;1.110388234760428
46;4;445;1.1097060364820204
46;4;455;1.1089354197999195
46;4;465;1.1062884796017887
46;4;475;1.10526154297051
46;4;485;1.1024347044782696
46;4;495;1.0988403216518787
46;4;505;1.0955810177376477
46;4;515;1.082560326326197
46;4;525;1.0315854092749182
46;4;535;0.9587382171786808
46;4;545;0.9143033188176951
46;4;555;0.9015028598849126
46;4;565;0.9683344264496477
46;4;575;1.0353715230459495
46;4;585;1.0649500571118933
46;4;595;1.0750336122769675
46;4;605;1.0867248258412145
46;4;615;1.0975945205079751
46;4;625;1.1033684587097257
46;4;635;1.10591587308035
46;4;645;1.1113764236244965
46;4;655;1.118262440842189
46;4;665;1.1261909176644378
46;4;675;1.1375100670620566
46;4;685;1.1518038964697108
46;4;695;1.1388057342614641
46;4;705;0.1482205239554013
46;4;715;0.5845119504808526
46;4;725;0.4540883212561428
46;4;735;0.31036070045554826
46;4;745;0.9015040864970858
46;4;755;1.0126650076289438
46;4;765;1.0307350563016429
46;4;775;1.031763186344888
46;4;785;1.0335841455901353
46;4;795;1.0363220646226925
46;4;805;1.0390931904030116
46;4;815;1.040212263318513
46;4;825;1.037859054759299
46;4;835;1.03311873613883
46;4;845;1.0268681689358947
46;4;855;1.0226130098637254
46;4;865;1.0198239531393747
46;4;875;1.0179372255343844
46;4;885;1.0175496383168445
46;4;895;1.0191219369108135
46;4;905;1.0202110024890017
46;4;915;1.0211952805520355
46;4;925;1.021982523162586
46;4;935;1.0186668022902747
46;4;945;1.0150810858414148
46;4;955;1.0075429854240197
46;4;965;1.0022306853474638
46;4;975;1.0021059569155906
46;4;985;1.0025173517589054
46;4;995;1.0101158735707334
46;4;1005;1.0099602444881395
46;4;1015;1.0145958204905983
46;4;1025;1.0181043283187718
46;4;1035;1.03005921128218
46;4;1045;1.030480268001969
46;4;1055;1.0244039576715218
46;4;1065;1.0160353811470022
46;4;1075;0.9936707026782398
46;4;1085;0.9651527891411412
46;4;1095;0.9455563746328198
46;4;1105;0.9511366286828925
46;4;1115;0.9918250160875786
46;4;1125;1.0394020765048284
46;4;1135;1.0726166921336757
46;4;1145;1.0863777318413994
46;4;1155;1.0933680895083222
46;4;1165;1.0920118006721256
46;4;1175;1.0879695303524461
46;4;1185;1.0845088986895115
46;4;1195;1.0802520464600136
46;4;1205;1.0738240087086934
46;4;1215;1.0690758632177322
46;4;1225;1.0663048686798784
46;4;1235;1.0642619384945982
46;4;1245;1.0651339923937444
46;4;1255;1.0689260366902311
46;4;1265;1.0720799849877585
46;4;1275;1.073686831578083
46;4;1285;1.074091872804041
46;4;1295;1.0763716331910496
46;4;1305;1.0817161189495372
46;4;1315;1.072413971948593
46;4;1325;1.0562002672323025
46;4;1335;1.0890180653931065
46;4;1345;1.0899314434522458
46;4;1355;0.9399974369839783
46;4;1365;0.742821050224267
46;4;1375;0.45591096671802867
46;4;1385;0.670562318278971
46;4;1395;0.9963681936267271
46;4;1405;1.0609254520313547
46;4;1415;1.0906075859557112
46;4;1425;1.1190428846390648
46;4;1435;1.1429848828050726
46;4;1445;1.1589775021004631
46;4;1455;1.1679725148623488
46;4;1465;1.1712344850705347
46;4;1475;1.172973460109987
46;4;1485;1.1715311636453174
46;4;1495;1.165649062493287
46;4;1505;1.15702542076961
46;4;1515;1.1429577961802808
46;4;1525;1.1245061157990042
46;4;1535;1.099652191156362
46;4;1545;1.065738501573984
46;4;1555;1.0225473388272919
46;4;1565;0.9706160563018645
46;4;1575;0.9121090877615518
46;4;1585;0.8467885334578806
46;4;1595;0.7736773263995406
46;4;1605;0.6849726746392347
46;4;1615;0.612433351705606
46;4;1625;0.5383976255633278
46;4;1635;0.48784780442410686
46;4;1645;0.4523074429652223
46;4;1655;0.4387979845570452
46;4;1665;0.4533714423519911
46;4;1675;0.48891455508733883
46;4;1685;0.5136391968977795
46;4;1695;0.5538050548520101
46;4;1705;0.5804156196566667
46;4;1715;0.6023569853494919
46;4;1725;0.6247249411378987
46;4;1735;0.6558768064773345
46;4;1745;0.6783897316410145
46;4;1755;0.7155572634745101
46;4;1765;0.7605170584966279
46;4;1775;0.7818857712378418
46;4;1785;0.7937337958673873
46;4;1795;0.7769523400396204
46;4;1805;0.7631625378628494
46;4;1815;0.7564630069596914
46;4;1825;0.7299200047277572
46;4;1835;0.954464028422835
46;4;1845;0.9615759001408227
46;4;1855;0.9760887036889444
46;4;1865;1.0071085014921848
46;4;1875;1.0305221860258686
46;4;1885;1.0246492073403477
46;4;1895;0.921780428520482
46;4;1905;0.6149110246179491
46;4;1915;0.4363023982545342
46;4;1925;0.5199262935778465
46;4;1935;0.7194081662114094
46;4;1945;0.9064139595029044
46;4;1955;1.0336260297405033
46;4;1965;1.0999211381644984
46;4;1975;1.1367756219334755
46;4;1985;1.155905972543784
46;4;1995;1.1641481409268042
46;4;2005;1.1666879339074234
46;4;2015;1.1661501037494266
46;4;2025;1.1623714678168298
46;4;2035;1.1557953510231296
46;4;2045;1.1461321924333028
46;4;2055;1.1373063277223514
46;4;2065;1.1259802028343662
46;4;2075;1.115899643646932
46;4;2085;1.1048779760467706
46;4;2095;1.0927107193131
46;4;2105;1.081387701951658
46;4;2115;1.0726153815234334
46;4;2125;1.062727772049636
46;4;2135;1.0565844456522255
46;4;2145;1.0477021733323681
46;4;2155;1.0401836493460508
46;4;2165;1.0337557847970995
46;4;2175;1.0297606674047954
46;4;2185;1.0297504569659697
46;4;2195;1.0314563041605331
46;4;2205;1.0351998309713661
46;4;2215;1.0363100558232003
46;4;2225;1.035176783274014
46;4;2235;1.0347790875423366
46;4;2245;1.0305670879483237
46;4;2255;1.0239712981801858
46;4;2265;1.0199826710787847
46;4;2275;1.023681533610015
46;4;2285;1.0295217194826296
46;4;2295;1.0318476445472369
46;4;2305;1.0358918077767127
46;4;2315;1.0470474474675677
46;4;2325;1.059371168737955
46;4;2335;1.065048864012518
46;4;2345;1.0752156474509644
46;4;2355;1.0832335743194248
46;4;2365;1.0913725946857222
46;4;2375;1.099821449531599
46;4;2385;1.1075895653022039
46;4;2395;1.1088765253396884
46;4;2405;1.1162021943608667
46;4;2415;1.114973997450885
46;4;2425;1.116597555527737
46;4;2435;1.121188195733202
46;4;2445;1.1141163763549768
46;4;2450;1.1062581665621434
