modelo;modo;genotipo_avaliado;fold;indice_amostra;nomenclaura;bloco;genotipo;condicao;data_coleta;turno;dia;classe_real;classe_predita;score_NIRRIG;acerto;1530;422;723;899;1949
random_forest;por_genotipo;CD202;1;69;B1_CD202_IRRIG_REPROD00005.asd;B1;CD202;IRRIG;D02M;manha;D02;IRRIG;IRRIG;0.15;True;0.222912761239507;-1.6127300886332574;0.3933278882556925;1.1956243498264338;-1.4129618974571656
random_forest;por_genotipo;CD202;1;72;B1_CD202_NIRRIG_REPROD00000.asd;B1;CD202;NIRRIG;D02M;manha;D02;NIRRIG;NIRRIG;0.908;True;0.2927480863845226;-1.7306763836422998;0.3023688006896861;1.123052248525829;-1.397185826442498
random_forest;por_genotipo;CD202;1;80;B2_CD202_IRRIG_REPROD00000.asd;B2;CD202;IRRIG;D02M;manha;D02;IRRIG;IRRIG;0.15;True;0.239730746181198;-1.5698020969390003;0.2669047068350733;1.182381365308077;-1.4438875906934667
random_forest;por_genotipo;CD202;1;81;B2_CD202_IRRIG_REPROD00001.asd;B2;CD202;IRRIG;D02M;manha;D02;IRRIG;IRRIG;0.114;True;0.2385518846161148;-1.571403622889416;0.2700982814268385;1.1847085916212003;-1.446911801872202
random_forest;por_genotipo;CD202;1;83;B2_CD202_IRRIG_REPROD00003.asd;B2;CD202;IRRIG;D02M;manha;D02;IRRIG;IRRIG;0.128;True;0.2378405855805745;-1.5667872942368664;0.27815277244099;1.1876520311420764;-1.447851498157
random_forest;por_genotipo;CD202;1;87;B2_CD202_IRRIG_REPROD00007.asd;B2;CD202;IRRIG;D02M;manha;D02;IRRIG;IRRIG;0.21;True;0.1905835968095729;-1.5998205822062943;0.4591407492494584;1.2317683528314398;-1.4154327015260546
random_forest;por_genotipo;CD202;1;92;B2_CD202_NIRRIG_REPROD00004.asd;B2;CD202;NIRRIG;D02M;manha;D02;NIRRIG;NIRRIG;0.576;True;0.2185485908691523;-1.5823288065986378;0.428498307964673;1.2227515289501965;-1.4156347649301806
random_forest;por_genotipo;CD202;1;106;B3_CD202_NIRRIG_REPROD00002.asd;B3;CD202;NIRRIG;D02M;manha;D02;NIRRIG;NIRRIG;0.99;True;0.313286000787411;-1.7417198794069202;0.3447723105648091;1.1217361761716995;-1.4007771522392256
random_forest;por_genotipo;CD202;1;107;B3_CD202_NIRRIG_REPROD00003.asd;B3;CD202;NIRRIG;D02M;manha;D02;NIRRIG;NIRRIG;0.99;True;0.309568628682072;-1.739759449618384;0.3471836717185881;1.124880308103777;-1.4011983508222912
random_forest;por_genotipo;CD202;1;112;B4_CD202_IRRIG_REPROD00000.asd;B4;CD202;IRRIG;D02M;manha;D02;IRRIG;IRRIG;0.254;True;0.2031322319701849;-1.5157581427891107;0.3369889317947331;1.2371674113711932;-1.4320696668466628
random_forest;por_genotipo;CD202;1;122;B4_CD202_NIRRIG_REPROD00002.asd;B4;CD202;NIRRIG;D02M;manha;D02;NIRRIG;NIRRIG;1.0;True;0.2759766630380705;-1.6509757499832207;0.4206912423273968;1.1910215806047983;-1.4098622875082023
random_forest;por_genotipo;CD202;1;124;B4_CD202_NIRRIG_REPROD00004.asd;B4;CD202;NIRRIG;D02M;manha;D02;NIRRIG;NIRRIG;0.996;True;0.280060455251737;-1.6975411995509089;0.3878517138356385;1.158412179039176;-1.407233200543874
random_forest;por_genotipo;CD202;1;126;B4_CD202_NIRRIG_REPROD00006.asd;B4;CD202;NIRRIG;D02M;manha;D02;NIRRIG;NIRRIG;0.978;True;0.2871679280875243;-1.7089530078565949;0.3795842582210258;1.1510580139964102;-1.4016821346304238
random_forest;por_genotipo;CD202;1;261;B1_CD202_IRRIG_REPROD00005.asd;B1;CD202;IRRIG;D02T;tarde;D02;IRRIG;NIRRIG;0.734;False;0.2917258671459314;-1.6845207394100934;0.3801473090300773;1.1646751431071782;-1.3973827886398669
random_forest;por_genotipo;CD202;1;264;B1_CD202_NIRRIG_REPROD00000.asd;B1;CD202;NIRRIG;D02T;tarde;D02;NIRRIG;NIRRIG;1.0;True;0.3329771848849818;-1.8200041957644328;0.3496154837435105;1.117629130916518;-1.338969436380972
random_forest;por_genotipo;CD202;1;272;B2_CD202_IRRIG_REPROD00000.asd;B2;CD202;IRRIG;D02T;tarde;D02;IRRIG;IRRIG;0.378;True;0.247884164661001;-1.5955613794676402;0.3494437873736292;1.2012982488537294;-1.4154826560008795
random_forest;por_genotipo;CD202;1;273;B2_CD202_IRRIG_REPROD00001.asd;B2;CD202;IRRIG;D02T;tarde;D02;IRRIG;IRRIG;0.334;True;0.2457610184067892;-1.591991927744761;0.3521036939598004;1.2035869118971196;-1.417733163112304
random_forest;por_genotipo;CD202;1;275;B2_CD202_IRRIG_REPROD00003.asd;B2;CD202;IRRIG;D02T;tarde;D02;IRRIG;IRRIG;0.184;True;0.2441570604072898;-1.5872889310676983;0.3556411046067533;1.2061907526443938;-1.4213459203664331
random_forest;por_genotipo;CD202;1;279;B2_CD202_IRRIG_REPROD00007.asd;B2;CD202;IRRIG;D02T;tarde;D02;IRRIG;IRRIG;0.186;True;0.1510490757672293;-1.5619890665726457;0.5040697118234896;1.2784978281708037;-1.3697962768681609
random_forest;por_genotipo;CD202;1;284;B2_CD202_NIRRIG_REPROD00004.asd;B2;CD202;NIRRIG;D02T;tarde;D02;NIRRIG;NIRRIG;0.988;True;0.2802788013365964;-1.6726146923214855;0.4225823633940549;1.2103721302871384;-1.3893957804650965
random_forest;por_genotipo;CD202;1;298;B3_CD202_NIRRIG_REPROD00002.asd;B3;CD202;NIRRIG;D02T;tarde;D02;NIRRIG;NIRRIG;1.0;True;0.3215196789001702;-1.8320125720449811;0.3539889784347274;1.1321860630765583;-1.3501642317781484
random_forest;por_genotipo;CD202;1;299;B3_CD202_NIRRIG_REPROD00003.asd;B3;CD202;NIRRIG;D02T;tarde;D02;NIRRIG;NIRRIG;1.0;True;0.323848148354127;-1.833744087341901;0.3533734156984043;1.1299903999742236;-1.3492931309994394
random_forest;por_genotipo;CD202;1;304;B4_CD202_IRRIG_REPROD00000.asd;B4;CD202;IRRIG;D02T;tarde;D02;IRRIG;IRRIG;0.09;True;0.2378193042162655;-1.549791489709108;0.3288661259093413;1.2362040340337392;-1.3669926708546734
random_forest;por_genotipo;CD202;1;314;B4_CD202_NIRRIG_REPROD00002.asd;B4;CD202;NIRRIG;D02T;tarde;D02;NIRRIG;NIRRIG;0.998;True;0.3131345066082191;-1.7707154112545784;0.3608470750089866;1.145078401177496;-1.3554347759999512
random_forest;por_genotipo;CD202;1;316;B4_CD202_NIRRIG_REPROD00004.asd;B4;CD202;NIRRIG;D02T;tarde;D02;NIRRIG;NIRRIG;1.0;True;0.2826735395962529;-1.7488800412677914;0.3646608877540006;1.1601685908251496;-1.3356789071471749
random_forest;por_genotipo;CD202;1;318;B4_CD202_NIRRIG_REPROD00006.asd;B4;CD202;NIRRIG;D02T;tarde;D02;NIRRIG;NIRRIG;1.0;True;0.2831583939526432;-1.7540956938158276;0.363710148104331;1.1586114719684073;-1.3324207701044672
random_forest;por_genotipo;CD202;1;453;B1_CD202_IRRIG_REPROD00005.asd;B1;CD202;IRRIG;D03M;manha;D03;IRRIG;IRRIG;0.044;True;0.1970102780923644;-1.6115743470821975;0.46656581030553;1.2073615541862748;-1.4288604852598557
random_forest;por_genotipo;CD202;1;456;B1_CD202_NIRRIG_REPROD00000.asd;B1;CD202;NIRRIG;D03M;manha;D03;NIRRIG;NIRRIG;0.682;True;0.1579065281321471;-1.5300555465174064;0.4674059188761856;1.2872833079109045;-1.375943812216716
random_forest;por_genotipo;CD202;1;464;B2_CD202_IRRIG_REPROD00000.asd;B2;CD202;IRRIG;D03M;manha;D03;IRRIG;IRRIG;0.108;True;0.193628683455495;-1.5758757707367783;0.4647708665191534;1.208549448943519;-1.434789683424527
random_forest;por_genotipo;CD202;1;465;B2_CD202_IRRIG_REPROD00001.asd;B2;CD202;IRRIG;D03M;manha;D03;IRRIG;IRRIG;0.094;True;0.1932800295783109;-1.5704833169910954;0.4686624105282633;1.209989262167724;-1.4364103072980725
random_forest;por_genotipo;CD202;1;467;B2_CD202_IRRIG_REPROD00003.asd;B2;CD202;IRRIG;D03M;manha;D03;IRRIG;IRRIG;0.066;True;0.190628016414648;-1.5536930214438345;0.4755325729857186;1.213878976191174;-1.4440184059824894
random_forest;por_genotipo;CD202;1;471;B2_CD202_IRRIG_REPROD00007.asd;B2;CD202;IRRIG;D03M;manha;D03;IRRIG;IRRIG;0.008;True;0.2132383090279183;-1.5224200710569655;0.354146139794622;1.2088164784293098;-1.4570588576847103
random_forest;por_genotipo;CD202;1;476;B2_CD202_NIRRIG_REPROD00004.asd;B2;CD202;NIRRIG;D03M;manha;D03;NIRRIG;NIRRIG;0.99;True;0.2643843393018846;-1.6448477744187675;0.3749792266188583;1.2049731661479066;-1.3757767451705512
random_forest;por_genotipo;CD202;1;490;B3_CD202_NIRRIG_REPROD00002.asd;B3;CD202;NIRRIG;D03M;manha;D03;NIRRIG;NIRRIG;0.996;True;0.279416264317766;-1.6932052566294271;0.4024009874470389;1.1853641903796597;-1.3843847923524988
random_forest;por_genotipo;CD202;1;491;B3_CD202_NIRRIG_REPROD00003.asd;B3;CD202;NIRRIG;D03M;manha;D03;NIRRIG;NIRRIG;0.996;True;0.2807286855192099;-1.6984958256766365;0.4021711686840242;1.1842489504279945;-1.3825751544838238
random_forest;por_genotipo;CD202;1;496;B4_CD202_IRRIG_REPROD00000.asd;B4;CD202;IRRIG;D03M;manha;D03;IRRIG;IRRIG;0.0;True;0.194067223800703;-1.448282759794526;0.3737380250883354;1.236964596458629;-1.4494910452432892
random_forest;por_genotipo;CD202;1;506;B4_CD202_NIRRIG_REPROD00002.asd;B4;CD202;NIRRIG;D03M;manha;D03;NIRRIG;NIRRIG;0.996;True;0.2874032024190521;-1.732328981221019;0.3851688096280893;1.16329448224042;-1.3655341619145556
random_forest;por_genotipo;CD202;1;508;B4_CD202_NIRRIG_REPROD00004.asd;B4;CD202;NIRRIG;D03M;manha;D03;NIRRIG;NIRRIG;0.994;True;0.2989699846366938;-1.6753200644248234;0.4523859057516568;1.1677462897814714;-1.4043928748426944
random_forest;por_genotipo;CD202;1;510;B4_CD202_NIRRIG_REPROD00006.asd;B4;CD202;NIRRIG;D03M;manha;D03;NIRRIG;NIRRIG;0.758;True;0.3003252877737026;-1.6828074531205568;0.4514358665953774;1.1670640013975813;-1.4034059531505656
random_forest;por_genotipo;CD202;1;645;B1_CD202_IRRIG_REPROD00005.asd;B1;CD202;IRRIG;D03T;tarde;D03;IRRIG;IRRIG;0.126;True;0.1840749160777427;-1.5189408665742858;0.5118326674957256;1.2599651082466192;-1.4434783208776896
random_forest;por_genotipo;CD202;1;648;B1_CD202_NIRRIG_REPROD00000.asd;B1;CD202;NIRRIG;D03T;tarde;D03;NIRRIG;NIRRIG;0.598;True;0.1760607063097907;-1.456058959100504;0.5551080047608848;1.2895564364064855;-1.4212874003538538
random_forest;por_genotipo;CD202;1;656;B2_CD202_IRRIG_REPROD00000.asd;B2;CD202;IRRIG;D03T;tarde;D03;IRRIG;IRRIG;0.34;True;0.2154232878571013;-1.563426801292576;0.5343258803430244;1.239994664674995;-1.4480308828520565
random_forest;por_genotipo;CD202;1;657;B2_CD202_IRRIG_REPROD00001.asd;B2;CD202;IRRIG;D03T;tarde;D03;IRRIG;IRRIG;0.35;True;0.2154416486087852;-1.5623562084782694;0.5389640902046268;1.2411049872715076;-1.44843145570263
random_forest;por_genotipo;CD202;1;659;B2_CD202_IRRIG_REPROD00003.asd;B2;CD202;IRRIG;D03T;tarde;D03;IRRIG;IRRIG;0.25;True;0.2113278954328669;-1.5611991087413823;0.5450887789580906;1.2436904318145523;-1.452432080739946
random_forest;por_genotipo;CD202;1;663;B2_CD202_IRRIG_REPROD00007.asd;B2;CD202;IRRIG;D03T;tarde;D03;IRRIG;IRRIG;0.022;True;0.1895829930844186;-1.383239158088246;0.4243918110267369;1.2470179876869798;-1.5134909964722254
random_forest;por_genotipo;CD202;1;668;B2_CD202_NIRRIG_REPROD00004.asd;B2;CD202;NIRRIG;D03T;tarde;D03;NIRRIG;NIRRIG;0.964;True;0.1955788646422362;-1.5906223666917434;0.6389255602838426;1.2474850822118069;-1.4177977146361398
random_forest;por_genotipo;CD202;1;682;B3_CD202_NIRRIG_REPROD00002.asd;B3;CD202;NIRRIG;D03T;tarde;D03;NIRRIG;NIRRIG;0.904;True;0.2987346417829479;-1.6681856697717905;0.3800176149789486;1.1724690842103591;-1.400364332615445
random_forest;por_genotipo;CD202;1;683;B3_CD202_NIRRIG_REPROD00003.asd;B3;CD202;NIRRIG;D03T;tarde;D03;NIRRIG;NIRRIG;0.868;True;0.3017688535440209;-1.6752477420158003;0.3790131063914529;1.169390875149905;-1.3997832549243752
random_forest;por_genotipo;CD202;1;688;B4_CD202_IRRIG_REPROD00000.asd;B4;CD202;IRRIG;D03T;tarde;D03;IRRIG;IRRIG;0.0;True;0.1765304216114215;-1.441028208298451;0.3646967652282679;1.2493629716729262;-1.456509041897018
random_forest;por_genotipo;CD202;1;698;B4_CD202_NIRRIG_REPROD00002.asd;B4;CD202;NIRRIG;D03T;tarde;D03;NIRRIG;NIRRIG;0.976;True;0.2496591143535042;-1.6281217284360987;0.4188659763829365;1.20090781404643;-1.4026902241249355
random_forest;por_genotipo;CD202;1;700;B4_CD202_NIRRIG_REPROD00004.asd;B4;CD202;NIRRIG;D03T;tarde;D03;NIRRIG;NIRRIG;0.98;True;0.2568971624215863;-1.6438944191854397;0.567980017821046;1.201554766160487;-1.4462219214815226
random_forest;por_genotipo;CD202;1;702;B4_CD202_NIRRIG_REPROD00006.asd;B4;CD202;NIRRIG;D03T;tarde;D03;NIRRIG;NIRRIG;0.994;True;0.261725373783984;-1.6566593577575797;0.5624326600859497;1.196784512223618;-1.4453869573347646
random_forest;por_genotipo;CD202;1;837;B1_CD202_IRRIG_REPROD00005.asd;B1;CD202;IRRIG;D04M;manha;D04;IRRIG;IRRIG;0.028;True;0.2230269743641448;-1.536038452925292;0.4288277381915799;1.198725934314162;-1.4626906867155378
random_forest;por_genotipo;CD202;1;840;B1_CD202_NIRRIG_REPROD00000.asd;B1;CD202;NIRRIG;D04M;manha;D04;NIRRIG;NIRRIG;0.994;True;0.2649733731070726;-1.689485838307851;0.4074149931236804;1.1564384803595709;-1.4034240419964
random_forest;por_genotipo;CD202;1;848;B2_CD202_IRRIG_REPROD00000.asd;B2;CD202;IRRIG;D04M;manha;D04;IRRIG;IRRIG;0.0;True;0.1960833903373559;-1.4377996657227796;0.3705117023196766;1.241930446552849;-1.4872764635813476
random_forest;por_genotipo;CD202;1;849;B2_CD202_IRRIG_REPROD00001.asd;B2;CD202;IRRIG;D04M;manha;D04;IRRIG;IRRIG;0.0;True;0.194824172201717;-1.4248747662091834;0.3770009431379117;1.2432856498692413;-1.4934682085959146
random_forest;por_genotipo;CD202;1;851;B2_CD202_IRRIG_REPROD00003.asd;B2;CD202;IRRIG;D04M;manha;D04;IRRIG;IRRIG;0.008;True;0.1984267263191809;-1.397852580695132;0.3926139832128036;1.247048510054882;-1.5113132503975732
random_forest;por_genotipo;CD202;1;855;B2_CD202_IRRIG_REPROD00007.asd;B2;CD202;IRRIG;D04M;manha;D04;IRRIG;IRRIG;0.04;True;0.1930281547035964;-1.6133065947091425;0.5567716336633105;1.2335698283686387;-1.4525845292972484
random_forest;por_genotipo;CD202;1;860;B2_CD202_NIRRIG_REPROD00004.asd;B2;CD202;NIRRIG;D04M;manha;D04;NIRRIG;NIRRIG;0.95;True;0.1970093149773462;-1.53568442086941;0.435309958785383;1.2584750454960574;-1.4225224139506154
random_forest;por_genotipo;CD202;1;874;B3_CD202_NIRRIG_REPROD00002.asd;B3;CD202;NIRRIG;D04M;manha;D04;NIRRIG;NIRRIG;0.876;True;0.2325773580710351;-1.606749209845445;0.4864662520425403;1.2201713748983112;-1.4441319094946852
random_forest;por_genotipo;CD202;1;875;B3_CD202_NIRRIG_REPROD00003.asd;B3;CD202;NIRRIG;D04M;manha;D04;NIRRIG;NIRRIG;0.81;True;0.2305847421589804;-1.6048344963665913;0.4871311392024419;1.2214576547976768;-1.4457630921410545
random_forest;por_genotipo;CD202;1;880;B4_CD202_IRRIG_REPROD00000.asd;B4;CD202;IRRIG;D04M;manha;D04;IRRIG;IRRIG;0.0;True;0.1400102270310021;-1.3068045927925165;0.3621243748915164;1.285944992359457;-1.491380679266292
random_forest;por_genotipo;CD202;1;890;B4_CD202_NIRRIG_REPROD00002.asd;B4;CD202;NIRRIG;D04M;manha;D04;NIRRIG;NIRRIG;0.86;True;0.224874926633572;-1.634586788993493;0.4321271230879658;1.2007345711294843;-1.4173847279322649
random_forest;por_genotipo;CD202;1;892;B4_CD202_NIRRIG_REPROD00004.asd;B4;CD202;NIRRIG;D04M;manha;D04;NIRRIG;NIRRIG;0.684;True;0.224939120484556;-1.6150298820748312;0.5351173013942021;1.2181520635225147;-1.438762115147629
random_forest;por_genotipo;CD202;1;894;B4_CD202_NIRRIG_REPROD00006.asd;B4;CD202;NIRRIG;D04M;manha;D04;NIRRIG;NIRRIG;0.762;True;0.2268195006773153;-1.617688615812359;0.5339808124492391;1.2174449231604052;-1.4387260079358402
random_forest;por_genotipo;CD202;1;1029;B1_CD202_IRRIG_REPROD00005.asd;B1;CD202;IRRIG;D05M;manha;D05;IRRIG;IRRIG;0.022;True;0.2437158367577128;-1.5904377897229405;0.4022586231153165;1.1784529026359036;-1.4667158598488954
random_forest;por_genotipo;CD202;1;1032;B1_CD202_NIRRIG_REPROD00000.asd;B1;CD202;NIRRIG;D05M;manha;D05;NIRRIG;NIRRIG;0.998;True;0.2979989073151687;-1.7692543085653925;0.4140992653532913;1.1511560300552346;-1.3719341844811657
random_forest;por_genotipo;CD202;1;1040;B2_CD202_IRRIG_REPROD00000.asd;B2;CD202;IRRIG;D05M;manha;D05;IRRIG;IRRIG;0.0;True;0.217879777721246;-1.4527993685152931;0.4110722661474656;1.2161999445708465;-1.5120688686222254
random_forest;por_genotipo;CD202;1;1041;B2_CD202_IRRIG_REPROD00001.asd;B2;CD202;IRRIG;D05M;manha;D05;IRRIG;IRRIG;0.004;True;0.2210310748117601;-1.4468862681681114;0.4105401705567493;1.2138399414802574;-1.5202713121439355
random_forest;por_genotipo;CD202;1;1043;B2_CD202_IRRIG_REPROD00003.asd;B2;CD202;IRRIG;D05M;manha;D05;IRRIG;IRRIG;0.002;True;0.2208939847726585;-1.4397219516923776;0.4101607875364736;1.2104723180734265;-1.5252113840114938
random_forest;por_genotipo;CD202;1;1047;B2_CD202_IRRIG_REPROD00007.asd;B2;CD202;IRRIG;D05M;manha;D05;IRRIG;IRRIG;0.012;True;0.200821896002724;-1.435108795200221;0.3799771586052702;1.2240959668350535;-1.499862491544779
random_forest;por_genotipo;CD202;1;1052;B2_CD202_NIRRIG_REPROD00004.asd;B2;CD202;NIRRIG;D05M;manha;D05;NIRRIG;NIRRIG;0.976;True;0.2915527271817693;-1.7077226270262005;0.2903751871175233;1.1554141410864365;-1.3910504822464016
random_forest;por_genotipo;CD202;1;1066;B3_CD202_NIRRIG_REPROD00002.asd;B3;CD202;NIRRIG;D05M;manha;D05;NIRRIG;NIRRIG;1.0;True;0.2853221963347796;-1.7189857995919635;0.4905284751240135;1.1761839390964322;-1.412635025798371
random_forest;por_genotipo;CD202;1;1067;B3_CD202_NIRRIG_REPROD00003.asd;B3;CD202;NIRRIG;D05M;manha;D05;NIRRIG;NIRRIG;1.0;True;0.2864889806332625;-1.7230907472896972;0.4913814137381417;1.1758707686686145;-1.4096448682102465
random_forest;por_genotipo;CD202;1;1072;B4_CD202_IRRIG_REPROD00000.asd;B4;CD202;IRRIG;D05M;manha;D05;IRRIG;IRRIG;0.002;True;0.1763926334063816;-1.320983038171489;0.3472460147473065;1.254508849230835;-1.515181874457566
random_forest;por_genotipo;CD202;1;1082;B4_CD202_NIRRIG_REPROD00002.asd;B4;CD202;NIRRIG;D05M;manha;D05;NIRRIG;NIRRIG;1.0;True;0.279075540331565;-1.7236223759700202;0.4291152271214503;1.1659899680702623;-1.403470577396757
random_forest;por_genotipo;CD202;1;1084;B4_CD202_NIRRIG_REPROD00004.asd;B4;CD202;NIRRIG;D05M;manha;D05;NIRRIG;NIRRIG;1.0;True;0.3072659073121271;-1.7692665927283535;0.3576995296739299;1.1347198318658067;-1.3735207444684716
random_forest;por_genotipo;CD202;1;1086;B4_CD202_NIRRIG_REPROD00006.asd;B4;CD202;NIRRIG;D05M;manha;D05;NIRRIG;NIRRIG;1.0;True;0.318391072857013;-1.788092887949974;0.3516395692899819;1.1259162412895034;-1.3613391300175677
random_forest;por_genotipo;CD202;1;1221;B1_CD202_IRRIG_REPROD00005.asd;B1;CD202;IRRIG;D06M;manha;D06;IRRIG;IRRIG;0.004;True;0.1335575317395848;-1.290194910421429;0.3270701876148105;1.3006407716302129;-1.4728994257797088
random_forest;por_genotipo;CD202;1;1224;B1_CD202_NIRRIG_REPROD00000.asd;B1;CD202;NIRRIG;D06M;manha;D06;NIRRIG;NIRRIG;0.982;True;0.2543372634647989;-1.6985518956279853;0.3866782865049839;1.20442436230584;-1.3973955526515962
random_forest;por_genotipo;CD202;1;1232;B2_CD202_IRRIG_REPROD00000.asd;B2;CD202;IRRIG;D06M;manha;D06;IRRIG;IRRIG;0.004;True;0.2150108260933704;-1.452225009778214;0.3668604012500617;1.2196841202171802;-1.5027894621478497
random_forest;por_genotipo;CD202;1;1233;B2_CD202_IRRIG_REPROD00001.asd;B2;CD202;IRRIG;D06M;manha;D06;IRRIG;IRRIG;0.0;True;0.217622102938378;-1.446678396616305;0.3677197269658948;1.2164999441218776;-1.508886447425508
random_forest;por_genotipo;CD202;1;1235;B2_CD202_IRRIG_REPROD00003.asd;B2;CD202;IRRIG;D06M;manha;D06;IRRIG;IRRIG;0.002;True;0.2174343981242669;-1.4315664724238346;0.3762197313175473;1.2195737337285395;-1.5214713678319365
random_forest;por_genotipo;CD202;1;1239;B2_CD202_IRRIG_REPROD00007.asd;B2;CD202;IRRIG;D06M;manha;D06;IRRIG;IRRIG;0.0;True;0.2140488117642436;-1.4016663552310376;0.399076611989589;1.2346422581828262;-1.539315708447915
random_forest;por_genotipo;CD202;1;1244;B2_CD202_NIRRIG_REPROD00004.asd;B2;CD202;NIRRIG;D06M;manha;D06;NIRRIG;NIRRIG;0.984;True;0.2926752055111067;-1.695657121894671;0.3327144727179835;1.1793252079651229;-1.392070726069112
random_forest;por_genotipo;CD202;1;1258;B3_CD202_NIRRIG_REPROD00002.asd;B3;CD202;NIRRIG;D06M;manha;D06;NIRRIG;NIRRIG;1.0;True;0.2870458553840773;-1.6575840744238617;0.3329320522973004;1.1992953268001765;-1.3710746618052254
random_forest;por_genotipo;CD202;1;1259;B3_CD202_NIRRIG_REPROD00003.asd;B3;CD202;NIRRIG;D06M;manha;D06;NIRRIG;NIRRIG;0.998;True;0.2873573362170923;-1.6626807098008674;0.3441627966679874;1.1994597383636296;-1.3701116062084635
random_forest;por_genotipo;CD202;1;1264;B4_CD202_IRRIG_REPROD00000.asd;B4;CD202;IRRIG;D06M;manha;D06;IRRIG;IRRIG;0.0;True;0.1400069106052462;-1.284116212237649;0.2984743883975632;1.3014795723198511;-1.4627938666849931
random_forest;por_genotipo;CD202;1;1274;B4_CD202_NIRRIG_REPROD00002.asd;B4;CD202;NIRRIG;D06M;manha;D06;NIRRIG;NIRRIG;0.968;True;0.2589013245076031;-1.6593026541731122;0.3066701044414627;1.215695555189318;-1.3503173726413031
random_forest;por_genotipo;CD202;1;1276;B4_CD202_NIRRIG_REPROD00004.asd;B4;CD202;NIRRIG;D06M;manha;D06;NIRRIG;NIRRIG;0.998;True;0.3299703989269813;-1.7514180338383991;0.2956417244127519;1.1400603097756914;-1.3648074210836665
random_forest;por_genotipo;CD202;1;1278;B4_CD202_NIRRIG_REPROD00006.asd;B4;CD202;NIRRIG;D06M;manha;D06;NIRRIG;NIRRIG;1.0;True;0.3337294687034429;-1.7581349625805556;0.2996578109744134;1.1371539490141138;-1.3602121204578237
random_forest;por_genotipo;CD202;1;1410;B1_CD202_IRR_REP_RECUP00002.asd;B1;CD202;IRRIG;D09M;manha;D09;IRRIG;IRRIG;0.0;True;0.1319877162851969;-1.270195230735182;0.2590430164078882;1.293084227942344;-1.4435203537396586
random_forest;por_genotipo;CD202;1;1412;B1_CD202_IRR_REP_RECUP00004.asd;B1;CD202;IRRIG;D09M;manha;D09;IRRIG;IRRIG;0.02;True;0.1885712218868593;-1.4094583729776935;0.183472193204159;1.2352790388265011;-1.406766068436764
random_forest;por_genotipo;CD202;1;1414;B1_CD202_IRR_REP_RECUP00006.asd;B1;CD202;IRRIG;D09M;manha;D09;IRRIG;IRRIG;0.13;True;0.183783016418835;-1.373947709164274;0.2063566139393133;1.2423758515981431;-1.424390276645116
random_forest;por_genotipo;CD202;1;1422;B1_CD202_NIRR_REP_RECUP00002.asd;B1;CD202;NIRRIG;D09M;manha;D09;NIRRIG;NIRRIG;1.0;True;0.3435141069209847;-1.828345103841584;0.4365084477726753;1.0936369669725812;-1.3795583670737943
random_forest;por_genotipo;CD202;1;1428;B2_CD202_IRR_REP_RECUP00000.asd;B2;CD202;IRRIG;D09M;manha;D09;IRRIG;IRRIG;0.032;True;0.2021233135322166;-1.5367555385295282;0.4076402300590254;1.2301432011853113;-1.444387869465284
random_forest;por_genotipo;CD202;1;1437;B2_CD202_NIRR_REP_RECUP00001.asd;B2;CD202;NIRRIG;D09M;manha;D09;NIRRIG;NIRRIG;1.0;True;0.3099716607322213;-1.7679319667921038;0.3371013876082085;1.1528312930656894;-1.3770350579972617
random_forest;por_genotipo;CD202;1;1442;B2_CD202_NIRR_REP_RECUP00006.asd;B2;CD202;NIRRIG;D09M;manha;D09;NIRRIG;NIRRIG;0.998;True;0.2575529788339197;-1.725895689943974;0.3656517474285823;1.19630971387254;-1.3724159436401282
random_forest;por_genotipo;CD202;1;1445;B3_CD202_IRR_REP_RECUP00001.asd;B3;CD202;IRRIG;D09M;manha;D09;IRRIG;IRRIG;0.032;True;0.1463827447150868;-1.3734430939942035;0.2854207168241972;1.287276257154538;-1.4272969920772112
random_forest;por_genotipo;CD202;1;1450;B3_CD202_IRR_REP_RECUP00006.asd;B3;CD202;IRRIG;D09M;manha;D09;IRRIG;IRRIG;0.0;True;0.1690931851741285;-1.40038186240166;0.4646323339750232;1.265298220716824;-1.5203843009410902
random_forest;por_genotipo;CD202;1;1455;B3_CD202_NIRR_REP_RECUP00003.asd;B3;CD202;NIRRIG;D09M;manha;D09;NIRRIG;NIRRIG;0.998;True;0.2595327573759345;-1.6868368042063715;0.3647774629424208;1.2061574625130742;-1.3803519814592742
random_forest;por_genotipo;CD202;1;1461;B4_CD202_IRR_REP_RECUP00001.asd;B4;CD202;IRRIG;D09M;manha;D09;IRRIG;IRRIG;0.006;True;0.2129314332141238;-1.485650818896164;0.3433244592202932;1.2298757778547538;-1.4533200680463334
random_forest;por_genotipo;CD202;1;1466;B4_CD202_IRR_REP_RECUP00006.asd;B4;CD202;IRRIG;D09M;manha;D09;IRRIG;IRRIG;0.016;True;0.1779589419462909;-1.491349873902981;0.3158508153042072;1.2581389608430422;-1.401080093645091
random_forest;por_genotipo;CD202;1;1469;B4_CD202_NIRR_REP_RECUP00001.asd;B4;CD202;NIRRIG;D09M;manha;D09;NIRRIG;NIRRIG;0.952;True;0.2810412559340769;-1.6274544141538134;0.3740707423302932;1.2007371758933525;-1.4086219477517243
random_forest;por_genotipo;CD202;1;1606;B1_CD202_IRR_REP_RECUP00002.asd;B1;CD202;IRRIG;D09T;tarde;D09;IRRIG;IRRIG;0.0;True;0.1475739300816699;-1.2753461058512368;0.3763879199938443;1.2849753577590366;-1.4733983900120309
random_forest;por_genotipo;CD202;1;1608;B1_CD202_IRR_REP_RECUP00004.asd;B1;CD202;IRRIG;D09T;tarde;D09;IRRIG;IRRIG;0.002;True;0.1564534600953872;-1.4318542714296705;0.2748507948791635;1.285757960060714;-1.3671074593507346
random_forest;por_genotipo;CD202;1;1610;B1_CD202_IRR_REP_RECUP00006.asd;B1;CD202;IRRIG;D09T;tarde;D09;IRRIG;IRRIG;0.01;True;0.1483176243936508;-1.3961995755981411;0.2824361579610895;1.2904187767015958;-1.387654894965292
random_forest;por_genotipo;CD202;1;1614;B1_CD202_NIRR_REP_RECUP00002.asd;B1;CD202;NIRRIG;D09T;tarde;D09;NIRRIG;NIRRIG;0.938;True;0.255363368455262;-1.6342824579874649;0.5554311631929981;1.1945522901636274;-1.4343816128953697
random_forest;por_genotipo;CD202;1;1620;B2_CD202_IRR_REP_RECUP00000.asd;B2;CD202;IRRIG;D09T;tarde;D09;IRRIG;IRRIG;0.392;True;0.2346031923041445;-1.6058038566806214;0.3803962021080181;1.207467869897015;-1.41584556522202
random_forest;por_genotipo;CD202;1;1629;B2_CD202_NIRR_REP_RECUP00001.asd;B2;CD202;NIRRIG;D09T;tarde;D09;NIRRIG;NIRRIG;0.874;True;0.2153370496618611;-1.5721501022621356;0.4968243231091419;1.2380459111653583;-1.41020894432525
random_forest;por_genotipo;CD202;1;1634;B2_CD202_NIRR_REP_RECUP00006.asd;B2;CD202;NIRRIG;D09T;tarde;D09;NIRRIG;NIRRIG;1.0;True;0.2734993468826937;-1.6713427259116722;0.4096684839962573;1.1777600686443055;-1.403083820903473
random_forest;por_genotipo;CD202;1;1637;B3_CD202_IRR_REP_RECUP00001.asd;B3;CD202;IRRIG;D09T;tarde;D09;IRRIG;IRRIG;0.006;True;0.1305424487365036;-1.4565494192775557;0.3339610722753574;1.3018075269178218;-1.351699425850388
random_forest;por_genotipo;CD202;1;1642;B3_CD202_IRR_REP_RECUP00006.asd;B3;CD202;IRRIG;D09T;tarde;D09;IRRIG;IRRIG;0.434;True;0.2483267276427305;-1.593823372066814;0.401406348517621;1.2111091295463032;-1.4185853420191836
random_forest;por_genotipo;CD202;1;1647;B3_CD202_NIRR_REP_RECUP00003.asd;B3;CD202;NIRRIG;D09T;tarde;D09;NIRRIG;NIRRIG;0.902;True;0.2626705137069748;-1.5815255473869716;0.4421384456156443;1.2041358030392364;-1.4032228882742006
random_forest;por_genotipo;CD202;1;1653;B4_CD202_IRR_REP_RECUP00001.asd;B4;CD202;IRRIG;D09T;tarde;D09;IRRIG;IRRIG;0.104;True;0.2238563268041849;-1.5473524882597312;0.3280901207053843;1.233144583577604;-1.3762348371083184
random_forest;por_genotipo;CD202;1;1658;B4_CD202_IRR_REP_RECUP00006.asd;B4;CD202;IRRIG;D09T;tarde;D09;IRRIG;IRRIG;0.104;True;0.2057287707422281;-1.5540792133034569;0.3603385007043973;1.243265937869917;-1.3599404285234646
random_forest;por_genotipo;CD202;1;1661;B4_CD202_NIRR_REP_RECUP00001.asd;B4;CD202;NIRRIG;D09T;tarde;D09;NIRRIG;IRRIG;0.452;False;0.1913503667021625;-1.5108826596769762;0.4663669329210413;1.2637061408543488;-1.3998011677494284
random_forest;por_genotipo;CD202;1;1750;B1_CD202_IRR_REP_RECUP00002.asd;B1;CD202;IRRIG;D10M;manha;D10;IRRIG;IRRIG;0.012;True;0.1656596863873018;-1.3050818515095235;0.3150761032268934;1.272238056696698;-1.468469754403615
random_forest;por_genotipo;CD202;1;1752;B1_CD202_IRR_REP_RECUP00004.asd;B1;CD202;IRRIG;D10M;manha;D10;IRRIG;IRRIG;0.0;True;0.1369972649473287;-1.26657210295062;0.3121467519808282;1.292018125712072;-1.4594887685986235
random_forest;por_genotipo;CD202;1;1754;B1_CD202_IRR_REP_RECUP00006.asd;B1;CD202;IRRIG;D10M;manha;D10;IRRIG;IRRIG;0.0;True;0.1368205524179161;-1.2670956470923314;0.3144796151606717;1.2900909989363487;-1.461782824989313
random_forest;por_genotipo;CD202;1;1758;B1_CD202_NIRR_REP_RECUP00002.asd;B1;CD202;NIRRIG;D10M;manha;D10;NIRRIG;NIRRIG;0.84;True;0.2608294589108901;-1.628005259724256;0.3234175060533546;1.1661264641830238;-1.4240387681307392
random_forest;por_genotipo;CD202;1;1796;B2_CD202_IRR_REP_RECUP00000.asd;B2;CD202;IRRIG;D10M;manha;D10;IRRIG;IRRIG;0.032;True;0.2336090227496457;-1.5468042841643632;0.372660159174036;1.2013468249808872;-1.4505869138875087
random_forest;por_genotipo;CD202;1;1806;B2_CD202_NIRR_REP_RECUP00010.asd;B2;CD202;NIRRIG;D10M;manha;D10;NIRRIG;NIRRIG;0.73;True;0.2452616222570155;-1.6185169881283492;0.4070236133898146;1.2075209909967204;-1.417137220297715
random_forest;por_genotipo;CD202;1;1807;B2_CD202_NIRR_REP_RECUP00011.asd;B2;CD202;NIRRIG;D10M;manha;D10;NIRRIG;NIRRIG;0.732;True;0.242819387071449;-1.6172797913876424;0.4068841869252425;1.2087147794007351;-1.4173232432326164
random_forest;por_genotipo;CD202;1;1845;B3_CD202_IRR_REP_RECUP00001.asd;B3;CD202;IRRIG;D10M;manha;D10;IRRIG;IRRIG;0.028;True;0.1386719632441175;-1.3081046307732342;0.3385116922284232;1.291739523438774;-1.44714831011109
random_forest;por_genotipo;CD202;1;1850;B3_CD202_IRR_REP_RECUP00006.asd;B3;CD202;IRRIG;D10M;manha;D10;IRRIG;IRRIG;0.008;True;0.1962007176706387;-1.386095788529534;0.2870244504736583;1.246345920330887;-1.4517852116218215
random_forest;por_genotipo;CD202;1;1855;B3_CD202_NIRR_REP_RECUP00003.asd;B3;CD202;NIRRIG;D10M;manha;D10;NIRRIG;NIRRIG;0.916;True;0.2608107832657484;-1.5633650746365952;0.4139011427212821;1.203166274100634;-1.4207484466475508
random_forest;por_genotipo;CD202;1;1893;B4_CD202_IRR_REP_RECUP00001.asd;B4;CD202;IRRIG;D10M;manha;D10;IRRIG;IRRIG;0.016;True;0.1750874076826286;-1.488426159707736;0.3459616703730319;1.277565030123451;-1.3728442958545437
random_forest;por_genotipo;CD202;1;1898;B4_CD202_IRR_REP_RECUP00006.asd;B4;CD202;IRRIG;D10M;manha;D10;IRRIG;IRRIG;0.004;True;0.2051337565115942;-1.5011267223327036;0.318486951163355;1.2459450369400802;-1.3978937125984914
random_forest;por_genotipo;CD202;1;1901;B4_CD202_NIRR_REP_RECUP00001.asd;B4;CD202;NIRRIG;D10M;manha;D10;NIRRIG;NIRRIG;0.832;True;0.2295064576769554;-1.5478692903580773;0.4882189001841907;1.234635385861383;-1.4349565096479904
random_forest;por_genotipo;CD202;2;65;B1_CD202_IRRIG_REPROD00001.asd;B1;CD202;IRRIG;D02M;manha;D02;IRRIG;IRRIG;0.286;True;0.1937358576451891;-1.529981171804726;0.4733025843703652;1.2444390071270823;-1.4396222964893235
random_forest;por_genotipo;CD202;2;67;B1_CD202_IRRIG_REPROD00003.asd;B1;CD202;IRRIG;D02M;manha;D02;IRRIG;IRRIG;0.104;True;0.18995195351631;-1.5368475680414766;0.4656596018469098;1.2395538051313464;-1.4385300821296032
random_forest;por_genotipo;CD202;2;74;B1_CD202_NIRRIG_REPROD00002.asd;B1;CD202;NIRRIG;D02M;manha;D02;NIRRIG;NIRRIG;0.992;True;0.2881976451168913;-1.7295680899207582;0.3098158014258402;1.129872193033954;-1.3984054579115588
random_forest;por_genotipo;CD202;2;76;B1_CD202_NIRRIG_REPROD00004.asd;B1;CD202;NIRRIG;D02M;manha;D02;NIRRIG;NIRRIG;0.744;True;0.1908946227187638;-1.5192242974393555;0.4389045794024003;1.2493290193379871;-1.419223534163394
random_forest;por_genotipo;CD202;2;94;B2_CD202_NIRRIG_REPROD00006.asd;B2;CD202;NIRRIG;D02M;manha;D02;NIRRIG;NIRRIG;0.676;True;0.2260492011479219;-1.5965452515360368;0.4223559323397813;1.2173481948453069;-1.416688576499698
random_forest;por_genotipo;CD202;2;98;B3_CD202_IRRIG_REPROD00002.asd;B3;CD202;IRRIG;D02M;manha;D02;IRRIG;IRRIG;0.006;True;0.1975288312411251;-1.5566803342878544;0.4673101610620792;1.2056690718977163;-1.4758402649909856
random_forest;por_genotipo;CD202;2;99;B3_CD202_IRRIG_REPROD00003.asd;B3;CD202;IRRIG;D02M;manha;D02;IRRIG;IRRIG;0.028;True;0.1989393508799996;-1.5538224250522008;0.4671627670892976;1.2040314226174391;-1.4771429438639323
random_forest;por_genotipo;CD202;2;100;B3_CD202_IRRIG_REPROD00004.asd;B3;CD202;IRRIG;D02M;manha;D02;IRRIG;IRRIG;0.452;True;0.2163986155120673;-1.6304936837511126;0.4880994429094968;1.1858743804923575;-1.458199418631437
random_forest;por_genotipo;CD202;2;101;B3_CD202_IRRIG_REPROD00005.asd;B3;CD202;IRRIG;D02M;manha;D02;IRRIG;IRRIG;0.358;True;0.2153706801124246;-1.6288329213220307;0.4941191895262289;1.1872756675272165;-1.4592031442665154
random_forest;por_genotipo;CD202;2;102;B3_CD202_IRRIG_REPROD00006.asd;B3;CD202;IRRIG;D02M;manha;D02;IRRIG;IRRIG;0.35;True;0.2152962938213738;-1.6284667649464246;0.4953950879973082;1.1859488620206744;-1.4602826571976515
random_forest;por_genotipo;CD202;2;111;B3_CD202_NIRRIG_REPROD00007.asd;B3;CD202;NIRRIG;D02M;manha;D02;NIRRIG;NIRRIG;1.0;True;0.2857768561263676;-1.725731641703632;0.2991842562194879;1.1254441666394748;-1.4101009351985851
random_forest;por_genotipo;CD202;2;125;B4_CD202_NIRRIG_REPROD00005.asd;B4;CD202;NIRRIG;D02M;manha;D02;NIRRIG;NIRRIG;1.0;True;0.2840669708239304;-1.7030814550034028;0.3845382277602113;1.155077812704529;-1.4039033405437666
random_forest;por_genotipo;CD202;2;127;B4_CD202_NIRRIG_REPROD00007.asd;B4;CD202;NIRRIG;D02M;manha;D02;NIRRIG;NIRRIG;0.966;True;0.2877577180867307;-1.715774372976841;0.3794184243359186;1.1515452251282967;-1.399869711007079
random_forest;por_genotipo;CD202;2;257;B1_CD202_IRRIG_REPROD00001.asd;B1;CD202;IRRIG;D02T;tarde;D02;IRRIG;NIRRIG;0.58;False;0.2228009478879067;-1.5808146902357678;0.4328468098510657;1.2264865515116798;-1.4059427342052444
random_forest;por_genotipo;CD202;2;259;B1_CD202_IRRIG_REPROD00003.asd;B1;CD202;IRRIG;D02T;tarde;D02;IRRIG;NIRRIG;0.576;False;0.2279760614022446;-1.58132983778459;0.4214995298507207;1.2154902402100665;-1.4120595748326
random_forest;por_genotipo;CD202;2;266;B1_CD202_NIRRIG_REPROD00002.asd;B1;CD202;NIRRIG;D02T;tarde;D02;NIRRIG;NIRRIG;1.0;True;0.3345335495349199;-1.8226312790204544;0.3421938685512232;1.1145511119635036;-1.336138888735828
random_forest;por_genotipo;CD202;2;268;B1_CD202_NIRRIG_REPROD00004.asd;B1;CD202;NIRRIG;D02T;tarde;D02;NIRRIG;NIRRIG;0.63;True;0.2411034423132995;-1.5854558849801146;0.4046440871685344;1.2311814807114378;-1.3927487221793895
random_forest;por_genotipo;CD202;2;286;B2_CD202_NIRRIG_REPROD00006.asd;B2;CD202;NIRRIG;D02T;tarde;D02;NIRRIG;NIRRIG;0.912;True;0.2835348603083883;-1.6834530786572564;0.427345488607921;1.2054535058170532;-1.3876398777394492
random_forest;por_genotipo;CD202;2;290;B3_CD202_IRRIG_REPROD00002.asd;B3;CD202;IRRIG;D02T;tarde;D02;IRRIG;IRRIG;0.06;True;0.1649104690044557;-1.544808726991868;0.5507708047625824;1.2470043387581182;-1.451764567124606
random_forest;por_genotipo;CD202;2;291;B3_CD202_IRRIG_REPROD00003.asd;B3;CD202;IRRIG;D02T;tarde;D02;IRRIG;IRRIG;0.018;True;0.1705538343619093;-1.5478671632183254;0.5477415517646717;1.2419275179759133;-1.4510050098863008
random_forest;por_genotipo;CD202;2;292;B3_CD202_IRRIG_REPROD00004.asd;B3;CD202;IRRIG;D02T;tarde;D02;IRRIG;NIRRIG;0.506;False;0.21487049367967;-1.6596112798964162;0.5526847929947124;1.2183129171591311;-1.4206249529593873
random_forest;por_genotipo;CD202;2;293;B3_CD202_IRRIG_REPROD00005.asd;B3;CD202;IRRIG;D02T;tarde;D02;IRRIG;IRRIG;0.444;True;0.215701002436194;-1.661802292571955;0.5493373565934848;1.2152619355985066;-1.4210807615032377
random_forest;por_genotipo;CD202;2;294;B3_CD202_IRRIG_REPROD00006.asd;B3;CD202;IRRIG;D02T;tarde;D02;IRRIG;IRRIG;0.406;True;0.216051466530798;-1.6664202292520591;0.5484216007913308;1.214163275256673;-1.4217865661686688
random_forest;por_genotipo;CD202;2;303;B3_CD202_NIRRIG_REPROD00007.asd;B3;CD202;NIRRIG;D02T;tarde;D02;NIRRIG;NIRRIG;1.0;True;0.3105615829288069;-1.8094330760076216;0.3537393231602008;1.1410631863615126;-1.319626995028891
random_forest;por_genotipo;CD202;2;317;B4_CD202_NIRRIG_REPROD00005.asd;B4;CD202;NIRRIG;D02T;tarde;D02;NIRRIG;NIRRIG;1.0;True;0.2828219253529856;-1.7517755819869425;0.3655178803324497;1.1608874001669356;-1.3351335559330149
random_forest;por_genotipo;CD202;2;319;B4_CD202_NIRRIG_REPROD00007.asd;B4;CD202;NIRRIG;D02T;tarde;D02;NIRRIG;NIRRIG;1.0;True;0.2830439377770464;-1.7583139120353872;0.3645595352569723;1.159712085301522;-1.3321036486142663
random_forest;por_genotipo;CD202;2;449;B1_CD202_IRRIG_REPROD00001.asd;B1;CD202;IRRIG;D03M;manha;D03;IRRIG;IRRIG;0.008;True;0.2036861419196138;-1.5635757930629812;0.3664718436153386;1.20312673385268;-1.4527342078059702
random_forest;por_genotipo;CD202;2;451;B1_CD202_IRRIG_REPROD00003.asd;B1;CD202;IRRIG;D03M;manha;D03;IRRIG;IRRIG;0.004;True;0.2069290991399728;-1.5656201186608183;0.3659712520697325;1.2012013174580662;-1.4560410202559686
random_forest;por_genotipo;CD202;2;458;B1_CD202_NIRRIG_REPROD00002.asd;B1;CD202;NIRRIG;D03M;manha;D03;NIRRIG;NIRRIG;0.852;True;0.1732861258794109;-1.5498827204637209;0.4554187187184188;1.2744256153518616;-1.3758339399913608
random_forest;por_genotipo;CD202;2;460;B1_CD202_NIRRIG_REPROD00004.asd;B1;CD202;NIRRIG;D03M;manha;D03;NIRRIG;NIRRIG;1.0;True;0.2796506098250789;-1.7508594146819914;0.4159904982872363;1.165814914106824;-1.3540685622898092
random_forest;por_genotipo;CD202;2;478;B2_CD202_NIRRIG_REPROD00006.asd;B2;CD202;NIRRIG;D03M;manha;D03;NIRRIG;NIRRIG;0.998;True;0.2724111975508887;-1.6506642368632531;0.3711337928192914;1.1984767778408143;-1.37615047487114
random_forest;por_genotipo;CD202;2;482;B3_CD202_IRRIG_REPROD00002.asd;B3;CD202;IRRIG;D03M;manha;D03;IRRIG;IRRIG;0.042;True;0.187809059458496;-1.4990752146106383;0.5524044476474904;1.218087235838376;-1.511996895179648
random_forest;por_genotipo;CD202;2;483;B3_CD202_IRRIG_REPROD00003.asd;B3;CD202;IRRIG;D03M;manha;D03;IRRIG;IRRIG;0.07;True;0.188334028268723;-1.4956589975056482;0.5555187981046942;1.2183431329182242;-1.515853363595845
random_forest;por_genotipo;CD202;2;484;B3_CD202_IRRIG_REPROD00004.asd;B3;CD202;IRRIG;D03M;manha;D03;IRRIG;IRRIG;0.004;True;0.174469257778792;-1.4808790556431322;0.5114030215205734;1.236045652497606;-1.4833768091639534
random_forest;por_genotipo;CD202;2;485;B3_CD202_IRRIG_REPROD00005.asd;B3;CD202;IRRIG;D03M;manha;D03;IRRIG;IRRIG;0.002;True;0.1727812760188476;-1.474909952511119;0.5219778929059918;1.2397813982735364;-1.487219562808051
random_forest;por_genotipo;CD202;2;486;B3_CD202_IRRIG_REPROD00006.asd;B3;CD202;IRRIG;D03M;manha;D03;IRRIG;IRRIG;0.002;True;0.1733636173639436;-1.4729200272565883;0.527765870728551;1.240548639110839;-1.4899023051888085
random_forest;por_genotipo;CD202;2;495;B3_CD202_NIRRIG_REPROD00007.asd;B3;CD202;NIRRIG;D03M;manha;D03;NIRRIG;NIRRIG;1.0;True;0.3473223097270269;-1.9550368292034683;0.4335793851209521;1.0936320492458358;-1.3022622720611934
random_forest;por_genotipo;CD202;2;509;B4_CD202_NIRRIG_REPROD00005.asd;B4;CD202;NIRRIG;D03M;manha;D03;NIRRIG;NIRRIG;0.902;True;0.299803019216027;-1.681501707993539;0.4524896120018499;1.1677747391529498;-1.403649286773116
random_forest;por_genotipo;CD202;2;511;B4_CD202_NIRRIG_REPROD00007.asd;B4;CD202;NIRRIG;D03M;manha;D03;NIRRIG;NIRRIG;0.91;True;0.2971383117423216;-1.6813069597619574;0.4553038258419904;1.1706488445761465;-1.4038270729453255
random_forest;por_genotipo;CD202;2;641;B1_CD202_IRRIG_REPROD00001.asd;B1;CD202;IRRIG;D03T;tarde;D03;IRRIG;NIRRIG;0.502;False;0.2567039094594443;-1.5751999750166734;0.4318107264992628;1.2167586093335103;-1.4202324459431828
random_forest;por_genotipo;CD202;2;643;B1_CD202_IRRIG_REPROD00003.asd;B1;CD202;IRRIG;D03T;tarde;D03;IRRIG;NIRRIG;0.556;False;0.2494777698045007;-1.5683234517886475;0.4433091915686816;1.2252602160102462;-1.4223615163796552
random_forest;por_genotipo;CD202;2;650;B1_CD202_NIRRIG_REPROD00002.asd;B1;CD202;NIRRIG;D03T;tarde;D03;NIRRIG;NIRRIG;0.878;True;0.180045779434728;-1.462386052595554;0.5583958559074023;1.28762247198879;-1.4237630042282394
random_forest;por_genotipo;CD202;2;652;B1_CD202_NIRRIG_REPROD00004.asd;B1;CD202;NIRRIG;D03T;tarde;D03;NIRRIG;NIRRIG;1.0;True;0.2836727751126647;-1.686365154713794;0.4283769379665498;1.17623732516184;-1.4039081444938932
random_forest;por_genotipo;CD202;2;670;B2_CD202_NIRRIG_REPROD00006.asd;B2;CD202;NIRRIG;D03T;tarde;D03;NIRRIG;NIRRIG;0.974;True;0.1971109364802412;-1.5929005145508348;0.6434604171287664;1.2477110710866377;-1.4169292936716151
random_forest;por_genotipo;CD202;2;674;B3_CD202_IRRIG_REPROD00002.asd;B3;CD202;IRRIG;D03T;tarde;D03;IRRIG;IRRIG;0.134;True;0.188474057113899;-1.5352666368646966;0.640695759337159;1.2603061073822706;-1.46265559006318
random_forest;por_genotipo;CD202;2;675;B3_CD202_IRRIG_REPROD00003.asd;B3;CD202;IRRIG;D03T;tarde;D03;IRRIG;IRRIG;0.194;True;0.210894753933815;-1.5570139025437797;0.6171425564634915;1.23828502536312;-1.4567546389248265
random_forest;por_genotipo;CD202;2;676;B3_CD202_IRRIG_REPROD00004.asd;B3;CD202;IRRIG;D03T;tarde;D03;IRRIG;IRRIG;0.156;True;0.1721674440281527;-1.4754132912939872;0.574002370842343;1.273606903954012;-1.443378104016812
random_forest;por_genotipo;CD202;2;677;B3_CD202_IRRIG_REPROD00005.asd;B3;CD202;IRRIG;D03T;tarde;D03;IRRIG;IRRIG;0.188;True;0.1783329353519752;-1.4819794965497208;0.5690548875241165;1.2674492768251129;-1.4436175536267364
random_forest;por_genotipo;CD202;2;678;B3_CD202_IRRIG_REPROD00006.asd;B3;CD202;IRRIG;D03T;tarde;D03;IRRIG;IRRIG;0.188;True;0.1780928210284766;-1.477218103442759;0.569183490100637;1.2670121296131296;-1.4453721064131506
random_forest;por_genotipo;CD202;2;687;B3_CD202_NIRRIG_REPROD00007.asd;B3;CD202;NIRRIG;D03T;tarde;D03;NIRRIG;NIRRIG;0.952;True;0.3342539140568301;-1.820819923949278;0.4796111264228744;1.129536229592949;-1.3989283778026045
random_forest;por_genotipo;CD202;2;701;B4_CD202_NIRRIG_REPROD00005.asd;B4;CD202;NIRRIG;D03T;tarde;D03;NIRRIG;NIRRIG;0.996;True;0.2599105634844613;-1.6532027411536432;0.5643933186755814;1.1981532792680063;-1.4455751541562978
random_forest;por_genotipo;CD202;2;703;B4_CD202_NIRRIG_REPROD00007.asd;B4;CD202;NIRRIG;D03T;tarde;D03;NIRRIG;NIRRIG;0.988;True;0.2640253912699872;-1.6631898866686758;0.5599396055014977;1.193958489056524;-1.4437153592684049
random_forest;por_genotipo;CD202;2;833;B1_CD202_IRRIG_REPROD00001.asd;B1;CD202;IRRIG;D04M;manha;D04;IRRIG;IRRIG;0.004;True;0.1768921524788523;-1.327706458733926;0.4997358968316459;1.2565845465664354;-1.5441263127761955
random_forest;por_genotipo;CD202;2;835;B1_CD202_IRRIG_REPROD00003.asd;B1;CD202;IRRIG;D04M;manha;D04;IRRIG;IRRIG;0.006;True;0.1762520248385818;-1.3102739865122566;0.5071467216846869;1.259707677855517;-1.5546785014308993
random_forest;por_genotipo;CD202;2;842;B1_CD202_NIRRIG_REPROD00002.asd;B1;CD202;NIRRIG;D04M;manha;D04;NIRRIG;NIRRIG;0.988;True;0.2590553057121331;-1.688204249137522;0.4170089142900805;1.1644885807716183;-1.405811203704766
random_forest;por_genotipo;CD202;2;844;B1_CD202_NIRRIG_REPROD00004.asd;B1;CD202;NIRRIG;D04M;manha;D04;NIRRIG;NIRRIG;0.976;True;0.2061445047566995;-1.5378037434254008;0.5487980178576755;1.2558244948348252;-1.420032457401406
random_forest;por_genotipo;CD202;2;862;B2_CD202_NIRRIG_REPROD00006.asd;B2;CD202;NIRRIG;D04M;manha;D04;NIRRIG;NIRRIG;0.958;True;0.1916603185982547;-1.5323725059617437;0.4387058654155379;1.263154947367636;-1.4239816321615602
random_forest;por_genotipo;CD202;2;866;B3_CD202_IRRIG_REPROD00002.asd;B3;CD202;IRRIG;D04M;manha;D04;IRRIG;IRRIG;0.002;True;0.1584178959714963;-1.3264275605998546;0.591764937525919;1.2655814516931203;-1.5654384188463537
random_forest;por_genotipo;CD202;2;867;B3_CD202_IRRIG_REPROD00003.asd;B3;CD202;IRRIG;D04M;manha;D04;IRRIG;IRRIG;0.002;True;0.1578475106676203;-1.3080328033202362;0.5989513890075712;1.267567626398224;-1.5746572873198292
random_forest;por_genotipo;CD202;2;868;B3_CD202_IRRIG_REPROD00004.asd;B3;CD202;IRRIG;D04M;manha;D04;IRRIG;IRRIG;0.042;True;0.1661530288962599;-1.3583699988707116;0.5618270883787864;1.252202240897785;-1.5543630539195048
random_forest;por_genotipo;CD202;2;869;B3_CD202_IRRIG_REPROD00005.asd;B3;CD202;IRRIG;D04M;manha;D04;IRRIG;IRRIG;0.016;True;0.1662630174588541;-1.3314235344797236;0.5728804741645825;1.257294497935253;-1.565479163335936
random_forest;por_genotipo;CD202;2;870;B3_CD202_IRRIG_REPROD00006.asd;B3;CD202;IRRIG;D04M;manha;D04;IRRIG;IRRIG;0.01;True;0.1661049304126826;-1.3066931901322674;0.5810779149599975;1.2599621051362266;-1.5754801775767704
random_forest;por_genotipo;CD202;2;879;B3_CD202_NIRRIG_REPROD00007.asd;B3;CD202;NIRRIG;D04M;manha;D04;NIRRIG;NIRRIG;0.946;True;0.2536576169583351;-1.684959118206729;0.5696661050415264;1.188601891326949;-1.4565437104963648
random_forest;por_genotipo;CD202;2;893;B4_CD202_NIRRIG_REPROD00005.asd;B4;CD202;NIRRIG;D04M;manha;D04;NIRRIG;NIRRIG;0.95;True;0.2271978423885873;-1.6194671860627914;0.5318974108591504;1.2156547636790618;-1.4376771700043027
random_forest;por_genotipo;CD202;2;895;B4_CD202_NIRRIG_REPROD00007.asd;B4;CD202;NIRRIG;D04M;manha;D04;NIRRIG;NIRRIG;0.952;True;0.2295106805502371;-1.6202405846207295;0.5312570936215633;1.2156027739563398;-1.4372882020151907
random_forest;por_genotipo;CD202;2;1025;B1_CD202_IRRIG_REPROD00001.asd;B1;CD202;IRRIG;D05M;manha;D05;IRRIG;IRRIG;0.004;True;0.1530721735260129;-1.364761882142398;0.4938411785846709;1.269142664034938;-1.508688294141222
random_forest;por_genotipo;CD202;2;1027;B1_CD202_IRRIG_REPROD00003.asd;B1;CD202;IRRIG;D05M;manha;D05;IRRIG;IRRIG;0.0;True;0.1557610068000803;-1.3551945176875706;0.4977215832993816;1.2706698531487386;-1.5187110332777969
random_forest;por_genotipo;CD202;2;1034;B1_CD202_NIRRIG_REPROD00002.asd;B1;CD202;NIRRIG;D05M;manha;D05;NIRRIG;NIRRIG;1.0;True;0.3003507479412846;-1.7750871319745791;0.4116287047999383;1.148236984454344;-1.36697407248331
random_forest;por_genotipo;CD202;2;1036;B1_CD202_NIRRIG_REPROD00004.asd;B1;CD202;NIRRIG;D05M;manha;D05;NIRRIG;NIRRIG;0.948;True;0.1949807008983776;-1.5328147192919142;0.4891171232434018;1.2570464816373543;-1.417878721944993
random_forest;por_genotipo;CD202;2;1054;B2_CD202_NIRRIG_REPROD00006.asd;B2;CD202;NIRRIG;D05M;manha;D05;NIRRIG;NIRRIG;1.0;True;0.2956201608569512;-1.7201000340144204;0.2845728894221435;1.150236257101083;-1.3878096452828774
random_forest;por_genotipo;CD202;2;1058;B3_CD202_IRRIG_REPROD00002.asd;B3;CD202;IRRIG;D05M;manha;D05;IRRIG;IRRIG;0.02;True;0.1241126277610897;-1.2998132088283232;0.6772466466382867;1.2939519281155414;-1.5521577932573336
random_forest;por_genotipo;CD202;2;1059;B3_CD202_IRRIG_REPROD00003.asd;B3;CD202;IRRIG;D05M;manha;D05;IRRIG;IRRIG;0.02;True;0.121723615879679;-1.2895513528111555;0.6808403934979205;1.295693410278466;-1.5581953986912227
random_forest;por_genotipo;CD202;2;1060;B3_CD202_IRRIG_REPROD00004.asd;B3;CD202;IRRIG;D05M;manha;D05;IRRIG;IRRIG;0.024;True;0.2133825358004044;-1.4778779835373443;0.4899426663826108;1.209076023609429;-1.5231059659044452
random_forest;por_genotipo;CD202;2;1061;B3_CD202_IRRIG_REPROD00005.asd;B3;CD202;IRRIG;D05M;manha;D05;IRRIG;IRRIG;0.032;True;0.2155957814299057;-1.4739958706868974;0.4902661988380181;1.207495715621736;-1.5258317057476705
random_forest;por_genotipo;CD202;2;1062;B3_CD202_IRRIG_REPROD00006.asd;B3;CD202;IRRIG;D05M;manha;D05;IRRIG;IRRIG;0.036;True;0.2182860818968047;-1.48014995324044;0.4895465910861519;1.205717370363072;-1.5280199976567046
random_forest;por_genotipo;CD202;2;1071;B3_CD202_NIRRIG_REPROD00007.asd;B3;CD202;NIRRIG;D05M;manha;D05;NIRRIG;NIRRIG;0.918;True;0.2808406482422417;-1.6823703944653825;0.5540249009300923;1.1921082651793722;-1.4100421961298446
random_forest;por_genotipo;CD202;2;1085;B4_CD202_NIRRIG_REPROD00005.asd;B4;CD202;NIRRIG;D05M;manha;D05;NIRRIG;NIRRIG;1.0;True;0.3120192750769857;-1.7794957806653393;0.355959287218517;1.1311533748149247;-1.3672958107592148
random_forest;por_genotipo;CD202;2;1087;B4_CD202_NIRRIG_REPROD00007.asd;B4;CD202;NIRRIG;D05M;manha;D05;NIRRIG;NIRRIG;1.0;True;0.3206659314684426;-1.788288536423537;0.3494736181654943;1.123461713750403;-1.358282797951545
random_forest;por_genotipo;CD202;2;1217;B1_CD202_IRRIG_REPROD00001.asd;B1;CD202;IRRIG;D06M;manha;D06;IRRIG;IRRIG;0.0;True;0.1604555463865471;-1.390541048108353;0.3439782570001575;1.2794938494159234;-1.468233379673297
random_forest;por_genotipo;CD202;2;1219;B1_CD202_IRRIG_REPROD00003.asd;B1;CD202;IRRIG;D06M;manha;D06;IRRIG;IRRIG;0.0;True;0.1596962716057075;-1.375506742012573;0.3514292420552443;1.2835338119328432;-1.4724009818829908
random_forest;por_genotipo;CD202;2;1226;B1_CD202_NIRRIG_REPROD00002.asd;B1;CD202;NIRRIG;D06M;manha;D06;NIRRIG;NIRRIG;0.998;True;0.2525801427726032;-1.702317292341436;0.3884864441727252;1.2062992736560347;-1.3936610257054032
random_forest;por_genotipo;CD202;2;1228;B1_CD202_NIRRIG_REPROD00004.asd;B1;CD202;NIRRIG;D06M;manha;D06;NIRRIG;NIRRIG;0.562;True;0.2306940176370056;-1.5867654790278665;0.3505899557323872;1.2375436354090992;-1.3772976792530014
random_forest;por_genotipo;CD202;2;1246;B2_CD202_NIRRIG_REPROD00006.asd;B2;CD202;NIRRIG;D06M;manha;D06;NIRRIG;NIRRIG;1.0;True;0.3004709047852074;-1.7073400767674265;0.3267726283732733;1.1715741429731428;-1.3866233965513135
random_forest;por_genotipo;CD202;2;1250;B3_CD202_IRRIG_REPROD00002.asd;B3;CD202;IRRIG;D06M;manha;D06;IRRIG;IRRIG;0.004;True;0.1645756682374462;-1.3544677866845447;0.55005116673759;1.261142259148343;-1.5401435002218866
random_forest;por_genotipo;CD202;2;1251;B3_CD202_IRRIG_REPROD00003.asd;B3;CD202;IRRIG;D06M;manha;D06;IRRIG;IRRIG;0.04;True;0.1660236448330608;-1.3440890333579654;0.5544737919100498;1.2616758297952573;-1.5449817840202849
random_forest;por_genotipo;CD202;2;1252;B3_CD202_IRRIG_REPROD00004.asd;B3;CD202;IRRIG;D06M;manha;D06;IRRIG;IRRIG;0.3;True;0.2296335925972794;-1.5879330508732707;0.4604978907637884;1.2071929417251486;-1.460309262353458
random_forest;por_genotipo;CD202;2;1253;B3_CD202_IRRIG_REPROD00005.asd;B3;CD202;IRRIG;D06M;manha;D06;IRRIG;IRRIG;0.282;True;0.2293588485209522;-1.578451269537972;0.4667981722332143;1.209625859697765;-1.4673182144950054
random_forest;por_genotipo;CD202;2;1254;B3_CD202_IRRIG_REPROD00006.asd;B3;CD202;IRRIG;D06M;manha;D06;IRRIG;IRRIG;0.276;True;0.2273288479156573;-1.5744731818770168;0.4746569732771128;1.2137941018847938;-1.4747169693167008
random_forest;por_genotipo;CD202;2;1263;B3_CD202_NIRRIG_REPROD00007.asd;B3;CD202;NIRRIG;D06M;manha;D06;NIRRIG;NIRRIG;1.0;True;0.325331019077472;-1.8306045304060816;0.3411228442697583;1.1327111164265768;-1.3309172884199436
random_forest;por_genotipo;CD202;2;1277;B4_CD202_NIRRIG_REPROD00005.asd;B4;CD202;NIRRIG;D06M;manha;D06;NIRRIG;NIRRIG;1.0;True;0.3316495023612963;-1.7512593346256629;0.2984197646460348;1.1390572037180693;-1.3630205932680148
random_forest;por_genotipo;CD202;2;1279;B4_CD202_NIRRIG_REPROD00007.asd;B4;CD202;NIRRIG;D06M;manha;D06;NIRRIG;NIRRIG;1.0;True;0.3353525064890953;-1.7633238422158424;0.3036576127554804;1.136416361656685;-1.358857303402514
random_forest;por_genotipo;CD202;2;1413;B1_CD202_IRR_REP_RECUP00005.asd;B1;CD202;IRRIG;D09M;manha;D09;IRRIG;IRRIG;0.012;True;0.1871329074542251;-1.3849379644308368;0.1914861452596856;1.2358627228637675;-1.412863651535578
random_forest;por_genotipo;CD202;2;1418;B1_CD202_IRR_REP_RECUP00010.asd;B1;CD202;IRRIG;D09M;manha;D09;IRRIG;IRRIG;0.0;True;0.1845706670737783;-1.367650542774562;0.2240267443136655;1.2436050416345792;-1.4394271643605876
random_forest;por_genotipo;CD202;2;1420;B1_CD202_NIRR_REP_RECUP00000.asd;B1;CD202;NIRRIG;D09M;manha;D09;NIRRIG;NIRRIG;1.0;True;0.3418396419168452;-1.8157781523207772;0.4353283101053032;1.0942505682055157;-1.3857984853868874
random_forest;por_genotipo;CD202;2;1424;B1_CD202_NIRR_REP_RECUP00004.asd;B1;CD202;NIRRIG;D09M;manha;D09;NIRRIG;NIRRIG;0.998;True;0.2820776820418916;-1.709193926602258;0.3666285780768743;1.1650527398099195;-1.3605058933960033
random_forest;por_genotipo;CD202;2;1431;B2_CD202_IRR_REP_RECUP00003.asd;B2;CD202;IRRIG;D09M;manha;D09;IRRIG;IRRIG;0.068;True;0.2004182081009162;-1.5216349209629982;0.4122419483825194;1.2241455320619614;-1.4620270714706918
random_forest;por_genotipo;CD202;2;1432;B2_CD202_IRR_REP_RECUP00004.asd;B2;CD202;IRRIG;D09M;manha;D09;IRRIG;IRRIG;0.096;True;0.2226819046025061;-1.5635989922932516;0.3666273457596176;1.212535026088278;-1.4470263533379533
random_forest;por_genotipo;CD202;2;1440;B2_CD202_NIRR_REP_RECUP00004.asd;B2;CD202;NIRRIG;D09M;manha;D09;NIRRIG;NIRRIG;0.994;True;0.2564344972158935;-1.703662195075355;0.3658830151150959;1.1971905649430783;-1.3771090989180748
random_forest;por_genotipo;CD202;2;1444;B3_CD202_IRR_REP_RECUP00000.asd;B3;CD202;IRRIG;D09M;manha;D09;IRRIG;IRRIG;0.032;True;0.1479277600206743;-1.3896613311362125;0.2751476012711056;1.2824734822520505;-1.417834060952357
random_forest;por_genotipo;CD202;2;1447;B3_CD202_IRR_REP_RECUP00003.asd;B3;CD202;IRRIG;D09M;manha;D09;IRRIG;IRRIG;0.0;True;0.1412807437500242;-1.347540404277047;0.301832849568522;1.292095208030598;-1.4401170925937556
random_forest;por_genotipo;CD202;2;1453;B3_CD202_NIRR_REP_RECUP00001.asd;B3;CD202;NIRRIG;D09M;manha;D09;NIRRIG;NIRRIG;0.992;True;0.2546102794345022;-1.6781060389299822;0.3632046792658024;1.2097566374982935;-1.3838712073560149
random_forest;por_genotipo;CD202;2;1456;B3_CD202_NIRR_REP_RECUP00004.asd;B3;CD202;NIRRIG;D09M;manha;D09;NIRRIG;NIRRIG;1.0;True;0.3220650248065621;-1.7821290067670612;0.2778878586702121;1.1239007688412128;-1.3045569640067467
random_forest;por_genotipo;CD202;2;1458;B3_CD202_NIRR_REP_RECUP00006.asd;B3;CD202;NIRRIG;D09M;manha;D09;NIRRIG;NIRRIG;1.0;True;0.3150135169419321;-1.7788091442920908;0.2988298300838256;1.1340602780758278;-1.3070063358953523
random_forest;por_genotipo;CD202;2;1471;B4_CD202_NIRR_REP_RECUP00003.asd;B4;CD202;NIRRIG;D09M;manha;D09;NIRRIG;NIRRIG;0.986;True;0.2867834299547112;-1.646376371116502;0.3791785207345187;1.1982173297573528;-1.4065490521299482
random_forest;por_genotipo;CD202;2;1609;B1_CD202_IRR_REP_RECUP00005.asd;B1;CD202;IRRIG;D09T;tarde;D09;IRRIG;IRRIG;0.018;True;0.1510976370039462;-1.4164507647306683;0.2790654168482952;1.2883055554177087;-1.3767060131866382
random_forest;por_genotipo;CD202;2;1612;B1_CD202_NIRR_REP_RECUP00000.asd;B1;CD202;NIRRIG;D09T;tarde;D09;NIRRIG;NIRRIG;0.892;True;0.2467671017265839;-1.6175066059858314;0.5536391056769373;1.201525603107623;-1.4343717452756286
random_forest;por_genotipo;CD202;2;1616;B1_CD202_NIRR_REP_RECUP00004.asd;B1;CD202;NIRRIG;D09T;tarde;D09;NIRRIG;NIRRIG;1.0;True;0.2808811105532199;-1.6465930770398165;0.3347719940300198;1.1709893532978637;-1.397990961082366
random_forest;por_genotipo;CD202;2;1623;B2_CD202_IRR_REP_RECUP00003.asd;B2;CD202;IRRIG;D09T;tarde;D09;IRRIG;IRRIG;0.04;True;0.2329044023024032;-1.5730224693136703;0.3712188500071612;1.1966761345724222;-1.44581512793315
random_forest;por_genotipo;CD202;2;1624;B2_CD202_IRR_REP_RECUP00004.asd;B2;CD202;IRRIG;D09T;tarde;D09;IRRIG;NIRRIG;0.806;False;0.2752791467567008;-1.6334537123106412;0.3583820522643091;1.1514648566504753;-1.4331254895761605
random_forest;por_genotipo;CD202;2;1632;B2_CD202_NIRR_REP_RECUP00004.asd;B2;CD202;NIRRIG;D09T;tarde;D09;NIRRIG;NIRRIG;1.0;True;0.2743608618913938;-1.670481240042436;0.3989684340599131;1.1773936587388385;-1.4023252900245349
random_forest;por_genotipo;CD202;2;1636;B3_CD202_IRR_REP_RECUP00000.asd;B3;CD202;IRRIG;D09T;tarde;D09;IRRIG;IRRIG;0.014;True;0.1313700707749085;-1.4573949507087467;0.3292903884695229;1.2996874424058542;-1.3522982577151956
random_forest;por_genotipo;CD202;2;1639;B3_CD202_IRR_REP_RECUP00003.asd;B3;CD202;IRRIG;D09T;tarde;D09;IRRIG;IRRIG;0.002;True;0.1313466429586194;-1.4491512826091952;0.3360442555055802;1.299293483746341;-1.3558472333228917
random_forest;por_genotipo;CD202;2;1645;B3_CD202_NIRR_REP_RECUP00001.asd;B3;CD202;NIRRIG;D09T;tarde;D09;NIRRIG;NIRRIG;0.914;True;0.2618444627855185;-1.5791133212536246;0.4322145032159882;1.202642342050546;-1.402640316363584
random_forest;por_genotipo;CD202;2;1648;B3_CD202_NIRR_REP_RECUP00004.asd;B3;CD202;NIRRIG;D09T;tarde;D09;NIRRIG;NIRRIG;0.982;True;0.2884197878496668;-1.6734917103752436;0.3470568482754368;1.1688007247452603;-1.3968562327830727
random_forest;por_genotipo;CD202;2;1650;B3_CD202_NIRR_REP_RECUP00006.asd;B3;CD202;NIRRIG;D09T;tarde;D09;NIRRIG;IRRIG;0.482;False;0.3002846087231559;-1.6804435914787637;0.3595315731141923;1.1626307483723282;-1.3981828578534043
random_forest;por_genotipo;CD202;2;1663;B4_CD202_NIRR_REP_RECUP00003.asd;B4;CD202;NIRRIG;D09T;tarde;D09;NIRRIG;NIRRIG;0.97;True;0.2040213889524433;-1.524863534492021;0.4577276243073217;1.2520823262227103;-1.398755953360613
random_forest;por_genotipo;CD202;2;1753;B1_CD202_IRR_REP_RECUP00005.asd;B1;CD202;IRRIG;D10M;manha;D10;IRRIG;IRRIG;0.0;True;0.136335542104524;-1.269422376644967;0.3152181203479892;1.291986726009763;-1.4613717740725551
random_forest;por_genotipo;CD202;2;1756;B1_CD202_NIRR_REP_RECUP00000.asd;B1;CD202;NIRRIG;D10M;manha;D10;NIRRIG;NIRRIG;0.934;True;0.2616167219807082;-1.635388883468991;0.315287521300571;1.1646643164191202;-1.4178275152990982
random_forest;por_genotipo;CD202;2;1760;B1_CD202_NIRR_REP_RECUP00004.asd;B1;CD202;NIRRIG;D10M;manha;D10;NIRRIG;NIRRIG;0.97;True;0.1893854142969496;-1.5344384215727205;0.4762663913507068;1.247853583442288;-1.4109474871982688
random_forest;por_genotipo;CD202;2;1799;B2_CD202_IRR_REP_RECUP00003.asd;B2;CD202;IRRIG;D10M;manha;D10;IRRIG;IRRIG;0.018;True;0.2322536168199422;-1.502128279454818;0.3888338414847619;1.204701004906399;-1.475066353087537
random_forest;por_genotipo;CD202;2;1800;B2_CD202_IRR_REP_RECUP00004.asd;B2;CD202;IRRIG;D10M;manha;D10;IRRIG;IRRIG;0.03;True;0.2219204274704481;-1.4279938170749569;0.3855451739782329;1.212303940256951;-1.504950635111435
random_forest;por_genotipo;CD202;2;1804;B2_CD202_NIRR_REP_RECUP00008.asd;B2;CD202;NIRRIG;D10M;manha;D10;NIRRIG;NIRRIG;0.756;True;0.2415143789559753;-1.605298884778919;0.4178362164073468;1.2164796738112316;-1.4201205285352467
random_forest;por_genotipo;CD202;2;1811;B2_CD202_NIRR_REP_RECUP00015.asd;B2;CD202;NIRRIG;D10M;manha;D10;NIRRIG;NIRRIG;0.998;True;0.2509875642519256;-1.643299848795159;0.495069605530738;1.204689971457333;-1.4358931614789288
random_forest;por_genotipo;CD202;2;1844;B3_CD202_IRR_REP_RECUP00000.asd;B3;CD202;IRRIG;D10M;manha;D10;IRRIG;IRRIG;0.0;True;0.1371172625333129;-1.30742235489415;0.3463589769818842;1.2970841883910165;-1.4433031879317728
random_forest;por_genotipo;CD202;2;1847;B3_CD202_IRR_REP_RECUP00003.asd;B3;CD202;IRRIG;D10M;manha;D10;IRRIG;IRRIG;0.002;True;0.1381276361773793;-1.2924158538221453;0.3424674338305856;1.2928019079636748;-1.457687788263616
random_forest;por_genotipo;CD202;2;1853;B3_CD202_NIRR_REP_RECUP00001.asd;B3;CD202;NIRRIG;D10M;manha;D10;NIRRIG;NIRRIG;0.924;True;0.2592266512424458;-1.5612138712017083;0.4135187263943687;1.2036263863653756;-1.4231350026507317
random_forest;por_genotipo;CD202;2;1856;B3_CD202_NIRR_REP_RECUP00004.asd;B3;CD202;NIRRIG;D10M;manha;D10;NIRRIG;NIRRIG;0.742;True;0.2514884732796558;-1.557918751991472;0.4034610189682104;1.2140308474295165;-1.412848883243634
random_forest;por_genotipo;CD202;2;1858;B3_CD202_NIRR_REP_RECUP00006.asd;B3;CD202;NIRRIG;D10M;manha;D10;NIRRIG;NIRRIG;0.794;True;0.2551559157244022;-1.5657428689363342;0.3921978847555783;1.2058255270768756;-1.4122772700845183
random_forest;por_genotipo;CD202;2;1903;B4_CD202_NIRR_REP_RECUP00003.asd;B4;CD202;NIRRIG;D10M;manha;D10;NIRRIG;NIRRIG;0.602;True;0.2208800542994703;-1.54246614547447;0.4969724270040561;1.243403503165725;-1.4362001324403335
random_forest;por_genotipo;CD202;3;64;B1_CD202_IRRIG_REPROD00000.asd;B1;CD202;IRRIG;D02M;manha;D02;IRRIG;IRRIG;0.218;True;0.1953672100284798;-1.5331515852622042;0.4704574780550132;1.242737883157789;-1.4389475602691453
random_forest;por_genotipo;CD202;3;68;B1_CD202_IRRIG_REPROD00004.asd;B1;CD202;IRRIG;D02M;manha;D02;IRRIG;IRRIG;0.034;True;0.2217080819958387;-1.6029621412433492;0.3947251331897305;1.199612592213589;-1.4145140709024224
random_forest;por_genotipo;CD202;3;77;B1_CD202_NIRRIG_REPROD00005.asd;B1;CD202;NIRRIG;D02M;manha;D02;NIRRIG;NIRRIG;0.844;True;0.1927709083533467;-1.5246216030081476;0.4373528197088019;1.2449732363062658;-1.4190460722556042
random_forest;por_genotipo;CD202;3;82;B2_CD202_IRRIG_REPROD00002.asd;B2;CD202;IRRIG;D02M;manha;D02;IRRIG;IRRIG;0.02;True;0.2384709667138093;-1.5682831410186957;0.272807577882452;1.18497494502571;-1.446567119388734
random_forest;por_genotipo;CD202;3;88;B2_CD202_NIRRIG_REPROD00000.asd;B2;CD202;NIRRIG;D02M;manha;D02;NIRRIG;IRRIG;0.244;False;0.2001020289804455;-1.5166842260985718;0.3389468234025791;1.2208865844825525;-1.4688012082171664
random_forest;por_genotipo;CD202;3;103;B3_CD202_IRRIG_REPROD00007.asd;B3;CD202;IRRIG;D02M;manha;D02;IRRIG;IRRIG;0.032;True;0.215149095042915;-1.6313684550117675;0.4987940461791334;1.1874208417551502;-1.4627075552300215
random_forest;por_genotipo;CD202;3;104;B3_CD202_NIRRIG_REPROD00000.asd;B3;CD202;NIRRIG;D02M;manha;D02;NIRRIG;NIRRIG;0.994;True;0.3062010585423487;-1.727435710620186;0.3528401062876826;1.1293589343167207;-1.405881681332205
random_forest;por_genotipo;CD202;3;105;B3_CD202_NIRRIG_REPROD00001.asd;B3;CD202;NIRRIG;D02M;manha;D02;NIRRIG;NIRRIG;0.996;True;0.3098567046507831;-1.7320010645168862;0.3486939600741626;1.1252868155200269;-1.4038400632213248
random_forest;por_genotipo;CD202;3;113;B4_CD202_IRRIG_REPROD00001.asd;B4;CD202;IRRIG;D02M;manha;D02;IRRIG;IRRIG;0.016;True;0.2050512306451644;-1.517292973733409;0.3406106441966089;1.236332027414743;-1.4315418437739058
random_forest;por_genotipo;CD202;3;119;B4_CD202_IRRIG_REPROD00007.asd;B4;CD202;IRRIG;D02M;manha;D02;IRRIG;IRRIG;0.014;True;0.2175575521256013;-1.5238579768425342;0.3892193573340237;1.22109636236348;-1.4607516058154244
random_forest;por_genotipo;CD202;3;120;B4_CD202_NIRRIG_REPROD00000.asd;B4;CD202;NIRRIG;D02M;manha;D02;NIRRIG;NIRRIG;0.934;True;0.2931722083847718;-1.659783172354533;0.4073152016677943;1.175666122794368;-1.4091274002321756
random_forest;por_genotipo;CD202;3;121;B4_CD202_NIRRIG_REPROD00001.asd;B4;CD202;NIRRIG;D02M;manha;D02;NIRRIG;NIRRIG;0.992;True;0.2753061802708126;-1.6474017606621598;0.4225232039920493;1.192182301141968;-1.410909098220562
random_forest;por_genotipo;CD202;3;123;B4_CD202_NIRRIG_REPROD00003.asd;B4;CD202;NIRRIG;D02M;manha;D02;NIRRIG;NIRRIG;1.0;True;0.2883125372246538;-1.666571401732983;0.4110554080680806;1.179721693679486;-1.4065128929368187
random_forest;por_genotipo;CD202;3;256;B1_CD202_IRRIG_REPROD00000.asd;B1;CD202;IRRIG;D02T;tarde;D02;IRRIG;NIRRIG;0.756;False;0.2188339751763042;-1.576377221660323;0.4385210109760537;1.232743452981668;-1.4030307501089438
random_forest;por_genotipo;CD202;3;260;B1_CD202_IRRIG_REPROD00004.asd;B1;CD202;IRRIG;D02T;tarde;D02;IRRIG;NIRRIG;0.81;False;0.2917994969250513;-1.6827263933921723;0.3831116915147125;1.1666315902651048;-1.3972343124373527
random_forest;por_genotipo;CD202;3;269;B1_CD202_NIRRIG_REPROD00005.asd;B1;CD202;NIRRIG;D02T;tarde;D02;NIRRIG;NIRRIG;0.946;True;0.2394221894690155;-1.5845959410609698;0.4129981049867161;1.23550304486415;-1.3937076847249668
random_forest;por_genotipo;CD202;3;274;B2_CD202_IRRIG_REPROD00002.asd;B2;CD202;IRRIG;D02T;tarde;D02;IRRIG;IRRIG;0.062;True;0.2446773495439666;-1.5895593411189932;0.3539282529806107;1.2045604928847586;-1.4191111403326189
random_forest;por_genotipo;CD202;3;280;B2_CD202_NIRRIG_REPROD00000.asd;B2;CD202;NIRRIG;D02T;tarde;D02;NIRRIG;NIRRIG;0.802;True;0.2533866564531426;-1.6094781648176588;0.357933169929873;1.2337059100417325;-1.3947726523837904
random_forest;por_genotipo;CD202;3;295;B3_CD202_IRRIG_REPROD00007.asd;B3;CD202;IRRIG;D02T;tarde;D02;IRRIG;IRRIG;0.204;True;0.2178831894134785;-1.669760838772912;0.5452424748599899;1.2116305132849086;-1.4227860534330736
random_forest;por_genotipo;CD202;3;296;B3_CD202_NIRRIG_REPROD00000.asd;B3;CD202;NIRRIG;D02T;tarde;D02;NIRRIG;NIRRIG;1.0;True;0.3181809633677216;-1.8221645063916456;0.359307383590892;1.1377465685497925;-1.3553935929698564
random_forest;por_genotipo;CD202;3;297;B3_CD202_NIRRIG_REPROD00001.asd;B3;CD202;NIRRIG;D02T;tarde;D02;NIRRIG;NIRRIG;1.0;True;0.320666306049543;-1.822691446385556;0.3547815587154591;1.1337809162267678;-1.3527921921640085
random_forest;por_genotipo;CD202;3;305;B4_CD202_IRRIG_REPROD00001.asd;B4;CD202;IRRIG;D02T;tarde;D02;IRRIG;IRRIG;0.106;True;0.238829256270461;-1.553642811049754;0.3311732248882462;1.2361710034144702;-1.366497357198352
random_forest;por_genotipo;CD202;3;311;B4_CD202_IRRIG_REPROD00007.asd;B4;CD202;IRRIG;D02T;tarde;D02;IRRIG;IRRIG;0.23;True;0.1932993930430517;-1.5035937474754928;0.4184343013857605;1.2462180573067765;-1.4218356757078832
random_forest;por_genotipo;CD202;3;312;B4_CD202_NIRRIG_REPROD00000.asd;B4;CD202;NIRRIG;D02T;tarde;D02;NIRRIG;NIRRIG;1.0;True;0.3084050725933914;-1.7602078510564572;0.3655000550361513;1.1502438565126991;-1.3594458866056949
random_forest;por_genotipo;CD202;3;313;B4_CD202_NIRRIG_REPROD00001.asd;B4;CD202;NIRRIG;D02T;tarde;D02;NIRRIG;NIRRIG;1.0;True;0.3112700361903485;-1.7681881525147782;0.3615577975484914;1.146071419840721;-1.356181017180932
random_forest;por_genotipo;CD202;3;315;B4_CD202_NIRRIG_REPROD00003.asd;B4;CD202;NIRRIG;D02T;tarde;D02;NIRRIG;NIRRIG;0.996;True;0.3154656742428062;-1.7739514850884095;0.3580571979405206;1.1417208474606502;-1.3523413603438168
random_forest;por_genotipo;CD202;3;448;B1_CD202_IRRIG_REPROD00000.asd;B1;CD202;IRRIG;D03M;manha;D03;IRRIG;IRRIG;0.01;True;0.2035124607091162;-1.5683347350439107;0.3627839049433016;1.2009333130522768;-1.4482943523629093
random_forest;por_genotipo;CD202;3;452;B1_CD202_IRRIG_REPROD00004.asd;B1;CD202;IRRIG;D03M;manha;D03;IRRIG;IRRIG;0.076;True;0.1959460591484199;-1.6112416214756085;0.4668685747964234;1.208484017423672;-1.4266493641241655
random_forest;por_genotipo;CD202;3;461;B1_CD202_NIRRIG_REPROD00005.asd;B1;CD202;NIRRIG;D03M;manha;D03;NIRRIG;NIRRIG;1.0;True;0.2804526490102877;-1.75497066742927;0.4204757341641553;1.1654935657415684;-1.3508181271766218
random_forest;por_genotipo;CD202;3;466;B2_CD202_IRRIG_REPROD00002.asd;B2;CD202;IRRIG;D03M;manha;D03;IRRIG;IRRIG;0.104;True;0.1917258816177966;-1.565928123721392;0.471831842207401;1.2124934988910792;-1.4400664063370854
random_forest;por_genotipo;CD202;3;472;B2_CD202_NIRRIG_REPROD00000.asd;B2;CD202;NIRRIG;D03M;manha;D03;NIRRIG;NIRRIG;1.0;True;0.2883453067585181;-1.7355222801182582;0.4159684074817903;1.1770635964416265;-1.3878909291802437
random_forest;por_genotipo;CD202;3;487;B3_CD202_IRRIG_REPROD00007.asd;B3;CD202;IRRIG;D03M;manha;D03;IRRIG;IRRIG;0.0;True;0.1735532128158043;-1.4735844017754418;0.5317949314120998;1.241499892356788;-1.493386405394186
random_forest;por_genotipo;CD202;3;488;B3_CD202_NIRRIG_REPROD00000.asd;B3;CD202;NIRRIG;D03M;manha;D03;NIRRIG;NIRRIG;1.0;True;0.2793622703285547;-1.6917392656964487;0.391733048054083;1.1820507369409925;-1.3872919484082498
random_forest;por_genotipo;CD202;3;489;B3_CD202_NIRRIG_REPROD00001.asd;B3;CD202;NIRRIG;D03M;manha;D03;NIRRIG;NIRRIG;0.996;True;0.2789641314807635;-1.6930510855489975;0.400735787177968;1.1854386151821532;-1.3861998206246935
random_forest;por_genotipo;CD202;3;497;B4_CD202_IRRIG_REPROD00001.asd;B4;CD202;IRRIG;D03M;manha;D03;IRRIG;IRRIG;0.004;True;0.1945722632278761;-1.43823427108428;0.3737679120736742;1.234384760344191;-1.454649003455675
random_forest;por_genotipo;CD202;3;503;B4_CD202_IRRIG_REPROD00007.asd;B4;CD202;IRRIG;D03M;manha;D03;IRRIG;IRRIG;0.0;True;0.1947053864179289;-1.402494004888059;0.3775045839695342;1.2367284275219712;-1.4882272311672304
random_forest;por_genotipo;CD202;3;504;B4_CD202_NIRRIG_REPROD00000.asd;B4;CD202;NIRRIG;D03M;manha;D03;NIRRIG;NIRRIG;0.974;True;0.2933080275403656;-1.7349361228877644;0.3813821307715748;1.159002789750943;-1.3669789490396027
random_forest;por_genotipo;CD202;3;505;B4_CD202_NIRRIG_REPROD00001.asd;B4;CD202;NIRRIG;D03M;manha;D03;NIRRIG;NIRRIG;0.986;True;0.2954255189633821;-1.7379891721372636;0.3792750401652134;1.156497862837364;-1.364924313482457
random_forest;por_genotipo;CD202;3;507;B4_CD202_NIRRIG_REPROD00003.asd;B4;CD202;NIRRIG;D03M;manha;D03;NIRRIG;NIRRIG;1.0;True;0.2972447069299146;-1.7490295174670378;0.3673768510110943;1.1490113735251155;-1.3610820785944184
random_forest;por_genotipo;CD202;3;640;B1_CD202_IRRIG_REPROD00000.asd;B1;CD202;IRRIG;D03T;tarde;D03;IRRIG;IRRIG;0.234;True;0.2547417716815264;-1.5717453725728394;0.4326560870201781;1.2192067196749394;-1.4209651555674154
random_forest;por_genotipo;CD202;3;644;B1_CD202_IRRIG_REPROD00004.asd;B1;CD202;IRRIG;D03T;tarde;D03;IRRIG;IRRIG;0.092;True;0.1875710131218051;-1.5182166191520263;0.5084678075482463;1.2585654593029487;-1.4437047974630055
random_forest;por_genotipo;CD202;3;653;B1_CD202_NIRRIG_REPROD00005.asd;B1;CD202;NIRRIG;D03T;tarde;D03;NIRRIG;NIRRIG;1.0;True;0.2853814148525186;-1.6857913788265608;0.4293306794400836;1.1760496672451834;-1.4037604469345055
random_forest;por_genotipo;CD202;3;658;B2_CD202_IRRIG_REPROD00002.asd;B2;CD202;IRRIG;D03T;tarde;D03;IRRIG;IRRIG;0.218;True;0.2084729171729716;-1.558417173482603;0.5461736113159541;1.2466974171876737;-1.452368156909589
random_forest;por_genotipo;CD202;3;664;B2_CD202_NIRRIG_REPROD00000.asd;B2;CD202;NIRRIG;D03T;tarde;D03;NIRRIG;NIRRIG;0.692;True;0.2140751931449886;-1.5784569883249806;0.5747242723256836;1.2468231254599462;-1.455408321544538
random_forest;por_genotipo;CD202;3;679;B3_CD202_IRRIG_REPROD00007.asd;B3;CD202;IRRIG;D03T;tarde;D03;IRRIG;IRRIG;0.124;True;0.176887628503718;-1.4774111841921127;0.5704546316316296;1.2679509357833332;-1.446682421555703
random_forest;por_genotipo;CD202;3;680;B3_CD202_NIRRIG_REPROD00000.asd;B3;CD202;NIRRIG;D03T;tarde;D03;NIRRIG;NIRRIG;0.996;True;0.2841331339913209;-1.6531192324107369;0.392892381805031;1.187063309444561;-1.4043203728384186
random_forest;por_genotipo;CD202;3;681;B3_CD202_NIRRIG_REPROD00001.asd;B3;CD202;NIRRIG;D03T;tarde;D03;NIRRIG;NIRRIG;0.976;True;0.2952309469272769;-1.665991075428625;0.3836480426859439;1.1761724050187825;-1.4012909795124695
random_forest;por_genotipo;CD202;3;689;B4_CD202_IRRIG_REPROD00001.asd;B4;CD202;IRRIG;D03T;tarde;D03;IRRIG;IRRIG;0.0;True;0.1769719400023127;-1.4296134473488762;0.3696854578338505;1.2475344817457896;-1.4630704019558158
random_forest;por_genotipo;CD202;3;695;B4_CD202_IRRIG_REPROD00007.asd;B4;CD202;IRRIG;D03T;tarde;D03;IRRIG;IRRIG;0.0;True;0.144825110289276;-1.3270195683567767;0.402787221734007;1.2791542403594711;-1.5024556450571305
random_forest;por_genotipo;CD202;3;696;B4_CD202_NIRRIG_REPROD00000.asd;B4;CD202;NIRRIG;D03T;tarde;D03;NIRRIG;NIRRIG;0.834;True;0.2459466425117066;-1.6224710418019954;0.4208045557133484;1.2028575192531703;-1.4050540478541391
random_forest;por_genotipo;CD202;3;697;B4_CD202_NIRRIG_REPROD00001.asd;B4;CD202;NIRRIG;D03T;tarde;D03;NIRRIG;NIRRIG;0.87;True;0.246511468806397;-1.6240331217823325;0.420112210312955;1.2023217059055482;-1.4038430694310695
random_forest;por_genotipo;CD202;3;699;B4_CD202_NIRRIG_REPROD00003.asd;B4;CD202;NIRRIG;D03T;tarde;D03;NIRRIG;NIRRIG;0.978;True;0.251952654877532;-1.633100929464595;0.4150267212342653;1.1975210888955468;-1.400978771794674
random_forest;por_genotipo;CD202;3;832;B1_CD202_IRRIG_REPROD00000.asd;B1;CD202;IRRIG;D04M;manha;D04;IRRIG;IRRIG;0.006;True;0.1757319259638453;-1.344176317766714;0.4953450601293296;1.25673688587183;-1.5392489392485766
random_forest;por_genotipo;CD202;3;836;B1_CD202_IRRIG_REPROD00004.asd;B1;CD202;IRRIG;D04M;manha;D04;IRRIG;IRRIG;0.048;True;0.2240790973234865;-1.5452732695047882;0.424726200964464;1.1971964289988049;-1.4561634912856798
random_forest;por_genotipo;CD202;3;845;B1_CD202_NIRRIG_REPROD00005.asd;B1;CD202;NIRRIG;D04M;manha;D04;NIRRIG;NIRRIG;0.99;True;0.2067071551522034;-1.539757331582452;0.5476669080466953;1.2541702292695267;-1.4197521750523103
random_forest;por_genotipo;CD202;3;850;B2_CD202_IRRIG_REPROD00002.asd;B2;CD202;IRRIG;D04M;manha;D04;IRRIG;IRRIG;0.0;True;0.1954128355062027;-1.4148446859830903;0.3819397659266086;1.2439683137087332;-1.5007396904716968
random_forest;por_genotipo;CD202;3;856;B2_CD202_NIRRIG_REPROD00000.asd;B2;CD202;NIRRIG;D04M;manha;D04;NIRRIG;NIRRIG;0.724;True;0.1871530671612545;-1.5160165215860226;0.4725191143460081;1.2618484489380175;-1.446354967932027
random_forest;por_genotipo;CD202;3;871;B3_CD202_IRRIG_REPROD00007.asd;B3;CD202;IRRIG;D04M;manha;D04;IRRIG;IRRIG;0.008;True;0.1650139113782606;-1.2871329491212486;0.589550751397555;1.26290278191821;-1.5843232318891227
random_forest;por_genotipo;CD202;3;872;B3_CD202_NIRRIG_REPROD00000.asd;B3;CD202;NIRRIG;D04M;manha;D04;NIRRIG;NIRRIG;0.844;True;0.2317745444913649;-1.6049996816306478;0.4882521961639808;1.222044486880519;-1.4448786803529303
random_forest;por_genotipo;CD202;3;873;B3_CD202_NIRRIG_REPROD00001.asd;B3;CD202;NIRRIG;D04M;manha;D04;NIRRIG;NIRRIG;0.832;True;0.2333429094756537;-1.601738333835765;0.4858400063946645;1.21992709017393;-1.4445037594157848
random_forest;por_genotipo;CD202;3;881;B4_CD202_IRRIG_REPROD00001.asd;B4;CD202;IRRIG;D04M;manha;D04;IRRIG;IRRIG;0.0;True;0.1430675319617133;-1.305463037086265;0.3671076352413574;1.2848632344696618;-1.4955208751905378
random_forest;por_genotipo;CD202;3;887;B4_CD202_IRRIG_REPROD00007.asd;B4;CD202;IRRIG;D04M;manha;D04;IRRIG;IRRIG;0.054;True;0.1326812138037947;-1.335988824570551;0.4738565383648347;1.2919924087005603;-1.5035086122278452
random_forest;por_genotipo;CD202;3;888;B4_CD202_NIRRIG_REPROD00000.asd;B4;CD202;NIRRIG;D04M;manha;D04;NIRRIG;IRRIG;0.462;False;0.2174662623857579;-1.6268186624854466;0.4359552229451906;1.2070366703768431;-1.418487156442691
random_forest;por_genotipo;CD202;3;889;B4_CD202_NIRRIG_REPROD00001.asd;B4;CD202;NIRRIG;D04M;manha;D04;NIRRIG;NIRRIG;0.88;True;0.2278865984295589;-1.638511828285691;0.4294339917531276;1.198265887342419;-1.4164940256671257
random_forest;por_genotipo;CD202;3;891;B4_CD202_NIRRIG_REPROD00003.asd;B4;CD202;NIRRIG;D04M;manha;D04;NIRRIG;NIRRIG;0.896;True;0.2284425046684648;-1.63702449979084;0.4301884844877232;1.198055644554872;-1.4174260884471417
random_forest;por_genotipo;CD202;3;1024;B1_CD202_IRRIG_REPROD00000.asd;B1;CD202;IRRIG;D05M;manha;D05;IRRIG;IRRIG;0.0;True;0.1518387569772862;-1.3733562732665947;0.4936322181693368;1.2706818026102216;-1.503983762174122
random_forest;por_genotipo;CD202;3;1028;B1_CD202_IRRIG_REPROD00004.asd;B1;CD202;IRRIG;D05M;manha;D05;IRRIG;IRRIG;0.092;True;0.2465856575960734;-1.591873288415626;0.3980719255080383;1.1766290320981263;-1.4620794044232048
random_forest;por_genotipo;CD202;3;1037;B1_CD202_NIRRIG_REPROD00005.asd;B1;CD202;NIRRIG;D05M;manha;D05;NIRRIG;NIRRIG;0.996;True;0.1980587853022621;-1.5400072859487497;0.4858720015832159;1.254600578971803;-1.4177070033246852
random_forest;por_genotipo;CD202;3;1042;B2_CD202_IRRIG_REPROD00002.asd;B2;CD202;IRRIG;D05M;manha;D05;IRRIG;IRRIG;0.004;True;0.2174935480694666;-1.4380558544896005;0.4127132872997814;1.215503831444353;-1.5217133888221157
random_forest;por_genotipo;CD202;3;1048;B2_CD202_NIRRIG_REPROD00000.asd;B2;CD202;NIRRIG;D05M;manha;D05;NIRRIG;NIRRIG;0.988;True;0.2822013174222124;-1.7245492308622383;0.4769734143316961;1.1666182495771835;-1.4237581678262303
random_forest;por_genotipo;CD202;3;1063;B3_CD202_IRRIG_REPROD00007.asd;B3;CD202;IRRIG;D05M;manha;D05;IRRIG;IRRIG;0.014;True;0.2198210219384467;-1.482935939088128;0.4913059900328485;1.2045175706819988;-1.5306426214779676
random_forest;por_genotipo;CD202;3;1064;B3_CD202_NIRRIG_REPROD00000.asd;B3;CD202;NIRRIG;D05M;manha;D05;NIRRIG;NIRRIG;0.996;True;0.2831981512450172;-1.7155127095387757;0.4894204798294632;1.1770059295551047;-1.413621052906758
random_forest;por_genotipo;CD202;3;1065;B3_CD202_NIRRIG_REPROD00001.asd;B3;CD202;NIRRIG;D05M;manha;D05;NIRRIG;NIRRIG;0.994;True;0.2843326945384997;-1.7134385935935033;0.4891800607862791;1.1757056042850549;-1.411999086939811
random_forest;por_genotipo;CD202;3;1073;B4_CD202_IRRIG_REPROD00001.asd;B4;CD202;IRRIG;D05M;manha;D05;IRRIG;IRRIG;0.0;True;0.1695220530595001;-1.298061879151155;0.3642332803047077;1.2645243653740457;-1.5234744303447754
random_forest;por_genotipo;CD202;3;1079;B4_CD202_IRRIG_REPROD00007.asd;B4;CD202;IRRIG;D05M;manha;D05;IRRIG;IRRIG;0.0;True;0.2115423230526431;-1.360846943614395;0.3636155360489911;1.232475484207273;-1.5261304874961206
random_forest;por_genotipo;CD202;3;1080;B4_CD202_NIRRIG_REPROD00000.asd;B4;CD202;NIRRIG;D05M;manha;D05;NIRRIG;NIRRIG;1.0;True;0.2735107845704819;-1.7093104365881726;0.4357618086012272;1.173331922244365;-1.4092466636946812
random_forest;por_genotipo;CD202;3;1081;B4_CD202_NIRRIG_REPROD00001.asd;B4;CD202;NIRRIG;D05M;manha;D05;NIRRIG;NIRRIG;0.998;True;0.2758369248215097;-1.714695002028892;0.434055720560149;1.1701499892123708;-1.4063089718183317
random_forest;por_genotipo;CD202;3;1083;B4_CD202_NIRRIG_REPROD00003.asd;B4;CD202;NIRRIG;D05M;manha;D05;NIRRIG;NIRRIG;1.0;True;0.2801312741733314;-1.7282952052785827;0.4301544577232777;1.166341205560746;-1.4034327900459416
random_forest;por_genotipo;CD202;3;1216;B1_CD202_IRRIG_REPROD00000.asd;B1;CD202;IRRIG;D06M;manha;D06;IRRIG;IRRIG;0.0;True;0.1604894782952936;-1.3887139148064678;0.3407818668931667;1.278144121619371;-1.4645542091895831
random_forest;por_genotipo;CD202;3;1220;B1_CD202_IRRIG_REPROD00004.asd;B1;CD202;IRRIG;D06M;manha;D06;IRRIG;IRRIG;0.024;True;0.1313302703720887;-1.2935235914433445;0.326551015553381;1.3027267879766464;-1.470219481578473
random_forest;por_genotipo;CD202;3;1229;B1_CD202_NIRRIG_REPROD00005.asd;B1;CD202;NIRRIG;D06M;manha;D06;NIRRIG;NIRRIG;0.678;True;0.2348501936746326;-1.5906492349032753;0.3495104288097262;1.2355675064111131;-1.3745426268852123
random_forest;por_genotipo;CD202;3;1234;B2_CD202_IRRIG_REPROD00002.asd;B2;CD202;IRRIG;D06M;manha;D06;IRRIG;IRRIG;0.0;True;0.218876881765477;-1.443463226238981;0.3704732060035737;1.2163142692777251;-1.5159192810577962
random_forest;por_genotipo;CD202;3;1240;B2_CD202_NIRRIG_REPROD00000.asd;B2;CD202;NIRRIG;D06M;manha;D06;NIRRIG;NIRRIG;1.0;True;0.3083795305847407;-1.7206465375561444;0.2667490777532545;1.1641376087264912;-1.3611369494492658
random_forest;por_genotipo;CD202;3;1255;B3_CD202_IRRIG_REPROD00007.asd;B3;CD202;IRRIG;D06M;manha;D06;IRRIG;IRRIG;0.088;True;0.2282567625862931;-1.56991523119647;0.4765767827465152;1.2119789275645896;-1.481833504920001
random_forest;por_genotipo;CD202;3;1256;B3_CD202_NIRRIG_REPROD00000.asd;B3;CD202;NIRRIG;D06M;manha;D06;NIRRIG;NIRRIG;1.0;True;0.2847514542966307;-1.6480142308175574;0.3154547172881384;1.198934719355403;-1.3717745701560504
random_forest;por_genotipo;CD202;3;1257;B3_CD202_NIRRIG_REPROD00001.asd;B3;CD202;NIRRIG;D06M;manha;D06;NIRRIG;NIRRIG;0.998;True;0.2849891553638182;-1.649241988361088;0.3249094462445001;1.200284675799965;-1.3722984720878104
random_forest;por_genotipo;CD202;3;1265;B4_CD202_IRRIG_REPROD00001.asd;B4;CD202;IRRIG;D06M;manha;D06;IRRIG;IRRIG;0.0;True;0.1410679203921811;-1.279503902588902;0.3054690042132555;1.3007273263536725;-1.4653569320842632
random_forest;por_genotipo;CD202;3;1271;B4_CD202_IRRIG_REPROD00007.asd;B4;CD202;IRRIG;D06M;manha;D06;IRRIG;IRRIG;0.018;True;0.2078451328305276;-1.4546181140051666;0.2991539983113544;1.2508182905334126;-1.444860124907856
random_forest;por_genotipo;CD202;3;1272;B4_CD202_NIRRIG_REPROD00000.asd;B4;CD202;NIRRIG;D06M;manha;D06;NIRRIG;NIRRIG;0.912;True;0.2555376707817424;-1.6503937828159028;0.3026449022878648;1.2176995501495615;-1.3543132646971148
random_forest;por_genotipo;CD202;3;1273;B4_CD202_NIRRIG_REPROD00001.asd;B4;CD202;NIRRIG;D06M;manha;D06;NIRRIG;NIRRIG;0.916;True;0.2563708343256709;-1.6528597341553437;0.3054190421413553;1.217397417886;-1.35304723212587
random_forest;por_genotipo;CD202;3;1275;B4_CD202_NIRRIG_REPROD00003.asd;B4;CD202;NIRRIG;D06M;manha;D06;NIRRIG;NIRRIG;0.916;True;0.2600212524927172;-1.6624186195714006;0.3102536936684255;1.216534900218636;-1.349790003906063
random_forest;por_genotipo;CD202;3;1409;B1_CD202_IRR_REP_RECUP00001.asd;B1;CD202;IRRIG;D09M;manha;D09;IRRIG;IRRIG;0.0;True;0.1310640906868055;-1.2562782009485642;0.2565611682443935;1.2943340070058067;-1.4432542005418965
random_forest;por_genotipo;CD202;3;1411;B1_CD202_IRR_REP_RECUP00003.asd;B1;CD202;IRRIG;D09M;manha;D09;IRRIG;IRRIG;0.002;True;0.1323925060479331;-1.2624853920673278;0.2624673593920646;1.2930675391351862;-1.445452477651608
random_forest;por_genotipo;CD202;3;1415;B1_CD202_IRR_REP_RECUP00007.asd;B1;CD202;IRRIG;D09M;manha;D09;IRRIG;IRRIG;0.004;True;0.1833832085444952;-1.3614438492513363;0.2088813988657721;1.241636746095745;-1.429003409808799
random_forest;por_genotipo;CD202;3;1416;B1_CD202_IRR_REP_RECUP00008.asd;B1;CD202;IRRIG;D09M;manha;D09;IRRIG;IRRIG;0.0;True;0.1820213041094555;-1.3574991289979867;0.221392919417876;1.2450157684000065;-1.43684405778748
random_forest;por_genotipo;CD202;3;1425;B1_CD202_NIRR_REP_RECUP00005.asd;B1;CD202;NIRRIG;D09M;manha;D09;NIRRIG;NIRRIG;1.0;True;0.2828991412361737;-1.714392928299421;0.3697726595821028;1.1653518017678364;-1.359161429673581
random_forest;por_genotipo;CD202;3;1430;B2_CD202_IRR_REP_RECUP00002.asd;B2;CD202;IRRIG;D09M;manha;D09;IRRIG;IRRIG;0.032;True;0.1993241299531949;-1.534160904953485;0.4095869469868605;1.2242913788899243;-1.455921750795684
random_forest;por_genotipo;CD202;3;1435;B2_CD202_IRR_REP_RECUP00007.asd;B2;CD202;IRRIG;D09M;manha;D09;IRRIG;IRRIG;0.07;True;0.2121740244240223;-1.5291619993622312;0.3934653742072227;1.2225837127205503;-1.4636461290550062
random_forest;por_genotipo;CD202;3;1436;B2_CD202_NIRR_REP_RECUP00000.asd;B2;CD202;NIRRIG;D09M;manha;D09;NIRRIG;NIRRIG;0.982;True;0.2953975171298486;-1.755356876535324;0.3394082709176309;1.1616471252755876;-1.3846333959673054
random_forest;por_genotipo;CD202;3;1439;B2_CD202_NIRR_REP_RECUP00003.asd;B2;CD202;NIRRIG;D09M;manha;D09;NIRRIG;NIRRIG;1.0;True;0.3134257009107419;-1.7820060990937254;0.3388058107394437;1.150054507599548;-1.3709725611127548
random_forest;por_genotipo;CD202;3;1443;B2_CD202_NIRR_REP_RECUP00007.asd;B2;CD202;NIRRIG;D09M;manha;D09;NIRRIG;NIRRIG;0.992;True;0.2581018725967777;-1.7303972422082214;0.3655216096521247;1.195630489080083;-1.3691413069995446
random_forest;por_genotipo;CD202;3;1459;B3_CD202_NIRR_REP_RECUP00007.asd;B3;CD202;NIRRIG;D09M;manha;D09;NIRRIG;NIRRIG;1.0;True;0.3139115529044666;-1.7828579986071726;0.30526242914872;1.135579096026586;-1.3062900663281647
random_forest;por_genotipo;CD202;3;1460;B4_CD202_IRR_REP_RECUP00000.asd;B4;CD202;IRRIG;D09M;manha;D09;IRRIG;IRRIG;0.024;True;0.2150411630649597;-1.4954159464286012;0.3391885445136436;1.2285896406994177;-1.4496804819359286
random_forest;por_genotipo;CD202;3;1467;B4_CD202_IRR_REP_RECUP00007.asd;B4;CD202;IRRIG;D09M;manha;D09;IRRIG;IRRIG;0.016;True;0.1760634029111612;-1.4762999105129708;0.3195527419885678;1.2604203127367115;-1.4057690394345943
random_forest;por_genotipo;CD202;3;1473;B4_CD202_NIRR_REP_RECUP00005.asd;B4;CD202;NIRRIG;D09M;manha;D09;NIRRIG;NIRRIG;0.998;True;0.3244654049149695;-1.7128195078356965;0.3488029228363256;1.1519045743301135;-1.3855176462680867
random_forest;por_genotipo;CD202;3;1605;B1_CD202_IRR_REP_RECUP00001.asd;B1;CD202;IRRIG;D09T;tarde;D09;IRRIG;IRRIG;0.002;True;0.1500683964248003;-1.2846821758467284;0.3723924758496272;1.2830063231251063;-1.4690857212319115
random_forest;por_genotipo;CD202;3;1607;B1_CD202_IRR_REP_RECUP00003.asd;B1;CD202;IRRIG;D09T;tarde;D09;IRRIG;IRRIG;0.0;True;0.1494752097194335;-1.2688429862203046;0.3769374949953548;1.2835487900080111;-1.4761240999018927
random_forest;por_genotipo;CD202;3;1611;B1_CD202_IRR_REP_RECUP00007.asd;B1;CD202;IRRIG;D09T;tarde;D09;IRRIG;IRRIG;0.018;True;0.1466679973725;-1.3845998947420153;0.2803482730440325;1.288890093327069;-1.3921505151899491
random_forest;por_genotipo;CD202;3;1617;B1_CD202_NIRR_REP_RECUP00005.asd;B1;CD202;NIRRIG;D09T;tarde;D09;NIRRIG;NIRRIG;0.99;True;0.2767891486623153;-1.6463486851200724;0.342508812909826;1.177479754453466;-1.4002478868209345
random_forest;por_genotipo;CD202;3;1622;B2_CD202_IRR_REP_RECUP00002.asd;B2;CD202;IRRIG;D09T;tarde;D09;IRRIG;IRRIG;0.088;True;0.2389829866018639;-1.5893691831630985;0.3679260269711685;1.1944569356307104;-1.4320311069330576
random_forest;por_genotipo;CD202;3;1627;B2_CD202_IRR_REP_RECUP00007.asd;B2;CD202;IRRIG;D09T;tarde;D09;IRRIG;IRRIG;0.15;True;0.2631112182293846;-1.567113548713809;0.3952898423837919;1.1660056845447844;-1.4789019720594547
random_forest;por_genotipo;CD202;3;1628;B2_CD202_NIRR_REP_RECUP00000.asd;B2;CD202;NIRRIG;D09T;tarde;D09;NIRRIG;NIRRIG;0.84;True;0.2129844683944158;-1.5758560679862363;0.4939172892541088;1.2417515386196587;-1.412513067907619
random_forest;por_genotipo;CD202;3;1631;B2_CD202_NIRR_REP_RECUP00003.asd;B2;CD202;NIRRIG;D09T;tarde;D09;NIRRIG;NIRRIG;0.87;True;0.2133015350220867;-1.5668334465296008;0.5107647559622281;1.2435246581810069;-1.420699704857897
random_forest;por_genotipo;CD202;3;1635;B2_CD202_NIRR_REP_RECUP00007.asd;B2;CD202;NIRRIG;D09T;tarde;D09;NIRRIG;NIRRIG;1.0;True;0.2712701431915268;-1.6669995130137714;0.4145130491342226;1.1797288692930328;-1.403427518892156
random_forest;por_genotipo;CD202;3;1651;B3_CD202_NIRR_REP_RECUP00007.asd;B3;CD202;NIRRIG;D09T;tarde;D09;NIRRIG;NIRRIG;0.976;True;0.3121748341084998;-1.689754404519763;0.3556402808496482;1.150542087146894;-1.395425501336184
random_forest;por_genotipo;CD202;3;1652;B4_CD202_IRR_REP_RECUP00000.asd;B4;CD202;IRRIG;D09T;tarde;D09;IRRIG;IRRIG;0.15;True;0.2271688041072496;-1.5506716267371032;0.3228438509502657;1.228279875092307;-1.3734749794381578
random_forest;por_genotipo;CD202;3;1659;B4_CD202_IRR_REP_RECUP00007.asd;B4;CD202;IRRIG;D09T;tarde;D09;IRRIG;IRRIG;0.116;True;0.2090530450649108;-1.554037133887563;0.3561478371925111;1.238603931641487;-1.3579197264389016
random_forest;por_genotipo;CD202;3;1665;B4_CD202_NIRR_REP_RECUP00005.asd;B4;CD202;NIRRIG;D09T;tarde;D09;NIRRIG;NIRRIG;0.742;True;0.2413472899057302;-1.5778497472682338;0.4283095024441204;1.2186466706157055;-1.3994243327922486
random_forest;por_genotipo;CD202;3;1749;B1_CD202_IRR_REP_RECUP00001.asd;B1;CD202;IRRIG;D10M;manha;D10;IRRIG;IRRIG;0.0;True;0.1659991572028684;-1.3165569848537595;0.3107075900856194;1.2698454272182438;-1.4618857490151973
random_forest;por_genotipo;CD202;3;1751;B1_CD202_IRR_REP_RECUP00003.asd;B1;CD202;IRRIG;D10M;manha;D10;IRRIG;IRRIG;0.002;True;0.1657569801667647;-1.2964120446719831;0.3189701772639873;1.2725484513293457;-1.4743350538215585
random_forest;por_genotipo;CD202;3;1755;B1_CD202_IRR_REP_RECUP00007.asd;B1;CD202;IRRIG;D10M;manha;D10;IRRIG;IRRIG;0.0;True;0.1359599282830349;-1.265419973453468;0.3153381184793625;1.290428653367017;-1.4640264091629211
random_forest;por_genotipo;CD202;3;1761;B1_CD202_NIRR_REP_RECUP00005.asd;B1;CD202;NIRRIG;D10M;manha;D10;NIRRIG;NIRRIG;0.942;True;0.1891814900348782;-1.5389123906422904;0.4747796236770483;1.247209403904418;-1.4104989847895348
random_forest;por_genotipo;CD202;3;1798;B2_CD202_IRR_REP_RECUP00002.asd;B2;CD202;IRRIG;D10M;manha;D10;IRRIG;IRRIG;0.052;True;0.2337178927370214;-1.516953899472301;0.3830906675515815;1.202056683394612;-1.4681704329804512
random_forest;por_genotipo;CD202;3;1803;B2_CD202_IRR_REP_RECUP00007.asd;B2;CD202;IRRIG;D10M;manha;D10;IRRIG;IRRIG;0.0;True;0.2177415020548486;-1.4197280112514383;0.3916648616958588;1.210230610997577;-1.5117764300470726
random_forest;por_genotipo;CD202;3;1859;B3_CD202_NIRR_REP_RECUP00007.asd;B3;CD202;NIRRIG;D10M;manha;D10;NIRRIG;NIRRIG;0.762;True;0.2552099811693578;-1.5712480684919232;0.3899310966891948;1.2057578299328695;-1.4126844383038442
random_forest;por_genotipo;CD202;3;1892;B4_CD202_IRR_REP_RECUP00000.asd;B4;CD202;IRRIG;D10M;manha;D10;IRRIG;IRRIG;0.01;True;0.1758845275484309;-1.4938322958866614;0.3440644972817465;1.2764314326731216;-1.372298492873785
random_forest;por_genotipo;CD202;3;1899;B4_CD202_IRR_REP_RECUP00007.asd;B4;CD202;IRRIG;D10M;manha;D10;IRRIG;IRRIG;0.006;True;0.2060528898802079;-1.4995952827452823;0.3178840179869395;1.244855219950782;-1.4005232332667488
random_forest;por_genotipo;CD202;3;1905;B4_CD202_NIRR_REP_RECUP00005.asd;B4;CD202;NIRRIG;D10M;manha;D10;NIRRIG;NIRRIG;0.854;True;0.2253330590514241;-1.5713755823069984;0.4874068279194644;1.2335144459331893;-1.420433514198488
random_forest;por_genotipo;CD202;4;70;B1_CD202_IRRIG_REPROD00006.asd;B1;CD202;IRRIG;D02M;manha;D02;IRRIG;IRRIG;0.204;True;0.2200914478467842;-1.6068528343137891;0.4010520811283791;1.1994569936581472;-1.4158237292646745
random_forest;por_genotipo;CD202;4;71;B1_CD202_IRRIG_REPROD00007.asd;B1;CD202;IRRIG;D02M;manha;D02;IRRIG;IRRIG;0.148;True;0.2220494667389943;-1.6117671943302807;0.3974480563740116;1.1957258852580748;-1.415970420795874
random_forest;por_genotipo;CD202;4;73;B1_CD202_NIRRIG_REPROD00001.asd;B1;CD202;NIRRIG;D02M;manha;D02;NIRRIG;NIRRIG;0.904;True;0.291680863169504;-1.7298526673945696;0.3060104102298499;1.1261281579656923;-1.3986752234295734
random_forest;por_genotipo;CD202;4;78;B1_CD202_NIRRIG_REPROD00006.asd;B1;CD202;NIRRIG;D02M;manha;D02;NIRRIG;NIRRIG;0.778;True;0.19578876760601;-1.5279740617893316;0.435394003651291;1.2420573332503366;-1.4197674027005214
random_forest;por_genotipo;CD202;4;84;B2_CD202_IRRIG_REPROD00004.asd;B2;CD202;IRRIG;D02M;manha;D02;IRRIG;IRRIG;0.25;True;0.1936545597381726;-1.5969155487832487;0.4515254566678542;1.229307179893838;-1.4141458580767805
random_forest;por_genotipo;CD202;4;86;B2_CD202_IRRIG_REPROD00006.asd;B2;CD202;IRRIG;D02M;manha;D02;IRRIG;IRRIG;0.098;True;0.1903441696520278;-1.6035073449561643;0.4570137070480654;1.2313946949450505;-1.4143120029561895
random_forest;por_genotipo;CD202;4;89;B2_CD202_NIRRIG_REPROD00001.asd;B2;CD202;NIRRIG;D02M;manha;D02;NIRRIG;IRRIG;0.484;False;0.2090093503616769;-1.5288231337448015;0.3331759361485127;1.212816457117907;-1.4680645701336268
random_forest;por_genotipo;CD202;4;91;B2_CD202_NIRRIG_REPROD00003.asd;B2;CD202;NIRRIG;D02M;manha;D02;NIRRIG;NIRRIG;0.578;True;0.210134531223502;-1.531947137274874;0.335489337345234;1.2117544633876784;-1.470413903559202
random_forest;por_genotipo;CD202;4;93;B2_CD202_NIRRIG_REPROD00005.asd;B2;CD202;NIRRIG;D02M;manha;D02;NIRRIG;NIRRIG;0.662;True;0.2198138779802522;-1.5877346817174771;0.4271703024921217;1.2222372668701782;-1.4155796950972122
random_forest;por_genotipo;CD202;4;96;B3_CD202_IRRIG_REPROD00000.asd;B3;CD202;IRRIG;D02M;manha;D02;IRRIG;IRRIG;0.006;True;0.1971361755202481;-1.553402086488386;0.4633127443120071;1.2062382689440712;-1.4733937959788417
random_forest;por_genotipo;CD202;4;110;B3_CD202_NIRRIG_REPROD00006.asd;B3;CD202;NIRRIG;D02M;manha;D02;NIRRIG;NIRRIG;1.0;True;0.2848830814253186;-1.721322099047388;0.3028600468926986;1.1292025361170022;-1.412712691372177
random_forest;por_genotipo;CD202;4;114;B4_CD202_IRRIG_REPROD00002.asd;B4;CD202;IRRIG;D02M;manha;D02;IRRIG;IRRIG;0.096;True;0.2059269576515288;-1.5160936618306864;0.3426298214654504;1.235211913676779;-1.4331679958731838
random_forest;por_genotipo;CD202;4;262;B1_CD202_IRRIG_REPROD00006.asd;B1;CD202;IRRIG;D02T;tarde;D02;IRRIG;NIRRIG;0.614;False;0.2922158708190189;-1.68361708515811;0.3780885973747419;1.1620606818809651;-1.3976805481496817
random_forest;por_genotipo;CD202;4;263;B1_CD202_IRRIG_REPROD00007.asd;B1;CD202;IRRIG;D02T;tarde;D02;IRRIG;NIRRIG;0.694;False;0.2914727864110059;-1.682636109199714;0.3778715166706345;1.1618504484296035;-1.3997102687051064
random_forest;por_genotipo;CD202;4;265;B1_CD202_NIRRIG_REPROD00001.asd;B1;CD202;NIRRIG;D02T;tarde;D02;NIRRIG;NIRRIG;1.0;True;0.333754437938284;-1.824017145668563;0.3432510167623085;1.1138861006209937;-1.3372297984457353
random_forest;por_genotipo;CD202;4;270;B1_CD202_NIRRIG_REPROD00006.asd;B1;CD202;NIRRIG;D02T;tarde;D02;NIRRIG;NIRRIG;0.912;True;0.2426125945692477;-1.5906168219898231;0.4116450687509017;1.2329451281150752;-1.3908846717305383
random_forest;por_genotipo;CD202;4;276;B2_CD202_IRRIG_REPROD00004.asd;B2;CD202;IRRIG;D02T;tarde;D02;IRRIG;IRRIG;0.182;True;0.1491599474507795;-1.5555931508762793;0.5078035903116866;1.2829591842519978;-1.3720762922201335
random_forest;por_genotipo;CD202;4;278;B2_CD202_IRRIG_REPROD00006.asd;B2;CD202;IRRIG;D02T;tarde;D02;IRRIG;IRRIG;0.108;True;0.1482915528649422;-1.5580393922310791;0.5084157497115304;1.28326299178337;-1.3686557652378415
random_forest;por_genotipo;CD202;4;281;B2_CD202_NIRRIG_REPROD00001.asd;B2;CD202;NIRRIG;D02T;tarde;D02;NIRRIG;NIRRIG;0.982;True;0.2546353746004919;-1.6167212597749157;0.3551080551668724;1.229978021224988;-1.394160120224868
random_forest;por_genotipo;CD202;4;283;B2_CD202_NIRRIG_REPROD00003.asd;B2;CD202;NIRRIG;D02T;tarde;D02;NIRRIG;NIRRIG;0.968;True;0.2584709633859955;-1.6210496598448698;0.3503299963149841;1.2241106798563663;-1.395794387009207
random_forest;por_genotipo;CD202;4;285;B2_CD202_NIRRIG_REPROD00005.asd;B2;CD202;NIRRIG;D02T;tarde;D02;NIRRIG;NIRRIG;0.994;True;0.2817818283325835;-1.6773903810285486;0.4254214496300263;1.2083824299738182;-1.3889925245371832
random_forest;por_genotipo;CD202;4;288;B3_CD202_IRRIG_REPROD00000.asd;B3;CD202;IRRIG;D02T;tarde;D02;IRRIG;IRRIG;0.012;True;0.1709680486076734;-1.5468109348874883;0.5363035136804527;1.2394871027417056;-1.4505720668275657
random_forest;por_genotipo;CD202;4;302;B3_CD202_NIRRIG_REPROD00006.asd;B3;CD202;NIRRIG;D02T;tarde;D02;NIRRIG;NIRRIG;1.0;True;0.3013897943231278;-1.7944424378395802;0.36148959436885;1.150342322079153;-1.3240022779229552
random_forest;por_genotipo;CD202;4;306;B4_CD202_IRRIG_REPROD00002.asd;B4;CD202;IRRIG;D02T;tarde;D02;IRRIG;IRRIG;0.082;True;0.2420370790858777;-1.55277802174326;0.3277415391168449;1.2326314483418166;-1.367130751077852
random_forest;por_genotipo;CD202;4;454;B1_CD202_IRRIG_REPROD00006.asd;B1;CD202;IRRIG;D03M;manha;D03;IRRIG;IRRIG;0.174;True;0.1993732605745877;-1.609599184067884;0.4635342058842889;1.20355772642253;-1.4300752199379798
random_forest;por_genotipo;CD202;4;455;B1_CD202_IRRIG_REPROD00007.asd;B1;CD202;IRRIG;D03M;manha;D03;IRRIG;IRRIG;0.188;True;0.1984392136423595;-1.6070393058939818;0.4655890152731092;1.2051565328402387;-1.4322497089857322
random_forest;por_genotipo;CD202;4;457;B1_CD202_NIRRIG_REPROD00001.asd;B1;CD202;NIRRIG;D03M;manha;D03;NIRRIG;NIRRIG;0.892;True;0.1653629348967132;-1.5375004788192976;0.4619159823340418;1.2812987315554134;-1.37633313639543
random_forest;por_genotipo;CD202;4;462;B1_CD202_NIRRIG_REPROD00006.asd;B1;CD202;NIRRIG;D03M;manha;D03;NIRRIG;NIRRIG;0.998;True;0.2826486467222949;-1.7572182768395654;0.4193678514757537;1.1633435964077763;-1.3490073467632997
random_forest;por_genotipo;CD202;4;468;B2_CD202_IRRIG_REPROD00004.asd;B2;CD202;IRRIG;D03M;manha;D03;IRRIG;IRRIG;0.03;True;0.2126567120909711;-1.5264153734801686;0.3504714606167272;1.2074319757383745;-1.4509830240768635
random_forest;por_genotipo;CD202;4;470;B2_CD202_IRRIG_REPROD00006.asd;B2;CD202;IRRIG;D03M;manha;D03;IRRIG;IRRIG;0.016;True;0.213111185848993;-1.5226419358881869;0.3522560857234541;1.2080835924570887;-1.454133711151096
random_forest;por_genotipo;CD202;4;473;B2_CD202_NIRRIG_REPROD00001.asd;B2;CD202;NIRRIG;D03M;manha;D03;NIRRIG;NIRRIG;0.994;True;0.2968073814277654;-1.7483365435812497;0.4089155731224173;1.1687851087258492;-1.3849025229654512
random_forest;por_genotipo;CD202;4;475;B2_CD202_NIRRIG_REPROD00003.asd;B2;CD202;NIRRIG;D03M;manha;D03;NIRRIG;NIRRIG;0.98;True;0.2994532706724851;-1.7611341131911116;0.4068626649853617;1.1651142881450165;-1.3829051638102363
random_forest;por_genotipo;CD202;4;477;B2_CD202_NIRRIG_REPROD00005.asd;B2;CD202;NIRRIG;D03M;manha;D03;NIRRIG;NIRRIG;1.0;True;0.2683687923637193;-1.6482652740608088;0.3731666945421828;1.2019731223418464;-1.3754861463084134
random_forest;por_genotipo;CD202;4;480;B3_CD202_IRRIG_REPROD00000.asd;B3;CD202;IRRIG;D03M;manha;D03;IRRIG;IRRIG;0.004;True;0.1878892443431837;-1.5062199994268717;0.54509286812361;1.21723284348269;-1.5044238673747417
random_forest;por_genotipo;CD202;4;494;B3_CD202_NIRRIG_REPROD00006.asd;B3;CD202;NIRRIG;D03M;manha;D03;NIRRIG;NIRRIG;1.0;True;0.3457141872723782;-1.9511529892121;0.4361867339118276;1.0964150429608674;-1.3078705406123543
random_forest;por_genotipo;CD202;4;498;B4_CD202_IRRIG_REPROD00002.asd;B4;CD202;IRRIG;D03M;manha;D03;IRRIG;IRRIG;0.002;True;0.1918478279984688;-1.4311796638226364;0.3800448498543595;1.2369174426524283;-1.45935336876258
random_forest;por_genotipo;CD202;4;646;B1_CD202_IRRIG_REPROD00006.asd;B1;CD202;IRRIG;D03T;tarde;D03;IRRIG;IRRIG;0.256;True;0.1831908575964557;-1.518468716844486;0.5143513427254728;1.2612832888381764;-1.444236412731957
random_forest;por_genotipo;CD202;4;647;B1_CD202_IRRIG_REPROD00007.asd;B1;CD202;IRRIG;D03T;tarde;D03;IRRIG;IRRIG;0.24;True;0.1817955106446824;-1.5180077216476842;0.5153206208010084;1.261235388979691;-1.443508472553772
random_forest;por_genotipo;CD202;4;649;B1_CD202_NIRRIG_REPROD00001.asd;B1;CD202;NIRRIG;D03T;tarde;D03;NIRRIG;NIRRIG;0.864;True;0.1773743102038218;-1.4610411041525844;0.5586487986266069;1.2894118322238957;-1.4239809198954412
random_forest;por_genotipo;CD202;4;654;B1_CD202_NIRRIG_REPROD00006.asd;B1;CD202;NIRRIG;D03T;tarde;D03;NIRRIG;NIRRIG;0.996;True;0.286608888791916;-1.686175617294471;0.4288848653283622;1.1746210198132585;-1.4021909628157787
random_forest;por_genotipo;CD202;4;660;B2_CD202_IRRIG_REPROD00004.asd;B2;CD202;IRRIG;D03T;tarde;D03;IRRIG;IRRIG;0.002;True;0.1968136401548461;-1.4091420750663677;0.4112463401933627;1.23781081448802;-1.501437504894242
random_forest;por_genotipo;CD202;4;662;B2_CD202_IRRIG_REPROD00006.asd;B2;CD202;IRRIG;D03T;tarde;D03;IRRIG;IRRIG;0.01;True;0.1907838202429535;-1.391845556165047;0.4220294856112683;1.2450514777692905;-1.5109020404682496
random_forest;por_genotipo;CD202;4;665;B2_CD202_NIRRIG_REPROD00001.asd;B2;CD202;NIRRIG;D03T;tarde;D03;NIRRIG;NIRRIG;0.734;True;0.2131079593843533;-1.5802744115366736;0.5757141654067095;1.2479798111399163;-1.4555331346145757
random_forest;por_genotipo;CD202;4;667;B2_CD202_NIRRIG_REPROD00003.asd;B2;CD202;NIRRIG;D03T;tarde;D03;NIRRIG;NIRRIG;0.626;True;0.2160719209944694;-1.5892376704038185;0.5713842790764975;1.2439438672579064;-1.4546588332924673
random_forest;por_genotipo;CD202;4;669;B2_CD202_NIRRIG_REPROD00005.asd;B2;CD202;NIRRIG;D03T;tarde;D03;NIRRIG;NIRRIG;0.97;True;0.1965245082831962;-1.5913474707961903;0.6414412511062585;1.2475347371100534;-1.4168141086140784
random_forest;por_genotipo;CD202;4;672;B3_CD202_IRRIG_REPROD00000.asd;B3;CD202;IRRIG;D03T;tarde;D03;IRRIG;IRRIG;0.08;True;0.2062051570501886;-1.555577097977929;0.6187919663116163;1.2425327800264383;-1.4565387722420446
random_forest;por_genotipo;CD202;4;686;B3_CD202_NIRRIG_REPROD00006.asd;B3;CD202;NIRRIG;D03T;tarde;D03;NIRRIG;NIRRIG;1.0;True;0.3311395597394838;-1.812106247543284;0.4841145158750381;1.1342489984950332;-1.4020157001831797
random_forest;por_genotipo;CD202;4;690;B4_CD202_IRRIG_REPROD00002.asd;B4;CD202;IRRIG;D03T;tarde;D03;IRRIG;IRRIG;0.0;True;0.1747194558354992;-1.414131216106437;0.3797298515198213;1.2507668367659015;-1.4707477386767744
random_forest;por_genotipo;CD202;4;838;B1_CD202_IRRIG_REPROD00006.asd;B1;CD202;IRRIG;D04M;manha;D04;IRRIG;IRRIG;0.088;True;0.2208259380403056;-1.519764781993583;0.4355030298703892;1.203158478422679;-1.4705070722395177
random_forest;por_genotipo;CD202;4;839;B1_CD202_IRRIG_REPROD00007.asd;B1;CD202;IRRIG;D04M;manha;D04;IRRIG;IRRIG;0.134;True;0.2202988034334499;-1.5129248034945533;0.4396430412334598;1.2057891142740529;-1.4768313976635823
random_forest;por_genotipo;CD202;4;841;B1_CD202_NIRRIG_REPROD00001.asd;B1;CD202;NIRRIG;D04M;manha;D04;NIRRIG;NIRRIG;0.992;True;0.2638959018210876;-1.687801289400772;0.4106402863715112;1.159749469738855;-1.4057499418014816
random_forest;por_genotipo;CD202;4;846;B1_CD202_NIRRIG_REPROD00006.asd;B1;CD202;NIRRIG;D04M;manha;D04;NIRRIG;NIRRIG;0.984;True;0.207190973181655;-1.5427955255334351;0.5479489779587572;1.254158700134173;-1.420219436133649
random_forest;por_genotipo;CD202;4;852;B2_CD202_IRRIG_REPROD00004.asd;B2;CD202;IRRIG;D04M;manha;D04;IRRIG;IRRIG;0.234;True;0.1869083425421209;-1.614496388404286;0.547540470703063;1.2386422761757585;-1.444620657749556
random_forest;por_genotipo;CD202;4;854;B2_CD202_IRRIG_REPROD00006.asd;B2;CD202;IRRIG;D04M;manha;D04;IRRIG;IRRIG;0.076;True;0.191782956574418;-1.612138341801256;0.5555064138242323;1.234096268245105;-1.450245939512102
random_forest;por_genotipo;CD202;4;857;B2_CD202_NIRRIG_REPROD00001.asd;B2;CD202;NIRRIG;D04M;manha;D04;NIRRIG;NIRRIG;0.608;True;0.1855490437368905;-1.5150890375209294;0.4733061901372577;1.263200623174119;-1.447216247981173
random_forest;por_genotipo;CD202;4;859;B2_CD202_NIRRIG_REPROD00003.asd;B2;CD202;NIRRIG;D04M;manha;D04;NIRRIG;NIRRIG;0.502;True;0.1840070714420201;-1.5200121206345103;0.4718113735262637;1.262657556195684;-1.4469610261122587
random_forest;por_genotipo;CD202;4;861;B2_CD202_NIRRIG_REPROD00005.asd;B2;CD202;NIRRIG;D04M;manha;D04;NIRRIG;NIRRIG;0.95;True;0.1906338473148767;-1.5314578870853297;0.4392901867660841;1.2637267381729504;-1.4240111853165611
random_forest;por_genotipo;CD202;4;864;B3_CD202_IRRIG_REPROD00000.asd;B3;CD202;IRRIG;D04M;manha;D04;IRRIG;IRRIG;0.0;True;0.1534611336184408;-1.3543677863608237;0.5787504271408055;1.2646281615038617;-1.54782498938108
random_forest;por_genotipo;CD202;4;878;B3_CD202_NIRRIG_REPROD00006.asd;B3;CD202;NIRRIG;D04M;manha;D04;NIRRIG;NIRRIG;0.958;True;0.2530445098797968;-1.6774992819802106;0.5717776683724052;1.1897441536290383;-1.45694398725565
random_forest;por_genotipo;CD202;4;882;B4_CD202_IRRIG_REPROD00002.asd;B4;CD202;IRRIG;D04M;manha;D04;IRRIG;IRRIG;0.0;True;0.1461745316636048;-1.3007526403022345;0.3700074489211005;1.2822497307114211;-1.4993053252462545
random_forest;por_genotipo;CD202;4;1030;B1_CD202_IRRIG_REPROD00006.asd;B1;CD202;IRRIG;D05M;manha;D05;IRRIG;IRRIG;0.094;True;0.2451575408875879;-1.585547749777043;0.4022749955411275;1.1783398121212378;-1.4689900686863195
random_forest;por_genotipo;CD202;4;1031;B1_CD202_IRRIG_REPROD00007.asd;B1;CD202;IRRIG;D05M;manha;D05;IRRIG;IRRIG;0.088;True;0.2455945707491385;-1.58012100334202;0.4030891211916216;1.178993315898102;-1.4721973015716372
random_forest;por_genotipo;CD202;4;1033;B1_CD202_NIRRIG_REPROD00001.asd;B1;CD202;NIRRIG;D05M;manha;D05;NIRRIG;NIRRIG;1.0;True;0.2983578424445309;-1.7692304493296471;0.4138952079072914;1.1506051621529574;-1.369831674462111
random_forest;por_genotipo;CD202;4;1038;B1_CD202_NIRRIG_REPROD00006.asd;B1;CD202;NIRRIG;D05M;manha;D05;NIRRIG;NIRRIG;1.0;True;0.2031332194703689;-1.5452143780890004;0.4820938825698063;1.2505530116558663;-1.4180719959896866
random_forest;por_genotipo;CD202;4;1044;B2_CD202_IRRIG_REPROD00004.asd;B2;CD202;IRRIG;D05M;manha;D05;IRRIG;IRRIG;0.016;True;0.2075936282272626;-1.4721878550268463;0.3608662294076088;1.2116912810875418;-1.4806548830228707
random_forest;por_genotipo;CD202;4;1046;B2_CD202_IRRIG_REPROD00006.asd;B2;CD202;IRRIG;D05M;manha;D05;IRRIG;IRRIG;0.008;True;0.2026104680329207;-1.4429747692559072;0.3742975634793496;1.2200375980315656;-1.494531421930701
random_forest;por_genotipo;CD202;4;1049;B2_CD202_NIRRIG_REPROD00001.asd;B2;CD202;NIRRIG;D05M;manha;D05;NIRRIG;NIRRIG;0.978;True;0.2856434814049615;-1.732621426288549;0.4732814314903381;1.1629586407728048;-1.4207377400309495
random_forest;por_genotipo;CD202;4;1051;B2_CD202_NIRRIG_REPROD00003.asd;B2;CD202;NIRRIG;D05M;manha;D05;NIRRIG;NIRRIG;0.95;True;0.2905106020189772;-1.7440171829574744;0.4685933181693353;1.1582281470699065;-1.4167967743792107
random_forest;por_genotipo;CD202;4;1053;B2_CD202_NIRRIG_REPROD00005.asd;B2;CD202;NIRRIG;D05M;manha;D05;NIRRIG;NIRRIG;1.0;True;0.2930586797042706;-1.716033664820831;0.2874769743261277;1.1532241017974332;-1.388645299368003
random_forest;por_genotipo;CD202;4;1056;B3_CD202_IRRIG_REPROD00000.asd;B3;CD202;IRRIG;D05M;manha;D05;IRRIG;IRRIG;0.01;True;0.1275649405019149;-1.329565342818609;0.6619027932783268;1.2875619804643663;-1.5377965970858023
random_forest;por_genotipo;CD202;4;1070;B3_CD202_NIRRIG_REPROD00006.asd;B3;CD202;NIRRIG;D05M;manha;D05;NIRRIG;NIRRIG;0.972;True;0.277376418440405;-1.6708888707781049;0.5488175639464058;1.1976067527321137;-1.413139741183597
random_forest;por_genotipo;CD202;4;1074;B4_CD202_IRRIG_REPROD00002.asd;B4;CD202;IRRIG;D05M;manha;D05;IRRIG;IRRIG;0.0;True;0.1676891654328877;-1.2858319381057426;0.3706832728430432;1.2670368402557015;-1.5289315799067846
random_forest;por_genotipo;CD202;4;1222;B1_CD202_IRRIG_REPROD00006.asd;B1;CD202;IRRIG;D06M;manha;D06;IRRIG;IRRIG;0.022;True;0.1323159860006299;-1.2834044159557263;0.3353292053767109;1.3046090423270764;-1.4799841605147166
random_forest;por_genotipo;CD202;4;1223;B1_CD202_IRRIG_REPROD00007.asd;B1;CD202;IRRIG;D06M;manha;D06;IRRIG;IRRIG;0.0;True;0.1292462946326835;-1.269749164434853;0.3432830046444856;1.3084962374979028;-1.4865660925310245
random_forest;por_genotipo;CD202;4;1225;B1_CD202_NIRRIG_REPROD00001.asd;B1;CD202;NIRRIG;D06M;manha;D06;NIRRIG;NIRRIG;0.988;True;0.2503266653302559;-1.693076002105986;0.3912944507827521;1.2100624006244374;-1.3952923819042682
random_forest;por_genotipo;CD202;4;1230;B1_CD202_NIRRIG_REPROD00006.asd;B1;CD202;NIRRIG;D06M;manha;D06;NIRRIG;NIRRIG;0.674;True;0.238565195980445;-1.5982755250245173;0.3477802269423317;1.2320417115577391;-1.3730411903259
random_forest;por_genotipo;CD202;4;1236;B2_CD202_IRRIG_REPROD00004.asd;B2;CD202;IRRIG;D06M;manha;D06;IRRIG;IRRIG;0.0;True;0.214050428432926;-1.4177246664910528;0.3910834120508388;1.2304100671338165;-1.5272438491160605
random_forest;por_genotipo;CD202;4;1238;B2_CD202_IRRIG_REPROD00006.asd;B2;CD202;IRRIG;D06M;manha;D06;IRRIG;IRRIG;0.002;True;0.2144738814493438;-1.4117681623627452;0.3958559283118977;1.233008277150801;-1.5341363702130115
random_forest;por_genotipo;CD202;4;1241;B2_CD202_NIRRIG_REPROD00001.asd;B2;CD202;NIRRIG;D06M;manha;D06;NIRRIG;NIRRIG;0.98;True;0.3085830944855284;-1.7237593077073223;0.2677795157254675;1.164605544964354;-1.3591425329682558
random_forest;por_genotipo;CD202;4;1243;B2_CD202_NIRRIG_REPROD00003.asd;B2;CD202;NIRRIG;D06M;manha;D06;NIRRIG;NIRRIG;0.996;True;0.3135310928943066;-1.7350484387265372;0.2668433760307355;1.161319313639774;-1.3562646912073533
random_forest;por_genotipo;CD202;4;1245;B2_CD202_NIRRIG_REPROD00005.asd;B2;CD202;NIRRIG;D06M;manha;D06;NIRRIG;NIRRIG;1.0;True;0.2946790853152986;-1.7008988987985023;0.3333456229340669;1.1789238271508264;-1.3907777379493067
random_forest;por_genotipo;CD202;4;1248;B3_CD202_IRRIG_REPROD00000.asd;B3;CD202;IRRIG;D06M;manha;D06;IRRIG;IRRIG;0.002;True;0.1613295782186805;-1.3673063586638865;0.5381703446562821;1.261331256782115;-1.5290612495228717
random_forest;por_genotipo;CD202;4;1262;B3_CD202_NIRRIG_REPROD00006.asd;B3;CD202;NIRRIG;D06M;manha;D06;NIRRIG;NIRRIG;1.0;True;0.3186127275285133;-1.8238285819179172;0.3467827126369044;1.1426792612652903;-1.3363804643130075
random_forest;por_genotipo;CD202;4;1266;B4_CD202_IRRIG_REPROD00002.asd;B4;CD202;IRRIG;D06M;manha;D06;IRRIG;IRRIG;0.004;True;0.1416252034361654;-1.2793443408149128;0.3113374531009414;1.300800891062521;-1.4675878584257136
random_forest;por_genotipo;CD202;4;1408;B1_CD202_IRR_REP_RECUP00000.asd;B1;CD202;IRRIG;D09M;manha;D09;IRRIG;IRRIG;0.0;True;0.1288862231223453;-1.2578451041273644;0.2568046182116497;1.2981785299643809;-1.4415231401894584
random_forest;por_genotipo;CD202;4;1417;B1_CD202_IRR_REP_RECUP00009.asd;B1;CD202;IRRIG;D09M;manha;D09;IRRIG;IRRIG;0.006;True;0.1842038943382618;-1.3631012843880406;0.2205201103989091;1.2415788612811771;-1.4360942212920111
random_forest;por_genotipo;CD202;4;1419;B1_CD202_IRR_REP_RECUP00011.asd;B1;CD202;IRRIG;D09M;manha;D09;IRRIG;IRRIG;0.01;True;0.1851912097959813;-1.3581578947142097;0.2242306368152235;1.242621831779702;-1.4381288695528736
random_forest;por_genotipo;CD202;4;1421;B1_CD202_NIRR_REP_RECUP00001.asd;B1;CD202;NIRRIG;D09M;manha;D09;NIRRIG;NIRRIG;1.0;True;0.3420950403673971;-1.8230237483360232;0.437332647204176;1.0945624749637697;-1.3823991010366106
random_forest;por_genotipo;CD202;4;1423;B1_CD202_NIRR_REP_RECUP00003.asd;B1;CD202;NIRRIG;D09M;manha;D09;NIRRIG;NIRRIG;1.0;True;0.3444502653151109;-1.8399986864788307;0.4393058397957987;1.0931128921294906;-1.3774601897286107
random_forest;por_genotipo;CD202;4;1427;B1_CD202_NIRR_REP_RECUP00007.asd;B1;CD202;NIRRIG;D09M;manha;D09;NIRRIG;NIRRIG;1.0;True;0.2852400151814758;-1.7181937519678456;0.3647163362913814;1.1603188590340163;-1.3551040223156692
random_forest;por_genotipo;CD202;4;1429;B2_CD202_IRR_REP_RECUP00001.asd;B2;CD202;IRRIG;D09M;manha;D09;IRRIG;IRRIG;0.0;True;0.2047644515337791;-1.540117439511491;0.4059759718869987;1.2235365445938546;-1.4485203793928072
random_forest;por_genotipo;CD202;4;1441;B2_CD202_NIRR_REP_RECUP00005.asd;B2;CD202;NIRRIG;D09M;manha;D09;NIRRIG;NIRRIG;1.0;True;0.2556978769643263;-1.7126649674062395;0.3662844787023164;1.1975647259351008;-1.3747143615961683
random_forest;por_genotipo;CD202;4;1446;B3_CD202_IRR_REP_RECUP00002.asd;B3;CD202;IRRIG;D09M;manha;D09;IRRIG;IRRIG;0.018;True;0.1456629499288207;-1.3690966065092656;0.2902848451774202;1.2870284172280422;-1.430337159960221
random_forest;por_genotipo;CD202;4;1451;B3_CD202_IRR_REP_RECUP00007.asd;B3;CD202;IRRIG;D09M;manha;D09;IRRIG;IRRIG;0.008;True;0.1682045478318888;-1.3957754401277345;0.4670724245073003;1.2686137376680968;-1.5239993257212183
random_forest;por_genotipo;CD202;4;1457;B3_CD202_NIRR_REP_RECUP00005.asd;B3;CD202;NIRRIG;D09M;manha;D09;NIRRIG;NIRRIG;1.0;True;0.3129797867891715;-1.7775953251609784;0.2968390837472931;1.1367295606997905;-1.3097762671088935
random_forest;por_genotipo;CD202;4;1462;B4_CD202_IRR_REP_RECUP00002.asd;B4;CD202;IRRIG;D09M;manha;D09;IRRIG;IRRIG;0.0;True;0.2109823906545149;-1.474553140841797;0.3488514247047456;1.232916710967839;-1.458220442499196
random_forest;por_genotipo;CD202;4;1463;B4_CD202_IRR_REP_RECUP00003.asd;B4;CD202;IRRIG;D09M;manha;D09;IRRIG;IRRIG;0.01;True;0.2100099931710866;-1.4641001563244411;0.3524113611445438;1.233688167640043;-1.4634632088454549
random_forest;por_genotipo;CD202;4;1464;B4_CD202_IRR_REP_RECUP00004.asd;B4;CD202;IRRIG;D09M;manha;D09;IRRIG;IRRIG;0.03;True;0.179546611498634;-1.5002592374551205;0.3091547792292341;1.2583388690981174;-1.3901147839602452
random_forest;por_genotipo;CD202;4;1474;B4_CD202_NIRR_REP_RECUP00006.asd;B4;CD202;NIRRIG;D09M;manha;D09;NIRRIG;NIRRIG;1.0;True;0.3175024826659416;-1.7059402626734803;0.3649770758915897;1.1609159048820312;-1.3841594198172305
random_forest;por_genotipo;CD202;4;1475;B4_CD202_NIRR_REP_RECUP00007.asd;B4;CD202;NIRRIG;D09M;manha;D09;NIRRIG;NIRRIG;1.0;True;0.3177346598923948;-1.722054772991872;0.3662477012303097;1.1594938676399733;-1.3799991385965895
random_forest;por_genotipo;CD202;4;1604;B1_CD202_IRR_REP_RECUP00000.asd;B1;CD202;IRRIG;D09T;tarde;D09;IRRIG;IRRIG;0.002;True;0.1496083343579783;-1.2800386549623894;0.3690540672342285;1.28324711900273;-1.4682726528791177
random_forest;por_genotipo;CD202;4;1613;B1_CD202_NIRR_REP_RECUP00001.asd;B1;CD202;NIRRIG;D09T;tarde;D09;NIRRIG;NIRRIG;0.936;True;0.2557152752372454;-1.635563686605728;0.5468384160070369;1.1917837276067145;-1.4323515166285623
random_forest;por_genotipo;CD202;4;1615;B1_CD202_NIRR_REP_RECUP00003.asd;B1;CD202;NIRRIG;D09T;tarde;D09;NIRRIG;NIRRIG;0.978;True;0.254667835052397;-1.6360914771189985;0.5563668184453503;1.1927238934172049;-1.4339002421766551
random_forest;por_genotipo;CD202;4;1619;B1_CD202_NIRR_REP_RECUP00007.asd;B1;CD202;NIRRIG;D09T;tarde;D09;NIRRIG;NIRRIG;0.994;True;0.27392918113713;-1.650441442365675;0.3475537497084932;1.1803662077859725;-1.399597788065069
random_forest;por_genotipo;CD202;4;1621;B2_CD202_IRR_REP_RECUP00001.asd;B2;CD202;IRRIG;D09T;tarde;D09;IRRIG;NIRRIG;0.572;False;0.2504295745109764;-1.6122415466458846;0.3608961949873708;1.186382424867806;-1.4160949276938466
random_forest;por_genotipo;CD202;4;1633;B2_CD202_NIRR_REP_RECUP00005.asd;B2;CD202;NIRRIG;D09T;tarde;D09;NIRRIG;NIRRIG;1.0;True;0.2740023600591194;-1.672691337867643;0.4042841706775434;1.1767263680940752;-1.4019173050602645
random_forest;por_genotipo;CD202;4;1638;B3_CD202_IRR_REP_RECUP00002.asd;B3;CD202;IRRIG;D09T;tarde;D09;IRRIG;IRRIG;0.016;True;0.1303271709140724;-1.4547132214689666;0.3358857850808515;1.3002806901856785;-1.354099160552026
random_forest;por_genotipo;CD202;4;1643;B3_CD202_IRR_REP_RECUP00007.asd;B3;CD202;IRRIG;D09T;tarde;D09;IRRIG;IRRIG;0.176;True;0.2476169425735179;-1.5872932523381853;0.3983321432963171;1.2083152040411238;-1.4271255874796571
random_forest;por_genotipo;CD202;4;1649;B3_CD202_NIRR_REP_RECUP00005.asd;B3;CD202;NIRRIG;D09T;tarde;D09;NIRRIG;NIRRIG;0.654;True;0.2917341083371514;-1.671028939492499;0.3555744445812545;1.1670249575695932;-1.3973442154279268
random_forest;por_genotipo;CD202;4;1654;B4_CD202_IRR_REP_RECUP00002.asd;B4;CD202;IRRIG;D09T;tarde;D09;IRRIG;IRRIG;0.146;True;0.221135658218066;-1.5404972001606445;0.3286086346724368;1.2336987576387948;-1.3771490237039077
random_forest;por_genotipo;CD202;4;1655;B4_CD202_IRR_REP_RECUP00003.asd;B4;CD202;IRRIG;D09T;tarde;D09;IRRIG;IRRIG;0.104;True;0.2215264619142867;-1.5499894483716126;0.3270916120006896;1.2318953698141877;-1.377228995917214
random_forest;por_genotipo;CD202;4;1656;B4_CD202_IRR_REP_RECUP00004.asd;B4;CD202;IRRIG;D09T;tarde;D09;IRRIG;IRRIG;0.184;True;0.1792093231549192;-1.53687880009246;0.3872011094674868;1.2705836983029095;-1.3474292002904558
random_forest;por_genotipo;CD202;4;1666;B4_CD202_NIRR_REP_RECUP00006.asd;B4;CD202;NIRRIG;D09T;tarde;D09;NIRRIG;NIRRIG;0.624;True;0.2404027688400491;-1.5739900045722146;0.4374654045133329;1.2221119036557824;-1.3994431063923811
random_forest;por_genotipo;CD202;4;1667;B4_CD202_NIRR_REP_RECUP00007.asd;B4;CD202;NIRRIG;D09T;tarde;D09;NIRRIG;NIRRIG;0.722;True;0.2452804995409488;-1.5822598103822367;0.4371316778696509;1.2174206016787354;-1.398794264348164
random_forest;por_genotipo;CD202;4;1748;B1_CD202_IRR_REP_RECUP00000.asd;B1;CD202;IRRIG;D10M;manha;D10;IRRIG;IRRIG;0.006;True;0.1627411401706125;-1.3195515844314345;0.3114573990113191;1.2729059617954428;-1.4551405450179986
random_forest;por_genotipo;CD202;4;1757;B1_CD202_NIRR_REP_RECUP00001.asd;B1;CD202;NIRRIG;D10M;manha;D10;NIRRIG;NIRRIG;0.824;True;0.2616093712357437;-1.633308121469514;0.3189154633280136;1.165327638700752;-1.421010362604243
random_forest;por_genotipo;CD202;4;1759;B1_CD202_NIRR_REP_RECUP00003.asd;B1;CD202;NIRRIG;D10M;manha;D10;NIRRIG;NIRRIG;0.826;True;0.2725805834839407;-1.6345393800284538;0.313566157692783;1.1539401670411067;-1.4206209874690623
random_forest;por_genotipo;CD202;4;1763;B1_CD202_NIRR_REP_RECUP00007.asd;B1;CD202;NIRRIG;D10M;manha;D10;NIRRIG;NIRRIG;0.944;True;0.1894784525825382;-1.5398731145122957;0.4727175738063703;1.247080416266359;-1.4101837216631232
random_forest;por_genotipo;CD202;4;1797;B2_CD202_IRR_REP_RECUP00001.asd;B2;CD202;IRRIG;D10M;manha;D10;IRRIG;IRRIG;0.018;True;0.2334750707157179;-1.532582676639615;0.3778523487258125;1.2008810776320813;-1.460833094506045
random_forest;por_genotipo;CD202;4;1805;B2_CD202_NIRR_REP_RECUP00009.asd;B2;CD202;NIRRIG;D10M;manha;D10;NIRRIG;NIRRIG;0.764;True;0.2425518337309055;-1.6119018620603442;0.4130226618890159;1.2123113027907233;-1.4186188385712182
random_forest;por_genotipo;CD202;4;1810;B2_CD202_NIRR_REP_RECUP00014.asd;B2;CD202;NIRRIG;D10M;manha;D10;NIRRIG;NIRRIG;0.986;True;0.2496732678009051;-1.6399256201158463;0.4969420776435998;1.2058708388730004;-1.437061932766979
random_forest;por_genotipo;CD202;4;1846;B3_CD202_IRR_REP_RECUP00002.asd;B3;CD202;IRRIG;D10M;manha;D10;IRRIG;IRRIG;0.006;True;0.1379052193486238;-1.2992345082753636;0.3400360792875403;1.2922267353698649;-1.452649210213124
random_forest;por_genotipo;CD202;4;1851;B3_CD202_IRR_REP_RECUP00007.asd;B3;CD202;IRRIG;D10M;manha;D10;IRRIG;IRRIG;0.002;True;0.1966804216230958;-1.3801205027828591;0.2886940574815601;1.2465554093220916;-1.4581449515905829
random_forest;por_genotipo;CD202;4;1857;B3_CD202_NIRR_REP_RECUP00005.asd;B3;CD202;NIRRIG;D10M;manha;D10;NIRRIG;NIRRIG;0.728;True;0.250656398791861;-1.558894186528661;0.4028925401813359;1.2137403843755212;-1.4138505394563463
random_forest;por_genotipo;CD202;4;1894;B4_CD202_IRR_REP_RECUP00002.asd;B4;CD202;IRRIG;D10M;manha;D10;IRRIG;IRRIG;0.034;True;0.1751369168457876;-1.4890805513397958;0.3463878587541404;1.278423357005178;-1.3742327200710804
random_forest;por_genotipo;CD202;4;1895;B4_CD202_IRR_REP_RECUP00003.asd;B4;CD202;IRRIG;D10M;manha;D10;IRRIG;IRRIG;0.03;True;0.1746553801752945;-1.4868245846456427;0.3447827892839078;1.277356422834198;-1.3742392081837824
random_forest;por_genotipo;CD202;4;1896;B4_CD202_IRR_REP_RECUP00004.asd;B4;CD202;IRRIG;D10M;manha;D10;IRRIG;IRRIG;0.012;True;0.2088524689001697;-1.5061278244013478;0.3181512101220364;1.2463514783395784;-1.3919120924554538
random_forest;por_genotipo;CD202;4;1906;B4_CD202_NIRR_REP_RECUP00006.asd;B4;CD202;NIRRIG;D10M;manha;D10;NIRRIG;NIRRIG;0.832;True;0.2201021570062811;-1.565329395269096;0.4924163491293353;1.2386141130918067;-1.4223406313071558
random_forest;por_genotipo;CD202;4;1907;B4_CD202_NIRR_REP_RECUP00007.asd;B4;CD202;NIRRIG;D10M;manha;D10;NIRRIG;NIRRIG;0.79;True;0.2225759119299789;-1.5719836475406836;0.4885458092176484;1.2363672152810694;-1.42105823444022
random_forest;por_genotipo;CD202;5;66;B1_CD202_IRRIG_REPROD00002.asd;B1;CD202;IRRIG;D02M;manha;D02;IRRIG;IRRIG;0.148;True;0.1893523697577041;-1.5335319885747574;0.4687411554760272;1.2424569533454102;-1.4375209756825094
random_forest;por_genotipo;CD202;5;75;B1_CD202_NIRRIG_REPROD00003.asd;B1;CD202;NIRRIG;D02M;manha;D02;NIRRIG;NIRRIG;0.988;True;0.2888238654093968;-1.7277593404831928;0.309174958035577;1.1294463054086854;-1.3981987608665567
random_forest;por_genotipo;CD202;5;79;B1_CD202_NIRRIG_REPROD00007.asd;B1;CD202;NIRRIG;D02M;manha;D02;NIRRIG;NIRRIG;0.842;True;0.1992496529619955;-1.53730457935407;0.4306922185771253;1.2375366254431237;-1.4198417690256542
random_forest;por_genotipo;CD202;5;85;B2_CD202_IRRIG_REPROD00005.asd;B2;CD202;IRRIG;D02M;manha;D02;IRRIG;IRRIG;0.056;True;0.1900633363541018;-1.6000154104141504;0.4551003712069675;1.2321739584030544;-1.4140993062379907
random_forest;por_genotipo;CD202;5;90;B2_CD202_NIRRIG_REPROD00002.asd;B2;CD202;NIRRIG;D02M;manha;D02;NIRRIG;NIRRIG;0.742;True;0.2098076388601352;-1.533275887088397;0.3344311753889199;1.21251758338839;-1.4693788396182503
random_forest;por_genotipo;CD202;5;95;B2_CD202_NIRRIG_REPROD00007.asd;B2;CD202;NIRRIG;D02M;manha;D02;NIRRIG;NIRRIG;0.73;True;0.2289464156236223;-1.601565427905426;0.4190626225209057;1.2149609371619368;-1.4168250577151094
random_forest;por_genotipo;CD202;5;97;B3_CD202_IRRIG_REPROD00001.asd;B3;CD202;IRRIG;D02M;manha;D02;IRRIG;IRRIG;0.004;True;0.1976335062418953;-1.5565923623364095;0.4638778431620011;1.2045412954681616;-1.4736744913134607
random_forest;por_genotipo;CD202;5;108;B3_CD202_NIRRIG_REPROD00004.asd;B3;CD202;NIRRIG;D02M;manha;D02;NIRRIG;NIRRIG;0.974;True;0.2824737376764617;-1.7069305757142688;0.3026484647228617;1.130996906645243;-1.415149059639526
random_forest;por_genotipo;CD202;5;109;B3_CD202_NIRRIG_REPROD00005.asd;B3;CD202;NIRRIG;D02M;manha;D02;NIRRIG;NIRRIG;1.0;True;0.2865871089289018;-1.715799214487402;0.2994126640916035;1.126316361000298;-1.4122846356792624
random_forest;por_genotipo;CD202;5;115;B4_CD202_IRRIG_REPROD00003.asd;B4;CD202;IRRIG;D02M;manha;D02;IRRIG;IRRIG;0.062;True;0.2061872264354466;-1.5183048876855278;0.3460190700572747;1.235814177724144;-1.4350367187442894
random_forest;por_genotipo;CD202;5;116;B4_CD202_IRRIG_REPROD00004.asd;B4;CD202;IRRIG;D02M;manha;D02;IRRIG;IRRIG;0.056;True;0.2213872485629192;-1.531878583321264;0.3763994419343819;1.2138795342579058;-1.4511964820006398
random_forest;por_genotipo;CD202;5;117;B4_CD202_IRRIG_REPROD00005.asd;B4;CD202;IRRIG;D02M;manha;D02;IRRIG;IRRIG;0.054;True;0.2224593305837715;-1.5321379953198944;0.3837382656110463;1.2154836069998451;-1.4560443036516784
random_forest;por_genotipo;CD202;5;118;B4_CD202_IRRIG_REPROD00006.asd;B4;CD202;IRRIG;D02M;manha;D02;IRRIG;IRRIG;0.03;True;0.2202642728477891;-1.526883357419948;0.3860982685822207;1.217959441095572;-1.45856975664472
random_forest;por_genotipo;CD202;5;258;B1_CD202_IRRIG_REPROD00002.asd;B1;CD202;IRRIG;D02T;tarde;D02;IRRIG;NIRRIG;0.562;False;0.2253805107116851;-1.58106822913452;0.4267669471411958;1.220388961658669;-1.4095596303647897
random_forest;por_genotipo;CD202;5;267;B1_CD202_NIRRIG_REPROD00003.asd;B1;CD202;NIRRIG;D02T;tarde;D02;NIRRIG;NIRRIG;1.0;True;0.3361596874032414;-1.8270895711597288;0.3381064177123739;1.112004674567846;-1.3351007793266465
random_forest;por_genotipo;CD202;5;271;B1_CD202_NIRRIG_REPROD00007.asd;B1;CD202;NIRRIG;D02T;tarde;D02;NIRRIG;NIRRIG;0.892;True;0.2454624035781135;-1.592545014941749;0.409906686625702;1.2307407044071728;-1.3891266351236589
random_forest;por_genotipo;CD202;5;277;B2_CD202_IRRIG_REPROD00005.asd;B2;CD202;IRRIG;D02T;tarde;D02;IRRIG;IRRIG;0.036;True;0.1473819120515039;-1.5572694759361458;0.508389013063275;1.2833680706111574;-1.3684505638997158
random_forest;por_genotipo;CD202;5;282;B2_CD202_NIRRIG_REPROD00002.asd;B2;CD202;NIRRIG;D02T;tarde;D02;NIRRIG;NIRRIG;0.928;True;0.2567163414123825;-1.6169631054737947;0.3529709267639367;1.2277498478315718;-1.3978912677964328
random_forest;por_genotipo;CD202;5;287;B2_CD202_NIRRIG_REPROD00007.asd;B2;CD202;NIRRIG;D02T;tarde;D02;NIRRIG;NIRRIG;0.996;True;0.2856223228433441;-1.6887087472736966;0.431088910369001;1.2045034251339286;-1.3859877164234446
random_forest;por_genotipo;CD202;5;289;B3_CD202_IRRIG_REPROD00001.asd;B3;CD202;IRRIG;D02T;tarde;D02;IRRIG;IRRIG;0.076;True;0.1594531493178178;-1.5325695445951764;0.5548954867000332;1.2532340203961403;-1.452205846667921
random_forest;por_genotipo;CD202;5;300;B3_CD202_NIRRIG_REPROD00004.asd;B3;CD202;NIRRIG;D02T;tarde;D02;NIRRIG;NIRRIG;0.99;True;0.28234496439261;-1.7624465493798775;0.3842630486143263;1.1769558532977769;-1.3320052393841977
random_forest;por_genotipo;CD202;5;301;B3_CD202_NIRRIG_REPROD00005.asd;B3;CD202;NIRRIG;D02T;tarde;D02;NIRRIG;NIRRIG;0.994;True;0.2798293543602589;-1.765226366809285;0.3859657383070215;1.1771581389652797;-1.3312665867303897
random_forest;por_genotipo;CD202;5;307;B4_CD202_IRRIG_REPROD00003.asd;B4;CD202;IRRIG;D02T;tarde;D02;IRRIG;IRRIG;0.068;True;0.2417101315982255;-1.5533367008176056;0.3256847536940364;1.2319379033131808;-1.3649189548062757
random_forest;por_genotipo;CD202;5;308;B4_CD202_IRRIG_REPROD00004.asd;B4;CD202;IRRIG;D02T;tarde;D02;IRRIG;NIRRIG;0.602;False;0.1976589036582759;-1.516518599121186;0.4149559704305018;1.2433228755498071;-1.4123732726335128
random_forest;por_genotipo;CD202;5;309;B4_CD202_IRRIG_REPROD00005.asd;B4;CD202;IRRIG;D02T;tarde;D02;IRRIG;IRRIG;0.388;True;0.1954917955312599;-1.5084934902085343;0.4161424360615655;1.2445755328092138;-1.416986577228977
random_forest;por_genotipo;CD202;5;310;B4_CD202_IRRIG_REPROD00006.asd;B4;CD202;IRRIG;D02T;tarde;D02;IRRIG;IRRIG;0.398;True;0.1945227205379295;-1.5083819375244891;0.4170412383818417;1.244898228783338;-1.419651864254855
random_forest;por_genotipo;CD202;5;450;B1_CD202_IRRIG_REPROD00002.asd;B1;CD202;IRRIG;D03M;manha;D03;IRRIG;IRRIG;0.0;True;0.2053508041132266;-1.563413706640694;0.365660477271291;1.201281081073441;-1.4531232905515137
random_forest;por_genotipo;CD202;5;459;B1_CD202_NIRRIG_REPROD00003.asd;B1;CD202;NIRRIG;D03M;manha;D03;NIRRIG;NIRRIG;0.9;True;0.1748316669152818;-1.5501812450678696;0.4549100215985664;1.2731890016778231;-1.3762790131815617
random_forest;por_genotipo;CD202;5;463;B1_CD202_NIRRIG_REPROD00007.asd;B1;CD202;NIRRIG;D03M;manha;D03;NIRRIG;NIRRIG;0.998;True;0.2851615710212625;-1.766203548714981;0.4167887195482073;1.1605115106928985;-1.3472491514469396
random_forest;por_genotipo;CD202;5;469;B2_CD202_IRRIG_REPROD00005.asd;B2;CD202;IRRIG;D03M;manha;D03;IRRIG;IRRIG;0.016;True;0.212035132777938;-1.5262363723792889;0.3537097735646162;1.209555951835069;-1.453071588527954
random_forest;por_genotipo;CD202;5;474;B2_CD202_NIRRIG_REPROD00002.asd;B2;CD202;NIRRIG;D03M;manha;D03;NIRRIG;NIRRIG;0.996;True;0.2977857499364532;-1.7551684058962205;0.408105076753545;1.1671008083329284;-1.3834118661714705
random_forest;por_genotipo;CD202;5;479;B2_CD202_NIRRIG_REPROD00007.asd;B2;CD202;NIRRIG;D03M;manha;D03;NIRRIG;NIRRIG;0.998;True;0.2722651892061055;-1.653221086225194;0.3727195386045032;1.1994140063795955;-1.3762003373130034
random_forest;por_genotipo;CD202;5;481;B3_CD202_IRRIG_REPROD00001.asd;B3;CD202;IRRIG;D03M;manha;D03;IRRIG;IRRIG;0.002;True;0.1881018967830656;-1.5013215446807562;0.5487086840581081;1.216868807275605;-1.5079070664715557
random_forest;por_genotipo;CD202;5;492;B3_CD202_NIRRIG_REPROD00004.asd;B3;CD202;NIRRIG;D03M;manha;D03;NIRRIG;NIRRIG;1.0;True;0.3405243990035474;-1.934450171596288;0.4417927671438456;1.1040483376953754;-1.3169212737954985
random_forest;por_genotipo;CD202;5;493;B3_CD202_NIRRIG_REPROD00005.asd;B3;CD202;NIRRIG;D03M;manha;D03;NIRRIG;NIRRIG;1.0;True;0.3455220466251625;-1.945965397614808;0.4342086087968798;1.0952504594392976;-1.3109957468036535
random_forest;por_genotipo;CD202;5;499;B4_CD202_IRRIG_REPROD00003.asd;B4;CD202;IRRIG;D03M;manha;D03;IRRIG;IRRIG;0.008;True;0.1872968040795088;-1.4167211607667136;0.3872914264416641;1.242355144685488;-1.464249645880754
random_forest;por_genotipo;CD202;5;500;B4_CD202_IRRIG_REPROD00004.asd;B4;CD202;IRRIG;D03M;manha;D03;IRRIG;IRRIG;0.004;True;0.1874790759564574;-1.4188271272469402;0.3737024980273156;1.2413285066974609;-1.4785215929132267
random_forest;por_genotipo;CD202;5;501;B4_CD202_IRRIG_REPROD00005.asd;B4;CD202;IRRIG;D03M;manha;D03;IRRIG;IRRIG;0.0;True;0.1905806541651029;-1.4135130085963357;0.374969533779281;1.2397472140435346;-1.4825077128218669
random_forest;por_genotipo;CD202;5;502;B4_CD202_IRRIG_REPROD00006.asd;B4;CD202;IRRIG;D03M;manha;D03;IRRIG;IRRIG;0.008;True;0.1934278730975872;-1.4123180720378974;0.376371581849743;1.237881533346433;-1.485533049200226
random_forest;por_genotipo;CD202;5;642;B1_CD202_IRRIG_REPROD00002.asd;B1;CD202;IRRIG;D03T;tarde;D03;IRRIG;IRRIG;0.276;True;0.2563768717495476;-1.572679383431722;0.4345019860768075;1.2177500789275977;-1.4207007141009784
random_forest;por_genotipo;CD202;5;651;B1_CD202_NIRRIG_REPROD00003.asd;B1;CD202;NIRRIG;D03T;tarde;D03;NIRRIG;NIRRIG;0.664;True;0.179769557912361;-1.4606867490118955;0.5615152529921925;1.2888370785147474;-1.4244259174329108
random_forest;por_genotipo;CD202;5;655;B1_CD202_NIRRIG_REPROD00007.asd;B1;CD202;NIRRIG;D03T;tarde;D03;NIRRIG;NIRRIG;1.0;True;0.2877036591897755;-1.689673509726081;0.429273887173052;1.1741524622181694;-1.401609007019006
random_forest;por_genotipo;CD202;5;661;B2_CD202_IRRIG_REPROD00005.asd;B2;CD202;IRRIG;D03T;tarde;D03;IRRIG;IRRIG;0.0;True;0.1941313371028045;-1.4003257977064534;0.4163999324178418;1.2405064086581117;-1.505903249437676
random_forest;por_genotipo;CD202;5;666;B2_CD202_NIRRIG_REPROD00002.asd;B2;CD202;NIRRIG;D03T;tarde;D03;NIRRIG;NIRRIG;0.834;True;0.2142571719217247;-1.5857653857314924;0.5736327716413449;1.2460205231550532;-1.4556458467677689
random_forest;por_genotipo;CD202;5;671;B2_CD202_NIRRIG_REPROD00007.asd;B2;CD202;NIRRIG;D03T;tarde;D03;NIRRIG;NIRRIG;0.888;True;0.197760817619135;-1.5951863119043106;0.6447240315640234;1.2474812483769742;-1.416254203778727
random_forest;por_genotipo;CD202;5;673;B3_CD202_IRRIG_REPROD00001.asd;B3;CD202;IRRIG;D03T;tarde;D03;IRRIG;IRRIG;0.086;True;0.1878021581514839;-1.5360757361156812;0.6388443003688185;1.2599681869877115;-1.463407545133434
random_forest;por_genotipo;CD202;5;684;B3_CD202_NIRRIG_REPROD00004.asd;B3;CD202;NIRRIG;D03T;tarde;D03;NIRRIG;NIRRIG;0.998;True;0.3298401508100588;-1.8002006482683053;0.4858717165332017;1.135903935775334;-1.4062970642460897
random_forest;por_genotipo;CD202;5;685;B3_CD202_NIRRIG_REPROD00005.asd;B3;CD202;NIRRIG;D03T;tarde;D03;NIRRIG;NIRRIG;0.998;True;0.3297792336767685;-1.808766428614385;0.4856253813258279;1.1353255217567522;-1.4041867706994315
random_forest;por_genotipo;CD202;5;691;B4_CD202_IRRIG_REPROD00003.asd;B4;CD202;IRRIG;D03T;tarde;D03;IRRIG;IRRIG;0.0;True;0.1725331896037674;-1.3980495832775697;0.3876130083843253;1.253959618081005;-1.4770096357838918
random_forest;por_genotipo;CD202;5;692;B4_CD202_IRRIG_REPROD00004.asd;B4;CD202;IRRIG;D03T;tarde;D03;IRRIG;IRRIG;0.0;True;0.1455982621405853;-1.3291914285810111;0.3944907773467695;1.2803663628862372;-1.4946962140188165
random_forest;por_genotipo;CD202;5;693;B4_CD202_IRRIG_REPROD00005.asd;B4;CD202;IRRIG;D03T;tarde;D03;IRRIG;IRRIG;0.0;True;0.1424245142438598;-1.320981095048065;0.3996464047992636;1.2833300527598832;-1.498161071169446
random_forest;por_genotipo;CD202;5;694;B4_CD202_IRRIG_REPROD00006.asd;B4;CD202;IRRIG;D03T;tarde;D03;IRRIG;IRRIG;0.0;True;0.1427278500169714;-1.3233984886691414;0.4019681348794785;1.2825174048179282;-1.5006651135755171
random_forest;por_genotipo;CD202;5;834;B1_CD202_IRRIG_REPROD00002.asd;B1;CD202;IRRIG;D04M;manha;D04;IRRIG;IRRIG;0.0;True;0.176612136544333;-1.3205725982897265;0.5044803268496777;1.2581594939464358;-1.5495581733048862
random_forest;por_genotipo;CD202;5;843;B1_CD202_NIRRIG_REPROD00003.asd;B1;CD202;NIRRIG;D04M;manha;D04;NIRRIG;NIRRIG;0.81;True;0.2588746003078476;-1.683777435650549;0.4185765012401907;1.1658453715900323;-1.4068174939066334
random_forest;por_genotipo;CD202;5;847;B1_CD202_NIRRIG_REPROD00007.asd;B1;CD202;NIRRIG;D04M;manha;D04;NIRRIG;NIRRIG;0.974;True;0.2075876918051301;-1.5434111588782136;0.546851920150575;1.252301069325065;-1.4202648666748243
random_forest;por_genotipo;CD202;5;853;B2_CD202_IRRIG_REPROD00005.asd;B2;CD202;IRRIG;D04M;manha;D04;IRRIG;IRRIG;0.09;True;0.1900407715027819;-1.615586444022029;0.5535840477436086;1.236053229096488;-1.4497868383567325
random_forest;por_genotipo;CD202;5;858;B2_CD202_NIRRIG_REPROD00002.asd;B2;CD202;NIRRIG;D04M;manha;D04;NIRRIG;NIRRIG;0.746;True;0.1850228433952259;-1.5160653882384032;0.4715864379234548;1.2619979853119512;-1.447294913471116
random_forest;por_genotipo;CD202;5;863;B2_CD202_NIRRIG_REPROD00007.asd;B2;CD202;NIRRIG;D04M;manha;D04;NIRRIG;NIRRIG;0.726;True;0.192304208479298;-1.5366079199907463;0.4354843103304397;1.2614733242788256;-1.4245681618990431
random_forest;por_genotipo;CD202;5;865;B3_CD202_IRRIG_REPROD00001.asd;B3;CD202;IRRIG;D04M;manha;D04;IRRIG;IRRIG;0.0;True;0.1541604554670155;-1.337409448718745;0.5877269891816937;1.267224520033624;-1.5579782176806154
random_forest;por_genotipo;CD202;5;876;B3_CD202_NIRRIG_REPROD00004.asd;B3;CD202;NIRRIG;D04M;manha;D04;NIRRIG;NIRRIG;0.684;True;0.2467527853964943;-1.6656714878817531;0.5807505607480637;1.1963451471056017;-1.4595654106548304
random_forest;por_genotipo;CD202;5;877;B3_CD202_NIRRIG_REPROD00005.asd;B3;CD202;NIRRIG;D04M;manha;D04;NIRRIG;NIRRIG;0.76;True;0.2492837195121361;-1.671816621210713;0.5762029290861389;1.1935984428849733;-1.4582768326332112
random_forest;por_genotipo;CD202;5;883;B4_CD202_IRRIG_REPROD00003.asd;B4;CD202;IRRIG;D04M;manha;D04;IRRIG;IRRIG;0.0;True;0.1452886686903671;-1.2877699536554137;0.3766056831068457;1.2845171328592615;-1.505453959795684
random_forest;por_genotipo;CD202;5;884;B4_CD202_IRRIG_REPROD00004.asd;B4;CD202;IRRIG;D04M;manha;D04;IRRIG;IRRIG;0.024;True;0.1244978456248307;-1.3785550543154743;0.4658809820218478;1.2919184966232615;-1.4797776199718595
random_forest;por_genotipo;CD202;5;885;B4_CD202_IRRIG_REPROD00005.asd;B4;CD202;IRRIG;D04M;manha;D04;IRRIG;IRRIG;0.022;True;0.1292851259812001;-1.3651858244709312;0.4644247290949945;1.2898410522739907;-1.486325095619385
random_forest;por_genotipo;CD202;5;886;B4_CD202_IRRIG_REPROD00006.asd;B4;CD202;IRRIG;D04M;manha;D04;IRRIG;IRRIG;0.016;True;0.1325991686517171;-1.3577475074808838;0.4667624727571028;1.2889136730645827;-1.495385363763701
random_forest;por_genotipo;CD202;5;1026;B1_CD202_IRRIG_REPROD00002.asd;B1;CD202;IRRIG;D05M;manha;D05;IRRIG;IRRIG;0.0;True;0.155328465953192;-1.364063613977745;0.4953833076944599;1.2685366033832304;-1.514741954720094
random_forest;por_genotipo;CD202;5;1035;B1_CD202_NIRRIG_REPROD00003.asd;B1;CD202;NIRRIG;D05M;manha;D05;NIRRIG;NIRRIG;1.0;True;0.3012630995163769;-1.7802397615845855;0.4117838816955313;1.1489008391160973;-1.3664557840318377
random_forest;por_genotipo;CD202;5;1039;B1_CD202_NIRRIG_REPROD00007.asd;B1;CD202;NIRRIG;D05M;manha;D05;NIRRIG;NIRRIG;0.992;True;0.2063357449982623;-1.549182412390676;0.4791878477993561;1.24797490276039;-1.41753131238566
random_forest;por_genotipo;CD202;5;1045;B2_CD202_IRRIG_REPROD00005.asd;B2;CD202;IRRIG;D05M;manha;D05;IRRIG;IRRIG;0.002;True;0.2055209326353215;-1.4531638055397034;0.3689156291758566;1.216553194880532;-1.4887245930544373
random_forest;por_genotipo;CD202;5;1050;B2_CD202_NIRRIG_REPROD00002.asd;B2;CD202;NIRRIG;D05M;manha;D05;NIRRIG;NIRRIG;0.988;True;0.2882301981844696;-1.7402543841719575;0.4709481892332286;1.1607401715429804;-1.4188374246734632
random_forest;por_genotipo;CD202;5;1055;B2_CD202_NIRRIG_REPROD00007.asd;B2;CD202;NIRRIG;D05M;manha;D05;NIRRIG;NIRRIG;1.0;True;0.2954293732211752;-1.7215872857519168;0.2893218412570598;1.1520763836890118;-1.3878993645357194
random_forest;por_genotipo;CD202;5;1057;B3_CD202_IRRIG_REPROD00001.asd;B3;CD202;IRRIG;D05M;manha;D05;IRRIG;IRRIG;0.016;True;0.1259977789147392;-1.312287066383681;0.6695237938630973;1.290146973577542;-1.5444926726879622
random_forest;por_genotipo;CD202;5;1068;B3_CD202_NIRRIG_REPROD00004.asd;B3;CD202;NIRRIG;D05M;manha;D05;NIRRIG;NIRRIG;0.964;True;0.2731388993715986;-1.6549184219643127;0.5365064693430206;1.2047043189101128;-1.413994480684747
random_forest;por_genotipo;CD202;5;1069;B3_CD202_NIRRIG_REPROD00005.asd;B3;CD202;NIRRIG;D05M;manha;D05;NIRRIG;NIRRIG;0.976;True;0.276163174807052;-1.6628083806777565;0.5437710792156507;1.2012998965677215;-1.4137360508115466
random_forest;por_genotipo;CD202;5;1075;B4_CD202_IRRIG_REPROD00003.asd;B4;CD202;IRRIG;D05M;manha;D05;IRRIG;IRRIG;0.0;True;0.1647480954654178;-1.2741991753796722;0.3746982951791649;1.269259912433481;-1.534418133740838
random_forest;por_genotipo;CD202;5;1076;B4_CD202_IRRIG_REPROD00004.asd;B4;CD202;IRRIG;D05M;manha;D05;IRRIG;IRRIG;0.046;True;0.2101345443756493;-1.3859788795386696;0.3454406274631775;1.2256785927006555;-1.5090707396545102
random_forest;por_genotipo;CD202;5;1077;B4_CD202_IRRIG_REPROD00005.asd;B4;CD202;IRRIG;D05M;manha;D05;IRRIG;IRRIG;0.028;True;0.2131953616065584;-1.385353429156093;0.3483398737939662;1.2242237723320326;-1.5135970588520524
random_forest;por_genotipo;CD202;5;1078;B4_CD202_IRRIG_REPROD00006.asd;B4;CD202;IRRIG;D05M;manha;D05;IRRIG;IRRIG;0.0;True;0.2151450201595447;-1.379559541802481;0.3545976335741317;1.2264361995684865;-1.5201507455443426
random_forest;por_genotipo;CD202;5;1218;B1_CD202_IRRIG_REPROD00002.asd;B1;CD202;IRRIG;D06M;manha;D06;IRRIG;IRRIG;0.004;True;0.1592288488771042;-1.378803467707766;0.3493093379898871;1.2827299671714838;-1.4695297269390342
random_forest;por_genotipo;CD202;5;1227;B1_CD202_NIRRIG_REPROD00003.asd;B1;CD202;NIRRIG;D06M;manha;D06;NIRRIG;NIRRIG;0.998;True;0.2557189672347751;-1.7090334792627322;0.3862954586692119;1.203067963447244;-1.392382426475996
random_forest;por_genotipo;CD202;5;1231;B1_CD202_NIRRIG_REPROD00007.asd;B1;CD202;NIRRIG;D06M;manha;D06;NIRRIG;NIRRIG;0.658;True;0.2406645725462335;-1.605843475467928;0.3469710769971745;1.2304679630749813;-1.3707727875540237
random_forest;por_genotipo;CD202;5;1237;B2_CD202_IRRIG_REPROD00005.asd;B2;CD202;IRRIG;D06M;manha;D06;IRRIG;IRRIG;0.0;True;0.2135969361051912;-1.414093863165683;0.3938145624674697;1.2322275367941224;-1.5312605034862263
random_forest;por_genotipo;CD202;5;1242;B2_CD202_NIRRIG_REPROD00002.asd;B2;CD202;NIRRIG;D06M;manha;D06;NIRRIG;NIRRIG;0.996;True;0.310461481496424;-1.7315116521360978;0.2679755552069323;1.162839316757848;-1.357907103729892
random_forest;por_genotipo;CD202;5;1247;B2_CD202_NIRRIG_REPROD00007.asd;B2;CD202;NIRRIG;D06M;manha;D06;NIRRIG;NIRRIG;1.0;True;0.3025532879135555;-1.7144715833686406;0.3263620250818895;1.1702371841615056;-1.3844543686393211
random_forest;por_genotipo;CD202;5;1249;B3_CD202_IRRIG_REPROD00001.asd;B3;CD202;IRRIG;D06M;manha;D06;IRRIG;IRRIG;0.0;True;0.1639955908400595;-1.3564724689627998;0.5408700719126595;1.2571321345308928;-1.5335833566213348
random_forest;por_genotipo;CD202;5;1260;B3_CD202_NIRRIG_REPROD00004.asd;B3;CD202;NIRRIG;D06M;manha;D06;NIRRIG;NIRRIG;1.0;True;0.3068916845571976;-1.7944128430336848;0.3602475000817211;1.1606411671046557;-1.344333038887988
random_forest;por_genotipo;CD202;5;1261;B3_CD202_NIRRIG_REPROD00005.asd;B3;CD202;NIRRIG;D06M;manha;D06;NIRRIG;NIRRIG;1.0;True;0.3090429307953743;-1.8028466251191484;0.3590555834495658;1.157143234275302;-1.3420566722581535
random_forest;por_genotipo;CD202;5;1267;B4_CD202_IRRIG_REPROD00003.asd;B4;CD202;IRRIG;D06M;manha;D06;IRRIG;IRRIG;0.006;True;0.1416006180623418;-1.2779505751110396;0.3172239540561829;1.3021708469556148;-1.471139784878157
random_forest;por_genotipo;CD202;5;1268;B4_CD202_IRRIG_REPROD00004.asd;B4;CD202;IRRIG;D06M;manha;D06;IRRIG;IRRIG;0.08;True;0.2146856082744013;-1.495631082123222;0.271118374685546;1.2419452126445063;-1.4226480013819447
random_forest;por_genotipo;CD202;5;1269;B4_CD202_IRRIG_REPROD00005.asd;B4;CD202;IRRIG;D06M;manha;D06;IRRIG;IRRIG;0.03;True;0.2111285072922383;-1.4752164552900449;0.2853985404082705;1.2469609965290511;-1.4331322323969056
random_forest;por_genotipo;CD202;5;1270;B4_CD202_IRRIG_REPROD00006.asd;B4;CD202;IRRIG;D06M;manha;D06;IRRIG;IRRIG;0.054;True;0.2095033654159489;-1.465212548068477;0.2922689531751472;1.2486197152692566;-1.4391072377611906
random_forest;por_genotipo;CD202;5;1426;B1_CD202_NIRR_REP_RECUP00006.asd;B1;CD202;NIRRIG;D09M;manha;D09;NIRRIG;NIRRIG;0.978;True;0.2855636500823554;-1.714161728241631;0.365979343958582;1.1618441773400132;-1.3570343747611826
random_forest;por_genotipo;CD202;5;1433;B2_CD202_IRR_REP_RECUP00005.asd;B2;CD202;IRRIG;D09M;manha;D09;IRRIG;IRRIG;0.046;True;0.2179582518697825;-1.5508131109182983;0.3795057007389895;1.21685628286065;-1.455513496906366
random_forest;por_genotipo;CD202;5;1434;B2_CD202_IRR_REP_RECUP00006.asd;B2;CD202;IRRIG;D09M;manha;D09;IRRIG;IRRIG;0.03;True;0.2164398858299918;-1.5416691724646452;0.38537044520316;1.2174808584898824;-1.4600050620676188
random_forest;por_genotipo;CD202;5;1438;B2_CD202_NIRR_REP_RECUP00002.asd;B2;CD202;NIRRIG;D09M;manha;D09;NIRRIG;NIRRIG;1.0;True;0.3130875826564436;-1.7818618369409174;0.336298084029582;1.149446274503832;-1.3734470918455095
random_forest;por_genotipo;CD202;5;1448;B3_CD202_IRR_REP_RECUP00004.asd;B3;CD202;IRRIG;D09M;manha;D09;IRRIG;IRRIG;0.02;True;0.1862661303626377;-1.4456535438931253;0.4391717491492529;1.244342229278776;-1.5034263864764577
random_forest;por_genotipo;CD202;5;1449;B3_CD202_IRR_REP_RECUP00005.asd;B3;CD202;IRRIG;D09M;manha;D09;IRRIG;IRRIG;0.01;True;0.170132103447627;-1.404455858811095;0.4615363386233462;1.2630965705613089;-1.515750270268017
random_forest;por_genotipo;CD202;5;1452;B3_CD202_NIRR_REP_RECUP00000.asd;B3;CD202;NIRRIG;D09M;manha;D09;NIRRIG;NIRRIG;0.792;True;0.2449043396980207;-1.6535114407273557;0.3757012722828947;1.224955832742718;-1.3906121452616853
random_forest;por_genotipo;CD202;5;1454;B3_CD202_NIRR_REP_RECUP00002.asd;B3;CD202;NIRRIG;D09M;manha;D09;NIRRIG;NIRRIG;0.988;True;0.2570138281056139;-1.675234330975684;0.3630094054170472;1.2077856660287498;-1.383395261133213
random_forest;por_genotipo;CD202;5;1465;B4_CD202_IRR_REP_RECUP00005.asd;B4;CD202;IRRIG;D09M;manha;D09;IRRIG;IRRIG;0.018;True;0.1772306707170993;-1.492293455205262;0.3172456556678137;1.2618774223294316;-1.3984023873897975
random_forest;por_genotipo;CD202;5;1468;B4_CD202_NIRR_REP_RECUP00000.asd;B4;CD202;NIRRIG;D09M;manha;D09;NIRRIG;NIRRIG;0.94;True;0.2766324351189963;-1.6239757649061977;0.3812499513845256;1.2079112565129495;-1.4094423027214238
random_forest;por_genotipo;CD202;5;1470;B4_CD202_NIRR_REP_RECUP00002.asd;B4;CD202;NIRRIG;D09M;manha;D09;NIRRIG;NIRRIG;0.984;True;0.2845493405334035;-1.6374679449978586;0.3758050228305128;1.1988098714112372;-1.4070931241860805
random_forest;por_genotipo;CD202;5;1472;B4_CD202_NIRR_REP_RECUP00004.asd;B4;CD202;NIRRIG;D09M;manha;D09;NIRRIG;NIRRIG;1.0;True;0.3249889164189921;-1.706848912911314;0.3420498571259314;1.1508386312828602;-1.3884704456923085
random_forest;por_genotipo;CD202;5;1618;B1_CD202_NIRR_REP_RECUP00006.asd;B1;CD202;NIRRIG;D09T;tarde;D09;NIRRIG;NIRRIG;0.944;True;0.2784154533189575;-1.6511584419822372;0.341884848034579;1.1743100358632033;-1.3975389506979337
random_forest;por_genotipo;CD202;5;1625;B2_CD202_IRR_REP_RECUP00005.asd;B2;CD202;IRRIG;D09T;tarde;D09;IRRIG;IRRIG;0.288;True;0.2696503029324401;-1.609520275358591;0.3699189252711855;1.1555322150604177;-1.4596209002973102
random_forest;por_genotipo;CD202;5;1626;B2_CD202_IRR_REP_RECUP00006.asd;B2;CD202;IRRIG;D09T;tarde;D09;IRRIG;IRRIG;0.222;True;0.2612515710708334;-1.575421140041381;0.3923407708799733;1.1668012137479955;-1.4781412889135006
random_forest;por_genotipo;CD202;5;1630;B2_CD202_NIRR_REP_RECUP00002.asd;B2;CD202;NIRRIG;D09T;tarde;D09;NIRRIG;NIRRIG;0.938;True;0.2132539560726872;-1.5733179512324451;0.5080566475889488;1.2449962363723013;-1.4092310997801882
random_forest;por_genotipo;CD202;5;1640;B3_CD202_IRR_REP_RECUP00004.asd;B3;CD202;IRRIG;D09T;tarde;D09;IRRIG;NIRRIG;0.822;False;0.2442177400732181;-1.6046625153596623;0.4073053605663582;1.2182453323069449;-1.409555759115709
random_forest;por_genotipo;CD202;5;1641;B3_CD202_IRR_REP_RECUP00005.asd;B3;CD202;IRRIG;D09T;tarde;D09;IRRIG;NIRRIG;0.702;False;0.246615319461787;-1.6031821709760288;0.4056265517962991;1.2151544037848;-1.4133803657998665
random_forest;por_genotipo;CD202;5;1644;B3_CD202_NIRR_REP_RECUP00000.asd;B3;CD202;NIRRIG;D09T;tarde;D09;NIRRIG;NIRRIG;0.804;True;0.2553756027551758;-1.5774228227684677;0.4301997109805795;1.2062652763861326;-1.404624531075925
random_forest;por_genotipo;CD202;5;1646;B3_CD202_NIRR_REP_RECUP00002.asd;B3;CD202;NIRRIG;D09T;tarde;D09;NIRRIG;NIRRIG;0.852;True;0.2609648412611461;-1.578311842999282;0.4383281594327595;1.203937249666984;-1.4045095552804523
random_forest;por_genotipo;CD202;5;1657;B4_CD202_IRR_REP_RECUP00005.asd;B4;CD202;IRRIG;D09T;tarde;D09;IRRIG;IRRIG;0.14;True;0.1872260347701891;-1.5274364390300808;0.3803303642966887;1.2610409718987678;-1.3592811470212691
random_forest;por_genotipo;CD202;5;1660;B4_CD202_NIRR_REP_RECUP00000.asd;B4;CD202;NIRRIG;D09T;tarde;D09;NIRRIG;NIRRIG;0.948;True;0.2016986367818346;-1.5245094059189872;0.4511061035992093;1.2527520804166925;-1.3973871189436466
random_forest;por_genotipo;CD202;5;1662;B4_CD202_NIRR_REP_RECUP00002.asd;B4;CD202;NIRRIG;D09T;tarde;D09;NIRRIG;NIRRIG;0.968;True;0.2011309811642229;-1.5256644473015897;0.4573456076136242;1.254670412841744;-1.3990411881140743
random_forest;por_genotipo;CD202;5;1664;B4_CD202_NIRR_REP_RECUP00004.asd;B4;CD202;NIRRIG;D09T;tarde;D09;NIRRIG;NIRRIG;0.578;True;0.2270459607621327;-1.5616571910090264;0.4311789490673264;1.2320344911993653;-1.400202378545555
random_forest;por_genotipo;CD202;5;1762;B1_CD202_NIRR_REP_RECUP00006.asd;B1;CD202;NIRRIG;D10M;manha;D10;NIRRIG;NIRRIG;0.984;True;0.1889763182911071;-1.5353168751817603;0.4759190122353763;1.2485349824633392;-1.4112682302285895
random_forest;por_genotipo;CD202;5;1801;B2_CD202_IRR_REP_RECUP00005.asd;B2;CD202;IRRIG;D10M;manha;D10;IRRIG;IRRIG;0.0;True;0.2205345476942007;-1.4214276887014412;0.3851220582110148;1.2099645216958097;-1.506885307716214
random_forest;por_genotipo;CD202;5;1802;B2_CD202_IRR_REP_RECUP00006.asd;B2;CD202;IRRIG;D10M;manha;D10;IRRIG;IRRIG;0.0;True;0.2182091309760494;-1.4233626273176236;0.388561040445316;1.210556223008456;-1.5089226640925626
random_forest;por_genotipo;CD202;5;1808;B2_CD202_NIRR_REP_RECUP00012.asd;B2;CD202;NIRRIG;D10M;manha;D10;NIRRIG;NIRRIG;0.986;True;0.2509228970798253;-1.6397284842973006;0.4974834515004782;1.204255246192055;-1.4379123354182364
random_forest;por_genotipo;CD202;5;1809;B2_CD202_NIRR_REP_RECUP00013.asd;B2;CD202;NIRRIG;D10M;manha;D10;NIRRIG;NIRRIG;0.924;True;0.2494898199676771;-1.6402692441164213;0.4982968946618837;1.2063764742272072;-1.4377829793192944
random_forest;por_genotipo;CD202;5;1848;B3_CD202_IRR_REP_RECUP00004.asd;B3;CD202;IRRIG;D10M;manha;D10;IRRIG;IRRIG;0.014;True;0.194468001680108;-1.407475274235452;0.2867793851116973;1.2476878119500765;-1.4362337555808566
random_forest;por_genotipo;CD202;5;1849;B3_CD202_IRR_REP_RECUP00005.asd;B3;CD202;IRRIG;D10M;manha;D10;IRRIG;IRRIG;0.036;True;0.1980680150509106;-1.3921267861985644;0.2883978527987052;1.2462904134541104;-1.4469683887373703
random_forest;por_genotipo;CD202;5;1852;B3_CD202_NIRR_REP_RECUP00000.asd;B3;CD202;NIRRIG;D10M;manha;D10;NIRRIG;NIRRIG;0.878;True;0.2639895649326357;-1.5594801358239958;0.41699153548978;1.202923610519463;-1.4211148716013395
random_forest;por_genotipo;CD202;5;1854;B3_CD202_NIRR_REP_RECUP00002.asd;B3;CD202;NIRRIG;D10M;manha;D10;NIRRIG;NIRRIG;0.64;True;0.2561643328083101;-1.5541502516469867;0.4192586332699388;1.208057528807852;-1.4247131619882094
random_forest;por_genotipo;CD202;5;1897;B4_CD202_IRR_REP_RECUP00005.asd;B4;CD202;IRRIG;D10M;manha;D10;IRRIG;IRRIG;0.006;True;0.2086506649148841;-1.5047647301013078;0.3166042784856727;1.2440373561264773;-1.394571979325221
random_forest;por_genotipo;CD202;5;1900;B4_CD202_NIRR_REP_RECUP00000.asd;B4;CD202;NIRRIG;D10M;manha;D10;NIRRIG;NIRRIG;0.786;True;0.2299112657311543;-1.5442546867134002;0.4871689721716569;1.233436710161918;-1.4334407615075209
random_forest;por_genotipo;CD202;5;1902;B4_CD202_NIRR_REP_RECUP00002.asd;B4;CD202;NIRRIG;D10M;manha;D10;NIRRIG;NIRRIG;0.704;True;0.2242118744290509;-1.5402057154241908;0.4943063375243801;1.2403412664307636;-1.435922992558486
random_forest;por_genotipo;CD202;5;1904;B4_CD202_NIRR_REP_RECUP00004.asd;B4;CD202;NIRRIG;D10M;manha;D10;NIRRIG;NIRRIG;0.856;True;0.2165075043461124;-1.5594049353143586;0.4958568363443889;1.2421837313261226;-1.4223141650618956
