banda_nm;rho_spearman;p_valor;significativa;vip
350;-0.3142857142857143;0.5638888888888889;False;
351;-0.3142857142857143;0.5638888888888889;False;
352;0.2571428571428572;0.6583333333333333;False;
353;0.14285714285714288;0.8027777777777778;False;
354;-0.14285714285714288;0.8027777777777778;False;
355;-0.7714285714285715;0.10277777777777777;False;
356;-0.2;0.7138888888888889;False;
357;0.14285714285714288;0.8027777777777778;False;
358;-0.14285714285714288;0.8027777777777778;False;
359;-0.2;0.7138888888888889;False;
360;0.08571428571428573;0.9194444444444444;False;
361;-0.48571428571428577;0.35555555555555557;False;
362;-0.48571428571428577;0.35555555555555557;False;
363;-0.2;0.7138888888888889;False;
364;0.2571428571428572;0.6583333333333333;False;
365;0.08571428571428573;0.9194444444444444;False;
366;-0.2571428571428572;0.6583333333333333;False;
367;-0.2571428571428572;0.6583333333333333;False;
368;-0.4285714285714286;0.41944444444444445;False;
369;-0.4285714285714286;0.41944444444444445;False;
370;-0.5428571428571429;0.2972222222222222;False;
371;-0.5428571428571429;0.2972222222222222;False;
372;-0.2571428571428572;0.6583333333333333;False;
373;-0.4285714285714286;0.41944444444444445;False;
374;-0.5428571428571429;0.2972222222222222;False;
375;-0.4285714285714286;0.41944444444444445;False;
376;-0.3142857142857143;0.5638888888888889;False;
377;-0.3142857142857143;0.5638888888888889;False;
378;-0.5428571428571429;0.2972222222222222;False;
379;-0.4285714285714286;0.41944444444444445;False;
380;-0.5428571428571429;0.2972222222222222;False;
381;-0.5428571428571429;0.2972222222222222;False;
382;-0.4285714285714286;0.41944444444444445;False;
383;-0.4285714285714286;0.41944444444444445;False;
384;-0.5428571428571429;0.2972222222222222;False;
385;-0.48571428571428577;0.35555555555555557;False;
386;-0.48571428571428577;0.35555555555555557;False;
387;-0.48571428571428577;0.35555555555555557;False;
388;-0.5428571428571429;0.2972222222222222;False;
389;-0.48571428571428577;0.35555555555555557;False;
390;-0.5428571428571429;0.2972222222222222;False;
391;-0.4285714285714286;0.41944444444444445;False;
392;-0.5428571428571429;0.2972222222222222;False;
393;-0.48571428571428577;0.35555555555555557;False;
394;-0.5428571428571429;0.2972222222222222;False;
395;-0.5428571428571429;0.2972222222222222;False;
396;-0.48571428571428577;0.35555555555555557;False;
397;-0.48571428571428577;0.35555555555555557;False;
398;-0.5428571428571429;0.2972222222222222;False;
399;-0.5428571428571429;0.2972222222222222;False;
400;-0.5428571428571429;0.2972222222222222;False;
401;-0.48571428571428577;0.35555555555555557;False;
402;-0.48571428571428577;0.35555555555555557;False;
403;-0.5428571428571429;0.2972222222222222;False;
404;-0.48571428571428577;0.35555555555555557;False;
405;-0.48571428571428577;0.35555555555555557;False;
406;-0.48571428571428577;0.35555555555555557;False;
407;-0.5428571428571429;0.2972222222222222;False;
408;-0.5428571428571429;0.2972222222222222;False;
409;-0.48571428571428577;0.35555555555555557;False;
410;-0.48571428571428577;0.35555555555555557;False;
411;-0.48571428571428577;0.35555555555555557;False;
412;-0.48571428571428577;0.35555555555555557;False;
413;-0.48571428571428577;0.35555555555555557;False;
414;-0.48571428571428577;0.35555555555555557;False;
415;-0.48571428571428577;0.35555555555555557;False;
416;-0.48571428571428577;0.35555555555555557;False;
417;-0.48571428571428577;0.35555555555555557;False;
418;-0.48571428571428577;0.35555555555555557;False;
419;-0.48571428571428577;0.35555555555555557;False;
420;-0.48571428571428577;0.35555555555555557;False;
421;-0.5428571428571429;0.2972222222222222;False;
422;-0.48571428571428577;0.35555555555555557;False;
423;-0.5428571428571429;0.2972222222222222;False;
424;-0.5428571428571429;0.2972222222222222;False;
425;-0.5428571428571429;0.2972222222222222;False;
426;-0.5428571428571429;0.2972222222222222;False;
427;-0.5428571428571429;0.2972222222222222;False;
428;-0.5428571428571429;0.2972222222222222;False;
429;-0.5428571428571429;0.2972222222222222;False;
430;-0.48571428571428577;0.35555555555555557;False;
431;-0.48571428571428577;0.35555555555555557;False;
432;-0.48571428571428577;0.35555555555555557;False;
433;-0.5428571428571429;0.2972222222222222;False;
434;-0.5428571428571429;0.2972222222222222;False;
435;-0.5428571428571429;0.2972222222222222;False;
436;-0.5428571428571429;0.2972222222222222;False;
437;-0.5428571428571429;0.2972222222222222;False;
438;-0.5428571428571429;0.2972222222222222;False;
439;-0.5428571428571429;0.2972222222222222;False;
440;-0.5428571428571429;0.2972222222222222;False;
441;-0.5428571428571429;0.2972222222222222;False;
442;-0.5428571428571429;0.2972222222222222;False;
443;-0.5428571428571429;0.2972222222222222;False;
444;-0.5428571428571429;0.2972222222222222;False;
445;-0.5428571428571429;0.2972222222222222;False;
446;-0.5428571428571429;0.2972222222222222;False;
447;-0.5428571428571429;0.2972222222222222;False;
448;-0.5428571428571429;0.2972222222222222;False;
449;-0.5428571428571429;0.2972222222222222;False;
450;-0.5428571428571429;0.2972222222222222;False;
451;-0.5428571428571429;0.2972222222222222;False;
452;-0.5428571428571429;0.2972222222222222;False;
453;-0.5428571428571429;0.2972222222222222;False;
454;-0.5428571428571429;0.2972222222222222;False;
455;-0.4285714285714286;0.41944444444444445;False;
456;-0.5428571428571429;0.2972222222222222;False;
457;-0.4285714285714286;0.41944444444444445;False;
458;-0.4285714285714286;0.41944444444444445;False;
459;-0.4285714285714286;0.41944444444444445;False;
460;-0.4285714285714286;0.41944444444444445;False;
461;-0.4285714285714286;0.41944444444444445;False;
462;-0.4285714285714286;0.41944444444444445;False;
463;-0.4285714285714286;0.41944444444444445;False;
464;-0.4285714285714286;0.41944444444444445;False;
465;-0.4285714285714286;0.41944444444444445;False;
466;-0.4285714285714286;0.41944444444444445;False;
467;-0.4285714285714286;0.41944444444444445;False;
468;-0.4285714285714286;0.41944444444444445;False;
469;-0.4285714285714286;0.41944444444444445;False;
470;-0.4285714285714286;0.41944444444444445;False;
471;-0.4285714285714286;0.41944444444444445;False;
472;-0.4285714285714286;0.41944444444444445;False;
473;-0.4285714285714286;0.41944444444444445;False;
474;-0.4285714285714286;0.41944444444444445;False;
475;-0.4285714285714286;0.41944444444444445;False;
476;-0.4285714285714286;0.41944444444444445;False;
477;-0.4285714285714286;0.41944444444444445;False;
478;-0.4285714285714286;0.41944444444444445;False;
479;-0.4285714285714286;0.41944444444444445;False;
480;-0.4285714285714286;0.41944444444444445;False;
481;-0.4285714285714286;0.41944444444444445;False;
482;-0.4285714285714286;0.41944444444444445;False;
483;-0.4285714285714286;0.41944444444444445;False;
484;-0.4285714285714286;0.41944444444444445;False;
485;-0.4285714285714286;0.41944444444444445;False;
486;-0.4285714285714286;0.41944444444444445;False;
487;-0.4285714285714286;0.41944444444444445;False;
488;-0.4285714285714286;0.41944444444444445;False;
489;-0.4285714285714286;0.41944444444444445;False;
490;-0.4285714285714286;0.41944444444444445;False;
491;-0.4285714285714286;0.41944444444444445;False;
492;-0.4285714285714286;0.41944444444444445;False;
493;-0.5428571428571429;0.2972222222222222;False;
494;-0.3714285714285715;0.49722222222222223;False;
495;-0.3714285714285715;0.49722222222222223;False;
496;-0.3714285714285715;0.49722222222222223;False;
497;-0.3714285714285715;0.49722222222222223;False;
498;-0.4285714285714286;0.41944444444444445;False;
499;-0.4285714285714286;0.41944444444444445;False;
500;-0.3714285714285715;0.49722222222222223;False;
501;-0.6;0.24166666666666667;False;
502;-0.6;0.24166666666666667;False;
503;-0.6;0.24166666666666667;False;
504;-0.6;0.24166666666666667;False;
505;-0.6;0.24166666666666667;False;
506;-0.6;0.24166666666666667;False;
507;-0.6;0.24166666666666667;False;
508;-0.6;0.24166666666666667;False;
509;-0.6;0.24166666666666667;False;
510;-0.48571428571428577;0.35555555555555557;False;
511;-0.48571428571428577;0.35555555555555557;False;
512;-0.48571428571428577;0.35555555555555557;False;
513;-0.48571428571428577;0.35555555555555557;False;
514;-0.48571428571428577;0.35555555555555557;False;
515;-0.48571428571428577;0.35555555555555557;False;
516;-0.48571428571428577;0.35555555555555557;False;
517;-0.48571428571428577;0.35555555555555557;False;
518;-0.48571428571428577;0.35555555555555557;False;
519;-0.48571428571428577;0.35555555555555557;False;
520;-0.48571428571428577;0.35555555555555557;False;
521;-0.4285714285714286;0.41944444444444445;False;
522;-0.4285714285714286;0.41944444444444445;False;
523;-0.4285714285714286;0.41944444444444445;False;
524;-0.4285714285714286;0.41944444444444445;False;
525;-0.4285714285714286;0.41944444444444445;False;
526;-0.4285714285714286;0.41944444444444445;False;
527;-0.4285714285714286;0.41944444444444445;False;
528;-0.4285714285714286;0.41944444444444445;False;
529;-0.4285714285714286;0.41944444444444445;False;
530;-0.4285714285714286;0.41944444444444445;False;
531;-0.4285714285714286;0.41944444444444445;False;
532;-0.4285714285714286;0.41944444444444445;False;
533;-0.4285714285714286;0.41944444444444445;False;
534;-0.4285714285714286;0.41944444444444445;False;
535;-0.4285714285714286;0.41944444444444445;False;
536;-0.4285714285714286;0.41944444444444445;False;
537;-0.4285714285714286;0.41944444444444445;False;
538;-0.4285714285714286;0.41944444444444445;False;
539;-0.4285714285714286;0.41944444444444445;False;
540;-0.4285714285714286;0.41944444444444445;False;
541;-0.4285714285714286;0.41944444444444445;False;
542;-0.4285714285714286;0.41944444444444445;False;
543;-0.4285714285714286;0.41944444444444445;False;
544;-0.4285714285714286;0.41944444444444445;False;
545;-0.4285714285714286;0.41944444444444445;False;
546;-0.4285714285714286;0.41944444444444445;False;
547;-0.4285714285714286;0.41944444444444445;False;
548;-0.4285714285714286;0.41944444444444445;False;
549;-0.4285714285714286;0.41944444444444445;False;
550;-0.4285714285714286;0.41944444444444445;False;
551;-0.4285714285714286;0.41944444444444445;False;
552;-0.4285714285714286;0.41944444444444445;False;
553;-0.4285714285714286;0.41944444444444445;False;
554;-0.4285714285714286;0.41944444444444445;False;
555;-0.4285714285714286;0.41944444444444445;False;
556;-0.4285714285714286;0.41944444444444445;False;
557;-0.4285714285714286;0.41944444444444445;False;
558;-0.4285714285714286;0.41944444444444445;False;
559;-0.4285714285714286;0.41944444444444445;False;
560;-0.4285714285714286;0.41944444444444445;False;
561;-0.4285714285714286;0.41944444444444445;False;
562;-0.4285714285714286;0.41944444444444445;False;
563;-0.4285714285714286;0.41944444444444445;False;
564;-0.4285714285714286;0.41944444444444445;False;
565;-0.4285714285714286;0.41944444444444445;False;
566;-0.4285714285714286;0.41944444444444445;False;
567;-0.4285714285714286;0.41944444444444445;False;
568;-0.4285714285714286;0.41944444444444445;False;
569;-0.4285714285714286;0.41944444444444445;False;
570;-0.4285714285714286;0.41944444444444445;False;
571;-0.4285714285714286;0.41944444444444445;False;
572;-0.4285714285714286;0.41944444444444445;False;
573;-0.4285714285714286;0.41944444444444445;False;
574;-0.4285714285714286;0.41944444444444445;False;
575;-0.4285714285714286;0.41944444444444445;False;
576;-0.4285714285714286;0.41944444444444445;False;
577;-0.4285714285714286;0.41944444444444445;False;
578;-0.4285714285714286;0.41944444444444445;False;
579;-0.4285714285714286;0.41944444444444445;False;
580;-0.4285714285714286;0.41944444444444445;False;
581;-0.4285714285714286;0.41944444444444445;False;
582;-0.4285714285714286;0.41944444444444445;False;
583;-0.4285714285714286;0.41944444444444445;False;
584;-0.4285714285714286;0.41944444444444445;False;
585;-0.4285714285714286;0.41944444444444445;False;
586;-0.4285714285714286;0.41944444444444445;False;
587;-0.4285714285714286;0.41944444444444445;False;
588;-0.4285714285714286;0.41944444444444445;False;
589;-0.4285714285714286;0.41944444444444445;False;
590;-0.4285714285714286;0.41944444444444445;False;
591;-0.4285714285714286;0.41944444444444445;False;
592;-0.4285714285714286;0.41944444444444445;False;
593;-0.4285714285714286;0.41944444444444445;False;
594;-0.4285714285714286;0.41944444444444445;False;
595;-0.4285714285714286;0.41944444444444445;False;
596;-0.4285714285714286;0.41944444444444445;False;
597;-0.4285714285714286;0.41944444444444445;False;
598;-0.48571428571428577;0.35555555555555557;False;
599;-0.48571428571428577;0.35555555555555557;False;
600;-0.48571428571428577;0.35555555555555557;False;
601;-0.48571428571428577;0.35555555555555557;False;
602;-0.48571428571428577;0.35555555555555557;False;
603;-0.48571428571428577;0.35555555555555557;False;
604;-0.48571428571428577;0.35555555555555557;False;
605;-0.48571428571428577;0.35555555555555557;False;
606;-0.48571428571428577;0.35555555555555557;False;
607;-0.48571428571428577;0.35555555555555557;False;
608;-0.48571428571428577;0.35555555555555557;False;
609;-0.48571428571428577;0.35555555555555557;False;
610;-0.48571428571428577;0.35555555555555557;False;
611;-0.48571428571428577;0.35555555555555557;False;
612;-0.48571428571428577;0.35555555555555557;False;
613;-0.48571428571428577;0.35555555555555557;False;
614;-0.48571428571428577;0.35555555555555557;False;
615;-0.6;0.24166666666666667;False;
616;-0.6;0.24166666666666667;False;
617;-0.6;0.24166666666666667;False;
618;-0.6;0.24166666666666667;False;
619;-0.6;0.24166666666666667;False;
620;-0.6;0.24166666666666667;False;
621;-0.6;0.24166666666666667;False;
622;-0.6;0.24166666666666667;False;
623;-0.6;0.24166666666666667;False;
624;-0.6;0.24166666666666667;False;
625;-0.6;0.24166666666666667;False;
626;-0.6;0.24166666666666667;False;
627;-0.6;0.24166666666666667;False;
628;-0.6;0.24166666666666667;False;
629;-0.6;0.24166666666666667;False;
630;-0.6;0.24166666666666667;False;
631;-0.6;0.24166666666666667;False;
632;-0.6;0.24166666666666667;False;
633;-0.6;0.24166666666666667;False;
634;-0.6;0.24166666666666667;False;
635;-0.6;0.24166666666666667;False;
636;-0.6;0.24166666666666667;False;
637;-0.6;0.24166666666666667;False;
638;-0.6;0.24166666666666667;False;
639;-0.6;0.24166666666666667;False;
640;-0.6;0.24166666666666667;False;
641;-0.6;0.24166666666666667;False;
642;-0.6;0.24166666666666667;False;
643;-0.6;0.24166666666666667;False;
644;-0.6;0.24166666666666667;False;
645;-0.6;0.24166666666666667;False;
646;-0.6;0.24166666666666667;False;
647;-0.6;0.24166666666666667;False;
648;-0.6;0.24166666666666667;False;
649;-0.6;0.24166666666666667;False;
650;-0.6;0.24166666666666667;False;
651;-0.6;0.24166666666666667;False;
652;-0.6;0.24166666666666667;False;
653;-0.6;0.24166666666666667;False;
654;-0.6571428571428573;0.175;False;
655;-0.6571428571428573;0.175;False;
656;-0.6571428571428573;0.175;False;
657;-0.6571428571428573;0.175;False;
658;-0.6571428571428573;0.175;False;
659;-0.6571428571428573;0.175;False;
660;-0.6571428571428573;0.175;False;
661;-0.6571428571428573;0.175;False;
662;-0.8285714285714287;0.058333333333333334;False;
663;-0.8285714285714287;0.058333333333333334;False;
664;-0.8285714285714287;0.058333333333333334;False;
665;-0.8285714285714287;0.058333333333333334;False;
666;-0.8285714285714287;0.058333333333333334;False;
667;-0.8285714285714287;0.058333333333333334;False;
668;-0.8285714285714287;0.058333333333333334;False;
669;-0.8285714285714287;0.058333333333333334;False;
670;-0.8285714285714287;0.058333333333333334;False;
671;-0.8285714285714287;0.058333333333333334;False;
672;-0.6571428571428573;0.175;False;
673;-0.6571428571428573;0.175;False;
674;-0.6571428571428573;0.175;False;
675;-0.6571428571428573;0.175;False;
676;-0.6571428571428573;0.175;False;
677;-0.6571428571428573;0.175;False;
678;-0.6571428571428573;0.175;False;
679;-0.6571428571428573;0.175;False;
680;-0.6571428571428573;0.175;False;
681;-0.6571428571428573;0.175;False;
682;-0.6;0.24166666666666667;False;
683;-0.6;0.24166666666666667;False;
684;-0.6;0.24166666666666667;False;
685;-0.6;0.24166666666666667;False;
686;-0.6;0.24166666666666667;False;
687;-0.5428571428571429;0.2972222222222222;False;
688;-0.5428571428571429;0.2972222222222222;False;
689;-0.5428571428571429;0.2972222222222222;False;
690;-0.5428571428571429;0.2972222222222222;False;
691;-0.4285714285714286;0.41944444444444445;False;
692;-0.4285714285714286;0.41944444444444445;False;
693;-0.4285714285714286;0.41944444444444445;False;
694;-0.4285714285714286;0.41944444444444445;False;
695;-0.4285714285714286;0.41944444444444445;False;
696;-0.4285714285714286;0.41944444444444445;False;
697;-0.4285714285714286;0.41944444444444445;False;
698;-0.4285714285714286;0.41944444444444445;False;
699;-0.4285714285714286;0.41944444444444445;False;
700;-0.4285714285714286;0.41944444444444445;False;
701;-0.4285714285714286;0.41944444444444445;False;
702;-0.4285714285714286;0.41944444444444445;False;
703;-0.4285714285714286;0.41944444444444445;False;
704;-0.4285714285714286;0.41944444444444445;False;
705;-0.4285714285714286;0.41944444444444445;False;
706;-0.4285714285714286;0.41944444444444445;False;
707;-0.3714285714285715;0.49722222222222223;False;
708;-0.3714285714285715;0.49722222222222223;False;
709;-0.3714285714285715;0.49722222222222223;False;
710;-0.3714285714285715;0.49722222222222223;False;
711;-0.3714285714285715;0.49722222222222223;False;
712;-0.3714285714285715;0.49722222222222223;False;
713;-0.3714285714285715;0.49722222222222223;False;
714;-0.3714285714285715;0.49722222222222223;False;
715;-0.3714285714285715;0.49722222222222223;False;
716;-0.3714285714285715;0.49722222222222223;False;
717;-0.3714285714285715;0.49722222222222223;False;
718;-0.3714285714285715;0.49722222222222223;False;
719;-0.3714285714285715;0.49722222222222223;False;
720;-0.08571428571428573;0.9194444444444444;False;
721;-0.08571428571428573;0.9194444444444444;False;
722;-0.08571428571428573;0.9194444444444444;False;
723;0.14285714285714288;0.8027777777777778;False;
724;0.14285714285714288;0.8027777777777778;False;
725;0.14285714285714288;0.8027777777777778;False;
726;0.14285714285714288;0.8027777777777778;False;
727;0.14285714285714288;0.8027777777777778;False;
728;0.14285714285714288;0.8027777777777778;False;
729;0.14285714285714288;0.8027777777777778;False;
730;0.3142857142857143;0.5638888888888889;False;
731;0.5428571428571429;0.2972222222222222;False;
732;0.5428571428571429;0.2972222222222222;False;
733;0.7142857142857143;0.1361111111111111;False;
734;0.7142857142857143;0.1361111111111111;False;
735;0.7142857142857143;0.1361111111111111;False;
736;0.7142857142857143;0.1361111111111111;False;
737;0.7142857142857143;0.1361111111111111;False;
738;0.8285714285714287;0.058333333333333334;False;
739;0.8285714285714287;0.058333333333333334;False;
740;0.8285714285714287;0.058333333333333334;False;
741;0.8285714285714287;0.058333333333333334;False;
742;0.8285714285714287;0.058333333333333334;False;
743;0.8285714285714287;0.058333333333333334;False;
744;0.8285714285714287;0.058333333333333334;False;
745;0.8285714285714287;0.058333333333333334;False;
746;0.8285714285714287;0.058333333333333334;False;
747;0.8285714285714287;0.058333333333333334;False;
748;0.8285714285714287;0.058333333333333334;False;
749;0.8285714285714287;0.058333333333333334;False;
750;0.942857142857143;0.016666666666666666;True;0.9360746356795101
751;0.942857142857143;0.016666666666666666;True;0.9425903879602255
752;0.942857142857143;0.016666666666666666;True;0.9480559946108306
753;0.942857142857143;0.016666666666666666;True;0.9527504539962052
754;0.942857142857143;0.016666666666666666;True;0.9568797511940883
755;0.942857142857143;0.016666666666666666;True;0.9605618345175435
756;0.942857142857143;0.016666666666666666;True;0.9637408015554327
757;0.942857142857143;0.016666666666666666;True;0.966627404689517
758;0.942857142857143;0.016666666666666666;True;0.9693889279231641
759;0.942857142857143;0.016666666666666666;True;0.9716740690791313
760;0.942857142857143;0.016666666666666666;True;0.9737937174365043
761;0.942857142857143;0.016666666666666666;True;0.9756943676459249
762;0.942857142857143;0.016666666666666666;True;0.9771485470626322
763;0.942857142857143;0.016666666666666666;True;0.9785792409371838
764;1.0;0.002777777777777778;True;0.9798390039159154
765;1.0;0.002777777777777778;True;0.980914920255452
766;1.0;0.002777777777777778;True;0.9820544628650775
767;1.0;0.002777777777777778;True;0.9831481379193819
768;1.0;0.002777777777777778;True;0.9842469020119246
769;1.0;0.002777777777777778;True;0.9852895213373977
770;1.0;0.002777777777777778;True;0.9858444127199665
771;1.0;0.002777777777777778;True;0.9862900195682021
772;1.0;0.002777777777777778;True;0.9868562930075255
773;1.0;0.002777777777777778;True;0.9876083527132795
774;1.0;0.002777777777777778;True;0.988184064247848
775;1.0;0.002777777777777778;True;0.9885527436399716
776;1.0;0.002777777777777778;True;0.9888493142394196
777;1.0;0.002777777777777778;True;0.9892798541197986
778;1.0;0.002777777777777778;True;0.9895295323432773
779;1.0;0.002777777777777778;True;0.9897628415861202
780;1.0;0.002777777777777778;True;0.9900945943828077
781;1.0;0.002777777777777778;True;0.9904794342509147
782;1.0;0.002777777777777778;True;0.9906523272421146
783;1.0;0.002777777777777778;True;0.9907914724078202
784;1.0;0.002777777777777778;True;0.9910535877064591
785;1.0;0.002777777777777778;True;0.9912309967810784
786;1.0;0.002777777777777778;True;0.99137511522861
787;1.0;0.002777777777777778;True;0.9915348132909337
788;1.0;0.002777777777777778;True;0.9917327418541488
789;1.0;0.002777777777777778;True;0.9918536578168795
790;1.0;0.002777777777777778;True;0.9919962669267486
791;1.0;0.002777777777777778;True;0.9921440868777011
792;1.0;0.002777777777777778;True;0.992201381395453
793;1.0;0.002777777777777778;True;0.9922623825344362
794;1.0;0.002777777777777778;True;0.992212953012458
795;1.0;0.002777777777777778;True;0.9920968440973593
796;1.0;0.002777777777777778;True;0.9921830118737174
797;1.0;0.002777777777777778;True;0.9923857673940736
798;1.0;0.002777777777777778;True;0.9924776200064638
799;1.0;0.002777777777777778;True;0.9924146063862394
800;1.0;0.002777777777777778;True;0.9926495537276043
801;1.0;0.002777777777777778;True;0.9927094557289738
802;1.0;0.002777777777777778;True;0.9926163349416651
803;1.0;0.002777777777777778;True;0.9925448043927101
804;1.0;0.002777777777777778;True;0.9925471478909426
805;1.0;0.002777777777777778;True;0.9924895330628132
806;1.0;0.002777777777777778;True;0.9924704618675466
807;1.0;0.002777777777777778;True;0.9926621832125256
808;1.0;0.002777777777777778;True;0.9927841210714086
809;1.0;0.002777777777777778;True;0.9927971676372516
810;1.0;0.002777777777777778;True;0.9927472182074346
811;1.0;0.002777777777777778;True;0.9927405032619102
812;1.0;0.002777777777777778;True;0.992861971783773
813;1.0;0.002777777777777778;True;0.9929382060071614
814;1.0;0.002777777777777778;True;0.9928872256142209
815;1.0;0.002777777777777778;True;0.9928338606979896
816;1.0;0.002777777777777778;True;0.9929608963902748
817;1.0;0.002777777777777778;True;0.9931348529527866
818;1.0;0.002777777777777778;True;0.9932260646891337
819;1.0;0.002777777777777778;True;0.9933477352649547
820;1.0;0.002777777777777778;True;0.99339711269492
821;1.0;0.002777777777777778;True;0.9933359438946999
822;1.0;0.002777777777777778;True;0.9932071708909422
823;1.0;0.002777777777777778;True;0.9932478598537512
824;1.0;0.002777777777777778;True;0.9933459322691787
825;1.0;0.002777777777777778;True;0.9934208945373906
826;1.0;0.002777777777777778;True;0.9934324391385165
827;1.0;0.002777777777777778;True;0.9934427180427755
828;1.0;0.002777777777777778;True;0.9933040539952394
829;1.0;0.002777777777777778;True;0.9931394241625928
830;1.0;0.002777777777777778;True;0.9932586584913026
831;1.0;0.002777777777777778;True;0.9931965080851519
832;1.0;0.002777777777777778;True;0.9932614343534291
833;1.0;0.002777777777777778;True;0.9935324869751383
834;1.0;0.002777777777777778;True;0.9936687084256242
835;1.0;0.002777777777777778;True;0.9936764335774549
836;1.0;0.002777777777777778;True;0.9935094465514474
837;1.0;0.002777777777777778;True;0.9932785867614333
838;1.0;0.002777777777777778;True;0.9933848279297193
839;1.0;0.002777777777777778;True;0.9935026175770144
840;1.0;0.002777777777777778;True;0.9935325178010515
841;1.0;0.002777777777777778;True;0.9935098265437772
842;1.0;0.002777777777777778;True;0.993671872908202
843;1.0;0.002777777777777778;True;0.9937315478054944
844;1.0;0.002777777777777778;True;0.993765070544759
845;1.0;0.002777777777777778;True;0.9938952481668889
846;1.0;0.002777777777777778;True;0.9938316241342019
847;1.0;0.002777777777777778;True;0.9938128310791611
848;1.0;0.002777777777777778;True;0.99380453156472
849;1.0;0.002777777777777778;True;0.9936575258478262
850;1.0;0.002777777777777778;True;0.9934849574737753
851;1.0;0.002777777777777778;True;0.9934775654218585
852;1.0;0.002777777777777778;True;0.9936011418243382
853;1.0;0.002777777777777778;True;0.9936719382118626
854;1.0;0.002777777777777778;True;0.9938009863893411
855;1.0;0.002777777777777778;True;0.9938174841930695
856;1.0;0.002777777777777778;True;0.9937684689191111
857;1.0;0.002777777777777778;True;0.9938980289107536
858;1.0;0.002777777777777778;True;0.9938025780850892
859;1.0;0.002777777777777778;True;0.9937333904294495
860;1.0;0.002777777777777778;True;0.9937515357669975
861;1.0;0.002777777777777778;True;0.9935625744595973
862;1.0;0.002777777777777778;True;0.9936602417799622
863;1.0;0.002777777777777778;True;0.993781668403062
864;1.0;0.002777777777777778;True;0.9937408215295671
865;1.0;0.002777777777777778;True;0.9937428102542514
866;1.0;0.002777777777777778;True;0.9937855464666865
867;1.0;0.002777777777777778;True;0.9938158421177009
868;1.0;0.002777777777777778;True;0.9937765797232019
869;1.0;0.002777777777777778;True;0.993629206286088
870;1.0;0.002777777777777778;True;0.9935771807520501
871;1.0;0.002777777777777778;True;0.9936323745274328
872;1.0;0.002777777777777778;True;0.9937336201427109
873;1.0;0.002777777777777778;True;0.9938376084601641
874;1.0;0.002777777777777778;True;0.99367501238349
875;1.0;0.002777777777777778;True;0.9934833087051803
876;1.0;0.002777777777777778;True;0.9935591797877473
877;1.0;0.002777777777777778;True;0.9937429792365062
878;1.0;0.002777777777777778;True;0.9937661668653749
879;1.0;0.002777777777777778;True;0.9936631418609116
880;1.0;0.002777777777777778;True;0.9935931244016185
881;1.0;0.002777777777777778;True;0.9935699947629513
882;1.0;0.002777777777777778;True;0.9937439564047841
883;1.0;0.002777777777777778;True;0.9938610456712781
884;1.0;0.002777777777777778;True;0.9936442687032343
885;1.0;0.002777777777777778;True;0.9937058739191335
886;1.0;0.002777777777777778;True;0.9937580838303212
887;1.0;0.002777777777777778;True;0.9937305086462367
888;1.0;0.002777777777777778;True;0.993702576867522
889;1.0;0.002777777777777778;True;0.9936807813990838
890;1.0;0.002777777777777778;True;0.9937219934328347
891;1.0;0.002777777777777778;True;0.993770460034044
892;1.0;0.002777777777777778;True;0.9937138673935547
893;1.0;0.002777777777777778;True;0.9935776135262157
894;1.0;0.002777777777777778;True;0.9935358922306213
895;1.0;0.002777777777777778;True;0.9935884998261159
896;1.0;0.002777777777777778;True;0.9936024698895641
897;1.0;0.002777777777777778;True;0.9935555372558251
898;1.0;0.002777777777777778;True;0.993632473058766
899;1.0;0.002777777777777778;True;0.9937782987734501
900;1.0;0.002777777777777778;True;0.9937689776780261
901;1.0;0.002777777777777778;True;0.9937358869475493
902;1.0;0.002777777777777778;True;0.9936345941338359
903;1.0;0.002777777777777778;True;0.9935841781644996
904;1.0;0.002777777777777778;True;0.9937729697187748
905;1.0;0.002777777777777778;True;0.9937658669527972
906;1.0;0.002777777777777778;True;0.9937510989508888
907;1.0;0.002777777777777778;True;0.9937657991864907
908;1.0;0.002777777777777778;True;0.9936752963475922
909;1.0;0.002777777777777778;True;0.9935766887129512
910;1.0;0.002777777777777778;True;0.9934882879557755
911;1.0;0.002777777777777778;True;0.9935111021037738
912;1.0;0.002777777777777778;True;0.9937372679698983
913;1.0;0.002777777777777778;True;0.993556963023783
914;1.0;0.002777777777777778;True;0.9935222428578304
915;1.0;0.002777777777777778;True;0.9937623179572262
916;1.0;0.002777777777777778;True;0.9939142212856549
917;1.0;0.002777777777777778;True;0.9938978058652633
918;1.0;0.002777777777777778;True;0.993902002382721
919;1.0;0.002777777777777778;True;0.9939752929569675
920;1.0;0.002777777777777778;True;0.9940193499072937
921;1.0;0.002777777777777778;True;0.9940631070396664
922;1.0;0.002777777777777778;True;0.9939880933646296
923;1.0;0.002777777777777778;True;0.9939629298247843
924;1.0;0.002777777777777778;True;0.9942747469206399
925;1.0;0.002777777777777778;True;0.9942602752138807
926;1.0;0.002777777777777778;True;0.9943577623609455
927;1.0;0.002777777777777778;True;0.9946357455823869
928;1.0;0.002777777777777778;True;0.9948196689344385
929;1.0;0.002777777777777778;True;0.9949383554646078
930;1.0;0.002777777777777778;True;0.994938735557851
931;1.0;0.002777777777777778;True;0.9949293813636264
932;1.0;0.002777777777777778;True;0.995026800918335
933;1.0;0.002777777777777778;True;0.9947066427611931
934;1.0;0.002777777777777778;True;0.9945498532936187
935;1.0;0.002777777777777778;True;0.9947869341132455
936;1.0;0.002777777777777778;True;0.9952373751310892
937;1.0;0.002777777777777778;True;0.9952960264805061
938;1.0;0.002777777777777778;True;0.9954354859656196
939;1.0;0.002777777777777778;True;0.9956964224108975
940;1.0;0.002777777777777778;True;0.9958592464563735
941;1.0;0.002777777777777778;True;0.9958598504256095
942;1.0;0.002777777777777778;True;0.9958978300419593
943;1.0;0.002777777777777778;True;0.9960239828693271
944;1.0;0.002777777777777778;True;0.9962115654245899
945;1.0;0.002777777777777778;True;0.9964777178965801
946;1.0;0.002777777777777778;True;0.9967669722908763
947;1.0;0.002777777777777778;True;0.9970938675153546
948;1.0;0.002777777777777778;True;0.9974424275216712
949;1.0;0.002777777777777778;True;0.9976132251614459
950;1.0;0.002777777777777778;True;0.9978068392427527
951;1.0;0.002777777777777778;True;0.9980602920666821
952;1.0;0.002777777777777778;True;0.9983123909021145
953;1.0;0.002777777777777778;True;0.9984416935268212
954;1.0;0.002777777777777778;True;0.9982682445748849
955;1.0;0.002777777777777778;True;0.9981826697448669
956;1.0;0.002777777777777778;True;0.9983960289296028
957;1.0;0.002777777777777778;True;0.9985022863635507
958;1.0;0.002777777777777778;True;0.9985460424729543
959;1.0;0.002777777777777778;True;0.9985468665066893
960;1.0;0.002777777777777778;True;0.998583743749125
961;1.0;0.002777777777777778;True;0.9987657147857971
962;1.0;0.002777777777777778;True;0.9988617120954778
963;1.0;0.002777777777777778;True;0.998755627342736
964;1.0;0.002777777777777778;True;0.9986675413243405
965;1.0;0.002777777777777778;True;0.9989940919270281
966;1.0;0.002777777777777778;True;0.9991120634493427
967;1.0;0.002777777777777778;True;0.9990924617643911
968;1.0;0.002777777777777778;True;0.9990442161451522
969;1.0;0.002777777777777778;True;0.9990001284634188
970;1.0;0.002777777777777778;True;0.9987874714194729
971;1.0;0.002777777777777778;True;0.9985783550576376
972;1.0;0.002777777777777778;True;0.9986183888164587
973;1.0;0.002777777777777778;True;0.9989038095979121
974;1.0;0.002777777777777778;True;0.9984209061556629
975;1.0;0.002777777777777778;True;0.9980632219112316
976;1.0;0.002777777777777778;True;0.9981270400452147
977;1.0;0.002777777777777778;True;0.998434286427767
978;1.0;0.002777777777777778;True;0.9983605557906361
979;1.0;0.002777777777777778;True;0.9983505883147072
980;1.0;0.002777777777777778;True;0.9981563764242346
981;1.0;0.002777777777777778;True;0.99772283300059
982;1.0;0.002777777777777778;True;0.9976415006505414
983;1.0;0.002777777777777778;True;0.99780656568408
984;1.0;0.002777777777777778;True;0.9974879209883415
985;1.0;0.002777777777777778;True;0.9970928183684201
986;1.0;0.002777777777777778;True;0.9980575366727098
987;1.0;0.002777777777777778;True;0.9975972968168052
988;1.0;0.002777777777777778;True;0.9971437025785983
989;1.0;0.002777777777777778;True;0.9972740962152538
990;1.0;0.002777777777777778;True;0.9974236568342054
991;1.0;0.002777777777777778;True;0.9970809370413632
992;1.0;0.002777777777777778;True;0.9975169330172693
993;1.0;0.002777777777777778;True;0.9979443027458448
994;1.0;0.002777777777777778;True;0.997318800060203
995;1.0;0.002777777777777778;True;0.9974243595299424
996;1.0;0.002777777777777778;True;0.9972558983108817
997;1.0;0.002777777777777778;True;0.9968263687092594
998;1.0;0.002777777777777778;True;0.9964633151768457
999;1.0;0.002777777777777778;True;0.9964090635912745
1000;1.0;0.002777777777777778;True;0.9966057464681782
1001;1.0;0.002777777777777778;True;1.0282115045025324
1002;1.0;0.002777777777777778;True;1.0282267435192238
1003;1.0;0.002777777777777778;True;1.0283680541116016
1004;1.0;0.002777777777777778;True;1.0284363865214614
1005;1.0;0.002777777777777778;True;1.0285033061816657
1006;1.0;0.002777777777777778;True;1.0286167817774596
1007;1.0;0.002777777777777778;True;1.0285233578731263
1008;1.0;0.002777777777777778;True;1.0283854153651248
1009;1.0;0.002777777777777778;True;1.0283687914686885
1010;1.0;0.002777777777777778;True;1.028298413420203
1011;1.0;0.002777777777777778;True;1.0281997314111002
1012;1.0;0.002777777777777778;True;1.0281721325484519
1013;1.0;0.002777777777777778;True;1.0280938365624481
1014;1.0;0.002777777777777778;True;1.027809273878683
1015;1.0;0.002777777777777778;True;1.0277461542494923
1016;1.0;0.002777777777777778;True;1.027775699245774
1017;1.0;0.002777777777777778;True;1.0278471256582886
1018;1.0;0.002777777777777778;True;1.0280029767621948
1019;1.0;0.002777777777777778;True;1.0281767519382603
1020;1.0;0.002777777777777778;True;1.028234942825466
1021;1.0;0.002777777777777778;True;1.0280491489762205
1022;1.0;0.002777777777777778;True;1.0280356942434186
1023;1.0;0.002777777777777778;True;1.0280136972419047
1024;1.0;0.002777777777777778;True;1.0279338727554213
1025;1.0;0.002777777777777778;True;1.0278205728247607
1026;1.0;0.002777777777777778;True;1.0278814373697691
1027;1.0;0.002777777777777778;True;1.0280317920519344
1028;1.0;0.002777777777777778;True;1.0280054649007246
1029;1.0;0.002777777777777778;True;1.0280835498805978
1030;1.0;0.002777777777777778;True;1.0280533316408873
1031;1.0;0.002777777777777778;True;1.027795368798195
1032;1.0;0.002777777777777778;True;1.0275260027467625
1033;1.0;0.002777777777777778;True;1.0275455401634517
1034;1.0;0.002777777777777778;True;1.0276002507989097
1035;1.0;0.002777777777777778;True;1.027640195542181
1036;1.0;0.002777777777777778;True;1.02783088199434
1037;1.0;0.002777777777777778;True;1.027935942954263
1038;1.0;0.002777777777777778;True;1.0279974706838237
1039;1.0;0.002777777777777778;True;1.0280939652588121
1040;1.0;0.002777777777777778;True;1.0282242487494453
1041;1.0;0.002777777777777778;True;1.028271194845145
1042;1.0;0.002777777777777778;True;1.0283389456487508
1043;1.0;0.002777777777777778;True;1.028347976311289
1044;1.0;0.002777777777777778;True;1.0281948824333393
1045;1.0;0.002777777777777778;True;1.0282332933757523
1046;1.0;0.002777777777777778;True;1.0283475057200155
1047;1.0;0.002777777777777778;True;1.0284382936585474
1048;1.0;0.002777777777777778;True;1.028646468723033
1049;1.0;0.002777777777777778;True;1.0286979647149301
1050;1.0;0.002777777777777778;True;1.0286582219620786
1051;1.0;0.002777777777777778;True;1.0285377059120204
1052;1.0;0.002777777777777778;True;1.0285583844166581
1053;1.0;0.002777777777777778;True;1.0286590942325022
1054;1.0;0.002777777777777778;True;1.028672655730159
1055;1.0;0.002777777777777778;True;1.0286475961128396
1056;1.0;0.002777777777777778;True;1.028778236094888
1057;1.0;0.002777777777777778;True;1.0289273270092436
1058;1.0;0.002777777777777778;True;1.029047876057192
1059;1.0;0.002777777777777778;True;1.0294031127799723
1060;1.0;0.002777777777777778;True;1.0295044005960268
1061;1.0;0.002777777777777778;True;1.0292889029631715
1062;1.0;0.002777777777777778;True;1.02929794652105
1063;1.0;0.002777777777777778;True;1.0292894986035774
1064;1.0;0.002777777777777778;True;1.0294159405331325
1065;1.0;0.002777777777777778;True;1.029541729264093
1066;1.0;0.002777777777777778;True;1.029785808041233
1067;1.0;0.002777777777777778;True;1.030007455160881
1068;1.0;0.002777777777777778;True;1.030277637477954
1069;1.0;0.002777777777777778;True;1.030405563985732
1070;1.0;0.002777777777777778;True;1.030558185810729
1071;1.0;0.002777777777777778;True;1.030603434370294
1072;1.0;0.002777777777777778;True;1.0303700924361368
1073;1.0;0.002777777777777778;True;1.0304097817359041
1074;1.0;0.002777777777777778;True;1.0305652880513203
1075;1.0;0.002777777777777778;True;1.030706534801121
1076;1.0;0.002777777777777778;True;1.030995258767391
1077;1.0;0.002777777777777778;True;1.0311920896264728
1078;1.0;0.002777777777777778;True;1.0313469789258227
1079;1.0;0.002777777777777778;True;1.0314391334589958
1080;1.0;0.002777777777777778;True;1.0316017543224676
1081;1.0;0.002777777777777778;True;1.0318222540120252
1082;1.0;0.002777777777777778;True;1.0318897837748087
1083;1.0;0.002777777777777778;True;1.0319506588415086
1084;1.0;0.002777777777777778;True;1.0319417830703255
1085;1.0;0.002777777777777778;True;1.0317236365696087
1086;1.0;0.002777777777777778;True;1.0317119727495756
1087;1.0;0.002777777777777778;True;1.0318101285804073
1088;1.0;0.002777777777777778;True;1.0318067315156791
1089;1.0;0.002777777777777778;True;1.0318303776417879
1090;1.0;0.002777777777777778;True;1.0318436229047998
1091;1.0;0.002777777777777778;True;1.0317631786063863
1092;1.0;0.002777777777777778;True;1.0317606217900774
1093;1.0;0.002777777777777778;True;1.0318367193283966
1094;1.0;0.002777777777777778;True;1.0318864866233979
1095;1.0;0.002777777777777778;True;1.0319377921399941
1096;1.0;0.002777777777777778;True;1.031997864459817
1097;1.0;0.002777777777777778;True;1.0320388612750202
1098;1.0;0.002777777777777778;True;1.032101685241156
1099;1.0;0.002777777777777778;True;1.0320850722265025
1100;1.0;0.002777777777777778;True;1.0320684055441511
1101;1.0;0.002777777777777778;True;1.0319483625209698
1102;1.0;0.002777777777777778;True;1.0316713668850805
1103;1.0;0.002777777777777778;True;1.0315330950128856
1104;1.0;0.002777777777777778;True;1.0313875729885245
1105;1.0;0.002777777777777778;True;1.0312661907446954
1106;1.0;0.002777777777777778;True;1.0312303486748267
1107;1.0;0.002777777777777778;True;1.0311691663259608
1108;1.0;0.002777777777777778;True;1.0310616776953134
1109;1.0;0.002777777777777778;True;1.0309989640950101
1110;1.0;0.002777777777777778;True;1.0309931591942005
1111;1.0;0.002777777777777778;True;1.0309742235597734
1112;1.0;0.002777777777777778;True;1.030930442177529
1113;1.0;0.002777777777777778;True;1.0309092881018003
1114;1.0;0.002777777777777778;True;1.0307950054369588
1115;1.0;0.002777777777777778;True;1.0306370130698137
1116;1.0;0.002777777777777778;True;1.0304502559839706
1117;1.0;0.002777777777777778;True;1.030177516083071
1118;1.0;0.002777777777777778;True;1.0299678560806584
1119;1.0;0.002777777777777778;True;1.0297145316795244
1120;1.0;0.002777777777777778;True;1.02954694764605
1121;1.0;0.002777777777777778;True;1.0294461626334852
1122;1.0;0.002777777777777778;True;1.029335582081978
1123;1.0;0.002777777777777778;True;1.029280684867121
1124;1.0;0.002777777777777778;True;1.0292002044272057
1125;1.0;0.002777777777777778;True;1.02911146356626
1126;1.0;0.002777777777777778;True;1.0290143968204841
1127;1.0;0.002777777777777778;True;1.0289300036677935
1128;1.0;0.002777777777777778;True;1.0287932708388072
1129;1.0;0.002777777777777778;True;1.0287010078474532
1130;1.0;0.002777777777777778;True;1.0286726127311683
1131;1.0;0.002777777777777778;True;1.0284954859846651
1132;1.0;0.002777777777777778;True;1.0282305778199428
1133;1.0;0.002777777777777778;True;1.0280413233322763
1134;1.0;0.002777777777777778;True;1.0277490793800272
1135;1.0;0.002777777777777778;True;1.0275701886384008
1136;1.0;0.002777777777777778;True;1.0275535120680812
1137;1.0;0.002777777777777778;True;1.0274255914808188
1138;1.0;0.002777777777777778;True;1.027214084921984
1139;1.0;0.002777777777777778;True;1.027084670762701
1140;1.0;0.002777777777777778;True;1.0269119596448195
1141;1.0;0.002777777777777778;True;1.0268333898086082
1142;1.0;0.002777777777777778;True;1.0268476960058959
1143;1.0;0.002777777777777778;True;1.0269341226906314
1144;1.0;0.002777777777777778;True;1.0268485512066297
1145;1.0;0.002777777777777778;True;1.0267866165770811
1146;1.0;0.002777777777777778;True;1.026682773180345
1147;1.0;0.002777777777777778;True;1.0264692426842896
1148;1.0;0.002777777777777778;True;1.0263421090027391
1149;1.0;0.002777777777777778;True;1.026294741985812
1150;1.0;0.002777777777777778;True;1.0261423581569449
1151;1.0;0.002777777777777778;True;1.0259501088649177
1152;1.0;0.002777777777777778;True;1.0257579437762934
1153;1.0;0.002777777777777778;True;1.025555612446165
1154;1.0;0.002777777777777778;True;1.0252830153314911
1155;1.0;0.002777777777777778;True;1.0249637579026059
1156;1.0;0.002777777777777778;True;1.0246556959080493
1157;1.0;0.002777777777777778;True;1.0242394419191947
1158;1.0;0.002777777777777778;True;1.023931614517443
1159;1.0;0.002777777777777778;True;1.0237230228867464
1160;1.0;0.002777777777777778;True;1.0234616874965587
1161;1.0;0.002777777777777778;True;1.0232332843364944
1162;1.0;0.002777777777777778;True;1.0229850645055967
1163;1.0;0.002777777777777778;True;1.0226964831398628
1164;1.0;0.002777777777777778;True;1.0223977657705487
1165;1.0;0.002777777777777778;True;1.0220993341184952
1166;1.0;0.002777777777777778;True;1.0218110390644801
1167;1.0;0.002777777777777778;True;1.0214558281315405
1168;1.0;0.002777777777777778;True;1.0210560755660092
1169;1.0;0.002777777777777778;True;1.0207124473261873
1170;1.0;0.002777777777777778;True;1.0202846346204157
1171;1.0;0.002777777777777778;True;1.0200053578101753
1172;1.0;0.002777777777777778;True;1.0198773499102187
1173;1.0;0.002777777777777778;True;1.0196396090396973
1174;1.0;0.002777777777777778;True;1.0194413707827243
1175;1.0;0.002777777777777778;True;1.0192117427820464
1176;1.0;0.002777777777777778;True;1.0189869444202366
1177;1.0;0.002777777777777778;True;1.0185982869121257
1178;1.0;0.002777777777777778;True;1.0182428167179371
1179;1.0;0.002777777777777778;True;1.017974532117825
1180;1.0;0.002777777777777778;True;1.0175961541569778
1181;1.0;0.002777777777777778;True;1.017414969377452
1182;1.0;0.002777777777777778;True;1.0172924121565752
1183;1.0;0.002777777777777778;True;1.0169850423010072
1184;1.0;0.002777777777777778;True;1.0168181868550863
1185;1.0;0.002777777777777778;True;1.016714267315254
1186;1.0;0.002777777777777778;True;1.0165375020657834
1187;1.0;0.002777777777777778;True;1.0164089093789068
1188;1.0;0.002777777777777778;True;1.0162610771377292
1189;1.0;0.002777777777777778;True;1.015997982931722
1190;1.0;0.002777777777777778;True;1.015845495157006
1191;1.0;0.002777777777777778;True;1.0157384879420028
1192;1.0;0.002777777777777778;True;1.0156635250797401
1193;1.0;0.002777777777777778;True;1.0157464661863709
1194;1.0;0.002777777777777778;True;1.0156702204840313
1195;1.0;0.002777777777777778;True;1.015593842011073
1196;1.0;0.002777777777777778;True;1.015375202439168
1197;1.0;0.002777777777777778;True;1.0150416927943842
1198;1.0;0.002777777777777778;True;1.0148208593060744
1199;1.0;0.002777777777777778;True;1.014689771007864
1200;1.0;0.002777777777777778;True;1.0147096546314631
1201;1.0;0.002777777777777778;True;1.014846859385042
1202;1.0;0.002777777777777778;True;1.0148095883560417
1203;1.0;0.002777777777777778;True;1.0147650365682896
1204;1.0;0.002777777777777778;True;1.0146733548583065
1205;1.0;0.002777777777777778;True;1.014596722530946
1206;1.0;0.002777777777777778;True;1.0144375247065542
1207;1.0;0.002777777777777778;True;1.0144130622471625
1208;1.0;0.002777777777777778;True;1.0144662488378648
1209;1.0;0.002777777777777778;True;1.0144788553632385
1210;1.0;0.002777777777777778;True;1.0145460998522522
1211;1.0;0.002777777777777778;True;1.0145781045195716
1212;1.0;0.002777777777777778;True;1.014561949970994
1213;1.0;0.002777777777777778;True;1.0145674708622376
1214;1.0;0.002777777777777778;True;1.014552024560931
1215;1.0;0.002777777777777778;True;1.0146088013204348
1216;1.0;0.002777777777777778;True;1.0147126570877598
1217;1.0;0.002777777777777778;True;1.01479902662891
1218;1.0;0.002777777777777778;True;1.0148590225220966
1219;1.0;0.002777777777777778;True;1.014905155831805
1220;1.0;0.002777777777777778;True;1.0149474212001435
1221;1.0;0.002777777777777778;True;1.014971728648495
1222;1.0;0.002777777777777778;True;1.0149940042700942
1223;1.0;0.002777777777777778;True;1.0150045209503122
1224;1.0;0.002777777777777778;True;1.0151381941777244
1225;1.0;0.002777777777777778;True;1.0153392976019544
1226;1.0;0.002777777777777778;True;1.0154414359634858
1227;1.0;0.002777777777777778;True;1.0156157331521896
1228;1.0;0.002777777777777778;True;1.0157154909538926
1229;1.0;0.002777777777777778;True;1.0156673211515157
1230;1.0;0.002777777777777778;True;1.0157263869427062
1231;1.0;0.002777777777777778;True;1.0158886439887929
1232;1.0;0.002777777777777778;True;1.015962526193997
1233;1.0;0.002777777777777778;True;1.0160266526316943
1234;1.0;0.002777777777777778;True;1.0159722953519592
1235;1.0;0.002777777777777778;True;1.0159504927871499
1236;1.0;0.002777777777777778;True;1.016118989299984
1237;1.0;0.002777777777777778;True;1.01629939131281
1238;1.0;0.002777777777777778;True;1.0164310190738253
1239;1.0;0.002777777777777778;True;1.0165978365736819
1240;1.0;0.002777777777777778;True;1.0166052121366616
1241;1.0;0.002777777777777778;True;1.0164902425992504
1242;1.0;0.002777777777777778;True;1.0164951533253332
1243;1.0;0.002777777777777778;True;1.0164686225183328
1244;1.0;0.002777777777777778;True;1.0163161621615537
1245;1.0;0.002777777777777778;True;1.016365069653187
1246;1.0;0.002777777777777778;True;1.016618518801676
1247;1.0;0.002777777777777778;True;1.0166906338772808
1248;1.0;0.002777777777777778;True;1.0167581026594854
1249;1.0;0.002777777777777778;True;1.0168314813329284
1250;1.0;0.002777777777777778;True;1.0167679249750625
1251;1.0;0.002777777777777778;True;1.0167932091470626
1252;1.0;0.002777777777777778;True;1.016839391619439
1253;1.0;0.002777777777777778;True;1.0170871179300134
1254;1.0;0.002777777777777778;True;1.0172389808435045
1255;1.0;0.002777777777777778;True;1.0171654072725922
1256;1.0;0.002777777777777778;True;1.0171955873631686
1257;1.0;0.002777777777777778;True;1.017198034321382
1258;1.0;0.002777777777777778;True;1.0171909327251776
1259;1.0;0.002777777777777778;True;1.0174577532223061
1260;1.0;0.002777777777777778;True;1.017640010501669
1261;1.0;0.002777777777777778;True;1.0176026296678737
1262;1.0;0.002777777777777778;True;1.0176579399370904
1263;1.0;0.002777777777777778;True;1.0176801014568986
1264;1.0;0.002777777777777778;True;1.0176718502086082
1265;1.0;0.002777777777777778;True;1.017850203533218
1266;1.0;0.002777777777777778;True;1.0179637918007565
1267;1.0;0.002777777777777778;True;1.018047262694683
1268;1.0;0.002777777777777778;True;1.0181138848158064
1269;1.0;0.002777777777777778;True;1.0182037019353671
1270;1.0;0.002777777777777778;True;1.0183025957354002
1271;1.0;0.002777777777777778;True;1.018330303443936
1272;1.0;0.002777777777777778;True;1.0184464488535296
1273;1.0;0.002777777777777778;True;1.0186819324444192
1274;1.0;0.002777777777777778;True;1.0187800451727396
1275;1.0;0.002777777777777778;True;1.0188203293569404
1276;1.0;0.002777777777777778;True;1.019020294106882
1277;1.0;0.002777777777777778;True;1.019035584253418
1278;1.0;0.002777777777777778;True;1.0189634085589134
1279;1.0;0.002777777777777778;True;1.0191089389152457
1280;1.0;0.002777777777777778;True;1.0192364545801287
1281;1.0;0.002777777777777778;True;1.0193813211734015
1282;1.0;0.002777777777777778;True;1.0196098460651715
1283;1.0;0.002777777777777778;True;1.0196445567214243
1284;1.0;0.002777777777777778;True;1.0196697660298417
1285;1.0;0.002777777777777778;True;1.019868296356221
1286;1.0;0.002777777777777778;True;1.0200264280514617
1287;1.0;0.002777777777777778;True;1.0201621085106984
1288;1.0;0.002777777777777778;True;1.0202945155854248
1289;1.0;0.002777777777777778;True;1.0204305820360713
1290;1.0;0.002777777777777778;True;1.020469114709017
1291;1.0;0.002777777777777778;True;1.020640928383736
1292;1.0;0.002777777777777778;True;1.0209932289343548
1293;1.0;0.002777777777777778;True;1.021109068123733
1294;1.0;0.002777777777777778;True;1.02105592979424
1295;1.0;0.002777777777777778;True;1.0211848817178688
1296;1.0;0.002777777777777778;True;1.0212558125547777
1297;1.0;0.002777777777777778;True;1.0214430358161561
1298;1.0;0.002777777777777778;True;1.0219204635632153
1299;1.0;0.002777777777777778;True;1.0221414901201844
1300;1.0;0.002777777777777778;True;1.0220267599575754
1301;1.0;0.002777777777777778;True;1.0221870180892014
1302;1.0;0.002777777777777778;True;1.022411454856938
1303;1.0;0.002777777777777778;True;1.0225581910855697
1304;1.0;0.002777777777777778;True;1.0230974718034125
1305;1.0;0.002777777777777778;True;1.0235233077795043
1306;1.0;0.002777777777777778;True;1.0234596815540284
1307;1.0;0.002777777777777778;True;1.0235950758105028
1308;1.0;0.002777777777777778;True;1.0238155578859562
1309;1.0;0.002777777777777778;True;1.0237678613617212
1310;1.0;0.002777777777777778;True;1.0239725483923985
1311;1.0;0.002777777777777778;True;1.0242920562363997
1312;1.0;0.002777777777777778;True;1.0242814785191787
1313;1.0;0.002777777777777778;True;1.0243493309046505
1314;1.0;0.002777777777777778;True;1.024427511750195
1315;1.0;0.002777777777777778;True;1.0243693872688993
1316;1.0;0.002777777777777778;True;1.024385251011366
1317;1.0;0.002777777777777778;True;1.0246344136936427
1318;1.0;0.002777777777777778;True;1.0246682346836216
1319;1.0;0.002777777777777778;True;1.0245875817011598
1320;1.0;0.002777777777777778;True;1.024548539244584
1321;1.0;0.002777777777777778;True;1.0244907524207683
1322;1.0;0.002777777777777778;True;1.0242216775592325
1323;1.0;0.002777777777777778;True;1.024083759427596
1324;1.0;0.002777777777777778;True;1.0241724051966918
1325;1.0;0.002777777777777778;True;1.024128790651078
1326;1.0;0.002777777777777778;True;1.0238693600523925
1327;1.0;0.002777777777777778;True;1.0236485873780352
1328;1.0;0.002777777777777778;True;1.0233674647563522
1329;1.0;0.002777777777777778;True;1.023138856870093
1330;1.0;0.002777777777777778;True;1.0231863923650766
1331;1.0;0.002777777777777778;True;1.0231067352075156
1332;1.0;0.002777777777777778;True;1.0228243721669765
1333;1.0;0.002777777777777778;True;1.0226904775844667
1334;1.0;0.002777777777777778;True;1.0225269662645204
1335;1.0;0.002777777777777778;True;1.0222402126851762
1336;1.0;0.002777777777777778;True;1.022022446906754
1337;1.0;0.002777777777777778;True;1.0216628624166195
1338;1.0;0.002777777777777778;True;1.021199613186516
1339;1.0;0.002777777777777778;True;1.020966243248162
1340;1.0;0.002777777777777778;True;1.0208588939681877
1341;1.0;0.002777777777777778;True;1.0206186978274125
1342;1.0;0.002777777777777778;True;1.0203929464274115
1343;1.0;0.002777777777777778;True;1.0200961142460325
1344;1.0;0.002777777777777778;True;1.0195758853864842
1345;1.0;0.002777777777777778;True;1.019190974030521
1346;1.0;0.002777777777777778;True;1.01880709486445
1347;1.0;0.002777777777777778;True;1.0187088387493177
1348;1.0;0.002777777777777778;True;1.018443323615981
1349;1.0;0.002777777777777778;True;1.0180957811477243
1350;1.0;0.002777777777777778;True;1.017857409840166
1351;1.0;0.002777777777777778;True;1.0173201637988019
1352;1.0;0.002777777777777778;True;1.0167482526374592
1353;1.0;0.002777777777777778;True;1.0166222888364296
1354;1.0;0.002777777777777778;True;1.0163900444041747
1355;1.0;0.002777777777777778;True;1.0159431616677237
1356;1.0;0.002777777777777778;True;1.0157200848325716
1357;1.0;0.002777777777777778;True;1.015406242870318
1358;1.0;0.002777777777777778;True;1.0149652719607702
1359;1.0;0.002777777777777778;True;1.0147985610721029
1360;1.0;0.002777777777777778;True;1.0145641814560886
1361;1.0;0.002777777777777778;True;1.014166553677015
1362;1.0;0.002777777777777778;True;1.0139936982064786
1363;1.0;0.002777777777777778;True;1.0137524302202983
1364;1.0;0.002777777777777778;True;1.013370658565913
1365;1.0;0.002777777777777778;True;1.0130636275374079
1366;1.0;0.002777777777777778;True;1.0126397269149565
1367;1.0;0.002777777777777778;True;1.0122304615823543
1368;1.0;0.002777777777777778;True;1.0120014007006255
1369;1.0;0.002777777777777778;True;1.0117250260230566
1370;1.0;0.002777777777777778;True;1.0112936700572952
1371;1.0;0.002777777777777778;True;1.0107408613633462
1372;1.0;0.002777777777777778;True;1.0101989604399588
1373;1.0;0.002777777777777778;True;1.0095090765270462
1374;1.0;0.002777777777777778;True;1.0088698554444657
1375;1.0;0.002777777777777778;True;1.0082986593777756
1376;1.0;0.002777777777777778;True;1.0075689150787401
1377;1.0;0.002777777777777778;True;1.0065954738137042
1378;1.0;0.002777777777777778;True;1.0054645240164983
1379;1.0;0.002777777777777778;True;1.0042317716267704
1380;1.0;0.002777777777777778;True;1.0030769919455491
1381;1.0;0.002777777777777778;True;1.0018644282597273
1382;1.0;0.002777777777777778;True;1.0002382750843073
1383;1.0;0.002777777777777778;True;0.9982952683655067
1384;1.0;0.002777777777777778;True;0.9961716887943457
1385;1.0;0.002777777777777778;True;0.9938323883359977
1386;1.0;0.002777777777777778;True;0.9915497207476485
1387;1.0;0.002777777777777778;True;0.9891952927708936
1388;1.0;0.002777777777777778;True;0.9862496430552499
1389;1.0;0.002777777777777778;True;0.983090702454847
1390;1.0;0.002777777777777778;True;0.9799630352225615
1391;1.0;0.002777777777777778;True;0.9764197917869297
1392;1.0;0.002777777777777778;True;0.9727188344631302
1393;1.0;0.002777777777777778;True;0.9689932427317861
1394;1.0;0.002777777777777778;True;0.964827997743662
1395;1.0;0.002777777777777778;True;0.9605277246194798
1396;1.0;0.002777777777777778;True;0.9562729900378873
1397;1.0;0.002777777777777778;True;0.9518119718013887
1398;1.0;0.002777777777777778;True;0.9472735324014538
1399;1.0;0.002777777777777778;True;0.9425289482119692
1400;1.0;0.002777777777777778;True;0.9376101628754788
1401;1.0;0.002777777777777778;True;0.9329079127461015
1402;1.0;0.002777777777777778;True;0.928304109085047
1403;1.0;0.002777777777777778;True;0.9235924873941869
1404;1.0;0.002777777777777778;True;0.9190137847159459
1405;1.0;0.002777777777777778;True;0.9145270383958586
1406;1.0;0.002777777777777778;True;0.910003061284282
1407;1.0;0.002777777777777778;True;0.9055219860495312
1408;1.0;0.002777777777777778;True;0.9014141484076073
1409;1.0;0.002777777777777778;True;0.8975439202282232
1410;1.0;0.002777777777777778;True;0.8936767134592815
1411;1.0;0.002777777777777778;True;0.8899136119926714
1412;1.0;0.002777777777777778;True;0.886517095686801
1413;1.0;0.002777777777777778;True;0.8833687127766056
1414;1.0;0.002777777777777778;True;0.8804768837409365
1415;1.0;0.002777777777777778;True;0.8778508153703404
1416;1.0;0.002777777777777778;True;0.8752002497033792
1417;1.0;0.002777777777777778;True;0.872730844665414
1418;1.0;0.002777777777777778;True;0.870676424127726
1419;1.0;0.002777777777777778;True;0.868830998819905
1420;1.0;0.002777777777777778;True;0.8671793585060974
1421;1.0;0.002777777777777778;True;0.8656654268370345
1422;1.0;0.002777777777777778;True;0.8640281968151362
1423;1.0;0.002777777777777778;True;0.8625679490274127
1424;1.0;0.002777777777777778;True;0.8615676878480772
1425;1.0;0.002777777777777778;True;0.8606003602774669
1426;1.0;0.002777777777777778;True;0.8596205108271726
1427;0.942857142857143;0.016666666666666666;True;0.8588433651736569
1428;0.942857142857143;0.016666666666666666;True;0.8579907117006905
1429;0.7714285714285715;0.10277777777777777;False;
1430;0.7714285714285715;0.10277777777777777;False;
1431;0.7714285714285715;0.10277777777777777;False;
1432;0.7714285714285715;0.10277777777777777;False;
1433;0.7714285714285715;0.10277777777777777;False;
1434;0.7714285714285715;0.10277777777777777;False;
1435;0.7714285714285715;0.10277777777777777;False;
1436;0.7714285714285715;0.10277777777777777;False;
1437;0.7714285714285715;0.10277777777777777;False;
1438;0.7714285714285715;0.10277777777777777;False;
1439;0.7714285714285715;0.10277777777777777;False;
1440;0.7714285714285715;0.10277777777777777;False;
1441;0.7714285714285715;0.10277777777777777;False;
1442;0.7714285714285715;0.10277777777777777;False;
1443;0.7714285714285715;0.10277777777777777;False;
1444;0.7714285714285715;0.10277777777777777;False;
1445;0.7714285714285715;0.10277777777777777;False;
1446;0.7714285714285715;0.10277777777777777;False;
1447;0.7714285714285715;0.10277777777777777;False;
1448;0.7714285714285715;0.10277777777777777;False;
1449;0.7714285714285715;0.10277777777777777;False;
1450;0.7714285714285715;0.10277777777777777;False;
1451;0.7714285714285715;0.10277777777777777;False;
1452;0.7714285714285715;0.10277777777777777;False;
1453;0.7714285714285715;0.10277777777777777;False;
1454;0.7714285714285715;0.10277777777777777;False;
1455;0.7714285714285715;0.10277777777777777;False;
1456;0.7714285714285715;0.10277777777777777;False;
1457;0.7714285714285715;0.10277777777777777;False;
1458;0.7714285714285715;0.10277777777777777;False;
1459;0.7714285714285715;0.10277777777777777;False;
1460;0.7714285714285715;0.10277777777777777;False;
1461;0.7714285714285715;0.10277777777777777;False;
1462;0.7714285714285715;0.10277777777777777;False;
1463;0.7714285714285715;0.10277777777777777;False;
1464;0.7714285714285715;0.10277777777777777;False;
1465;0.7714285714285715;0.10277777777777777;False;
1466;0.7714285714285715;0.10277777777777777;False;
1467;0.7714285714285715;0.10277777777777777;False;
1468;0.7714285714285715;0.10277777777777777;False;
1469;0.7714285714285715;0.10277777777777777;False;
1470;0.7714285714285715;0.10277777777777777;False;
1471;0.7714285714285715;0.10277777777777777;False;
1472;0.7714285714285715;0.10277777777777777;False;
1473;0.7714285714285715;0.10277777777777777;False;
1474;0.7714285714285715;0.10277777777777777;False;
1475;0.7714285714285715;0.10277777777777777;False;
1476;0.7714285714285715;0.10277777777777777;False;
1477;0.7714285714285715;0.10277777777777777;False;
1478;0.7714285714285715;0.10277777777777777;False;
1479;0.7714285714285715;0.10277777777777777;False;
1480;0.7714285714285715;0.10277777777777777;False;
1481;0.7714285714285715;0.10277777777777777;False;
1482;0.7714285714285715;0.10277777777777777;False;
1483;0.7714285714285715;0.10277777777777777;False;
1484;0.7714285714285715;0.10277777777777777;False;
1485;0.7714285714285715;0.10277777777777777;False;
1486;0.7714285714285715;0.10277777777777777;False;
1487;0.7714285714285715;0.10277777777777777;False;
1488;0.7714285714285715;0.10277777777777777;False;
1489;0.7714285714285715;0.10277777777777777;False;
1490;0.7714285714285715;0.10277777777777777;False;
1491;0.7714285714285715;0.10277777777777777;False;
1492;0.7714285714285715;0.10277777777777777;False;
1493;0.7714285714285715;0.10277777777777777;False;
1494;0.7714285714285715;0.10277777777777777;False;
1495;0.7714285714285715;0.10277777777777777;False;
1496;0.7714285714285715;0.10277777777777777;False;
1497;0.7714285714285715;0.10277777777777777;False;
1498;0.7714285714285715;0.10277777777777777;False;
1499;0.7714285714285715;0.10277777777777777;False;
1500;0.7714285714285715;0.10277777777777777;False;
1501;0.7714285714285715;0.10277777777777777;False;
1502;0.7714285714285715;0.10277777777777777;False;
1503;0.7714285714285715;0.10277777777777777;False;
1504;0.7714285714285715;0.10277777777777777;False;
1505;0.7714285714285715;0.10277777777777777;False;
1506;0.7714285714285715;0.10277777777777777;False;
1507;0.7714285714285715;0.10277777777777777;False;
1508;0.7714285714285715;0.10277777777777777;False;
1509;0.7714285714285715;0.10277777777777777;False;
1510;0.7714285714285715;0.10277777777777777;False;
1511;0.7714285714285715;0.10277777777777777;False;
1512;0.7714285714285715;0.10277777777777777;False;
1513;0.7714285714285715;0.10277777777777777;False;
1514;0.7714285714285715;0.10277777777777777;False;
1515;0.7714285714285715;0.10277777777777777;False;
1516;0.7714285714285715;0.10277777777777777;False;
1517;0.7714285714285715;0.10277777777777777;False;
1518;0.7714285714285715;0.10277777777777777;False;
1519;0.7714285714285715;0.10277777777777777;False;
1520;0.7714285714285715;0.10277777777777777;False;
1521;0.7714285714285715;0.10277777777777777;False;
1522;0.7714285714285715;0.10277777777777777;False;
1523;0.7714285714285715;0.10277777777777777;False;
1524;0.7714285714285715;0.10277777777777777;False;
1525;0.7714285714285715;0.10277777777777777;False;
1526;0.7714285714285715;0.10277777777777777;False;
1527;0.7714285714285715;0.10277777777777777;False;
1528;0.7714285714285715;0.10277777777777777;False;
1529;0.7714285714285715;0.10277777777777777;False;
1530;0.7714285714285715;0.10277777777777777;False;
1531;0.7714285714285715;0.10277777777777777;False;
1532;0.7714285714285715;0.10277777777777777;False;
1533;0.7714285714285715;0.10277777777777777;False;
1534;0.7714285714285715;0.10277777777777777;False;
1535;0.7714285714285715;0.10277777777777777;False;
1536;0.7714285714285715;0.10277777777777777;False;
1537;0.7714285714285715;0.10277777777777777;False;
1538;0.7714285714285715;0.10277777777777777;False;
1539;0.7714285714285715;0.10277777777777777;False;
1540;0.7714285714285715;0.10277777777777777;False;
1541;0.7714285714285715;0.10277777777777777;False;
1542;0.7714285714285715;0.10277777777777777;False;
1543;0.7714285714285715;0.10277777777777777;False;
1544;0.7714285714285715;0.10277777777777777;False;
1545;0.7714285714285715;0.10277777777777777;False;
1546;0.7714285714285715;0.10277777777777777;False;
1547;0.7714285714285715;0.10277777777777777;False;
1548;0.7714285714285715;0.10277777777777777;False;
1549;0.7714285714285715;0.10277777777777777;False;
1550;0.7714285714285715;0.10277777777777777;False;
1551;0.7714285714285715;0.10277777777777777;False;
1552;0.7714285714285715;0.10277777777777777;False;
1553;0.7714285714285715;0.10277777777777777;False;
1554;0.7714285714285715;0.10277777777777777;False;
1555;0.7714285714285715;0.10277777777777777;False;
1556;0.7714285714285715;0.10277777777777777;False;
1557;0.7714285714285715;0.10277777777777777;False;
1558;0.7714285714285715;0.10277777777777777;False;
1559;0.7714285714285715;0.10277777777777777;False;
1560;0.7714285714285715;0.10277777777777777;False;
1561;0.7714285714285715;0.10277777777777777;False;
1562;0.7714285714285715;0.10277777777777777;False;
1563;0.7714285714285715;0.10277777777777777;False;
1564;0.7714285714285715;0.10277777777777777;False;
1565;0.7714285714285715;0.10277777777777777;False;
1566;0.7714285714285715;0.10277777777777777;False;
1567;0.7714285714285715;0.10277777777777777;False;
1568;0.7714285714285715;0.10277777777777777;False;
1569;0.7714285714285715;0.10277777777777777;False;
1570;0.7714285714285715;0.10277777777777777;False;
1571;0.7714285714285715;0.10277777777777777;False;
1572;0.7714285714285715;0.10277777777777777;False;
1573;0.7714285714285715;0.10277777777777777;False;
1574;0.7714285714285715;0.10277777777777777;False;
1575;0.7714285714285715;0.10277777777777777;False;
1576;0.7714285714285715;0.10277777777777777;False;
1577;0.7714285714285715;0.10277777777777777;False;
1578;0.7714285714285715;0.10277777777777777;False;
1579;0.7714285714285715;0.10277777777777777;False;
1580;0.7714285714285715;0.10277777777777777;False;
1581;0.7714285714285715;0.10277777777777777;False;
1582;0.7714285714285715;0.10277777777777777;False;
1583;0.7714285714285715;0.10277777777777777;False;
1584;0.7714285714285715;0.10277777777777777;False;
1585;0.7714285714285715;0.10277777777777777;False;
1586;0.7714285714285715;0.10277777777777777;False;
1587;0.7714285714285715;0.10277777777777777;False;
1588;0.7714285714285715;0.10277777777777777;False;
1589;0.7714285714285715;0.10277777777777777;False;
1590;0.7714285714285715;0.10277777777777777;False;
1591;0.7714285714285715;0.10277777777777777;False;
1592;0.7714285714285715;0.10277777777777777;False;
1593;0.7714285714285715;0.10277777777777777;False;
1594;0.7714285714285715;0.10277777777777777;False;
1595;0.7714285714285715;0.10277777777777777;False;
1596;0.7714285714285715;0.10277777777777777;False;
1597;0.7714285714285715;0.10277777777777777;False;
1598;0.7714285714285715;0.10277777777777777;False;
1599;0.7714285714285715;0.10277777777777777;False;
1600;0.7714285714285715;0.10277777777777777;False;
1601;0.7714285714285715;0.10277777777777777;False;
1602;0.7714285714285715;0.10277777777777777;False;
1603;0.7714285714285715;0.10277777777777777;False;
1604;0.7714285714285715;0.10277777777777777;False;
1605;0.7714285714285715;0.10277777777777777;False;
1606;0.7714285714285715;0.10277777777777777;False;
1607;0.7714285714285715;0.10277777777777777;False;
1608;0.7714285714285715;0.10277777777777777;False;
1609;0.7714285714285715;0.10277777777777777;False;
1610;0.7714285714285715;0.10277777777777777;False;
1611;0.7714285714285715;0.10277777777777777;False;
1612;0.7714285714285715;0.10277777777777777;False;
1613;0.7714285714285715;0.10277777777777777;False;
1614;0.7714285714285715;0.10277777777777777;False;
1615;0.7714285714285715;0.10277777777777777;False;
1616;0.7714285714285715;0.10277777777777777;False;
1617;0.7714285714285715;0.10277777777777777;False;
1618;0.7714285714285715;0.10277777777777777;False;
1619;0.7714285714285715;0.10277777777777777;False;
1620;0.7714285714285715;0.10277777777777777;False;
1621;0.7714285714285715;0.10277777777777777;False;
1622;0.7714285714285715;0.10277777777777777;False;
1623;0.7714285714285715;0.10277777777777777;False;
1624;0.7714285714285715;0.10277777777777777;False;
1625;0.7714285714285715;0.10277777777777777;False;
1626;0.7714285714285715;0.10277777777777777;False;
1627;0.7714285714285715;0.10277777777777777;False;
1628;0.7714285714285715;0.10277777777777777;False;
1629;0.7714285714285715;0.10277777777777777;False;
1630;0.7714285714285715;0.10277777777777777;False;
1631;0.7714285714285715;0.10277777777777777;False;
1632;0.7714285714285715;0.10277777777777777;False;
1633;0.7714285714285715;0.10277777777777777;False;
1634;0.7714285714285715;0.10277777777777777;False;
1635;0.7714285714285715;0.10277777777777777;False;
1636;0.7714285714285715;0.10277777777777777;False;
1637;0.7714285714285715;0.10277777777777777;False;
1638;0.7714285714285715;0.10277777777777777;False;
1639;0.7714285714285715;0.10277777777777777;False;
1640;0.7714285714285715;0.10277777777777777;False;
1641;0.7714285714285715;0.10277777777777777;False;
1642;0.7714285714285715;0.10277777777777777;False;
1643;0.7714285714285715;0.10277777777777777;False;
1644;0.7714285714285715;0.10277777777777777;False;
1645;0.7714285714285715;0.10277777777777777;False;
1646;0.7714285714285715;0.10277777777777777;False;
1647;0.7714285714285715;0.10277777777777777;False;
1648;0.7714285714285715;0.10277777777777777;False;
1649;0.7714285714285715;0.10277777777777777;False;
1650;0.7714285714285715;0.10277777777777777;False;
1651;0.7714285714285715;0.10277777777777777;False;
1652;0.7714285714285715;0.10277777777777777;False;
1653;0.7714285714285715;0.10277777777777777;False;
1654;0.7714285714285715;0.10277777777777777;False;
1655;0.7714285714285715;0.10277777777777777;False;
1656;0.7714285714285715;0.10277777777777777;False;
1657;0.7714285714285715;0.10277777777777777;False;
1658;0.7714285714285715;0.10277777777777777;False;
1659;0.7714285714285715;0.10277777777777777;False;
1660;0.7714285714285715;0.10277777777777777;False;
1661;0.7714285714285715;0.10277777777777777;False;
1662;0.7714285714285715;0.10277777777777777;False;
1663;0.7714285714285715;0.10277777777777777;False;
1664;0.7714285714285715;0.10277777777777777;False;
1665;0.7714285714285715;0.10277777777777777;False;
1666;0.7714285714285715;0.10277777777777777;False;
1667;0.7714285714285715;0.10277777777777777;False;
1668;0.7714285714285715;0.10277777777777777;False;
1669;0.7714285714285715;0.10277777777777777;False;
1670;0.7714285714285715;0.10277777777777777;False;
1671;0.7714285714285715;0.10277777777777777;False;
1672;0.7714285714285715;0.10277777777777777;False;
1673;0.7714285714285715;0.10277777777777777;False;
1674;0.7714285714285715;0.10277777777777777;False;
1675;0.7714285714285715;0.10277777777777777;False;
1676;0.7714285714285715;0.10277777777777777;False;
1677;0.7714285714285715;0.10277777777777777;False;
1678;0.7714285714285715;0.10277777777777777;False;
1679;0.7714285714285715;0.10277777777777777;False;
1680;0.7714285714285715;0.10277777777777777;False;
1681;0.7714285714285715;0.10277777777777777;False;
1682;0.7714285714285715;0.10277777777777777;False;
1683;0.7714285714285715;0.10277777777777777;False;
1684;0.7714285714285715;0.10277777777777777;False;
1685;0.7714285714285715;0.10277777777777777;False;
1686;0.7714285714285715;0.10277777777777777;False;
1687;0.7714285714285715;0.10277777777777777;False;
1688;0.7714285714285715;0.10277777777777777;False;
1689;0.7714285714285715;0.10277777777777777;False;
1690;0.7714285714285715;0.10277777777777777;False;
1691;0.7714285714285715;0.10277777777777777;False;
1692;0.7714285714285715;0.10277777777777777;False;
1693;0.7714285714285715;0.10277777777777777;False;
1694;0.7714285714285715;0.10277777777777777;False;
1695;0.7714285714285715;0.10277777777777777;False;
1696;0.7714285714285715;0.10277777777777777;False;
1697;0.7714285714285715;0.10277777777777777;False;
1698;0.7714285714285715;0.10277777777777777;False;
1699;0.7714285714285715;0.10277777777777777;False;
1700;0.7714285714285715;0.10277777777777777;False;
1701;0.7714285714285715;0.10277777777777777;False;
1702;0.7714285714285715;0.10277777777777777;False;
1703;0.7714285714285715;0.10277777777777777;False;
1704;0.7714285714285715;0.10277777777777777;False;
1705;0.7714285714285715;0.10277777777777777;False;
1706;0.7714285714285715;0.10277777777777777;False;
1707;0.7714285714285715;0.10277777777777777;False;
1708;0.7714285714285715;0.10277777777777777;False;
1709;0.7714285714285715;0.10277777777777777;False;
1710;0.7714285714285715;0.10277777777777777;False;
1711;0.7714285714285715;0.10277777777777777;False;
1712;0.7714285714285715;0.10277777777777777;False;
1713;0.7714285714285715;0.10277777777777777;False;
1714;0.7714285714285715;0.10277777777777777;False;
1715;0.7714285714285715;0.10277777777777777;False;
1716;0.7714285714285715;0.10277777777777777;False;
1717;0.7714285714285715;0.10277777777777777;False;
1718;0.7714285714285715;0.10277777777777777;False;
1719;0.7714285714285715;0.10277777777777777;False;
1720;0.7714285714285715;0.10277777777777777;False;
1721;0.7714285714285715;0.10277777777777777;False;
1722;0.7714285714285715;0.10277777777777777;False;
1723;0.7714285714285715;0.10277777777777777;False;
1724;0.7714285714285715;0.10277777777777777;False;
1725;0.7714285714285715;0.10277777777777777;False;
1726;0.7714285714285715;0.10277777777777777;False;
1727;0.7714285714285715;0.10277777777777777;False;
1728;0.7714285714285715;0.10277777777777777;False;
1729;0.7714285714285715;0.10277777777777777;False;
1730;0.7714285714285715;0.10277777777777777;False;
1731;0.7714285714285715;0.10277777777777777;False;
1732;0.7714285714285715;0.10277777777777777;False;
1733;0.7714285714285715;0.10277777777777777;False;
1734;0.7714285714285715;0.10277777777777777;False;
1735;0.7714285714285715;0.10277777777777777;False;
1736;0.7714285714285715;0.10277777777777777;False;
1737;0.7714285714285715;0.10277777777777777;False;
1738;0.7714285714285715;0.10277777777777777;False;
1739;0.7714285714285715;0.10277777777777777;False;
1740;0.7714285714285715;0.10277777777777777;False;
1741;0.7714285714285715;0.10277777777777777;False;
1742;0.7714285714285715;0.10277777777777777;False;
1743;0.7714285714285715;0.10277777777777777;False;
1744;0.7714285714285715;0.10277777777777777;False;
1745;0.7714285714285715;0.10277777777777777;False;
1746;0.7714285714285715;0.10277777777777777;False;
1747;0.7714285714285715;0.10277777777777777;False;
1748;0.7714285714285715;0.10277777777777777;False;
1749;0.7714285714285715;0.10277777777777777;False;
1750;0.7714285714285715;0.10277777777777777;False;
1751;0.7714285714285715;0.10277777777777777;False;
1752;0.7714285714285715;0.10277777777777777;False;
1753;0.7714285714285715;0.10277777777777777;False;
1754;0.7714285714285715;0.10277777777777777;False;
1755;0.7714285714285715;0.10277777777777777;False;
1756;0.7714285714285715;0.10277777777777777;False;
1757;0.7714285714285715;0.10277777777777777;False;
1758;0.7714285714285715;0.10277777777777777;False;
1759;0.7714285714285715;0.10277777777777777;False;
1760;0.7714285714285715;0.10277777777777777;False;
1761;0.7714285714285715;0.10277777777777777;False;
1762;0.7714285714285715;0.10277777777777777;False;
1763;0.7714285714285715;0.10277777777777777;False;
1764;0.7714285714285715;0.10277777777777777;False;
1765;0.7714285714285715;0.10277777777777777;False;
1766;0.7714285714285715;0.10277777777777777;False;
1767;0.7714285714285715;0.10277777777777777;False;
1768;0.7714285714285715;0.10277777777777777;False;
1769;0.7714285714285715;0.10277777777777777;False;
1770;0.7714285714285715;0.10277777777777777;False;
1771;0.7714285714285715;0.10277777777777777;False;
1772;0.7714285714285715;0.10277777777777777;False;
1773;0.7714285714285715;0.10277777777777777;False;
1774;0.7714285714285715;0.10277777777777777;False;
1775;0.7714285714285715;0.10277777777777777;False;
1776;0.7714285714285715;0.10277777777777777;False;
1777;0.7714285714285715;0.10277777777777777;False;
1778;0.7714285714285715;0.10277777777777777;False;
1779;0.7714285714285715;0.10277777777777777;False;
1780;0.7714285714285715;0.10277777777777777;False;
1781;0.7714285714285715;0.10277777777777777;False;
1782;0.7714285714285715;0.10277777777777777;False;
1783;0.7714285714285715;0.10277777777777777;False;
1784;0.7714285714285715;0.10277777777777777;False;
1785;0.7714285714285715;0.10277777777777777;False;
1786;0.7714285714285715;0.10277777777777777;False;
1787;0.7714285714285715;0.10277777777777777;False;
1788;0.7714285714285715;0.10277777777777777;False;
1789;0.7714285714285715;0.10277777777777777;False;
1790;0.7714285714285715;0.10277777777777777;False;
1791;0.7714285714285715;0.10277777777777777;False;
1792;0.7714285714285715;0.10277777777777777;False;
1793;0.7714285714285715;0.10277777777777777;False;
1794;0.7714285714285715;0.10277777777777777;False;
1795;0.7714285714285715;0.10277777777777777;False;
1796;0.7714285714285715;0.10277777777777777;False;
1797;0.7714285714285715;0.10277777777777777;False;
1798;0.7714285714285715;0.10277777777777777;False;
1799;0.8285714285714287;0.058333333333333334;False;
1800;0.8285714285714287;0.058333333333333334;False;
1801;0.8285714285714287;0.058333333333333334;False;
1802;0.8285714285714287;0.058333333333333334;False;
1803;0.8285714285714287;0.058333333333333334;False;
1804;0.8285714285714287;0.058333333333333334;False;
1805;0.8285714285714287;0.058333333333333334;False;
1806;0.8285714285714287;0.058333333333333334;False;
1807;0.8285714285714287;0.058333333333333334;False;
1808;0.8285714285714287;0.058333333333333334;False;
1809;0.8285714285714287;0.058333333333333334;False;
1810;0.8285714285714287;0.058333333333333334;False;
1811;0.8285714285714287;0.058333333333333334;False;
1812;0.8285714285714287;0.058333333333333334;False;
1813;0.8285714285714287;0.058333333333333334;False;
1814;0.8285714285714287;0.058333333333333334;False;
1815;0.8285714285714287;0.058333333333333334;False;
1816;0.8285714285714287;0.058333333333333334;False;
1817;0.8285714285714287;0.058333333333333334;False;
1818;0.8285714285714287;0.058333333333333334;False;
1819;0.8285714285714287;0.058333333333333334;False;
1820;0.8285714285714287;0.058333333333333334;False;
1821;0.8285714285714287;0.058333333333333334;False;
1822;0.8285714285714287;0.058333333333333334;False;
1823;0.8285714285714287;0.058333333333333334;False;
1824;0.8285714285714287;0.058333333333333334;False;
1825;0.8285714285714287;0.058333333333333334;False;
1826;0.8285714285714287;0.058333333333333334;False;
1827;0.8285714285714287;0.058333333333333334;False;
1828;0.8285714285714287;0.058333333333333334;False;
1829;0.8285714285714287;0.058333333333333334;False;
1830;0.8285714285714287;0.058333333333333334;False;
1831;1.0;0.002777777777777778;True;0.9499137111573032
1832;1.0;0.002777777777777778;True;0.950094616938591
1833;1.0;0.002777777777777778;True;0.9503074660659975
1834;1.0;0.002777777777777778;True;0.950425096961134
1835;1.0;0.002777777777777778;True;0.9504217870210085
1836;1.0;0.002777777777777778;True;0.9504603485673478
1837;1.0;0.002777777777777778;True;0.9507205156678353
1838;1.0;0.002777777777777778;True;0.950669146925363
1839;1.0;0.002777777777777778;True;0.9504910803251594
1840;1.0;0.002777777777777778;True;0.9502693515115993
1841;1.0;0.002777777777777778;True;0.9499452353731059
1842;1.0;0.002777777777777778;True;0.9493300450532548
1843;1.0;0.002777777777777778;True;0.9487937191505779
1844;1.0;0.002777777777777778;True;0.9483456520404867
1845;1.0;0.002777777777777778;True;0.9476668189416602
1846;1.0;0.002777777777777778;True;0.9470509878561908
1847;1.0;0.002777777777777778;True;0.9462150653694404
1848;1.0;0.002777777777777778;True;0.9452989794075752
1849;1.0;0.002777777777777778;True;0.9443524982035838
1850;1.0;0.002777777777777778;True;0.9432808258142422
1851;1.0;0.002777777777777778;True;0.9420504474386341
1852;1.0;0.002777777777777778;True;0.9407298245472797
1853;1.0;0.002777777777777778;True;0.9393008406888335
1854;1.0;0.002777777777777778;True;0.9374919426561584
1855;1.0;0.002777777777777778;True;0.9357599701879287
1856;1.0;0.002777777777777778;True;0.9339799889479197
1857;1.0;0.002777777777777778;True;0.9320363004998438
1858;1.0;0.002777777777777778;True;0.9301645411712794
1859;1.0;0.002777777777777778;True;0.9279621371626128
1860;1.0;0.002777777777777778;True;0.9255408656664983
1861;1.0;0.002777777777777778;True;0.9227831824840222
1862;1.0;0.002777777777777778;True;0.919894049257255
1863;1.0;0.002777777777777778;True;0.9168747211826291
1864;1.0;0.002777777777777778;True;0.9136248857852529
1865;1.0;0.002777777777777778;True;0.910109190889472
1866;1.0;0.002777777777777778;True;0.906258708340083
1867;1.0;0.002777777777777778;True;0.9019871093142171
1868;1.0;0.002777777777777778;True;0.8975892959563712
1869;1.0;0.002777777777777778;True;0.8928848248142842
1870;1.0;0.002777777777777778;True;0.8878601199052328
1871;1.0;0.002777777777777778;True;0.8827058805827886
1872;1.0;0.002777777777777778;True;0.8773741776669616
1873;1.0;0.002777777777777778;True;0.8717661016350318
1874;1.0;0.002777777777777778;True;0.865980752185068
1875;1.0;0.002777777777777778;True;0.86004087444448
1876;1.0;0.002777777777777778;True;0.8538065387305208
1877;0.8285714285714287;0.058333333333333334;False;
1878;0.7714285714285715;0.10277777777777777;False;
1879;0.7714285714285715;0.10277777777777777;False;
1880;0.7714285714285715;0.10277777777777777;False;
1881;0.7714285714285715;0.10277777777777777;False;
1882;0.7714285714285715;0.10277777777777777;False;
1883;0.7714285714285715;0.10277777777777777;False;
1884;0.7714285714285715;0.10277777777777777;False;
1885;0.7714285714285715;0.10277777777777777;False;
1886;0.6;0.24166666666666667;False;
1887;0.6;0.24166666666666667;False;
1888;0.6;0.24166666666666667;False;
1889;0.6;0.24166666666666667;False;
1890;0.6;0.24166666666666667;False;
1891;0.6;0.24166666666666667;False;
1892;0.6;0.24166666666666667;False;
1893;0.3714285714285715;0.49722222222222223;False;
1894;0.3714285714285715;0.49722222222222223;False;
1895;0.3714285714285715;0.49722222222222223;False;
1896;0.3714285714285715;0.49722222222222223;False;
1897;0.3714285714285715;0.49722222222222223;False;
1898;0.3714285714285715;0.49722222222222223;False;
1899;0.3714285714285715;0.49722222222222223;False;
1900;0.2571428571428572;0.6583333333333333;False;
1901;0.2571428571428572;0.6583333333333333;False;
1902;0.2571428571428572;0.6583333333333333;False;
1903;0.2571428571428572;0.6583333333333333;False;
1904;0.2571428571428572;0.6583333333333333;False;
1905;0.2571428571428572;0.6583333333333333;False;
1906;0.2571428571428572;0.6583333333333333;False;
1907;0.2571428571428572;0.6583333333333333;False;
1908;0.2571428571428572;0.6583333333333333;False;
1909;0.2571428571428572;0.6583333333333333;False;
1910;0.2;0.7138888888888889;False;
1911;0.2;0.7138888888888889;False;
1912;0.2;0.7138888888888889;False;
1913;0.2;0.7138888888888889;False;
1914;0.2;0.7138888888888889;False;
1915;0.2;0.7138888888888889;False;
1916;0.2;0.7138888888888889;False;
1917;0.028571428571428574;1.0;False;
1918;0.028571428571428574;1.0;False;
1919;0.028571428571428574;1.0;False;
1920;0.028571428571428574;1.0;False;
1921;0.028571428571428574;1.0;False;
1922;0.028571428571428574;1.0;False;
1923;0.028571428571428574;1.0;False;
1924;0.028571428571428574;1.0;False;
1925;0.028571428571428574;1.0;False;
1926;0.028571428571428574;1.0;False;
1927;0.028571428571428574;1.0;False;
1928;0.028571428571428574;1.0;False;
1929;0.028571428571428574;1.0;False;
1930;0.028571428571428574;1.0;False;
1931;0.028571428571428574;1.0;False;
1932;0.028571428571428574;1.0;False;
1933;0.2;0.7138888888888889;False;
1934;0.4285714285714286;0.41944444444444445;False;
1935;0.48571428571428577;0.35555555555555557;False;
1936;0.48571428571428577;0.35555555555555557;False;
1937;0.48571428571428577;0.35555555555555557;False;
1938;0.48571428571428577;0.35555555555555557;False;
1939;0.48571428571428577;0.35555555555555557;False;
1940;0.48571428571428577;0.35555555555555557;False;
1941;0.48571428571428577;0.35555555555555557;False;
1942;0.48571428571428577;0.35555555555555557;False;
1943;0.48571428571428577;0.35555555555555557;False;
1944;0.48571428571428577;0.35555555555555557;False;
1945;0.48571428571428577;0.35555555555555557;False;
1946;0.48571428571428577;0.35555555555555557;False;
1947;0.48571428571428577;0.35555555555555557;False;
1948;0.48571428571428577;0.35555555555555557;False;
1949;0.48571428571428577;0.35555555555555557;False;
1950;0.48571428571428577;0.35555555555555557;False;
1951;0.6;0.24166666666666667;False;
1952;0.6;0.24166666666666667;False;
1953;0.6;0.24166666666666667;False;
1954;0.6;0.24166666666666667;False;
1955;0.6;0.24166666666666667;False;
1956;0.6;0.24166666666666667;False;
1957;0.6;0.24166666666666667;False;
1958;0.6;0.24166666666666667;False;
1959;0.6;0.24166666666666667;False;
1960;0.6;0.24166666666666667;False;
1961;0.6;0.24166666666666667;False;
1962;0.6;0.24166666666666667;False;
1963;0.6;0.24166666666666667;False;
1964;0.6;0.24166666666666667;False;
1965;0.6;0.24166666666666667;False;
1966;0.6;0.24166666666666667;False;
1967;0.6;0.24166666666666667;False;
1968;0.6;0.24166666666666667;False;
1969;0.6;0.24166666666666667;False;
1970;0.6;0.24166666666666667;False;
1971;0.6;0.24166666666666667;False;
1972;0.6;0.24166666666666667;False;
1973;0.6;0.24166666666666667;False;
1974;0.6;0.24166666666666667;False;
1975;0.6;0.24166666666666667;False;
1976;0.6;0.24166666666666667;False;
1977;0.6;0.24166666666666667;False;
1978;0.6;0.24166666666666667;False;
1979;0.6;0.24166666666666667;False;
1980;0.6;0.24166666666666667;False;
1981;0.6;0.24166666666666667;False;
1982;0.6;0.24166666666666667;False;
1983;0.6;0.24166666666666667;False;
1984;0.6;0.24166666666666667;False;
1985;0.6;0.24166666666666667;False;
1986;0.6;0.24166666666666667;False;
1987;0.6;0.24166666666666667;False;
1988;0.6;0.24166666666666667;False;
1989;0.6;0.24166666666666667;False;
1990;0.6;0.24166666666666667;False;
1991;0.6;0.24166666666666667;False;
1992;0.6;0.24166666666666667;False;
1993;0.6;0.24166666666666667;False;
1994;0.6;0.24166666666666667;False;
1995;0.6;0.24166666666666667;False;
1996;0.6;0.24166666666666667;False;
1997;0.6;0.24166666666666667;False;
1998;0.6;0.24166666666666667;False;
1999;0.6;0.24166666666666667;False;
2000;0.6;0.24166666666666667;False;
2001;0.6;0.24166666666666667;False;
2002;0.6;0.24166666666666667;False;
2003;0.6;0.24166666666666667;False;
2004;0.6;0.24166666666666667;False;
2005;0.6;0.24166666666666667;False;
2006;0.6;0.24166666666666667;False;
2007;0.6;0.24166666666666667;False;
2008;0.6;0.24166666666666667;False;
2009;0.6;0.24166666666666667;False;
2010;0.6;0.24166666666666667;False;
2011;0.6;0.24166666666666667;False;
2012;0.6;0.24166666666666667;False;
2013;0.6;0.24166666666666667;False;
2014;0.6;0.24166666666666667;False;
2015;0.6;0.24166666666666667;False;
2016;0.6;0.24166666666666667;False;
2017;0.6;0.24166666666666667;False;
2018;0.6;0.24166666666666667;False;
2019;0.6;0.24166666666666667;False;
2020;0.6;0.24166666666666667;False;
2021;0.6;0.24166666666666667;False;
2022;0.6;0.24166666666666667;False;
2023;0.6;0.24166666666666667;False;
2024;0.6;0.24166666666666667;False;
2025;0.6;0.24166666666666667;False;
2026;0.6;0.24166666666666667;False;
2027;0.6;0.24166666666666667;False;
2028;0.6;0.24166666666666667;False;
2029;0.6;0.24166666666666667;False;
2030;0.6;0.24166666666666667;False;
2031;0.6;0.24166666666666667;False;
2032;0.6;0.24166666666666667;False;
2033;0.6;0.24166666666666667;False;
2034;0.6;0.24166666666666667;False;
2035;0.6;0.24166666666666667;False;
2036;0.6;0.24166666666666667;False;
2037;0.6;0.24166666666666667;False;
2038;0.6;0.24166666666666667;False;
2039;0.6;0.24166666666666667;False;
2040;0.6;0.24166666666666667;False;
2041;0.6;0.24166666666666667;False;
2042;0.6;0.24166666666666667;False;
2043;0.6;0.24166666666666667;False;
2044;0.6;0.24166666666666667;False;
2045;0.6;0.24166666666666667;False;
2046;0.6;0.24166666666666667;False;
2047;0.6;0.24166666666666667;False;
2048;0.6;0.24166666666666667;False;
2049;0.6;0.24166666666666667;False;
2050;0.6;0.24166666666666667;False;
2051;0.6;0.24166666666666667;False;
2052;0.6;0.24166666666666667;False;
2053;0.6;0.24166666666666667;False;
2054;0.6;0.24166666666666667;False;
2055;0.6;0.24166666666666667;False;
2056;0.6;0.24166666666666667;False;
2057;0.6;0.24166666666666667;False;
2058;0.6;0.24166666666666667;False;
2059;0.6;0.24166666666666667;False;
2060;0.6;0.24166666666666667;False;
2061;0.6;0.24166666666666667;False;
2062;0.6;0.24166666666666667;False;
2063;0.6;0.24166666666666667;False;
2064;0.6;0.24166666666666667;False;
2065;0.6;0.24166666666666667;False;
2066;0.6;0.24166666666666667;False;
2067;0.6;0.24166666666666667;False;
2068;0.6;0.24166666666666667;False;
2069;0.6;0.24166666666666667;False;
2070;0.6;0.24166666666666667;False;
2071;0.6;0.24166666666666667;False;
2072;0.6;0.24166666666666667;False;
2073;0.6;0.24166666666666667;False;
2074;0.6;0.24166666666666667;False;
2075;0.6;0.24166666666666667;False;
2076;0.6;0.24166666666666667;False;
2077;0.6;0.24166666666666667;False;
2078;0.6;0.24166666666666667;False;
2079;0.6;0.24166666666666667;False;
2080;0.6;0.24166666666666667;False;
2081;0.6;0.24166666666666667;False;
2082;0.6;0.24166666666666667;False;
2083;0.6;0.24166666666666667;False;
2084;0.6;0.24166666666666667;False;
2085;0.6;0.24166666666666667;False;
2086;0.6;0.24166666666666667;False;
2087;0.6;0.24166666666666667;False;
2088;0.6;0.24166666666666667;False;
2089;0.6;0.24166666666666667;False;
2090;0.6;0.24166666666666667;False;
2091;0.6;0.24166666666666667;False;
2092;0.6;0.24166666666666667;False;
2093;0.6;0.24166666666666667;False;
2094;0.4285714285714286;0.41944444444444445;False;
2095;0.4285714285714286;0.41944444444444445;False;
2096;0.4285714285714286;0.41944444444444445;False;
2097;0.4285714285714286;0.41944444444444445;False;
2098;0.4285714285714286;0.41944444444444445;False;
2099;0.4285714285714286;0.41944444444444445;False;
2100;0.4285714285714286;0.41944444444444445;False;
2101;0.4285714285714286;0.41944444444444445;False;
2102;0.4285714285714286;0.41944444444444445;False;
2103;0.4285714285714286;0.41944444444444445;False;
2104;0.4285714285714286;0.41944444444444445;False;
2105;0.4285714285714286;0.41944444444444445;False;
2106;0.4285714285714286;0.41944444444444445;False;
2107;0.4285714285714286;0.41944444444444445;False;
2108;0.4285714285714286;0.41944444444444445;False;
2109;0.4285714285714286;0.41944444444444445;False;
2110;0.4285714285714286;0.41944444444444445;False;
2111;0.4285714285714286;0.41944444444444445;False;
2112;0.4285714285714286;0.41944444444444445;False;
2113;0.4285714285714286;0.41944444444444445;False;
2114;0.4285714285714286;0.41944444444444445;False;
2115;0.4285714285714286;0.41944444444444445;False;
2116;0.4285714285714286;0.41944444444444445;False;
2117;0.4285714285714286;0.41944444444444445;False;
2118;0.4285714285714286;0.41944444444444445;False;
2119;0.4285714285714286;0.41944444444444445;False;
2120;0.4285714285714286;0.41944444444444445;False;
2121;0.4285714285714286;0.41944444444444445;False;
2122;0.4285714285714286;0.41944444444444445;False;
2123;0.4285714285714286;0.41944444444444445;False;
2124;0.4285714285714286;0.41944444444444445;False;
2125;0.4285714285714286;0.41944444444444445;False;
2126;0.4285714285714286;0.41944444444444445;False;
2127;0.4285714285714286;0.41944444444444445;False;
2128;0.4285714285714286;0.41944444444444445;False;
2129;0.4285714285714286;0.41944444444444445;False;
2130;0.4285714285714286;0.41944444444444445;False;
2131;0.4285714285714286;0.41944444444444445;False;
2132;0.4285714285714286;0.41944444444444445;False;
2133;0.4285714285714286;0.41944444444444445;False;
2134;0.4285714285714286;0.41944444444444445;False;
2135;0.4285714285714286;0.41944444444444445;False;
2136;0.4285714285714286;0.41944444444444445;False;
2137;0.4285714285714286;0.41944444444444445;False;
2138;0.4285714285714286;0.41944444444444445;False;
2139;0.4285714285714286;0.41944444444444445;False;
2140;0.4285714285714286;0.41944444444444445;False;
2141;0.4285714285714286;0.41944444444444445;False;
2142;0.4285714285714286;0.41944444444444445;False;
2143;0.4285714285714286;0.41944444444444445;False;
2144;0.4285714285714286;0.41944444444444445;False;
2145;0.4285714285714286;0.41944444444444445;False;
2146;0.3142857142857143;0.5638888888888889;False;
2147;0.3142857142857143;0.5638888888888889;False;
2148;0.3142857142857143;0.5638888888888889;False;
2149;0.3142857142857143;0.5638888888888889;False;
2150;0.3142857142857143;0.5638888888888889;False;
2151;0.3142857142857143;0.5638888888888889;False;
2152;0.3142857142857143;0.5638888888888889;False;
2153;0.3142857142857143;0.5638888888888889;False;
2154;0.3142857142857143;0.5638888888888889;False;
2155;0.3142857142857143;0.5638888888888889;False;
2156;0.3142857142857143;0.5638888888888889;False;
2157;0.3142857142857143;0.5638888888888889;False;
2158;0.3142857142857143;0.5638888888888889;False;
2159;0.3142857142857143;0.5638888888888889;False;
2160;0.3142857142857143;0.5638888888888889;False;
2161;0.3142857142857143;0.5638888888888889;False;
2162;0.3142857142857143;0.5638888888888889;False;
2163;0.3142857142857143;0.5638888888888889;False;
2164;0.3142857142857143;0.5638888888888889;False;
2165;0.3142857142857143;0.5638888888888889;False;
2166;0.3142857142857143;0.5638888888888889;False;
2167;0.3142857142857143;0.5638888888888889;False;
2168;0.3142857142857143;0.5638888888888889;False;
2169;0.3714285714285715;0.49722222222222223;False;
2170;0.3714285714285715;0.49722222222222223;False;
2171;0.3714285714285715;0.49722222222222223;False;
2172;0.3714285714285715;0.49722222222222223;False;
2173;0.3714285714285715;0.49722222222222223;False;
2174;0.3714285714285715;0.49722222222222223;False;
2175;0.3714285714285715;0.49722222222222223;False;
2176;0.3714285714285715;0.49722222222222223;False;
2177;0.3714285714285715;0.49722222222222223;False;
2178;0.3714285714285715;0.49722222222222223;False;
2179;0.3714285714285715;0.49722222222222223;False;
2180;0.3714285714285715;0.49722222222222223;False;
2181;0.3714285714285715;0.49722222222222223;False;
2182;0.3714285714285715;0.49722222222222223;False;
2183;0.3714285714285715;0.49722222222222223;False;
2184;0.3714285714285715;0.49722222222222223;False;
2185;0.3714285714285715;0.49722222222222223;False;
2186;0.3714285714285715;0.49722222222222223;False;
2187;0.3714285714285715;0.49722222222222223;False;
2188;0.3714285714285715;0.49722222222222223;False;
2189;0.3714285714285715;0.49722222222222223;False;
2190;0.3714285714285715;0.49722222222222223;False;
2191;0.3714285714285715;0.49722222222222223;False;
2192;0.3714285714285715;0.49722222222222223;False;
2193;0.3714285714285715;0.49722222222222223;False;
2194;0.3714285714285715;0.49722222222222223;False;
2195;0.3714285714285715;0.49722222222222223;False;
2196;0.3714285714285715;0.49722222222222223;False;
2197;0.3714285714285715;0.49722222222222223;False;
2198;0.3714285714285715;0.49722222222222223;False;
2199;0.3714285714285715;0.49722222222222223;False;
2200;0.3714285714285715;0.49722222222222223;False;
2201;0.3714285714285715;0.49722222222222223;False;
2202;0.3142857142857143;0.5638888888888889;False;
2203;0.48571428571428577;0.35555555555555557;False;
2204;0.48571428571428577;0.35555555555555557;False;
2205;0.48571428571428577;0.35555555555555557;False;
2206;0.48571428571428577;0.35555555555555557;False;
2207;0.48571428571428577;0.35555555555555557;False;
2208;0.48571428571428577;0.35555555555555557;False;
2209;0.48571428571428577;0.35555555555555557;False;
2210;0.48571428571428577;0.35555555555555557;False;
2211;0.48571428571428577;0.35555555555555557;False;
2212;0.48571428571428577;0.35555555555555557;False;
2213;0.48571428571428577;0.35555555555555557;False;
2214;0.48571428571428577;0.35555555555555557;False;
2215;0.48571428571428577;0.35555555555555557;False;
2216;0.48571428571428577;0.35555555555555557;False;
2217;0.6;0.24166666666666667;False;
2218;0.6;0.24166666666666667;False;
2219;0.6;0.24166666666666667;False;
2220;0.6;0.24166666666666667;False;
2221;0.6;0.24166666666666667;False;
2222;0.7714285714285715;0.10277777777777777;False;
2223;0.7714285714285715;0.10277777777777777;False;
2224;0.7714285714285715;0.10277777777777777;False;
2225;0.7714285714285715;0.10277777777777777;False;
2226;0.7714285714285715;0.10277777777777777;False;
2227;0.7714285714285715;0.10277777777777777;False;
2228;0.7714285714285715;0.10277777777777777;False;
2229;0.7714285714285715;0.10277777777777777;False;
2230;0.7714285714285715;0.10277777777777777;False;
2231;0.7714285714285715;0.10277777777777777;False;
2232;0.7714285714285715;0.10277777777777777;False;
2233;0.7714285714285715;0.10277777777777777;False;
2234;0.6;0.24166666666666667;False;
2235;0.6;0.24166666666666667;False;
2236;0.6;0.24166666666666667;False;
2237;0.6;0.24166666666666667;False;
2238;0.6;0.24166666666666667;False;
2239;0.6;0.24166666666666667;False;
2240;0.6;0.24166666666666667;False;
2241;0.6;0.24166666666666667;False;
2242;0.6;0.24166666666666667;False;
2243;0.48571428571428577;0.35555555555555557;False;
2244;0.48571428571428577;0.35555555555555557;False;
2245;0.3142857142857143;0.5638888888888889;False;
2246;0.3142857142857143;0.5638888888888889;False;
2247;0.3142857142857143;0.5638888888888889;False;
2248;0.3142857142857143;0.5638888888888889;False;
2249;0.3142857142857143;0.5638888888888889;False;
2250;0.3142857142857143;0.5638888888888889;False;
2251;0.3142857142857143;0.5638888888888889;False;
2252;0.3142857142857143;0.5638888888888889;False;
2253;0.3142857142857143;0.5638888888888889;False;
2254;0.3142857142857143;0.5638888888888889;False;
2255;0.3142857142857143;0.5638888888888889;False;
2256;0.3142857142857143;0.5638888888888889;False;
2257;0.3142857142857143;0.5638888888888889;False;
2258;0.3142857142857143;0.5638888888888889;False;
2259;0.3142857142857143;0.5638888888888889;False;
2260;0.3142857142857143;0.5638888888888889;False;
2261;0.3142857142857143;0.5638888888888889;False;
2262;0.3142857142857143;0.5638888888888889;False;
2263;0.3142857142857143;0.5638888888888889;False;
2264;0.3142857142857143;0.5638888888888889;False;
2265;0.3142857142857143;0.5638888888888889;False;
2266;0.3142857142857143;0.5638888888888889;False;
2267;0.3142857142857143;0.5638888888888889;False;
2268;0.3142857142857143;0.5638888888888889;False;
2269;0.3142857142857143;0.5638888888888889;False;
2270;0.3142857142857143;0.5638888888888889;False;
2271;0.3142857142857143;0.5638888888888889;False;
2272;0.3142857142857143;0.5638888888888889;False;
2273;0.3142857142857143;0.5638888888888889;False;
2274;0.3142857142857143;0.5638888888888889;False;
2275;0.3142857142857143;0.5638888888888889;False;
2276;0.3142857142857143;0.5638888888888889;False;
2277;0.3142857142857143;0.5638888888888889;False;
2278;0.3142857142857143;0.5638888888888889;False;
2279;0.3142857142857143;0.5638888888888889;False;
2280;0.3142857142857143;0.5638888888888889;False;
2281;0.3142857142857143;0.5638888888888889;False;
2282;0.3142857142857143;0.5638888888888889;False;
2283;0.3142857142857143;0.5638888888888889;False;
2284;0.3142857142857143;0.5638888888888889;False;
2285;0.3142857142857143;0.5638888888888889;False;
2286;0.3142857142857143;0.5638888888888889;False;
2287;0.3142857142857143;0.5638888888888889;False;
2288;0.3142857142857143;0.5638888888888889;False;
2289;0.3142857142857143;0.5638888888888889;False;
2290;0.3142857142857143;0.5638888888888889;False;
2291;0.08571428571428573;0.9194444444444444;False;
2292;0.08571428571428573;0.9194444444444444;False;
2293;0.08571428571428573;0.9194444444444444;False;
2294;0.08571428571428573;0.9194444444444444;False;
2295;0.08571428571428573;0.9194444444444444;False;
2296;0.08571428571428573;0.9194444444444444;False;
2297;0.08571428571428573;0.9194444444444444;False;
2298;0.08571428571428573;0.9194444444444444;False;
2299;0.08571428571428573;0.9194444444444444;False;
2300;0.08571428571428573;0.9194444444444444;False;
2301;0.08571428571428573;0.9194444444444444;False;
2302;0.08571428571428573;0.9194444444444444;False;
2303;0.08571428571428573;0.9194444444444444;False;
2304;0.08571428571428573;0.9194444444444444;False;
2305;0.08571428571428573;0.9194444444444444;False;
2306;0.08571428571428573;0.9194444444444444;False;
2307;0.08571428571428573;0.9194444444444444;False;
2308;0.08571428571428573;0.9194444444444444;False;
2309;0.08571428571428573;0.9194444444444444;False;
2310;0.08571428571428573;0.9194444444444444;False;
2311;0.08571428571428573;0.9194444444444444;False;
2312;0.08571428571428573;0.9194444444444444;False;
2313;0.08571428571428573;0.9194444444444444;False;
2314;0.08571428571428573;0.9194444444444444;False;
2315;0.08571428571428573;0.9194444444444444;False;
2316;0.08571428571428573;0.9194444444444444;False;
2317;0.08571428571428573;0.9194444444444444;False;
2318;0.08571428571428573;0.9194444444444444;False;
2319;0.08571428571428573;0.9194444444444444;False;
2320;0.3142857142857143;0.5638888888888889;False;
2321;0.3142857142857143;0.5638888888888889;False;
2322;0.3142857142857143;0.5638888888888889;False;
2323;0.3142857142857143;0.5638888888888889;False;
2324;0.3142857142857143;0.5638888888888889;False;
2325;0.3142857142857143;0.5638888888888889;False;
2326;0.3142857142857143;0.5638888888888889;False;
2327;0.3142857142857143;0.5638888888888889;False;
2328;0.3142857142857143;0.5638888888888889;False;
2329;0.3142857142857143;0.5638888888888889;False;
2330;0.3142857142857143;0.5638888888888889;False;
2331;0.3142857142857143;0.5638888888888889;False;
2332;0.3142857142857143;0.5638888888888889;False;
2333;0.3142857142857143;0.5638888888888889;False;
2334;0.3142857142857143;0.5638888888888889;False;
2335;0.3142857142857143;0.5638888888888889;False;
2336;0.3142857142857143;0.5638888888888889;False;
2337;0.08571428571428573;0.9194444444444444;False;
2338;0.08571428571428573;0.9194444444444444;False;
2339;0.08571428571428573;0.9194444444444444;False;
2340;0.08571428571428573;0.9194444444444444;False;
2341;0.08571428571428573;0.9194444444444444;False;
2342;0.08571428571428573;0.9194444444444444;False;
2343;0.08571428571428573;0.9194444444444444;False;
2344;0.08571428571428573;0.9194444444444444;False;
2345;0.3142857142857143;0.5638888888888889;False;
2346;0.3142857142857143;0.5638888888888889;False;
2347;0.08571428571428573;0.9194444444444444;False;
2348;0.08571428571428573;0.9194444444444444;False;
2349;0.08571428571428573;0.9194444444444444;False;
2350;0.3142857142857143;0.5638888888888889;False;
2351;0.3142857142857143;0.5638888888888889;False;
2352;0.3142857142857143;0.5638888888888889;False;
2353;0.3142857142857143;0.5638888888888889;False;
2354;0.3142857142857143;0.5638888888888889;False;
2355;0.3142857142857143;0.5638888888888889;False;
2356;0.3142857142857143;0.5638888888888889;False;
2357;0.3142857142857143;0.5638888888888889;False;
2358;0.3142857142857143;0.5638888888888889;False;
2359;0.3142857142857143;0.5638888888888889;False;
2360;0.3142857142857143;0.5638888888888889;False;
2361;0.3142857142857143;0.5638888888888889;False;
2362;0.3142857142857143;0.5638888888888889;False;
2363;0.3142857142857143;0.5638888888888889;False;
2364;0.3142857142857143;0.5638888888888889;False;
2365;0.3142857142857143;0.5638888888888889;False;
2366;0.3142857142857143;0.5638888888888889;False;
2367;0.3142857142857143;0.5638888888888889;False;
2368;0.3142857142857143;0.5638888888888889;False;
2369;0.3142857142857143;0.5638888888888889;False;
2370;0.3142857142857143;0.5638888888888889;False;
2371;0.3142857142857143;0.5638888888888889;False;
2372;0.3142857142857143;0.5638888888888889;False;
2373;0.3142857142857143;0.5638888888888889;False;
2374;0.3142857142857143;0.5638888888888889;False;
2375;0.3142857142857143;0.5638888888888889;False;
2376;0.3142857142857143;0.5638888888888889;False;
2377;0.3142857142857143;0.5638888888888889;False;
2378;0.3142857142857143;0.5638888888888889;False;
2379;0.3142857142857143;0.5638888888888889;False;
2380;0.3142857142857143;0.5638888888888889;False;
2381;0.3142857142857143;0.5638888888888889;False;
2382;0.3142857142857143;0.5638888888888889;False;
2383;0.3142857142857143;0.5638888888888889;False;
2384;0.3142857142857143;0.5638888888888889;False;
2385;0.3142857142857143;0.5638888888888889;False;
2386;0.3142857142857143;0.5638888888888889;False;
2387;0.3142857142857143;0.5638888888888889;False;
2388;0.3142857142857143;0.5638888888888889;False;
2389;0.3142857142857143;0.5638888888888889;False;
2390;0.3142857142857143;0.5638888888888889;False;
2391;-0.028571428571428574;1.0;False;
2392;-0.028571428571428574;1.0;False;
2393;0.08571428571428573;0.9194444444444444;False;
2394;0.08571428571428573;0.9194444444444444;False;
2395;0.08571428571428573;0.9194444444444444;False;
2396;0.08571428571428573;0.9194444444444444;False;
2397;0.08571428571428573;0.9194444444444444;False;
2398;0.08571428571428573;0.9194444444444444;False;
2399;0.08571428571428573;0.9194444444444444;False;
2400;0.08571428571428573;0.9194444444444444;False;
2401;0.08571428571428573;0.9194444444444444;False;
2402;-0.028571428571428574;1.0;False;
2403;-0.028571428571428574;1.0;False;
2404;0.08571428571428573;0.9194444444444444;False;
2405;0.08571428571428573;0.9194444444444444;False;
2406;0.08571428571428573;0.9194444444444444;False;
2407;0.08571428571428573;0.9194444444444444;False;
2408;0.08571428571428573;0.9194444444444444;False;
2409;0.08571428571428573;0.9194444444444444;False;
2410;0.08571428571428573;0.9194444444444444;False;
2411;0.08571428571428573;0.9194444444444444;False;
2412;0.08571428571428573;0.9194444444444444;False;
2413;0.08571428571428573;0.9194444444444444;False;
2414;0.08571428571428573;0.9194444444444444;False;
2415;0.08571428571428573;0.9194444444444444;False;
2416;0.08571428571428573;0.9194444444444444;False;
2417;0.08571428571428573;0.9194444444444444;False;
2418;0.08571428571428573;0.9194444444444444;False;
2419;0.08571428571428573;0.9194444444444444;False;
2420;0.08571428571428573;0.9194444444444444;False;
2421;0.08571428571428573;0.9194444444444444;False;
2422;0.08571428571428573;0.9194444444444444;False;
2423;0.08571428571428573;0.9194444444444444;False;
2424;0.08571428571428573;0.9194444444444444;False;
2425;0.08571428571428573;0.9194444444444444;False;
2426;0.08571428571428573;0.9194444444444444;False;
2427;0.08571428571428573;0.9194444444444444;False;
2428;0.08571428571428573;0.9194444444444444;False;
2429;0.08571428571428573;0.9194444444444444;False;
2430;0.08571428571428573;0.9194444444444444;False;
2431;0.08571428571428573;0.9194444444444444;False;
2432;0.08571428571428573;0.9194444444444444;False;
2433;0.08571428571428573;0.9194444444444444;False;
2434;0.08571428571428573;0.9194444444444444;False;
2435;0.08571428571428573;0.9194444444444444;False;
2436;0.08571428571428573;0.9194444444444444;False;
2437;0.08571428571428573;0.9194444444444444;False;
2438;0.08571428571428573;0.9194444444444444;False;
2439;0.08571428571428573;0.9194444444444444;False;
2440;0.08571428571428573;0.9194444444444444;False;
2441;0.08571428571428573;0.9194444444444444;False;
2442;0.08571428571428573;0.9194444444444444;False;
2443;0.08571428571428573;0.9194444444444444;False;
2444;0.08571428571428573;0.9194444444444444;False;
2445;0.08571428571428573;0.9194444444444444;False;
2446;-0.028571428571428574;1.0;False;
2447;-0.028571428571428574;1.0;False;
2448;-0.028571428571428574;1.0;False;
2449;-0.028571428571428574;1.0;False;
2450;0.08571428571428573;0.9194444444444444;False;
2451;0.08571428571428573;0.9194444444444444;False;
2452;-0.028571428571428574;1.0;False;
2453;-0.028571428571428574;1.0;False;
2454;-0.028571428571428574;1.0;False;
2455;-0.028571428571428574;1.0;False;
2456;-0.028571428571428574;1.0;False;
2457;-0.028571428571428574;1.0;False;
2458;-0.028571428571428574;1.0;False;
2459;0.08571428571428573;0.9194444444444444;False;
2460;0.08571428571428573;0.9194444444444444;False;
2461;-0.028571428571428574;1.0;False;
2462;-0.028571428571428574;1.0;False;
2463;-0.028571428571428574;1.0;False;
2464;0.08571428571428573;0.9194444444444444;False;
2465;0.08571428571428573;0.9194444444444444;False;
2466;0.08571428571428573;0.9194444444444444;False;
2467;0.08571428571428573;0.9194444444444444;False;
2468;0.08571428571428573;0.9194444444444444;False;
2469;0.08571428571428573;0.9194444444444444;False;
2470;0.08571428571428573;0.9194444444444444;False;
2471;0.08571428571428573;0.9194444444444444;False;
2472;-0.028571428571428574;1.0;False;
2473;-0.028571428571428574;1.0;False;
2474;-0.028571428571428574;1.0;False;
2475;-0.028571428571428574;1.0;False;
2476;0.08571428571428573;0.9194444444444444;False;
2477;0.08571428571428573;0.9194444444444444;False;
2478;0.08571428571428573;0.9194444444444444;False;
2479;0.08571428571428573;0.9194444444444444;False;
2480;0.08571428571428573;0.9194444444444444;False;
2481;0.08571428571428573;0.9194444444444444;False;
2482;0.08571428571428573;0.9194444444444444;False;
2483;0.08571428571428573;0.9194444444444444;False;
2484;-0.028571428571428574;1.0;False;
2485;-0.028571428571428574;1.0;False;
2486;0.08571428571428573;0.9194444444444444;False;
2487;0.08571428571428573;0.9194444444444444;False;
2488;0.08571428571428573;0.9194444444444444;False;
2489;0.08571428571428573;0.9194444444444444;False;
2490;0.08571428571428573;0.9194444444444444;False;
2491;0.08571428571428573;0.9194444444444444;False;
2492;0.08571428571428573;0.9194444444444444;False;
2493;0.14285714285714288;0.8027777777777778;False;
2494;0.14285714285714288;0.8027777777777778;False;
2495;0.08571428571428573;0.9194444444444444;False;
2496;0.08571428571428573;0.9194444444444444;False;
2497;0.14285714285714288;0.8027777777777778;False;
2498;0.14285714285714288;0.8027777777777778;False;
2499;0.14285714285714288;0.8027777777777778;False;
2500;0.14285714285714288;0.8027777777777778;False;
