seed;fold;banda_nm;vip
42;1;405;1.5037195145763302
42;1;415;1.363999991712845
42;1;425;1.2857252427209926
42;1;435;1.1854768156789854
42;1;445;1.10067078112198
42;1;455;1.0320173185487738
42;1;465;0.9758521550627678
42;1;475;0.9287916345370049
42;1;485;0.8886508227415768
42;1;495;0.859323188108216
42;1;505;0.8383911040517005
42;1;515;0.8083152292621844
42;1;525;0.7170741577677954
42;1;535;0.633804613543978
42;1;545;0.6070868953298167
42;1;555;0.6147471379279339
42;1;565;0.6725175387771154
42;1;575;0.7442229796952378
42;1;585;0.7850581897526369
42;1;595;0.8006319082933887
42;1;605;0.8088735327467993
42;1;615;0.8166536375109703
42;1;625;0.821444567746427
42;1;635;0.8242710081453474
42;1;645;0.8191138003907875
42;1;655;0.8096783731021431
42;1;665;0.8003428243904094
42;1;675;0.7973638243779687
42;1;685;0.8226851383987596
42;1;693;0.8129259166916067
42;1;700;0.4709574118719493
42;1;708;0.48452337575080057
42;1;718;0.5434237117468868
42;1;728;0.23748152351093743
42;1;738;0.8259091387908558
42;1;748;1.092289217974696
42;1;758;1.0062621145380566
42;1;768;0.9138471262788092
42;1;778;0.8583202081059045
42;1;788;0.8361995706864066
42;1;798;0.8252733458154567
42;1;808;0.8228384009148779
42;1;818;0.8124226889098417
42;1;828;0.7966369694587567
42;1;838;0.788884102644192
42;1;848;0.7993901491167897
42;1;858;0.8250158964228443
42;1;868;0.8551106176087547
42;1;878;0.8808644876270767
42;1;888;0.8923137058825221
42;1;898;0.9113399027418189
42;1;908;0.9179119076072829
42;1;918;0.9327480605037742
42;1;928;0.9353653231709471
42;1;938;0.9414865975378384
42;1;948;0.9421624512001675
42;1;958;0.9452023516002259
42;1;968;0.9533416589220098
42;1;978;0.9763526770257213
42;1;988;0.9915636225609495
42;1;998;1.0195362528256102
42;1;1008;1.0464354415862436
42;1;1018;1.1087461964340628
42;1;1028;1.0712505617714367
42;1;1038;1.0677186220264892
42;1;1048;1.0510355962302016
42;1;1058;1.0505714731255673
42;1;1068;1.037930964958566
42;1;1078;1.0235391617236977
42;1;1088;0.9855236946010446
42;1;1098;0.9476397597496994
42;1;1108;0.9066148975027091
42;1;1118;0.8803999140810546
42;1;1128;0.8618136476526664
42;1;1138;0.8255900677989112
42;1;1148;0.7942625593131277
42;1;1158;0.7970497555235854
42;1;1168;0.7877217464543961
42;1;1178;0.7781719429462557
42;1;1188;0.7699010604572736
42;1;1198;0.765324472622649
42;1;1208;0.7614606535367654
42;1;1218;0.7564704662426089
42;1;1228;0.754397102200491
42;1;1238;0.7541949411520158
42;1;1248;0.7558433664771884
42;1;1258;0.7590886299130963
42;1;1268;0.7632083595531798
42;1;1278;0.7683766639249148
42;1;1288;0.7691910772252134
42;1;1298;0.7729519276503827
42;1;1308;0.7822346713761051
42;1;1318;0.8193089786473328
42;1;1328;0.9882836268070868
42;1;1338;1.3520285342859173
42;1;1348;1.6960968435576234
42;1;1358;1.7954188977330248
42;1;1368;1.952047280261252
42;1;1378;2.047716007067287
42;1;1388;1.957291302614384
42;1;1398;1.797149741041462
42;1;1408;1.6382537143383238
42;1;1418;1.4106336280873197
42;1;1428;1.122466350008836
42;1;1438;0.900311554461281
42;1;1448;0.8080607315650952
42;1;1458;0.7946247303995475
42;1;1468;0.8096115925551882
42;1;1478;0.8414776520829751
42;1;1488;0.8746424813929252
42;1;1498;0.9082199580498167
42;1;1508;0.9388430272000066
42;1;1518;0.9607211879535625
42;1;1528;0.9787028497697644
42;1;1538;0.9982665783741409
42;1;1548;1.005652188899017
42;1;1558;1.0053666822707432
42;1;1568;1.00762838822416
42;1;1578;1.002885222977285
42;1;1588;0.9778131483487422
42;1;1598;0.9446459003401974
42;1;1608;0.8895006930352192
42;1;1618;0.8205076781808104
42;1;1628;0.7698443379847768
42;1;1638;0.6982365550854728
42;1;1648;0.6436811925926481
42;1;1658;0.5605303783431292
42;1;1668;0.5130532683888892
42;1;1678;0.48274631862247097
42;1;1688;0.48413844413488394
42;1;1698;0.5065250528110927
42;1;1708;0.5571145173405745
42;1;1718;0.6111618124186768
42;1;1728;0.6606711450984974
42;1;1738;0.6852800984531616
42;1;1748;0.7183188275774534
42;1;1758;0.7710050918747126
42;1;1768;0.8084171089568452
42;1;1778;0.8667284948626324
42;1;1788;0.9366292848473777
42;1;1798;1.0160245793077405
42;1;1808;1.1090719179995123
42;1;1818;1.1770282421092813
42;1;1828;1.2356633437015858
42;1;1838;1.0459354093967397
42;1;1848;1.1247267659063291
42;1;1858;1.1571510093102026
42;1;1868;1.1286153959142915
42;1;1878;1.0211487493480742
42;1;1888;0.7436988149654155
42;1;1898;1.0251233474560617
42;1;1908;1.6227171529784792
42;1;1918;1.9030618611244077
42;1;1928;1.9950692048448737
42;1;1938;1.970282628574874
42;1;1948;1.866501435997241
42;1;1958;1.7229585990294882
42;1;1968;1.5693932593262254
42;1;1978;1.4292836464502443
42;1;1988;1.3067520466663445
42;1;1998;1.2134085833897925
42;1;2008;1.1370724889495407
42;1;2018;1.0838072242590855
42;1;2028;1.040620562375491
42;1;2038;1.0046434170934075
42;1;2048;0.9783750761665322
42;1;2058;0.9511392250137207
42;1;2068;0.9289964540665906
42;1;2078;0.9039364020874355
42;1;2088;0.8776960609763172
42;1;2098;0.8535658313177586
42;1;2108;0.8262728620075823
42;1;2118;0.8063456841135473
42;1;2128;0.7965557490158353
42;1;2138;0.7965052017956747
42;1;2148;0.8096428480362925
42;1;2158;0.8332434876909895
42;1;2168;0.8577632203985793
42;1;2178;0.8906694681969427
42;1;2188;0.9252002262930867
42;1;2198;0.9542320800161235
42;1;2208;0.9836425644785723
42;1;2218;1.0184941896585389
42;1;2228;1.0381136461481764
42;1;2238;1.0417074953637155
42;1;2248;1.0299289723231568
42;1;2258;1.0005498015611143
42;1;2268;0.9401668327155307
42;1;2278;0.8868701188608105
42;1;2288;0.8788273987931005
42;1;2298;0.8937826852971081
42;1;2308;0.8737509678146054
42;1;2318;0.8353894382518324
42;1;2328;0.8180636504899734
42;1;2338;0.8128128150134339
42;1;2348;0.8097423274393797
42;1;2358;0.79471071491988
42;1;2368;0.7883990744612238
42;1;2378;0.7892041898672594
42;1;2388;0.7994398544778217
42;1;2398;0.8239567601609448
42;1;2408;0.8784433612267649
42;1;2418;0.953386044680837
42;1;2428;1.0747869807367874
42;1;2438;1.2005146130772777
42;1;2447;1.3218060318923341
42;2;405;1.4368574988371583
42;2;415;1.343210763084477
42;2;425;1.2726764040449896
42;2;435;1.202569440337013
42;2;445;1.135856361968524
42;2;455;1.0790251107118154
42;2;465;1.028829598304956
42;2;475;0.9888557358404716
42;2;485;0.9531452522852024
42;2;495;0.928031414547991
42;2;505;0.907905274814543
42;2;515;0.8821504137697491
42;2;525;0.774310511716854
42;2;535;0.6789953551918113
42;2;545;0.631024054856262
42;2;555;0.6093150649435192
42;2;565;0.669591658268369
42;2;575;0.7577451258441007
42;2;585;0.8049358832636972
42;2;595;0.8243728866118242
42;2;605;0.8378352941609138
42;2;615;0.8508754516016506
42;2;625;0.8549234278047435
42;2;635;0.8561693705795549
42;2;645;0.8530936287266871
42;2;655;0.8454483713172437
42;2;665;0.8366094604878312
42;2;675;0.8339161695938978
42;2;685;0.8486336847756041
42;2;693;0.8593323521809333
42;2;700;0.49322943022536
42;2;708;0.20625435641415601
42;2;718;0.2761287390475488
42;2;728;0.22071424774129733
42;2;738;0.8016425565760016
42;2;748;1.0160538212342096
42;2;758;0.9634775581733869
42;2;768;0.9108875870695634
42;2;778;0.8791765808816971
42;2;788;0.8668541058218641
42;2;798;0.8609285239829665
42;2;808;0.8595371174066869
42;2;818;0.8539014324291263
42;2;828;0.8438215143139728
42;2;838;0.8389787101090851
42;2;848;0.8434174480379691
42;2;858;0.8561689206140973
42;2;868;0.8720083971323089
42;2;878;0.8865861561775252
42;2;888;0.8946726006262737
42;2;898;0.9030547762523639
42;2;908;0.9083242427008469
42;2;918;0.9168119661746168
42;2;928;0.9168140117732545
42;2;938;0.9209680487352544
42;2;948;0.9179111569687773
42;2;958;0.915384508273685
42;2;968;0.9200701541534976
42;2;978;0.9338779659735774
42;2;988;0.9479545963703674
42;2;998;0.9699192213971302
42;2;1008;0.9752414646257125
42;2;1018;1.0080850893161186
42;2;1028;0.9956870944944376
42;2;1038;0.9897937707397958
42;2;1048;0.9870732365957764
42;2;1058;0.988349277517248
42;2;1068;0.9718654214544378
42;2;1078;0.9663295066034989
42;2;1088;0.9380887990193573
42;2;1098;0.9141491761537656
42;2;1108;0.8907568704872542
42;2;1118;0.8771443780531479
42;2;1128;0.8691884790780561
42;2;1138;0.848990143882366
42;2;1148;0.8394410039765356
42;2;1158;0.852530439989177
42;2;1168;0.8441462762454576
42;2;1178;0.833239988806552
42;2;1188;0.8252347254226086
42;2;1198;0.8212041882308064
42;2;1208;0.8179259929409395
42;2;1218;0.8140283708559763
42;2;1228;0.8134490634262869
42;2;1238;0.8142718054243292
42;2;1248;0.8155530804288812
42;2;1258;0.8196424030616369
42;2;1268;0.8248890456594382
42;2;1278;0.829965610495074
42;2;1288;0.832369847349996
42;2;1298;0.8385154930153188
42;2;1308;0.8462884526648007
42;2;1318;0.8706252348680051
42;2;1328;0.9855518279270279
42;2;1338;1.26457956685453
42;2;1348;1.5889426010403105
42;2;1358;1.7475941628101515
42;2;1368;1.9136636339126043
42;2;1378;2.009967211466294
42;2;1388;1.873966845485419
42;2;1398;1.6503704350158903
42;2;1408;1.4532558946315535
42;2;1418;1.2317418476681041
42;2;1428;1.0015900744999884
42;2;1438;0.8700010391975485
42;2;1448;0.842296286910285
42;2;1458;0.8548885124691971
42;2;1468;0.8784549525227534
42;2;1478;0.9071553591850892
42;2;1488;0.9310267417907306
42;2;1498;0.9512257999015131
42;2;1508;0.9692447289920989
42;2;1518;0.9795438819865617
42;2;1528;0.9879272356866833
42;2;1538;0.9949332662911298
42;2;1548;0.994516297097743
42;2;1558;0.9894692651256866
42;2;1568;0.9848830196565919
42;2;1578;0.9802229740524447
42;2;1588;0.959265551265552
42;2;1598;0.9383597870162417
42;2;1608;0.8990634726331237
42;2;1618;0.8519611127365481
42;2;1628;0.806649205157193
42;2;1638;0.7578926153922054
42;2;1648;0.7165912305628669
42;2;1658;0.6546040460740389
42;2;1668;0.6128719541364721
42;2;1678;0.5831525067302599
42;2;1688;0.573490166976026
42;2;1698;0.5876594916663229
42;2;1708;0.6106601620828191
42;2;1718;0.6393634954467882
42;2;1728;0.6722728619708329
42;2;1738;0.7027094323615445
42;2;1748;0.735130490024498
42;2;1758;0.7775433402982396
42;2;1768;0.8040940833922768
42;2;1778;0.8397482079359415
42;2;1788;0.8767749248506129
42;2;1798;0.9205858067386747
42;2;1808;0.981477156207115
42;2;1818;1.0473616039127023
42;2;1828;1.0917276817780053
42;2;1838;1.1930263518672373
42;2;1848;1.227754617304524
42;2;1858;1.219721224139117
42;2;1868;1.1360233600785588
42;2;1878;0.9794594172074442
42;2;1888;0.766183727074662
42;2;1898;1.1299956230708221
42;2;1908;1.596453490991511
42;2;1918;1.8033871696087795
42;2;1928;1.8697469125958057
42;2;1938;1.8510292510502315
42;2;1948;1.7720385152623308
42;2;1958;1.662032156235727
42;2;1968;1.5422269008558287
42;2;1978;1.4293993088050911
42;2;1988;1.3283863730748904
42;2;1998;1.2482927544480282
42;2;2008;1.1807675529106
42;2;2018;1.1333263906341424
42;2;2028;1.0907436368879322
42;2;2038;1.053768387541327
42;2;2048;1.025021505338159
42;2;2058;0.9936545899245575
42;2;2068;0.9681255855315383
42;2;2078;0.9389643163009315
42;2;2088;0.9147366898116668
42;2;2098;0.8925038216608739
42;2;2108;0.8712616505158884
42;2;2118;0.8559281619216236
42;2;2128;0.8483561007316064
42;2;2138;0.8472826099021422
42;2;2148;0.8536059575271033
42;2;2158;0.8659044575989239
42;2;2168;0.8797746676737708
42;2;2178;0.8981287768584665
42;2;2188;0.9194450876331827
42;2;2198;0.9371762526141411
42;2;2208;0.9609785703835002
42;2;2218;0.9814616646281984
42;2;2228;0.995309706441181
42;2;2238;0.9973795753084445
42;2;2248;0.9854393929082067
42;2;2258;0.9630855262613833
42;2;2268;0.9261789526369251
42;2;2278;0.8900183199087052
42;2;2288;0.8812172081984067
42;2;2298;0.888129798244191
42;2;2308;0.8759587602886902
42;2;2318;0.854232076753949
42;2;2328;0.8449507128635845
42;2;2338;0.843180097969403
42;2;2348;0.842492934243404
42;2;2358;0.8446324250895234
42;2;2368;0.8561927127846489
42;2;2378;0.8711128483141541
42;2;2388;0.8961127326689174
42;2;2398;0.934323855786
42;2;2408;0.9938960178265405
42;2;2418;1.066682045807588
42;2;2428;1.1791237744020362
42;2;2438;1.2862676872235157
42;2;2447;1.3820971975456102
42;3;405;1.5085526889672933
42;3;415;1.3713793404207293
42;3;425;1.2841666908143452
42;3;435;1.1813471156570958
42;3;445;1.0964820860012063
42;3;455;1.0255701436803621
42;3;465;0.9667847642696848
42;3;475;0.9176982009779097
42;3;485;0.8762202011365948
42;3;495;0.842256700014092
42;3;505;0.818163477890423
42;3;515;0.7894906318458772
42;3;525;0.7054736689439648
42;3;535;0.6367918495259939
42;3;545;0.6278319510388274
42;3;555;0.6479079168372962
42;3;565;0.6992829856860883
42;3;575;0.7597923674890199
42;3;585;0.7962720176173617
42;3;595;0.8098869349485219
42;3;605;0.8139471567560932
42;3;615;0.8169942611188635
42;3;625;0.8202387240987128
42;3;635;0.8217176628797676
42;3;645;0.8077612687914645
42;3;655;0.7929995700970014
42;3;665;0.7788642866604855
42;3;675;0.7701479856258857
42;3;685;0.7862130607885419
42;3;693;0.7747534292901588
42;3;700;0.5238823787228413
42;3;708;0.6632201397629677
42;3;718;0.7159970827895851
42;3;728;0.4092884108459579
42;3;738;0.6819182805113239
42;3;748;0.9798470325664442
42;3;758;0.9385700687198899
42;3;768;0.8711235165103173
42;3;778;0.8277408949133521
42;3;788;0.8112497258299728
42;3;798;0.8024416530635852
42;3;808;0.8012056373544914
42;3;818;0.7933914529554201
42;3;828;0.7810238407254032
42;3;838;0.7767109598159961
42;3;848;0.788501944938223
42;3;858;0.8141329347049474
42;3;868;0.8417532792336219
42;3;878;0.8657233462295582
42;3;888;0.8756670444979578
42;3;898;0.89221493011266
42;3;908;0.8972513608705325
42;3;918;0.9105948080270624
42;3;928;0.9106464052610528
42;3;938;0.9169766421421799
42;3;948;0.915352131660068
42;3;958;0.912743023167973
42;3;968;0.919477037703477
42;3;978;0.9402073277153247
42;3;988;0.9567662881977436
42;3;998;0.9858687121169206
42;3;1008;1.0104451546227529
42;3;1018;1.0524451829928234
42;3;1028;1.038712139907801
42;3;1038;1.0201310794897986
42;3;1048;1.009122943337725
42;3;1058;0.9987460551916202
42;3;1068;0.9835672139853644
42;3;1078;0.9607481894106811
42;3;1088;0.9289956618573313
42;3;1098;0.8916034909179938
42;3;1108;0.8582788181929059
42;3;1118;0.838589919694242
42;3;1128;0.8261299237216366
42;3;1138;0.799786021905084
42;3;1148;0.778459616002669
42;3;1158;0.7879496977620095
42;3;1168;0.7725757836332513
42;3;1178;0.7584286514488222
42;3;1188;0.7477093196165808
42;3;1198;0.7427655876058717
42;3;1208;0.738011194080475
42;3;1218;0.7326171028608807
42;3;1228;0.7313141427476239
42;3;1238;0.7314166166800693
42;3;1248;0.7337281015863234
42;3;1258;0.7377639232995139
42;3;1268;0.7444018135792285
42;3;1278;0.7515282579171867
42;3;1288;0.7547844638364063
42;3;1298;0.7645899316161675
42;3;1308;0.7860906687978866
42;3;1318;0.8489552236826489
42;3;1328;1.0299895837281723
42;3;1338;1.4067313551316112
42;3;1348;1.74120499343499
42;3;1358;1.8361038558640221
42;3;1368;1.971368005558877
42;3;1378;2.0527675558649228
42;3;1388;1.9666429983674478
42;3;1398;1.8055129796147316
42;3;1408;1.6307747331371543
42;3;1418;1.3871010646531503
42;3;1428;1.0888468147805288
42;3;1438;0.8665542255352978
42;3;1448;0.7843993563587631
42;3;1458;0.7801901019533551
42;3;1468;0.803140926243475
42;3;1478;0.8414591789605242
42;3;1488;0.8795437632697297
42;3;1498;0.9148425529675827
42;3;1508;0.9469563473513349
42;3;1518;0.9685041294351731
42;3;1528;0.9881748131732423
42;3;1538;1.006747514006033
42;3;1548;1.0150887913716455
42;3;1558;1.016716006965472
42;3;1568;1.0209414126809244
42;3;1578;1.0207360496168119
42;3;1588;1.0013241899377125
42;3;1598;0.979062734363165
42;3;1608;0.9362343695456364
42;3;1618;0.8789451110401442
42;3;1628;0.8307244997137003
42;3;1638;0.7761659696711827
42;3;1648;0.7319841034214245
42;3;1658;0.6624997696746199
42;3;1668;0.6185214559082614
42;3;1678;0.5913254930296249
42;3;1688;0.584528095948988
42;3;1698;0.5900696355247224
42;3;1708;0.6077956736006316
42;3;1718;0.6388886266023257
42;3;1728;0.6695455563139097
42;3;1738;0.6938203633179086
42;3;1748;0.7202477637042288
42;3;1758;0.7645144088569884
42;3;1768;0.7903050676308682
42;3;1778;0.8376641711528073
42;3;1788;0.8993866610448062
42;3;1798;0.968226143324504
42;3;1808;1.050528394745983
42;3;1818;1.1198510640736976
42;3;1828;1.1883334395294765
42;3;1838;1.225975058291897
42;3;1848;1.2945370705706696
42;3;1858;1.3108670695854496
42;3;1868;1.254045841788107
42;3;1878;1.1075362336608616
42;3;1888;0.7604462206243949
42;3;1898;0.9881376249353699
42;3;1908;1.6109899530212768
42;3;1918;1.9106148944238623
42;3;1928;2.006612837616498
42;3;1938;1.9848358016119505
42;3;1948;1.8781895628743042
42;3;1958;1.7319188551211497
42;3;1968;1.5742937425633032
42;3;1978;1.4296544213316138
42;3;1988;1.3010994766826403
42;3;1998;1.2027123666112245
42;3;2008;1.1219655418096137
42;3;2018;1.0671261697464853
42;3;2028;1.018758036164938
42;3;2038;0.9792899000935453
42;3;2048;0.9505118374102177
42;3;2058;0.9190555380436201
42;3;2068;0.8935585644790895
42;3;2078;0.8654902348163289
42;3;2088;0.8366762878065167
42;3;2098;0.8132535805780625
42;3;2108;0.7918026611396228
42;3;2118;0.7789371681759377
42;3;2128;0.7775925607095924
42;3;2138;0.7866410721189697
42;3;2148;0.8079614209767637
42;3;2158;0.8378821106081822
42;3;2168;0.8681042490213977
42;3;2178;0.9046522670591269
42;3;2188;0.9469956646133951
42;3;2198;0.9830767346714315
42;3;2208;1.0222244488743477
42;3;2218;1.0608222561333278
42;3;2228;1.0872088636362738
42;3;2238;1.0900007979384183
42;3;2248;1.0712220435495876
42;3;2258;1.0313711667855467
42;3;2268;0.9649872967862516
42;3;2278;0.9021104684768623
42;3;2288;0.8897469470513536
42;3;2298;0.9075507561058859
42;3;2308;0.8866088039008077
42;3;2318;0.8422907597084136
42;3;2328;0.8212585190461745
42;3;2338;0.8126882472788655
42;3;2348;0.8111835990358797
42;3;2358;0.7882007971238224
42;3;2368;0.7755634147834933
42;3;2378;0.7726498466680226
42;3;2388;0.7771860671509363
42;3;2398;0.7993091630918715
42;3;2408;0.8536404423961295
42;3;2418;0.9254775178851551
42;3;2428;1.0554145900275285
42;3;2438;1.1949725583339446
42;3;2447;1.3206375043163132
42;4;405;1.3870345687489292
42;4;415;1.283850403719632
42;4;425;1.207244874525927
42;4;435;1.1445337849174229
42;4;445;1.0769630791366627
42;4;455;1.0266867743797226
42;4;465;0.9851592896173087
42;4;475;0.9497154985029405
42;4;485;0.9189801944661551
42;4;495;0.8937053822028088
42;4;505;0.8703516521268544
42;4;515;0.8367141498965593
42;4;525;0.732856513246962
42;4;535;0.6434500348077801
42;4;545;0.6152823581151243
42;4;555;0.6163141985381874
42;4;565;0.6761646944063341
42;4;575;0.7561891948786428
42;4;585;0.8004573278216889
42;4;595;0.8181259125971652
42;4;605;0.8277638115728786
42;4;615;0.8371819033021198
42;4;625;0.840975751389022
42;4;635;0.8428653110673907
42;4;645;0.8377646968862279
42;4;655;0.8287825228982841
42;4;665;0.820585737531129
42;4;675;0.8202723861565849
42;4;685;0.8392241340319071
42;4;693;0.8293014789527301
42;4;700;0.471193531127397
42;4;708;0.4751565967915494
42;4;718;0.5227693510528846
42;4;728;0.24858827829573557
42;4;738;0.8485882901389145
42;4;748;1.1407360717287935
42;4;758;1.0799136325809962
42;4;768;1.003023540059551
42;4;778;0.9465429794222804
42;4;788;0.9228074338209427
42;4;798;0.9065967927576969
42;4;808;0.8987429054376236
42;4;818;0.884310018981185
42;4;828;0.8611842109592378
42;4;838;0.8385296227177912
42;4;848;0.8261790762524714
42;4;858;0.8272409311610677
42;4;868;0.8358862552980312
42;4;878;0.8463636989410259
42;4;888;0.8539322699809085
42;4;898;0.865639721022705
42;4;908;0.869187248817897
42;4;918;0.8817751557659246
42;4;928;0.8828050737163251
42;4;938;0.8859172568357068
42;4;948;0.8873980356842879
42;4;958;0.8846069661446339
42;4;968;0.8903506742449806
42;4;978;0.9137742041475801
42;4;988;0.9327809473661683
42;4;998;0.9581222459525807
42;4;1008;0.9877723519430854
42;4;1018;1.0110445288864915
42;4;1028;1.0169396969871647
42;4;1038;0.9970771818572779
42;4;1048;0.9943922026899679
42;4;1058;0.9760364999610125
42;4;1068;0.9476133736882018
42;4;1078;0.9221859004640545
42;4;1088;0.8797688222981435
42;4;1098;0.8487031113467332
42;4;1108;0.8324931229016207
42;4;1118;0.8368093962123716
42;4;1128;0.8438871422755895
42;4;1138;0.8389194816023405
42;4;1148;0.8233112838291589
42;4;1158;0.8201249885393308
42;4;1168;0.8087293812422998
42;4;1178;0.806375981622457
42;4;1188;0.8064707623989613
42;4;1198;0.8123324728574235
42;4;1208;0.8107749027621974
42;4;1218;0.8080772502382106
42;4;1228;0.8132217960708452
42;4;1238;0.8148048368950007
42;4;1248;0.8159179417567508
42;4;1258;0.815194292718482
42;4;1268;0.8100358566057634
42;4;1278;0.80760412043556
42;4;1288;0.8082461528474996
42;4;1298;0.8071955460658373
42;4;1308;0.804484124018378
42;4;1318;0.8377373184876666
42;4;1328;0.9375553803714074
42;4;1338;1.1270017480461625
42;4;1348;1.2996750935517554
42;4;1358;1.3691957196999693
42;4;1368;1.527210158439964
42;4;1378;1.7222142664315885
42;4;1388;1.7280278846793895
42;4;1398;1.5992134395640993
42;4;1408;1.4343737663978522
42;4;1418;1.2102029541328214
42;4;1428;0.9652315948990111
42;4;1438;0.8330351204432858
42;4;1448;0.8270592679367645
42;4;1458;0.8617749582819413
42;4;1468;0.9053573110300228
42;4;1478;0.9543373702490489
42;4;1488;0.9978567845271766
42;4;1498;1.0331012304539138
42;4;1508;1.0618309140392894
42;4;1518;1.0814973018625738
42;4;1528;1.1013728932502398
42;4;1538;1.1147945531532426
42;4;1548;1.1159316982678764
42;4;1558;1.1126407960371767
42;4;1568;1.1153838443449458
42;4;1578;1.1168412554718357
42;4;1588;1.107684911406196
42;4;1598;1.0925772270701646
42;4;1608;1.0633660774507516
42;4;1618;1.0183506756809546
42;4;1628;0.9833973465029593
42;4;1638;0.9434096557725695
42;4;1648;0.9020208083326007
42;4;1658;0.8300542263184686
42;4;1668;0.769464865409666
42;4;1678;0.7145321249458437
42;4;1688;0.6681549974513037
42;4;1698;0.6411376900133842
42;4;1708;0.6262074612335776
42;4;1718;0.6334635622878859
42;4;1728;0.6556557023264512
42;4;1738;0.684953068276683
42;4;1748;0.7177505681425754
42;4;1758;0.7544031358477807
42;4;1768;0.7795040810771509
42;4;1778;0.812854522555729
42;4;1788;0.8584359764927129
42;4;1798;0.9101626227082962
42;4;1808;0.9745784503775617
42;4;1818;1.0389869530521143
42;4;1828;1.0901752181731756
42;4;1838;1.49352340255
42;4;1848;1.5066274075359292
42;4;1858;1.4643245154170847
42;4;1868;1.3515860051613797
42;4;1878;1.1426601771730094
42;4;1888;0.7900100121683471
42;4;1898;0.9818847180726301
42;4;1908;1.5165259242243625
42;4;1918;1.78643459218578
42;4;1928;1.8902110849468938
42;4;1938;1.8859829164458366
42;4;1948;1.8060774144564071
42;4;1958;1.6929788249047355
42;4;1968;1.5666025231842386
42;4;1978;1.4476640353725774
42;4;1988;1.3427520868009013
42;4;1998;1.2564160996586147
42;4;2008;1.18605093147651
42;4;2018;1.1297263560648978
42;4;2028;1.080479121585094
42;4;2038;1.0325218157049312
42;4;2048;0.990230531914648
42;4;2058;0.9520442313258269
42;4;2068;0.9189554084180103
42;4;2078;0.8864634554478075
42;4;2088;0.8598463510712456
42;4;2098;0.8421363277534558
42;4;2108;0.8303169185907487
42;4;2118;0.8291840398671495
42;4;2128;0.8364352195326894
42;4;2138;0.8515733832095477
42;4;2148;0.8752249750247406
42;4;2158;0.9038178189661238
42;4;2168;0.9265287134390069
42;4;2178;0.9502404397005326
42;4;2188;0.9844224619945113
42;4;2198;1.008497605260223
42;4;2208;1.0308203967226146
42;4;2218;1.0508411161716236
42;4;2228;1.0656380826086556
42;4;2238;1.0633601223220066
42;4;2248;1.0524527275819762
42;4;2258;1.0303110602442518
42;4;2268;0.990567914124935
42;4;2278;0.9460411508499325
42;4;2288;0.9360545522094204
42;4;2298;0.9410565765548509
42;4;2308;0.9208202100529772
42;4;2318;0.8772633878236483
42;4;2328;0.8574535666183459
42;4;2338;0.8453885752985107
42;4;2348;0.8394985964623072
42;4;2358;0.8247354975774803
42;4;2368;0.8193958344556855
42;4;2378;0.820866810447849
42;4;2388;0.8319203972217986
42;4;2398;0.855298664683691
42;4;2408;0.9000191083968514
42;4;2418;0.9530669168864756
42;4;2428;1.0517740433453053
42;4;2438;1.1618293616751958
42;4;2447;1.2544791516906946
43;1;405;1.3915991953191822
43;1;415;1.279612408388542
43;1;425;1.195115106761243
43;1;435;1.113681898102043
43;1;445;1.0396489309225843
43;1;455;0.9806867510213276
43;1;465;0.9335167106239348
43;1;475;0.8949380849353983
43;1;485;0.8624609189571091
43;1;495;0.8399204170192929
43;1;505;0.8222923561250686
43;1;515;0.7973220713873952
43;1;525;0.69539565440718
43;1;535;0.6032500521821785
43;1;545;0.5758819787585923
43;1;555;0.5800924118951012
43;1;565;0.6439367550013114
43;1;575;0.7272755465504162
43;1;585;0.7736990630513965
43;1;595;0.7917380080971123
43;1;605;0.8007306532254928
43;1;615;0.8100680125355064
43;1;625;0.8149584934790347
43;1;635;0.8179944222052258
43;1;645;0.8118576318473499
43;1;655;0.8012319171890714
43;1;665;0.7904738821042999
43;1;675;0.7837194628460259
43;1;685;0.7967410192810104
43;1;693;0.788837843919427
43;1;700;0.4070287528754346
43;1;708;0.431671216791172
43;1;718;0.49057579718982414
43;1;728;0.18822223303854493
43;1;738;0.7637935160723787
43;1;748;1.0772987704694605
43;1;758;1.006160760023839
43;1;768;0.9232381889027834
43;1;778;0.86881263601818
43;1;788;0.847046885280827
43;1;798;0.8344213858421695
43;1;808;0.8297975904103931
43;1;818;0.8185449389693844
43;1;828;0.801097950076546
43;1;838;0.7894905027460883
43;1;848;0.7924417196698889
43;1;858;0.8096443784421777
43;1;868;0.831226307465422
43;1;878;0.8516598716359036
43;1;888;0.8632911068837297
43;1;898;0.8778158412527363
43;1;908;0.8850397908700978
43;1;918;0.8986803671467335
43;1;928;0.899927306163941
43;1;938;0.9038695365127201
43;1;948;0.9037842972096044
43;1;958;0.899006385147392
43;1;968;0.9055156471387167
43;1;978;0.9320586721744802
43;1;988;0.9530960182362695
43;1;998;0.9869347897106181
43;1;1008;1.0078111274282966
43;1;1018;1.0462018782024896
43;1;1028;1.0427883232023245
43;1;1038;1.022449123116038
43;1;1048;1.0148399631066727
43;1;1058;0.9994917277652468
43;1;1068;0.9668730808224314
43;1;1078;0.9422640524892637
43;1;1088;0.8961849778020852
43;1;1098;0.8594971167919397
43;1;1108;0.8356267072551731
43;1;1118;0.8304951757585164
43;1;1128;0.8345178293055583
43;1;1138;0.8183375048539369
43;1;1148;0.7893847218897442
43;1;1158;0.783972274075409
43;1;1168;0.7761265160867575
43;1;1178;0.7750446253462525
43;1;1188;0.773011238319844
43;1;1198;0.7761903190903119
43;1;1208;0.7724921964845367
43;1;1218;0.7668054001362479
43;1;1228;0.7696075971988499
43;1;1238;0.7692343880581899
43;1;1248;0.7669187605921248
43;1;1258;0.7644875989218235
43;1;1268;0.7613945211202279
43;1;1278;0.7610150894813984
43;1;1288;0.7612861805076255
43;1;1298;0.7666783000756338
43;1;1308;0.7814817587587607
43;1;1318;0.8408966605659242
43;1;1328;0.9912370967443976
43;1;1338;1.244102334286837
43;1;1348;1.4698499055527725
43;1;1358;1.553770971740287
43;1;1368;1.6998334871831435
43;1;1378;1.8662318080191451
43;1;1388;1.8536743443110466
43;1;1398;1.7084411616122446
43;1;1408;1.5332249406746634
43;1;1418;1.2956010513820138
43;1;1428;1.0174947208177407
43;1;1438;0.8323342419265932
43;1;1448;0.7853581686600749
43;1;1458;0.8023382268544972
43;1;1468;0.8385623571503352
43;1;1478;0.8847542332432242
43;1;1488;0.9274359091087752
43;1;1498;0.9649310862804044
43;1;1508;0.9984381351947946
43;1;1518;1.0211875163334971
43;1;1528;1.046115502910823
43;1;1538;1.0672834049614095
43;1;1548;1.0773380150694316
43;1;1558;1.082867499510439
43;1;1568;1.0949522534520844
43;1;1578;1.1033959986991613
43;1;1588;1.0962241975518467
43;1;1598;1.0854039736476135
43;1;1608;1.0563296422753101
43;1;1618;1.006611539598247
43;1;1628;0.9664595472908369
43;1;1638;0.9222546327797838
43;1;1648;0.8805691116713278
43;1;1658;0.8001729224334118
43;1;1668;0.735481970678371
43;1;1678;0.6815360315137052
43;1;1688;0.6357291823377333
43;1;1698;0.6045712131137218
43;1;1708;0.5793824965057737
43;1;1718;0.5862102003833611
43;1;1728;0.6100431933645089
43;1;1738;0.6442905034411255
43;1;1748;0.6816911170047653
43;1;1758;0.7273962960907112
43;1;1768;0.759877421912785
43;1;1778;0.8062227465678097
43;1;1788;0.8657243279048108
43;1;1798;0.936655866552397
43;1;1808;1.0262911369976422
43;1;1818;1.1083737466258277
43;1;1828;1.166896629596896
43;1;1838;1.4319699070826655
43;1;1848;1.4733903850922956
43;1;1858;1.450752484847438
43;1;1868;1.35190794994038
43;1;1878;1.146071204247189
43;1;1888;0.7484161635006787
43;1;1898;1.0381024466066613
43;1;1908;1.653074133371507
43;1;1918;1.9291638285581483
43;1;1928;2.0214694149685815
43;1;1938;2.0057076362365835
43;1;1948;1.909377944075544
43;1;1958;1.7704979431511396
43;1;1968;1.616451638729057
43;1;1978;1.473741505260124
43;1;1988;1.3424385754449832
43;1;1998;1.238780538661501
43;1;2008;1.1521459394857956
43;1;2018;1.0892253315077667
43;1;2028;1.0338389875084983
43;1;2038;0.9832316152059366
43;1;2048;0.9435092088555566
43;1;2058;0.9047963251395446
43;1;2068;0.8733921167567633
43;1;2078;0.8425523926193904
43;1;2088;0.8181693390871464
43;1;2098;0.8012190184645943
43;1;2108;0.7909310560981799
43;1;2118;0.7922106351036379
43;1;2128;0.8029096539507892
43;1;2138;0.8229889961354526
43;1;2148;0.8511976778540653
43;1;2158;0.8858289188532312
43;1;2168;0.9156718872876776
43;1;2178;0.9497805493803003
43;1;2188;0.9887344412793136
43;1;2198;1.0227791797044912
43;1;2208;1.055927188489936
43;1;2218;1.0848352464054045
43;1;2228;1.1048109057718616
43;1;2238;1.1083136380086134
43;1;2248;1.09052008179326
43;1;2258;1.058906548224327
43;1;2268;1.0039843633133678
43;1;2278;0.9475771866145917
43;1;2288;0.9329043987186603
43;1;2298;0.9449304839650084
43;1;2308;0.919594714596471
43;1;2318;0.8742842959456302
43;1;2328;0.847784707827263
43;1;2338;0.8364931702456545
43;1;2348;0.8266244831684171
43;1;2358;0.8025642561928656
43;1;2368;0.785570792070664
43;1;2378;0.7813846814988932
43;1;2388;0.784948356997281
43;1;2398;0.8041580825681699
43;1;2408;0.8534295927380041
43;1;2418;0.9153466148327918
43;1;2428;1.0384028691326923
43;1;2438;1.162819425118336
43;1;2447;1.2946468049775126
43;2;405;1.3622854217153986
43;2;415;1.2635213557474476
43;2;425;1.185271280822813
43;2;435;1.1212672511480228
43;2;445;1.0579882356093702
43;2;455;1.0117239853172038
43;2;465;0.9738250149394924
43;2;475;0.9418874315294432
43;2;485;0.9168345858827669
43;2;495;0.8969207048585289
43;2;505;0.8802141604242816
43;2;515;0.8525275337578425
43;2;525;0.7441837582155163
43;2;535;0.6431732629915123
43;2;545;0.6031887507252472
43;2;555;0.5962351724203725
43;2;565;0.6659785220167227
43;2;575;0.7580744270296512
43;2;585;0.8064614860086181
43;2;595;0.8254123723150567
43;2;605;0.8373178335209138
43;2;615;0.8488105244539783
43;2;625;0.8532826263316974
43;2;635;0.855427934422568
43;2;645;0.8540409084401603
43;2;655;0.8482178832952011
43;2;665;0.8425985685571424
43;2;675;0.8441465225762871
43;2;685;0.8636711018774278
43;2;693;0.8581585902552638
43;2;700;0.4394989299061566
43;2;708;0.32988293723155004
43;2;718;0.3895359550674744
43;2;728;0.1347936819570651
43;2;738;0.9089662480448445
43;2;748;1.1779014701517543
43;2;758;1.0997930880475766
43;2;768;1.0187257077208316
43;2;778;0.9626268067072615
43;2;788;0.9388112523073008
43;2;798;0.9235684616844501
43;2;808;0.9162761868332555
43;2;818;0.9023925370619393
43;2;828;0.8793563310692429
43;2;838;0.856659916492481
43;2;848;0.8431469006399264
43;2;858;0.8429622577553738
43;2;868;0.8502031206193973
43;2;878;0.8599495386590897
43;2;888;0.8662433078026178
43;2;898;0.876956262978217
43;2;908;0.8801739007710213
43;2;918;0.8913038457293924
43;2;928;0.8930581643570977
43;2;938;0.8957052437678624
43;2;948;0.8957999574180643
43;2;958;0.895876874886795
43;2;968;0.9004747704339411
43;2;978;0.9179296422444396
43;2;988;0.9345237526842
43;2;998;0.9586236862636995
43;2;1008;0.985049827684203
43;2;1018;1.007794043634134
43;2;1028;0.9985978244241099
43;2;1038;0.9927344339851729
43;2;1048;0.990236937731531
43;2;1058;0.971956132466506
43;2;1068;0.9462748426009865
43;2;1078;0.9224774880364148
43;2;1088;0.8851823484449912
43;2;1098;0.8581970905093972
43;2;1108;0.8437368943437806
43;2;1118;0.8506894690940848
43;2;1128;0.8612864583852798
43;2;1138;0.8573054677503535
43;2;1148;0.8412492943553227
43;2;1158;0.836643580276767
43;2;1168;0.8307672690285837
43;2;1178;0.8326715606331969
43;2;1188;0.834565516340245
43;2;1198;0.8391041793729688
43;2;1208;0.8380960633808454
43;2;1218;0.8365917666384693
43;2;1228;0.8404371353736829
43;2;1238;0.8391213552948864
43;2;1248;0.8392125690970669
43;2;1258;0.8363634683585917
43;2;1268;0.8313672029485923
43;2;1278;0.8262491407812551
43;2;1288;0.8252927219218789
43;2;1298;0.8215688842947223
43;2;1308;0.8147544155666783
43;2;1318;0.836174072178135
43;2;1328;0.9141741084682524
43;2;1338;1.0578502649684374
43;2;1348;1.1857133667923372
43;2;1358;1.223417224033938
43;2;1368;1.3664983434948819
43;2;1378;1.5579400192841306
43;2;1388;1.5977807199789082
43;2;1398;1.5089201990568624
43;2;1408;1.3758622895754213
43;2;1418;1.175804589554637
43;2;1428;0.9549380608008636
43;2;1438;0.8417227348593175
43;2;1448;0.8430916107656125
43;2;1458;0.8784083227982524
43;2;1468;0.920657022095856
43;2;1478;0.9674056927667346
43;2;1488;1.006896980201895
43;2;1498;1.0405332637154376
43;2;1508;1.0683165161847339
43;2;1518;1.0863161495074138
43;2;1528;1.1063243284370385
43;2;1538;1.1205321509215334
43;2;1548;1.126094799184854
43;2;1558;1.126642604011084
43;2;1568;1.132710205907123
43;2;1578;1.1368169288302017
43;2;1588;1.12965458449734
43;2;1598;1.118524774702427
43;2;1608;1.0935531352468713
43;2;1618;1.0530305101415274
43;2;1628;1.0176282199253963
43;2;1638;0.9774898224881788
43;2;1648;0.9396012428305363
43;2;1658;0.8633867691204565
43;2;1668;0.8047099785598033
43;2;1678;0.7397115352250317
43;2;1688;0.688769103883161
43;2;1698;0.65536002657868
43;2;1708;0.6325432089934473
43;2;1718;0.6395627529812477
43;2;1728;0.6608506276119054
43;2;1738;0.6920481470435255
43;2;1748;0.7226581180865101
43;2;1758;0.7570541229907116
43;2;1768;0.7814034787326124
43;2;1778;0.8152017203282667
43;2;1788;0.8538805845298074
43;2;1798;0.8987856617175968
43;2;1808;0.9592854184320829
43;2;1818;1.0174998929188155
43;2;1828;1.0709559199398713
43;2;1838;1.3862937230858192
43;2;1848;1.4040427799494832
43;2;1858;1.3791394198353424
43;2;1868;1.28404641909707
43;2;1878;1.1021252587511654
43;2;1888;0.7788321668409901
43;2;1898;1.0246194046507406
43;2;1908;1.5838471203655513
43;2;1918;1.8591076061187766
43;2;1928;1.955001680266538
43;2;1938;1.942956890520041
43;2;1948;1.8514791343020813
43;2;1958;1.7230067740027981
43;2;1968;1.5852858962022855
43;2;1978;1.4528448559897895
43;2;1988;1.3430788035958843
43;2;1998;1.2522539303172269
43;2;2008;1.1787957486183542
43;2;2018;1.1221477761414822
43;2;2028;1.0736968420203539
43;2;2038;1.0288406721281573
43;2;2048;0.9904512208022301
43;2;2058;0.9538196891778447
43;2;2068;0.9260178211317265
43;2;2078;0.8966418290197586
43;2;2088;0.8738228219789129
43;2;2098;0.8576734357754615
43;2;2108;0.8458220652299498
43;2;2118;0.8434730457744938
43;2;2128;0.8497326336516323
43;2;2138;0.8632535767006282
43;2;2148;0.8844516443576034
43;2;2158;0.9116431488908148
43;2;2168;0.9355570599384203
43;2;2178;0.9604722952400617
43;2;2188;0.9892161667882632
43;2;2198;1.011056661852852
43;2;2208;1.0314594614767796
43;2;2218;1.0526132653305291
43;2;2228;1.0627098868071583
43;2;2238;1.0626491248384606
43;2;2248;1.0503011122981942
43;2;2258;1.0315238457811893
43;2;2268;0.9920172065120577
43;2;2278;0.9516451526912106
43;2;2288;0.9404529214718206
43;2;2298;0.9482606759781307
43;2;2308;0.929181412959375
43;2;2318;0.88758414626252
43;2;2328;0.8682809857094606
43;2;2338;0.8581772571903828
43;2;2348;0.8523587738085795
43;2;2358;0.8383071197688156
43;2;2368;0.8331721999632463
43;2;2378;0.833414690089385
43;2;2388;0.844979658066014
43;2;2398;0.8655495806198455
43;2;2408;0.9097224601712528
43;2;2418;0.9671589149264949
43;2;2428;1.0682091387682686
43;2;2438;1.1870888934587551
43;2;2447;1.2665074362848445
43;3;405;1.5189895339530584
43;3;415;1.4053688823976693
43;3;425;1.3396380606925982
43;3;435;1.2574966011360482
43;3;445;1.1792682644127768
43;3;455;1.1168079303876004
43;3;465;1.0635125227053368
43;3;475;1.015098555210561
43;3;485;0.9718821951703733
43;3;495;0.9318657434277345
43;3;505;0.8979593896161758
43;3;515;0.844691692955454
43;3;525;0.735178877073681
43;3;535;0.6585126088488666
43;3;545;0.645752918154997
43;3;555;0.6626442008916078
43;3;565;0.7145566953269401
43;3;575;0.7777655086980411
43;3;585;0.81473092481197
43;3;595;0.828684708297026
43;3;605;0.8358280241616275
43;3;615;0.8410539099280788
43;3;625;0.8434278793059331
43;3;635;0.844116980737361
43;3;645;0.8339941885291354
43;3;655;0.8239119332254987
43;3;665;0.8154987195215737
43;3;675;0.8175223765466477
43;3;685;0.8416522261078053
43;3;693;0.8183739270172672
43;3;700;0.590655244534918
43;3;708;0.7382995086435494
43;3;718;0.7862661281764384
43;3;728;0.48722879913764017
43;3;738;0.7121066933586491
43;3;748;1.0167966527372485
43;3;758;0.9959576839174368
43;3;768;0.935825146414989
43;3;778;0.8924618226801688
43;3;788;0.8744528685503765
43;3;798;0.8637554588223512
43;3;808;0.8608657592862456
43;3;818;0.8507373547450506
43;3;828;0.8345164596721888
43;3;838;0.8222572415772317
43;3;848;0.82198102541922
43;3;858;0.834393951306416
43;3;868;0.8523676294445648
43;3;878;0.8692466884910295
43;3;888;0.8772901729316379
43;3;898;0.892377420704946
43;3;908;0.8957600426925972
43;3;918;0.9080768543195495
43;3;928;0.9079623014650132
43;3;938;0.9136592848668702
43;3;948;0.9138695324133034
43;3;958;0.9110947602377769
43;3;968;0.9160702811358121
43;3;978;0.9364836426087533
43;3;988;0.9461318639123774
43;3;998;0.969913602020525
43;3;1008;0.9981698670424951
43;3;1018;1.0381115787618673
43;3;1028;1.0225713795099303
43;3;1038;1.0041797880927354
43;3;1048;0.9982905506876503
43;3;1058;1.0027998789361037
43;3;1068;0.9952796183324017
43;3;1078;0.9735972720548967
43;3;1088;0.9493432399278305
43;3;1098;0.9120975922207547
43;3;1108;0.8814473975961854
43;3;1118;0.859725822067432
43;3;1128;0.8464921679986365
43;3;1138;0.8269944893337285
43;3;1148;0.8217668907594868
43;3;1158;0.8429251816664836
43;3;1168;0.8330401992698878
43;3;1178;0.8165468057075125
43;3;1188;0.8071416970567067
43;3;1198;0.8005819771139775
43;3;1208;0.7982625881704947
43;3;1218;0.7949254145294326
43;3;1228;0.7927679771917917
43;3;1238;0.7922153762517004
43;3;1248;0.7942790695205072
43;3;1258;0.7964854862016894
43;3;1268;0.800952167481655
43;3;1278;0.805013979572366
43;3;1288;0.8061713647131705
43;3;1298;0.8073658476719908
43;3;1308;0.8121617750124003
43;3;1318;0.8405781278544945
43;3;1328;0.9778202671521565
43;3;1338;1.3155036765216355
43;3;1348;1.6987188043408874
43;3;1358;1.862018661546489
43;3;1368;2.0787574127992468
43;3;1378;2.1857748955402334
43;3;1388;2.019878751736632
43;3;1398;1.7869777594810023
43;3;1408;1.5933220507430845
43;3;1418;1.3596622150767719
43;3;1428;1.0890886111378904
43;3;1438;0.8992593333890172
43;3;1448;0.8295074288616097
43;3;1458;0.8235546298523818
43;3;1468;0.8386775438093466
43;3;1478;0.8660507496948796
43;3;1488;0.894078196128538
43;3;1498;0.9204307042217602
43;3;1508;0.94449101345088
43;3;1518;0.9601403718071566
43;3;1528;0.9710181861748659
43;3;1538;0.9809196901480095
43;3;1548;0.9778187298014548
43;3;1558;0.9695006719513637
43;3;1568;0.9620821658939165
43;3;1578;0.9520238425648616
43;3;1588;0.9238811001329411
43;3;1598;0.8931166729029478
43;3;1608;0.8418773577808571
43;3;1618;0.7826370740650136
43;3;1628;0.7381722564601804
43;3;1638;0.6803611826619422
43;3;1648;0.6346994228693125
43;3;1658;0.5806992184945855
43;3;1668;0.5537679445313716
43;3;1678;0.5442407143535272
43;3;1688;0.5560985134418612
43;3;1698;0.585207802460735
43;3;1708;0.632640426542141
43;3;1718;0.6775877063341662
43;3;1728;0.7196655432024037
43;3;1738;0.7377343261074927
43;3;1748;0.7656102482577481
43;3;1758;0.8124033687702805
43;3;1768;0.8401306017886553
43;3;1778;0.8859074923563318
43;3;1788;0.9415383283940812
43;3;1798;0.9967167720312406
43;3;1808;1.0696033345422618
43;3;1818;1.1255017517434887
43;3;1828;1.1810988089824808
43;3;1838;1.0487335894329606
43;3;1848;1.111853781130134
43;3;1858;1.1300176963627946
43;3;1868;1.0907775345936024
43;3;1878;0.9845690231803899
43;3;1888;0.7695385344761315
43;3;1898;0.9846045892717462
43;3;1908;1.4707064584059166
43;3;1918;1.7223360112133717
43;3;1928;1.8131714055267074
43;3;1938;1.7992538028270915
43;3;1948;1.7162300027695754
43;3;1958;1.6040246759223578
43;3;1968;1.48388185411511
43;3;1978;1.3769043847758442
43;3;1988;1.2817259031600365
43;3;1998;1.2102730260534171
43;3;2008;1.1500389348241886
43;3;2018;1.1082402736118628
43;3;2028;1.071156712856319
43;3;2038;1.0400636426703467
43;3;2048;1.0172764626288648
43;3;2058;0.9918132797605828
43;3;2068;0.9673594581238871
43;3;2078;0.941589734188257
43;3;2088;0.9123431148914638
43;3;2098;0.887488925525609
43;3;2108;0.8618043579639523
43;3;2118;0.843048552317212
43;3;2128;0.8308514155305903
43;3;2138;0.82661631901474
43;3;2148;0.8301728742826778
43;3;2158;0.8406385643500852
43;3;2168;0.8531209769529197
43;3;2178;0.8697083136949103
43;3;2188;0.8936431601437508
43;3;2198;0.91313185836517
43;3;2208;0.9365466943174597
43;3;2218;0.959694218542028
43;3;2228;0.9789431063778782
43;3;2238;0.9772651271634747
43;3;2248;0.9690203891067395
43;3;2258;0.947621754137263
43;3;2268;0.9052029895426394
43;3;2278;0.8692476058715034
43;3;2288;0.8639143575673741
43;3;2298;0.8713570523124142
43;3;2308;0.859083562478572
43;3;2318;0.8371501418997166
43;3;2328;0.8289690403390629
43;3;2338;0.8257562681251878
43;3;2348;0.8252488919862012
43;3;2358;0.8242618191691206
43;3;2368;0.8306815227617411
43;3;2378;0.8373765042491083
43;3;2388;0.8526881402240277
43;3;2398;0.8858931901931204
43;3;2408;0.9363521544051743
43;3;2418;0.9971613268267236
43;3;2428;1.1077016953979952
43;3;2438;1.2022371718148501
43;3;2447;1.3052640949560375
43;4;405;1.5097691293784283
43;4;415;1.3688894973977563
43;4;425;1.2890953041160376
43;4;435;1.188585381626374
43;4;445;1.105781414634054
43;4;455;1.0320299675958062
43;4;465;0.9687191104330695
43;4;475;0.920509986743494
43;4;485;0.8769751134929407
43;4;495;0.8476098177910252
43;4;505;0.8282541400826798
43;4;515;0.8090530554493381
43;4;525;0.7324439503730065
43;4;535;0.6579788350016961
43;4;545;0.6197902259231266
43;4;555;0.6078725151445151
43;4;565;0.656797164074559
43;4;575;0.7266096290854294
43;4;585;0.7683438802219323
43;4;595;0.786265843709959
43;4;605;0.7974275975989654
43;4;615;0.8101052591307722
43;4;625;0.8169554597085249
43;4;635;0.8197194575380726
43;4;645;0.8154481057248042
43;4;655;0.8044534445226558
43;4;665;0.7904484079220744
43;4;675;0.77631172028419
43;4;685;0.7873751956328492
43;4;693;0.8019129459297271
43;4;700;0.5263243677921754
43;4;708;0.3378505474457662
43;4;718;0.4038671422538358
43;4;728;0.33047213354389826
43;4;738;0.7912541136571026
43;4;748;0.9526226562879208
43;4;758;0.8809529245546751
43;4;768;0.8212719412658911
43;4;778;0.792244549869814
43;4;788;0.7830629366838256
43;4;798;0.7803320705228419
43;4;808;0.781115748488869
43;4;818;0.7788079312461779
43;4;828;0.7765868636285294
43;4;838;0.7863141370793763
43;4;848;0.8113200253924984
43;4;858;0.8446243324891992
43;4;868;0.8778739335524467
43;4;878;0.9033545285961426
43;4;888;0.9146083235603462
43;4;898;0.9271884982339006
43;4;908;0.9342801946912618
43;4;918;0.9452642805437151
43;4;928;0.9454322277717813
43;4;938;0.9533716985075942
43;4;948;0.9504533840491827
43;4;958;0.9519590758328814
43;4;968;0.9618767377122553
43;4;978;0.9779282900089143
43;4;988;0.9958566296919819
43;4;998;1.018062556983943
43;4;1008;1.02479690935354
43;4;1018;1.0828749715745907
43;4;1028;1.056237704267707
43;4;1038;1.0524736163122812
43;4;1048;1.0372886603258997
43;4;1058;1.0404515642356806
43;4;1068;1.0341147370810744
43;4;1078;1.0394617399416892
43;4;1088;1.0095573167617522
43;4;1098;0.9831936705107192
43;4;1108;0.9414828957670324
43;4;1118;0.9029666120886609
43;4;1128;0.8636524180222821
43;4;1138;0.8121274567613218
43;4;1148;0.7834144681527411
43;4;1158;0.8011453959067518
43;4;1168;0.7943963068002347
43;4;1178;0.7842947104016365
43;4;1188;0.7773053673960122
43;4;1198;0.7715000308638746
43;4;1208;0.76912617235983
43;4;1218;0.7707145160444917
43;4;1228;0.7690867246409974
43;4;1238;0.7732564173322845
43;4;1248;0.7766211768575029
43;4;1258;0.7841986676945649
43;4;1268;0.7930223630305541
43;4;1278;0.8018296099440706
43;4;1288;0.8042256019158474
43;4;1298;0.8035967587473877
43;4;1308;0.8075173301332487
43;4;1318;0.8435186450948973
43;4;1328;1.0300079714542374
43;4;1338;1.4948717621551841
43;4;1348;1.9251579896006998
43;4;1358;2.0567625947208525
43;4;1368;2.175498194824396
43;4;1378;2.196027751004049
43;4;1388;2.035754499163403
43;4;1398;1.8298804069140011
43;4;1408;1.637800058128825
43;4;1418;1.393347345916743
43;4;1428;1.102550038011
43;4;1438;0.888075959993216
43;4;1448;0.8017209154290006
43;4;1458;0.7874752472932071
43;4;1468;0.7990836876940611
43;4;1478;0.8249657791714166
43;4;1488;0.8510695106396732
43;4;1498;0.8758971661005203
43;4;1508;0.8985655568321245
43;4;1518;0.914398668518544
43;4;1528;0.9253947840155069
43;4;1538;0.93871089476637
43;4;1548;0.9439708184909642
43;4;1558;0.9413460261312928
43;4;1568;0.9379476997925532
43;4;1578;0.9305515102696461
43;4;1588;0.9035192909255705
43;4;1598;0.8719046017118898
43;4;1608;0.8210629254076202
43;4;1618;0.7635179680958191
43;4;1628;0.7144349237869619
43;4;1638;0.6595172011317495
43;4;1648;0.6194467769955625
43;4;1658;0.5685342226486958
43;4;1668;0.546655491154711
43;4;1678;0.5406771733895921
43;4;1688;0.5523925464132973
43;4;1698;0.5772602429072823
43;4;1708;0.6218375972024749
43;4;1718;0.6682006332239673
43;4;1728;0.7020124966241429
43;4;1738;0.7168931667500598
43;4;1748;0.7338733073359672
43;4;1758;0.7779783850784161
43;4;1768;0.8020526943801575
43;4;1778;0.8449462438787523
43;4;1788;0.9010006910999232
43;4;1798;0.96885045971796
43;4;1808;1.0450432150752205
43;4;1818;1.1176587477205464
43;4;1828;1.1727072236883826
43;4;1838;1.096689103034002
43;4;1848;1.168774334632502
43;4;1858;1.1983374069601418
43;4;1868;1.1512363175566334
43;4;1878;1.0252716075379522
43;4;1888;0.7461859441686106
43;4;1898;1.0492928114531777
43;4;1908;1.5919915983167658
43;4;1918;1.8367442928670104
43;4;1928;1.9127928051385998
43;4;1938;1.8857116179053552
43;4;1948;1.7897051779876376
43;4;1958;1.6605338445172322
43;4;1968;1.5201498455147786
43;4;1978;1.3901806171853137
43;4;1988;1.2745612861194082
43;4;1998;1.1859778044017277
43;4;2008;1.114133293860136
43;4;2018;1.065944075888276
43;4;2028;1.025091135037099
43;4;2038;0.9933514563659813
43;4;2048;0.9706115790195463
43;4;2058;0.9465913632757376
43;4;2068;0.9279592843568254
43;4;2078;0.9047191520947342
43;4;2088;0.8810223217738706
43;4;2098;0.8565512991863797
43;4;2108;0.8297285213800666
43;4;2118;0.8061773980685459
43;4;2128;0.7920053910677171
43;4;2138;0.7866994145946526
43;4;2148;0.795282547166005
43;4;2158;0.8158629980136617
43;4;2168;0.8395121958098543
43;4;2178;0.8740587613122985
43;4;2188;0.9118745564549684
43;4;2198;0.9421979695267917
43;4;2208;0.9787613270013757
43;4;2218;1.017036008230916
43;4;2228;1.040988108175992
43;4;2238;1.0458894793403346
43;4;2248;1.0307582794754055
43;4;2258;0.9898451122631539
43;4;2268;0.9270174718795964
43;4;2278;0.8648707696422403
43;4;2288;0.8551872717068753
43;4;2298;0.8709380933942652
43;4;2308;0.8536419763479783
43;4;2318;0.8159738595083113
43;4;2328;0.7995140631495256
43;4;2338;0.796378169794501
43;4;2348;0.7944576272223537
43;4;2358;0.7834319045256833
43;4;2368;0.7824439146468003
43;4;2378;0.7883243727499311
43;4;2388;0.8053125545771633
43;4;2398;0.8394625211450044
43;4;2408;0.9048619368423296
43;4;2418;0.9926346141667188
43;4;2428;1.1138509065649127
43;4;2438;1.250476240739927
43;4;2447;1.3638925748503972
44;1;405;1.4994261696873632
44;1;415;1.3798623752120915
44;1;425;1.3131773486421376
44;1;435;1.2271752921073185
44;1;445;1.1493687865965536
44;1;455;1.0850729056529442
44;1;465;1.029847737035972
44;1;475;0.9822496969051903
44;1;485;0.9391501012281855
44;1;495;0.9074849756260043
44;1;505;0.8829184224084874
44;1;515;0.843878785062909
44;1;525;0.7015781622369411
44;1;535;0.5768501871563383
44;1;545;0.5346980257582148
44;1;555;0.5358682279631765
44;1;565;0.6171455075503877
44;1;575;0.7239525151269417
44;1;585;0.7832549061130049
44;1;595;0.8069577059327179
44;1;605;0.8215821411478252
44;1;615;0.8359905346140186
44;1;625;0.8428742707675734
44;1;635;0.8457792023540905
44;1;645;0.8421557885032952
44;1;655;0.8351522273013865
44;1;665;0.8275084698883045
44;1;675;0.82497935689699
44;1;685;0.8417623908593301
44;1;693;0.8261535513049684
44;1;700;0.41667158377721364
44;1;708;0.4851368295584248
44;1;718;0.5584853235506255
44;1;728;0.2755986827799655
44;1;738;0.6515550772114701
44;1;748;0.9825232138153419
44;1;758;0.9363461434033736
44;1;768;0.8762912386799534
44;1;778;0.8423081479867038
44;1;788;0.830158563128438
44;1;798;0.825480326606612
44;1;808;0.8261556299974188
44;1;818;0.8208093268509085
44;1;828;0.8118580876839055
44;1;838;0.8111820653751666
44;1;848;0.8261756220021443
44;1;858;0.852093132964465
44;1;868;0.8808620199955918
44;1;878;0.9038905620674004
44;1;888;0.9130049444567435
44;1;898;0.9290096017109817
44;1;908;0.9333294941373729
44;1;918;0.9452123779062543
44;1;928;0.945748774024171
44;1;938;0.9512627607569988
44;1;948;0.9493523914975188
44;1;958;0.9498193114887625
44;1;968;0.9546830267012056
44;1;978;0.9718852963041084
44;1;988;0.981919187559078
44;1;998;1.0010415270902278
44;1;1008;1.0194456716483689
44;1;1018;1.0609341320382775
44;1;1028;1.0368533713512949
44;1;1038;1.0302937095956908
44;1;1048;1.0170535985946754
44;1;1058;1.0149872597481244
44;1;1068;1.0009906184703368
44;1;1078;1.0047440668924679
44;1;1088;0.9722132679685768
44;1;1098;0.9387362202422256
44;1;1108;0.8999221194608595
44;1;1118;0.8708068505185564
44;1;1128;0.8504718946233502
44;1;1138;0.8223972304865889
44;1;1148;0.818510291071671
44;1;1158;0.8455048799046732
44;1;1168;0.8438254215075689
44;1;1178;0.8363238256793669
44;1;1188;0.832448699239034
44;1;1198;0.8276514962052398
44;1;1208;0.8272192362181553
44;1;1218;0.8280871054433783
44;1;1228;0.8253488295976434
44;1;1238;0.8261614440074074
44;1;1248;0.8275842182209416
44;1;1258;0.833099282738585
44;1;1268;0.8378408997901121
44;1;1278;0.8437822343367307
44;1;1288;0.8449838647377289
44;1;1298;0.8382317763130904
44;1;1308;0.8418110864566947
44;1;1318;0.8810244884196932
44;1;1328;1.0651572749231732
44;1;1338;1.4579966832841633
44;1;1348;1.8148766565425591
44;1;1358;1.9187114245052517
44;1;1368;2.0361820531224786
44;1;1378;2.087184416688635
44;1;1388;1.9438226240279182
44;1;1398;1.7459855946536122
44;1;1408;1.5696233002666893
44;1;1418;1.3463945586014094
44;1;1428;1.0827825215383957
44;1;1438;0.8971466469545013
44;1;1448;0.8279190861481026
44;1;1458;0.8199641598673465
44;1;1468;0.8326496387309938
44;1;1478;0.8566365123432238
44;1;1488;0.8793898539333102
44;1;1498;0.9011362301700934
44;1;1508;0.9205387904229005
44;1;1518;0.9326501824219365
44;1;1528;0.9407218139550452
44;1;1538;0.9502941515929306
44;1;1548;0.9499126730749654
44;1;1558;0.9418244074861123
44;1;1568;0.9320082873926319
44;1;1578;0.917012041484839
44;1;1588;0.8831934063979084
44;1;1598;0.8397294208546455
44;1;1608;0.7728301817681693
44;1;1618;0.6958455696410117
44;1;1628;0.6360463661045987
44;1;1638;0.5630853498732218
44;1;1648;0.508252535562123
44;1;1658;0.4562049951405134
44;1;1668;0.4439364031985255
44;1;1678;0.45943751093795254
44;1;1688;0.4884258569032811
44;1;1698;0.5314607448217152
44;1;1708;0.616098866438593
44;1;1718;0.693947626711436
44;1;1728;0.7371042289075612
44;1;1738;0.7558112446511989
44;1;1748;0.7753615737556909
44;1;1758;0.8396201269767811
44;1;1768;0.872602001939579
44;1;1778;0.9319665837344913
44;1;1788;1.0081262596012897
44;1;1798;1.0890046206981756
44;1;1808;1.1824877001450718
44;1;1818;1.250920775564377
44;1;1828;1.294067842690425
44;1;1838;0.9952002551547401
44;1;1848;1.0690576181845532
44;1;1858;1.1015346142310063
44;1;1868;1.0694619776868186
44;1;1878;0.9680557499527166
44;1;1888;0.723827050422898
44;1;1898;1.0296746572267972
44;1;1908;1.5603543651400003
44;1;1918;1.806459704452525
44;1;1928;1.8890292468146361
44;1;1938;1.8692363425663392
44;1;1948;1.7824970350635203
44;1;1958;1.658570223111205
44;1;1968;1.5245921616735567
44;1;1978;1.399277277712739
44;1;1988;1.289305362654335
44;1;1998;1.204138378132778
44;1;2008;1.1369188949123388
44;1;2018;1.0927638056613553
44;1;2028;1.0563576828698054
44;1;2038;1.0278925318853716
44;1;2048;1.0100846296331645
44;1;2058;0.9901449484969668
44;1;2068;0.9711770405968229
44;1;2078;0.9519236812640626
44;1;2088;0.9279907833170583
44;1;2098;0.9049139751944396
44;1;2108;0.8779402519865683
44;1;2118;0.8528624064058459
44;1;2128;0.8348655252279416
44;1;2138;0.8237559649793137
44;1;2148;0.8221307888209594
44;1;2158;0.8300452795019639
44;1;2168;0.8417895460803565
44;1;2178;0.8621921682425789
44;1;2188;0.8883729690666199
44;1;2198;0.9119530856618111
44;1;2208;0.9382494858828545
44;1;2218;0.9683251513753326
44;1;2228;0.9871217007459476
44;1;2238;0.9896061427930228
44;1;2248;0.9733681792520098
44;1;2258;0.9394440232237267
44;1;2268;0.8911273414539369
44;1;2278;0.8524088536519348
44;1;2288;0.8470873881208715
44;1;2298;0.8575260212396514
44;1;2308;0.8471304018321528
44;1;2318;0.8298630884433859
44;1;2328;0.824120337843849
44;1;2338;0.8229535765250101
44;1;2348;0.8226131153029596
44;1;2358;0.821540484971142
44;1;2368;0.8274463539270422
44;1;2378;0.8336477354958647
44;1;2388;0.8502125608112284
44;1;2398;0.8782049483996281
44;1;2408;0.9338837038361966
44;1;2418;1.005039901356237
44;1;2428;1.1076029408663075
44;1;2438;1.2179550295509345
44;1;2447;1.3186538899009506
44;2;405;1.439854692305861
44;2;415;1.324580958609431
44;2;425;1.2471181244248573
44;2;435;1.166447995657121
44;2;445;1.092237132666152
44;2;455;1.03581137711797
44;2;465;0.9877067044964475
44;2;475;0.9492684346238629
44;2;485;0.9153803923534359
44;2;495;0.8878793625021685
44;2;505;0.8654410771040415
44;2;515;0.8334888237117237
44;2;525;0.7366190917242001
44;2;535;0.6514831325859551
44;2;545;0.6293279998284579
44;2;555;0.6387100174485196
44;2;565;0.6992606149340101
44;2;575;0.7738839683997045
44;2;585;0.8136343327554484
44;2;595;0.8290353212086875
44;2;605;0.8357095876548404
44;2;615;0.841124597612717
44;2;625;0.8431457750993477
44;2;635;0.843968814500386
44;2;645;0.8350543623550577
44;2;655;0.8240713445391122
44;2;665;0.8145377011242816
44;2;675;0.8147191436007564
44;2;685;0.8383575774135313
44;2;693;0.8347050368428962
44;2;700;0.49234261138990476
44;2;708;0.5225383867552846
44;2;718;0.5764184879513157
44;2;728;0.26822864742817526
44;2;738;0.8027524026327767
44;2;748;1.0993028397032234
44;2;758;1.044124943712746
44;2;768;0.968321063466717
44;2;778;0.9161551568870321
44;2;788;0.8942250806656352
44;2;798;0.8816930526208344
44;2;808;0.8773787992725366
44;2;818;0.865800340159594
44;2;828;0.8463008106352681
44;2;838;0.8296120004978441
44;2;848;0.8244684998728199
44;2;858;0.832315139779195
44;2;868;0.8461385272321162
44;2;878;0.8607098935506694
44;2;888;0.8680651019925762
44;2;898;0.879913437379201
44;2;908;0.8837876569010674
44;2;918;0.8940296696408635
44;2;928;0.8948566788513255
44;2;938;0.9003594997324752
44;2;948;0.9010277415183223
44;2;958;0.9007606897529674
44;2;968;0.9093318220122205
44;2;978;0.9270421521871923
44;2;988;0.9400070506485562
44;2;998;0.9643521455101427
44;2;1008;0.9861585923892914
44;2;1018;1.0232601726723347
44;2;1028;1.0036852286855535
44;2;1038;0.9989178063957812
44;2;1048;0.9962950042592702
44;2;1058;0.9850437896917145
44;2;1068;0.9756999045183486
44;2;1078;0.9636542922435511
44;2;1088;0.9330390117656847
44;2;1098;0.9044201829459835
44;2;1108;0.878817212456521
44;2;1118;0.8638675975461515
44;2;1128;0.8533750355245724
44;2;1138;0.8337862450744213
44;2;1148;0.8177828313464479
44;2;1158;0.8230218904585411
44;2;1168;0.809405284769579
44;2;1178;0.7979539954428786
44;2;1188;0.7900294854399589
44;2;1198;0.7874750274876727
44;2;1208;0.7840035469195342
44;2;1218;0.7794505346759536
44;2;1228;0.7801292068862382
44;2;1238;0.7801697266293108
44;2;1248;0.781724147383387
44;2;1258;0.784632263107585
44;2;1268;0.7876786986799279
44;2;1278;0.7912174473584787
44;2;1288;0.7927172678172221
44;2;1298;0.7988995045485566
44;2;1308;0.8048269482582466
44;2;1318;0.8297274130373442
44;2;1328;0.9368082678536688
44;2;1338;1.2069265975121808
44;2;1348;1.5355592948704981
44;2;1358;1.7075600265614166
44;2;1368;1.923323584828113
44;2;1378;2.050826951587666
44;2;1388;1.9449078225509864
44;2;1398;1.7655772338264193
44;2;1408;1.5921525295754906
44;2;1418;1.3566065228230295
44;2;1428;1.0774747304115573
44;2;1438;0.88583274435942
44;2;1448;0.8247562505880591
44;2;1458;0.8284755705587964
44;2;1468;0.8537120282669766
44;2;1478;0.8916362778624034
44;2;1488;0.9288142779535957
44;2;1498;0.9633887225182795
44;2;1508;0.9951500397225072
44;2;1518;1.0177410057284768
44;2;1528;1.0383461559450227
44;2;1538;1.0585523658504086
44;2;1548;1.0665233259239306
44;2;1558;1.071578659252116
44;2;1568;1.081971100546488
44;2;1578;1.0848594919194692
44;2;1588;1.0714638815330504
44;2;1598;1.0532585104331487
44;2;1608;1.0214010463208305
44;2;1618;0.9731005255821283
44;2;1628;0.9292905142417179
44;2;1638;0.8808515231484048
44;2;1648;0.8314840002282922
44;2;1658;0.7563921653974762
44;2;1668;0.7054557557501646
44;2;1678;0.6621115459697707
44;2;1688;0.6438450438953591
44;2;1698;0.643494525097387
44;2;1708;0.6490566440538361
44;2;1718;0.6655129151728427
44;2;1728;0.6933200960692021
44;2;1738;0.7172592616041756
44;2;1748;0.7434209024465263
44;2;1758;0.7766677827213119
44;2;1768;0.7990591720486439
44;2;1778;0.8345702271553913
44;2;1788;0.8796540502885566
44;2;1798;0.9322126135573088
44;2;1808;1.0012267648607085
44;2;1818;1.0738982143065887
44;2;1828;1.1286758733392595
44;2;1838;1.1746519594864908
44;2;1848;1.2332449171003645
44;2;1858;1.2467967308288312
44;2;1868;1.1981023732596643
44;2;1878;1.0779745933835059
44;2;1888;0.7919317000871849
44;2;1898;0.9331487703631072
44;2;1908;1.479700141483472
44;2;1918;1.7684506532054376
44;2;1928;1.87286750807099
44;2;1938;1.8596273638526855
44;2;1948;1.7683152708950314
44;2;1958;1.6404756394030457
44;2;1968;1.5042527315993306
44;2;1978;1.3817907788164536
44;2;1988;1.2780052757707805
44;2;1998;1.2005414589009886
44;2;2008;1.1366791547075634
44;2;2018;1.090705809300057
44;2;2028;1.0514754769069252
44;2;2038;1.0180378709358078
44;2;2048;0.9905408237209042
44;2;2058;0.9626861362213738
44;2;2068;0.9420757105187006
44;2;2078;0.9164990144988695
44;2;2088;0.8925182133828253
44;2;2098;0.87024790568428
44;2;2108;0.8479754032885606
44;2;2118;0.8326391854176363
44;2;2128;0.8249567782238716
44;2;2138;0.824684240319469
44;2;2148;0.8342100077848323
44;2;2158;0.8523322837231745
44;2;2168;0.8718426689842029
44;2;2178;0.8957988288663536
44;2;2188;0.9257733415877729
44;2;2198;0.9492270642616708
44;2;2208;0.9756340111045887
44;2;2218;1.0030198635884209
44;2;2228;1.0193226720910287
44;2;2238;1.0234775890120686
44;2;2248;1.0121190309878565
44;2;2258;0.9883411824860632
44;2;2268;0.9413878674383208
44;2;2278;0.897049876402624
44;2;2288;0.888603701742518
44;2;2298;0.898813766198663
44;2;2308;0.88298920495627
44;2;2318;0.8520452646406045
44;2;2328;0.8397262189617714
44;2;2338;0.8341841942226725
44;2;2348;0.8316326241188273
44;2;2358;0.8220175640846147
44;2;2368;0.8195141797990597
44;2;2378;0.8218070842690282
44;2;2388;0.8316017762795986
44;2;2398;0.85615137467132
44;2;2408;0.9013219174883449
44;2;2418;0.9616392294771214
44;2;2428;1.0768597136540594
44;2;2438;1.1887537049225387
44;2;2447;1.2908226399669198
44;3;405;1.3726189278787426
44;3;415;1.2705744165698623
44;3;425;1.1873641630402456
44;3;435;1.112392308184951
44;3;445;1.0409117607271983
44;3;455;0.9834698799672726
44;3;465;0.9377034454664447
44;3;475;0.9009963343965669
44;3;485;0.8708394158759408
44;3;495;0.8479277063878463
44;3;505;0.8308638758889497
44;3;515;0.8100203466460081
44;3;525;0.730056491454225
44;3;535;0.6588432079989588
44;3;545;0.6270068548550816
44;3;555;0.6187860554841232
44;3;565;0.6677239847815998
44;3;575;0.7350277137245878
44;3;585;0.7730822087969758
44;3;595;0.7888474173666178
44;3;605;0.7982055013338153
44;3;615;0.8083736216533123
44;3;625;0.8134261948791706
44;3;635;0.8165729248817513
44;3;645;0.8152534801624047
44;3;655;0.8065483838946308
44;3;665;0.7973000026874836
44;3;675;0.7915245122865099
44;3;685;0.8063536914053673
44;3;693;0.8058091610755166
44;3;700;0.4770781503722869
44;3;708;0.29837050722223973
44;3;718;0.35196215261311026
44;3;728;0.24458782841207394
44;3;738;0.8921096586457427
44;3;748;1.1242300145624247
44;3;758;1.0408832549903742
44;3;768;0.9531811922697123
44;3;778;0.8939135546312121
44;3;788;0.8693086590950253
44;3;798;0.8537033278555357
44;3;808;0.846804577348982
44;3;818;0.833334707549459
44;3;828;0.8121908991312929
44;3;838;0.795826611243779
44;3;848;0.7931315648848491
44;3;858;0.8052224371765118
44;3;868;0.8237258561492816
44;3;878;0.8422748167798108
44;3;888;0.8543660256157197
44;3;898;0.8687996218175861
44;3;908;0.8754268653456434
44;3;918;0.8911706798539406
44;3;928;0.8922730967577549
44;3;938;0.8963661100346875
44;3;948;0.8954459906257346
44;3;958;0.8931309171166683
44;3;968;0.8997008610351903
44;3;978;0.9263885182270295
44;3;988;0.9527222744730591
44;3;998;0.9849718462969694
44;3;1008;1.015613569281482
44;3;1018;1.0618707397208087
44;3;1028;1.0471793380309866
44;3;1038;1.0365584223683448
44;3;1048;1.027032082658336
44;3;1058;1.0165585217937843
44;3;1068;0.9858103866824528
44;3;1078;0.9537926485603264
44;3;1088;0.908043768039224
44;3;1098;0.8722051342815602
44;3;1108;0.8477655129895211
44;3;1118;0.84878495995725
44;3;1128;0.8541748500015318
44;3;1138;0.8367903410570879
44;3;1148;0.8009870599194207
44;3;1158;0.7904556584414922
44;3;1168;0.7874608369254572
44;3;1178;0.7931145399794697
44;3;1188;0.7967815248752594
44;3;1198;0.8057023802094214
44;3;1208;0.8064489175518861
44;3;1218;0.8045695309805765
44;3;1228;0.8106199466554629
44;3;1238;0.8114540659952931
44;3;1248;0.8114044143164564
44;3;1258;0.8067128314104186
44;3;1268;0.7988062784346638
44;3;1278;0.7924112987412588
44;3;1288;0.7900805782575944
44;3;1298;0.7863754755969916
44;3;1308;0.7734686101184509
44;3;1318;0.7931874088020019
44;3;1328;0.8941976731491846
44;3;1338;1.1069247567444875
44;3;1348;1.305688123201446
44;3;1358;1.3974052705464644
44;3;1368;1.5775194216311614
44;3;1378;1.7968336830195308
44;3;1388;1.8396466095208768
44;3;1398;1.712519788046506
44;3;1408;1.535302946459603
44;3;1418;1.2868583458863923
44;3;1428;0.9996700283284542
44;3;1438;0.8208717521333805
44;3;1448;0.7913391814117666
44;3;1458;0.8207510519901732
44;3;1468;0.8649074651338405
44;3;1478;0.9169218252853398
44;3;1488;0.9639631096379322
44;3;1498;1.0034033803084201
44;3;1508;1.0370460293832995
44;3;1518;1.0620747675048683
44;3;1528;1.085579945599284
44;3;1538;1.1046546254738938
44;3;1548;1.1128068261192867
44;3;1558;1.1159982940877402
44;3;1568;1.1248737595409146
44;3;1578;1.1349610034119417
44;3;1588;1.1267056850682604
44;3;1598;1.1183828605857906
44;3;1608;1.0906372427663253
44;3;1618;1.0507999799608296
44;3;1628;1.0142489893387374
44;3;1638;0.9671980542238031
44;3;1648;0.9312440542183937
44;3;1658;0.8539039133048543
44;3;1668;0.7809064608141107
44;3;1678;0.7136859333408385
44;3;1688;0.6563741563891732
44;3;1698;0.6171766901380766
44;3;1708;0.5927987999361777
44;3;1718;0.5969835567860674
44;3;1728;0.6182071588409143
44;3;1738;0.6507397006044
44;3;1748;0.6838204428631167
44;3;1758;0.7243259798737884
44;3;1768;0.7513414955485107
44;3;1778;0.7891608618954101
44;3;1788;0.8369216216428386
44;3;1798;0.894392957493462
44;3;1808;0.9681804111094716
44;3;1818;1.0391582566596793
44;3;1828;1.1007459343486568
44;3;1838;1.5243066141461508
44;3;1848;1.5473513694949532
44;3;1858;1.5152314324872471
44;3;1868;1.3984647584489394
44;3;1878;1.1624322583436073
44;3;1888;0.7664640498995602
44;3;1898;1.0276224603812332
44;3;1908;1.5777654190010648
44;3;1918;1.8308577167422848
44;3;1928;1.9187832029048997
44;3;1938;1.9065325101034691
44;3;1948;1.8214272074498274
44;3;1958;1.703563027501568
44;3;1968;1.571638552788992
44;3;1978;1.4460065822165034
44;3;1988;1.3351894904611221
44;3;1998;1.2428684598425035
44;3;2008;1.1651866507513573
44;3;2018;1.1049370618354262
44;3;2028;1.0512494186286783
44;3;2038;1.0005343392722572
44;3;2048;0.9567888607032035
44;3;2058;0.9157268991036609
44;3;2068;0.88401222210095
44;3;2078;0.8502698249357341
44;3;2088;0.8258698184941723
44;3;2098;0.8082994646619754
44;3;2108;0.7978561619035254
44;3;2118;0.7994185609790406
44;3;2128;0.8109852372671028
44;3;2138;0.8313878712520765
44;3;2148;0.8615911393314917
44;3;2158;0.8981269668672309
44;3;2168;0.9285377926369993
44;3;2178;0.9604323134499484
44;3;2188;0.9985263558458057
44;3;2198;1.0282109798107042
44;3;2208;1.059731421848164
44;3;2218;1.083706912495689
44;3;2228;1.1013825973772295
44;3;2238;1.1006909566806156
44;3;2248;1.0901982070529481
44;3;2258;1.066628447629919
44;3;2268;1.0165390017927756
44;3;2278;0.960794680036263
44;3;2288;0.9472736406645257
44;3;2298;0.9562211998122794
44;3;2308;0.9320069100587228
44;3;2318;0.8753454688076048
44;3;2328;0.8444446738257542
44;3;2338;0.8325660705306129
44;3;2348;0.824271190963132
44;3;2358;0.7994610646151957
44;3;2368;0.7877489731216262
44;3;2378;0.7874084694692235
44;3;2388;0.7979170965570845
44;3;2398;0.8224141277191171
44;3;2408;0.874282294732154
44;3;2418;0.9373779221756137
44;3;2428;1.0580973806110179
44;3;2438;1.1775221827430362
44;3;2447;1.2810754858168436
44;4;405;1.4978338969258145
44;4;415;1.3703414552096596
44;4;425;1.2871723237421102
44;4;435;1.1995883087589472
44;4;445;1.1239662803733637
44;4;455;1.0585857622264037
44;4;465;1.0035383522997952
44;4;475;0.9571526861329207
44;4;485;0.9171381268237593
44;4;495;0.8861953063570722
44;4;505;0.8615589377035073
44;4;515;0.8285892318668423
44;4;525;0.7326827392845958
44;4;535;0.6504642501583786
44;4;545;0.6201125228907246
44;4;555;0.6182630952354387
44;4;565;0.6719800045697111
44;4;575;0.7451772160374532
44;4;585;0.7877907063115798
44;4;595;0.8046739107744612
44;4;605;0.8147580364212567
44;4;615;0.8249102332540728
44;4;625;0.829716887624637
44;4;635;0.8320334825513114
44;4;645;0.8257089888523668
44;4;655;0.8157695764580348
44;4;665;0.8052198381807063
44;4;675;0.8003268686960434
44;4;685;0.8163472531860799
44;4;693;0.8110259085531499
44;4;700;0.5201307834656026
44;4;708;0.511272627189083
44;4;718;0.5672738193999721
44;4;728;0.3779513566578762
44;4;738;0.7947242729742217
44;4;748;1.0141128424807766
44;4;758;0.9609737237232496
44;4;768;0.8989770441108635
44;4;778;0.8593180756865635
44;4;788;0.8435901070506437
44;4;798;0.8347817493550451
44;4;808;0.8325078122680092
44;4;818;0.8248520799679465
44;4;828;0.8124859238003228
44;4;838;0.8057022440049667
44;4;848;0.8104388691161746
44;4;858;0.8264239126287274
44;4;868;0.8455518153883437
44;4;878;0.8624513711556193
44;4;888;0.8713076020995473
44;4;898;0.8837631817040404
44;4;908;0.8893425096434396
44;4;918;0.90063377263067
44;4;928;0.901371197561828
44;4;938;0.905596924175322
44;4;948;0.9046528602859794
44;4;958;0.9006268690840153
44;4;968;0.9056321460847964
44;4;978;0.9250240520545403
44;4;988;0.9414946178222962
44;4;998;0.9694641375391183
44;4;1008;0.9815527123361387
44;4;1018;1.014166284548742
44;4;1028;1.0173594996620756
44;4;1038;0.9932519014415988
44;4;1048;0.9871505301970467
44;4;1058;0.9815627978392958
44;4;1068;0.9595520709504392
44;4;1078;0.9323731801885469
44;4;1088;0.89823516929385
44;4;1098;0.8653355752537552
44;4;1108;0.8423214589545976
44;4;1118;0.8354422032420246
44;4;1128;0.8360570585751389
44;4;1138;0.8236676168849225
44;4;1148;0.810456174876778
44;4;1158;0.8180034590821372
44;4;1168;0.8018940256401526
44;4;1178;0.7887838191224871
44;4;1188;0.7787441582607081
44;4;1198;0.774722792915452
44;4;1208;0.7702904310393868
44;4;1218;0.7650038857026626
44;4;1228;0.7651351106141187
44;4;1238;0.7656461216348349
44;4;1248;0.7674669023612651
44;4;1258;0.7711442831535262
44;4;1268;0.77692308086283
44;4;1278;0.7835305506434961
44;4;1288;0.7878729447599622
44;4;1298;0.800707711967056
44;4;1308;0.8271012808362798
44;4;1318;0.8930427056041512
44;4;1328;1.0626048397385657
44;4;1338;1.3846308234061082
44;4;1348;1.6766990291849098
44;4;1358;1.749064286222666
44;4;1368;1.8482905256226094
44;4;1378;1.9132137804087384
44;4;1388;1.8069315455381354
44;4;1398;1.632506821177482
44;4;1408;1.458530200595181
44;4;1418;1.2413351680416158
44;4;1428;0.9994556228108221
44;4;1438;0.8462797852329825
44;4;1448;0.8081371873235653
44;4;1458;0.8209614559574003
44;4;1468;0.8489130331072033
44;4;1478;0.8846311923098994
44;4;1488;0.9164400770517379
44;4;1498;0.9437879229237166
44;4;1508;0.9672121737416711
44;4;1518;0.9798128149046722
44;4;1528;0.993015980195061
44;4;1538;1.0013661211540303
44;4;1548;1.00170967871226
44;4;1558;0.9951195619913948
44;4;1568;0.9909506472291552
44;4;1578;0.985944772301075
44;4;1588;0.9670281082601212
44;4;1598;0.9474754548753118
44;4;1608;0.9099623103775634
44;4;1618;0.8609128722642619
44;4;1628;0.8221580177457224
44;4;1638;0.7808208512437881
44;4;1648;0.7442243395297621
44;4;1658;0.6847591649608313
44;4;1668;0.6455214455806123
44;4;1678;0.6171576689229132
44;4;1688;0.5984408743915021
44;4;1698;0.5952306079794879
44;4;1708;0.6025650896131939
44;4;1718;0.6256614573782329
44;4;1728;0.6521055686250126
44;4;1738;0.681193657142747
44;4;1748;0.71414505528364
44;4;1758;0.7527300735706117
44;4;1768;0.7803233716932546
44;4;1778;0.8185364655334667
44;4;1788;0.863807014982073
44;4;1798;0.9155261797233125
44;4;1808;0.9804891947178884
44;4;1818;1.0362604064438314
44;4;1828;1.0931985785421785
44;4;1838;1.2596060041319619
44;4;1848;1.296072937457156
44;4;1858;1.2812314745325324
44;4;1868;1.1983224951230538
44;4;1878;1.0309962575036307
44;4;1888;0.7606334968285126
44;4;1898;1.116777631700276
44;4;1908;1.6778005464158876
44;4;1918;1.9357827483392285
44;4;1928;2.016045974991171
44;4;1938;1.9938819205790417
44;4;1948;1.8934889659200136
44;4;1958;1.7578972583403196
44;4;1968;1.611519949402543
44;4;1978;1.4776703843730057
44;4;1988;1.353098915311351
44;4;1998;1.2565272569724966
44;4;2008;1.1750775974715986
44;4;2018;1.117552943873778
44;4;2028;1.0661078244773452
44;4;2038;1.0209166763975743
44;4;2048;0.9862427121831533
44;4;2058;0.9493706234629066
44;4;2068;0.9171561793117818
44;4;2078;0.8846721166086743
44;4;2088;0.8550703816611631
44;4;2098;0.8346653612076681
44;4;2108;0.8180404941628886
44;4;2118;0.8116957763080793
44;4;2128;0.8157614783254548
44;4;2138;0.8282847261908578
44;4;2148;0.8501484621113305
44;4;2158;0.8762495313966547
44;4;2168;0.9021271662075574
44;4;2178;0.932355373969419
44;4;2188;0.9645401540389685
44;4;2198;0.9908115789524079
44;4;2208;1.0190231737355564
44;4;2218;1.04741889722095
44;4;2228;1.067460127626308
44;4;2238;1.0675620199556126
44;4;2248;1.05401350777112
44;4;2258;1.0254926587210225
44;4;2268;0.9764650414830459
44;4;2278;0.9261755114243783
44;4;2288;0.914479923854032
44;4;2298;0.9255107644527354
44;4;2308;0.9030126167716618
44;4;2318;0.8607984779080492
44;4;2328;0.8386814463585438
44;4;2338;0.8287425756182311
44;4;2348;0.8224699818964666
44;4;2358;0.8069180717882898
44;4;2368;0.8023664953040108
44;4;2378;0.8059448846461145
44;4;2388;0.8202080023738771
44;4;2398;0.8539476509860164
44;4;2408;0.9150193072630731
44;4;2418;0.98968509901507
44;4;2428;1.1095711742050551
44;4;2438;1.2429431113672018
44;4;2447;1.3629001444389772
45;1;405;1.4402450387049914
45;1;415;1.3173851093185651
45;1;425;1.2416719111847647
45;1;435;1.1606529133145183
45;1;445;1.0814999006043684
45;1;455;1.0200795978915342
45;1;465;0.9727324593380012
45;1;475;0.930086439773977
45;1;485;0.8948921482903912
45;1;495;0.8658568894366867
45;1;505;0.8413055468580224
45;1;515;0.8056964431238692
45;1;525;0.7015599641583279
45;1;535;0.6149363934669055
45;1;545;0.5998626240016028
45;1;555;0.6175718113177826
45;1;565;0.6770791241025687
45;1;575;0.7528596269515686
45;1;585;0.7971153690665803
45;1;595;0.8145395949820502
45;1;605;0.822151893179013
45;1;615;0.8284380224934562
45;1;625;0.8327466802961936
45;1;635;0.8358537282524543
45;1;645;0.8283475099803873
45;1;655;0.8170955455068544
45;1;665;0.8074639282191229
45;1;675;0.8049557130962599
45;1;685;0.8247697029440911
45;1;693;0.8083296867444908
45;1;700;0.4722256544735204
45;1;708;0.571074008451217
45;1;718;0.6150594701093705
45;1;728;0.25310503890176433
45;1;738;0.8380262895056935
45;1;748;1.175885542537768
45;1;758;1.1032062815988415
45;1;768;1.00576048517292
45;1;778;0.9354002500639159
45;1;788;0.9057410853785748
45;1;798;0.8872352886946084
45;1;808;0.8798811174220286
45;1;818;0.8624919924946038
45;1;828;0.8353713247425721
45;1;838;0.8110129581168787
45;1;848;0.8016172293193604
45;1;858;0.8118892082155102
45;1;868;0.830587572142089
45;1;878;0.85023599716691
45;1;888;0.8603274501576477
45;1;898;0.8764884749610282
45;1;908;0.8826420853441224
45;1;918;0.8981213345410678
45;1;928;0.8997449131432882
45;1;938;0.90611476093317
45;1;948;0.9087286555689789
45;1;958;0.9089566971255602
45;1;968;0.9135296640094878
45;1;978;0.9410889683207414
45;1;988;0.9593217757272781
45;1;998;0.9881444690676842
45;1;1008;1.0169221375556852
45;1;1018;1.0639485789571772
45;1;1028;1.0521169480263277
45;1;1038;1.0312612100188987
45;1;1048;1.0229187818246148
45;1;1058;1.008688568650821
45;1;1068;0.9753335331945984
45;1;1078;0.943091430090971
45;1;1088;0.8977018974710655
45;1;1098;0.85534746624007
45;1;1108;0.8292301962158841
45;1;1118;0.8258999300624211
45;1;1128;0.830845993005098
45;1;1138;0.8220294709327916
45;1;1148;0.80300848745349
45;1;1158;0.8030838299744375
45;1;1168;0.7916579949555618
45;1;1178;0.787490924456107
45;1;1188;0.7848194290170416
45;1;1198;0.7875631167058681
45;1;1208;0.782549939728594
45;1;1218;0.7771764152700605
45;1;1228;0.7784002852014911
45;1;1238;0.7750961729725648
45;1;1248;0.7737125101021209
45;1;1258;0.7732801956410407
45;1;1268;0.769795524186135
45;1;1278;0.7685155410384965
45;1;1288;0.7663502046844383
45;1;1298;0.7678972126510405
45;1;1308;0.7716894088823213
45;1;1318;0.8216133945487465
45;1;1328;0.9589308991265483
45;1;1338;1.1974411533098879
45;1;1348;1.3849032708214595
45;1;1358;1.4258902083973202
45;1;1368;1.584160556203781
45;1;1378;1.7896424565211866
45;1;1388;1.8267563182962034
45;1;1398;1.7282295154959042
45;1;1408;1.5830052149770932
45;1;1418;1.353040612645156
45;1;1428;1.0657581141673638
45;1;1438;0.8622369628447055
45;1;1448;0.8015833686635881
45;1;1458;0.8124535603329661
45;1;1468;0.8455761332396912
45;1;1478;0.8924939140483781
45;1;1488;0.9382862837093141
45;1;1498;0.9813182018158766
45;1;1508;1.0209456022738128
45;1;1518;1.0525802982209762
45;1;1528;1.0827121164840428
45;1;1538;1.1126593034123409
45;1;1548;1.129422662984163
45;1;1558;1.1407824461877956
45;1;1568;1.1625677004702888
45;1;1578;1.1762376990191072
45;1;1588;1.1684259224999105
45;1;1598;1.157548865468895
45;1;1608;1.1250054433474863
45;1;1618;1.0721779957083224
45;1;1628;1.0393380586104735
45;1;1638;0.9816132006404558
45;1;1648;0.9263172394643584
45;1;1658;0.8266501045946666
45;1;1668;0.7468992157530848
45;1;1678;0.663769051355233
45;1;1688;0.6060505463135205
45;1;1698;0.5676373019539521
45;1;1708;0.5409441138166663
45;1;1718;0.5554682276108346
45;1;1728;0.5894957574612223
45;1;1738;0.6314037637927251
45;1;1748;0.6744395118403833
45;1;1758;0.7281097585338902
45;1;1768;0.765676270721445
45;1;1778;0.8197696598910048
45;1;1788;0.8876367661439319
45;1;1798;0.9610181139889565
45;1;1808;1.051910560460802
45;1;1818;1.1314527877879803
45;1;1828;1.1991767050018964
45;1;1838;1.2670676620690517
45;1;1848;1.325101524665346
45;1;1858;1.33254850340666
45;1;1868;1.2753170564328664
45;1;1878;1.1305280594736287
45;1;1888;0.7823212482411069
45;1;1898;0.937720026900918
45;1;1908;1.511703218043581
45;1;1918;1.798513674996233
45;1;1928;1.9017903830380203
45;1;1938;1.8938176058736138
45;1;1948;1.8054191252371206
45;1;1958;1.6774242665010126
45;1;1968;1.5379779758978183
45;1;1978;1.4096563502652784
45;1;1988;1.2949163263605399
45;1;1998;1.2051548208122531
45;1;2008;1.1337792255254613
45;1;2018;1.0806893403283522
45;1;2028;1.0347607171871767
45;1;2038;0.9924696316848525
45;1;2048;0.959193594027272
45;1;2058;0.9266143470876766
45;1;2068;0.9013203623562627
45;1;2078;0.8730820408465406
45;1;2088;0.8468629100208481
45;1;2098;0.8251381902537787
45;1;2108;0.8078900866842667
45;1;2118;0.8010907679472332
45;1;2128;0.8054657010465751
45;1;2138;0.8201409144434122
45;1;2148;0.8494296523404807
45;1;2158;0.886881978919592
45;1;2168;0.9195012130730914
45;1;2178;0.956068560656762
45;1;2188;0.9955885234861129
45;1;2198;1.0237674697708208
45;1;2208;1.056506500311813
45;1;2218;1.0842143216970117
45;1;2228;1.1022167996496584
45;1;2238;1.1004261927327337
45;1;2248;1.0906436350929327
45;1;2258;1.0623226638145673
45;1;2268;1.00713467491963
45;1;2278;0.946981764010442
45;1;2288;0.93561298560061
45;1;2298;0.9485324619428341
45;1;2308;0.9193350083231544
45;1;2318;0.8708593369187655
45;1;2328;0.8477253482004741
45;1;2338;0.8367887415800647
45;1;2348;0.8321594417781206
45;1;2358;0.8105509706037134
45;1;2368;0.7981689549099101
45;1;2378;0.7962864603571815
45;1;2388;0.8003906398114151
45;1;2398;0.8193881585487279
45;1;2408;0.8622553985396838
45;1;2418;0.914510486770697
45;1;2428;1.02669149426781
45;1;2438;1.1439146577404045
45;1;2447;1.2519045140979501
45;2;405;1.3966803445686307
45;2;415;1.2841935734564751
45;2;425;1.1966663471938939
45;2;435;1.1175995145488375
45;2;445;1.0438408011683753
45;2;455;0.9843005992924574
45;2;465;0.9364677332286755
45;2;475;0.8998774129502716
45;2;485;0.8697095978482416
45;2;495;0.8495645293548214
45;2;505;0.8367704734687225
45;2;515;0.8190857014039256
45;2;525;0.7231044717317548
45;2;535;0.6300472028220655
45;2;545;0.5844562025002975
45;2;555;0.5673538951740521
45;2;565;0.6362356503941473
45;2;575;0.7287855700444907
45;2;585;0.7769022566373747
45;2;595;0.7963792256339187
45;2;605;0.808001694108253
45;2;615;0.8180330077330068
45;2;625;0.8225436783266675
45;2;635;0.825068237261144
45;2;645;0.8226915318186664
45;2;655;0.8125515099584256
45;2;665;0.8016718544138106
45;2;675;0.7947102122824983
45;2;685;0.8059887671770203
45;2;693;0.8213881624073052
45;2;700;0.4821933073453713
45;2;708;0.09289448059165062
45;2;718;0.1847237906111635
45;2;728;0.22523674890670775
45;2;738;0.9514872788766674
45;2;748;1.1250976132017563
45;2;758;1.01974341234292
45;2;768;0.9356731910466682
45;2;778;0.8855601980587151
45;2;788;0.864927510260375
45;2;798;0.8527515785155615
45;2;808;0.8483923403961805
45;2;818;0.8376301941835904
45;2;828;0.8193923926139365
45;2;838;0.806103369846148
45;2;848;0.8062716384762505
45;2;858;0.8189912172255367
45;2;868;0.8370675215124265
45;2;878;0.8551907052365545
45;2;888;0.8655061301991985
45;2;898;0.8773092867691544
45;2;908;0.8851393590803025
45;2;918;0.896659031296245
45;2;928;0.8975737086806368
45;2;938;0.9039608599227902
45;2;948;0.9017578636689542
45;2;958;0.8988670503286441
45;2;968;0.907601679896346
45;2;978;0.92799085871198
45;2;988;0.9460873792624553
45;2;998;0.9758196532343404
45;2;1008;0.9945653578222284
45;2;1018;1.0305387813427522
45;2;1028;1.023693761241523
45;2;1038;1.0157511778650439
45;2;1048;1.005146966815135
45;2;1058;1.0046984183951058
45;2;1068;0.9836440317360508
45;2;1078;0.966606068013982
45;2;1088;0.9321817545810853
45;2;1098;0.9017867631308458
45;2;1108;0.8790576804455613
45;2;1118;0.869232536142059
45;2;1128;0.8646884888673985
45;2;1138;0.837845960414292
45;2;1148;0.8035639527031175
45;2;1158;0.7953194329056948
45;2;1168;0.7882526760642087
45;2;1178;0.7857629103358313
45;2;1188;0.7820364358030761
45;2;1198;0.7862839802325223
45;2;1208;0.7860299813276014
45;2;1218;0.7817853483933369
45;2;1228;0.7888995200724581
45;2;1238;0.7912442624418741
45;2;1248;0.7919558886463388
45;2;1258;0.7931073749381647
45;2;1268;0.7925593326276856
45;2;1278;0.7918799709606075
45;2;1288;0.7937279911011
45;2;1298;0.7960002831950947
45;2;1308;0.7873068310999178
45;2;1318;0.7879121401812743
45;2;1328;0.8647103272390928
45;2;1338;1.068539736566327
45;2;1348;1.325181104948398
45;2;1358;1.4865330990400336
45;2;1368;1.6838179583450843
45;2;1378;1.8539051209619961
45;2;1388;1.820280825355377
45;2;1398;1.6797694814608042
45;2;1408;1.5204022690023569
45;2;1418;1.2971794335492928
45;2;1428;1.0326031617380378
45;2;1438;0.8547422351676286
45;2;1448;0.8014757172784022
45;2;1458;0.8086338807362325
45;2;1468;0.8341480667892659
45;2;1478;0.870205298856916
45;2;1488;0.9030648621123158
45;2;1498;0.9317106449588605
45;2;1508;0.9595537507182313
45;2;1518;0.9803145259549341
45;2;1528;1.002613619248986
45;2;1538;1.022334980676352
45;2;1548;1.0315988227763666
45;2;1558;1.0378888679478753
45;2;1568;1.0481636904764453
45;2;1578;1.058562282968455
45;2;1588;1.0506736311119416
45;2;1598;1.0422477972598836
45;2;1608;1.0141611759497082
45;2;1618;0.9775117649190516
45;2;1628;0.9448339599963658
45;2;1638;0.9066165890463735
45;2;1648;0.8700947148942716
45;2;1658;0.7942137044060971
45;2;1668;0.734025103520994
45;2;1678;0.6812087695504584
45;2;1688;0.6453406331024373
45;2;1698;0.6287627080257042
45;2;1708;0.6244014857558184
45;2;1718;0.6383302171651178
45;2;1728;0.6626466731085219
45;2;1738;0.6893858134019666
45;2;1748;0.7190526926344645
45;2;1758;0.7519639035279903
45;2;1768;0.7753363424833889
45;2;1778;0.8081388183874032
45;2;1788;0.8487958494978439
45;2;1798;0.8974794628569268
45;2;1808;0.9661155782474391
45;2;1818;1.031872989245462
45;2;1828;1.0791924968285438
45;2;1838;1.3112427961581299
45;2;1848;1.3425469180160832
45;2;1858;1.3386111705334607
45;2;1868;1.2576139965092727
45;2;1878;1.0769784746691018
45;2;1888;0.7414071273681482
45;2;1898;1.0968016659377753
45;2;1908;1.7200627636657368
45;2;1918;1.9988033827244982
45;2;1928;2.0936569672227052
45;2;1938;2.0728518032512713
45;2;1948;1.96809167786476
45;2;1958;1.8185840881149475
45;2;1968;1.6522258463984714
45;2;1978;1.4971173352303857
45;2;1988;1.359591363213551
45;2;1998;1.2537376013300303
45;2;2008;1.1677005206165507
45;2;2018;1.104495534080024
45;2;2028;1.0502603359216596
45;2;2038;1.0009708667463397
45;2;2048;0.9616271802929971
45;2;2058;0.926164071716892
45;2;2068;0.8992113614752139
45;2;2078;0.8706766084567689
45;2;2088;0.8465559625799224
45;2;2098;0.828393499361251
45;2;2108;0.8126632284814689
45;2;2118;0.8063420730738468
45;2;2128;0.809027577233684
45;2;2138;0.8211733353307651
45;2;2148;0.8448549739245854
45;2;2158;0.8763436708976846
45;2;2168;0.9054373548839519
45;2;2178;0.9358877930672252
45;2;2188;0.9632064323462003
45;2;2198;0.9877139229618173
45;2;2208;1.0150698467057409
45;2;2218;1.0371503074009152
45;2;2228;1.0550682819625103
45;2;2238;1.0546165884047316
45;2;2248;1.0432166888413306
45;2;2258;1.019502209761512
45;2;2268;0.973607868828715
45;2;2278;0.9256899242300792
45;2;2288;0.9157855222031397
45;2;2298;0.9237366550713165
45;2;2308;0.9013243392633754
45;2;2318;0.8577852582919222
45;2;2328;0.8335664811024348
45;2;2338;0.8234448602237157
45;2;2348;0.8164520905872983
45;2;2358;0.8018975544528573
45;2;2368;0.8003206270766039
45;2;2378;0.8064200544837612
45;2;2388;0.8254399007322356
45;2;2398;0.8647401060401668
45;2;2408;0.9319129062756617
45;2;2418;1.0170807481729842
45;2;2428;1.164635975190086
45;2;2438;1.3093711277303317
45;2;2447;1.4446873891743264
45;3;405;1.5323802868843572
45;3;415;1.4037559015536971
45;3;425;1.3372538746961806
45;3;435;1.245088130769689
45;3;445;1.1683673891213335
45;3;455;1.0999552839285403
45;3;465;1.0386419366157151
45;3;475;0.987112125511707
45;3;485;0.9396524747476291
45;3;495;0.9023410220924438
45;3;505;0.8713369230926957
45;3;515;0.8298933067118267
45;3;525;0.7409327818368467
45;3;535;0.6729928341561588
45;3;545;0.6534046746610902
45;3;555;0.6596616235618913
45;3;565;0.7027611831956954
45;3;575;0.757701182140416
45;3;585;0.7899323335478625
45;3;595;0.8018865079989558
45;3;605;0.80948847909766
45;3;615;0.8178004355683928
45;3;625;0.8212307727644761
45;3;635;0.8217191858421606
45;3;645;0.8129415059197816
45;3;655;0.804755398565941
45;3;665;0.7959568187497592
45;3;675;0.7939657842298652
45;3;685;0.8131579970961978
45;3;693;0.7978439565424685
45;3;700;0.6235824013923299
45;3;708;0.7585350224594618
45;3;718;0.8398936595970391
45;3;728;0.6474370307411527
45;3;738;0.6633583640458515
45;3;748;0.8402579265821317
45;3;758;0.8352620569321073
45;3;768;0.8103222734816978
45;3;778;0.7977514213831493
45;3;788;0.7945472262350801
45;3;798;0.7944150302111221
45;3;808;0.795536482402369
45;3;818;0.7954152728477056
45;3;828;0.7965737156872708
45;3;838;0.8062158736148162
45;3;848;0.825603703869104
45;3;858;0.8499508525427195
45;3;868;0.8739678391274994
45;3;878;0.8919752755712714
45;3;888;0.8986874341868614
45;3;898;0.9096139525830298
45;3;908;0.9116935758432964
45;3;918;0.9194487226743945
45;3;928;0.9185004251690623
45;3;938;0.9215465144394401
45;3;948;0.9176227585453535
45;3;958;0.9164839494951104
45;3;968;0.9206891156877469
45;3;978;0.9292297112981266
45;3;988;0.9407302950879816
45;3;998;0.9574676441250718
45;3;1008;0.9729552652327088
45;3;1018;0.9995886452983009
45;3;1028;0.9799476814061737
45;3;1038;0.9730325061821683
45;3;1048;0.967879859631372
45;3;1058;0.9723813752617183
45;3;1068;0.9748937224044623
45;3;1078;0.9755229673596914
45;3;1088;0.9618705991529696
45;3;1098;0.937795391555006
45;3;1108;0.9021887441853645
45;3;1118;0.8661626201821155
45;3;1128;0.8355329572866578
45;3;1138;0.8027370655445785
45;3;1148;0.8037838187438157
45;3;1158;0.8459762775619887
45;3;1168;0.8547066707512709
45;3;1178;0.8469416619063452
45;3;1188;0.8481763251582076
45;3;1198;0.8510487051748563
45;3;1208;0.8551411481475512
45;3;1218;0.865035386147123
45;3;1228;0.8685601056504885
45;3;1238;0.8749734246239256
45;3;1248;0.8786717997905615
45;3;1258;0.8850394548017337
45;3;1268;0.8967033091767845
45;3;1278;0.9041999733359246
45;3;1288;0.9042807148466737
45;3;1298;0.8869635326321064
45;3;1308;0.8744063759021727
45;3;1318;0.9030122506491501
45;3;1328;1.1057169969844018
45;3;1338;1.6393481235340286
45;3;1348;2.2316195772404144
45;3;1358;2.4130973283688983
45;3;1368;2.4931535809445076
45;3;1378;2.3359873708550114
45;3;1388;2.0086934989815504
45;3;1398;1.731255806746325
45;3;1408;1.5325478342404266
45;3;1418;1.315668920978254
45;3;1428;1.0731503270548177
45;3;1438;0.8986135750678872
45;3;1448;0.82498400676067
45;3;1458;0.8075955793347166
45;3;1468;0.8108230153915091
45;3;1478;0.8248851172838997
45;3;1488;0.8399731704023465
45;3;1498;0.8547056264752387
45;3;1508;0.8660274392175867
45;3;1518;0.8700661535200951
45;3;1528;0.8684161296648544
45;3;1538;0.8669700345794816
45;3;1548;0.8580881009024403
45;3;1558;0.8429823882103863
45;3;1568;0.8258249785816831
45;3;1578;0.8076807659476682
45;3;1588;0.779102799461821
45;3;1598;0.7491362646850668
45;3;1608;0.709320924151384
45;3;1618;0.6692576208775627
45;3;1628;0.6407898343371261
45;3;1638;0.6143319939781481
45;3;1648;0.599020814738001
45;3;1658;0.5923958567969004
45;3;1668;0.5965474878207062
45;3;1678;0.6025913600299633
45;3;1688;0.6131805694378946
45;3;1698;0.634116070307749
45;3;1708;0.6756113318950089
45;3;1718;0.7134166997948017
45;3;1728;0.7442485467721971
45;3;1738;0.7524847859812618
45;3;1748;0.7662358414117274
45;3;1758;0.8050729207786546
45;3;1768;0.8278159299048645
45;3;1778;0.8685973754152319
45;3;1788;0.915269546209367
45;3;1798;0.9683815278388498
45;3;1808;1.0269160425300776
45;3;1818;1.0814540985619556
45;3;1828;1.1296245537146854
45;3;1838;0.954685913947973
45;3;1848;1.0185603392906548
45;3;1858;1.0366586536858722
45;3;1868;0.9984308021960693
45;3;1878;0.9054436858879344
45;3;1888;0.7409295182499164
45;3;1898;1.0477007809802221
45;3;1908;1.5184046308553372
45;3;1918;1.7352885044636912
45;3;1928;1.7979578946417765
45;3;1938;1.771106772958853
45;3;1948;1.6807986923749372
45;3;1958;1.5650408232603736
45;3;1968;1.4446553912717282
45;3;1978;1.3353161108106044
45;3;1988;1.2397167653910455
45;3;1998;1.1666772737554059
45;3;2008;1.104178746129871
45;3;2018;1.0639816605770822
45;3;2028;1.0301758005014938
45;3;2038;1.0061528126796253
45;3;2048;0.9912533234349317
45;3;2058;0.9682088350961565
45;3;2068;0.9459521494995262
45;3;2078;0.9202262116555286
45;3;2088;0.8942081429555422
45;3;2098;0.8711031255558624
45;3;2108;0.8460834996641122
45;3;2118;0.8248025222177761
45;3;2128;0.8111935275131886
45;3;2138;0.8030813276068421
45;3;2148;0.8011275760927089
45;3;2158;0.8043647326414954
45;3;2168;0.8103386969480393
45;3;2178;0.8229033733765114
45;3;2188;0.8448598463179052
45;3;2198;0.864538537119619
45;3;2208;0.8885299231064747
45;3;2218;0.919460357058398
45;3;2228;0.9378704780495658
45;3;2238;0.9430907916868669
45;3;2248;0.9292296063049177
45;3;2258;0.9005538238731206
45;3;2268;0.8583038510525042
45;3;2278;0.8239358011791053
45;3;2288;0.8183017175705788
45;3;2298;0.827702936208631
45;3;2308;0.8211301299867851
45;3;2318;0.8040540669477981
45;3;2328;0.7986288829150315
45;3;2338;0.7970506932413802
45;3;2348;0.7963237620478867
45;3;2358;0.7945057678022271
45;3;2368;0.7990108101412577
45;3;2378;0.806809050661603
45;3;2388;0.8233313434783487
45;3;2398;0.8534922228620464
45;3;2408;0.9122109665134442
45;3;2418;0.9879839253279842
45;3;2428;1.090893832176851
45;3;2438;1.192459261849721
45;3;2447;1.2990184227105763
45;4;405;1.3911292765310117
45;4;415;1.286606428718405
45;4;425;1.2024157376519287
45;4;435;1.1243925342178807
45;4;445;1.0543284065273921
45;4;455;1.0000703686710326
45;4;465;0.954865456267481
45;4;475;0.9184202180586243
45;4;485;0.8861539392770666
45;4;495;0.8607513785606036
45;4;505;0.8406915747916551
45;4;515;0.8130293174055948
45;4;525;0.7151274180919273
45;4;535;0.6303248432659724
45;4;545;0.6031196895745966
45;4;555;0.6044518374254048
45;4;565;0.6621948360707007
45;4;575;0.738885018696461
45;4;585;0.7828387711795202
45;4;595;0.8004484660649358
45;4;605;0.8090849893880127
45;4;615;0.8187033325649774
45;4;625;0.8234445263870898
45;4;635;0.8260647760241512
45;4;645;0.8203924471724892
45;4;655;0.8100784832888863
45;4;665;0.799981637299252
45;4;675;0.7964632140259371
45;4;685;0.8162976304068988
45;4;693;0.8098284333655982
45;4;700;0.452896598637004
45;4;708;0.43350891224474364
45;4;718;0.48152968124856327
45;4;728;0.2183565567486664
45;4;738;0.8374565371738347
45;4;748;1.1289792868162787
45;4;758;1.0522762022970746
45;4;768;0.9624831588395958
45;4;778;0.9015925645058267
45;4;788;0.876910893510494
45;4;798;0.8622760058103676
45;4;808;0.8564823092452692
45;4;818;0.8427704269152914
45;4;828;0.8213749628793581
45;4;838;0.802825419957929
45;4;848;0.7986733619837816
45;4;858;0.8109285131629579
45;4;868;0.8304116826571133
45;4;878;0.8489063039210504
45;4;888;0.8601457907032881
45;4;898;0.8775787820221089
45;4;908;0.8825986295627761
45;4;918;0.8988762563054029
45;4;928;0.9007336757928744
45;4;938;0.9056802770770239
45;4;948;0.907237119312786
45;4;958;0.9050633052283741
45;4;968;0.9139902381223667
45;4;978;0.9432112181911058
45;4;988;0.9629499709860089
45;4;998;0.9952141928853883
45;4;1008;1.0177344067059177
45;4;1018;1.0716606455556186
45;4;1028;1.0550897706116875
45;4;1038;1.0408398949355089
45;4;1048;1.0329904045690828
45;4;1058;1.0107093821413549
45;4;1068;0.9832535251790356
45;4;1078;0.9593407624973128
45;4;1088;0.9061707037415008
45;4;1098;0.8692898153291005
45;4;1108;0.8414429222151655
45;4;1118;0.8382351079922581
45;4;1128;0.8394053667919841
45;4;1138;0.8238578781321111
45;4;1148;0.8003027674086299
45;4;1158;0.797524229810959
45;4;1168;0.7867163656106962
45;4;1178;0.7829480430572612
45;4;1188;0.778772444966536
45;4;1198;0.779848753322377
45;4;1208;0.7759810618317804
45;4;1218;0.7702344135602884
45;4;1228;0.771091031105337
45;4;1238;0.7698063456612166
45;4;1248;0.7688869919280394
45;4;1258;0.7672500753979457
45;4;1268;0.7662701727046081
45;4;1278;0.7661499150326058
45;4;1288;0.7665168409030724
45;4;1298;0.7730071117471082
45;4;1308;0.7847581799772938
45;4;1318;0.8376985510681803
45;4;1328;0.9684427068225955
45;4;1338;1.2065318083367074
45;4;1348;1.3992586622077796
45;4;1358;1.4534753191143128
45;4;1368;1.6301319374041563
45;4;1378;1.8572763830766832
45;4;1388;1.88586267046829
45;4;1398;1.7387099508856512
45;4;1408;1.5449969203143004
45;4;1418;1.2856196774724864
45;4;1428;0.9934080557454668
45;4;1438;0.8216116507922199
45;4;1448;0.7992622886923659
45;4;1458;0.8310627789725111
45;4;1468;0.8769851283761225
45;4;1478;0.9308866009641142
45;4;1488;0.9789235472167317
45;4;1498;1.0194962786901185
45;4;1508;1.0550258590569566
45;4;1518;1.0784470907545605
45;4;1528;1.1041726739049755
45;4;1538;1.1241907786799912
45;4;1548;1.1353347222869765
45;4;1558;1.1401292979653181
45;4;1568;1.1489910527357634
45;4;1578;1.153019209799313
45;4;1588;1.1430841793543913
45;4;1598;1.1244635084982906
45;4;1608;1.0876538584800832
45;4;1618;1.0280502243438565
45;4;1628;0.9722071780269211
45;4;1638;0.9110644829680171
45;4;1648;0.8590808143930044
45;4;1658;0.7649038044103189
45;4;1668;0.6916919233576236
45;4;1678;0.6294282446394156
45;4;1688;0.5857914882716594
45;4;1698;0.5725485710634162
45;4;1708;0.572083749107502
45;4;1718;0.5972906178413077
45;4;1728;0.6315224136044186
45;4;1738;0.6666337736400578
45;4;1748;0.7039583477830611
45;4;1758;0.754445329734999
45;4;1768;0.785419666801425
45;4;1778;0.8331720979797358
45;4;1788;0.8971353325662987
45;4;1798;0.9717929303393108
45;4;1808;1.0644095320870057
45;4;1818;1.1447698025285595
45;4;1828;1.2091486262850077
45;4;1838;1.47192674209413
45;4;1848;1.5157599796472132
45;4;1858;1.49587472583308
45;4;1868;1.3887782942415778
45;4;1878;1.1827650270265506
45;4;1888;0.7922075870666637
45;4;1898;0.9492313458508537
45;4;1908;1.4929113735366464
45;4;1918;1.768288238646815
45;4;1928;1.8695611879855825
45;4;1938;1.8592124550689564
45;4;1948;1.7775319839752854
45;4;1958;1.6606779279077728
45;4;1968;1.5317100008251348
45;4;1978;1.4105520521782067
45;4;1988;1.3046259627632508
45;4;1998;1.2185428046709978
45;4;2008;1.1474716673672316
45;4;2018;1.0949935583869843
45;4;2028;1.0477986120549114
45;4;2038;1.0050441749419876
45;4;2048;0.9689276050654834
45;4;2058;0.9352523351132559
45;4;2068;0.9062610348249845
45;4;2078;0.876636233754079
45;4;2088;0.8499007480939534
45;4;2098;0.8287995348019311
45;4;2108;0.8111200940844935
45;4;2118;0.8037575899316176
45;4;2128;0.8075055145244342
45;4;2138;0.8218972085209166
45;4;2148;0.8463312464603877
45;4;2158;0.8793629164653572
45;4;2168;0.9091110173842335
45;4;2178;0.9428196020343728
45;4;2188;0.9835929572573343
45;4;2198;1.017567683089485
45;4;2208;1.0478524402669376
45;4;2218;1.0771707266446402
45;4;2228;1.0974364655952067
45;4;2238;1.0989474841681222
45;4;2248;1.0813765332673166
45;4;2258;1.0486901800602326
45;4;2268;0.989091810625347
45;4;2278;0.9331389886796816
45;4;2288;0.9194766005698943
45;4;2298;0.9315478980459265
45;4;2308;0.9097340539343045
45;4;2318;0.8647216170482053
45;4;2328;0.8419305047962248
45;4;2338;0.8331572772104354
45;4;2348;0.8278602797982862
45;4;2358;0.8094147447766621
45;4;2368;0.7991141462333385
45;4;2378;0.797568329632028
45;4;2388;0.8056335465690022
45;4;2398;0.8247790947329995
45;4;2408;0.8664598056447318
45;4;2418;0.9230062313204697
45;4;2428;1.0217198975016861
45;4;2438;1.1392684354613813
45;4;2447;1.2231601734094046
46;1;405;1.472850158796497
46;1;415;1.368819910283856
46;1;425;1.2958825382071275
46;1;435;1.2243092365469617
46;1;445;1.1556263587454043
46;1;455;1.1009804039147706
46;1;465;1.0527020554582809
46;1;475;1.0113529549689253
46;1;485;0.9715681050406906
46;1;495;0.9392153164488578
46;1;505;0.9053066651765316
46;1;515;0.856652712560141
46;1;525;0.760107740295043
46;1;535;0.6892157645029444
46;1;545;0.6750759899226751
46;1;555;0.6870025149309665
46;1;565;0.7330552423871296
46;1;575;0.7914671023127897
46;1;585;0.8248065115739712
46;1;595;0.8371152083531229
46;1;605;0.8439234444487692
46;1;615;0.851111154679965
46;1;625;0.8539579446294827
46;1;635;0.8549992591922857
46;1;645;0.8486916546673415
46;1;655;0.8418279758063657
46;1;665;0.8357472134252736
46;1;675;0.8383205739412292
46;1;685;0.8573253735760104
46;1;693;0.8305794235117719
46;1;700;0.6230861745859844
46;1;708;0.7816677227630872
46;1;718;0.8214586155016795
46;1;728;0.5062163299829529
46;1;738;0.7030376931740595
46;1;748;1.041957330292962
46;1;758;1.0367272028033194
46;1;768;0.9826049317099576
46;1;778;0.9372331259341861
46;1;788;0.9169053078581445
46;1;798;0.904103229771594
46;1;808;0.89742142437509
46;1;818;0.885775777648737
46;1;828;0.8676953564530689
46;1;838;0.8515012418732386
46;1;848;0.8423053841427096
46;1;858;0.8437018924319523
46;1;868;0.8509808874366557
46;1;878;0.859625931835236
46;1;888;0.865623556069022
46;1;898;0.8739092258177512
46;1;908;0.8768246142747638
46;1;918;0.8852729973812075
46;1;928;0.8862186375004849
46;1;938;0.8875470261077832
46;1;948;0.8863498168857558
46;1;958;0.8823150280403899
46;1;968;0.8858578412012493
46;1;978;0.900164993157369
46;1;988;0.9149557327179925
46;1;998;0.9361636105032404
46;1;1008;0.9470807205026773
46;1;1018;0.9736949555098651
46;1;1028;0.9695544325962832
46;1;1038;0.9597108464731361
46;1;1048;0.959320894158937
46;1;1058;0.9532939945136506
46;1;1068;0.9337672740494924
46;1;1078;0.9151398869733325
46;1;1088;0.8819192170314408
46;1;1098;0.8570098020573369
46;1;1108;0.8437873913393296
46;1;1118;0.8460924210635079
46;1;1128;0.8528872226004757
46;1;1138;0.8470932341079037
46;1;1148;0.839999874578451
46;1;1158;0.8433649259049342
46;1;1168;0.8305766624553187
46;1;1178;0.822192416057805
46;1;1188;0.8165050290207351
46;1;1198;0.8160319364094233
46;1;1208;0.8136916381053985
46;1;1218;0.812012403038496
46;1;1228;0.8146714200508236
46;1;1238;0.8149797749587905
46;1;1248;0.8157831245134466
46;1;1258;0.8168197355615315
46;1;1268;0.8173703208797638
46;1;1278;0.8184325157028317
46;1;1288;0.8187775912790691
46;1;1298;0.8228465119089784
46;1;1308;0.834135281891038
46;1;1318;0.8828802984321028
46;1;1328;1.0186417377698205
46;1;1338;1.273319454754012
46;1;1348;1.555278440197408
46;1;1358;1.665072519961689
46;1;1368;1.811360641176263
46;1;1378;1.8946768407078074
46;1;1388;1.791278644178371
46;1;1398;1.6245604123447168
46;1;1408;1.469870744718134
46;1;1418;1.2692678962197148
46;1;1428;1.0396086775039657
46;1;1438;0.8872764155897
46;1;1448;0.841519613295133
46;1;1458;0.8471962510807012
46;1;1468;0.8691228998663131
46;1;1478;0.9000641334477203
46;1;1488;0.9308182652145713
46;1;1498;0.9589800508009417
46;1;1508;0.9837026094638421
46;1;1518;0.9974328957389043
46;1;1528;1.0100358471387476
46;1;1538;1.017900773337155
46;1;1548;1.0182584341191392
46;1;1558;1.0133173819653547
46;1;1568;1.0156697071550171
46;1;1578;1.016131504325182
46;1;1588;1.006373563775425
46;1;1598;0.9968807776499777
46;1;1608;0.9776755027385305
46;1;1618;0.9448646227890783
46;1;1628;0.9203954068392488
46;1;1638;0.8879059417198853
46;1;1648;0.8577215599567366
46;1;1658;0.8024584049527678
46;1;1668;0.7677021824372721
46;1;1678;0.7269017995478928
46;1;1688;0.6903610608642103
46;1;1698;0.6662806214002504
46;1;1708;0.6426254471205938
46;1;1718;0.642416165412005
46;1;1728;0.6587409673761188
46;1;1738;0.6882462924923214
46;1;1748;0.71851609216834
46;1;1758;0.7485399297721049
46;1;1768;0.7748670608969497
46;1;1778;0.8053265730388619
46;1;1788;0.8354657877875004
46;1;1798;0.8729434084595957
46;1;1808;0.9276204051152173
46;1;1818;0.9803502204647154
46;1;1828;1.032621493303185
46;1;1838;1.2343589492270688
46;1;1848;1.2565095055814235
46;1;1858;1.2392033025058438
46;1;1868;1.1648500709375271
46;1;1878;1.0141905501570836
46;1;1888;0.770449607887654
46;1;1898;1.0517894098776024
46;1;1908;1.5567543056902293
46;1;1918;1.7993148466776339
46;1;1928;1.8786951454500662
46;1;1938;1.8599525955409066
46;1;1948;1.7758338213049247
46;1;1958;1.660166110294045
46;1;1968;1.5350327825279044
46;1;1978;1.4213390238998451
46;1;1988;1.3223099888143066
46;1;1998;1.2433846174818288
46;1;2008;1.1740276535002272
46;1;2018;1.122862268621198
46;1;2028;1.0770470827319272
46;1;2038;1.0372130214696293
46;1;2048;1.003791008927672
46;1;2058;0.9679628994342209
46;1;2068;0.9332952647155168
46;1;2078;0.8998671066773682
46;1;2088;0.8741724978633345
46;1;2098;0.8559898898212064
46;1;2108;0.8436929737500379
46;1;2118;0.8403931142330283
46;1;2128;0.8441530824016176
46;1;2138;0.8520772249223022
46;1;2148;0.8644098157531738
46;1;2158;0.8786662707878975
46;1;2168;0.8888873096877219
46;1;2178;0.9048058074985255
46;1;2188;0.9269807660004872
46;1;2198;0.9469157768358656
46;1;2208;0.9682756278426908
46;1;2218;0.987545376161438
46;1;2228;1.002681543047383
46;1;2238;1.0060408668898666
46;1;2248;0.9989222591063437
46;1;2258;0.9842961496779099
46;1;2268;0.9503426741261434
46;1;2278;0.916661990378362
46;1;2288;0.907884304489313
46;1;2298;0.9138660439868395
46;1;2308;0.9001754153935428
46;1;2318;0.8725945501257915
46;1;2328;0.8565276288469253
46;1;2338;0.8478974475680934
46;1;2348;0.842373829922626
46;1;2358;0.8328353946817724
46;1;2368;0.8307387226859254
46;1;2378;0.8345604353707323
46;1;2388;0.8471190459329541
46;1;2398;0.8738274690741281
46;1;2408;0.9112750650028837
46;1;2418;0.9683619371831008
46;1;2428;1.0593545874854775
46;1;2438;1.1709287493356824
46;1;2447;1.268167543744494
46;2;405;1.3591814791633063
46;2;415;1.2676006700789693
46;2;425;1.1983386692030062
46;2;435;1.1345924274942667
46;2;445;1.0684609482049552
46;2;455;1.0225450035134602
46;2;465;0.9836399481598774
46;2;475;0.9500172341558498
46;2;485;0.9242770359564144
46;2;495;0.9026120592526128
46;2;505;0.8843572959382022
46;2;515;0.8520465803678928
46;2;525;0.7275878592798917
46;2;535;0.6191494779951604
46;2;545;0.5754714500663574
46;2;555;0.5649431343239948
46;2;565;0.6390041841047539
46;2;575;0.741085387676675
46;2;585;0.796356943643302
46;2;595;0.8189601803697996
46;2;605;0.8336961139402865
46;2;615;0.8483649544630639
46;2;625;0.8542429554007162
46;2;635;0.8573136204904278
46;2;645;0.8571928432553279
46;2;655;0.8511978549291649
46;2;665;0.8449831441576513
46;2;675;0.8446197570600141
46;2;685;0.8618312345949262
46;2;693;0.8574395477951484
46;2;700;0.42736292421730715
46;2;708;0.2759909327983233
46;2;718;0.33464336641006054
46;2;728;0.13265258591109605
46;2;738;0.9295315375937429
46;2;748;1.2081577252807139
46;2;758;1.119633041606101
46;2;768;1.0295449549110978
46;2;778;0.9672044862601643
46;2;788;0.9409515823136245
46;2;798;0.9240885392765472
46;2;808;0.9163447635957763
46;2;818;0.9012414458737934
46;2;828;0.8760314410342765
46;2;838;0.8526995867349755
46;2;848;0.8392936324785648
46;2;858;0.8408189105221283
46;2;868;0.8503286319329723
46;2;878;0.8622473850977411
46;2;888;0.869684188771235
46;2;898;0.8816992434482945
46;2;908;0.8857360744156195
46;2;918;0.8988848143048651
46;2;928;0.8995855129009152
46;2;938;0.9039868548136558
46;2;948;0.9049404032634806
46;2;958;0.903581757453416
46;2;968;0.9082956900473174
46;2;978;0.9306003778068366
46;2;988;0.9473391757583347
46;2;998;0.9770720002210961
46;2;1008;1.0095632578221627
46;2;1018;1.0441816805948647
46;2;1028;1.0344051849162468
46;2;1038;1.0178785906700367
46;2;1048;1.0136846461678457
46;2;1058;0.9981981311582712
46;2;1068;0.9643253746350617
46;2;1078;0.9355201420071132
46;2;1088;0.8940358221773227
46;2;1098;0.8595980418145881
46;2;1108;0.8400196310388085
46;2;1118;0.8474726389087632
46;2;1128;0.8601440453853495
46;2;1138;0.8574550035189445
46;2;1148;0.8415846640517513
46;2;1158;0.8389083225218027
46;2;1168;0.8331080491126645
46;2;1178;0.8338360902874372
46;2;1188;0.8346404022516795
46;2;1198;0.8391404107538674
46;2;1208;0.8353634279088061
46;2;1218;0.8319618656270078
46;2;1228;0.8334741669935055
46;2;1238;0.8314568702263108
46;2;1248;0.8305603874445755
46;2;1258;0.8286635911364868
46;2;1268;0.8231947292319228
46;2;1278;0.8195730741757512
46;2;1288;0.8164235564225063
46;2;1298;0.8137533100341796
46;2;1308;0.808488491154973
46;2;1318;0.8360540671420504
46;2;1328;0.9297358106281808
46;2;1338;1.0880234537978763
46;2;1348;1.2207285987104053
46;2;1358;1.2593602838681524
46;2;1368;1.4003076937140668
46;2;1378;1.6147173240619053
46;2;1388;1.6752007092564023
46;2;1398;1.574655555763639
46;2;1408;1.421988501164028
46;2;1418;1.2056501958778632
46;2;1428;0.9693724892156179
46;2;1438;0.8431727399251036
46;2;1448;0.8390788474134647
46;2;1458;0.8724596003177002
46;2;1468;0.9140125791299166
46;2;1478;0.960687889820849
46;2;1488;1.0012975590965276
46;2;1498;1.0366843032022102
46;2;1508;1.0667002520723277
46;2;1518;1.090010841201365
46;2;1528;1.11453644197479
46;2;1538;1.1338584879745974
46;2;1548;1.1407710683498908
46;2;1558;1.1475009389738424
46;2;1568;1.159183086906829
46;2;1578;1.1680499266681306
46;2;1588;1.1635153772473574
46;2;1598;1.1523885888178032
46;2;1608;1.123811880964812
46;2;1618;1.0806660382210183
46;2;1628;1.0434010532027687
46;2;1638;0.9922229640601535
46;2;1648;0.9479231385793659
46;2;1658;0.8563918715311243
46;2;1668;0.7757449548025204
46;2;1678;0.6929902167170953
46;2;1688;0.6249725649103958
46;2;1698;0.5793937281103687
46;2;1708;0.5499672439195092
46;2;1718;0.5608711164457322
46;2;1728;0.5932246783973769
46;2;1738;0.6374313625886648
46;2;1748;0.6828753742224043
46;2;1758;0.7363437922044912
46;2;1768;0.7694039050745896
46;2;1778;0.8180269510129416
46;2;1788;0.8744196455514314
46;2;1798;0.936829602474559
46;2;1808;1.0156115002665795
46;2;1818;1.0882926820773136
46;2;1828;1.149474485401373
46;2;1838;1.370632773426926
46;2;1848;1.3951869091889388
46;2;1858;1.3740299029730367
46;2;1868;1.2832994211573472
46;2;1878;1.095767352746787
46;2;1888;0.7663464337998583
46;2;1898;1.013153528729585
46;2;1908;1.5276983272564904
46;2;1918;1.773826339181766
46;2;1928;1.8623682025468833
46;2;1938;1.8561630864503045
46;2;1948;1.776783270171333
46;2;1958;1.6643855532324077
46;2;1968;1.5397896293112021
46;2;1978;1.424189431332869
46;2;1988;1.3215327266720482
46;2;1998;1.2381002527327443
46;2;2008;1.169652189520676
46;2;2018;1.117334643170125
46;2;2028;1.0722063643938176
46;2;2038;1.0284933663802427
46;2;2048;0.9931055704649262
46;2;2058;0.9587003398657877
46;2;2068;0.933207512246689
46;2;2078;0.9041998387952858
46;2;2088;0.881051546554666
46;2;2098;0.8618161248527918
46;2;2108;0.8472359783207959
46;2;2118;0.8419720357361707
46;2;2128;0.8461769052210802
46;2;2138;0.8584650473437629
46;2;2148;0.8805695118541728
46;2;2158;0.9093587703957189
46;2;2168;0.9359905663946044
46;2;2178;0.9628512786746052
46;2;2188;0.9940347762728463
46;2;2198;1.0141941572177071
46;2;2208;1.0391378889068728
46;2;2218;1.0567941744866995
46;2;2228;1.066639757711103
46;2;2238;1.063899756338338
46;2;2248;1.0506630600166018
46;2;2258;1.0329674612889128
46;2;2268;0.9917529596221911
46;2;2278;0.9460677161284561
46;2;2288;0.9350407899155773
46;2;2298;0.9418740762817028
46;2;2308;0.920161743807806
46;2;2318;0.8802032824184364
46;2;2328;0.8627998012167966
46;2;2338;0.8541778890543705
46;2;2348;0.8502974582096524
46;2;2358;0.8383852161390383
46;2;2368;0.8360182598890563
46;2;2378;0.8389572158938199
46;2;2388;0.8504486334060103
46;2;2398;0.8730135090892687
46;2;2408;0.9178432868123942
46;2;2418;0.9653732424588946
46;2;2428;1.0729991410420114
46;2;2438;1.1723592748520344
46;2;2447;1.2488336244262717
46;3;405;1.5011195584830084
46;3;415;1.3675388924721432
46;3;425;1.2972453370016837
46;3;435;1.2023039996333114
46;3;445;1.1231620060303942
46;3;455;1.0536173925903316
46;3;465;0.9961568717518218
46;3;475;0.9479683397879325
46;3;485;0.9051457113414508
46;3;495;0.8728225038836269
46;3;505;0.8499490638550524
46;3;515;0.8196657658012264
46;3;525;0.7211063599032222
46;3;535;0.634055363880332
46;3;545;0.6045452076874814
46;3;555;0.6067664818541814
46;3;565;0.6648918740977642
46;3;575;0.7398955419230376
46;3;585;0.7824927350370752
46;3;595;0.7987006549623143
46;3;605;0.807464845023189
46;3;615;0.8155781665190437
46;3;625;0.8189014552109126
46;3;635;0.8194629721491019
46;3;645;0.8097168343024691
46;3;655;0.7985598254435414
46;3;665;0.7872933440275224
46;3;675;0.7836436326821493
46;3;685;0.8046914416762544
46;3;693;0.8013894325358359
46;3;700;0.4987800937872372
46;3;708;0.5321866498653353
46;3;718;0.6065862973788966
46;3;728;0.4035933776649887
46;3;738;0.6807275639699094
46;3;748;0.8985485871559291
46;3;758;0.8661826616580935
46;3;768;0.8236053521397771
46;3;778;0.8015618073913766
46;3;788;0.7946162261855295
46;3;798;0.7922284693029873
46;3;808;0.7933793400044865
46;3;818;0.7910064149872326
46;3;828;0.787879285481971
46;3;838;0.7940509788747088
46;3;848;0.8142294358911576
46;3;858;0.8423665590950443
46;3;868;0.8709506161269527
46;3;878;0.8927082443798321
46;3;888;0.9018523660758837
46;3;898;0.9159036298289761
46;3;908;0.9209684081087105
46;3;918;0.9308942144439019
46;3;928;0.9304595598840415
46;3;938;0.9358733692015065
46;3;948;0.9339160093985793
46;3;958;0.9313167199067024
46;3;968;0.9377217164574766
46;3;978;0.9532766687821724
46;3;988;0.9648772119604898
46;3;998;0.9847998445923771
46;3;1008;1.0013614911018651
46;3;1018;1.0407878801936736
46;3;1028;1.0277365047568972
46;3;1038;1.0138404571503485
46;3;1048;1.0007494903878287
46;3;1058;1.000055399703161
46;3;1068;0.9937957700143102
46;3;1078;0.9840808082980368
46;3;1088;0.961826966305674
46;3;1098;0.932233127908277
46;3;1108;0.8941030903895437
46;3;1118;0.8618158607658187
46;3;1128;0.8350222291352869
46;3;1138;0.8035385734273014
46;3;1148;0.7942524271011022
46;3;1158;0.8251858793034798
46;3;1168;0.8214284202820246
46;3;1178;0.8107492744407009
46;3;1188;0.8073297220539666
46;3;1198;0.8018885985862974
46;3;1208;0.8035402663556215
46;3;1218;0.8081536742735453
46;3;1228;0.8075217408657251
46;3;1238;0.8105225295952393
46;3;1248;0.8162602748726321
46;3;1258;0.8244681340747267
46;3;1268;0.8327198118847982
46;3;1278;0.8396624638212442
46;3;1288;0.84281360604585
46;3;1298;0.8377681476945424
46;3;1308;0.841354594056321
46;3;1318;0.8800249154511561
46;3;1328;1.0525720297641639
46;3;1338;1.4772522767287413
46;3;1348;1.914690681783638
46;3;1358;2.0742927893326617
46;3;1368;2.2252171918150707
46;3;1378;2.256597426832666
46;3;1388;2.059596233162375
46;3;1398;1.812099227402385
46;3;1408;1.595273995952051
46;3;1418;1.3452353234218046
46;3;1428;1.0632338483127117
46;3;1438;0.8702136807000989
46;3;1448;0.8010683872907194
46;3;1458;0.7949800303785094
46;3;1468;0.8103862117925953
46;3;1478;0.8369834556554743
46;3;1488;0.8620192755358606
46;3;1498;0.8846996646917087
46;3;1508;0.9044192385794141
46;3;1518;0.9158568129428125
46;3;1528;0.9230623093461748
46;3;1538;0.9310736724784907
46;3;1548;0.9302915845412861
46;3;1558;0.9213017968568697
46;3;1568;0.9104265835496284
46;3;1578;0.8975752666389766
46;3;1588;0.868508679863295
46;3;1598;0.8345909630466114
46;3;1608;0.7831158337321377
46;3;1618;0.7279726605877522
46;3;1628;0.6854500045861662
46;3;1638;0.6428777227144513
46;3;1648;0.6128776950049701
46;3;1658;0.5872113675733458
46;3;1668;0.5857347678703002
46;3;1678;0.5957625805078148
46;3;1688;0.6142208768739668
46;3;1698;0.6421005445496446
46;3;1708;0.6926256433478789
46;3;1718;0.7384288748933499
46;3;1728;0.7672317034742395
46;3;1738;0.775499911841794
46;3;1748;0.7879783467564943
46;3;1758;0.8246395277265529
46;3;1768;0.8461006760876248
46;3;1778;0.8852838685378405
46;3;1788;0.9393796300462038
46;3;1798;1.0044354920004905
46;3;1808;1.0746055868208697
46;3;1818;1.1294359143388142
46;3;1828;1.1813597844456172
46;3;1838;1.0725311467409837
46;3;1848;1.1516374643723375
46;3;1858;1.1772348981919132
46;3;1868;1.1274126952766397
46;3;1878;1.0036760854161444
46;3;1888;0.7491036715704473
46;3;1898;1.0300806685157842
46;3;1908;1.5570687785540451
46;3;1918;1.8070696488700329
46;3;1928;1.8895473524842277
46;3;1938;1.86593244452447
46;3;1948;1.7707691507726493
46;3;1958;1.642285576140993
46;3;1968;1.5072919771395805
46;3;1978;1.3820781448804949
46;3;1988;1.269234033418668
46;3;1998;1.1832363937611434
46;3;2008;1.1146783747262337
46;3;2018;1.0695362745499324
46;3;2028;1.031408857026781
46;3;2038;1.00111938029878
46;3;2048;0.98144536033597
46;3;2058;0.9597635354348187
46;3;2068;0.9392649482549182
46;3;2078;0.9185451300686028
46;3;2088;0.892077549304643
46;3;2098;0.8698744245902336
46;3;2108;0.8435971383511054
46;3;2118;0.8210663819262956
46;3;2128;0.8061131221344129
46;3;2138;0.7989533903609412
46;3;2148;0.8020786817740966
46;3;2158;0.8142961521644333
46;3;2168;0.8304569517818499
46;3;2178;0.8551598868166569
46;3;2188;0.8869100224380132
46;3;2198;0.9149583570739226
46;3;2208;0.945546917498982
46;3;2218;0.9809117563659051
46;3;2228;1.0061372330160263
46;3;2238;1.0084584307931679
46;3;2248;0.9911203765701041
46;3;2258;0.9502007678624516
46;3;2268;0.8930184288754585
46;3;2278;0.8465642172218326
46;3;2288;0.8389121290745032
46;3;2298;0.851587214437001
46;3;2308;0.8392057412625206
46;3;2318;0.8141503780123488
46;3;2328;0.8044258964699701
46;3;2338;0.802479113371802
46;3;2348;0.8014549459877288
46;3;2358;0.7963308991558617
46;3;2368;0.7997932307251916
46;3;2378;0.8067306016850786
46;3;2388;0.8245239768577783
46;3;2398;0.8577597334027159
46;3;2408;0.926248287890632
46;3;2418;1.009869915029961
46;3;2428;1.1308136943159721
46;3;2438;1.2505368860001405
46;3;2447;1.3763951462548436
46;4;405;1.4415580478106689
46;4;415;1.3055709726708147
46;4;425;1.2081238383452497
46;4;435;1.109142932543331
46;4;445;1.0252657328283556
46;4;455;0.9539622687852783
46;4;465;0.8977414759047756
46;4;475;0.8557978373056587
46;4;485;0.8218563037368259
46;4;495;0.7997777475039723
46;4;505;0.7883856395133109
46;4;515;0.7730048079194594
46;4;525;0.6899224060007938
46;4;535;0.611507913514265
46;4;545;0.574435076684712
46;4;555;0.5647745532581072
46;4;565;0.6233955952419246
46;4;575;0.7037699763139164
46;4;585;0.7513478222384268
46;4;595;0.7725555671307918
46;4;605;0.7841871025964637
46;4;615;0.7960551004335841
46;4;625;0.8042636913146706
46;4;635;0.8093210084540422
46;4;645;0.8085419409515786
46;4;655;0.7954389587571158
46;4;665;0.7789612463594014
46;4;675;0.7603236135191067
46;4;685;0.765594783678219
46;4;693;0.7812708298918474
46;4;700;0.4950574295442701
46;4;708;0.16059038308139348
46;4;718;0.2244392688845004
46;4;728;0.254340580297848
46;4;738;0.9408828151517097
46;4;748;1.1014892655429536
46;4;758;0.9708706990637415
46;4;768;0.8704455782271079
46;4;778;0.8155637952718735
46;4;788;0.7950477451373955
46;4;798;0.7851215062590773
46;4;808;0.7833823227583135
46;4;818;0.7747570159142343
46;4;828;0.7616159311417261
46;4;838;0.759469556721748
46;4;848;0.7780308770724291
46;4;858;0.8103771397238898
46;4;868;0.845173166363487
46;4;878;0.8756932851911603
46;4;888;0.8890858036712479
46;4;898;0.9083982105488814
46;4;908;0.9166372824217506
46;4;918;0.932845313063897
46;4;928;0.9343384712813586
46;4;938;0.9436127037102829
46;4;948;0.9433457099379422
46;4;958;0.9476203592755506
46;4;968;0.9586670372720986
46;4;978;0.9866019320929457
46;4;988;1.0062938343268397
46;4;998;1.0380656357349187
46;4;1008;1.0636880776454205
46;4;1018;1.1195386255189614
46;4;1028;1.0898976453190035
46;4;1038;1.0844119171404814
46;4;1048;1.0705293483535252
46;4;1058;1.0636036186072009
46;4;1068;1.0498902171540518
46;4;1078;1.0408560369305702
46;4;1088;0.9991405253260065
46;4;1098;0.9614738778308255
46;4;1108;0.9236213256903908
46;4;1118;0.8898977068353092
46;4;1128;0.8633227088705269
46;4;1138;0.8135779946284237
46;4;1148;0.7637519147692594
46;4;1158;0.7574946099147739
46;4;1168;0.7479860565073735
46;4;1178;0.7405333942433192
46;4;1188;0.7328116087299943
46;4;1198;0.7307034287663973
46;4;1208;0.7267622737845553
46;4;1218;0.7188459159133018
46;4;1228;0.718682070327961
46;4;1238;0.7177861742349338
46;4;1248;0.7182310984970625
46;4;1258;0.7202997018461199
46;4;1268;0.7222082673093213
46;4;1278;0.7252513896672369
46;4;1288;0.726996867045973
46;4;1298;0.7352570773081121
46;4;1308;0.7407020079462011
46;4;1318;0.762600884935047
46;4;1328;0.8989886075354117
46;4;1338;1.2501691695418133
46;4;1348;1.5862342459705172
46;4;1358;1.7256642516179739
46;4;1368;1.903475074252431
46;4;1378;2.0301219036166556
46;4;1388;1.9659278728124772
46;4;1398;1.8107576340257383
46;4;1408;1.6411027904963837
46;4;1418;1.393682995708613
46;4;1428;1.0838633527665962
46;4;1438;0.8530040484835318
46;4;1448;0.7685857256743214
46;4;1458;0.7667405131147271
46;4;1468;0.7932450214230574
46;4;1478;0.8362641047503658
46;4;1488;0.8769533163283444
46;4;1498;0.9133786302951086
46;4;1508;0.9480124569363916
46;4;1518;0.9745550777127426
46;4;1528;0.9991242483418559
46;4;1538;1.0256365092090673
46;4;1548;1.0395117378231953
46;4;1558;1.0469808590241467
46;4;1568;1.0561078898212721
46;4;1578;1.059534840834953
46;4;1588;1.0383756533279902
46;4;1598;1.0139522602976565
46;4;1608;0.9643801074966747
46;4;1618;0.899410078349305
46;4;1628;0.8434833769068711
46;4;1638;0.7784995885460991
46;4;1648;0.724655549390455
46;4;1658;0.6367233187373913
46;4;1668;0.577040071698606
46;4;1678;0.5381736642794387
46;4;1688;0.5322948459525325
46;4;1698;0.549149257820059
46;4;1708;0.5866954611808706
46;4;1718;0.6348181886010547
46;4;1728;0.6734512305194321
46;4;1738;0.693536379227774
46;4;1748;0.7168215645515923
46;4;1758;0.7661543775053515
46;4;1768;0.7901572300975382
46;4;1778;0.8374534149972793
46;4;1788;0.9085988266524225
46;4;1798;0.9800415587823291
46;4;1808;1.0718809360007258
46;4;1818;1.1620238842794128
46;4;1828;1.2162832110181783
46;4;1838;1.272671137992832
46;4;1848;1.3414787031098567
46;4;1858;1.3533332026703224
46;4;1868;1.2859040714965664
46;4;1878;1.1272767377621276
46;4;1888;0.7533406943765137
46;4;1898;0.9943705023343933
46;4;1908;1.6447387936842384
46;4;1918;1.9486316898332174
46;4;1928;2.052138337576144
46;4;1938;2.0335626921280454
46;4;1948;1.9290508574294083
46;4;1958;1.779672616256387
46;4;1968;1.6138165490112164
46;4;1978;1.4579834619385943
46;4;1988;1.3212791046229828
46;4;1998;1.2163805728962547
46;4;2008;1.1321208593850431
46;4;2018;1.0723838146543538
46;4;2028;1.0209163527349423
46;4;2038;0.9769828005673024
46;4;2048;0.9418251683332566
46;4;2058;0.9085924901112552
46;4;2068;0.8872826428241428
46;4;2078;0.8606619486729621
46;4;2088;0.834194970754188
46;4;2098;0.8105715778159305
46;4;2108;0.7849726489856292
46;4;2118;0.7684011086381856
46;4;2128;0.7638537220345709
46;4;2138;0.7733828845072983
46;4;2148;0.8007673262209246
46;4;2158;0.8430376475626024
46;4;2168;0.8853294195596696
46;4;2178;0.930270466834883
46;4;2188;0.9747890540620863
46;4;2198;1.0110954607279241
46;4;2208;1.0476643171700903
46;4;2218;1.0870988481512054
46;4;2228;1.109582334508911
46;4;2238;1.1119148461753467
46;4;2248;1.0965948096517808
46;4;2258;1.0573095210316226
46;4;2268;0.9900720466489896
46;4;2278;0.9202052699575024
46;4;2288;0.9074351287235489
46;4;2298;0.925416965444446
46;4;2308;0.8983224121764057
46;4;2318;0.8406027020049931
46;4;2328;0.8126076332112856
46;4;2338;0.8046771739263557
46;4;2348;0.7987730378760706
46;4;2358;0.7740861421785364
46;4;2368;0.7597233445489919
46;4;2378;0.7573887113131641
46;4;2388;0.7649318781311266
46;4;2398;0.7908354784952891
46;4;2408;0.8540616336155711
46;4;2418;0.9374103002072022
46;4;2428;1.0773214336426125
46;4;2438;1.2211667754281046
46;4;2447;1.3516271020706248
