seed;fold;banda_nm;vip
42;1;405;1.109069375269776
42;1;415;1.115953406407678
42;1;425;1.1128241335888602
42;1;435;1.107259727512153
42;1;445;1.1051898080917748
42;1;455;1.1036394780043517
42;1;465;1.100203200876559
42;1;475;1.0972443152313573
42;1;485;1.0947220277643916
42;1;495;1.0901301120614866
42;1;505;1.0858684207080564
42;1;515;1.0753947421551548
42;1;525;1.031187087911855
42;1;535;0.9636894830404792
42;1;545;0.9203132078211758
42;1;555;0.9090345018127123
42;1;565;0.9764285130451071
42;1;575;1.0400016435805133
42;1;585;1.0661016843703304
42;1;595;1.0738461247080757
42;1;605;1.0842743846836678
42;1;615;1.0927556156795317
42;1;625;1.0967013432745762
42;1;635;1.0985069220996997
42;1;645;1.1019931617004874
42;1;655;1.1083744756539824
42;1;665;1.1165022271443243
42;1;675;1.1288729173445853
42;1;685;1.1442471117114386
42;1;694;1.14966798367745
42;1;701;0.803265579245989
42;1;706;0.24655760929021905
42;1;714;0.5033538747522792
42;1;724;0.4118108138037634
42;1;732;0.09124253635397549
42;1;741;0.7594840703875441
42;1;751;0.9839056908665507
42;1;761;1.0215068269511587
42;1;771;1.0285574563028093
42;1;781;1.0306852012229517
42;1;791;1.0346651183899087
42;1;801;1.0372164287580423
42;1;811;1.0398309377886976
42;1;821;1.039288595431053
42;1;831;1.036065663176171
42;1;841;1.0318354146480562
42;1;851;1.027926217515738
42;1;861;1.0246700384024736
42;1;871;1.0241222291785184
42;1;881;1.023668248932473
42;1;891;1.0238445184640628
42;1;901;1.025664736900518
42;1;911;1.026587420461529
42;1;921;1.0266090194057336
42;1;931;1.0263374760228723
42;1;941;1.023461903770641
42;1;951;1.0173810314703986
42;1;961;1.013720035074407
42;1;971;1.0103259313327773
42;1;981;1.0128319238920445
42;1;991;1.0158663022820436
42;1;1001;1.0219433540227352
42;1;1011;1.0194220917441128
42;1;1021;1.02669097381739
42;1;1031;1.0320671981110372
42;1;1041;1.03707854771705
42;1;1051;1.037431369595364
42;1;1061;1.0323677996256388
42;1;1071;1.0135244478365282
42;1;1081;0.9894811252866945
42;1;1091;0.9702288109464249
42;1;1101;0.9640608937650748
42;1;1111;0.9910791179270602
42;1;1121;1.0321963828384997
42;1;1131;1.0640985007130084
42;1;1141;1.0802759904780888
42;1;1151;1.0826707580631705
42;1;1161;1.0804663884867027
42;1;1171;1.0710203332418424
42;1;1181;1.0658195696119002
42;1;1191;1.0618481394766783
42;1;1201;1.0552419037716438
42;1;1211;1.0473138892462164
42;1;1221;1.0439758945077133
42;1;1231;1.040364256519084
42;1;1241;1.0395486602955832
42;1;1251;1.0444062683590813
42;1;1261;1.0457317386823592
42;1;1271;1.0504923680772233
42;1;1281;1.0546924774175273
42;1;1291;1.0599298123244874
42;1;1301;1.0713960315282485
42;1;1311;1.0825154388687708
42;1;1321;1.074281388921842
42;1;1331;1.088815687850006
42;1;1341;1.1127446612584033
42;1;1351;0.9943228252076376
42;1;1361;0.7706262778328985
42;1;1371;0.5199233298946084
42;1;1380;0.4102290605408035
42;1;1390;0.9073417061239699
42;1;1400;1.0398038576052777
42;1;1410;1.0755154837250336
42;1;1420;1.106801656330798
42;1;1430;1.1381861318622402
42;1;1440;1.1615971278143529
42;1;1450;1.1753464984983006
42;1;1460;1.181441608756492
42;1;1470;1.183938172038332
42;1;1480;1.1839921925527601
42;1;1490;1.177925075172741
42;1;1500;1.1709415714831122
42;1;1510;1.1578202963907112
42;1;1520;1.140589939844823
42;1;1530;1.1191948845088748
42;1;1540;1.0897703963600258
42;1;1550;1.0518614159295976
42;1;1560;1.0058210560523502
42;1;1570;0.9550441542850734
42;1;1580;0.8923300356727625
42;1;1590;0.8323084988931241
42;1;1600;0.7541054057545729
42;1;1610;0.6735190280134777
42;1;1620;0.6041359438634475
42;1;1630;0.53823513271371
42;1;1640;0.4967971323592185
42;1;1650;0.46092147385603344
42;1;1660;0.45698557046166227
42;1;1670;0.48354175673641564
42;1;1680;0.5250736841802854
42;1;1690;0.5737448881732962
42;1;1700;0.6146123979628987
42;1;1710;0.6350667133214157
42;1;1720;0.666888554387936
42;1;1730;0.7009462714829255
42;1;1740;0.7177220248976542
42;1;1750;0.744621830952174
42;1;1760;0.787448087723471
42;1;1770;0.8040655893465454
42;1;1780;0.8257804977726245
42;1;1790;0.814474614669275
42;1;1800;0.8086676999558535
42;1;1810;0.7981325130185661
42;1;1820;0.7885873991184095
42;1;1828;0.7708516715740505
42;1;1837;0.9941167055848975
42;1;1847;0.9783510286333513
42;1;1857;0.9735372194782889
42;1;1867;0.9951011127302285
42;1;1877;1.0179438993273904
42;1;1887;1.0139517111043452
42;1;1897;0.9014206508164526
42;1;1907;0.6432004769755637
42;1;1917;0.5647696124973941
42;1;1927;0.6751248652297901
42;1;1937;0.8554517375321359
42;1;1947;1.0094890863594217
42;1;1957;1.1098160469315437
42;1;1967;1.1600003091189457
42;1;1977;1.1840418899889211
42;1;1987;1.1947849568996876
42;1;1997;1.194763399464172
42;1;2007;1.1917121516755294
42;1;2017;1.1860218927660602
42;1;2027;1.176717251757033
42;1;2037;1.1648150258242347
42;1;2047;1.1495383923548528
42;1;2057;1.1370212494211374
42;1;2067;1.1226788314502434
42;1;2077;1.1089975958443774
42;1;2087;1.0943988903952677
42;1;2097;1.0803929653835433
42;1;2107;1.0662375121147973
42;1;2117;1.056187991916673
42;1;2127;1.04360883225014
42;1;2137;1.034871900065625
42;1;2147;1.024832115727527
42;1;2157;1.0169586488484235
42;1;2167;1.0101958601993748
42;1;2177;1.0082125409609275
42;1;2187;1.0080925684622992
42;1;2197;1.0108820168182104
42;1;2207;1.0145119370831734
42;1;2217;1.0158887385440336
42;1;2227;1.015188190745924
42;1;2237;1.0125113349138495
42;1;2247;1.008051019325312
42;1;2257;1.0005177758807922
42;1;2267;0.997658581105996
42;1;2277;1.0009600859296197
42;1;2287;1.0074029910435542
42;1;2297;1.0082652888265211
42;1;2307;1.014442532846182
42;1;2317;1.0262815840668267
42;1;2327;1.0412112461471394
42;1;2337;1.04795863723177
42;1;2347;1.0601359875127456
42;1;2357;1.0708012197429853
42;1;2367;1.0786892010060087
42;1;2377;1.0919686860499276
42;1;2387;1.1021036832166822
42;1;2397;1.1016936901367578
42;1;2407;1.1100229492103133
42;1;2417;1.1176127033776277
42;1;2427;1.1234346164686748
42;1;2437;1.1330678213214378
42;1;2446;1.12261167914099
42;2;405;1.1023622181430819
42;2;415;1.1120082037056234
42;2;425;1.1106007547563481
42;2;435;1.1012311883006858
42;2;445;1.0997995563227465
42;2;455;1.0995583740113597
42;2;465;1.0966524837560387
42;2;475;1.0951413854441119
42;2;485;1.0921377711142997
42;2;495;1.0870024933720492
42;2;505;1.082324247972336
42;2;515;1.0705826851451443
42;2;525;1.0279834709930018
42;2;535;0.9723270691970873
42;2;545;0.937795535042418
42;2;555;0.9265732285240872
42;2;565;0.9729906927230968
42;2;575;1.0252497719160847
42;2;585;1.050692826941133
42;2;595;1.0598553536306705
42;2;605;1.0712047816061876
42;2;615;1.0830259973425365
42;2;625;1.089089617187646
42;2;635;1.091594637015368
42;2;645;1.0981333495291754
42;2;655;1.1071839012541458
42;2;665;1.1177832702417732
42;2;675;1.1318259674392612
42;2;685;1.1478570839578734
42;2;694;1.139892511296742
42;2;701;0.8445618921529887
42;2;706;0.31725381091391647
42;2;714;0.4063760615421044
42;2;724;0.30648196258031857
42;2;732;0.32721222196509364
42;2;741;0.8830812626757057
42;2;751;1.0156712719019538
42;2;761;1.029016788601126
42;2;771;1.028551679386005
42;2;781;1.0280194209873117
42;2;791;1.0306730719043407
42;2;801;1.0323076514620486
42;2;811;1.034491244697063
42;2;821;1.03340055710593
42;2;831;1.0297547343392022
42;2;841;1.0247765467510472
42;2;851;1.0205821366367116
42;2;861;1.016756894148218
42;2;871;1.015818501855518
42;2;881;1.0151786251703645
42;2;891;1.0149464899026108
42;2;901;1.0162500758751634
42;2;911;1.0169396467198175
42;2;921;1.0169299465872277
42;2;931;1.0159778213131416
42;2;941;1.0136676122708361
42;2;951;1.008370825324351
42;2;961;1.004826971694297
42;2;971;1.0029632370843684
42;2;981;1.0041515631083173
42;2;991;1.0066831600690995
42;2;1001;1.0101939385433245
42;2;1011;1.0078006808678202
42;2;1021;1.0143293263257114
42;2;1031;1.0189904458768202
42;2;1041;1.0240240513370318
42;2;1051;1.025766539998585
42;2;1061;1.018907796257613
42;2;1071;1.0046862513230488
42;2;1081;0.9838823162431205
42;2;1091;0.9673789196512961
42;2;1101;0.9606045002918339
42;2;1111;0.9824128017794288
42;2;1121;1.017881126283191
42;2;1131;1.0474672650153474
42;2;1141;1.064959001048499
42;2;1151;1.071348872916938
42;2;1161;1.0729141707295526
42;2;1171;1.0671225000777287
42;2;1181;1.0639164815553754
42;2;1191;1.0624288329348643
42;2;1201;1.05579570147471
42;2;1211;1.0480799326812316
42;2;1221;1.0446371626993063
42;2;1231;1.04038343211161
42;2;1241;1.0394876673554507
42;2;1251;1.043652314618956
42;2;1261;1.0442884937135604
42;2;1271;1.0489594310814856
42;2;1281;1.0516401317468673
42;2;1291;1.0549779712951404
42;2;1301;1.0613288315629263
42;2;1311;1.0640121681938624
42;2;1321;1.0486098095931269
42;2;1331;1.0550930120871582
42;2;1341;1.081574875565272
42;2;1351;0.9733863557236875
42;2;1361;0.740706365661216
42;2;1371;0.4612547462902143
42;2;1380;0.4387125533789521
42;2;1390;0.9450991878680454
42;2;1400;1.0643738328037053
42;2;1410;1.0937193205930786
42;2;1420;1.1184313591291515
42;2;1430;1.145132354559065
42;2;1440;1.1657406928451943
42;2;1450;1.1784168587800714
42;2;1460;1.1840857434740943
42;2;1470;1.1847998090137657
42;2;1480;1.1843292519431503
42;2;1490;1.1770568192153843
42;2;1500;1.1681318786508352
42;2;1510;1.152893207988308
42;2;1520;1.133305849161622
42;2;1530;1.108900957558311
42;2;1540;1.0770441299912363
42;2;1550;1.0359676335715935
42;2;1560;0.9888994742042623
42;2;1570;0.9394534283505245
42;2;1580;0.8800208676812459
42;2;1590;0.8242196694315341
42;2;1600;0.7565259486611133
42;2;1610;0.6863585127063053
42;2;1620;0.6269774227577696
42;2;1630;0.5727924499010119
42;2;1640;0.5344537994697749
42;2;1650;0.5037288828705052
42;2;1660;0.49946692048447106
42;2;1670;0.5250967635263215
42;2;1680;0.5640613871971814
42;2;1690;0.6159706012440838
42;2;1700;0.6487588616814984
42;2;1710;0.6684146894056773
42;2;1720;0.698734892422836
42;2;1730;0.7324392112128846
42;2;1740;0.7490898782428674
42;2;1750;0.7728580515252254
42;2;1760;0.8109683626409685
42;2;1770;0.8259482778811157
42;2;1780;0.846835118181234
42;2;1790;0.8375429408735996
42;2;1800;0.830033486242197
42;2;1810;0.8207983910258062
42;2;1820;0.8147708878668127
42;2;1828;0.798778722777378
42;2;1837;0.9867333453781247
42;2;1847;0.9791018581586813
42;2;1857;0.9836349568217225
42;2;1867;1.011561295992969
42;2;1877;1.0394472308810607
42;2;1887;1.04246367026231
42;2;1897;0.9623428138714898
42;2;1907;0.7529397280346481
42;2;1917;0.6773020489250793
42;2;1927;0.7697155178850315
42;2;1937;0.9130269686428113
42;2;1947;1.0330539257068143
42;2;1957;1.1091163755183115
42;2;1967;1.1483022765105049
42;2;1977;1.1698134637472557
42;2;1987;1.1805095024883214
42;2;1997;1.1823317844452956
42;2;2007;1.1810204838536917
42;2;2017;1.176589384938819
42;2;2027;1.1671392446283286
42;2;2037;1.1559342301192805
42;2;2047;1.1415341795569227
42;2;2057;1.1284945760124587
42;2;2067;1.1130466031259059
42;2;2077;1.0991782884897645
42;2;2087;1.0835181527605644
42;2;2097;1.0696987205025996
42;2;2107;1.0564351174641955
42;2;2117;1.045965413780316
42;2;2127;1.035230724520869
42;2;2137;1.0284755161213364
42;2;2147;1.0188846284087525
42;2;2157;1.0128016461637304
42;2;2167;1.0077533347478471
42;2;2177;1.0057244623884023
42;2;2187;1.0065535807035275
42;2;2197;1.009143449133319
42;2;2207;1.0133530678122744
42;2;2217;1.0143067351183512
42;2;2227;1.014371573645507
42;2;2237;1.0123929111868348
42;2;2247;1.00741012932881
42;2;2257;0.999465886603064
42;2;2267;0.9949032791754854
42;2;2277;0.996438868015317
42;2;2287;1.000599083509103
42;2;2297;1.003297258935149
42;2;2307;1.0102820739036797
42;2;2317;1.0213151590487037
42;2;2327;1.0351682948516592
42;2;2337;1.0412176082584614
42;2;2347;1.053602933628813
42;2;2357;1.0658760570456394
42;2;2367;1.0734237432951963
42;2;2377;1.0863205381014958
42;2;2387;1.0963040615984248
42;2;2397;1.0970551135339721
42;2;2407;1.1073619845663927
42;2;2417;1.1081421498719752
42;2;2427;1.1107051721786154
42;2;2437;1.120693461130441
42;2;2446;1.1116041482748864
42;3;405;1.101317027186403
42;3;415;1.1082289719171499
42;3;425;1.110240325143316
42;3;435;1.1046035519868782
42;3;445;1.1039185431135001
42;3;455;1.1040829353396648
42;3;465;1.1003434832663597
42;3;475;1.09915003137804
42;3;485;1.0981646971924053
42;3;495;1.0945389177115312
42;3;505;1.0908167773464486
42;3;515;1.0765694310326497
42;3;525;1.0205501121824514
42;3;535;0.9424923993543246
42;3;545;0.8969552877737692
42;3;555;0.8828900203560508
42;3;565;0.9444311706565703
42;3;575;1.0133731688002
42;3;585;1.0466064936499189
42;3;595;1.0590340010539638
42;3;605;1.0725036918018764
42;3;615;1.0882009501267167
42;3;625;1.0964871359393116
42;3;635;1.0997935378174843
42;3;645;1.1085571659810616
42;3;655;1.1191886135652418
42;3;665;1.1314540074175288
42;3;675;1.1464378977653256
42;3;685;1.1643470589600389
42;3;694;1.1493135758915713
42;3;701;0.7792575916220624
42;3;706;0.20046647387941935
42;3;714;0.4187717510095778
42;3;724;0.3153668111610877
42;3;732;0.26491620484341505
42;3;741;0.8547930803478845
42;3;751;1.0209491578775423
42;3;761;1.0389975095886625
42;3;771;1.0378598989759587
42;3;781;1.035912667640372
42;3;791;1.0381743084982575
42;3;801;1.0395800281131764
42;3;811;1.0409066393940312
42;3;821;1.0394885780896075
42;3;831;1.0352870310152313
42;3;841;1.0296944283936313
42;3;851;1.024814949428672
42;3;861;1.0201566972768257
42;3;871;1.019575179864605
42;3;881;1.018608419632152
42;3;891;1.0185806376786488
42;3;901;1.020299410043965
42;3;911;1.021516638449372
42;3;921;1.0215273322217584
42;3;931;1.0206968834825292
42;3;941;1.017308750259661
42;3;951;1.0105413494144597
42;3;961;1.006572248370819
42;3;971;1.004087658902407
42;3;981;1.005543809591867
42;3;991;1.010713332671183
42;3;1001;1.0176841032691615
42;3;1011;1.0182748952961043
42;3;1021;1.0250489547575177
42;3;1031;1.031032363135169
42;3;1041;1.0334872949456013
42;3;1051;1.0333650117349162
42;3;1061;1.0272208847725917
42;3;1071;1.0095885845790453
42;3;1081;0.9860098932168877
42;3;1091;0.9663546961831009
42;3;1101;0.9599534116298775
42;3;1111;0.9854471440902773
42;3;1121;1.0240408485545576
42;3;1131;1.0558473564412398
42;3;1141;1.0707651998035554
42;3;1151;1.072618529004865
42;3;1161;1.0731290421424047
42;3;1171;1.068412061403214
42;3;1181;1.0651659857088245
42;3;1191;1.064608413883334
42;3;1201;1.0601570508336517
42;3;1211;1.0529364897733744
42;3;1221;1.04896352641487
42;3;1231;1.0462986960278804
42;3;1241;1.044437181061852
42;3;1251;1.048740973967067
42;3;1261;1.0500850011073297
42;3;1271;1.0546670414620407
42;3;1281;1.057815797659269
42;3;1291;1.059374248657128
42;3;1301;1.0651510065786682
42;3;1311;1.0663948941210617
42;3;1321;1.0500740476081092
42;3;1331;1.0555132308924844
42;3;1341;1.0672839068234954
42;3;1351;0.9363046881829217
42;3;1361;0.7048689768296645
42;3;1371;0.39006399385143314
42;3;1380;0.40131894094833903
42;3;1390;0.9919741561413418
42;3;1400;1.110793023830562
42;3;1410;1.1332655945975383
42;3;1420;1.1482441462206545
42;3;1430;1.165124477742367
42;3;1440;1.1779953680405952
42;3;1450;1.1859103410208638
42;3;1460;1.1889044478615003
42;3;1470;1.1877840578168257
42;3;1480;1.185412879405258
42;3;1490;1.1774220615367021
42;3;1500;1.1677962029508213
42;3;1510;1.1530100053237025
42;3;1520;1.1340997081975284
42;3;1530;1.1096099432010011
42;3;1540;1.0772038645667086
42;3;1550;1.036293091097809
42;3;1560;0.9873297613313855
42;3;1570;0.9346063444082081
42;3;1580;0.8727078017544201
42;3;1590;0.8140593346078768
42;3;1600;0.7414503198126992
42;3;1610;0.6688619363279531
42;3;1620;0.609465037143885
42;3;1630;0.5552916792922845
42;3;1640;0.5207497593769994
42;3;1650;0.49307144114721374
42;3;1660;0.49433156296920416
42;3;1670;0.5203369021761254
42;3;1680;0.558173498055152
42;3;1690;0.6089220698317943
42;3;1700;0.6410077901785082
42;3;1710;0.6512536488286905
42;3;1720;0.6760195407818828
42;3;1730;0.7010734144341458
42;3;1740;0.7220032687724516
42;3;1750;0.7439167877271788
42;3;1760;0.7823470318593483
42;3;1770;0.8027093192185402
42;3;1780;0.8254825014882617
42;3;1790;0.8159595075313969
42;3;1800;0.8073378366553405
42;3;1810;0.7943582875502351
42;3;1820;0.7896420080221667
42;3;1828;0.7751897827561363
42;3;1837;0.979517487725575
42;3;1847;0.986173989288841
42;3;1857;1.01086491518018
42;3;1867;1.0536260237365793
42;3;1877;1.0893312923171354
42;3;1887;1.0931277038750271
42;3;1897;1.0015230690751917
42;3;1907;0.7507822884907923
42;3;1917;0.6308043196892854
42;3;1927;0.7130848214408023
42;3;1937;0.8712865165852324
42;3;1947;1.0051095279692224
42;3;1957;1.0923133266592637
42;3;1967;1.1389764609799164
42;3;1977;1.1641522840441174
42;3;1987;1.1780420566195866
42;3;1997;1.1815078232519014
42;3;2007;1.1814714540175906
42;3;2017;1.1776618909235588
42;3;2027;1.1694877722934343
42;3;2037;1.1581013212466644
42;3;2047;1.143328277161161
42;3;2057;1.129737485560648
42;3;2067;1.113903519342224
42;3;2077;1.099374143522487
42;3;2087;1.0838937402560784
42;3;2097;1.0693280239124763
42;3;2107;1.0556282453420103
42;3;2117;1.0453039170002338
42;3;2127;1.0341909668551812
42;3;2137;1.0280850482705655
42;3;2147;1.0195933863637932
42;3;2157;1.0133723524007445
42;3;2167;1.008746499940129
42;3;2177;1.0074681262208185
42;3;2187;1.0092700023540715
42;3;2197;1.0131521894919215
42;3;2207;1.0182689929494628
42;3;2217;1.0198125165339615
42;3;2227;1.0207797609476985
42;3;2237;1.0181045879535862
42;3;2247;1.01211616398461
42;3;2257;1.0022273742769816
42;3;2267;0.9963353519128019
42;3;2277;0.9953882792607326
42;3;2287;0.9997378519922598
42;3;2297;1.0030557184632816
42;3;2307;1.0101815293165126
42;3;2317;1.020783486135984
42;3;2327;1.0343324644711642
42;3;2337;1.0433909264877632
42;3;2347;1.0549972684090996
42;3;2357;1.0667885324023805
42;3;2367;1.0747495167793653
42;3;2377;1.0878268197969279
42;3;2387;1.097874116884763
42;3;2397;1.0986897000222342
42;3;2407;1.104982170415099
42;3;2417;1.1062574820214781
42;3;2427;1.1027708859060656
42;3;2437;1.1113226878287423
42;3;2446;1.1015086649045418
42;4;405;1.1103762676905775
42;4;415;1.114758400060213
42;4;425;1.1155650813916864
42;4;435;1.107851515038414
42;4;445;1.105839953771523
42;4;455;1.1058197803937506
42;4;465;1.103470296766825
42;4;475;1.1014419828466986
42;4;485;1.0986760309631416
42;4;495;1.0944065569542254
42;4;505;1.0896910054011113
42;4;515;1.0744023756428758
42;4;525;1.0185995291455399
42;4;535;0.946063447159085
42;4;545;0.8995816911081943
42;4;555;0.8871826600924511
42;4;565;0.9522459280722718
42;4;575;1.022988370807689
42;4;585;1.055093199232577
42;4;595;1.0668818352404759
42;4;605;1.0799837539488886
42;4;615;1.0927120200222347
42;4;625;1.099072397522125
42;4;635;1.1014816144854507
42;4;645;1.10722888793468
42;4;655;1.1148682258780083
42;4;665;1.123664569589882
42;4;675;1.135909685654468
42;4;685;1.151725081840532
42;4;694;1.1509511450721148
42;4;701;0.7705440604502339
42;4;706;0.28507847935762226
42;4;714;0.5002324462413077
42;4;724;0.3993548729073452
42;4;732;0.20477917316187053
42;4;741;0.8474746086479582
42;4;751;1.0095066981909433
42;4;761;1.0260124251174203
42;4;771;1.0259838351294366
42;4;781;1.0256703291975584
42;4;791;1.0286117596703928
42;4;801;1.0301269241554813
42;4;811;1.0327144747412695
42;4;821;1.030642938835783
42;4;831;1.026036052775768
42;4;841;1.020635845428153
42;4;851;1.0154628052979664
42;4;861;1.0109647350403288
42;4;871;1.009730537991269
42;4;881;1.0083676028481874
42;4;891;1.0082813297420832
42;4;901;1.0090044927154342
42;4;911;1.0095232815281039
42;4;921;1.0091673393839207
42;4;931;1.008128384641391
42;4;941;1.0055236517750346
42;4;951;0.999161634627619
42;4;961;0.9949910550934169
42;4;971;0.992489784649581
42;4;981;0.9935548946012503
42;4;991;0.9956826610016892
42;4;1001;1.0000142472697824
42;4;1011;0.997816973069523
42;4;1021;1.0032028578193253
42;4;1031;1.0094339489729376
42;4;1041;1.0147084901146748
42;4;1051;1.0162028482298062
42;4;1061;1.0091177369362865
42;4;1071;0.9941675890243951
42;4;1081;0.9704373458901976
42;4;1091;0.9523655789790041
42;4;1101;0.9459835036791907
42;4;1111;0.9674563158943295
42;4;1121;1.0055001600771052
42;4;1131;1.0413551725317483
42;4;1141;1.0626371197247861
42;4;1151;1.0705147340490608
42;4;1161;1.0739421805566376
42;4;1171;1.065736553632045
42;4;1181;1.0605664783825413
42;4;1191;1.0597281154895406
42;4;1201;1.0517800546685774
42;4;1211;1.0439960872157952
42;4;1221;1.0394687363561954
42;4;1231;1.0363946402968875
42;4;1241;1.0331805658568671
42;4;1251;1.0385276991498746
42;4;1261;1.039977464922201
42;4;1271;1.0454882051812575
42;4;1281;1.0502418247147314
42;4;1291;1.054986602766322
42;4;1301;1.0627616178766641
42;4;1311;1.0641786527004427
42;4;1321;1.0437984723011051
42;4;1331;1.0494985540004702
42;4;1341;1.0812626151871552
42;4;1351;0.9680965017057387
42;4;1361;0.7496079752240901
42;4;1371;0.5209540523747516
42;4;1380;0.4600489074741418
42;4;1390;0.8952735277001028
42;4;1400;1.0387510964983273
42;4;1410;1.0788695050486539
42;4;1420;1.1106044168819131
42;4;1430;1.1429298432152093
42;4;1440;1.1671450904182583
42;4;1450;1.1822273221087825
42;4;1460;1.1888314683143792
42;4;1470;1.1906225862576372
42;4;1480;1.19009576437309
42;4;1490;1.182538677681903
42;4;1500;1.1736773905381606
42;4;1510;1.1583096344043324
42;4;1520;1.1376841332007002
42;4;1530;1.1125583358722768
42;4;1540;1.0794816260637068
42;4;1550;1.0384331847616848
42;4;1560;0.9902121334971731
42;4;1570;0.93985052355417
42;4;1580;0.8804979010677904
42;4;1590;0.8234461992382262
42;4;1600;0.7567653309189525
42;4;1610;0.6867876301904684
42;4;1620;0.6278743170837974
42;4;1630;0.5765563237599336
42;4;1640;0.5418043565666422
42;4;1650;0.5137900277060105
42;4;1660;0.508020349944694
42;4;1670;0.532976221898819
42;4;1680;0.5688958094317025
42;4;1690;0.6161401671653833
42;4;1700;0.652436252190836
42;4;1710;0.6648426316178162
42;4;1720;0.6923818752605115
42;4;1730;0.7235943648170812
42;4;1740;0.7428716811701964
42;4;1750;0.7614386125519006
42;4;1760;0.7981378858985408
42;4;1770;0.8113593857465071
42;4;1780;0.8298789086664704
42;4;1790;0.8169264730949705
42;4;1800;0.8078689794208587
42;4;1810;0.7999910234265228
42;4;1820;0.7967248164060555
42;4;1828;0.7794108490712919
42;4;1837;0.9777122401408684
42;4;1847;0.9731477557755535
42;4;1857;0.9796781438464685
42;4;1867;1.0084457470290356
42;4;1877;1.0392094042847175
42;4;1887;1.043494242456824
42;4;1897;0.9550609547970095
42;4;1907;0.7342429885299104
42;4;1917;0.6663714793709397
42;4;1927;0.7700661988066558
42;4;1937;0.9291383340532899
42;4;1947;1.053769620969004
42;4;1957;1.133498690743542
42;4;1967;1.1739012379091136
42;4;1977;1.1949031869974507
42;4;1987;1.2037658550678711
42;4;1997;1.2051620127466889
42;4;2007;1.2023016595041085
42;4;2017;1.1967179785384219
42;4;2027;1.1869242978442112
42;4;2037;1.1743208364338178
42;4;2047;1.1582553038394547
42;4;2057;1.1426516423344217
42;4;2067;1.126141108093868
42;4;2077;1.1102285622932193
42;4;2087;1.0926370742148643
42;4;2097;1.0773825052078323
42;4;2107;1.0632509970744364
42;4;2117;1.0514945054967675
42;4;2127;1.0403357870868073
42;4;2137;1.0336133183473097
42;4;2147;1.0238726927307855
42;4;2157;1.0174366338019827
42;4;2167;1.0121609302178298
42;4;2177;1.0099799537670753
42;4;2187;1.0109012048392805
42;4;2197;1.0147339334917198
42;4;2207;1.0192122922743905
42;4;2217;1.0190373692845613
42;4;2227;1.0192273056108108
42;4;2237;1.0172654029980486
42;4;2247;1.0120721271897068
42;4;2257;1.0032001745762957
42;4;2267;0.9972820366492229
42;4;2277;0.9985071567527162
42;4;2287;1.0035881440554455
42;4;2297;1.0060592591076258
42;4;2307;1.0136052869368268
42;4;2317;1.026340528025996
42;4;2327;1.0390610757864567
42;4;2337;1.0469799674179778
42;4;2347;1.0598340955444252
42;4;2357;1.0720454245231938
42;4;2367;1.0794907604094832
42;4;2377;1.0929157828237284
42;4;2387;1.1032262117764915
42;4;2397;1.10537004894096
42;4;2407;1.1133861618646703
42;4;2417;1.1149705878050244
42;4;2427;1.1177443924311845
42;4;2437;1.125886788277654
42;4;2446;1.1161622877421524
43;1;405;1.1181976629654078
43;1;415;1.126415919189294
43;1;425;1.126534165356842
43;1;435;1.1176919982135047
43;1;445;1.1158453700518307
43;1;455;1.1160268279218604
43;1;465;1.1130639618359848
43;1;475;1.1113035826678659
43;1;485;1.108750594367149
43;1;495;1.1040041704832722
43;1;505;1.1003362270344355
43;1;515;1.0904338714952484
43;1;525;1.0445289016260841
43;1;535;0.9709244030530608
43;1;545;0.9198102732641398
43;1;555;0.9052122562275903
43;1;565;0.9777157184971675
43;1;575;1.0488217857688444
43;1;585;1.078056003534034
43;1;595;1.0874520030654518
43;1;605;1.0993674457602955
43;1;615;1.1094407199609413
43;1;625;1.1144028025078814
43;1;635;1.1161449232129366
43;1;645;1.119650288289075
43;1;655;1.1267787122513928
43;1;665;1.1355504466414554
43;1;675;1.1487428401615378
43;1;685;1.1661104221158145
43;1;694;1.1816684858358004
43;1;701;0.8905942305225089
43;1;706;0.38408873316457426
43;1;714;0.5020461585875782
43;1;724;0.40564450043126743
43;1;732;0.22208313524674753
43;1;741;0.7797427567355686
43;1;751;0.9832737551416668
43;1;761;1.013807571124641
43;1;771;1.0187215448274174
43;1;781;1.0201655633860927
43;1;791;1.0249402032774506
43;1;801;1.0274254361389814
43;1;811;1.0305913419739878
43;1;821;1.0292207657683214
43;1;831;1.0247720150320478
43;1;841;1.0187897355774866
43;1;851;1.0131829881037218
43;1;861;1.008244553279858
43;1;871;1.0072525278806872
43;1;881;1.0068729351776768
43;1;891;1.0063645456679708
43;1;901;1.0086135296916658
43;1;911;1.0095825915721754
43;1;921;1.0097004288599696
43;1;931;1.0087848848811347
43;1;941;1.0044864279615984
43;1;951;0.9956671525799485
43;1;961;0.9897635843562285
43;1;971;0.9858983893570691
43;1;981;0.9881017133384195
43;1;991;0.9918854584344118
43;1;1001;0.9981768104981116
43;1;1011;0.9963593274423306
43;1;1021;1.0050689085026778
43;1;1031;1.0119550895286968
43;1;1041;1.0184030553458199
43;1;1051;1.0199412321176589
43;1;1061;1.010045631522324
43;1;1071;0.986306061804209
43;1;1081;0.9519547256303006
43;1;1091;0.9244038428054815
43;1;1101;0.914682844621511
43;1;1111;0.9487290248386264
43;1;1121;1.0032865386250542
43;1;1131;1.0484152893524443
43;1;1141;1.0715083743260516
43;1;1151;1.077179490680152
43;1;1161;1.0758513353681969
43;1;1171;1.065968540855938
43;1;1181;1.0602611703994125
43;1;1191;1.0580736795272212
43;1;1201;1.050372458252784
43;1;1211;1.0412091480564216
43;1;1221;1.036390140359296
43;1;1231;1.0318582129030753
43;1;1241;1.029661653038856
43;1;1251;1.0358714488170684
43;1;1261;1.0376737376071297
43;1;1271;1.0436176841355727
43;1;1281;1.0484758917675605
43;1;1291;1.0538456589996723
43;1;1301;1.0661275604896547
43;1;1311;1.0714583679363174
43;1;1321;1.0482822612374172
43;1;1331;1.0556239044818763
43;1;1341;1.0853945024061185
43;1;1351;0.9614157800976567
43;1;1361;0.7655513619486168
43;1;1371;0.5389303245581851
43;1;1380;0.33330200795804027
43;1;1390;0.8765154751919636
43;1;1400;1.0455704739809313
43;1;1410;1.0895750515701674
43;1;1420;1.1253555682080942
43;1;1430;1.1594013035364055
43;1;1440;1.1846820960138114
43;1;1450;1.1993991565904145
43;1;1460;1.2055650244045863
43;1;1470;1.2062935462841509
43;1;1480;1.2046940945071596
43;1;1490;1.1956846514218742
43;1;1500;1.1853734566174357
43;1;1510;1.1669891101217391
43;1;1520;1.1429083555331017
43;1;1530;1.1127517267584413
43;1;1540;1.0723367052279904
43;1;1550;1.019640296085598
43;1;1560;0.9568446360763012
43;1;1570;0.8902129869069667
43;1;1580;0.8096304754826767
43;1;1590;0.7360369800190012
43;1;1600;0.6463683236315891
43;1;1610;0.5630073875478883
43;1;1620;0.5001144062184973
43;1;1630;0.4518054558991567
43;1;1640;0.4335990171004438
43;1;1650;0.42252108499950064
43;1;1660;0.4341987573348897
43;1;1670;0.4735798310455372
43;1;1680;0.5165620843015186
43;1;1690;0.5633912542953713
43;1;1700;0.5979431640878666
43;1;1710;0.6079109355005193
43;1;1720;0.6342687264533917
43;1;1730;0.6607907955660721
43;1;1740;0.6666407837090582
43;1;1750;0.6737888741183645
43;1;1760;0.7124422087039524
43;1;1770;0.7246818555243112
43;1;1780;0.7463166131298137
43;1;1790;0.7290586312598633
43;1;1800;0.7204635398701548
43;1;1810;0.7093962476038559
43;1;1820;0.7029347927624985
43;1;1828;0.68030007789652
43;1;1837;0.9689556304108636
43;1;1847;0.9631272779058379
43;1;1857;0.9754095865246671
43;1;1867;1.0162507980145974
43;1;1877;1.0540612876822855
43;1;1887;1.0711240455315678
43;1;1897;1.0069519248086476
43;1;1907;0.7982603083007301
43;1;1917;0.7234833919112947
43;1;1927;0.823492701684306
43;1;1937;0.9838756570425108
43;1;1947;1.1157747871183628
43;1;1957;1.1976296634143564
43;1;1967;1.2324541358845715
43;1;1977;1.2481812355897182
43;1;1987;1.2518465844682434
43;1;1997;1.247469177231985
43;1;2007;1.2400957198647822
43;1;2017;1.230563625193757
43;1;2027;1.2175405320038466
43;1;2037;1.200803070381085
43;1;2047;1.1810944003253012
43;1;2057;1.1627945622990175
43;1;2067;1.1423371444964503
43;1;2077;1.123662303750122
43;1;2087;1.1029784992958287
43;1;2097;1.0852097803567606
43;1;2107;1.0678562094640238
43;1;2117;1.0549398389913582
43;1;2127;1.0415814626205935
43;1;2137;1.0329091753033235
43;1;2147;1.0217729615720723
43;1;2157;1.0145924940973114
43;1;2167;1.0088436598930335
43;1;2177;1.0068838490139822
43;1;2187;1.0079444936020219
43;1;2197;1.0120484997032058
43;1;2207;1.017686271489758
43;1;2217;1.018612879837544
43;1;2227;1.0190732464317007
43;1;2237;1.0162543911301916
43;1;2247;1.0099477749698116
43;1;2257;0.9988001443250251
43;1;2267;0.9923256090166038
43;1;2277;0.9928705789777305
43;1;2287;0.9985123372174904
43;1;2297;1.0008918994759275
43;1;2307;1.0097076273118106
43;1;2317;1.0230925478200044
43;1;2327;1.0393636578373258
43;1;2337;1.0481108841931046
43;1;2347;1.0623860626623551
43;1;2357;1.0777087446077382
43;1;2367;1.086627428737879
43;1;2377;1.1024995412243308
43;1;2387;1.1144620427427505
43;1;2397;1.1151740529745688
43;1;2407;1.1255116916373673
43;1;2417;1.1286519901112195
43;1;2427;1.1295625314125484
43;1;2437;1.1390933870217521
43;1;2446;1.1283105930484032
43;2;405;1.1018239600891142
43;2;415;1.102662948835862
43;2;425;1.1038688265879621
43;2;435;1.1014351484615414
43;2;445;1.0997506082137047
43;2;455;1.0995717996240206
43;2;465;1.097509040489931
43;2;475;1.0959013256877446
43;2;485;1.0947914331954494
43;2;495;1.0916746507029715
43;2;505;1.0885360331077503
43;2;515;1.0768051458762358
43;2;525;1.0244498439197958
43;2;535;0.9502548063035998
43;2;545;0.9034651456201406
43;2;555;0.8892567743392329
43;2;565;0.9512345518333536
43;2;575;1.019934209865012
43;2;585;1.0517725415151653
43;2;595;1.0632513994808994
43;2;605;1.0753623872116442
43;2;615;1.0887491630998511
43;2;625;1.095178417268743
43;2;635;1.0975783558830312
43;2;645;1.1039048007171863
43;2;655;1.1117129339505458
43;2;665;1.1208603974860252
43;2;675;1.1327398299967546
43;2;685;1.147254734728786
43;2;694;1.1388182452024749
43;2;701;0.7663527823425685
43;2;706;0.2426082463499158
43;2;714;0.4546160438649063
43;2;724;0.3536699607553582
43;2;732;0.2516484893673378
43;2;741;0.8608023829820749
43;2;751;1.0121394513945732
43;2;761;1.027914926295004
43;2;771;1.0274837603734894
43;2;781;1.0263033560890253
43;2;791;1.0286153667920166
43;2;801;1.0299429176645938
43;2;811;1.0316328300168427
43;2;821;1.0302150799500063
43;2;831;1.0262258738465917
43;2;841;1.0209872806018858
43;2;851;1.016373976383834
43;2;861;1.0120126076077032
43;2;871;1.011084892315191
43;2;881;1.0099270997901604
43;2;891;1.0097403252619268
43;2;901;1.0109504850478024
43;2;911;1.0117976522645649
43;2;921;1.0116159954886006
43;2;931;1.0107200879980107
43;2;941;1.0074755867568392
43;2;951;1.0011401613592343
43;2;961;0.9970445539980848
43;2;971;0.9947512921818187
43;2;981;0.9961659015856943
43;2;991;0.9997575507147851
43;2;1001;1.004972428596042
43;2;1011;1.0041618229618412
43;2;1021;1.010218341221709
43;2;1031;1.0171800719362192
43;2;1041;1.021250716307354
43;2;1051;1.0217800670988804
43;2;1061;1.015402608805698
43;2;1071;0.9989495414571052
43;2;1081;0.9757707684969449
43;2;1091;0.9572862030243584
43;2;1101;0.9522812362535519
43;2;1111;0.9747300440937221
43;2;1121;1.0126425581474814
43;2;1131;1.0467257684614555
43;2;1141;1.0661829194399852
43;2;1151;1.0728841248821075
43;2;1161;1.0768729025682902
43;2;1171;1.073769402521285
43;2;1181;1.0713130938807724
43;2;1191;1.0703976136489175
43;2;1201;1.06538354418598
43;2;1211;1.060038336893812
43;2;1221;1.0572921660780654
43;2;1231;1.054353096951836
43;2;1241;1.0524431696928656
43;2;1251;1.057290532550942
43;2;1261;1.0579002338485388
43;2;1271;1.062164092143637
43;2;1281;1.0656433617181098
43;2;1291;1.0682967727654489
43;2;1301;1.071239150891206
43;2;1311;1.0689096203958453
43;2;1321;1.0493783231078584
43;2;1331;1.0575112453003024
43;2;1341;1.08365803687145
43;2;1351;0.973221530533286
43;2;1361;0.74080222120947
43;2;1371;0.46149131120619613
43;2;1380;0.42826470260795574
43;2;1390;0.9528050108867415
43;2;1400;1.0840386963835735
43;2;1410;1.113772926954566
43;2;1420;1.1329513657149628
43;2;1430;1.1523152625920439
43;2;1440;1.1665206234658179
43;2;1450;1.1748563174997626
43;2;1460;1.1775849191570744
43;2;1470;1.1766294588957422
43;2;1480;1.173701195663608
43;2;1490;1.1652306738184626
43;2;1500;1.155420285915652
43;2;1510;1.1404604976835333
43;2;1520;1.121054171086796
43;2;1530;1.0970762230683282
43;2;1540;1.0666406332259404
43;2;1550;1.027961235061149
43;2;1560;0.982825061733041
43;2;1570;0.9343722238054644
43;2;1580;0.8774326306908338
43;2;1590;0.8239644967847894
43;2;1600;0.759584836182664
43;2;1610;0.6938437753063437
43;2;1620;0.6414337188694403
43;2;1630;0.5942094067324623
43;2;1640;0.5630104046110966
43;2;1650;0.5358276390979815
43;2;1660;0.534473006332591
43;2;1670;0.5575173600696498
43;2;1680;0.5900925097316285
43;2;1690;0.6305209265099887
43;2;1700;0.6611363362650141
43;2;1710;0.6713564803424642
43;2;1720;0.6957016276937318
43;2;1730;0.7181895496874141
43;2;1740;0.7374474046424286
43;2;1750;0.7588032348668933
43;2;1760;0.794839827642564
43;2;1770;0.8112010884877877
43;2;1780;0.8297818714005422
43;2;1790;0.8207940592464587
43;2;1800;0.8123166693376669
43;2;1810;0.8022600074834365
43;2;1820;0.7950199119431651
43;2;1828;0.7803967891600444
43;2;1837;0.9726067881089199
43;2;1847;0.9810023356022511
43;2;1857;1.0041469505181853
43;2;1867;1.0415968187682458
43;2;1877;1.074785033600023
43;2;1887;1.0776185345253682
43;2;1897;0.9873259236856015
43;2;1907;0.7570079323260629
43;2;1917;0.6619878930888298
43;2;1927;0.7473724684751464
43;2;1937;0.8976687446911716
43;2;1947;1.0191517077589523
43;2;1957;1.0981392391743128
43;2;1967;1.1401445647634634
43;2;1977;1.1621634249941712
43;2;1987;1.1741875483013549
43;2;1997;1.1772273920669072
43;2;2007;1.1766464747894765
43;2;2017;1.173554723264261
43;2;2027;1.166533135798754
43;2;2037;1.1567781450266976
43;2;2047;1.1432325148002416
43;2;2057;1.1306187101074812
43;2;2067;1.117502317427207
43;2;2077;1.1040378907134585
43;2;2087;1.0895390834588736
43;2;2097;1.075892289020178
43;2;2107;1.0631043151123925
43;2;2117;1.053021812797316
43;2;2127;1.0417908057606768
43;2;2137;1.0350562164700225
43;2;2147;1.0253692712341254
43;2;2157;1.0185506793827908
43;2;2167;1.013662032622555
43;2;2177;1.0111370697205415
43;2;2187;1.0122117359647604
43;2;2197;1.0155326068420714
43;2;2207;1.019676310692978
43;2;2217;1.0206220994881443
43;2;2227;1.02077379502458
43;2;2237;1.0190207694435147
43;2;2247;1.0138310618627915
43;2;2257;1.0051883271818083
43;2;2267;0.9998321462390377
43;2;2277;1.0016151609595152
43;2;2287;1.0063199478821159
43;2;2297;1.0091716209135504
43;2;2307;1.0164925458480905
43;2;2317;1.0278466248456126
43;2;2327;1.0404014580095216
43;2;2337;1.048467145475376
43;2;2347;1.0601690262525318
43;2;2357;1.0712141189776923
43;2;2367;1.0787038742078383
43;2;2377;1.090240162050484
43;2;2387;1.099602707921402
43;2;2397;1.1006534903537581
43;2;2407;1.1059899495119716
43;2;2417;1.1120357771100648
43;2;2427;1.1103648900221774
43;2;2437;1.11594441495686
43;2;2446;1.108211788034707
43;3;405;1.0926612246108098
43;3;415;1.1058146895651029
43;3;425;1.1041911311635473
43;3;435;1.0964179506650857
43;3;445;1.0958669498083216
43;3;455;1.0954363737930894
43;3;465;1.091676875064553
43;3;475;1.089909059778968
43;3;485;1.0875299972989938
43;3;495;1.083298110762834
43;3;505;1.0784974464283354
43;3;515;1.0661773689451601
43;3;525;1.02570570475881
43;3;535;0.9703760240720378
43;3;545;0.9349571328257369
43;3;555;0.9235183934908017
43;3;565;0.9713821365085831
43;3;575;1.023321353913447
43;3;585;1.0481469548769298
43;3;595;1.0568373093834633
43;3;605;1.0683795832995449
43;3;615;1.0801082441507353
43;3;625;1.086441783052616
43;3;635;1.0891018919800397
43;3;645;1.0963755511944693
43;3;655;1.1067674065697009
43;3;665;1.119170640579205
43;3;675;1.1354605101682393
43;3;685;1.1541754591561348
43;3;694;1.145329732858264
43;3;701;0.8548242303887961
43;3;706;0.284015532448794
43;3;714;0.4234883462922387
43;3;724;0.32761810534345337
43;3;732;0.2893359447876084
43;3;741;0.865043984237032
43;3;751;1.0186939970487705
43;3;761;1.0342706073950398
43;3;771;1.0337531245667584
43;3;781;1.033050073071898
43;3;791;1.035593991208124
43;3;801;1.0373016618098752
43;3;811;1.039475628966909
43;3;821;1.038192075571193
43;3;831;1.034358381204375
43;3;841;1.0295396282988167
43;3;851;1.0252980588085938
43;3;861;1.0214933234424683
43;3;871;1.0206096896096748
43;3;881;1.0199398040750987
43;3;891;1.0199030148121697
43;3;901;1.0211123054293245
43;3;911;1.0218360294470201
43;3;921;1.0219493085992164
43;3;931;1.0211815964228066
43;3;941;1.018756317672442
43;3;951;1.0131319715842075
43;3;961;1.0098397412223021
43;3;971;1.007231110631807
43;3;981;1.008782879006787
43;3;991;1.0119467192111369
43;3;1001;1.0163720331967308
43;3;1011;1.015876007259901
43;3;1021;1.0209684086447868
43;3;1031;1.0262961637514796
43;3;1041;1.0297442207286833
43;3;1051;1.0308327204026095
43;3;1061;1.0252511620220943
43;3;1071;1.011652423071077
43;3;1081;0.9904246145255262
43;3;1091;0.9737202063147973
43;3;1101;0.967677176974193
43;3;1111;0.9905250014239737
43;3;1121;1.0253328546670355
43;3;1131;1.0520316197212596
43;3;1141;1.0655073719585557
43;3;1151;1.0677775321725942
43;3;1161;1.0663360816660479
43;3;1171;1.0585500797980338
43;3;1181;1.053770698694766
43;3;1191;1.0522734877220896
43;3;1201;1.0464603490700985
43;3;1211;1.0382962299585068
43;3;1221;1.0343589391248456
43;3;1231;1.0307119406343606
43;3;1241;1.0296046323645098
43;3;1251;1.0341068080568567
43;3;1261;1.0354706236572349
43;3;1271;1.0402568244029373
43;3;1281;1.0440405996291204
43;3;1291;1.0470459427933196
43;3;1301;1.0565321733794757
43;3;1311;1.0637167327286863
43;3;1321;1.0543741587813713
43;3;1331;1.060329114803255
43;3;1341;1.07668419280782
43;3;1351;0.9567848675221176
43;3;1361;0.7325941875211596
43;3;1371;0.44080175212589046
43;3;1380;0.38263742720413196
43;3;1390;0.9469669607100564
43;3;1400;1.0706845841825645
43;3;1410;1.099753548623368
43;3;1420;1.1242054813554025
43;3;1430;1.150955588591132
43;3;1440;1.1712180839173367
43;3;1450;1.1836183328952856
43;3;1460;1.1888934961813964
43;3;1470;1.1892546841958271
43;3;1480;1.1879697284369146
43;3;1490;1.1802385123642394
43;3;1500;1.170943794331566
43;3;1510;1.1560096347459374
43;3;1520;1.1372805872734009
43;3;1530;1.1136107167914318
43;3;1540;1.0819783651725334
43;3;1550;1.0426235339165633
43;3;1560;0.9967386325664036
43;3;1570;0.9482294127522825
43;3;1580;0.8893959766520234
43;3;1590;0.8328450122589357
43;3;1600;0.7635063250369886
43;3;1610;0.6906094513715672
43;3;1620;0.6282356082797032
43;3;1630;0.5693247943219788
43;3;1640;0.5305901870705939
43;3;1650;0.4970527245042566
43;3;1660;0.49426483357684353
43;3;1670;0.5238718526415953
43;3;1680;0.569856424774374
43;3;1690;0.6277450776391245
43;3;1700;0.6657807924143777
43;3;1710;0.6860611135017715
43;3;1720;0.7173824086057435
43;3;1730;0.748775911900747
43;3;1740;0.7638040783866894
43;3;1750;0.7835355955735089
43;3;1760;0.8189296416486573
43;3;1770;0.8301400701516051
43;3;1780;0.8531351660883167
43;3;1790;0.8389846193747702
43;3;1800;0.8305365123297883
43;3;1810;0.8203044836157293
43;3;1820;0.8139382954913562
43;3;1828;0.7965495489280024
43;3;1837;0.9974775993103288
43;3;1847;0.9832785832161984
43;3;1857;0.9823318145446354
43;3;1867;1.0106751220203734
43;3;1877;1.043013613933061
43;3;1887;1.051479915650171
43;3;1897;0.9658756534501017
43;3;1907;0.7324715421348674
43;3;1917;0.6473286033308808
43;3;1927;0.7454425086099263
43;3;1937;0.9078484891007323
43;3;1947;1.0394817543587962
43;3;1957;1.1227594276783102
43;3;1967;1.1646808078562632
43;3;1977;1.185262646356023
43;3;1987;1.1944142346011462
43;3;1997;1.1943783357708924
43;3;2007;1.1909654100363702
43;3;2017;1.184514868039002
43;3;2027;1.1734476385733559
43;3;2037;1.1602126362506344
43;3;2047;1.1426631151663722
43;3;2057;1.1280640616650046
43;3;2067;1.110877582715411
43;3;2077;1.0958416951261027
43;3;2087;1.0796675450463338
43;3;2097;1.0647187928942987
43;3;2107;1.0511124465743216
43;3;2117;1.0403426260158812
43;3;2127;1.0292744952898543
43;3;2137;1.0222804496217481
43;3;2147;1.0135087989446
43;3;2157;1.0072376919430477
43;3;2167;1.0021741184352477
43;3;2177;1.0009653655376967
43;3;2187;1.0019597966299298
43;3;2197;1.0052050827090777
43;3;2207;1.009302679050256
43;3;2217;1.010582828642473
43;3;2227;1.0105115791834594
43;3;2237;1.0080084724225706
43;3;2247;1.0028652050160425
43;3;2257;0.9949838847259574
43;3;2267;0.9902844561415145
43;3;2277;0.9906330513671987
43;3;2287;0.9947923886847697
43;3;2297;0.9968518548931677
43;3;2307;1.00321737677247
43;3;2317;1.0135499848198128
43;3;2327;1.027098247197322
43;3;2337;1.034645273791913
43;3;2347;1.046291861187302
43;3;2357;1.0572559891181634
43;3;2367;1.0656620822811862
43;3;2377;1.0784618901748397
43;3;2387;1.0903810718613332
43;3;2397;1.0907499305702464
43;3;2407;1.0990187240749913
43;3;2417;1.1003884269544617
43;3;2427;1.1018601994932324
43;3;2437;1.1140878425455518
43;3;2446;1.105590713049366
43;4;405;1.1052544950465795
43;4;415;1.1120039232039993
43;4;425;1.1120423310907526
43;4;435;1.1023139517666483
43;4;445;1.1004490753743017
43;4;455;1.099701295847055
43;4;465;1.0961106937015852
43;4;475;1.0937645692977551
43;4;485;1.0906811462944532
43;4;495;1.085223972538468
43;4;505;1.0794785790981496
43;4;515;1.0626893218458255
43;4;525;1.0042346230433057
43;4;535;0.9310695284151098
43;4;545;0.891110062213329
43;4;555;0.880503502695935
43;4;565;0.9408965575828503
43;4;575;1.0075882071517746
43;4;585;1.0393644417189432
43;4;595;1.0512119342313413
43;4;605;1.0638091130109188
43;4;615;1.0774160173078173
43;4;625;1.0843937006695823
43;4;635;1.0875273752827963
43;4;645;1.0951054721315658
43;4;655;1.1038751918295524
43;4;665;1.1141034816067226
43;4;675;1.1274045912765687
43;4;685;1.1430691437968694
43;4;694;1.1272776660490393
43;4;701;0.7176043736526401
43;4;706;0.15376510643110736
43;4;714;0.4676708297607512
43;4;724;0.37188064392646875
43;4;732;0.1984278817301684
43;4;741;0.8451863558419406
43;4;751;1.0160074591276773
43;4;761;1.038340671038589
43;4;771;1.0399801774060449
43;4;781;1.0400678022461969
43;4;791;1.0427599666676062
43;4;801;1.0446089392335949
43;4;811;1.046520673403199
43;4;821;1.045640669362097
43;4;831;1.0423057114050664
43;4;841;1.0382853231110605
43;4;851;1.034786683392951
43;4;861;1.0317428601354202
43;4;871;1.031439518165192
43;4;881;1.030574210939334
43;4;891;1.0309849400061482
43;4;901;1.0320560543857777
43;4;911;1.0328154620123438
43;4;921;1.0325906873388335
43;4;931;1.0321137224393198
43;4;941;1.030459964071273
43;4;951;1.0261696425134539
43;4;961;1.023627589630663
43;4;971;1.0218040596209936
43;4;981;1.0231158233401905
43;4;991;1.0257324683345175
43;4;1001;1.0308042226500274
43;4;1011;1.0273852942924273
43;4;1021;1.0339074469190181
43;4;1031;1.0369573476254503
43;4;1041;1.0411491914449345
43;4;1051;1.0420083122127775
43;4;1061;1.0377641224644119
43;4;1071;1.0248985776269903
43;4;1081;1.008340332337775
43;4;1091;0.9953304827113294
43;4;1101;0.9896451007566646
43;4;1111;1.0090442811520692
43;4;1121;1.0387935855252497
43;4;1131;1.0635382874795942
43;4;1141;1.0765309686680176
43;4;1151;1.078269951317813
43;4;1161;1.077934196149172
43;4;1171;1.068681174631032
43;4;1181;1.063501256245342
43;4;1191;1.0603577345660717
43;4;1201;1.0526746631623276
43;4;1211;1.0442852077962521
43;4;1221;1.0404842580107656
43;4;1231;1.0380510871755928
43;4;1241;1.0367651867911123
43;4;1251;1.0398086602851238
43;4;1261;1.041138303447111
43;4;1271;1.0460283233289038
43;4;1281;1.048756407087563
43;4;1291;1.0531941566620957
43;4;1301;1.0626941734458968
43;4;1311;1.0727530136330274
43;4;1321;1.0650572810128611
43;4;1331;1.0743677791959674
43;4;1341;1.0902740448421797
43;4;1351;0.960277148577111
43;4;1361;0.69424721351616
43;4;1371;0.408037480027598
43;4;1380;0.5046375525934322
43;4;1390;0.9485429278461244
43;4;1400;1.0493373759284872
43;4;1410;1.0751280052793564
43;4;1420;1.1005040073031176
43;4;1430;1.1300837503933612
43;4;1440;1.15339988509565
43;4;1450;1.1688494409012011
43;4;1460;1.1771569164989146
43;4;1470;1.1816852555483366
43;4;1480;1.1852431596986186
43;4;1490;1.1821974476265218
43;4;1500;1.1780385051635698
43;4;1510;1.1680023512251474
43;4;1520;1.1536427141465464
43;4;1530;1.135520972860151
43;4;1540;1.1091405886426295
43;4;1550;1.0759561871014038
43;4;1560;1.0351371588679492
43;4;1570;0.9907038255724013
43;4;1580;0.938841974996915
43;4;1590;0.8871499997137076
43;4;1600;0.8216195264083657
43;4;1610;0.7500463597767638
43;4;1620;0.68472836419323
43;4;1630;0.6204992498144316
43;4;1640;0.5655541904964075
43;4;1650;0.5184909582936694
43;4;1660;0.4991860584780225
43;4;1670;0.51130336984393
43;4;1680;0.5462117084200696
43;4;1690;0.6029941403376957
43;4;1700;0.6435027828637199
43;4;1710;0.6666598595980613
43;4;1720;0.7003519418282097
43;4;1730;0.7441577546545105
43;4;1740;0.7718771341630898
43;4;1750;0.8055584282432535
43;4;1760;0.8461297877267585
43;4;1770;0.8660699022792302
43;4;1780;0.8853931746774235
43;4;1790;0.8783801847848572
43;4;1800;0.8726056156970536
43;4;1810;0.8645851570198527
43;4;1820;0.8609931917625905
43;4;1828;0.846037802692147
43;4;1837;1.0201023224649222
43;4;1847;1.0010566222271342
43;4;1857;0.9884300938497727
43;4;1867;0.9965605798415863
43;4;1877;1.0081106785443765
43;4;1887;0.9892800892277627
43;4;1897;0.8681501250580534
43;4;1907;0.6144671995996848
43;4;1917;0.5254936450946445
43;4;1927;0.6292231920417315
43;4;1937;0.7950757230532015
43;4;1947;0.9398495476177728
43;4;1957;1.0351479193629298
43;4;1967;1.089216768110596
43;4;1977;1.1208472556953235
43;4;1987;1.1390597262782514
43;4;1997;1.1461540259228666
43;4;2007;1.1495172676919485
43;4;2017;1.148142097002098
43;4;2027;1.141514623371124
43;4;2037;1.13298771464742
43;4;2047;1.1224627897366346
43;4;2057;1.1124527483477415
43;4;2067;1.1003391487963952
43;4;2077;1.0892431371350495
43;4;2087;1.076848275683308
43;4;2097;1.0654585294472891
43;4;2107;1.05429748189208
43;4;2117;1.0459146697377213
43;4;2127;1.0367500585682032
43;4;2137;1.0317508934562136
43;4;2147;1.0245840108379098
43;4;2157;1.0194539109094967
43;4;2167;1.014844060473381
43;4;2177;1.0142256262217937
43;4;2187;1.0153355746910984
43;4;2197;1.017971191174431
43;4;2207;1.0215687881297213
43;4;2217;1.0224485288109106
43;4;2227;1.0226211685477655
43;4;2237;1.0205738338743295
43;4;2247;1.0167174452704855
43;4;2257;1.010110427915117
43;4;2267;1.0065628556736312
43;4;2277;1.0069480185239212
43;4;2287;1.0114556274585464
43;4;2297;1.012736559432841
43;4;2307;1.0177849112195396
43;4;2317;1.0275082067284378
43;4;2327;1.0392687873755888
43;4;2337;1.0446513896598852
43;4;2347;1.0552632943701508
43;4;2357;1.0647313406722043
43;4;2367;1.0704330049574147
43;4;2377;1.0825479253012191
43;4;2387;1.0899659295232662
43;4;2397;1.0909115649205468
43;4;2407;1.0999095568445596
43;4;2417;1.0996023931169283
43;4;2427;1.1060319596849628
43;4;2437;1.1148317153282168
43;4;2446;1.1011612322696507
44;1;405;1.1178090845533886
44;1;415;1.1186114457810004
44;1;425;1.1181733414247568
44;1;435;1.1113477751934766
44;1;445;1.108234585100605
44;1;455;1.1055291028387788
44;1;465;1.1021828340851638
44;1;475;1.0997747182843325
44;1;485;1.095800843165697
44;1;495;1.0905360398127413
44;1;505;1.0862079114979228
44;1;515;1.0751228830832968
44;1;525;1.0281978896456423
44;1;535;0.9622398601540013
44;1;545;0.9203723364226067
44;1;555;0.9092684336022172
44;1;565;0.9723436730473002
44;1;575;1.0349823464242434
44;1;585;1.0621563600907784
44;1;595;1.0707535331713949
44;1;605;1.0816800244817149
44;1;615;1.0907298754234864
44;1;625;1.095028031297013
44;1;635;1.0971185704512287
44;1;645;1.100863224117886
44;1;655;1.1074803552279116
44;1;665;1.1156742784241498
44;1;675;1.1284243818945683
44;1;685;1.1439630653021
44;1;694;1.1457176536775369
44;1;701;0.783327786474458
44;1;706;0.2351193126335761
44;1;714;0.47391090684919307
44;1;724;0.39089082100181
44;1;732;0.11286478266176064
44;1;741;0.761429265769495
44;1;751;0.970175698000882
44;1;761;1.005725591075953
44;1;771;1.0129774612926357
44;1;781;1.0153473322576327
44;1;791;1.0196804276429356
44;1;801;1.0220986102755638
44;1;811;1.024718640292737
44;1;821;1.0241202087153036
44;1;831;1.020883889357034
44;1;841;1.0166206752055114
44;1;851;1.0127093532130247
44;1;861;1.0092502627786264
44;1;871;1.0086144638470653
44;1;881;1.0079433576929409
44;1;891;1.0080758276541109
44;1;901;1.0095159575103687
44;1;911;1.0101871313850073
44;1;921;1.010405455277761
44;1;931;1.0095956821573349
44;1;941;1.0068028564478653
44;1;951;1.000902386870338
44;1;961;0.9967915093809762
44;1;971;0.9933631763214411
44;1;981;0.99500014481391
44;1;991;0.9981355911023085
44;1;1001;1.003051259121293
44;1;1011;1.001519604908838
44;1;1021;1.0078154308226057
44;1;1031;1.0141373996379701
44;1;1041;1.0193962490112316
44;1;1051;1.0205819301214545
44;1;1061;1.013271488850754
44;1;1071;0.9959744831990899
44;1;1081;0.9716095885962306
44;1;1091;0.9534581639573795
44;1;1101;0.9464149420026677
44;1;1111;0.9728753066675384
44;1;1121;1.0154772000116405
44;1;1131;1.0522790057773823
44;1;1141;1.0752418786454039
44;1;1151;1.0850538666561957
44;1;1161;1.0878635832715722
44;1;1171;1.0833953694538123
44;1;1181;1.080176915395613
44;1;1191;1.0771293501589054
44;1;1201;1.070188041060864
44;1;1211;1.0632265438874948
44;1;1221;1.0606329456746686
44;1;1231;1.0566536500319845
44;1;1241;1.056322860246043
44;1;1251;1.0596433936279666
44;1;1261;1.0607267870124044
44;1;1271;1.0648013374989982
44;1;1281;1.0679993171446427
44;1;1291;1.070568778490504
44;1;1301;1.0759920850896014
44;1;1311;1.078135567825543
44;1;1321;1.0627098581871506
44;1;1331;1.0819287140034621
44;1;1341;1.128097614735374
44;1;1351;1.0285565877689045
44;1;1361;0.8121029832385764
44;1;1371;0.5841461415612716
44;1;1380;0.46666200311992506
44;1;1390;0.8948523175712293
44;1;1400;1.0376977950897093
44;1;1410;1.0771412434533527
44;1;1420;1.1096383678872028
44;1;1430;1.142210470517467
44;1;1440;1.166148127359657
44;1;1450;1.1802494038899314
44;1;1460;1.186541536649959
44;1;1470;1.1885621809380886
44;1;1480;1.1881053554714067
44;1;1490;1.1809534530661197
44;1;1500;1.1721298020530133
44;1;1510;1.1573664159485848
44;1;1520;1.1376061858649085
44;1;1530;1.1136207027509195
44;1;1540;1.0821123552189627
44;1;1550;1.0418564589841703
44;1;1560;0.994236487396081
44;1;1570;0.9436899283053769
44;1;1580;0.8821645902775528
44;1;1590;0.8236150929044865
44;1;1600;0.7523988597606543
44;1;1610;0.6802210820059019
44;1;1620;0.6217732653840119
44;1;1630;0.5694647330373739
44;1;1640;0.5386444339683123
44;1;1650;0.5153364586672156
44;1;1660;0.5175183718269531
44;1;1670;0.5456685936478513
44;1;1680;0.5849782592792518
44;1;1690;0.6267361929203695
44;1;1700;0.6588594572781904
44;1;1710;0.6797817189566908
44;1;1720;0.7072867762655579
44;1;1730;0.7359767212366958
44;1;1740;0.7470626296106289
44;1;1750;0.766496722468091
44;1;1760;0.7999560871098441
44;1;1770;0.8114558742301647
44;1;1780;0.8307278725803372
44;1;1790;0.8203313930652721
44;1;1800;0.8150813835920557
44;1;1810;0.8094276336736547
44;1;1820;0.8041877114526412
44;1;1828;0.7835854661940853
44;1;1837;0.9857416473236688
44;1;1847;0.9722437995881917
44;1;1857;0.9684635914132446
44;1;1867;0.9915020821814517
44;1;1877;1.016461302376834
44;1;1887;1.010116076985203
44;1;1897;0.8919581395340112
44;1;1907;0.6369896458360153
44;1;1917;0.558776808230915
44;1;1927;0.6657673722179446
44;1;1937;0.8397432354095933
44;1;1947;0.9894984551852001
44;1;1957;1.08961973880708
44;1;1967;1.1428680163825398
44;1;1977;1.1713459549869623
44;1;1987;1.1852262841238215
44;1;1997;1.1882910684671535
44;1;2007;1.1874059514190787
44;1;2017;1.1837335560926723
44;1;2027;1.1756633313027411
44;1;2037;1.165167711906736
44;1;2047;1.1516054308593435
44;1;2057;1.139484813970126
44;1;2067;1.126260103826669
44;1;2077;1.1135369200262963
44;1;2087;1.0991811802860942
44;1;2097;1.085455524528779
44;1;2107;1.0722398008606562
44;1;2117;1.0604838110986374
44;1;2127;1.0479757055465937
44;1;2137;1.0387554126923235
44;1;2147;1.0272960332376042
44;1;2157;1.0184079919632243
44;1;2167;1.0106569083041876
44;1;2177;1.0075741331443648
44;1;2187;1.0067961112696955
44;1;2197;1.0090814761761109
44;1;2207;1.0128371912289185
44;1;2217;1.0140639385196424
44;1;2227;1.0123188854249683
44;1;2237;1.0108405856759495
44;1;2247;1.0060756344584272
44;1;2257;0.9996437770409569
44;1;2267;0.9972459128233605
44;1;2277;1.002928561779696
44;1;2287;1.009583187170116
44;1;2297;1.011119701553726
44;1;2307;1.0181411836084235
44;1;2317;1.0318653071200343
44;1;2327;1.04739697322343
44;1;2337;1.0529557613469358
44;1;2347;1.0651777738963342
44;1;2357;1.0759533034345548
44;1;2367;1.0855750043350505
44;1;2377;1.0984487533525273
44;1;2387;1.107534207031473
44;1;2397;1.1092242705827078
44;1;2407;1.1195940828839404
44;1;2417;1.1246191656848565
44;1;2427;1.1320593653250413
44;1;2437;1.1390250022428474
44;1;2446;1.132000291466896
44;2;405;1.0992090724657173
44;2;415;1.1119530749663404
44;2;425;1.112482086626255
44;2;435;1.1060256234030754
44;2;445;1.1069756597132137
44;2;455;1.1071982444671151
44;2;465;1.104449835572451
44;2;475;1.1027461363931386
44;2;485;1.1004577553794073
44;2;495;1.096416706835122
44;2;505;1.0938344278511762
44;2;515;1.085585204387782
44;2;525;1.0388910083593081
44;2;535;0.9679139884329254
44;2;545;0.922185683566905
44;2;555;0.9090026033476376
44;2;565;0.972770523375236
44;2;575;1.0390657356009025
44;2;585;1.0675938601400927
44;2;595;1.0769925907508398
44;2;605;1.0882073643221806
44;2;615;1.0985900005969151
44;2;625;1.1036787926942522
44;2;635;1.1056466199944246
44;2;645;1.1093313593527878
44;2;655;1.115580317033244
44;2;665;1.1235961885929235
44;2;675;1.1356911524027746
44;2;685;1.1520179742477812
44;2;694;1.157970985730372
44;2;701;0.8328283034992621
44;2;706;0.3181543214825269
44;2;714;0.4332591722969805
44;2;724;0.30779627821430167
44;2;732;0.2978807045280454
44;2;741;0.8667294078651887
44;2;751;1.0220361846457915
44;2;761;1.0403831795434635
44;2;771;1.0405504347760466
44;2;781;1.0393989949462172
44;2;791;1.0419594447568414
44;2;801;1.0435131761380922
44;2;811;1.0452309084242368
44;2;821;1.0440523068926268
44;2;831;1.0400862343916515
44;2;841;1.0349945581544933
44;2;851;1.0302499485595054
44;2;861;1.0259229561923848
44;2;871;1.0252631517089943
44;2;881;1.0242411274127932
44;2;891;1.0242329656615075
44;2;901;1.025490469464823
44;2;911;1.026482811680587
44;2;921;1.0261972601791243
44;2;931;1.025338207843725
44;2;941;1.0224384068405916
44;2;951;1.0161910650288108
44;2;961;1.0122083936390351
44;2;971;1.0098200890222704
44;2;981;1.0112725775465132
44;2;991;1.0151997371744048
44;2;1001;1.0214613025860049
44;2;1011;1.0198106887370617
44;2;1021;1.0272190840258673
44;2;1031;1.0356464620304866
44;2;1041;1.037424993479212
44;2;1051;1.0362081293073295
44;2;1061;1.0305813958482597
44;2;1071;1.01519241400899
44;2;1081;0.993626094978908
44;2;1091;0.975117144687866
44;2;1101;0.9676215627674809
44;2;1111;0.9909550390673221
44;2;1121;1.0270407301768527
44;2;1131;1.0575504563561016
44;2;1141;1.0732194527673384
44;2;1151;1.0756632024126667
44;2;1161;1.073818238190106
44;2;1171;1.0635432935009588
44;2;1181;1.0586476478828875
44;2;1191;1.0557052156415232
44;2;1201;1.049462322684246
44;2;1211;1.0397413566936455
44;2;1221;1.0350520221094432
44;2;1231;1.0306523654032194
44;2;1241;1.028987118422783
44;2;1251;1.0349944773936868
44;2;1261;1.0366537711122097
44;2;1271;1.0419010010378507
44;2;1281;1.04491741198468
44;2;1291;1.0512086487780923
44;2;1301;1.0622408020614502
44;2;1311;1.0681477465970695
44;2;1321;1.0504361200592813
44;2;1331;1.0514778287703603
44;2;1341;1.0597473027113937
44;2;1351;0.9088928382728896
44;2;1361;0.6432866723751882
44;2;1371;0.3728266149389539
44;2;1380;0.4905485363587041
44;2;1390;0.9493664458293788
44;2;1400;1.064232534794064
44;2;1410;1.0945757419415767
44;2;1420;1.1207811993905838
44;2;1430;1.1470648919849216
44;2;1440;1.1669098372745759
44;2;1450;1.1790873053570181
44;2;1460;1.1850300708348245
44;2;1470;1.1868301610558272
44;2;1480;1.1869797194760583
44;2;1490;1.1810185643180113
44;2;1500;1.173789624101705
44;2;1510;1.159938388757626
44;2;1520;1.142028305795314
44;2;1530;1.11891683252855
44;2;1540;1.0881675979006606
44;2;1550;1.0495062858396
44;2;1560;1.0029071601207546
44;2;1570;0.953483667308255
44;2;1580;0.8962427187197864
44;2;1590;0.8414826114896169
44;2;1600;0.7728234865817817
44;2;1610;0.7032680309735164
44;2;1620;0.6399719888608387
44;2;1630;0.5803297081511071
44;2;1640;0.5331345254113824
44;2;1650;0.4929123589814288
44;2;1660;0.47729636970733724
44;2;1670;0.4871456269186709
44;2;1680;0.5209575243453112
44;2;1690;0.5739268923873682
44;2;1700;0.6096808431157483
44;2;1710;0.6270003915174551
44;2;1720;0.6558255187950222
44;2;1730;0.6932667009797354
44;2;1740;0.7195125914376439
44;2;1750;0.7514342799881822
44;2;1760;0.7950554500432007
44;2;1770;0.8188794600909356
44;2;1780;0.8406673413318522
44;2;1790;0.8331587517293181
44;2;1800;0.8227794661569564
44;2;1810;0.8091699281709012
44;2;1820;0.8019682483167125
44;2;1828;0.7916825700665426
44;2;1837;0.9800757567443584
44;2;1847;0.9786610884240272
44;2;1857;0.9886181469338783
44;2;1867;1.020207499492944
44;2;1877;1.0441173974952858
44;2;1887;1.0367458002573977
44;2;1897;0.9279525759509858
44;2;1907;0.6808122343454612
44;2;1917;0.5888736472248434
44;2;1927;0.680533155210938
44;2;1937;0.8393263863183343
44;2;1947;0.9805119472265049
44;2;1957;1.078030908373049
44;2;1967;1.1305893534324436
44;2;1977;1.1603852852856757
44;2;1987;1.176971202175063
44;2;1997;1.1821062776227622
44;2;2007;1.1828204181829975
44;2;2017;1.1802671074340558
44;2;2027;1.1723779596454753
44;2;2037;1.1616883367726702
44;2;2047;1.1473345499946395
44;2;2057;1.133917174994781
44;2;2067;1.117282379023449
44;2;2077;1.1023747715977716
44;2;2087;1.0857754637348462
44;2;2097;1.0703647649674293
44;2;2107;1.0549750531351565
44;2;2117;1.044353233499769
44;2;2127;1.0325771503597727
44;2;2137;1.0253916008442645
44;2;2147;1.0163511188737484
44;2;2157;1.009896035940045
44;2;2167;1.0052461919713729
44;2;2177;1.0041822212371074
44;2;2187;1.0059784269959535
44;2;2197;1.010348447087455
44;2;2207;1.0157183677670152
44;2;2217;1.018106206912621
44;2;2227;1.0192523923275196
44;2;2237;1.015989756404597
44;2;2247;1.0098683600767657
44;2;2257;0.9985050444153981
44;2;2267;0.9917760154451676
44;2;2277;0.9921671196920175
44;2;2287;0.9971772398548321
44;2;2297;1.000404412800508
44;2;2307;1.0073372649188914
44;2;2317;1.0196158213607052
44;2;2327;1.0365266329957459
44;2;2337;1.0466429016481154
44;2;2347;1.0600025098180574
44;2;2357;1.0746491707072474
44;2;2367;1.0830826044228348
44;2;2377;1.0972752710235765
44;2;2387;1.1087574902128008
44;2;2397;1.1071632662973172
44;2;2407;1.117455789365619
44;2;2417;1.121024975290249
44;2;2427;1.1146327893107542
44;2;2437;1.1268482661501567
44;2;2446;1.112705486774228
44;3;405;1.1236565406287327
44;3;415;1.129141393958916
44;3;425;1.1239814356830191
44;3;435;1.1137690969160514
44;3;445;1.1097737881825955
44;3;455;1.108305011911538
44;3;465;1.1036341230963373
44;3;475;1.1009346351563984
44;3;485;1.0975349251981248
44;3;495;1.0910278529395558
44;3;505;1.082983329933158
44;3;515;1.0614373369564325
44;3;525;1.0034715441320101
44;3;535;0.9333770682145172
44;3;545;0.8937948881245616
44;3;555;0.882219874408246
44;3;565;0.9411819449199454
44;3;575;1.0060239354677953
44;3;585;1.037853759836574
44;3;595;1.0495834456968034
44;3;605;1.0633316308010923
44;3;615;1.0784733062663248
44;3;625;1.086539210270138
44;3;635;1.089842034926972
44;3;645;1.0996407351519313
44;3;655;1.1109378310747495
44;3;665;1.1234765605955308
44;3;675;1.1382717526656851
44;3;685;1.1550097490620657
44;3;694;1.1370192053370163
44;3;701;0.7453625096216105
44;3;706;0.15790581429983694
44;3;714;0.5143521824683487
44;3;724;0.4332396363735678
44;3;732;0.12132353233657722
44;3;741;0.820859625750152
44;3;751;1.0052724367872161
44;3;761;1.0262267987788694
44;3;771;1.0271775447372482
44;3;781;1.0274731904571464
44;3;791;1.030503491586711
44;3;801;1.0326024523950406
44;3;811;1.0350893772890521
44;3;821;1.0336113627944998
44;3;831;1.0296737233444009
44;3;841;1.024453605868361
44;3;851;1.0200925070919407
44;3;861;1.0161051009155189
44;3;871;1.015504086174436
44;3;881;1.0144905797128498
44;3;891;1.0145651890375
44;3;901;1.0159767929236128
44;3;911;1.0168786738975124
44;3;921;1.01678730903014
44;3;931;1.0164309733825811
44;3;941;1.0135726919917691
44;3;951;1.0077578528083713
44;3;961;1.0042689877701338
44;3;971;1.0016265799207476
44;3;981;1.00325308809031
44;3;991;1.0063726143997362
44;3;1001;1.011982050241191
44;3;1011;1.008911321260161
44;3;1021;1.0160111053213994
44;3;1031;1.0206603180665843
44;3;1041;1.0249128975437112
44;3;1051;1.025624377329957
44;3;1061;1.020027937872912
44;3;1071;1.0041876492341915
44;3;1081;0.9812845057092654
44;3;1091;0.9630702465023551
44;3;1101;0.9585866632729275
44;3;1111;0.9820920412099553
44;3;1121;1.0202342000237654
44;3;1131;1.0532270554750756
44;3;1141;1.071127835577343
44;3;1151;1.0760055192364337
44;3;1161;1.0786562165637097
44;3;1171;1.071747103509856
44;3;1181;1.0664565381173592
44;3;1191;1.0651110491872002
44;3;1201;1.057976542766904
44;3;1211;1.050613572798036
44;3;1221;1.046222393023549
44;3;1231;1.0429861755610284
44;3;1241;1.0410607272763825
44;3;1251;1.0456522413702591
44;3;1261;1.0461165184022967
44;3;1271;1.0504774322539316
44;3;1281;1.0544814545766859
44;3;1291;1.056648498991468
44;3;1301;1.063516447898654
44;3;1311;1.0691284357956707
44;3;1321;1.060388858362423
44;3;1331;1.0758794792037965
44;3;1341;1.1149803690585778
44;3;1351;1.0226761199223335
44;3;1361;0.8236246500765422
44;3;1371;0.5751740118880057
44;3;1380;0.40303256654583125
44;3;1390;0.9180512663797317
44;3;1400;1.0437281054731793
44;3;1410;1.0755644756272809
44;3;1420;1.1047769877863867
44;3;1430;1.137824817495201
44;3;1440;1.1640999701538695
44;3;1450;1.1807333148342438
44;3;1460;1.1889366057742965
44;3;1470;1.1923430980835554
44;3;1480;1.194267172593691
44;3;1490;1.1885653938799117
44;3;1500;1.1817834159367298
44;3;1510;1.1683159621384827
44;3;1520;1.1506333101537085
44;3;1530;1.127385933238031
44;3;1540;1.0952668316978313
44;3;1550;1.05319205130283
44;3;1560;1.00244411291557
44;3;1570;0.9470596429107201
44;3;1580;0.879645915876266
44;3;1590;0.8135895467655038
44;3;1600;0.7309454083699293
44;3;1610;0.644586487592078
44;3;1620;0.573109730570178
44;3;1630;0.5106488680757455
44;3;1640;0.47381414908577646
44;3;1650;0.4477793419224352
44;3;1660;0.45365040080534447
44;3;1670;0.49476877213433923
44;3;1680;0.5395405609101838
44;3;1690;0.5936347001424526
44;3;1700;0.6277528384487804
44;3;1710;0.6471467440805415
44;3;1720;0.6855944975971082
44;3;1730;0.72006670184174
44;3;1740;0.7389171736501567
44;3;1750;0.7606298535104227
44;3;1760;0.8028876961221337
44;3;1770;0.8161497367853697
44;3;1780;0.8378933258549307
44;3;1790;0.8269574621445677
44;3;1800;0.8237400166930328
44;3;1810;0.817529727474602
44;3;1820;0.8145443814456661
44;3;1828;0.7953183711972764
44;3;1837;0.9990156278274689
44;3;1847;0.982955824779738
44;3;1857;0.9761823137633654
44;3;1867;0.9958190964898678
44;3;1877;1.0229371011690074
44;3;1887;1.028721323950285
44;3;1897;0.949264025800474
44;3;1907;0.7259289442017708
44;3;1917;0.6463661530109885
44;3;1927;0.7551741070202023
44;3;1937;0.9200078456893418
44;3;1947;1.0474658877462766
44;3;1957;1.1248990002043702
44;3;1967;1.1631430602206385
44;3;1977;1.1826678595838171
44;3;1987;1.1907392682530862
44;3;1997;1.1906410051630598
44;3;2007;1.1880010208866656
44;3;2017;1.182091144431053
44;3;2027;1.171725812970074
44;3;2037;1.1593382724889076
44;3;2047;1.1440574647618462
44;3;2057;1.1307554827998225
44;3;2067;1.115774936715366
44;3;2077;1.101820627969024
44;3;2087;1.0870031883662445
44;3;2097;1.0738028910512372
44;3;2107;1.061098757342624
44;3;2117;1.0516463364177193
44;3;2127;1.0415734322977535
44;3;2137;1.0353476501700847
44;3;2147;1.0265841832489664
44;3;2157;1.0210903695898033
44;3;2167;1.0158829095422282
44;3;2177;1.0141635088385075
44;3;2187;1.0143379519369797
44;3;2197;1.016301720459178
44;3;2207;1.0194567864086423
44;3;2217;1.0191169038816714
44;3;2227;1.0188730764727323
44;3;2237;1.0169307506464647
44;3;2247;1.0137364077321256
44;3;2257;1.0079444481294133
44;3;2267;1.0053021185074889
44;3;2277;1.0062464432123968
44;3;2287;1.0112393312919803
44;3;2297;1.0128446303495882
44;3;2307;1.0187012407478526
44;3;2317;1.0290522741941555
44;3;2327;1.040228139906531
44;3;2337;1.0457453680870943
44;3;2347;1.0558371235936046
44;3;2357;1.0669496782962116
44;3;2367;1.0726670840948382
44;3;2377;1.0858095146200843
44;3;2387;1.0951621337209096
44;3;2397;1.0957371109584035
44;3;2407;1.1052027119415204
44;3;2417;1.1077013553286688
44;3;2427;1.1120108682346277
44;3;2437;1.123177880921837
44;3;2446;1.1140613840736118
44;4;405;1.0837323376410335
44;4;415;1.0912356527289262
44;4;425;1.0944955287580191
44;4;435;1.0897102590171435
44;4;445;1.0897262107456385
44;4;455;1.0918505540347496
44;4;465;1.0900829759720123
44;4;475;1.089238403878112
44;4;485;1.0893902690057844
44;4;495;1.087470759643504
44;4;505;1.085124128185693
44;4;515;1.0751398046126515
44;4;525;1.0297592885632516
44;4;535;0.9617706525114222
44;4;545;0.9177053338614439
44;4;555;0.903309825988179
44;4;565;0.9581415096419585
44;4;575;1.020751736425679
44;4;585;1.0503388725022318
44;4;595;1.0617609532365775
44;4;605;1.0737749760966548
44;4;615;1.0877456650980213
44;4;625;1.0947418944274796
44;4;635;1.0973746864919376
44;4;645;1.1043191683378262
44;4;655;1.1135631124267984
44;4;665;1.1242182545238424
44;4;675;1.1374826089313739
44;4;685;1.1530769699351708
44;4;694;1.14431487070332
44;4;701;0.8276192522750495
44;4;706;0.3054518155284791
44;4;714;0.43203445032600835
44;4;724;0.34487565579842966
44;4;732;0.3652385418093664
44;4;741;0.9005701157677607
44;4;751;1.031032558161255
44;4;761;1.0402707443988763
44;4;771;1.037228271659214
44;4;781;1.0348408914440668
44;4;791;1.036674125698726
44;4;801;1.0376117206979436
44;4;811;1.0393964221953775
44;4;821;1.0375190390297724
44;4;831;1.0330543604678115
44;4;841;1.0274910336281773
44;4;851;1.0224363967775885
44;4;861;1.017941454741085
44;4;871;1.0165337425763459
44;4;881;1.015847676945224
44;4;891;1.015303692183893
44;4;901;1.0166804196421582
44;4;911;1.0173438571368634
44;4;921;1.0171076653212412
44;4;931;1.0160488758106774
44;4;941;1.0131419913137663
44;4;951;1.0065960203991662
44;4;961;1.0026286302976348
44;4;971;1.0007159820913538
44;4;981;1.0022380016147105
44;4;991;1.0050920748769843
44;4;1001;1.0092985056132162
44;4;1011;1.0089879043490129
44;4;1021;1.0144949795683993
44;4;1031;1.0173597882662804
44;4;1041;1.023726725824579
44;4;1051;1.026790175947546
44;4;1061;1.0197258377478968
44;4;1071;1.002520059626938
44;4;1081;0.9792761806584286
44;4;1091;0.9605688097669353
44;4;1101;0.9536979953776692
44;4;1111;0.9761515831277534
44;4;1121;1.0126873074574014
44;4;1131;1.0427263185622677
44;4;1141;1.0578260995259303
44;4;1151;1.0607413712269513
44;4;1161;1.0611945419423248
44;4;1171;1.0552562401229053
44;4;1181;1.0521902227587892
44;4;1191;1.0525235576331724
44;4;1201;1.0472857446146704
44;4;1211;1.0407775955692182
44;4;1221;1.0370761110085895
44;4;1231;1.03515852516854
44;4;1241;1.0325026810968894
44;4;1251;1.0369973274136757
44;4;1261;1.0385538638255196
44;4;1271;1.0441101857961164
44;4;1281;1.048295709434662
44;4;1291;1.0518340718486194
44;4;1301;1.058771560717253
44;4;1311;1.0593945803451488
44;4;1321;1.0394856400215378
44;4;1331;1.038465242863257
44;4;1341;1.0430092709847356
44;4;1351;0.9136818345295704
44;4;1361;0.6903751587236717
44;4;1371;0.3861013655877965
44;4;1380;0.3778056887775894
44;4;1390;0.9750653989060574
44;4;1400;1.1043534251282536
44;4;1410;1.1301746754592377
44;4;1420;1.1447648232680898
44;4;1430;1.1598188519681325
44;4;1440;1.1706449055039114
44;4;1450;1.1770728694939747
44;4;1460;1.1782046725265383
44;4;1470;1.1751716216513421
44;4;1480;1.1707026182428055
44;4;1490;1.1611364979441279
44;4;1500;1.150014320683375
44;4;1510;1.1340434658953666
44;4;1520;1.1136556211003978
44;4;1530;1.0890651827905646
44;4;1540;1.0574728515553409
44;4;1550;1.0183727192728476
44;4;1560;0.9736352831716258
44;4;1570;0.9264299651014085
44;4;1580;0.8705233413696457
44;4;1590;0.8192948222788804
44;4;1600;0.7569337524588297
44;4;1610;0.6928273690899817
44;4;1620;0.6414511586210578
44;4;1630;0.5931349817626549
44;4;1640;0.5622409776536524
44;4;1650;0.5338019636740715
44;4;1660;0.5302865118660445
44;4;1670;0.5546445503912057
44;4;1680;0.5878999972385419
44;4;1690;0.6332082189975689
44;4;1700;0.6721098900289593
44;4;1710;0.675720184306594
44;4;1720;0.6943103858990528
44;4;1730;0.7181508712498844
44;4;1740;0.7359043109836945
44;4;1750;0.7519854332159022
44;4;1760;0.7875269902216254
44;4;1770;0.8034277606258758
44;4;1780;0.823933691548917
44;4;1790;0.810682938647573
44;4;1800;0.7998154950597373
44;4;1810;0.7860571725947256
44;4;1820;0.7810533385179697
44;4;1828;0.7640293258328599
44;4;1837;0.9821656717360665
44;4;1847;0.9958592687360458
44;4;1857;1.0257421157752196
44;4;1867;1.0671538079622904
44;4;1877;1.103876066896796
44;4;1887;1.1158476848303673
44;4;1897;1.0493816189808198
44;4;1907;0.8387663210582269
44;4;1917;0.7404915364297521
44;4;1927;0.8175935094134189
44;4;1937;0.9562291067751216
44;4;1947;1.067128838982444
44;4;1957;1.1347388941727135
44;4;1967;1.169050225455721
44;4;1977;1.1852782517065577
44;4;1987;1.1926686883623412
44;4;1997;1.1928984760977404
44;4;2007;1.1898951314879993
44;4;2017;1.183895226751084
44;4;2027;1.1744131382970637
44;4;2037;1.1620087147279055
44;4;2047;1.1460581114741042
44;4;2057;1.130987050598796
44;4;2067;1.1145133237003375
44;4;2077;1.0988633742591845
44;4;2087;1.081935174883625
44;4;2097;1.0669717980498752
44;4;2107;1.0535369111739177
44;4;2117;1.0425673773401185
44;4;2127;1.0315001147534115
44;4;2137;1.0258490321151341
44;4;2147;1.0170615992034624
44;4;2157;1.0110529504071502
44;4;2167;1.0067760358666349
44;4;2177;1.0051229758508282
44;4;2187;1.0072403154975613
44;4;2197;1.0118584441191507
44;4;2207;1.0172473639293287
44;4;2217;1.018205695474628
44;4;2227;1.019271213640771
44;4;2237;1.0168206292560398
44;4;2247;1.0098355651623938
44;4;2257;0.9988766662098398
44;4;2267;0.9914124669882374
44;4;2277;0.9900038514673387
44;4;2287;0.9935473799852397
44;4;2297;0.9969021278053982
44;4;2307;1.004879341203596
44;4;2317;1.0151877805071756
44;4;2327;1.0269980378945684
44;4;2337;1.0356923657565018
44;4;2347;1.0488099748847024
44;4;2357;1.0594833916076496
44;4;2367;1.0666893026751934
44;4;2377;1.0791667256339401
44;4;2387;1.0889059738213094
44;4;2397;1.091505827566303
44;4;2407;1.0946873734601434
44;4;2417;1.0950619729704831
44;4;2427;1.0961081102694543
44;4;2437;1.102222356505944
44;4;2446;1.093479920404849
45;1;405;1.115298006569717
45;1;415;1.1216191096519679
45;1;425;1.1220924166143746
45;1;435;1.101198784527069
45;1;445;1.0992067213692835
45;1;455;1.0957577388601587
45;1;465;1.0884093108949937
45;1;475;1.084151815679024
45;1;485;1.0795597576600457
45;1;495;1.0720709403783404
45;1;505;1.0629112477782552
45;1;515;1.0480666338322058
45;1;525;1.0078660383833884
45;1;535;0.9533214086212509
45;1;545;0.9247286313631115
45;1;555;0.9168727905076032
45;1;565;0.9594254287107036
45;1;575;1.0060301290134768
45;1;585;1.0284866522888947
45;1;595;1.0369307375516763
45;1;605;1.0466744831054955
45;1;615;1.0583863269505596
45;1;625;1.065191442165129
45;1;635;1.0685382091521518
45;1;645;1.0791057210169177
45;1;655;1.0937556905721437
45;1;665;1.112830867952357
45;1;675;1.136206502985865
45;1;685;1.15993092906554
45;1;694;1.1290372803776545
45;1;701;0.8450278700031748
45;1;706;0.25482191245765945
45;1;714;0.29918789435448095
45;1;724;0.20061092279874615
45;1;732;0.3320774893481852
45;1;741;0.87220552171207
45;1;751;1.0224013311898548
45;1;761;1.0378073224426503
45;1;771;1.0378382607962857
45;1;781;1.0386978245179348
45;1;791;1.0415931468959345
45;1;801;1.043547064642316
45;1;811;1.0459244318301528
45;1;821;1.0449841044330215
45;1;831;1.0420719384820023
45;1;841;1.039441089046938
45;1;851;1.0373718990122167
45;1;861;1.035765525867746
45;1;871;1.0358043002780661
45;1;881;1.0360036399420975
45;1;891;1.0357544803661327
45;1;901;1.0362503991297967
45;1;911;1.036262453062587
45;1;921;1.036499488870102
45;1;931;1.0360338263217326
45;1;941;1.0342952074913574
45;1;951;1.0303896665681278
45;1;961;1.0275820554950346
45;1;971;1.0259572774503183
45;1;981;1.02721656765438
45;1;991;1.0287492336160577
45;1;1001;1.0310328635531003
45;1;1011;1.0291570301574695
45;1;1021;1.0331441278562281
45;1;1031;1.0359160508406704
45;1;1041;1.0397034185733507
45;1;1051;1.0402486277600265
45;1;1061;1.0363501741751804
45;1;1071;1.0269528586885004
45;1;1081;1.009540557462468
45;1;1091;0.9962176397111648
45;1;1101;0.9923194748187835
45;1;1111;1.0131390873838133
45;1;1121;1.0412131086218521
45;1;1131;1.0577769517645579
45;1;1141;1.0626871880244655
45;1;1151;1.0574817818937234
45;1;1161;1.0504558772733268
45;1;1171;1.0363776611298623
45;1;1181;1.0282871975638557
45;1;1191;1.0257636854820327
45;1;1201;1.0174367703893832
45;1;1211;1.0083912440427607
45;1;1221;1.0037205302111798
45;1;1231;1.0001295369332648
45;1;1241;0.9986775473225242
45;1;1251;1.003480744988973
45;1;1261;1.005260008769175
45;1;1271;1.0109263493217457
45;1;1281;1.0150494757113881
45;1;1291;1.020230122450456
45;1;1301;1.0359986998220483
45;1;1311;1.0590512343396912
45;1;1321;1.0687679785304443
45;1;1331;1.0774128181983578
45;1;1341;1.0760511961141312
45;1;1351;0.9269665779489992
45;1;1361;0.6835588743351065
45;1;1371;0.37761630577529665
45;1;1380;0.3700445972174098
45;1;1390;0.9159998841945898
45;1;1400;1.0311901656578357
45;1;1410;1.0624969424019304
45;1;1420;1.0957543194502346
45;1;1430;1.138060640686346
45;1;1440;1.1740275092720198
45;1;1450;1.1989440217746272
45;1;1460;1.212501683124579
45;1;1470;1.2199843055076118
45;1;1480;1.2276528478727413
45;1;1490;1.2255571528735767
45;1;1500;1.223669125355234
45;1;1510;1.2133990208265582
45;1;1520;1.1984836089903974
45;1;1530;1.1791422833557772
45;1;1540;1.1456229588183715
45;1;1550;1.1060685215196056
45;1;1560;1.055902187724414
45;1;1570;0.999707717216932
45;1;1580;0.9347648241599904
45;1;1590;0.8609196055552873
45;1;1600;0.7743599517290967
45;1;1610;0.6709704824890931
45;1;1620;0.5741326894978913
45;1;1630;0.48101062822568946
45;1;1640;0.40389399807900156
45;1;1650;0.3405070985643449
45;1;1660;0.3219193703833894
45;1;1670;0.3633061510132903
45;1;1680;0.43797115956428134
45;1;1690;0.5384408650194134
45;1;1700;0.6022294536576375
45;1;1710;0.6403405076380378
45;1;1720;0.708424997355708
45;1;1730;0.7743428103227313
45;1;1740;0.7961447359936321
45;1;1750;0.810550566655796
45;1;1760;0.8552995584344623
45;1;1770;0.8595688808931866
45;1;1780;0.8842678171858671
45;1;1790;0.8623238372925346
45;1;1800;0.8644813436870452
45;1;1810;0.8661431034016207
45;1;1820;0.8570099856478008
45;1;1828;0.8350711088222831
45;1;1837;1.2203470828992122
45;1;1847;1.1308723814239299
45;1;1857;1.0393079651409738
45;1;1867;0.9914823133922855
45;1;1877;0.990748470965161
45;1;1887;0.9879513910829697
45;1;1897;0.9052881581556858
45;1;1907;0.7092395655164809
45;1;1917;0.6621773854533074
45;1;1927;0.7748462675729181
45;1;1937;0.9317058820976591
45;1;1947;1.054726116374928
45;1;1957;1.1285176155163623
45;1;1967;1.1656233311882294
45;1;1977;1.1851947551110678
45;1;1987;1.1936632472737272
45;1;1997;1.1918878372669324
45;1;2007;1.187132049560676
45;1;2017;1.1781340290674998
45;1;2027;1.1624174285388367
45;1;2037;1.1448953902731596
45;1;2047;1.1238220985557497
45;1;2057;1.106421188189383
45;1;2067;1.0858975894939475
45;1;2077;1.0689440341229004
45;1;2087;1.0517789150715484
45;1;2097;1.0370124271735117
45;1;2107;1.0249938159347207
45;1;2117;1.017318244043774
45;1;2127;1.009993610237474
45;1;2137;1.006889439997133
45;1;2147;1.0041957746292718
45;1;2157;1.003713186387579
45;1;2167;1.005307488231001
45;1;2177;1.0098842430711144
45;1;2187;1.0142834233144742
45;1;2197;1.0171250541309478
45;1;2207;1.0205200030735855
45;1;2217;1.0238325434787408
45;1;2227;1.025815854356079
45;1;2237;1.0247833775542683
45;1;2247;1.020657072628111
45;1;2257;1.0125367512119519
45;1;2267;1.0036528198407597
45;1;2277;0.9934297156078037
45;1;2287;0.9919583931832502
45;1;2297;0.9911167672514394
45;1;2307;0.9953328241467483
45;1;2317;0.9998573649283407
45;1;2327;1.0100253471136398
45;1;2337;1.0164515513764054
45;1;2347;1.0267587253369248
45;1;2357;1.037941128265029
45;1;2367;1.045601413374435
45;1;2377;1.0597243995316532
45;1;2387;1.0724754192202353
45;1;2397;1.0739850880388693
45;1;2407;1.0856573818072301
45;1;2417;1.0879838976032434
45;1;2427;1.0914062348804836
45;1;2437;1.1131580604196083
45;1;2446;1.1003102043695696
45;2;405;1.1049733111629807
45;2;415;1.1105560449211576
45;2;425;1.1117910457701115
45;2;435;1.1081582073400096
45;2;445;1.1064674418083444
45;2;455;1.1064727863100192
45;2;465;1.104577063787461
45;2;475;1.1027682140609067
45;2;485;1.100749018592478
45;2;495;1.0965486638133997
45;2;505;1.0918451424368354
45;2;515;1.0777310393226347
45;2;525;1.0240606386679851
45;2;535;0.9544871066038815
45;2;545;0.9119747415241843
45;2;555;0.8985002953780705
45;2;565;0.9574024743774968
45;2;575;1.0236536221318469
45;2;585;1.054993066754863
45;2;595;1.0664714334792473
45;2;605;1.0788757190126361
45;2;615;1.0922887614953252
45;2;625;1.0989572945887809
45;2;635;1.1015388930517538
45;2;645;1.108134849812076
45;2;655;1.1161025474423463
45;2;665;1.1252519628998432
45;2;675;1.1366793960056338
45;2;685;1.1497583574087307
45;2;694;1.1381464626711018
45;2;701;0.7748059397025944
45;2;706;0.2401464429753122
45;2;714;0.41671897862024126
45;2;724;0.30802604190779237
45;2;732;0.28442847999031523
45;2;741;0.8670600926396304
45;2;751;1.0105966182876538
45;2;761;1.027311354910104
45;2;771;1.0276147147908186
45;2;781;1.0270763312162603
45;2;791;1.0300491685263433
45;2;801;1.031758744176837
45;2;811;1.0340397990155994
45;2;821;1.0329799363975023
45;2;831;1.0294822754742687
45;2;841;1.0243112302418844
45;2;851;1.0199592424545765
45;2;861;1.015810288337645
45;2;871;1.0149441146176064
45;2;881;1.0143767267452446
45;2;891;1.0138727280741695
45;2;901;1.0155979669602224
45;2;911;1.0165304009010754
45;2;921;1.0161286256618858
45;2;931;1.0155116042907224
45;2;941;1.0123523279025233
45;2;951;1.0061505259044594
45;2;961;1.0013575377053734
45;2;971;0.9993506453740585
45;2;981;1.0006302774667015
45;2;991;1.0048143779279588
45;2;1001;1.0103934784345356
45;2;1011;1.0090383876878743
45;2;1021;1.016074249822494
45;2;1031;1.0209703500053287
45;2;1041;1.025642851524765
45;2;1051;1.0265583144672916
45;2;1061;1.0201855871576786
45;2;1071;1.0032510082101618
45;2;1081;0.9809145871823748
45;2;1091;0.9602907764605076
45;2;1101;0.953008159086668
45;2;1111;0.9765227290721532
45;2;1121;1.0157168112675472
45;2;1131;1.0496219826159991
45;2;1141;1.0694743398832933
45;2;1151;1.0754825534631698
45;2;1161;1.0771727653467496
45;2;1171;1.0716127434243112
45;2;1181;1.0673132252215263
45;2;1191;1.0653890281034828
45;2;1201;1.0591986624785654
45;2;1211;1.052029285158202
45;2;1221;1.0483043544739115
45;2;1231;1.0462034956337467
45;2;1241;1.0442142465834054
45;2;1251;1.048231098883802
45;2;1261;1.0501636896469084
45;2;1271;1.0541786488004987
45;2;1281;1.057576164216674
45;2;1291;1.0610562680672329
45;2;1301;1.0679352837866494
45;2;1311;1.0675405670751612
45;2;1321;1.0467876189680634
45;2;1331;1.0530490576776543
45;2;1341;1.079796159525609
45;2;1351;0.9611270712896666
45;2;1361;0.7234116110560185
45;2;1371;0.437962495460874
45;2;1380;0.44076607712701715
45;2;1390;0.9583163381624146
45;2;1400;1.076429616756077
45;2;1410;1.1041457957548262
45;2;1420;1.125638487736939
45;2;1430;1.1485903075589332
45;2;1440;1.165317969731371
45;2;1450;1.1755484506791243
45;2;1460;1.1795475520857988
45;2;1470;1.1798791083378943
45;2;1480;1.1786408920830445
45;2;1490;1.1713322106470807
45;2;1500;1.162060099702181
45;2;1510;1.1471098242147602
45;2;1520;1.128228927512903
45;2;1530;1.1035522936836348
45;2;1540;1.0713257410945667
45;2;1550;1.0292216556260052
45;2;1560;0.9796254494505043
45;2;1570;0.9262674343059881
45;2;1580;0.8620859620932999
45;2;1590;0.8026869795165307
45;2;1600;0.7303967945641654
45;2;1610;0.6587008991081289
45;2;1620;0.601038340949464
45;2;1630;0.5511623204164436
45;2;1640;0.5192538187965913
45;2;1650;0.4947385840004011
45;2;1660;0.49453183948785795
45;2;1670;0.5207654834279191
45;2;1680;0.5503978374953168
45;2;1690;0.5902246910808034
45;2;1700;0.6220030550178259
45;2;1710;0.6343839154368419
45;2;1720;0.6626303670141692
45;2;1730;0.6887285286808369
45;2;1740;0.7108618974847445
45;2;1750;0.7377712258587206
45;2;1760;0.7807376554810866
45;2;1770;0.8017429782840683
45;2;1780;0.8246358567560392
45;2;1790;0.8159450572300125
45;2;1800;0.8088104611757636
45;2;1810;0.7995704696546639
45;2;1820;0.7963582080435325
45;2;1828;0.7814580292773308
45;2;1837;0.976683614542214
45;2;1847;0.9806616547232042
45;2;1857;0.9977189880782829
45;2;1867;1.0311463103034202
45;2;1877;1.0603891110274533
45;2;1887;1.0643309556709517
45;2;1897;0.9895638735592451
45;2;1907;0.7794878811346085
45;2;1917;0.6871375565222931
45;2;1927;0.7643661998163348
45;2;1937;0.9018085900377648
45;2;1947;1.017779051626912
45;2;1957;1.095056385877683
45;2;1967;1.1365205999510601
45;2;1977;1.1595310534023202
45;2;1987;1.1711284311405081
45;2;1997;1.1747582101574732
45;2;2007;1.1751086302765048
45;2;2017;1.172401395320212
45;2;2027;1.1652740310617924
45;2;2037;1.1565139611960493
45;2;2047;1.1442611013633401
45;2;2057;1.1326316185255212
45;2;2067;1.119884451793292
45;2;2077;1.1072082881412755
45;2;2087;1.0930634645034218
45;2;2097;1.0805031278034187
45;2;2107;1.068166339580215
45;2;2117;1.0582195402797705
45;2;2127;1.0476511270964406
45;2;2137;1.0415203971451799
45;2;2147;1.032522855355976
45;2;2157;1.0255067044617283
45;2;2167;1.0202753563626452
45;2;2177;1.0185121139194993
45;2;2187;1.0194268963742203
45;2;2197;1.0228211886994036
45;2;2207;1.0272765955387257
45;2;2217;1.0276014132362796
45;2;2227;1.027814185678967
45;2;2237;1.026646059302695
45;2;2247;1.0215883130097458
45;2;2257;1.0135285880334277
45;2;2267;1.0094181449609438
45;2;2277;1.0102839755540902
45;2;2287;1.0149211435164083
45;2;2297;1.0181944983540352
45;2;2307;1.0253726089900437
45;2;2317;1.0361021217510649
45;2;2327;1.048549906029089
45;2;2337;1.0554214201033139
45;2;2347;1.0659503685468923
45;2;2357;1.0777149494632075
45;2;2367;1.0843268776784856
45;2;2377;1.0958297624454765
45;2;2387;1.1065107036265294
45;2;2397;1.1052477131060052
45;2;2407;1.1122350761989341
45;2;2417;1.1147066115568287
45;2;2427;1.1186129278884769
45;2;2437;1.123527686646055
45;2;2446;1.1132668640479086
45;3;405;1.099102852596379
45;3;415;1.1061202265744752
45;3;425;1.104637181266197
45;3;435;1.101908027406825
45;3;445;1.100065309142719
45;3;455;1.0994484896090904
45;3;465;1.0984533969163257
45;3;475;1.096783229871857
45;3;485;1.0948950006685076
45;3;495;1.0917737127357439
45;3;505;1.0900881163054799
45;3;515;1.081364250678826
45;3;525;1.03773182118008
45;3;535;0.964002918812706
45;3;545;0.9141933899297514
45;3;555;0.9001923009793705
45;3;565;0.9757398933053905
45;3;575;1.0444395966843467
45;3;585;1.071740947878387
45;3;595;1.0794493115470818
45;3;605;1.0892187778142073
45;3;615;1.0967787551702428
45;3;625;1.1000248379383895
45;3;635;1.1013967139927634
45;3;645;1.1029794747133723
45;3;655;1.1065714735889565
45;3;665;1.1112879052075395
45;3;675;1.1191431527553948
45;3;685;1.1308396285856186
45;3;694;1.1437259488398461
45;3;701;0.7169548473549563
45;3;706;0.39573025176391413
45;3;714;0.7016505632262853
45;3;724;0.6444033910994195
45;3;732;0.1408121427792501
45;3;741;0.7504625506039782
45;3;751;0.97173360578078
45;3;761;1.0009374499570314
45;3;771;1.006233952456218
45;3;781;1.00783597291194
45;3;791;1.0118527200446659
45;3;801;1.014262662510971
45;3;811;1.0166018823131797
45;3;821;1.0159192785001792
45;3;831;1.0129700029335367
45;3;841;1.0084324312768782
45;3;851;1.0043270439742036
45;3;861;1.000415647930021
45;3;871;1.0002036459144497
45;3;881;0.9995785458663272
45;3;891;0.9996033720803694
45;3;901;1.001571047325961
45;3;911;1.0026381194551235
45;3;921;1.0027532461395705
45;3;931;1.00213119765856
45;3;941;0.998402828035421
45;3;951;0.9915960486851624
45;3;961;0.9868124283562306
45;3;971;0.9830141272988893
45;3;981;0.9847565814517036
45;3;991;0.9884568366113552
45;3;1001;0.9948222760304415
45;3;1011;0.9925898303612468
45;3;1021;1.000885217057189
45;3;1031;1.0072419501182788
45;3;1041;1.0125869351526535
45;3;1051;1.012635908877015
45;3;1061;1.0045010336379208
45;3;1071;0.9837261037550717
45;3;1081;0.9578202489857145
45;3;1091;0.9368896160558207
45;3;1101;0.9304834382675811
45;3;1111;0.9572071036505201
45;3;1121;1.001869883725905
45;3;1131;1.0437100550437912
45;3;1141;1.0728016060038434
45;3;1151;1.0871179062170364
45;3;1161;1.0954850045716915
45;3;1171;1.0947844500914126
45;3;1181;1.0940298863125213
45;3;1191;1.0923831888728501
45;3;1201;1.0886087504973567
45;3;1211;1.0840111468943674
45;3;1221;1.0813194505075518
45;3;1231;1.0788432590562154
45;3;1241;1.077999147458
45;3;1251;1.0817104716383985
45;3;1261;1.0815208349727443
45;3;1271;1.0845562965827682
45;3;1281;1.0873323671067698
45;3;1291;1.0890128975517293
45;3;1301;1.0882099071643427
45;3;1311;1.075899459336295
45;3;1321;1.048199030504913
45;3;1331;1.064700396634004
45;3;1341;1.1208091985930082
45;3;1351;1.0564796621282047
45;3;1361;0.8728437984772904
45;3;1371;0.6555677510143627
45;3;1380;0.49447618573319635
45;3;1390;0.9085245287505235
45;3;1400;1.0437589023306661
45;3;1410;1.07887491730774
45;3;1420;1.1062053349136267
45;3;1430;1.131664882240851
45;3;1440;1.1498656987542184
45;3;1450;1.1599011046937717
45;3;1460;1.163762129886952
45;3;1470;1.1638275530569993
45;3;1480;1.1618389637593494
45;3;1490;1.1540286833034537
45;3;1500;1.1446928896255326
45;3;1510;1.1299185049629745
45;3;1520;1.1106540513609833
45;3;1530;1.087363882761439
45;3;1540;1.0577656054704676
45;3;1550;1.0199650201836075
45;3;1560;0.9751227191788934
45;3;1570;0.9279378970666128
45;3;1580;0.8712569577294406
45;3;1590;0.8186578796159891
45;3;1600;0.7513617579084266
45;3;1610;0.685982873152719
45;3;1620;0.6331377247277267
45;3;1630;0.5861399120588282
45;3;1640;0.5595989173150262
45;3;1650;0.5383469363279256
45;3;1660;0.5401295206433643
45;3;1670;0.5608901105964571
45;3;1680;0.5869661401144701
45;3;1690;0.6183606431061409
45;3;1700;0.6421453814009568
45;3;1710;0.6543963512007516
45;3;1720;0.6738697186683025
45;3;1730;0.7003453855318027
45;3;1740;0.7148650173085446
45;3;1750;0.7363757586096328
45;3;1760;0.7731325040616963
45;3;1770;0.7902158822244554
45;3;1780;0.80751022275308
45;3;1790;0.7996071297710362
45;3;1800;0.7938736504856749
45;3;1810;0.7839583613962322
45;3;1820;0.7799434164360687
45;3;1828;0.7653558147075602
45;3;1837;0.9456802190613719
45;3;1847;0.9545943596521663
45;3;1857;0.9749540026512641
45;3;1867;1.0097744187491016
45;3;1877;1.033880341314557
45;3;1887;1.0235841521976226
45;3;1897;0.8968899074070347
45;3;1907;0.5674618084111729
45;3;1917;0.4510256489053525
45;3;1927;0.5812298431045899
45;3;1937;0.8018729325069032
45;3;1947;0.9810975826823912
45;3;1957;1.0890596248739302
45;3;1967;1.140227210052834
45;3;1977;1.164229194563627
45;3;1987;1.175046229195921
45;3;1997;1.176888098594128
45;3;2007;1.1758047728067957
45;3;2017;1.172466002723633
45;3;2027;1.1665322733912922
45;3;2037;1.1576469673327854
45;3;2047;1.147646441123597
45;3;2057;1.1389736995095727
45;3;2067;1.129083286047669
45;3;2077;1.1201879301769304
45;3;2087;1.110074882200888
45;3;2097;1.1002132978464492
45;3;2107;1.0898977804135361
45;3;2117;1.081331684759853
45;3;2127;1.071557131663767
45;3;2137;1.0636593572867408
45;3;2147;1.0540486864492344
45;3;2157;1.045948131670015
45;3;2167;1.0396715256548203
45;3;2177;1.0351349597954462
45;3;2187;1.0324393006465538
45;3;2197;1.0336753920684478
45;3;2207;1.035196887045491
45;3;2217;1.0344375149275233
45;3;2227;1.0329742185358917
45;3;2237;1.031118732422891
45;3;2247;1.028387010918399
45;3;2257;1.0254652569932254
45;3;2267;1.0259330708045977
45;3;2277;1.0330051149820254
45;3;2287;1.0384862867337201
45;3;2297;1.0395763659272061
45;3;2307;1.0447399820008163
45;3;2317;1.055861306359734
45;3;2327;1.0651432178721492
45;3;2337;1.0697034880208385
45;3;2347;1.0781657899436117
45;3;2357;1.085135640259654
45;3;2367;1.0910408791729502
45;3;2377;1.100241126729368
45;3;2387;1.1064742905715723
45;3;2397;1.1093606958916875
45;3;2407;1.1143471092663373
45;3;2417;1.1179749464666922
45;3;2427;1.1190273740849044
45;3;2437;1.1258371233499749
45;3;2446;1.1167554459181124
45;4;405;1.1004798709744146
45;4;415;1.1072183347144033
45;4;425;1.1053384899363583
45;4;435;1.096781262831742
45;4;445;1.0952414590409185
45;4;455;1.0959556121870386
45;4;465;1.0917675453871138
45;4;475;1.090580442447218
45;4;485;1.0887840906447275
45;4;495;1.0844657121908965
45;4;505;1.080990448168025
45;4;515;1.0696866965093264
45;4;525;1.0206743714687248
45;4;535;0.9498475015364319
45;4;545;0.9056921482533004
45;4;555;0.8924109970733831
45;4;565;0.9515967037144744
45;4;575;1.0165251333255068
45;4;585;1.0465404818262185
45;4;595;1.0577288446904956
45;4;605;1.0706851443883487
45;4;615;1.0848919405319983
45;4;625;1.0924163513550684
45;4;635;1.095216592711676
45;4;645;1.102531719372172
45;4;655;1.1134453775757798
45;4;665;1.126114032207467
45;4;675;1.143889913949589
45;4;685;1.1662388369640317
45;4;694;1.1639242967105874
45;4;701;0.845378174889396
45;4;706;0.32738597393512436
45;4;714;0.39426341598482934
45;4;724;0.29005846160291715
45;4;732;0.3458068637289279
45;4;741;0.8724723205976875
45;4;751;1.0215188091555978
45;4;761;1.033619841493626
45;4;771;1.031031653865695
45;4;781;1.028674511241731
45;4;791;1.0306793749433842
45;4;801;1.031741342112496
45;4;811;1.0333031784917557
45;4;821;1.0311816830010012
45;4;831;1.0258929561910273
45;4;841;1.0199145577618953
45;4;851;1.0145966538060627
45;4;861;1.0100656593403818
45;4;871;1.0090788046156456
45;4;881;1.0079017757529942
45;4;891;1.0078066124640226
45;4;901;1.0088762996456
45;4;911;1.009400436235591
45;4;921;1.0093396682269842
45;4;931;1.0083977635360286
45;4;941;1.0056157838300765
45;4;951;0.9993940916164554
45;4;961;0.9958781120487067
45;4;971;0.9930605786664861
45;4;981;0.994468469892089
45;4;991;0.9976072828531786
45;4;1001;1.0025733056406756
45;4;1011;1.0022148869841738
45;4;1021;1.0081523100510086
45;4;1031;1.0131791416364477
45;4;1041;1.0173277949773005
45;4;1051;1.0191936945312798
45;4;1061;1.012512540110662
45;4;1071;0.9962459271749419
45;4;1081;0.9720742641655368
45;4;1091;0.954820806412985
45;4;1101;0.9480515005955922
45;4;1111;0.9713527270285478
45;4;1121;1.0079783045874318
45;4;1131;1.0398803417094231
45;4;1141;1.05435820894481
45;4;1151;1.057069949237742
45;4;1161;1.0573136107481473
45;4;1171;1.0494622355279422
45;4;1181;1.0460093262592831
45;4;1191;1.0454443108888445
45;4;1201;1.0384261347803967
45;4;1211;1.0291191845002277
45;4;1221;1.025019769867794
45;4;1231;1.0198318538659314
45;4;1241;1.0176163826878497
45;4;1251;1.0234410961572504
45;4;1261;1.024447378590763
45;4;1271;1.0308986970326293
45;4;1281;1.0352083778972956
45;4;1291;1.039142612044435
45;4;1301;1.0481822812406327
45;4;1311;1.0534187613182349
45;4;1321;1.0379544556500617
45;4;1331;1.0432142661771746
45;4;1341;1.0562053958907835
45;4;1351;0.9167416226778413
45;4;1361;0.6790937966201854
45;4;1371;0.4148615880071484
45;4;1380;0.4189634431037362
45;4;1390;0.9382022508690074
45;4;1400;1.0801318615662507
45;4;1410;1.1134953757974004
45;4;1420;1.1373936671951015
45;4;1430;1.1620879524733114
45;4;1440;1.1815291464919566
45;4;1450;1.1932916939239226
45;4;1460;1.1979922745680476
45;4;1470;1.1971683332214442
45;4;1480;1.1936981713821133
45;4;1490;1.1836689418839434
45;4;1500;1.1723399682222115
45;4;1510;1.1544128000935623
45;4;1520;1.1319886643008272
45;4;1530;1.1046945640026802
45;4;1540;1.0704139744452719
45;4;1550;1.028563146277999
45;4;1560;0.9817259765486426
45;4;1570;0.9341868503268648
45;4;1580;0.8799277458431906
45;4;1590;0.8312787246919722
45;4;1600;0.7720009526463377
45;4;1610;0.712614174675546
45;4;1620;0.6640242872522969
45;4;1630;0.617530372027781
45;4;1640;0.586069259761786
45;4;1650;0.558345374368587
45;4;1660;0.5531664816032726
45;4;1670;0.5781563476305401
45;4;1680;0.6221987685530743
45;4;1690;0.6769773054080451
45;4;1700;0.7164555044248002
45;4;1710;0.7288914536267056
45;4;1720;0.7515545896776193
45;4;1730;0.7751549282876623
45;4;1740;0.7853383660163087
45;4;1750;0.7967893834981054
45;4;1760;0.8224633941320425
45;4;1770;0.8284230865735618
45;4;1780;0.8435459164389842
45;4;1790;0.8316939739365184
45;4;1800;0.8219735635964188
45;4;1810;0.8106157872077105
45;4;1820;0.8021553321053551
45;4;1828;0.7853315706656795
45;4;1837;0.9855496108043126
45;4;1847;0.9818755970062598
45;4;1857;0.9975764280368956
45;4;1867;1.0407479303835308
45;4;1877;1.0826997509174279
45;4;1887;1.0976722356039645
45;4;1897;1.013521044453134
45;4;1907;0.7910441274360538
45;4;1917;0.7031850541904567
45;4;1927;0.7897771540046871
45;4;1937;0.9407744443068153
45;4;1947;1.068466788244755
45;4;1957;1.1522426994371757
45;4;1967;1.1943262359659932
45;4;1977;1.2154865201736174
45;4;1987;1.2258914902215405
45;4;1997;1.2250107376383512
45;4;2007;1.2200039660908915
45;4;2017;1.2119046630258452
45;4;2027;1.1984908101490537
45;4;2037;1.1815178009636067
45;4;2047;1.1595876445403877
45;4;2057;1.1392984968901443
45;4;2067;1.1177347669777775
45;4;2077;1.097628588779647
45;4;2087;1.0766180946502695
45;4;2097;1.0584169024513004
45;4;2107;1.0415233018770673
45;4;2117;1.0290676918321666
45;4;2127;1.0165390534732386
45;4;2137;1.0093219373076094
45;4;2147;0.9997589111870727
45;4;2157;0.9940270373489953
45;4;2167;0.9893292664395212
45;4;2177;0.9884312724273365
45;4;2187;0.99094855093662
45;4;2197;0.9952761680026975
45;4;2207;1.0012949013155334
45;4;2217;1.0033583025956816
45;4;2227;1.0045190052861468
45;4;2237;1.001386984784579
45;4;2247;0.9942734770776465
45;4;2257;0.982625113010376
45;4;2267;0.9751683879434923
45;4;2277;0.9733636353665946
45;4;2287;0.9775623437516271
45;4;2297;0.9799719908217708
45;4;2307;0.9879048206694916
45;4;2317;0.9991329992323607
45;4;2327;1.0151626334037986
45;4;2337;1.0243806512081193
45;4;2347;1.0398665310389732
45;4;2357;1.0541945967295048
45;4;2367;1.063216871365381
45;4;2377;1.0796556587344563
45;4;2387;1.090427043702618
45;4;2397;1.090944917105952
45;4;2407;1.1007805008674498
45;4;2417;1.1033011378823976
45;4;2427;1.1020658118068767
45;4;2437;1.1102061589389447
45;4;2446;1.1000785680259053
46;1;405;1.1047157441958007
46;1;415;1.1111898399416469
46;1;425;1.1126624028981653
46;1;435;1.1057725962284168
46;1;445;1.1036894306536886
46;1;455;1.104136327187561
46;1;465;1.101931861258791
46;1;475;1.100274119626016
46;1;485;1.0981655715843792
46;1;495;1.0931986592892768
46;1;505;1.087354878259137
46;1;515;1.0721996952775732
46;1;525;1.0243333763135754
46;1;535;0.9603085543848288
46;1;545;0.9179544981449227
46;1;555;0.9045501438913408
46;1;565;0.9610269151762091
46;1;575;1.0225601700285127
46;1;585;1.0516440513828311
46;1;595;1.0622091878892288
46;1;605;1.0749248210730615
46;1;615;1.0885285837563954
46;1;625;1.0956159287496612
46;1;635;1.0983592230883117
46;1;645;1.1059323791672837
46;1;655;1.1158187379914482
46;1;665;1.1271313765829247
46;1;675;1.1410822408080996
46;1;685;1.1573930667794123
46;1;694;1.1532723496112995
46;1;701;0.8302869575973012
46;1;706;0.3067631854864652
46;1;714;0.547727315234798
46;1;724;0.4701148439716574
46;1;732;0.21109266510244018
46;1;741;0.8647424612461841
46;1;751;1.010929568847673
46;1;761;1.0213407725320636
46;1;771;1.0194549558338135
46;1;781;1.018466103645033
46;1;791;1.0212630679819996
46;1;801;1.0231379315432763
46;1;811;1.0256107077753611
46;1;821;1.0242709550952074
46;1;831;1.0202679284078635
46;1;841;1.014734409107416
46;1;851;1.009918848942044
46;1;861;1.0056792808266592
46;1;871;1.0049943061922708
46;1;881;1.0042626243338861
46;1;891;1.003896340978619
46;1;901;1.0055031050208252
46;1;911;1.006471648697562
46;1;921;1.0065573016457614
46;1;931;1.0058152097696937
46;1;941;1.0027073542625498
46;1;951;0.9959739335130033
46;1;961;0.991751033514027
46;1;971;0.9888967901866872
46;1;981;0.990873454796562
46;1;991;0.993653166310116
46;1;1001;0.9988165317000263
46;1;1011;0.9961716509921067
46;1;1021;1.0043234600255673
46;1;1031;1.0097043949927764
46;1;1041;1.0149852877867982
46;1;1051;1.0162990464047739
46;1;1061;1.009363343721835
46;1;1071;0.9906448518250403
46;1;1081;0.9650226600550231
46;1;1091;0.9441860794855179
46;1;1101;0.9370487756049412
46;1;1111;0.9628375249968438
46;1;1121;1.0049646976861704
46;1;1131;1.041455461573825
46;1;1141;1.063275656200459
46;1;1151;1.071148086012827
46;1;1161;1.074272641069099
46;1;1171;1.0674409251502228
46;1;1181;1.064605859513346
46;1;1191;1.063774048936292
46;1;1201;1.0576303646617753
46;1;1211;1.051146396976652
46;1;1221;1.0466388188098992
46;1;1231;1.0426414300482647
46;1;1241;1.040731171751057
46;1;1251;1.0454642976122437
46;1;1261;1.0465552562888736
46;1;1271;1.0524319100041646
46;1;1281;1.0565756547241771
46;1;1291;1.0600885972585117
46;1;1301;1.0663842903034655
46;1;1311;1.0651833615208042
46;1;1321;1.0438231521582755
46;1;1331;1.05031738833774
46;1;1341;1.082627183440257
46;1;1351;0.984655426506207
46;1;1361;0.78948751714505
46;1;1371;0.5396592822084902
46;1;1380;0.357986028418254
46;1;1390;0.9259753133843818
46;1;1400;1.0655446983408237
46;1;1410;1.098561743180986
46;1;1420;1.1257929014212356
46;1;1430;1.154606901931769
46;1;1440;1.1764012899034408
46;1;1450;1.189581025724601
46;1;1460;1.195020682453027
46;1;1470;1.1951355342469574
46;1;1480;1.1932197894096577
46;1;1490;1.1843341796207352
46;1;1500;1.1734930831182253
46;1;1510;1.1555688404593645
46;1;1520;1.1331875697600016
46;1;1530;1.1048580913830957
46;1;1540;1.0684990758791326
46;1;1550;1.0217287045020118
46;1;1560;0.9682411575746533
46;1;1570;0.9116760482533798
46;1;1580;0.8461300303356535
46;1;1590;0.7846941732456961
46;1;1600;0.7113166487611923
46;1;1610;0.6387416593575307
46;1;1620;0.5812014609786197
46;1;1630;0.5318306537205791
46;1;1640;0.5035951251440911
46;1;1650;0.4822921518117316
46;1;1660;0.4870502532136899
46;1;1670;0.5195320260671822
46;1;1680;0.5599276860614589
46;1;1690;0.6095383068415917
46;1;1700;0.6406978686131977
46;1;1710;0.6563026121285694
46;1;1720;0.6840007385369359
46;1;1730;0.7110495533122281
46;1;1740;0.7250365555069369
46;1;1750;0.740057683599611
46;1;1760;0.7780559098415938
46;1;1770;0.7908603902762352
46;1;1780;0.810451574443749
46;1;1790;0.7990257340516016
46;1;1800;0.792140741280129
46;1;1810;0.7842032528428958
46;1;1820;0.7786398001688989
46;1;1828;0.7606400036979022
46;1;1837;0.9751110029384153
46;1;1847;0.9692620984654714
46;1;1857;0.976711547239205
46;1;1867;1.0118143586889317
46;1;1877;1.0476241397466106
46;1;1887;1.0617116004357476
46;1;1897;1.0031093635501336
46;1;1907;0.8006194940705423
46;1;1917;0.7220929948017514
46;1;1927;0.8253771970430729
46;1;1937;0.9783253171594791
46;1;1947;1.0945150116414626
46;1;1957;1.1620030164248296
46;1;1967;1.1930610870785308
46;1;1977;1.2071144754964669
46;1;1987;1.2129155902935236
46;1;1997;1.2100864118999284
46;1;2007;1.205446610531702
46;1;2017;1.198619662491223
46;1;2027;1.1869283989113284
46;1;2037;1.173132928921147
46;1;2047;1.1560401445124602
46;1;2057;1.1407435835583997
46;1;2067;1.1234979351494327
46;1;2077;1.1076392379627233
46;1;2087;1.0902854661127868
46;1;2097;1.0757988775411584
46;1;2107;1.0613945119623742
46;1;2117;1.05021278680077
46;1;2127;1.0394393439692453
46;1;2137;1.0320561633796388
46;1;2147;1.0221752786616334
46;1;2157;1.0159562242122915
46;1;2167;1.0115907710091672
46;1;2177;1.0082473331384985
46;1;2187;1.0087807576218941
46;1;2197;1.0118346356693173
46;1;2207;1.0155186128639304
46;1;2217;1.015296108706859
46;1;2227;1.0153916750775096
46;1;2237;1.0131091501024725
46;1;2247;1.0085805010386966
46;1;2257;1.0011314133614235
46;1;2267;0.9971758588661085
46;1;2277;0.998423741250812
46;1;2287;1.0024353876548457
46;1;2297;1.0057517179264732
46;1;2307;1.0125252484974012
46;1;2317;1.0225541936333944
46;1;2327;1.0362011844342653
46;1;2337;1.0422526387099573
46;1;2347;1.054160490202568
46;1;2357;1.0671198743851842
46;1;2367;1.073982204360717
46;1;2377;1.0873246275129134
46;1;2387;1.0976859291865761
46;1;2397;1.097743391264876
46;1;2407;1.1066371954584817
46;1;2417;1.1103378788552265
46;1;2427;1.1113991120986468
46;1;2437;1.1223339035338076
46;1;2446;1.112093767356327
46;2;405;1.0887067422093473
46;2;415;1.0991289584759876
46;2;425;1.0939306620843647
46;2;435;1.0809307678581277
46;2;445;1.079061996781221
46;2;455;1.077605159871034
46;2;465;1.071527944125568
46;2;475;1.0682578042605384
46;2;485;1.0647746288669815
46;2;495;1.0582729269809612
46;2;505;1.0520863525092776
46;2;515;1.0377811415267528
46;2;525;0.992232237441935
46;2;535;0.934050240582134
46;2;545;0.8998665221188186
46;2;555;0.8902658674326501
46;2;565;0.9384071540179352
46;2;575;0.9922668886455398
46;2;585;1.017738154657004
46;2;595;1.0272721873275787
46;2;605;1.0385403524380579
46;2;615;1.0513646590310837
46;2;625;1.058402870470728
46;2;635;1.0615236715602403
46;2;645;1.0701555872930861
46;2;655;1.0828424806938064
46;2;665;1.0992617296998874
46;2;675;1.1201932019906746
46;2;685;1.1451102960140516
46;2;694;1.139133842734412
46;2;701;0.8959461547918249
46;2;706;0.4374222773986955
46;2;714;0.378261649289319
46;2;724;0.2713897548549667
46;2;732;0.4743111138699631
46;2;741;0.9299437089023793
46;2;751;1.0298909282015456
46;2;761;1.0322953162981725
46;2;771;1.029042839900914
46;2;781;1.0282462107484869
46;2;791;1.0303327223668333
46;2;801;1.0319974863765082
46;2;811;1.0338554651809406
46;2;821;1.0327918652213068
46;2;831;1.029689656196493
46;2;841;1.026622221123817
46;2;851;1.024198015101
46;2;861;1.0222601434398604
46;2;871;1.0220737012441747
46;2;881;1.0217687637637978
46;2;891;1.0215394938779914
46;2;901;1.0221687010096274
46;2;911;1.022333451966125
46;2;921;1.0222999777698363
46;2;931;1.0221226424196161
46;2;941;1.020201161495066
46;2;951;1.0167942901155678
46;2;961;1.0141139001661388
46;2;971;1.0120836072134305
46;2;981;1.0137600132623572
46;2;991;1.0161843307596101
46;2;1001;1.0200291689199097
46;2;1011;1.0186719778184872
46;2;1021;1.0232349506394334
46;2;1031;1.0266690410979729
46;2;1041;1.0294285409327701
46;2;1051;1.0294198689333394
46;2;1061;1.026174683645628
46;2;1071;1.016102832883153
46;2;1081;1.0029051283708985
46;2;1091;0.9925869537757898
46;2;1101;0.9888757058107182
46;2;1111;1.0074785228048762
46;2;1121;1.0311245899426025
46;2;1131;1.0485720987775047
46;2;1141;1.052901925776583
46;2;1151;1.0471727052677093
46;2;1161;1.0413094527158706
46;2;1171;1.0269618027797904
46;2;1181;1.0185117096087284
46;2;1191;1.014755492856572
46;2;1201;1.0044263630034393
46;2;1211;0.9946018191187412
46;2;1221;0.989369398148302
46;2;1231;0.9853618204926622
46;2;1241;0.9836668075940637
46;2;1251;0.9891241512358101
46;2;1261;0.9915154132864187
46;2;1271;0.9985869469058961
46;2;1281;1.0037014247687854
46;2;1291;1.0104486479630375
46;2;1301;1.0283791177550097
46;2;1311;1.0514858099532818
46;2;1321;1.0583281688606554
46;2;1331;1.0703564737616638
46;2;1341;1.0762181945104705
46;2;1351;0.8996267542729741
46;2;1361;0.5645351696144826
46;2;1371;0.2223014618708716
46;2;1380;0.5467564386963241
46;2;1390;0.9780189843452552
46;2;1400;1.0629919319595988
46;2;1410;1.0845162152789154
46;2;1420;1.111032011559152
46;2;1430;1.1467944772635847
46;2;1440;1.1773186147818906
46;2;1450;1.1974640557495573
46;2;1460;1.2076974126456272
46;2;1470;1.2114967989069814
46;2;1480;1.213103774562756
46;2;1490;1.205803610025556
46;2;1500;1.1984610536652518
46;2;1510;1.1832661897868448
46;2;1520;1.1640986625892096
46;2;1530;1.1416339949404295
46;2;1540;1.109279893657509
46;2;1550;1.0717494984722933
46;2;1560;1.0286380934482724
46;2;1570;0.9835473604986976
46;2;1580;0.9338148458612917
46;2;1590;0.8834357339616828
46;2;1600;0.823656514842486
46;2;1610;0.7566991327574948
46;2;1620;0.6949988676288935
46;2;1630;0.6311559987618369
46;2;1640;0.5777704946408136
46;2;1650;0.5297485741111215
46;2;1660;0.5075619805106483
46;2;1670;0.5229468215257327
46;2;1680;0.5741891194081069
46;2;1690;0.651428307613691
46;2;1700;0.7038172743183979
46;2;1710;0.7296685671088842
46;2;1720;0.7741054574820879
46;2;1730;0.8156577371901909
46;2;1740;0.8338621847981353
46;2;1750;0.8515971260674879
46;2;1760;0.8807637449425345
46;2;1770;0.8871914519208218
46;2;1780;0.9034431098436626
46;2;1790;0.8922347409464257
46;2;1800;0.8891171883274608
46;2;1810;0.8832273288378106
46;2;1820;0.8756510878275987
46;2;1828;0.8582860663108707
46;2;1837;1.102895744574804
46;2;1847;1.042422129856503
46;2;1857;0.990680566370295
46;2;1867;0.9811291155010433
46;2;1877;1.0071096208455788
46;2;1887;1.0281020153519378
46;2;1897;0.9717173185350046
46;2;1907;0.7924980276093426
46;2;1917;0.7431497339511259
46;2;1927;0.8419918501886526
46;2;1937;0.9920493610260579
46;2;1947;1.108873665919997
46;2;1957;1.1772469367780836
46;2;1967;1.208648290718039
46;2;1977;1.2224618035637373
46;2;1987;1.226191570550346
46;2;1997;1.217953085658798
46;2;2007;1.2078075100663102
46;2;2017;1.1949418990284726
46;2;2027;1.1742354666337211
46;2;2037;1.1514422613395434
46;2;2047;1.12468845744553
46;2;2057;1.1028685324108747
46;2;2067;1.0809861125569844
46;2;2077;1.0617651587819252
46;2;2087;1.0433512021251323
46;2;2097;1.0276494825704585
46;2;2107;1.0148356651484447
46;2;2117;1.006780973533755
46;2;2127;0.9992210320213963
46;2;2137;0.996272878674164
46;2;2147;0.993771063104322
46;2;2157;0.9940364990209682
46;2;2167;0.995142817726248
46;2;2177;0.9995563348486659
46;2;2187;1.0031093111894465
46;2;2197;1.00557487116601
46;2;2207;1.0083008271080558
46;2;2217;1.010266639664819
46;2;2227;1.0120660512486779
46;2;2237;1.0105815205856037
46;2;2247;1.0087876340659787
46;2;2257;1.003729216621993
46;2;2267;0.9974646811559479
46;2;2277;0.9885347311829787
46;2;2287;0.9873169195934757
46;2;2297;0.9853428887795002
46;2;2307;0.9880654785180473
46;2;2317;0.9912989820279205
46;2;2327;0.9991891727319072
46;2;2337;1.0049256546007561
46;2;2347;1.014413102928279
46;2;2357;1.0237494058839973
46;2;2367;1.031127279010749
46;2;2377;1.0449173567063295
46;2;2387;1.0562786876348105
46;2;2397;1.0578107607243645
46;2;2407;1.0690113995168768
46;2;2417;1.0729314870477829
46;2;2427;1.0766442517009092
46;2;2437;1.0942760184284401
46;2;2446;1.080236819234954
46;3;405;1.1063298035478535
46;3;415;1.112072062251331
46;3;425;1.111941132753931
46;3;435;1.1088116319542611
46;3;445;1.107696360349859
46;3;455;1.1076890437989622
46;3;465;1.1057602992314362
46;3;475;1.1040440187092053
46;3;485;1.1032096413933632
46;3;495;1.1004491089357833
46;3;505;1.09818376819722
46;3;515;1.089823663891694
46;3;525;1.03630794864968
46;3;535;0.9549199175392905
46;3;545;0.9066572994159733
46;3;555;0.8921567446285567
46;3;565;0.959181904158745
46;3;575;1.0326091181989219
46;3;585;1.0658220399317524
46;3;595;1.0772085104906708
46;3;605;1.0889251712252543
46;3;615;1.1009129624243563
46;3;625;1.106134833547857
46;3;635;1.108019658896906
46;3;645;1.1122996605098021
46;3;655;1.118300095457609
46;3;665;1.1253507709116048
46;3;675;1.1361364513319772
46;3;685;1.1494761329201248
46;3;694;1.141211681655042
46;3;701;0.7496115621056476
46;3;706;0.2147630899133346
46;3;714;0.38853956757072167
46;3;724;0.2858789242296366
46;3;732;0.23698024846411772
46;3;741;0.8164225463216721
46;3;751;0.9955509372506873
46;3;761;1.0235512413234333
46;3;771;1.0273111390680936
46;3;781;1.027765853634257
46;3;791;1.0310999555849947
46;3;801;1.032630696534548
46;3;811;1.0349101630406572
46;3;821;1.0336347913402621
46;3;831;1.0298040729197486
46;3;841;1.0243555479262347
46;3;851;1.0194951496004427
46;3;861;1.0150453501973062
46;3;871;1.0139273696689912
46;3;881;1.0129357647043258
46;3;891;1.0128271365044355
46;3;901;1.0140821464720626
46;3;911;1.0149448365545801
46;3;921;1.0145264766732986
46;3;931;1.0133406262449607
46;3;941;1.009855323123366
46;3;951;1.0027947030086426
46;3;961;0.9978111304654498
46;3;971;0.9955643459916441
46;3;981;0.9966174741279403
46;3;991;1.0005950770707979
46;3;1001;1.0061814491377943
46;3;1011;1.0043999418973921
46;3;1021;1.0116048193556828
46;3;1031;1.0170150202583255
46;3;1041;1.022791189150435
46;3;1051;1.023767876922439
46;3;1061;1.016592851272392
46;3;1071;0.9989236961109882
46;3;1081;0.9733494882910704
46;3;1091;0.95147901269276
46;3;1101;0.9443632637286397
46;3;1111;0.9685015943464205
46;3;1121;1.0105023539122553
46;3;1131;1.048451840135977
46;3;1141;1.0697890584593999
46;3;1151;1.0761244665188716
46;3;1161;1.078857609732663
46;3;1171;1.0748294827739586
46;3;1181;1.0720363383628324
46;3;1191;1.070984356844597
46;3;1201;1.0662319508070053
46;3;1211;1.0583810268552325
46;3;1221;1.055674094377543
46;3;1231;1.053059204057855
46;3;1241;1.0516008751200234
46;3;1251;1.0560450942987494
46;3;1261;1.0564117223815384
46;3;1271;1.0603635376839404
46;3;1281;1.0628784899893986
46;3;1291;1.066313088834467
46;3;1301;1.0715390359191104
46;3;1311;1.0681549445151737
46;3;1321;1.0446492448726576
46;3;1331;1.0493584592395755
46;3;1341;1.0691643473752617
46;3;1351;0.9458860375570177
46;3;1361;0.7195425596924674
46;3;1371;0.453763373863555
46;3;1380;0.3982901131517917
46;3;1390;0.9288306712470195
46;3;1400;1.0762223270408555
46;3;1410;1.1117420797110504
46;3;1420;1.1338496540496896
46;3;1430;1.154615700842464
46;3;1440;1.1692098703543188
46;3;1450;1.1776862645774344
46;3;1460;1.1803425720428282
46;3;1470;1.179828848598027
46;3;1480;1.1774745644977778
46;3;1490;1.1695067525503735
46;3;1500;1.1599705581495345
46;3;1510;1.1450710289867485
46;3;1520;1.1258841149565006
46;3;1530;1.1012690826324791
46;3;1540;1.0692134518215237
46;3;1550;1.027829253882743
46;3;1560;0.978425232585145
46;3;1570;0.9251383189471761
46;3;1580;0.8606949891819682
46;3;1590;0.8005039811582506
46;3;1600;0.7288968184474031
46;3;1610;0.6587174133477272
46;3;1620;0.6056024123372967
46;3;1630;0.5616065753117315
46;3;1640;0.5355887927819414
46;3;1650;0.5133759532497284
46;3;1660;0.5165249308648312
46;3;1670;0.5420496181627175
46;3;1680;0.5707430354793495
46;3;1690;0.6066050086804049
46;3;1700;0.6367617726509058
46;3;1710;0.646748974914671
46;3;1720;0.6678980154209356
46;3;1730;0.689370246508141
46;3;1740;0.7064778676534855
46;3;1750;0.7278734261990623
46;3;1760;0.7667184503185316
46;3;1770;0.7838197370314554
46;3;1780;0.8051343980271447
46;3;1790;0.7946325618433698
46;3;1800;0.7847010112593826
46;3;1810;0.774808358486811
46;3;1820;0.7668450585761758
46;3;1828;0.7505021784772917
46;3;1837;0.9700446123702638
46;3;1847;0.9806475387754787
46;3;1857;1.0069142154651132
46;3;1867;1.0457399702185428
46;3;1877;1.0757380538797587
46;3;1887;1.0731094570605026
46;3;1897;0.9792854688579427
46;3;1907;0.7588641407536836
46;3;1917;0.670299715267342
46;3;1927;0.7463353532857349
46;3;1937;0.8837881674624485
46;3;1947;1.0028255786331592
46;3;1957;1.0854795013000054
46;3;1967;1.1319144912705728
46;3;1977;1.15709966887419
46;3;1987;1.1710119699362058
46;3;1997;1.1771682833243835
46;3;2007;1.1785037724099763
46;3;2017;1.1764572216408204
46;3;2027;1.1709552655092121
46;3;2037;1.162934993166425
46;3;2047;1.1515958441484337
46;3;2057;1.1399238302934565
46;3;2067;1.1270505867371379
46;3;2077;1.113884000454974
46;3;2087;1.099471849044197
46;3;2097;1.085727313090432
46;3;2107;1.0721705630287168
46;3;2117;1.0619015414931043
46;3;2127;1.0494468374654058
46;3;2137;1.0426755815988593
46;3;2147;1.0328936267545343
46;3;2157;1.0250484976573506
46;3;2167;1.0190622365724198
46;3;2177;1.0168797078668919
46;3;2187;1.0184949705654622
46;3;2197;1.022552901752858
46;3;2207;1.027773346856346
46;3;2217;1.029550686724119
46;3;2227;1.0301958207991422
46;3;2237;1.028287879236178
46;3;2247;1.0224250598788167
46;3;2257;1.0117120510277082
46;3;2267;1.0054081150232441
46;3;2277;1.006867904909467
46;3;2287;1.0122016122999524
46;3;2297;1.0159955771743607
46;3;2307;1.0239705658554576
46;3;2317;1.0368255000005768
46;3;2327;1.0513574916428177
46;3;2337;1.0597481816813146
46;3;2347;1.0725721636399117
46;3;2357;1.08545272067004
46;3;2367;1.0928913318659568
46;3;2377;1.1052984734244338
46;3;2387;1.1156481601399744
46;3;2397;1.1162018433605072
46;3;2407;1.1223606564176674
46;3;2417;1.1261483211008954
46;3;2427;1.127633705488086
46;3;2437;1.131153872431176
46;3;2446;1.1241630816614758
46;4;405;1.113180910186119
46;4;415;1.1193672923157456
46;4;425;1.1208590460813592
46;4;435;1.1138815552726615
46;4;445;1.1132064467365024
46;4;455;1.1124409629644547
46;4;465;1.1097955874260232
46;4;475;1.1087680962040174
46;4;485;1.1059381157290358
46;4;495;1.1023366835743937
46;4;505;1.099066577478043
46;4;515;1.0859950098620321
46;4;525;1.0348583133891034
46;4;535;0.961807780924388
46;4;545;0.9172379426825881
46;4;555;0.9043960334437583
46;4;565;0.9714190711483245
46;4;575;1.038657907993905
46;4;585;1.0683313048330043
46;4;595;1.0784472580213922
46;4;605;1.0901751330994225
46;4;615;1.101075060934067
46;4;625;1.1068611052443962
46;4;635;1.1094126193898812
46;4;645;1.1148802419516102
46;4;655;1.1217593668237105
46;4;665;1.1296634792297033
46;4;675;1.1409293121713298
46;4;685;1.1551236139431837
46;4;694;1.1501892811923389
46;4;701;0.7436482938651809
46;4;706;0.15850050924519288
46;4;714;0.5723510991396411
46;4;724;0.49351392026404467
46;4;732;0.04574390726286751
46;4;741;0.7607717038180215
46;4;751;0.9942036087045151
46;4;761;1.0297965692929685
46;4;771;1.0351976057156167
46;4;781;1.0360301673121783
46;4;791;1.039893292349629
46;4;801;1.042004512709951
46;4;811;1.044063446532761
46;4;821;1.0428198846872234
46;4;831;1.03848941198118
46;4;841;1.0330731455768176
46;4;851;1.0278750596564237
46;4;861;1.0229422231160292
46;4;871;1.0220882089407108
46;4;881;1.0212378536563596
46;4;891;1.0214611747546019
46;4;901;1.02315992613222
46;4;911;1.0241739758049417
46;4;921;1.0242325959317822
46;4;931;1.0230907603053043
46;4;941;1.0201295840545042
46;4;951;1.0122994367698623
46;4;961;1.0081654623220162
46;4;971;1.0047751090919188
46;4;981;1.0057109750778985
46;4;991;1.009735594453089
46;4;1001;1.0155456759009847
46;4;1011;1.014382426660657
46;4;1021;1.0211463463366586
46;4;1031;1.0289456552618264
46;4;1041;1.032448737693275
46;4;1051;1.03424666926582
46;4;1061;1.0256424640643966
46;4;1071;1.0060415410805248
46;4;1081;0.9769674138843769
46;4;1091;0.9564715661054999
46;4;1101;0.949160606562039
46;4;1111;0.978550235889997
46;4;1121;1.0244821448414134
46;4;1131;1.0621751899485967
46;4;1141;1.0841928140909147
46;4;1151;1.0938350646044466
46;4;1161;1.0961495329521387
46;4;1171;1.0920073642066237
46;4;1181;1.0878312706412836
46;4;1191;1.085839878544639
46;4;1201;1.0810619949301985
46;4;1211;1.0744424947833562
46;4;1221;1.0715929750928
46;4;1231;1.0690758529176283
46;4;1241;1.0678848876446976
46;4;1251;1.0716045750176904
46;4;1261;1.072807246138374
46;4;1271;1.0755725331422432
46;4;1281;1.078440670174511
46;4;1291;1.0797865587001891
46;4;1301;1.0836215033921714
46;4;1311;1.0822606175896996
46;4;1321;1.0632145380634899
46;4;1331;1.0759658742154983
46;4;1341;1.1096104782176195
46;4;1351;1.0152575476258643
46;4;1361;0.8289325266565022
46;4;1371;0.593725496760318
46;4;1380;0.4036886611583968
46;4;1390;0.8977845629783081
46;4;1400;1.0426981578173153
46;4;1410;1.0792269080106682
46;4;1420;1.1081642273754233
46;4;1430;1.1355671912778862
46;4;1440;1.1553594515164611
46;4;1450;1.167307081853634
46;4;1460;1.1730643197361115
46;4;1470;1.1752110098531134
46;4;1480;1.1762139164524947
46;4;1490;1.1715325951269402
46;4;1500;1.1653935015169798
46;4;1510;1.15405408141712
46;4;1520;1.1375086403085106
46;4;1530;1.116184400486941
46;4;1540;1.0869714432865278
46;4;1550;1.0486900002337505
46;4;1560;0.9999541938757035
46;4;1570;0.9471609986182719
46;4;1580;0.8810561660762479
46;4;1590;0.8174904025340065
46;4;1600;0.7340347927511258
46;4;1610;0.6485768697875326
46;4;1620;0.5753702867045587
46;4;1630;0.5113246731599941
46;4;1640;0.47139523451091364
46;4;1650;0.44335418322545533
46;4;1660;0.4428104418914006
46;4;1670;0.4687419710581601
46;4;1680;0.5001218827263435
46;4;1690;0.5374562852106028
46;4;1700;0.5665000446272986
46;4;1710;0.5797921357608596
46;4;1720;0.6057247140204916
46;4;1730;0.6419346365266928
46;4;1740;0.6636464722508755
46;4;1750;0.6960241355928591
46;4;1760;0.7443800943555854
46;4;1770;0.7703414435661822
46;4;1780;0.7961767987093671
46;4;1790;0.784095032779051
46;4;1800;0.7735076076099774
46;4;1810;0.7566447090021218
46;4;1820;0.7544185449974666
46;4;1828;0.7370780817683987
46;4;1837;0.958381273285169
46;4;1847;0.9649160138280012
46;4;1857;0.9835182187007432
46;4;1867;1.0160293719440103
46;4;1877;1.0361711745853797
46;4;1887;1.0193828734300001
46;4;1897;0.8789058818695734
46;4;1907;0.5575896567802594
46;4;1917;0.4354130339686674
46;4;1927;0.5544575724969497
46;4;1937;0.7609009215160343
46;4;1947;0.9379359855286922
46;4;1957;1.0528803991190276
46;4;1967;1.111828376301014
46;4;1977;1.1444392411719038
46;4;1987;1.161075555820966
46;4;1997;1.1676500076718361
46;4;2007;1.1700377649612037
46;4;2017;1.1687978628818387
46;4;2027;1.1642619824606655
46;4;2037;1.157125485944071
46;4;2047;1.147434692268119
46;4;2057;1.1388915646733366
46;4;2067;1.1272920161359017
46;4;2077;1.1174609486315166
46;4;2087;1.1056295449947777
46;4;2097;1.0940225604919405
46;4;2107;1.0831430568677163
46;4;2117;1.0741001526990366
46;4;2127;1.064474999684108
46;4;2137;1.0578485181828392
46;4;2147;1.0490189999792487
46;4;2157;1.0420268686977545
46;4;2167;1.0355972904348332
46;4;2177;1.033292471296967
46;4;2187;1.032594680554841
46;4;2197;1.0349170952426296
46;4;2207;1.0388275712689563
46;4;2217;1.0391519183250335
46;4;2227;1.0386374533997678
46;4;2237;1.0364471245310394
46;4;2247;1.0322555233096762
46;4;2257;1.0258072995006913
46;4;2267;1.0229736867743733
46;4;2277;1.0270848733340305
46;4;2287;1.0333357916729604
46;4;2297;1.0348119907547915
46;4;2307;1.0413591368698012
46;4;2317;1.0529687226164117
46;4;2327;1.064391049775454
46;4;2337;1.0711157227136283
46;4;2347;1.0808164863785938
46;4;2357;1.0889054568275112
46;4;2367;1.095353352258857
46;4;2377;1.106223857310709
46;4;2387;1.1131043325569918
46;4;2397;1.1140784612619605
46;4;2407;1.120743926541268
46;4;2417;1.1193329857672283
46;4;2427;1.1199664560019724
46;4;2437;1.1268813198141787
46;4;2446;1.116211422772078
