modelo;modo;genotipo_avaliado;fold;indice_amostra;nomenclaura;bloco;genotipo;condicao;data_coleta;turno;dia;classe_real;classe_predita;score_NIRRIG;acerto;721;1529;400;2330;552
pls_da;por_genotipo;EMB48;1;128;B3_EMB48_IRRIG_REPROD00000.asd;B3;EMB48;IRRIG;D02M;manha;D02;IRRIG;IRRIG;0.42513761156088414;True;0.23189520096713562;0.20464257776091616;-1.5020265529034005;-0.5023522794041356;-1.2479187557496263
pls_da;por_genotipo;EMB48;1;144;B4_EMB48_NIRRIG_REPROD00003.asd;B4;EMB48;NIRRIG;D02M;manha;D02;NIRRIG;NIRRIG;0.6541160490440756;True;0.45190506220465965;0.27200730893284497;-1.7082169535060785;-0.4710721045428602;-1.122889372821469
pls_da;por_genotipo;EMB48;1;151;B3_EMB48_NIRRIG_REPROD00000.asd;B3;EMB48;NIRRIG;D02M;manha;D02;NIRRIG;NIRRIG;0.5447142285870327;True;0.37761344226152127;0.22119280898947222;-1.5779209485722676;-0.5336357290627506;-1.1831507731831865
pls_da;por_genotipo;EMB48;1;155;B3_EMB48_NIRRIG_REPROD00003.asd;B3;EMB48;NIRRIG;D02M;manha;D02;NIRRIG;NIRRIG;0.5491909796207445;True;0.372827312455674;0.2278535768295557;-1.5945090527818888;-0.5285142065940626;-1.188809711904775
pls_da;por_genotipo;EMB48;1;162;B1_EMB48_IRRIG_REPROD00002.asd;B1;EMB48;IRRIG;D02M;manha;D02;IRRIG;IRRIG;0.4555908635884811;True;0.348698713587362;0.12344287426589724;-1.395499367092209;-0.6191093285019382;-1.0757759928100186
pls_da;por_genotipo;EMB48;1;163;B1_EMB48_IRRIG_REPROD00003.asd;B1;EMB48;IRRIG;D02M;manha;D02;IRRIG;IRRIG;0.4582874133617568;True;0.34723126393222425;0.12572585860378688;-1.404814039387079;-0.6170040968714263;-1.0783238229279914
pls_da;por_genotipo;EMB48;1;171;B1_EMB48_NIRRIG_REPROD00003.asd;B1;EMB48;NIRRIG;D02M;manha;D02;NIRRIG;NIRRIG;0.5061195528758735;True;0.33379013687858805;0.21856822791495958;-1.5658341214218934;-0.5068720952212415;-1.2325570129026349
pls_da;por_genotipo;EMB48;1;172;B1_EMB48_NIRRIG_REPROD00004.asd;B1;EMB48;NIRRIG;D02M;manha;D02;NIRRIG;NIRRIG;0.580637657629424;True;0.38744791479757784;0.2557952810928904;-1.649648235418739;-0.46415914646673856;-1.2073117915123497
pls_da;por_genotipo;EMB48;1;178;B2_EMB48_IRRIG_REPROD00002.asd;B2;EMB48;IRRIG;D02M;manha;D02;IRRIG;IRRIG;0.41199745044741815;True;0.19176621637930447;0.2286171742719312;-1.5414349969056071;-0.44885928645529877;-1.316117583257277
pls_da;por_genotipo;EMB48;1;180;B2_EMB48_IRRIG_REPROD00004.asd;B2;EMB48;IRRIG;D02M;manha;D02;IRRIG;IRRIG;0.48440093236963827;True;0.2522262618921198;0.27011228622672034;-1.6304322091265138;-0.41952684411660524;-1.3297007728115326
pls_da;por_genotipo;EMB48;1;181;B2_EMB48_IRRIG_REPROD00005.asd;B2;EMB48;IRRIG;D02M;manha;D02;IRRIG;IRRIG;0.4878916341594304;True;0.2512041199558425;0.2720711935630091;-1.642258838601267;-0.41653825068001166;-1.332914334135494
pls_da;por_genotipo;EMB48;1;184;B2_EMB48_NIRRIG_REPROD00000.asd;B2;EMB48;NIRRIG;D02M;manha;D02;NIRRIG;IRRIG;0.37677050238237414;False;0.16438990229578718;0.21614681331503616;-1.4745038451585875;-0.491299463730505;-1.2995479644474854
pls_da;por_genotipo;EMB48;1;189;B2_EMB48_NIRRIG_REPROD00005.asd;B2;EMB48;NIRRIG;D02M;manha;D02;NIRRIG;NIRRIG;0.5374109845804802;True;0.44309890232645127;0.1585804404759294;-1.463753598204566;-0.5958334722375773;-1.0839901626357302
pls_da;por_genotipo;EMB48;1;322;B1_EMB48_IRRIG_REPROD00002.asd;B1;EMB48;IRRIG;D02T;tarde;D02;IRRIG;IRRIG;0.4740332604031398;True;0.30470454767477606;0.17900837510266546;-1.5115320964921044;-0.5928039484455203;-1.165475380892302
pls_da;por_genotipo;EMB48;1;323;B1_EMB48_IRRIG_REPROD00003.asd;B1;EMB48;IRRIG;D02T;tarde;D02;IRRIG;IRRIG;0.4743007483418791;True;0.3039028928660031;0.17954565701970543;-1.514610824143054;-0.5905915042378596;-1.1679023287189023
pls_da;por_genotipo;EMB48;1;331;B1_EMB48_NIRRIG_REPROD00003.asd;B1;EMB48;NIRRIG;D02T;tarde;D02;NIRRIG;NIRRIG;0.592020516412401;True;0.3070472350374003;0.30570405914823956;-1.804751069012529;-0.3916665788586687;-1.2925743867499548
pls_da;por_genotipo;EMB48;1;332;B1_EMB48_NIRRIG_REPROD00004.asd;B1;EMB48;NIRRIG;D02T;tarde;D02;NIRRIG;NIRRIG;0.6381242805736616;True;0.35117078618932623;0.3185538083099163;-1.8345148730560095;-0.39402228669693856;-1.2426431148560497
pls_da;por_genotipo;EMB48;1;338;B2_EMB48_IRRIG_REPROD00002.asd;B2;EMB48;IRRIG;D02T;tarde;D02;IRRIG;IRRIG;0.47618207220878683;True;0.22615144434578788;0.288249646762034;-1.6260585131249667;-0.48220961541173457;-1.337719189290564
pls_da;por_genotipo;EMB48;1;340;B2_EMB48_IRRIG_REPROD00004.asd;B2;EMB48;IRRIG;D02T;tarde;D02;IRRIG;NIRRIG;0.537302531740061;False;0.25723532984846365;0.32525718761357436;-1.728515446696633;-0.39003647274807324;-1.348628739560559
pls_da;por_genotipo;EMB48;1;341;B2_EMB48_IRRIG_REPROD00005.asd;B2;EMB48;IRRIG;D02T;tarde;D02;IRRIG;NIRRIG;0.531775667990375;False;0.25408751195353413;0.32427356275959873;-1.721243534891392;-0.3901655063059534;-1.3535541113482221
pls_da;por_genotipo;EMB48;1;344;B2_EMB48_NIRRIG_REPROD00000.asd;B2;EMB48;NIRRIG;D02T;tarde;D02;NIRRIG;IRRIG;0.4244099834870757;False;0.1633724174603597;0.2502719147507527;-1.599371224401131;-0.5040243128360994;-1.325140795976005
pls_da;por_genotipo;EMB48;1;349;B2_EMB48_NIRRIG_REPROD00005.asd;B2;EMB48;NIRRIG;D02T;tarde;D02;NIRRIG;NIRRIG;0.5709834694100063;True;0.38144366759391696;0.23878936099258447;-1.6231018611098555;-0.5383213217585279;-1.1729672926210375
pls_da;por_genotipo;EMB48;1;352;B3_EMB48_IRRIG_REPROD00000.asd;B3;EMB48;IRRIG;D02T;tarde;D02;IRRIG;IRRIG;0.46547171065545;True;0.2662298608597736;0.21506530036576088;-1.5626537879199098;-0.4956941508686753;-1.2516308799395346
pls_da;por_genotipo;EMB48;1;360;B3_EMB48_NIRRIG_REPROD00000.asd;B3;EMB48;NIRRIG;D02T;tarde;D02;NIRRIG;NIRRIG;0.6111888360346519;True;0.34430147655163457;0.2957470696094965;-1.7859430235611848;-0.4473819332288414;-1.2446810764456309
pls_da;por_genotipo;EMB48;1;363;B3_EMB48_NIRRIG_REPROD00003.asd;B3;EMB48;NIRRIG;D02T;tarde;D02;NIRRIG;NIRRIG;0.622791973771565;True;0.35794990296218204;0.29784569840407904;-1.7979043460250996;-0.44083077073101484;-1.2417526845093267
pls_da;por_genotipo;EMB48;1;379;B4_EMB48_NIRRIG_REPROD00003.asd;B4;EMB48;NIRRIG;D02T;tarde;D02;NIRRIG;NIRRIG;0.6494860420601171;True;0.36334958028468;0.3224656920813489;-1.8150578035294844;-0.42948689309334676;-1.1954708666664229
pls_da;por_genotipo;EMB48;1;514;B1_EMB48_IRRIG_REPROD00002.asd;B1;EMB48;IRRIG;D03M;manha;D03;IRRIG;IRRIG;0.45858509152609994;True;0.28572441910159013;0.2293784992098079;-1.5064146947462957;-0.46305410538613656;-1.2643419020896551
pls_da;por_genotipo;EMB48;1;515;B1_EMB48_IRRIG_REPROD00003.asd;B1;EMB48;IRRIG;D03M;manha;D03;IRRIG;IRRIG;0.4643137927999688;True;0.28944954185230587;0.23054300819678367;-1.5143737564962068;-0.46640951333060926;-1.2612829868750883
pls_da;por_genotipo;EMB48;1;523;B1_EMB48_NIRRIG_REPROD00003.asd;B1;EMB48;NIRRIG;D03M;manha;D03;NIRRIG;NIRRIG;0.6193987226328938;True;0.3314657851528342;0.31259467640179217;-1.8214756514159571;-0.389485652188088;-1.2573308131897398
pls_da;por_genotipo;EMB48;1;524;B1_EMB48_NIRRIG_REPROD00004.asd;B1;EMB48;NIRRIG;D03M;manha;D03;NIRRIG;NIRRIG;0.5600274609721264;True;0.2776296688032986;0.3082629052859756;-1.7509314340100508;-0.43538688024069727;-1.2991148027946433
pls_da;por_genotipo;EMB48;1;530;B2_EMB48_IRRIG_REPROD00002.asd;B2;EMB48;IRRIG;D03M;manha;D03;IRRIG;IRRIG;0.4297404508290653;True;0.2138616327879695;0.28219762055902736;-1.5550223782806494;-0.3727997067305434;-1.393628476948347
pls_da;por_genotipo;EMB48;1;532;B2_EMB48_IRRIG_REPROD00004.asd;B2;EMB48;IRRIG;D03M;manha;D03;IRRIG;IRRIG;0.4479627324660143;True;0.27921611027618265;0.2329217939474371;-1.4933529655583904;-0.45750253805267066;-1.2834583428254893
pls_da;por_genotipo;EMB48;1;533;B2_EMB48_IRRIG_REPROD00005.asd;B2;EMB48;IRRIG;D03M;manha;D03;IRRIG;IRRIG;0.45021930712296426;True;0.2800674886779719;0.23375992914912008;-1.4972471847705418;-0.4574350730753684;-1.2825691930675975
pls_da;por_genotipo;EMB48;1;536;B2_EMB48_NIRRIG_REPROD00000.asd;B2;EMB48;NIRRIG;D03M;manha;D03;NIRRIG;NIRRIG;0.5158271672613162;True;0.3376929225625949;0.241612110876631;-1.5702926108791762;-0.518404219785042;-1.2460967809703922
pls_da;por_genotipo;EMB48;1;541;B2_EMB48_NIRRIG_REPROD00005.asd;B2;EMB48;NIRRIG;D03M;manha;D03;NIRRIG;IRRIG;0.44872065660254934;False;0.18826790867699902;0.27327300684853995;-1.642112397780202;-0.43668639696591793;-1.3705822218581096
pls_da;por_genotipo;EMB48;1;544;B3_EMB48_IRRIG_REPROD00000.asd;B3;EMB48;IRRIG;D03M;manha;D03;IRRIG;IRRIG;0.4046146149222091;True;0.20021478984128246;0.2651405791196983;-1.4872070955558503;-0.4266555509740271;-1.3501744746991189
pls_da;por_genotipo;EMB48;1;552;B3_EMB48_NIRRIG_REPROD00000.asd;B3;EMB48;NIRRIG;D03M;manha;D03;NIRRIG;NIRRIG;0.5902187641401446;True;0.3873752134969775;0.2535966698773531;-1.6519886638759895;-0.5182403257226861;-1.167013200931495
pls_da;por_genotipo;EMB48;1;555;B3_EMB48_NIRRIG_REPROD00003.asd;B3;EMB48;NIRRIG;D03M;manha;D03;NIRRIG;NIRRIG;0.593572387326796;True;0.36762466434007984;0.2765018040877813;-1.6810475376892546;-0.505482504535464;-1.1909177294852586
pls_da;por_genotipo;EMB48;1;571;B4_EMB48_NIRRIG_REPROD00003.asd;B4;EMB48;NIRRIG;D03M;manha;D03;NIRRIG;NIRRIG;0.5582612579265163;True;0.2533926007556597;0.33834435948829705;-1.8148123430733047;-0.3597519382198334;-1.3961655546700753
pls_da;por_genotipo;EMB48;1;706;B1_EMB48_IRRIG_REPROD00002.asd;B1;EMB48;IRRIG;D03T;tarde;D03;IRRIG;IRRIG;0.4259656404625162;True;0.34152564456299195;0.1972824849963633;-1.2822600119565688;-0.5748867957187281;-1.1503058126806707
pls_da;por_genotipo;EMB48;1;707;B1_EMB48_IRRIG_REPROD00003.asd;B1;EMB48;IRRIG;D03T;tarde;D03;IRRIG;IRRIG;0.42470985243778964;True;0.3417047061595434;0.2014548684024768;-1.2721678795023186;-0.5785560897240879;-1.1489153780044061
pls_da;por_genotipo;EMB48;1;715;B1_EMB48_NIRRIG_REPROD00003.asd;B1;EMB48;NIRRIG;D03T;tarde;D03;NIRRIG;NIRRIG;0.6183320982571981;True;0.42993590355549904;0.26767660303002644;-1.6349130935683927;-0.5261106535949546;-1.131319074830678
pls_da;por_genotipo;EMB48;1;716;B1_EMB48_NIRRIG_REPROD00004.asd;B1;EMB48;NIRRIG;D03T;tarde;D03;NIRRIG;NIRRIG;0.6365567432706315;True;0.4449443001911764;0.28184693509193964;-1.6855299996147763;-0.48360284558330124;-1.1756752050332915
pls_da;por_genotipo;EMB48;1;722;B2_EMB48_IRRIG_REPROD00002.asd;B2;EMB48;IRRIG;D03T;tarde;D03;IRRIG;IRRIG;0.4210251539124488;True;0.20691870676088894;0.27626494982898464;-1.518069967101321;-0.44570830671938766;-1.3569376301636111
pls_da;por_genotipo;EMB48;1;724;B2_EMB48_IRRIG_REPROD00004.asd;B2;EMB48;IRRIG;D03T;tarde;D03;IRRIG;IRRIG;0.46040397851045073;True;0.2961367564818942;0.201269296000845;-1.5022675614389323;-0.5210575144491253;-1.2273379682692862
pls_da;por_genotipo;EMB48;1;725;B2_EMB48_IRRIG_REPROD00005.asd;B2;EMB48;IRRIG;D03T;tarde;D03;IRRIG;IRRIG;0.4582005552860872;True;0.29815434980747363;0.2001161489223327;-1.4921188015298048;-0.5221824797302923;-1.2244978378145321
pls_da;por_genotipo;EMB48;1;728;B2_EMB48_NIRRIG_REPROD00000.asd;B2;EMB48;NIRRIG;D03T;tarde;D03;NIRRIG;NIRRIG;0.568765633996059;True;0.41147112389235546;0.23479904201204263;-1.5696036502831503;-0.5479210079846669;-1.1628789524571965
pls_da;por_genotipo;EMB48;1;733;B2_EMB48_NIRRIG_REPROD00005.asd;B2;EMB48;NIRRIG;D03T;tarde;D03;NIRRIG;IRRIG;0.4536533556002052;False;0.20356083046083143;0.27229787728773264;-1.6009483602849175;-0.49277136345631617;-1.3231509087538074
pls_da;por_genotipo;EMB48;1;736;B3_EMB48_IRRIG_REPROD00000.asd;B3;EMB48;IRRIG;D03T;tarde;D03;IRRIG;IRRIG;0.4892823306101697;True;0.26508182943883357;0.28334642469815124;-1.5841329992234812;-0.4832124427932871;-1.2950070900637873
pls_da;por_genotipo;EMB48;1;744;B3_EMB48_NIRRIG_REPROD00000.asd;B3;EMB48;NIRRIG;D03T;tarde;D03;NIRRIG;NIRRIG;0.6363700884098001;True;0.4749770082020684;0.24300494944212211;-1.6059148827136096;-0.5642949094671617;-1.061784858275129
pls_da;por_genotipo;EMB48;1;747;B3_EMB48_NIRRIG_REPROD00003.asd;B3;EMB48;NIRRIG;D03T;tarde;D03;NIRRIG;NIRRIG;0.653077022259733;True;0.5017618486679793;0.24466283525999377;-1.6073618554563325;-0.5706629891454386;-1.0459498829321447
pls_da;por_genotipo;EMB48;1;763;B4_EMB48_NIRRIG_REPROD00003.asd;B4;EMB48;NIRRIG;D03T;tarde;D03;NIRRIG;NIRRIG;0.560288581555609;True;0.2496813296091916;0.3425612070107932;-1.8072932029767255;-0.3624468838470698;-1.3756274186309239
pls_da;por_genotipo;EMB48;1;898;B1_EMB48_IRRIG_REPROD00002.asd;B1;EMB48;IRRIG;D04M;manha;D04;IRRIG;IRRIG;0.4115288899790319;True;0.36553013284787245;0.1364681095964367;-1.1793005640028225;-0.6602391332132999;-1.0146833115178442
pls_da;por_genotipo;EMB48;1;899;B1_EMB48_IRRIG_REPROD00003.asd;B1;EMB48;IRRIG;D04M;manha;D04;IRRIG;IRRIG;0.4132396392613445;True;0.3671243299883975;0.13915490390885749;-1.1770806259378879;-0.6615366094824301;-1.0119532521830494
pls_da;por_genotipo;EMB48;1;907;B1_EMB48_NIRRIG_REPROD00003.asd;B1;EMB48;NIRRIG;D04M;manha;D04;NIRRIG;NIRRIG;0.5997153803189764;True;0.46458409104146253;0.1934907254169436;-1.5613696442220057;-0.5643829712570853;-1.0565126758439725
pls_da;por_genotipo;EMB48;1;908;B1_EMB48_NIRRIG_REPROD00004.asd;B1;EMB48;NIRRIG;D04M;manha;D04;NIRRIG;NIRRIG;0.6150079121698351;True;0.45592284421452217;0.23905657730017832;-1.606904209579668;-0.5282811385109076;-1.1121144981841902
pls_da;por_genotipo;EMB48;1;914;B2_EMB48_IRRIG_REPROD00002.asd;B2;EMB48;IRRIG;D04M;manha;D04;IRRIG;IRRIG;0.4237010624306693;True;0.312682370647561;0.229994200869502;-1.3207435641790923;-0.5325120705857986;-1.208843751223262
pls_da;por_genotipo;EMB48;1;916;B2_EMB48_IRRIG_REPROD00004.asd;B2;EMB48;IRRIG;D04M;manha;D04;IRRIG;IRRIG;0.4510162054580712;True;0.2402583584925609;0.285060719088042;-1.537264249903127;-0.4166967590653396;-1.338450596193777
pls_da;por_genotipo;EMB48;1;917;B2_EMB48_IRRIG_REPROD00005.asd;B2;EMB48;IRRIG;D04M;manha;D04;IRRIG;IRRIG;0.4510009666044008;True;0.24851163120244582;0.2843393392909616;-1.519753571680712;-0.4232668122018118;-1.32979986948707
pls_da;por_genotipo;EMB48;1;920;B2_EMB48_NIRRIG_REPROD00000.asd;B2;EMB48;NIRRIG;D04M;manha;D04;NIRRIG;IRRIG;0.443210063175523;False;0.22416002220496412;0.23547953967932;-1.557904759096497;-0.4945745823673392;-1.2864982806150511
pls_da;por_genotipo;EMB48;1;925;B2_EMB48_NIRRIG_REPROD00005.asd;B2;EMB48;NIRRIG;D04M;manha;D04;NIRRIG;NIRRIG;0.5206785255576946;True;0.4399506583126701;0.13253513487257643;-1.446445976061832;-0.5985852943091673;-1.0795758004142022
pls_da;por_genotipo;EMB48;1;928;B3_EMB48_IRRIG_REPROD00000.asd;B3;EMB48;IRRIG;D04M;manha;D04;IRRIG;IRRIG;0.38291912929406213;True;0.2696289116519563;0.20082406785790713;-1.2883409297071067;-0.529535799021466;-1.2012786645684785
pls_da;por_genotipo;EMB48;1;936;B3_EMB48_NIRRIG_REPROD00000.asd;B3;EMB48;NIRRIG;D04M;manha;D04;NIRRIG;NIRRIG;0.6132971088409978;True;0.5376396172592297;0.15879841135020273;-1.4710806457475645;-0.587592115009982;-0.9613422595888308
pls_da;por_genotipo;EMB48;1;939;B3_EMB48_NIRRIG_REPROD00003.asd;B3;EMB48;NIRRIG;D04M;manha;D04;NIRRIG;NIRRIG;0.6071735107280801;True;0.5362679521510877;0.16622099004524424;-1.4427193106187024;-0.5896420667512127;-0.9576962366117042
pls_da;por_genotipo;EMB48;1;955;B4_EMB48_NIRRIG_REPROD00003.asd;B4;EMB48;NIRRIG;D04M;manha;D04;NIRRIG;NIRRIG;0.5481874266538453;True;0.34020604412165334;0.24921085893955996;-1.6635842073891907;-0.4431891082057549;-1.2562085345188072
pls_da;por_genotipo;EMB48;1;1090;B1_EMB48_IRRIG_REPROD00002.asd;B1;EMB48;IRRIG;D05M;manha;D05;IRRIG;IRRIG;0.37340058688079886;True;0.223388466038885;0.21159516545467652;-1.3142074667821464;-0.5716321616081981;-1.2042320695815085
pls_da;por_genotipo;EMB48;1;1091;B1_EMB48_IRRIG_REPROD00003.asd;B1;EMB48;IRRIG;D05M;manha;D05;IRRIG;IRRIG;0.37972411246129706;True;0.22851697804488846;0.2119359793448766;-1.3267804877944251;-0.5704919510590333;-1.2050808154951622
pls_da;por_genotipo;EMB48;1;1099;B1_EMB48_NIRRIG_REPROD00003.asd;B1;EMB48;NIRRIG;D05M;manha;D05;NIRRIG;NIRRIG;0.6948855320415858;True;0.4705556598168795;0.30839939862933;-1.8132197307162126;-0.4224299018617798;-1.1761025831319623
pls_da;por_genotipo;EMB48;1;1100;B1_EMB48_NIRRIG_REPROD00004.asd;B1;EMB48;NIRRIG;D05M;manha;D05;NIRRIG;NIRRIG;0.6218725929039627;True;0.40574574834353244;0.26804424811143474;-1.7011204667929198;-0.5275071598713738;-1.1605713520395653
pls_da;por_genotipo;EMB48;1;1106;B2_EMB48_IRRIG_REPROD00002.asd;B2;EMB48;IRRIG;D05M;manha;D05;IRRIG;IRRIG;0.46372879744920403;True;0.31757447769373526;0.2328358892396779;-1.4348038997312194;-0.5235734241500578;-1.215172478403683
pls_da;por_genotipo;EMB48;1;1108;B2_EMB48_IRRIG_REPROD00004.asd;B2;EMB48;IRRIG;D05M;manha;D05;IRRIG;IRRIG;0.482257135254701;True;0.28166818787211695;0.2724380635709787;-1.5436954881959493;-0.4275028393922781;-1.2798897080432459
pls_da;por_genotipo;EMB48;1;1109;B2_EMB48_IRRIG_REPROD00005.asd;B2;EMB48;IRRIG;D05M;manha;D05;IRRIG;IRRIG;0.48497921744121736;True;0.2890933438496666;0.26992218558518866;-1.5371983781012062;-0.4331752909933634;-1.2705449894590275
pls_da;por_genotipo;EMB48;1;1112;B2_EMB48_NIRRIG_REPROD00000.asd;B2;EMB48;NIRRIG;D05M;manha;D05;NIRRIG;IRRIG;0.4494915049598994;False;0.1583011575556868;0.27698967345585557;-1.686945921381745;-0.4260663428346327;-1.3739809220347046
pls_da;por_genotipo;EMB48;1;1117;B2_EMB48_NIRRIG_REPROD00005.asd;B2;EMB48;NIRRIG;D05M;manha;D05;NIRRIG;NIRRIG;0.6018704636832289;True;0.4208835883817898;0.23086969614975933;-1.6324950686962885;-0.5318585375608773;-1.1196721789675306
pls_da;por_genotipo;EMB48;1;1120;B3_EMB48_IRRIG_REPROD00000.asd;B3;EMB48;IRRIG;D05M;manha;D05;IRRIG;IRRIG;0.44519420201881316;True;0.32024386885709183;0.2130522889576014;-1.3571688371613764;-0.5520981095208806;-1.1553679260927046
pls_da;por_genotipo;EMB48;1;1128;B3_EMB48_NIRRIG_REPROD00000.asd;B3;EMB48;NIRRIG;D05M;manha;D05;NIRRIG;NIRRIG;0.6157923017140899;True;0.32784243416512576;0.3241964023050404;-1.8208711988430901;-0.37712482969682604;-1.2846402520201152
pls_da;por_genotipo;EMB48;1;1131;B3_EMB48_NIRRIG_REPROD00003.asd;B3;EMB48;NIRRIG;D05M;manha;D05;NIRRIG;NIRRIG;0.6212796613090072;True;0.3250118193933256;0.33156545833576156;-1.8402245287023788;-0.3680818438173129;-1.2939650426863558
pls_da;por_genotipo;EMB48;1;1147;B4_EMB48_NIRRIG_REPROD00003.asd;B4;EMB48;NIRRIG;D05M;manha;D05;NIRRIG;NIRRIG;0.5764785502038934;True;0.26547109108241196;0.348227622091902;-1.8415242530630282;-0.35520745654357905;-1.3978678138747642
pls_da;por_genotipo;EMB48;1;1282;B1_EMB48_IRRIG_REPROD00002.asd;B1;EMB48;IRRIG;D06M;manha;D06;IRRIG;IRRIG;0.34972457910826876;True;0.2537153947918597;0.1961681204451039;-1.188380439702691;-0.6123640033288151;-1.172069889431823
pls_da;por_genotipo;EMB48;1;1283;B1_EMB48_IRRIG_REPROD00003.asd;B1;EMB48;IRRIG;D06M;manha;D06;IRRIG;IRRIG;0.3515123524483568;True;0.25493029662710925;0.19680629301157276;-1.1912577751366977;-0.6142528286900658;-1.1716187326943983
pls_da;por_genotipo;EMB48;1;1291;B1_EMB48_NIRRIG_REPROD00003.asd;B1;EMB48;NIRRIG;D06M;manha;D06;NIRRIG;NIRRIG;0.5955357765626128;True;0.3741729821774623;0.2679468640772485;-1.6816736410758533;-0.4870577582967149;-1.1812336479708785
pls_da;por_genotipo;EMB48;1;1292;B1_EMB48_NIRRIG_REPROD00004.asd;B1;EMB48;NIRRIG;D06M;manha;D06;NIRRIG;NIRRIG;0.598801075505202;True;0.37887682646913223;0.2604127929166162;-1.6880632216018598;-0.5265492299804573;-1.1752566440209677
pls_da;por_genotipo;EMB48;1;1298;B2_EMB48_IRRIG_REPROD00002.asd;B2;EMB48;IRRIG;D06M;manha;D06;IRRIG;IRRIG;0.4489103436119945;True;0.31999057583205026;0.20323543326109916;-1.3853585218545448;-0.5405402299699983;-1.1621649567664452
pls_da;por_genotipo;EMB48;1;1300;B2_EMB48_IRRIG_REPROD00004.asd;B2;EMB48;IRRIG;D06M;manha;D06;IRRIG;IRRIG;0.4651013612422446;True;0.2990626823045415;0.2449088873942164;-1.499416514476467;-0.44785032406102077;-1.2806035723288192
pls_da;por_genotipo;EMB48;1;1301;B2_EMB48_IRRIG_REPROD00005.asd;B2;EMB48;IRRIG;D06M;manha;D06;IRRIG;IRRIG;0.4693032138212162;True;0.3064749769443412;0.24196206594410824;-1.499512936012859;-0.4534570466351664;-1.2736687738021994
pls_da;por_genotipo;EMB48;1;1304;B2_EMB48_NIRRIG_REPROD00000.asd;B2;EMB48;NIRRIG;D06M;manha;D06;NIRRIG;IRRIG;0.44702334579456493;False;0.18941687343924654;0.2659733598048296;-1.614678246902661;-0.4925160262307189;-1.3307625132079834
pls_da;por_genotipo;EMB48;1;1309;B2_EMB48_NIRRIG_REPROD00005.asd;B2;EMB48;NIRRIG;D06M;manha;D06;NIRRIG;NIRRIG;0.5132865751768442;True;0.2582956682831686;0.2619902812104781;-1.6671763530764;-0.5144910129381349;-1.262655440554569
pls_da;por_genotipo;EMB48;1;1312;B3_EMB48_IRRIG_REPROD00000.asd;B3;EMB48;IRRIG;D06M;manha;D06;IRRIG;IRRIG;0.3775635302267716;True;0.2514859329095685;0.22040625374268114;-1.2833128392081405;-0.5659539281273341;-1.2154305782038195
pls_da;por_genotipo;EMB48;1;1320;B3_EMB48_NIRRIG_REPROD00000.asd;B3;EMB48;NIRRIG;D06M;manha;D06;NIRRIG;NIRRIG;0.635702745019784;True;0.3643331553852954;0.3175316070711217;-1.7797737985113855;-0.4584214113255968;-1.2040663476824425
pls_da;por_genotipo;EMB48;1;1323;B3_EMB48_NIRRIG_REPROD00003.asd;B3;EMB48;NIRRIG;D06M;manha;D06;NIRRIG;NIRRIG;0.6374158670876876;True;0.35524997467303426;0.32556888474652956;-1.8008362052781877;-0.44451129374290416;-1.2204554691134337
pls_da;por_genotipo;EMB48;1;1339;B4_EMB48_NIRRIG_REPROD00003.asd;B4;EMB48;NIRRIG;D06M;manha;D06;NIRRIG;NIRRIG;0.6232701699614386;True;0.4042717825922702;0.2553892445013166;-1.7452481769602828;-0.4905598983408736;-1.1916054235798168
pls_da;por_genotipo;EMB48;1;1477;B1_EMB48_IRR_REP_RECUP00001.asd;B1;EMB48;IRRIG;D09M;manha;D09;IRRIG;IRRIG;0.3894349303072741;True;0.2599870826386754;0.1558539419857602;-1.2979485604106102;-0.6392607480864062;-1.0927962559663915
pls_da;por_genotipo;EMB48;1;1482;B1_EMB48_IRR_REP_RECUP00006.asd;B1;EMB48;IRRIG;D09M;manha;D09;IRRIG;IRRIG;0.3991349296573683;True;0.12342892131212979;0.2811420855960759;-1.6032726575308687;-0.4363231423408299;-1.4074723916210308
pls_da;por_genotipo;EMB48;1;1489;B1_EMB48_NIRR_REP_RECUP00005.asd;B1;EMB48;NIRRIG;D09M;manha;D09;NIRRIG;NIRRIG;0.5464556894243746;True;0.3629409317150866;0.23446517798273847;-1.60417749045358;-0.5368324332835795;-1.2055688614500806
pls_da;por_genotipo;EMB48;1;1494;B2_EMB48_IRR_REP_RECUP00002.asd;B2;EMB48;IRRIG;D09M;manha;D09;IRRIG;IRRIG;0.39265599563183384;True;0.21156259367630378;0.1834474245804364;-1.428183313290794;-0.5822329166106084;-1.2092004002766157
pls_da;por_genotipo;EMB48;1;1507;B2_EMB48_NIRR_REP_RECUP00011.asd;B2;EMB48;NIRRIG;D09M;manha;D09;NIRRIG;NIRRIG;0.5719166958632652;True;0.3809176635706026;0.22594000063958122;-1.6436188878234559;-0.5255808945296799;-1.1747504906772943
pls_da;por_genotipo;EMB48;1;1508;B3_EMB48_IRR_REP_RECUP00000.asd;B3;EMB48;IRRIG;D09M;manha;D09;IRRIG;IRRIG;0.3765966541224435;True;0.22292250620172974;0.1660696372099928;-1.3624357896763266;-0.5982343193384373;-1.181646074890998
pls_da;por_genotipo;EMB48;1;1513;B3_EMB48_IRR_REP_RECUP00005.asd;B3;EMB48;IRRIG;D09M;manha;D09;IRRIG;IRRIG;0.3615073486697281;True;0.23191136324433181;0.1604068614039369;-1.3141420994594855;-0.5914522372878117;-1.1903381534250954
pls_da;por_genotipo;EMB48;1;1517;B3_EMB48_NIRR_REP_RECUP00001.asd;B3;EMB48;NIRRIG;D09M;manha;D09;NIRRIG;IRRIG;0.49858169725927104;False;0.3756775467805113;0.1545301061605695;-1.4483469563982556;-0.6630334638945149;-1.0811541435660057
pls_da;por_genotipo;EMB48;1;1528;B4_EMB48_IRR_REP_RECUP00004.asd;B4;EMB48;IRRIG;D09M;manha;D09;IRRIG;IRRIG;0.37535712241443014;True;0.1853386443101284;0.20204630616963687;-1.4095836858980975;-0.5978744654304748;-1.2377586592726695
pls_da;por_genotipo;EMB48;1;1529;B4_EMB48_IRR_REP_RECUP00005.asd;B4;EMB48;IRRIG;D09M;manha;D09;IRRIG;IRRIG;0.37384197637001604;True;0.190356852331012;0.20126890224873192;-1.3935827593706127;-0.6020543371608699;-1.2310395553500297
pls_da;por_genotipo;EMB48;1;1530;B4_EMB48_IRR_REP_RECUP00006.asd;B4;EMB48;IRRIG;D09M;manha;D09;IRRIG;IRRIG;0.36631771168866106;True;0.18662816379412037;0.20733015187216866;-1.3693878538793078;-0.6000072791172698;-1.2328985382771582
pls_da;por_genotipo;EMB48;1;1534;B4_EMB48_NIRR_REP_RECUP00002.asd;B4;EMB48;NIRRIG;D09M;manha;D09;NIRRIG;NIRRIG;0.5378875848769755;True;0.32135884884597027;0.24909972557507892;-1.6139550633498663;-0.5451600951189678;-1.1932605700323637
pls_da;por_genotipo;EMB48;1;1537;B4_EMB48_NIRR_REP_RECUP00005.asd;B4;EMB48;NIRRIG;D09M;manha;D09;NIRRIG;NIRRIG;0.5294692418592547;True;0.28267475158201233;0.28887989778170986;-1.6953203489068314;-0.443760610702413;-1.3290350344789068
pls_da;por_genotipo;EMB48;1;1669;B1_EMB48_IRR_REP_RECUP00001.asd;B1;EMB48;IRRIG;D09T;tarde;D09;IRRIG;IRRIG;0.4211011649764403;True;0.29556498540833426;0.171124806386692;-1.3102904504366477;-0.6712459187460591;-1.0736400710951584
pls_da;por_genotipo;EMB48;1;1674;B1_EMB48_IRR_REP_RECUP00006.asd;B1;EMB48;IRRIG;D09T;tarde;D09;IRRIG;IRRIG;0.4390306811236013;True;0.17975800103215206;0.28466176491348716;-1.6122779280356068;-0.4759794313477251;-1.3730376165279599
pls_da;por_genotipo;EMB48;1;1681;B1_EMB48_NIRR_REP_RECUP00005.asd;B1;EMB48;NIRRIG;D09T;tarde;D09;NIRRIG;NIRRIG;0.5362483082518087;True;0.4088309354588733;0.17762451921543618;-1.4905832578640403;-0.6148756745230319;-1.0884535004757059
pls_da;por_genotipo;EMB48;1;1686;B2_EMB48_IRR_REP_RECUP00002.asd;B2;EMB48;IRRIG;D09T;tarde;D09;IRRIG;IRRIG;0.4313867280226629;True;0.1657698376270848;0.2556279123129746;-1.585676654687733;-0.5442194226334848;-1.2908934995551196
pls_da;por_genotipo;EMB48;1;1699;B2_EMB48_NIRR_REP_RECUP00007.asd;B2;EMB48;NIRRIG;D09T;tarde;D09;NIRRIG;NIRRIG;0.5183581174456197;True;0.30523706261177586;0.24196190351109806;-1.598786389750457;-0.560476744113108;-1.2096658796460802
pls_da;por_genotipo;EMB48;1;1700;B3_EMB48_IRR_REP_RECUP00000.asd;B3;EMB48;IRRIG;D09T;tarde;D09;IRRIG;IRRIG;0.37000383581642465;True;0.23582988828476045;0.1821761161872717;-1.2705302169237984;-0.6518832311273253;-1.1363131720137443
pls_da;por_genotipo;EMB48;1;1705;B3_EMB48_IRR_REP_RECUP00005.asd;B3;EMB48;IRRIG;D09T;tarde;D09;IRRIG;IRRIG;0.45758127833612977;True;0.2398153120790215;0.2369990520614725;-1.551120307184227;-0.5538531834800755;-1.2534534106966289
pls_da;por_genotipo;EMB48;1;1709;B3_EMB48_NIRR_REP_RECUP00001.asd;B3;EMB48;NIRRIG;D09T;tarde;D09;NIRRIG;NIRRIG;0.5254824108598865;True;0.36489636899258954;0.20257097388098816;-1.4900501861173487;-0.6628077786271955;-1.0855908178091975
pls_da;por_genotipo;EMB48;1;1720;B4_EMB48_IRR_REP_RECUP00004.asd;B4;EMB48;IRRIG;D09T;tarde;D09;IRRIG;IRRIG;0.4347940762817246;True;0.21373534267343913;0.22283602538036681;-1.5339205154078255;-0.5940034322621556;-1.2495741163685488
pls_da;por_genotipo;EMB48;1;1721;B4_EMB48_IRR_REP_RECUP00005.asd;B4;EMB48;IRRIG;D09T;tarde;D09;IRRIG;IRRIG;0.43728450852899564;True;0.21580843848419812;0.2289128357990641;-1.537870366947697;-0.5848863754826901;-1.2589057656889027
pls_da;por_genotipo;EMB48;1;1722;B4_EMB48_IRR_REP_RECUP00006.asd;B4;EMB48;IRRIG;D09T;tarde;D09;IRRIG;IRRIG;0.44059677749937465;True;0.21791626090313818;0.23231932281133277;-1.544284252188608;-0.5824023598143921;-1.2640646875941879
pls_da;por_genotipo;EMB48;1;1726;B4_EMB48_NIRR_REP_RECUP00002.asd;B4;EMB48;NIRRIG;D09T;tarde;D09;NIRRIG;NIRRIG;0.525704463621472;True;0.3199047465407935;0.24358985098906538;-1.5799750895422777;-0.5628069990095976;-1.1847874317623202
pls_da;por_genotipo;EMB48;1;1729;B4_EMB48_NIRR_REP_RECUP00005.asd;B4;EMB48;NIRRIG;D09T;tarde;D09;NIRRIG;IRRIG;0.49090790311505145;False;0.3064399153735123;0.22992493957351903;-1.5575266616685282;-0.5114439297936104;-1.247209652397899
pls_da;por_genotipo;EMB48;1;1765;B1_EMB48_IRR_REP_RECUP00001.asd;B1;EMB48;IRRIG;D10M;manha;D10;IRRIG;IRRIG;0.3902021046155316;True;0.17645728488138218;0.2601613855041828;-1.4651421266641789;-0.48350935247252175;-1.3263018249681233
pls_da;por_genotipo;EMB48;1;1770;B1_EMB48_IRR_REP_RECUP00006.asd;B1;EMB48;IRRIG;D10M;manha;D10;IRRIG;IRRIG;0.3930732086785129;True;0.22439686345837717;0.20474337898587822;-1.364345693782576;-0.6010421985581198;-1.1794357914013354
pls_da;por_genotipo;EMB48;1;1777;B1_EMB48_NIRR_REP_RECUP00005.asd;B1;EMB48;NIRRIG;D10M;manha;D10;NIRRIG;NIRRIG;0.5727318387647603;True;0.46613065467521764;0.182835100607281;-1.4960132613451425;-0.6148953779024962;-1.0691294302528422
pls_da;por_genotipo;EMB48;1;1814;B2_EMB48_IRR_REP_RECUP00002.asd;B2;EMB48;IRRIG;D10M;manha;D10;IRRIG;IRRIG;0.41666659954200347;True;0.22624029761982659;0.25244675216879686;-1.479619229110798;-0.4971641084960718;-1.3233303264239062
pls_da;por_genotipo;EMB48;1;1827;B2_EMB48_NIRR_REP_RECUP00007.asd;B2;EMB48;NIRRIG;D10M;manha;D10;NIRRIG;IRRIG;0.4855499657537349;False;0.26940292833492585;0.2667155996531784;-1.5772210682018881;-0.5090201754801434;-1.283022246403912
pls_da;por_genotipo;EMB48;1;1860;B3_EMB48_IRR_REP_RECUP00000.asd;B3;EMB48;IRRIG;D10M;manha;D10;IRRIG;IRRIG;0.36932971061322944;True;0.1999966634837763;0.22149018585249028;-1.335095091954169;-0.588191334902496;-1.2213454972488818
pls_da;por_genotipo;EMB48;1;1865;B3_EMB48_IRR_REP_RECUP00005.asd;B3;EMB48;IRRIG;D10M;manha;D10;IRRIG;IRRIG;0.37099992603865917;True;0.23534299470043357;0.2027929585840022;-1.282050143522514;-0.6174307274449586;-1.1813992046470905
pls_da;por_genotipo;EMB48;1;1869;B3_EMB48_NIRR_REP_RECUP00001.asd;B3;EMB48;NIRRIG;D10M;manha;D10;NIRRIG;NIRRIG;0.5162128111678297;True;0.2869289664872949;0.28215191424121644;-1.5920425556892943;-0.5204411145086875;-1.236984035952848
pls_da;por_genotipo;EMB48;1;1912;B4_EMB48_IRR_REP_RECUP00004.asd;B4;EMB48;IRRIG;D10M;manha;D10;IRRIG;IRRIG;0.444601133255405;True;0.20588747667509338;0.23437077049765576;-1.5648928318970448;-0.5485535309545543;-1.252247825641962
pls_da;por_genotipo;EMB48;1;1913;B4_EMB48_IRR_REP_RECUP00005.asd;B4;EMB48;IRRIG;D10M;manha;D10;IRRIG;IRRIG;0.44310665836248925;True;0.208251249889033;0.23320123725897526;-1.555957586460314;-0.5485914712195981;-1.2487874452476468
pls_da;por_genotipo;EMB48;1;1914;B4_EMB48_IRR_REP_RECUP00006.asd;B4;EMB48;IRRIG;D10M;manha;D10;IRRIG;IRRIG;0.44194038824073145;True;0.20925826001095438;0.23247390469091828;-1.550253331745238;-0.5488152856485276;-1.246472682894318
pls_da;por_genotipo;EMB48;1;1918;B4_EMB48_NIRR_REP_RECUP00002.asd;B4;EMB48;NIRRIG;D10M;manha;D10;NIRRIG;NIRRIG;0.5370267584642977;True;0.3840453678596285;0.20463822134571596;-1.5548644753211676;-0.5508722127665102;-1.1690573244800437
pls_da;por_genotipo;EMB48;1;1921;B4_EMB48_NIRR_REP_RECUP00005.asd;B4;EMB48;NIRRIG;D10M;manha;D10;NIRRIG;NIRRIG;0.5249900476197049;True;0.3444526722633204;0.23283308013439447;-1.5417132339646966;-0.5791857873640255;-1.167120877141125
pls_da;por_genotipo;EMB48;2;133;B4_EMB48_IRRIG_REPROD00004.asd;B4;EMB48;IRRIG;D02M;manha;D02;IRRIG;IRRIG;0.4060217396297467;True;0.17258699769625202;0.2117492852472816;-1.5273136558648424;-0.5358203907238299;-1.257404115590086
pls_da;por_genotipo;EMB48;2;135;B4_EMB48_IRRIG_REPROD00006.asd;B4;EMB48;IRRIG;D02M;manha;D02;IRRIG;IRRIG;0.4100535922908929;True;0.17440023788910952;0.21682775256951106;-1.5334419083979811;-0.5351912073008538;-1.260706335956501
pls_da;por_genotipo;EMB48;2;142;B4_EMB48_NIRRIG_REPROD00002.asd;B4;EMB48;NIRRIG;D02M;manha;D02;NIRRIG;NIRRIG;0.6555709283479143;True;0.4545103587756137;0.2709801391606773;-1.6964329332556989;-0.47430964670690423;-1.1190466954407887
pls_da;por_genotipo;EMB48;2;147;B3_EMB48_IRRIG_REPROD00006.asd;B3;EMB48;IRRIG;D02M;manha;D02;IRRIG;IRRIG;0.4423096255220757;True;0.220324839620559;0.2444173084713804;-1.571903545455119;-0.43843841302836495;-1.3291661076164585
pls_da;por_genotipo;EMB48;2;152;B4_EMB48_NIRRIG_REPROD00007.asd;B4;EMB48;NIRRIG;D02M;manha;D02;NIRRIG;NIRRIG;0.5091346262033793;True;0.17682717561524017;0.34723208427717867;-1.769343656202679;-0.3789349095774395;-1.4015562248025548
pls_da;por_genotipo;EMB48;2;158;B3_EMB48_NIRRIG_REPROD00006.asd;B3;EMB48;NIRRIG;D02M;manha;D02;NIRRIG;NIRRIG;0.5372244700987171;True;0.37390653755865877;0.20225045926954932;-1.5437264864629023;-0.5494110597490126;-1.1365716783567157
pls_da;por_genotipo;EMB48;2;160;B1_EMB48_IRRIG_REPROD00000.asd;B1;EMB48;IRRIG;D02M;manha;D02;IRRIG;IRRIG;0.4548841907110172;True;0.34776033790943256;0.12076004102744103;-1.390045942892989;-0.6214367485493174;-1.073665002450705
pls_da;por_genotipo;EMB48;2;166;B1_EMB48_IRRIG_REPROD00006.asd;B1;EMB48;IRRIG;D02M;manha;D02;IRRIG;IRRIG;0.4822590945950111;True;0.28434538821822103;0.24741668450542004;-1.5658414482693916;-0.4478502414925934;-1.292542518633389
pls_da;por_genotipo;EMB48;2;174;B1_EMB48_NIRRIG_REPROD00006.asd;B1;EMB48;NIRRIG;D02M;manha;D02;NIRRIG;NIRRIG;0.585088638362042;True;0.38645197194265984;0.2561550205470797;-1.6571552484308776;-0.45697908490394845;-1.2141001814354704
pls_da;por_genotipo;EMB48;2;175;B1_EMB48_NIRRIG_REPROD00007.asd;B1;EMB48;NIRRIG;D02M;manha;D02;NIRRIG;NIRRIG;0.5865406253229428;True;0.381733072418289;0.2602189662449314;-1.668636998675155;-0.45125887213277344;-1.220863268822794
pls_da;por_genotipo;EMB48;2;177;B2_EMB48_IRRIG_REPROD00001.asd;B2;EMB48;IRRIG;D02M;manha;D02;IRRIG;IRRIG;0.4137047830744763;True;0.1955508305767712;0.22442554564873918;-1.5328917199504664;-0.4533346469014929;-1.3100382669238442
pls_da;por_genotipo;EMB48;2;183;B2_EMB48_IRRIG_REPROD00007.asd;B2;EMB48;IRRIG;D02M;manha;D02;IRRIG;IRRIG;0.4909916580572514;True;0.24728914191794807;0.2762722713294261;-1.6468616156385656;-0.40650021109966955;-1.3401512836985376
pls_da;por_genotipo;EMB48;2;191;B2_EMB48_NIRRIG_REPROD00007.asd;B2;EMB48;NIRRIG;D02M;manha;D02;NIRRIG;NIRRIG;0.5393373329224663;True;0.44110443920749454;0.1618457713521652;-1.4621707793743657;-0.5893475305984196;-1.088996509070086
pls_da;por_genotipo;EMB48;2;320;B1_EMB48_IRRIG_REPROD00000.asd;B1;EMB48;IRRIG;D02T;tarde;D02;IRRIG;IRRIG;0.4786354936215638;True;0.3176167780172602;0.17439373210563552;-1.4960547606142371;-0.6038387829414321;-1.1469061126959474
pls_da;por_genotipo;EMB48;2;326;B1_EMB48_IRRIG_REPROD00006.asd;B1;EMB48;IRRIG;D02T;tarde;D02;IRRIG;IRRIG;0.48153459308270347;True;0.2627964947016486;0.24403885369544914;-1.6106225249803794;-0.4492437083192621;-1.3063195957101505
pls_da;por_genotipo;EMB48;2;334;B1_EMB48_NIRRIG_REPROD00006.asd;B1;EMB48;NIRRIG;D02T;tarde;D02;NIRRIG;NIRRIG;0.6419122510322192;True;0.35453569174809735;0.3173618315259559;-1.8343641811384999;-0.3905640601021585;-1.2444405585471376
pls_da;por_genotipo;EMB48;2;335;B1_EMB48_NIRRIG_REPROD00007.asd;B1;EMB48;NIRRIG;D02T;tarde;D02;NIRRIG;NIRRIG;0.6443204534236587;True;0.3538443214076738;0.31892526896608697;-1.843138472212923;-0.38873495530193647;-1.2468812062359316
pls_da;por_genotipo;EMB48;2;337;B2_EMB48_IRRIG_REPROD00001.asd;B2;EMB48;IRRIG;D02T;tarde;D02;IRRIG;IRRIG;0.4752525232730507;True;0.2267722890456949;0.2868577025280137;-1.62014605802841;-0.48228965135841817;-1.3365856422194655
pls_da;por_genotipo;EMB48;2;343;B2_EMB48_IRRIG_REPROD00007.asd;B2;EMB48;IRRIG;D02T;tarde;D02;IRRIG;NIRRIG;0.5362848149039235;False;0.24967517422961388;0.32591154846388437;-1.7346922886210494;-0.3847482640197457;-1.3594743853422868
pls_da;por_genotipo;EMB48;2;351;B2_EMB48_NIRRIG_REPROD00007.asd;B2;EMB48;NIRRIG;D02T;tarde;D02;NIRRIG;NIRRIG;0.5745350980237616;True;0.381402586359797;0.24455087223098115;-1.6245307404263682;-0.5313601124945566;-1.17771867326889
pls_da;por_genotipo;EMB48;2;358;B3_EMB48_IRRIG_REPROD00006.asd;B3;EMB48;IRRIG;D02T;tarde;D02;IRRIG;IRRIG;0.4803935033728492;True;0.24860125449714326;0.27220975192575714;-1.6152506129828768;-0.4381031993111683;-1.334577168055026
pls_da;por_genotipo;EMB48;2;366;B3_EMB48_NIRRIG_REPROD00006.asd;B3;EMB48;NIRRIG;D02T;tarde;D02;NIRRIG;NIRRIG;0.5973664816985201;True;0.3865887928959432;0.2624618557601768;-1.6770535991790414;-0.5186427123523026;-1.1935807117020778
pls_da;por_genotipo;EMB48;2;372;B4_EMB48_IRRIG_REPROD00004.asd;B4;EMB48;IRRIG;D02T;tarde;D02;IRRIG;IRRIG;0.4696327079517153;True;0.25622350094036334;0.1998756654881108;-1.5838317321717386;-0.5603547194809653;-1.2219287789000361
pls_da;por_genotipo;EMB48;2;374;B4_EMB48_IRRIG_REPROD00006.asd;B4;EMB48;IRRIG;D02T;tarde;D02;IRRIG;IRRIG;0.4595134159991574;True;0.23327934530829877;0.2079875795680085;-1.5918190476335228;-0.5471453952061821;-1.241175927980057
pls_da;por_genotipo;EMB48;2;378;B4_EMB48_NIRRIG_REPROD00002.asd;B4;EMB48;NIRRIG;D02T;tarde;D02;NIRRIG;NIRRIG;0.6521791046977842;True;0.36782845090074495;0.31862562470529476;-1.8105030027346043;-0.4344068364994836;-1.1892658796364375
pls_da;por_genotipo;EMB48;2;383;B4_EMB48_NIRRIG_REPROD00007.asd;B4;EMB48;NIRRIG;D02T;tarde;D02;NIRRIG;NIRRIG;0.5366999107640811;True;0.21278745450271197;0.3319074029398827;-1.804798032711992;-0.39116722507304663;-1.3859013892730587
pls_da;por_genotipo;EMB48;2;512;B1_EMB48_IRRIG_REPROD00000.asd;B1;EMB48;IRRIG;D03M;manha;D03;IRRIG;IRRIG;0.4556884374477228;True;0.27363170503402606;0.2308988947220304;-1.5052023843471607;-0.45910360879844614;-1.268726231774389
pls_da;por_genotipo;EMB48;2;518;B1_EMB48_IRRIG_REPROD00006.asd;B1;EMB48;IRRIG;D03M;manha;D03;IRRIG;IRRIG;0.4473997953155207;True;0.2988049886324008;0.16782388694966638;-1.4649439945571707;-0.5434022904543873;-1.1907125836555024
pls_da;por_genotipo;EMB48;2;526;B1_EMB48_NIRRIG_REPROD00006.asd;B1;EMB48;NIRRIG;D03M;manha;D03;NIRRIG;NIRRIG;0.5680622608381591;True;0.27992192748590383;0.31003556464419935;-1.7635041654632704;-0.4339195683484357;-1.297786415821843
pls_da;por_genotipo;EMB48;2;527;B1_EMB48_NIRRIG_REPROD00007.asd;B1;EMB48;NIRRIG;D03M;manha;D03;NIRRIG;NIRRIG;0.5662264484971099;True;0.2731727809671231;0.31266248743640385;-1.7695481425296695;-0.4264454390295672;-1.304557407135805
pls_da;por_genotipo;EMB48;2;529;B2_EMB48_IRRIG_REPROD00001.asd;B2;EMB48;IRRIG;D03M;manha;D03;IRRIG;IRRIG;0.43456077382967245;True;0.21571952688372317;0.27971801962987475;-1.5535711321516212;-0.37485573453135146;-1.3912528752362003
pls_da;por_genotipo;EMB48;2;535;B2_EMB48_IRRIG_REPROD00007.asd;B2;EMB48;IRRIG;D03M;manha;D03;IRRIG;IRRIG;0.45808229358429725;True;0.28030380896170537;0.23775356979476095;-1.5022088962864084;-0.46047359443333297;-1.2803420489539243
pls_da;por_genotipo;EMB48;2;543;B2_EMB48_NIRRIG_REPROD00007.asd;B2;EMB48;NIRRIG;D03M;manha;D03;NIRRIG;IRRIG;0.45616948102141774;False;0.18897820282937533;0.2772637517507396;-1.6552269969464575;-0.43375802187637863;-1.3738877640982334
pls_da;por_genotipo;EMB48;2;550;B3_EMB48_IRRIG_REPROD00006.asd;B3;EMB48;IRRIG;D03M;manha;D03;IRRIG;IRRIG;0.44990996019935214;True;0.32993183789543845;0.19048056528451338;-1.383142483697142;-0.5414030380239815;-1.169520462636419
pls_da;por_genotipo;EMB48;2;558;B3_EMB48_NIRRIG_REPROD00006.asd;B3;EMB48;NIRRIG;D03M;manha;D03;NIRRIG;NIRRIG;0.7150747628475443;True;0.44800612668530476;0.3163219230136868;-1.8876413034770394;-0.4112270016121067;-1.1597635813954212
pls_da;por_genotipo;EMB48;2;564;B4_EMB48_IRRIG_REPROD00004.asd;B4;EMB48;IRRIG;D03M;manha;D03;IRRIG;NIRRIG;0.5192554021919225;False;0.4001872177689781;0.20248386603396906;-1.4684615206484;-0.5040496095690974;-1.169557338854116
pls_da;por_genotipo;EMB48;2;566;B4_EMB48_IRRIG_REPROD00006.asd;B4;EMB48;IRRIG;D03M;manha;D03;IRRIG;NIRRIG;0.517019918329632;False;0.402438352352136;0.2032903124761627;-1.455019844562182;-0.5058529627649734;-1.166183083060782
pls_da;por_genotipo;EMB48;2;570;B4_EMB48_NIRRIG_REPROD00002.asd;B4;EMB48;NIRRIG;D03M;manha;D03;NIRRIG;NIRRIG;0.5597262596625057;True;0.25477014797992287;0.3368302861079103;-1.8080226727872197;-0.36337194876848994;-1.3935671334462316
pls_da;por_genotipo;EMB48;2;575;B4_EMB48_NIRRIG_REPROD00007.asd;B4;EMB48;NIRRIG;D03M;manha;D03;NIRRIG;NIRRIG;0.6073759975099992;True;0.26023339404053797;0.33254910178044084;-1.8726848903917017;-0.3620401109672276;-1.2770729044785833
pls_da;por_genotipo;EMB48;2;704;B1_EMB48_IRRIG_REPROD00000.asd;B1;EMB48;IRRIG;D03T;tarde;D03;IRRIG;IRRIG;0.4313269266101939;True;0.3300512807770438;0.20068039727225717;-1.3114269329926735;-0.5651977293231146;-1.163976523067284
pls_da;por_genotipo;EMB48;2;710;B1_EMB48_IRRIG_REPROD00006.asd;B1;EMB48;IRRIG;D03T;tarde;D03;IRRIG;NIRRIG;0.5055489052821345;False;0.37501649551063004;0.1650106493110795;-1.4724309025026265;-0.6251902458318356;-1.1063030735227328
pls_da;por_genotipo;EMB48;2;718;B1_EMB48_NIRRIG_REPROD00006.asd;B1;EMB48;NIRRIG;D03T;tarde;D03;NIRRIG;NIRRIG;0.6453298168770317;True;0.44447711685707647;0.28546958694958735;-1.7017926208886265;-0.48182952842971355;-1.1776542154261316
pls_da;por_genotipo;EMB48;2;719;B1_EMB48_NIRRIG_REPROD00007.asd;B1;EMB48;NIRRIG;D03T;tarde;D03;NIRRIG;NIRRIG;0.644130912883577;True;0.44308884828969525;0.28587672299870964;-1.700650148885536;-0.4808881303162761;-1.1793723912782426
pls_da;por_genotipo;EMB48;2;721;B2_EMB48_IRRIG_REPROD00001.asd;B2;EMB48;IRRIG;D03T;tarde;D03;IRRIG;IRRIG;0.42532187581977154;True;0.2046153977178459;0.2775712441619557;-1.5264262889616182;-0.44374987012042455;-1.359418459467878
pls_da;por_genotipo;EMB48;2;727;B2_EMB48_IRRIG_REPROD00007.asd;B2;EMB48;IRRIG;D03T;tarde;D03;IRRIG;IRRIG;0.45248395567351407;True;0.2982334867808929;0.20001808442896363;-1.4638179911601001;-0.5228579692678812;-1.2212788866154607
pls_da;por_genotipo;EMB48;2;735;B2_EMB48_NIRRIG_REPROD00007.asd;B2;EMB48;NIRRIG;D03T;tarde;D03;NIRRIG;IRRIG;0.45743102453312073;False;0.21137643431125394;0.2678113792287812;-1.6020563913388495;-0.4919051253035858;-1.3212780850486805
pls_da;por_genotipo;EMB48;2;742;B3_EMB48_IRRIG_REPROD00006.asd;B3;EMB48;IRRIG;D03T;tarde;D03;IRRIG;NIRRIG;0.5020483339963421;False;0.2957135520280552;0.24017626533961955;-1.5615316058124917;-0.5384159636578537;-1.2059322855442975
pls_da;por_genotipo;EMB48;2;750;B3_EMB48_NIRRIG_REPROD00006.asd;B3;EMB48;NIRRIG;D03T;tarde;D03;NIRRIG;NIRRIG;0.7660406072724951;True;0.5579390521814157;0.3077173981807148;-1.8094649571673982;-0.4800626428141999;-0.9824367902387324
pls_da;por_genotipo;EMB48;2;756;B4_EMB48_IRRIG_REPROD00004.asd;B4;EMB48;IRRIG;D03T;tarde;D03;IRRIG;NIRRIG;0.5373217208115659;False;0.33934516038822576;0.25837519928198327;-1.5844432861698108;-0.4993074565541684;-1.2160861471154523
pls_da;por_genotipo;EMB48;2;758;B4_EMB48_IRRIG_REPROD00006.asd;B4;EMB48;IRRIG;D03T;tarde;D03;IRRIG;NIRRIG;0.533634212137981;False;0.3358452203697284;0.2558122439280553;-1.5829814382943364;-0.4910132979405158;-1.2186293067720404
pls_da;por_genotipo;EMB48;2;762;B4_EMB48_NIRRIG_REPROD00002.asd;B4;EMB48;NIRRIG;D03T;tarde;D03;NIRRIG;NIRRIG;0.5638664109313044;True;0.262513419174973;0.33170219607226975;-1.7950558511000183;-0.3702212135658252;-1.3645369533446863
pls_da;por_genotipo;EMB48;2;767;B4_EMB48_NIRRIG_REPROD00007.asd;B4;EMB48;NIRRIG;D03T;tarde;D03;NIRRIG;NIRRIG;0.6944778880114707;True;0.47696332637082234;0.2929271075664761;-1.7441916989370585;-0.46740110264866497;-1.0817412405069255
pls_da;por_genotipo;EMB48;2;896;B1_EMB48_IRRIG_REPROD00000.asd;B1;EMB48;IRRIG;D04M;manha;D04;IRRIG;IRRIG;0.4127690909059168;True;0.36267962910202795;0.13149535502846885;-1.1902331233058296;-0.6528666030226644;-1.0214668187025957
pls_da;por_genotipo;EMB48;2;902;B1_EMB48_IRRIG_REPROD00006.asd;B1;EMB48;IRRIG;D04M;manha;D04;IRRIG;IRRIG;0.4263227173318936;True;0.29387420695153543;0.2360990951381452;-1.3529070740807287;-0.5134842811793431;-1.2288787274958544
pls_da;por_genotipo;EMB48;2;910;B1_EMB48_NIRRIG_REPROD00006.asd;B1;EMB48;NIRRIG;D04M;manha;D04;NIRRIG;NIRRIG;0.6177637772060822;True;0.459714612383347;0.235396740979436;-1.601791801083507;-0.5314504104408281;-1.1084831944607862
pls_da;por_genotipo;EMB48;2;911;B1_EMB48_NIRRIG_REPROD00007.asd;B1;EMB48;NIRRIG;D04M;manha;D04;NIRRIG;NIRRIG;0.6186171621233636;True;0.4570088280007403;0.2362982636880382;-1.6095485039957838;-0.5297949594060488;-1.1113215273692587
pls_da;por_genotipo;EMB48;2;913;B2_EMB48_IRRIG_REPROD00001.asd;B2;EMB48;IRRIG;D04M;manha;D04;IRRIG;IRRIG;0.43081438580976644;True;0.31075486973794125;0.22805587093775842;-1.3384854199363945;-0.5294357957369042;-1.2110615289288047
pls_da;por_genotipo;EMB48;2;919;B2_EMB48_IRRIG_REPROD00007.asd;B2;EMB48;IRRIG;D04M;manha;D04;IRRIG;IRRIG;0.4536875837060079;True;0.25619829762041113;0.2831831494829963;-1.4992850116153356;-0.43026553113576455;-1.3203657781367557
pls_da;por_genotipo;EMB48;2;927;B2_EMB48_NIRRIG_REPROD00007.asd;B2;EMB48;NIRRIG;D04M;manha;D04;NIRRIG;NIRRIG;0.5277653500797018;True;0.43316656434348094;0.13725494998997728;-1.4669744378451688;-0.5933339193852839;-1.0871973753722977
pls_da;por_genotipo;EMB48;2;934;B3_EMB48_IRRIG_REPROD00006.asd;B3;EMB48;IRRIG;D04M;manha;D04;IRRIG;IRRIG;0.43182925373301184;True;0.294582984006149;0.24753193082142935;-1.3880123957620245;-0.45324781646887025;-1.280618823981531
pls_da;por_genotipo;EMB48;2;942;B3_EMB48_NIRRIG_REPROD00006.asd;B3;EMB48;NIRRIG;D04M;manha;D04;NIRRIG;NIRRIG;0.6483572115811924;True;0.5422675541838904;0.17798991826758082;-1.541656801184762;-0.5901751803541906;-0.9610660690578726
pls_da;por_genotipo;EMB48;2;948;B4_EMB48_IRRIG_REPROD00004.asd;B4;EMB48;IRRIG;D04M;manha;D04;IRRIG;IRRIG;0.49843263080019323;True;0.34282670492958967;0.20450690701858693;-1.5199432626983242;-0.4981472998633566;-1.2103089326329242
pls_da;por_genotipo;EMB48;2;950;B4_EMB48_IRRIG_REPROD00006.asd;B4;EMB48;IRRIG;D04M;manha;D04;IRRIG;IRRIG;0.48340176666923973;True;0.32543967875123164;0.21259782990209222;-1.5024422348056063;-0.4866089454195057;-1.2263013342961628
pls_da;por_genotipo;EMB48;2;954;B4_EMB48_NIRRIG_REPROD00002.asd;B4;EMB48;NIRRIG;D04M;manha;D04;NIRRIG;NIRRIG;0.5544698126831419;True;0.3441743667314219;0.24465342117419778;-1.6679499565623923;-0.4421038717126837;-1.2532789460399392
pls_da;por_genotipo;EMB48;2;959;B4_EMB48_NIRRIG_REPROD00007.asd;B4;EMB48;NIRRIG;D04M;manha;D04;NIRRIG;NIRRIG;0.6196767339459194;True;0.48375935985804797;0.18603246564048753;-1.5916280134261123;-0.5483638546053188;-1.0541977334441894
pls_da;por_genotipo;EMB48;2;1088;B1_EMB48_IRRIG_REPROD00000.asd;B1;EMB48;IRRIG;D05M;manha;D05;IRRIG;IRRIG;0.3629352995620012;True;0.21998094846413943;0.20312254732955162;-1.2869111588522932;-0.5724729013977464;-1.1980304722911626
pls_da;por_genotipo;EMB48;2;1094;B1_EMB48_IRRIG_REPROD00006.asd;B1;EMB48;IRRIG;D05M;manha;D05;IRRIG;NIRRIG;0.505852723650914;False;0.2681005385252573;0.2672672731262574;-1.6530388332997181;-0.44895181257337197;-1.312355000339597
pls_da;por_genotipo;EMB48;2;1102;B1_EMB48_NIRRIG_REPROD00006.asd;B1;EMB48;NIRRIG;D05M;manha;D05;NIRRIG;NIRRIG;0.6271699083509631;True;0.40997474510074566;0.2711250033838759;-1.7044653160710572;-0.5265245895150542;-1.162274966077577
pls_da;por_genotipo;EMB48;2;1103;B1_EMB48_NIRRIG_REPROD00007.asd;B1;EMB48;NIRRIG;D05M;manha;D05;NIRRIG;NIRRIG;0.6297894399909029;True;0.41352234874093907;0.2711320670424463;-1.7077871057018044;-0.5255458689408424;-1.1628638115940395
pls_da;por_genotipo;EMB48;2;1105;B2_EMB48_IRRIG_REPROD00001.asd;B2;EMB48;IRRIG;D05M;manha;D05;IRRIG;IRRIG;0.46338701570790614;True;0.32328382129003486;0.22745523216767055;-1.417911351060858;-0.5270915450029751;-1.2090319407074945
pls_da;por_genotipo;EMB48;2;1111;B2_EMB48_IRRIG_REPROD00007.asd;B2;EMB48;IRRIG;D05M;manha;D05;IRRIG;IRRIG;0.4874704032476828;True;0.28552874328171907;0.2750572790398902;-1.5329969337809561;-0.432319479102842;-1.2725670741273607
pls_da;por_genotipo;EMB48;2;1119;B2_EMB48_NIRRIG_REPROD00007.asd;B2;EMB48;NIRRIG;D05M;manha;D05;NIRRIG;NIRRIG;0.6057990029844564;True;0.4156615258096393;0.2366153358924719;-1.6424443863542952;-0.5254259052151005;-1.1259844066098783
pls_da;por_genotipo;EMB48;2;1126;B3_EMB48_IRRIG_REPROD00006.asd;B3;EMB48;IRRIG;D05M;manha;D05;IRRIG;IRRIG;0.4539223634313738;True;0.2582219457140319;0.294913834836605;-1.4889785850291173;-0.42254402620181514;-1.329366996227467
pls_da;por_genotipo;EMB48;2;1134;B3_EMB48_NIRRIG_REPROD00006.asd;B3;EMB48;NIRRIG;D05M;manha;D05;NIRRIG;NIRRIG;0.6990496979498678;True;0.38866478289614553;0.35892608861836756;-1.9427793819747827;-0.30599727205240546;-1.270958966074061
pls_da;por_genotipo;EMB48;2;1140;B4_EMB48_IRRIG_REPROD00004.asd;B4;EMB48;IRRIG;D05M;manha;D05;IRRIG;IRRIG;0.44326683287359786;True;0.3745689978687688;0.23035189133655865;-1.2083008320051012;-0.5713131113175698;-1.111146819880324
pls_da;por_genotipo;EMB48;2;1142;B4_EMB48_IRRIG_REPROD00006.asd;B4;EMB48;IRRIG;D05M;manha;D05;IRRIG;IRRIG;0.4377287064887512;True;0.3738761078047013;0.23133976527464345;-1.1914622668634203;-0.5740776867249574;-1.1112816100199858
pls_da;por_genotipo;EMB48;2;1146;B4_EMB48_NIRRIG_REPROD00002.asd;B4;EMB48;NIRRIG;D05M;manha;D05;NIRRIG;NIRRIG;0.578351188254902;True;0.2643835358621128;0.3468760722838901;-1.8395696980810912;-0.3583900494495645;-1.395016103476992
pls_da;por_genotipo;EMB48;2;1151;B4_EMB48_NIRRIG_REPROD00007.asd;B4;EMB48;NIRRIG;D05M;manha;D05;NIRRIG;NIRRIG;0.5823134012983929;True;0.22881023871612002;0.38636417321899713;-1.8953855090274407;-0.3232901260660091;-1.4474380944658036
pls_da;por_genotipo;EMB48;2;1280;B1_EMB48_IRRIG_REPROD00000.asd;B1;EMB48;IRRIG;D06M;manha;D06;IRRIG;IRRIG;0.3425644061243678;True;0.2563646966337178;0.19086629323696425;-1.1581854246772993;-0.6131306342952574;-1.1674216331194835
pls_da;por_genotipo;EMB48;2;1286;B1_EMB48_IRRIG_REPROD00006.asd;B1;EMB48;IRRIG;D06M;manha;D06;IRRIG;IRRIG;0.37422335290595105;True;0.2803651258725343;0.16996794948827484;-1.1995338338899126;-0.6713192302335291;-1.0905715926217148
pls_da;por_genotipo;EMB48;2;1294;B1_EMB48_NIRRIG_REPROD00006.asd;B1;EMB48;NIRRIG;D06M;manha;D06;NIRRIG;NIRRIG;0.6090983707646416;True;0.38128049827359073;0.2620054442754495;-1.71429253790016;-0.5228267626431939;-1.1807506361851767
pls_da;por_genotipo;EMB48;2;1295;B1_EMB48_NIRRIG_REPROD00007.asd;B1;EMB48;NIRRIG;D06M;manha;D06;NIRRIG;NIRRIG;0.6034009744771803;True;0.3836390226220396;0.2629742966415757;-1.6929507816700735;-0.5227736794108553;-1.1829423053369
pls_da;por_genotipo;EMB48;2;1297;B2_EMB48_IRRIG_REPROD00001.asd;B2;EMB48;IRRIG;D06M;manha;D06;IRRIG;IRRIG;0.4498842273552114;True;0.31628949623124003;0.20243115719659494;-1.386384110364673;-0.5374441165499935;-1.164098503406734
pls_da;por_genotipo;EMB48;2;1303;B2_EMB48_IRRIG_REPROD00007.asd;B2;EMB48;IRRIG;D06M;manha;D06;IRRIG;IRRIG;0.4686367106336747;True;0.3065130725313557;0.2461673351859932;-1.4776077693401766;-0.45729971502914046;-1.2716064254466872
pls_da;por_genotipo;EMB48;2;1311;B2_EMB48_NIRRIG_REPROD00007.asd;B2;EMB48;NIRRIG;D06M;manha;D06;NIRRIG;NIRRIG;0.5149236921393642;True;0.2594241246033328;0.2658356724771289;-1.6685069278977083;-0.5112358398555858;-1.2682994743678209
pls_da;por_genotipo;EMB48;2;1318;B3_EMB48_IRRIG_REPROD00006.asd;B3;EMB48;IRRIG;D06M;manha;D06;IRRIG;IRRIG;0.43671453375446256;True;0.3116697914984728;0.22207111193558587;-1.3251339495812675;-0.5576207472591714;-1.155111399514999
pls_da;por_genotipo;EMB48;2;1326;B3_EMB48_NIRRIG_REPROD00006.asd;B3;EMB48;NIRRIG;D06M;manha;D06;NIRRIG;NIRRIG;0.5411826792920054;True;0.2957062695640947;0.26945263170118555;-1.6689284876752506;-0.5171210568991801;-1.2406840232083918
pls_da;por_genotipo;EMB48;2;1332;B4_EMB48_IRRIG_REPROD00004.asd;B4;EMB48;IRRIG;D06M;manha;D06;IRRIG;IRRIG;0.414762580301799;True;0.22977193417578173;0.20169894006797018;-1.4667991054258238;-0.5433007057668744;-1.241279345458127
pls_da;por_genotipo;EMB48;2;1334;B4_EMB48_IRRIG_REPROD00006.asd;B4;EMB48;IRRIG;D06M;manha;D06;IRRIG;IRRIG;0.4180962423261953;True;0.2447258744311562;0.19966309546896377;-1.4430594114350854;-0.5515645511569313;-1.2214095184843867
pls_da;por_genotipo;EMB48;2;1338;B4_EMB48_NIRRIG_REPROD00002.asd;B4;EMB48;NIRRIG;D06M;manha;D06;NIRRIG;NIRRIG;0.6196590867612408;True;0.39335521540705953;0.255663918490915;-1.74286077231281;-0.4942325106983183;-1.1919030746478967
pls_da;por_genotipo;EMB48;2;1343;B4_EMB48_NIRRIG_REPROD00007.asd;B4;EMB48;NIRRIG;D06M;manha;D06;NIRRIG;NIRRIG;0.5340688888008229;True;0.2754218025993582;0.27682323053103425;-1.7553216976373536;-0.4170975823125749;-1.3717556333005028
pls_da;por_genotipo;EMB48;2;1485;B1_EMB48_NIRR_REP_RECUP00001.asd;B1;EMB48;NIRRIG;D09M;manha;D09;NIRRIG;IRRIG;0.48866720913681283;False;0.24507394347773995;0.24670011892981863;-1.611672177507373;-0.566930479618889;-1.2322250094036227
pls_da;por_genotipo;EMB48;2;1487;B1_EMB48_NIRR_REP_RECUP00003.asd;B1;EMB48;NIRRIG;D09M;manha;D09;NIRRIG;IRRIG;0.49602981939462826;False;0.26381196106733074;0.23536833724247957;-1.609318071210948;-0.573939779848744;-1.2190081923705136
pls_da;por_genotipo;EMB48;2;1491;B1_EMB48_NIRR_REP_RECUP00007.asd;B1;EMB48;NIRRIG;D09M;manha;D09;NIRRIG;NIRRIG;0.5551051800801877;True;0.33182737079707847;0.2715872719221479;-1.655581663043716;-0.5152687633586833;-1.2447974633617123
pls_da;por_genotipo;EMB48;2;1498;B2_EMB48_IRR_REP_RECUP00006.asd;B2;EMB48;IRRIG;D09M;manha;D09;IRRIG;IRRIG;0.3935018590853439;True;0.20489842373069692;0.19349717935548058;-1.4831377063418811;-0.526318726053861;-1.2932647816764309
pls_da;por_genotipo;EMB48;2;1501;B2_EMB48_NIRR_REP_RECUP00001.asd;B2;EMB48;NIRRIG;D09M;manha;D09;NIRRIG;IRRIG;0.47649966012798073;False;0.23044855529211625;0.25854773642437406;-1.6406292872936876;-0.4837872707514626;-1.3210745065344953
pls_da;por_genotipo;EMB48;2;1506;B2_EMB48_NIRR_REP_RECUP00010.asd;B2;EMB48;NIRRIG;D09M;manha;D09;NIRRIG;NIRRIG;0.572117273179562;True;0.3772423614119496;0.22473159435872672;-1.6439790714095022;-0.5257973291535701;-1.17428095906719
pls_da;por_genotipo;EMB48;2;1510;B3_EMB48_IRR_REP_RECUP00002.asd;B3;EMB48;IRRIG;D09M;manha;D09;IRRIG;IRRIG;0.3855370633597754;True;0.24079395113723773;0.15962693291387808;-1.3599473363176846;-0.602078962614012;-1.1691350326788326
pls_da;por_genotipo;EMB48;2;1516;B3_EMB48_NIRR_REP_RECUP00000.asd;B3;EMB48;NIRRIG;D09M;manha;D09;NIRRIG;IRRIG;0.49198815230885734;False;0.35902895957971853;0.15690764121964682;-1.458382113305986;-0.6549629369251051;-1.093477646685878
pls_da;por_genotipo;EMB48;2;1520;B3_EMB48_NIRR_REP_RECUP00004.asd;B3;EMB48;NIRRIG;D09M;manha;D09;NIRRIG;NIRRIG;0.5176077420289609;True;0.2906688842954978;0.24530801469583982;-1.6559063347208935;-0.4824813431603921;-1.2760639907591416
pls_da;por_genotipo;EMB48;2;1524;B4_EMB48_IRR_REP_RECUP00000.asd;B4;EMB48;IRRIG;D09M;manha;D09;IRRIG;IRRIG;0.40795070389582877;True;0.17593942021603123;0.23036839447762003;-1.514418797650702;-0.5356959413986928;-1.2690053078341517
pls_da;por_genotipo;EMB48;2;1526;B4_EMB48_IRR_REP_RECUP00002.asd;B4;EMB48;IRRIG;D09M;manha;D09;IRRIG;IRRIG;0.40063001338977183;True;0.20521288919457115;0.2183932047774426;-1.4465511270619802;-0.546855732756805;-1.2487695928823705
pls_da;por_genotipo;EMB48;2;1527;B4_EMB48_IRR_REP_RECUP00003.asd;B4;EMB48;IRRIG;D09M;manha;D09;IRRIG;IRRIG;0.4037453698233175;True;0.22091463494815794;0.21051253358099026;-1.4342960404368537;-0.5537300207955906;-1.238304918555576
pls_da;por_genotipo;EMB48;2;1538;B4_EMB48_NIRR_REP_RECUP00006.asd;B4;EMB48;NIRRIG;D09M;manha;D09;NIRRIG;NIRRIG;0.5377644567944;True;0.28686102808642633;0.2864309817660346;-1.7075333295891526;-0.43967623078341955;-1.3264321414833993
pls_da;por_genotipo;EMB48;2;1677;B1_EMB48_NIRR_REP_RECUP00001.asd;B1;EMB48;NIRRIG;D09T;tarde;D09;NIRRIG;NIRRIG;0.5014423292694906;True;0.3260402944027248;0.20146780625481087;-1.5154038978406619;-0.6179293257255107;-1.1385436468098409
pls_da;por_genotipo;EMB48;2;1679;B1_EMB48_NIRR_REP_RECUP00003.asd;B1;EMB48;NIRRIG;D09T;tarde;D09;NIRRIG;IRRIG;0.49472437286237414;False;0.31904972154187133;0.19925654772961376;-1.512586116901091;-0.6118172051297713;-1.1449098014767876
pls_da;por_genotipo;EMB48;2;1683;B1_EMB48_NIRR_REP_RECUP00007.asd;B1;EMB48;NIRRIG;D09T;tarde;D09;NIRRIG;NIRRIG;0.5284027353881475;True;0.4039457209143195;0.17750813689284758;-1.4737412465694752;-0.6090730543227425;-1.0952897743367505
pls_da;por_genotipo;EMB48;2;1690;B2_EMB48_IRR_REP_RECUP00006.asd;B2;EMB48;IRRIG;D09T;tarde;D09;IRRIG;IRRIG;0.47154573436847785;True;0.18527027410658453;0.2945071837744244;-1.6890162601406837;-0.468396963302883;-1.3732901855397661
pls_da;por_genotipo;EMB48;2;1693;B2_EMB48_NIRR_REP_RECUP00001.asd;B2;EMB48;NIRRIG;D09T;tarde;D09;NIRRIG;IRRIG;0.48321748533319436;False;0.2407574117611027;0.2800936213228897;-1.6020115058410542;-0.4986623015780074;-1.2940676698201081
pls_da;por_genotipo;EMB48;2;1702;B3_EMB48_IRR_REP_RECUP00002.asd;B3;EMB48;IRRIG;D09T;tarde;D09;IRRIG;IRRIG;0.37885029064327436;True;0.23403537546599448;0.189485784125209;-1.2964398814076004;-0.6480212441575789;-1.1399151921219717
pls_da;por_genotipo;EMB48;2;1708;B3_EMB48_NIRR_REP_RECUP00000.asd;B3;EMB48;NIRRIG;D09T;tarde;D09;NIRRIG;NIRRIG;0.5160574221242915;True;0.34712006617313085;0.2007779564416915;-1.4962334010701432;-0.662526237286128;-1.0895278291939328
pls_da;por_genotipo;EMB48;2;1712;B3_EMB48_NIRR_REP_RECUP00004.asd;B3;EMB48;NIRRIG;D09T;tarde;D09;NIRRIG;NIRRIG;0.5352498908565329;True;0.3188487610245195;0.26983858222100776;-1.6062853103146362;-0.5007326342548383;-1.2300230163613837
pls_da;por_genotipo;EMB48;2;1716;B4_EMB48_IRR_REP_RECUP00000.asd;B4;EMB48;IRRIG;D09T;tarde;D09;IRRIG;IRRIG;0.47988672533187426;True;0.28420352714411595;0.22807630721092512;-1.5453734549105622;-0.5556388469825357;-1.2321468936854723
pls_da;por_genotipo;EMB48;2;1718;B4_EMB48_IRR_REP_RECUP00002.asd;B4;EMB48;IRRIG;D09T;tarde;D09;IRRIG;IRRIG;0.4774109915119862;True;0.27526351993996273;0.22931229865170452;-1.5590067334126012;-0.5456646970259627;-1.2455103763046445
pls_da;por_genotipo;EMB48;2;1719;B4_EMB48_IRR_REP_RECUP00003.asd;B4;EMB48;IRRIG;D09T;tarde;D09;IRRIG;IRRIG;0.47724939841717007;True;0.2813831653213671;0.22606692231768374;-1.548841473553623;-0.5503455766621657;-1.2394211018660892
pls_da;por_genotipo;EMB48;2;1730;B4_EMB48_NIRR_REP_RECUP00006.asd;B4;EMB48;NIRRIG;D09T;tarde;D09;NIRRIG;NIRRIG;0.5084867392551535;True;0.3092584026710301;0.22869941107367653;-1.5990230124721285;-0.5128282186293437;-1.2451125165111219
pls_da;por_genotipo;EMB48;2;1773;B1_EMB48_NIRR_REP_RECUP00001.asd;B1;EMB48;NIRRIG;D10M;manha;D10;NIRRIG;IRRIG;0.48384064743200533;False;0.28280563808820847;0.20875069116356681;-1.5466784977742964;-0.6018747243185203;-1.1773147642579576
pls_da;por_genotipo;EMB48;2;1775;B1_EMB48_NIRR_REP_RECUP00003.asd;B1;EMB48;NIRRIG;D10M;manha;D10;NIRRIG;IRRIG;0.4853642229138556;False;0.28769030094198317;0.2054507038894785;-1.5458472978648095;-0.6030752848544779;-1.1747487610472498
pls_da;por_genotipo;EMB48;2;1779;B1_EMB48_NIRR_REP_RECUP00007.asd;B1;EMB48;NIRRIG;D10M;manha;D10;NIRRIG;NIRRIG;0.5742100241570061;True;0.46377420652000806;0.18266531234246075;-1.4985390001716916;-0.61252883340859;-1.0711919601339348
pls_da;por_genotipo;EMB48;2;1818;B2_EMB48_IRR_REP_RECUP00006.asd;B2;EMB48;IRRIG;D10M;manha;D10;IRRIG;IRRIG;0.4206048052071871;True;0.16966897297177452;0.24406286380850079;-1.583664738171531;-0.5154679411202352;-1.3228300884377415
pls_da;por_genotipo;EMB48;2;1821;B2_EMB48_NIRR_REP_RECUP00001.asd;B2;EMB48;NIRRIG;D10M;manha;D10;NIRRIG;NIRRIG;0.5484579722486185;True;0.39740479416972346;0.18688780707004712;-1.5347260314281885;-0.6322153157752676;-1.0945979913273245
pls_da;por_genotipo;EMB48;2;1862;B3_EMB48_IRR_REP_RECUP00002.asd;B3;EMB48;IRRIG;D10M;manha;D10;IRRIG;IRRIG;0.36834165401716823;True;0.1991742168181853;0.22838644391223809;-1.3231428182102443;-0.5855922543394679;-1.2199089162335979
pls_da;por_genotipo;EMB48;2;1868;B3_EMB48_NIRR_REP_RECUP00000.asd;B3;EMB48;NIRRIG;D10M;manha;D10;NIRRIG;NIRRIG;0.5193974570536054;True;0.28656271974849873;0.2831518910028451;-1.598431394833901;-0.5218743112511084;-1.2366172775678952
pls_da;por_genotipo;EMB48;2;1872;B3_EMB48_NIRR_REP_RECUP00004.asd;B3;EMB48;NIRRIG;D10M;manha;D10;NIRRIG;IRRIG;0.49695697293008106;False;0.3515253285835218;0.18231671631215846;-1.4645040699219127;-0.6556253951486848;-1.1065876316038266
pls_da;por_genotipo;EMB48;2;1908;B4_EMB48_IRR_REP_RECUP00000.asd;B4;EMB48;IRRIG;D10M;manha;D10;IRRIG;IRRIG;0.37180918629973864;True;0.16893109764905187;0.22269684526769223;-1.4071401615327437;-0.6088905412624848;-1.2459453007462302
pls_da;por_genotipo;EMB48;2;1910;B4_EMB48_IRR_REP_RECUP00002.asd;B4;EMB48;IRRIG;D10M;manha;D10;IRRIG;IRRIG;0.3680339927731678;True;0.16787075283225394;0.22316723137299313;-1.394349675838463;-0.6098219878992829;-1.2434981850358007
pls_da;por_genotipo;EMB48;2;1911;B4_EMB48_IRR_REP_RECUP00003.asd;B4;EMB48;IRRIG;D10M;manha;D10;IRRIG;IRRIG;0.36903998578377384;True;0.17134688457250116;0.22225939525233512;-1.3900987438102586;-0.6107686027752861;-1.238810912642779
pls_da;por_genotipo;EMB48;2;1922;B4_EMB48_NIRR_REP_RECUP00006.asd;B4;EMB48;NIRRIG;D10M;manha;D10;NIRRIG;NIRRIG;0.5245943335702916;True;0.3398297647519819;0.23202771542974823;-1.5471494010599898;-0.5782112559693096;-1.1686577504266873
pls_da;por_genotipo;EMB48;3;129;B4_EMB48_IRRIG_REPROD00000.asd;B4;EMB48;IRRIG;D02M;manha;D02;IRRIG;NIRRIG;0.5415539473423523;False;0.32863325582260844;0.2746005722484738;-1.6168205947598053;-0.4474043983954542;-1.248732851699592
pls_da;por_genotipo;EMB48;3;136;B4_EMB48_IRRIG_REPROD00007.asd;B4;EMB48;IRRIG;D02M;manha;D02;IRRIG;IRRIG;0.4056615305593423;True;0.1764291129566066;0.2173239146154607;-1.5350508830452299;-0.5346778180899783;-1.260421628509864
pls_da;por_genotipo;EMB48;3;138;B4_EMB48_NIRRIG_REPROD00000.asd;B4;EMB48;NIRRIG;D02M;manha;D02;NIRRIG;NIRRIG;0.6607358972815436;True;0.4680282913566134;0.2574956261331921;-1.675387416179252;-0.48422840997017685;-1.1040501357093169
pls_da;por_genotipo;EMB48;3;141;B3_EMB48_IRRIG_REPROD00003.asd;B3;EMB48;IRRIG;D02M;manha;D02;IRRIG;IRRIG;0.42466583362609184;True;0.23588758884712752;0.20428529129874062;-1.5034189342434476;-0.5022261829055427;-1.2481829707939023
pls_da;por_genotipo;EMB48;3;143;B3_EMB48_IRRIG_REPROD00004.asd;B3;EMB48;IRRIG;D02M;manha;D02;IRRIG;IRRIG;0.43283440457303435;True;0.21227618306359664;0.25005667685737765;-1.5726251798758466;-0.43935131177221487;-1.3326071649155358
pls_da;por_genotipo;EMB48;3;148;B4_EMB48_NIRRIG_REPROD00005.asd;B4;EMB48;NIRRIG;D02M;manha;D02;NIRRIG;NIRRIG;0.5001098222799946;True;0.1862709263788468;0.3383231134708601;-1.7516306254686946;-0.3862137013923292;-1.3915267182607252
pls_da;por_genotipo;EMB48;3;156;B3_EMB48_NIRRIG_REPROD00004.asd;B3;EMB48;NIRRIG;D02M;manha;D02;NIRRIG;NIRRIG;0.5381566789706153;True;0.37743758607627637;0.19743977241834348;-1.5328459758212625;-0.5559975001617781;-1.1293213687734158
pls_da;por_genotipo;EMB48;3;157;B3_EMB48_NIRRIG_REPROD00005.asd;B3;EMB48;NIRRIG;D02M;manha;D02;NIRRIG;NIRRIG;0.5361813482048401;True;0.37643201544469307;0.1992018081615906;-1.5285276917420345;-0.5553747143342995;-1.1320391018641673
pls_da;por_genotipo;EMB48;3;164;B1_EMB48_IRRIG_REPROD00004.asd;B1;EMB48;IRRIG;D02M;manha;D02;IRRIG;IRRIG;0.4789937913430126;True;0.27732681684897387;0.24808354794236587;-1.5783322672545805;-0.44653731695321686;-1.2930530891639118
pls_da;por_genotipo;EMB48;3;167;B1_EMB48_IRRIG_REPROD00007.asd;B1;EMB48;IRRIG;D02M;manha;D02;IRRIG;IRRIG;0.4809950241386948;True;0.28611577892381745;0.2484733503982857;-1.5691966665689316;-0.446700820486136;-1.2925051701448145
pls_da;por_genotipo;EMB48;3;170;B1_EMB48_NIRRIG_REPROD00002.asd;B1;EMB48;NIRRIG;D02M;manha;D02;NIRRIG;NIRRIG;0.5115707616894016;True;0.3387816370752046;0.21419309430150196;-1.566695897888981;-0.5113039855289935;-1.226714042623784
pls_da;por_genotipo;EMB48;3;185;B2_EMB48_NIRRIG_REPROD00001.asd;B2;EMB48;NIRRIG;D02M;manha;D02;NIRRIG;IRRIG;0.37239354374572303;False;0.1684718439185668;0.2126483682481449;-1.4768051541207323;-0.49185682839193967;-1.296460391638014
pls_da;por_genotipo;EMB48;3;190;B2_EMB48_NIRRIG_REPROD00006.asd;B2;EMB48;NIRRIG;D02M;manha;D02;NIRRIG;NIRRIG;0.5423360501794555;True;0.44401012300359666;0.15945637402925636;-1.4506715994552668;-0.5914148542139521;-1.0851340581872344
pls_da;por_genotipo;EMB48;3;324;B1_EMB48_IRRIG_REPROD00004.asd;B1;EMB48;IRRIG;D02T;tarde;D02;IRRIG;IRRIG;0.47591786214858406;True;0.2585465648198494;0.2458745282126287;-1.6080715285840947;-0.45238847487305517;-1.3015749437615622
pls_da;por_genotipo;EMB48;3;327;B1_EMB48_IRRIG_REPROD00007.asd;B1;EMB48;IRRIG;D02T;tarde;D02;IRRIG;IRRIG;0.48101157953772467;True;0.26705486611478835;0.2418237249771917;-1.6164649174974308;-0.4491118862568354;-1.305024753861287
pls_da;por_genotipo;EMB48;3;330;B1_EMB48_NIRRIG_REPROD00002.asd;B1;EMB48;NIRRIG;D02T;tarde;D02;NIRRIG;NIRRIG;0.5923414715693306;True;0.309853242108088;0.30126955934843747;-1.796067524458067;-0.3944060296296397;-1.2887696176815504
pls_da;por_genotipo;EMB48;3;345;B2_EMB48_NIRRIG_REPROD00001.asd;B2;EMB48;NIRRIG;D02T;tarde;D02;NIRRIG;IRRIG;0.42240346761203357;False;0.1726549774228779;0.25348376967078373;-1.591886275030534;-0.5048950938944664;-1.3202388777082812
pls_da;por_genotipo;EMB48;3;350;B2_EMB48_NIRRIG_REPROD00006.asd;B2;EMB48;NIRRIG;D02T;tarde;D02;NIRRIG;NIRRIG;0.5754260950036071;True;0.3819862749541475;0.24110520182702488;-1.6176663865852756;-0.533940049155229;-1.1752489219287878
pls_da;por_genotipo;EMB48;3;355;B3_EMB48_IRRIG_REPROD00003.asd;B3;EMB48;IRRIG;D02T;tarde;D02;IRRIG;IRRIG;0.4626013509678941;True;0.2842246082908223;0.2042091233041391;-1.530080793395975;-0.502587531734556;-1.2368851109959411
pls_da;por_genotipo;EMB48;3;356;B3_EMB48_IRRIG_REPROD00004.asd;B3;EMB48;IRRIG;D02T;tarde;D02;IRRIG;IRRIG;0.47415092634438766;True;0.2419181028932767;0.2788055030363865;-1.6270118813087617;-0.4237534605640742;-1.3518262055327561
pls_da;por_genotipo;EMB48;3;364;B3_EMB48_NIRRIG_REPROD00004.asd;B3;EMB48;NIRRIG;D02T;tarde;D02;NIRRIG;NIRRIG;0.5918981229344221;True;0.3817676660435968;0.2541922208209753;-1.6636451901986902;-0.5224213657952346;-1.1911604946044942
pls_da;por_genotipo;EMB48;3;365;B3_EMB48_NIRRIG_REPROD00005.asd;B3;EMB48;NIRRIG;D02T;tarde;D02;NIRRIG;NIRRIG;0.5976649864815695;True;0.3856932266442851;0.25785749759709053;-1.669530771643233;-0.5226438326579166;-1.1897272462690456
pls_da;por_genotipo;EMB48;3;368;B4_EMB48_IRRIG_REPROD00000.asd;B4;EMB48;IRRIG;D02T;tarde;D02;IRRIG;NIRRIG;0.5574468657563417;False;0.3531370053944215;0.2401973843973425;-1.6347799475353693;-0.4902007278609796;-1.2074059325835158
pls_da;por_genotipo;EMB48;3;375;B4_EMB48_IRRIG_REPROD00007.asd;B4;EMB48;IRRIG;D02T;tarde;D02;IRRIG;IRRIG;0.452035408928383;True;0.23221047762456087;0.2067379815030904;-1.583576585538574;-0.5451534688460381;-1.2429225367797798
pls_da;por_genotipo;EMB48;3;376;B4_EMB48_NIRRIG_REPROD00000.asd;B4;EMB48;NIRRIG;D02T;tarde;D02;NIRRIG;NIRRIG;0.6514175417637174;True;0.3743006790360399;0.306193470282416;-1.7968893361775986;-0.43552729124007544;-1.184912621276418
pls_da;por_genotipo;EMB48;3;381;B4_EMB48_NIRRIG_REPROD00005.asd;B4;EMB48;NIRRIG;D02T;tarde;D02;NIRRIG;NIRRIG;0.5246171472460976;True;0.2082545957453212;0.3317891699385686;-1.7933886840220146;-0.39156614277260005;-1.3885712901847822
pls_da;por_genotipo;EMB48;3;516;B1_EMB48_IRRIG_REPROD00004.asd;B1;EMB48;IRRIG;D03M;manha;D03;IRRIG;IRRIG;0.4385799025211048;True;0.2940019220520645;0.1790932595382655;-1.4498427990381135;-0.5355968191957916;-1.2049802015380018
pls_da;por_genotipo;EMB48;3;519;B1_EMB48_IRRIG_REPROD00007.asd;B1;EMB48;IRRIG;D03M;manha;D03;IRRIG;IRRIG;0.44284663660275997;True;0.29445880066576835;0.1651718096059764;-1.4679681119450512;-0.5439342967661743;-1.190907844414376
pls_da;por_genotipo;EMB48;3;522;B1_EMB48_NIRRIG_REPROD00002.asd;B1;EMB48;NIRRIG;D03M;manha;D03;NIRRIG;NIRRIG;0.620157720457752;True;0.332423353009449;0.31204458363433324;-1.8085095695723796;-0.39174055443711686;-1.2548428719200342
pls_da;por_genotipo;EMB48;3;537;B2_EMB48_NIRRIG_REPROD00001.asd;B2;EMB48;NIRRIG;D03M;manha;D03;NIRRIG;NIRRIG;0.5199176028689179;True;0.3340539892068463;0.24626192691450857;-1.5779780827297183;-0.5148157906647971;-1.250322069146129
pls_da;por_genotipo;EMB48;3;542;B2_EMB48_NIRRIG_REPROD00006.asd;B2;EMB48;NIRRIG;D03M;manha;D03;NIRRIG;IRRIG;0.44611856118345683;False;0.1874050508370804;0.2752314814297104;-1.6517372400134418;-0.4336241700127375;-1.3736656377778313
pls_da;por_genotipo;EMB48;3;547;B3_EMB48_IRRIG_REPROD00003.asd;B3;EMB48;IRRIG;D03M;manha;D03;IRRIG;IRRIG;0.4031642042675551;True;0.2232918113121662;0.25363715860780595;-1.463152457861057;-0.4342465789023725;-1.3347812010824944
pls_da;por_genotipo;EMB48;3;548;B3_EMB48_IRRIG_REPROD00004.asd;B3;EMB48;IRRIG;D03M;manha;D03;IRRIG;IRRIG;0.44397320750386865;True;0.3285866136543137;0.18287452956360503;-1.381407456060068;-0.5360560855027403;-1.1704219546133645
pls_da;por_genotipo;EMB48;3;556;B3_EMB48_NIRRIG_REPROD00004.asd;B3;EMB48;NIRRIG;D03M;manha;D03;NIRRIG;NIRRIG;0.7237646974492337;True;0.4582363206958209;0.3121979693595561;-1.8754849200868196;-0.4255165135703943;-1.1475429711793734
pls_da;por_genotipo;EMB48;3;557;B3_EMB48_NIRRIG_REPROD00005.asd;B3;EMB48;NIRRIG;D03M;manha;D03;NIRRIG;NIRRIG;0.7233541965449374;True;0.45805642869172175;0.31135089217537015;-1.8757457572839453;-0.4216293632090137;-1.1481722713195492
pls_da;por_genotipo;EMB48;3;560;B4_EMB48_IRRIG_REPROD00000.asd;B4;EMB48;IRRIG;D03M;manha;D03;IRRIG;IRRIG;0.40742485436685144;True;0.19619143524109744;0.218028987772631;-1.5023504203891755;-0.5207267657878969;-1.252540169412279
pls_da;por_genotipo;EMB48;3;567;B4_EMB48_IRRIG_REPROD00007.asd;B4;EMB48;IRRIG;D03M;manha;D03;IRRIG;NIRRIG;0.5208759717052561;False;0.4029621292532325;0.2054125335520873;-1.457594423800457;-0.5084974552550037;-1.165289466349131
pls_da;por_genotipo;EMB48;3;568;B4_EMB48_NIRRIG_REPROD00000.asd;B4;EMB48;NIRRIG;D03M;manha;D03;NIRRIG;NIRRIG;0.5578061009147529;True;0.26908462146032364;0.3258229693651135;-1.7922219883548958;-0.3782421126354065;-1.3771935427644577
pls_da;por_genotipo;EMB48;3;573;B4_EMB48_NIRRIG_REPROD00005.asd;B4;EMB48;NIRRIG;D03M;manha;D03;NIRRIG;NIRRIG;0.6042248172838102;True;0.26028415463211135;0.3319337901748115;-1.865817646370895;-0.3672128141947632;-1.2734157385422242
pls_da;por_genotipo;EMB48;3;708;B1_EMB48_IRRIG_REPROD00004.asd;B1;EMB48;IRRIG;D03T;tarde;D03;IRRIG;NIRRIG;0.5128681226466101;False;0.38533122847196294;0.16320678119485726;-1.4619232929319774;-0.6307196753185348;-1.0964575295325152
pls_da;por_genotipo;EMB48;3;711;B1_EMB48_IRRIG_REPROD00007.asd;B1;EMB48;IRRIG;D03T;tarde;D03;IRRIG;NIRRIG;0.5081243751018334;False;0.37517275771377245;0.16608975296974984;-1.4684307321850743;-0.62456922448244;-1.1068449586355882
pls_da;por_genotipo;EMB48;3;714;B1_EMB48_NIRRIG_REPROD00002.asd;B1;EMB48;NIRRIG;D03T;tarde;D03;NIRRIG;NIRRIG;0.629220396870961;True;0.43274093148315734;0.2653577770727189;-1.6384093307958059;-0.5280517817384759;-1.127417052277924
pls_da;por_genotipo;EMB48;3;729;B2_EMB48_NIRRIG_REPROD00001.asd;B2;EMB48;NIRRIG;D03T;tarde;D03;NIRRIG;NIRRIG;0.5837663657586464;True;0.4074791134308359;0.24440954878658885;-1.592176495235373;-0.5451789148951273;-1.1674587034015491
pls_da;por_genotipo;EMB48;3;734;B2_EMB48_NIRRIG_REPROD00006.asd;B2;EMB48;NIRRIG;D03T;tarde;D03;NIRRIG;IRRIG;0.4513890049644024;False;0.2074768184585118;0.2705932564492044;-1.6038156160486607;-0.4920129906473013;-1.3226001574695019
pls_da;por_genotipo;EMB48;3;739;B3_EMB48_IRRIG_REPROD00003.asd;B3;EMB48;IRRIG;D03T;tarde;D03;IRRIG;IRRIG;0.48620260617642397;True;0.2621076126800381;0.28066043521110007;-1.589167219036082;-0.4805027140905736;-1.2980502952740849
pls_da;por_genotipo;EMB48;3;740;B3_EMB48_IRRIG_REPROD00004.asd;B3;EMB48;IRRIG;D03T;tarde;D03;IRRIG;IRRIG;0.4958583036394563;True;0.28249443173247835;0.2428374371417345;-1.564538894143748;-0.5384835377409869;-1.207913804262341
pls_da;por_genotipo;EMB48;3;748;B3_EMB48_NIRRIG_REPROD00004.asd;B3;EMB48;NIRRIG;D03T;tarde;D03;NIRRIG;NIRRIG;0.7775064774606095;True;0.5594643799607211;0.3058097128218343;-1.8105551373898665;-0.48346910280846106;-0.9782133411400203
pls_da;por_genotipo;EMB48;3;749;B3_EMB48_NIRRIG_REPROD00005.asd;B3;EMB48;NIRRIG;D03T;tarde;D03;NIRRIG;NIRRIG;0.7781700525949091;True;0.5574799840416237;0.3090059015321347;-1.8149120333307611;-0.48191050264128826;-0.9811390504524442
pls_da;por_genotipo;EMB48;3;752;B4_EMB48_IRRIG_REPROD00000.asd;B4;EMB48;IRRIG;D03T;tarde;D03;IRRIG;IRRIG;0.47360661714568236;True;0.23564028801461823;0.2225492954320466;-1.6050241561345664;-0.5703830310629427;-1.217680344196733
pls_da;por_genotipo;EMB48;3;759;B4_EMB48_IRRIG_REPROD00007.asd;B4;EMB48;IRRIG;D03T;tarde;D03;IRRIG;NIRRIG;0.5298113828852259;False;0.3334353828603795;0.2549413661675312;-1.5768689801737397;-0.48738144309339376;-1.2200701886221774
pls_da;por_genotipo;EMB48;3;760;B4_EMB48_NIRRIG_REPROD00000.asd;B4;EMB48;NIRRIG;D03T;tarde;D03;NIRRIG;NIRRIG;0.5535999764802536;True;0.23345329341554177;0.3569575240207352;-1.8074647525942773;-0.3601197496449259;-1.3862289251380118
pls_da;por_genotipo;EMB48;3;765;B4_EMB48_NIRRIG_REPROD00005.asd;B4;EMB48;NIRRIG;D03T;tarde;D03;NIRRIG;NIRRIG;0.7011493723062647;True;0.4765241659368482;0.29097619853459716;-1.7426046546365093;-0.47063038851528605;-1.080832379843735
pls_da;por_genotipo;EMB48;3;900;B1_EMB48_IRRIG_REPROD00004.asd;B1;EMB48;IRRIG;D04M;manha;D04;IRRIG;IRRIG;0.41500876062879316;True;0.2822949497062364;0.23371997992374005;-1.3606388201677098;-0.5019491741235839;-1.2413407820230136
pls_da;por_genotipo;EMB48;3;903;B1_EMB48_IRRIG_REPROD00007.asd;B1;EMB48;IRRIG;D04M;manha;D04;IRRIG;IRRIG;0.42723799688236075;True;0.3034097009824188;0.23560002472251157;-1.3452713573176722;-0.521805956542722;-1.2191421649153509
pls_da;por_genotipo;EMB48;3;906;B1_EMB48_NIRRIG_REPROD00002.asd;B1;EMB48;NIRRIG;D04M;manha;D04;NIRRIG;NIRRIG;0.61048837092211;True;0.4673528725560758;0.19217611623328495;-1.5563977448706012;-0.5681441421370138;-1.052207683118837
pls_da;por_genotipo;EMB48;3;921;B2_EMB48_NIRRIG_REPROD00001.asd;B2;EMB48;NIRRIG;D04M;manha;D04;NIRRIG;IRRIG;0.4367066218158853;False;0.22488851231538734;0.2357527526317021;-1.5493911025005933;-0.49196066092582247;-1.28923804094108
pls_da;por_genotipo;EMB48;3;926;B2_EMB48_NIRRIG_REPROD00006.asd;B2;EMB48;NIRRIG;D04M;manha;D04;NIRRIG;NIRRIG;0.5309839294888009;True;0.43684128511659276;0.13455527826981578;-1.4564811946904674;-0.595964100403047;-1.0832738665200883
pls_da;por_genotipo;EMB48;3;931;B3_EMB48_IRRIG_REPROD00003.asd;B3;EMB48;IRRIG;D04M;manha;D04;IRRIG;IRRIG;0.3907620285374445;True;0.2831144366164381;0.21156837060214803;-1.2774716189232114;-0.533806071525389;-1.1935652177721707
pls_da;por_genotipo;EMB48;3;932;B3_EMB48_IRRIG_REPROD00004.asd;B3;EMB48;IRRIG;D04M;manha;D04;IRRIG;IRRIG;0.42230541767945284;True;0.2827380757354191;0.24733594891251867;-1.400624068209256;-0.44615523785266387;-1.2897085973566438
pls_da;por_genotipo;EMB48;3;940;B3_EMB48_NIRRIG_REPROD00004.asd;B3;EMB48;NIRRIG;D04M;manha;D04;NIRRIG;NIRRIG;0.6582238298514326;True;0.5420797240552303;0.17883048082772982;-1.537814712534424;-0.5924470776344437;-0.9611702924645691
pls_da;por_genotipo;EMB48;3;941;B3_EMB48_NIRRIG_REPROD00005.asd;B3;EMB48;NIRRIG;D04M;manha;D04;NIRRIG;NIRRIG;0.6590606044347819;True;0.5454191973992463;0.1768740293502123;-1.534451692249841;-0.5914708815953833;-0.956917603560349
pls_da;por_genotipo;EMB48;3;944;B4_EMB48_IRRIG_REPROD00000.asd;B4;EMB48;IRRIG;D04M;manha;D04;IRRIG;IRRIG;0.47516755777254427;True;0.38498642935633737;0.18724469058057194;-1.3431010131591934;-0.5451156390823007;-1.1219557714331965
pls_da;por_genotipo;EMB48;3;951;B4_EMB48_IRRIG_REPROD00007.asd;B4;EMB48;IRRIG;D04M;manha;D04;IRRIG;IRRIG;0.4824664472730357;True;0.33446037721122235;0.21049603076874632;-1.4845588797782598;-0.49379620346966013;-1.2146483484306578
pls_da;por_genotipo;EMB48;3;952;B4_EMB48_NIRRIG_REPROD00000.asd;B4;EMB48;NIRRIG;D04M;manha;D04;NIRRIG;NIRRIG;0.5575753290983102;True;0.3495537990344635;0.24377482396073388;-1.6647764633415925;-0.44813387782141245;-1.246562591783848
pls_da;por_genotipo;EMB48;3;957;B4_EMB48_NIRRIG_REPROD00005.asd;B4;EMB48;NIRRIG;D04M;manha;D04;NIRRIG;NIRRIG;0.6325794446642294;True;0.49981920068976743;0.19035907573789557;-1.5717010818303325;-0.5530586888875147;-1.0474726991171792
pls_da;por_genotipo;EMB48;3;1092;B1_EMB48_IRRIG_REPROD00004.asd;B1;EMB48;IRRIG;D05M;manha;D05;IRRIG;IRRIG;0.4941115210514718;True;0.25785560656520623;0.2730436815191451;-1.654983510222912;-0.4334644719204943;-1.3356617942336892
pls_da;por_genotipo;EMB48;3;1095;B1_EMB48_IRRIG_REPROD00007.asd;B1;EMB48;IRRIG;D05M;manha;D05;IRRIG;IRRIG;0.4999496025860797;True;0.2675792509121747;0.2586442352831248;-1.6492528398328306;-0.4562146535517518;-1.3020511481387662
pls_da;por_genotipo;EMB48;3;1098;B1_EMB48_NIRRIG_REPROD00002.asd;B1;EMB48;NIRRIG;D05M;manha;D05;NIRRIG;NIRRIG;0.7064171947706614;True;0.4753250255564969;0.30606680278295445;-1.8096568476081598;-0.4262843185687632;-1.1714104494748532
pls_da;por_genotipo;EMB48;3;1113;B2_EMB48_NIRRIG_REPROD00001.asd;B2;EMB48;NIRRIG;D05M;manha;D05;NIRRIG;IRRIG;0.444664921244106;False;0.15320021950510354;0.2836566499975674;-1.6976827564229544;-0.41987998701942136;-1.3805185217130571
pls_da;por_genotipo;EMB48;3;1118;B2_EMB48_NIRRIG_REPROD00006.asd;B2;EMB48;NIRRIG;D05M;manha;D05;NIRRIG;NIRRIG;0.6125528872091481;True;0.41917405736919666;0.23336900842943994;-1.6417377080149373;-0.5292965833407085;-1.12174351233529
pls_da;por_genotipo;EMB48;3;1123;B3_EMB48_IRRIG_REPROD00003.asd;B3;EMB48;IRRIG;D05M;manha;D05;IRRIG;IRRIG;0.4451424237509522;True;0.3297198398385057;0.21908252423262503;-1.3232187806598588;-0.5629337193047339;-1.1457159772002392
pls_da;por_genotipo;EMB48;3;1124;B3_EMB48_IRRIG_REPROD00004.asd;B3;EMB48;IRRIG;D05M;manha;D05;IRRIG;IRRIG;0.45406845885873126;True;0.2865875585730121;0.2777297617762705;-1.4639081171249844;-0.43645556349233355;-1.304545615054278
pls_da;por_genotipo;EMB48;3;1132;B3_EMB48_NIRRIG_REPROD00004.asd;B3;EMB48;NIRRIG;D05M;manha;D05;NIRRIG;NIRRIG;0.699954736475696;True;0.3975468233556809;0.35009352636656976;-1.9246423231822734;-0.31772219966996523;-1.2601341963145902
pls_da;por_genotipo;EMB48;3;1133;B3_EMB48_NIRRIG_REPROD00005.asd;B3;EMB48;NIRRIG;D05M;manha;D05;NIRRIG;NIRRIG;0.7020473891616319;True;0.3911122504595279;0.35673199014313806;-1.9396231906658041;-0.31061648611886417;-1.2672020023626398
pls_da;por_genotipo;EMB48;3;1136;B4_EMB48_IRRIG_REPROD00000.asd;B4;EMB48;IRRIG;D05M;manha;D05;IRRIG;IRRIG;0.4428625711850768;True;0.30325206744930466;0.2341456732649766;-1.373786776780898;-0.5160079413270359;-1.1907917667734385
pls_da;por_genotipo;EMB48;3;1143;B4_EMB48_IRRIG_REPROD00007.asd;B4;EMB48;IRRIG;D05M;manha;D05;IRRIG;IRRIG;0.43677872009948654;True;0.3753046781836899;0.22966401334244915;-1.1877753510869102;-0.5760345396846488;-1.110498170375698
pls_da;por_genotipo;EMB48;3;1144;B4_EMB48_NIRRIG_REPROD00000.asd;B4;EMB48;NIRRIG;D05M;manha;D05;NIRRIG;NIRRIG;0.5736013123772367;True;0.26551205173328335;0.344674704304234;-1.8310485769533047;-0.3727944346698185;-1.388525688526011
pls_da;por_genotipo;EMB48;3;1149;B4_EMB48_NIRRIG_REPROD00005.asd;B4;EMB48;NIRRIG;D05M;manha;D05;NIRRIG;NIRRIG;0.5622589100439594;True;0.21877149282218208;0.3829218628008431;-1.8667338304054026;-0.33488599000913716;-1.4429580895335563
pls_da;por_genotipo;EMB48;3;1284;B1_EMB48_IRRIG_REPROD00004.asd;B1;EMB48;IRRIG;D06M;manha;D06;IRRIG;IRRIG;0.3691975393580653;True;0.27463550963824235;0.17767307144934671;-1.1911922145069915;-0.6695862498978409;-1.092640737975882
pls_da;por_genotipo;EMB48;3;1287;B1_EMB48_IRRIG_REPROD00007.asd;B1;EMB48;IRRIG;D06M;manha;D06;IRRIG;IRRIG;0.36943770084950744;True;0.2800886872802865;0.17223525638409373;-1.1876136767696626;-0.672002484269301;-1.0900060347824427
pls_da;por_genotipo;EMB48;3;1290;B1_EMB48_NIRRIG_REPROD00002.asd;B1;EMB48;NIRRIG;D06M;manha;D06;NIRRIG;NIRRIG;0.5917438527531138;True;0.37424869124393884;0.2589756414719324;-1.660089716610874;-0.4914495379677975;-1.177003240543756
pls_da;por_genotipo;EMB48;3;1305;B2_EMB48_NIRRIG_REPROD00001.asd;B2;EMB48;NIRRIG;D06M;manha;D06;NIRRIG;IRRIG;0.4438813873676314;False;0.18790428192851244;0.2685492006935102;-1.6237237500618298;-0.4894466530395718;-1.3342100936728818
pls_da;por_genotipo;EMB48;3;1310;B2_EMB48_NIRRIG_REPROD00006.asd;B2;EMB48;NIRRIG;D06M;manha;D06;NIRRIG;NIRRIG;0.5116261092177458;True;0.2584730685168044;0.26410506330751304;-1.6653805817808247;-0.5133959311286255;-1.2655338304174977
pls_da;por_genotipo;EMB48;3;1315;B3_EMB48_IRRIG_REPROD00003.asd;B3;EMB48;IRRIG;D06M;manha;D06;IRRIG;IRRIG;0.3773424948382862;True;0.2664511640697149;0.21658502130814894;-1.2637065726076624;-0.5754075332813883;-1.2037198432521206
pls_da;por_genotipo;EMB48;3;1316;B3_EMB48_IRRIG_REPROD00004.asd;B3;EMB48;IRRIG;D06M;manha;D06;IRRIG;IRRIG;0.4386841968472764;True;0.3002089000504829;0.22441815456389944;-1.3599724268395403;-0.5518222548297671;-1.166259006967686
pls_da;por_genotipo;EMB48;3;1324;B3_EMB48_NIRRIG_REPROD00004.asd;B3;EMB48;NIRRIG;D06M;manha;D06;NIRRIG;NIRRIG;0.5362802559754555;True;0.295672236245305;0.26349916714725113;-1.6553322358842375;-0.5242787719687353;-1.232886544241276
pls_da;por_genotipo;EMB48;3;1325;B3_EMB48_NIRRIG_REPROD00005.asd;B3;EMB48;NIRRIG;D06M;manha;D06;NIRRIG;NIRRIG;0.5342099145173048;True;0.29347924035583894;0.2668475427026379;-1.6527075986369097;-0.5204221560434111;-1.2382600515296798
pls_da;por_genotipo;EMB48;3;1328;B4_EMB48_IRRIG_REPROD00000.asd;B4;EMB48;IRRIG;D06M;manha;D06;IRRIG;IRRIG;0.43174967214609855;True;0.28059332419241245;0.20328121932523402;-1.4594948814348236;-0.508378003148414;-1.2564584802158738
pls_da;por_genotipo;EMB48;3;1335;B4_EMB48_IRRIG_REPROD00007.asd;B4;EMB48;IRRIG;D06M;manha;D06;IRRIG;IRRIG;0.419848296846479;True;0.24990518337635378;0.1994328413031047;-1.448897329932955;-0.5544495223168656;-1.2160646536931117
pls_da;por_genotipo;EMB48;3;1336;B4_EMB48_NIRRIG_REPROD00000.asd;B4;EMB48;NIRRIG;D06M;manha;D06;NIRRIG;NIRRIG;0.6106990254798962;True;0.38562343346892025;0.2485849500288642;-1.7160909027384068;-0.5005854249559184;-1.1834561565886619
pls_da;por_genotipo;EMB48;3;1341;B4_EMB48_NIRRIG_REPROD00005.asd;B4;EMB48;NIRRIG;D06M;manha;D06;NIRRIG;NIRRIG;0.5192473963412315;True;0.25964251018588397;0.27302920754456184;-1.7503756847207548;-0.4190949247989781;-1.3706160370917164
pls_da;por_genotipo;EMB48;3;1479;B1_EMB48_IRR_REP_RECUP00003.asd;B1;EMB48;IRRIG;D09M;manha;D09;IRRIG;IRRIG;0.39030647011307135;True;0.26742391965790624;0.15756277045927977;-1.2949562899040612;-0.6366785185011767;-1.0967421156279336
pls_da;por_genotipo;EMB48;3;1483;B1_EMB48_IRR_REP_RECUP00007.asd;B1;EMB48;IRRIG;D09M;manha;D09;IRRIG;IRRIG;0.3828264662944733;True;0.12477961220323291;0.2803195006625798;-1.5784318435968199;-0.4377179116425862;-1.4058953604679372
pls_da;por_genotipo;EMB48;3;1484;B1_EMB48_NIRR_REP_RECUP00000.asd;B1;EMB48;NIRRIG;D09M;manha;D09;NIRRIG;IRRIG;0.49251439068409114;False;0.2374371255653966;0.2482278496550775;-1.640632835078995;-0.5638047134884207;-1.236132606556383
pls_da;por_genotipo;EMB48;3;1492;B2_EMB48_IRR_REP_RECUP00000.asd;B2;EMB48;IRRIG;D09M;manha;D09;IRRIG;IRRIG;0.38363710060100475;True;0.18984692498691275;0.18927093707667214;-1.4510441090828463;-0.5723647624812255;-1.2216756983858175
pls_da;por_genotipo;EMB48;3;1495;B2_EMB48_IRR_REP_RECUP00003.asd;B2;EMB48;IRRIG;D09M;manha;D09;IRRIG;IRRIG;0.3771297047169566;True;0.218777867884769;0.1774848131901593;-1.3866192853172883;-0.5840917453147316;-1.2056856212993061
pls_da;por_genotipo;EMB48;3;1496;B2_EMB48_IRR_REP_RECUP00004.asd;B2;EMB48;IRRIG;D09M;manha;D09;IRRIG;IRRIG;0.39568180996048885;True;0.2025146157167584;0.1935896117382447;-1.511617994153736;-0.5271578241418223;-1.2905962378359679
pls_da;por_genotipo;EMB48;3;1502;B2_EMB48_NIRR_REP_RECUP00002.asd;B2;EMB48;NIRRIG;D09M;manha;D09;NIRRIG;IRRIG;0.4717536108678181;False;0.2253832573305556;0.26423252046300844;-1.6465443325204658;-0.48275056851963133;-1.3285310884836519
pls_da;por_genotipo;EMB48;3;1504;B2_EMB48_NIRR_REP_RECUP00008.asd;B2;EMB48;NIRRIG;D09M;manha;D09;NIRRIG;NIRRIG;0.5710406021913232;True;0.3722310722457967;0.2189750264466354;-1.6425278224903133;-0.5288771355668329;-1.1701857828885238
pls_da;por_genotipo;EMB48;3;1518;B3_EMB48_NIRR_REP_RECUP00002.asd;B3;EMB48;NIRRIG;D09M;manha;D09;NIRRIG;NIRRIG;0.5128270451064296;True;0.389784516700247;0.15460316401687216;-1.4486048178966375;-0.6685296115399779;-1.0742420652818165
pls_da;por_genotipo;EMB48;3;1523;B3_EMB48_NIRR_REP_RECUP00007.asd;B3;EMB48;NIRRIG;D09M;manha;D09;NIRRIG;NIRRIG;0.523349937348715;True;0.3055881757760655;0.245967833841922;-1.6503166429452032;-0.4848354500636806;-1.2727470242866097
pls_da;por_genotipo;EMB48;3;1525;B4_EMB48_IRR_REP_RECUP00001.asd;B4;EMB48;IRRIG;D09M;manha;D09;IRRIG;IRRIG;0.40132181194524436;True;0.18989829032286;0.22480011097269775;-1.4902006295010914;-0.5416014305886662;-1.258706216809387
pls_da;por_genotipo;EMB48;3;1531;B4_EMB48_IRR_REP_RECUP00007.asd;B4;EMB48;IRRIG;D09M;manha;D09;IRRIG;IRRIG;0.35717431779319964;True;0.18890462615235112;0.2046187275933507;-1.3582322382012835;-0.6044482332557259;-1.2313783309309074
pls_da;por_genotipo;EMB48;3;1671;B1_EMB48_IRR_REP_RECUP00003.asd;B1;EMB48;IRRIG;D09T;tarde;D09;IRRIG;IRRIG;0.4154942301901357;True;0.29874606785265867;0.170146326475026;-1.2844085752881431;-0.6757224195911342;-1.0660974086580632
pls_da;por_genotipo;EMB48;3;1675;B1_EMB48_IRR_REP_RECUP00007.asd;B1;EMB48;IRRIG;D09T;tarde;D09;IRRIG;IRRIG;0.43102841087845173;True;0.18504682946004045;0.2846089648178468;-1.5976467490035349;-0.4771470292931976;-1.3712274708079168
pls_da;por_genotipo;EMB48;3;1676;B1_EMB48_NIRR_REP_RECUP00000.asd;B1;EMB48;NIRRIG;D09T;tarde;D09;NIRRIG;IRRIG;0.49906652089270537;False;0.33269577547735696;0.19890662643381196;-1.4895705152510996;-0.6225861318293991;-1.1315596836020654
pls_da;por_genotipo;EMB48;3;1684;B2_EMB48_IRR_REP_RECUP00000.asd;B2;EMB48;IRRIG;D09T;tarde;D09;IRRIG;IRRIG;0.42722894218286717;True;0.17077593254320148;0.255196074810122;-1.584238119026616;-0.5461210695100605;-1.288029476219788
pls_da;por_genotipo;EMB48;3;1687;B2_EMB48_IRR_REP_RECUP00003.asd;B2;EMB48;IRRIG;D09T;tarde;D09;IRRIG;IRRIG;0.406717740620552;True;0.16477583788233632;0.2573335704591979;-1.5299835666321817;-0.5458179438293227;-1.2883573624699447
pls_da;por_genotipo;EMB48;3;1688;B2_EMB48_IRR_REP_RECUP00004.asd;B2;EMB48;IRRIG;D09T;tarde;D09;IRRIG;IRRIG;0.4666133783025359;True;0.1839921002728117;0.29559016633684615;-1.6907728546396963;-0.4698001662842974;-1.3697643413147242
pls_da;por_genotipo;EMB48;3;1694;B2_EMB48_NIRR_REP_RECUP00002.asd;B2;EMB48;NIRRIG;D09T;tarde;D09;NIRRIG;IRRIG;0.4838007603878893;False;0.23378220672865738;0.29194797130283445;-1.618513670954255;-0.4942453630936793;-1.303800316102485
pls_da;por_genotipo;EMB48;3;1697;B2_EMB48_NIRR_REP_RECUP00005.asd;B2;EMB48;NIRRIG;D09T;tarde;D09;NIRRIG;NIRRIG;0.5171558253710987;True;0.3034029836214455;0.24077443421708142;-1.5941881955951933;-0.5636179868597126;-1.2063763895479578
pls_da;por_genotipo;EMB48;3;1710;B3_EMB48_NIRR_REP_RECUP00002.asd;B3;EMB48;NIRRIG;D09T;tarde;D09;NIRRIG;NIRRIG;0.5438946994022203;True;0.3805803135405314;0.2034257857832299;-1.503165161139363;-0.6631870888218776;-1.0818872249239504
pls_da;por_genotipo;EMB48;3;1715;B3_EMB48_NIRR_REP_RECUP00007.asd;B3;EMB48;NIRRIG;D09T;tarde;D09;NIRRIG;NIRRIG;0.5546079413882552;True;0.33345873201881643;0.2771991255634461;-1.6325792250927318;-0.49768164515049323;-1.2325083990019925
pls_da;por_genotipo;EMB48;3;1717;B4_EMB48_IRR_REP_RECUP00001.asd;B4;EMB48;IRRIG;D09T;tarde;D09;IRRIG;IRRIG;0.4759482121343261;True;0.27621843675108937;0.23004317842742833;-1.5556399982524933;-0.5485372151082211;-1.2426706564726817
pls_da;por_genotipo;EMB48;3;1723;B4_EMB48_IRR_REP_RECUP00007.asd;B4;EMB48;IRRIG;D09T;tarde;D09;IRRIG;IRRIG;0.44183089082783444;True;0.2252420199058755;0.23072164961628755;-1.5497197105683647;-0.5832439584801287;-1.261989285714021
pls_da;por_genotipo;EMB48;3;1767;B1_EMB48_IRR_REP_RECUP00003.asd;B1;EMB48;IRRIG;D10M;manha;D10;IRRIG;IRRIG;0.3815106631597383;True;0.17983202488679276;0.2608861644199342;-1.4472063572969314;-0.4845471560703033;-1.3197627538212942
pls_da;por_genotipo;EMB48;3;1771;B1_EMB48_IRR_REP_RECUP00007.asd;B1;EMB48;IRRIG;D10M;manha;D10;IRRIG;IRRIG;0.3901878186025917;True;0.23099684087721412;0.2028505565982811;-1.3555068188493666;-0.604145428577532;-1.1743554262355655
pls_da;por_genotipo;EMB48;3;1772;B1_EMB48_NIRR_REP_RECUP00000.asd;B1;EMB48;NIRRIG;D10M;manha;D10;NIRRIG;IRRIG;0.48300086674151044;False;0.28412809654350896;0.20808511580209388;-1.541002224726344;-0.60145042126715;-1.1751188997314328
pls_da;por_genotipo;EMB48;3;1812;B2_EMB48_IRR_REP_RECUP00000.asd;B2;EMB48;IRRIG;D10M;manha;D10;IRRIG;IRRIG;0.4157701301792718;True;0.2162903417621849;0.256610298909452;-1.5071625998539004;-0.4916819448034193;-1.332959648609856
pls_da;por_genotipo;EMB48;3;1815;B2_EMB48_IRR_REP_RECUP00003.asd;B2;EMB48;IRRIG;D10M;manha;D10;IRRIG;IRRIG;0.4097343633693892;True;0.2275924252494142;0.2516685669372696;-1.4684678231893702;-0.4981972705180703;-1.3216202634572214
pls_da;por_genotipo;EMB48;3;1816;B2_EMB48_IRR_REP_RECUP00004.asd;B2;EMB48;IRRIG;D10M;manha;D10;IRRIG;IRRIG;0.4152896242507243;True;0.172672528322018;0.2404530797630436;-1.5859645934754623;-0.5171368773315576;-1.3208453050421591
pls_da;por_genotipo;EMB48;3;1822;B2_EMB48_NIRR_REP_RECUP00002.asd;B2;EMB48;NIRRIG;D10M;manha;D10;NIRRIG;NIRRIG;0.5515750652835535;True;0.39529546930179554;0.18272625151841151;-1.537369277893225;-0.6298532068891501;-1.0972196777998204
pls_da;por_genotipo;EMB48;3;1825;B2_EMB48_NIRR_REP_RECUP00005.asd;B2;EMB48;NIRRIG;D10M;manha;D10;NIRRIG;IRRIG;0.48899076537075514;False;0.267214465760279;0.2701536053053923;-1.5913553083265717;-0.5078812830646758;-1.2842986106642593
pls_da;por_genotipo;EMB48;3;1870;B3_EMB48_NIRR_REP_RECUP00002.asd;B3;EMB48;NIRRIG;D10M;manha;D10;NIRRIG;NIRRIG;0.516238776621278;True;0.28406884855101106;0.28269339251932424;-1.5978725352545418;-0.5187533733638876;-1.2398318158780244
pls_da;por_genotipo;EMB48;3;1875;B3_EMB48_NIRR_REP_RECUP00007.asd;B3;EMB48;NIRRIG;D10M;manha;D10;NIRRIG;IRRIG;0.47318288612568443;False;0.3266740352403896;0.18034288458816947;-1.4329928360718875;-0.6449294018842141;-1.1146341771636457
pls_da;por_genotipo;EMB48;3;1909;B4_EMB48_IRR_REP_RECUP00001.asd;B4;EMB48;IRRIG;D10M;manha;D10;IRRIG;IRRIG;0.36210215219743924;True;0.1703302118477257;0.22229134119761212;-1.3920074117637327;-0.6074124456535545;-1.2439271074476816
pls_da;por_genotipo;EMB48;3;1915;B4_EMB48_IRR_REP_RECUP00007.asd;B4;EMB48;IRRIG;D10M;manha;D10;IRRIG;IRRIG;0.4332205034906927;True;0.20988616325971496;0.23279212298700333;-1.533829117105328;-0.5522001955816536;-1.243550257304647
pls_da;por_genotipo;EMB48;4;130;B4_EMB48_IRRIG_REPROD00001.asd;B4;EMB48;IRRIG;D02M;manha;D02;IRRIG;NIRRIG;0.5378177913194699;False;0.32956514948021454;0.27401255906586647;-1.6242755749146138;-0.4421667285472658;-1.251117936929199
pls_da;por_genotipo;EMB48;4;131;B4_EMB48_IRRIG_REPROD00002.asd;B4;EMB48;IRRIG;D02M;manha;D02;IRRIG;NIRRIG;0.5427258608621457;False;0.33183250334307013;0.2751981113418628;-1.6339299152772286;-0.44145652751316045;-1.2506920634835892
pls_da;por_genotipo;EMB48;4;134;B4_EMB48_IRRIG_REPROD00005.asd;B4;EMB48;IRRIG;D02M;manha;D02;IRRIG;IRRIG;0.4033253635611147;True;0.17281033427721054;0.21540195926478647;-1.5349666371250503;-0.5358449915026537;-1.2602658609767872
pls_da;por_genotipo;EMB48;4;146;B4_EMB48_NIRRIG_REPROD00004.asd;B4;EMB48;NIRRIG;D02M;manha;D02;NIRRIG;IRRIG;0.4908651999493889;False;0.18632366030261663;0.3382986531316895;-1.754252757340583;-0.38907750790461243;-1.3908584740823495
pls_da;por_genotipo;EMB48;4;149;B3_EMB48_IRRIG_REPROD00007.asd;B3;EMB48;IRRIG;D02M;manha;D02;IRRIG;IRRIG;0.4303029406695327;True;0.22049136424913837;0.24585365852108562;-1.567556846076203;-0.43656838649151236;-1.3313439034204866
pls_da;por_genotipo;EMB48;4;150;B4_EMB48_NIRRIG_REPROD00006.asd;B4;EMB48;NIRRIG;D02M;manha;D02;NIRRIG;IRRIG;0.4905459152592111;False;0.1794742146235569;0.344442581296188;-1.7638081919291255;-0.38135848205823986;-1.3983834460699138
pls_da;por_genotipo;EMB48;4;161;B1_EMB48_IRRIG_REPROD00001.asd;B1;EMB48;IRRIG;D02M;manha;D02;IRRIG;IRRIG;0.4652777154176584;True;0.3471951226735817;0.12267499781563702;-1.3983454236502848;-0.6194601015980836;-1.0757732143539345
pls_da;por_genotipo;EMB48;4;165;B1_EMB48_IRRIG_REPROD00005.asd;B1;EMB48;IRRIG;D02M;manha;D02;IRRIG;IRRIG;0.4720229645606728;True;0.28224382585337315;0.24810756264023873;-1.5617071544860681;-0.446902146961335;-1.2921573090198217
pls_da;por_genotipo;EMB48;4;169;B1_EMB48_NIRRIG_REPROD00001.asd;B1;EMB48;NIRRIG;D02M;manha;D02;NIRRIG;NIRRIG;0.5070298558104839;True;0.33894752188052174;0.2133975013352963;-1.5596271239151787;-0.5127676329453679;-1.2258938038991838
pls_da;por_genotipo;EMB48;4;173;B1_EMB48_NIRRIG_REPROD00005.asd;B1;EMB48;NIRRIG;D02M;manha;D02;NIRRIG;NIRRIG;0.5807722774476602;True;0.38608145674487326;0.25701793782414417;-1.6519058432011215;-0.4608632616364363;-1.2119160713531112
pls_da;por_genotipo;EMB48;4;179;B2_EMB48_IRRIG_REPROD00003.asd;B2;EMB48;IRRIG;D02M;manha;D02;IRRIG;IRRIG;0.40218163051005607;True;0.18773166031263866;0.22815375776816918;-1.5443981654624015;-0.4468798353705197;-1.3214885349485956
pls_da;por_genotipo;EMB48;4;186;B2_EMB48_NIRRIG_REPROD00002.asd;B2;EMB48;NIRRIG;D02M;manha;D02;NIRRIG;IRRIG;0.3752281953512344;False;0.17046749452982546;0.21297686786832504;-1.4817441361689423;-0.49229903549120546;-1.296151169075948
pls_da;por_genotipo;EMB48;4;187;B2_EMB48_NIRRIG_REPROD00003.asd;B2;EMB48;NIRRIG;D02M;manha;D02;NIRRIG;IRRIG;0.3737309119974924;False;0.16963725893993375;0.21463973668413022;-1.4784646320976493;-0.49022104370963354;-1.2986438180487916
pls_da;por_genotipo;EMB48;4;321;B1_EMB48_IRRIG_REPROD00001.asd;B1;EMB48;IRRIG;D02T;tarde;D02;IRRIG;IRRIG;0.4815837847781074;True;0.3094478534184443;0.1772457219977519;-1.514759085158191;-0.5971967338147495;-1.1591554586644934
pls_da;por_genotipo;EMB48;4;325;B1_EMB48_IRRIG_REPROD00005.asd;B1;EMB48;IRRIG;D02T;tarde;D02;IRRIG;IRRIG;0.4752932991104243;True;0.2615991687018793;0.24478464226801194;-1.6161077925893264;-0.45140828808451533;-1.3020641336333527
pls_da;por_genotipo;EMB48;4;329;B1_EMB48_NIRRIG_REPROD00001.asd;B1;EMB48;NIRRIG;D02T;tarde;D02;NIRRIG;NIRRIG;0.5771046958089399;True;0.30332321635855974;0.3012252532658046;-1.7912776051243258;-0.3946405007351019;-1.292481346230014
pls_da;por_genotipo;EMB48;4;333;B1_EMB48_NIRRIG_REPROD00005.asd;B1;EMB48;NIRRIG;D02T;tarde;D02;NIRRIG;NIRRIG;0.6333522152061744;True;0.35265184581158193;0.31774247506247705;-1.8342653503745985;-0.3921977567133946;-1.2444061352846791
pls_da;por_genotipo;EMB48;4;339;B2_EMB48_IRRIG_REPROD00003.asd;B2;EMB48;IRRIG;D02T;tarde;D02;IRRIG;IRRIG;0.46769737928030247;True;0.22703094708336574;0.2886379126852925;-1.6272304400328181;-0.48148311639537295;-1.3372696628122396
pls_da;por_genotipo;EMB48;4;346;B2_EMB48_NIRRIG_REPROD00002.asd;B2;EMB48;NIRRIG;D02T;tarde;D02;NIRRIG;IRRIG;0.4216629302135581;False;0.17436371220465463;0.2568398045807684;-1.5939181778011462;-0.5022265385995263;-1.3224283947956748
pls_da;por_genotipo;EMB48;4;347;B2_EMB48_NIRRIG_REPROD00003.asd;B2;EMB48;NIRRIG;D02T;tarde;D02;NIRRIG;IRRIG;0.42692937593866914;False;0.1822894158399513;0.2530920404125896;-1.5979172870532343;-0.5040493156099882;-1.3179487348326044
pls_da;por_genotipo;EMB48;4;359;B3_EMB48_IRRIG_REPROD00007.asd;B3;EMB48;IRRIG;D02T;tarde;D02;IRRIG;IRRIG;0.46866336007412224;True;0.25471735704435694;0.26652408524536614;-1.6042331592206573;-0.4411524426879246;-1.3283502257834592
pls_da;por_genotipo;EMB48;4;369;B4_EMB48_IRRIG_REPROD00001.asd;B4;EMB48;IRRIG;D02T;tarde;D02;IRRIG;NIRRIG;0.5558742759108333;False;0.3509135008785043;0.24681235976592367;-1.6413017561031584;-0.48667926989633076;-1.2107094996054872
pls_da;por_genotipo;EMB48;4;370;B4_EMB48_IRRIG_REPROD00002.asd;B4;EMB48;IRRIG;D02T;tarde;D02;IRRIG;NIRRIG;0.5531272013138904;False;0.3428774412363706;0.25493790796319654;-1.6450185397057304;-0.4815569853970965;-1.2207358014024778
pls_da;por_genotipo;EMB48;4;373;B4_EMB48_IRRIG_REPROD00005.asd;B4;EMB48;IRRIG;D02T;tarde;D02;IRRIG;IRRIG;0.4660496994563069;True;0.25484139327123956;0.2013463393560608;-1.5818471978048514;-0.557815612250956;-1.224332371136396
pls_da;por_genotipo;EMB48;4;380;B4_EMB48_NIRRIG_REPROD00004.asd;B4;EMB48;NIRRIG;D02T;tarde;D02;NIRRIG;NIRRIG;0.51579837710543;True;0.2102028415786881;0.3322160420897129;-1.7944332052018042;-0.3925122454263405;-1.3869931677737906
pls_da;por_genotipo;EMB48;4;382;B4_EMB48_NIRRIG_REPROD00006.asd;B4;EMB48;NIRRIG;D02T;tarde;D02;NIRRIG;NIRRIG;0.5153539704183058;True;0.20983168085825282;0.33085798067442107;-1.7960865277863787;-0.3900297350647677;-1.3880439863335907
pls_da;por_genotipo;EMB48;4;513;B1_EMB48_IRRIG_REPROD00001.asd;B1;EMB48;IRRIG;D03M;manha;D03;IRRIG;IRRIG;0.45469423855554336;True;0.281762701727706;0.22879527838910785;-1.5101173098992708;-0.4604956484630807;-1.2659957799933002
pls_da;por_genotipo;EMB48;4;517;B1_EMB48_IRRIG_REPROD00005.asd;B1;EMB48;IRRIG;D03M;manha;D03;IRRIG;IRRIG;0.44333060496889526;True;0.2955183995536344;0.17923835278868377;-1.455548155959616;-0.5353410766410918;-1.2031980145575079
pls_da;por_genotipo;EMB48;4;521;B1_EMB48_NIRRIG_REPROD00001.asd;B1;EMB48;NIRRIG;D03M;manha;D03;NIRRIG;NIRRIG;0.6136250967185098;True;0.3346631270905409;0.3112561805036377;-1.8129807836445113;-0.3935972246195253;-1.2522118070496455
pls_da;por_genotipo;EMB48;4;525;B1_EMB48_NIRRIG_REPROD00005.asd;B1;EMB48;NIRRIG;D03M;manha;D03;NIRRIG;NIRRIG;0.5562646438848574;True;0.28020045387518927;0.3083502882965325;-1.758798522979323;-0.43468656576105147;-1.2971217230316363
pls_da;por_genotipo;EMB48;4;531;B2_EMB48_IRRIG_REPROD00003.asd;B2;EMB48;IRRIG;D03M;manha;D03;IRRIG;IRRIG;0.4223676113365262;True;0.21607852843605138;0.2819348151347093;-1.5603243029603795;-0.37454184840194327;-1.391934056626975
pls_da;por_genotipo;EMB48;4;538;B2_EMB48_NIRRIG_REPROD00002.asd;B2;EMB48;NIRRIG;D03M;manha;D03;NIRRIG;NIRRIG;0.5167799740331763;True;0.33122934418824973;0.2487003075854746;-1.5849018803408674;-0.5104507217159572;-1.2539576490973539
pls_da;por_genotipo;EMB48;4;539;B2_EMB48_NIRRIG_REPROD00003.asd;B2;EMB48;NIRRIG;D03M;manha;D03;NIRRIG;NIRRIG;0.5206742773549462;True;0.32958123591842714;0.25268001704087656;-1.5966884407855528;-0.5080903174383232;-1.2560122179010202
pls_da;por_genotipo;EMB48;4;551;B3_EMB48_IRRIG_REPROD00007.asd;B3;EMB48;IRRIG;D03M;manha;D03;IRRIG;IRRIG;0.45429577536989263;True;0.32828947484626153;0.19388519619591657;-1.3951041063350658;-0.543480642218869;-1.1714434753600296
pls_da;por_genotipo;EMB48;4;561;B4_EMB48_IRRIG_REPROD00001.asd;B4;EMB48;IRRIG;D03M;manha;D03;IRRIG;IRRIG;0.4101280475901287;True;0.2019529041674716;0.21737573924435463;-1.4969278917068267;-0.5249435561427278;-1.2467356386928239
pls_da;por_genotipo;EMB48;4;562;B4_EMB48_IRRIG_REPROD00002.asd;B4;EMB48;IRRIG;D03M;manha;D03;IRRIG;IRRIG;0.41158256191432846;True;0.20481511708017486;0.21837047563917816;-1.4937365924938162;-0.5267630927329272;-1.2442322441246667
pls_da;por_genotipo;EMB48;4;565;B4_EMB48_IRRIG_REPROD00005.asd;B4;EMB48;IRRIG;D03M;manha;D03;IRRIG;NIRRIG;0.51897068691672;False;0.4002715580174151;0.20320806942930067;-1.46407848919668;-0.5048878350609706;-1.1692446311517128
pls_da;por_genotipo;EMB48;4;572;B4_EMB48_NIRRIG_REPROD00004.asd;B4;EMB48;NIRRIG;D03M;manha;D03;NIRRIG;NIRRIG;0.5904536034943564;True;0.2678200781369551;0.3246041158435598;-1.844740006192579;-0.376676422832929;-1.2658354039333684
pls_da;por_genotipo;EMB48;4;574;B4_EMB48_NIRRIG_REPROD00006.asd;B4;EMB48;NIRRIG;D03M;manha;D03;NIRRIG;NIRRIG;0.5964046262513378;True;0.26207696427182736;0.3312269477278256;-1.8723018094276516;-0.36626343370141407;-1.27416953161014
pls_da;por_genotipo;EMB48;4;705;B1_EMB48_IRRIG_REPROD00001.asd;B1;EMB48;IRRIG;D03T;tarde;D03;IRRIG;IRRIG;0.4300013303929837;True;0.33616178857189055;0.19889356774118136;-1.2901576243571913;-0.5700924185460542;-1.1568394505877344
pls_da;por_genotipo;EMB48;4;709;B1_EMB48_IRRIG_REPROD00005.asd;B1;EMB48;IRRIG;D03T;tarde;D03;IRRIG;NIRRIG;0.514663385424845;False;0.3793755268024145;0.16330382660838533;-1.4712817769782236;-0.628215445535762;-1.1020413932186464
pls_da;por_genotipo;EMB48;4;713;B1_EMB48_NIRRIG_REPROD00001.asd;B1;EMB48;NIRRIG;D03T;tarde;D03;NIRRIG;NIRRIG;0.621241418768498;True;0.4325821129672443;0.2639700033836892;-1.627303198974663;-0.5289418016176854;-1.1260625696444941
pls_da;por_genotipo;EMB48;4;717;B1_EMB48_NIRRIG_REPROD00005.asd;B1;EMB48;NIRRIG;D03T;tarde;D03;NIRRIG;NIRRIG;0.6398067586022872;True;0.44440129880025186;0.2838549750450341;-1.6878944838564078;-0.4828233252914068;-1.1768525013454312
pls_da;por_genotipo;EMB48;4;723;B2_EMB48_IRRIG_REPROD00003.asd;B2;EMB48;IRRIG;D03T;tarde;D03;IRRIG;IRRIG;0.413201690512118;True;0.21319374702767757;0.27373393747262215;-1.5121348475086247;-0.4475441779354703;-1.3527157481029815
pls_da;por_genotipo;EMB48;4;730;B2_EMB48_NIRRIG_REPROD00002.asd;B2;EMB48;NIRRIG;D03T;tarde;D03;NIRRIG;NIRRIG;0.5821636986401918;True;0.4098700110656903;0.24450333268579968;-1.5935101993458;-0.5434086240647822;-1.1673417721510284
pls_da;por_genotipo;EMB48;4;731;B2_EMB48_NIRRIG_REPROD00003.asd;B2;EMB48;NIRRIG;D03T;tarde;D03;NIRRIG;NIRRIG;0.5842625522850318;True;0.40895214625954407;0.2453817615679604;-1.6023160924870818;-0.5404600797069241;-1.1694618314058742
pls_da;por_genotipo;EMB48;4;743;B3_EMB48_IRRIG_REPROD00007.asd;B3;EMB48;IRRIG;D03T;tarde;D03;IRRIG;NIRRIG;0.5026417060708539;False;0.30308105204878855;0.2349412765365342;-1.5605691683179082;-0.5409198877661175;-1.201160241009199
pls_da;por_genotipo;EMB48;4;753;B4_EMB48_IRRIG_REPROD00001.asd;B4;EMB48;IRRIG;D03T;tarde;D03;IRRIG;IRRIG;0.47211264524105484;True;0.22040889528897878;0.23955063431224427;-1.6210274832272482;-0.5651442186292782;-1.2334823121061305
pls_da;por_genotipo;EMB48;4;754;B4_EMB48_IRRIG_REPROD00002.asd;B4;EMB48;IRRIG;D03T;tarde;D03;IRRIG;IRRIG;0.474605734932684;True;0.2412741441629319;0.21881355843440162;-1.6013816390802833;-0.574700580468076;-1.2132444369574127
pls_da;por_genotipo;EMB48;4;757;B4_EMB48_IRRIG_REPROD00005.asd;B4;EMB48;IRRIG;D03T;tarde;D03;IRRIG;NIRRIG;0.5312160737398649;False;0.33559249031754546;0.25775113983814;-1.5856796315320694;-0.49508052587923795;-1.2196195920108468
pls_da;por_genotipo;EMB48;4;764;B4_EMB48_NIRRIG_REPROD00004.asd;B4;EMB48;NIRRIG;D03T;tarde;D03;NIRRIG;NIRRIG;0.6970209133287758;True;0.4842051887485108;0.28527707771910504;-1.7352331833654981;-0.4807560566953903;-1.0709863282483216
pls_da;por_genotipo;EMB48;4;766;B4_EMB48_NIRRIG_REPROD00006.asd;B4;EMB48;NIRRIG;D03T;tarde;D03;NIRRIG;NIRRIG;0.6951193026406975;True;0.4743979052410022;0.29204338365774385;-1.7474949717388542;-0.46671418115074637;-1.083886992718834
pls_da;por_genotipo;EMB48;4;897;B1_EMB48_IRRIG_REPROD00001.asd;B1;EMB48;IRRIG;D04M;manha;D04;IRRIG;IRRIG;0.42361687853365915;True;0.3644813178488341;0.13342401920501215;-1.1847956006833402;-0.6562490538512572;-1.0177602385111408
pls_da;por_genotipo;EMB48;4;901;B1_EMB48_IRRIG_REPROD00005.asd;B1;EMB48;IRRIG;D04M;manha;D04;IRRIG;IRRIG;0.4162183907081251;True;0.28659785565723206;0.2354930699921614;-1.352283610142975;-0.5068512218650524;-1.2367855728058113
pls_da;por_genotipo;EMB48;4;905;B1_EMB48_NIRRIG_REPROD00001.asd;B1;EMB48;NIRRIG;D04M;manha;D04;NIRRIG;NIRRIG;0.610499007426531;True;0.4694785550635596;0.1904692916986019;-1.5519247863602792;-0.5707692620501618;-1.0487600426810484
pls_da;por_genotipo;EMB48;4;909;B1_EMB48_NIRRIG_REPROD00005.asd;B1;EMB48;NIRRIG;D04M;manha;D04;NIRRIG;NIRRIG;0.6226015024517026;True;0.4590144223550776;0.23626750425215592;-1.605618447281919;-0.5311490529386665;-1.1087292380404727
pls_da;por_genotipo;EMB48;4;915;B2_EMB48_IRRIG_REPROD00003.asd;B2;EMB48;IRRIG;D04M;manha;D04;IRRIG;IRRIG;0.42126705903193257;True;0.314882213215852;0.23006307925556305;-1.3017161974063156;-0.5383758539457567;-1.2043563923811718
pls_da;por_genotipo;EMB48;4;922;B2_EMB48_NIRRIG_REPROD00002.asd;B2;EMB48;NIRRIG;D04M;manha;D04;NIRRIG;IRRIG;0.4282463791765263;False;0.2250900025022359;0.23593298603690224;-1.5316554883253521;-0.4895543728231238;-1.2916007659954138
pls_da;por_genotipo;EMB48;4;923;B2_EMB48_NIRRIG_REPROD00003.asd;B2;EMB48;NIRRIG;D04M;manha;D04;NIRRIG;IRRIG;0.432863634920882;False;0.23174233174592784;0.2328485948145732;-1.5347136530595702;-0.4905937046540687;-1.2867991364015323
pls_da;por_genotipo;EMB48;4;935;B3_EMB48_IRRIG_REPROD00007.asd;B3;EMB48;IRRIG;D04M;manha;D04;IRRIG;IRRIG;0.42026767960619005;True;0.3027233874390357;0.24532836848817172;-1.358041964747518;-0.45913736724074977;-1.2729972204126914
pls_da;por_genotipo;EMB48;4;945;B4_EMB48_IRRIG_REPROD00001.asd;B4;EMB48;IRRIG;D04M;manha;D04;IRRIG;IRRIG;0.4814575156955549;True;0.38739730200539163;0.18938208659819836;-1.3439706424073026;-0.5515362561195012;-1.116591513826297
pls_da;por_genotipo;EMB48;4;946;B4_EMB48_IRRIG_REPROD00002.asd;B4;EMB48;IRRIG;D04M;manha;D04;IRRIG;IRRIG;0.48382204609068535;True;0.39550273019996235;0.1887543069697198;-1.329906834309669;-0.5587240265553861;-1.1056255755812983
pls_da;por_genotipo;EMB48;4;949;B4_EMB48_IRRIG_REPROD00005.asd;B4;EMB48;IRRIG;D04M;manha;D04;IRRIG;IRRIG;0.48663456152590523;True;0.3287316054022789;0.2100394976295906;-1.5180652478538816;-0.48881338180762124;-1.22443541375984
pls_da;por_genotipo;EMB48;4;956;B4_EMB48_NIRRIG_REPROD00004.asd;B4;EMB48;NIRRIG;D04M;manha;D04;NIRRIG;NIRRIG;0.6340733715111178;True;0.5020569544848822;0.19238419789252667;-1.5714775681808837;-0.5552055610122253;-1.0461381127629115
pls_da;por_genotipo;EMB48;4;958;B4_EMB48_NIRRIG_REPROD00006.asd;B4;EMB48;NIRRIG;D04M;manha;D04;NIRRIG;NIRRIG;0.628147016304883;True;0.4861768850378688;0.18808654178604373;-1.588946178201333;-0.5505829567253393;-1.0540483527227673
pls_da;por_genotipo;EMB48;4;1089;B1_EMB48_IRRIG_REPROD00001.asd;B1;EMB48;IRRIG;D05M;manha;D05;IRRIG;IRRIG;0.3663147760441643;True;0.22335247475901024;0.206827101972829;-1.2950966035201168;-0.5734989243820432;-1.198455016097384
pls_da;por_genotipo;EMB48;4;1093;B1_EMB48_IRRIG_REPROD00005.asd;B1;EMB48;IRRIG;D05M;manha;D05;IRRIG;IRRIG;0.49331910319326155;True;0.2675405559466186;0.26831497813613253;-1.6511054173503454;-0.4414735776793583;-1.321914323913345
pls_da;por_genotipo;EMB48;4;1097;B1_EMB48_NIRRIG_REPROD00001.asd;B1;EMB48;NIRRIG;D05M;manha;D05;NIRRIG;NIRRIG;0.693962807747475;True;0.47368173420990833;0.3050668931282008;-1.8001512479617492;-0.4259830473013666;-1.1718492117583594
pls_da;por_genotipo;EMB48;4;1101;B1_EMB48_NIRRIG_REPROD00005.asd;B1;EMB48;NIRRIG;D05M;manha;D05;NIRRIG;NIRRIG;0.6265667001822915;True;0.406460514686576;0.2698876241790031;-1.708610115956975;-0.5258054495369828;-1.1625388765911242
pls_da;por_genotipo;EMB48;4;1107;B2_EMB48_IRRIG_REPROD00003.asd;B2;EMB48;IRRIG;D05M;manha;D05;IRRIG;IRRIG;0.46462450931783683;True;0.32264777419593477;0.23139018577167067;-1.4247844180492344;-0.5276382298385606;-1.2094166735145835
pls_da;por_genotipo;EMB48;4;1114;B2_EMB48_NIRRIG_REPROD00002.asd;B2;EMB48;NIRRIG;D05M;manha;D05;NIRRIG;IRRIG;0.4381331701252358;False;0.1527071442705509;0.2842219181885467;-1.7003586864359468;-0.41689451854180626;-1.3831993960718287
pls_da;por_genotipo;EMB48;4;1115;B2_EMB48_NIRRIG_REPROD00003.asd;B2;EMB48;NIRRIG;D05M;manha;D05;NIRRIG;IRRIG;0.43646556830842265;False;0.15315915675035868;0.284604755992274;-1.6957335711038037;-0.41453413355514857;-1.3851899634110616
pls_da;por_genotipo;EMB48;4;1127;B3_EMB48_IRRIG_REPROD00007.asd;B3;EMB48;IRRIG;D05M;manha;D05;IRRIG;IRRIG;0.44398953584401857;True;0.26477408713233963;0.29358518848936715;-1.4798593826896627;-0.4254455160185129;-1.3229847946166842
pls_da;por_genotipo;EMB48;4;1137;B4_EMB48_IRRIG_REPROD00001.asd;B4;EMB48;IRRIG;D05M;manha;D05;IRRIG;IRRIG;0.44606655420776525;True;0.3062945042982997;0.23639235482091114;-1.3723714808494243;-0.5203990597932467;-1.1872073686868088
pls_da;por_genotipo;EMB48;4;1138;B4_EMB48_IRRIG_REPROD00002.asd;B4;EMB48;IRRIG;D05M;manha;D05;IRRIG;IRRIG;0.4475262191774723;True;0.3061803388925864;0.23940543158634953;-1.3726517235636544;-0.5232194916911173;-1.1859669951930674
pls_da;por_genotipo;EMB48;4;1141;B4_EMB48_IRRIG_REPROD00005.asd;B4;EMB48;IRRIG;D05M;manha;D05;IRRIG;IRRIG;0.44687146877996825;True;0.37581778224301565;0.2306621579749063;-1.2059143662439145;-0.5737855565631673;-1.1090317669440692
pls_da;por_genotipo;EMB48;4;1148;B4_EMB48_NIRRIG_REPROD00004.asd;B4;EMB48;NIRRIG;D05M;manha;D05;NIRRIG;NIRRIG;0.5430174880647732;True;0.21431471517161702;0.38164678849526273;-1.859421312936285;-0.33911960542360897;-1.439765841350176
pls_da;por_genotipo;EMB48;4;1150;B4_EMB48_NIRRIG_REPROD00006.asd;B4;EMB48;NIRRIG;D05M;manha;D05;NIRRIG;NIRRIG;0.5531157376239552;True;0.21771126758260304;0.3872243783579114;-1.886938556505805;-0.32567528930085365;-1.449797202441404
pls_da;por_genotipo;EMB48;4;1281;B1_EMB48_IRRIG_REPROD00001.asd;B1;EMB48;IRRIG;D06M;manha;D06;IRRIG;IRRIG;0.34586693183487555;True;0.2541320929159685;0.19455119504152507;-1.1686358798069723;-0.6120519521305122;-1.1711109239380713
pls_da;por_genotipo;EMB48;4;1285;B1_EMB48_IRRIG_REPROD00005.asd;B1;EMB48;IRRIG;D06M;manha;D06;IRRIG;IRRIG;0.37733003492251727;True;0.27465019899097015;0.17679852819423114;-1.1970247563950505;-0.6677096999908214;-1.095676229621612
pls_da;por_genotipo;EMB48;4;1289;B1_EMB48_NIRRIG_REPROD00001.asd;B1;EMB48;NIRRIG;D06M;manha;D06;NIRRIG;NIRRIG;0.5871094623146191;True;0.378509511125726;0.24325255024443038;-1.6542519485395835;-0.5075799643307429;-1.156811931997818
pls_da;por_genotipo;EMB48;4;1293;B1_EMB48_NIRRIG_REPROD00005.asd;B1;EMB48;NIRRIG;D06M;manha;D06;NIRRIG;NIRRIG;0.602145219733384;True;0.37947553528360983;0.2614943242210517;-1.696636577721671;-0.5233578089055587;-1.17926254643646
pls_da;por_genotipo;EMB48;4;1299;B2_EMB48_IRRIG_REPROD00003.asd;B2;EMB48;IRRIG;D06M;manha;D06;IRRIG;IRRIG;0.45397863097607083;True;0.32331557273510575;0.20353703127271838;-1.3827368150958534;-0.5425360517561728;-1.1598846159558982
pls_da;por_genotipo;EMB48;4;1306;B2_EMB48_NIRRIG_REPROD00002.asd;B2;EMB48;NIRRIG;D06M;manha;D06;NIRRIG;IRRIG;0.4356535091595069;False;0.1825323269572868;0.2743967842133513;-1.620436894848919;-0.4837304493588018;-1.3417904650156505
pls_da;por_genotipo;EMB48;4;1307;B2_EMB48_NIRRIG_REPROD00003.asd;B2;EMB48;NIRRIG;D06M;manha;D06;NIRRIG;IRRIG;0.4396254293830833;False;0.18070106186131976;0.27990027209902746;-1.6365496842787892;-0.4750736185430046;-1.350334700574206
pls_da;por_genotipo;EMB48;4;1319;B3_EMB48_IRRIG_REPROD00007.asd;B3;EMB48;IRRIG;D06M;manha;D06;IRRIG;IRRIG;0.44074154477468946;True;0.31476492082201585;0.22334730855632873;-1.3255073950452048;-0.5622876126502097;-1.1492574286746606
pls_da;por_genotipo;EMB48;4;1329;B4_EMB48_IRRIG_REPROD00001.asd;B4;EMB48;IRRIG;D06M;manha;D06;IRRIG;IRRIG;0.4335912508613503;True;0.28973432695057333;0.1994927097881426;-1.4483754062310716;-0.5126513869667401;-1.2477186156188285
pls_da;por_genotipo;EMB48;4;1330;B4_EMB48_IRRIG_REPROD00002.asd;B4;EMB48;IRRIG;D06M;manha;D06;IRRIG;IRRIG;0.4353891330054801;True;0.29356780475855293;0.20004029655295721;-1.4433445515920826;-0.5147685775107413;-1.2429802291359262
pls_da;por_genotipo;EMB48;4;1333;B4_EMB48_IRRIG_REPROD00005.asd;B4;EMB48;IRRIG;D06M;manha;D06;IRRIG;IRRIG;0.4154112651325759;True;0.23818290531433628;0.20054874850617985;-1.4595764426323494;-0.5469667778885806;-1.2303777665006748
pls_da;por_genotipo;EMB48;4;1340;B4_EMB48_NIRRIG_REPROD00004.asd;B4;EMB48;NIRRIG;D06M;manha;D06;NIRRIG;NIRRIG;0.5054125701779082;True;0.26017811196900775;0.2690507853207493;-1.729364879528824;-0.429864864344632;-1.3608519886356822
pls_da;por_genotipo;EMB48;4;1342;B4_EMB48_NIRRIG_REPROD00006.asd;B4;EMB48;NIRRIG;D06M;manha;D06;NIRRIG;NIRRIG;0.5126311752747688;True;0.264414863959174;0.2751375845679923;-1.7489820896064576;-0.4145025197828049;-1.3746359250475706
pls_da;por_genotipo;EMB48;4;1476;B1_EMB48_IRR_REP_RECUP00000.asd;B1;EMB48;IRRIG;D09M;manha;D09;IRRIG;IRRIG;0.3742718176417508;True;0.25102722978982395;0.15765390502178547;-1.247729151739637;-0.6403725708627592;-1.0961377544692492
pls_da;por_genotipo;EMB48;4;1480;B1_EMB48_IRR_REP_RECUP00004.asd;B1;EMB48;IRRIG;D09M;manha;D09;IRRIG;IRRIG;0.3873179351086324;True;0.11819795166142336;0.28266510917017634;-1.618888731714067;-0.4363191268230778;-1.4092865418493163
pls_da;por_genotipo;EMB48;4;1488;B1_EMB48_NIRR_REP_RECUP00004.asd;B1;EMB48;NIRRIG;D09M;manha;D09;NIRRIG;NIRRIG;0.5478317247660425;True;0.36406160137346916;0.22992120487457834;-1.6038053582438547;-0.5412905179699442;-1.2005234465188483
pls_da;por_genotipo;EMB48;4;1497;B2_EMB48_IRR_REP_RECUP00005.asd;B2;EMB48;IRRIG;D09M;manha;D09;IRRIG;IRRIG;0.4073619456965475;True;0.20382237094900246;0.19415251700768588;-1.5456858983212654;-0.5254686690871339;-1.2920512730241804
pls_da;por_genotipo;EMB48;4;1511;B3_EMB48_IRR_REP_RECUP00003.asd;B3;EMB48;IRRIG;D09M;manha;D09;IRRIG;IRRIG;0.37593280655861794;True;0.2515692883466663;0.15021673726027393;-1.3103945601015032;-0.6062312140047327;-1.1589801663539174
pls_da;por_genotipo;EMB48;4;1514;B3_EMB48_IRR_REP_RECUP00006.asd;B3;EMB48;IRRIG;D09M;manha;D09;IRRIG;IRRIG;0.36992888174439;True;0.2427650730914531;0.158407451067144;-1.3155992798331468;-0.5956982328724042;-1.1833077192790427
pls_da;por_genotipo;EMB48;4;1522;B3_EMB48_NIRR_REP_RECUP00006.asd;B3;EMB48;NIRRIG;D09M;manha;D09;NIRRIG;NIRRIG;0.5151319758548009;True;0.30456567815470775;0.24244103006672912;-1.6439566556083087;-0.48725434462055545;-1.27093041356924
pls_da;por_genotipo;EMB48;4;1532;B4_EMB48_NIRR_REP_RECUP00000.asd;B4;EMB48;NIRRIG;D09M;manha;D09;NIRRIG;NIRRIG;0.5200455741400023;True;0.29066956486447637;0.2514907587461032;-1.6160195521820568;-0.541117928415569;-1.2022719936449973
pls_da;por_genotipo;EMB48;4;1533;B4_EMB48_NIRR_REP_RECUP00001.asd;B4;EMB48;NIRRIG;D09M;manha;D09;NIRRIG;NIRRIG;0.5325213707294644;True;0.31295653951305763;0.24840445357334673;-1.615433679918934;-0.5416640784235598;-1.1949633495750247
pls_da;por_genotipo;EMB48;4;1535;B4_EMB48_NIRR_REP_RECUP00003.asd;B4;EMB48;NIRRIG;D09M;manha;D09;NIRRIG;NIRRIG;0.5422831080473836;True;0.31784285905364;0.2555479993883681;-1.6334638029179822;-0.5405603555000055;-1.2001752939956278
pls_da;por_genotipo;EMB48;4;1536;B4_EMB48_NIRR_REP_RECUP00004.asd;B4;EMB48;NIRRIG;D09M;manha;D09;NIRRIG;NIRRIG;0.5278136048919263;True;0.2818856597688711;0.28834880343043706;-1.7150650047467033;-0.44500076459404553;-1.328260326117738
pls_da;por_genotipo;EMB48;4;1668;B1_EMB48_IRR_REP_RECUP00000.asd;B1;EMB48;IRRIG;D09T;tarde;D09;IRRIG;IRRIG;0.42880059500760487;True;0.2859819514039708;0.1764406461245624;-1.333991480367987;-0.663913061712422;-1.0867870000418611
pls_da;por_genotipo;EMB48;4;1672;B1_EMB48_IRR_REP_RECUP00004.asd;B1;EMB48;IRRIG;D09T;tarde;D09;IRRIG;IRRIG;0.41804420515423596;True;0.17536769207335928;0.2806999956842248;-1.591832696731063;-0.4794554676211267;-1.3686896471609986
pls_da;por_genotipo;EMB48;4;1680;B1_EMB48_NIRR_REP_RECUP00004.asd;B1;EMB48;NIRRIG;D09T;tarde;D09;NIRRIG;NIRRIG;0.5409856540447656;True;0.40839305893567995;0.17803077429004824;-1.4785398589497731;-0.6143232397270001;-1.089060301827526
pls_da;por_genotipo;EMB48;4;1689;B2_EMB48_IRR_REP_RECUP00005.asd;B2;EMB48;IRRIG;D09T;tarde;D09;IRRIG;IRRIG;0.45950458671633715;True;0.1884974672662258;0.2934521631805263;-1.6846597681860507;-0.4714377054930556;-1.3693132520003866
pls_da;por_genotipo;EMB48;4;1696;B2_EMB48_NIRR_REP_RECUP00004.asd;B2;EMB48;NIRRIG;D09T;tarde;D09;NIRRIG;NIRRIG;0.5133989696161133;True;0.2946994494735971;0.24228552717789725;-1.604660349201038;-0.5636831329215615;-1.210175198517458
pls_da;por_genotipo;EMB48;4;1698;B2_EMB48_NIRR_REP_RECUP00006.asd;B2;EMB48;NIRRIG;D09T;tarde;D09;NIRRIG;NIRRIG;0.5118944931383859;True;0.3039171013670517;0.24048307993793236;-1.5866168020837061;-0.5602537749394132;-1.2092736017959667
pls_da;por_genotipo;EMB48;4;1703;B3_EMB48_IRR_REP_RECUP00003.asd;B3;EMB48;IRRIG;D09T;tarde;D09;IRRIG;IRRIG;0.37213960737174984;True;0.22940273619041646;0.19448499177330192;-1.274684395772267;-0.646148774502616;-1.1468153988409528
pls_da;por_genotipo;EMB48;4;1706;B3_EMB48_IRR_REP_RECUP00006.asd;B3;EMB48;IRRIG;D09T;tarde;D09;IRRIG;IRRIG;0.45436281043023447;True;0.24162257749528848;0.2357177067261775;-1.5527791731728982;-0.5532056606881873;-1.253193686430371
pls_da;por_genotipo;EMB48;4;1714;B3_EMB48_NIRR_REP_RECUP00006.asd;B3;EMB48;NIRRIG;D09T;tarde;D09;NIRRIG;NIRRIG;0.5384760141239776;True;0.32703067152986215;0.2760706847267474;-1.6136649235070344;-0.49645670946615156;-1.2352989216182138
pls_da;por_genotipo;EMB48;4;1724;B4_EMB48_NIRR_REP_RECUP00000.asd;B4;EMB48;NIRRIG;D09T;tarde;D09;NIRRIG;NIRRIG;0.519962812831258;True;0.32584297086076597;0.22756202771870998;-1.5569489346705656;-0.5764848913299847;-1.16793872171472
pls_da;por_genotipo;EMB48;4;1725;B4_EMB48_NIRR_REP_RECUP00001.asd;B4;EMB48;NIRRIG;D09T;tarde;D09;NIRRIG;NIRRIG;0.5220563624653858;True;0.32649712140546205;0.23483297195591574;-1.5601781524104463;-0.5693957490504653;-1.1751612539180392
pls_da;por_genotipo;EMB48;4;1727;B4_EMB48_NIRR_REP_RECUP00003.asd;B4;EMB48;NIRRIG;D09T;tarde;D09;NIRRIG;NIRRIG;0.5251352832045459;True;0.32225033297268674;0.24371906709134164;-1.5738334559744163;-0.5628254414970076;-1.1840605618219882
pls_da;por_genotipo;EMB48;4;1728;B4_EMB48_NIRR_REP_RECUP00004.asd;B4;EMB48;NIRRIG;D09T;tarde;D09;NIRRIG;IRRIG;0.49821690946866504;False;0.31827519494362466;0.2256395657541082;-1.5597387367392894;-0.5201790548896799;-1.2348561329031906
pls_da;por_genotipo;EMB48;4;1764;B1_EMB48_IRR_REP_RECUP00000.asd;B1;EMB48;IRRIG;D10M;manha;D10;IRRIG;IRRIG;0.38197610502309126;True;0.17223545200146811;0.26196294218332067;-1.4749541722252264;-0.4809624630519294;-1.3314873656505037
pls_da;por_genotipo;EMB48;4;1768;B1_EMB48_IRR_REP_RECUP00004.asd;B1;EMB48;IRRIG;D10M;manha;D10;IRRIG;IRRIG;0.39063871573826814;True;0.2115266588176663;0.20724194437977536;-1.377107388272957;-0.5998235256286186;-1.1808314752567106
pls_da;por_genotipo;EMB48;4;1776;B1_EMB48_NIRR_REP_RECUP00004.asd;B1;EMB48;NIRRIG;D10M;manha;D10;NIRRIG;NIRRIG;0.5830282780108896;True;0.46781485252453214;0.18278217220424173;-1.4894671704301754;-0.6155401926670149;-1.0674423068936303
pls_da;por_genotipo;EMB48;4;1817;B2_EMB48_IRR_REP_RECUP00005.asd;B2;EMB48;IRRIG;D10M;manha;D10;IRRIG;IRRIG;0.4136300190231413;True;0.17215363317616714;0.24129869393895312;-1.5878804872136787;-0.516086454081757;-1.3210499677420664
pls_da;por_genotipo;EMB48;4;1824;B2_EMB48_NIRR_REP_RECUP00004.asd;B2;EMB48;NIRRIG;D10M;manha;D10;NIRRIG;IRRIG;0.48373687951999395;False;0.26849193608782584;0.2692961203088335;-1.5869062886707292;-0.5078727904769182;-1.2832661683595923
pls_da;por_genotipo;EMB48;4;1826;B2_EMB48_NIRR_REP_RECUP00006.asd;B2;EMB48;NIRRIG;D10M;manha;D10;NIRRIG;IRRIG;0.48773659976809913;False;0.269766660655378;0.2678391794660584;-1.5976688814019255;-0.5096843812766763;-1.2822636456183547
pls_da;por_genotipo;EMB48;4;1863;B3_EMB48_IRR_REP_RECUP00003.asd;B3;EMB48;IRRIG;D10M;manha;D10;IRRIG;IRRIG;0.3670577574521244;True;0.1961680481103485;0.23018938333118213;-1.3371272474134304;-0.582425714135997;-1.2262002926854407
pls_da;por_genotipo;EMB48;4;1866;B3_EMB48_IRR_REP_RECUP00006.asd;B3;EMB48;IRRIG;D10M;manha;D10;IRRIG;IRRIG;0.37482317358199996;True;0.23914558084189672;0.20230059732104477;-1.2851569489097225;-0.6192830909395811;-1.179081408566198
pls_da;por_genotipo;EMB48;4;1874;B3_EMB48_NIRR_REP_RECUP00006.asd;B3;EMB48;NIRRIG;D10M;manha;D10;NIRRIG;IRRIG;0.48244841041902536;False;0.33183499728902516;0.1817755850471283;-1.4397874458031314;-0.6465420063359799;-1.1147090340303305
pls_da;por_genotipo;EMB48;4;1916;B4_EMB48_NIRR_REP_RECUP00000.asd;B4;EMB48;NIRRIG;D10M;manha;D10;NIRRIG;NIRRIG;0.5378444866988804;True;0.37978958549000397;0.20920245447885;-1.5477205621107641;-0.5528675862731858;-1.1716142994215837
pls_da;por_genotipo;EMB48;4;1917;B4_EMB48_NIRR_REP_RECUP00001.asd;B4;EMB48;NIRRIG;D10M;manha;D10;NIRRIG;NIRRIG;0.5379067359483377;True;0.38178707282413443;0.20663188111153197;-1.5463092811167303;-0.5514702969274039;-1.1700263155948118
pls_da;por_genotipo;EMB48;4;1919;B4_EMB48_NIRR_REP_RECUP00003.asd;B4;EMB48;NIRRIG;D10M;manha;D10;NIRRIG;NIRRIG;0.5391009571914493;True;0.38096447676150863;0.2096914229223797;-1.5496139147490537;-0.5500364168556565;-1.1721245891958432
pls_da;por_genotipo;EMB48;4;1920;B4_EMB48_NIRR_REP_RECUP00004.asd;B4;EMB48;NIRRIG;D10M;manha;D10;NIRRIG;NIRRIG;0.5318008981400439;True;0.35253052872545454;0.2335969808386595;-1.537512892461431;-0.5835494501532064;-1.16116118377739
pls_da;por_genotipo;EMB48;5;132;B4_EMB48_IRRIG_REPROD00003.asd;B4;EMB48;IRRIG;D02M;manha;D02;IRRIG;NIRRIG;0.5469756339328604;False;0.3325274798729794;0.27552817942813107;-1.6238562327994694;-0.4403353554446779;-1.2518533005965613
pls_da;por_genotipo;EMB48;5;137;B3_EMB48_IRRIG_REPROD00001.asd;B3;EMB48;IRRIG;D02M;manha;D02;IRRIG;IRRIG;0.4262831329844289;True;0.23554540117023395;0.20286738205810906;-1.497110355980827;-0.5028697639548697;-1.245764931901074
pls_da;por_genotipo;EMB48;5;139;B3_EMB48_IRRIG_REPROD00002.asd;B3;EMB48;IRRIG;D02M;manha;D02;IRRIG;IRRIG;0.4277002575551862;True;0.23431850796075887;0.20465532227962113;-1.5024574881012267;-0.5019077743715505;-1.2479900976500806
pls_da;por_genotipo;EMB48;5;140;B4_EMB48_NIRRIG_REPROD00001.asd;B4;EMB48;NIRRIG;D02M;manha;D02;NIRRIG;NIRRIG;0.6507502755843412;True;0.46277521632998664;0.2626235487651579;-1.6820894245819387;-0.4800117160565501;-1.1106651778306247
pls_da;por_genotipo;EMB48;5;145;B3_EMB48_IRRIG_REPROD00005.asd;B3;EMB48;IRRIG;D02M;manha;D02;IRRIG;IRRIG;0.4428195598444486;True;0.21994433523279602;0.24310365942909734;-1.5694465821040608;-0.4389500409509203;-1.3282147684514516
pls_da;por_genotipo;EMB48;5;153;B3_EMB48_NIRRIG_REPROD00001.asd;B3;EMB48;NIRRIG;D02M;manha;D02;NIRRIG;NIRRIG;0.5484324730362427;True;0.3771322478845821;0.22428345593328586;-1.5886026610387611;-0.5337047015338239;-1.1834436233800452
pls_da;por_genotipo;EMB48;5;154;B3_EMB48_NIRRIG_REPROD00002.asd;B3;EMB48;NIRRIG;D02M;manha;D02;NIRRIG;NIRRIG;0.5452993861201657;True;0.37448553777045285;0.2260704984804413;-1.58252600563475;-0.5311049593982778;-1.186487118435362
pls_da;por_genotipo;EMB48;5;159;B3_EMB48_NIRRIG_REPROD00007.asd;B3;EMB48;NIRRIG;D02M;manha;D02;NIRRIG;NIRRIG;0.5321523251694259;True;0.3759030894483144;0.20166520589759995;-1.5398381340805052;-0.5485123519717966;-1.1360308604718607
pls_da;por_genotipo;EMB48;5;168;B1_EMB48_NIRRIG_REPROD00000.asd;B1;EMB48;NIRRIG;D02M;manha;D02;NIRRIG;NIRRIG;0.5085109819757984;True;0.3263358445785041;0.22499455917745032;-1.576331487220849;-0.506332827804441;-1.2369286812559728
pls_da;por_genotipo;EMB48;5;176;B2_EMB48_IRRIG_REPROD00000.asd;B2;EMB48;IRRIG;D02M;manha;D02;IRRIG;IRRIG;0.41877700526308803;True;0.2047757655800814;0.22468336236664918;-1.5248871117596656;-0.45915503968797916;-1.3001615403945832
pls_da;por_genotipo;EMB48;5;182;B2_EMB48_IRRIG_REPROD00006.asd;B2;EMB48;IRRIG;D02M;manha;D02;IRRIG;IRRIG;0.4908980215039865;True;0.250553652282934;0.27374161624076815;-1.6329155502688442;-0.4132572083161657;-1.3353293514560955
pls_da;por_genotipo;EMB48;5;188;B2_EMB48_NIRRIG_REPROD00004.asd;B2;EMB48;NIRRIG;D02M;manha;D02;NIRRIG;NIRRIG;0.5299915674308545;True;0.44008228595133925;0.16047382075349106;-1.4587243739347457;-0.5971480651419278;-1.0847572485132932
pls_da;por_genotipo;EMB48;5;328;B1_EMB48_NIRRIG_REPROD00000.asd;B1;EMB48;NIRRIG;D02T;tarde;D02;NIRRIG;NIRRIG;0.5888949178751014;True;0.30842967730855086;0.2939041382801665;-1.7858710093326848;-0.39922056398235595;-1.2857986197802547
pls_da;por_genotipo;EMB48;5;336;B2_EMB48_IRRIG_REPROD00000.asd;B2;EMB48;IRRIG;D02T;tarde;D02;IRRIG;IRRIG;0.4765095513323609;True;0.22601399721856755;0.28600343054289395;-1.6164134537508004;-0.48363981384402105;-1.3361873820196153
pls_da;por_genotipo;EMB48;5;342;B2_EMB48_IRRIG_REPROD00006.asd;B2;EMB48;IRRIG;D02T;tarde;D02;IRRIG;NIRRIG;0.5404959453479231;False;0.2538944006687351;0.3229124203795503;-1.726547422692436;-0.38872693378457274;-1.3552324358687013
pls_da;por_genotipo;EMB48;5;348;B2_EMB48_NIRRIG_REPROD00004.asd;B2;EMB48;NIRRIG;D02T;tarde;D02;NIRRIG;NIRRIG;0.5695161518066583;True;0.381128038723885;0.23879525204234614;-1.6209381631244877;-0.5408337831563542;-1.1707540065686144
pls_da;por_genotipo;EMB48;5;353;B3_EMB48_IRRIG_REPROD00001.asd;B3;EMB48;IRRIG;D02T;tarde;D02;IRRIG;IRRIG;0.4630084567263358;True;0.2729147144973947;0.2118657577156531;-1.5422772780986616;-0.4972428899997502;-1.2473466145775407
pls_da;por_genotipo;EMB48;5;354;B3_EMB48_IRRIG_REPROD00002.asd;B3;EMB48;IRRIG;D02T;tarde;D02;IRRIG;IRRIG;0.4673496259469864;True;0.2786632991940296;0.2072535834849454;-1.5494103763176001;-0.49960752576620926;-1.2420107288222153
pls_da;por_genotipo;EMB48;5;357;B3_EMB48_IRRIG_REPROD00005.asd;B3;EMB48;IRRIG;D02T;tarde;D02;IRRIG;IRRIG;0.4863517940454731;True;0.24219679323555374;0.2796576160836187;-1.6333497749267285;-0.4270110107801458;-1.3477550647872119
pls_da;por_genotipo;EMB48;5;361;B3_EMB48_NIRRIG_REPROD00001.asd;B3;EMB48;NIRRIG;D02T;tarde;D02;NIRRIG;NIRRIG;0.6207514525173008;True;0.35350123636947806;0.29450849320182915;-1.7907053506061248;-0.44863876195024827;-1.2390010361801735
pls_da;por_genotipo;EMB48;5;362;B3_EMB48_NIRRIG_REPROD00002.asd;B3;EMB48;NIRRIG;D02T;tarde;D02;NIRRIG;NIRRIG;0.6200632766112272;True;0.35773603684806415;0.2941531997909728;-1.7819256467188618;-0.44613151578674415;-1.2384038711686174
pls_da;por_genotipo;EMB48;5;367;B3_EMB48_NIRRIG_REPROD00007.asd;B3;EMB48;NIRRIG;D02T;tarde;D02;NIRRIG;NIRRIG;0.600515038114795;True;0.389500015194561;0.2656072447931766;-1.6847145469830718;-0.5157579966032448;-1.1950713184201676
pls_da;por_genotipo;EMB48;5;371;B4_EMB48_IRRIG_REPROD00003.asd;B4;EMB48;IRRIG;D02T;tarde;D02;IRRIG;NIRRIG;0.5564266974473674;False;0.3424904451672225;0.25460250336097245;-1.6484045115356971;-0.4794362902175613;-1.2225824085162158
pls_da;por_genotipo;EMB48;5;377;B4_EMB48_NIRRIG_REPROD00001.asd;B4;EMB48;NIRRIG;D02T;tarde;D02;NIRRIG;NIRRIG;0.6517365988471836;True;0.3791274839588439;0.30725731839521697;-1.7957913255924838;-0.4416271167190118;-1.1770885089731933
pls_da;por_genotipo;EMB48;5;520;B1_EMB48_NIRRIG_REPROD00000.asd;B1;EMB48;NIRRIG;D03M;manha;D03;NIRRIG;NIRRIG;0.6221780650618743;True;0.3369018820100976;0.3095704769728108;-1.8034612910414058;-0.3956263434273612;-1.2485426322223148
pls_da;por_genotipo;EMB48;5;528;B2_EMB48_IRRIG_REPROD00000.asd;B2;EMB48;IRRIG;D03M;manha;D03;IRRIG;IRRIG;0.4349712812474572;True;0.19901387499816509;0.29169141803708004;-1.5588845256230373;-0.3713384570510022;-1.4036235629127807
pls_da;por_genotipo;EMB48;5;534;B2_EMB48_IRRIG_REPROD00006.asd;B2;EMB48;IRRIG;D03M;manha;D03;IRRIG;IRRIG;0.45584424888658265;True;0.28055078218908114;0.23556978338927415;-1.497725595976252;-0.45765480663959873;-1.2816044273651175
pls_da;por_genotipo;EMB48;5;540;B2_EMB48_NIRRIG_REPROD00004.asd;B2;EMB48;NIRRIG;D03M;manha;D03;NIRRIG;IRRIG;0.4599038733178036;False;0.19180003163164214;0.2718542119785273;-1.6520669927732627;-0.4414664900704102;-1.3652752718607943
pls_da;por_genotipo;EMB48;5;545;B3_EMB48_IRRIG_REPROD00001.asd;B3;EMB48;IRRIG;D03M;manha;D03;IRRIG;IRRIG;0.413360514097788;True;0.20933689367643504;0.2619482386043438;-1.4801209784074418;-0.42974400650959094;-1.34490794681573
pls_da;por_genotipo;EMB48;5;546;B3_EMB48_IRRIG_REPROD00002.asd;B3;EMB48;IRRIG;D03M;manha;D03;IRRIG;IRRIG;0.41473099337125735;True;0.22003347725699557;0.25624634049830614;-1.4705542765910389;-0.43302053279942954;-1.3370062859686205
pls_da;por_genotipo;EMB48;5;549;B3_EMB48_IRRIG_REPROD00005.asd;B3;EMB48;IRRIG;D03M;manha;D03;IRRIG;IRRIG;0.4443423462100062;True;0.3297317361694976;0.18754933493445633;-1.381338485622843;-0.5386946129438966;-1.1685443484209623
pls_da;por_genotipo;EMB48;5;553;B3_EMB48_NIRRIG_REPROD00001.asd;B3;EMB48;NIRRIG;D03M;manha;D03;NIRRIG;NIRRIG;0.5914422066996828;True;0.3721978293306367;0.26825463585927556;-1.6711354011439374;-0.5095408300306754;-1.18380606763806
pls_da;por_genotipo;EMB48;5;554;B3_EMB48_NIRRIG_REPROD00002.asd;B3;EMB48;NIRRIG;D03M;manha;D03;NIRRIG;NIRRIG;0.5920634373321843;True;0.38768900597207206;0.2569360287607426;-1.655797465157482;-0.5139334881056035;-1.170612892065797
pls_da;por_genotipo;EMB48;5;559;B3_EMB48_NIRRIG_REPROD00007.asd;B3;EMB48;NIRRIG;D03M;manha;D03;NIRRIG;NIRRIG;0.7155797900994103;True;0.44649651979294114;0.31740616429378116;-1.8922188432740212;-0.4087501965660225;-1.1613583632356876
pls_da;por_genotipo;EMB48;5;563;B4_EMB48_IRRIG_REPROD00003.asd;B4;EMB48;IRRIG;D03M;manha;D03;IRRIG;IRRIG;0.4161200033808993;True;0.20679284475781717;0.22015447936745958;-1.4870093718743453;-0.5293706325690599;-1.243011543695865
pls_da;por_genotipo;EMB48;5;569;B4_EMB48_NIRRIG_REPROD00001.asd;B4;EMB48;NIRRIG;D03M;manha;D03;NIRRIG;NIRRIG;0.5691299996973548;True;0.26197495233789375;0.332774386800239;-1.8076175622000108;-0.3680515929908608;-1.384993348761715
pls_da;por_genotipo;EMB48;5;712;B1_EMB48_NIRRIG_REPROD00000.asd;B1;EMB48;NIRRIG;D03T;tarde;D03;NIRRIG;NIRRIG;0.613316648265428;True;0.43526724064709765;0.2596965602923394;-1.6168285696137876;-0.5327149758475865;-1.1221497304334134
pls_da;por_genotipo;EMB48;5;720;B2_EMB48_IRRIG_REPROD00000.asd;B2;EMB48;IRRIG;D03T;tarde;D03;IRRIG;IRRIG;0.4275703524916381;True;0.2006784734871962;0.2802291004441639;-1.5257671917505795;-0.44249153978973016;-1.3614199975122991
pls_da;por_genotipo;EMB48;5;726;B2_EMB48_IRRIG_REPROD00006.asd;B2;EMB48;IRRIG;D03T;tarde;D03;IRRIG;IRRIG;0.4549396876640153;True;0.2986341775461231;0.19997307505465342;-1.4797086423502972;-0.5230430980295;-1.2229453039294276
pls_da;por_genotipo;EMB48;5;732;B2_EMB48_NIRRIG_REPROD00004.asd;B2;EMB48;NIRRIG;D03T;tarde;D03;NIRRIG;IRRIG;0.45583847714976955;False;0.20043923136733233;0.2729269983556151;-1.601502755091865;-0.4944187191633708;-1.3234011735718352
pls_da;por_genotipo;EMB48;5;737;B3_EMB48_IRRIG_REPROD00001.asd;B3;EMB48;IRRIG;D03T;tarde;D03;IRRIG;IRRIG;0.49212252578000004;True;0.26369943786531946;0.281940187567551;-1.586044936846753;-0.48258496818487007;-1.2970786997035666
pls_da;por_genotipo;EMB48;5;738;B3_EMB48_IRRIG_REPROD00002.asd;B3;EMB48;IRRIG;D03T;tarde;D03;IRRIG;IRRIG;0.49018394328199766;True;0.26416100131170506;0.2806478142636367;-1.580775629049336;-0.482684512416251;-1.2965423012669963
pls_da;por_genotipo;EMB48;5;741;B3_EMB48_IRRIG_REPROD00005.asd;B3;EMB48;IRRIG;D03T;tarde;D03;IRRIG;IRRIG;0.4999208944549396;True;0.29136039064968844;0.2394873629543162;-1.5664091880443147;-0.5398828427841582;-1.2052873788019294
pls_da;por_genotipo;EMB48;5;745;B3_EMB48_NIRRIG_REPROD00001.asd;B3;EMB48;NIRRIG;D03T;tarde;D03;NIRRIG;NIRRIG;0.6430125575744078;True;0.489132278823428;0.2444549267960615;-1.6081126976728717;-0.5682327083903598;-1.0526164699791114
pls_da;por_genotipo;EMB48;5;746;B3_EMB48_NIRRIG_REPROD00002.asd;B3;EMB48;NIRRIG;D03T;tarde;D03;NIRRIG;NIRRIG;0.6462242723980166;True;0.49746042123306616;0.24412555033627545;-1.6031097990031662;-0.5698831342622802;-1.047243884497563
pls_da;por_genotipo;EMB48;5;751;B3_EMB48_NIRRIG_REPROD00007.asd;B3;EMB48;NIRRIG;D03T;tarde;D03;NIRRIG;NIRRIG;0.7591848706388009;True;0.5273011543638462;0.3243576995437125;-1.8396800049488173;-0.4567304296907793;-1.0159848107201972
pls_da;por_genotipo;EMB48;5;755;B4_EMB48_IRRIG_REPROD00003.asd;B4;EMB48;IRRIG;D03T;tarde;D03;IRRIG;IRRIG;0.47505636005276297;True;0.2369387979359403;0.22269283116550295;-1.6062353090847705;-0.572003121933891;-1.2183503509975138
pls_da;por_genotipo;EMB48;5;761;B4_EMB48_NIRRIG_REPROD00001.asd;B4;EMB48;NIRRIG;D03T;tarde;D03;NIRRIG;NIRRIG;0.568737729634346;True;0.264521696763532;0.3308549915726692;-1.7899514614433234;-0.37295789600225265;-1.361526031924788
pls_da;por_genotipo;EMB48;5;904;B1_EMB48_NIRRIG_REPROD00000.asd;B1;EMB48;NIRRIG;D04M;manha;D04;NIRRIG;NIRRIG;0.5953599802498546;True;0.4679694882805157;0.19062957563874183;-1.5538224523098414;-0.5720329332960976;-1.0486112703502386
pls_da;por_genotipo;EMB48;5;912;B2_EMB48_IRRIG_REPROD00000.asd;B2;EMB48;IRRIG;D04M;manha;D04;IRRIG;IRRIG;0.4266210893091782;True;0.28910666670302465;0.23743827208252677;-1.3652588787810063;-0.5123526084850637;-1.2343708764085777
pls_da;por_genotipo;EMB48;5;918;B2_EMB48_IRRIG_REPROD00006.asd;B2;EMB48;IRRIG;D04M;manha;D04;IRRIG;IRRIG;0.4597699617851632;True;0.2563985288021142;0.28181609538457897;-1.510534477930884;-0.42921804123473994;-1.3209960622498471
pls_da;por_genotipo;EMB48;5;924;B2_EMB48_NIRRIG_REPROD00004.asd;B2;EMB48;NIRRIG;D04M;manha;D04;NIRRIG;NIRRIG;0.5175530006888884;True;0.4373595233126329;0.13377845088312101;-1.4581335532656932;-0.5998889603355769;-1.0824231658469008
pls_da;por_genotipo;EMB48;5;929;B3_EMB48_IRRIG_REPROD00001.asd;B3;EMB48;IRRIG;D04M;manha;D04;IRRIG;IRRIG;0.38876719300084694;True;0.27677958259159213;0.20240324402493307;-1.2860539070630432;-0.5304034345209863;-1.1956946054547997
pls_da;por_genotipo;EMB48;5;930;B3_EMB48_IRRIG_REPROD00002.asd;B3;EMB48;IRRIG;D04M;manha;D04;IRRIG;IRRIG;0.39400754534340604;True;0.2796613946090459;0.2067484295804254;-1.2917313775931663;-0.5319793228412019;-1.1939404593900844
pls_da;por_genotipo;EMB48;5;933;B3_EMB48_IRRIG_REPROD00005.asd;B3;EMB48;IRRIG;D04M;manha;D04;IRRIG;IRRIG;0.43334636355344514;True;0.28840901779968303;0.24758767740761126;-1.4034137553542094;-0.448421416751188;-1.2862486876624324
pls_da;por_genotipo;EMB48;5;937;B3_EMB48_NIRRIG_REPROD00001.asd;B3;EMB48;NIRRIG;D04M;manha;D04;NIRRIG;NIRRIG;0.6039780350329064;True;0.5396918485374131;0.16015209767269115;-1.4522052633498186;-0.5891937482492288;-0.9566658720630794
pls_da;por_genotipo;EMB48;5;938;B3_EMB48_NIRRIG_REPROD00002.asd;B3;EMB48;NIRRIG;D04M;manha;D04;NIRRIG;NIRRIG;0.601073718006786;True;0.5371304366551727;0.16450590449797958;-1.442070961359418;-0.589165008091617;-0.9578899936182237
pls_da;por_genotipo;EMB48;5;943;B3_EMB48_NIRRIG_REPROD00007.asd;B3;EMB48;NIRRIG;D04M;manha;D04;NIRRIG;NIRRIG;0.6379619192451623;True;0.5373904822433733;0.1801080500374253;-1.546183624866719;-0.5852921863289638;-0.9670488271280644
pls_da;por_genotipo;EMB48;5;947;B4_EMB48_IRRIG_REPROD00003.asd;B4;EMB48;IRRIG;D04M;manha;D04;IRRIG;IRRIG;0.4738050186078431;True;0.39987684782296845;0.1904832445714851;-1.316788172013549;-0.5651163314376013;-1.0983012607220357
pls_da;por_genotipo;EMB48;5;953;B4_EMB48_NIRRIG_REPROD00001.asd;B4;EMB48;NIRRIG;D04M;manha;D04;NIRRIG;NIRRIG;0.5525645611934076;True;0.3482969910846937;0.24290224384902157;-1.6574052670020312;-0.44654064245572267;-1.2485003826481373
pls_da;por_genotipo;EMB48;5;1096;B1_EMB48_NIRRIG_REPROD00000.asd;B1;EMB48;NIRRIG;D05M;manha;D05;NIRRIG;NIRRIG;0.6948231491910374;True;0.46487107536749145;0.31257762847254605;-1.8073771758612562;-0.42435958476080665;-1.1789695123960766
pls_da;por_genotipo;EMB48;5;1104;B2_EMB48_IRRIG_REPROD00000.asd;B2;EMB48;IRRIG;D05M;manha;D05;IRRIG;IRRIG;0.45885344220517826;True;0.31876996717547895;0.2266371748228583;-1.4206001303004387;-0.5232477754137791;-1.2137510820504327
pls_da;por_genotipo;EMB48;5;1110;B2_EMB48_IRRIG_REPROD00006.asd;B2;EMB48;IRRIG;D05M;manha;D05;IRRIG;IRRIG;0.4895759115924633;True;0.28657809072031803;0.27347037072666236;-1.5341713646497779;-0.4322525993949414;-1.2718868856907581
pls_da;por_genotipo;EMB48;5;1116;B2_EMB48_NIRRIG_REPROD00004.asd;B2;EMB48;NIRRIG;D05M;manha;D05;NIRRIG;NIRRIG;0.5971701558999722;True;0.4203930413125628;0.23001687080074962;-1.6248762224972364;-0.5330418904595294;-1.1197177676671528
pls_da;por_genotipo;EMB48;5;1121;B3_EMB48_IRRIG_REPROD00001.asd;B3;EMB48;IRRIG;D05M;manha;D05;IRRIG;IRRIG;0.44301290795955073;True;0.3232844891516912;0.21507561883001225;-1.3425194328027;-0.5548797031012311;-1.15304240610403
pls_da;por_genotipo;EMB48;5;1122;B3_EMB48_IRRIG_REPROD00002.asd;B3;EMB48;IRRIG;D05M;manha;D05;IRRIG;IRRIG;0.442150723268349;True;0.3275178134652409;0.21679972164272032;-1.3287059790437663;-0.5616947666285926;-1.1484807645888688
pls_da;por_genotipo;EMB48;5;1125;B3_EMB48_IRRIG_REPROD00005.asd;B3;EMB48;IRRIG;D05M;manha;D05;IRRIG;IRRIG;0.4589731553291342;True;0.2603276942654004;0.29127846011366426;-1.4934956978250062;-0.422809478338393;-1.3271867914244677
pls_da;por_genotipo;EMB48;5;1129;B3_EMB48_NIRRIG_REPROD00001.asd;B3;EMB48;NIRRIG;D05M;manha;D05;NIRRIG;NIRRIG;0.6235534205383031;True;0.32253874201660887;0.33072352184108406;-1.8293102024657717;-0.36831752660984807;-1.2925114441399248
pls_da;por_genotipo;EMB48;5;1130;B3_EMB48_NIRRIG_REPROD00002.asd;B3;EMB48;NIRRIG;D05M;manha;D05;NIRRIG;NIRRIG;0.6275612355428382;True;0.32470226346766246;0.3301143098749629;-1.839683530537498;-0.36985023612170054;-1.2921605068404318
pls_da;por_genotipo;EMB48;5;1135;B3_EMB48_NIRRIG_REPROD00007.asd;B3;EMB48;NIRRIG;D05M;manha;D05;NIRRIG;NIRRIG;0.7055459959378398;True;0.39816156776846634;0.3519129404923498;-1.9442682989120028;-0.31000256344119226;-1.264003962306371
pls_da;por_genotipo;EMB48;5;1139;B4_EMB48_IRRIG_REPROD00003.asd;B4;EMB48;IRRIG;D05M;manha;D05;IRRIG;IRRIG;0.4429732736032129;True;0.3114005296008363;0.23881549406204913;-1.3449791185908917;-0.5291692176617725;-1.179010400303045
pls_da;por_genotipo;EMB48;5;1145;B4_EMB48_NIRRIG_REPROD00001.asd;B4;EMB48;NIRRIG;D05M;manha;D05;NIRRIG;NIRRIG;0.5837242495019638;True;0.2650336310588483;0.34481617127331765;-1.8368658767244765;-0.3634130445572471;-1.391680739766722
pls_da;por_genotipo;EMB48;5;1288;B1_EMB48_NIRRIG_REPROD00000.asd;B1;EMB48;NIRRIG;D06M;manha;D06;NIRRIG;NIRRIG;0.587992967725756;True;0.38352238729858534;0.24357470287227306;-1.6555157555142923;-0.5078490209963347;-1.1544125892234656
pls_da;por_genotipo;EMB48;5;1296;B2_EMB48_IRRIG_REPROD00000.asd;B2;EMB48;IRRIG;D06M;manha;D06;IRRIG;IRRIG;0.44842176707766573;True;0.3114948607370463;0.20265480260128074;-1.4011157286023341;-0.5353367158605666;-1.1674100361593338
pls_da;por_genotipo;EMB48;5;1302;B2_EMB48_IRRIG_REPROD00006.asd;B2;EMB48;IRRIG;D06M;manha;D06;IRRIG;IRRIG;0.47311462492211265;True;0.309151562179344;0.24293959433087947;-1.4896290649622899;-0.4567279764007078;-1.269818868598967
pls_da;por_genotipo;EMB48;5;1308;B2_EMB48_NIRRIG_REPROD00004.asd;B2;EMB48;NIRRIG;D06M;manha;D06;NIRRIG;NIRRIG;0.5104755510039847;True;0.25562503137304116;0.2624652703451332;-1.6584743953278225;-0.5157504865276985;-1.2617470935475512
pls_da;por_genotipo;EMB48;5;1313;B3_EMB48_IRRIG_REPROD00001.asd;B3;EMB48;IRRIG;D06M;manha;D06;IRRIG;IRRIG;0.37780096518855;True;0.25646884521172836;0.21948387362906185;-1.2726628928501535;-0.5717565848795539;-1.2108407308190314
pls_da;por_genotipo;EMB48;5;1314;B3_EMB48_IRRIG_REPROD00002.asd;B3;EMB48;IRRIG;D06M;manha;D06;IRRIG;IRRIG;0.3771698398930821;True;0.2626395101088469;0.21717324119194387;-1.2609907444226325;-0.5744602926288128;-1.2056204868800622
pls_da;por_genotipo;EMB48;5;1317;B3_EMB48_IRRIG_REPROD00005.asd;B3;EMB48;IRRIG;D06M;manha;D06;IRRIG;IRRIG;0.43632803325512914;True;0.3052908890765793;0.2246016190739294;-1.343127918280803;-0.555912117853696;-1.1622838564405007
pls_da;por_genotipo;EMB48;5;1321;B3_EMB48_NIRRIG_REPROD00001.asd;B3;EMB48;NIRRIG;D06M;manha;D06;NIRRIG;NIRRIG;0.6389698702660775;True;0.35998172808921697;0.3202972547008646;-1.789589246740784;-0.4516298971200012;-1.2123121728790143
pls_da;por_genotipo;EMB48;5;1322;B3_EMB48_NIRRIG_REPROD00002.asd;B3;EMB48;NIRRIG;D06M;manha;D06;NIRRIG;NIRRIG;0.6399137379503943;True;0.35959719802925083;0.32283011560940916;-1.7906324804425775;-0.44897885010992844;-1.213553941052088
pls_da;por_genotipo;EMB48;5;1327;B3_EMB48_NIRRIG_REPROD00007.asd;B3;EMB48;NIRRIG;D06M;manha;D06;NIRRIG;NIRRIG;0.5419590352336096;True;0.29505424892189386;0.2729879689509233;-1.6702204096310411;-0.5137831009505592;-1.2457909436913557
pls_da;por_genotipo;EMB48;5;1331;B4_EMB48_IRRIG_REPROD00003.asd;B4;EMB48;IRRIG;D06M;manha;D06;IRRIG;IRRIG;0.4335085180789835;True;0.29773440455119;0.20070578389197952;-1.4237359271765495;-0.5214652167303856;-1.237645190442821
pls_da;por_genotipo;EMB48;5;1337;B4_EMB48_NIRRIG_REPROD00001.asd;B4;EMB48;NIRRIG;D06M;manha;D06;NIRRIG;NIRRIG;0.6115376810028054;True;0.387619723042096;0.254659519314544;-1.7310463901820585;-0.4985928760496868;-1.188281360242746
pls_da;por_genotipo;EMB48;5;1478;B1_EMB48_IRR_REP_RECUP00002.asd;B1;EMB48;IRRIG;D09M;manha;D09;IRRIG;IRRIG;0.37991838604096345;True;0.2636905704956301;0.15678584605840254;-1.2782116948917157;-0.6376033100885099;-1.0949679919554691
pls_da;por_genotipo;EMB48;5;1481;B1_EMB48_IRR_REP_RECUP00005.asd;B1;EMB48;IRRIG;D09M;manha;D09;IRRIG;IRRIG;0.4020002419491381;True;0.12300887698883672;0.28059424987354153;-1.5924867087124694;-0.4381375287228022;-1.406155999528983
pls_da;por_genotipo;EMB48;5;1486;B1_EMB48_NIRR_REP_RECUP00002.asd;B1;EMB48;NIRRIG;D09M;manha;D09;NIRRIG;IRRIG;0.48772780358893564;False;0.26244878198900945;0.23579559876416667;-1.5892617767139983;-0.5744770096387644;-1.2183765852440636
pls_da;por_genotipo;EMB48;5;1490;B1_EMB48_NIRR_REP_RECUP00006.asd;B1;EMB48;NIRRIG;D09M;manha;D09;NIRRIG;NIRRIG;0.5573834284177862;True;0.3532029528720624;0.24931065194826424;-1.643795900890297;-0.5303757072648906;-1.2197566116041303
pls_da;por_genotipo;EMB48;5;1493;B2_EMB48_IRR_REP_RECUP00001.asd;B2;EMB48;IRRIG;D09M;manha;D09;IRRIG;IRRIG;0.3840377171954322;True;0.1998004387970009;0.18722449156354898;-1.4241872636772257;-0.579411709569077;-1.2154305653956956
pls_da;por_genotipo;EMB48;5;1499;B2_EMB48_IRR_REP_RECUP00007.asd;B2;EMB48;IRRIG;D09M;manha;D09;IRRIG;IRRIG;0.3928459492753049;True;0.20445717930045296;0.19403197719842943;-1.4845515892562517;-0.5240355895535669;-1.2948331529532924
pls_da;por_genotipo;EMB48;5;1500;B2_EMB48_NIRR_REP_RECUP00000.asd;B2;EMB48;NIRRIG;D09M;manha;D09;NIRRIG;IRRIG;0.4707348863582589;False;0.23020556717465782;0.2570534109215013;-1.6181789098334827;-0.4888242999272954;-1.3178705041145304
pls_da;por_genotipo;EMB48;5;1503;B2_EMB48_NIRR_REP_RECUP00003.asd;B2;EMB48;NIRRIG;D09M;manha;D09;NIRRIG;IRRIG;0.48236804149574863;False;0.22679455529655168;0.2646797889352916;-1.6557675849696705;-0.4797486027572008;-1.329284675317957
pls_da;por_genotipo;EMB48;5;1505;B2_EMB48_NIRR_REP_RECUP00009.asd;B2;EMB48;NIRRIG;D09M;manha;D09;NIRRIG;NIRRIG;0.5681572573321497;True;0.3814531233976014;0.21824132280685127;-1.6392940193007632;-0.530650746901479;-1.166596459471836
pls_da;por_genotipo;EMB48;5;1509;B3_EMB48_IRR_REP_RECUP00001.asd;B3;EMB48;IRRIG;D09M;manha;D09;IRRIG;IRRIG;0.3706896457132916;True;0.23283104779379316;0.16374811376945814;-1.3367545278423236;-0.600068418693229;-1.1760353958491139
pls_da;por_genotipo;EMB48;5;1512;B3_EMB48_IRR_REP_RECUP00004.asd;B3;EMB48;IRRIG;D09M;manha;D09;IRRIG;IRRIG;0.3595222044997544;True;0.22842874339715824;0.15941560011903197;-1.3231201618207777;-0.5914707917108771;-1.1932350742666074
pls_da;por_genotipo;EMB48;5;1515;B3_EMB48_IRR_REP_RECUP00007.asd;B3;EMB48;IRRIG;D09M;manha;D09;IRRIG;IRRIG;0.36866501978986493;True;0.24590677916681233;0.1588257162568737;-1.3223243548225492;-0.5966374043504777;-1.1850992978542898
pls_da;por_genotipo;EMB48;5;1519;B3_EMB48_NIRR_REP_RECUP00003.asd;B3;EMB48;NIRRIG;D09M;manha;D09;NIRRIG;NIRRIG;0.5017288008304064;True;0.39841624830285816;0.1581753634385559;-1.4389793311544328;-0.668544389018244;-1.0765400726952399
pls_da;por_genotipo;EMB48;5;1521;B3_EMB48_NIRR_REP_RECUP00005.asd;B3;EMB48;NIRRIG;D09M;manha;D09;NIRRIG;NIRRIG;0.5241601588273791;True;0.2991125701510996;0.24370132311685802;-1.6632465089950348;-0.4852094984533836;-1.2728914553459985
pls_da;por_genotipo;EMB48;5;1539;B4_EMB48_NIRR_REP_RECUP00007.asd;B4;EMB48;NIRRIG;D09M;manha;D09;NIRRIG;NIRRIG;0.5416541834628992;True;0.2798626725616239;0.29289896036669744;-1.718877539879958;-0.43490307241308646;-1.3341029371012394
pls_da;por_genotipo;EMB48;5;1670;B1_EMB48_IRR_REP_RECUP00002.asd;B1;EMB48;IRRIG;D09T;tarde;D09;IRRIG;IRRIG;0.4097440688145369;True;0.30681559297670385;0.16058960343894688;-1.2819180773888288;-0.6814803288926711;-1.05864812735995
pls_da;por_genotipo;EMB48;5;1673;B1_EMB48_IRR_REP_RECUP00005.asd;B1;EMB48;IRRIG;D09T;tarde;D09;IRRIG;IRRIG;0.44206348609056395;True;0.17813101909930693;0.2827183994691683;-1.6108719706039987;-0.4802627534829923;-1.3712182437888816
pls_da;por_genotipo;EMB48;5;1678;B1_EMB48_NIRR_REP_RECUP00002.asd;B1;EMB48;NIRRIG;D09T;tarde;D09;NIRRIG;IRRIG;0.49608488772126796;False;0.3252442268453279;0.19748559117744294;-1.5196093030821276;-0.6141137223085662;-1.1393379165506567
pls_da;por_genotipo;EMB48;5;1682;B1_EMB48_NIRR_REP_RECUP00006.asd;B1;EMB48;NIRRIG;D09T;tarde;D09;NIRRIG;NIRRIG;0.5237764842201696;True;0.4073780532791585;0.17720265889635223;-1.4733844151466964;-0.6114328567772193;-1.0914489009642323
pls_da;por_genotipo;EMB48;5;1685;B2_EMB48_IRR_REP_RECUP00001.asd;B2;EMB48;IRRIG;D09T;tarde;D09;IRRIG;IRRIG;0.43345764115966373;True;0.1654916194211172;0.2579975378403757;-1.5894178739198732;-0.5428743536825946;-1.2940911815651004
pls_da;por_genotipo;EMB48;5;1691;B2_EMB48_IRR_REP_RECUP00007.asd;B2;EMB48;IRRIG;D09T;tarde;D09;IRRIG;IRRIG;0.47158900966125095;True;0.18645936903395038;0.2928995202172029;-1.6760648204580018;-0.467646955818115;-1.3735687514612602
pls_da;por_genotipo;EMB48;5;1692;B2_EMB48_NIRR_REP_RECUP00000.asd;B2;EMB48;NIRRIG;D09T;tarde;D09;NIRRIG;IRRIG;0.4790372809372133;False;0.2463708161481081;0.2690456284401611;-1.5824571750028686;-0.5047172375824512;-1.284223161823444
pls_da;por_genotipo;EMB48;5;1695;B2_EMB48_NIRR_REP_RECUP00003.asd;B2;EMB48;NIRRIG;D09T;tarde;D09;NIRRIG;IRRIG;0.49337564337637413;False;0.23372074022047518;0.2943942438030707;-1.6249619613054012;-0.4905413558916988;-1.3046938908466537
pls_da;por_genotipo;EMB48;5;1701;B3_EMB48_IRR_REP_RECUP00001.asd;B3;EMB48;IRRIG;D09T;tarde;D09;IRRIG;IRRIG;0.3645417460803134;True;0.22483451213684205;0.19308019685220512;-1.2768931577203315;-0.6433636846016761;-1.1497635968220554
pls_da;por_genotipo;EMB48;5;1704;B3_EMB48_IRR_REP_RECUP00004.asd;B3;EMB48;IRRIG;D09T;tarde;D09;IRRIG;IRRIG;0.45572917650057826;True;0.24963014963064828;0.23127706625187222;-1.5315665216892547;-0.5596987831908076;-1.2421466324948636
pls_da;por_genotipo;EMB48;5;1707;B3_EMB48_IRR_REP_RECUP00007.asd;B3;EMB48;IRRIG;D09T;tarde;D09;IRRIG;IRRIG;0.45416163526574377;True;0.23616501173058357;0.23791801270570356;-1.5482491240194909;-0.5498846986377781;-1.257827702680186
pls_da;por_genotipo;EMB48;5;1711;B3_EMB48_NIRR_REP_RECUP00003.asd;B3;EMB48;NIRRIG;D09T;tarde;D09;NIRRIG;NIRRIG;0.5369643326256807;True;0.39398031108943443;0.2028519167253481;-1.4971921063399165;-0.6642057777235737;-1.0799373825481544
pls_da;por_genotipo;EMB48;5;1713;B3_EMB48_NIRR_REP_RECUP00005.asd;B3;EMB48;NIRRIG;D09T;tarde;D09;NIRRIG;NIRRIG;0.5460499245843756;True;0.31857660703029905;0.278609624590121;-1.6335799422172939;-0.49348019870383;-1.2387511067585693
pls_da;por_genotipo;EMB48;5;1731;B4_EMB48_NIRR_REP_RECUP00007.asd;B4;EMB48;NIRRIG;D09T;tarde;D09;NIRRIG;NIRRIG;0.5018567935400938;True;0.30156913025955695;0.23097968808163644;-1.5963823850546945;-0.5058853106584669;-1.2526927732336655
pls_da;por_genotipo;EMB48;5;1766;B1_EMB48_IRR_REP_RECUP00002.asd;B1;EMB48;IRRIG;D10M;manha;D10;IRRIG;IRRIG;0.3921760781612053;True;0.177603620547521;0.26068473188287056;-1.4526462015334285;-0.48486884644994843;-1.3227593319444304
pls_da;por_genotipo;EMB48;5;1769;B1_EMB48_IRR_REP_RECUP00005.asd;B1;EMB48;IRRIG;D10M;manha;D10;IRRIG;IRRIG;0.3881861191671414;True;0.22053987199801392;0.20506808527761494;-1.3598292702850225;-0.6016332367761319;-1.1778322854789793
pls_da;por_genotipo;EMB48;5;1774;B1_EMB48_NIRR_REP_RECUP00002.asd;B1;EMB48;NIRRIG;D10M;manha;D10;NIRRIG;IRRIG;0.47832726751133126;False;0.28503813118320404;0.20690710441244173;-1.5380546078133823;-0.6015370471355393;-1.1764301304556333
pls_da;por_genotipo;EMB48;5;1778;B1_EMB48_NIRR_REP_RECUP00006.asd;B1;EMB48;NIRRIG;D10M;manha;D10;NIRRIG;NIRRIG;0.566080997575731;True;0.46354882594448127;0.18332165110165208;-1.496500926801728;-0.6138376613443285;-1.0711126972515475
pls_da;por_genotipo;EMB48;5;1813;B2_EMB48_IRR_REP_RECUP00001.asd;B2;EMB48;IRRIG;D10M;manha;D10;IRRIG;IRRIG;0.42543560138272096;True;0.22259667191208893;0.25353588233573715;-1.501737879916445;-0.4944552327533563;-1.3273699133349004
pls_da;por_genotipo;EMB48;5;1819;B2_EMB48_IRR_REP_RECUP00007.asd;B2;EMB48;IRRIG;D10M;manha;D10;IRRIG;IRRIG;0.4220198219943551;True;0.1718244315499077;0.2425887928148164;-1.5801939182964835;-0.515572997070398;-1.3215149709390217
pls_da;por_genotipo;EMB48;5;1820;B2_EMB48_NIRR_REP_RECUP00000.asd;B2;EMB48;NIRRIG;D10M;manha;D10;NIRRIG;NIRRIG;0.5422302094872145;True;0.40117516284294946;0.18304143131328054;-1.5319155813882899;-0.6342268522593997;-1.0893774117526733
pls_da;por_genotipo;EMB48;5;1823;B2_EMB48_NIRR_REP_RECUP00003.asd;B2;EMB48;NIRRIG;D10M;manha;D10;NIRRIG;NIRRIG;0.540704088155886;True;0.39373631696746964;0.18330425763602817;-1.5439041629768673;-0.6286431693092197;-1.098652067556576
pls_da;por_genotipo;EMB48;5;1861;B3_EMB48_IRR_REP_RECUP00001.asd;B3;EMB48;IRRIG;D10M;manha;D10;IRRIG;IRRIG;0.3679152772073923;True;0.20170811805434122;0.22278251442909103;-1.3262459143641585;-0.587895598779614;-1.2191549498770988
pls_da;por_genotipo;EMB48;5;1864;B3_EMB48_IRR_REP_RECUP00004.asd;B3;EMB48;IRRIG;D10M;manha;D10;IRRIG;IRRIG;0.3720691128948336;True;0.23140204505153023;0.20184940518238337;-1.3014958703479311;-0.6152824923697984;-1.1854079856435038
pls_da;por_genotipo;EMB48;5;1867;B3_EMB48_IRR_REP_RECUP00007.asd;B3;EMB48;IRRIG;D10M;manha;D10;IRRIG;IRRIG;0.37052688219499524;True;0.2407196081831118;0.20136131291197218;-1.279651397223888;-0.6190970536616837;-1.1799803130242907
pls_da;por_genotipo;EMB48;5;1871;B3_EMB48_NIRR_REP_RECUP00003.asd;B3;EMB48;NIRRIG;D10M;manha;D10;NIRRIG;NIRRIG;0.5184619749775412;True;0.28121003982851006;0.2833049098087666;-1.6039798681407058;-0.5170497353119523;-1.2418932488175536
pls_da;por_genotipo;EMB48;5;1873;B3_EMB48_NIRR_REP_RECUP00005.asd;B3;EMB48;NIRRIG;D10M;manha;D10;NIRRIG;IRRIG;0.48086167077700287;False;0.34209486457196386;0.18166858043413792;-1.4524773261545083;-0.6500514076101529;-1.1114745644333663
pls_da;por_genotipo;EMB48;5;1923;B4_EMB48_NIRR_REP_RECUP00007.asd;B4;EMB48;NIRRIG;D10M;manha;D10;NIRRIG;NIRRIG;0.5175958662148342;True;0.3309269178773325;0.23319159567061384;-1.5508654812871456;-0.5740637719222468;-1.1752551697897275
