modelo;modo;genotipo_avaliado;fold;indice_amostra;nomenclaura;bloco;genotipo;condicao;data_coleta;turno;dia;classe_real;classe_predita;score_NIRRIG;acerto;1942;1360;1387;1844;425
gradient_boosting;por_genotipo;BR16;1;6;B1_BR16_IRRIG_REPROD00006.asd;B1;BR16;IRRIG;D02M;manha;D02;IRRIG;IRRIG;0.009544730559517224;True;-1.4448218539047681;0.8276821922833246;0.4343155822932336;0.2982238961496949;-1.5038940466287731
gradient_boosting;por_genotipo;BR16;1;12;B1_BR16_NIRRIG_REPROD00004.asd;B1;BR16;NIRRIG;D02M;manha;D02;NIRRIG;NIRRIG;0.929332914719128;True;-1.3982927657257014;0.8233438723314284;0.45599621175492056;0.30430802746867075;-1.5866942342233221
gradient_boosting;por_genotipo;BR16;1;13;B1_BR16_NIRRIG_REPROD00005.asd;B1;BR16;NIRRIG;D02M;manha;D02;NIRRIG;NIRRIG;0.9564540194221438;True;-1.3970347165163526;0.8237886040944398;0.45820168448773946;0.3059290239310703;-1.5923644330873088
gradient_boosting;por_genotipo;BR16;1;14;B1_BR16_NIRRIG_REPROD00006.asd;B1;BR16;NIRRIG;D02M;manha;D02;NIRRIG;NIRRIG;0.9564540194221438;True;-1.3969829670978624;0.8233913661602528;0.4601148551886435;0.3083687452951095;-1.596219835467609
gradient_boosting;por_genotipo;BR16;1;17;B2_BR16_IRRIG_REPROD00001.asd;B2;BR16;IRRIG;D02M;manha;D02;IRRIG;IRRIG;0.001794896416213958;True;-1.4335643563443266;0.8251827768595441;0.4612310889075581;0.3450392982133909;-1.5642278124692437
gradient_boosting;por_genotipo;BR16;1;21;B2_BR16_IRRIG_REPROD00005.asd;B2;BR16;IRRIG;D02M;manha;D02;IRRIG;IRRIG;0.10993098547782754;True;-1.457523143754631;0.8173597798606398;0.4743216962240713;0.3522548451717796;-1.6288152262417235
gradient_boosting;por_genotipo;BR16;1;25;B2_BR16_NIRRIG_REPROD00001.asd;B2;BR16;NIRRIG;D02M;manha;D02;NIRRIG;NIRRIG;0.9064846527417113;True;-1.4301844489282949;0.7957097431601537;0.4141416834407222;0.3066012485562464;-1.5658534731969866
gradient_boosting;por_genotipo;BR16;1;26;B2_BR16_NIRRIG_REPROD00002.asd;B2;BR16;NIRRIG;D02M;manha;D02;NIRRIG;NIRRIG;0.8790464737321335;True;-1.4285001440475178;0.7962612933134199;0.41578474134548926;0.30985041865787727;-1.570497468900568
gradient_boosting;por_genotipo;BR16;1;33;B3_BR16_IRRIG_REPROD00001.asd;B3;BR16;IRRIG;D02M;manha;D02;IRRIG;IRRIG;0.0071024781822633005;True;-1.4391445037393853;0.8301190007108953;0.4546832130155221;0.344555950934759;-1.5817050587529493
gradient_boosting;por_genotipo;BR16;1;42;B3_BR16_NIRRIG_REPROD00002.asd;B3;BR16;NIRRIG;D02M;manha;D02;NIRRIG;NIRRIG;0.969074483732823;True;-1.4474331482261253;0.8338240078587298;0.4869748138181782;0.3538892893445604;-1.665264431319558
gradient_boosting;por_genotipo;BR16;1;54;B4_BR16_IRRIG_REPROD00006.asd;B4;BR16;IRRIG;D02M;manha;D02;IRRIG;IRRIG;0.18795550654239826;True;-1.438369053548609;0.8366957317802928;0.4900146740835763;0.36107891357868166;-1.6087791695473572
gradient_boosting;por_genotipo;BR16;1;55;B4_BR16_IRRIG_REPROD00007.asd;B4;BR16;IRRIG;D02M;manha;D02;IRRIG;IRRIG;0.18795550654239826;True;-1.4401483792834198;0.8353074109967563;0.4896774850635231;0.35972401958107003;-1.6069073065192556
gradient_boosting;por_genotipo;BR16;1;56;B4_BR16_NIRRIG_REPROD00000.asd;B4;BR16;NIRRIG;D02M;manha;D02;NIRRIG;IRRIG;0.40049931811057804;False;-1.4320993045220225;0.8463138064154886;0.5064598584358603;0.3755192434597103;-1.656953651082847
gradient_boosting;por_genotipo;BR16;1;198;B1_BR16_IRRIG_REPROD00006.asd;B1;BR16;IRRIG;D02T;tarde;D02;IRRIG;IRRIG;0.011268896011137109;True;-1.4440894833694864;0.8294745461958642;0.4368697304139472;0.30260147761688977;-1.5388872686000423
gradient_boosting;por_genotipo;BR16;1;204;B1_BR16_NIRRIG_REPROD00004.asd;B1;BR16;NIRRIG;D02T;tarde;D02;NIRRIG;NIRRIG;0.9965913510100369;True;-1.3876541818925343;0.8183891872900015;0.4628092299924434;0.3511343925260712;-1.6765126012498224
gradient_boosting;por_genotipo;BR16;1;205;B1_BR16_NIRRIG_REPROD00005.asd;B1;BR16;NIRRIG;D02T;tarde;D02;NIRRIG;NIRRIG;0.9965913510100369;True;-1.3865300475995157;0.8184124630657903;0.4637903135901301;0.3518664975280997;-1.6789859207543594
gradient_boosting;por_genotipo;BR16;1;206;B1_BR16_NIRRIG_REPROD00006.asd;B1;BR16;NIRRIG;D02T;tarde;D02;NIRRIG;NIRRIG;0.9969009663654443;True;-1.3873936957007005;0.8172532834369476;0.4633371268475891;0.35195685456055187;-1.6817148521110121
gradient_boosting;por_genotipo;BR16;1;209;B2_BR16_IRRIG_REPROD00001.asd;B2;BR16;IRRIG;D02T;tarde;D02;IRRIG;IRRIG;0.11693073698799519;True;-1.36687939606382;0.8106820971783683;0.4116202454949177;0.3315228129670512;-1.6030464059728993
gradient_boosting;por_genotipo;BR16;1;213;B2_BR16_IRRIG_REPROD00005.asd;B2;BR16;IRRIG;D02T;tarde;D02;IRRIG;IRRIG;0.14170826997756492;True;-1.3980472602233978;0.7989762748793494;0.4348369092809994;0.33389131168021713;-1.6895646182846535
gradient_boosting;por_genotipo;BR16;1;217;B2_BR16_NIRRIG_REPROD00001.asd;B2;BR16;NIRRIG;D02T;tarde;D02;NIRRIG;IRRIG;0.14292192103038365;False;-1.3738067426085099;0.7978781279902142;0.4279013207855006;0.34402458820384163;-1.68328762377501
gradient_boosting;por_genotipo;BR16;1;218;B2_BR16_NIRRIG_REPROD00002.asd;B2;BR16;NIRRIG;D02T;tarde;D02;NIRRIG;IRRIG;0.14292192103038365;False;-1.3735595340024451;0.7971030312731693;0.4280736514862832;0.3423716230537221;-1.684563732068095
gradient_boosting;por_genotipo;BR16;1;225;B3_BR16_IRRIG_REPROD00001.asd;B3;BR16;IRRIG;D02T;tarde;D02;IRRIG;IRRIG;0.22450905828497483;True;-1.3751338895490004;0.7822431938900613;0.36877719350033433;0.28507799468887596;-1.5791309214093765
gradient_boosting;por_genotipo;BR16;1;234;B3_BR16_NIRRIG_REPROD00002.asd;B3;BR16;NIRRIG;D02T;tarde;D02;NIRRIG;NIRRIG;0.9990802873255596;True;-1.3974432957257439;0.7877698557819514;0.44392295488638994;0.36707953263456666;-1.7437178604542083
gradient_boosting;por_genotipo;BR16;1;246;B4_BR16_IRRIG_REPROD00006.asd;B4;BR16;IRRIG;D02T;tarde;D02;IRRIG;IRRIG;0.2777174499625278;True;-1.3772245860678398;0.7965567855837422;0.41636067097080764;0.29928138946362814;-1.6152703878910302
gradient_boosting;por_genotipo;BR16;1;247;B4_BR16_IRRIG_REPROD00007.asd;B4;BR16;IRRIG;D02T;tarde;D02;IRRIG;IRRIG;0.30789549240556674;True;-1.3772727614097704;0.7987333744271765;0.4210580100840495;0.3019045486411789;-1.6208298929045786
gradient_boosting;por_genotipo;BR16;1;248;B4_BR16_NIRRIG_REPROD00000.asd;B4;BR16;NIRRIG;D02T;tarde;D02;NIRRIG;NIRRIG;0.9991366577514601;True;-1.3713213617197832;0.8150288172353343;0.492763099745715;0.37171798617491775;-1.7431522729086275
gradient_boosting;por_genotipo;BR16;1;390;B1_BR16_IRRIG_REPROD00006.asd;B1;BR16;IRRIG;D03M;manha;D03;IRRIG;IRRIG;0.029677064116808503;True;-1.4285893670065748;0.8313344881854303;0.4600758779414941;0.3663850020888089;-1.599394659397571
gradient_boosting;por_genotipo;BR16;1;396;B1_BR16_NIRRIG_REPROD00004.asd;B1;BR16;NIRRIG;D03M;manha;D03;NIRRIG;NIRRIG;0.9978122178183605;True;-1.3436251721318608;0.8060209147530086;0.48710100640689186;0.38439291778215934;-1.8060245154672263
gradient_boosting;por_genotipo;BR16;1;397;B1_BR16_NIRRIG_REPROD00005.asd;B1;BR16;NIRRIG;D03M;manha;D03;NIRRIG;NIRRIG;0.9978122178183605;True;-1.3364200029995432;0.8079796998383905;0.49461767020816977;0.3919177062956847;-1.82033807003777
gradient_boosting;por_genotipo;BR16;1;398;B1_BR16_NIRRIG_REPROD00006.asd;B1;BR16;NIRRIG;D03M;manha;D03;NIRRIG;NIRRIG;0.9978122178183605;True;-1.3324879187069456;0.8077959132192243;0.49667031134693707;0.39467360360988113;-1.828543293575833
gradient_boosting;por_genotipo;BR16;1;401;B2_BR16_IRRIG_REPROD00001.asd;B2;BR16;IRRIG;D03M;manha;D03;IRRIG;NIRRIG;0.7453724985720205;False;-1.4209996551371775;0.8299476454084009;0.4911702439691384;0.38869915024848944;-1.6687526278689238
gradient_boosting;por_genotipo;BR16;1;405;B2_BR16_IRRIG_REPROD00005.asd;B2;BR16;IRRIG;D03M;manha;D03;IRRIG;IRRIG;0.07265631345539794;True;-1.390350085329179;0.8264533409059158;0.4665555986867435;0.33585280351341745;-1.6060138085470659
gradient_boosting;por_genotipo;BR16;1;409;B2_BR16_NIRRIG_REPROD00001.asd;B2;BR16;NIRRIG;D03M;manha;D03;NIRRIG;NIRRIG;0.964314693976438;True;-1.3909502000719798;0.8235868781116811;0.4334137643265356;0.3130860363506445;-1.6238160960066332
gradient_boosting;por_genotipo;BR16;1;410;B2_BR16_NIRRIG_REPROD00002.asd;B2;BR16;NIRRIG;D03M;manha;D03;NIRRIG;NIRRIG;0.793051054792597;True;-1.3899841999234432;0.826097931990938;0.43781167109989594;0.31902443198745256;-1.633555643571142
gradient_boosting;por_genotipo;BR16;1;417;B3_BR16_IRRIG_REPROD00001.asd;B3;BR16;IRRIG;D03M;manha;D03;IRRIG;IRRIG;0.000825970892232269;True;-1.476095443074247;0.8391844265370713;0.43783241521352073;0.3408442053074569;-1.5022975257552933
gradient_boosting;por_genotipo;BR16;1;426;B3_BR16_NIRRIG_REPROD00002.asd;B3;BR16;NIRRIG;D03M;manha;D03;NIRRIG;NIRRIG;0.9991355236547373;True;-1.3906560170335902;0.8048776011900651;0.46773729496471195;0.372991712208621;-1.7479629327905284
gradient_boosting;por_genotipo;BR16;1;438;B4_BR16_IRRIG_REPROD00006.asd;B4;BR16;IRRIG;D03M;manha;D03;IRRIG;IRRIG;0.0014320372044700558;True;-1.5034101238733628;0.8137077294457695;0.42747118261787265;0.3107647947152999;-1.4769194069155276
gradient_boosting;por_genotipo;BR16;1;439;B4_BR16_IRRIG_REPROD00007.asd;B4;BR16;IRRIG;D03M;manha;D03;IRRIG;IRRIG;0.0014320372044700558;True;-1.5072840603885023;0.8140201678341201;0.42838779254831755;0.31164006463227323;-1.4736837391500799
gradient_boosting;por_genotipo;BR16;1;440;B4_BR16_NIRRIG_REPROD00000.asd;B4;BR16;NIRRIG;D03M;manha;D03;NIRRIG;NIRRIG;0.9991372019240533;True;-1.370374978076686;0.8071835243727937;0.47520919402333234;0.3760617729611953;-1.7208301324044075
gradient_boosting;por_genotipo;BR16;1;582;B1_BR16_IRRIG_REPROD00006.asd;B1;BR16;IRRIG;D03T;tarde;D03;IRRIG;IRRIG;0.046558658588992316;True;-1.4129871309614408;0.8284172891887994;0.465049862377782;0.3388824836824251;-1.6256972708368593
gradient_boosting;por_genotipo;BR16;1;588;B1_BR16_NIRRIG_REPROD00004.asd;B1;BR16;NIRRIG;D03T;tarde;D03;NIRRIG;NIRRIG;0.9975623999545988;True;-1.4238445928009507;0.8228990124971337;0.45944274467181423;0.3190737253160546;-1.665255108023261
gradient_boosting;por_genotipo;BR16;1;589;B1_BR16_NIRRIG_REPROD00005.asd;B1;BR16;NIRRIG;D03T;tarde;D03;NIRRIG;NIRRIG;0.997263569408901;True;-1.4247513579840914;0.8212952754686026;0.4571790484309471;0.3176773602029718;-1.6659094394710732
gradient_boosting;por_genotipo;BR16;1;590;B1_BR16_NIRRIG_REPROD00006.asd;B1;BR16;NIRRIG;D03T;tarde;D03;NIRRIG;NIRRIG;0.9970431753946422;True;-1.4249252563124901;0.8205241023405038;0.456189558793754;0.3176866236449357;-1.665597007821547
gradient_boosting;por_genotipo;BR16;1;593;B2_BR16_IRRIG_REPROD00001.asd;B2;BR16;IRRIG;D03T;tarde;D03;IRRIG;IRRIG;0.009625984497417731;True;-1.4549506536884853;0.8436975804625735;0.46717019842577434;0.31650699148072514;-1.5689679784371187
gradient_boosting;por_genotipo;BR16;1;597;B2_BR16_IRRIG_REPROD00005.asd;B2;BR16;IRRIG;D03T;tarde;D03;IRRIG;IRRIG;0.020980575585025127;True;-1.4127059344809614;0.8436148123179067;0.47283199987426355;0.3447396163189284;-1.615110960034947
gradient_boosting;por_genotipo;BR16;1;601;B2_BR16_NIRRIG_REPROD00001.asd;B2;BR16;NIRRIG;D03T;tarde;D03;NIRRIG;NIRRIG;0.8416753593096186;True;-1.4136797184743533;0.8233742435501672;0.3927358054366562;0.23377729767441646;-1.5116801959240207
gradient_boosting;por_genotipo;BR16;1;602;B2_BR16_NIRRIG_REPROD00002.asd;B2;BR16;NIRRIG;D03T;tarde;D03;NIRRIG;NIRRIG;0.8484305898337119;True;-1.4134637169931152;0.8242924176111396;0.39524973367150135;0.23651992996592233;-1.5176322347316697
gradient_boosting;por_genotipo;BR16;1;609;B3_BR16_IRRIG_REPROD00001.asd;B3;BR16;IRRIG;D03T;tarde;D03;IRRIG;IRRIG;0.3594931366673699;True;-1.4441090388632996;0.822679869382748;0.4094744133663788;0.30264348009685954;-1.5516224103194758
gradient_boosting;por_genotipo;BR16;1;618;B3_BR16_NIRRIG_REPROD00002.asd;B3;BR16;NIRRIG;D03T;tarde;D03;NIRRIG;NIRRIG;0.9971527683133673;True;-1.4215610710720907;0.8059171384056187;0.44132729598139175;0.3424164736089994;-1.7134957263386112
gradient_boosting;por_genotipo;BR16;1;630;B4_BR16_IRRIG_REPROD00006.asd;B4;BR16;IRRIG;D03T;tarde;D03;IRRIG;IRRIG;0.00310448825131472;True;-1.5197295176971268;0.8419841151309598;0.4839474923854144;0.3609362287100374;-1.5086329699480734
gradient_boosting;por_genotipo;BR16;1;631;B4_BR16_IRRIG_REPROD00007.asd;B4;BR16;IRRIG;D03T;tarde;D03;IRRIG;IRRIG;0.003316076715919562;True;-1.5239446117281896;0.8383602632878439;0.4800274027136822;0.3571236124109965;-1.5019191866071853
gradient_boosting;por_genotipo;BR16;1;632;B4_BR16_NIRRIG_REPROD00000.asd;B4;BR16;NIRRIG;D03T;tarde;D03;NIRRIG;NIRRIG;0.5804920925469679;True;-1.4050209615880402;0.8306043574595956;0.4718197328227912;0.3230459810328013;-1.6565058336375458
gradient_boosting;por_genotipo;BR16;1;774;B1_BR16_IRRIG_REPROD00006.asd;B1;BR16;IRRIG;D04M;manha;D04;IRRIG;IRRIG;0.00018769620036677783;True;-1.5338622824585615;0.8321870352375338;0.47172193169800264;0.34527154845415636;-1.468802249251346
gradient_boosting;por_genotipo;BR16;1;780;B1_BR16_NIRRIG_REPROD00004.asd;B1;BR16;NIRRIG;D04M;manha;D04;NIRRIG;NIRRIG;0.9812188756158252;True;-1.3998801259368818;0.8024481931592664;0.3838528627362852;0.2661887853786463;-1.5664783231276984
gradient_boosting;por_genotipo;BR16;1;781;B1_BR16_NIRRIG_REPROD00005.asd;B1;BR16;NIRRIG;D04M;manha;D04;NIRRIG;NIRRIG;0.9812188756158252;True;-1.4000345136926204;0.8026103265985032;0.3845100916443751;0.26622461251076146;-1.5667257035221267
gradient_boosting;por_genotipo;BR16;1;782;B1_BR16_NIRRIG_REPROD00006.asd;B1;BR16;NIRRIG;D04M;manha;D04;NIRRIG;NIRRIG;0.9812188756158252;True;-1.4001165390365962;0.8029831407414647;0.3858793636790248;0.2671137580884908;-1.5688367781036097
gradient_boosting;por_genotipo;BR16;1;785;B2_BR16_IRRIG_REPROD00001.asd;B2;BR16;IRRIG;D04M;manha;D04;IRRIG;IRRIG;0.06707171379486461;True;-1.4283392162065671;0.8157841902324396;0.43653591128988906;0.3150795912898211;-1.55772319276387
gradient_boosting;por_genotipo;BR16;1;789;B2_BR16_IRRIG_REPROD00005.asd;B2;BR16;IRRIG;D04M;manha;D04;IRRIG;IRRIG;0.0037029221113124623;True;-1.536116610614379;0.8047020559129183;0.4344903046053214;0.3368293308481756;-1.4850606359553948
gradient_boosting;por_genotipo;BR16;1;793;B2_BR16_NIRRIG_REPROD00001.asd;B2;BR16;NIRRIG;D04M;manha;D04;NIRRIG;NIRRIG;0.6539141883342762;True;-1.4333763346365986;0.787357207078244;0.39181851782182736;0.31101507534267553;-1.5777556369702934
gradient_boosting;por_genotipo;BR16;1;794;B2_BR16_NIRRIG_REPROD00002.asd;B2;BR16;NIRRIG;D04M;manha;D04;NIRRIG;NIRRIG;0.8736531085793092;True;-1.4322432028713363;0.7877372191564681;0.3935039956730063;0.31225522403631595;-1.5800175498326372
gradient_boosting;por_genotipo;BR16;1;801;B3_BR16_IRRIG_REPROD00001.asd;B3;BR16;IRRIG;D04M;manha;D04;IRRIG;IRRIG;0.15735150293213337;True;-1.400314365306571;0.8352402348405534;0.4634238729042985;0.337824335656538;-1.6135392970321472
gradient_boosting;por_genotipo;BR16;1;810;B3_BR16_NIRRIG_REPROD00002.asd;B3;BR16;NIRRIG;D04M;manha;D04;NIRRIG;NIRRIG;0.9070517249147203;True;-1.4363557993497789;0.8131485371554685;0.43704206804211215;0.32333766669955577;-1.628021274377705
gradient_boosting;por_genotipo;BR16;1;822;B4_BR16_IRRIG_REPROD00006.asd;B4;BR16;IRRIG;D04M;manha;D04;IRRIG;IRRIG;0.0005450027087971498;True;-1.5101100632771762;0.82195611631296;0.46332403056914934;0.3577146131416928;-1.4678223165485067
gradient_boosting;por_genotipo;BR16;1;823;B4_BR16_IRRIG_REPROD00007.asd;B4;BR16;IRRIG;D04M;manha;D04;IRRIG;IRRIG;0.00043384553940354644;True;-1.51848676536543;0.820319143746408;0.4612129597552799;0.35995045330215863;-1.4542982409943723
gradient_boosting;por_genotipo;BR16;1;824;B4_BR16_NIRRIG_REPROD00000.asd;B4;BR16;NIRRIG;D04M;manha;D04;NIRRIG;NIRRIG;0.7238662916421724;True;-1.4537353522604453;0.824363999246746;0.4534427395483002;0.3660379206545239;-1.6166164226462465
gradient_boosting;por_genotipo;BR16;1;966;B1_BR16_IRRIG_REPROD00006.asd;B1;BR16;IRRIG;D05M;manha;D05;IRRIG;IRRIG;0.0007565309126780683;True;-1.5605096251433663;0.833507025835423;0.4555760789635515;0.2924378400334026;-1.3620277978329256
gradient_boosting;por_genotipo;BR16;1;972;B1_BR16_NIRRIG_REPROD00004.asd;B1;BR16;NIRRIG;D05M;manha;D05;NIRRIG;NIRRIG;0.9959214324032339;True;-1.4035267639405227;0.8216803486859887;0.4413387201081298;0.2857903852917329;-1.609852736504728
gradient_boosting;por_genotipo;BR16;1;973;B1_BR16_NIRRIG_REPROD00005.asd;B1;BR16;NIRRIG;D05M;manha;D05;NIRRIG;NIRRIG;0.9959214324032339;True;-1.4025537949600457;0.821661662847864;0.4435122005441338;0.2872585935066569;-1.6134759948088329
gradient_boosting;por_genotipo;BR16;1;974;B1_BR16_NIRRIG_REPROD00006.asd;B1;BR16;NIRRIG;D05M;manha;D05;NIRRIG;NIRRIG;0.9968945805219515;True;-1.4011168240305565;0.8222904016066431;0.44577395994441527;0.2891208460068019;-1.616470450097267
gradient_boosting;por_genotipo;BR16;1;977;B2_BR16_IRRIG_REPROD00001.asd;B2;BR16;IRRIG;D05M;manha;D05;IRRIG;IRRIG;0.1180331906639492;True;-1.374465815598277;0.8259835360727916;0.41979235616528926;0.28921878621180497;-1.527311511598382
gradient_boosting;por_genotipo;BR16;1;981;B2_BR16_IRRIG_REPROD00005.asd;B2;BR16;IRRIG;D05M;manha;D05;IRRIG;IRRIG;0.004982610706459984;True;-1.5068541067347538;0.8084938511459961;0.4344055441981035;0.31987660581500976;-1.5046304125059538
gradient_boosting;por_genotipo;BR16;1;985;B2_BR16_NIRRIG_REPROD00001.asd;B2;BR16;NIRRIG;D05M;manha;D05;NIRRIG;NIRRIG;0.9992747514551933;True;-1.3724947332369852;0.7892395538898117;0.46324944808105717;0.359325838903969;-1.7653739473939971
gradient_boosting;por_genotipo;BR16;1;986;B2_BR16_NIRRIG_REPROD00002.asd;B2;BR16;NIRRIG;D05M;manha;D05;NIRRIG;NIRRIG;0.9992747514551933;True;-1.3708178119634111;0.7894245029130655;0.4643363434752445;0.3586149462491016;-1.7677967828107255
gradient_boosting;por_genotipo;BR16;1;993;B3_BR16_IRRIG_REPROD00001.asd;B3;BR16;IRRIG;D05M;manha;D05;IRRIG;NIRRIG;0.6990292925825543;False;-1.3938289246264297;0.8220805190142971;0.4357461170184851;0.29504754566157587;-1.5767640276849877
gradient_boosting;por_genotipo;BR16;1;1002;B3_BR16_NIRRIG_REPROD00002.asd;B3;BR16;NIRRIG;D05M;manha;D05;NIRRIG;NIRRIG;0.9988533461247581;True;-1.3682150349338906;0.7898699527203284;0.47596861514609706;0.3889222069493223;-1.8292839301057728
gradient_boosting;por_genotipo;BR16;1;1014;B4_BR16_IRRIG_REPROD00006.asd;B4;BR16;IRRIG;D05M;manha;D05;IRRIG;IRRIG;0.001395841952791147;True;-1.5006456716529455;0.8302103055713298;0.45250144461631914;0.3291868081795901;-1.4795840918064638
gradient_boosting;por_genotipo;BR16;1;1015;B4_BR16_IRRIG_REPROD00007.asd;B4;BR16;IRRIG;D05M;manha;D05;IRRIG;IRRIG;0.0002199101279847712;True;-1.5055957246206662;0.8323851411631443;0.4554787530048838;0.3300032192686591;-1.4727777461024858
gradient_boosting;por_genotipo;BR16;1;1016;B4_BR16_NIRRIG_REPROD00000.asd;B4;BR16;NIRRIG;D05M;manha;D05;NIRRIG;NIRRIG;0.9975126012368771;True;-1.4138304377430866;0.8085528051072588;0.47613678890696726;0.37466289192851165;-1.7495433762939805
gradient_boosting;por_genotipo;BR16;1;1158;B1_BR16_IRRIG_REPROD00006.asd;B1;BR16;IRRIG;D06M;manha;D06;IRRIG;IRRIG;0.054286955280898226;True;-1.4877041974481997;0.8052251757366308;0.40188048407801985;0.29441573474779653;-1.4350724811961408
gradient_boosting;por_genotipo;BR16;1;1164;B1_BR16_NIRRIG_REPROD00004.asd;B1;BR16;NIRRIG;D06M;manha;D06;NIRRIG;NIRRIG;0.8421434746669633;True;-1.3889595424799452;0.8095342136194118;0.44461575953202714;0.33815681999251934;-1.6537266259201095
gradient_boosting;por_genotipo;BR16;1;1165;B1_BR16_NIRRIG_REPROD00005.asd;B1;BR16;NIRRIG;D06M;manha;D06;NIRRIG;NIRRIG;0.8931486386179257;True;-1.3870702868588882;0.809231926809775;0.44635854824583665;0.34087699537216126;-1.662145344411168
gradient_boosting;por_genotipo;BR16;1;1166;B1_BR16_NIRRIG_REPROD00006.asd;B1;BR16;NIRRIG;D06M;manha;D06;NIRRIG;NIRRIG;0.9191857002328383;True;-1.3852322324809951;0.8089021318299368;0.4473420515538161;0.34356743255266414;-1.6647849872467462
gradient_boosting;por_genotipo;BR16;1;1169;B2_BR16_IRRIG_REPROD00001.asd;B2;BR16;IRRIG;D06M;manha;D06;IRRIG;IRRIG;0.003276927646887953;True;-1.5408422356235354;0.8259624247659518;0.4534515796149243;0.3032728813552058;-1.377499937489307
gradient_boosting;por_genotipo;BR16;1;1173;B2_BR16_IRRIG_REPROD00005.asd;B2;BR16;IRRIG;D06M;manha;D06;IRRIG;IRRIG;0.0015650806871145668;True;-1.5447878253937135;0.8276195592415105;0.4311565073641463;0.28379509024725275;-1.3223292854833615
gradient_boosting;por_genotipo;BR16;1;1177;B2_BR16_NIRRIG_REPROD00001.asd;B2;BR16;NIRRIG;D06M;manha;D06;NIRRIG;NIRRIG;0.676507548856327;True;-1.3977887393546398;0.8295812710372983;0.46271188747659336;0.31703284277013205;-1.6123464810181802
gradient_boosting;por_genotipo;BR16;1;1178;B2_BR16_NIRRIG_REPROD00002.asd;B2;BR16;NIRRIG;D06M;manha;D06;NIRRIG;NIRRIG;0.6976997288599592;True;-1.3960504821602084;0.8302076182812244;0.4650939646571478;0.3192725520092413;-1.6164475137216037
gradient_boosting;por_genotipo;BR16;1;1185;B3_BR16_IRRIG_REPROD00001.asd;B3;BR16;IRRIG;D06M;manha;D06;IRRIG;IRRIG;0.0017195710793547168;True;-1.4930460654284305;0.8254348013769504;0.4247852141619952;0.279373056925316;-1.4097203181393783
gradient_boosting;por_genotipo;BR16;1;1194;B3_BR16_NIRRIG_REPROD00002.asd;B3;BR16;NIRRIG;D06M;manha;D06;NIRRIG;NIRRIG;0.9843705838058558;True;-1.4086948959690746;0.8089792505206235;0.461661048199563;0.3297186898765457;-1.6934151043621324
gradient_boosting;por_genotipo;BR16;1;1206;B4_BR16_IRRIG_REPROD00006.asd;B4;BR16;IRRIG;D06M;manha;D06;IRRIG;IRRIG;0.002259081268001887;True;-1.508409075419128;0.8222932739995277;0.42360923026502867;0.284564107955412;-1.4317365739656307
gradient_boosting;por_genotipo;BR16;1;1207;B4_BR16_IRRIG_REPROD00007.asd;B4;BR16;IRRIG;D06M;manha;D06;IRRIG;IRRIG;0.0015322115598003496;True;-1.5124075120979865;0.8246746838882829;0.4273229511805861;0.28567812893149386;-1.4286926225795893
gradient_boosting;por_genotipo;BR16;1;1208;B4_BR16_NIRRIG_REPROD00000.asd;B4;BR16;NIRRIG;D06M;manha;D06;NIRRIG;NIRRIG;0.999553435581322;True;-1.320086208286228;0.7956714641614658;0.5131580015710728;0.4176864077726156;-1.8538499425871018
gradient_boosting;por_genotipo;BR16;1;1346;B1_BR16_IRR_REP_RECUP00002.asd;B1;BR16;IRRIG;D09M;manha;D09;IRRIG;IRRIG;0.0015795605776948367;True;-1.4589463931956552;0.8615152631726464;0.5023864507943426;0.3600851324417519;-1.4983454582222373
gradient_boosting;por_genotipo;BR16;1;1350;B1_BR16_IRR_REP_RECUP00006.asd;B1;BR16;IRRIG;D09M;manha;D09;IRRIG;IRRIG;0.10469185004745553;True;-1.3917477923850017;0.8448212214007057;0.4813715796833719;0.32231395470498103;-1.597270509421245
gradient_boosting;por_genotipo;BR16;1;1351;B1_BR16_IRR_REP_RECUP00007.asd;B1;BR16;IRRIG;D09M;manha;D09;IRRIG;IRRIG;0.08963808271433071;True;-1.3929823030883801;0.8450052158395421;0.4827672430485661;0.3243405062113162;-1.595503948083127
gradient_boosting;por_genotipo;BR16;1;1362;B2_BR16_IRR_REP_RECUP00002.asd;B2;BR16;IRRIG;D09M;manha;D09;IRRIG;IRRIG;0.0017814422364918919;True;-1.5061634029061524;0.8108144006767707;0.4290285773386562;0.3253010370421362;-1.494341801679442
gradient_boosting;por_genotipo;BR16;1;1364;B2_BR16_IRR_REP_RECUP00004.asd;B2;BR16;IRRIG;D09M;manha;D09;IRRIG;IRRIG;0.09525508848932143;True;-1.4194853136582681;0.7991913843217147;0.43435944549931793;0.37620783563096244;-1.6918576361719015
gradient_boosting;por_genotipo;BR16;1;1371;B2_BR16_NIRR_REP_RECUP00003.asd;B2;BR16;NIRRIG;D09M;manha;D09;NIRRIG;NIRRIG;0.9705387498849467;True;-1.3929225956621325;0.8122286996093658;0.4467919637610103;0.35612141808863695;-1.64492773526021
gradient_boosting;por_genotipo;BR16;1;1374;B2_BR16_NIRR_REP_RECUP00006.asd;B2;BR16;NIRRIG;D09M;manha;D09;NIRRIG;NIRRIG;0.9575724230902523;True;-1.42068549232496;0.8102018152662364;0.4139152318411733;0.2986803652936226;-1.5855943857663959
gradient_boosting;por_genotipo;BR16;1;1384;B3_BR16_NIRR_REP_RECUP00000.asd;B3;BR16;NIRRIG;D09M;manha;D09;NIRRIG;NIRRIG;0.8120555146315844;True;-1.3847062151637692;0.8182739127901868;0.42367592339571264;0.30496448296753004;-1.5970043730052266
gradient_boosting;por_genotipo;BR16;1;1391;B3_BR16_NIRR_REP_RECUP00007.asd;B3;BR16;NIRRIG;D09M;manha;D09;NIRRIG;NIRRIG;0.9705620632535816;True;-1.4117530391634874;0.8038382649163607;0.4022830207129189;0.2837186937972254;-1.575767554466525
gradient_boosting;por_genotipo;BR16;1;1394;B4_BR16_IRR_REP_RECUP00002.asd;B4;BR16;IRRIG;D09M;manha;D09;IRRIG;IRRIG;0.0008796252005018643;True;-1.5187580648789063;0.8221062918156755;0.4223626542628443;0.33149845818093365;-1.460504004030624
gradient_boosting;por_genotipo;BR16;1;1395;B4_BR16_IRR_REP_RECUP00003.asd;B4;BR16;IRRIG;D09M;manha;D09;IRRIG;IRRIG;0.0009764631152059356;True;-1.5238168560602718;0.8217509938388763;0.42207502083025306;0.3308344061599865;-1.455342801522337
gradient_boosting;por_genotipo;BR16;1;1398;B4_BR16_IRR_REP_RECUP00006.asd;B4;BR16;IRRIG;D09M;manha;D09;IRRIG;IRRIG;0.046908412718927914;True;-1.492852548541341;0.7997070436731661;0.37338715410051876;0.2930902847810869;-1.4543037262231255
gradient_boosting;por_genotipo;BR16;1;1403;B4_BR16_NIRR_REP_RECUP00003.asd;B4;BR16;NIRRIG;D09M;manha;D09;NIRRIG;NIRRIG;0.8575323984361893;True;-1.391794511907012;0.8227762430745243;0.4440551679031962;0.3352867149039426;-1.6477892605280802
gradient_boosting;por_genotipo;BR16;1;1542;B1_BR16_IRR_REP_RECUP00002.asd;B1;BR16;IRRIG;D09T;tarde;D09;IRRIG;IRRIG;0.09575309762152817;True;-1.3984239427329408;0.8378290166440573;0.4594418663162211;0.3080073302142527;-1.5411629181254687
gradient_boosting;por_genotipo;BR16;1;1546;B1_BR16_IRR_REP_RECUP00006.asd;B1;BR16;IRRIG;D09T;tarde;D09;IRRIG;IRRIG;0.08386407998224372;True;-1.398440637818631;0.8461002903982942;0.472168478259258;0.31458656722125905;-1.587650338685084
gradient_boosting;por_genotipo;BR16;1;1547;B1_BR16_IRR_REP_RECUP00007.asd;B1;BR16;IRRIG;D09T;tarde;D09;IRRIG;IRRIG;0.16391673689515973;True;-1.3965779469461748;0.8472263992928242;0.4745848184489707;0.31560182862014785;-1.590109200117327
gradient_boosting;por_genotipo;BR16;1;1558;B2_BR16_IRR_REP_RECUP00002.asd;B2;BR16;IRRIG;D09T;tarde;D09;IRRIG;IRRIG;0.026526875854176107;True;-1.433099748837698;0.8526227746418656;0.48092855651516736;0.38722637420314493;-1.645024521306062
gradient_boosting;por_genotipo;BR16;1;1560;B2_BR16_IRR_REP_RECUP00004.asd;B2;BR16;IRRIG;D09T;tarde;D09;IRRIG;IRRIG;0.1394333407082306;True;-1.4153956033524087;0.8008638551724789;0.41492837382973996;0.34154504645619976;-1.6641866998968966
gradient_boosting;por_genotipo;BR16;1;1568;B2_BR16_NIRR_REP_RECUP00012.asd;B2;BR16;NIRRIG;D09T;tarde;D09;NIRRIG;NIRRIG;0.8349481877462187;True;-1.4084175974759063;0.8304868228132585;0.4050725679741663;0.29499302198174854;-1.554141601261865
gradient_boosting;por_genotipo;BR16;1;1571;B2_BR16_NIRR_REP_RECUP00015.asd;B2;BR16;NIRRIG;D09T;tarde;D09;NIRRIG;NIRRIG;0.8261937359302818;True;-1.4099517083637039;0.8328034300932082;0.4142879403870841;0.29475204908894814;-1.5581231484691365
gradient_boosting;por_genotipo;BR16;1;1580;B3_BR16_NIRR_REP_RECUP00000.asd;B3;BR16;NIRRIG;D09T;tarde;D09;NIRRIG;NIRRIG;0.7102626483929856;True;-1.3874624301502112;0.8249254151955394;0.3909408019859345;0.29545427688790915;-1.5308939512637723
gradient_boosting;por_genotipo;BR16;1;1587;B3_BR16_NIRR_REP_RECUP00007.asd;B3;BR16;NIRRIG;D09T;tarde;D09;NIRRIG;NIRRIG;0.8704796283715018;True;-1.381352659072061;0.8136201878019094;0.36691428775635965;0.25525153369217574;-1.531740091486486
gradient_boosting;por_genotipo;BR16;1;1590;B4_BR16_IRR_REP_RECUP00002.asd;B4;BR16;IRRIG;D09T;tarde;D09;IRRIG;IRRIG;0.007851669994225407;True;-1.4502281587814774;0.8461769474121869;0.4436671848559384;0.3425714412992558;-1.580170764099006
gradient_boosting;por_genotipo;BR16;1;1591;B4_BR16_IRR_REP_RECUP00003.asd;B4;BR16;IRRIG;D09T;tarde;D09;IRRIG;IRRIG;0.005284791921321017;True;-1.4542642547594535;0.8451577766901374;0.4431378157736443;0.343342001123143;-1.5656161707481127
gradient_boosting;por_genotipo;BR16;1;1594;B4_BR16_IRR_REP_RECUP00006.asd;B4;BR16;IRRIG;D09T;tarde;D09;IRRIG;IRRIG;0.0007731450271938486;True;-1.4860015820414774;0.8432766726680911;0.4393203318071914;0.3423615955007182;-1.5102720967190448
gradient_boosting;por_genotipo;BR16;1;1599;B4_BR16_NIRR_REP_RECUP00003.asd;B4;BR16;NIRRIG;D09T;tarde;D09;NIRRIG;NIRRIG;0.9556283578529368;True;-1.40956662197358;0.802790950432775;0.3809748103967374;0.2990201915250882;-1.56674335889399
gradient_boosting;por_genotipo;BR16;1;1734;B1_BR16_IRR_REP_RECUP00002.asd;B1;BR16;IRRIG;D10M;manha;D10;IRRIG;IRRIG;0.13307421054924093;True;-1.4194121530998887;0.8232935405461622;0.4312441516444602;0.27988826388793275;-1.4940394957776715
gradient_boosting;por_genotipo;BR16;1;1738;B1_BR16_IRR_REP_RECUP00006.asd;B1;BR16;IRRIG;D10M;manha;D10;IRRIG;IRRIG;0.3722611696077174;True;-1.41571180456115;0.8264423211495384;0.4599096553942854;0.3110435441309256;-1.5760658276330461
gradient_boosting;por_genotipo;BR16;1;1739;B1_BR16_IRR_REP_RECUP00007.asd;B1;BR16;IRRIG;D10M;manha;D10;IRRIG;IRRIG;0.09520615814473196;True;-1.4162202195270108;0.8276083701307801;0.46226342234527795;0.3139571704661485;-1.5799860085968473
gradient_boosting;por_genotipo;BR16;1;1782;B2_BR16_IRR_REP_RECUP00002.asd;B2;BR16;IRRIG;D10M;manha;D10;IRRIG;IRRIG;0.1191735409478465;True;-1.4360563097596082;0.7996643365956863;0.43952280055731513;0.3296287171888085;-1.6576166378811141
gradient_boosting;por_genotipo;BR16;1;1784;B2_BR16_IRR_REP_RECUP00004.asd;B2;BR16;IRRIG;D10M;manha;D10;IRRIG;IRRIG;0.0003034935973250721;True;-1.5321617230808344;0.8395443369064586;0.46993357485221093;0.33690519824833187;-1.4991704135511954
gradient_boosting;por_genotipo;BR16;1;1791;B2_BR16_NIRR_REP_RECUP00003.asd;B2;BR16;NIRRIG;D10M;manha;D10;NIRRIG;IRRIG;0.4209330933739956;False;-1.4124713979282482;0.8146781667105021;0.37151174573635454;0.23940869119335428;-1.4890347655943004
gradient_boosting;por_genotipo;BR16;1;1794;B2_BR16_NIRR_REP_RECUP00006.asd;B2;BR16;NIRRIG;D10M;manha;D10;NIRRIG;IRRIG;0.08925894877602464;False;-1.4111422682595232;0.8284456980812722;0.4542324517361285;0.33005432314445377;-1.629306194662413
gradient_boosting;por_genotipo;BR16;1;1836;B3_BR16_NIRR_REP_RECUP00000.asd;B3;BR16;NIRRIG;D10M;manha;D10;NIRRIG;IRRIG;0.006229792424798798;False;-1.4479153545423475;0.8402262246120286;0.4341616636125249;0.2944983107329709;-1.4806206245228088
gradient_boosting;por_genotipo;BR16;1;1843;B3_BR16_NIRR_REP_RECUP00007.asd;B3;BR16;NIRRIG;D10M;manha;D10;NIRRIG;NIRRIG;0.9632692352263239;True;-1.3976370029227574;0.8112133747204558;0.39316888432004465;0.299108663514789;-1.5570231013476703
gradient_boosting;por_genotipo;BR16;1;1878;B4_BR16_IRR_REP_RECUP00002.asd;B4;BR16;IRRIG;D10M;manha;D10;IRRIG;NIRRIG;0.5742291933117424;False;-1.4102605274015287;0.8111007331961102;0.3748654121755808;0.2634458316225257;-1.5360107903565745
gradient_boosting;por_genotipo;BR16;1;1879;B4_BR16_IRR_REP_RECUP00003.asd;B4;BR16;IRRIG;D10M;manha;D10;IRRIG;NIRRIG;0.7679728849164122;False;-1.4096561645635861;0.812404005309234;0.3786777844483269;0.26875683883756024;-1.5408814472662915
gradient_boosting;por_genotipo;BR16;1;1882;B4_BR16_IRR_REP_RECUP00006.asd;B4;BR16;IRRIG;D10M;manha;D10;IRRIG;IRRIG;0.0012112700446209746;True;-1.5253630850204378;0.8290860922264429;0.4264916988155766;0.3297896132750736;-1.5173674575788656
gradient_boosting;por_genotipo;BR16;1;1887;B4_BR16_NIRR_REP_RECUP00003.asd;B4;BR16;NIRRIG;D10M;manha;D10;NIRRIG;NIRRIG;0.9164992987816539;True;-1.4177743474067732;0.8220125704934677;0.3948318836114809;0.272080964644755;-1.5249954563394141
gradient_boosting;por_genotipo;BR16;2;0;B1_BR16_IRRIG_REPROD00000.asd;B1;BR16;IRRIG;D02M;manha;D02;IRRIG;IRRIG;0.022504213346957576;True;-1.4365039146312413;0.8156599661751587;0.4368698600501589;0.29665464286395304;-1.5494173728677658
gradient_boosting;por_genotipo;BR16;2;3;B1_BR16_IRRIG_REPROD00003.asd;B1;BR16;IRRIG;D02M;manha;D02;IRRIG;IRRIG;0.06732827781668872;True;-1.4353855792723706;0.8157029947814133;0.4398520421840075;0.3009215807332541;-1.55498199938831
gradient_boosting;por_genotipo;BR16;2;4;B1_BR16_IRRIG_REPROD00004.asd;B1;BR16;IRRIG;D02M;manha;D02;IRRIG;IRRIG;0.11804677280025555;True;-1.4426933176660368;0.8253363728055347;0.4290531232490325;0.29138018225665036;-1.5046889238936032
gradient_boosting;por_genotipo;BR16;2;11;B1_BR16_NIRRIG_REPROD00003.asd;B1;BR16;NIRRIG;D02M;manha;D02;NIRRIG;NIRRIG;0.8085014290135358;True;-1.4143447154200348;0.8383140695283493;0.47806757810276407;0.31344769316614784;-1.5610785186691913
gradient_boosting;por_genotipo;BR16;2;19;B2_BR16_IRRIG_REPROD00003.asd;B2;BR16;IRRIG;D02M;manha;D02;IRRIG;IRRIG;0.05147332175285874;True;-1.4342354686038064;0.8235440195942086;0.4593533854985756;0.3420274056285329;-1.558501049461949
gradient_boosting;por_genotipo;BR16;2;24;B2_BR16_NIRRIG_REPROD00000.asd;B2;BR16;NIRRIG;D02M;manha;D02;NIRRIG;NIRRIG;0.8578754477906302;True;-1.430278567651373;0.7957037271818727;0.41276243361747206;0.3058327666411849;-1.5635020105217383
gradient_boosting;por_genotipo;BR16;2;29;B2_BR16_NIRRIG_REPROD00005.asd;B2;BR16;NIRRIG;D02M;manha;D02;NIRRIG;NIRRIG;0.8791473515041859;True;-1.4131157261099083;0.8012127648098148;0.3787976967407221;0.24304393157447646;-1.4903768428879274
gradient_boosting;por_genotipo;BR16;2;39;B3_BR16_IRRIG_REPROD00007.asd;B3;BR16;IRRIG;D02M;manha;D02;IRRIG;IRRIG;0.003389973677215233;True;-1.451872298969547;0.847229135126444;0.4866966223751826;0.3565486789700498;-1.5976722241573071
gradient_boosting;por_genotipo;BR16;2;41;B3_BR16_NIRRIG_REPROD00001.asd;B3;BR16;NIRRIG;D02M;manha;D02;NIRRIG;IRRIG;0.16668725990938155;False;-1.4466298653338499;0.8334729268963624;0.48532855448717227;0.35411012142911735;-1.6617342009557183
gradient_boosting;por_genotipo;BR16;2;50;B4_BR16_IRRIG_REPROD00002.asd;B4;BR16;IRRIG;D02M;manha;D02;IRRIG;IRRIG;0.08676675307294333;True;-1.4366986104130661;0.8312838207354791;0.49931086578289774;0.3863280582469648;-1.6583840694924923
gradient_boosting;por_genotipo;BR16;2;51;B4_BR16_IRRIG_REPROD00003.asd;B4;BR16;IRRIG;D02M;manha;D02;IRRIG;IRRIG;0.10795165916479077;True;-1.4366409442093775;0.8313701082170996;0.5021218217690488;0.38880462610855754;-1.6614449048661428
gradient_boosting;por_genotipo;BR16;2;61;B4_BR16_NIRRIG_REPROD00005.asd;B4;BR16;NIRRIG;D02M;manha;D02;NIRRIG;NIRRIG;0.9971811704479275;True;-1.3736966107069826;0.8336565166392685;0.5049833373097395;0.3820996160956752;-1.7496630453976028
gradient_boosting;por_genotipo;BR16;2;63;B4_BR16_NIRRIG_REPROD00007.asd;B4;BR16;NIRRIG;D02M;manha;D02;NIRRIG;NIRRIG;0.9959554101235583;True;-1.3679379704666852;0.8334470513489154;0.5073051808738652;0.3884258817316353;-1.7631170929975122
gradient_boosting;por_genotipo;BR16;2;192;B1_BR16_IRRIG_REPROD00000.asd;B1;BR16;IRRIG;D02T;tarde;D02;IRRIG;IRRIG;0.01065211705229063;True;-1.43377835616612;0.8478265042413453;0.48911790098327595;0.35642840375500634;-1.591825064359716
gradient_boosting;por_genotipo;BR16;2;195;B1_BR16_IRRIG_REPROD00003.asd;B1;BR16;IRRIG;D02T;tarde;D02;IRRIG;IRRIG;0.0033005385750119634;True;-1.4411678238952177;0.8447618145505205;0.48764412972804994;0.34955393539816143;-1.5878120442432049
gradient_boosting;por_genotipo;BR16;2;196;B1_BR16_IRRIG_REPROD00004.asd;B1;BR16;IRRIG;D02T;tarde;D02;IRRIG;IRRIG;0.03363650703965652;True;-1.4373329154323344;0.8265064746520928;0.4322734998410863;0.2981141589119057;-1.5399722245903678
gradient_boosting;por_genotipo;BR16;2;203;B1_BR16_NIRRIG_REPROD00003.asd;B1;BR16;NIRRIG;D02T;tarde;D02;NIRRIG;NIRRIG;0.8993557424409074;True;-1.383378991765943;0.8132631606977458;0.45680204737673913;0.3355434244056493;-1.6503641740412356
gradient_boosting;por_genotipo;BR16;2;211;B2_BR16_IRRIG_REPROD00003.asd;B2;BR16;IRRIG;D02T;tarde;D02;IRRIG;IRRIG;0.11472115785540461;True;-1.3658136791279694;0.8093864053427985;0.4107943490095959;0.3319516012022116;-1.605099104957762
gradient_boosting;por_genotipo;BR16;2;216;B2_BR16_NIRRIG_REPROD00000.asd;B2;BR16;NIRRIG;D02T;tarde;D02;NIRRIG;NIRRIG;0.559621955417644;True;-1.3744222775643575;0.7986012004690314;0.42764948997047375;0.3435949016438858;-1.6803417324151646
gradient_boosting;por_genotipo;BR16;2;221;B2_BR16_NIRRIG_REPROD00005.asd;B2;BR16;NIRRIG;D02T;tarde;D02;NIRRIG;NIRRIG;0.888192272381814;True;-1.3973942144280662;0.7981419070417605;0.38847924018742425;0.27583857897171343;-1.5821302796362735
gradient_boosting;por_genotipo;BR16;2;231;B3_BR16_IRRIG_REPROD00007.asd;B3;BR16;IRRIG;D02T;tarde;D02;IRRIG;NIRRIG;0.5017183379411716;False;-1.4075425140443458;0.8003108378193652;0.39598255081524675;0.31511734349856857;-1.6161361509981476
gradient_boosting;por_genotipo;BR16;2;233;B3_BR16_NIRRIG_REPROD00001.asd;B3;BR16;NIRRIG;D02T;tarde;D02;NIRRIG;NIRRIG;0.9924575899380338;True;-1.3972656794740916;0.7878496998004745;0.4434507626229551;0.3700381529610318;-1.7414694431850057
gradient_boosting;por_genotipo;BR16;2;242;B4_BR16_IRRIG_REPROD00002.asd;B4;BR16;IRRIG;D02T;tarde;D02;IRRIG;IRRIG;0.3103139555398361;True;-1.3886291254308627;0.7888903437608319;0.4125943846339616;0.31637165978089155;-1.6490846753818262
gradient_boosting;por_genotipo;BR16;2;243;B4_BR16_IRRIG_REPROD00003.asd;B4;BR16;IRRIG;D02T;tarde;D02;IRRIG;IRRIG;0.3103139555398361;True;-1.3877191937072961;0.7898038941408422;0.41415421339305636;0.316797838836712;-1.6531784391831057
gradient_boosting;por_genotipo;BR16;2;253;B4_BR16_NIRRIG_REPROD00005.asd;B4;BR16;NIRRIG;D02T;tarde;D02;NIRRIG;NIRRIG;0.9987921357218646;True;-1.3656235594999484;0.8062296524100001;0.46894642211562176;0.37131410482876404;-1.70436754039686
gradient_boosting;por_genotipo;BR16;2;255;B4_BR16_NIRRIG_REPROD00007.asd;B4;BR16;NIRRIG;D02T;tarde;D02;NIRRIG;NIRRIG;0.9987921357218646;True;-1.3650992105371247;0.8057370148684411;0.46972393761955605;0.3714335903313234;-1.7072805626019525
gradient_boosting;por_genotipo;BR16;2;384;B1_BR16_IRRIG_REPROD00000.asd;B1;BR16;IRRIG;D03M;manha;D03;IRRIG;IRRIG;0.056214820098744366;True;-1.4066613411886806;0.8337619712862939;0.42609218561929674;0.3317582942415309;-1.5623744311775372
gradient_boosting;por_genotipo;BR16;2;387;B1_BR16_IRRIG_REPROD00003.asd;B1;BR16;IRRIG;D03M;manha;D03;IRRIG;IRRIG;0.27743200064390916;True;-1.4166110131808805;0.8386816160779245;0.4336644278554275;0.3419122587326768;-1.5614460129413186
gradient_boosting;por_genotipo;BR16;2;388;B1_BR16_IRRIG_REPROD00004.asd;B1;BR16;IRRIG;D03M;manha;D03;IRRIG;IRRIG;0.10351011822692245;True;-1.4291495605703555;0.8398121187183191;0.4665082865469312;0.3713465057012685;-1.5973125625171218
gradient_boosting;por_genotipo;BR16;2;395;B1_BR16_NIRRIG_REPROD00003.asd;B1;BR16;NIRRIG;D03M;manha;D03;NIRRIG;NIRRIG;0.9988248374515131;True;-1.2929305332783925;0.8057270330004414;0.5153069976824399;0.42092916972783334;-1.8337988399105922
gradient_boosting;por_genotipo;BR16;2;403;B2_BR16_IRRIG_REPROD00003.asd;B2;BR16;IRRIG;D03M;manha;D03;IRRIG;IRRIG;0.13283075186772852;True;-1.4245107981471712;0.8283768248163786;0.4884374916320377;0.3876347345261014;-1.6600913800518056
gradient_boosting;por_genotipo;BR16;2;408;B2_BR16_NIRRIG_REPROD00000.asd;B2;BR16;NIRRIG;D03M;manha;D03;NIRRIG;NIRRIG;0.9465047586422659;True;-1.3894091415374525;0.8160967497999403;0.42211238488339714;0.3048478498204657;-1.6094405269310021
gradient_boosting;por_genotipo;BR16;2;413;B2_BR16_NIRRIG_REPROD00005.asd;B2;BR16;NIRRIG;D03M;manha;D03;NIRRIG;NIRRIG;0.9953785276741649;True;-1.37371850672553;0.7962776639028964;0.46022699754318475;0.37519958403782444;-1.7526803421371357
gradient_boosting;por_genotipo;BR16;2;423;B3_BR16_IRRIG_REPROD00007.asd;B3;BR16;IRRIG;D03M;manha;D03;IRRIG;IRRIG;0.1345363328656197;True;-1.415782530006191;0.8330169547003733;0.4685744079051748;0.3696975606007443;-1.6521802987244565
gradient_boosting;por_genotipo;BR16;2;425;B3_BR16_NIRRIG_REPROD00001.asd;B3;BR16;NIRRIG;D03M;manha;D03;NIRRIG;NIRRIG;0.9985308037049317;True;-1.3943172779119537;0.8046848448371283;0.4646421611503184;0.36840440112479533;-1.740066816250196
gradient_boosting;por_genotipo;BR16;2;434;B4_BR16_IRRIG_REPROD00002.asd;B4;BR16;IRRIG;D03M;manha;D03;IRRIG;IRRIG;0.019703928798985665;True;-1.4776051647478767;0.8243432222088994;0.45285608465010807;0.32553553405485497;-1.4941563620008436
gradient_boosting;por_genotipo;BR16;2;435;B4_BR16_IRRIG_REPROD00003.asd;B4;BR16;IRRIG;D03M;manha;D03;IRRIG;IRRIG;0.006283187841830953;True;-1.4794136377732352;0.8274064591418752;0.45760880509888346;0.3270341159293209;-1.498698868698632
gradient_boosting;por_genotipo;BR16;2;445;B4_BR16_NIRRIG_REPROD00005.asd;B4;BR16;NIRRIG;D03M;manha;D03;NIRRIG;NIRRIG;0.8316365432819313;True;-1.4000390380114205;0.7924989198912452;0.41892901014364325;0.3202244323605509;-1.682111848151774
gradient_boosting;por_genotipo;BR16;2;447;B4_BR16_NIRRIG_REPROD00007.asd;B4;BR16;NIRRIG;D03M;manha;D03;NIRRIG;NIRRIG;0.9496611932508529;True;-1.3993165312275984;0.7922385723624763;0.42369025938659005;0.3315122876637047;-1.7002223434544192
gradient_boosting;por_genotipo;BR16;2;576;B1_BR16_IRRIG_REPROD00000.asd;B1;BR16;IRRIG;D03T;tarde;D03;IRRIG;NIRRIG;0.5947046111487819;False;-1.4306295955095973;0.8206267722939619;0.38890855724700113;0.25436292734793414;-1.4966662650389364
gradient_boosting;por_genotipo;BR16;2;579;B1_BR16_IRRIG_REPROD00003.asd;B1;BR16;IRRIG;D03T;tarde;D03;IRRIG;NIRRIG;0.6983174556411061;False;-1.4292391616792122;0.8239409471679741;0.39432132643255113;0.2522065946359465;-1.50047786831572
gradient_boosting;por_genotipo;BR16;2;580;B1_BR16_IRRIG_REPROD00004.asd;B1;BR16;IRRIG;D03T;tarde;D03;IRRIG;NIRRIG;0.7894227761225617;False;-1.4175170118655718;0.8228844566420185;0.4526811269049292;0.3343526099063666;-1.6117981898105456
gradient_boosting;por_genotipo;BR16;2;587;B1_BR16_NIRRIG_REPROD00003.asd;B1;BR16;NIRRIG;D03T;tarde;D03;NIRRIG;NIRRIG;0.994480654664342;True;-1.3912695842353209;0.8335788224936278;0.489867050506019;0.3702329957719219;-1.6976702124739493
gradient_boosting;por_genotipo;BR16;2;595;B2_BR16_IRRIG_REPROD00003.asd;B2;BR16;IRRIG;D03T;tarde;D03;IRRIG;IRRIG;0.022736052985093867;True;-1.4592289464407824;0.8436631542764023;0.46737480126785347;0.31769170621930054;-1.5581863104597538
gradient_boosting;por_genotipo;BR16;2;600;B2_BR16_NIRRIG_REPROD00000.asd;B2;BR16;NIRRIG;D03T;tarde;D03;NIRRIG;NIRRIG;0.8578582802981607;True;-1.4141003366441702;0.823931936734298;0.3920909657496405;0.23294284751789057;-1.5084343909348055
gradient_boosting;por_genotipo;BR16;2;605;B2_BR16_NIRRIG_REPROD00005.asd;B2;BR16;NIRRIG;D03T;tarde;D03;NIRRIG;NIRRIG;0.9906778242682259;True;-1.4327999938712124;0.8069022022967258;0.44276411571573937;0.3082391663617048;-1.6459066078096964
gradient_boosting;por_genotipo;BR16;2;615;B3_BR16_IRRIG_REPROD00007.asd;B3;BR16;IRRIG;D03T;tarde;D03;IRRIG;NIRRIG;0.7330581374083115;False;-1.4211856359864758;0.8268682181073839;0.4536445686969887;0.3272828658054086;-1.6324679247711644
gradient_boosting;por_genotipo;BR16;2;617;B3_BR16_NIRRIG_REPROD00001.asd;B3;BR16;NIRRIG;D03T;tarde;D03;NIRRIG;NIRRIG;0.997634930485471;True;-1.4214930847333012;0.8072432733559541;0.44215736241775827;0.3407393596127474;-1.7115149775939789
gradient_boosting;por_genotipo;BR16;2;626;B4_BR16_IRRIG_REPROD00002.asd;B4;BR16;IRRIG;D03T;tarde;D03;IRRIG;IRRIG;0.011721503683539603;True;-1.481093617051143;0.8398494633312016;0.46034430339872034;0.32508181743643044;-1.491057523382648
gradient_boosting;por_genotipo;BR16;2;627;B4_BR16_IRRIG_REPROD00003.asd;B4;BR16;IRRIG;D03T;tarde;D03;IRRIG;IRRIG;0.012394518522159666;True;-1.486205908587913;0.8392396730177588;0.4593666554767698;0.32113217296674906;-1.480068540804756
gradient_boosting;por_genotipo;BR16;2;637;B4_BR16_NIRRIG_REPROD00005.asd;B4;BR16;NIRRIG;D03T;tarde;D03;NIRRIG;NIRRIG;0.9781337569074606;True;-1.4348355982778578;0.8251999538775167;0.43165436978814553;0.2882012319061909;-1.6336882629939986
gradient_boosting;por_genotipo;BR16;2;639;B4_BR16_NIRRIG_REPROD00007.asd;B4;BR16;NIRRIG;D03T;tarde;D03;NIRRIG;NIRRIG;0.9780440401082854;True;-1.4368919764801231;0.823518669143749;0.43124468391510395;0.28204902907418866;-1.6281727247043931
gradient_boosting;por_genotipo;BR16;2;768;B1_BR16_IRRIG_REPROD00000.asd;B1;BR16;IRRIG;D04M;manha;D04;IRRIG;IRRIG;0.00045320585306576005;True;-1.489808998144591;0.8239833104697318;0.4889828105127951;0.38649925340249786;-1.5434206653247684
gradient_boosting;por_genotipo;BR16;2;771;B1_BR16_IRRIG_REPROD00003.asd;B1;BR16;IRRIG;D04M;manha;D04;IRRIG;IRRIG;0.0005987594194930679;True;-1.4938004595290837;0.8277933895113748;0.49594402494863626;0.384126040286891;-1.5379948620098103
gradient_boosting;por_genotipo;BR16;2;772;B1_BR16_IRRIG_REPROD00004.asd;B1;BR16;IRRIG;D04M;manha;D04;IRRIG;IRRIG;0.0003888656135164732;True;-1.5324389494811086;0.8262851133233537;0.4634805620379689;0.34226181102590864;-1.4640225889321636
gradient_boosting;por_genotipo;BR16;2;779;B1_BR16_NIRRIG_REPROD00003.asd;B1;BR16;NIRRIG;D04M;manha;D04;NIRRIG;NIRRIG;0.9141172538901112;True;-1.4067995920716323;0.8170187371340735;0.415349312350767;0.28407577144656304;-1.557021057391833
gradient_boosting;por_genotipo;BR16;2;787;B2_BR16_IRRIG_REPROD00003.asd;B2;BR16;IRRIG;D04M;manha;D04;IRRIG;IRRIG;0.1210911006438928;True;-1.428715777285973;0.8161211303500923;0.43836406018859914;0.3161488242378014;-1.558671631950785
gradient_boosting;por_genotipo;BR16;2;792;B2_BR16_NIRRIG_REPROD00000.asd;B2;BR16;NIRRIG;D04M;manha;D04;NIRRIG;NIRRIG;0.8767334929552995;True;-1.4317374859343588;0.7880863242973283;0.3913457377673068;0.31136167572144813;-1.5749854950300208
gradient_boosting;por_genotipo;BR16;2;797;B2_BR16_NIRRIG_REPROD00005.asd;B2;BR16;NIRRIG;D04M;manha;D04;NIRRIG;NIRRIG;0.9306367673369664;True;-1.4174163219818035;0.806487478676796;0.3673789641605032;0.2764650643022751;-1.5223496110388817
gradient_boosting;por_genotipo;BR16;2;807;B3_BR16_IRRIG_REPROD00007.asd;B3;BR16;IRRIG;D04M;manha;D04;IRRIG;IRRIG;0.0009807466477013843;True;-1.4811457136263992;0.8344775909661185;0.4353811278105736;0.3285251599495529;-1.452884685740769
gradient_boosting;por_genotipo;BR16;2;809;B3_BR16_NIRRIG_REPROD00001.asd;B3;BR16;NIRRIG;D04M;manha;D04;NIRRIG;NIRRIG;0.9430931790218382;True;-1.436609109612603;0.8156232063993286;0.43957314144868387;0.3250204056063056;-1.627930382184917
gradient_boosting;por_genotipo;BR16;2;818;B4_BR16_IRRIG_REPROD00002.asd;B4;BR16;IRRIG;D04M;manha;D04;IRRIG;IRRIG;0.0024495532745865724;True;-1.5577836173212487;0.8188886043498541;0.45335163419339203;0.36830347174525235;-1.4321280816207427
gradient_boosting;por_genotipo;BR16;2;819;B4_BR16_IRRIG_REPROD00003.asd;B4;BR16;IRRIG;D04M;manha;D04;IRRIG;IRRIG;0.0024495532745865724;True;-1.5675308779887;0.8174409844231644;0.45248256501133177;0.3678293862904141;-1.4152582294608815
gradient_boosting;por_genotipo;BR16;2;829;B4_BR16_NIRRIG_REPROD00005.asd;B4;BR16;NIRRIG;D04M;manha;D04;NIRRIG;NIRRIG;0.8108080648674069;True;-1.4150765090365984;0.7971846245393217;0.3882962141849715;0.3000823152202007;-1.6125289392346882
gradient_boosting;por_genotipo;BR16;2;831;B4_BR16_NIRRIG_REPROD00007.asd;B4;BR16;NIRRIG;D04M;manha;D04;NIRRIG;NIRRIG;0.7594030236811194;True;-1.4150477177875724;0.7984645072851673;0.3916584564441704;0.3040934073368531;-1.617861152020192
gradient_boosting;por_genotipo;BR16;2;960;B1_BR16_IRRIG_REPROD00000.asd;B1;BR16;IRRIG;D05M;manha;D05;IRRIG;IRRIG;0.008957355780584807;True;-1.63771526070968;0.8432732641405831;0.49089609447559845;0.2992912036522194;-1.2280930963822396
gradient_boosting;por_genotipo;BR16;2;963;B1_BR16_IRRIG_REPROD00003.asd;B1;BR16;IRRIG;D05M;manha;D05;IRRIG;IRRIG;0.008957355780584807;True;-1.6350789179603464;0.843476071215377;0.48939509896596356;0.2959169975356947;-1.2425639930298777
gradient_boosting;por_genotipo;BR16;2;964;B1_BR16_IRRIG_REPROD00004.asd;B1;BR16;IRRIG;D05M;manha;D05;IRRIG;IRRIG;0.004397061409812051;True;-1.5360840554642015;0.8345043139852797;0.4577020860409255;0.3029042396062873;-1.4125157335466327
gradient_boosting;por_genotipo;BR16;2;971;B1_BR16_NIRRIG_REPROD00003.asd;B1;BR16;NIRRIG;D05M;manha;D05;NIRRIG;NIRRIG;0.9827195147462331;True;-1.402263500632012;0.8235225409548751;0.4616510886680057;0.29234669636249055;-1.635048705525135
gradient_boosting;por_genotipo;BR16;2;979;B2_BR16_IRRIG_REPROD00003.asd;B2;BR16;IRRIG;D05M;manha;D05;IRRIG;IRRIG;0.06567241958417572;True;-1.3745882712725737;0.8245811494457911;0.4197622480797161;0.2813491848442678;-1.5181984388664218
gradient_boosting;por_genotipo;BR16;2;984;B2_BR16_NIRRIG_REPROD00000.asd;B2;BR16;NIRRIG;D05M;manha;D05;NIRRIG;NIRRIG;0.9978286057923064;True;-1.3720228955253115;0.7921126504588887;0.4654467585931493;0.36329802701785197;-1.767350038368318
gradient_boosting;por_genotipo;BR16;2;989;B2_BR16_NIRRIG_REPROD00005.asd;B2;BR16;NIRRIG;D05M;manha;D05;NIRRIG;NIRRIG;0.9778726514229789;True;-1.4039959054234101;0.8215914057907433;0.4636245599790777;0.34216047393559;-1.6897921952817592
gradient_boosting;por_genotipo;BR16;2;999;B3_BR16_IRRIG_REPROD00007.asd;B3;BR16;IRRIG;D05M;manha;D05;IRRIG;IRRIG;0.02943668581119569;True;-1.5211716567641365;0.8160233592469237;0.39049970147255714;0.2692128226973046;-1.3747132116351353
gradient_boosting;por_genotipo;BR16;2;1001;B3_BR16_NIRRIG_REPROD00001.asd;B3;BR16;NIRRIG;D05M;manha;D05;NIRRIG;NIRRIG;0.9969631533160309;True;-1.3727312942759267;0.7897004034771397;0.4733787536597096;0.3874379885434229;-1.8197378913476538
gradient_boosting;por_genotipo;BR16;2;1010;B4_BR16_IRRIG_REPROD00002.asd;B4;BR16;IRRIG;D05M;manha;D05;IRRIG;IRRIG;0.0014334188270296222;True;-1.5786092407370795;0.8294784859465562;0.4411999632681681;0.3140188961581719;-1.3921993049969539
gradient_boosting;por_genotipo;BR16;2;1011;B4_BR16_IRRIG_REPROD00003.asd;B4;BR16;IRRIG;D05M;manha;D05;IRRIG;IRRIG;0.004239762399749693;True;-1.5869729202125453;0.8299090751800262;0.44145743961981687;0.31205871534946444;-1.3771633471209024
gradient_boosting;por_genotipo;BR16;2;1021;B4_BR16_NIRRIG_REPROD00005.asd;B4;BR16;NIRRIG;D05M;manha;D05;NIRRIG;NIRRIG;0.9988213538024667;True;-1.380852826539014;0.805578023142123;0.45904876478508594;0.3487808796985886;-1.7323557082554515
gradient_boosting;por_genotipo;BR16;2;1023;B4_BR16_NIRRIG_REPROD00007.asd;B4;BR16;NIRRIG;D05M;manha;D05;NIRRIG;NIRRIG;0.9986305501562328;True;-1.3768500052568051;0.8019711166302675;0.4585371405255842;0.3543772171608452;-1.7488223650216714
gradient_boosting;por_genotipo;BR16;2;1152;B1_BR16_IRRIG_REPROD00000.asd;B1;BR16;IRRIG;D06M;manha;D06;IRRIG;IRRIG;0.005604222477111257;True;-1.5182503846485398;0.825427709000462;0.4446326002836421;0.3128806140175664;-1.4040802149851392
gradient_boosting;por_genotipo;BR16;2;1155;B1_BR16_IRRIG_REPROD00003.asd;B1;BR16;IRRIG;D06M;manha;D06;IRRIG;IRRIG;0.005604222477111257;True;-1.530304131058678;0.8282164052066763;0.4493602177984511;0.3103985684314666;-1.3892006453090426
gradient_boosting;por_genotipo;BR16;2;1156;B1_BR16_IRRIG_REPROD00004.asd;B1;BR16;IRRIG;D06M;manha;D06;IRRIG;IRRIG;0.29823633233623986;True;-1.4768296649108856;0.8074354281709629;0.4031382368378503;0.3006235688309567;-1.4454625966648482
gradient_boosting;por_genotipo;BR16;2;1163;B1_BR16_NIRRIG_REPROD00003.asd;B1;BR16;NIRRIG;D06M;manha;D06;NIRRIG;NIRRIG;0.9947813417151045;True;-1.3748675053146096;0.8132573331052266;0.5017215279968836;0.39558267075077475;-1.7672540596144863
gradient_boosting;por_genotipo;BR16;2;1171;B2_BR16_IRRIG_REPROD00003.asd;B2;BR16;IRRIG;D06M;manha;D06;IRRIG;IRRIG;0.011903518011418722;True;-1.5545529219544985;0.8286458590067152;0.45423626399991385;0.2929774463111488;-1.3666958148752422
gradient_boosting;por_genotipo;BR16;2;1176;B2_BR16_NIRRIG_REPROD00000.asd;B2;BR16;NIRRIG;D06M;manha;D06;NIRRIG;NIRRIG;0.6048720750734217;True;-1.396280857640039;0.8306445703933709;0.46327421683673914;0.3191200777975264;-1.6138577840829686
gradient_boosting;por_genotipo;BR16;2;1181;B2_BR16_NIRRIG_REPROD00005.asd;B2;BR16;NIRRIG;D06M;manha;D06;NIRRIG;NIRRIG;0.9954511433014808;True;-1.3773368563272659;0.7880188259692222;0.4610706870796274;0.3692202355343045;-1.740549090913224
gradient_boosting;por_genotipo;BR16;2;1191;B3_BR16_IRRIG_REPROD00007.asd;B3;BR16;IRRIG;D06M;manha;D06;IRRIG;IRRIG;0.0128308243712463;True;-1.5068409078177742;0.8376998585283072;0.4419533662714346;0.2814330037913342;-1.3928414790428176
gradient_boosting;por_genotipo;BR16;2;1193;B3_BR16_NIRRIG_REPROD00001.asd;B3;BR16;NIRRIG;D06M;manha;D06;NIRRIG;NIRRIG;0.9547521867851839;True;-1.4086344759474685;0.8119742958410322;0.4646913608984618;0.33061323407627724;-1.6948575398113652
gradient_boosting;por_genotipo;BR16;2;1202;B4_BR16_IRRIG_REPROD00002.asd;B4;BR16;IRRIG;D06M;manha;D06;IRRIG;IRRIG;0.0057866939585641455;True;-1.5335952595610258;0.8215329893818454;0.42809379581537443;0.3088183089705235;-1.3717071459979027
gradient_boosting;por_genotipo;BR16;2;1203;B4_BR16_IRRIG_REPROD00003.asd;B4;BR16;IRRIG;D06M;manha;D06;IRRIG;IRRIG;0.0054793091752379595;True;-1.5404706406819542;0.8177030548384775;0.42357659062260467;0.30710902269138085;-1.3608145295295
gradient_boosting;por_genotipo;BR16;2;1213;B4_BR16_NIRRIG_REPROD00005.asd;B4;BR16;NIRRIG;D06M;manha;D06;NIRRIG;NIRRIG;0.9987272155709205;True;-1.3821551591265406;0.8052373113547543;0.48323364716524936;0.36749441945210964;-1.7546792559177145
gradient_boosting;por_genotipo;BR16;2;1215;B4_BR16_NIRRIG_REPROD00007.asd;B4;BR16;NIRRIG;D06M;manha;D06;NIRRIG;NIRRIG;0.9956582361144808;True;-1.3763883789823312;0.804810019180926;0.48849473673415245;0.3776483208391013;-1.76907916268108
gradient_boosting;por_genotipo;BR16;2;1344;B1_BR16_IRR_REP_RECUP00000.asd;B1;BR16;IRRIG;D09M;manha;D09;IRRIG;IRRIG;0.0037163379638203856;True;-1.459112519932376;0.8587990341364482;0.4959686602611022;0.35510860159675645;-1.4962096156151394
gradient_boosting;por_genotipo;BR16;2;1354;B1_BR16_NIRR_REP_RECUP00002.asd;B1;BR16;NIRRIG;D09M;manha;D09;NIRRIG;NIRRIG;0.9465354163795635;True;-1.373587304064361;0.8307527319569493;0.4841791026004842;0.3597272189682265;-1.6887642340114652
gradient_boosting;por_genotipo;BR16;2;1355;B1_BR16_NIRR_REP_RECUP00003.asd;B1;BR16;NIRRIG;D09M;manha;D09;NIRRIG;NIRRIG;0.9443916178741711;True;-1.3704434578357982;0.832342523494319;0.4883930353841415;0.36204695473271864;-1.6954208986881873
gradient_boosting;por_genotipo;BR16;2;1356;B1_BR16_NIRR_REP_RECUP00004.asd;B1;BR16;NIRRIG;D09M;manha;D09;NIRRIG;NIRRIG;0.9968634792381489;True;-1.3612620882733766;0.7939864047082524;0.48696771153304763;0.393822783144202;-1.8196977826483178
gradient_boosting;por_genotipo;BR16;2;1358;B1_BR16_NIRR_REP_RECUP00006.asd;B1;BR16;NIRRIG;D09M;manha;D09;NIRRIG;NIRRIG;0.9967307423379769;True;-1.3537142488823808;0.7943288189373199;0.4921732395864615;0.3986470236240925;-1.838759845617462
gradient_boosting;por_genotipo;BR16;2;1361;B2_BR16_IRR_REP_RECUP00001.asd;B2;BR16;IRRIG;D09M;manha;D09;IRRIG;IRRIG;0.0034937321476088494;True;-1.5056141055471406;0.8093217505629701;0.4258242241122948;0.31902914660053194;-1.4871516381199088
gradient_boosting;por_genotipo;BR16;2;1367;B2_BR16_IRR_REP_RECUP00007.asd;B2;BR16;IRRIG;D09M;manha;D09;IRRIG;IRRIG;0.06454492448769447;True;-1.4246388630673665;0.7994095736017871;0.4380238890557996;0.38258656558433446;-1.6938598341682594
gradient_boosting;por_genotipo;BR16;2;1370;B2_BR16_NIRR_REP_RECUP00002.asd;B2;BR16;NIRRIG;D09M;manha;D09;NIRRIG;NIRRIG;0.945761938894884;True;-1.394771367702926;0.8121764126778166;0.4457663582724586;0.35520851764863987;-1.6405990642698542
gradient_boosting;por_genotipo;BR16;2;1380;B3_BR16_IRR_REP_RECUP00004.asd;B3;BR16;IRRIG;D09M;manha;D09;IRRIG;IRRIG;0.07095489765457527;True;-1.4570457801465997;0.8173280615437625;0.4493680764806709;0.339660594298868;-1.5928014235868997
gradient_boosting;por_genotipo;BR16;2;1382;B3_BR16_IRR_REP_RECUP00006.asd;B3;BR16;IRRIG;D09M;manha;D09;IRRIG;IRRIG;0.008807893250037651;True;-1.4651080725782202;0.81579437197238;0.44835702398537847;0.34037212315708426;-1.5695284642914242
gradient_boosting;por_genotipo;BR16;2;1406;B4_BR16_NIRR_REP_RECUP00006.asd;B4;BR16;NIRRIG;D09M;manha;D09;NIRRIG;NIRRIG;0.9949110543893053;True;-1.383749212036542;0.8143055921996674;0.44129020913485517;0.336695796388908;-1.6804290519915133
gradient_boosting;por_genotipo;BR16;2;1407;B4_BR16_NIRR_REP_RECUP00007.asd;B4;BR16;NIRRIG;D09M;manha;D09;NIRRIG;NIRRIG;0.9942437456071433;True;-1.3822748261388187;0.8124164492909818;0.44015583491138227;0.3381361761023324;-1.6921849014895947
gradient_boosting;por_genotipo;BR16;2;1540;B1_BR16_IRR_REP_RECUP00000.asd;B1;BR16;IRRIG;D09T;tarde;D09;IRRIG;IRRIG;0.4037662280847465;True;-1.4023959127535692;0.837363673952304;0.45562014880940527;0.3029755853751784;-1.5380208391046712
gradient_boosting;por_genotipo;BR16;2;1550;B1_BR16_NIRR_REP_RECUP00002.asd;B1;BR16;NIRRIG;D09T;tarde;D09;NIRRIG;NIRRIG;0.7762373398154995;True;-1.4053016786192305;0.8338784305827537;0.4350055232571139;0.32188701660405916;-1.5933526156587514
gradient_boosting;por_genotipo;BR16;2;1551;B1_BR16_NIRR_REP_RECUP00003.asd;B1;BR16;NIRRIG;D09T;tarde;D09;NIRRIG;IRRIG;0.39220250978827;False;-1.4013070996345114;0.8362999633099318;0.43843407714198335;0.3279334477605597;-1.6002870861882674
gradient_boosting;por_genotipo;BR16;2;1552;B1_BR16_NIRR_REP_RECUP00004.asd;B1;BR16;NIRRIG;D09T;tarde;D09;NIRRIG;IRRIG;0.28670248599859;False;-1.4381896840817816;0.8030485404140495;0.4211928241845238;0.3325775896813354;-1.656640077570529
gradient_boosting;por_genotipo;BR16;2;1554;B1_BR16_NIRR_REP_RECUP00006.asd;B1;BR16;NIRRIG;D09T;tarde;D09;NIRRIG;NIRRIG;0.7281207624954769;True;-1.4344085651046126;0.804094065173287;0.4245333664384693;0.33579387930284976;-1.6678794288507643
gradient_boosting;por_genotipo;BR16;2;1557;B2_BR16_IRR_REP_RECUP00001.asd;B2;BR16;IRRIG;D09T;tarde;D09;IRRIG;IRRIG;0.01921922285702998;True;-1.424013052401301;0.8526525735374646;0.481999181483729;0.3827347788530289;-1.652018922198722
gradient_boosting;por_genotipo;BR16;2;1563;B2_BR16_IRR_REP_RECUP00007.asd;B2;BR16;IRRIG;D09T;tarde;D09;IRRIG;IRRIG;0.2987904048694088;True;-1.4121995611378095;0.8012530860623059;0.42110848604679724;0.3557750841728798;-1.6800158517974138
gradient_boosting;por_genotipo;BR16;2;1565;B2_BR16_NIRR_REP_RECUP00009.asd;B2;BR16;NIRRIG;D09T;tarde;D09;NIRRIG;IRRIG;0.1030313858972366;False;-1.3996910164868286;0.843378266531335;0.4669718872591508;0.3574171323797967;-1.659872124443103
gradient_boosting;por_genotipo;BR16;2;1566;B2_BR16_NIRR_REP_RECUP00010.asd;B2;BR16;NIRRIG;D09T;tarde;D09;NIRRIG;IRRIG;0.032256352342296186;False;-1.403085047518946;0.8419149520643723;0.4653189328003142;0.3554482174330894;-1.6530215407364564
gradient_boosting;por_genotipo;BR16;2;1576;B3_BR16_IRR_REP_RECUP00004.asd;B3;BR16;IRRIG;D09T;tarde;D09;IRRIG;IRRIG;0.32451641742789167;True;-1.4090838672490449;0.8259891059166693;0.4298431089524735;0.3333992382001371;-1.645436024989859
gradient_boosting;por_genotipo;BR16;2;1578;B3_BR16_IRR_REP_RECUP00006.asd;B3;BR16;IRRIG;D09T;tarde;D09;IRRIG;NIRRIG;0.548029862344349;False;-1.4071532524156354;0.8261951438503574;0.43040441622485276;0.3351574775148497;-1.6587903835990605
gradient_boosting;por_genotipo;BR16;2;1602;B4_BR16_NIRR_REP_RECUP00006.asd;B4;BR16;NIRRIG;D09T;tarde;D09;NIRRIG;NIRRIG;0.9396521721049048;True;-1.3925802673131218;0.8046395975234581;0.34850574500402626;0.2737482206942587;-1.5313351293810402
gradient_boosting;por_genotipo;BR16;2;1603;B4_BR16_NIRR_REP_RECUP00007.asd;B4;BR16;NIRRIG;D09T;tarde;D09;NIRRIG;NIRRIG;0.8619459407582927;True;-1.3917046809633609;0.8055487001895845;0.35020819177959595;0.27425744524346224;-1.5455969666364822
gradient_boosting;por_genotipo;BR16;2;1732;B1_BR16_IRR_REP_RECUP00000.asd;B1;BR16;IRRIG;D10M;manha;D10;IRRIG;NIRRIG;0.7787037146472586;False;-1.4160392299438194;0.8204603769379573;0.42745907387733084;0.2752065752858508;-1.486437741036211
gradient_boosting;por_genotipo;BR16;2;1742;B1_BR16_NIRR_REP_RECUP00002.asd;B1;BR16;NIRRIG;D10M;manha;D10;NIRRIG;NIRRIG;0.9450974297716408;True;-1.4170027186543486;0.8118088931950935;0.41371223579588684;0.31312600846843214;-1.6008351554078946
gradient_boosting;por_genotipo;BR16;2;1743;B1_BR16_NIRR_REP_RECUP00003.asd;B1;BR16;NIRRIG;D10M;manha;D10;NIRRIG;NIRRIG;0.7915281783552793;True;-1.4170128551362795;0.812556711839818;0.4155436440909462;0.31596141974757536;-1.6020820403673608
gradient_boosting;por_genotipo;BR16;2;1744;B1_BR16_NIRR_REP_RECUP00004.asd;B1;BR16;NIRRIG;D10M;manha;D10;NIRRIG;NIRRIG;0.6293147010517446;True;-1.408676672085308;0.8214282669292841;0.4383366709773411;0.2910033322028009;-1.5649441363754635
gradient_boosting;por_genotipo;BR16;2;1746;B1_BR16_NIRR_REP_RECUP00006.asd;B1;BR16;NIRRIG;D10M;manha;D10;NIRRIG;NIRRIG;0.7297538576690721;True;-1.4077004616537538;0.822147361272755;0.44112386260170133;0.2949832472998549;-1.5708214487981262
gradient_boosting;por_genotipo;BR16;2;1781;B2_BR16_IRR_REP_RECUP00001.asd;B2;BR16;IRRIG;D10M;manha;D10;IRRIG;IRRIG;0.3582914223103414;True;-1.4372555192437237;0.8010722839357627;0.43994924054725026;0.3272017316499945;-1.6585825826699743
gradient_boosting;por_genotipo;BR16;2;1787;B2_BR16_IRR_REP_RECUP00007.asd;B2;BR16;IRRIG;D10M;manha;D10;IRRIG;IRRIG;0.0009747341285827466;True;-1.5505136390590686;0.8426431025526447;0.47420335360591676;0.3375447412666922;-1.4838370981588973
gradient_boosting;por_genotipo;BR16;2;1790;B2_BR16_NIRR_REP_RECUP00002.asd;B2;BR16;NIRRIG;D10M;manha;D10;NIRRIG;NIRRIG;0.9349954782736009;True;-1.4162661876823808;0.8075200547669253;0.3624246600136132;0.22039048171637463;-1.4682298358470633
gradient_boosting;por_genotipo;BR16;2;1832;B3_BR16_IRR_REP_RECUP00004.asd;B3;BR16;IRRIG;D10M;manha;D10;IRRIG;IRRIG;0.01569272701788142;True;-1.4179498186374546;0.8528222251803773;0.46727180401215457;0.3289081049450788;-1.5866443903394962
gradient_boosting;por_genotipo;BR16;2;1834;B3_BR16_IRR_REP_RECUP00006.asd;B3;BR16;IRRIG;D10M;manha;D10;IRRIG;IRRIG;0.011259727414223278;True;-1.4276988510024509;0.8527358741932354;0.46756866168082584;0.3297851584729595;-1.5719419354962123
gradient_boosting;por_genotipo;BR16;2;1890;B4_BR16_NIRR_REP_RECUP00006.asd;B4;BR16;NIRRIG;D10M;manha;D10;NIRRIG;NIRRIG;0.8595930809306644;True;-1.4153030771905666;0.8236477251608109;0.41330848762798883;0.2956168202511805;-1.575190526184582
gradient_boosting;por_genotipo;BR16;2;1891;B4_BR16_NIRR_REP_RECUP00007.asd;B4;BR16;NIRRIG;D10M;manha;D10;NIRRIG;NIRRIG;0.8595930809306644;True;-1.4172433684858474;0.8231175028374127;0.41446776083524883;0.2959445469910539;-1.575718731424515
gradient_boosting;por_genotipo;BR16;3;5;B1_BR16_IRRIG_REPROD00005.asd;B1;BR16;IRRIG;D02M;manha;D02;IRRIG;IRRIG;0.015374121215955413;True;-1.4441190538126074;0.8258436824703231;0.4309360299087172;0.2932913239201206;-1.5028395376208268
gradient_boosting;por_genotipo;BR16;3;10;B1_BR16_NIRRIG_REPROD00002.asd;B1;BR16;NIRRIG;D02M;manha;D02;NIRRIG;NIRRIG;0.7622715039783572;True;-1.4157868186738731;0.8384915667208077;0.47649208662279763;0.31144417254009676;-1.5573689999069562
gradient_boosting;por_genotipo;BR16;3;16;B2_BR16_IRRIG_REPROD00000.asd;B2;BR16;IRRIG;D02M;manha;D02;IRRIG;IRRIG;0.0133855512023635;True;-1.434560826486325;0.8225818581540301;0.45622341357892815;0.3364684191050439;-1.5560838324222175
gradient_boosting;por_genotipo;BR16;3;23;B2_BR16_IRRIG_REPROD00007.asd;B2;BR16;IRRIG;D02M;manha;D02;IRRIG;IRRIG;0.09142662522358222;True;-1.4591146869048435;0.8186087954935736;0.47778070942834117;0.35712004463311575;-1.6351949393673757
gradient_boosting;por_genotipo;BR16;3;27;B2_BR16_NIRRIG_REPROD00003.asd;B2;BR16;NIRRIG;D02M;manha;D02;NIRRIG;NIRRIG;0.7581912452345051;True;-1.4273534708663758;0.796321066799709;0.41788735373193947;0.31233005296068944;-1.5770682375272627
gradient_boosting;por_genotipo;BR16;3;34;B3_BR16_IRRIG_REPROD00002.asd;B3;BR16;IRRIG;D02M;manha;D02;IRRIG;IRRIG;0.013621308777163903;True;-1.4408528328607664;0.8293418611133251;0.4540463306932224;0.34410825769874176;-1.578831016158577
gradient_boosting;por_genotipo;BR16;3;36;B3_BR16_IRRIG_REPROD00004.asd;B3;BR16;IRRIG;D02M;manha;D02;IRRIG;IRRIG;0.008522086204669061;True;-1.4433593375062326;0.8481259684904341;0.48486558269598523;0.35076544496366835;-1.5969676169082956
gradient_boosting;por_genotipo;BR16;3;38;B3_BR16_IRRIG_REPROD00006.asd;B3;BR16;IRRIG;D02M;manha;D02;IRRIG;IRRIG;0.016837949085041395;True;-1.4486677554881506;0.8480931791655382;0.4866126440336389;0.35562725664664224;-1.5934980532530034
gradient_boosting;por_genotipo;BR16;3;45;B3_BR16_NIRRIG_REPROD00005.asd;B3;BR16;NIRRIG;D02M;manha;D02;NIRRIG;NIRRIG;0.9955826326766617;True;-1.4187120164844016;0.8087057614445996;0.4662934322575098;0.33044871735426484;-1.7034101358769123
gradient_boosting;por_genotipo;BR16;3;53;B4_BR16_IRRIG_REPROD00005.asd;B4;BR16;IRRIG;D02M;manha;D02;IRRIG;IRRIG;0.04286856653896901;True;-1.436842530466755;0.8374120203482988;0.4893516529346776;0.36082564052647137;-1.6035410642399508
gradient_boosting;por_genotipo;BR16;3;57;B4_BR16_NIRRIG_REPROD00001.asd;B4;BR16;NIRRIG;D02M;manha;D02;NIRRIG;IRRIG;0.23462136760578106;False;-1.4315354377336715;0.8464852887744249;0.5077739777885252;0.376775144394469;-1.6614082514455217
gradient_boosting;por_genotipo;BR16;3;58;B4_BR16_NIRRIG_REPROD00002.asd;B4;BR16;NIRRIG;D02M;manha;D02;NIRRIG;IRRIG;0.3733598815889734;False;-1.433044430848614;0.8458861796260321;0.5078008852767122;0.37713484162204963;-1.662795048307444
gradient_boosting;por_genotipo;BR16;3;59;B4_BR16_NIRRIG_REPROD00003.asd;B4;BR16;NIRRIG;D02M;manha;D02;NIRRIG;NIRRIG;0.7138603257106287;True;-1.4340349927679943;0.844682795514509;0.5070050756518214;0.37683241791994104;-1.6678173060125148
gradient_boosting;por_genotipo;BR16;3;197;B1_BR16_IRRIG_REPROD00005.asd;B1;BR16;IRRIG;D02T;tarde;D02;IRRIG;IRRIG;0.015462207288490643;True;-1.4402276766906956;0.8280071762709764;0.4341462945183073;0.301379545641261;-1.541839409132911
gradient_boosting;por_genotipo;BR16;3;202;B1_BR16_NIRRIG_REPROD00002.asd;B1;BR16;NIRRIG;D02T;tarde;D02;NIRRIG;NIRRIG;0.9345291849921683;True;-1.3848926573026206;0.8117103275027852;0.45415782300471724;0.331458769330131;-1.6424773183184598
gradient_boosting;por_genotipo;BR16;3;208;B2_BR16_IRRIG_REPROD00000.asd;B2;BR16;IRRIG;D02T;tarde;D02;IRRIG;IRRIG;0.10622909548669533;True;-1.3664068651088581;0.8116542196372928;0.4126686939328844;0.3318047680478727;-1.603491289504366
gradient_boosting;por_genotipo;BR16;3;215;B2_BR16_IRRIG_REPROD00007.asd;B2;BR16;IRRIG;D02T;tarde;D02;IRRIG;NIRRIG;0.5398678441456782;False;-1.3960043617694253;0.7963129667452387;0.4326900133494429;0.33371334701883976;-1.6949195030683848
gradient_boosting;por_genotipo;BR16;3;219;B2_BR16_NIRRIG_REPROD00003.asd;B2;BR16;NIRRIG;D02T;tarde;D02;NIRRIG;NIRRIG;0.742293032277859;True;-1.3733274229495753;0.7952942851318693;0.4242803894453713;0.33551690269798207;-1.6803559338131242
gradient_boosting;por_genotipo;BR16;3;226;B3_BR16_IRRIG_REPROD00002.asd;B3;BR16;IRRIG;D02T;tarde;D02;IRRIG;IRRIG;0.12898653956329947;True;-1.3752415043880295;0.781186650731799;0.3675189910362284;0.28116972079147573;-1.5786315595296967
gradient_boosting;por_genotipo;BR16;3;228;B3_BR16_IRRIG_REPROD00004.asd;B3;BR16;IRRIG;D02T;tarde;D02;IRRIG;IRRIG;0.498879222048426;True;-1.405920311765062;0.799211704180996;0.3920914492252921;0.31714547661738346;-1.6204356739500005
gradient_boosting;por_genotipo;BR16;3;230;B3_BR16_IRRIG_REPROD00006.asd;B3;BR16;IRRIG;D02T;tarde;D02;IRRIG;NIRRIG;0.6175930213532655;False;-1.4066219163036926;0.7992617422775343;0.39491157662299636;0.3153553858094013;-1.6160973670240133
gradient_boosting;por_genotipo;BR16;3;237;B3_BR16_NIRRIG_REPROD00005.asd;B3;BR16;NIRRIG;D02T;tarde;D02;NIRRIG;NIRRIG;0.992142024108019;True;-1.3439672966530605;0.7619404151465994;0.44308740003561636;0.37330821940459674;-1.8247881066212788
gradient_boosting;por_genotipo;BR16;3;245;B4_BR16_IRRIG_REPROD00005.asd;B4;BR16;IRRIG;D02T;tarde;D02;IRRIG;IRRIG;0.11254804383355844;True;-1.3778811119471746;0.7953120009177163;0.41364628017106975;0.297992501889786;-1.6138719166456326
gradient_boosting;por_genotipo;BR16;3;249;B4_BR16_NIRRIG_REPROD00001.asd;B4;BR16;NIRRIG;D02T;tarde;D02;NIRRIG;NIRRIG;0.9967180275983175;True;-1.3693972306723277;0.8148889810239616;0.49388798920887916;0.37547357641201645;-1.7448625708809866
gradient_boosting;por_genotipo;BR16;3;250;B4_BR16_NIRRIG_REPROD00002.asd;B4;BR16;NIRRIG;D02T;tarde;D02;NIRRIG;NIRRIG;0.9970560016306617;True;-1.3693401892320267;0.8145986740654574;0.4950144827313375;0.3770998741582014;-1.7495965637211077
gradient_boosting;por_genotipo;BR16;3;251;B4_BR16_NIRRIG_REPROD00003.asd;B4;BR16;NIRRIG;D02T;tarde;D02;NIRRIG;NIRRIG;0.9947428123225387;True;-1.3693308575678447;0.8130616904335116;0.4944577784922722;0.3832471476081575;-1.7562315836145783
gradient_boosting;por_genotipo;BR16;3;389;B1_BR16_IRRIG_REPROD00005.asd;B1;BR16;IRRIG;D03M;manha;D03;IRRIG;IRRIG;0.023956157499490344;True;-1.4286458075609325;0.8340941003881341;0.4617578881862522;0.3680324024659852;-1.5976205829151646
gradient_boosting;por_genotipo;BR16;3;394;B1_BR16_NIRRIG_REPROD00002.asd;B1;BR16;NIRRIG;D03M;manha;D03;NIRRIG;NIRRIG;0.997978709277566;True;-1.2952023113828222;0.8066026634078051;0.5167228455295879;0.42177509955992853;-1.8285914101269216
gradient_boosting;por_genotipo;BR16;3;400;B2_BR16_IRRIG_REPROD00000.asd;B2;BR16;IRRIG;D03M;manha;D03;IRRIG;IRRIG;0.19557978764256032;True;-1.4191643329325427;0.8297698498763039;0.49052284735410034;0.38524833864767294;-1.66592566013615
gradient_boosting;por_genotipo;BR16;3;407;B2_BR16_IRRIG_REPROD00007.asd;B2;BR16;IRRIG;D03M;manha;D03;IRRIG;NIRRIG;0.7480081787099302;False;-1.387024273893438;0.8319431681301125;0.47975808455115243;0.3489719389934028;-1.6246248026867975
gradient_boosting;por_genotipo;BR16;3;411;B2_BR16_NIRRIG_REPROD00003.asd;B2;BR16;NIRRIG;D03M;manha;D03;NIRRIG;NIRRIG;0.8549944417853714;True;-1.3902132392420974;0.827094950711136;0.44022935947485314;0.3227812351981246;-1.637173056469042
gradient_boosting;por_genotipo;BR16;3;418;B3_BR16_IRRIG_REPROD00002.asd;B3;BR16;IRRIG;D03M;manha;D03;IRRIG;IRRIG;0.0011910202242971636;True;-1.4833796759988993;0.837582339565408;0.4363581792937015;0.3395643157768844;-1.4932495025594226
gradient_boosting;por_genotipo;BR16;3;420;B3_BR16_IRRIG_REPROD00004.asd;B3;BR16;IRRIG;D03M;manha;D03;IRRIG;NIRRIG;0.7694380457638924;False;-1.4062825752817478;0.8262770802677492;0.4578030126868982;0.35928626662103313;-1.6507544206403286
gradient_boosting;por_genotipo;BR16;3;422;B3_BR16_IRRIG_REPROD00006.asd;B3;BR16;IRRIG;D03M;manha;D03;IRRIG;IRRIG;0.14665589624152964;True;-1.4152896612109147;0.8316671146990048;0.4663518070763685;0.3665218277599275;-1.6524519544518297
gradient_boosting;por_genotipo;BR16;3;429;B3_BR16_NIRRIG_REPROD00005.asd;B3;BR16;NIRRIG;D03M;manha;D03;NIRRIG;NIRRIG;0.9910342634035518;True;-1.4123004127902545;0.8235074702950731;0.4639082594217948;0.3483352515576111;-1.7035086676369615
gradient_boosting;por_genotipo;BR16;3;437;B4_BR16_IRRIG_REPROD00005.asd;B4;BR16;IRRIG;D03M;manha;D03;IRRIG;IRRIG;0.00307627950412013;True;-1.4988981021407317;0.8121861162583587;0.42514011801561236;0.3117515979681528;-1.4795082007275386
gradient_boosting;por_genotipo;BR16;3;441;B4_BR16_NIRRIG_REPROD00001.asd;B4;BR16;NIRRIG;D03M;manha;D03;NIRRIG;NIRRIG;0.9867692485978561;True;-1.3705726366368842;0.8012343006541062;0.465875264467632;0.36652805089604357;-1.7113980058782226
gradient_boosting;por_genotipo;BR16;3;442;B4_BR16_NIRRIG_REPROD00002.asd;B4;BR16;NIRRIG;D03M;manha;D03;NIRRIG;NIRRIG;0.9867692485978561;True;-1.36848495001154;0.8010508086802137;0.4664551265083434;0.36713180466432344;-1.7160717196221484
gradient_boosting;por_genotipo;BR16;3;443;B4_BR16_NIRRIG_REPROD00003.asd;B4;BR16;NIRRIG;D03M;manha;D03;NIRRIG;NIRRIG;0.9863214418688027;True;-1.3675541821868116;0.8009261224336273;0.46906063932911546;0.3694762519614546;-1.722996068736576
gradient_boosting;por_genotipo;BR16;3;581;B1_BR16_IRRIG_REPROD00005.asd;B1;BR16;IRRIG;D03T;tarde;D03;IRRIG;IRRIG;0.13796070339549468;True;-1.4134417810588893;0.8285878907714342;0.46428631740158477;0.33876366456271517;-1.6232858269832753
gradient_boosting;por_genotipo;BR16;3;586;B1_BR16_NIRRIG_REPROD00002.asd;B1;BR16;NIRRIG;D03T;tarde;D03;NIRRIG;NIRRIG;0.9773455802461134;True;-1.396093124023918;0.8274617531523272;0.4833995629633126;0.3573791862064181;-1.6816905163691662
gradient_boosting;por_genotipo;BR16;3;592;B2_BR16_IRRIG_REPROD00000.asd;B2;BR16;IRRIG;D03T;tarde;D03;IRRIG;IRRIG;0.09868790293090889;True;-1.4519315534864652;0.8432605072396698;0.46621379482233105;0.3158625104604853;-1.571952631240338
gradient_boosting;por_genotipo;BR16;3;599;B2_BR16_IRRIG_REPROD00007.asd;B2;BR16;IRRIG;D03T;tarde;D03;IRRIG;IRRIG;0.0615588397632776;True;-1.412883607616456;0.8401960417836553;0.4694114471465035;0.33926768644279875;-1.6099825692994014
gradient_boosting;por_genotipo;BR16;3;603;B2_BR16_NIRRIG_REPROD00003.asd;B2;BR16;NIRRIG;D03T;tarde;D03;NIRRIG;NIRRIG;0.8163757099130614;True;-1.4139169922023227;0.8242858736602291;0.39562627880679413;0.2371802374960836;-1.5156488130970647
gradient_boosting;por_genotipo;BR16;3;610;B3_BR16_IRRIG_REPROD00002.asd;B3;BR16;IRRIG;D03T;tarde;D03;IRRIG;IRRIG;0.2738230519960288;True;-1.4477333555737957;0.8225093211251122;0.40811182206597524;0.30241446541028133;-1.5505021124973548
gradient_boosting;por_genotipo;BR16;3;612;B3_BR16_IRRIG_REPROD00004.asd;B3;BR16;IRRIG;D03T;tarde;D03;IRRIG;IRRIG;0.23061048502745382;True;-1.4180079242500976;0.8334042276026727;0.4624587935335799;0.333852307280423;-1.6430454625057136
gradient_boosting;por_genotipo;BR16;3;614;B3_BR16_IRRIG_REPROD00006.asd;B3;BR16;IRRIG;D03T;tarde;D03;IRRIG;IRRIG;0.36617822149342566;True;-1.4212777343881535;0.8278074556977703;0.4546576932864535;0.32877402476757767;-1.6343406602987036
gradient_boosting;por_genotipo;BR16;3;621;B3_BR16_NIRRIG_REPROD00005.asd;B3;BR16;NIRRIG;D03T;tarde;D03;NIRRIG;NIRRIG;0.996130239735234;True;-1.4507514516728253;0.8123009557627467;0.4442126386531913;0.32019754578625126;-1.674191329043095
gradient_boosting;por_genotipo;BR16;3;629;B4_BR16_IRRIG_REPROD00005.asd;B4;BR16;IRRIG;D03T;tarde;D03;IRRIG;IRRIG;0.008322701461955836;True;-1.5152709044302135;0.8419526397907671;0.4820674872018117;0.36180408471748354;-1.5146077566493192
gradient_boosting;por_genotipo;BR16;3;633;B4_BR16_NIRRIG_REPROD00001.asd;B4;BR16;NIRRIG;D03T;tarde;D03;NIRRIG;NIRRIG;0.9207789325033806;True;-1.4039638070988354;0.8301559870343265;0.4728291200064716;0.3238416210742759;-1.6604265382213816
gradient_boosting;por_genotipo;BR16;3;634;B4_BR16_NIRRIG_REPROD00002.asd;B4;BR16;NIRRIG;D03T;tarde;D03;NIRRIG;NIRRIG;0.9638698783467677;True;-1.4025043006107492;0.8318117004542498;0.4784993499322943;0.33191692829252956;-1.6700748330740292
gradient_boosting;por_genotipo;BR16;3;635;B4_BR16_NIRRIG_REPROD00003.asd;B4;BR16;NIRRIG;D03T;tarde;D03;NIRRIG;NIRRIG;0.9775893596270929;True;-1.4025452842226496;0.8308081926507965;0.47830916535843193;0.3311052937206067;-1.672661373483026
gradient_boosting;por_genotipo;BR16;3;773;B1_BR16_IRRIG_REPROD00005.asd;B1;BR16;IRRIG;D04M;manha;D04;IRRIG;IRRIG;0.000994270963677601;True;-1.5334448827725793;0.8297751322380489;0.46834642681467625;0.34331777846241185;-1.4650975407477833
gradient_boosting;por_genotipo;BR16;3;778;B1_BR16_NIRRIG_REPROD00002.asd;B1;BR16;NIRRIG;D04M;manha;D04;NIRRIG;NIRRIG;0.9410522281935673;True;-1.4073597931194182;0.8166299736057054;0.41445905623977614;0.28274798957942204;-1.5556046846490414
gradient_boosting;por_genotipo;BR16;3;784;B2_BR16_IRRIG_REPROD00000.asd;B2;BR16;IRRIG;D04M;manha;D04;IRRIG;IRRIG;0.06994122475998574;True;-1.4299376369784262;0.8161298798880934;0.4349903739753374;0.3138431018099809;-1.556459989436919
gradient_boosting;por_genotipo;BR16;3;791;B2_BR16_IRRIG_REPROD00007.asd;B2;BR16;IRRIG;D04M;manha;D04;IRRIG;IRRIG;0.0012825514670583942;True;-1.5473007013897893;0.8077419625575013;0.43902432827211246;0.3348102217500294;-1.473999729837149
gradient_boosting;por_genotipo;BR16;3;795;B2_BR16_NIRRIG_REPROD00003.asd;B2;BR16;NIRRIG;D04M;manha;D04;NIRRIG;NIRRIG;0.9184162055032815;True;-1.431220081032629;0.7878006336915847;0.3946905307573094;0.31288966720156247;-1.5818509791668982
gradient_boosting;por_genotipo;BR16;3;802;B3_BR16_IRRIG_REPROD00002.asd;B3;BR16;IRRIG;D04M;manha;D04;IRRIG;IRRIG;0.16632805349902788;True;-1.4000770054407705;0.8356337658958665;0.46433218274047106;0.3382770300729388;-1.6157492023698685
gradient_boosting;por_genotipo;BR16;3;804;B3_BR16_IRRIG_REPROD00004.asd;B3;BR16;IRRIG;D04M;manha;D04;IRRIG;IRRIG;0.0016095437966666037;True;-1.476891208352549;0.8358218395733106;0.43962239975766265;0.329591129144727;-1.4854764275563033
gradient_boosting;por_genotipo;BR16;3;806;B3_BR16_IRRIG_REPROD00006.asd;B3;BR16;IRRIG;D04M;manha;D04;IRRIG;IRRIG;0.0015296501966332566;True;-1.4736667829156136;0.8332278211675239;0.4344515982952422;0.33043274076958473;-1.45870013475585
gradient_boosting;por_genotipo;BR16;3;813;B3_BR16_NIRRIG_REPROD00005.asd;B3;BR16;NIRRIG;D04M;manha;D04;NIRRIG;NIRRIG;0.7125956357037156;True;-1.4252142391209548;0.7987618674261951;0.4354286152531611;0.35846671404451547;-1.7083945702539143
gradient_boosting;por_genotipo;BR16;3;821;B4_BR16_IRRIG_REPROD00005.asd;B4;BR16;IRRIG;D04M;manha;D04;IRRIG;IRRIG;0.0013133448271139161;True;-1.4990084456789334;0.8274918699076238;0.4715318074166829;0.36323237177531925;-1.4904588336775548
gradient_boosting;por_genotipo;BR16;3;825;B4_BR16_NIRRIG_REPROD00001.asd;B4;BR16;NIRRIG;D04M;manha;D04;NIRRIG;IRRIG;0.015057840714742128;False;-1.4570251615606606;0.8220070725789962;0.4519061117716689;0.36744616960772775;-1.6151780327155723
gradient_boosting;por_genotipo;BR16;3;826;B4_BR16_NIRRIG_REPROD00002.asd;B4;BR16;NIRRIG;D04M;manha;D04;NIRRIG;IRRIG;0.014179070335357544;False;-1.4612828787989312;0.8215931703334668;0.45192684089309654;0.36780346540177905;-1.6063455070553094
gradient_boosting;por_genotipo;BR16;3;827;B4_BR16_NIRRIG_REPROD00003.asd;B4;BR16;NIRRIG;D04M;manha;D04;NIRRIG;IRRIG;0.014179070335357544;False;-1.4623884400696292;0.8212653449312617;0.452663046835432;0.36820761173372957;-1.6067237302704334
gradient_boosting;por_genotipo;BR16;3;965;B1_BR16_IRRIG_REPROD00005.asd;B1;BR16;IRRIG;D05M;manha;D05;IRRIG;IRRIG;0.005341072306463375;True;-1.549797896576927;0.8336220788053453;0.45562848638862335;0.2947636422845585;-1.3796036388311976
gradient_boosting;por_genotipo;BR16;3;970;B1_BR16_NIRRIG_REPROD00002.asd;B1;BR16;NIRRIG;D05M;manha;D05;NIRRIG;NIRRIG;0.9909922236665915;True;-1.4032621532343097;0.8220300534591806;0.4581514272547395;0.28793041195596975;-1.6263063953694865
gradient_boosting;por_genotipo;BR16;3;976;B2_BR16_IRRIG_REPROD00000.asd;B2;BR16;IRRIG;D05M;manha;D05;IRRIG;IRRIG;0.0689024380471344;True;-1.3731416546131425;0.824610516050689;0.41759230751623205;0.2917481842801372;-1.5306897276711326
gradient_boosting;por_genotipo;BR16;3;983;B2_BR16_IRRIG_REPROD00007.asd;B2;BR16;IRRIG;D05M;manha;D05;IRRIG;IRRIG;0.0016993722875174324;True;-1.516224181169016;0.8093058051050128;0.4369129908354279;0.32096184740809663;-1.494931002881607
gradient_boosting;por_genotipo;BR16;3;987;B2_BR16_NIRRIG_REPROD00003.asd;B2;BR16;NIRRIG;D05M;manha;D05;NIRRIG;NIRRIG;0.9965495991160785;True;-1.3685450332138496;0.7893323373989304;0.4650045885170862;0.36093235963492265;-1.7759409839180753
gradient_boosting;por_genotipo;BR16;3;994;B3_BR16_IRRIG_REPROD00002.asd;B3;BR16;IRRIG;D05M;manha;D05;IRRIG;NIRRIG;0.5916138981633469;False;-1.3934592787820201;0.8207915429821547;0.4351124668108341;0.294560683341028;-1.5729908783463775
gradient_boosting;por_genotipo;BR16;3;996;B3_BR16_IRRIG_REPROD00004.asd;B3;BR16;IRRIG;D05M;manha;D05;IRRIG;IRRIG;0.015828842753351013;True;-1.4987962744337588;0.8148553270784987;0.38857264701696836;0.2739656677163528;-1.399720001942918
gradient_boosting;por_genotipo;BR16;3;998;B3_BR16_IRRIG_REPROD00006.asd;B3;BR16;IRRIG;D05M;manha;D05;IRRIG;IRRIG;0.015828842753351013;True;-1.514456570861819;0.8149288786139441;0.38898181674353427;0.27131282192162187;-1.3798574553065306
gradient_boosting;por_genotipo;BR16;3;1005;B3_BR16_NIRRIG_REPROD00005.asd;B3;BR16;NIRRIG;D05M;manha;D05;NIRRIG;NIRRIG;0.9677733702562402;True;-1.4226730733555009;0.7985122674418212;0.45068485118986484;0.32814259320957867;-1.7060037745608687
gradient_boosting;por_genotipo;BR16;3;1013;B4_BR16_IRRIG_REPROD00005.asd;B4;BR16;IRRIG;D05M;manha;D05;IRRIG;IRRIG;0.0016839191641920632;True;-1.4958499652384818;0.8295014364402585;0.45078665355558345;0.33004473976590404;-1.4843004106464261
gradient_boosting;por_genotipo;BR16;3;1017;B4_BR16_NIRRIG_REPROD00001.asd;B4;BR16;NIRRIG;D05M;manha;D05;NIRRIG;NIRRIG;0.9930152300939326;True;-1.4104310149627115;0.8090198168490204;0.4778425272671245;0.3767118544950501;-1.756231384780319
gradient_boosting;por_genotipo;BR16;3;1018;B4_BR16_NIRRIG_REPROD00002.asd;B4;BR16;NIRRIG;D05M;manha;D05;NIRRIG;NIRRIG;0.9930152300939326;True;-1.4087007655049033;0.8082317569417242;0.47839745143845247;0.37716965458245144;-1.7573152360177469
gradient_boosting;por_genotipo;BR16;3;1019;B4_BR16_NIRRIG_REPROD00003.asd;B4;BR16;NIRRIG;D05M;manha;D05;NIRRIG;NIRRIG;0.9951757721275089;True;-1.4067831875026502;0.8078585759648073;0.4801095125848692;0.38007878333042233;-1.7651273688774032
gradient_boosting;por_genotipo;BR16;3;1157;B1_BR16_IRRIG_REPROD00005.asd;B1;BR16;IRRIG;D06M;manha;D06;IRRIG;IRRIG;0.030489498262697395;True;-1.481736785832506;0.80629669150516;0.40227928781861566;0.2973260888302477;-1.4461306113869732
gradient_boosting;por_genotipo;BR16;3;1162;B1_BR16_NIRRIG_REPROD00002.asd;B1;BR16;NIRRIG;D06M;manha;D06;NIRRIG;NIRRIG;0.9940116802840879;True;-1.3771601041170054;0.8138465800372989;0.5010088614007059;0.3935447676036407;-1.7644354060989913
gradient_boosting;por_genotipo;BR16;3;1168;B2_BR16_IRRIG_REPROD00000.asd;B2;BR16;IRRIG;D06M;manha;D06;IRRIG;IRRIG;0.004269282963273522;True;-1.5306954192531748;0.8223752129975098;0.45073187750104593;0.3118074972378244;-1.3972130938968033
gradient_boosting;por_genotipo;BR16;3;1175;B2_BR16_IRRIG_REPROD00007.asd;B2;BR16;IRRIG;D06M;manha;D06;IRRIG;IRRIG;0.0035224712344837502;True;-1.5514694438100074;0.828262194731754;0.4328574014501354;0.28772718167518774;-1.3205745986869413
gradient_boosting;por_genotipo;BR16;3;1179;B2_BR16_NIRRIG_REPROD00003.asd;B2;BR16;NIRRIG;D06M;manha;D06;NIRRIG;NIRRIG;0.8714196393986816;True;-1.395879111657936;0.8281687572032449;0.4642701813274867;0.31877875832876873;-1.6200995882078832
gradient_boosting;por_genotipo;BR16;3;1186;B3_BR16_IRRIG_REPROD00002.asd;B3;BR16;IRRIG;D06M;manha;D06;IRRIG;IRRIG;0.004189406487720864;True;-1.500378950340726;0.8306502026404136;0.4314115944840549;0.2825713526311119;-1.4074086862262913
gradient_boosting;por_genotipo;BR16;3;1188;B3_BR16_IRRIG_REPROD00004.asd;B3;BR16;IRRIG;D06M;manha;D06;IRRIG;IRRIG;0.004407605868806126;True;-1.4862712334165202;0.8345615860851107;0.43807237779868524;0.28370416545227467;-1.4132785295223096
gradient_boosting;por_genotipo;BR16;3;1190;B3_BR16_IRRIG_REPROD00006.asd;B3;BR16;IRRIG;D06M;manha;D06;IRRIG;IRRIG;0.004407605868806126;True;-1.5007583281261732;0.8355527301579457;0.4394340531867824;0.27994555365128365;-1.3974478122043172
gradient_boosting;por_genotipo;BR16;3;1197;B3_BR16_NIRRIG_REPROD00005.asd;B3;BR16;NIRRIG;D06M;manha;D06;NIRRIG;NIRRIG;0.9937022236103166;True;-1.3919592532505098;0.7897370723248814;0.48043713604919747;0.3794363061517274;-1.8165191224981756
gradient_boosting;por_genotipo;BR16;3;1205;B4_BR16_IRRIG_REPROD00005.asd;B4;BR16;IRRIG;D06M;manha;D06;IRRIG;IRRIG;0.003204615148783318;True;-1.5023983721461278;0.8203305107531387;0.4207575864978874;0.28702052139367057;-1.4400853722461817
gradient_boosting;por_genotipo;BR16;3;1209;B4_BR16_NIRRIG_REPROD00001.asd;B4;BR16;NIRRIG;D06M;manha;D06;NIRRIG;NIRRIG;0.9986222065393482;True;-1.3177591435934266;0.7948466881652811;0.513031302805985;0.4200585431028528;-1.8602630279902577
gradient_boosting;por_genotipo;BR16;3;1210;B4_BR16_NIRRIG_REPROD00002.asd;B4;BR16;NIRRIG;D06M;manha;D06;NIRRIG;NIRRIG;0.9986222065393482;True;-1.3148742030039544;0.7940973307994356;0.5135110430763987;0.4209687042857623;-1.8663067107476297
gradient_boosting;por_genotipo;BR16;3;1211;B4_BR16_NIRRIG_REPROD00003.asd;B4;BR16;NIRRIG;D06M;manha;D06;NIRRIG;NIRRIG;0.9986222065393482;True;-1.3126155511418485;0.7929584630501423;0.5135419864777235;0.4223226565062226;-1.868413950265422
gradient_boosting;por_genotipo;BR16;3;1345;B1_BR16_IRR_REP_RECUP00001.asd;B1;BR16;IRRIG;D09M;manha;D09;IRRIG;IRRIG;0.0019296334153073341;True;-1.4611525881254028;0.8593244163395685;0.49816681268866186;0.3563985157844639;-1.4918536823025847
gradient_boosting;por_genotipo;BR16;3;1349;B1_BR16_IRR_REP_RECUP00005.asd;B1;BR16;IRRIG;D09M;manha;D09;IRRIG;IRRIG;0.11342549947656044;True;-1.3928748319430924;0.8460340599016495;0.48342618728923514;0.3250747722221959;-1.5989649435966455
gradient_boosting;por_genotipo;BR16;3;1359;B1_BR16_NIRR_REP_RECUP00007.asd;B1;BR16;NIRRIG;D09M;manha;D09;NIRRIG;NIRRIG;0.9960665580534892;True;-1.3563923334185877;0.7939325942091712;0.4926503259662324;0.39595123082288325;-1.836905822783368
gradient_boosting;por_genotipo;BR16;3;1369;B2_BR16_NIRR_REP_RECUP00001.asd;B2;BR16;NIRRIG;D09M;manha;D09;NIRRIG;NIRRIG;0.9500377001074091;True;-1.3935771362794258;0.8144379674021661;0.4471465745590091;0.3553476447079114;-1.6468088411562845
gradient_boosting;por_genotipo;BR16;3;1378;B3_BR16_IRR_REP_RECUP00002.asd;B3;BR16;IRRIG;D09M;manha;D09;IRRIG;IRRIG;0.013095204296269949;True;-1.4988646259234644;0.8187343078088409;0.40847686100673486;0.2809867714534467;-1.3864472473655796
gradient_boosting;por_genotipo;BR16;3;1386;B3_BR16_NIRR_REP_RECUP00002.asd;B3;BR16;NIRRIG;D09M;manha;D09;NIRRIG;NIRRIG;0.9023529741074867;True;-1.3891691629319107;0.81662831957301;0.4248596979052143;0.308411266852216;-1.6023458675564661
gradient_boosting;por_genotipo;BR16;3;1389;B3_BR16_NIRR_REP_RECUP00005.asd;B3;BR16;NIRRIG;D09M;manha;D09;NIRRIG;NIRRIG;0.9545288935262811;True;-1.4103321855577842;0.806686270877315;0.4054682753719164;0.2896958107303262;-1.5787864371409166
gradient_boosting;por_genotipo;BR16;3;1390;B3_BR16_NIRR_REP_RECUP00006.asd;B3;BR16;NIRRIG;D09M;manha;D09;NIRRIG;NIRRIG;0.9544180637828176;True;-1.410220594359555;0.807553684709376;0.4071074705651654;0.28917093373477554;-1.580186984697954
gradient_boosting;por_genotipo;BR16;3;1397;B4_BR16_IRR_REP_RECUP00005.asd;B4;BR16;IRRIG;D09M;manha;D09;IRRIG;IRRIG;0.026206068261983278;True;-1.486088984046667;0.7982943509256369;0.3713307962004658;0.2924980578266571;-1.4616864074873652
gradient_boosting;por_genotipo;BR16;3;1399;B4_BR16_IRR_REP_RECUP00007.asd;B4;BR16;IRRIG;D09M;manha;D09;IRRIG;IRRIG;0.02724404953401979;True;-1.4998473749614951;0.801478101059493;0.3762806316377727;0.29293385754591766;-1.44122557499418
gradient_boosting;por_genotipo;BR16;3;1401;B4_BR16_NIRR_REP_RECUP00001.asd;B4;BR16;NIRRIG;D09M;manha;D09;NIRRIG;NIRRIG;0.9208418501005371;True;-1.3945312955063205;0.8211765228738839;0.4398584820367318;0.3266506923023845;-1.6376474074977938
gradient_boosting;por_genotipo;BR16;3;1405;B4_BR16_NIRR_REP_RECUP00005.asd;B4;BR16;NIRRIG;D09M;manha;D09;NIRRIG;NIRRIG;0.9590394739199494;True;-1.3853474324781068;0.8111686497184906;0.4342042589937751;0.32731211106283814;-1.6699630185908922
gradient_boosting;por_genotipo;BR16;3;1541;B1_BR16_IRR_REP_RECUP00001.asd;B1;BR16;IRRIG;D09T;tarde;D09;IRRIG;NIRRIG;0.6215088168199628;False;-1.4019531376137888;0.83693093154252;0.45622886158422965;0.299956661983433;-1.5287219576012818
gradient_boosting;por_genotipo;BR16;3;1545;B1_BR16_IRR_REP_RECUP00005.asd;B1;BR16;IRRIG;D09T;tarde;D09;IRRIG;IRRIG;0.21747185509415556;True;-1.3951893115141063;0.8475765682037244;0.473275407489526;0.31930574135985595;-1.5983534586676298
gradient_boosting;por_genotipo;BR16;3;1555;B1_BR16_NIRR_REP_RECUP00007.asd;B1;BR16;NIRRIG;D09T;tarde;D09;NIRRIG;NIRRIG;0.7404151924472044;True;-1.4349261577593853;0.8047600116940504;0.4258444448383741;0.3377692675261562;-1.6651627029638278
gradient_boosting;por_genotipo;BR16;3;1569;B2_BR16_NIRR_REP_RECUP00013.asd;B2;BR16;NIRRIG;D09T;tarde;D09;NIRRIG;NIRRIG;0.8552337883542684;True;-1.4090184910532009;0.8305926006998836;0.40774826420924853;0.28898685580070893;-1.5478275075647916
gradient_boosting;por_genotipo;BR16;3;1570;B2_BR16_NIRR_REP_RECUP00014.asd;B2;BR16;NIRRIG;D09T;tarde;D09;NIRRIG;NIRRIG;0.9158824675039846;True;-1.4082598725548987;0.8321257806938125;0.41115775362992435;0.29332594292941844;-1.5615990810045255
gradient_boosting;por_genotipo;BR16;3;1574;B3_BR16_IRR_REP_RECUP00002.asd;B3;BR16;IRRIG;D09T;tarde;D09;IRRIG;IRRIG;0.0022560158148687208;True;-1.4558485550867242;0.8430460072846317;0.44115026404358304;0.3166588759517341;-1.4692908803609182
gradient_boosting;por_genotipo;BR16;3;1582;B3_BR16_NIRR_REP_RECUP00002.asd;B3;BR16;NIRRIG;D09T;tarde;D09;NIRRIG;NIRRIG;0.863056792585104;True;-1.391547501608045;0.8195692546261868;0.38412765711894753;0.28854325007735326;-1.5279996434414038
gradient_boosting;por_genotipo;BR16;3;1585;B3_BR16_NIRR_REP_RECUP00005.asd;B3;BR16;NIRRIG;D09T;tarde;D09;NIRRIG;IRRIG;0.4090582674627496;False;-1.380463724177931;0.8140925156636464;0.36750688655547975;0.25852524853873265;-1.5291782084394014
gradient_boosting;por_genotipo;BR16;3;1586;B3_BR16_NIRR_REP_RECUP00006.asd;B3;BR16;NIRRIG;D09T;tarde;D09;NIRRIG;IRRIG;0.4090582674627496;False;-1.3804542221403884;0.8139101690543913;0.3674211873711878;0.2558909154119354;-1.5321255627018253
gradient_boosting;por_genotipo;BR16;3;1593;B4_BR16_IRR_REP_RECUP00005.asd;B4;BR16;IRRIG;D09T;tarde;D09;IRRIG;IRRIG;0.0027982920606122435;True;-1.483749794774397;0.8429531793946363;0.43832923995437734;0.34412218307210646;-1.5202462543703648
gradient_boosting;por_genotipo;BR16;3;1595;B4_BR16_IRR_REP_RECUP00007.asd;B4;BR16;IRRIG;D09T;tarde;D09;IRRIG;IRRIG;0.0011910202242971636;True;-1.4927270430537773;0.8429059894839033;0.43805069385617185;0.33757671945762485;-1.493410012391938
gradient_boosting;por_genotipo;BR16;3;1597;B4_BR16_NIRR_REP_RECUP00001.asd;B4;BR16;NIRRIG;D09T;tarde;D09;NIRRIG;NIRRIG;0.8498598635771683;True;-1.4092261554322778;0.8008626107975308;0.3736853930981904;0.29072132561399694;-1.5643864054641343
gradient_boosting;por_genotipo;BR16;3;1601;B4_BR16_NIRR_REP_RECUP00005.asd;B4;BR16;NIRRIG;D09T;tarde;D09;NIRRIG;NIRRIG;0.8004466102006592;True;-1.3905156456297838;0.8066067661761215;0.35100009077692046;0.2751860559507292;-1.5407737304066316
gradient_boosting;por_genotipo;BR16;3;1733;B1_BR16_IRR_REP_RECUP00001.asd;B1;BR16;IRRIG;D10M;manha;D10;IRRIG;IRRIG;0.4157314436939608;True;-1.4168331094614586;0.8221599325973428;0.430024328330721;0.2788210238716055;-1.4949720921028875
gradient_boosting;por_genotipo;BR16;3;1737;B1_BR16_IRR_REP_RECUP00005.asd;B1;BR16;IRRIG;D10M;manha;D10;IRRIG;IRRIG;0.48375761982636933;True;-1.413784791914459;0.825931345597324;0.4577412459856853;0.30846575392152104;-1.5757477400654092
gradient_boosting;por_genotipo;BR16;3;1747;B1_BR16_NIRR_REP_RECUP00007.asd;B1;BR16;NIRRIG;D10M;manha;D10;NIRRIG;NIRRIG;0.8917170921718811;True;-1.4086146221336087;0.8207746739294017;0.4405663739656014;0.29399235632574333;-1.5696543825724827
gradient_boosting;por_genotipo;BR16;3;1789;B2_BR16_NIRR_REP_RECUP00001.asd;B2;BR16;NIRRIG;D10M;manha;D10;NIRRIG;NIRRIG;0.9037944685370123;True;-1.416572993070071;0.8033980648743425;0.3550178970107545;0.20981326158209804;-1.4569539808208705
gradient_boosting;por_genotipo;BR16;3;1830;B3_BR16_IRR_REP_RECUP00002.asd;B3;BR16;IRRIG;D10M;manha;D10;IRRIG;IRRIG;0.0006155641772737802;True;-1.5180572072834355;0.8549238815202074;0.467872194972596;0.32720156910797055;-1.4232377361795212
gradient_boosting;por_genotipo;BR16;3;1838;B3_BR16_NIRR_REP_RECUP00002.asd;B3;BR16;NIRRIG;D10M;manha;D10;NIRRIG;IRRIG;0.004407605868806126;False;-1.477860714929632;0.8383174689776671;0.4327510700470666;0.2918390970347992;-1.424103752530603
gradient_boosting;por_genotipo;BR16;3;1841;B3_BR16_NIRR_REP_RECUP00005.asd;B3;BR16;NIRRIG;D10M;manha;D10;NIRRIG;NIRRIG;0.941141737783384;True;-1.3962117927404325;0.8095264540456608;0.3886722743534803;0.29326333906456664;-1.553852457967831
gradient_boosting;por_genotipo;BR16;3;1842;B3_BR16_NIRR_REP_RECUP00006.asd;B3;BR16;NIRRIG;D10M;manha;D10;NIRRIG;NIRRIG;0.9168833982517682;True;-1.3968850560151618;0.809681341148867;0.390480954319971;0.29653102178540897;-1.5549947027589297
gradient_boosting;por_genotipo;BR16;3;1881;B4_BR16_IRR_REP_RECUP00005.asd;B4;BR16;IRRIG;D10M;manha;D10;IRRIG;IRRIG;0.001050937342375372;True;-1.5163729143928124;0.8312835855488482;0.42925022664146556;0.33536791239717656;-1.5333629660069317
gradient_boosting;por_genotipo;BR16;3;1883;B4_BR16_IRR_REP_RECUP00007.asd;B4;BR16;IRRIG;D10M;manha;D10;IRRIG;IRRIG;0.0016571851682600281;True;-1.5330538626803172;0.8290842748760833;0.42694038802222706;0.32480769010569843;-1.5035443581642594
gradient_boosting;por_genotipo;BR16;3;1885;B4_BR16_NIRR_REP_RECUP00001.asd;B4;BR16;NIRRIG;D10M;manha;D10;NIRRIG;NIRRIG;0.9142366642607408;True;-1.4168748595364287;0.8221989838776458;0.39221413894605983;0.27391677435394646;-1.5254946509305578
gradient_boosting;por_genotipo;BR16;3;1889;B4_BR16_NIRR_REP_RECUP00005.asd;B4;BR16;NIRRIG;D10M;manha;D10;NIRRIG;NIRRIG;0.9384293618178128;True;-1.4173466131843715;0.8231307339129701;0.411323837295146;0.2922166854730992;-1.5697186230889377
gradient_boosting;por_genotipo;BR16;4;1;B1_BR16_IRRIG_REPROD00001.asd;B1;BR16;IRRIG;D02M;manha;D02;IRRIG;IRRIG;0.05620730004030171;True;-1.4367235390138098;0.8155734639286704;0.4376546727351996;0.29862971551874723;-1.5510347816303796
gradient_boosting;por_genotipo;BR16;4;9;B1_BR16_NIRRIG_REPROD00001.asd;B1;BR16;NIRRIG;D02M;manha;D02;NIRRIG;NIRRIG;0.8886360024553277;True;-1.4170067725330278;0.8390862228662254;0.4761163017802906;0.31207119458104166;-1.5568122260144273
gradient_boosting;por_genotipo;BR16;4;15;B1_BR16_NIRRIG_REPROD00007.asd;B1;BR16;NIRRIG;D02M;manha;D02;NIRRIG;NIRRIG;0.9320877482305872;True;-1.3967243116467187;0.8250038775640355;0.4643538139408607;0.3134294085686102;-1.5992671062921846
gradient_boosting;por_genotipo;BR16;4;18;B2_BR16_IRRIG_REPROD00002.asd;B2;BR16;IRRIG;D02M;manha;D02;IRRIG;IRRIG;0.0017444946722774957;True;-1.4344843028985834;0.8242587279676632;0.45991234778398316;0.34348051900327636;-1.5613411960777974
gradient_boosting;por_genotipo;BR16;4;32;B3_BR16_IRRIG_REPROD00000.asd;B3;BR16;IRRIG;D02M;manha;D02;IRRIG;IRRIG;0.0012833621585597928;True;-1.4378144820188479;0.8277660507107798;0.44947409389957815;0.34057966052854216;-1.5784880423548378
gradient_boosting;por_genotipo;BR16;4;40;B3_BR16_NIRRIG_REPROD00000.asd;B3;BR16;NIRRIG;D02M;manha;D02;NIRRIG;NIRRIG;0.5137691523071982;True;-1.4469195255031;0.834083449786785;0.4852441040774317;0.3515885889075074;-1.6592094205073862
gradient_boosting;por_genotipo;BR16;4;44;B3_BR16_NIRRIG_REPROD00004.asd;B3;BR16;NIRRIG;D02M;manha;D02;NIRRIG;NIRRIG;0.9989548950292426;True;-1.4209892574692136;0.8098725674980313;0.46517729533493646;0.32864869264235497;-1.6960439202959299
gradient_boosting;por_genotipo;BR16;4;46;B3_BR16_NIRRIG_REPROD00006.asd;B3;BR16;NIRRIG;D02M;manha;D02;NIRRIG;NIRRIG;0.9987359988741085;True;-1.4159200221229766;0.8101545747608118;0.470359546501216;0.3337572462652243;-1.7141371040179472
gradient_boosting;por_genotipo;BR16;4;48;B4_BR16_IRRIG_REPROD00000.asd;B4;BR16;IRRIG;D02M;manha;D02;IRRIG;IRRIG;0.038851876971737115;True;-1.433271746150082;0.8336928476950356;0.49904772336113395;0.38881631007040673;-1.6537621574160422
gradient_boosting;por_genotipo;BR16;4;49;B4_BR16_IRRIG_REPROD00001.asd;B4;BR16;IRRIG;D02M;manha;D02;IRRIG;IRRIG;0.029355980569044784;True;-1.4358514954268113;0.8323132522767058;0.4988748799269374;0.3871129585795739;-1.6546493704119198
gradient_boosting;por_genotipo;BR16;4;52;B4_BR16_IRRIG_REPROD00004.asd;B4;BR16;IRRIG;D02M;manha;D02;IRRIG;IRRIG;0.008823568677253028;True;-1.4346847819296478;0.8381825594672591;0.48934621309640414;0.36132921384394007;-1.6029621213760497
gradient_boosting;por_genotipo;BR16;4;60;B4_BR16_NIRRIG_REPROD00004.asd;B4;BR16;NIRRIG;D02M;manha;D02;NIRRIG;NIRRIG;0.9953919529946356;True;-1.3767870099571198;0.835220974888219;0.50337765076493;0.3826232710068306;-1.747292858315443
gradient_boosting;por_genotipo;BR16;4;62;B4_BR16_NIRRIG_REPROD00006.asd;B4;BR16;NIRRIG;D02M;manha;D02;NIRRIG;NIRRIG;0.998433652445031;True;-1.3707093761887965;0.8333887505476251;0.5066685997524928;0.3842386857022579;-1.7585591305343957
gradient_boosting;por_genotipo;BR16;4;193;B1_BR16_IRRIG_REPROD00001.asd;B1;BR16;IRRIG;D02T;tarde;D02;IRRIG;IRRIG;0.0025551919616187257;True;-1.4345529083751105;0.8471883908516284;0.489003224557301;0.3542717406025493;-1.5913805649510053
gradient_boosting;por_genotipo;BR16;4;201;B1_BR16_NIRRIG_REPROD00001.asd;B1;BR16;NIRRIG;D02T;tarde;D02;NIRRIG;NIRRIG;0.9439407083478758;True;-1.3829948251400421;0.8129181951096913;0.4548749603734361;0.3352851112009033;-1.6450767220615365
gradient_boosting;por_genotipo;BR16;4;207;B1_BR16_NIRRIG_REPROD00007.asd;B1;BR16;NIRRIG;D02T;tarde;D02;NIRRIG;NIRRIG;0.9994432614102425;True;-1.3854899835124064;0.8176129439448278;0.4653608681258431;0.35193674377494777;-1.681405678594102
gradient_boosting;por_genotipo;BR16;4;210;B2_BR16_IRRIG_REPROD00002.asd;B2;BR16;IRRIG;D02T;tarde;D02;IRRIG;IRRIG;0.07177106953717216;True;-1.3669031297809202;0.8094315794229188;0.41035326281196177;0.331568452739315;-1.601268951591921
gradient_boosting;por_genotipo;BR16;4;224;B3_BR16_IRRIG_REPROD00000.asd;B3;BR16;IRRIG;D02T;tarde;D02;IRRIG;NIRRIG;0.6118548023763299;False;-1.3763290492693405;0.7805308938607286;0.3664948466419945;0.28205707507434924;-1.5753526496105656
gradient_boosting;por_genotipo;BR16;4;232;B3_BR16_NIRRIG_REPROD00000.asd;B3;BR16;NIRRIG;D02T;tarde;D02;NIRRIG;NIRRIG;0.9954221392098458;True;-1.396987754708588;0.788467440364905;0.44223413785906107;0.36231056729810646;-1.7330521349662427
gradient_boosting;por_genotipo;BR16;4;236;B3_BR16_NIRRIG_REPROD00004.asd;B3;BR16;NIRRIG;D02T;tarde;D02;NIRRIG;NIRRIG;0.9986820877383019;True;-1.3455456708038398;0.7632822351016213;0.4435144384613353;0.37543144128458455;-1.8250153537021732
gradient_boosting;por_genotipo;BR16;4;238;B3_BR16_NIRRIG_REPROD00006.asd;B3;BR16;NIRRIG;D02T;tarde;D02;NIRRIG;NIRRIG;0.9986820877383019;True;-1.343156282949778;0.7595241525200612;0.44030179243920914;0.36683145907010034;-1.8238574828232619
gradient_boosting;por_genotipo;BR16;4;240;B4_BR16_IRRIG_REPROD00000.asd;B4;BR16;IRRIG;D02T;tarde;D02;IRRIG;IRRIG;0.13342532133141202;True;-1.3925935806482186;0.7884208439137422;0.4103489391410634;0.3176278209181881;-1.6456861369004354
gradient_boosting;por_genotipo;BR16;4;241;B4_BR16_IRRIG_REPROD00001.asd;B4;BR16;IRRIG;D02T;tarde;D02;IRRIG;IRRIG;0.11444310919135453;True;-1.3901109027655214;0.7882817833201243;0.41165165286266775;0.3160831228981925;-1.6483573305793542
gradient_boosting;por_genotipo;BR16;4;244;B4_BR16_IRRIG_REPROD00004.asd;B4;BR16;IRRIG;D02T;tarde;D02;IRRIG;IRRIG;0.10931308598236288;True;-1.3775860557609958;0.7934906992338114;0.41074617489288495;0.29679239996431966;-1.6064717601768652
gradient_boosting;por_genotipo;BR16;4;252;B4_BR16_NIRRIG_REPROD00004.asd;B4;BR16;NIRRIG;D02T;tarde;D02;NIRRIG;NIRRIG;0.9998892510802421;True;-1.3658685759228668;0.807265040101573;0.4697612722145977;0.3703581269300209;-1.698668133488123
gradient_boosting;por_genotipo;BR16;4;254;B4_BR16_NIRRIG_REPROD00006.asd;B4;BR16;NIRRIG;D02T;tarde;D02;NIRRIG;NIRRIG;0.9998892510802421;True;-1.3675054115246361;0.8053708115027195;0.4681556034855731;0.37075411646978734;-1.7072724540730115
gradient_boosting;por_genotipo;BR16;4;385;B1_BR16_IRRIG_REPROD00001.asd;B1;BR16;IRRIG;D03M;manha;D03;IRRIG;IRRIG;0.005218817658593551;True;-1.4119650710215719;0.8351930745484215;0.42854228924646487;0.335187092721336;-1.5602626198080636
gradient_boosting;por_genotipo;BR16;4;393;B1_BR16_NIRRIG_REPROD00001.asd;B1;BR16;NIRRIG;D03M;manha;D03;NIRRIG;NIRRIG;0.9995489675764506;True;-1.296619647314443;0.8077659139065881;0.518361714952667;0.42377689522752804;-1.8299202007616568
gradient_boosting;por_genotipo;BR16;4;399;B1_BR16_NIRRIG_REPROD00007.asd;B1;BR16;NIRRIG;D03M;manha;D03;NIRRIG;NIRRIG;0.9994153933522857;True;-1.3293959371824402;0.8084273005397064;0.49869181251671985;0.3967351286068933;-1.8348364339479637
gradient_boosting;por_genotipo;BR16;4;402;B2_BR16_IRRIG_REPROD00002.asd;B2;BR16;IRRIG;D03M;manha;D03;IRRIG;IRRIG;0.028623301665371935;True;-1.422854896742963;0.8288673851181508;0.4890870117808475;0.3835526755318678;-1.659605692039957
gradient_boosting;por_genotipo;BR16;4;416;B3_BR16_IRRIG_REPROD00000.asd;B3;BR16;IRRIG;D03M;manha;D03;IRRIG;IRRIG;0.013299138433144642;True;-1.4688519994997236;0.8410181264107061;0.438977786942325;0.3425555082770867;-1.520542462223392
gradient_boosting;por_genotipo;BR16;4;424;B3_BR16_NIRRIG_REPROD00000.asd;B3;BR16;NIRRIG;D03M;manha;D03;NIRRIG;NIRRIG;0.9999234013914133;True;-1.3938017457777891;0.8060004181130371;0.4655522104926259;0.37112866761346697;-1.739143230117738
gradient_boosting;por_genotipo;BR16;4;428;B3_BR16_NIRRIG_REPROD00004.asd;B3;BR16;NIRRIG;D03M;manha;D03;NIRRIG;NIRRIG;0.9807312429534124;True;-1.414633696976328;0.822942526057044;0.4617175125096524;0.34481063225700775;-1.6936133402409612
gradient_boosting;por_genotipo;BR16;4;430;B3_BR16_NIRRIG_REPROD00006.asd;B3;BR16;NIRRIG;D03M;manha;D03;NIRRIG;NIRRIG;0.9988610818978482;True;-1.411930491411716;0.8225535876197759;0.4641121214903106;0.34801439726538386;-1.7014389940236676
gradient_boosting;por_genotipo;BR16;4;432;B4_BR16_IRRIG_REPROD00000.asd;B4;BR16;IRRIG;D03M;manha;D03;IRRIG;IRRIG;0.00019504407304360454;True;-1.4722281407261888;0.8245768580869982;0.4523428242964179;0.3305832697160774;-1.499546710898953
gradient_boosting;por_genotipo;BR16;4;433;B4_BR16_IRRIG_REPROD00001.asd;B4;BR16;IRRIG;D03M;manha;D03;IRRIG;IRRIG;0.0009564415147295243;True;-1.4742372132039236;0.8238256531168835;0.45171454737199435;0.3271721446899593;-1.4965911948772117
gradient_boosting;por_genotipo;BR16;4;436;B4_BR16_IRRIG_REPROD00004.asd;B4;BR16;IRRIG;D03M;manha;D03;IRRIG;IRRIG;0.0005530054774639948;True;-1.4932589590422176;0.8121801507562224;0.42481425807048834;0.3146850498828905;-1.4831350965567556
gradient_boosting;por_genotipo;BR16;4;444;B4_BR16_NIRRIG_REPROD00004.asd;B4;BR16;NIRRIG;D03M;manha;D03;NIRRIG;NIRRIG;0.8016517624686282;True;-1.4025394877949435;0.7922814190069523;0.4171036050349303;0.31900637163000056;-1.6776435474611908
gradient_boosting;por_genotipo;BR16;4;446;B4_BR16_NIRRIG_REPROD00006.asd;B4;BR16;NIRRIG;D03M;manha;D03;NIRRIG;IRRIG;0.40077324405010917;False;-1.4000025441815742;0.7917027598384921;0.4204901291202885;0.32521513114918715;-1.6912382824884784
gradient_boosting;por_genotipo;BR16;4;577;B1_BR16_IRRIG_REPROD00001.asd;B1;BR16;IRRIG;D03T;tarde;D03;IRRIG;IRRIG;0.08673409340314153;True;-1.4304835275857595;0.8214418987512018;0.39021310284006555;0.2549649503504405;-1.498018798696427
gradient_boosting;por_genotipo;BR16;4;585;B1_BR16_NIRRIG_REPROD00001.asd;B1;BR16;NIRRIG;D03T;tarde;D03;NIRRIG;NIRRIG;0.9969352241559325;True;-1.3993996674377207;0.8227791155456252;0.47460024505361637;0.3440393190654125;-1.664950156782417
gradient_boosting;por_genotipo;BR16;4;591;B1_BR16_NIRRIG_REPROD00007.asd;B1;BR16;NIRRIG;D03T;tarde;D03;NIRRIG;NIRRIG;0.9987682118967682;True;-1.4247364813584407;0.820981610865333;0.4575162131659482;0.317727496224044;-1.6677093967772791
gradient_boosting;por_genotipo;BR16;4;594;B2_BR16_IRRIG_REPROD00002.asd;B2;BR16;IRRIG;D03T;tarde;D03;IRRIG;IRRIG;0.01174597468195445;True;-1.4569290718896692;0.8439972920722776;0.4673316895052673;0.317372964535907;-1.562948179794168
gradient_boosting;por_genotipo;BR16;4;608;B3_BR16_IRRIG_REPROD00000.asd;B3;BR16;IRRIG;D03T;tarde;D03;IRRIG;IRRIG;0.361877045968946;True;-1.4345453003392001;0.8302949662658049;0.42188058788403693;0.3037536372561628;-1.5630063633223539
gradient_boosting;por_genotipo;BR16;4;616;B3_BR16_NIRRIG_REPROD00000.asd;B3;BR16;NIRRIG;D03T;tarde;D03;NIRRIG;NIRRIG;0.9714971056685986;True;-1.4236972969032249;0.8028551499639025;0.4320142527167229;0.3248054767697311;-1.6929063057195148
gradient_boosting;por_genotipo;BR16;4;620;B3_BR16_NIRRIG_REPROD00004.asd;B3;BR16;NIRRIG;D03T;tarde;D03;NIRRIG;NIRRIG;0.9995309510448429;True;-1.4524114434475475;0.8124998829998009;0.44246866431844184;0.31853875719770625;-1.6723650650978146
gradient_boosting;por_genotipo;BR16;4;622;B3_BR16_NIRRIG_REPROD00006.asd;B3;BR16;NIRRIG;D03T;tarde;D03;NIRRIG;NIRRIG;0.9995309510448429;True;-1.4488454100329062;0.8136202095453884;0.44750460298546374;0.32116783704828966;-1.6787568312146997
gradient_boosting;por_genotipo;BR16;4;624;B4_BR16_IRRIG_REPROD00000.asd;B4;BR16;IRRIG;D03T;tarde;D03;IRRIG;IRRIG;0.0007911329012232399;True;-1.4683648604804886;0.8431649692662715;0.464392037799901;0.33589571624478026;-1.5148583502753918
gradient_boosting;por_genotipo;BR16;4;625;B4_BR16_IRRIG_REPROD00001.asd;B4;BR16;IRRIG;D03T;tarde;D03;IRRIG;IRRIG;0.002028287939948108;True;-1.4754877097751697;0.8403527374898201;0.46128847584440286;0.32827441418736963;-1.5005481821893216
gradient_boosting;por_genotipo;BR16;4;628;B4_BR16_IRRIG_REPROD00004.asd;B4;BR16;IRRIG;D03T;tarde;D03;IRRIG;IRRIG;0.0024671601449681823;True;-1.5054615367290938;0.846086338135326;0.4874718364454901;0.3649600751086905;-1.529399545356482
gradient_boosting;por_genotipo;BR16;4;636;B4_BR16_NIRRIG_REPROD00004.asd;B4;BR16;NIRRIG;D03T;tarde;D03;NIRRIG;NIRRIG;0.9964817800311998;True;-1.4348330158747382;0.8250805277960304;0.4330214168079407;0.293649623477877;-1.6368255479675817
gradient_boosting;por_genotipo;BR16;4;638;B4_BR16_NIRRIG_REPROD00006.asd;B4;BR16;NIRRIG;D03T;tarde;D03;NIRRIG;NIRRIG;0.99644952694699;True;-1.4381580354189212;0.8190333776190887;0.4234001114163924;0.27594131013686485;-1.6195822739360008
gradient_boosting;por_genotipo;BR16;4;769;B1_BR16_IRRIG_REPROD00001.asd;B1;BR16;IRRIG;D04M;manha;D04;IRRIG;IRRIG;8.024043887803894e-05;True;-1.4903109036323903;0.8265595654522649;0.4926279857855786;0.38568306774852895;-1.540092645980288
gradient_boosting;por_genotipo;BR16;4;777;B1_BR16_NIRRIG_REPROD00001.asd;B1;BR16;NIRRIG;D04M;manha;D04;NIRRIG;NIRRIG;0.9824005393137208;True;-1.4079270684881566;0.816592468967317;0.4135541793446963;0.28160256663380734;-1.55267941802336
gradient_boosting;por_genotipo;BR16;4;783;B1_BR16_NIRRIG_REPROD00007.asd;B1;BR16;NIRRIG;D04M;manha;D04;NIRRIG;NIRRIG;0.9930207032918296;True;-1.4006627454275153;0.803178015962675;0.38669086280136833;0.2677617151280946;-1.5665127433650876
gradient_boosting;por_genotipo;BR16;4;786;B2_BR16_IRRIG_REPROD00002.asd;B2;BR16;IRRIG;D04M;manha;D04;IRRIG;IRRIG;0.028544370033120457;True;-1.4283104129795152;0.8157552386128337;0.43764835235401167;0.31574636273792245;-1.5561352122097467
gradient_boosting;por_genotipo;BR16;4;800;B3_BR16_IRRIG_REPROD00000.asd;B3;BR16;IRRIG;D04M;manha;D04;IRRIG;IRRIG;0.06836396627714475;True;-1.4013526523401987;0.834457578924256;0.4612138830492569;0.33847424433370116;-1.6132850202737496
gradient_boosting;por_genotipo;BR16;4;808;B3_BR16_NIRRIG_REPROD00000.asd;B3;BR16;NIRRIG;D04M;manha;D04;NIRRIG;NIRRIG;0.9539357251698527;True;-1.4384325487730714;0.8126566717928074;0.4326353118415635;0.3198826911754383;-1.6214764787220686
gradient_boosting;por_genotipo;BR16;4;812;B3_BR16_NIRRIG_REPROD00004.asd;B3;BR16;NIRRIG;D04M;manha;D04;NIRRIG;NIRRIG;0.9365427005584943;True;-1.4253461692194622;0.7984495405833176;0.4329537396925465;0.35591576727361374;-1.7025536241330486
gradient_boosting;por_genotipo;BR16;4;814;B3_BR16_NIRRIG_REPROD00006.asd;B3;BR16;NIRRIG;D04M;manha;D04;NIRRIG;NIRRIG;0.9385514751213188;True;-1.425486579242897;0.7965157699699511;0.4332963839655146;0.35673419688987595;-1.7091353538528813
gradient_boosting;por_genotipo;BR16;4;816;B4_BR16_IRRIG_REPROD00000.asd;B4;BR16;IRRIG;D04M;manha;D04;IRRIG;IRRIG;0.00012727927678007894;True;-1.531545258387775;0.8203939782750239;0.4552120753565387;0.3724635933373756;-1.481739415096861
gradient_boosting;por_genotipo;BR16;4;817;B4_BR16_IRRIG_REPROD00001.asd;B4;BR16;IRRIG;D04M;manha;D04;IRRIG;IRRIG;0.00012727927678007894;True;-1.5448060753846362;0.8200275780165431;0.4545226214604821;0.37027200682936373;-1.45953177074307
gradient_boosting;por_genotipo;BR16;4;820;B4_BR16_IRRIG_REPROD00004.asd;B4;BR16;IRRIG;D04M;manha;D04;IRRIG;IRRIG;0.000978458605250766;True;-1.4922916234025239;0.8312103997418419;0.4773123443175204;0.3704354858245861;-1.5138962985729953
gradient_boosting;por_genotipo;BR16;4;828;B4_BR16_NIRRIG_REPROD00004.asd;B4;BR16;NIRRIG;D04M;manha;D04;NIRRIG;NIRRIG;0.945083997707737;True;-1.4146000945622568;0.7973697962509226;0.38735900503148546;0.30049290417180696;-1.6178457683748184
gradient_boosting;por_genotipo;BR16;4;830;B4_BR16_NIRRIG_REPROD00006.asd;B4;BR16;NIRRIG;D04M;manha;D04;NIRRIG;NIRRIG;0.9453726448708581;True;-1.4149536022360292;0.7969430879758859;0.3885488480485306;0.29930293615239656;-1.614847676583875
gradient_boosting;por_genotipo;BR16;4;961;B1_BR16_IRRIG_REPROD00001.asd;B1;BR16;IRRIG;D05M;manha;D05;IRRIG;IRRIG;0.01735537466759474;True;-1.637287505142536;0.8439018180146959;0.49029589279557734;0.2971236765883811;-1.2260055416440625
gradient_boosting;por_genotipo;BR16;4;969;B1_BR16_NIRRIG_REPROD00001.asd;B1;BR16;NIRRIG;D05M;manha;D05;NIRRIG;NIRRIG;0.9978431104940235;True;-1.4050074349890835;0.8214665539973751;0.4553229366472217;0.2846627721248469;-1.6215541277635657
gradient_boosting;por_genotipo;BR16;4;975;B1_BR16_NIRRIG_REPROD00007.asd;B1;BR16;NIRRIG;D05M;manha;D05;NIRRIG;NIRRIG;0.9992448484335983;True;-1.4012763570595066;0.8221563093028303;0.447080524023926;0.2906757149464526;-1.619051127138936
gradient_boosting;por_genotipo;BR16;4;978;B2_BR16_IRRIG_REPROD00002.asd;B2;BR16;IRRIG;D05M;manha;D05;IRRIG;IRRIG;0.08227674877671483;True;-1.3749898654826067;0.8246637841331521;0.41866306133561904;0.2817337986781583;-1.520992138523901
gradient_boosting;por_genotipo;BR16;4;992;B3_BR16_IRRIG_REPROD00000.asd;B3;BR16;IRRIG;D05M;manha;D05;IRRIG;NIRRIG;0.8183214155841487;False;-1.3905115355359383;0.8267229910026288;0.4407646567059291;0.29753207008836463;-1.5842728665862784
gradient_boosting;por_genotipo;BR16;4;1000;B3_BR16_NIRRIG_REPROD00000.asd;B3;BR16;NIRRIG;D05M;manha;D05;NIRRIG;NIRRIG;0.9990749885376162;True;-1.3760001340272492;0.7898986988417906;0.46990069718185895;0.3841018616018173;-1.812896088435095
gradient_boosting;por_genotipo;BR16;4;1004;B3_BR16_NIRRIG_REPROD00004.asd;B3;BR16;NIRRIG;D05M;manha;D05;NIRRIG;NIRRIG;0.9957939339928058;True;-1.4258252344590674;0.7990843427734512;0.44679052739681413;0.3248688973569116;-1.6971976396248574
gradient_boosting;por_genotipo;BR16;4;1006;B3_BR16_NIRRIG_REPROD00006.asd;B3;BR16;NIRRIG;D05M;manha;D05;NIRRIG;NIRRIG;0.9831588726418813;True;-1.4196002104678755;0.7971101186087621;0.4539249346065082;0.33374458668683693;-1.719927105702985
gradient_boosting;por_genotipo;BR16;4;1008;B4_BR16_IRRIG_REPROD00000.asd;B4;BR16;IRRIG;D05M;manha;D05;IRRIG;IRRIG;0.00027964126952587776;True;-1.5560234438260196;0.8286050465760564;0.4382362424157888;0.3151261101095487;-1.4250338006548455
gradient_boosting;por_genotipo;BR16;4;1009;B4_BR16_IRRIG_REPROD00001.asd;B4;BR16;IRRIG;D05M;manha;D05;IRRIG;IRRIG;0.001289617843327064;True;-1.565732370563572;0.8296009562427035;0.44030764721475;0.3133082333094848;-1.409440981221017
gradient_boosting;por_genotipo;BR16;4;1012;B4_BR16_IRRIG_REPROD00004.asd;B4;BR16;IRRIG;D05M;manha;D05;IRRIG;IRRIG;4.160050361674579e-05;True;-1.4936047985950183;0.827189768808105;0.4468157919550903;0.33083748499301446;-1.4855977026208431
gradient_boosting;por_genotipo;BR16;4;1020;B4_BR16_NIRRIG_REPROD00004.asd;B4;BR16;NIRRIG;D05M;manha;D05;NIRRIG;NIRRIG;0.9999492223088077;True;-1.3815166138472754;0.8069896531592868;0.45899191576472326;0.34724834455212183;-1.7293684868268473
gradient_boosting;por_genotipo;BR16;4;1022;B4_BR16_NIRRIG_REPROD00006.asd;B4;BR16;NIRRIG;D05M;manha;D05;NIRRIG;NIRRIG;0.9999437571342574;True;-1.3769259206217714;0.8060861338305324;0.4625776772428961;0.3540749615899381;-1.7445551146445115
gradient_boosting;por_genotipo;BR16;4;1153;B1_BR16_IRRIG_REPROD00001.asd;B1;BR16;IRRIG;D06M;manha;D06;IRRIG;IRRIG;0.001094004478594769;True;-1.5216682342993295;0.8268682914040372;0.4466559624358387;0.3125388180005762;-1.3987552670028327
gradient_boosting;por_genotipo;BR16;4;1161;B1_BR16_NIRRIG_REPROD00001.asd;B1;BR16;NIRRIG;D06M;manha;D06;NIRRIG;NIRRIG;0.9994246507658264;True;-1.3796225518119452;0.8139603878331906;0.4992442471826442;0.3919363533028625;-1.7607314835365608
gradient_boosting;por_genotipo;BR16;4;1167;B1_BR16_NIRRIG_REPROD00007.asd;B1;BR16;NIRRIG;D06M;manha;D06;NIRRIG;NIRRIG;0.9996575717843144;True;-1.3836492789721229;0.8091195818178197;0.4495490408923561;0.34578668367312326;-1.669806850913674
gradient_boosting;por_genotipo;BR16;4;1170;B2_BR16_IRRIG_REPROD00002.asd;B2;BR16;IRRIG;D06M;manha;D06;IRRIG;IRRIG;0.0004283534747356146;True;-1.5506456320072257;0.8290980235205272;0.45583778900621086;0.29746950254507687;-1.368991020423237
gradient_boosting;por_genotipo;BR16;4;1184;B3_BR16_IRRIG_REPROD00000.asd;B3;BR16;IRRIG;D06M;manha;D06;IRRIG;IRRIG;0.016170487045879037;True;-1.4851455385651913;0.8245408614711021;0.4243322333702383;0.28241641585005794;-1.4232853209626573
gradient_boosting;por_genotipo;BR16;4;1192;B3_BR16_NIRRIG_REPROD00000.asd;B3;BR16;NIRRIG;D06M;manha;D06;NIRRIG;NIRRIG;0.9708602751228071;True;-1.4094080189208547;0.8133711351692552;0.4643717092407936;0.3295119301714923;-1.6883051414884813
gradient_boosting;por_genotipo;BR16;4;1196;B3_BR16_NIRRIG_REPROD00004.asd;B3;BR16;NIRRIG;D06M;manha;D06;NIRRIG;NIRRIG;0.9965285009054606;True;-1.3875455200805402;0.7892133019842406;0.47911094025952344;0.3833994614020257;-1.8182729552802517
gradient_boosting;por_genotipo;BR16;4;1198;B3_BR16_NIRRIG_REPROD00006.asd;B3;BR16;NIRRIG;D06M;manha;D06;NIRRIG;NIRRIG;0.997178214188922;True;-1.3879920470005132;0.7896630052255321;0.4827105738593904;0.3812755990422181;-1.8282741202977881
gradient_boosting;por_genotipo;BR16;4;1200;B4_BR16_IRRIG_REPROD00000.asd;B4;BR16;IRRIG;D06M;manha;D06;IRRIG;IRRIG;0.0014948500216114882;True;-1.524882309518427;0.8247061685478505;0.43240551787594095;0.3169281489785854;-1.3834968590827934
gradient_boosting;por_genotipo;BR16;4;1201;B4_BR16_IRRIG_REPROD00001.asd;B4;BR16;IRRIG;D06M;manha;D06;IRRIG;IRRIG;0.0005952726262569629;True;-1.5283371473364686;0.8256253668098481;0.4342974716902311;0.31606392573158115;-1.383429334199744
gradient_boosting;por_genotipo;BR16;4;1204;B4_BR16_IRRIG_REPROD00004.asd;B4;BR16;IRRIG;D06M;manha;D06;IRRIG;IRRIG;0.0019110292483628503;True;-1.4962269661818586;0.8197203881882936;0.4195602169563114;0.28967440772422376;-1.444905409437211
gradient_boosting;por_genotipo;BR16;4;1212;B4_BR16_NIRRIG_REPROD00004.asd;B4;BR16;NIRRIG;D06M;manha;D06;NIRRIG;NIRRIG;0.9999158159561885;True;-1.3862899711711405;0.805066904376576;0.4800589901884126;0.36172881902854276;-1.74149760463167
gradient_boosting;por_genotipo;BR16;4;1214;B4_BR16_NIRRIG_REPROD00006.asd;B4;BR16;NIRRIG;D06M;manha;D06;NIRRIG;NIRRIG;0.9996878355097988;True;-1.378316317972145;0.8066359778151777;0.4890968506848698;0.3782459895095957;-1.7689696452240196
gradient_boosting;por_genotipo;BR16;4;1347;B1_BR16_IRR_REP_RECUP00003.asd;B1;BR16;IRRIG;D09M;manha;D09;IRRIG;IRRIG;0.004129907520099898;True;-1.4538726499163843;0.8625106330756109;0.5041568551720845;0.35893585577394677;-1.4968470869042503
gradient_boosting;por_genotipo;BR16;4;1348;B1_BR16_IRR_REP_RECUP00004.asd;B1;BR16;IRRIG;D09M;manha;D09;IRRIG;IRRIG;0.021126714241535775;True;-1.3912550005769682;0.8458699052179973;0.481324214055838;0.3245233185715665;-1.5982289230069733
gradient_boosting;por_genotipo;BR16;4;1353;B1_BR16_NIRR_REP_RECUP00001.asd;B1;BR16;NIRRIG;D09M;manha;D09;NIRRIG;NIRRIG;0.9947636807049912;True;-1.3778903386962351;0.8309553359711674;0.4820382682844488;0.35612286069224625;-1.6853640581411728
gradient_boosting;por_genotipo;BR16;4;1357;B1_BR16_NIRR_REP_RECUP00005.asd;B1;BR16;NIRRIG;D09M;manha;D09;NIRRIG;NIRRIG;0.998062323505795;True;-1.3570198206352853;0.7948980799900192;0.4899745225704865;0.3959248271642444;-1.8353944068101848
gradient_boosting;por_genotipo;BR16;4;1360;B2_BR16_IRR_REP_RECUP00000.asd;B2;BR16;IRRIG;D09M;manha;D09;IRRIG;IRRIG;0.0005530054774639948;True;-1.501191244591441;0.8097553615666395;0.42521836847899047;0.3152914358604966;-1.4971019357434507
gradient_boosting;por_genotipo;BR16;4;1363;B2_BR16_IRR_REP_RECUP00003.asd;B2;BR16;IRRIG;D09M;manha;D09;IRRIG;IRRIG;0.001045757867092976;True;-1.51652462214109;0.8091053727327056;0.4282158976758882;0.310549470312638;-1.470800440935517
gradient_boosting;por_genotipo;BR16;4;1366;B2_BR16_IRR_REP_RECUP00006.asd;B2;BR16;IRRIG;D09M;manha;D09;IRRIG;NIRRIG;0.6509822469302701;False;-1.4263735867015321;0.7958882433120454;0.4314256842066523;0.3751259322928272;-1.6799936924511354
gradient_boosting;por_genotipo;BR16;4;1368;B2_BR16_NIRR_REP_RECUP00000.asd;B2;BR16;NIRRIG;D09M;manha;D09;NIRRIG;NIRRIG;0.9901913230915822;True;-1.3960337889024825;0.8154472262634682;0.4465543578601479;0.3535543050429407;-1.6417894268204045
gradient_boosting;por_genotipo;BR16;4;1372;B2_BR16_NIRR_REP_RECUP00004.asd;B2;BR16;NIRRIG;D09M;manha;D09;NIRRIG;NIRRIG;0.9592115782067577;True;-1.4130389289954373;0.8192435989508077;0.42452936177102246;0.3049570644895611;-1.5923165304890634
gradient_boosting;por_genotipo;BR16;4;1375;B2_BR16_NIRR_REP_RECUP00007.asd;B2;BR16;NIRRIG;D09M;manha;D09;NIRRIG;NIRRIG;0.9954136795438818;True;-1.4269942477606978;0.8008062726497462;0.40124655184731534;0.2895744296549458;-1.5656163936399836
gradient_boosting;por_genotipo;BR16;4;1379;B3_BR16_IRR_REP_RECUP00003.asd;B3;BR16;IRRIG;D09M;manha;D09;IRRIG;IRRIG;0.0035291448959237494;True;-1.4949522229602683;0.8268152844892116;0.4205245886083913;0.3002449010845607;-1.4069915090871186
gradient_boosting;por_genotipo;BR16;4;1385;B3_BR16_NIRR_REP_RECUP00001.asd;B3;BR16;NIRRIG;D09M;manha;D09;NIRRIG;NIRRIG;0.9548319706672866;True;-1.3902182784254329;0.8160174488659651;0.4226825172251857;0.30677494619439777;-1.5999619001992214
gradient_boosting;por_genotipo;BR16;4;1396;B4_BR16_IRR_REP_RECUP00004.asd;B4;BR16;IRRIG;D09M;manha;D09;IRRIG;IRRIG;0.061365846658477774;True;-1.4816351097835374;0.7977925304027367;0.3689619069831219;0.29026274143744346;-1.4564717960928797
gradient_boosting;por_genotipo;BR16;4;1543;B1_BR16_IRR_REP_RECUP00003.asd;B1;BR16;IRRIG;D09T;tarde;D09;IRRIG;IRRIG;0.13632942738673515;True;-1.3990951003498537;0.8393170577997003;0.4635480005882278;0.3146262121639983;-1.552115027493324
gradient_boosting;por_genotipo;BR16;4;1544;B1_BR16_IRR_REP_RECUP00004.asd;B1;BR16;IRRIG;D09T;tarde;D09;IRRIG;IRRIG;0.04933457090386546;True;-1.3982570699516779;0.8466981394550893;0.47061035926355094;0.31940533898376144;-1.5900303769544832
gradient_boosting;por_genotipo;BR16;4;1549;B1_BR16_NIRR_REP_RECUP00001.asd;B1;BR16;NIRRIG;D09T;tarde;D09;NIRRIG;NIRRIG;0.6326990678057375;True;-1.4028351221605138;0.8358255000604676;0.4361610919748297;0.31897053492415395;-1.591884580823765
gradient_boosting;por_genotipo;BR16;4;1553;B1_BR16_NIRR_REP_RECUP00005.asd;B1;BR16;NIRRIG;D09T;tarde;D09;NIRRIG;NIRRIG;0.9675147479849446;True;-1.4352255666101184;0.8036599529344013;0.42276507028031857;0.33360121921558533;-1.6652033084372935
gradient_boosting;por_genotipo;BR16;4;1556;B2_BR16_IRR_REP_RECUP00000.asd;B2;BR16;IRRIG;D09T;tarde;D09;IRRIG;NIRRIG;0.9341059075278408;False;-1.4148899397096888;0.8506504827170009;0.48012530990104635;0.373935236838902;-1.6632523410012579
gradient_boosting;por_genotipo;BR16;4;1559;B2_BR16_IRR_REP_RECUP00003.asd;B2;BR16;IRRIG;D09T;tarde;D09;IRRIG;IRRIG;0.01783408169412258;True;-1.4365024517705993;0.8542456499730133;0.48246870298452804;0.39157793091253856;-1.6423063319169804
gradient_boosting;por_genotipo;BR16;4;1562;B2_BR16_IRR_REP_RECUP00006.asd;B2;BR16;IRRIG;D09T;tarde;D09;IRRIG;IRRIG;0.24868014226702417;True;-1.413605564512703;0.8000732466783976;0.4174014186512687;0.3535976229898824;-1.6721677409803
gradient_boosting;por_genotipo;BR16;4;1575;B3_BR16_IRR_REP_RECUP00003.asd;B3;BR16;IRRIG;D09T;tarde;D09;IRRIG;IRRIG;0.03076220306621408;True;-1.461445597785727;0.842699441909311;0.44081451608119854;0.31496422475275554;-1.4527079415954893
gradient_boosting;por_genotipo;BR16;4;1581;B3_BR16_NIRR_REP_RECUP00001.asd;B3;BR16;NIRRIG;D09T;tarde;D09;NIRRIG;NIRRIG;0.9860017768273807;True;-1.3899152896182525;0.8219641376247896;0.386744947476553;0.2913601031590668;-1.5284337017656549
gradient_boosting;por_genotipo;BR16;4;1592;B4_BR16_IRR_REP_RECUP00004.asd;B4;BR16;IRRIG;D09T;tarde;D09;IRRIG;IRRIG;0.00347629968788385;True;-1.475623644677928;0.8433290242806111;0.4384076764893251;0.3488791615110502;-1.5357204124935695
gradient_boosting;por_genotipo;BR16;4;1735;B1_BR16_IRR_REP_RECUP00003.asd;B1;BR16;IRRIG;D10M;manha;D10;IRRIG;IRRIG;0.01231680480126569;True;-1.4208397457057322;0.824633209910521;0.4328104554316339;0.28097724755483455;-1.4903816820362514
gradient_boosting;por_genotipo;BR16;4;1736;B1_BR16_IRR_REP_RECUP00004.asd;B1;BR16;IRRIG;D10M;manha;D10;IRRIG;IRRIG;0.1926977611247474;True;-1.4133292521529872;0.8285574953747361;0.46002188487396595;0.31013529152394737;-1.5791802848123275
gradient_boosting;por_genotipo;BR16;4;1741;B1_BR16_NIRR_REP_RECUP00001.asd;B1;BR16;NIRRIG;D10M;manha;D10;NIRRIG;NIRRIG;0.9899375422468308;True;-1.4151147362945717;0.8112773126617943;0.41190616072943936;0.3111778671953641;-1.6020603785769578
gradient_boosting;por_genotipo;BR16;4;1745;B1_BR16_NIRR_REP_RECUP00005.asd;B1;BR16;NIRRIG;D10M;manha;D10;NIRRIG;NIRRIG;0.9598148520156641;True;-1.4078499108743792;0.8228279812603818;0.441219592206203;0.29369048598929626;-1.5688622259895417
gradient_boosting;por_genotipo;BR16;4;1780;B2_BR16_IRR_REP_RECUP00000.asd;B2;BR16;IRRIG;D10M;manha;D10;IRRIG;NIRRIG;0.9834148140048269;False;-1.4350883351937023;0.8039049294492405;0.4420956146316893;0.32948687554545647;-1.663209045054894
gradient_boosting;por_genotipo;BR16;4;1783;B2_BR16_IRR_REP_RECUP00003.asd;B2;BR16;IRRIG;D10M;manha;D10;IRRIG;NIRRIG;0.9672247304833028;False;-1.4342881643476677;0.8020349021346155;0.44353041400042875;0.3333936495408493;-1.6624643246246802
gradient_boosting;por_genotipo;BR16;4;1786;B2_BR16_IRR_REP_RECUP00006.asd;B2;BR16;IRRIG;D10M;manha;D10;IRRIG;IRRIG;0.0008882982753032705;True;-1.546552436650684;0.8413471025445713;0.47218405690174853;0.3364275228869308;-1.4888916211743883
gradient_boosting;por_genotipo;BR16;4;1788;B2_BR16_NIRR_REP_RECUP00000.asd;B2;BR16;NIRRIG;D10M;manha;D10;NIRRIG;NIRRIG;0.9800812622050487;True;-1.4149920396834326;0.8025600086848487;0.3517300104563716;0.2057093750790153;-1.4541483641424846
gradient_boosting;por_genotipo;BR16;4;1792;B2_BR16_NIRR_REP_RECUP00004.asd;B2;BR16;NIRRIG;D10M;manha;D10;NIRRIG;IRRIG;0.47941161546556005;False;-1.4135511741233129;0.8274427166138763;0.450853349444806;0.32632095383494153;-1.6230101617908947
gradient_boosting;por_genotipo;BR16;4;1795;B2_BR16_NIRR_REP_RECUP00007.asd;B2;BR16;NIRRIG;D10M;manha;D10;NIRRIG;IRRIG;0.01799601206149778;False;-1.410688576224715;0.8298284211217959;0.4565944151194233;0.3306375532127597;-1.6292725228828233
gradient_boosting;por_genotipo;BR16;4;1831;B3_BR16_IRR_REP_RECUP00003.asd;B3;BR16;IRRIG;D10M;manha;D10;IRRIG;IRRIG;0.0005768054411481781;True;-1.519562566873594;0.8551404935536006;0.46866662215785876;0.3275963949041715;-1.4235240419730775
gradient_boosting;por_genotipo;BR16;4;1837;B3_BR16_NIRR_REP_RECUP00001.asd;B3;BR16;NIRRIG;D10M;manha;D10;NIRRIG;IRRIG;0.3107360967468547;False;-1.4650764634384952;0.8401701343113177;0.4341641916107296;0.2943381373814793;-1.4521434858968927
gradient_boosting;por_genotipo;BR16;4;1880;B4_BR16_IRR_REP_RECUP00004.asd;B4;BR16;IRRIG;D10M;manha;D10;IRRIG;IRRIG;0.0034074817060413287;True;-1.5081346296846596;0.833069892873086;0.43074150089870206;0.3377464028213968;-1.550045688414067
gradient_boosting;por_genotipo;BR16;5;2;B1_BR16_IRRIG_REPROD00002.asd;B1;BR16;IRRIG;D02M;manha;D02;IRRIG;IRRIG;0.014191111628490582;True;-1.4352866727477644;0.8160057882250968;0.43947201621688103;0.2993464534097127;-1.5525508158955272
gradient_boosting;por_genotipo;BR16;5;7;B1_BR16_IRRIG_REPROD00007.asd;B1;BR16;IRRIG;D02M;manha;D02;IRRIG;IRRIG;0.016334572989403533;True;-1.4450729921185261;0.828755292147278;0.43675224719319405;0.302271281888792;-1.5126042942916733
gradient_boosting;por_genotipo;BR16;5;8;B1_BR16_NIRRIG_REPROD00000.asd;B1;BR16;NIRRIG;D02M;manha;D02;NIRRIG;IRRIG;0.39762430878828325;False;-1.4163392129695058;0.8397627631989178;0.47454389179874024;0.31181837812749297;-1.546885165317111
gradient_boosting;por_genotipo;BR16;5;20;B2_BR16_IRRIG_REPROD00004.asd;B2;BR16;IRRIG;D02M;manha;D02;IRRIG;IRRIG;0.05208694616326437;True;-1.4545677370086112;0.8188808575055639;0.4747738669531292;0.34828418533796346;-1.6271445834334899
gradient_boosting;por_genotipo;BR16;5;22;B2_BR16_IRRIG_REPROD00006.asd;B2;BR16;IRRIG;D02M;manha;D02;IRRIG;IRRIG;0.09222936146882921;True;-1.4580291240094265;0.8176536918196693;0.4755664304599503;0.35503058544703664;-1.6317256345928286
gradient_boosting;por_genotipo;BR16;5;28;B2_BR16_NIRRIG_REPROD00004.asd;B2;BR16;NIRRIG;D02M;manha;D02;NIRRIG;NIRRIG;0.8298510133722552;True;-1.4132760734175183;0.8033167855679711;0.380409730144922;0.24507528366135722;-1.4927582393744188
gradient_boosting;por_genotipo;BR16;5;30;B2_BR16_NIRRIG_REPROD00006.asd;B2;BR16;NIRRIG;D02M;manha;D02;NIRRIG;NIRRIG;0.875141276289919;True;-1.4146680876432174;0.801101827197727;0.3806342330370429;0.24516904888691954;-1.4939713717677892
gradient_boosting;por_genotipo;BR16;5;31;B2_BR16_NIRRIG_REPROD00007.asd;B2;BR16;NIRRIG;D02M;manha;D02;NIRRIG;NIRRIG;0.875141276289919;True;-1.4143738512551751;0.8009894642305858;0.38224075640347027;0.24677234552368402;-1.496060893803402
gradient_boosting;por_genotipo;BR16;5;35;B3_BR16_IRRIG_REPROD00003.asd;B3;BR16;IRRIG;D02M;manha;D02;IRRIG;IRRIG;0.00039787724519200183;True;-1.4438337527756233;0.8289896370665369;0.45371674288984365;0.34125656667350496;-1.576679690590945
gradient_boosting;por_genotipo;BR16;5;37;B3_BR16_IRRIG_REPROD00005.asd;B3;BR16;IRRIG;D02M;manha;D02;IRRIG;IRRIG;0.0008738541547178928;True;-1.4479021076374683;0.8474941155405193;0.48472857860199925;0.3530491177248577;-1.593535573487504
gradient_boosting;por_genotipo;BR16;5;43;B3_BR16_NIRRIG_REPROD00003.asd;B3;BR16;NIRRIG;D02M;manha;D02;NIRRIG;IRRIG;0.38875638830158715;False;-1.4489550408875875;0.8323840179193077;0.4864120286432697;0.3547730243862702;-1.6674538411628395
gradient_boosting;por_genotipo;BR16;5;47;B3_BR16_NIRRIG_REPROD00007.asd;B3;BR16;NIRRIG;D02M;manha;D02;NIRRIG;NIRRIG;0.9975146358771084;True;-1.4156120848983837;0.8091655146467371;0.4707324013338821;0.3346831745882511;-1.7140134217120777
gradient_boosting;por_genotipo;BR16;5;194;B1_BR16_IRRIG_REPROD00002.asd;B1;BR16;IRRIG;D02T;tarde;D02;IRRIG;IRRIG;0.00021630203422593183;True;-1.4394440536461088;0.845889595137109;0.48855070810637696;0.3521919809301219;-1.5887662800495204
gradient_boosting;por_genotipo;BR16;5;199;B1_BR16_IRRIG_REPROD00007.asd;B1;BR16;IRRIG;D02T;tarde;D02;IRRIG;IRRIG;0.0060431935328593925;True;-1.4474299878274621;0.8302018911730898;0.4389182187961121;0.3052520633914884;-1.540286195661849
gradient_boosting;por_genotipo;BR16;5;200;B1_BR16_NIRRIG_REPROD00000.asd;B1;BR16;NIRRIG;D02T;tarde;D02;NIRRIG;NIRRIG;0.9543484270067911;True;-1.3827676222244167;0.8130118294552723;0.45350430239223166;0.33505037396399706;-1.6409763640978938
gradient_boosting;por_genotipo;BR16;5;212;B2_BR16_IRRIG_REPROD00004.asd;B2;BR16;IRRIG;D02T;tarde;D02;IRRIG;IRRIG;0.37416839456428896;True;-1.3986677579876352;0.7971281804267473;0.4317966064624468;0.33263055099482525;-1.6866771997630048
gradient_boosting;por_genotipo;BR16;5;214;B2_BR16_IRRIG_REPROD00006.asd;B2;BR16;IRRIG;D02T;tarde;D02;IRRIG;NIRRIG;0.8436003734323118;False;-1.3959623113773776;0.8014546247546211;0.4388684295559197;0.3373253642719524;-1.6955051344683678
gradient_boosting;por_genotipo;BR16;5;220;B2_BR16_NIRRIG_REPROD00004.asd;B2;BR16;NIRRIG;D02T;tarde;D02;NIRRIG;NIRRIG;0.8365063706214537;True;-1.3949177660307315;0.8009404418433146;0.3912374496954028;0.2775168197196879;-1.5839784169137914
gradient_boosting;por_genotipo;BR16;5;222;B2_BR16_NIRRIG_REPROD00006.asd;B2;BR16;NIRRIG;D02T;tarde;D02;NIRRIG;NIRRIG;0.9827400453332912;True;-1.3991245902760774;0.7961760499711871;0.3879937471046091;0.27632999058474467;-1.5846627501208128
gradient_boosting;por_genotipo;BR16;5;223;B2_BR16_NIRRIG_REPROD00007.asd;B2;BR16;NIRRIG;D02T;tarde;D02;NIRRIG;NIRRIG;0.9853789735789985;True;-1.3995999255544131;0.7961414559582702;0.3904620633113304;0.2806781689329369;-1.5897638763604358
gradient_boosting;por_genotipo;BR16;5;227;B3_BR16_IRRIG_REPROD00003.asd;B3;BR16;IRRIG;D02T;tarde;D02;IRRIG;IRRIG;0.033877383629731375;True;-1.3746601035760035;0.7813830957832655;0.3686019271627097;0.2823751016612407;-1.578774618417424
gradient_boosting;por_genotipo;BR16;5;229;B3_BR16_IRRIG_REPROD00005.asd;B3;BR16;IRRIG;D02T;tarde;D02;IRRIG;IRRIG;0.15673804244359593;True;-1.4072540056848004;0.799421758470065;0.3932984458793569;0.315468237831518;-1.6159886382003097
gradient_boosting;por_genotipo;BR16;5;235;B3_BR16_NIRRIG_REPROD00003.asd;B3;BR16;NIRRIG;D02T;tarde;D02;NIRRIG;NIRRIG;0.9989778400738444;True;-1.3960085383712202;0.7874171856798645;0.445242719682545;0.36376390678131565;-1.7457758200263607
gradient_boosting;por_genotipo;BR16;5;239;B3_BR16_NIRRIG_REPROD00007.asd;B3;BR16;NIRRIG;D02T;tarde;D02;NIRRIG;NIRRIG;0.998715311981461;True;-1.3397525420721699;0.7606328681888586;0.4457001816150927;0.3792898794267247;-1.838670663089605
gradient_boosting;por_genotipo;BR16;5;386;B1_BR16_IRRIG_REPROD00002.asd;B1;BR16;IRRIG;D03M;manha;D03;IRRIG;IRRIG;0.038037324831527296;True;-1.4142588123247715;0.8386427915373728;0.4333132186537417;0.3410066272007532;-1.5637906394877805
gradient_boosting;por_genotipo;BR16;5;391;B1_BR16_IRRIG_REPROD00007.asd;B1;BR16;IRRIG;D03M;manha;D03;IRRIG;IRRIG;0.01472067148072628;True;-1.4293100564740906;0.828410441363773;0.4575504175984185;0.363302363509339;-1.6032398178258
gradient_boosting;por_genotipo;BR16;5;392;B1_BR16_NIRRIG_REPROD00000.asd;B1;BR16;NIRRIG;D03M;manha;D03;NIRRIG;NIRRIG;0.999809819738994;True;-1.3004917474814623;0.8083922392855231;0.5174350750547676;0.42435907326580585;-1.826508323164091
gradient_boosting;por_genotipo;BR16;5;404;B2_BR16_IRRIG_REPROD00004.asd;B2;BR16;IRRIG;D03M;manha;D03;IRRIG;IRRIG;0.028436354175648455;True;-1.3923618929309034;0.8258868892446315;0.4620513779141538;0.3330641191405377;-1.5955352972544998
gradient_boosting;por_genotipo;BR16;5;406;B2_BR16_IRRIG_REPROD00006.asd;B2;BR16;IRRIG;D03M;manha;D03;IRRIG;IRRIG;0.031562965028873305;True;-1.3895377347794344;0.8287740929600432;0.4727740526496076;0.3420212985900587;-1.6122783728320802
gradient_boosting;por_genotipo;BR16;5;412;B2_BR16_NIRRIG_REPROD00004.asd;B2;BR16;NIRRIG;D03M;manha;D03;NIRRIG;NIRRIG;0.9992709516548214;True;-1.3749299696116548;0.7964128225140883;0.459413252672632;0.3741617655122194;-1.7516853360731321
gradient_boosting;por_genotipo;BR16;5;414;B2_BR16_NIRRIG_REPROD00006.asd;B2;BR16;NIRRIG;D03M;manha;D03;NIRRIG;NIRRIG;0.999348445878179;True;-1.3712079255202547;0.7970669461622892;0.4623739963860894;0.3775820359561781;-1.759265899682858
gradient_boosting;por_genotipo;BR16;5;415;B2_BR16_NIRRIG_REPROD00007.asd;B2;BR16;NIRRIG;D03M;manha;D03;NIRRIG;NIRRIG;0.999348445878179;True;-1.3681734077272145;0.7979983533183068;0.46515809839986955;0.3800754831051125;-1.7654089615206445
gradient_boosting;por_genotipo;BR16;5;419;B3_BR16_IRRIG_REPROD00003.asd;B3;BR16;IRRIG;D03M;manha;D03;IRRIG;IRRIG;7.57931452413811e-05;True;-1.4916827854062402;0.8362816264205765;0.4349703573506146;0.3349142510813755;-1.4783635419089984
gradient_boosting;por_genotipo;BR16;5;421;B3_BR16_IRRIG_REPROD00005.asd;B3;BR16;IRRIG;D03M;manha;D03;IRRIG;IRRIG;0.11927904029536779;True;-1.412411788252098;0.829919020379895;0.4633716072121367;0.36347451361354355;-1.6510377519830002
gradient_boosting;por_genotipo;BR16;5;427;B3_BR16_NIRRIG_REPROD00003.asd;B3;BR16;NIRRIG;D03M;manha;D03;NIRRIG;NIRRIG;0.9995385269883353;True;-1.3876239160286454;0.8056299230844463;0.47264859724032204;0.37887305399852117;-1.7613490485077505
gradient_boosting;por_genotipo;BR16;5;431;B3_BR16_NIRRIG_REPROD00007.asd;B3;BR16;NIRRIG;D03M;manha;D03;NIRRIG;NIRRIG;0.9990133136463171;True;-1.40995602430791;0.8228839869536471;0.4652770013254609;0.3491648772039545;-1.7055859433309368
gradient_boosting;por_genotipo;BR16;5;578;B1_BR16_IRRIG_REPROD00002.asd;B1;BR16;IRRIG;D03T;tarde;D03;IRRIG;IRRIG;0.13189545521389967;True;-1.4300431425963813;0.8221618762066855;0.39126528805970023;0.2560032016123873;-1.5019635649558465
gradient_boosting;por_genotipo;BR16;5;583;B1_BR16_IRRIG_REPROD00007.asd;B1;BR16;IRRIG;D03T;tarde;D03;IRRIG;IRRIG;0.04625229677994776;True;-1.4124912271094727;0.8280296160748818;0.46522608938874993;0.33905380969285726;-1.6263424585318018
gradient_boosting;por_genotipo;BR16;5;584;B1_BR16_NIRRIG_REPROD00000.asd;B1;BR16;NIRRIG;D03T;tarde;D03;NIRRIG;NIRRIG;0.8228483229956596;True;-1.4000609053876638;0.8227249385513924;0.4735481837599188;0.34329550244651635;-1.6634121574364562
gradient_boosting;por_genotipo;BR16;5;596;B2_BR16_IRRIG_REPROD00004.asd;B2;BR16;IRRIG;D03T;tarde;D03;IRRIG;IRRIG;0.016428086527977524;True;-1.4121920512813022;0.8442043265847156;0.47223446897753224;0.34793541773887754;-1.6210448743782289
gradient_boosting;por_genotipo;BR16;5;598;B2_BR16_IRRIG_REPROD00006.asd;B2;BR16;IRRIG;D03T;tarde;D03;IRRIG;IRRIG;0.08806037747372233;True;-1.4121345417314946;0.8431023534990417;0.47284693690662216;0.34453738359229247;-1.6172652035532682
gradient_boosting;por_genotipo;BR16;5;604;B2_BR16_NIRRIG_REPROD00004.asd;B2;BR16;NIRRIG;D03T;tarde;D03;NIRRIG;NIRRIG;0.9948224843806903;True;-1.432832936956709;0.8086076686099782;0.44372740291136853;0.30750948107727893;-1.6431372201522672
gradient_boosting;por_genotipo;BR16;5;606;B2_BR16_NIRRIG_REPROD00006.asd;B2;BR16;NIRRIG;D03T;tarde;D03;NIRRIG;NIRRIG;0.9948224843806903;True;-1.430825223788061;0.8076195967684471;0.4451713060619644;0.3104811965973947;-1.6461158218607645
gradient_boosting;por_genotipo;BR16;5;607;B2_BR16_NIRRIG_REPROD00007.asd;B2;BR16;NIRRIG;D03T;tarde;D03;NIRRIG;NIRRIG;0.96148091586482;True;-1.4291279929733318;0.8083591490829606;0.44789719780398624;0.31360101010844804;-1.6545108992507611
gradient_boosting;por_genotipo;BR16;5;611;B3_BR16_IRRIG_REPROD00003.asd;B3;BR16;IRRIG;D03T;tarde;D03;IRRIG;IRRIG;0.11135965648322449;True;-1.4442984904787879;0.8302793358456013;0.4174435371006516;0.30895507993521276;-1.5624981951361507
gradient_boosting;por_genotipo;BR16;5;613;B3_BR16_IRRIG_REPROD00005.asd;B3;BR16;IRRIG;D03T;tarde;D03;IRRIG;IRRIG;0.3974434315985917;True;-1.4214125910185225;0.8278765566954285;0.45447359535460735;0.3287905387903027;-1.6332128496966942
gradient_boosting;por_genotipo;BR16;5;619;B3_BR16_NIRRIG_REPROD00003.asd;B3;BR16;NIRRIG;D03T;tarde;D03;NIRRIG;NIRRIG;0.9969693763493633;True;-1.4202590819797625;0.8058054771425056;0.4425578629103281;0.3440027651319951;-1.7213354264543441
gradient_boosting;por_genotipo;BR16;5;623;B3_BR16_NIRRIG_REPROD00007.asd;B3;BR16;NIRRIG;D03T;tarde;D03;NIRRIG;NIRRIG;0.9990377038216156;True;-1.4493450676884594;0.8122064596157549;0.4460631688922532;0.3231752109815091;-1.6806435999292635
gradient_boosting;por_genotipo;BR16;5;770;B1_BR16_IRRIG_REPROD00002.asd;B1;BR16;IRRIG;D04M;manha;D04;IRRIG;IRRIG;5.876940751109047e-06;True;-1.4911910829721764;0.8271827841189849;0.4942173614549319;0.3855651184651055;-1.5400071310713213
gradient_boosting;por_genotipo;BR16;5;775;B1_BR16_IRRIG_REPROD00007.asd;B1;BR16;IRRIG;D04M;manha;D04;IRRIG;IRRIG;7.310189849461163e-06;True;-1.5361820470213792;0.8333757241339771;0.47371584720232307;0.3464773467541927;-1.4691283579269978
gradient_boosting;por_genotipo;BR16;5;776;B1_BR16_NIRRIG_REPROD00000.asd;B1;BR16;NIRRIG;D04M;manha;D04;NIRRIG;NIRRIG;0.9830313412010963;True;-1.409057109278021;0.8175499719358508;0.4134331613986245;0.28089173863980516;-1.5538706261201962
gradient_boosting;por_genotipo;BR16;5;788;B2_BR16_IRRIG_REPROD00004.asd;B2;BR16;IRRIG;D04M;manha;D04;IRRIG;IRRIG;0.00047715300744431325;True;-1.5309306396342117;0.8045179747393614;0.4339524737405299;0.33897880849126594;-1.4932729835813972
gradient_boosting;por_genotipo;BR16;5;790;B2_BR16_IRRIG_REPROD00006.asd;B2;BR16;IRRIG;D04M;manha;D04;IRRIG;IRRIG;0.0002724205151836842;True;-1.5427293013634744;0.8060457587893419;0.43670191067909075;0.3360689405850275;-1.4754525908837044
gradient_boosting;por_genotipo;BR16;5;796;B2_BR16_NIRRIG_REPROD00004.asd;B2;BR16;NIRRIG;D04M;manha;D04;NIRRIG;NIRRIG;0.9027298414559722;True;-1.4186617083445645;0.8067830847445537;0.36721385835975845;0.27522426010875634;-1.521544185760109
gradient_boosting;por_genotipo;BR16;5;798;B2_BR16_NIRRIG_REPROD00006.asd;B2;BR16;NIRRIG;D04M;manha;D04;NIRRIG;NIRRIG;0.9125287869773989;True;-1.4179668733824546;0.8057312628494214;0.3671105869227787;0.2770845636501893;-1.5232276385767662
gradient_boosting;por_genotipo;BR16;5;799;B2_BR16_NIRRIG_REPROD00007.asd;B2;BR16;NIRRIG;D04M;manha;D04;NIRRIG;NIRRIG;0.9125287869773989;True;-1.4190857013040807;0.8053237125398962;0.3678192453199693;0.2779867008217044;-1.5226573349019066
gradient_boosting;por_genotipo;BR16;5;803;B3_BR16_IRRIG_REPROD00003.asd;B3;BR16;IRRIG;D04M;manha;D04;IRRIG;IRRIG;0.023970976512337608;True;-1.3985614570123945;0.8349584625990473;0.4643757354745583;0.3358734809820784;-1.6143426073868354
gradient_boosting;por_genotipo;BR16;5;805;B3_BR16_IRRIG_REPROD00005.asd;B3;BR16;IRRIG;D04M;manha;D04;IRRIG;IRRIG;8.592737962398708e-05;True;-1.4734223925164969;0.8323962863003372;0.4360560064173125;0.3367962857876665;-1.4797637221857218
gradient_boosting;por_genotipo;BR16;5;811;B3_BR16_NIRRIG_REPROD00003.asd;B3;BR16;NIRRIG;D04M;manha;D04;NIRRIG;NIRRIG;0.9784415512348933;True;-1.4367931196194448;0.8104073088959106;0.4343098221815911;0.3230574066788414;-1.628138939978278
gradient_boosting;por_genotipo;BR16;5;815;B3_BR16_NIRRIG_REPROD00007.asd;B3;BR16;NIRRIG;D04M;manha;D04;NIRRIG;NIRRIG;0.9674935784521074;True;-1.4244348707529921;0.7948175821237634;0.43217156902121695;0.35530511498938544;-1.7086644363227195
gradient_boosting;por_genotipo;BR16;5;962;B1_BR16_IRRIG_REPROD00002.asd;B1;BR16;IRRIG;D05M;manha;D05;IRRIG;IRRIG;0.0028410159566578464;True;-1.6357684723913117;0.8437295510841804;0.48981041370844774;0.29651543009300835;-1.235083661546737
gradient_boosting;por_genotipo;BR16;5;967;B1_BR16_IRRIG_REPROD00007.asd;B1;BR16;IRRIG;D05M;manha;D05;IRRIG;IRRIG;0.0020185590504425755;True;-1.5720438647355348;0.8324323278882928;0.45345142343085476;0.28863129533639387;-1.3425485869212521
gradient_boosting;por_genotipo;BR16;5;968;B1_BR16_NIRRIG_REPROD00000.asd;B1;BR16;NIRRIG;D05M;manha;D05;NIRRIG;NIRRIG;0.9994157992467162;True;-1.4035815282361526;0.8238794815254471;0.45739046944453443;0.2897202354216282;-1.6258268881544364
gradient_boosting;por_genotipo;BR16;5;980;B2_BR16_IRRIG_REPROD00004.asd;B2;BR16;IRRIG;D05M;manha;D05;IRRIG;IRRIG;0.0006303420286460171;True;-1.5016392643265988;0.8095190945050853;0.43473242466348017;0.31986895357098394;-1.5116949578514838
gradient_boosting;por_genotipo;BR16;5;982;B2_BR16_IRRIG_REPROD00006.asd;B2;BR16;IRRIG;D05M;manha;D05;IRRIG;IRRIG;0.00048635467223491735;True;-1.5132978244153814;0.8083017791825828;0.43481301215262136;0.32140375676892413;-1.4987591358999037
gradient_boosting;por_genotipo;BR16;5;988;B2_BR16_NIRRIG_REPROD00004.asd;B2;BR16;NIRRIG;D05M;manha;D05;NIRRIG;NIRRIG;0.9972432849574955;True;-1.4075063546404882;0.8184369224130017;0.4569575681613675;0.3357026502123328;-1.6812064171963637
gradient_boosting;por_genotipo;BR16;5;990;B2_BR16_NIRRIG_REPROD00006.asd;B2;BR16;NIRRIG;D05M;manha;D05;NIRRIG;NIRRIG;0.998700979192077;True;-1.403225443317785;0.8215071366202964;0.4662838555046345;0.3430127329825763;-1.695646254840896
gradient_boosting;por_genotipo;BR16;5;991;B2_BR16_NIRRIG_REPROD00007.asd;B2;BR16;NIRRIG;D05M;manha;D05;NIRRIG;NIRRIG;0.9989951598739891;True;-1.404375655425494;0.8197522476094757;0.463870299169063;0.3401811975517529;-1.6937579012749817
gradient_boosting;por_genotipo;BR16;5;995;B3_BR16_IRRIG_REPROD00003.asd;B3;BR16;IRRIG;D05M;manha;D05;IRRIG;IRRIG;0.2084902312835379;True;-1.392174726841552;0.8214789350081328;0.4372425072901771;0.29601663505285764;-1.5757704105647476
gradient_boosting;por_genotipo;BR16;5;997;B3_BR16_IRRIG_REPROD00005.asd;B3;BR16;IRRIG;D05M;manha;D05;IRRIG;IRRIG;0.00458425140538408;True;-1.5057860592079462;0.814099119432769;0.3877780476649174;0.27388228810838844;-1.391544189616076
gradient_boosting;por_genotipo;BR16;5;1003;B3_BR16_NIRRIG_REPROD00003.asd;B3;BR16;NIRRIG;D05M;manha;D05;NIRRIG;NIRRIG;0.9970218082973753;True;-1.3656620627112583;0.7884335765554281;0.47531047709611235;0.3873627413478451;-1.832690075824903
gradient_boosting;por_genotipo;BR16;5;1007;B3_BR16_NIRRIG_REPROD00007.asd;B3;BR16;NIRRIG;D05M;manha;D05;NIRRIG;NIRRIG;0.9975220667553055;True;-1.4181823506348035;0.7948460578152543;0.4567819168958843;0.33976537085109926;-1.7307691304095558
gradient_boosting;por_genotipo;BR16;5;1154;B1_BR16_IRRIG_REPROD00002.asd;B1;BR16;IRRIG;D06M;manha;D06;IRRIG;IRRIG;0.0013148184550554201;True;-1.5252947432894488;0.8282518596600233;0.4487387381806516;0.31230831068796694;-1.3930628556172073
gradient_boosting;por_genotipo;BR16;5;1159;B1_BR16_IRRIG_REPROD00007.asd;B1;BR16;IRRIG;D06M;manha;D06;IRRIG;IRRIG;0.014897946622176039;True;-1.4915507200141438;0.8053147483996054;0.40246455900297484;0.2933374168740118;-1.425253771368452
gradient_boosting;por_genotipo;BR16;5;1160;B1_BR16_NIRRIG_REPROD00000.asd;B1;BR16;NIRRIG;D06M;manha;D06;NIRRIG;NIRRIG;0.9973546416949091;True;-1.3825500696530875;0.8139834663258327;0.49795139027713275;0.3903710123165043;-1.7524082794206077
gradient_boosting;por_genotipo;BR16;5;1172;B2_BR16_IRRIG_REPROD00004.asd;B2;BR16;IRRIG;D06M;manha;D06;IRRIG;IRRIG;0.0011603782949496056;True;-1.5457281695055045;0.8223236399037744;0.42435099728131565;0.2834744589018722;-1.3242689056675243
gradient_boosting;por_genotipo;BR16;5;1174;B2_BR16_IRRIG_REPROD00006.asd;B2;BR16;IRRIG;D06M;manha;D06;IRRIG;IRRIG;0.0018907262514694613;True;-1.5469275721982971;0.8284812379298792;0.432894296029561;0.28522973572617244;-1.3196410034833919
gradient_boosting;por_genotipo;BR16;5;1180;B2_BR16_NIRRIG_REPROD00004.asd;B2;BR16;NIRRIG;D06M;manha;D06;NIRRIG;NIRRIG;0.9995244279612852;True;-1.3798743531798308;0.7868767037285274;0.4564276389248503;0.3612263322124237;-1.7272704616440897
gradient_boosting;por_genotipo;BR16;5;1182;B2_BR16_NIRRIG_REPROD00006.asd;B2;BR16;NIRRIG;D06M;manha;D06;NIRRIG;NIRRIG;0.9994778544459131;True;-1.375209506396551;0.7885902353174818;0.4642352982030099;0.371202020029105;-1.7463728015513407
gradient_boosting;por_genotipo;BR16;5;1183;B2_BR16_NIRRIG_REPROD00007.asd;B2;BR16;NIRRIG;D06M;manha;D06;NIRRIG;NIRRIG;0.9993125160766254;True;-1.3715773290584414;0.7873779851789836;0.46643346169113115;0.3754732115589768;-1.7560319061063523
gradient_boosting;por_genotipo;BR16;5;1187;B3_BR16_IRRIG_REPROD00003.asd;B3;BR16;IRRIG;D06M;manha;D06;IRRIG;IRRIG;0.0038716504661445886;True;-1.5061775768294274;0.8306576630065698;0.4316682866424573;0.280106623083819;-1.3998186459522746
gradient_boosting;por_genotipo;BR16;5;1189;B3_BR16_IRRIG_REPROD00005.asd;B3;BR16;IRRIG;D06M;manha;D06;IRRIG;IRRIG;0.0050245047927387635;True;-1.493995447861207;0.8344316911310057;0.43811545730761553;0.2790965163118647;-1.405997246846712
gradient_boosting;por_genotipo;BR16;5;1195;B3_BR16_NIRRIG_REPROD00003.asd;B3;BR16;NIRRIG;D06M;manha;D06;NIRRIG;NIRRIG;0.9911822113427989;True;-1.4084326430175511;0.8079862214134703;0.4613196868760664;0.32939917517657874;-1.6954288298947306
gradient_boosting;por_genotipo;BR16;5;1199;B3_BR16_NIRRIG_REPROD00007.asd;B3;BR16;NIRRIG;D06M;manha;D06;NIRRIG;NIRRIG;0.9987439621416202;True;-1.385789608325586;0.7884888395710226;0.48443438060869914;0.38197223970576755;-1.8306265169328644
gradient_boosting;por_genotipo;BR16;5;1352;B1_BR16_NIRR_REP_RECUP00000.asd;B1;BR16;NIRRIG;D09M;manha;D09;NIRRIG;NIRRIG;0.9952883865553298;True;-1.3715036544812338;0.8298966108320363;0.4793557377565442;0.36025642217338805;-1.683995903323418
gradient_boosting;por_genotipo;BR16;5;1365;B2_BR16_IRR_REP_RECUP00005.asd;B2;BR16;IRRIG;D09M;manha;D09;IRRIG;IRRIG;0.01764138905644364;True;-1.4221307894974047;0.799317752043398;0.43579637515886077;0.3773917458658369;-1.6921183036879912
gradient_boosting;por_genotipo;BR16;5;1373;B2_BR16_NIRR_REP_RECUP00005.asd;B2;BR16;NIRRIG;D09M;manha;D09;NIRRIG;NIRRIG;0.9888559938222965;True;-1.4151659466863333;0.8175484945862266;0.42420808397185833;0.30383848746239966;-1.594898745149035
gradient_boosting;por_genotipo;BR16;5;1376;B3_BR16_IRR_REP_RECUP00000.asd;B3;BR16;IRRIG;D09M;manha;D09;IRRIG;IRRIG;0.00552111075799807;True;-1.492401354866842;0.8180378082502262;0.40676552804703997;0.2908031254224243;-1.3922723371265073
gradient_boosting;por_genotipo;BR16;5;1377;B3_BR16_IRR_REP_RECUP00001.asd;B3;BR16;IRRIG;D09M;manha;D09;IRRIG;IRRIG;0.00644662182096882;True;-1.4943659438759092;0.8209058552068498;0.4105455941988958;0.28927132539947503;-1.3913103148074495
gradient_boosting;por_genotipo;BR16;5;1381;B3_BR16_IRR_REP_RECUP00005.asd;B3;BR16;IRRIG;D09M;manha;D09;IRRIG;IRRIG;0.09581165321845596;True;-1.4598002468452902;0.8152593513312624;0.4466815360123376;0.34116808354374417;-1.5866969774585138
gradient_boosting;por_genotipo;BR16;5;1383;B3_BR16_IRR_REP_RECUP00007.asd;B3;BR16;IRRIG;D09M;manha;D09;IRRIG;IRRIG;0.011791584053392817;True;-1.4587190956960485;0.8226534008395102;0.46504320009082084;0.35586573900867036;-1.5973690235123628
gradient_boosting;por_genotipo;BR16;5;1387;B3_BR16_NIRR_REP_RECUP00003.asd;B3;BR16;NIRRIG;D09M;manha;D09;NIRRIG;NIRRIG;0.8042898075148252;True;-1.3864393760420535;0.8183484929192966;0.4286526183467386;0.3158053483042546;-1.6113001016116801
gradient_boosting;por_genotipo;BR16;5;1388;B3_BR16_NIRR_REP_RECUP00004.asd;B3;BR16;NIRRIG;D09M;manha;D09;NIRRIG;NIRRIG;0.9945343594073012;True;-1.4098988792069154;0.8094433059261761;0.4096670498647508;0.2931474281218085;-1.5856008670260715
gradient_boosting;por_genotipo;BR16;5;1392;B4_BR16_IRR_REP_RECUP00000.asd;B4;BR16;IRRIG;D09M;manha;D09;IRRIG;IRRIG;0.00011022004123228007;True;-1.512770519393627;0.8211626795970925;0.4193650960367917;0.32917666905405146;-1.4637129813645886
gradient_boosting;por_genotipo;BR16;5;1393;B4_BR16_IRR_REP_RECUP00001.asd;B4;BR16;IRRIG;D09M;manha;D09;IRRIG;IRRIG;0.00017605457496452446;True;-1.5163786678175586;0.821964916787502;0.42067684703356734;0.33006137687258214;-1.4645065881888188
gradient_boosting;por_genotipo;BR16;5;1400;B4_BR16_NIRR_REP_RECUP00000.asd;B4;BR16;NIRRIG;D09M;manha;D09;NIRRIG;NIRRIG;0.9832550344857787;True;-1.3934163412654723;0.8221194014357659;0.43979305241888167;0.32600327910130955;-1.6353504515954924
gradient_boosting;por_genotipo;BR16;5;1402;B4_BR16_NIRR_REP_RECUP00002.asd;B4;BR16;NIRRIG;D09M;manha;D09;NIRRIG;NIRRIG;0.9438563624326334;True;-1.394114572795283;0.8207370244106776;0.44096311354986634;0.3299412433061347;-1.6381843491221988
gradient_boosting;por_genotipo;BR16;5;1404;B4_BR16_NIRR_REP_RECUP00004.asd;B4;BR16;NIRRIG;D09M;manha;D09;NIRRIG;NIRRIG;0.9218848706942717;True;-1.3878971197509535;0.8118533015288694;0.4329012742593939;0.3252373657782411;-1.6626926991859772
gradient_boosting;por_genotipo;BR16;5;1548;B1_BR16_NIRR_REP_RECUP00000.asd;B1;BR16;NIRRIG;D09T;tarde;D09;NIRRIG;NIRRIG;0.959919452240816;True;-1.4045875893401911;0.8341810277457754;0.43342461810371935;0.3130586508135431;-1.5806546972219648
gradient_boosting;por_genotipo;BR16;5;1561;B2_BR16_IRR_REP_RECUP00005.asd;B2;BR16;IRRIG;D09T;tarde;D09;IRRIG;IRRIG;0.1950530910234707;True;-1.4167159362810018;0.7989561539122864;0.413734551088517;0.34172165278990324;-1.6752172627450581
gradient_boosting;por_genotipo;BR16;5;1564;B2_BR16_NIRR_REP_RECUP00008.asd;B2;BR16;NIRRIG;D09T;tarde;D09;NIRRIG;NIRRIG;0.8783138821103449;True;-1.4057072689922172;0.8341286929751657;0.4521205755242965;0.35442462633130284;-1.6446817857204592
gradient_boosting;por_genotipo;BR16;5;1567;B2_BR16_NIRR_REP_RECUP00011.asd;B2;BR16;NIRRIG;D09T;tarde;D09;NIRRIG;NIRRIG;0.8238451130027755;True;-1.4035318602105284;0.8351720224440312;0.4534446057701269;0.3568156037338509;-1.6492891069911424
gradient_boosting;por_genotipo;BR16;5;1572;B3_BR16_IRR_REP_RECUP00000.asd;B3;BR16;IRRIG;D09T;tarde;D09;IRRIG;IRRIG;0.0024088672416937673;True;-1.4326648785833695;0.8543102527359675;0.4571097576979215;0.3291147573694053;-1.5251223348406688
gradient_boosting;por_genotipo;BR16;5;1573;B3_BR16_IRR_REP_RECUP00001.asd;B3;BR16;IRRIG;D09T;tarde;D09;IRRIG;IRRIG;0.02523936837788471;True;-1.4455040701670512;0.8467791924328689;0.4461340793322278;0.3235193497001367;-1.4973322425480626
gradient_boosting;por_genotipo;BR16;5;1577;B3_BR16_IRR_REP_RECUP00005.asd;B3;BR16;IRRIG;D09T;tarde;D09;IRRIG;IRRIG;0.11587114919847886;True;-1.4075034549920504;0.8259078254299231;0.42962444809295985;0.33351239671138355;-1.648108798720508
gradient_boosting;por_genotipo;BR16;5;1579;B3_BR16_IRR_REP_RECUP00007.asd;B3;BR16;IRRIG;D09T;tarde;D09;IRRIG;NIRRIG;0.9638723088112896;False;-1.408899076684655;0.8202954561947068;0.422063737977658;0.3247901476073215;-1.6466133398167855
gradient_boosting;por_genotipo;BR16;5;1583;B3_BR16_NIRR_REP_RECUP00003.asd;B3;BR16;NIRRIG;D09T;tarde;D09;NIRRIG;NIRRIG;0.9511152778299589;True;-1.3921198903210257;0.8223971379220835;0.3884243124180613;0.28992072363179494;-1.5343417014033227
gradient_boosting;por_genotipo;BR16;5;1584;B3_BR16_NIRR_REP_RECUP00004.asd;B3;BR16;NIRRIG;D09T;tarde;D09;NIRRIG;NIRRIG;0.9036546454448896;True;-1.381364386021123;0.8145405720340266;0.36923523587499574;0.2608454873251226;-1.5219242350389666
gradient_boosting;por_genotipo;BR16;5;1588;B4_BR16_IRR_REP_RECUP00000.asd;B4;BR16;IRRIG;D09T;tarde;D09;IRRIG;IRRIG;0.08273659105149953;True;-1.4327726778135133;0.8445539306969396;0.4418027791636627;0.3354656545286852;-1.6006884594103212
gradient_boosting;por_genotipo;BR16;5;1589;B4_BR16_IRR_REP_RECUP00001.asd;B4;BR16;IRRIG;D09T;tarde;D09;IRRIG;IRRIG;0.012997710319920277;True;-1.4421664812396298;0.8458116691081563;0.44353002101201333;0.33944194232596897;-1.58807570535702
gradient_boosting;por_genotipo;BR16;5;1596;B4_BR16_NIRR_REP_RECUP00000.asd;B4;BR16;NIRRIG;D09T;tarde;D09;NIRRIG;NIRRIG;0.9766782408513053;True;-1.4110117405781053;0.8024887345749047;0.3761573890285956;0.2898088014106995;-1.5610896415697293
gradient_boosting;por_genotipo;BR16;5;1598;B4_BR16_NIRR_REP_RECUP00002.asd;B4;BR16;NIRRIG;D09T;tarde;D09;NIRRIG;NIRRIG;0.9822491734808545;True;-1.4099572002521643;0.801460137151823;0.3767594342541485;0.29387475206244495;-1.5660514962628505
gradient_boosting;por_genotipo;BR16;5;1600;B4_BR16_NIRR_REP_RECUP00004.asd;B4;BR16;NIRRIG;D09T;tarde;D09;NIRRIG;NIRRIG;0.9670579115013743;True;-1.391935553788867;0.8021161243619657;0.34381765278965515;0.2712472942580229;-1.5265976599150572
gradient_boosting;por_genotipo;BR16;5;1740;B1_BR16_NIRR_REP_RECUP00000.asd;B1;BR16;NIRRIG;D10M;manha;D10;NIRRIG;NIRRIG;0.9872204166128882;True;-1.4144679666179898;0.8109903986772846;0.40998187864869096;0.30987319829507126;-1.6009047075431015
gradient_boosting;por_genotipo;BR16;5;1785;B2_BR16_IRR_REP_RECUP00005.asd;B2;BR16;IRRIG;D10M;manha;D10;IRRIG;IRRIG;0.00026563915658912835;True;-1.538671197459008;0.8404954708293643;0.4708425055930904;0.3339151623784895;-1.4936780347531058
gradient_boosting;por_genotipo;BR16;5;1793;B2_BR16_NIRR_REP_RECUP00005.asd;B2;BR16;NIRRIG;D10M;manha;D10;NIRRIG;NIRRIG;0.9629050103610295;True;-1.4147932064871764;0.8263533703364611;0.4504528888467974;0.325338167906262;-1.6197699575134474
gradient_boosting;por_genotipo;BR16;5;1828;B3_BR16_IRR_REP_RECUP00000.asd;B3;BR16;IRRIG;D10M;manha;D10;IRRIG;IRRIG;0.0003176800276233432;True;-1.5090679540868803;0.8557762299835087;0.4671983113553207;0.32389318232756986;-1.4234813524821277
gradient_boosting;por_genotipo;BR16;5;1829;B3_BR16_IRR_REP_RECUP00001.asd;B3;BR16;IRRIG;D10M;manha;D10;IRRIG;IRRIG;0.0003176800276233432;True;-1.513778724215317;0.8567564048861638;0.4683805593542576;0.32311844110323906;-1.4244546361231125
gradient_boosting;por_genotipo;BR16;5;1833;B3_BR16_IRR_REP_RECUP00005.asd;B3;BR16;IRRIG;D10M;manha;D10;IRRIG;IRRIG;0.002731688606128678;True;-1.4232534949828555;0.8528508142818911;0.46740639742701523;0.33004958047127825;-1.578000870035089
gradient_boosting;por_genotipo;BR16;5;1835;B3_BR16_IRR_REP_RECUP00007.asd;B3;BR16;IRRIG;D10M;manha;D10;IRRIG;IRRIG;0.001987365182590029;True;-1.4329765996874384;0.8521996823403972;0.4669852924892966;0.3294231119102721;-1.5628030223388798
gradient_boosting;por_genotipo;BR16;5;1839;B3_BR16_NIRR_REP_RECUP00003.asd;B3;BR16;NIRRIG;D10M;manha;D10;NIRRIG;IRRIG;0.003654954802327004;False;-1.4874729487769445;0.8367918541519018;0.43124917823857495;0.28859996832154566;-1.406799843667905
gradient_boosting;por_genotipo;BR16;5;1840;B3_BR16_NIRR_REP_RECUP00004.asd;B3;BR16;NIRRIG;D10M;manha;D10;NIRRIG;NIRRIG;0.8900460392616698;True;-1.3954498185543196;0.8090707678131811;0.38690290303034963;0.2916593442776829;-1.5514307723167693
gradient_boosting;por_genotipo;BR16;5;1876;B4_BR16_IRR_REP_RECUP00000.asd;B4;BR16;IRRIG;D10M;manha;D10;IRRIG;NIRRIG;0.836554045934891;False;-1.4102132451675502;0.8100645472401193;0.3700531317323339;0.26084493475340487;-1.5333012093487088
gradient_boosting;por_genotipo;BR16;5;1877;B4_BR16_IRR_REP_RECUP00001.asd;B4;BR16;IRRIG;D10M;manha;D10;IRRIG;IRRIG;0.3279268066510189;True;-1.408318864068932;0.812206509251078;0.3754937531192529;0.26567677128604145;-1.5416307951628663
gradient_boosting;por_genotipo;BR16;5;1884;B4_BR16_NIRR_REP_RECUP00000.asd;B4;BR16;NIRRIG;D10M;manha;D10;NIRRIG;NIRRIG;0.9385655715933946;True;-1.415610057238512;0.8230049894613395;0.3915182508449348;0.2755084930693501;-1.530020733812436
gradient_boosting;por_genotipo;BR16;5;1886;B4_BR16_NIRR_REP_RECUP00002.asd;B4;BR16;NIRRIG;D10M;manha;D10;NIRRIG;NIRRIG;0.9218958631506577;True;-1.4170187990441359;0.8216124154280253;0.3922897574656375;0.2708543946971347;-1.522714515164541
gradient_boosting;por_genotipo;BR16;5;1888;B4_BR16_NIRR_REP_RECUP00004.asd;B4;BR16;NIRRIG;D10M;manha;D10;NIRRIG;NIRRIG;0.9914654799875577;True;-1.4168258637877076;0.8237449223944268;0.4092488331845749;0.29118458790982826;-1.5705726357631808
