seed;fold;banda_nm;vip
42;1;405;1.227310720821532
42;1;415;1.2119609431958303
42;1;425;1.1699519258430284
42;1;435;1.154957700151038
42;1;445;1.1449532967946845
42;1;455;1.1257788191316203
42;1;465;1.1039763122021762
42;1;475;1.0896985125661545
42;1;485;1.0685050721113127
42;1;495;1.0439500654277958
42;1;505;0.9966843342502671
42;1;515;0.8929730112275707
42;1;525;0.9228886831133347
42;1;535;1.1914986815429889
42;1;545;1.351998088969012
42;1;555;1.4217147752812975
42;1;565;1.2242069266889584
42;1;575;0.9790819354931681
42;1;585;0.8968344153337722
42;1;595;0.8769632759271875
42;1;605;0.8699912976421853
42;1;615;0.875713965089295
42;1;625;0.8840531269095752
42;1;635;0.8892623884834171
42;1;645;0.9223644681053065
42;1;655;0.9457767134582008
42;1;665;0.9693922520036146
42;1;675;1.0018130950267525
42;1;685;1.0306144206995453
42;1;695;0.8322270028386971
42;1;705;1.8795715413470757
42;1;715;1.840525793421091
42;1;725;1.793295100633937
42;1;735;1.4787999835232022
42;1;745;0.7382598873288381
42;1;755;0.8239095690563628
42;1;765;0.8720123109223159
42;1;775;0.8741962135251192
42;1;785;0.8744689332175272
42;1;795;0.8763909726495982
42;1;805;0.8760954866046967
42;1;815;0.8761462441471702
42;1;825;0.8737259269238522
42;1;835;0.8690208523608716
42;1;845;0.8646577666674198
42;1;855;0.8612611378420949
42;1;865;0.8597697197901486
42;1;875;0.8595053219743081
42;1;885;0.8595973701545602
42;1;895;0.8595533296132012
42;1;905;0.8600851304043974
42;1;915;0.8598740520917674
42;1;925;0.8605876230477455
42;1;935;0.860210966275406
42;1;945;0.8589302409679694
42;1;955;0.8594255853212341
42;1;965;0.8591670247528079
42;1;975;0.8606915119689049
42;1;985;0.8644500566648903
42;1;995;0.8679807396756056
42;1;1005;0.866654011030264
42;1;1015;0.8714747872038271
42;1;1025;0.8707860738359141
42;1;1035;0.8691646462496646
42;1;1045;0.8662762326314216
42;1;1055;0.8672770435038376
42;1;1065;0.8666220648352307
42;1;1075;0.8660062140301812
42;1;1085;0.864546927523651
42;1;1095;0.8616668311561255
42;1;1105;0.8608555910067611
42;1;1115;0.8633652215159698
42;1;1125;0.8703921351745809
42;1;1135;0.8914675693817038
42;1;1145;0.9307548873800991
42;1;1155;0.9706080681656393
42;1;1165;0.9763680395352085
42;1;1175;0.9612876587240047
42;1;1185;0.9475611446612867
42;1;1195;0.9392373947201067
42;1;1205;0.9375315410300572
42;1;1215;0.9481180873318859
42;1;1225;0.9458016162377558
42;1;1235;0.9449208879228025
42;1;1245;0.9455700956778177
42;1;1255;0.9509179890099616
42;1;1265;0.9523722262411632
42;1;1275;0.9622926149554725
42;1;1285;0.9733201340859899
42;1;1295;0.9895942094148155
42;1;1305;1.0050190058135824
42;1;1315;1.0212530972518012
42;1;1325;1.0987290911853054
42;1;1335;1.2629372866923452
42;1;1345;1.5264397408576098
42;1;1355;1.733290402714512
42;1;1365;1.8328581632245153
42;1;1375;1.8549804350846206
42;1;1385;1.6873017743716046
42;1;1395;1.4640753377934577
42;1;1405;1.3157407921548328
42;1;1415;1.1636881787898448
42;1;1425;0.9780493153612152
42;1;1435;0.8503098953274371
42;1;1445;0.8203733725563527
42;1;1455;0.828617131451042
42;1;1465;0.8475241631729749
42;1;1475;0.8720158418622352
42;1;1485;0.8924728455888254
42;1;1495;0.9077200555073591
42;1;1505;0.9170289877885648
42;1;1515;0.922494068075281
42;1;1525;0.9211058490528602
42;1;1535;0.918784905367949
42;1;1545;0.9098205124391783
42;1;1555;0.898694544675445
42;1;1565;0.8848669958914981
42;1;1575;0.8678034322430423
42;1;1585;0.8456970533432916
42;1;1595;0.8119596032621272
42;1;1605;0.7804243064929024
42;1;1615;0.755310984713813
42;1;1625;0.7375938358576212
42;1;1635;0.7240249650895817
42;1;1645;0.7220611064721285
42;1;1655;0.7292267630901957
42;1;1665;0.7510057560123977
42;1;1675;0.7634002195242712
42;1;1685;0.7540994565555148
42;1;1695;0.7391391241451777
42;1;1705;0.7433480796721144
42;1;1715;0.7772334931126011
42;1;1725;0.798520186219437
42;1;1735;0.8113319934007251
42;1;1745;0.8259210979114803
42;1;1755;0.8649277534047914
42;1;1765;0.9094439542796037
42;1;1775;0.9441026294785194
42;1;1785;0.9881209230334793
42;1;1795;1.0589909146741407
42;1;1805;1.1357639597370295
42;1;1815;1.205907509909919
42;1;1825;1.2829296617673207
42;1;1835;1.4349904006754595
42;1;1845;1.4804979044625197
42;1;1855;1.4644585839792479
42;1;1865;1.4026811258454313
42;1;1875;1.2871873017428854
42;1;1885;1.0323534889804469
42;1;1895;0.32213298517064826
42;1;1905;0.3592034983706953
42;1;1915;0.6540833353053755
42;1;1925;0.8074065678531178
42;1;1935;0.8848691483300922
42;1;1945;0.9166708829540793
42;1;1955;0.9191374008136329
42;1;1965;0.9191571045557305
42;1;1975;0.9142889468686727
42;1;1985;0.9061791593788828
42;1;1995;0.8996116485098095
42;1;2005;0.9068408992545286
42;1;2015;0.9180324413201452
42;1;2025;0.9336708957374036
42;1;2035;0.9591433231898875
42;1;2045;0.9814515964673635
42;1;2055;0.9975515127965378
42;1;2065;0.996955964007669
42;1;2075;0.9880692473148665
42;1;2085;0.9783809456591073
42;1;2095;0.9664983244063455
42;1;2105;0.9540200460807189
42;1;2115;0.9441242654304961
42;1;2125;0.9321336683181966
42;1;2135;0.9219181160102826
42;1;2145;0.9159132527611517
42;1;2155;0.9102525554609285
42;1;2165;0.9047697844381066
42;1;2175;0.8971124381242892
42;1;2185;0.8839441681688799
42;1;2195;0.8724721164087142
42;1;2205;0.8649369938039112
42;1;2215;0.8611490331137648
42;1;2225;0.8585764241722635
42;1;2235;0.8582824141209658
42;1;2245;0.8574213470763343
42;1;2255;0.8600413661563842
42;1;2265;0.8722005681560927
42;1;2275;0.8942999711882084
42;1;2285;0.9084712207869838
42;1;2295;0.9073959491350231
42;1;2305;0.9126140588170685
42;1;2315;0.9264047517950935
42;1;2325;0.9315295513602309
42;1;2335;0.9333889301743998
42;1;2345;0.9314321785538167
42;1;2355;0.9350664945201406
42;1;2365;0.9372666292454476
42;1;2375;0.9368167440018526
42;1;2385;0.9403664028891373
42;1;2395;0.9504602057444719
42;1;2405;0.9765266804876183
42;1;2415;1.0170734962126997
42;1;2425;1.0522863377654201
42;1;2435;1.092386960984969
42;1;2445;1.1570634828978408
42;1;2450;1.1724504855601847
42;2;405;1.180423621207957
42;2;415;1.1846300657545652
42;2;425;1.1485754423549277
42;2;435;1.1357295344194005
42;2;445;1.129915840979097
42;2;455;1.112963724266532
42;2;465;1.0944603392312708
42;2;475;1.0812738689817383
42;2;485;1.0636597115760706
42;2;495;1.0421315326678966
42;2;505;1.0039274657344697
42;2;515;0.918755958498507
42;2;525;0.8993895044365348
42;2;535;1.0617832268094818
42;2;545;1.1808693131669816
42;2;555;1.2402588479664702
42;2;565;1.0883284793499095
42;2;575;0.9343141459129303
42;2;585;0.8941241959294036
42;2;595;0.8887902405973965
42;2;605;0.8904608475487436
42;2;615;0.901540641990725
42;2;625;0.9105359707535973
42;2;635;0.9153662909570692
42;2;645;0.9456020452181482
42;2;655;0.9649925961085325
42;2;665;0.9853332730589822
42;2;675;1.0159649498434402
42;2;685;1.0474156017407394
42;2;695;0.8539627204366226
42;2;705;1.8122171917568992
42;2;715;1.80507210738018
42;2;725;1.7292860898599467
42;2;735;1.2807262585451735
42;2;745;0.7125596051430658
42;2;755;0.8915661260569221
42;2;765;0.9333767476001528
42;2;775;0.9259897628073344
42;2;785;0.9220549972980053
42;2;795;0.9203237803240915
42;2;805;0.9183131886506403
42;2;815;0.9165414003266238
42;2;825;0.9105586914978587
42;2;835;0.9015186954134072
42;2;845;0.8929988000787061
42;2;855;0.8862355406410508
42;2;865;0.8820814942734331
42;2;875;0.8803109879019446
42;2;885;0.879208557089997
42;2;895;0.8792383300025408
42;2;905;0.8791019901032312
42;2;915;0.8792071261077834
42;2;925;0.879677255783177
42;2;935;0.8801500215336698
42;2;945;0.879508478816384
42;2;955;0.8802600856070557
42;2;965;0.8796326681882237
42;2;975;0.8798520221858067
42;2;985;0.8822004192287625
42;2;995;0.8852716491053764
42;2;1005;0.8851813703687884
42;2;1015;0.8905303153639887
42;2;1025;0.8899735781261956
42;2;1035;0.8884724367232005
42;2;1045;0.8865117760665656
42;2;1055;0.8872124085338182
42;2;1065;0.8872065652220389
42;2;1075;0.8857972620679481
42;2;1085;0.883314360342702
42;2;1095;0.8808355115477354
42;2;1105;0.8799180681486317
42;2;1115;0.8834312378532899
42;2;1125;0.8901603747780787
42;2;1135;0.9057614558819593
42;2;1145;0.9352970237376746
42;2;1155;0.9674876779952661
42;2;1165;0.9642197183783372
42;2;1175;0.9471412035748954
42;2;1185;0.9359705816474388
42;2;1195;0.9302603750227355
42;2;1205;0.9282734988532335
42;2;1215;0.9353696570399862
42;2;1225;0.934421997925216
42;2;1235;0.9371607644312373
42;2;1245;0.938319626728735
42;2;1255;0.9439460647131266
42;2;1265;0.9483903652714182
42;2;1275;0.9581810540775576
42;2;1285;0.9706849736347195
42;2;1295;0.9862214147894872
42;2;1305;1.0021020723241145
42;2;1315;1.0246326321409873
42;2;1325;1.1080216740871949
42;2;1335;1.2757761661103513
42;2;1345;1.5633470460400776
42;2;1355;1.7883371608729834
42;2;1365;1.8766479912142104
42;2;1375;1.854167443239201
42;2;1385;1.6379379927117905
42;2;1395;1.396641791797365
42;2;1405;1.257662519098866
42;2;1415;1.1236404068884351
42;2;1425;0.9739853097985303
42;2;1435;0.8769209267809271
42;2;1445;0.8549790078379791
42;2;1455;0.861553536209445
42;2;1465;0.8772537365835904
42;2;1475;0.8976365181370246
42;2;1485;0.915195298037255
42;2;1495;0.9283182123992975
42;2;1505;0.9369788410584096
42;2;1515;0.9422530063574188
42;2;1525;0.9403481770190063
42;2;1535;0.9372035565045864
42;2;1545;0.9295864937518972
42;2;1555;0.9192206747814278
42;2;1565;0.9048617408697707
42;2;1575;0.8868925752682214
42;2;1585;0.8638760362465904
42;2;1595;0.8327112180200278
42;2;1605;0.8019013566751023
42;2;1615;0.7730612971540791
42;2;1625;0.7489385891599524
42;2;1635;0.7265843268795221
42;2;1645;0.7151380735282781
42;2;1655;0.7129658138392155
42;2;1665;0.7223649429623096
42;2;1675;0.7252729282342631
42;2;1685;0.714249349224635
42;2;1695;0.7173103673515626
42;2;1705;0.7274679853725153
42;2;1715;0.7499202716659327
42;2;1725;0.7685214865566411
42;2;1735;0.7804300417895323
42;2;1745;0.8026032433903594
42;2;1755;0.8313005777913359
42;2;1765;0.8690528900392964
42;2;1775;0.8983548305634801
42;2;1785;0.9337357378673279
42;2;1795;0.9846430108408762
42;2;1805;1.0510423846491705
42;2;1815;1.114129455844572
42;2;1825;1.1689747478506802
42;2;1835;1.4051787856934446
42;2;1845;1.426026410846956
42;2;1855;1.3988209034320942
42;2;1865;1.3132324048777808
42;2;1875;1.1922515151365043
42;2;1885;0.9689518145189838
42;2;1895;0.3335164993125106
42;2;1905;0.37181722604918505
42;2;1915;0.6810552082845613
42;2;1925;0.8407041407464162
42;2;1935;0.9371333389270278
42;2;1945;0.9827954863979221
42;2;1955;1.0003699479849821
42;2;1965;1.0003171218682994
42;2;1975;0.9972900561351716
42;2;1985;0.9830895405605197
42;2;1995;0.9662980034934927
42;2;2005;0.9631255027216492
42;2;2015;0.9673467717996945
42;2;2025;0.9732734822178503
42;2;2035;0.9934922187540838
42;2;2045;1.0110555982263045
42;2;2055;1.0235116329575202
42;2;2065;1.0184545012300716
42;2;2075;1.0086223147408362
42;2;2085;0.9965240581711131
42;2;2095;0.983602150459695
42;2;2105;0.9725329578873635
42;2;2115;0.9628466756547327
42;2;2125;0.95199379403541
42;2;2135;0.9446148812258525
42;2;2145;0.9389940232177857
42;2;2155;0.935642306307353
42;2;2165;0.9327052059287495
42;2;2175;0.9244978916543549
42;2;2185;0.9123007972434226
42;2;2195;0.9003983756213572
42;2;2205;0.8911125582549472
42;2;2215;0.8848204187411235
42;2;2225;0.8802853393933129
42;2;2235;0.8789483229848201
42;2;2245;0.8801964027790962
42;2;2255;0.888237252879098
42;2;2265;0.9022303762745782
42;2;2275;0.9220359543523517
42;2;2285;0.9357008090406902
42;2;2295;0.9339696855287224
42;2;2305;0.938456183314097
42;2;2315;0.9489682797262132
42;2;2325;0.952396698812798
42;2;2335;0.9537357717352545
42;2;2345;0.951465608972682
42;2;2355;0.9549468591379221
42;2;2365;0.954905359126996
42;2;2375;0.9568743099013205
42;2;2385;0.9588118071827898
42;2;2395;0.9670606265510948
42;2;2405;0.9905741624969308
42;2;2415;1.0281966031185164
42;2;2425;1.0642149888401327
42;2;2435;1.0989210452046838
42;2;2445;1.164341316886105
42;2;2450;1.1909462840098168
42;3;405;1.2072193926124746
42;3;415;1.1953910050572534
42;3;425;1.152612482829393
42;3;435;1.1368844199850903
42;3;445;1.128079248291429
42;3;455;1.1070703206516215
42;3;465;1.0819800373700348
42;3;475;1.0655154367463626
42;3;485;1.046374976160857
42;3;495;1.0185106659724363
42;3;505;0.9718417367773282
42;3;515;0.873933990260766
42;3;525;0.9108536143222593
42;3;535;1.1584467441558024
42;3;545;1.314497925594722
42;3;555;1.3865007059854766
42;3;565;1.187570925139241
42;3;575;0.9553325334784163
42;3;585;0.8800837943682366
42;3;595;0.8623911144631102
42;3;605;0.8568565851803789
42;3;615;0.8648415596263548
42;3;625;0.8747076608969617
42;3;635;0.8815035874431744
42;3;645;0.9189945390734863
42;3;655;0.9467679953531606
42;3;665;0.9773675255086471
42;3;675;1.022712177740641
42;3;685;1.0700737243000464
42;3;695;0.8346246341285339
42;3;705;2.0037739247031525
42;3;715;1.9586916703932395
42;3;725;1.8783157180380836
42;3;735;1.4158042815981304
42;3;745;0.6964512752982325
42;3;755;0.84972440093623
42;3;765;0.8875098255792718
42;3;775;0.8777520678011755
42;3;785;0.8742441887357514
42;3;795;0.8740967777371533
42;3;805;0.8727408381703059
42;3;815;0.8719007864522981
42;3;825;0.8673045186710878
42;3;835;0.8596826184908329
42;3;845;0.8531902378952452
42;3;855;0.8495248495084347
42;3;865;0.8484675878521399
42;3;875;0.8487844499430726
42;3;885;0.8491522308256092
42;3;895;0.8490874114770545
42;3;905;0.8498527767020363
42;3;915;0.8498579533378551
42;3;925;0.850676906161852
42;3;935;0.8501308349478833
42;3;945;0.8493987381506113
42;3;955;0.84924460845152
42;3;965;0.8489798687189669
42;3;975;0.8511403002803258
42;3;985;0.8572571677366124
42;3;995;0.8616641252281552
42;3;1005;0.8645862477356704
42;3;1015;0.8730995669621422
42;3;1025;0.8717703523566509
42;3;1035;0.8676456379297393
42;3;1045;0.863417102619748
42;3;1055;0.865655413110868
42;3;1065;0.8664094940602817
42;3;1075;0.8674725006015355
42;3;1085;0.8700959855644087
42;3;1095;0.867664603229495
42;3;1105;0.8627660523830114
42;3;1115;0.8558050037414746
42;3;1125;0.8551673413615467
42;3;1135;0.8637531530870127
42;3;1145;0.8886808518782968
42;3;1155;0.9212426279898338
42;3;1165;0.9248230377710973
42;3;1175;0.912801704526789
42;3;1185;0.9028544274710543
42;3;1195;0.897963856538839
42;3;1205;0.897983590561888
42;3;1215;0.9072532197337563
42;3;1225;0.9053112257728363
42;3;1235;0.9045102153470959
42;3;1245;0.9077074083522818
42;3;1255;0.9131387477297408
42;3;1265;0.9166430458263174
42;3;1275;0.9258297727684489
42;3;1285;0.937189704750139
42;3;1295;0.9478550572672443
42;3;1305;0.9544392790517973
42;3;1315;0.9682916222916851
42;3;1325;1.0435300711669364
42;3;1335;1.2210124080215983
42;3;1345;1.5614819463563616
42;3;1355;1.8691123882177305
42;3;1365;2.0186514160845186
42;3;1375;1.993470756354256
42;3;1385;1.6968510054676478
42;3;1395;1.396271657146802
42;3;1405;1.2351994615369128
42;3;1415;1.0901815579752645
42;3;1425;0.9338731392945088
42;3;1435;0.836300876453717
42;3;1445;0.820647497650342
42;3;1455;0.8345726492570059
42;3;1465;0.8554488435193639
42;3;1475;0.880374202846267
42;3;1485;0.8999945847563293
42;3;1495;0.9127152960901183
42;3;1505;0.9196847895735208
42;3;1515;0.9216471384018312
42;3;1525;0.9158896265610191
42;3;1535;0.9081139409908312
42;3;1545;0.8952648868280426
42;3;1555;0.8801183227609268
42;3;1565;0.8641765759035309
42;3;1575;0.8464386497684417
42;3;1585;0.8253769161312426
42;3;1595;0.7992824612281865
42;3;1605;0.7784172004689961
42;3;1615;0.7660508604888637
42;3;1625;0.7613329913029683
42;3;1635;0.761119979755465
42;3;1645;0.7740875290265551
42;3;1655;0.7932858118922335
42;3;1665;0.8257280728303716
42;3;1675;0.8351872973627098
42;3;1685;0.8090727698478836
42;3;1695;0.7858701138699893
42;3;1705;0.7878366922948606
42;3;1715;0.8256137981616796
42;3;1725;0.8417595243193566
42;3;1735;0.8537534457737839
42;3;1745;0.8651603772167766
42;3;1755;0.8989021100946835
42;3;1765;0.9361896079117316
42;3;1775;0.9705237261876523
42;3;1785;1.0059599240848813
42;3;1795;1.0750933835034335
42;3;1805;1.1553856050629066
42;3;1815;1.2279028408131416
42;3;1825;1.2918512609299804
42;3;1835;1.3993593565726423
42;3;1845;1.4261330402548067
42;3;1855;1.3951913506333513
42;3;1865;1.3073455568754542
42;3;1875;1.173064162168189
42;3;1885;0.9315909354354862
42;3;1895;0.28427499376698245
42;3;1905;0.4043891185193491
42;3;1915;0.7036277912599579
42;3;1925;0.8708374646510169
42;3;1935;0.9754122647118679
42;3;1945;1.0275075910912839
42;3;1955;1.0508618535477032
42;3;1965;1.0540859510248115
42;3;1975;1.0485257685081055
42;3;1985;1.0248632533869841
42;3;1995;1.0028094808970403
42;3;2005;0.993930880734031
42;3;2015;0.9870658557801959
42;3;2025;0.9858614070904084
42;3;2035;0.9957702081159073
42;3;2045;1.0024539195091646
42;3;2055;1.0047259846694123
42;3;2065;0.9904663406099483
42;3;2075;0.9697820853894756
42;3;2085;0.9533889134481103
42;3;2095;0.9356430136644317
42;3;2105;0.9202875278641598
42;3;2115;0.9102326360997959
42;3;2125;0.8989632809112272
42;3;2135;0.8910254276767698
42;3;2145;0.8865949521561208
42;3;2155;0.8831412576172148
42;3;2165;0.8800126075902048
42;3;2175;0.8749577749744498
42;3;2185;0.864596962040666
42;3;2195;0.8560236304242189
42;3;2205;0.8501330278377055
42;3;2215;0.8475334949111191
42;3;2225;0.8457050070792637
42;3;2235;0.84533212415328
42;3;2245;0.844341746212798
42;3;2255;0.8452176009491997
42;3;2265;0.8518478133084116
42;3;2275;0.8680179258136372
42;3;2285;0.8785614772292609
42;3;2295;0.8793824213238638
42;3;2305;0.8845155598333659
42;3;2315;0.8953449535099478
42;3;2325;0.9009129750257358
42;3;2335;0.9050848183645706
42;3;2345;0.9062841599072794
42;3;2355;0.9109138995301408
42;3;2365;0.9147311328425568
42;3;2375;0.9177090010303984
42;3;2385;0.9200605061445172
42;3;2395;0.9338836831389622
42;3;2405;0.9592097143656285
42;3;2415;0.9981736589620194
42;3;2425;1.0356822144070845
42;3;2435;1.075625840887125
42;3;2445;1.1381403606573006
42;3;2450;1.1719132591655483
42;4;405;1.2986744546274358
42;4;415;1.2843423692086249
42;4;425;1.2203177066843505
42;4;435;1.1947154378293943
42;4;445;1.17816896940471
42;4;455;1.148685554144204
42;4;465;1.1122077953418006
42;4;475;1.08846892205915
42;4;485;1.059733753507058
42;4;495;1.0235627006057615
42;4;505;0.9712287254536578
42;4;515;0.8665245487376952
42;4;525;0.8825550540042785
42;4;535;1.1018041102749494
42;4;545;1.2533151776152327
42;4;555;1.3326418005141782
42;4;565;1.1661983623637022
42;4;575;0.9570764413831597
42;4;585;0.8792626945793155
42;4;595;0.857623374526877
42;4;605;0.8477128721363815
42;4;615;0.8488256604494494
42;4;625;0.8546539816972495
42;4;635;0.8590813563315619
42;4;645;0.8908728853596787
42;4;655;0.9163669333784157
42;4;665;0.9465966795930012
42;4;675;0.9987205127399102
42;4;685;1.0605248621020447
42;4;695;0.8079197321002367
42;4;705;1.8944407339789662
42;4;715;1.901175377002
42;4;725;1.7391552015973695
42;4;735;1.0834231766928288
42;4;745;0.6542711132750413
42;4;755;0.8775701131146287
42;4;765;0.9069413310155874
42;4;775;0.8835070524921182
42;4;785;0.8735499563637711
42;4;795;0.870437490697237
42;4;805;0.8667187852107258
42;4;815;0.8639850989198933
42;4;825;0.8558174877836724
42;4;835;0.8448321908105798
42;4;845;0.8372528765225616
42;4;855;0.8340077867612526
42;4;865;0.834377010388979
42;4;875;0.8365309943931794
42;4;885;0.8384421725607077
42;4;895;0.8389201834411564
42;4;905;0.8409069286748561
42;4;915;0.8410889500903542
42;4;925;0.8430556100647345
42;4;935;0.8417987354400635
42;4;945;0.8410236915707985
42;4;955;0.83992780426998
42;4;965;0.8391098277054673
42;4;975;0.8441372996278019
42;4;985;0.8571993237121145
42;4;995;0.8660831445595754
42;4;1005;0.8705120427961968
42;4;1015;0.8781531499031971
42;4;1025;0.8832937509512967
42;4;1035;0.8731016689346734
42;4;1045;0.8706940569456524
42;4;1055;0.8691674756833663
42;4;1065;0.8692885457926457
42;4;1075;0.8701126624513712
42;4;1085;0.8710919022774061
42;4;1095;0.8651506149539598
42;4;1105;0.8563628470138493
42;4;1115;0.8475458939975684
42;4;1125;0.8434274035904176
42;4;1135;0.8431271211579154
42;4;1145;0.8569945738175041
42;4;1155;0.8826669181544335
42;4;1165;0.881459333703128
42;4;1175;0.8668868158183529
42;4;1185;0.857403929026747
42;4;1195;0.8509206130342185
42;4;1205;0.8494471437532571
42;4;1215;0.856366517207424
42;4;1225;0.8531083316541999
42;4;1235;0.8519673736148402
42;4;1245;0.8536986387239816
42;4;1255;0.8583196702016774
42;4;1265;0.862665852894002
42;4;1275;0.8705641241292291
42;4;1285;0.8820468458354784
42;4;1295;0.8951096946477528
42;4;1305;0.9121526909437878
42;4;1315;0.9338248173315576
42;4;1325;1.023526991586926
42;4;1335;1.2132590855601662
42;4;1345;1.562685413782397
42;4;1355;1.8371923789676239
42;4;1365;1.9250618778501902
42;4;1375;1.870669625627554
42;4;1385;1.6302107152536491
42;4;1395;1.3787999261668433
42;4;1405;1.2297413701901967
42;4;1415;1.0880085149852996
42;4;1425;0.9248731174542698
42;4;1435;0.814759473520003
42;4;1445;0.7989854558997671
42;4;1455;0.8192295283754318
42;4;1465;0.8468255815407798
42;4;1475;0.8771549575582898
42;4;1485;0.8999688209466522
42;4;1495;0.9143099588479217
42;4;1505;0.919695808734889
42;4;1515;0.9200579603606538
42;4;1525;0.9108272234455539
42;4;1535;0.899235980649726
42;4;1545;0.8820309605461717
42;4;1555;0.8628566328696363
42;4;1565;0.8433392128657096
42;4;1575;0.8224441383874078
42;4;1585;0.7994080181102423
42;4;1595;0.7739222357246854
42;4;1605;0.7520446065495794
42;4;1615;0.7376735509448948
42;4;1625;0.729778802490479
42;4;1635;0.7257184404880375
42;4;1645;0.7326753842284585
42;4;1655;0.744781368228203
42;4;1665;0.7657229167414422
42;4;1675;0.7747247604291907
42;4;1685;0.7606091483423311
42;4;1695;0.7484680309103953
42;4;1705;0.7589580479051653
42;4;1715;0.7947175871453505
42;4;1725;0.8139865340560445
42;4;1735;0.8239824468768497
42;4;1745;0.8377544932963781
42;4;1755;0.8712105886477425
42;4;1765;0.9100913389784139
42;4;1775;0.9420335916430251
42;4;1785;0.9813888350194169
42;4;1795;1.041408820030641
42;4;1805;1.1161747360552419
42;4;1815;1.1791724997823907
42;4;1825;1.2312791472982338
42;4;1835;1.5864947202084398
42;4;1845;1.57991917216156
42;4;1855;1.5274674675107593
42;4;1865;1.402232144938576
42;4;1875;1.2061925823083606
42;4;1885;0.8458580145006802
42;4;1895;0.13412102920928562
42;4;1905;0.7366649254280728
42;4;1915;1.0297847148381154
42;4;1925;1.1812824008852174
42;4;1935;1.2656357295917289
42;4;1945;1.3052411824618204
42;4;1955;1.3096473382001175
42;4;1965;1.2930924671217536
42;4;1975;1.255397153010977
42;4;1985;1.1962336375775156
42;4;1995;1.1341563334365012
42;4;2005;1.0935497281484003
42;4;2015;1.0585030491478686
42;4;2025;1.035828825515828
42;4;2035;1.0289328599496517
42;4;2045;1.0259622789657608
42;4;2055;1.0168029108275343
42;4;2065;0.9877065816103034
42;4;2075;0.9561830580750956
42;4;2085;0.9289012133208611
42;4;2095;0.904241789386905
42;4;2105;0.8836974748942088
42;4;2115;0.8696246883316588
42;4;2125;0.8567454131208013
42;4;2135;0.8488702752854216
42;4;2145;0.8445087662596162
42;4;2155;0.8422575040258841
42;4;2165;0.8416006171492798
42;4;2175;0.8387231546784821
42;4;2185;0.8336784365421642
42;4;2195;0.8311395928278676
42;4;2205;0.8321478224188592
42;4;2215;0.8353959694028038
42;4;2225;0.8387753623935236
42;4;2235;0.841592115641364
42;4;2245;0.8362617307583413
42;4;2255;0.8274724322194499
42;4;2265;0.8245448063606357
42;4;2275;0.8312350586855317
42;4;2285;0.8389176482772458
42;4;2295;0.84153993746802
42;4;2305;0.8464438160824476
42;4;2315;0.857199190000976
42;4;2325;0.8654989428524376
42;4;2335;0.873990147751448
42;4;2345;0.8774695610051763
42;4;2355;0.8884958951722637
42;4;2365;0.8958769957471308
42;4;2375;0.9020527660234269
42;4;2385;0.9135674353998715
42;4;2395;0.9324438444096773
42;4;2405;0.9704326419525301
42;4;2415;1.0335884194937783
42;4;2425;1.0978864332830036
42;4;2435;1.1675970050869788
42;4;2445;1.2643587850795404
42;4;2450;1.3120688801099767
43;1;405;1.2703867015226589
43;1;415;1.2616879651153319
43;1;425;1.2083904010495685
43;1;435;1.1884383010930588
43;1;445;1.1769977491338368
43;1;455;1.1501064691344873
43;1;465;1.1213335581401607
43;1;475;1.100489066702282
43;1;485;1.0767500851278509
43;1;495;1.0440851074096311
43;1;505;0.9909302657346136
43;1;515;0.8788447112143388
43;1;525;0.8908619901373137
43;1;535;1.134816114874283
43;1;545;1.2931790648841535
43;1;555;1.3701384985769578
43;1;565;1.1824216477127047
43;1;575;0.9536327811727479
43;1;585;0.8779086980244275
43;1;595;0.859646595217986
43;1;605;0.8537844972008913
43;1;615;0.8604992938489421
43;1;625;0.8693626316048336
43;1;635;0.8748990408621816
43;1;645;0.910743370555393
43;1;655;0.936828233834973
43;1;665;0.9660186532909751
43;1;675;1.0114341619779954
43;1;685;1.0603201999937526
43;1;695;0.8219810937713322
43;1;705;1.9304830012265357
43;1;715;1.8892318652689142
43;1;725;1.785932706320427
43;1;735;1.2800189844443348
43;1;745;0.6692106788430896
43;1;755;0.8633888434960757
43;1;765;0.8998733823558046
43;1;775;0.8844238256117027
43;1;785;0.8777701910256154
43;1;795;0.8762642386496831
43;1;805;0.8733289891246728
43;1;815;0.8714187587386174
43;1;825;0.8648600597712381
43;1;835;0.8549198626705731
43;1;845;0.8469310131945125
43;1;855;0.8423468190749723
43;1;865;0.8409672084421671
43;1;875;0.8414479787585398
43;1;885;0.8418997764465446
43;1;895;0.8418572604560145
43;1;905;0.8430622720019708
43;1;915;0.8428332947668391
43;1;925;0.8440830141711335
43;1;935;0.8431630850874285
43;1;945;0.8423850423721839
43;1;955;0.8416779198433478
43;1;965;0.8412410665555222
43;1;975;0.8447735385567109
43;1;985;0.8531707910556756
43;1;995;0.8589820960837318
43;1;1005;0.8624229007054117
43;1;1015;0.8721407656934511
43;1;1025;0.8724029673988171
43;1;1035;0.8653070914708455
43;1;1045;0.8631352029651068
43;1;1055;0.8658097183136487
43;1;1065;0.8660261403915377
43;1;1075;0.8669438110661251
43;1;1085;0.8691875389108213
43;1;1095;0.8640576621996258
43;1;1105;0.8579684871501148
43;1;1115;0.850807095561404
43;1;1125;0.848966646228635
43;1;1135;0.8547254572902021
43;1;1145;0.8777991969261764
43;1;1155;0.9092385184949159
43;1;1165;0.9106943965203499
43;1;1175;0.8951132985725487
43;1;1185;0.885097364827455
43;1;1195;0.8787145078751187
43;1;1205;0.8766733516103206
43;1;1215;0.8851736344053456
43;1;1225;0.8820533344819147
43;1;1235;0.8806171162670846
43;1;1245;0.8807596183200807
43;1;1255;0.8852073575050743
43;1;1265;0.8877964346140812
43;1;1275;0.8962567259441658
43;1;1285;0.9065269550165151
43;1;1295;0.9164808687202867
43;1;1305;0.9247760176078297
43;1;1315;0.9365304741741289
43;1;1325;1.010093828463741
43;1;1335;1.1879590639159978
43;1;1345;1.5235805190894363
43;1;1355;1.7917968980013608
43;1;1365;1.896030480415765
43;1;1375;1.8811953083438828
43;1;1385;1.6670920759812384
43;1;1395;1.4108248941651764
43;1;1405;1.2506416690979794
43;1;1415;1.0944888086817777
43;1;1425;0.9262062360844879
43;1;1435;0.8223902332427429
43;1;1445;0.808008749232826
43;1;1455;0.8245561083451834
43;1;1465;0.8473232940909364
43;1;1475;0.8728763773620293
43;1;1485;0.8917842854258626
43;1;1495;0.9039141179694069
43;1;1505;0.9098726376760553
43;1;1515;0.9112067919388951
43;1;1525;0.9043942923507546
43;1;1535;0.8967210361561404
43;1;1545;0.8839387106227478
43;1;1555;0.8687532467325494
43;1;1565;0.8524581644066005
43;1;1575;0.8337964048113597
43;1;1585;0.8125869697776396
43;1;1595;0.7873956269026144
43;1;1605;0.7666831333097122
43;1;1615;0.7551598268993004
43;1;1625;0.7511936576546753
43;1;1635;0.7509657606443277
43;1;1645;0.7622486498311918
43;1;1655;0.7811653645153973
43;1;1665;0.8066246660116286
43;1;1675;0.8130026940440971
43;1;1685;0.7882476315225874
43;1;1695;0.7701913912260436
43;1;1705;0.7729389618876531
43;1;1715;0.8106967511388588
43;1;1725;0.8270544357279433
43;1;1735;0.8382481536304153
43;1;1745;0.8510684680879561
43;1;1755;0.8866709506202242
43;1;1765;0.9242045026941447
43;1;1775;0.9585631212914437
43;1;1785;0.9972792169337057
43;1;1795;1.0628807659751764
43;1;1805;1.1424505164247631
43;1;1815;1.2073492827875913
43;1;1825;1.2650038598120668
43;1;1835;1.5118625292994579
43;1;1845;1.526573843288884
43;1;1855;1.492967177829526
43;1;1865;1.3958322873055724
43;1;1875;1.2343915389623785
43;1;1885;0.9031041115325268
43;1;1895;0.11317975493321297
43;1;1905;0.5815484890480415
43;1;1915;0.8465836995696437
43;1;1925;0.9915850225499547
43;1;1935;1.081332806003774
43;1;1945;1.1304454433278692
43;1;1955;1.1496557452791298
43;1;1965;1.1485956096253938
43;1;1975;1.1334134742582724
43;1;1985;1.0966763075023642
43;1;1995;1.0586059403479253
43;1;2005;1.0366783599911777
43;1;2015;1.0196135703300468
43;1;2025;1.0101621403801118
43;1;2035;1.0159075510520716
43;1;2045;1.020767830226235
43;1;2055;1.0200207973296607
43;1;2065;1.0004796649206267
43;1;2075;0.9757529921105055
43;1;2085;0.9549336604380109
43;1;2095;0.9331761391602978
43;1;2105;0.9149162346154334
43;1;2115;0.9020836846009302
43;1;2125;0.8890694501984167
43;1;2135;0.8797961234374712
43;1;2145;0.874756656517306
43;1;2155;0.8713819449389784
43;1;2165;0.8686114768941174
43;1;2175;0.8637023682641731
43;1;2185;0.8540323534081956
43;1;2195;0.8461571090219667
43;1;2205;0.8418806768002358
43;1;2215;0.8408275520122896
43;1;2225;0.8405723498885859
43;1;2235;0.8410503489304602
43;1;2245;0.8385230126985862
43;1;2255;0.8370046550342064
43;1;2265;0.8422708470691452
43;1;2275;0.8577877838386686
43;1;2285;0.8687391806731897
43;1;2295;0.8705404169757797
43;1;2305;0.8765155378276807
43;1;2315;0.8893725740322809
43;1;2325;0.8966002162175918
43;1;2335;0.903506005931846
43;1;2345;0.9065582996037045
43;1;2355;0.9139040529512588
43;1;2365;0.9199904310334264
43;1;2375;0.926741159739206
43;1;2385;0.9330539379778079
43;1;2395;0.9504198203434104
43;1;2405;0.9856726454492138
43;1;2415;1.0334199769999728
43;1;2425;1.0817684453890726
43;1;2435;1.1344972650738872
43;1;2445;1.2165834981647479
43;1;2450;1.2518736073763677
43;2;405;1.2770062247677618
43;2;415;1.2711860668724642
43;2;425;1.2095036687260918
43;2;435;1.1900921114924317
43;2;445;1.1777916259837793
43;2;455;1.1500930015744035
43;2;465;1.1173227582040128
43;2;475;1.0964338044507398
43;2;485;1.0690231082436692
43;2;495;1.0350810588191444
43;2;505;0.9774990357385185
43;2;515;0.8600441960071594
43;2;525;0.9271373251716489
43;2;535;1.2135577104476336
43;2;545;1.377752326621443
43;2;555;1.4530743996049937
43;2;565;1.2663617249719035
43;2;575;1.006806131196875
43;2;585;0.9011142983327605
43;2;595;0.868854955757202
43;2;605;0.8532017291145686
43;2;615;0.8504485764883865
43;2;625;0.8563077935544176
43;2;635;0.8609557429044967
43;2;645;0.8961013618147846
43;2;655;0.923818368129281
43;2;665;0.9546466981190047
43;2;675;1.002346196438311
43;2;685;1.0524021908972636
43;2;695;0.8035274397724232
43;2;705;1.9502163969709876
43;2;715;1.934121125374734
43;2;725;1.8265997162019734
43;2;735;1.3382078996005515
43;2;745;0.6359793012640026
43;2;755;0.8108383953717878
43;2;765;0.8648964173825184
43;2;775;0.8587266386031409
43;2;785;0.8557227024283903
43;2;795;0.856208464877191
43;2;805;0.8545616290684761
43;2;815;0.8538504732266193
43;2;825;0.8496105554841722
43;2;835;0.8433662469754485
43;2;845;0.8389514430765486
43;2;855;0.8367855117350644
43;2;865;0.836895080925407
43;2;875;0.8384213034078485
43;2;885;0.8396351291732098
43;2;895;0.8395358759995264
43;2;905;0.8411150754003208
43;2;915;0.8405953468488104
43;2;925;0.841991366301555
43;2;935;0.8406203288891716
43;2;945;0.8390438638295707
43;2;955;0.838331367527423
43;2;965;0.837661018367402
43;2;975;0.8419463117345035
43;2;985;0.8519745734510287
43;2;995;0.8586315609496462
43;2;1005;0.8628326831157198
43;2;1015;0.8746746218552536
43;2;1025;0.8736662426583204
43;2;1035;0.8667411797038472
43;2;1045;0.8647166956232003
43;2;1055;0.863027624364556
43;2;1065;0.8641801464046319
43;2;1075;0.8659659210082902
43;2;1085;0.8663994524265992
43;2;1095;0.8627031261882693
43;2;1105;0.8553809886560908
43;2;1115;0.8466884875673452
43;2;1125;0.8446161217098287
43;2;1135;0.850808158961255
43;2;1145;0.8768614104243213
43;2;1155;0.9117007128335844
43;2;1165;0.9155839539507702
43;2;1175;0.9005297174112796
43;2;1185;0.8880947453900953
43;2;1195;0.8798333439576057
43;2;1205;0.8788824075753114
43;2;1215;0.889274108795792
43;2;1225;0.8863824308646406
43;2;1235;0.8848780025712265
43;2;1245;0.8869943771247698
43;2;1255;0.8921730938103378
43;2;1265;0.8960623412398571
43;2;1275;0.9051472545318471
43;2;1285;0.9176574783237776
43;2;1295;0.9337604625586721
43;2;1305;0.9488246028430468
43;2;1315;0.9684318496693457
43;2;1325;1.0592616071561316
43;2;1335;1.260268025125436
43;2;1345;1.601292119109544
43;2;1355;1.8577478776607304
43;2;1365;1.950441006466991
43;2;1375;1.9248775644845755
43;2;1385;1.7152426335233673
43;2;1395;1.4732565785249165
43;2;1405;1.3198133785802375
43;2;1415;1.1663140760905841
43;2;1425;0.9763040234181853
43;2;1435;0.8319953514236736
43;2;1445;0.7922847000870546
43;2;1455;0.8009280866943024
43;2;1465;0.8243816865527538
43;2;1475;0.8550360410107872
43;2;1485;0.880023855376103
43;2;1495;0.8975544133297816
43;2;1505;0.9069086308419857
43;2;1515;0.9112090245724443
43;2;1525;0.9066009597655774
43;2;1535;0.8993180896546003
43;2;1545;0.8860587813560001
43;2;1555;0.8704266204628252
43;2;1565;0.8537715567179057
43;2;1575;0.8338765311065
43;2;1585;0.8101766765164116
43;2;1595;0.7813371711206443
43;2;1605;0.7562443136949631
43;2;1615;0.7399611471327944
43;2;1625;0.7320874447555568
43;2;1635;0.7291142978366444
43;2;1645;0.7380768857056264
43;2;1655;0.7544172609616346
43;2;1665;0.7810318315365095
43;2;1675;0.7923194657787056
43;2;1685;0.772260961093397
43;2;1695;0.7522577450129769
43;2;1705;0.7565311185661765
43;2;1715;0.7945299567478232
43;2;1725;0.8152884063142731
43;2;1735;0.826592834810966
43;2;1745;0.8408962377656394
43;2;1755;0.879803955133795
43;2;1765;0.9232359703574334
43;2;1775;0.9608305433807567
43;2;1785;1.0037129368353155
43;2;1795;1.0718994207151287
43;2;1805;1.156786570634498
43;2;1815;1.225943287986599
43;2;1825;1.2868243436411744
43;2;1835;1.594754582666178
43;2;1845;1.6156725583412999
43;2;1855;1.5825540233747228
43;2;1865;1.4891484183428108
43;2;1875;1.3277042771256344
43;2;1885;0.9965316628031767
43;2;1895;0.21784545154532822
43;2;1905;0.4623463707364482
43;2;1915;0.7380634731805044
43;2;1925;0.8791852314522336
43;2;1935;0.9544642762324406
43;2;1945;0.9841784783082411
43;2;1955;0.9844975352248233
43;2;1965;0.979270987179315
43;2;1975;0.9699160739928631
43;2;1985;0.9479367382958656
43;2;1995;0.9262962651257415
43;2;2005;0.924867750192991
43;2;2015;0.9292243807493931
43;2;2025;0.9398136799113233
43;2;2035;0.9639366283293265
43;2;2045;0.9847114671222693
43;2;2055;0.9954064084778749
43;2;2065;0.9832299364176613
43;2;2075;0.964193789147932
43;2;2085;0.944386405302444
43;2;2095;0.9247118155238495
43;2;2105;0.9061804086358771
43;2;2115;0.8930847163268704
43;2;2125;0.8791586146905237
43;2;2135;0.8692715785654371
43;2;2145;0.8635754498474719
43;2;2155;0.8593424855504617
43;2;2165;0.8566150402011676
43;2;2175;0.8509559997836593
43;2;2185;0.842258437640682
43;2;2195;0.835571867500437
43;2;2205;0.8337272520117146
43;2;2215;0.8350010651363793
43;2;2225;0.8371806462467776
43;2;2235;0.8392033256449254
43;2;2245;0.8341027469329854
43;2;2255;0.8279938902720296
43;2;2265;0.8308319004512996
43;2;2275;0.8453795932566176
43;2;2285;0.858256175352588
43;2;2295;0.8595508475528014
43;2;2305;0.8645286396206961
43;2;2315;0.8790720435890867
43;2;2325;0.8863555914877153
43;2;2335;0.8925484566474199
43;2;2345;0.8930897148462072
43;2;2355;0.9020407185599483
43;2;2365;0.9064418011398027
43;2;2375;0.9090035029393598
43;2;2385;0.9151034976580087
43;2;2395;0.9301995143682753
43;2;2405;0.9646453358159731
43;2;2415;1.020335696231666
43;2;2425;1.074863483162586
43;2;2435;1.1371305314794815
43;2;2445;1.226328689687891
43;2;2450;1.2637896379847038
43;3;405;1.2286830738508958
43;3;415;1.2016960267757346
43;3;425;1.1539100736551218
43;3;435;1.1318026325308452
43;3;445;1.1181462226470986
43;3;455;1.096049342494436
43;3;465;1.0688254026714712
43;3;475;1.0515385404710553
43;3;485;1.029462246604236
43;3;495;1.0029535890155097
43;3;505;0.9616244542053406
43;3;515;0.8815828420043403
43;3;525;0.9107826895197262
43;3;535;1.120155508071037
43;3;545;1.2635363580306913
43;3;555;1.3340905543756005
43;3;565;1.1592251965478424
43;3;575;0.9595836318246754
43;3;585;0.8913886027694362
43;3;595;0.8739753594077984
43;3;605;0.8661237683026246
43;3;615;0.8692093570464757
43;3;625;0.8755179111778144
43;3;635;0.8802753077889433
43;3;645;0.9097441453658187
43;3;655;0.9328582945444908
43;3;665;0.9596769893300167
43;3;675;1.0035415153079756
43;3;685;1.0532583200569823
43;3;695;0.8365177027805051
43;3;705;1.8951114912637692
43;3;715;1.8842335862177124
43;3;725;1.7717197801913251
43;3;735;1.215681377820883
43;3;745;0.6916658329845708
43;3;755;0.8776122821516189
43;3;765;0.9070088088695565
43;3;775;0.8916135983392538
43;3;785;0.8858070760441421
43;3;795;0.8851106747030785
43;3;805;0.8832233031173534
43;3;815;0.8820130532053948
43;3;825;0.8763219707295345
43;3;835;0.8678350613437258
43;3;845;0.8619208516224428
43;3;855;0.8595219560312205
43;3;865;0.8601143840469363
43;3;875;0.8619375169594545
43;3;885;0.8632418367621474
43;3;895;0.8635450773352923
43;3;905;0.8645556437113682
43;3;915;0.8646283226500603
43;3;925;0.8656412423890165
43;3;935;0.8647676192890907
43;3;945;0.8636141701621434
43;3;955;0.8626182699420025
43;3;965;0.8621814588357612
43;3;975;0.8647335962927625
43;3;985;0.8719444430625803
43;3;995;0.8764090149115249
43;3;1005;0.8735118006673184
43;3;1015;0.8800670925443064
43;3;1025;0.8805172472282123
43;3;1035;0.8752263449797657
43;3;1045;0.8718991858993269
43;3;1055;0.8711986582631289
43;3;1065;0.8708336032657825
43;3;1075;0.8696873347625671
43;3;1085;0.8667869457732695
43;3;1095;0.8631011871168067
43;3;1105;0.8615591205053648
43;3;1115;0.8622494068164613
43;3;1125;0.8652596184580884
43;3;1135;0.8758236659981785
43;3;1145;0.8958257061019617
43;3;1155;0.9216840576132856
43;3;1165;0.9191014553541426
43;3;1175;0.9040199792547016
43;3;1185;0.8940613047619733
43;3;1195;0.8889280483640133
43;3;1205;0.8884055613069819
43;3;1215;0.8959030298394975
43;3;1225;0.8939570858684996
43;3;1235;0.8954803826831949
43;3;1245;0.9004297515626245
43;3;1255;0.9074812748340667
43;3;1265;0.9122119779757901
43;3;1275;0.9239780639701922
43;3;1285;0.9371322387543953
43;3;1295;0.9555583990409385
43;3;1305;0.9835401990486279
43;3;1315;1.0212569374108937
43;3;1325;1.1203388116522166
43;3;1335;1.2801653266829107
43;3;1345;1.5559704376432961
43;3;1355;1.8003827342039356
43;3;1365;1.9226485510644846
43;3;1375;1.8968416464657072
43;3;1385;1.6417216719127259
43;3;1395;1.3896661443714595
43;3;1405;1.2555241298856084
43;3;1415;1.123752852702347
43;3;1425;0.9604463861981007
43;3;1435;0.8464241221128165
43;3;1445;0.8250632468564816
43;3;1455;0.8402082030729823
43;3;1465;0.863958497858729
43;3;1475;0.8923215303724243
43;3;1485;0.9154028669165076
43;3;1495;0.931411901332554
43;3;1505;0.9399048026258005
43;3;1515;0.9433572893077714
43;3;1525;0.9386483576260416
43;3;1535;0.9322593865741892
43;3;1545;0.9176734430487975
43;3;1555;0.9020163453436334
43;3;1565;0.8853572593962638
43;3;1575;0.8683719984850384
43;3;1585;0.8476326346755614
43;3;1595;0.8180521817462248
43;3;1605;0.7896819855471141
43;3;1615;0.7631356543068396
43;3;1625;0.7394309761988056
43;3;1635;0.7170790133099447
43;3;1645;0.7010810686147858
43;3;1655;0.6916505356451871
43;3;1665;0.7003344120766029
43;3;1675;0.709743337517823
43;3;1685;0.7153070974177931
43;3;1695;0.721731120203362
43;3;1705;0.7337798959753646
43;3;1715;0.7587249166225875
43;3;1725;0.7767510486459
43;3;1735;0.78622582546174
43;3;1745;0.8041500598819544
43;3;1755;0.8334657111503262
43;3;1765;0.8690265199385876
43;3;1775;0.8947889948261049
43;3;1785;0.9278168069514302
43;3;1795;0.9834444791291604
43;3;1805;1.0470141013019334
43;3;1815;1.1073455445174083
43;3;1825;1.1646990580709515
43;3;1835;1.4142076141043873
43;3;1845;1.4298305489163463
43;3;1855;1.3910845818516357
43;3;1865;1.2926808454483116
43;3;1875;1.1390495238867036
43;3;1885;0.8678755112969126
43;3;1895;0.2106491362160659
43;3;1905;0.7145396947161898
43;3;1915;1.0619434946985657
43;3;1925;1.2367678266525814
43;3;1935;1.3229337387789553
43;3;1945;1.3453552117535363
43;3;1955;1.3195571801806194
43;3;1965;1.2725392241058155
43;3;1975;1.2103104136316714
43;3;1985;1.1427090324337361
43;3;1995;1.084434641241162
43;3;2005;1.0507715470443824
43;3;2015;1.0247606132246698
43;3;2025;1.0066234652908208
43;3;2035;1.0046911167169932
43;3;2045;1.0024220364485754
43;3;2055;0.9988754324472762
43;3;2065;0.9793558681388408
43;3;2075;0.9566474149289831
43;3;2085;0.9374380995424348
43;3;2095;0.9190903529688046
43;3;2105;0.9045743012173553
43;3;2115;0.8938350708899854
43;3;2125;0.8838252857077561
43;3;2135;0.8777513520673562
43;3;2145;0.8739264662901529
43;3;2155;0.8718514499000497
43;3;2165;0.8704251866023244
43;3;2175;0.8672751394602912
43;3;2185;0.8617299761550471
43;3;2195;0.8578825362961227
43;3;2205;0.8568808627750456
43;3;2215;0.8575725131822993
43;3;2225;0.859130129030476
43;3;2235;0.8618434375900346
43;3;2245;0.8591870564632873
43;3;2255;0.8543704791782321
43;3;2265;0.8534244232950435
43;3;2275;0.8599747178308684
43;3;2285;0.866013483624076
43;3;2295;0.8668925223742169
43;3;2305;0.8705211355985121
43;3;2315;0.8781560528087154
43;3;2325;0.8837815856796848
43;3;2335;0.8881941063015909
43;3;2345;0.8897291195658132
43;3;2355;0.8951575585884828
43;3;2365;0.8994247338450545
43;3;2375;0.9023371557664527
43;3;2385;0.9073658865512558
43;3;2395;0.9190583915968754
43;3;2405;0.9469256208691269
43;3;2415;0.9921704579694514
43;3;2425;1.0362014108577362
43;3;2435;1.075061081240372
43;3;2445;1.149516238743565
43;3;2450;1.1841095631372942
43;4;405;1.1532009220161685
43;4;415;1.1519640540005907
43;4;425;1.1268266395484001
43;4;435;1.1178670893913276
43;4;445;1.1128425318476474
43;4;455;1.100554156162787
43;4;465;1.0858720407381757
43;4;475;1.0760365314590947
43;4;485;1.0613508680456227
43;4;495;1.043232747143417
43;4;505;1.008600009940215
43;4;515;0.9255911067656704
43;4;525;0.8971332923792236
43;4;535;1.0521721304203986
43;4;545;1.167643511917984
43;4;555;1.2228749105806052
43;4;565;1.0687171873165648
43;4;575;0.9231052724020448
43;4;585;0.8914734866959365
43;4;595;0.890168579159326
43;4;605;0.8946841261054814
43;4;615;0.9090133708952675
43;4;625;0.9191486778191731
43;4;635;0.9247809379330023
43;4;645;0.9552812826515135
43;4;655;0.9744127269379124
43;4;665;0.9927591244552867
43;4;675;1.0167368282306293
43;4;685;1.037711699852171
43;4;695;0.8645847992961684
43;4;705;1.8172096729973988
43;4;715;1.7995388329170003
43;4;725;1.7650614799044024
43;4;735;1.4334562798616717
43;4;745;0.7677607983271081
43;4;755;0.8658248749661649
43;4;765;0.9083778882854746
43;4;775;0.9103509716253537
43;4;785;0.9105123733947179
43;4;795;0.9107179475852589
43;4;805;0.9104574500110041
43;4;815;0.9098055989028139
43;4;825;0.9066219680766191
43;4;835;0.9011833380737266
43;4;845;0.8952963725671476
43;4;855;0.8899475377715009
43;4;865;0.8862555009635105
43;4;875;0.8843993532815703
43;4;885;0.883237317629018
43;4;895;0.8834144052028838
43;4;905;0.883184311849345
43;4;915;0.8834317961117573
43;4;925;0.8838666077173226
43;4;935;0.8848857496363252
43;4;945;0.8845936373367644
43;4;955;0.886067078319165
43;4;965;0.8855532691583956
43;4;975;0.8848219655360053
43;4;985;0.8845053859214057
43;4;995;0.8865774422235162
43;4;1005;0.8865025306878128
43;4;1015;0.8886834146814068
43;4;1025;0.8890673360423037
43;4;1035;0.8896533710189771
43;4;1045;0.8871119078185452
43;4;1055;0.8884979205288177
43;4;1065;0.8880202940096376
43;4;1075;0.886822447962332
43;4;1085;0.8857815741379751
43;4;1095;0.884312563774402
43;4;1105;0.883914639822044
43;4;1115;0.8881051802550135
43;4;1125;0.8976815608345013
43;4;1135;0.917454472667449
43;4;1145;0.9549120476798552
43;4;1155;0.9935719094152732
43;4;1165;0.9951639610933289
43;4;1175;0.9820320212149466
43;4;1185;0.970439825115116
43;4;1195;0.9652106901751981
43;4;1205;0.9637172889519399
43;4;1215;0.9705231168796352
43;4;1225;0.9702263940818628
43;4;1235;0.9719807257737598
43;4;1245;0.9718040879388884
43;4;1255;0.9762407264149613
43;4;1265;0.9795546214374461
43;4;1275;0.9871037986066111
43;4;1285;0.9979702546084604
43;4;1295;1.010211438933208
43;4;1305;1.0171086441484791
43;4;1315;1.0277970392248974
43;4;1325;1.0959227027364018
43;4;1335;1.259414817518316
43;4;1345;1.5394385012365102
43;4;1355;1.7692352896891148
43;4;1365;1.8700915734232988
43;4;1375;1.85072669856607
43;4;1385;1.6056641402515848
43;4;1395;1.3452183189590325
43;4;1405;1.2031026949047174
43;4;1415;1.079292697620136
43;4;1425;0.9523220756138427
43;4;1435;0.8777846919906395
43;4;1445;0.8637304650595603
43;4;1455;0.8699585474841851
43;4;1465;0.8828332815028519
43;4;1475;0.899311339840008
43;4;1485;0.913686488563538
43;4;1495;0.9244579155782481
43;4;1505;0.9317161757044131
43;4;1515;0.9362604911642178
43;4;1525;0.9347435277659811
43;4;1535;0.9321838734750933
43;4;1545;0.9262835636978345
43;4;1555;0.917437277357582
43;4;1565;0.9042531565302693
43;4;1575;0.8875357919029828
43;4;1585;0.8650496315283255
43;4;1595;0.8342742474532303
43;4;1605;0.805485354802112
43;4;1615;0.7822809537574102
43;4;1625;0.7658525679311846
43;4;1635;0.7547428122422587
43;4;1645;0.7580392475567032
43;4;1655;0.7680782336657319
43;4;1665;0.7875628568010117
43;4;1675;0.7913259963934097
43;4;1685;0.7668630191761944
43;4;1695;0.7498427246595943
43;4;1705;0.754641648647962
43;4;1715;0.7828786292043327
43;4;1725;0.8032208113226131
43;4;1735;0.8175524029038752
43;4;1745;0.8351934678164522
43;4;1755;0.8656308327873498
43;4;1765;0.9054629935262649
43;4;1775;0.936261671955848
43;4;1785;0.9729119083592662
43;4;1795;1.029249296173261
43;4;1805;1.0941193573445627
43;4;1815;1.1622834547296432
43;4;1825;1.2297801151322638
43;4;1835;1.2830147940945895
43;4;1845;1.317695729026252
43;4;1855;1.299786416155764
43;4;1865;1.2336554627862804
43;4;1875;1.1458787655472022
43;4;1885;0.9933207942750865
43;4;1895;0.498987685562263
43;4;1905;0.1659227805077125
43;4;1915;0.48670186390005366
43;4;1925;0.6562995306032906
43;4;1935;0.7602951617154203
43;4;1945;0.8165424654531277
43;4;1955;0.8570268796403636
43;4;1965;0.8831724170772622
43;4;1975;0.9061533990726496
43;4;1985;0.9176482279350449
43;4;1995;0.9226774450062716
43;4;2005;0.9323816916054996
43;4;2015;0.9447989581853072
43;4;2025;0.9599033402325419
43;4;2035;0.9828355910039279
43;4;2045;1.004065407027591
43;4;2055;1.020542812720434
43;4;2065;1.0233885645485268
43;4;2075;1.0195716980040288
43;4;2085;1.0142304476988409
43;4;2095;1.0075928031535855
43;4;2105;1.0003060503338435
43;4;2115;0.9941904019002205
43;4;2125;0.9850068859673237
43;4;2135;0.9775147855704859
43;4;2145;0.9721669891097572
43;4;2155;0.9675457999857263
43;4;2165;0.9626620422192954
43;4;2175;0.95326704423502
43;4;2185;0.9379402134651712
43;4;2195;0.9241282675868779
43;4;2205;0.9116362214503492
43;4;2215;0.9026695801619246
43;4;2225;0.8956910874742506
43;4;2235;0.893085155726877
43;4;2245;0.896669103880295
43;4;2255;0.9108051538397434
43;4;2265;0.9301008517320619
43;4;2275;0.9545353463047846
43;4;2285;0.9695117134330502
43;4;2295;0.9658944451542089
43;4;2305;0.9704939700711154
43;4;2315;0.980209761416205
43;4;2325;0.9816547263631074
43;4;2335;0.979283755754445
43;4;2345;0.9741986712575945
43;4;2355;0.9740611124951406
43;4;2365;0.9724663864625779
43;4;2375;0.9704079167807207
43;4;2385;0.9714797636940782
43;4;2395;0.9780820105034319
43;4;2405;0.9939111440178191
43;4;2415;1.0260358065481983
43;4;2425;1.0524658918668215
43;4;2435;1.0828743279755282
43;4;2445;1.128969885977866
43;4;2450;1.147006371641006
44;1;405;1.1315359890616472
44;1;415;1.1251711867195198
44;1;425;1.0855836871581257
44;1;435;1.0726086777640358
44;1;445;1.0669212459309494
44;1;455;1.0498397927403642
44;1;465;1.0324547614327109
44;1;475;1.0199313316204053
44;1;485;1.0031935558641079
44;1;495;0.9822070515918865
44;1;505;0.9437861555752761
44;1;515;0.8651278747452312
44;1;525;0.9794029919463528
44;1;535;1.308832283939028
44;1;545;1.4786450251766006
44;1;555;1.5459161513478838
44;1;565;1.3189251169239367
44;1;575;1.0252787475322784
44;1;585;0.9126235311554614
44;1;595;0.8804914359937104
44;1;605;0.8630984213093005
44;1;615;0.8588390711780394
44;1;625;0.8634004467236884
44;1;635;0.8675193554851097
44;1;645;0.8963416918016744
44;1;655;0.9192638604765363
44;1;665;0.9450678904286491
44;1;675;0.982949961327457
44;1;685;1.0216046699798238
44;1;695;0.8111830713369348
44;1;705;1.8854284685527436
44;1;715;1.821478060363401
44;1;725;1.8033487442471894
44;1;735;1.6244404516476425
44;1;745;0.7126990038514461
44;1;755;0.8227586046946385
44;1;765;0.8690726113680586
44;1;775;0.8665257507898698
44;1;785;0.8652944653719494
44;1;795;0.8666657956525319
44;1;805;0.8659503789723445
44;1;815;0.86582393141415
44;1;825;0.863883189374936
44;1;835;0.8601870644130866
44;1;845;0.8583209697594891
44;1;855;0.8574804290995729
44;1;865;0.8582224421083726
44;1;875;0.8595622564942782
44;1;885;0.8605558470838545
44;1;895;0.8597720161187332
44;1;905;0.8604128789756297
44;1;915;0.8596601759690055
44;1;925;0.8596370670906955
44;1;935;0.8578358720694074
44;1;945;0.8555049336702297
44;1;955;0.8537475893466191
44;1;965;0.8530636387192266
44;1;975;0.8554381778156355
44;1;985;0.8616445436148803
44;1;995;0.8665598769238245
44;1;1005;0.8692487219607887
44;1;1015;0.8772195873883857
44;1;1025;0.8738299186289087
44;1;1035;0.8706107603033026
44;1;1045;0.8667397240607837
44;1;1055;0.8648367754485954
44;1;1065;0.8654806854180445
44;1;1075;0.8631867244124866
44;1;1085;0.8622156848146594
44;1;1095;0.8575623738470386
44;1;1105;0.8541719741565423
44;1;1115;0.8538053524972977
44;1;1125;0.8580778206213696
44;1;1135;0.870746839647157
44;1;1145;0.8980524686083775
44;1;1155;0.9293254178882513
44;1;1165;0.9297925849449572
44;1;1175;0.9174596964469758
44;1;1185;0.9057557642913925
44;1;1195;0.9008528906072696
44;1;1205;0.8997305994823673
44;1;1215;0.9105667460683757
44;1;1225;0.9103313679093196
44;1;1235;0.9124827899779955
44;1;1245;0.9172751223867633
44;1;1255;0.9242914318939024
44;1;1265;0.932039923141
44;1;1275;0.9422841205760921
44;1;1285;0.9547355810142998
44;1;1295;0.9728534096310828
44;1;1305;0.9916364974695988
44;1;1315;1.0122317487433832
44;1;1325;1.0912046509873317
44;1;1335;1.2510739434511728
44;1;1345;1.5143343893480856
44;1;1355;1.7500022612951776
44;1;1365;1.9264062969906004
44;1;1375;2.105318222485784
44;1;1385;2.0354898134970156
44;1;1395;1.7744936790507084
44;1;1405;1.586731399607298
44;1;1415;1.37215408952475
44;1;1425;1.0850549513882277
44;1;1435;0.8817524886499526
44;1;1445;0.8203871826021738
44;1;1455;0.8188505061806446
44;1;1465;0.8348231328206283
44;1;1475;0.8587746204253587
44;1;1485;0.8805629343432824
44;1;1495;0.8966373051682484
44;1;1505;0.9065512892194209
44;1;1515;0.9129824864585443
44;1;1525;0.9118036051392029
44;1;1535;0.908969409210348
44;1;1545;0.8990245392383811
44;1;1555;0.8869813243897774
44;1;1565;0.8726778132449451
44;1;1575;0.8562034881652119
44;1;1585;0.8322565005809818
44;1;1595;0.7975575337771761
44;1;1605;0.762794453761866
44;1;1615;0.7306949920688695
44;1;1625;0.7021237270448558
44;1;1635;0.6761472811650652
44;1;1645;0.660622861793999
44;1;1655;0.6550696699204314
44;1;1665;0.6706867143864369
44;1;1675;0.6841877365500855
44;1;1685;0.6818451511921514
44;1;1695;0.6808565956556566
44;1;1705;0.6917752359169899
44;1;1715;0.7226935357873144
44;1;1725;0.7434029554990494
44;1;1735;0.758376549399474
44;1;1745;0.7742862013412691
44;1;1755;0.8166024173551039
44;1;1765;0.8687519023901565
44;1;1775;0.9096132257616957
44;1;1785;0.957965674474398
44;1;1795;1.046996319315477
44;1;1805;1.1613198901953812
44;1;1815;1.2535245903585912
44;1;1825;1.364049993263427
44;1;1835;1.5126837353647824
44;1;1845;1.5973012298254825
44;1;1855;1.6039132262202698
44;1;1865;1.5435886048909648
44;1;1875;1.4478181166375774
44;1;1885;1.2027493265283036
44;1;1895;0.4358112758205013
44;1;1905;0.29784930929182796
44;1;1915;0.5750666299918621
44;1;1925;0.7300735809626229
44;1;1935;0.8143338671100644
44;1;1945;0.849696024820961
44;1;1955;0.8625634567666691
44;1;1965;0.8639743980169715
44;1;1975;0.8672193439289899
44;1;1985;0.8633868683800654
44;1;1995;0.8619375807085333
44;1;2005;0.8722820948192329
44;1;2015;0.8842871734404235
44;1;2025;0.898942218190815
44;1;2035;0.9220314055175491
44;1;2045;0.9403656495229644
44;1;2055;0.9543479748860786
44;1;2065;0.9509520692121022
44;1;2075;0.9414490679905737
44;1;2085;0.9308321396471055
44;1;2095;0.9194739221368329
44;1;2105;0.9092358067431526
44;1;2115;0.9006054591520068
44;1;2125;0.89015919292993
44;1;2135;0.8827471166550115
44;1;2145;0.8780244320035785
44;1;2155;0.8739988759902423
44;1;2165;0.8704123787102718
44;1;2175;0.8653107357318767
44;1;2185;0.8572022617817725
44;1;2195;0.8503558061383333
44;1;2205;0.8474169664969529
44;1;2215;0.8476868012325125
44;1;2225;0.8484688212470483
44;1;2235;0.8508083887304074
44;1;2245;0.8480276251055552
44;1;2255;0.8432072318356951
44;1;2265;0.8457706519113699
44;1;2275;0.8585857873202141
44;1;2285;0.8684707930237847
44;1;2295;0.8692133638805979
44;1;2305;0.8734965108802877
44;1;2315;0.8826517379224482
44;1;2325;0.8861457002303125
44;1;2335;0.8888838602786759
44;1;2345;0.8878433719402131
44;1;2355;0.8902788221922491
44;1;2365;0.8915045843136944
44;1;2375;0.8905651557982927
44;1;2385;0.8910432337527253
44;1;2395;0.8982063054171825
44;1;2405;0.9166275903999345
44;1;2415;0.9463682457536027
44;1;2425;0.979980078647305
44;1;2435;1.0070500540837612
44;1;2445;1.0587519620185502
44;1;2450;1.0778537337940584
44;2;405;1.1686024070828482
44;2;415;1.173331933296511
44;2;425;1.1348406794290646
44;2;435;1.1237889136219568
44;2;445;1.118937377516005
44;2;455;1.1044573645958469
44;2;465;1.0848107561337155
44;2;475;1.0729952945070202
44;2;485;1.055988477876846
44;2;495;1.0339451913771514
44;2;505;0.9966281921420124
44;2;515;0.9137191487058521
44;2;525;0.8966600293378499
44;2;535;1.0449579907355517
44;2;545;1.1582001959426236
44;2;555;1.2148991707912107
44;2;565;1.07238897620896
44;2;575;0.9311043038031053
44;2;585;0.8950047527104333
44;2;595;0.8898924350956728
44;2;605;0.8913520410618132
44;2;615;0.9015218301130578
44;2;625;0.9099777416541668
44;2;635;0.9147846645196424
44;2;645;0.9435482474632524
44;2;655;0.961918155610323
44;2;665;0.9808283422789867
44;2;675;1.0100635849745434
44;2;685;1.0411836291629417
44;2;695;0.8688104198854658
44;2;705;1.9431158667863304
44;2;715;1.9518064175989125
44;2;725;1.8413253443609132
44;2;735;1.2986789541779504
44;2;745;0.7415405470224845
44;2;755;0.8709648878753959
44;2;765;0.9110608492107458
44;2;775;0.9087252229340459
44;2;785;0.9074475411954241
44;2;795;0.9077215418016341
44;2;805;0.9069508985811465
44;2;815;0.9064393181953719
44;2;825;0.9022541588216278
44;2;835;0.8954912877500645
44;2;845;0.8885682196527896
44;2;855;0.8832091780564258
44;2;865;0.8800163185977904
44;2;875;0.878633971328161
44;2;885;0.877913255106905
44;2;895;0.8781127298832839
44;2;905;0.8782864382139324
44;2;915;0.8785133831611862
44;2;925;0.8790664181229514
44;2;935;0.8795915069504355
44;2;945;0.8790417426884529
44;2;955;0.8802811938614852
44;2;965;0.8803286401443987
44;2;975;0.8806967062169169
44;2;985;0.8825898700236786
44;2;995;0.8851730179402536
44;2;1005;0.8839634428368647
44;2;1015;0.888227274156179
44;2;1025;0.8874234435859599
44;2;1035;0.8861099590279676
44;2;1045;0.8846168671333646
44;2;1055;0.8858185084893083
44;2;1065;0.8862302091410035
44;2;1075;0.8856290232874146
44;2;1085;0.8846742125870841
44;2;1095;0.8840640359021329
44;2;1105;0.8839373147525184
44;2;1115;0.8869926925907432
44;2;1125;0.8921178500248368
44;2;1135;0.9095214009544881
44;2;1145;0.9419667223754657
44;2;1155;0.975911650204185
44;2;1165;0.9768636132154503
44;2;1175;0.9596997823995099
44;2;1185;0.9465505731786704
44;2;1195;0.9379605327529307
44;2;1205;0.9357602831901668
44;2;1215;0.9442800071219848
44;2;1225;0.9420667557671661
44;2;1235;0.9410813529550329
44;2;1245;0.9419446854339951
44;2;1255;0.9464516752245745
44;2;1265;0.9478475430604365
44;2;1275;0.9570464071291691
44;2;1285;0.9698419148443505
44;2;1295;0.9832801195282257
44;2;1305;1.000473724187862
44;2;1315;1.02346856067084
44;2;1325;1.1037854547985295
44;2;1335;1.270121128534428
44;2;1345;1.584358094266751
44;2;1355;1.860711949510004
44;2;1365;1.9581008453518263
44;2;1375;1.8636209547811773
44;2;1385;1.5746033840946276
44;2;1395;1.328299912066435
44;2;1405;1.1918421123555967
44;2;1415;1.0670149107723987
44;2;1425;0.9391617469093022
44;2;1435;0.861778533164131
44;2;1445;0.8508613316390772
44;2;1455;0.8625756579588996
44;2;1465;0.8812638618926257
44;2;1475;0.9046820839768048
44;2;1485;0.923668904377849
44;2;1495;0.9381189022627107
44;2;1505;0.9477465375801849
44;2;1515;0.95325272035589
44;2;1525;0.9523964110901487
44;2;1535;0.9496981889174745
44;2;1545;0.9427963154996594
44;2;1555;0.9331794311667532
44;2;1565;0.9209270265423025
44;2;1575;0.9034893796629379
44;2;1585;0.8833669165706284
44;2;1595;0.8525686797197315
44;2;1605;0.8224041969580139
44;2;1615;0.793420448104853
44;2;1625;0.7709109083100362
44;2;1635;0.750788440366868
44;2;1645;0.7380577546902658
44;2;1655;0.7328538518185009
44;2;1665;0.7403279328216428
44;2;1675;0.7432790841799997
44;2;1685;0.7382549816630453
44;2;1695;0.7413533945763485
44;2;1705;0.7479325940506611
44;2;1715;0.767885068638754
44;2;1725;0.7837831606853898
44;2;1735;0.7952024581874656
44;2;1745;0.8145451782497326
44;2;1755;0.8430257984172816
44;2;1765;0.8773847515382687
44;2;1775;0.9032287544056297
44;2;1785;0.9371318655940731
44;2;1795;0.9849534528807671
44;2;1805;1.0462361269697966
44;2;1815;1.0998767375209475
44;2;1825;1.1592778854416763
44;2;1835;1.4307679139773488
44;2;1845;1.4478675075178742
44;2;1855;1.419172244902323
44;2;1865;1.345143098898228
44;2;1875;1.2257062791094564
44;2;1885;1.009018727684994
44;2;1895;0.3871847221724106
44;2;1905;0.3320026709314928
44;2;1915;0.6417169425060891
44;2;1925;0.798310959175306
44;2;1935;0.8819834475885912
44;2;1945;0.914556609481889
44;2;1955;0.9167471266367484
44;2;1965;0.9189291515397248
44;2;1975;0.920322360605317
44;2;1985;0.915435500751203
44;2;1995;0.90970873856539
44;2;2005;0.9163407682561804
44;2;2015;0.929203764191923
44;2;2025;0.9428947797913503
44;2;2035;0.96816569580474
44;2;2045;0.9903660800027598
44;2;2055;1.0063921048762448
44;2;2065;1.0048314779180232
44;2;2075;0.9975076482909219
44;2;2085;0.9885313599222796
44;2;2095;0.9765912449197002
44;2;2105;0.9644761094867474
44;2;2115;0.9549491593890358
44;2;2125;0.9448302057447188
44;2;2135;0.9363741544675159
44;2;2145;0.9315146147437442
44;2;2155;0.9273034137705162
44;2;2165;0.9233796214788141
44;2;2175;0.9168504279288616
44;2;2185;0.9042366679165993
44;2;2195;0.8930916845778697
44;2;2205;0.8852560278188981
44;2;2215;0.880408937669253
44;2;2225;0.8770969061646786
44;2;2235;0.8761700848564344
44;2;2245;0.8770894908290638
44;2;2255;0.8828187474155729
44;2;2265;0.8966220324664144
44;2;2275;0.9169043966854785
44;2;2285;0.9309930099160867
44;2;2295;0.9288194259834732
44;2;2305;0.9337196390580382
44;2;2315;0.9444451422133049
44;2;2325;0.9478003980995104
44;2;2335;0.9495491097226127
44;2;2345;0.9465205741046488
44;2;2355;0.9500850366395552
44;2;2365;0.948541093718011
44;2;2375;0.9477792391458068
44;2;2385;0.9487263295960218
44;2;2395;0.9571199865971417
44;2;2405;0.9771835545179395
44;2;2415;1.0112876695493607
44;2;2425;1.0420920399292626
44;2;2435;1.086489706176738
44;2;2445;1.1418045524818499
44;2;2450;1.1694176411965187
44;3;405;1.3052158254122594
44;3;415;1.2920116910789665
44;3;425;1.2384755493321664
44;3;435;1.2162605952189989
44;3;445;1.2035738483097127
44;3;455;1.176420202239785
44;3;465;1.145454357362378
44;3;475;1.124478765459746
44;3;485;1.0986988393126458
44;3;495;1.0658230594906768
44;3;505;1.0125813695117432
44;3;515;0.8986694681894568
44;3;525;0.868603264152493
44;3;535;1.0574248024038018
44;3;545;1.1965802836716404
44;3;555;1.2689033029912522
44;3;565;1.1091630842374391
44;3;575;0.9267190542569127
44;3;585;0.8723035998952512
44;3;595;0.8619936579402496
44;3;605;0.8612142756955494
44;3;615;0.872072648607175
44;3;625;0.8817906155276909
44;3;635;0.8874674922873501
44;3;645;0.9233800921932195
44;3;655;0.9488202312518687
44;3;665;0.9765524717277897
44;3;675;1.0200003668334492
44;3;685;1.0653384575374651
44;3;695;0.8259069848951036
44;3;705;1.833902396218801
44;3;715;1.813487819764664
44;3;725;1.6873277037063372
44;3;735;1.1270990181446707
44;3;745;0.67546191870314
44;3;755;0.8863601289273789
44;3;765;0.9216555661992287
44;3;775;0.9039033015879749
44;3;785;0.8957875453981855
44;3;795;0.892701902512622
44;3;805;0.8888141116475652
44;3;815;0.8862012040523145
44;3;825;0.8782454907442838
44;3;835;0.8668862085961936
44;3;845;0.8571471913531199
44;3;855;0.8506459016617742
44;3;865;0.8476687712759307
44;3;875;0.8470844865412707
44;3;885;0.8469819994854838
44;3;895;0.847334134330739
44;3;905;0.8480855062893691
44;3;915;0.8483650788506527
44;3;925;0.849620748805968
44;3;935;0.8493090295890445
44;3;945;0.848763298895338
44;3;955;0.8486886284691544
44;3;965;0.8481764179561396
44;3;975;0.8508448263377364
44;3;985;0.8585990800185338
44;3;995;0.8645538126316784
44;3;1005;0.8673471853375141
44;3;1015;0.8727271129819065
44;3;1025;0.874731822406474
44;3;1035;0.8703512745833268
44;3;1045;0.8687578930850423
44;3;1055;0.8690418770128805
44;3;1065;0.8687539350023427
44;3;1075;0.8697389818084461
44;3;1085;0.8706170864180457
44;3;1095;0.8657713553356003
44;3;1105;0.8601307446526492
44;3;1115;0.8554274896714019
44;3;1125;0.8559233792079
44;3;1135;0.8635030295812108
44;3;1145;0.8879603266470605
44;3;1155;0.9202111622942255
44;3;1165;0.920692203172001
44;3;1175;0.9042907349391762
44;3;1185;0.8939479364027227
44;3;1195;0.8866542398311213
44;3;1205;0.8847025322461592
44;3;1215;0.8893586946081543
44;3;1225;0.8850666770799629
44;3;1235;0.8835625834234193
44;3;1245;0.8829545208031261
44;3;1255;0.8865259059113993
44;3;1265;0.8873653181200669
44;3;1275;0.8942180395842733
44;3;1285;0.9034238243003484
44;3;1295;0.9135253791023701
44;3;1305;0.9227341226749435
44;3;1315;0.9364467839239098
44;3;1325;1.0113334303494665
44;3;1335;1.182646985663312
44;3;1345;1.4937172000671104
44;3;1355;1.7328664669274534
44;3;1365;1.8104557378019215
44;3;1375;1.7674478797136401
44;3;1385;1.5604287958649794
44;3;1395;1.3309916570385545
44;3;1405;1.1910574743337519
44;3;1415;1.0595894965841184
44;3;1425;0.9159452268063027
44;3;1435;0.8248461827127828
44;3;1445;0.812137333516197
44;3;1455;0.8272492740608709
44;3;1465;0.8488348640079425
44;3;1475;0.8729986369475905
44;3;1485;0.8913692454705568
44;3;1495;0.903595675964803
44;3;1505;0.9094462061642961
44;3;1515;0.911130757787129
44;3;1525;0.9043631264111586
44;3;1535;0.8967127863797645
44;3;1545;0.8841166064460749
44;3;1555;0.8691570392903476
44;3;1565;0.8526541972184498
44;3;1575;0.8339194786559091
44;3;1585;0.8130938173058194
44;3;1595;0.789725976881627
44;3;1605;0.7710442782156499
44;3;1615;0.7618142250679945
44;3;1625;0.7591478299172213
44;3;1635;0.7601932144843057
44;3;1645;0.7757689274907065
44;3;1655;0.7960356926259793
44;3;1665;0.8203913156377937
44;3;1675;0.826603570107269
44;3;1685;0.8010927753485175
44;3;1695;0.7795674215682681
44;3;1705;0.7842389192821607
44;3;1715;0.818287061508169
44;3;1725;0.8393485325554674
44;3;1735;0.8511532273379824
44;3;1745;0.8687688348723989
44;3;1755;0.9005943534683598
44;3;1765;0.939006314105268
44;3;1775;0.9749805875974451
44;3;1785;1.0116857995179438
44;3;1795;1.0764809945995915
44;3;1805;1.1401319750003331
44;3;1815;1.2004740215858776
44;3;1825;1.2524335781802334
44;3;1835;1.4464405688495057
44;3;1845;1.4521929171294
44;3;1855;1.415734837959262
44;3;1865;1.3153594442247436
44;3;1875;1.1464178269086376
44;3;1885;0.8122179600912647
44;3;1895;0.10850752703451498
44;3;1905;0.6461040578770426
44;3;1915;0.9127999260438209
44;3;1925;1.0559096860336767
44;3;1935;1.1420326589690586
44;3;1945;1.1893110895883483
44;3;1955;1.207003963431492
44;3;1965;1.2033760123204893
44;3;1975;1.18258227387667
44;3;1985;1.1414012146029953
44;3;1995;1.0952797160289955
44;3;2005;1.0692439188413698
44;3;2015;1.0478138391068466
44;3;2025;1.0384243875224721
44;3;2035;1.0434658196402213
44;3;2045;1.0494782339274809
44;3;2055;1.0469451935048213
44;3;2065;1.0270448703703727
44;3;2075;1.000779574035864
44;3;2085;0.9784757029903726
44;3;2095;0.9561248577497984
44;3;2105;0.9377004511876909
44;3;2115;0.9244786327670634
44;3;2125;0.9104466947620047
44;3;2135;0.9012842574353739
44;3;2145;0.895459521997798
44;3;2155;0.8924484509762435
44;3;2165;0.8907356656942321
44;3;2175;0.8839245071145791
44;3;2185;0.8726717757743918
44;3;2195;0.8634015604212606
44;3;2205;0.8569560963291816
44;3;2215;0.8534355164734398
44;3;2225;0.8513000959958386
44;3;2235;0.8504108043635756
44;3;2245;0.8498827920886225
44;3;2255;0.8526799335594164
44;3;2265;0.8611680151667518
44;3;2275;0.8784080430005936
44;3;2285;0.8898272848867606
44;3;2295;0.8915616557412082
44;3;2305;0.8967956839861381
44;3;2315;0.910432129765144
44;3;2325;0.9201920437635827
44;3;2335;0.9259445241678206
44;3;2345;0.9280476778043989
44;3;2355;0.9381949036642326
44;3;2365;0.9457091392217689
44;3;2375;0.9518085226179055
44;3;2385;0.9619362783869372
44;3;2395;0.9760784912761947
44;3;2405;1.016362739661348
44;3;2415;1.0763071886378262
44;3;2425;1.1303985551331794
44;3;2435;1.184135527924259
44;3;2445;1.2743433913123214
44;3;2450;1.3005694221980277
44;4;405;1.2660136485454363
44;4;415;1.2430558868889838
44;4;425;1.1923766651559218
44;4;435;1.1712356190107855
44;4;445;1.1547242185252564
44;4;455;1.1283093620031523
44;4;465;1.0970015663967532
44;4;475;1.0761865807598225
44;4;485;1.0506772061393395
44;4;495;1.0186002318346015
44;4;505;0.9652950206318158
44;4;515;0.8600782934260498
44;4;525;0.9054304825213256
44;4;535;1.1636843250362778
44;4;545;1.3256782429794918
44;4;555;1.4049801393764463
44;4;565;1.2167075205859352
44;4;575;0.972247496655857
44;4;585;0.8806926575150821
44;4;595;0.8550817001754311
44;4;605;0.8432282448982724
44;4;615;0.8444033242776267
44;4;625;0.8514735124040405
44;4;635;0.856680085717923
44;4;645;0.8916275611051298
44;4;655;0.9194257019543679
44;4;665;0.9507059221153807
44;4;675;0.998562382586713
44;4;685;1.0485944992379674
44;4;695;0.8051999878355206
44;4;705;1.9353839701662854
44;4;715;1.9145847123458033
44;4;725;1.8061845283035258
44;4;735;1.2829217829421624
44;4;745;0.6624478519876962
44;4;755;0.8351723188778196
44;4;765;0.8740307704165015
44;4;775;0.8620218677830321
44;4;785;0.856975206032896
44;4;795;0.8559093290158377
44;4;805;0.8538883687400679
44;4;815;0.8523803316358323
44;4;825;0.847162950723627
44;4;835;0.8397486734326757
44;4;845;0.8347088807334845
44;4;855;0.8327862445947276
44;4;865;0.8335637097878296
44;4;875;0.8353023582117101
44;4;885;0.8369000861680224
44;4;895;0.8369958173743696
44;4;905;0.8383711314392706
44;4;915;0.838442514325783
44;4;925;0.8400218825388691
44;4;935;0.8390571219263773
44;4;945;0.8383149037661333
44;4;955;0.837493578663943
44;4;965;0.8371825837173384
44;4;975;0.8410944386009009
44;4;985;0.8516051315020998
44;4;995;0.8580999281712283
44;4;1005;0.8596748046342283
44;4;1015;0.8701829138832092
44;4;1025;0.8723611749325637
44;4;1035;0.8647318961152446
44;4;1045;0.8583759416813808
44;4;1055;0.8620261099026162
44;4;1065;0.8615303126865913
44;4;1075;0.8657380007674976
44;4;1085;0.8672357986859166
44;4;1095;0.8633143292905244
44;4;1105;0.8550242714923034
44;4;1115;0.8445222649841717
44;4;1125;0.8393684620175751
44;4;1135;0.8420243920236397
44;4;1145;0.861396611477959
44;4;1155;0.8924321527154164
44;4;1165;0.8955058465466875
44;4;1175;0.883014114772104
44;4;1185;0.8742218210188208
44;4;1195;0.8698482755598455
44;4;1205;0.8699888696984337
44;4;1215;0.8802604976373672
44;4;1225;0.8786429079951527
44;4;1235;0.878835767069507
44;4;1245;0.88084853654311
44;4;1255;0.8868598912464396
44;4;1265;0.8911946815294549
44;4;1275;0.901144858533408
44;4;1285;0.9123485412653983
44;4;1295;0.925251651088675
44;4;1305;0.9341094327872227
44;4;1315;0.9478130855483815
44;4;1325;1.0326807854734223
44;4;1335;1.2287563237983732
44;4;1345;1.5792430331767309
44;4;1355;1.848877495838642
44;4;1365;1.937592065822093
44;4;1375;1.8785150427925854
44;4;1385;1.6221924073073923
44;4;1395;1.3547044007055569
44;4;1405;1.2058419539159182
44;4;1415;1.0728084787845078
44;4;1425;0.9236349728862926
44;4;1435;0.8234152746149147
44;4;1445;0.8044248171669053
44;4;1455;0.8176415848365324
44;4;1465;0.8382327060414967
44;4;1475;0.8619841068254208
44;4;1485;0.8803529116225042
44;4;1495;0.8917125584332515
44;4;1505;0.896615736085857
44;4;1515;0.8965350843495551
44;4;1525;0.888855522042865
44;4;1535;0.879513911051864
44;4;1545;0.8652121292576808
44;4;1555;0.8495132513834485
44;4;1565;0.832415685450785
44;4;1575;0.8148891214186974
44;4;1585;0.7954739550890266
44;4;1595;0.7759099829123862
44;4;1605;0.7633297346769803
44;4;1615;0.764212612068465
44;4;1625;0.7714889774545092
44;4;1635;0.7836363380743708
44;4;1645;0.8066936971433447
44;4;1655;0.8335331213026602
44;4;1665;0.8672170858410918
44;4;1675;0.8772179422581191
44;4;1685;0.8502526966523293
44;4;1695;0.8208069013112124
44;4;1705;0.8226924363608016
44;4;1715;0.8646077336224726
44;4;1725;0.8802775042686881
44;4;1735;0.8852797950270381
44;4;1745;0.8924025858051611
44;4;1755;0.9233845500862892
44;4;1765;0.9558416747873645
44;4;1775;0.9845772455521977
44;4;1785;1.0221841599927972
44;4;1795;1.0806473593115635
44;4;1805;1.153935085800618
44;4;1815;1.227156569192637
44;4;1825;1.272535803859144
44;4;1835;1.4617810317172093
44;4;1845;1.4662105673882635
44;4;1855;1.4100303496421454
44;4;1865;1.2952249201203208
44;4;1875;1.129795869848158
44;4;1885;0.8551477465043287
44;4;1895;0.23288437750450883
44;4;1905;0.6229933578136021
44;4;1915;0.9460437394342227
44;4;1925;1.119092165907577
44;4;1935;1.2223627969664457
44;4;1945;1.266521789690261
44;4;1955;1.269186630822864
44;4;1965;1.2442970307198573
44;4;1975;1.2008613791127614
44;4;1985;1.1430605326001648
44;4;1995;1.0901217544777408
44;4;2005;1.0564382325767534
44;4;2015;1.0302448998665767
44;4;2025;1.01283412519604
44;4;2035;1.0110817323005106
44;4;2045;1.0097241635409129
44;4;2055;1.0056233583450254
44;4;2065;0.9838414664664994
44;4;2075;0.9576468626560507
44;4;2085;0.9352875145733103
44;4;2095;0.9141573470533445
44;4;2105;0.895504338828671
44;4;2115;0.8833371070035929
44;4;2125;0.871011094494753
44;4;2135;0.8625627575981013
44;4;2145;0.8580607076623096
44;4;2155;0.8550705522706946
44;4;2165;0.8528883193306154
44;4;2175;0.8482566637315604
44;4;2185;0.839836609749475
44;4;2195;0.8334928400730549
44;4;2205;0.8302623929522324
44;4;2215;0.8299268548077778
44;4;2225;0.8303007691517906
44;4;2235;0.83134363446345
44;4;2245;0.8282167830827197
44;4;2255;0.8249898080802842
44;4;2265;0.8279996387931317
44;4;2275;0.8405717402896953
44;4;2285;0.8507263617827804
44;4;2295;0.8517610456349145
44;4;2305;0.8571353331276506
44;4;2315;0.8691945496463999
44;4;2325;0.8751579685691682
44;4;2335;0.8815459035998282
44;4;2345;0.8848376360712505
44;4;2355;0.8919107324363283
44;4;2365;0.8984780156161096
44;4;2375;0.9051869702311734
44;4;2385;0.9126198284560185
44;4;2395;0.9317135625987849
44;4;2405;0.962641232125659
44;4;2415;1.0149965230325355
44;4;2425;1.0631097452009355
44;4;2435;1.1149572918639816
44;4;2445;1.2019182329987814
44;4;2450;1.2525988319212675
45;1;405;1.2556059810078048
45;1;415;1.2298616875240247
45;1;425;1.1766216181442055
45;1;435;1.148968677933076
45;1;445;1.1346270798039606
45;1;455;1.1050225497259472
45;1;465;1.0709868217793888
45;1;475;1.0476429554074196
45;1;485;1.0215419294324255
45;1;495;0.9873463169168843
45;1;505;0.9357652884762577
45;1;515;0.8379578016785059
45;1;525;0.9072984029042137
45;1;535;1.1828304054592533
45;1;545;1.3458384082837165
45;1;555;1.4219849299092053
45;1;565;1.2324082160974572
45;1;575;0.9829771647277281
45;1;585;0.8839751392824041
45;1;595;0.8526806704689243
45;1;605;0.8346535895688822
45;1;615;0.8266732069808389
45;1;625;0.828814781501334
45;1;635;0.8316354375277671
45;1;645;0.8573104060874518
45;1;655;0.8796641261734047
45;1;665;0.9073074865800675
45;1;675;0.9539133426418931
45;1;685;1.0072158851420652
45;1;695;0.7868092696147418
45;1;705;1.942328961436162
45;1;715;1.8982613917596143
45;1;725;1.8138981898170097
45;1;735;1.4155491303961951
45;1;745;0.6280254046526876
45;1;755;0.7986982509755518
45;1;765;0.8401492650165578
45;1;775;0.8302885963814473
45;1;785;0.8273139477615107
45;1;795;0.8280600405345566
45;1;805;0.8271693280329816
45;1;815;0.8268381949429827
45;1;825;0.8239942669302166
45;1;835;0.82094807002052
45;1;845;0.8218750602146412
45;1;855;0.8259934956195448
45;1;865;0.8318686640951823
45;1;875;0.8376574488436043
45;1;885;0.8414282829665733
45;1;895;0.8408305432025043
45;1;905;0.843273594806488
45;1;915;0.8422960824729189
45;1;925;0.8432799395861424
45;1;935;0.8397673717202218
45;1;945;0.8374787570164243
45;1;955;0.8331940681657783
45;1;965;0.8319986199548441
45;1;975;0.8377042934243283
45;1;985;0.8518353687751307
45;1;995;0.8599675859081014
45;1;1005;0.864339137664902
45;1;1015;0.8766192623083862
45;1;1025;0.8735088642000399
45;1;1035;0.8638650168858514
45;1;1045;0.8576271380255077
45;1;1055;0.8571305264375085
45;1;1065;0.8550718399726905
45;1;1075;0.8571810868114643
45;1;1085;0.8577886276647516
45;1;1095;0.8511705300860446
45;1;1105;0.8425734395758999
45;1;1115;0.8309927790806475
45;1;1125;0.8262081346834492
45;1;1135;0.8265261992512829
45;1;1145;0.843651655889609
45;1;1155;0.870871277047505
45;1;1165;0.8713055683539912
45;1;1175;0.8570789030065742
45;1;1185;0.8454492315960658
45;1;1195;0.8402569447868933
45;1;1205;0.8381202038079857
45;1;1215;0.8451320908088895
45;1;1225;0.842682319182283
45;1;1235;0.8415072819064687
45;1;1245;0.8440905443369817
45;1;1255;0.8487440277539324
45;1;1265;0.8529411686324176
45;1;1275;0.8622478807368894
45;1;1285;0.8738476853316354
45;1;1295;0.888297269430335
45;1;1305;0.9064030025568267
45;1;1315;0.9324426485818558
45;1;1325;1.0199587717147147
45;1;1335;1.1880065238859847
45;1;1345;1.4978311399903281
45;1;1355;1.788362358834689
45;1;1365;1.97635203010731
45;1;1375;2.0569025728079313
45;1;1385;1.8660550143612702
45;1;1395;1.5910531611000478
45;1;1405;1.4120069028854128
45;1;1415;1.2230323454996022
45;1;1425;0.9869711824895466
45;1;1435;0.8185554097305524
45;1;1445;0.7773985192332119
45;1;1455;0.78790010086076
45;1;1465;0.8107016103752233
45;1;1475;0.8384617219788489
45;1;1485;0.8597061740803317
45;1;1495;0.8737611391876803
45;1;1505;0.880740372061252
45;1;1515;0.8825715439197764
45;1;1525;0.8764708059738932
45;1;1535;0.8683837729574545
45;1;1545;0.8547779948989277
45;1;1555;0.8391110008222626
45;1;1565;0.8232075402190258
45;1;1575;0.805693179231488
45;1;1585;0.7849113794559722
45;1;1595;0.7578972648815595
45;1;1605;0.7348702071278702
45;1;1615;0.720192690846564
45;1;1625;0.711879273267655
45;1;1635;0.7066577102583311
45;1;1645;0.7114871982393199
45;1;1655;0.7224514715288596
45;1;1665;0.7517874170156941
45;1;1675;0.7680006868197782
45;1;1685;0.7564439117948674
45;1;1695;0.7432591659441274
45;1;1705;0.7524634061164254
45;1;1715;0.7994573129821557
45;1;1725;0.820992329452476
45;1;1735;0.8351497305617005
45;1;1745;0.850473961792009
45;1;1755;0.8934249432236365
45;1;1765;0.9442999380309027
45;1;1775;0.9887817214313794
45;1;1785;1.0380854268409778
45;1;1795;1.120216640227697
45;1;1805;1.223008217119599
45;1;1815;1.3102120306088636
45;1;1825;1.3917164451995416
45;1;1835;1.59742558648835
45;1;1845;1.6402772009918059
45;1;1855;1.621731844823324
45;1;1865;1.5328118811877047
45;1;1875;1.3703319016035036
45;1;1885;1.003089896796691
45;1;1895;0.07913961870589478
45;1;1905;0.7382121091477575
45;1;1915;1.0366963777668148
45;1;1925;1.1835000758833032
45;1;1935;1.2566243570655473
45;1;1945;1.27275692560366
45;1;1955;1.255909092572536
45;1;1965;1.2175534379176867
45;1;1975;1.1675470615465344
45;1;1985;1.1046264542081716
45;1;1995;1.0459977203690356
45;1;2005;1.0102043008065575
45;1;2015;0.9822015675303333
45;1;2025;0.9649495156063848
45;1;2035;0.9642393536149495
45;1;2045;0.963090094499581
45;1;2055;0.9588360144655691
45;1;2065;0.938529926889574
45;1;2075;0.9144027874989286
45;1;2085;0.8939937083467931
45;1;2095;0.8738296344913355
45;1;2105;0.8576984548869062
45;1;2115;0.846005013748098
45;1;2125;0.8344603648018749
45;1;2135;0.8270191869771515
45;1;2145;0.8228069170459178
45;1;2155;0.8199659499854742
45;1;2165;0.8179793872185771
45;1;2175;0.8159162493372412
45;1;2185;0.8129687368519181
45;1;2195;0.8125856493605189
45;1;2205;0.8167893965584713
45;1;2215;0.8226978461014647
45;1;2225;0.8286434169080775
45;1;2235;0.8336695253402691
45;1;2245;0.8265326159583415
45;1;2255;0.8123276600840313
45;1;2265;0.8052684023392755
45;1;2275;0.8091433885496027
45;1;2285;0.815611413003695
45;1;2295;0.8180262129844614
45;1;2305;0.8219956613118776
45;1;2315;0.8320825079137482
45;1;2325;0.8398977439560673
45;1;2335;0.8463149783938497
45;1;2345;0.8489199948498128
45;1;2355;0.8565695314386477
45;1;2365;0.8638047431389231
45;1;2375;0.8694927324521201
45;1;2385;0.8775266324645267
45;1;2395;0.896480057640955
45;1;2405;0.9332086345767127
45;1;2415;0.9910129145325218
45;1;2425;1.0460404293157497
45;1;2435;1.1084289433145078
45;1;2445;1.1902300498788756
45;1;2450;1.2484961063013642
45;2;405;1.2248505667361687
45;2;415;1.2324967507288256
45;2;425;1.1879747747799518
45;2;435;1.1780173502073914
45;2;445;1.172497913269498
45;2;455;1.15384058612982
45;2;465;1.1305935186275065
45;2;475;1.1159457480257973
45;2;485;1.097230824971102
45;2;495;1.0726515767343097
45;2;505;1.0365901699787003
45;2;515;0.9456085804868454
45;2;525;0.8713436324482077
45;2;535;0.9785445104957409
45;2;545;1.0884429895768664
45;2;555;1.1495887504719295
45;2;565;1.0218036960456305
45;2;575;0.9092177571252438
45;2;585;0.8927976264266195
45;2;595;0.8970809015656939
45;2;605;0.9058221485564335
45;2;615;0.923462860901265
45;2;625;0.9346592948147824
45;2;635;0.9404696934392259
45;2;645;0.9723412981129159
45;2;655;0.9921207141228053
45;2;665;1.0133745572652977
45;2;675;1.0493428186706202
45;2;685;1.0919172219861049
45;2;695;0.8888302073044865
45;2;705;1.6639839580185312
45;2;715;1.698850714189194
45;2;725;1.5620851257724024
45;2;735;0.9420250371528096
45;2;745;0.7297585374474542
45;2;755;0.9346929360574591
45;2;765;0.962836626692052
45;2;775;0.9465019266576337
45;2;785;0.9388216421080026
45;2;795;0.9357067351675795
45;2;805;0.9326913358097805
45;2;815;0.9300653796847471
45;2;825;0.9219200979373702
45;2;835;0.9091006226138079
45;2;845;0.8974578906105924
45;2;855;0.8886715498356341
45;2;865;0.883293897069929
45;2;875;0.8810453539360467
45;2;885;0.8798780351965303
45;2;895;0.8798894102686644
45;2;905;0.8799199637414292
45;2;915;0.8799979009947094
45;2;925;0.8805909745007073
45;2;935;0.8809116336585818
45;2;945;0.8801639306873021
45;2;955;0.8806839152943526
45;2;965;0.8802071520027259
45;2;975;0.8821509129907247
45;2;985;0.8873788835167657
45;2;995;0.8912869592681656
45;2;1005;0.8913720072099359
45;2;1015;0.8979594800691262
45;2;1025;0.8983767722630576
45;2;1035;0.8943629126430033
45;2;1045;0.8931108830494092
45;2;1055;0.8951164521766216
45;2;1065;0.8960044315188708
45;2;1075;0.8965596421231893
45;2;1085;0.8987870676926416
45;2;1095;0.8956624603974341
45;2;1105;0.8918282313014138
45;2;1115;0.8894629663944577
45;2;1125;0.891051106799998
45;2;1135;0.9014221404446416
45;2;1145;0.9236805100529027
45;2;1155;0.9533788047845274
45;2;1165;0.9543711227324823
45;2;1175;0.9430628667905195
45;2;1185;0.937634808288412
45;2;1195;0.9326043466795274
45;2;1205;0.9330227681354905
45;2;1215;0.939345150262037
45;2;1225;0.9356228174060895
45;2;1235;0.9358886441772077
45;2;1245;0.9352894131236197
45;2;1255;0.9383213096278609
45;2;1265;0.9408822273081007
45;2;1275;0.9469874666988469
45;2;1285;0.9556158086697152
45;2;1295;0.96117607836844
45;2;1305;0.963427121865011
45;2;1315;0.9656740602953416
45;2;1325;1.0167314122773032
45;2;1335;1.15264159993937
45;2;1345;1.4338054803708014
45;2;1355;1.6761271674579703
45;2;1365;1.7564469491510812
45;2;1375;1.6891885943384775
45;2;1385;1.4200766333177313
45;2;1395;1.156362119170875
45;2;1405;1.0179330087938563
45;2;1415;0.9199684942137881
45;2;1425;0.8462843870075665
45;2;1435;0.8359499812724078
45;2;1445;0.8695733156556988
45;2;1455;0.9033288109454921
45;2;1465;0.9315529680826189
45;2;1475;0.9570742285407448
45;2;1485;0.972968570544712
45;2;1495;0.9811337293946281
45;2;1505;0.981713122290715
45;2;1515;0.9773158938765055
45;2;1525;0.9640972722439333
45;2;1535;0.9500343721415188
45;2;1545;0.9315117577581356
45;2;1555;0.9101826362548779
45;2;1565;0.8861079361749006
45;2;1575;0.8611454217672052
45;2;1585;0.8353188292798843
45;2;1595;0.8090149168067625
45;2;1605;0.7888634622925842
45;2;1615;0.7800422760994268
45;2;1625;0.7771918938412566
45;2;1635;0.7814804385973504
45;2;1645;0.7954795566623445
45;2;1655;0.8171741129676939
45;2;1665;0.8349158878263908
45;2;1675;0.8309186929382141
45;2;1685;0.8029132045233147
45;2;1695;0.7866869274481391
45;2;1705;0.7930243381858709
45;2;1715;0.8217953408636812
45;2;1725;0.8366955518141282
45;2;1735;0.8442041262938698
45;2;1745;0.8581930438315534
45;2;1755;0.8840524672879931
45;2;1765;0.9180645261274835
45;2;1775;0.9387400663532242
45;2;1785;0.9748615986047701
45;2;1795;1.0205553765046314
45;2;1805;1.0861231672375176
45;2;1815;1.1432563667811235
45;2;1825;1.1812941036470814
45;2;1835;1.4033241389566007
45;2;1845;1.4022715144002726
45;2;1855;1.3387118820804924
45;2;1865;1.2114063721903476
45;2;1875;1.029257498873149
45;2;1885;0.7166462771186166
45;2;1895;0.16340749992921874
45;2;1905;0.5808447532219186
45;2;1915;0.813188883403918
45;2;1925;0.9431124907915012
45;2;1935;1.024829698639137
45;2;1945;1.0768266969732005
45;2;1955;1.107532663519491
45;2;1965;1.1260193589357494
45;2;1975;1.1325280245050646
45;2;1985;1.12022592188978
45;2;1995;1.0970482850156746
45;2;2005;1.0852140748957688
45;2;2015;1.0737364089022614
45;2;2025;1.0654847994570633
45;2;2035;1.0718365717953038
45;2;2045;1.0748071561679833
45;2;2055;1.073044106561783
45;2;2065;1.0549463816313676
45;2;2075;1.0318628531396556
45;2;2085;1.0096278857195544
45;2;2095;0.988198110245103
45;2;2105;0.968903686337688
45;2;2115;0.9545729835349938
45;2;2125;0.9412453421166249
45;2;2135;0.9318773552275493
45;2;2145;0.9265507913248392
45;2;2155;0.9240918425276027
45;2;2165;0.9226725476619146
45;2;2175;0.9181297909392869
45;2;2185;0.9084749696424658
45;2;2195;0.8995474239983072
45;2;2205;0.8926212476551838
45;2;2215;0.8882885981709667
45;2;2225;0.8845895362793034
45;2;2235;0.8836716448870203
45;2;2245;0.8845480934768726
45;2;2255;0.890268668054151
45;2;2265;0.8993828303734375
45;2;2275;0.9151674996999543
45;2;2285;0.9264513509609799
45;2;2295;0.927569176835482
45;2;2305;0.933997003146229
45;2;2315;0.9459004994583147
45;2;2325;0.9561510559495647
45;2;2335;0.9643156642113702
45;2;2345;0.9683849343999641
45;2;2355;0.9798297690708648
45;2;2365;0.9864346125126633
45;2;2375;0.9944451059893842
45;2;2385;1.0046777204014852
45;2;2395;1.0222273133740722
45;2;2405;1.0530831680506128
45;2;2415;1.097148376535373
45;2;2425;1.1382884672415707
45;2;2435;1.1835060008901979
45;2;2445;1.2609821441151365
45;2;2450;1.2680860473086764
45;3;405;1.0874783672039825
45;3;415;1.0909076572726086
45;3;425;1.069319390751647
45;3;435;1.0681519309873961
45;3;445;1.0676783817779212
45;3;455;1.0608912466265086
45;3;465;1.05285957947678
45;3;475;1.0492030917607063
45;3;485;1.0378093579205727
45;3;495;1.023058280257402
45;3;505;0.9843984816081449
45;3;515;0.8995826746710835
45;3;525;0.9636508865673222
45;3;535;1.212507777350043
45;3;545;1.3469466129147725
45;3;555;1.3993284868209168
45;3;565;1.200056539483272
45;3;575;0.9719329387900569
45;3;585;0.9004164051621469
45;3;595;0.8865381162832578
45;3;605;0.8848760716974763
45;3;615;0.8976549277664148
45;3;625;0.9101030418245165
45;3;635;0.9174897516832391
45;3;645;0.9565436848657545
45;3;655;0.982753282304158
45;3;665;1.006267501926341
45;3;675;1.0316909792241074
45;3;685;1.0471560156906272
45;3;695;0.8539893626461995
45;3;705;1.9447427149876166
45;3;715;1.9138267391418993
45;3;725;1.8973409379956596
45;3;735;1.6231760998146514
45;3;745;0.8462833565936009
45;3;755;0.8451528000701147
45;3;765;0.8872117069915585
45;3;775;0.8939335821315956
45;3;785;0.8959837095400324
45;3;795;0.897778167176834
45;3;805;0.8976928103332302
45;3;815;0.8979749954745648
45;3;825;0.8962652674806822
45;3;835;0.8924675288737133
45;3;845;0.8880808963684672
45;3;855;0.8835117790322966
45;3;865;0.880433746622797
45;3;875;0.8787412695958071
45;3;885;0.8774884051433374
45;3;895;0.878001557546904
45;3;905;0.8775892875680826
45;3;915;0.8781961779250032
45;3;925;0.8788041189466537
45;3;935;0.880801354423155
45;3;945;0.881718093862441
45;3;955;0.8846716703033954
45;3;965;0.8840037471888892
45;3;975;0.8820233571192917
45;3;985;0.8791459382914508
45;3;995;0.8799459321394775
45;3;1005;0.8780824071230033
45;3;1015;0.87879568324996
45;3;1025;0.8803404639255625
45;3;1035;0.8810332570677708
45;3;1045;0.8802459326818218
45;3;1055;0.8816790684799213
45;3;1065;0.8808260909679743
45;3;1075;0.8782655202943224
45;3;1085;0.8757239561518212
45;3;1095;0.8747992086789556
45;3;1105;0.8765753109218658
45;3;1115;0.8856339163872177
45;3;1125;0.8985759961828199
45;3;1135;0.9268314526613596
45;3;1145;0.9731384391484792
45;3;1155;1.0134153465544193
45;3;1165;1.0205814684735512
45;3;1175;1.0073469113505262
45;3;1185;0.9954924865958622
45;3;1195;0.9885263852891326
45;3;1205;0.9903085045657359
45;3;1215;1.005480170094072
45;3;1225;1.0092594208226324
45;3;1235;1.0143122122602002
45;3;1245;1.0178403451547282
45;3;1255;1.026891707704076
45;3;1265;1.0304230903616418
45;3;1275;1.0424780660939426
45;3;1285;1.0572577067640276
45;3;1295;1.077992490324371
45;3;1305;1.0897553415719876
45;3;1315;1.107484106922296
45;3;1325;1.1945135617241767
45;3;1335;1.3931719077499274
45;3;1345;1.688005187468014
45;3;1355;1.8809386304475504
45;3;1365;1.9250377588117684
45;3;1375;1.8563580551502497
45;3;1385;1.6235540307554701
45;3;1395;1.4023485630884307
45;3;1405;1.2895670628696003
45;3;1415;1.1786586675424389
45;3;1425;1.0403017282820135
45;3;1435;0.9288668344194173
45;3;1445;0.8814700846870436
45;3;1455;0.8692498273793016
45;3;1465;0.8703864185600654
45;3;1475;0.8793717165802023
45;3;1485;0.8916177505353289
45;3;1495;0.9036862038883167
45;3;1505;0.913920395108781
45;3;1515;0.9227404787166904
45;3;1525;0.926507418651585
45;3;1535;0.9299879924991495
45;3;1545;0.9287398764383908
45;3;1555;0.9263601348226311
45;3;1565;0.9203268053602341
45;3;1575;0.9092626950553921
45;3;1585;0.8915255703893478
45;3;1595;0.8604899360083315
45;3;1605;0.8282408829401083
45;3;1615;0.7970983470191476
45;3;1625;0.7726260541067025
45;3;1635;0.7510021198620355
45;3;1645;0.7417697456719352
45;3;1655;0.7409258818443578
45;3;1665;0.7538976402149873
45;3;1675;0.7594855879181489
45;3;1685;0.7459197869014452
45;3;1695;0.7424833865866386
45;3;1705;0.74956601994892
45;3;1715;0.7654171603077071
45;3;1725;0.7790662728195601
45;3;1735;0.7898103649685743
45;3;1745;0.8053217460710184
45;3;1755;0.8278516844051965
45;3;1765;0.8563650505769058
45;3;1775;0.8793607292368324
45;3;1785;0.906125706144932
45;3;1795;0.9514159391682222
45;3;1805;1.0063883139737257
45;3;1815;1.0559642432696807
45;3;1825;1.1177669170409652
45;3;1835;1.1940629394703042
45;3;1845;1.2319155890693985
45;3;1855;1.2291120204684371
45;3;1865;1.2004963567610725
45;3;1875;1.1702045205401936
45;3;1885;1.141472625789779
45;3;1895;0.9041810979029719
45;3;1905;0.38669021823915045
45;3;1915;0.12792107787647
45;3;1925;0.17313132257991556
45;3;1935;0.27150490977720054
45;3;1945;0.3635932116950702
45;3;1955;0.46466303254657554
45;3;1965;0.5778587285157937
45;3;1975;0.6746455105253063
45;3;1985;0.743286088046673
45;3;1995;0.7892656477691132
45;3;2005;0.8276668668713656
45;3;2015;0.8596645448811576
45;3;2025;0.8897244648405006
45;3;2035;0.9250073484957089
45;3;2045;0.9575023576301832
45;3;2055;0.985511079446205
45;3;2065;0.9985782232144186
45;3;2075;1.0046876371298392
45;3;2085;1.008277925918187
45;3;2095;1.008724048089382
45;3;2105;1.007625252259857
45;3;2115;1.007160176301478
45;3;2125;1.0023998361387763
45;3;2135;0.9967309410140911
45;3;2145;0.9928143679361224
45;3;2155;0.9886356892562583
45;3;2165;0.9830340763921063
45;3;2175;0.9705739892266897
45;3;2185;0.9520878598395266
45;3;2195;0.9335425104171531
45;3;2205;0.917523209577921
45;3;2215;0.9064511736989553
45;3;2225;0.8973565682760687
45;3;2235;0.8932637978448822
45;3;2245;0.8986219524221103
45;3;2255;0.9141763517202363
45;3;2265;0.9402465321380263
45;3;2275;0.9696156584276263
45;3;2285;0.985582721921579
45;3;2295;0.9777593300907844
45;3;2305;0.9803375132407081
45;3;2315;0.9880647374220562
45;3;2325;0.9813893249761824
45;3;2335;0.9725720315752123
45;3;2345;0.9645959733241675
45;3;2355;0.9570472859457357
45;3;2365;0.9487962363750159
45;3;2375;0.9411963325185795
45;3;2385;0.9337173339687111
45;3;2395;0.931124862345293
45;3;2405;0.9401957536337164
45;3;2415;0.9579858524144812
45;3;2425;0.9700726065542294
45;3;2435;0.9762501993210372
45;3;2445;0.9992783617663459
45;3;2450;1.0138427233686842
45;4;405;1.2973381099176717
45;4;415;1.2784373289103004
45;4;425;1.2201960684354534
45;4;435;1.1916439712962126
45;4;445;1.1726063526679464
45;4;455;1.1427187560765242
45;4;465;1.1091401289032043
45;4;475;1.0841592475107062
45;4;485;1.055901720608906
45;4;495;1.0222941544934852
45;4;505;0.9703571296049377
45;4;515;0.8697805821451157
45;4;525;0.8817102118044874
45;4;535;1.0972418236159927
45;4;545;1.2466491809537927
45;4;555;1.324311386697961
45;4;565;1.1607787103505482
45;4;575;0.9576555165703253
45;4;585;0.8837406656685517
45;4;595;0.8622110256369382
45;4;605;0.8515665927958951
45;4;615;0.8504439434371551
45;4;625;0.8546523948781384
45;4;635;0.8579824763631058
45;4;645;0.8850975487423199
45;4;655;0.9072736791579787
45;4;665;0.9337836541958805
45;4;675;0.9786322950718578
45;4;685;1.0298177493685863
45;4;695;0.8102847054866135
45;4;705;1.8869961039462266
45;4;715;1.8580768310809403
45;4;725;1.7410429062345048
45;4;735;1.1942677749815425
45;4;745;0.662364043464949
45;4;755;0.8711957370509581
45;4;765;0.9023020547269222
45;4;775;0.8827243914372942
45;4;785;0.8746920159402157
45;4;795;0.8725004599543686
45;4;805;0.8694780540056413
45;4;815;0.8671921891219222
45;4;825;0.8602296171305517
45;4;835;0.8506791388123467
45;4;845;0.8434354638320023
45;4;855;0.8400229550076653
45;4;865;0.8397593182611919
45;4;875;0.8411322984677589
45;4;885;0.8424512054577874
45;4;895;0.84276695994437
45;4;905;0.8440951570111761
45;4;915;0.8442732531522156
45;4;925;0.8455913390819666
45;4;935;0.844346399476853
45;4;945;0.8430470175356982
45;4;955;0.8415690553786055
45;4;965;0.8407055518843883
45;4;975;0.8440758826775914
45;4;985;0.8528573389527626
45;4;995;0.8596432129997564
45;4;1005;0.86255443916896
45;4;1015;0.8708746589969225
45;4;1025;0.8718424785237726
45;4;1035;0.8657617185623873
45;4;1045;0.8636252473305425
45;4;1055;0.8614745795852647
45;4;1065;0.861493778985982
45;4;1075;0.8597542514850589
45;4;1085;0.8577258481866576
45;4;1095;0.8530286928467187
45;4;1105;0.8475608180908993
45;4;1115;0.8441064951431658
45;4;1125;0.8447026518634602
45;4;1135;0.8505641136512334
45;4;1145;0.8706369281668414
45;4;1155;0.8994604549218688
45;4;1165;0.8960613711986448
45;4;1175;0.87871263459339
45;4;1185;0.8661225814713398
45;4;1195;0.8592782417141347
45;4;1205;0.8558425248344682
45;4;1215;0.8607156829262942
45;4;1225;0.8570632413917381
45;4;1235;0.8553616483391322
45;4;1245;0.8571786764060132
45;4;1255;0.8613639604894654
45;4;1265;0.864511836833506
45;4;1275;0.8725075171046918
45;4;1285;0.8826872196391321
45;4;1295;0.8961448189183339
45;4;1305;0.9168717605845502
45;4;1315;0.9430497933696936
45;4;1325;1.0320242425930977
45;4;1335;1.2069205034677541
45;4;1345;1.5163678009615358
45;4;1355;1.775160195639185
45;4;1365;1.8874778330185138
45;4;1375;1.8801078424328137
45;4;1385;1.6830277530269906
45;4;1395;1.4530499407548605
45;4;1405;1.304750184878106
45;4;1415;1.1487378411216738
45;4;1425;0.9634556783330398
45;4;1435;0.8330815867551293
45;4;1445;0.8031805166671466
45;4;1455;0.8149072617938661
45;4;1465;0.8372460291471245
45;4;1475;0.8641474703538515
45;4;1485;0.8856949250916565
45;4;1495;0.9001656840376484
45;4;1505;0.9080613349404316
45;4;1515;0.9114206105415952
45;4;1525;0.9071438501105031
45;4;1535;0.9007457045492596
45;4;1545;0.8887555274961982
45;4;1555;0.874598155662745
45;4;1565;0.8601313282751771
45;4;1575;0.8439727582814615
45;4;1585;0.8238330500585741
45;4;1595;0.7969162290567872
45;4;1605;0.7717429561047331
45;4;1615;0.7489431080802819
45;4;1625;0.7314587623463331
45;4;1635;0.7160312623543438
45;4;1645;0.7103172249907131
45;4;1655;0.7120162856739337
45;4;1665;0.7284852320802746
45;4;1675;0.739598880189533
45;4;1685;0.73618407135862
45;4;1695;0.7323906766724639
45;4;1705;0.7422329608605059
45;4;1715;0.7742540278790093
45;4;1725;0.7959695189965482
45;4;1735;0.8089883459855417
45;4;1745;0.8242666453531537
45;4;1755;0.8610193790095124
45;4;1765;0.9004565879368506
45;4;1775;0.9373307582204948
45;4;1785;0.9751270256035518
45;4;1795;1.0438916528649103
45;4;1805;1.1141986170394746
45;4;1815;1.1834856992326819
45;4;1825;1.2450679997856862
45;4;1835;1.5423632487149919
45;4;1845;1.5574725787048649
45;4;1855;1.530587265217004
45;4;1865;1.4395562401591409
45;4;1875;1.2741542748244983
45;4;1885;0.920074509413325
45;4;1895;0.10078921596857876
45;4;1905;0.7326121539153085
45;4;1915;1.0321678171587765
45;4;1925;1.1869048720909434
45;4;1935;1.278340252351518
45;4;1945;1.3165446643818655
45;4;1955;1.3173145718725219
45;4;1965;1.2881546150887504
45;4;1975;1.241218601197158
45;4;1985;1.1739830499950397
45;4;1995;1.1111999353416517
45;4;2005;1.067475332713235
45;4;2015;1.0377559746721632
45;4;2025;1.0181849130814362
45;4;2035;1.0138467940338045
45;4;2045;1.0137596671161793
45;4;2055;1.0086571138639153
45;4;2065;0.9849440113930107
45;4;2075;0.9575911758398378
45;4;2085;0.9343033090329953
45;4;2095;0.9127476610219543
45;4;2105;0.8944542463642524
45;4;2115;0.881299161712948
45;4;2125;0.8684419175263167
45;4;2135;0.8606188897388141
45;4;2145;0.8558458038857247
45;4;2155;0.8522797758344264
45;4;2165;0.8501822069199572
45;4;2175;0.8465569189925851
45;4;2185;0.8403700430799299
45;4;2195;0.8368652524616005
45;4;2205;0.8368624010045039
45;4;2215;0.8396626035152218
45;4;2225;0.8428044007530546
45;4;2235;0.8454698414208953
45;4;2245;0.8406962416473962
45;4;2255;0.8329947581880864
45;4;2265;0.8312487976203029
45;4;2275;0.8394443704226898
45;4;2285;0.8476499894099851
45;4;2295;0.8499783516310836
45;4;2305;0.8545382002880165
45;4;2315;0.8658792884614254
45;4;2325;0.8731771694463745
45;4;2335;0.8801405584983525
45;4;2345;0.881195866700858
45;4;2355;0.8900026207031028
45;4;2365;0.8967186794047989
45;4;2375;0.9019172282827949
45;4;2385;0.911748994457649
45;4;2395;0.9311492531539728
45;4;2405;0.9663180405751288
45;4;2415;1.0238906152524918
45;4;2425;1.0849383582081695
45;4;2435;1.1501243793635703
45;4;2445;1.2457014826472572
45;4;2450;1.2793833359947346
46;1;405;1.2170184822162822
46;1;415;1.2101842808179182
46;1;425;1.1634023626833823
46;1;435;1.1482758075326107
46;1;445;1.1403852231727298
46;1;455;1.1193854602863929
46;1;465;1.094601554147995
46;1;475;1.0794741168744801
46;1;485;1.0553278826754338
46;1;495;1.0245735268245801
46;1;505;0.9669849285907487
46;1;515;0.8548633632716895
46;1;525;0.9568203258179188
46;1;535;1.256197297681874
46;1;545;1.4164314073611095
46;1;555;1.4868647046348396
46;1;565;1.2762040567638762
46;1;575;1.000738445422753
46;1;585;0.8927205271015402
46;1;595;0.8617616744288776
46;1;605;0.8481531387805415
46;1;615;0.8501748438632869
46;1;625;0.8595556886969042
46;1;635;0.8660978465434858
46;1;645;0.9086445693638645
46;1;655;0.9409101179819321
46;1;665;0.9755554561820041
46;1;675;1.0235804999679932
46;1;685;1.068530690383252
46;1;695;0.8081187960858288
46;1;705;2.086267322126519
46;1;715;2.070930172531304
46;1;725;1.9554583035991409
46;1;735;1.4391792237765184
46;1;745;0.6882846923925237
46;1;755;0.8113743810296029
46;1;765;0.8628799815334345
46;1;775;0.858429218883694
46;1;785;0.8559811813744782
46;1;795;0.8565559440992343
46;1;805;0.8548066047731864
46;1;815;0.8541955034943689
46;1;825;0.8499030504038804
46;1;835;0.8433696275672015
46;1;845;0.8383644477331782
46;1;855;0.8356246737503842
46;1;865;0.8351852328219085
46;1;875;0.8359234523081619
46;1;885;0.8366799771019813
46;1;895;0.8366222894410777
46;1;905;0.8376176791787343
46;1;915;0.8376525629885505
46;1;925;0.8390401850183483
46;1;935;0.8381484999634534
46;1;945;0.8372387957007266
46;1;955;0.8372938390295543
46;1;965;0.8369928001068433
46;1;975;0.8401034122130527
46;1;985;0.8484338256502989
46;1;995;0.8541460553205243
46;1;1005;0.8554968139070053
46;1;1015;0.8644393327902622
46;1;1025;0.8649544823446668
46;1;1035;0.8612104190590478
46;1;1045;0.8558046114319026
46;1;1055;0.8567085144714667
46;1;1065;0.8558371201638458
46;1;1075;0.8580418930727474
46;1;1085;0.8591451535959249
46;1;1095;0.8543671871418447
46;1;1105;0.8487977025496153
46;1;1115;0.8425128139566054
46;1;1125;0.8423853288053976
46;1;1135;0.8518545556250647
46;1;1145;0.8821281901044974
46;1;1155;0.9195358083229784
46;1;1165;0.9236082794499807
46;1;1175;0.9070588486152141
46;1;1185;0.8957947183385605
46;1;1195;0.8892309795556341
46;1;1205;0.8900183893370921
46;1;1215;0.9036116790862203
46;1;1225;0.902777865734664
46;1;1235;0.9049757700972871
46;1;1245;0.9064226920030546
46;1;1255;0.9141546030877165
46;1;1265;0.9185147241555705
46;1;1275;0.9307153997952071
46;1;1285;0.9457195716323246
46;1;1295;0.9652103368729587
46;1;1305;0.9840657649516171
46;1;1315;1.0105334003246789
46;1;1325;1.1217143222054151
46;1;1335;1.3503470519012688
46;1;1345;1.7232891403467785
46;1;1355;1.9927733968200416
46;1;1365;2.0486542563922314
46;1;1375;1.9487226820174517
46;1;1385;1.6957477592939023
46;1;1395;1.4636427440516135
46;1;1405;1.3305543791281012
46;1;1415;1.195408095636088
46;1;1425;1.025570873179934
46;1;1435;0.8783772802285456
46;1;1445;0.8178597571662028
46;1;1455;0.8077442689046029
46;1;1465;0.8171209974906223
46;1;1475;0.8361686391341192
46;1;1485;0.855712330341576
46;1;1495;0.8716920366458906
46;1;1505;0.8825435756517929
46;1;1515;0.8891909376040775
46;1;1525;0.8880088977152211
46;1;1535;0.886293669306832
46;1;1545;0.8784134168065795
46;1;1555;0.8686072178703053
46;1;1565;0.8570020319946967
46;1;1575;0.8421491269250923
46;1;1585;0.8241650815166612
46;1;1595;0.7972592131419932
46;1;1605;0.7750582037693193
46;1;1615;0.7593711317795218
46;1;1625;0.7516773544154405
46;1;1635;0.7470945274446139
46;1;1645;0.7557085074547806
46;1;1655;0.7704135887108408
46;1;1665;0.7906717379271548
46;1;1675;0.7977279798950909
46;1;1685;0.7724030643289723
46;1;1695;0.7535989395457093
46;1;1705;0.755649619429906
46;1;1715;0.7854620011962383
46;1;1725;0.7995405920269972
46;1;1735;0.8107427752996045
46;1;1745;0.8249033210480132
46;1;1755;0.8573746284623147
46;1;1765;0.8981652046393157
46;1;1775;0.9276876470855105
46;1;1785;0.9689144563700135
46;1;1795;1.0314075010716424
46;1;1805;1.1067624987709368
46;1;1815;1.1639776606264345
46;1;1825;1.2318913831159224
46;1;1835;1.4934590325038852
46;1;1845;1.5014521470205413
46;1;1855;1.4735869673653095
46;1;1865;1.3952059895207751
46;1;1875;1.2688502691782149
46;1;1885;1.032808174455229
46;1;1895;0.3912982716613167
46;1;1905;0.3251487455865681
46;1;1915;0.6435747183694298
46;1;1925;0.8075257526124895
46;1;1935;0.8934382936481421
46;1;1945;0.9279914557541422
46;1;1955;0.9279716557605466
46;1;1965;0.9236205437520632
46;1;1975;0.9145440796024173
46;1;1985;0.8977735631622896
46;1;1995;0.8847613603377732
46;1;2005;0.8885643557916221
46;1;2015;0.899642433370825
46;1;2025;0.9137850701343159
46;1;2035;0.9416671866057775
46;1;2045;0.9643405511226749
46;1;2055;0.9802673887654244
46;1;2065;0.9736898333793026
46;1;2075;0.9591772032064884
46;1;2085;0.9450236894582285
46;1;2095;0.9293836695563179
46;1;2105;0.9157152356418432
46;1;2115;0.9063642248936598
46;1;2125;0.8951330943303003
46;1;2135;0.886651658262382
46;1;2145;0.8822024606011739
46;1;2155;0.8797235978323832
46;1;2165;0.8764363534329239
46;1;2175;0.8686624513883138
46;1;2185;0.8555006771788872
46;1;2195;0.8448342038461453
46;1;2205;0.8378409689927179
46;1;2215;0.8350650803464009
46;1;2225;0.8338171062564804
46;1;2235;0.833877191615666
46;1;2245;0.8318842273173502
46;1;2255;0.8325568034890549
46;1;2265;0.8424753786819222
46;1;2275;0.8625030694024634
46;1;2285;0.8755811669091904
46;1;2295;0.8745992002327432
46;1;2305;0.8807986469999038
46;1;2315;0.8921171369627213
46;1;2325;0.8949390225895509
46;1;2335;0.8967930497454485
46;1;2345;0.8955960082098001
46;1;2355;0.8967704558035149
46;1;2365;0.8965663271716089
46;1;2375;0.8969098475837015
46;1;2385;0.8965587087717833
46;1;2395;0.9043292594501859
46;1;2405;0.9302977755583283
46;1;2415;0.9722514761476888
46;1;2425;1.0126317187631624
46;1;2435;1.0535983058612473
46;1;2445;1.127074042416999
46;1;2450;1.1688463367868742
46;2;405;1.271418285883893
46;2;415;1.2569509668963639
46;2;425;1.1952105963884132
46;2;435;1.1709310354591704
46;2;445;1.1541313911786637
46;2;455;1.1230397300959785
46;2;465;1.0874433424989434
46;2;475;1.063546627337299
46;2;485;1.0353251472010754
46;2;495;1.0002382705114365
46;2;505;0.9447179138538604
46;2;515;0.8418713830631407
46;2;525;0.9253970998177614
46;2;535;1.2107197956485536
46;2;545;1.3716004751943656
46;2;555;1.4448475331714685
46;2;565;1.2620933062763346
46;2;575;1.008439996569232
46;2;585;0.9003480369422655
46;2;595;0.8644289614228008
46;2;605;0.8437518142082687
46;2;615;0.833226329796816
46;2;625;0.8344542482444346
46;2;635;0.8369225400401624
46;2;645;0.8627490466497623
46;2;655;0.8859699613125303
46;2;665;0.9139967891874335
46;2;675;0.9603429243867128
46;2;685;1.0121570122160413
46;2;695;0.7840605151191381
46;2;705;1.898652755244341
46;2;715;1.8637830518747254
46;2;725;1.7799198702331906
46;2;735;1.3893156071749637
46;2;745;0.6081603557835425
46;2;755;0.7945101794723006
46;2;765;0.8445479006746297
46;2;775;0.8365542735643918
46;2;785;0.8336657279336147
46;2;795;0.8346685838167146
46;2;805;0.8334000140830766
46;2;815;0.8329554368961256
46;2;825;0.8299691750179581
46;2;835;0.8264576590209068
46;2;845;0.8262444649852112
46;2;855;0.8286499519010131
46;2;865;0.8328721334372392
46;2;875;0.837664188490491
46;2;885;0.8407066815166948
46;2;895;0.8404808025485172
46;2;905;0.8429063955753574
46;2;915;0.8419964034649999
46;2;925;0.8431709561758681
46;2;935;0.8397804019912404
46;2;945;0.8371436865392944
46;2;955;0.8329964618406287
46;2;965;0.8317016033818015
46;2;975;0.8375556292166502
46;2;985;0.8516570757623252
46;2;995;0.8598733688737656
46;2;1005;0.8648681317528962
46;2;1015;0.8781992915821116
46;2;1025;0.8795341947731891
46;2;1035;0.8684617579373632
46;2;1045;0.862554038694022
46;2;1055;0.8620929457985423
46;2;1065;0.8590401933157307
46;2;1075;0.8610507695444378
46;2;1085;0.8598368403192465
46;2;1095;0.8517970299644517
46;2;1105;0.8443389272093335
46;2;1115;0.8349138257275787
46;2;1125;0.8318017694469648
46;2;1135;0.8336086803853034
46;2;1145;0.8528028033856182
46;2;1155;0.8812135509899206
46;2;1165;0.8810825975511327
46;2;1175;0.8650703729899113
46;2;1185;0.8526363335171933
46;2;1195;0.8457670650924708
46;2;1205;0.8431912363215684
46;2;1215;0.8508446516991442
46;2;1225;0.8479831931904439
46;2;1235;0.8471111484748031
46;2;1245;0.8500737636026379
46;2;1255;0.8552133843526343
46;2;1265;0.8589860194007939
46;2;1275;0.8685599252421272
46;2;1285;0.8804068330238205
46;2;1295;0.8970899984271719
46;2;1305;0.9171517089610584
46;2;1315;0.9452032342406695
46;2;1325;1.0376350876626688
46;2;1335;1.218187091641045
46;2;1345;1.5294067965139582
46;2;1355;1.799832237456367
46;2;1365;1.9651003543089598
46;2;1375;2.050940088636179
46;2;1385;1.8938017099501538
46;2;1395;1.6414634270900461
46;2;1405;1.4681419817192427
46;2;1415;1.279075097753448
46;2;1425;1.0297167220710626
46;2;1435;0.8382692831732536
46;2;1445;0.7796884061850592
46;2;1455;0.7830450777337088
46;2;1465;0.8041341278597349
46;2;1475;0.8325356553329375
46;2;1485;0.8556545507654104
46;2;1495;0.872092770553467
46;2;1505;0.8813057997239636
46;2;1515;0.8854065175722138
46;2;1525;0.8813508804058613
46;2;1535;0.8750008001728732
46;2;1545;0.862148776880818
46;2;1555;0.8473132073193161
46;2;1565;0.8319859277049421
46;2;1575;0.8133934831255241
46;2;1585;0.7912935412802168
46;2;1595;0.7615200412585521
46;2;1605;0.7340739478256544
46;2;1615;0.7129545839482669
46;2;1625;0.6971562452049206
46;2;1635;0.685898229444199
46;2;1645;0.6845911913778462
46;2;1655;0.6914463285668149
46;2;1665;0.7140297051068674
46;2;1675;0.7317802511611421
46;2;1685;0.7229654124866001
46;2;1695;0.7130200724321754
46;2;1705;0.72425923462181
46;2;1715;0.7670809426094833
46;2;1725;0.7929232751550663
46;2;1735;0.8053102437320312
46;2;1745;0.824644911963279
46;2;1755;0.8710042568439902
46;2;1765;0.9249405883064848
46;2;1775;0.9670754873164884
46;2;1785;1.0223545842797623
46;2;1795;1.1034197032543722
46;2;1805;1.2111451449585395
46;2;1815;1.2934716773629955
46;2;1825;1.3772178470521412
46;2;1835;1.6187892325159192
46;2;1845;1.6660619165180648
46;2;1855;1.6542926949941539
46;2;1865;1.577559291577105
46;2;1875;1.4236885102052725
46;2;1885;1.0511603394611941
46;2;1895;0.10025821756157655
46;2;1905;0.6454681839431333
46;2;1915;0.928274201421455
46;2;1925;1.0702030454331888
46;2;1935;1.1431027141634929
46;2;1945;1.165734830761447
46;2;1955;1.1545745945509347
46;2;1965;1.1285302988131045
46;2;1975;1.0924936667813014
46;2;1985;1.0408243206120071
46;2;1995;0.9923454014146016
46;2;2005;0.9671860043458509
46;2;2015;0.9500491365112206
46;2;2025;0.943057871368606
46;2;2035;0.9525995778345732
46;2;2045;0.9610166140357776
46;2;2055;0.9635339406137475
46;2;2065;0.9464129429947068
46;2;2075;0.9247800998041689
46;2;2085;0.9051028463670049
46;2;2095;0.8859940247973478
46;2;2105;0.8695072763938891
46;2;2115;0.8574251476547269
46;2;2125;0.8453587492134552
46;2;2135;0.8372107188757116
46;2;2145;0.8321745484731423
46;2;2155;0.8288984508465844
46;2;2165;0.8263648131721508
46;2;2175;0.823447703503467
46;2;2185;0.8197140036895868
46;2;2195;0.8186262877309518
46;2;2205;0.8224658822146202
46;2;2215;0.8281725211254017
46;2;2225;0.8348926429760652
46;2;2235;0.8399767623557026
46;2;2245;0.8317318000215034
46;2;2255;0.8168562933982156
46;2;2265;0.8105239845722134
46;2;2275;0.8164487858422729
46;2;2285;0.8245609314584922
46;2;2295;0.8264680469649229
46;2;2305;0.830475640070255
46;2;2315;0.842239034575196
46;2;2325;0.8501915047989812
46;2;2335;0.8563686091668901
46;2;2345;0.8585390310049198
46;2;2355;0.8662455005222585
46;2;2365;0.8730979102658231
46;2;2375;0.877256923109792
46;2;2385;0.8861134696069946
46;2;2395;0.9033992734394525
46;2;2405;0.9393739578589148
46;2;2415;1.001075838241652
46;2;2425;1.0612284095910236
46;2;2435;1.1238184509672164
46;2;2445;1.213998462158834
46;2;2450;1.263266044189347
46;3;405;1.1953494781805174
46;3;415;1.1818753406248175
46;3;425;1.1478252573053338
46;3;435;1.135190478366695
46;3;445;1.1257113310156988
46;3;455;1.10956605475092
46;3;465;1.0895562462305228
46;3;475;1.0760180306232994
46;3;485;1.0591750164937348
46;3;495;1.0377219783568576
46;3;505;1.001398258962911
46;3;515;0.9222331226631141
46;3;525;0.9107179952965571
46;3;535;1.0770294171774257
46;3;545;1.2044270787898337
46;3;555;1.2677699075490443
46;3;565;1.1119046402865844
46;3;575;0.9486854959334234
46;3;585;0.9039807821132901
46;3;595;0.8967789757598679
46;3;605;0.8969467251122587
46;3;615;0.9074906538809352
46;3;625;0.9165674789790519
46;3;635;0.9224185632790894
46;3;645;0.9535575869123675
46;3;655;0.975891584532885
46;3;665;0.9994789807921138
46;3;675;1.034647318192403
46;3;685;1.071092676126889
46;3;695;0.8740970312204595
46;3;705;1.810303649688199
46;3;715;1.803358175094261
46;3;725;1.731553384830303
46;3;735;1.2548973173955178
46;3;745;0.7500625540062372
46;3;755;0.9115901710363953
46;3;765;0.9431631370319472
46;3;775;0.933286901620034
46;3;785;0.9290524681265909
46;3;795;0.9275784699561702
46;3;805;0.9263310888363172
46;3;815;0.924602347451065
46;3;825;0.9190919502394904
46;3;835;0.9103565831107603
46;3;845;0.901452773898105
46;3;855;0.8949864266654715
46;3;865;0.8909037212685929
46;3;875;0.8890418039593261
46;3;885;0.8880830758317267
46;3;895;0.8881991468026266
46;3;905;0.8880733586805695
46;3;915;0.8882499289588728
46;3;925;0.888816537550755
46;3;935;0.8895941023544841
46;3;945;0.8892091474921535
46;3;955;0.8905336183306946
46;3;965;0.8900590741653277
46;3;975;0.8899348296001002
46;3;985;0.8903306633973078
46;3;995;0.8925130563579126
46;3;1005;0.8910851424947439
46;3;1015;0.8940286264341414
46;3;1025;0.8946082522362877
46;3;1035;0.8938860014879859
46;3;1045;0.892034618100604
46;3;1055;0.8929333867323568
46;3;1065;0.8929837873172055
46;3;1075;0.8907466936555599
46;3;1085;0.8889369697997981
46;3;1095;0.8874140851525012
46;3;1105;0.8873999937263346
46;3;1115;0.8918694053411685
46;3;1125;0.899945665120811
46;3;1135;0.9160002505661475
46;3;1145;0.9432168171836904
46;3;1155;0.9757410443708566
46;3;1165;0.9728410005306011
46;3;1175;0.9586639172908685
46;3;1185;0.9476389404238732
46;3;1195;0.9418946916124104
46;3;1205;0.9398675588353846
46;3;1215;0.9462261267718662
46;3;1225;0.9453739201991243
46;3;1235;0.9459676183130313
46;3;1245;0.949591804814009
46;3;1255;0.956168855066342
46;3;1265;0.9612901290230099
46;3;1275;0.970612681725838
46;3;1285;0.9818641170727748
46;3;1295;0.9956698317722324
46;3;1305;1.0104872916442347
46;3;1315;1.0286732904692812
46;3;1325;1.101522464711591
46;3;1335;1.2510323093870177
46;3;1345;1.5132084899734408
46;3;1355;1.7214287964990636
46;3;1365;1.8060286560865766
46;3;1375;1.7766740862610664
46;3;1385;1.5486136453135158
46;3;1395;1.3115106736360567
46;3;1405;1.1877563642527855
46;3;1415;1.0742392527964364
46;3;1425;0.9475132072247381
46;3;1435;0.8720701906677434
46;3;1445;0.8638045166826678
46;3;1455;0.8781984909715057
46;3;1465;0.8981844841930902
46;3;1475;0.9216441832059817
46;3;1485;0.9411909137427963
46;3;1495;0.9544193630254552
46;3;1505;0.9622176643826578
46;3;1515;0.9662828771113593
46;3;1525;0.9628803106452862
46;3;1535;0.9575492503722369
46;3;1545;0.9465001457862888
46;3;1555;0.9331812734064294
46;3;1565;0.9165876851817487
46;3;1575;0.9003112450297786
46;3;1585;0.8784048466151124
46;3;1595;0.8481549967136313
46;3;1605;0.8184847908943577
46;3;1615;0.7906080291745552
46;3;1625;0.7668435833643055
46;3;1635;0.7446121619660196
46;3;1645;0.7319562121794162
46;3;1655;0.7279521424931161
46;3;1665;0.7413805918370224
46;3;1675;0.7479473787316866
46;3;1685;0.7472397757549973
46;3;1695;0.7480048806608159
46;3;1705;0.7579542430378322
46;3;1715;0.7800373867985411
46;3;1725;0.7980438807856489
46;3;1735;0.8088807952498498
46;3;1745;0.824143341937248
46;3;1755;0.850902474777245
46;3;1765;0.8799849267155462
46;3;1775;0.9047503051132448
46;3;1785;0.9312730300798372
46;3;1795;0.9778374043711615
46;3;1805;1.0256717960380546
46;3;1815;1.0840019551983495
46;3;1825;1.1284050163872354
46;3;1835;1.2818150531877759
46;3;1845;1.3030924370180164
46;3;1855;1.2748047534518823
46;3;1865;1.1955478406645472
46;3;1875;1.08517224346851
46;3;1885;0.8985118542935205
46;3;1895;0.3782506750381191
46;3;1905;0.3327050105917754
46;3;1915;0.6599670685316091
46;3;1925;0.848538863463901
46;3;1935;0.9702212625822086
46;3;1945;1.0397504615799342
46;3;1955;1.07528782939777
46;3;1965;1.0822797748463246
46;3;1975;1.0776725126667779
46;3;1985;1.057924796977305
46;3;1995;1.0372703411661135
46;3;2005;1.0280402179147898
46;3;2015;1.0217723974358457
46;3;2025;1.0218508682051493
46;3;2035;1.030402415422711
46;3;2045;1.0379837435139967
46;3;2055;1.0428555336469836
46;3;2065;1.0311542549566701
46;3;2075;1.0141928506384648
46;3;2085;0.9998430034005763
46;3;2095;0.9856425503347453
46;3;2105;0.972510623961821
46;3;2115;0.9631081675749147
46;3;2125;0.952767037802326
46;3;2135;0.9450902601581049
46;3;2145;0.9410538672229473
46;3;2155;0.936746650822371
46;3;2165;0.9332051030096525
46;3;2175;0.9275818931606314
46;3;2185;0.9165267146625586
46;3;2195;0.9073257406467831
46;3;2205;0.8995714821288807
46;3;2215;0.8941820722286854
46;3;2225;0.8902408297343835
46;3;2235;0.888463534631805
46;3;2245;0.8891618759779056
46;3;2255;0.8936040846671756
46;3;2265;0.9030590459302833
46;3;2275;0.9192598428803043
46;3;2285;0.9296515923205783
46;3;2295;0.9290168877813666
46;3;2305;0.9337295577863255
46;3;2315;0.9427689710660857
46;3;2325;0.9457954355816223
46;3;2335;0.9485701312542985
46;3;2345;0.948026827348984
46;3;2355;0.951508941084051
46;3;2365;0.9532631798355271
46;3;2375;0.9548063675578372
46;3;2385;0.9564665919734405
46;3;2395;0.967105818907197
46;3;2405;0.984430387334537
46;3;2415;1.0178162844487346
46;3;2425;1.0471524252336157
46;3;2435;1.0738491449954661
46;3;2445;1.1234033472261047
46;3;2450;1.1449788028407435
46;4;405;1.2149574531880214
46;4;415;1.2139323737789216
46;4;425;1.1746921664422036
46;4;435;1.1589273523220693
46;4;445;1.1532332480558116
46;4;455;1.1353142408521562
46;4;465;1.1146581267082605
46;4;475;1.1000724574268739
46;4;485;1.0828211495035458
46;4;495;1.0602697043504075
46;4;505;1.0249587385602787
46;4;515;0.9375506406948233
46;4;525;0.8676984887485493
46;4;535;0.9811630288016101
46;4;545;1.093346835769771
46;4;555;1.155579791432889
46;4;565;1.0233421287581044
46;4;575;0.90614608750327
46;4;585;0.8867681594879486
46;4;595;0.8889169847250867
46;4;605;0.8952861595318572
46;4;615;0.9100304628144942
46;4;625;0.9193699215584132
46;4;635;0.9241088976262254
46;4;645;0.9528634433363026
46;4;655;0.9702312098660248
46;4;665;0.9885715289221413
46;4;675;1.0188008831504882
46;4;685;1.052724373391212
46;4;695;0.8685876706750573
46;4;705;1.72305434555226
46;4;715;1.7172121583641273
46;4;725;1.6314578518631915
46;4;735;1.1422314378800154
46;4;745;0.7143803806994602
46;4;755;0.8970463865208639
46;4;765;0.9316261463566144
46;4;775;0.922414428796216
46;4;785;0.9180256581975064
46;4;795;0.9165223795337657
46;4;805;0.9146068807242224
46;4;815;0.9131478456802734
46;4;825;0.9074569284246191
46;4;835;0.8981152004144686
46;4;845;0.8895926421577054
46;4;855;0.8827543858274798
46;4;865;0.878649610142014
46;4;875;0.8769776142771379
46;4;885;0.8761357148468939
46;4;895;0.876251602120714
46;4;905;0.8763778808020556
46;4;915;0.876471369971549
46;4;925;0.8770205022734491
46;4;935;0.8772495057435391
46;4;945;0.8764206287784723
46;4;955;0.8768544036641439
46;4;965;0.8764803657909116
46;4;975;0.8779383164717346
46;4;985;0.881906343390861
46;4;995;0.8852306891712615
46;4;1005;0.8863839524663465
46;4;1015;0.8908542345492749
46;4;1025;0.8898138440893855
46;4;1035;0.8874333698869982
46;4;1045;0.8868230272017896
46;4;1055;0.8876682070909466
46;4;1065;0.888815258731193
46;4;1075;0.8889294907390151
46;4;1085;0.888694944915362
46;4;1095;0.8867711474131039
46;4;1105;0.8839275567637048
46;4;1115;0.8832700862243481
46;4;1125;0.8875127606904034
46;4;1135;0.9013841032070938
46;4;1145;0.9298300848186232
46;4;1155;0.961958250934126
46;4;1165;0.9653311896574678
46;4;1175;0.9531428647449133
46;4;1185;0.9445293060129755
46;4;1195;0.9388453382487378
46;4;1205;0.9380199681920667
46;4;1215;0.943799883105121
46;4;1225;0.9400047869158591
46;4;1235;0.938819296303927
46;4;1245;0.9378783468429757
46;4;1255;0.939959088264371
46;4;1265;0.9411061813671129
46;4;1275;0.9472899911705028
46;4;1285;0.9559306158236779
46;4;1295;0.9614383155807292
46;4;1305;0.9640517370858114
46;4;1315;0.9682160850480706
46;4;1325;1.0193560752028432
46;4;1335;1.1571016789622681
46;4;1345;1.4338286802035907
46;4;1355;1.680385177580568
46;4;1365;1.7925900610103556
46;4;1375;1.771101986296229
46;4;1385;1.5141891205336016
46;4;1395;1.2359490453309971
46;4;1405;1.0825157503984963
46;4;1415;0.9630326028602816
46;4;1425;0.8659314079612985
46;4;1435;0.8376552896811783
46;4;1445;0.8590242010510633
46;4;1455;0.884827474099314
46;4;1465;0.9080763666305884
46;4;1475;0.9305179327219197
46;4;1485;0.9451091527751833
46;4;1495;0.9536430127268972
46;4;1505;0.9563268561051912
46;4;1515;0.9552621169785737
46;4;1525;0.9469623319274801
46;4;1535;0.9373065705209127
46;4;1545;0.9241659323784119
46;4;1555;0.9080144361571405
46;4;1565;0.8893003007214129
46;4;1575;0.8674292572148118
46;4;1585;0.8426528238774771
46;4;1595;0.81572963822555
46;4;1605;0.7933569963158557
46;4;1615;0.7812291560541086
46;4;1625;0.776539950592456
46;4;1635;0.7784605798971593
46;4;1645;0.7912437092132748
46;4;1655;0.8096002891998624
46;4;1665;0.8339571266785496
46;4;1675;0.8344273831224072
46;4;1685;0.8080497504744235
46;4;1695;0.789349759774589
46;4;1705;0.7919392079998936
46;4;1715;0.8258139074796977
46;4;1725;0.8435666944086959
46;4;1735;0.8548777834164816
46;4;1745;0.8686028220659713
46;4;1755;0.8961034359968691
46;4;1765;0.9306782031870316
46;4;1775;0.9631128146729413
46;4;1785;0.9949830107771613
46;4;1795;1.052381324002419
46;4;1805;1.1210599329776116
46;4;1815;1.1876874532942736
46;4;1825;1.2381357683303689
46;4;1835;1.3997615592559631
46;4;1845;1.4176532507324526
46;4;1855;1.3713882623093552
46;4;1865;1.2633050473533796
46;4;1875;1.1052610301157708
46;4;1885;0.8157890597429055
46;4;1895;0.1730498003876881
46;4;1905;0.5387818248361826
46;4;1915;0.7965108143486253
46;4;1925;0.9344227864094093
46;4;1935;1.018185727762928
46;4;1945;1.0618975385700173
46;4;1955;1.0846312238349547
46;4;1965;1.0922078683492982
46;4;1975;1.088069460575362
46;4;1985;1.070768693381987
46;4;1995;1.0473549187308784
46;4;2005;1.0368102816645834
46;4;2015;1.029198636589083
46;4;2025;1.0260309640797458
46;4;2035;1.0355328645911264
46;4;2045;1.0447422670467152
46;4;2055;1.0470278843453118
46;4;2065;1.0366795543060214
46;4;2075;1.0212521466612976
46;4;2085;1.0052267524707303
46;4;2095;0.98771889258283
46;4;2105;0.9720102886370989
46;4;2115;0.9594261378116963
46;4;2125;0.9463492283372527
46;4;2135;0.9374845365495266
46;4;2145;0.931108018123073
46;4;2155;0.9270114606045576
46;4;2165;0.9249721321907186
46;4;2175;0.918596152938584
46;4;2185;0.9074102663665857
46;4;2195;0.8967889847788207
46;4;2205;0.8890683950891324
46;4;2215;0.884067982451253
46;4;2225;0.8803844848160594
46;4;2235;0.8790250109293206
46;4;2245;0.8807103456074032
46;4;2255;0.8879249583370207
46;4;2265;0.8994129776108039
46;4;2275;0.9186592024211342
46;4;2285;0.9313235075807839
46;4;2295;0.9320537793736502
46;4;2305;0.9367563393861552
46;4;2315;0.9494414249276099
46;4;2325;0.9582213817413678
46;4;2335;0.963718658562834
46;4;2345;0.9643055426078372
46;4;2355;0.9744529821229352
46;4;2365;0.9794793777474053
46;4;2375;0.9838658862666544
46;4;2385;0.9922445024043737
46;4;2395;1.0058580204875824
46;4;2405;1.037552540604788
46;4;2415;1.0785029125677004
46;4;2425;1.1177828895533448
46;4;2435;1.1647554845593135
46;4;2445;1.2340877418261023
46;4;2450;1.2460176109807557
