banda_nm;rho_spearman_etr;p_spearman_etr;passa_p_0001;intervalo_10nm
350;0.23217391304347823;0.2749652411831776;False;0
351;0.2539130434782608;0.2312073651674543;False;0
352;0.4252173913043478;0.038320224728769586;False;0
353;0.3478260869565217;0.09581319432361445;False;0
354;0.16173913043478258;0.45021888484637085;False;0
355;0.20608695652173914;0.3339723271430129;False;0
356;0.3930434782608695;0.05743308855527011;False;0
357;0.4052173913043478;0.049486403439549555;False;0
358;0.29913043478260865;0.155619554462795;False;0
359;0.2869565217391304;0.1739742419036644;False;0
360;0.4591304347826086;0.024015134743792032;False;1
361;0.3652173913043478;0.079279890610089;False;1
362;0.3304347826086956;0.11478470741054941;False;1
363;0.37217391304347824;0.0733081094311025;False;1
364;0.2652173913043478;0.21038389787314837;False;1
365;0.2573913043478261;0.22466048988773973;False;1
366;0.3060869565217391;0.1457674095865942;False;1
367;0.2982608695652174;0.15688329961066766;False;1
368;0.31565217391304345;0.1329572125391265;False;1
369;0.25652173913043474;0.22628553340548083;False;1
370;0.2817391304347826;0.1822827700109572;False;2
371;0.32695652173913037;0.11888708485840495;False;2
372;0.23913043478260865;0.2604279368029269;False;2
373;0.23826086956521736;0.26221750952163625;False;2
374;0.24260869565217388;0.25334838197246123;False;2
375;0.29478260869565215;0.16201059639566895;False;2
376;0.3008695652173913;0.15311364746090086;False;2
377;0.3;0.15436300913601078;False;2
378;0.2504347826086956;0.23787902276971334;False;2
379;0.24260869565217388;0.25334838197246123;False;2
380;0.24434782608695652;0.24985580217173992;False;3
381;0.2965217391304348;0.15943245327776345;False;3
382;0.27999999999999997;0.18511205365132619;False;3
383;0.3104347826086956;0.1398400158289614;False;3
384;0.2826086956521739;0.1808793683193113;False;3
385;0.24086956521739128;0.2568724180084134;False;3
386;0.2434782608695652;0.25159816184284295;False;3
387;0.2504347826086956;0.23787902276971334;False;3
388;0.23478260869565212;0.2694546117695452;False;3
389;0.27043478260869563;0.20121293703333992;False;3
390;0.288695652173913;0.17126415242206844;False;4
391;0.22434782608695653;0.2919232059452401;False;4
392;0.19913043478260867;0.3508987130768878;False;4
393;0.17565217391304347;0.41165144697505396;False;4
394;0.2434782608695652;0.25159816184284295;False;4
395;0.23565217391304347;0.2676335104066907;False;4
396;0.21130434782608692;0.3216050354597519;False;4
397;0.19391304347826085;0.3639188559293712;False;4
398;0.2226086956521739;0.295778422534422;False;4
399;0.1843478260869565;0.38850589974170086;False;4
400;0.20173913043478262;0.34449303140739784;False;5
401;0.1869565217391304;0.38170896863505804;False;5
402;0.18869565217391301;0.3772156351847256;False;5
403;0.1878260869565217;0.3794584983173827;False;5
404;0.17739130434782607;0.40696255139715676;False;5
405;0.16695652173913042;0.4355381053206146;False;5
406;0.10173913043478258;0.6361837822056855;False;5
407;0.09913043478260869;0.644905639030735;False;5
408;0.10173913043478258;0.6361837822056855;False;5
409;0.17913043478260868;0.40230343183605977;False;5
410;0.21826086956521737;0.3055543915844942;False;6
411;0.19130434782608693;0.3705328066699431;False;6
412;0.1252173913043478;0.559898535790483;False;6
413;0.09565217391304347;0.6566056616723347;False;6
414;0.1217391304347826;0.5709355226889167;False;6
415;0.13391304347826086;0.5327356259700111;False;6
416;0.03826086956521739;0.8591175903218993;False;6
417;0.041739130434782605;0.8464521133997218;False;6
418;0.0634782608695652;0.7682424072237529;False;6
419;0.034782608695652174;0.8718168719786574;False;6
420;0.04869565217391304;0.8212344730022533;False;7
421;0.054782608695652164;0.799308243488264;False;7
422;0.08347826086956521;0.6981606006787424;False;7
423;0.10695652173913042;0.6188809974331807;False;7
424;0.033913043478260865;0.8749966229566862;False;7
425;0.023478260869565212;0.9132865779270147;False;7
426;0.04608695652173912;0.8306723439322354;False;7
427;0.054782608695652164;0.799308243488264;False;7
428;0.040869565217391296;0.8496151500324183;False;7
429;0.046956521739130425;0.8275237958648594;False;7
430;0.07043478260869565;0.7436342012968034;False;8
431;0.03739130434782608;0.8622893584755253;False;8
432;0.047826086956521734;0.8243778236378612;False;8
433;0.04608695652173912;0.8306723439322354;False;8
434;0.040869565217391296;0.8496151500324183;False;8
435;0.05739130434782608;0.7899551413098405;False;8
436;0.05652173913043478;0.7930697839291405;False;8
437;0.06;0.7806300955564119;False;8
438;0.05739130434782608;0.7899551413098405;False;8
439;0.04347826086956521;0.8401329841149333;False;8
440;0.042608695652173914;0.8432913759776879;False;9
441;0.051750381740870766;0.8102135187996976;False;9
442;0.04869565217391304;0.8212344730022533;False;9
443;0.05826086956521739;0.7868436161547347;False;9
444;0.06173913043478261;0.7744295754905792;False;9
445;0.03913043478260869;0.8559479350713372;False;9
446;0.05565217391304347;0.7961874995255513;False;9
447;0.05565217391304347;0.7961874995255513;False;9
448;0.04608695652173912;0.8306723439322354;False;9
449;0.04566210153606244;0.8322115945996158;False;9
450;0.03043478260869565;0.8877339355759605;False;10
451;0.014782608695652172;0.9453421257736343;False;10
452;0.054782608695652164;0.799308243488264;False;10
453;0.04434782608695652;0.8369769840650598;False;10
454;0.01217391304347826;0.9549770846497846;False;10
455;0.015652173913043476;0.9421320594035385;False;10
456;0.014782608695652172;0.9453421257736343;False;10
457;0.02;0.9260958020254711;False;10
458;0.011304347826086955;0.9581901628011082;False;10
459;-0.03174603249650055;0.8829288314240065;False;10
460;-0.03043478260869565;0.8877339355759605;False;11
461;-0.034782608695652174;0.8718168719786574;False;11
462;-0.03826086956521739;0.8591175903218993;False;11
463;-0.011304347826086955;0.9581901628011082;False;11
464;-0.04434782608695652;0.8369769840650598;False;11
465;-0.04347826086956521;0.8401329841149333;False;11
466;-0.04434782608695652;0.8369769840650598;False;11
467;-0.04347826086956521;0.8401329841149333;False;11
468;-0.04608695652173912;0.8306723439322354;False;11
469;-0.046956521739130425;0.8275237958648594;False;11
470;-0.027826086956521737;0.8973048186218164;False;12
471;-0.027826086956521737;0.8973048186218164;False;12
472;-0.03304347826086956;0.8781782520387229;False;12
473;-0.03304347826086956;0.8781782520387229;False;12
474;-0.034782608695652174;0.8718168719786574;False;12
475;-0.03652173913043478;0.8654631927363388;False;12
476;-0.04869565217391304;0.8212344730022533;False;12
477;-0.034782608695652174;0.8718168719786574;False;12
478;-0.034782608695652174;0.8718168719786574;False;12
479;-0.042608695652173914;0.8432913759776879;False;12
480;-0.040869565217391296;0.8496151500324183;False;13
481;-0.047826086956521734;0.8243778236378612;False;13
482;-0.05130434782608695;0.8118206065534153;False;13
483;-0.06434782608695652;0.7651539392008921;False;13
484;-0.08695652173913042;0.6861953252985288;False;13
485;-0.07652173913043478;0.7222991032128188;False;13
486;-0.0634782608695652;0.7682424072237529;False;13
487;-0.0634782608695652;0.7682424072237529;False;13
488;-0.07652173913043478;0.7222991032128188;False;13
489;-0.07652173913043478;0.7222991032128188;False;13
490;-0.07566862540261776;0.7252776457988269;False;14
491;-0.07652173913043478;0.7222991032128188;False;14
492;-0.07478260869565216;0.7283751615575543;False;14
493;-0.09826086956521737;0.6478231237133649;False;14
494;-0.10086956521739131;0.639085931909078;False;14
495;-0.1252173913043478;0.559898535790483;False;14
496;-0.09999999999999999;0.6419932296067887;False;14
497;-0.1034782608695652;0.6303950708493538;False;14
498;-0.14782608695652172;0.4906100707429602;False;14
499;-0.14608695652173911;0.4957829296843137;False;14
500;-0.1826086956521739;0.39307499311229416;False;15
501;-0.1848227919316813;0.38726330640082934;False;15
502;-0.178734511726873;0.40336148323572224;False;15
503;-0.17304347826086955;0.4187403495722348;False;15
504;-0.17391304347826084;0.41636999529355617;False;15
505;-0.19478260869565217;0.36172956198490885;False;15
506;-0.19652173913043475;0.35737406951590367;False;15
507;-0.2078260869565217;0.32981861780551774;False;15
508;-0.23826086956521736;0.26221750952163625;False;15
509;-0.2226086956521739;0.295778422534422;False;15
510;-0.23826086956521736;0.26221750952163625;False;16
511;-0.24787997976719608;0.24285910539374936;False;16
512;-0.23826086956521736;0.26221750952163625;False;16
513;-0.27043478260869563;0.20121293703333992;False;16
514;-0.27652173913043476;0.19086089033898032;False;16
515;-0.2895652173913043;0.1699201869525097;False;16
516;-0.27999999999999997;0.18511205365132619;False;16
517;-0.27304347826086955;0.19673072289025417;False;16
518;-0.2773913043478261;0.1894123670698223;False;16
519;-0.3;0.15436300913601078;False;16
520;-0.3173913043478261;0.13071808560327577;False;17
521;-0.29130434782608694;0.16725434336435263;False;17
522;-0.25217391304347825;0.23452757092161952;False;17
523;-0.25652173913043474;0.22628553340548083;False;17
524;-0.25652173913043474;0.22628553340548083;False;17
525;-0.25652173913043474;0.22628553340548083;False;17
526;-0.2617391304347826;0.2166516979532863;False;17
527;-0.25652173913043474;0.22628553340548083;False;17
528;-0.25652173913043474;0.22628553340548083;False;17
529;-0.23304347826086955;0.27312047592983013;False;17
530;-0.23304347826086955;0.27312047592983013;False;18
531;-0.22869565217391302;0.28242320763631645;False;18
532;-0.2252173913043478;0.2900074275938714;False;18
533;-0.2252173913043478;0.2900074275938714;False;18
534;-0.2252173913043478;0.2900074275938714;False;18
535;-0.21478260869565213;0.3135168615028437;False;18
536;-0.21478260869565213;0.3135168615028437;False;18
537;-0.2121739130434782;0.31957122228868073;False;18
538;-0.21565217391304345;0.31151444912851095;False;18
539;-0.21913043478260866;0.3035834439172304;False;18
540;-0.21913043478260866;0.3035834439172304;False;19
541;-0.21913043478260866;0.3035834439172304;False;19
542;-0.21913043478260866;0.3035834439172304;False;19
543;-0.2226086956521739;0.295778422534422;False;19
544;-0.2226086956521739;0.295778422534422;False;19
545;-0.23304347826086955;0.27312047592983013;False;19
546;-0.23391304347826083;0.27128359982868233;False;19
547;-0.23391304347826083;0.27128359982868233;False;19
548;-0.23391304347826083;0.27128359982868233;False;19
549;-0.22347826086956518;0.2938468714348544;False;19
550;-0.23391304347826083;0.27128359982868233;False;20
551;-0.23391304347826083;0.27128359982868233;False;20
552;-0.23391304347826083;0.27128359982868233;False;20
553;-0.23391304347826083;0.27128359982868233;False;20
554;-0.23391304347826083;0.27128359982868233;False;20
555;-0.23391304347826083;0.27128359982868233;False;20
556;-0.23217391304347823;0.2749652411831776;False;20
557;-0.23217391304347823;0.2749652411831776;False;20
558;-0.23217391304347823;0.2749652411831776;False;20
559;-0.23217391304347823;0.2749652411831776;False;20
560;-0.23217391304347823;0.2749652411831776;False;21
561;-0.23217391304347823;0.2749652411831776;False;21
562;-0.22869565217391302;0.28242320763631645;False;21
563;-0.22869565217391302;0.28242320763631645;False;21
564;-0.22869565217391302;0.28242320763631645;False;21
565;-0.22869565217391302;0.28242320763631645;False;21
566;-0.22869565217391302;0.28242320763631645;False;21
567;-0.23826086956521736;0.26221750952163625;False;21
568;-0.23304347826086955;0.27312047592983013;False;21
569;-0.23304347826086955;0.27312047592983013;False;21
570;-0.23304347826086955;0.27312047592983013;False;22
571;-0.23826086956521736;0.26221750952163625;False;22
572;-0.22347826086956518;0.2938468714348544;False;22
573;-0.21391304347826084;0.3155271306915456;False;22
574;-0.22434782608695653;0.2919232059452401;False;22
575;-0.23613829651506577;0.26661887641111065;False;22
576;-0.23652173913043475;0.265820294159618;False;22
577;-0.22347826086956518;0.2938468714348544;False;22
578;-0.22570124473539435;0.2889448440780663;False;22
579;-0.21652173913043476;0.30951989756230047;False;22
580;-0.21565217391304345;0.31151444912851095;False;23
581;-0.21130434782608692;0.3216050354597519;False;23
582;-0.20956521739130432;0.32569617157142167;False;23
583;-0.21130434782608692;0.3216050354597519;False;23
584;-0.21130434782608692;0.3216050354597519;False;23
585;-0.21130434782608692;0.3216050354597519;False;23
586;-0.21130434782608692;0.3216050354597519;False;23
587;-0.2069565217391304;0.33189156768314726;False;23
588;-0.2069565217391304;0.33189156768314726;False;23
589;-0.2069565217391304;0.33189156768314726;False;23
590;-0.21043478260869564;0.32364668696950194;False;24
591;-0.2078260869565217;0.32981861780551774;False;24
592;-0.2078260869565217;0.32981861780551774;False;24
593;-0.2078260869565217;0.32981861780551774;False;24
594;-0.2078260869565217;0.32981861780551774;False;24
595;-0.1973913043478261;0.35520789041081785;False;24
596;-0.1843478260869565;0.38850589974170086;False;24
597;-0.17913043478260868;0.40230343183605977;False;24
598;-0.17913043478260868;0.40230343183605977;False;24
599;-0.16260869565217392;0.44775415138241537;False;24
600;-0.15133725080523552;0.4802493307523476;False;25
601;-0.1443478260869565;0.5009827163280625;False;25
602;-0.13826086956521738;0.5193911494591461;False;25
603;-0.13043478260869562;0.5435259752175853;False;25
604;-0.13043478260869562;0.5435259752175853;False;25
605;-0.13043478260869562;0.5435259752175853;False;25
606;-0.11826086956521738;0.5820677933682574;False;25
607;-0.12782608695652173;0.5516845044816037;False;25
608;-0.12956521739130433;0.5462392692585831;False;25
609;-0.1443478260869565;0.5009827163280625;False;25
610;-0.13999999999999999;0.5140986909290426;False;26
611;-0.13999999999999999;0.5140986909290426;False;26
612;-0.1408695652173913;0.511462281884675;False;26
613;-0.15478260869565216;0.4701917070737501;False;26
614;-0.15130434782608695;0.4803459029793672;False;26
615;-0.1469565217391304;0.49319312211066607;False;26
616;-0.15826086956521737;0.46014891272810615;False;26
617;-0.16260869565217392;0.44775415138241537;False;26
618;-0.16347826086956518;0.44529656704260734;False;26
619;-0.16347826086956518;0.44529656704260734;False;26
620;-0.15043478260869564;0.4829016923237182;False;27
621;-0.15565217391304348;0.4676705101638169;False;27
622;-0.15217391304347824;0.47779698719030994;False;27
623;-0.14782608695652172;0.4906100707429602;False;27
624;-0.1434782608695652;0.5035926462175364;False;27
625;-0.1434782608695652;0.5035926462175364;False;27
626;-0.14260869565217388;0.5062092339528541;False;27
627;-0.14260869565217388;0.5062092339528541;False;27
628;-0.1443478260869565;0.5009827163280625;False;27
629;-0.14524897060042719;0.49828505529900846;False;27
630;-0.14608695652173911;0.4957829296843137;False;28
631;-0.14608695652173911;0.4957829296843137;False;28
632;-0.15217391304347824;0.47779698719030994;False;28
633;-0.15217391304347824;0.47779698719030994;False;28
634;-0.15217391304347824;0.47779698719030994;False;28
635;-0.1678260869565217;0.4331165526494356;False;28
636;-0.16960209141966046;0.42819334192690806;False;28
637;-0.15304347826086956;0.4752549676743847;False;28
638;-0.1660869565217391;0.4379669016082392;False;28
639;-0.1408695652173913;0.511462281884675;False;28
640;-0.13217391304347825;0.5381181783911483;False;29
641;-0.14782608695652172;0.4906100707429602;False;29
642;-0.14782608695652172;0.4906100707429602;False;29
643;-0.13304347826086957;0.5354237325436197;False;29
644;-0.1243478260869565;0.5626487416883165;False;29
645;-0.1243478260869565;0.5626487416883165;False;29
646;-0.10695652173913042;0.6188809974331807;False;29
647;-0.09478260869565217;0.6595430787691372;False;29
648;-0.11217391304347826;0.6017724532672231;False;29
649;-0.10869565217391304;0.6131561977406333;False;29
650;-0.1269565217391304;0.5544163873133455;False;30
651;-0.10782608695652172;0.6160158821815657;False;30
652;-0.09697760611944689;0.6521378042064222;False;30
653;-0.09999999999999999;0.6419932296067887;False;30
654;-0.08347826086956521;0.6981606006787424;False;30
655;-0.07826086956521738;0.7162392905010878;False;30
656;-0.07826086956521738;0.7162392905010878;False;30
657;-0.06608695652173913;0.7589874525518235;False;30
658;-0.05565217391304347;0.7961874995255513;False;30
659;-0.036094804071363645;0.8670222090058429;False;30
660;-0.02869565217391304;0.8941129145750657;False;31
661;-0.02869565217391304;0.8941129145750657;False;31
662;-0.02869565217391304;0.8941129145750657;False;31
663;-0.02869565217391304;0.8941129145750657;False;31
664;-0.03304347826086956;0.8781782520387229;False;31
665;-0.03304347826086956;0.8781782520387229;False;31
666;-0.03565217391304347;0.8686390462246146;False;31
667;-0.02608695652173913;0.903693217741266;False;31
668;-0.03826086956521739;0.8591175903218993;False;31
669;-0.03826086956521739;0.8591175903218993;False;31
670;-0.04740161016600768;0.8259131999789028;False;32
671;-0.03043478260869565;0.8877339355759605;False;32
672;-0.03043478260869565;0.8877339355759605;False;32
673;-0.04869565217391304;0.8212344730022533;False;32
674;-0.06608695652173913;0.7589874525518235;False;32
675;-0.06782608695652173;0.75283518636882;False;32
676;-0.06434782608695652;0.7651539392008921;False;32
677;-0.061317679205569554;0.775930962719665;False;32
678;-0.054782608695652164;0.799308243488264;False;32
679;-0.047826086956521734;0.8243778236378612;False;32
680;-0.049565217391304345;0.8180937896030709;False;33
681;-0.046956521739130425;0.8275237958648594;False;33
682;-0.050434782608695654;0.8149558189775675;False;33
683;-0.07130434782608694;0.7405746871767944;False;33
684;-0.07130434782608694;0.7405746871767944;False;33
685;-0.08347826086956521;0.6981606006787424;False;33
686;-0.07478260869565216;0.7283751615575543;False;33
687;-0.09913043478260869;0.644905639030735;False;33
688;-0.10434782608695652;0.6275085807240485;False;33
689;-0.1060869565217391;0.6217515088671185;False;33
690;-0.10956521739130433;0.610301978528463;False;34
691;-0.18086956521739128;0.3976742074169041;False;34
692;-0.24086956521739128;0.2568724180084134;False;34
693;-0.21787345590064078;0.3064350342712863;False;34
694;-0.22347826086956518;0.2938468714348544;False;34
695;-0.2452173913043478;0.24812129907550173;False;34
696;-0.2478260869565217;0.24296488702038951;False;34
697;-0.24;0.25864624054600843;False;34
698;-0.21913043478260866;0.3035834439172304;False;34
699;-0.22;0.3016203705478415;False;34
700;-0.23304347826086955;0.27312047592983013;False;35
701;-0.23130434782608694;0.27681789646261495;False;35
702;-0.22;0.3016203705478415;False;35
703;-0.21391304347826084;0.3155271306915456;False;35
704;-0.21391304347826084;0.3155271306915456;False;35
705;-0.2217391304347826;0.2977178574717595;False;35
706;-0.22347826086956518;0.2938468714348544;False;35
707;-0.22434782608695653;0.2919232059452401;False;35
708;-0.21913043478260866;0.3035834439172304;False;35
709;-0.22434782608695653;0.2919232059452401;False;35
710;-0.23565217391304347;0.2676335104066907;False;36
711;-0.24695652173913044;0.24467584594576178;False;36
712;-0.24695652173913044;0.24467584594576178;False;36
713;-0.26608695652173914;0.2088362148101018;False;36
714;-0.2504347826086956;0.23787902276971334;False;36
715;-0.2573913043478261;0.22466048988773973;False;36
716;-0.25565217391304346;0.22791835585505177;False;36
717;-0.2452173913043478;0.24812129907550173;False;36
718;-0.24086956521739128;0.2568724180084134;False;36
719;-0.28782608695652173;0.17261549938271945;False;36
720;-0.2895652173913043;0.1699201869525097;False;37
721;-0.288695652173913;0.17126415242206844;False;37
722;-0.2678260869565217;0.20576390509564654;False;37
723;-0.2869565217391304;0.1739742419036644;False;37
724;-0.2834782608695652;0.1794834429755076;False;37
725;-0.3069565217391304;0.14456786810517372;False;37
726;-0.3060869565217391;0.1457674095865942;False;37
727;-0.3043478260869565;0.14818770858628416;False;37
728;-0.3104347826086956;0.1398400158289614;False;37
729;-0.3017391304347826;0.1518714531157409;False;37
730;-0.28086956521739126;0.18369366089868788;False;38
731;-0.268695652173913;0.2042392593734892;False;38
732;-0.2452173913043478;0.24812129907550173;False;38
733;-0.2434782608695652;0.25159816184284295;False;38
734;-0.23130434782608694;0.27681789646261495;False;38
735;-0.23043478260869563;0.2786784424049889;False;38
736;-0.21913043478260866;0.3035834439172304;False;38
737;-0.21478260869565213;0.3135168615028437;False;38
738;-0.2252173913043478;0.2900074275938714;False;38
739;-0.21913043478260866;0.3035834439172304;False;38
740;-0.22;0.3016203705478415;False;39
741;-0.2226086956521739;0.295778422534422;False;39
742;-0.19043478260869565;0.3727527778427132;False;39
743;-0.17304347826086955;0.4187403495722348;False;39
744;-0.16869565217391302;0.4307022617209813;False;39
745;-0.15391304347826085;0.4727198668976153;False;39
746;-0.15391304347826085;0.4727198668976153;False;39
747;-0.13999999999999999;0.5140986909290426;False;39
748;-0.12956521739130433;0.5462392692585831;False;39
749;-0.12956521739130433;0.5462392692585831;False;39
750;-0.12956521739130433;0.5462392692585831;False;40
751;-0.1391304347826087;0.5167416555162507;False;40
752;-0.1391304347826087;0.5167416555162507;False;40
753;-0.1434782608695652;0.5035926462175364;False;40
754;-0.1434782608695652;0.5035926462175364;False;40
755;-0.12;0.5764898720889466;False;40
756;-0.12;0.5764898720889466;False;40
757;-0.10782608695652172;0.6160158821815657;False;40
758;-0.09478260869565217;0.6595430787691372;False;40
759;-0.09478260869565217;0.6595430787691372;False;40
760;-0.08347826086956521;0.6981606006787424;False;41
761;-0.09130434782608696;0.6713412695646412;False;41
762;-0.09130434782608696;0.6713412695646412;False;41
763;-0.09913043478260869;0.644905639030735;False;41
764;-0.09913043478260869;0.644905639030735;False;41
765;-0.09913043478260869;0.644905639030735;False;41
766;-0.09913043478260869;0.644905639030735;False;41
767;-0.10173913043478258;0.6361837822056855;False;41
768;-0.10173913043478258;0.6361837822056855;False;41
769;-0.10173913043478258;0.6361837822056855;False;41
770;-0.10173913043478258;0.6361837822056855;False;42
771;-0.10173913043478258;0.6361837822056855;False;42
772;-0.10173913043478258;0.6361837822056855;False;42
773;-0.10173913043478258;0.6361837822056855;False;42
774;-0.10173913043478258;0.6361837822056855;False;42
775;-0.10173913043478258;0.6361837822056855;False;42
776;-0.10173913043478258;0.6361837822056855;False;42
777;-0.10173913043478258;0.6361837822056855;False;42
778;-0.10173913043478258;0.6361837822056855;False;42
779;-0.10173913043478258;0.6361837822056855;False;42
780;-0.10173913043478258;0.6361837822056855;False;43
781;-0.10173913043478258;0.6361837822056855;False;43
782;-0.10173913043478258;0.6361837822056855;False;43
783;-0.10173913043478258;0.6361837822056855;False;43
784;-0.10173913043478258;0.6361837822056855;False;43
785;-0.10173913043478258;0.6361837822056855;False;43
786;-0.10173913043478258;0.6361837822056855;False;43
787;-0.10173913043478258;0.6361837822056855;False;43
788;-0.10173913043478258;0.6361837822056855;False;43
789;-0.10173913043478258;0.6361837822056855;False;43
790;-0.10173913043478258;0.6361837822056855;False;44
791;-0.10173913043478258;0.6361837822056855;False;44
792;-0.10173913043478258;0.6361837822056855;False;44
793;-0.10173913043478258;0.6361837822056855;False;44
794;-0.10173913043478258;0.6361837822056855;False;44
795;-0.10173913043478258;0.6361837822056855;False;44
796;-0.10173913043478258;0.6361837822056855;False;44
797;-0.10173913043478258;0.6361837822056855;False;44
798;-0.10434782608695652;0.6275085807240485;False;44
799;-0.10434782608695652;0.6275085807240485;False;44
800;-0.10434782608695652;0.6275085807240485;False;45
801;-0.09826086956521737;0.6478231237133649;False;45
802;-0.10434782608695652;0.6275085807240485;False;45
803;-0.10434782608695652;0.6275085807240485;False;45
804;-0.09826086956521737;0.6478231237133649;False;45
805;-0.09826086956521737;0.6478231237133649;False;45
806;-0.09826086956521737;0.6478231237133649;False;45
807;-0.09999999999999999;0.6419932296067887;False;45
808;-0.09999999999999999;0.6419932296067887;False;45
809;-0.09999999999999999;0.6419932296067887;False;45
810;-0.09999999999999999;0.6419932296067887;False;46
811;-0.09999999999999999;0.6419932296067887;False;46
812;-0.09999999999999999;0.6419932296067887;False;46
813;-0.09999999999999999;0.6419932296067887;False;46
814;-0.09999999999999999;0.6419932296067887;False;46
815;-0.09999999999999999;0.6419932296067887;False;46
816;-0.09999999999999999;0.6419932296067887;False;46
817;-0.09999999999999999;0.6419932296067887;False;46
818;-0.09999999999999999;0.6419932296067887;False;46
819;-0.09999999999999999;0.6419932296067887;False;46
820;-0.09999999999999999;0.6419932296067887;False;47
821;-0.09999999999999999;0.6419932296067887;False;47
822;-0.09999999999999999;0.6419932296067887;False;47
823;-0.09999999999999999;0.6419932296067887;False;47
824;-0.09999999999999999;0.6419932296067887;False;47
825;-0.09999999999999999;0.6419932296067887;False;47
826;-0.09999999999999999;0.6419932296067887;False;47
827;-0.09999999999999999;0.6419932296067887;False;47
828;-0.09999999999999999;0.6419932296067887;False;47
829;-0.09999999999999999;0.6419932296067887;False;47
830;-0.09999999999999999;0.6419932296067887;False;48
831;-0.09999999999999999;0.6419932296067887;False;48
832;-0.09999999999999999;0.6419932296067887;False;48
833;-0.09999999999999999;0.6419932296067887;False;48
834;-0.10695652173913042;0.6188809974331807;False;48
835;-0.11478260869565216;0.5932933336915412;False;48
836;-0.1217391304347826;0.5709355226889167;False;48
837;-0.11478260869565216;0.5932933336915412;False;48
838;-0.11478260869565216;0.5932933336915412;False;48
839;-0.11478260869565216;0.5932933336915412;False;48
840;-0.11478260869565216;0.5932933336915412;False;49
841;-0.11478260869565216;0.5932933336915412;False;49
842;-0.11478260869565216;0.5932933336915412;False;49
843;-0.11478260869565216;0.5932933336915412;False;49
844;-0.1269565217391304;0.5544163873133455;False;49
845;-0.1269565217391304;0.5544163873133455;False;49
846;-0.1269565217391304;0.5544163873133455;False;49
847;-0.1269565217391304;0.5544163873133455;False;49
848;-0.1269565217391304;0.5544163873133455;False;49
849;-0.1269565217391304;0.5544163873133455;False;49
850;-0.1269565217391304;0.5544163873133455;False;50
851;-0.1269565217391304;0.5544163873133455;False;50
852;-0.1269565217391304;0.5544163873133455;False;50
853;-0.13304347826086957;0.5354237325436197;False;50
854;-0.13304347826086957;0.5354237325436197;False;50
855;-0.13304347826086957;0.5354237325436197;False;50
856;-0.13304347826086957;0.5354237325436197;False;50
857;-0.13304347826086957;0.5354237325436197;False;50
858;-0.13304347826086957;0.5354237325436197;False;50
859;-0.13304347826086957;0.5354237325436197;False;50
860;-0.13304347826086957;0.5354237325436197;False;51
861;-0.13304347826086957;0.5354237325436197;False;51
862;-0.13304347826086957;0.5354237325436197;False;51
863;-0.13304347826086957;0.5354237325436197;False;51
864;-0.13304347826086957;0.5354237325436197;False;51
865;-0.13304347826086957;0.5354237325436197;False;51
866;-0.13304347826086957;0.5354237325436197;False;51
867;-0.13304347826086957;0.5354237325436197;False;51
868;-0.13304347826086957;0.5354237325436197;False;51
869;-0.13304347826086957;0.5354237325436197;False;51
870;-0.13304347826086957;0.5354237325436197;False;52
871;-0.13304347826086957;0.5354237325436197;False;52
872;-0.13304347826086957;0.5354237325436197;False;52
873;-0.13304347826086957;0.5354237325436197;False;52
874;-0.13304347826086957;0.5354237325436197;False;52
875;-0.13304347826086957;0.5354237325436197;False;52
876;-0.13304347826086957;0.5354237325436197;False;52
877;-0.13304347826086957;0.5354237325436197;False;52
878;-0.13304347826086957;0.5354237325436197;False;52
879;-0.13304347826086957;0.5354237325436197;False;52
880;-0.13304347826086957;0.5354237325436197;False;53
881;-0.13304347826086957;0.5354237325436197;False;53
882;-0.13304347826086957;0.5354237325436197;False;53
883;-0.13304347826086957;0.5354237325436197;False;53
884;-0.13304347826086957;0.5354237325436197;False;53
885;-0.13304347826086957;0.5354237325436197;False;53
886;-0.13304347826086957;0.5354237325436197;False;53
887;-0.13304347826086957;0.5354237325436197;False;53
888;-0.13304347826086957;0.5354237325436197;False;53
889;-0.13304347826086957;0.5354237325436197;False;53
890;-0.13304347826086957;0.5354237325436197;False;54
891;-0.13304347826086957;0.5354237325436197;False;54
892;-0.13304347826086957;0.5354237325436197;False;54
893;-0.13304347826086957;0.5354237325436197;False;54
894;-0.13304347826086957;0.5354237325436197;False;54
895;-0.13304347826086957;0.5354237325436197;False;54
896;-0.13304347826086957;0.5354237325436197;False;54
897;-0.13304347826086957;0.5354237325436197;False;54
898;-0.13304347826086957;0.5354237325436197;False;54
899;-0.13304347826086957;0.5354237325436197;False;54
900;-0.13304347826086957;0.5354237325436197;False;55
901;-0.13304347826086957;0.5354237325436197;False;55
902;-0.13304347826086957;0.5354237325436197;False;55
903;-0.13304347826086957;0.5354237325436197;False;55
904;-0.13304347826086957;0.5354237325436197;False;55
905;-0.13304347826086957;0.5354237325436197;False;55
906;-0.13304347826086957;0.5354237325436197;False;55
907;-0.13304347826086957;0.5354237325436197;False;55
908;-0.13304347826086957;0.5354237325436197;False;55
909;-0.13304347826086957;0.5354237325436197;False;55
910;-0.13304347826086957;0.5354237325436197;False;56
911;-0.13304347826086957;0.5354237325436197;False;56
912;-0.13304347826086957;0.5354237325436197;False;56
913;-0.13304347826086957;0.5354237325436197;False;56
914;-0.13304347826086957;0.5354237325436197;False;56
915;-0.13304347826086957;0.5354237325436197;False;56
916;-0.13304347826086957;0.5354237325436197;False;56
917;-0.13304347826086957;0.5354237325436197;False;56
918;-0.13304347826086957;0.5354237325436197;False;56
919;-0.13304347826086957;0.5354237325436197;False;56
920;-0.13304347826086957;0.5354237325436197;False;57
921;-0.13304347826086957;0.5354237325436197;False;57
922;-0.13304347826086957;0.5354237325436197;False;57
923;-0.13304347826086957;0.5354237325436197;False;57
924;-0.13304347826086957;0.5354237325436197;False;57
925;-0.13304347826086957;0.5354237325436197;False;57
926;-0.13304347826086957;0.5354237325436197;False;57
927;-0.13304347826086957;0.5354237325436197;False;57
928;-0.13304347826086957;0.5354237325436197;False;57
929;-0.13304347826086957;0.5354237325436197;False;57
930;-0.13304347826086957;0.5354237325436197;False;58
931;-0.13304347826086957;0.5354237325436197;False;58
932;-0.13304347826086957;0.5354237325436197;False;58
933;-0.13304347826086957;0.5354237325436197;False;58
934;-0.13304347826086957;0.5354237325436197;False;58
935;-0.13304347826086957;0.5354237325436197;False;58
936;-0.13304347826086957;0.5354237325436197;False;58
937;-0.13304347826086957;0.5354237325436197;False;58
938;-0.13304347826086957;0.5354237325436197;False;58
939;-0.13304347826086957;0.5354237325436197;False;58
940;-0.12956521739130433;0.5462392692585831;False;59
941;-0.12956521739130433;0.5462392692585831;False;59
942;-0.12956521739130433;0.5462392692585831;False;59
943;-0.12956521739130433;0.5462392692585831;False;59
944;-0.12956521739130433;0.5462392692585831;False;59
945;-0.12956521739130433;0.5462392692585831;False;59
946;-0.12956521739130433;0.5462392692585831;False;59
947;-0.12956521739130433;0.5462392692585831;False;59
948;-0.12956521739130433;0.5462392692585831;False;59
949;-0.12956521739130433;0.5462392692585831;False;59
950;-0.12956521739130433;0.5462392692585831;False;60
951;-0.12956521739130433;0.5462392692585831;False;60
952;-0.12956521739130433;0.5462392692585831;False;60
953;-0.12956521739130433;0.5462392692585831;False;60
954;-0.12956521739130433;0.5462392692585831;False;60
955;-0.12956521739130433;0.5462392692585831;False;60
956;-0.12956521739130433;0.5462392692585831;False;60
957;-0.12956521739130433;0.5462392692585831;False;60
958;-0.12956521739130433;0.5462392692585831;False;60
959;-0.12956521739130433;0.5462392692585831;False;60
960;-0.12956521739130433;0.5462392692585831;False;61
961;-0.12782608695652173;0.5516845044816037;False;61
962;-0.12782608695652173;0.5516845044816037;False;61
963;-0.12956521739130433;0.5462392692585831;False;61
964;-0.13739130434782607;0.5220471463273304;False;61
965;-0.13565217391304346;0.5273785419058561;False;61
966;-0.13565217391304346;0.5273785419058561;False;61
967;-0.1408695652173913;0.511462281884675;False;61
968;-0.1408695652173913;0.511462281884675;False;61
969;-0.1408695652173913;0.511462281884675;False;61
970;-0.1408695652173913;0.511462281884675;False;62
971;-0.1408695652173913;0.511462281884675;False;62
972;-0.1408695652173913;0.511462281884675;False;62
973;-0.1408695652173913;0.511462281884675;False;62
974;-0.1408695652173913;0.511462281884675;False;62
975;-0.1408695652173913;0.511462281884675;False;62
976;-0.1408695652173913;0.511462281884675;False;62
977;-0.1408695652173913;0.511462281884675;False;62
978;-0.1408695652173913;0.511462281884675;False;62
979;-0.1408695652173913;0.511462281884675;False;62
980;-0.1408695652173913;0.511462281884675;False;63
981;-0.1408695652173913;0.511462281884675;False;63
982;-0.1408695652173913;0.511462281884675;False;63
983;-0.1408695652173913;0.511462281884675;False;63
984;-0.1408695652173913;0.511462281884675;False;63
985;-0.1408695652173913;0.511462281884675;False;63
986;-0.1408695652173913;0.511462281884675;False;63
987;-0.1408695652173913;0.511462281884675;False;63
988;-0.1408695652173913;0.511462281884675;False;63
989;-0.1408695652173913;0.511462281884675;False;63
990;-0.1408695652173913;0.511462281884675;False;64
991;-0.1408695652173913;0.511462281884675;False;64
992;-0.1391304347826087;0.5167416555162507;False;64
993;-0.1408695652173913;0.511462281884675;False;64
994;-0.1408695652173913;0.511462281884675;False;64
995;-0.15391304347826085;0.4727198668976153;False;64
996;-0.15391304347826085;0.4727198668976153;False;64
997;-0.1408695652173913;0.511462281884675;False;64
998;-0.1408695652173913;0.511462281884675;False;64
999;-0.1408695652173913;0.511462281884675;False;64
1000;-0.1391304347826087;0.5167416555162507;False;65
1001;-0.05391304347826086;0.8024319710844887;False;65
1002;-0.05391304347826086;0.8024319710844887;False;65
1003;-0.05391304347826086;0.8024319710844887;False;65
1004;-0.05391304347826086;0.8024319710844887;False;65
1005;-0.05391304347826086;0.8024319710844887;False;65
1006;-0.05391304347826086;0.8024319710844887;False;65
1007;-0.05391304347826086;0.8024319710844887;False;65
1008;-0.05391304347826086;0.8024319710844887;False;65
1009;-0.05391304347826086;0.8024319710844887;False;65
1010;-0.05391304347826086;0.8024319710844887;False;66
1011;-0.05391304347826086;0.8024319710844887;False;66
1012;-0.05391304347826086;0.8024319710844887;False;66
1013;-0.05391304347826086;0.8024319710844887;False;66
1014;-0.05391304347826086;0.8024319710844887;False;66
1015;-0.05391304347826086;0.8024319710844887;False;66
1016;-0.05391304347826086;0.8024319710844887;False;66
1017;-0.05391304347826086;0.8024319710844887;False;66
1018;-0.05391304347826086;0.8024319710844887;False;66
1019;-0.05391304347826086;0.8024319710844887;False;66
1020;-0.05391304347826086;0.8024319710844887;False;67
1021;-0.05391304347826086;0.8024319710844887;False;67
1022;-0.05391304347826086;0.8024319710844887;False;67
1023;-0.05391304347826086;0.8024319710844887;False;67
1024;-0.05391304347826086;0.8024319710844887;False;67
1025;-0.05391304347826086;0.8024319710844887;False;67
1026;-0.05391304347826086;0.8024319710844887;False;67
1027;-0.05391304347826086;0.8024319710844887;False;67
1028;-0.05391304347826086;0.8024319710844887;False;67
1029;-0.05391304347826086;0.8024319710844887;False;67
1030;-0.05391304347826086;0.8024319710844887;False;68
1031;-0.05391304347826086;0.8024319710844887;False;68
1032;-0.05391304347826086;0.8024319710844887;False;68
1033;-0.05391304347826086;0.8024319710844887;False;68
1034;-0.05391304347826086;0.8024319710844887;False;68
1035;-0.05391304347826086;0.8024319710844887;False;68
1036;-0.05391304347826086;0.8024319710844887;False;68
1037;-0.05391304347826086;0.8024319710844887;False;68
1038;-0.05391304347826086;0.8024319710844887;False;68
1039;-0.05391304347826086;0.8024319710844887;False;68
1040;-0.05391304347826086;0.8024319710844887;False;69
1041;-0.05391304347826086;0.8024319710844887;False;69
1042;-0.05391304347826086;0.8024319710844887;False;69
1043;-0.05391304347826086;0.8024319710844887;False;69
1044;-0.05391304347826086;0.8024319710844887;False;69
1045;-0.05391304347826086;0.8024319710844887;False;69
1046;-0.05391304347826086;0.8024319710844887;False;69
1047;-0.05391304347826086;0.8024319710844887;False;69
1048;-0.05391304347826086;0.8024319710844887;False;69
1049;-0.05391304347826086;0.8024319710844887;False;69
1050;-0.05391304347826086;0.8024319710844887;False;70
1051;-0.05391304347826086;0.8024319710844887;False;70
1052;-0.05391304347826086;0.8024319710844887;False;70
1053;-0.05391304347826086;0.8024319710844887;False;70
1054;-0.05391304347826086;0.8024319710844887;False;70
1055;-0.05391304347826086;0.8024319710844887;False;70
1056;-0.05391304347826086;0.8024319710844887;False;70
1057;-0.05391304347826086;0.8024319710844887;False;70
1058;-0.05391304347826086;0.8024319710844887;False;70
1059;-0.05391304347826086;0.8024319710844887;False;70
1060;-0.05391304347826086;0.8024319710844887;False;71
1061;-0.05391304347826086;0.8024319710844887;False;71
1062;-0.05391304347826086;0.8024319710844887;False;71
1063;-0.05391304347826086;0.8024319710844887;False;71
1064;-0.05391304347826086;0.8024319710844887;False;71
1065;-0.05391304347826086;0.8024319710844887;False;71
1066;-0.05391304347826086;0.8024319710844887;False;71
1067;-0.05391304347826086;0.8024319710844887;False;71
1068;-0.05391304347826086;0.8024319710844887;False;71
1069;-0.05391304347826086;0.8024319710844887;False;71
1070;-0.05391304347826086;0.8024319710844887;False;72
1071;-0.05391304347826086;0.8024319710844887;False;72
1072;-0.05391304347826086;0.8024319710844887;False;72
1073;-0.05391304347826086;0.8024319710844887;False;72
1074;-0.05391304347826086;0.8024319710844887;False;72
1075;-0.05391304347826086;0.8024319710844887;False;72
1076;-0.05391304347826086;0.8024319710844887;False;72
1077;-0.05391304347826086;0.8024319710844887;False;72
1078;-0.05391304347826086;0.8024319710844887;False;72
1079;-0.05391304347826086;0.8024319710844887;False;72
1080;-0.05391304347826086;0.8024319710844887;False;73
1081;-0.05391304347826086;0.8024319710844887;False;73
1082;-0.05391304347826086;0.8024319710844887;False;73
1083;-0.05391304347826086;0.8024319710844887;False;73
1084;-0.05391304347826086;0.8024319710844887;False;73
1085;-0.05391304347826086;0.8024319710844887;False;73
1086;-0.05391304347826086;0.8024319710844887;False;73
1087;-0.05391304347826086;0.8024319710844887;False;73
1088;-0.05391304347826086;0.8024319710844887;False;73
1089;-0.05391304347826086;0.8024319710844887;False;73
1090;-0.05391304347826086;0.8024319710844887;False;74
1091;-0.05391304347826086;0.8024319710844887;False;74
1092;-0.049565217391304345;0.8180937896030709;False;74
1093;-0.049565217391304345;0.8180937896030709;False;74
1094;-0.049565217391304345;0.8180937896030709;False;74
1095;-0.049565217391304345;0.8180937896030709;False;74
1096;-0.049565217391304345;0.8180937896030709;False;74
1097;-0.049565217391304345;0.8180937896030709;False;74
1098;-0.049565217391304345;0.8180937896030709;False;74
1099;-0.049565217391304345;0.8180937896030709;False;74
1100;-0.049565217391304345;0.8180937896030709;False;75
1101;-0.049565217391304345;0.8180937896030709;False;75
1102;-0.049565217391304345;0.8180937896030709;False;75
1103;-0.049565217391304345;0.8180937896030709;False;75
1104;-0.049565217391304345;0.8180937896030709;False;75
1105;-0.049565217391304345;0.8180937896030709;False;75
1106;-0.049565217391304345;0.8180937896030709;False;75
1107;-0.049565217391304345;0.8180937896030709;False;75
1108;-0.049565217391304345;0.8180937896030709;False;75
1109;-0.049565217391304345;0.8180937896030709;False;75
1110;-0.049565217391304345;0.8180937896030709;False;76
1111;-0.049565217391304345;0.8180937896030709;False;76
1112;-0.049565217391304345;0.8180937896030709;False;76
1113;-0.049565217391304345;0.8180937896030709;False;76
1114;-0.049565217391304345;0.8180937896030709;False;76
1115;-0.049565217391304345;0.8180937896030709;False;76
1116;-0.049565217391304345;0.8180937896030709;False;76
1117;-0.049565217391304345;0.8180937896030709;False;76
1118;-0.05652173913043478;0.7930697839291405;False;76
1119;-0.05652173913043478;0.7930697839291405;False;76
1120;-0.0608695652173913;0.7775281884531549;False;77
1121;-0.054782608695652164;0.799308243488264;False;77
1122;-0.0608695652173913;0.7775281884531549;False;77
1123;-0.0608695652173913;0.7775281884531549;False;77
1124;-0.0608695652173913;0.7775281884531549;False;77
1125;-0.0608695652173913;0.7775281884531549;False;77
1126;-0.0608695652173913;0.7775281884531549;False;77
1127;-0.0608695652173913;0.7775281884531549;False;77
1128;-0.0608695652173913;0.7775281884531549;False;77
1129;-0.07304347826086956;0.7344671341768291;False;77
1130;-0.07304347826086956;0.7344671341768291;False;78
1131;-0.07130434782608694;0.7405746871767944;False;78
1132;-0.07130434782608694;0.7405746871767944;False;78
1133;-0.07130434782608694;0.7405746871767944;False;78
1134;-0.07130434782608694;0.7405746871767944;False;78
1135;-0.07130434782608694;0.7405746871767944;False;78
1136;-0.07130434782608694;0.7405746871767944;False;78
1137;-0.07130434782608694;0.7405746871767944;False;78
1138;-0.07217391304347825;0.7375189840952583;False;78
1139;-0.07217391304347825;0.7375189840952583;False;78
1140;-0.06869565217391303;0.7497644933945952;False;79
1141;-0.06869565217391303;0.7497644933945952;False;79
1142;-0.06869565217391303;0.7497644933945952;False;79
1143;-0.06869565217391303;0.7497644933945952;False;79
1144;-0.06869565217391303;0.7497644933945952;False;79
1145;-0.06869565217391303;0.7497644933945952;False;79
1146;-0.06869565217391303;0.7497644933945952;False;79
1147;-0.06869565217391303;0.7497644933945952;False;79
1148;-0.06869565217391303;0.7497644933945952;False;79
1149;-0.07478260869565216;0.7283751615575543;False;79
1150;-0.07478260869565216;0.7283751615575543;False;80
1151;-0.06434782608695652;0.7651539392008921;False;80
1152;-0.06434782608695652;0.7651539392008921;False;80
1153;-0.06782608695652173;0.75283518636882;False;80
1154;-0.07565217391304348;0.725335122330957;False;80
1155;-0.07565217391304348;0.725335122330957;False;80
1156;-0.09391304347826085;0.6624853858393348;False;80
1157;-0.09391304347826085;0.6624853858393348;False;80
1158;-0.09391304347826085;0.6624853858393348;False;80
1159;-0.09391304347826085;0.6624853858393348;False;80
1160;-0.09391304347826085;0.6624853858393348;False;81
1161;-0.09391304347826085;0.6624853858393348;False;81
1162;-0.09391304347826085;0.6624853858393348;False;81
1163;-0.09391304347826085;0.6624853858393348;False;81
1164;-0.09391304347826085;0.6624853858393348;False;81
1165;-0.09391304347826085;0.6624853858393348;False;81
1166;-0.10869565217391304;0.6131561977406333;False;81
1167;-0.10869565217391304;0.6131561977406333;False;81
1168;-0.10869565217391304;0.6131561977406333;False;81
1169;-0.10869565217391304;0.6131561977406333;False;81
1170;-0.10869565217391304;0.6131561977406333;False;82
1171;-0.10869565217391304;0.6131561977406333;False;82
1172;-0.10869565217391304;0.6131561977406333;False;82
1173;-0.10869565217391304;0.6131561977406333;False;82
1174;-0.10869565217391304;0.6131561977406333;False;82
1175;-0.10869565217391304;0.6131561977406333;False;82
1176;-0.10869565217391304;0.6131561977406333;False;82
1177;-0.10869565217391304;0.6131561977406333;False;82
1178;-0.10869565217391304;0.6131561977406333;False;82
1179;-0.10869565217391304;0.6131561977406333;False;82
1180;-0.10521739130434782;0.6246273816458916;False;83
1181;-0.10521739130434782;0.6246273816458916;False;83
1182;-0.10521739130434782;0.6246273816458916;False;83
1183;-0.10521739130434782;0.6246273816458916;False;83
1184;-0.10521739130434782;0.6246273816458916;False;83
1185;-0.10521739130434782;0.6246273816458916;False;83
1186;-0.10521739130434782;0.6246273816458916;False;83
1187;-0.10869565217391304;0.6131561977406333;False;83
1188;-0.10869565217391304;0.6131561977406333;False;83
1189;-0.10521739130434782;0.6246273816458916;False;83
1190;-0.10521739130434782;0.6246273816458916;False;84
1191;-0.10521739130434782;0.6246273816458916;False;84
1192;-0.10521739130434782;0.6246273816458916;False;84
1193;-0.10521739130434782;0.6246273816458916;False;84
1194;-0.10521739130434782;0.6246273816458916;False;84
1195;-0.10521739130434782;0.6246273816458916;False;84
1196;-0.10521739130434782;0.6246273816458916;False;84
1197;-0.10521739130434782;0.6246273816458916;False;84
1198;-0.10521739130434782;0.6246273816458916;False;84
1199;-0.10521739130434782;0.6246273816458916;False;84
1200;-0.10521739130434782;0.6246273816458916;False;85
1201;-0.10521739130434782;0.6246273816458916;False;85
1202;-0.10521739130434782;0.6246273816458916;False;85
1203;-0.10521739130434782;0.6246273816458916;False;85
1204;-0.10521739130434782;0.6246273816458916;False;85
1205;-0.10521739130434782;0.6246273816458916;False;85
1206;-0.10521739130434782;0.6246273816458916;False;85
1207;-0.10521739130434782;0.6246273816458916;False;85
1208;-0.10521739130434782;0.6246273816458916;False;85
1209;-0.10521739130434782;0.6246273816458916;False;85
1210;-0.10521739130434782;0.6246273816458916;False;86
1211;-0.10521739130434782;0.6246273816458916;False;86
1212;-0.10521739130434782;0.6246273816458916;False;86
1213;-0.10521739130434782;0.6246273816458916;False;86
1214;-0.10521739130434782;0.6246273816458916;False;86
1215;-0.10521739130434782;0.6246273816458916;False;86
1216;-0.10521739130434782;0.6246273816458916;False;86
1217;-0.10521739130434782;0.6246273816458916;False;86
1218;-0.10521739130434782;0.6246273816458916;False;86
1219;-0.10521739130434782;0.6246273816458916;False;86
1220;-0.10521739130434782;0.6246273816458916;False;87
1221;-0.10521739130434782;0.6246273816458916;False;87
1222;-0.10521739130434782;0.6246273816458916;False;87
1223;-0.10521739130434782;0.6246273816458916;False;87
1224;-0.10521739130434782;0.6246273816458916;False;87
1225;-0.10521739130434782;0.6246273816458916;False;87
1226;-0.10521739130434782;0.6246273816458916;False;87
1227;-0.10521739130434782;0.6246273816458916;False;87
1228;-0.10521739130434782;0.6246273816458916;False;87
1229;-0.10521739130434782;0.6246273816458916;False;87
1230;-0.10521739130434782;0.6246273816458916;False;88
1231;-0.10521739130434782;0.6246273816458916;False;88
1232;-0.10521739130434782;0.6246273816458916;False;88
1233;-0.10521739130434782;0.6246273816458916;False;88
1234;-0.10521739130434782;0.6246273816458916;False;88
1235;-0.10521739130434782;0.6246273816458916;False;88
1236;-0.10521739130434782;0.6246273816458916;False;88
1237;-0.10521739130434782;0.6246273816458916;False;88
1238;-0.10521739130434782;0.6246273816458916;False;88
1239;-0.10521739130434782;0.6246273816458916;False;88
1240;-0.10521739130434782;0.6246273816458916;False;89
1241;-0.10521739130434782;0.6246273816458916;False;89
1242;-0.10521739130434782;0.6246273816458916;False;89
1243;-0.10521739130434782;0.6246273816458916;False;89
1244;-0.10521739130434782;0.6246273816458916;False;89
1245;-0.10521739130434782;0.6246273816458916;False;89
1246;-0.10521739130434782;0.6246273816458916;False;89
1247;-0.10521739130434782;0.6246273816458916;False;89
1248;-0.10521739130434782;0.6246273816458916;False;89
1249;-0.10521739130434782;0.6246273816458916;False;89
1250;-0.10521739130434782;0.6246273816458916;False;90
1251;-0.10521739130434782;0.6246273816458916;False;90
1252;-0.10521739130434782;0.6246273816458916;False;90
1253;-0.10521739130434782;0.6246273816458916;False;90
1254;-0.10521739130434782;0.6246273816458916;False;90
1255;-0.10521739130434782;0.6246273816458916;False;90
1256;-0.10521739130434782;0.6246273816458916;False;90
1257;-0.10521739130434782;0.6246273816458916;False;90
1258;-0.10521739130434782;0.6246273816458916;False;90
1259;-0.10521739130434782;0.6246273816458916;False;90
1260;-0.10521739130434782;0.6246273816458916;False;91
1261;-0.10521739130434782;0.6246273816458916;False;91
1262;-0.10521739130434782;0.6246273816458916;False;91
1263;-0.10521739130434782;0.6246273816458916;False;91
1264;-0.10521739130434782;0.6246273816458916;False;91
1265;-0.10521739130434782;0.6246273816458916;False;91
1266;-0.10521739130434782;0.6246273816458916;False;91
1267;-0.10521739130434782;0.6246273816458916;False;91
1268;-0.10521739130434782;0.6246273816458916;False;91
1269;-0.10521739130434782;0.6246273816458916;False;91
1270;-0.10521739130434782;0.6246273816458916;False;92
1271;-0.10521739130434782;0.6246273816458916;False;92
1272;-0.10521739130434782;0.6246273816458916;False;92
1273;-0.10521739130434782;0.6246273816458916;False;92
1274;-0.10521739130434782;0.6246273816458916;False;92
1275;-0.10521739130434782;0.6246273816458916;False;92
1276;-0.10521739130434782;0.6246273816458916;False;92
1277;-0.10521739130434782;0.6246273816458916;False;92
1278;-0.10521739130434782;0.6246273816458916;False;92
1279;-0.10521739130434782;0.6246273816458916;False;92
1280;-0.10521739130434782;0.6246273816458916;False;93
1281;-0.10521739130434782;0.6246273816458916;False;93
1282;-0.08695652173913042;0.6861953252985288;False;93
1283;-0.08695652173913042;0.6861953252985288;False;93
1284;-0.08695652173913042;0.6861953252985288;False;93
1285;-0.08695652173913042;0.6861953252985288;False;93
1286;-0.08695652173913042;0.6861953252985288;False;93
1287;-0.08695652173913042;0.6861953252985288;False;93
1288;-0.08695652173913042;0.6861953252985288;False;93
1289;-0.08695652173913042;0.6861953252985288;False;93
1290;-0.08695652173913042;0.6861953252985288;False;94
1291;-0.08695652173913042;0.6861953252985288;False;94
1292;-0.08695652173913042;0.6861953252985288;False;94
1293;-0.08695652173913042;0.6861953252985288;False;94
1294;-0.08695652173913042;0.6861953252985288;False;94
1295;-0.09304347826086956;0.6654325452454303;False;94
1296;-0.09304347826086956;0.6654325452454303;False;94
1297;-0.09304347826086956;0.6654325452454303;False;94
1298;-0.09304347826086956;0.6654325452454303;False;94
1299;-0.09304347826086956;0.6654325452454303;False;94
1300;-0.09304347826086956;0.6654325452454303;False;95
1301;-0.09304347826086956;0.6654325452454303;False;95
1302;-0.09304347826086956;0.6654325452454303;False;95
1303;-0.09304347826086956;0.6654325452454303;False;95
1304;-0.07826086956521738;0.7162392905010878;False;95
1305;-0.0634782608695652;0.7682424072237529;False;95
1306;-0.0634782608695652;0.7682424072237529;False;95
1307;-0.0634782608695652;0.7682424072237529;False;95
1308;-0.0634782608695652;0.7682424072237529;False;95
1309;-0.06;0.7806300955564119;False;95
1310;-0.0634782608695652;0.7682424072237529;False;96
1311;-0.0634782608695652;0.7682424072237529;False;96
1312;-0.0634782608695652;0.7682424072237529;False;96
1313;-0.0634782608695652;0.7682424072237529;False;96
1314;-0.0634782608695652;0.7682424072237529;False;96
1315;-0.0634782608695652;0.7682424072237529;False;96
1316;-0.06782608695652173;0.75283518636882;False;96
1317;-0.06782608695652173;0.75283518636882;False;96
1318;-0.08608695652173912;0.6891799258775776;False;96
1319;-0.08608695652173912;0.6891799258775776;False;96
1320;-0.08608695652173912;0.6891799258775776;False;97
1321;-0.08086956521739129;0.7071807504682381;False;97
1322;-0.07304347826086956;0.7344671341768291;False;97
1323;-0.07304347826086956;0.7344671341768291;False;97
1324;-0.07304347826086956;0.7344671341768291;False;97
1325;-0.07739130434782608;0.7192671455433247;False;97
1326;-0.07739130434782608;0.7192671455433247;False;97
1327;-0.07739130434782608;0.7192671455433247;False;97
1328;-0.07739130434782608;0.7192671455433247;False;97
1329;-0.09217391304347824;0.6683845191595216;False;97
1330;-0.10173913043478258;0.6361837822056855;False;98
1331;-0.10173913043478258;0.6361837822056855;False;98
1332;-0.10173913043478258;0.6361837822056855;False;98
1333;-0.10173913043478258;0.6361837822056855;False;98
1334;-0.12869565217391304;0.5489587886992761;False;98
1335;-0.10956521739130433;0.610301978528463;False;98
1336;-0.10956521739130433;0.610301978528463;False;98
1337;-0.11304347826086956;0.5989404349055967;False;98
1338;-0.11304347826086956;0.5989404349055967;False;98
1339;-0.11304347826086956;0.5989404349055967;False;98
1340;-0.11304347826086956;0.5989404349055967;False;99
1341;-0.11304347826086956;0.5989404349055967;False;99
1342;-0.11304347826086956;0.5989404349055967;False;99
1343;-0.11304347826086956;0.5989404349055967;False;99
1344;-0.11304347826086956;0.5989404349055967;False;99
1345;-0.11304347826086956;0.5989404349055967;False;99
1346;-0.11304347826086956;0.5989404349055967;False;99
1347;-0.10956521739130433;0.610301978528463;False;99
1348;-0.10956521739130433;0.610301978528463;False;99
1349;-0.11130434782608695;0.6046100724044845;False;99
1350;-0.11130434782608695;0.6046100724044845;False;100
1351;-0.11130434782608695;0.6046100724044845;False;100
1352;-0.11130434782608695;0.6046100724044845;False;100
1353;-0.11130434782608695;0.6046100724044845;False;100
1354;-0.11130434782608695;0.6046100724044845;False;100
1355;-0.11130434782608695;0.6046100724044845;False;100
1356;-0.1034782608695652;0.6303950708493538;False;100
1357;-0.1034782608695652;0.6303950708493538;False;100
1358;-0.1034782608695652;0.6303950708493538;False;100
1359;-0.1034782608695652;0.6303950708493538;False;100
1360;-0.1034782608695652;0.6303950708493538;False;101
1361;-0.09826086956521737;0.6478231237133649;False;101
1362;-0.09826086956521737;0.6478231237133649;False;101
1363;-0.09826086956521737;0.6478231237133649;False;101
1364;-0.09826086956521737;0.6478231237133649;False;101
1365;-0.09826086956521737;0.6478231237133649;False;101
1366;-0.10173913043478258;0.6361837822056855;False;101
1367;-0.10956521739130433;0.610301978528463;False;101
1368;-0.1252173913043478;0.559898535790483;False;101
1369;-0.1252173913043478;0.559898535790483;False;101
1370;-0.10956521739130433;0.610301978528463;False;102
1371;-0.10956521739130433;0.610301978528463;False;102
1372;-0.10956521739130433;0.610301978528463;False;102
1373;-0.11391304347826085;0.5961140506694134;False;102
1374;-0.11043478260869564;0.6074532587517109;False;102
1375;-0.1391304347826087;0.5167416555162507;False;102
1376;-0.12347826086956522;0.5654049951421966;False;102
1377;-0.13652173913043478;0.5247096194478429;False;102
1378;-0.13652173913043478;0.5247096194478429;False;102
1379;-0.1208695652173913;0.5737097351958669;False;102
1380;-0.1208695652173913;0.5737097351958669;False;103
1381;-0.13478260869565215;0.530053886545385;False;103
1382;-0.1469565217391304;0.49319312211066607;False;103
1383;-0.1391304347826087;0.5167416555162507;False;103
1384;-0.13130434782608694;0.540818935399353;False;103
1385;-0.10521739130434782;0.6246273816458916;False;103
1386;-0.09304347826086956;0.6654325452454303;False;103
1387;-0.09999999999999999;0.6419932296067887;False;103
1388;-0.09565217391304347;0.6566056616723347;False;103
1389;-0.09478260869565217;0.6595430787691372;False;103
1390;-0.10956521739130433;0.610301978528463;False;104
1391;-0.10956521739130433;0.610301978528463;False;104
1392;-0.11043478260869564;0.6074532587517109;False;104
1393;-0.11043478260869564;0.6074532587517109;False;104
1394;-0.11391304347826085;0.5961140506694134;False;104
1395;-0.09565217391304347;0.6566056616723347;False;104
1396;-0.12347826086956522;0.5654049951421966;False;104
1397;-0.11739130434782606;0.5848655143600633;False;104
1398;-0.1243478260869565;0.5626487416883165;False;104
1399;-0.1243478260869565;0.5626487416883165;False;104
1400;-0.1217391304347826;0.5709355226889167;False;105
1401;-0.1060869565217391;0.6217515088671185;False;105
1402;-0.1060869565217391;0.6217515088671185;False;105
1403;-0.11652173913043477;0.5876690329511151;False;105
1404;-0.11478260869565216;0.5932933336915412;False;105
1405;-0.11478260869565216;0.5932933336915412;False;105
1406;-0.1217391304347826;0.5709355226889167;False;105
1407;-0.1217391304347826;0.5709355226889167;False;105
1408;-0.12347826086956522;0.5654049951421966;False;105
1409;-0.1269565217391304;0.5544163873133455;False;105
1410;-0.1269565217391304;0.5544163873133455;False;106
1411;-0.12869565217391304;0.5489587886992761;False;106
1412;-0.11391304347826085;0.5961140506694134;False;106
1413;-0.11478260869565216;0.5932933336915412;False;106
1414;-0.12956521739130433;0.5462392692585831;False;106
1415;-0.12956521739130433;0.5462392692585831;False;106
1416;-0.13826086956521738;0.5193911494591461;False;106
1417;-0.13826086956521738;0.5193911494591461;False;106
1418;-0.13826086956521738;0.5193911494591461;False;106
1419;-0.13826086956521738;0.5193911494591461;False;106
1420;-0.13826086956521738;0.5193911494591461;False;107
1421;-0.13826086956521738;0.5193911494591461;False;107
1422;-0.13826086956521738;0.5193911494591461;False;107
1423;-0.13826086956521738;0.5193911494591461;False;107
1424;-0.13826086956521738;0.5193911494591461;False;107
1425;-0.1408695652173913;0.511462281884675;False;107
1426;-0.1678260869565217;0.4331165526494356;False;107
1427;-0.1678260869565217;0.4331165526494356;False;107
1428;-0.18521739130434778;0.3862326819021753;False;107
1429;-0.19999999999999998;0.34875573272354565;False;107
1430;-0.19999999999999998;0.34875573272354565;False;108
1431;-0.19999999999999998;0.34875573272354565;False;108
1432;-0.19999999999999998;0.34875573272354565;False;108
1433;-0.19826086956521738;0.35304943524240406;False;108
1434;-0.19565217391304346;0.3595479632342293;False;108
1435;-0.19565217391304346;0.3595479632342293;False;108
1436;-0.19565217391304346;0.3595479632342293;False;108
1437;-0.19826086956521738;0.35304943524240406;False;108
1438;-0.19826086956521738;0.35304943524240406;False;108
1439;-0.19826086956521738;0.35304943524240406;False;108
1440;-0.19826086956521738;0.35304943524240406;False;109
1441;-0.2069565217391304;0.33189156768314726;False;109
1442;-0.20956521739130432;0.32569617157142167;False;109
1443;-0.20956521739130432;0.32569617157142167;False;109
1444;-0.20956521739130432;0.32569617157142167;False;109
1445;-0.20956521739130432;0.32569617157142167;False;109
1446;-0.21826086956521737;0.3055543915844942;False;109
1447;-0.21826086956521737;0.3055543915844942;False;109
1448;-0.21826086956521737;0.3055543915844942;False;109
1449;-0.21826086956521737;0.3055543915844942;False;109
1450;-0.21826086956521737;0.3055543915844942;False;110
1451;-0.21826086956521737;0.3055543915844942;False;110
1452;-0.21826086956521737;0.3055543915844942;False;110
1453;-0.21826086956521737;0.3055543915844942;False;110
1454;-0.21826086956521737;0.3055543915844942;False;110
1455;-0.21826086956521737;0.3055543915844942;False;110
1456;-0.21826086956521737;0.3055543915844942;False;110
1457;-0.21826086956521737;0.3055543915844942;False;110
1458;-0.21826086956521737;0.3055543915844942;False;110
1459;-0.21826086956521737;0.3055543915844942;False;110
1460;-0.21826086956521737;0.3055543915844942;False;111
1461;-0.21826086956521737;0.3055543915844942;False;111
1462;-0.23391304347826083;0.27128359982868233;False;111
1463;-0.23565217391304347;0.2676335104066907;False;111
1464;-0.23565217391304347;0.2676335104066907;False;111
1465;-0.23565217391304347;0.2676335104066907;False;111
1466;-0.23565217391304347;0.2676335104066907;False;111
1467;-0.23565217391304347;0.2676335104066907;False;111
1468;-0.23565217391304347;0.2676335104066907;False;111
1469;-0.23565217391304347;0.2676335104066907;False;111
1470;-0.25217391304347825;0.23452757092161952;False;112
1471;-0.25217391304347825;0.23452757092161952;False;112
1472;-0.2495652173913043;0.23956648054567867;False;112
1473;-0.2495652173913043;0.23956648054567867;False;112
1474;-0.2495652173913043;0.23956648054567867;False;112
1475;-0.2495652173913043;0.23956648054567867;False;112
1476;-0.2495652173913043;0.23956648054567867;False;112
1477;-0.2678260869565217;0.20576390509564654;False;112
1478;-0.27478260869565213;0.19378063586855726;False;112
1479;-0.28086956521739126;0.18369366089868788;False;112
1480;-0.28086956521739126;0.18369366089868788;False;113
1481;-0.28086956521739126;0.18369366089868788;False;113
1482;-0.28086956521739126;0.18369366089868788;False;113
1483;-0.24695652173913044;0.24467584594576178;False;113
1484;-0.23739130434782607;0.2640149612138324;False;113
1485;-0.23739130434782607;0.2640149612138324;False;113
1486;-0.23739130434782607;0.2640149612138324;False;113
1487;-0.23565217391304347;0.2676335104066907;False;113
1488;-0.23478260869565212;0.2694546117695452;False;113
1489;-0.23739130434782607;0.2640149612138324;False;113
1490;-0.23739130434782607;0.2640149612138324;False;114
1491;-0.23739130434782607;0.2640149612138324;False;114
1492;-0.23739130434782607;0.2640149612138324;False;114
1493;-0.23739130434782607;0.2640149612138324;False;114
1494;-0.23826086956521736;0.26221750952163625;False;114
1495;-0.23652173913043475;0.265820294159618;False;114
1496;-0.23652173913043475;0.265820294159618;False;114
1497;-0.23652173913043475;0.265820294159618;False;114
1498;-0.23652173913043475;0.265820294159618;False;114
1499;-0.2495652173913043;0.23956648054567867;False;114
1500;-0.24260869565217388;0.25334838197246123;False;115
1501;-0.23652173913043475;0.265820294159618;False;115
1502;-0.24434782608695652;0.24985580217173992;False;115
1503;-0.2626086956521739;0.21507317009837784;False;115
1504;-0.2626086956521739;0.21507317009837784;False;115
1505;-0.2626086956521739;0.21507317009837784;False;115
1506;-0.2626086956521739;0.21507317009837784;False;115
1507;-0.2626086956521739;0.21507317009837784;False;115
1508;-0.2626086956521739;0.21507317009837784;False;115
1509;-0.2626086956521739;0.21507317009837784;False;115
1510;-0.2626086956521739;0.21507317009837784;False;116
1511;-0.2626086956521739;0.21507317009837784;False;116
1512;-0.27043478260869563;0.20121293703333992;False;116
1513;-0.27043478260869563;0.20121293703333992;False;116
1514;-0.27043478260869563;0.20121293703333992;False;116
1515;-0.27304347826086955;0.19673072289025417;False;116
1516;-0.2721739130434782;0.198217172315479;False;116
1517;-0.2721739130434782;0.198217172315479;False;116
1518;-0.2721739130434782;0.198217172315479;False;116
1519;-0.2721739130434782;0.198217172315479;False;116
1520;-0.2721739130434782;0.198217172315479;False;117
1521;-0.27652173913043476;0.19086089033898032;False;117
1522;-0.27652173913043476;0.19086089033898032;False;117
1523;-0.27304347826086955;0.19673072289025417;False;117
1524;-0.27304347826086955;0.19673072289025417;False;117
1525;-0.27304347826086955;0.19673072289025417;False;117
1526;-0.27304347826086955;0.19673072289025417;False;117
1527;-0.27999999999999997;0.18511205365132619;False;117
1528;-0.27999999999999997;0.18511205365132619;False;117
1529;-0.27999999999999997;0.18511205365132619;False;117
1530;-0.2669565217391304;0.20729622036281858;False;118
1531;-0.27652173913043476;0.19086089033898032;False;118
1532;-0.27652173913043476;0.19086089033898032;False;118
1533;-0.2773913043478261;0.1894123670698223;False;118
1534;-0.2773913043478261;0.1894123670698223;False;118
1535;-0.2773913043478261;0.1894123670698223;False;118
1536;-0.2713043478260869;0.1997112401580552;False;118
1537;-0.2713043478260869;0.1997112401580552;False;118
1538;-0.27478260869565213;0.19378063586855726;False;118
1539;-0.27478260869565213;0.19378063586855726;False;118
1540;-0.2678260869565217;0.20576390509564654;False;119
1541;-0.2678260869565217;0.20576390509564654;False;119
1542;-0.2678260869565217;0.20576390509564654;False;119
1543;-0.27043478260869563;0.20121293703333992;False;119
1544;-0.27043478260869563;0.20121293703333992;False;119
1545;-0.27043478260869563;0.20121293703333992;False;119
1546;-0.27043478260869563;0.20121293703333992;False;119
1547;-0.25304347826086954;0.23286356530495433;False;119
1548;-0.2417391304347826;0.25510646621773336;False;119
1549;-0.2417391304347826;0.25510646621773336;False;119
1550;-0.23391304347826083;0.27128359982868233;False;120
1551;-0.23391304347826083;0.27128359982868233;False;120
1552;-0.2434782608695652;0.25159816184284295;False;120
1553;-0.23478260869565212;0.2694546117695452;False;120
1554;-0.23478260869565212;0.2694546117695452;False;120
1555;-0.23478260869565212;0.2694546117695452;False;120
1556;-0.23478260869565212;0.2694546117695452;False;120
1557;-0.23478260869565212;0.2694546117695452;False;120
1558;-0.23478260869565212;0.2694546117695452;False;120
1559;-0.24260869565217388;0.25334838197246123;False;120
1560;-0.24260869565217388;0.25334838197246123;False;121
1561;-0.24260869565217388;0.25334838197246123;False;121
1562;-0.23478260869565212;0.2694546117695452;False;121
1563;-0.24608695652173912;0.24639464844484835;False;121
1564;-0.2643478260869565;0.2119392787870507;False;121
1565;-0.2643478260869565;0.2119392787870507;False;121
1566;-0.2643478260869565;0.2119392787870507;False;121
1567;-0.2643478260869565;0.2119392787870507;False;121
1568;-0.2643478260869565;0.2119392787870507;False;121
1569;-0.2643478260869565;0.2119392787870507;False;121
1570;-0.2643478260869565;0.2119392787870507;False;122
1571;-0.2643478260869565;0.2119392787870507;False;122
1572;-0.2643478260869565;0.2119392787870507;False;122
1573;-0.2643478260869565;0.2119392787870507;False;122
1574;-0.268695652173913;0.2042392593734892;False;122
1575;-0.268695652173913;0.2042392593734892;False;122
1576;-0.268695652173913;0.2042392593734892;False;122
1577;-0.2721739130434782;0.198217172315479;False;122
1578;-0.2652173913043478;0.21038389787314837;False;122
1579;-0.2652173913043478;0.21038389787314837;False;122
1580;-0.2652173913043478;0.21038389787314837;False;123
1581;-0.2652173913043478;0.21038389787314837;False;123
1582;-0.2652173913043478;0.21038389787314837;False;123
1583;-0.2652173913043478;0.21038389787314837;False;123
1584;-0.2652173913043478;0.21038389787314837;False;123
1585;-0.2652173913043478;0.21038389787314837;False;123
1586;-0.2652173913043478;0.21038389787314837;False;123
1587;-0.2652173913043478;0.21038389787314837;False;123
1588;-0.2652173913043478;0.21038389787314837;False;123
1589;-0.2652173913043478;0.21038389787314837;False;123
1590;-0.2652173913043478;0.21038389787314837;False;124
1591;-0.2652173913043478;0.21038389787314837;False;124
1592;-0.2652173913043478;0.21038389787314837;False;124
1593;-0.2652173913043478;0.21038389787314837;False;124
1594;-0.2652173913043478;0.21038389787314837;False;124
1595;-0.248695652173913;0.24126176688795448;False;124
1596;-0.2452173913043478;0.24812129907550173;False;124
1597;-0.2452173913043478;0.24812129907550173;False;124
1598;-0.2452173913043478;0.24812129907550173;False;124
1599;-0.2452173913043478;0.24812129907550173;False;124
1600;-0.2452173913043478;0.24812129907550173;False;125
1601;-0.2452173913043478;0.24812129907550173;False;125
1602;-0.2452173913043478;0.24812129907550173;False;125
1603;-0.2452173913043478;0.24812129907550173;False;125
1604;-0.2452173913043478;0.24812129907550173;False;125
1605;-0.2452173913043478;0.24812129907550173;False;125
1606;-0.23565217391304347;0.2676335104066907;False;125
1607;-0.23565217391304347;0.2676335104066907;False;125
1608;-0.23565217391304347;0.2676335104066907;False;125
1609;-0.23565217391304347;0.2676335104066907;False;125
1610;-0.23565217391304347;0.2676335104066907;False;126
1611;-0.23565217391304347;0.2676335104066907;False;126
1612;-0.23913043478260865;0.2604279368029269;False;126
1613;-0.23913043478260865;0.2604279368029269;False;126
1614;-0.23913043478260865;0.2604279368029269;False;126
1615;-0.23913043478260865;0.2604279368029269;False;126
1616;-0.23913043478260865;0.2604279368029269;False;126
1617;-0.23913043478260865;0.2604279368029269;False;126
1618;-0.23913043478260865;0.2604279368029269;False;126
1619;-0.23913043478260865;0.2604279368029269;False;126
1620;-0.23913043478260865;0.2604279368029269;False;127
1621;-0.23913043478260865;0.2604279368029269;False;127
1622;-0.23913043478260865;0.2604279368029269;False;127
1623;-0.23913043478260865;0.2604279368029269;False;127
1624;-0.23913043478260865;0.2604279368029269;False;127
1625;-0.23913043478260865;0.2604279368029269;False;127
1626;-0.2252173913043478;0.2900074275938714;False;127
1627;-0.2295652173913043;0.28054687940936796;False;127
1628;-0.2295652173913043;0.28054687940936796;False;127
1629;-0.2252173913043478;0.2900074275938714;False;127
1630;-0.2252173913043478;0.2900074275938714;False;128
1631;-0.2295652173913043;0.28054687940936796;False;128
1632;-0.20869565217391303;0.32775348376704777;False;128
1633;-0.2252173913043478;0.2900074275938714;False;128
1634;-0.21739130434782608;0.30753321054890714;False;128
1635;-0.21739130434782608;0.30753321054890714;False;128
1636;-0.2217391304347826;0.2977178574717595;False;128
1637;-0.22869565217391302;0.28242320763631645;False;128
1638;-0.2026086956521739;0.34237332678092114;False;128
1639;-0.19565217391304346;0.3595479632342293;False;128
1640;-0.19565217391304346;0.3595479632342293;False;129
1641;-0.19652173913043475;0.35737406951590367;False;129
1642;-0.19652173913043475;0.35737406951590367;False;129
1643;-0.19652173913043475;0.35737406951590367;False;129
1644;-0.19652173913043475;0.35737406951590367;False;129
1645;-0.19652173913043475;0.35737406951590367;False;129
1646;-0.19652173913043475;0.35737406951590367;False;129
1647;-0.19652173913043475;0.35737406951590367;False;129
1648;-0.19652173913043475;0.35737406951590367;False;129
1649;-0.19652173913043475;0.35737406951590367;False;129
1650;-0.19652173913043475;0.35737406951590367;False;130
1651;-0.19652173913043475;0.35737406951590367;False;130
1652;-0.19652173913043475;0.35737406951590367;False;130
1653;-0.19652173913043475;0.35737406951590367;False;130
1654;-0.19652173913043475;0.35737406951590367;False;130
1655;-0.19652173913043475;0.35737406951590367;False;130
1656;-0.19652173913043475;0.35737406951590367;False;130
1657;-0.19652173913043475;0.35737406951590367;False;130
1658;-0.19652173913043475;0.35737406951590367;False;130
1659;-0.19652173913043475;0.35737406951590367;False;130
1660;-0.19652173913043475;0.35737406951590367;False;131
1661;-0.19652173913043475;0.35737406951590367;False;131
1662;-0.19652173913043475;0.35737406951590367;False;131
1663;-0.19652173913043475;0.35737406951590367;False;131
1664;-0.19652173913043475;0.35737406951590367;False;131
1665;-0.19652173913043475;0.35737406951590367;False;131
1666;-0.19652173913043475;0.35737406951590367;False;131
1667;-0.19652173913043475;0.35737406951590367;False;131
1668;-0.19652173913043475;0.35737406951590367;False;131
1669;-0.19652173913043475;0.35737406951590367;False;131
1670;-0.19304347826086957;0.36611583497113986;False;132
1671;-0.19304347826086957;0.36611583497113986;False;132
1672;-0.19304347826086957;0.36611583497113986;False;132
1673;-0.19304347826086957;0.36611583497113986;False;132
1674;-0.19304347826086957;0.36611583497113986;False;132
1675;-0.19304347826086957;0.36611583497113986;False;132
1676;-0.19304347826086957;0.36611583497113986;False;132
1677;-0.19304347826086957;0.36611583497113986;False;132
1678;-0.19304347826086957;0.36611583497113986;False;132
1679;-0.19304347826086957;0.36611583497113986;False;132
1680;-0.19304347826086957;0.36611583497113986;False;133
1681;-0.19304347826086957;0.36611583497113986;False;133
1682;-0.18869565217391301;0.3772156351847256;False;133
1683;-0.19217391304347822;0.3683204887556275;False;133
1684;-0.19217391304347822;0.3683204887556275;False;133
1685;-0.19217391304347822;0.3683204887556275;False;133
1686;-0.19217391304347822;0.3683204887556275;False;133
1687;-0.19217391304347822;0.3683204887556275;False;133
1688;-0.19217391304347822;0.3683204887556275;False;133
1689;-0.19217391304347822;0.3683204887556275;False;133
1690;-0.19217391304347822;0.3683204887556275;False;134
1691;-0.19130434782608693;0.3705328066699431;False;134
1692;-0.19130434782608693;0.3705328066699431;False;134
1693;-0.19130434782608693;0.3705328066699431;False;134
1694;-0.19130434782608693;0.3705328066699431;False;134
1695;-0.2008695652173913;0.3466205027349788;False;134
1696;-0.2008695652173913;0.3466205027349788;False;134
1697;-0.2008695652173913;0.3466205027349788;False;134
1698;-0.2008695652173913;0.3466205027349788;False;134
1699;-0.2008695652173913;0.3466205027349788;False;134
1700;-0.2008695652173913;0.3466205027349788;False;135
1701;-0.2008695652173913;0.3466205027349788;False;135
1702;-0.2008695652173913;0.3466205027349788;False;135
1703;-0.2008695652173913;0.3466205027349788;False;135
1704;-0.2008695652173913;0.3466205027349788;False;135
1705;-0.2008695652173913;0.3466205027349788;False;135
1706;-0.21652173913043476;0.30951989756230047;False;135
1707;-0.21652173913043476;0.30951989756230047;False;135
1708;-0.21652173913043476;0.30951989756230047;False;135
1709;-0.21391304347826084;0.3155271306915456;False;135
1710;-0.21391304347826084;0.3155271306915456;False;136
1711;-0.21391304347826084;0.3155271306915456;False;136
1712;-0.21391304347826084;0.3155271306915456;False;136
1713;-0.21391304347826084;0.3155271306915456;False;136
1714;-0.21391304347826084;0.3155271306915456;False;136
1715;-0.21391304347826084;0.3155271306915456;False;136
1716;-0.21391304347826084;0.3155271306915456;False;136
1717;-0.21391304347826084;0.3155271306915456;False;136
1718;-0.21391304347826084;0.3155271306915456;False;136
1719;-0.21391304347826084;0.3155271306915456;False;136
1720;-0.21391304347826084;0.3155271306915456;False;137
1721;-0.21391304347826084;0.3155271306915456;False;137
1722;-0.21391304347826084;0.3155271306915456;False;137
1723;-0.21391304347826084;0.3155271306915456;False;137
1724;-0.21391304347826084;0.3155271306915456;False;137
1725;-0.21391304347826084;0.3155271306915456;False;137
1726;-0.21391304347826084;0.3155271306915456;False;137
1727;-0.21739130434782608;0.30753321054890714;False;137
1728;-0.21739130434782608;0.30753321054890714;False;137
1729;-0.21739130434782608;0.30753321054890714;False;137
1730;-0.21739130434782608;0.30753321054890714;False;138
1731;-0.21739130434782608;0.30753321054890714;False;138
1732;-0.21739130434782608;0.30753321054890714;False;138
1733;-0.23391304347826083;0.27128359982868233;False;138
1734;-0.23391304347826083;0.27128359982868233;False;138
1735;-0.23391304347826083;0.27128359982868233;False;138
1736;-0.23043478260869563;0.2786784424049889;False;138
1737;-0.23043478260869563;0.2786784424049889;False;138
1738;-0.23043478260869563;0.2786784424049889;False;138
1739;-0.22608695652173913;0.2880995376657831;False;138
1740;-0.22608695652173913;0.2880995376657831;False;139
1741;-0.22608695652173913;0.2880995376657831;False;139
1742;-0.2226086956521739;0.295778422534422;False;139
1743;-0.2226086956521739;0.295778422534422;False;139
1744;-0.21043478260869564;0.32364668696950194;False;139
1745;-0.21043478260869564;0.32364668696950194;False;139
1746;-0.21043478260869564;0.32364668696950194;False;139
1747;-0.21043478260869564;0.32364668696950194;False;139
1748;-0.21043478260869564;0.32364668696950194;False;139
1749;-0.2008695652173913;0.3466205027349788;False;139
1750;-0.2008695652173913;0.3466205027349788;False;140
1751;-0.2008695652173913;0.3466205027349788;False;140
1752;-0.2008695652173913;0.3466205027349788;False;140
1753;-0.2008695652173913;0.3466205027349788;False;140
1754;-0.19304347826086957;0.36611583497113986;False;140
1755;-0.1782608695652174;0.404629262071875;False;140
1756;-0.1782608695652174;0.404629262071875;False;140
1757;-0.1782608695652174;0.404629262071875;False;140
1758;-0.1782608695652174;0.404629262071875;False;140
1759;-0.1782608695652174;0.404629262071875;False;140
1760;-0.17391304347826084;0.41636999529355617;False;141
1761;-0.17391304347826084;0.41636999529355617;False;141
1762;-0.16260869565217392;0.44775415138241537;False;141
1763;-0.16260869565217392;0.44775415138241537;False;141
1764;-0.16260869565217392;0.44775415138241537;False;141
1765;-0.16260869565217392;0.44775415138241537;False;141
1766;-0.17304347826086955;0.4187403495722348;False;141
1767;-0.17304347826086955;0.4187403495722348;False;141
1768;-0.17304347826086955;0.4187403495722348;False;141
1769;-0.17304347826086955;0.4187403495722348;False;141
1770;-0.17304347826086955;0.4187403495722348;False;142
1771;-0.17304347826086955;0.4187403495722348;False;142
1772;-0.17304347826086955;0.4187403495722348;False;142
1773;-0.17304347826086955;0.4187403495722348;False;142
1774;-0.17217391304347823;0.42111806892778636;False;142
1775;-0.17217391304347823;0.42111806892778636;False;142
1776;-0.17217391304347823;0.42111806892778636;False;142
1777;-0.17217391304347823;0.42111806892778636;False;142
1778;-0.17217391304347823;0.42111806892778636;False;142
1779;-0.16260869565217392;0.44775415138241537;False;142
1780;-0.16260869565217392;0.44775415138241537;False;143
1781;-0.16260869565217392;0.44775415138241537;False;143
1782;-0.1695652173913043;0.4282952504035892;False;143
1783;-0.1678260869565217;0.4331165526494356;False;143
1784;-0.1678260869565217;0.4331165526494356;False;143
1785;-0.1678260869565217;0.4331165526494356;False;143
1786;-0.1678260869565217;0.4331165526494356;False;143
1787;-0.1678260869565217;0.4331165526494356;False;143
1788;-0.1695652173913043;0.4282952504035892;False;143
1789;-0.1695652173913043;0.4282952504035892;False;143
1790;-0.1695652173913043;0.4282952504035892;False;144
1791;-0.1695652173913043;0.4282952504035892;False;144
1792;-0.16347826086956518;0.44529656704260734;False;144
1793;-0.16347826086956518;0.44529656704260734;False;144
1794;-0.16347826086956518;0.44529656704260734;False;144
1795;-0.16347826086956518;0.44529656704260734;False;144
1796;-0.16347826086956518;0.44529656704260734;False;144
1797;-0.16347826086956518;0.44529656704260734;False;144
1798;-0.16347826086956518;0.44529656704260734;False;144
1799;-0.16347826086956518;0.44529656704260734;False;144
1800;-0.16347826086956518;0.44529656704260734;False;145
1801;-0.16347826086956518;0.44529656704260734;False;145
1802;-0.16347826086956518;0.44529656704260734;False;145
1803;-0.16347826086956518;0.44529656704260734;False;145
1804;-0.16347826086956518;0.44529656704260734;False;145
1805;-0.1678260869565217;0.4331165526494356;False;145
1806;-0.1678260869565217;0.4331165526494356;False;145
1807;-0.1678260869565217;0.4331165526494356;False;145
1808;-0.16347826086956518;0.44529656704260734;False;145
1809;-0.16347826086956518;0.44529656704260734;False;145
1810;-0.1678260869565217;0.4331165526494356;False;146
1811;-0.16260869565217392;0.44775415138241537;False;146
1812;-0.16260869565217392;0.44775415138241537;False;146
1813;-0.16260869565217392;0.44775415138241537;False;146
1814;-0.16260869565217392;0.44775415138241537;False;146
1815;-0.15478260869565216;0.4701917070737501;False;146
1816;-0.15478260869565216;0.4701917070737501;False;146
1817;-0.15478260869565216;0.4701917070737501;False;146
1818;-0.15478260869565216;0.4701917070737501;False;146
1819;-0.15478260869565216;0.4701917070737501;False;146
1820;-0.15478260869565216;0.4701917070737501;False;147
1821;-0.15478260869565216;0.4701917070737501;False;147
1822;-0.15478260869565216;0.4701917070737501;False;147
1823;-0.15478260869565216;0.4701917070737501;False;147
1824;-0.15478260869565216;0.4701917070737501;False;147
1825;-0.14260869565217388;0.5062092339528541;False;147
1826;-0.13217391304347825;0.5381181783911483;False;147
1827;-0.13217391304347825;0.5381181783911483;False;147
1828;-0.13826086956521738;0.5193911494591461;False;147
1829;-0.13826086956521738;0.5193911494591461;False;147
1830;-0.13826086956521738;0.5193911494591461;False;148
1831;-0.11826086956521738;0.5820677933682574;False;148
1832;-0.1243478260869565;0.5626487416883165;False;148
1833;-0.12782608695652173;0.5516845044816037;False;148
1834;-0.12782608695652173;0.5516845044816037;False;148
1835;-0.10956521739130433;0.610301978528463;False;148
1836;-0.10956521739130433;0.610301978528463;False;148
1837;-0.11130434782608695;0.6046100724044845;False;148
1838;-0.11130434782608695;0.6046100724044845;False;148
1839;-0.11130434782608695;0.6046100724044845;False;148
1840;-0.11130434782608695;0.6046100724044845;False;149
1841;-0.11130434782608695;0.6046100724044845;False;149
1842;-0.11913043478260868;0.5792759020081251;False;149
1843;-0.11913043478260868;0.5792759020081251;False;149
1844;-0.11913043478260868;0.5792759020081251;False;149
1845;-0.11913043478260868;0.5792759020081251;False;149
1846;-0.11913043478260868;0.5792759020081251;False;149
1847;-0.11913043478260868;0.5792759020081251;False;149
1848;-0.11913043478260868;0.5792759020081251;False;149
1849;-0.11913043478260868;0.5792759020081251;False;149
1850;-0.11913043478260868;0.5792759020081251;False;150
1851;-0.11913043478260868;0.5792759020081251;False;150
1852;-0.11913043478260868;0.5792759020081251;False;150
1853;-0.12;0.5764898720889466;False;150
1854;-0.12;0.5764898720889466;False;150
1855;-0.13043478260869562;0.5435259752175853;False;150
1856;-0.12;0.5764898720889466;False;150
1857;-0.12;0.5764898720889466;False;150
1858;-0.11826086956521738;0.5820677933682574;False;150
1859;-0.11739130434782606;0.5848655143600633;False;150
1860;-0.11130434782608695;0.6046100724044845;False;151
1861;-0.11130434782608695;0.6046100724044845;False;151
1862;-0.11913043478260868;0.5792759020081251;False;151
1863;-0.11913043478260868;0.5792759020081251;False;151
1864;-0.13304347826086957;0.5354237325436197;False;151
1865;-0.11652173913043477;0.5876690329511151;False;151
1866;-0.11652173913043477;0.5876690329511151;False;151
1867;-0.11652173913043477;0.5876690329511151;False;151
1868;-0.12608695652173912;0.5571544076689685;False;151
1869;-0.12608695652173912;0.5571544076689685;False;151
1870;-0.12347826086956522;0.5654049951421966;False;152
1871;-0.12347826086956522;0.5654049951421966;False;152
1872;-0.11217391304347826;0.6017724532672231;False;152
1873;-0.12347826086956522;0.5654049951421966;False;152
1874;-0.1217391304347826;0.5709355226889167;False;152
1875;-0.11652173913043477;0.5876690329511151;False;152
1876;-0.10173913043478258;0.6361837822056855;False;152
1877;-0.13043478260869562;0.5435259752175853;False;152
1878;-0.13043478260869562;0.5435259752175853;False;152
1879;-0.13999999999999999;0.5140986909290426;False;152
1880;-0.10086956521739131;0.639085931909078;False;153
1881;-0.10086956521739131;0.639085931909078;False;153
1882;-0.08956521739130434;0.6772689468428974;False;153
1883;-0.09217391304347824;0.6683845191595216;False;153
1884;-0.07913043478260869;0.7132155791016114;False;153
1885;-0.07913043478260869;0.7132155791016114;False;153
1886;-0.08434782608695651;0.69516260313585;False;153
1887;-0.10173913043478258;0.6361837822056855;False;153
1888;-0.10173913043478258;0.6361837822056855;False;153
1889;-0.10434782608695652;0.6275085807240485;False;153
1890;-0.10782608695652172;0.6160158821815657;False;154
1891;-0.11304347826086956;0.5989404349055967;False;154
1892;-0.11304347826086956;0.5989404349055967;False;154
1893;-0.11130434782608695;0.6046100724044845;False;154
1894;-0.10434782608695652;0.6275085807240485;False;154
1895;-0.10434782608695652;0.6275085807240485;False;154
1896;-0.10434782608695652;0.6275085807240485;False;154
1897;-0.10434782608695652;0.6275085807240485;False;154
1898;-0.09739130434782609;0.6507456469889165;False;154
1899;-0.09826086956521737;0.6478231237133649;False;154
1900;-0.09304347826086956;0.6654325452454303;False;155
1901;-0.1060869565217391;0.6217515088671185;False;155
1902;-0.09826086956521737;0.6478231237133649;False;155
1903;-0.09826086956521737;0.6478231237133649;False;155
1904;-0.08173913043478259;0.7041697144360881;False;155
1905;-0.08173913043478259;0.7041697144360881;False;155
1906;-0.08173913043478259;0.7041697144360881;False;155
1907;-0.08173913043478259;0.7041697144360881;False;155
1908;-0.09652173913043478;0.6536731719946907;False;155
1909;-0.09652173913043478;0.6536731719946907;False;155
1910;-0.09652173913043478;0.6536731719946907;False;156
1911;-0.09913043478260869;0.644905639030735;False;156
1912;-0.09826086956521737;0.6478231237133649;False;156
1913;-0.09826086956521737;0.6478231237133649;False;156
1914;-0.09826086956521737;0.6478231237133649;False;156
1915;-0.09826086956521737;0.6478231237133649;False;156
1916;-0.10173913043478258;0.6361837822056855;False;156
1917;-0.10173913043478258;0.6361837822056855;False;156
1918;-0.11826086956521738;0.5820677933682574;False;156
1919;-0.11826086956521738;0.5820677933682574;False;156
1920;-0.11826086956521738;0.5820677933682574;False;157
1921;-0.13043478260869562;0.5435259752175853;False;157
1922;-0.13043478260869562;0.5435259752175853;False;157
1923;-0.13043478260869562;0.5435259752175853;False;157
1924;-0.13043478260869562;0.5435259752175853;False;157
1925;-0.13217391304347825;0.5381181783911483;False;157
1926;-0.13217391304347825;0.5381181783911483;False;157
1927;-0.13217391304347825;0.5381181783911483;False;157
1928;-0.13217391304347825;0.5381181783911483;False;157
1929;-0.13217391304347825;0.5381181783911483;False;157
1930;-0.13217391304347825;0.5381181783911483;False;158
1931;-0.13217391304347825;0.5381181783911483;False;158
1932;-0.13217391304347825;0.5381181783911483;False;158
1933;-0.15217391304347824;0.47779698719030994;False;158
1934;-0.15217391304347824;0.47779698719030994;False;158
1935;-0.15217391304347824;0.47779698719030994;False;158
1936;-0.15217391304347824;0.47779698719030994;False;158
1937;-0.15217391304347824;0.47779698719030994;False;158
1938;-0.14608695652173911;0.4957829296843137;False;158
1939;-0.14869565217391303;0.48803379955072473;False;158
1940;-0.14869565217391303;0.48803379955072473;False;159
1941;-0.14869565217391303;0.48803379955072473;False;159
1942;-0.15130434782608695;0.4803459029793672;False;159
1943;-0.15130434782608695;0.4803459029793672;False;159
1944;-0.15130434782608695;0.4803459029793672;False;159
1945;-0.15130434782608695;0.4803459029793672;False;159
1946;-0.15043478260869564;0.4829016923237182;False;159
1947;-0.15043478260869564;0.4829016923237182;False;159
1948;-0.15043478260869564;0.4829016923237182;False;159
1949;-0.15043478260869564;0.4829016923237182;False;159
1950;-0.15391304347826085;0.4727198668976153;False;160
1951;-0.15391304347826085;0.4727198668976153;False;160
1952;-0.15391304347826085;0.4727198668976153;False;160
1953;-0.15391304347826085;0.4727198668976153;False;160
1954;-0.15391304347826085;0.4727198668976153;False;160
1955;-0.16086956521739126;0.4526907477656741;False;160
1956;-0.16;0.455169720215426;False;160
1957;-0.16;0.455169720215426;False;160
1958;-0.16;0.455169720215426;False;160
1959;-0.16;0.455169720215426;False;160
1960;-0.16;0.455169720215426;False;161
1961;-0.17391304347826084;0.41636999529355617;False;161
1962;-0.17391304347826084;0.41636999529355617;False;161
1963;-0.1782608695652174;0.404629262071875;False;161
1964;-0.1782608695652174;0.404629262071875;False;161
1965;-0.1782608695652174;0.404629262071875;False;161
1966;-0.1826086956521739;0.39307499311229416;False;161
1967;-0.1826086956521739;0.39307499311229416;False;161
1968;-0.1826086956521739;0.39307499311229416;False;161
1969;-0.1826086956521739;0.39307499311229416;False;161
1970;-0.2078260869565217;0.32981861780551774;False;162
1971;-0.2078260869565217;0.32981861780551774;False;162
1972;-0.2078260869565217;0.32981861780551774;False;162
1973;-0.2078260869565217;0.32981861780551774;False;162
1974;-0.2078260869565217;0.32981861780551774;False;162
1975;-0.2078260869565217;0.32981861780551774;False;162
1976;-0.2078260869565217;0.32981861780551774;False;162
1977;-0.2078260869565217;0.32981861780551774;False;162
1978;-0.2078260869565217;0.32981861780551774;False;162
1979;-0.2078260869565217;0.32981861780551774;False;162
1980;-0.2078260869565217;0.32981861780551774;False;163
1981;-0.2078260869565217;0.32981861780551774;False;163
1982;-0.2078260869565217;0.32981861780551774;False;163
1983;-0.2078260869565217;0.32981861780551774;False;163
1984;-0.2078260869565217;0.32981861780551774;False;163
1985;-0.2078260869565217;0.32981861780551774;False;163
1986;-0.2078260869565217;0.32981861780551774;False;163
1987;-0.2069565217391304;0.33189156768314726;False;163
1988;-0.2069565217391304;0.33189156768314726;False;163
1989;-0.2069565217391304;0.33189156768314726;False;163
1990;-0.2069565217391304;0.33189156768314726;False;164
1991;-0.2069565217391304;0.33189156768314726;False;164
1992;-0.2069565217391304;0.33189156768314726;False;164
1993;-0.19913043478260867;0.3508987130768878;False;164
1994;-0.19913043478260867;0.3508987130768878;False;164
1995;-0.19913043478260867;0.3508987130768878;False;164
1996;-0.19913043478260867;0.3508987130768878;False;164
1997;-0.19652173913043475;0.35737406951590367;False;164
1998;-0.19652173913043475;0.35737406951590367;False;164
1999;-0.19652173913043475;0.35737406951590367;False;164
2000;-0.19652173913043475;0.35737406951590367;False;165
2001;-0.19652173913043475;0.35737406951590367;False;165
2002;-0.19652173913043475;0.35737406951590367;False;165
2003;-0.19652173913043475;0.35737406951590367;False;165
2004;-0.19652173913043475;0.35737406951590367;False;165
2005;-0.19652173913043475;0.35737406951590367;False;165
2006;-0.19652173913043475;0.35737406951590367;False;165
2007;-0.19652173913043475;0.35737406951590367;False;165
2008;-0.21304347826086956;0.317545252451291;False;165
2009;-0.21739130434782608;0.30753321054890714;False;165
2010;-0.21739130434782608;0.30753321054890714;False;166
2011;-0.21739130434782608;0.30753321054890714;False;166
2012;-0.21739130434782608;0.30753321054890714;False;166
2013;-0.21739130434782608;0.30753321054890714;False;166
2014;-0.21739130434782608;0.30753321054890714;False;166
2015;-0.21739130434782608;0.30753321054890714;False;166
2016;-0.21739130434782608;0.30753321054890714;False;166
2017;-0.23043478260869563;0.2786784424049889;False;166
2018;-0.23043478260869563;0.2786784424049889;False;166
2019;-0.23043478260869563;0.2786784424049889;False;166
2020;-0.23043478260869563;0.2786784424049889;False;167
2021;-0.24608695652173912;0.24639464844484835;False;167
2022;-0.24608695652173912;0.24639464844484835;False;167
2023;-0.24608695652173912;0.24639464844484835;False;167
2024;-0.24608695652173912;0.24639464844484835;False;167
2025;-0.24608695652173912;0.24639464844484835;False;167
2026;-0.24608695652173912;0.24639464844484835;False;167
2027;-0.24608695652173912;0.24639464844484835;False;167
2028;-0.24608695652173912;0.24639464844484835;False;167
2029;-0.24608695652173912;0.24639464844484835;False;167
2030;-0.2452173913043478;0.24812129907550173;False;168
2031;-0.2452173913043478;0.24812129907550173;False;168
2032;-0.2452173913043478;0.24812129907550173;False;168
2033;-0.24695652173913044;0.24467584594576178;False;168
2034;-0.24695652173913044;0.24467584594576178;False;168
2035;-0.24695652173913044;0.24467584594576178;False;168
2036;-0.24695652173913044;0.24467584594576178;False;168
2037;-0.25217391304347825;0.23452757092161952;False;168
2038;-0.23913043478260865;0.2604279368029269;False;168
2039;-0.24;0.25864624054600843;False;168
2040;-0.24;0.25864624054600843;False;169
2041;-0.24;0.25864624054600843;False;169
2042;-0.25304347826086954;0.23286356530495433;False;169
2043;-0.25304347826086954;0.23286356530495433;False;169
2044;-0.25304347826086954;0.23286356530495433;False;169
2045;-0.2478260869565217;0.24296488702038951;False;169
2046;-0.2478260869565217;0.24296488702038951;False;169
2047;-0.2478260869565217;0.24296488702038951;False;169
2048;-0.2478260869565217;0.24296488702038951;False;169
2049;-0.2478260869565217;0.24296488702038951;False;169
2050;-0.2478260869565217;0.24296488702038951;False;170
2051;-0.2478260869565217;0.24296488702038951;False;170
2052;-0.2478260869565217;0.24296488702038951;False;170
2053;-0.2478260869565217;0.24296488702038951;False;170
2054;-0.2478260869565217;0.24296488702038951;False;170
2055;-0.2478260869565217;0.24296488702038951;False;170
2056;-0.2434782608695652;0.25159816184284295;False;170
2057;-0.24;0.25864624054600843;False;170
2058;-0.24;0.25864624054600843;False;170
2059;-0.24;0.25864624054600843;False;170
2060;-0.24;0.25864624054600843;False;171
2061;-0.24;0.25864624054600843;False;171
2062;-0.24;0.25864624054600843;False;171
2063;-0.22434782608695653;0.2919232059452401;False;171
2064;-0.22434782608695653;0.2919232059452401;False;171
2065;-0.22434782608695653;0.2919232059452401;False;171
2066;-0.23043478260869563;0.2786784424049889;False;171
2067;-0.23043478260869563;0.2786784424049889;False;171
2068;-0.23043478260869563;0.2786784424049889;False;171
2069;-0.23043478260869563;0.2786784424049889;False;171
2070;-0.21391304347826084;0.3155271306915456;False;172
2071;-0.21391304347826084;0.3155271306915456;False;172
2072;-0.21391304347826084;0.3155271306915456;False;172
2073;-0.21391304347826084;0.3155271306915456;False;172
2074;-0.21391304347826084;0.3155271306915456;False;172
2075;-0.21391304347826084;0.3155271306915456;False;172
2076;-0.21391304347826084;0.3155271306915456;False;172
2077;-0.21391304347826084;0.3155271306915456;False;172
2078;-0.21391304347826084;0.3155271306915456;False;172
2079;-0.21391304347826084;0.3155271306915456;False;172
2080;-0.21043478260869564;0.32364668696950194;False;173
2081;-0.21043478260869564;0.32364668696950194;False;173
2082;-0.20608695652173914;0.3339723271430129;False;173
2083;-0.20869565217391303;0.32775348376704777;False;173
2084;-0.20869565217391303;0.32775348376704777;False;173
2085;-0.20869565217391303;0.32775348376704777;False;173
2086;-0.20869565217391303;0.32775348376704777;False;173
2087;-0.20869565217391303;0.32775348376704777;False;173
2088;-0.20869565217391303;0.32775348376704777;False;173
2089;-0.20869565217391303;0.32775348376704777;False;173
2090;-0.21739130434782608;0.30753321054890714;False;174
2091;-0.21739130434782608;0.30753321054890714;False;174
2092;-0.21739130434782608;0.30753321054890714;False;174
2093;-0.21739130434782608;0.30753321054890714;False;174
2094;-0.21739130434782608;0.30753321054890714;False;174
2095;-0.20347826086956516;0.3402613966398865;False;174
2096;-0.20347826086956516;0.3402613966398865;False;174
2097;-0.20347826086956516;0.3402613966398865;False;174
2098;-0.20347826086956516;0.3402613966398865;False;174
2099;-0.20434782608695648;0.338157248513176;False;174
2100;-0.20434782608695648;0.338157248513176;False;175
2101;-0.20434782608695648;0.338157248513176;False;175
2102;-0.20434782608695648;0.338157248513176;False;175
2103;-0.20434782608695648;0.338157248513176;False;175
2104;-0.20434782608695648;0.338157248513176;False;175
2105;-0.20434782608695648;0.338157248513176;False;175
2106;-0.1878260869565217;0.3794584983173827;False;175
2107;-0.1878260869565217;0.3794584983173827;False;175
2108;-0.1878260869565217;0.3794584983173827;False;175
2109;-0.1878260869565217;0.3794584983173827;False;175
2110;-0.1878260869565217;0.3794584983173827;False;176
2111;-0.1878260869565217;0.3794584983173827;False;176
2112;-0.1878260869565217;0.3794584983173827;False;176
2113;-0.17739130434782607;0.40696255139715676;False;176
2114;-0.17739130434782607;0.40696255139715676;False;176
2115;-0.18347826086956517;0.3907866745462584;False;176
2116;-0.18347826086956517;0.3907866745462584;False;176
2117;-0.18347826086956517;0.3907866745462584;False;176
2118;-0.18347826086956517;0.3907866745462584;False;176
2119;-0.18347826086956517;0.3907866745462584;False;176
2120;-0.18347826086956517;0.3907866745462584;False;177
2121;-0.18347826086956517;0.3907866745462584;False;177
2122;-0.18347826086956517;0.3907866745462584;False;177
2123;-0.18608695652173912;0.38396703397174836;False;177
2124;-0.19913043478260867;0.3508987130768878;False;177
2125;-0.19913043478260867;0.3508987130768878;False;177
2126;-0.19913043478260867;0.3508987130768878;False;177
2127;-0.20608695652173914;0.3339723271430129;False;177
2128;-0.20608695652173914;0.3339723271430129;False;177
2129;-0.20608695652173914;0.3339723271430129;False;177
2130;-0.20608695652173914;0.3339723271430129;False;178
2131;-0.20608695652173914;0.3339723271430129;False;178
2132;-0.20608695652173914;0.3339723271430129;False;178
2133;-0.20608695652173914;0.3339723271430129;False;178
2134;-0.1973913043478261;0.35520789041081785;False;178
2135;-0.1973913043478261;0.35520789041081785;False;178
2136;-0.1973913043478261;0.35520789041081785;False;178
2137;-0.19130434782608693;0.3705328066699431;False;178
2138;-0.19130434782608693;0.3705328066699431;False;178
2139;-0.1973913043478261;0.35520789041081785;False;178
2140;-0.19130434782608693;0.3705328066699431;False;179
2141;-0.19130434782608693;0.3705328066699431;False;179
2142;-0.19130434782608693;0.3705328066699431;False;179
2143;-0.19130434782608693;0.3705328066699431;False;179
2144;-0.19130434782608693;0.3705328066699431;False;179
2145;-0.19130434782608693;0.3705328066699431;False;179
2146;-0.19130434782608693;0.3705328066699431;False;179
2147;-0.19130434782608693;0.3705328066699431;False;179
2148;-0.19478260869565217;0.36172956198490885;False;179
2149;-0.19304347826086957;0.36611583497113986;False;179
2150;-0.19304347826086957;0.36611583497113986;False;180
2151;-0.19391304347826085;0.3639188559293712;False;180
2152;-0.19391304347826085;0.3639188559293712;False;180
2153;-0.20434782608695648;0.338157248513176;False;180
2154;-0.20434782608695648;0.338157248513176;False;180
2155;-0.20434782608695648;0.338157248513176;False;180
2156;-0.20434782608695648;0.338157248513176;False;180
2157;-0.20434782608695648;0.338157248513176;False;180
2158;-0.20434782608695648;0.338157248513176;False;180
2159;-0.20434782608695648;0.338157248513176;False;180
2160;-0.20434782608695648;0.338157248513176;False;181
2161;-0.20434782608695648;0.338157248513176;False;181
2162;-0.20434782608695648;0.338157248513176;False;181
2163;-0.20434782608695648;0.338157248513176;False;181
2164;-0.20434782608695648;0.338157248513176;False;181
2165;-0.20173913043478262;0.34449303140739784;False;181
2166;-0.2078260869565217;0.32981861780551774;False;181
2167;-0.2078260869565217;0.32981861780551774;False;181
2168;-0.2078260869565217;0.32981861780551774;False;181
2169;-0.2078260869565217;0.32981861780551774;False;181
2170;-0.2078260869565217;0.32981861780551774;False;182
2171;-0.2078260869565217;0.32981861780551774;False;182
2172;-0.2078260869565217;0.32981861780551774;False;182
2173;-0.2078260869565217;0.32981861780551774;False;182
2174;-0.2078260869565217;0.32981861780551774;False;182
2175;-0.2208695652173913;0.29966517423017186;False;182
2176;-0.2208695652173913;0.29966517423017186;False;182
2177;-0.2208695652173913;0.29966517423017186;False;182
2178;-0.2208695652173913;0.29966517423017186;False;182
2179;-0.2208695652173913;0.29966517423017186;False;182
2180;-0.2208695652173913;0.29966517423017186;False;183
2181;-0.2208695652173913;0.29966517423017186;False;183
2182;-0.2208695652173913;0.29966517423017186;False;183
2183;-0.2208695652173913;0.29966517423017186;False;183
2184;-0.21391304347826084;0.3155271306915456;False;183
2185;-0.22434782608695653;0.2919232059452401;False;183
2186;-0.22434782608695653;0.2919232059452401;False;183
2187;-0.22434782608695653;0.2919232059452401;False;183
2188;-0.22434782608695653;0.2919232059452401;False;183
2189;-0.22434782608695653;0.2919232059452401;False;183
2190;-0.22434782608695653;0.2919232059452401;False;184
2191;-0.22347826086956518;0.2938468714348544;False;184
2192;-0.22347826086956518;0.2938468714348544;False;184
2193;-0.22347826086956518;0.2938468714348544;False;184
2194;-0.22608695652173913;0.2880995376657831;False;184
2195;-0.22608695652173913;0.2880995376657831;False;184
2196;-0.22608695652173913;0.2880995376657831;False;184
2197;-0.22608695652173913;0.2880995376657831;False;184
2198;-0.22608695652173913;0.2880995376657831;False;184
2199;-0.22608695652173913;0.2880995376657831;False;184
2200;-0.22608695652173913;0.2880995376657831;False;185
2201;-0.23043478260869563;0.2786784424049889;False;185
2202;-0.23043478260869563;0.2786784424049889;False;185
2203;-0.23043478260869563;0.2786784424049889;False;185
2204;-0.23043478260869563;0.2786784424049889;False;185
2205;-0.23043478260869563;0.2786784424049889;False;185
2206;-0.23043478260869563;0.2786784424049889;False;185
2207;-0.23043478260869563;0.2786784424049889;False;185
2208;-0.23043478260869563;0.2786784424049889;False;185
2209;-0.23043478260869563;0.2786784424049889;False;185
2210;-0.23043478260869563;0.2786784424049889;False;186
2211;-0.23043478260869563;0.2786784424049889;False;186
2212;-0.23043478260869563;0.2786784424049889;False;186
2213;-0.23043478260869563;0.2786784424049889;False;186
2214;-0.23043478260869563;0.2786784424049889;False;186
2215;-0.23043478260869563;0.2786784424049889;False;186
2216;-0.23043478260869563;0.2786784424049889;False;186
2217;-0.23043478260869563;0.2786784424049889;False;186
2218;-0.23043478260869563;0.2786784424049889;False;186
2219;-0.23043478260869563;0.2786784424049889;False;186
2220;-0.2295652173913043;0.28054687940936796;False;187
2221;-0.2295652173913043;0.28054687940936796;False;187
2222;-0.2295652173913043;0.28054687940936796;False;187
2223;-0.2295652173913043;0.28054687940936796;False;187
2224;-0.2295652173913043;0.28054687940936796;False;187
2225;-0.2295652173913043;0.28054687940936796;False;187
2226;-0.2295652173913043;0.28054687940936796;False;187
2227;-0.2226086956521739;0.295778422534422;False;187
2228;-0.2226086956521739;0.295778422534422;False;187
2229;-0.2226086956521739;0.295778422534422;False;187
2230;-0.2226086956521739;0.295778422534422;False;188
2231;-0.2226086956521739;0.295778422534422;False;188
2232;-0.2226086956521739;0.295778422534422;False;188
2233;-0.2226086956521739;0.295778422534422;False;188
2234;-0.2226086956521739;0.295778422534422;False;188
2235;-0.2226086956521739;0.295778422534422;False;188
2236;-0.2226086956521739;0.295778422534422;False;188
2237;-0.2226086956521739;0.295778422534422;False;188
2238;-0.2226086956521739;0.295778422534422;False;188
2239;-0.2226086956521739;0.295778422534422;False;188
2240;-0.2226086956521739;0.295778422534422;False;189
2241;-0.2226086956521739;0.295778422534422;False;189
2242;-0.22347826086956518;0.2938468714348544;False;189
2243;-0.22347826086956518;0.2938468714348544;False;189
2244;-0.22347826086956518;0.2938468714348544;False;189
2245;-0.22347826086956518;0.2938468714348544;False;189
2246;-0.22347826086956518;0.2938468714348544;False;189
2247;-0.22347826086956518;0.2938468714348544;False;189
2248;-0.22347826086956518;0.2938468714348544;False;189
2249;-0.22347826086956518;0.2938468714348544;False;189
2250;-0.2208695652173913;0.29966517423017186;False;190
2251;-0.22434782608695653;0.2919232059452401;False;190
2252;-0.22608695652173913;0.2880995376657831;False;190
2253;-0.21304347826086956;0.317545252451291;False;190
2254;-0.21304347826086956;0.317545252451291;False;190
2255;-0.21304347826086956;0.317545252451291;False;190
2256;-0.21304347826086956;0.317545252451291;False;190
2257;-0.19826086956521738;0.35304943524240406;False;190
2258;-0.19826086956521738;0.35304943524240406;False;190
2259;-0.19826086956521738;0.35304943524240406;False;190
2260;-0.2069565217391304;0.33189156768314726;False;191
2261;-0.2069565217391304;0.33189156768314726;False;191
2262;-0.2069565217391304;0.33189156768314726;False;191
2263;-0.2069565217391304;0.33189156768314726;False;191
2264;-0.2069565217391304;0.33189156768314726;False;191
2265;-0.2069565217391304;0.33189156768314726;False;191
2266;-0.21391304347826084;0.3155271306915456;False;191
2267;-0.21391304347826084;0.3155271306915456;False;191
2268;-0.21391304347826084;0.3155271306915456;False;191
2269;-0.2208695652173913;0.29966517423017186;False;191
2270;-0.2208695652173913;0.29966517423017186;False;192
2271;-0.2208695652173913;0.29966517423017186;False;192
2272;-0.2208695652173913;0.29966517423017186;False;192
2273;-0.2208695652173913;0.29966517423017186;False;192
2274;-0.2208695652173913;0.29966517423017186;False;192
2275;-0.2208695652173913;0.29966517423017186;False;192
2276;-0.2208695652173913;0.29966517423017186;False;192
2277;-0.21043478260869564;0.32364668696950194;False;192
2278;-0.20434782608695648;0.338157248513176;False;192
2279;-0.20434782608695648;0.338157248513176;False;192
2280;-0.20434782608695648;0.338157248513176;False;193
2281;-0.20434782608695648;0.338157248513176;False;193
2282;-0.20434782608695648;0.338157248513176;False;193
2283;-0.20434782608695648;0.338157248513176;False;193
2284;-0.20434782608695648;0.338157248513176;False;193
2285;-0.20434782608695648;0.338157248513176;False;193
2286;-0.1973913043478261;0.35520789041081785;False;193
2287;-0.1973913043478261;0.35520789041081785;False;193
2288;-0.1973913043478261;0.35520789041081785;False;193
2289;-0.1843478260869565;0.38850589974170086;False;193
2290;-0.1843478260869565;0.38850589974170086;False;194
2291;-0.2078260869565217;0.32981861780551774;False;194
2292;-0.2078260869565217;0.32981861780551774;False;194
2293;-0.1973913043478261;0.35520789041081785;False;194
2294;-0.1973913043478261;0.35520789041081785;False;194
2295;-0.1973913043478261;0.35520789041081785;False;194
2296;-0.1973913043478261;0.35520789041081785;False;194
2297;-0.18173913043478263;0.3953708419767238;False;194
2298;-0.18521739130434778;0.3862326819021753;False;194
2299;-0.19826086956521738;0.35304943524240406;False;194
2300;-0.19826086956521738;0.35304943524240406;False;195
2301;-0.18521739130434778;0.3862326819021753;False;195
2302;-0.18521739130434778;0.3862326819021753;False;195
2303;-0.18521739130434778;0.3862326819021753;False;195
2304;-0.18521739130434778;0.3862326819021753;False;195
2305;-0.18521739130434778;0.3862326819021753;False;195
2306;-0.18521739130434778;0.3862326819021753;False;195
2307;-0.18521739130434778;0.3862326819021753;False;195
2308;-0.18521739130434778;0.3862326819021753;False;195
2309;-0.17043478260869566;0.4258955363074479;False;195
2310;-0.17043478260869566;0.4258955363074479;False;196
2311;-0.17043478260869566;0.4258955363074479;False;196
2312;-0.17043478260869566;0.4258955363074479;False;196
2313;-0.17043478260869566;0.4258955363074479;False;196
2314;-0.16869565217391302;0.4307022617209813;False;196
2315;-0.16869565217391302;0.4307022617209813;False;196
2316;-0.16869565217391302;0.4307022617209813;False;196
2317;-0.16869565217391302;0.4307022617209813;False;196
2318;-0.16869565217391302;0.4307022617209813;False;196
2319;-0.16869565217391302;0.4307022617209813;False;196
2320;-0.16869565217391302;0.4307022617209813;False;197
2321;-0.16347826086956518;0.44529656704260734;False;197
2322;-0.16347826086956518;0.44529656704260734;False;197
2323;-0.16347826086956518;0.44529656704260734;False;197
2324;-0.16347826086956518;0.44529656704260734;False;197
2325;-0.16347826086956518;0.44529656704260734;False;197
2326;-0.16347826086956518;0.44529656704260734;False;197
2327;-0.16347826086956518;0.44529656704260734;False;197
2328;-0.16347826086956518;0.44529656704260734;False;197
2329;-0.16347826086956518;0.44529656704260734;False;197
2330;-0.16347826086956518;0.44529656704260734;False;198
2331;-0.16347826086956518;0.44529656704260734;False;198
2332;-0.16347826086956518;0.44529656704260734;False;198
2333;-0.16347826086956518;0.44529656704260734;False;198
2334;-0.16347826086956518;0.44529656704260734;False;198
2335;-0.16347826086956518;0.44529656704260734;False;198
2336;-0.16347826086956518;0.44529656704260734;False;198
2337;-0.16347826086956518;0.44529656704260734;False;198
2338;-0.16347826086956518;0.44529656704260734;False;198
2339;-0.16347826086956518;0.44529656704260734;False;198
2340;-0.16347826086956518;0.44529656704260734;False;199
2341;-0.16347826086956518;0.44529656704260734;False;199
2342;-0.16347826086956518;0.44529656704260734;False;199
2343;-0.16347826086956518;0.44529656704260734;False;199
2344;-0.16347826086956518;0.44529656704260734;False;199
2345;-0.17739130434782607;0.40696255139715676;False;199
2346;-0.17739130434782607;0.40696255139715676;False;199
2347;-0.17739130434782607;0.40696255139715676;False;199
2348;-0.17739130434782607;0.40696255139715676;False;199
2349;-0.17739130434782607;0.40696255139715676;False;199
2350;-0.17739130434782607;0.40696255139715676;False;200
2351;-0.17739130434782607;0.40696255139715676;False;200
2352;-0.17739130434782607;0.40696255139715676;False;200
2353;-0.16173913043478258;0.45021888484637085;False;200
2354;-0.16173913043478258;0.45021888484637085;False;200
2355;-0.16173913043478258;0.45021888484637085;False;200
2356;-0.16173913043478258;0.45021888484637085;False;200
2357;-0.16173913043478258;0.45021888484637085;False;200
2358;-0.16173913043478258;0.45021888484637085;False;200
2359;-0.16173913043478258;0.45021888484637085;False;200
2360;-0.16173913043478258;0.45021888484637085;False;201
2361;-0.16173913043478258;0.45021888484637085;False;201
2362;-0.1591304347826087;0.45765578201494644;False;201
2363;-0.1591304347826087;0.45765578201494644;False;201
2364;-0.1591304347826087;0.45765578201494644;False;201
2365;-0.1591304347826087;0.45765578201494644;False;201
2366;-0.1591304347826087;0.45765578201494644;False;201
2367;-0.1591304347826087;0.45765578201494644;False;201
2368;-0.1591304347826087;0.45765578201494644;False;201
2369;-0.1591304347826087;0.45765578201494644;False;201
2370;-0.15478260869565216;0.4701917070737501;False;202
2371;-0.15478260869565216;0.4701917070737501;False;202
2372;-0.1591304347826087;0.45765578201494644;False;202
2373;-0.15478260869565216;0.4701917070737501;False;202
2374;-0.15217391304347824;0.47779698719030994;False;202
2375;-0.15217391304347824;0.47779698719030994;False;202
2376;-0.15217391304347824;0.47779698719030994;False;202
2377;-0.15217391304347824;0.47779698719030994;False;202
2378;-0.15478260869565216;0.4701917070737501;False;202
2379;-0.15478260869565216;0.4701917070737501;False;202
2380;-0.15217391304347824;0.47779698719030994;False;203
2381;-0.1591304347826087;0.45765578201494644;False;203
2382;-0.1591304347826087;0.45765578201494644;False;203
2383;-0.1591304347826087;0.45765578201494644;False;203
2384;-0.15652173913043477;0.46515629787569085;False;203
2385;-0.15652173913043477;0.46515629787569085;False;203
2386;-0.15652173913043477;0.46515629787569085;False;203
2387;-0.15652173913043477;0.46515629787569085;False;203
2388;-0.15652173913043477;0.46515629787569085;False;203
2389;-0.1591304347826087;0.45765578201494644;False;203
2390;-0.1591304347826087;0.45765578201494644;False;204
2391;-0.1591304347826087;0.45765578201494644;False;204
2392;-0.1591304347826087;0.45765578201494644;False;204
2393;-0.1591304347826087;0.45765578201494644;False;204
2394;-0.16173913043478258;0.45021888484637085;False;204
2395;-0.16173913043478258;0.45021888484637085;False;204
2396;-0.15739130434782608;0.4626490916636769;False;204
2397;-0.15739130434782608;0.4626490916636769;False;204
2398;-0.15739130434782608;0.4626490916636769;False;204
2399;-0.15478260869565216;0.4701917070737501;False;204
2400;-0.1591304347826087;0.45765578201494644;False;205
2401;-0.1591304347826087;0.45765578201494644;False;205
2402;-0.1591304347826087;0.45765578201494644;False;205
2403;-0.1591304347826087;0.45765578201494644;False;205
2404;-0.16173913043478258;0.45021888484637085;False;205
2405;-0.16173913043478258;0.45021888484637085;False;205
2406;-0.16173913043478258;0.45021888484637085;False;205
2407;-0.16173913043478258;0.45021888484637085;False;205
2408;-0.14956521739130432;0.485464332254182;False;205
2409;-0.14956521739130432;0.485464332254182;False;205
2410;-0.16173913043478258;0.45021888484637085;False;206
2411;-0.16173913043478258;0.45021888484637085;False;206
2412;-0.1452173913043478;0.49837946924561144;False;206
2413;-0.1452173913043478;0.49837946924561144;False;206
2414;-0.1452173913043478;0.49837946924561144;False;206
2415;-0.14956521739130432;0.485464332254182;False;206
2416;-0.16173913043478258;0.45021888484637085;False;206
2417;-0.1643478260869565;0.4428461512393397;False;206
2418;-0.1643478260869565;0.4428461512393397;False;206
2419;-0.1643478260869565;0.4428461512393397;False;206
2420;-0.1643478260869565;0.4428461512393397;False;207
2421;-0.15217391304347824;0.47779698719030994;False;207
2422;-0.14782608695652172;0.4906100707429602;False;207
2423;-0.1434782608695652;0.5035926462175364;False;207
2424;-0.1434782608695652;0.5035926462175364;False;207
2425;-0.1434782608695652;0.5035926462175364;False;207
2426;-0.1434782608695652;0.5035926462175364;False;207
2427;-0.15565217391304348;0.4676705101638169;False;207
2428;-0.15565217391304348;0.4676705101638169;False;207
2429;-0.15565217391304348;0.4676705101638169;False;207
2430;-0.1434782608695652;0.5035926462175364;False;208
2431;-0.13043478260869562;0.5435259752175853;False;208
2432;-0.13043478260869562;0.5435259752175853;False;208
2433;-0.13043478260869562;0.5435259752175853;False;208
2434;-0.15565217391304348;0.4676705101638169;False;208
2435;-0.15565217391304348;0.4676705101638169;False;208
2436;-0.13043478260869562;0.5435259752175853;False;208
2437;-0.13043478260869562;0.5435259752175853;False;208
2438;-0.13043478260869562;0.5435259752175853;False;208
2439;-0.13043478260869562;0.5435259752175853;False;208
2440;-0.13043478260869562;0.5435259752175853;False;209
2441;-0.13043478260869562;0.5435259752175853;False;209
2442;-0.13478260869565215;0.530053886545385;False;209
2443;-0.13478260869565215;0.530053886545385;False;209
2444;-0.13478260869565215;0.530053886545385;False;209
2445;-0.13043478260869562;0.5435259752175853;False;209
2446;-0.13043478260869562;0.5435259752175853;False;209
2447;-0.13043478260869562;0.5435259752175853;False;209
2448;-0.13217391304347825;0.5381181783911483;False;209
2449;-0.12956521739130433;0.5462392692585831;False;209
2450;-0.12956521739130433;0.5462392692585831;False;210
2451;-0.13043478260869562;0.5435259752175853;False;210
2452;-0.12956521739130433;0.5462392692585831;False;210
2453;-0.12956521739130433;0.5462392692585831;False;210
2454;-0.12956521739130433;0.5462392692585831;False;210
2455;-0.12956521739130433;0.5462392692585831;False;210
2456;-0.13043478260869562;0.5435259752175853;False;210
2457;-0.13043478260869562;0.5435259752175853;False;210
2458;-0.12956521739130433;0.5462392692585831;False;210
2459;-0.12956521739130433;0.5462392692585831;False;210
2460;-0.13043478260869562;0.5435259752175853;False;211
2461;-0.13043478260869562;0.5435259752175853;False;211
2462;-0.12956521739130433;0.5462392692585831;False;211
2463;-0.12956521739130433;0.5462392692585831;False;211
2464;-0.12956521739130433;0.5462392692585831;False;211
2465;-0.12956521739130433;0.5462392692585831;False;211
2466;-0.12956521739130433;0.5462392692585831;False;211
2467;-0.12956521739130433;0.5462392692585831;False;211
2468;-0.13043478260869562;0.5435259752175853;False;211
2469;-0.13043478260869562;0.5435259752175853;False;211
2470;-0.13043478260869562;0.5435259752175853;False;212
2471;-0.13043478260869562;0.5435259752175853;False;212
2472;-0.13043478260869562;0.5435259752175853;False;212
2473;-0.13043478260869562;0.5435259752175853;False;212
2474;-0.13043478260869562;0.5435259752175853;False;212
2475;-0.14260869565217388;0.5062092339528541;False;212
2476;-0.12956521739130433;0.5462392692585831;False;212
2477;-0.12956521739130433;0.5462392692585831;False;212
2478;-0.13043478260869562;0.5435259752175853;False;212
2479;-0.13043478260869562;0.5435259752175853;False;212
2480;-0.14260869565217388;0.5062092339528541;False;213
2481;-0.14260869565217388;0.5062092339528541;False;213
2482;-0.13043478260869562;0.5435259752175853;False;213
2483;-0.13652173913043478;0.5247096194478429;False;213
2484;-0.13652173913043478;0.5247096194478429;False;213
2485;-0.11739130434782606;0.5848655143600633;False;213
2486;-0.1243478260869565;0.5626487416883165;False;213
2487;-0.13391304347826086;0.5327356259700111;False;213
2488;-0.13391304347826086;0.5327356259700111;False;213
2489;-0.1269565217391304;0.5544163873133455;False;213
2490;-0.1452173913043478;0.49837946924561144;False;214
2491;-0.14782608695652172;0.4906100707429602;False;214
2492;-0.13304347826086957;0.5354237325436197;False;214
2493;-0.13304347826086957;0.5354237325436197;False;214
2494;-0.13999999999999999;0.5140986909290426;False;214
2495;-0.13130434782608694;0.540818935399353;False;214
2496;-0.13565217391304346;0.5273785419058561;False;214
2497;-0.1391304347826087;0.5167416555162507;False;214
2498;-0.1469565217391304;0.49319312211066607;False;214
2499;-0.14869565217391303;0.48803379955072473;False;214
2500;-0.1452173913043478;0.49837946924561144;False;215
